hex,datetime,callsign,tail number,squawk,altitude,latitude,longitude,type,heading,ground speed,vertical rate,emergency,source
ae0811,2026-07-19 01:08:08.942286,IROC61,00-0175,2345,1875,19.718765,-154.935181,C-17A Globemaster,256,246,-192,False,adsb_icao
ae080e,2026-07-19 01:08:08.942305,RCH558,99-0168,5712,30800,60.309772,-145.124588,C-17A Globemaster,121,454,,False,adsb_icao
ae0679,2026-07-19 01:08:08.942313,RCH348,00-0174,3202,36000,46.871613,-124.055489,C-17A Globemaster,348,473,0,False,adsb_icao
ae0805,2026-07-19 01:08:08.942331,RCH404,99-0059,1451,38000,47.378429,-114.070641,C-17A Globemaster,261,368,0,False,mlat
ae58ac,2026-07-19 01:08:08.942338,UNK C/S,61-0029,7653,27000,34.745625,-107.19558,B-52H Stratofortress,96,498,0,False,mlat
ae2fad,2026-07-19 01:08:08.942343,RCH224,08-8201,Unavailable,32000,39.409,-102.406151,C-17A Globemaster,270,517,0,False,mlat
ae07d6,2026-07-19 01:08:08.942354,PITT57,92-3292,4030,36000,35.268719,-90.577835,C-17A Globemaster,241,446,,False,adsb_icao
ae0393,2026-07-19 01:08:08.942362,UNK C/S,63-8885,3730,2950,27.725243,-82.625,KC-135R Stratotanker,90,245,0,False,mlat
ae1236,2026-07-19 01:08:08.942367,RCH268,03-3125,2537,14300,32.977703,-81.097725,C-17A Globemaster,162,391,-1706,False,mlat
ae123a,2026-07-19 01:08:08.942370,RCH861,04-4128,0522,12175,39.638561,-76.471451,C-17A Globemaster,199,340,-1056,False,mlat
ae080f,2026-07-19 01:08:08.942375,RCH538,99-0169,7352,35975,40.861706,-72.603058,C-17A Globemaster,240,385,0,False,mlat
ae20c2,2026-07-19 01:08:08.942379,RCH535,07-7181,2462,36000,43.645065,-70.550644,C-17A Globemaster,200,406,0,False,mlat
ae07a5,2026-07-19 01:08:08.942383,UNK C/S,59-1471,6666,4675,44.980366,-69.40155,KC-135R Stratotanker,124,285,-2598,False,mlat
ae0588,2026-07-19 01:08:08.942387,RCH2009,87-0043,6251,33000,42.040638,-68.513199,C-5M Galaxy,,,0,False,mlat
477ff1,2026-07-19 01:08:08.942393,BRK48,01,7672,35000,54.336517,12.506769,C-17A Globemaster,118,443,32,False,adsb_icao
ae0808,2026-07-19 01:08:08.942397,RCH478,99-0062,7711,33000,47.024857,19.961206,C-17A Globemaster,134,470,0,False,mlat
ae1459,2026-07-19 01:08:08.942400,RCH209,06-6155,7703,29000,45.428902,22.043987,C-17A Globemaster,140,502,0,False,mode_s
ae0424,2026-07-19 01:08:08.942404,UNK C/S,60-0333,3421,29400,46.481281,24.818695,KC-135R Stratotanker,276,442,1792,False,mlat
4d03c2,2026-07-19 01:08:08.942409,NATO21,LX-N90444,6133,28950,45.837181,27.307123,E-3G AWACS,4,396,-32,False,mlat
ae026f,2026-07-19 01:08:08.942417,UNK C/S,63-8012,6134,22000,25.9,51.0,KC-135R Stratotanker,284,428,,False,mode_s
ae0159,2026-07-19 01:08:08.942423,UNK C/S,57-1512,7716,20975,31.9,35.4,KC-135R Stratotanker,179,372,64,False,mode_s
ae07f7,2026-07-19 01:08:08.942427,RCH727,97-0045,7432,35000,36.7,25.0,C-17A Globemaster,161,470,-64,False,mode_s
ae013f,2026-07-19 01:08:08.942433,UNK C/S,60-0358,2006,34975,47.1,-62.7,KC-135R Stratotanker,,,,False,mode_s
ae0811,2026-07-19 01:09:09.190706,IROC61,00-0175,2345,1850,19.720879,-155.007095,C-17A Globemaster,270,238,128,False,adsb_icao
ae080e,2026-07-19 01:09:09.190723,RCH558,99-0168,5712,31875,60.244183,-144.908783,C-17A Globemaster,121,449,,False,adsb_icao
ae0679,2026-07-19 01:09:09.190729,RCH348,00-0174,3202,35975,47.000908,-124.09269,C-17A Globemaster,348,469,0,False,adsb_icao
ae0805,2026-07-19 01:09:09.190738,RCH404,99-0059,1451,38000,47.368847,-114.212921,C-17A Globemaster,264,364,0,False,mlat
ae58ac,2026-07-19 01:09:09.190743,UNK C/S,61-0029,7653,27000,34.721233,-107.03051,B-52H Stratofortress,100,497,0,False,mlat
ae2fad,2026-07-19 01:09:09.190747,RCH224,08-8201,Unavailable,32000,39.413731,-102.597504,C-17A Globemaster,272,493,0,False,mlat
ae07d6,2026-07-19 01:09:09.190757,PITT57,92-3292,4030,36000,35.20903,-90.711029,C-17A Globemaster,241,445,,False,adsb_icao
ae0393,2026-07-19 01:09:09.190764,UNK C/S,63-8885,3730,2950,27.730213,-82.551582,KC-135R Stratotanker,74,217,24,False,mlat
ae1236,2026-07-19 01:09:09.190769,RCH268,03-3125,2537,12700,32.88142,-81.062645,C-17A Globemaster,165,354,-1525,False,mlat
ae1238,2026-07-19 01:09:09.190774,RCH692,03-3127,3017,1325,32.887947,-80.022568,C-17A Globemaster,103,159,,False,adsb_icao
ae123a,2026-07-19 01:09:09.190778,RCH861,04-4128,0522,11750,39.556232,-76.505318,C-17A Globemaster,198,293,-1050,False,mlat
ae080f,2026-07-19 01:09:09.190783,RCH538,99-0169,7352,36000,40.807396,-72.729942,C-17A Globemaster,241,381,0,False,mlat
ae20c2,2026-07-19 01:09:09.190787,RCH535,07-7181,2462,36000,43.541355,-70.619637,C-17A Globemaster,205,410,0,False,mlat
ae07a5,2026-07-19 01:09:09.190791,UNK C/S,59-1471,6666,4225,44.952301,-69.317322,KC-135R Stratotanker,116,254,-729,False,mlat
477ff1,2026-07-19 01:09:09.190797,BRK48,01,7672,35000,54.263809,12.676496,C-17A Globemaster,130,442,-96,False,adsb_icao
ae0808,2026-07-19 01:09:09.190801,RCH478,99-0062,7711,33000,46.934414,20.100134,C-17A Globemaster,134,469,0,False,mlat
ae0424,2026-07-19 01:09:09.190806,UNK C/S,60-0333,3421,31100,46.492622,24.660311,KC-135R Stratotanker,276,432,1280,False,mlat
4d03c2,2026-07-19 01:09:09.190810,NATO21,LX-N90444,6133,28975,45.940216,27.279696,E-3G AWACS,337,370,32,False,mlat
ae026f,2026-07-19 01:09:09.190818,UNK C/S,63-8012,6134,22025,25.9,51.0,KC-135R Stratotanker,199,422,-288,False,mode_s
ae1459,2026-07-19 01:09:09.190823,RCH209,06-6155,7703,29000,45.5,22.7,C-17A Globemaster,,,,False,mode_s
ae0588,2026-07-19 01:09:09.190827,RCH2009,87-0043,6251,33000,42.5,-69.6,C-5M Galaxy,,,,False,mode_s
ae117e,2026-07-19 01:09:09.190832,RCH725,02-1112,Unavailable,Unavailable,11.2,-67.8,C-17A Globemaster,,,,False,mode_s
ae0159,2026-07-19 01:09:09.190837,UNK C/S,57-1512,7716,21000,31.9,33.8,KC-135R Stratotanker,139,378,32,False,mode_s
ae07f7,2026-07-19 01:09:09.190841,RCH727,97-0045,7432,35000,36.6,24.8,C-17A Globemaster,161,470,-96,False,mode_s
ae013f,2026-07-19 01:09:09.190847,UNK C/S,60-0358,2006,34975,46.5,-62.7,KC-135R Stratotanker,,,,False,mode_s
ae0241,2026-07-19 01:09:09.190851,UNK C/S,63-8021,Unavailable,Unavailable,25.9,52.5,KC-135R Stratotanker,,,,False,mode_s
ae0811,2026-07-19 01:10:09.493896,IROC61,00-0175,2345,1875,19.743967,-155.041367,C-17A Globemaster,57,154,-192,False,adsb_icao
ae080e,2026-07-19 01:10:09.493914,RCH558,99-0168,5712,32775,60.179104,-144.696716,C-17A Globemaster,121,448,,False,adsb_icao
ae0679,2026-07-19 01:10:09.493919,RCH348,00-0174,3202,35975,47.127064,-124.129448,C-17A Globemaster,348,464,-64,False,adsb_icao
ae0805,2026-07-19 01:10:09.493928,RCH404,99-0059,1451,38000,47.36314,-114.34169,C-17A Globemaster,263,373,0,False,mlat
ae58ac,2026-07-19 01:10:09.493933,UNK C/S,61-0029,7653,27000,34.694233,-106.874435,B-52H Stratofortress,101,493,,False,mlat
ae2fad,2026-07-19 01:10:09.493937,RCH224,08-8201,Unavailable,32000,39.417122,-102.752693,C-17A Globemaster,271,508,0,False,mlat
ae07d6,2026-07-19 01:10:09.493948,PITT57,92-3292,4030,36000,35.149521,-90.843315,C-17A Globemaster,241,444,,False,adsb_icao
ae0393,2026-07-19 01:10:09.493955,UNK C/S,63-8885,3730,2950,27.761066,-82.493675,KC-135R Stratotanker,59,233,0,False,mlat
ae1236,2026-07-19 01:10:09.493960,RCH268,03-3125,2537,11475,32.790218,-81.028412,C-17A Globemaster,157,331,-1226,False,mlat
ae1238,2026-07-19 01:10:09.493964,RCH692,03-3127,3017,3000,32.903542,-79.955635,C-17A Globemaster,74,268,,False,adsb_icao
ae123a,2026-07-19 01:10:09.493968,RCH861,04-4128,0522,10300,39.478371,-76.537331,C-17A Globemaster,198,289,-1489,False,mlat
ae080f,2026-07-19 01:10:09.493973,RCH538,99-0169,7352,35975,40.753834,-72.83744,C-17A Globemaster,234,374,0,False,mlat
ae20c2,2026-07-19 01:10:09.493977,RCH535,07-7181,2462,36000,43.439354,-70.687912,C-17A Globemaster,206,409,0,False,mlat
ae07a5,2026-07-19 01:10:09.493982,UNK C/S,59-1471,6666,3500,44.953777,-69.218262,KC-135R Stratotanker,64,250,-998,False,mlat
ae0588,2026-07-19 01:10:09.493987,RCH2009,87-0043,6251,33000,42.280579,-68.182716,C-5M Galaxy,,,0,False,mlat
477ff1,2026-07-19 01:10:09.493993,BRK48,01,7672,35000,54.184158,12.837054,C-17A Globemaster,130,441,32,False,adsb_icao
ae0808,2026-07-19 01:10:09.493997,RCH478,99-0062,7711,33000,46.843548,20.239277,C-17A Globemaster,133,463,0,False,mlat
ae1459,2026-07-19 01:10:09.494001,RCH209,06-6155,7703,29000,45.171722,22.369495,C-17A Globemaster,136,458,0,False,mlat
ae0424,2026-07-19 01:10:09.494005,UNK C/S,60-0333,3421,33300,46.507774,24.456541,KC-135R Stratotanker,276,430,2048,False,mlat
4d03c2,2026-07-19 01:10:09.494009,NATO21,LX-N90444,6133,29025,46.019684,27.205339,E-3G AWACS,314,364,160,False,mlat
ae026f,2026-07-19 01:10:09.494018,UNK C/S,63-8012,6134,22000,25.8,55.3,KC-135R Stratotanker,166,414,32,False,mode_s
ae117e,2026-07-19 01:10:09.494023,RCH725,02-1112,3677,8100,11.2,-67.8,C-17A Globemaster,,,,False,mode_s
ae0159,2026-07-19 01:10:09.494028,UNK C/S,57-1512,7716,21000,31.8,33.7,KC-135R Stratotanker,139,380,0,False,mode_s
ae07f7,2026-07-19 01:10:09.494033,RCH727,97-0045,7432,35000,36.2,25.4,C-17A Globemaster,161,470,-32,False,mode_s
ae013f,2026-07-19 01:10:09.494038,UNK C/S,60-0358,2006,34975,46.4,-61.6,KC-135R Stratotanker,,,,False,mode_s
ae0811,2026-07-19 01:11:09.787066,IROC61,00-0175,2345,1550,19.750992,-154.99585,C-17A Globemaster,87,157,-128,False,adsb_icao
ae080e,2026-07-19 01:11:09.787083,RCH558,99-0168,5712,33525,60.113205,-144.483658,C-17A Globemaster,121,447,,False,adsb_icao
ae0679,2026-07-19 01:11:09.787090,RCH348,00-0174,3202,36000,47.254387,-124.166702,C-17A Globemaster,348,466,64,False,adsb_icao
ae0805,2026-07-19 01:11:09.787098,RCH404,99-0059,1451,38000,47.356964,-114.477379,C-17A Globemaster,307,52,0,False,mlat
ae58ac,2026-07-19 01:11:09.787105,UNK C/S,61-0029,7653,27100,34.674202,-106.708725,B-52H Stratofortress,100,487,,False,mlat
ae2fad,2026-07-19 01:11:09.787109,RCH224,08-8201,Unavailable,32000,39.420139,-102.922279,C-17A Globemaster,271,486,0,False,mlat
ae07d6,2026-07-19 01:11:09.787119,PITT57,92-3292,4030,36000,35.089005,-90.977165,C-17A Globemaster,241,447,,False,adsb_icao
ae0393,2026-07-19 01:11:09.787126,UNK C/S,63-8885,3730,2950,27.797649,-82.425911,KC-135R Stratotanker,70,235,0,False,mlat
ae1236,2026-07-19 01:11:09.787131,RCH268,03-3125,2537,10250,32.711899,-81.033478,C-17A Globemaster,212,344,-1244,False,mlat
ae1238,2026-07-19 01:11:09.787136,RCH692,03-3127,3017,6350,32.926071,-79.865112,C-17A Globemaster,67,291,,False,adsb_icao
ae123a,2026-07-19 01:11:09.787139,RCH861,04-4128,0522,10150,39.400249,-76.567886,C-17A Globemaster,196,298,0,False,mlat
ae080f,2026-07-19 01:11:09.787145,RCH538,99-0169,7352,35975,40.689365,-72.957741,C-17A Globemaster,238,395,0,False,mlat
ae20c2,2026-07-19 01:11:09.787149,RCH535,07-7181,2462,36000,43.33691,-70.755096,C-17A Globemaster,207,409,0,False,mlat
ae07a5,2026-07-19 01:11:09.787154,UNK C/S,59-1471,6666,3200,44.961742,-69.136421,KC-135R Stratotanker,82,189,-35,False,mlat
477ff1,2026-07-19 01:11:09.787160,BRK48,01,7672,35000,54.104187,12.996591,C-17A Globemaster,130,443,32,False,adsb_icao
ae0808,2026-07-19 01:11:09.787164,RCH478,99-0062,7711,33000,46.759537,20.361998,C-17A Globemaster,134,478,0,False,mlat
ae1459,2026-07-19 01:11:09.787168,RCH209,06-6155,7703,29000,45.06945,22.521252,C-17A Globemaster,134,505,0,False,mlat
ae0424,2026-07-19 01:11:09.787173,UNK C/S,60-0333,3421,34050,46.523926,24.266647,KC-135R Stratotanker,276,440,-32,False,mlat
4d03c2,2026-07-19 01:11:09.787177,NATO21,LX-N90444,6133,29025,46.07542,27.068268,E-3G AWACS,288,362,32,False,mlat
87cc0b,2026-07-19 01:11:09.787184,JF601,87-3601,7446,30950,28.957958,131.300949,KC-46A Pegasus,48,472,,False,adsb_icao
ae026f,2026-07-19 01:11:09.787191,UNK C/S,63-8012,6134,22025,25.8,55.3,KC-135R Stratotanker,166,416,64,False,mode_s
ae0588,2026-07-19 01:11:09.787196,RCH2009,87-0043,6251,33000,42.6,-69.4,C-5M Galaxy,,,,False,mode_s
ae117e,2026-07-19 01:11:09.787201,RCH725,02-1112,3677,9900,11.2,-67.8,C-17A Globemaster,,,,False,mode_s
ae0159,2026-07-19 01:11:09.787206,UNK C/S,57-1512,7716,21000,32.2,35.8,KC-135R Stratotanker,112,386,32,False,mode_s
ae07f7,2026-07-19 01:11:09.787211,RCH727,97-0045,7432,35000,36.6,25.4,C-17A Globemaster,161,472,0,False,mode_s
ae013f,2026-07-19 01:11:09.787218,UNK C/S,60-0358,2006,34975,46.6,-62.2,KC-135R Stratotanker,,,,False,mode_s
ae0811,2026-07-19 01:12:10.074285,IROC61,00-0175,2345,1150,19.722042,-154.986877,C-17A Globemaster,247,148,-1024,False,adsb_icao
ae080e,2026-07-19 01:12:10.074304,RCH558,99-0168,5712,34275,60.047546,-144.273544,C-17A Globemaster,122,447,,False,adsb_icao
ae0679,2026-07-19 01:12:10.074309,RCH348,00-0174,3202,35975,47.381378,-124.203888,C-17A Globemaster,348,465,-128,False,adsb_icao
ae0805,2026-07-19 01:12:10.074319,RCH404,99-0059,1451,38000,47.34005,-114.649879,C-17A Globemaster,285,91,-11,False,mlat
ae58ac,2026-07-19 01:12:10.074326,UNK C/S,61-0029,7653,27000,34.623394,-106.564911,B-52H Stratofortress,126,498,0,False,mlat
ae2fad,2026-07-19 01:12:10.074330,RCH224,08-8201,2455,32000,39.426369,-103.123459,C-17A Globemaster,272,485,0,False,mlat
ae07d6,2026-07-19 01:12:10.074340,PITT57,92-3292,4030,36000,35.028992,-91.109398,C-17A Globemaster,240,449,,False,adsb_icao
ae0393,2026-07-19 01:12:10.074349,UNK C/S,63-8885,3730,2925,27.829153,-82.369766,KC-135R Stratotanker,57,201,0,False,mlat
ae1236,2026-07-19 01:12:10.074354,RCH268,03-3125,2537,8875,32.633968,-81.068443,C-17A Globemaster,200,297,-1390,False,mlat
ae1238,2026-07-19 01:12:10.074359,RCH692,03-3127,3017,9600,32.973953,-79.784805,C-17A Globemaster,54,305,,False,adsb_icao
ae123a,2026-07-19 01:12:10.074363,RCH861,04-4128,0522,9350,39.326153,-76.599899,C-17A Globemaster,200,294,-1534,False,mlat
ae080f,2026-07-19 01:12:10.074368,RCH538,99-0169,7352,36000,40.616268,-73.066742,C-17A Globemaster,224,402,0,False,mlat
ae20c2,2026-07-19 01:12:10.074372,RCH535,07-7181,2462,36000,43.236401,-70.831139,C-17A Globemaster,209,412,0,False,mlat
ae07a5,2026-07-19 01:12:10.074377,UNK C/S,59-1471,6666,3225,44.958973,-69.062485,KC-135R Stratotanker,96,189,0,False,mlat
ae0588,2026-07-19 01:12:10.074381,RCH2009,87-0043,6251,33000,42.420795,-67.963654,C-5M Galaxy,,,0,False,mlat
477ff1,2026-07-19 01:12:10.074388,BRK48,01,7672,35000,54.024353,13.154715,C-17A Globemaster,130,441,96,False,adsb_icao
ae0808,2026-07-19 01:12:10.074392,RCH478,99-0062,7711,33000,46.663383,20.508821,C-17A Globemaster,134,459,0,False,mlat
ae1459,2026-07-19 01:12:10.074395,RCH209,06-6155,7703,29000,44.971642,22.655773,C-17A Globemaster,135,506,0,False,mlat
ae0424,2026-07-19 01:12:10.074400,UNK C/S,60-0333,3421,34025,46.534313,24.097855,KC-135R Stratotanker,275,438,192,False,mlat
4d03c2,2026-07-19 01:12:10.074405,NATO21,LX-N90444,6133,28975,46.085167,26.935539,E-3G AWACS,262,366,160,False,mlat
87cc0b,2026-07-19 01:12:10.074411,JF601,87-3601,7446,30975,29.042175,131.411057,KC-46A Pegasus,49,471,-32,False,adsb_icao
ae026f,2026-07-19 01:12:10.074417,UNK C/S,63-8012,6134,22000,25.9,51.0,KC-135R Stratotanker,167,420,224,False,mode_s
ae117e,2026-07-19 01:12:10.074423,RCH725,02-1112,3677,10950,11.2,-67.8,C-17A Globemaster,,,,False,mode_s
ae0159,2026-07-19 01:12:10.074427,UNK C/S,57-1512,7716,21000,32.4,36.1,KC-135R Stratotanker,56,396,0,False,mode_s
ae07f7,2026-07-19 01:12:10.074432,RCH727,97-0045,7432,35000,36.7,25.4,C-17A Globemaster,161,470,-64,False,mode_s
ae013f,2026-07-19 01:12:10.074437,UNK C/S,60-0358,2006,35000,46.8,-61.5,KC-135R Stratotanker,,,,False,mode_s
ae05a6,2026-07-19 01:12:10.074443,UNK C/S,62-3533,Unavailable,Unavailable,25.9,52.0,KC-135R Stratotanker,,,,False,mode_s
ae0811,2026-07-19 01:13:10.408054,IROC61,00-0175,2345,125,19.721329,-155.026108,C-17A Globemaster,269,130,-832,False,adsb_icao
ae080e,2026-07-19 01:13:10.408072,RCH558,99-0168,5712,34875,59.981277,-144.063431,C-17A Globemaster,122,448,,False,adsb_icao
ae0679,2026-07-19 01:13:10.408077,RCH348,00-0174,3202,36000,47.507023,-124.246918,C-17A Globemaster,341,451,-128,False,adsb_icao
ae0805,2026-07-19 01:13:10.408086,RCH404,99-0059,1451,38000,47.33189,-114.805107,C-17A Globemaster,266,363,0,False,mlat
ae58ac,2026-07-19 01:13:10.408091,UNK C/S,61-0029,7653,27000,34.544987,-106.428665,B-52H Stratofortress,128,534,,False,mlat
ae2fad,2026-07-19 01:13:10.408095,RCH224,08-8201,2455,32000,39.430225,-103.294281,C-17A Globemaster,272,488,0,False,mlat
ae07d6,2026-07-19 01:13:10.408104,PITT57,92-3292,4030,36000,34.967926,-91.24353,C-17A Globemaster,240,451,,False,adsb_icao
ae0393,2026-07-19 01:13:10.408112,UNK C/S,63-8885,3730,2950,27.868528,-82.327553,KC-135R Stratotanker,3,235,75,False,mlat
ae1236,2026-07-19 01:13:10.408116,RCH268,03-3125,2537,7475,32.564339,-81.101868,C-17A Globemaster,202,278,-1419,False,mlat
ae1238,2026-07-19 01:13:10.408126,RCH692,03-3127,3017,11450,33.0271,-79.694496,C-17A Globemaster,57,360,,False,adsb_icao
ae123a,2026-07-19 01:13:10.408129,RCH861,04-4128,0522,8175,39.250919,-76.629631,C-17A Globemaster,196,276,-527,False,mlat
ae080f,2026-07-19 01:13:10.408134,RCH538,99-0169,7352,36000,40.537113,-73.165894,C-17A Globemaster,223,402,-75,False,mlat
ae20c2,2026-07-19 01:13:10.408139,RCH535,07-7181,2462,36000,43.138397,-70.908417,C-17A Globemaster,209,393,0,False,mlat
ae07a5,2026-07-19 01:13:10.408144,UNK C/S,59-1471,6666,3225,44.936466,-69.012138,KC-135R Stratotanker,150,162,-39,False,mlat
ae0588,2026-07-19 01:13:10.408148,RCH2009,87-0043,6251,33025,42.574287,-67.726273,C-5M Galaxy,,,0,False,mlat
477ff1,2026-07-19 01:13:10.408155,BRK48,01,7672,35000,53.944016,13.312762,C-17A Globemaster,130,439,-64,False,adsb_icao
ae0808,2026-07-19 01:13:10.408159,RCH478,99-0062,7711,33000,46.580898,20.629934,C-17A Globemaster,133,475,0,False,mlat
ae1459,2026-07-19 01:13:10.408162,RCH209,06-6155,7703,29000,44.875233,22.790323,C-17A Globemaster,136,466,0,False,mlat
ae0424,2026-07-19 01:13:10.408166,UNK C/S,60-0333,3421,34000,46.543404,23.915895,KC-135R Stratotanker,275,438,0,False,mlat
4d03c2,2026-07-19 01:13:10.408171,NATO21,LX-N90444,6133,29025,46.054962,26.797585,E-3G AWACS,238,374,32,False,mlat
87cc0b,2026-07-19 01:13:10.408176,JF601,87-3601,7446,30975,29.116425,131.508453,KC-46A Pegasus,49,473,64,False,adsb_icao
ae026f,2026-07-19 01:13:10.408182,UNK C/S,63-8012,6134,22025,25.8,55.3,KC-135R Stratotanker,113,406,32,False,mode_s
ae117e,2026-07-19 01:13:10.408188,RCH725,02-1112,3677,12475,11.2,-67.8,C-17A Globemaster,,,,False,mode_s
ae0159,2026-07-19 01:13:10.408192,UNK C/S,57-1512,7716,20975,31.8,35.7,KC-135R Stratotanker,356,400,-32,False,mode_s
ae07f7,2026-07-19 01:13:10.408197,RCH727,97-0045,7432,35000,36.4,25.1,C-17A Globemaster,161,466,64,False,mode_s
ae013f,2026-07-19 01:13:10.408202,UNK C/S,60-0358,2006,35000,46.7,-61.9,KC-135R Stratotanker,,,,False,mode_s
ae05a6,2026-07-19 01:13:10.408209,UNK C/S,62-3533,Unavailable,Unavailable,25.9,52.3,KC-135R Stratotanker,,,,False,mode_s
ae0811,2026-07-19 01:14:10.712147,IROC61,00-0175,2345,650,19.721994,-155.069122,C-17A Globemaster,282,171,1792,False,adsb_icao
ae080e,2026-07-19 01:14:10.712164,RCH558,99-0168,5712,35000,59.913574,-143.850311,C-17A Globemaster,122,458,,False,adsb_icao
ae0679,2026-07-19 01:14:10.712170,RCH348,00-0174,3202,35975,47.627872,-124.304459,C-17A Globemaster,342,457,-64,False,adsb_icao
ae0805,2026-07-19 01:14:10.712179,RCH404,99-0059,1451,38000,47.311062,-114.980339,C-17A Globemaster,265,351,-77,False,mlat
ae58ac,2026-07-19 01:14:10.712186,UNK C/S,61-0029,7653,27000,34.465511,-106.286705,B-52H Stratofortress,117,431,,False,mlat
ae2fad,2026-07-19 01:14:10.712189,RCH224,08-8201,2455,32000,39.43285,-103.475304,C-17A Globemaster,267,523,0,False,mlat
ae07d6,2026-07-19 01:14:10.712198,PITT57,92-3292,4030,36000,34.906685,-91.377357,C-17A Globemaster,240,450,,False,adsb_icao
ae0393,2026-07-19 01:14:10.712206,UNK C/S,63-8885,3730,1925,27.92556,-82.314423,KC-135R Stratotanker,11,182,-887,False,mlat
ae1236,2026-07-19 01:14:10.712211,RCH268,03-3125,2537,6100,32.486881,-81.138077,C-17A Globemaster,199,288,-1406,False,mlat
ae1238,2026-07-19 01:14:10.712215,RCH692,03-3127,3017,12800,33.117645,-79.634399,C-17A Globemaster,18,400,,False,adsb_icao
ae123a,2026-07-19 01:14:10.712218,RCH861,04-4128,0522,8150,39.173813,-76.660049,C-17A Globemaster,198,289,0,False,mlat
ae080f,2026-07-19 01:14:10.712223,RCH538,99-0169,7352,36000,40.442539,-73.260002,C-17A Globemaster,210,408,-37,False,mlat
ae20c2,2026-07-19 01:14:10.712227,RCH535,07-7181,2462,36000,43.037395,-70.986092,C-17A Globemaster,209,406,0,False,mlat
ae07a5,2026-07-19 01:14:10.712231,UNK C/S,59-1471,6666,3000,44.906967,-68.97406,KC-135R Stratotanker,128,145,-531,False,mlat
477ff1,2026-07-19 01:14:10.712238,BRK48,01,7672,35000,53.863499,13.470208,C-17A Globemaster,130,442,64,False,adsb_icao
ae0808,2026-07-19 01:14:10.712242,RCH478,99-0062,7711,33000,46.48497,20.773829,C-17A Globemaster,134,456,0,False,mlat
ae1459,2026-07-19 01:14:10.712245,RCH209,06-6155,7703,29000,44.770424,22.934484,C-17A Globemaster,135,476,-7,False,mlat
ae0424,2026-07-19 01:14:10.712249,UNK C/S,60-0333,3421,34025,46.55933,23.738855,KC-135R Stratotanker,275,436,0,False,mlat
4d03c2,2026-07-19 01:14:10.712275,NATO21,LX-N90444,6133,29050,46.03252,26.655279,E-3G AWACS,298,374,32,False,mlat
87cc0b,2026-07-19 01:14:10.712282,JF601,87-3601,7446,30975,29.22052,131.645203,KC-46A Pegasus,49,475,,False,adsb_icao
ae026f,2026-07-19 01:14:10.712288,UNK C/S,63-8012,6134,22000,25.8,55.3,KC-135R Stratotanker,40,400,32,False,mode_s
ae0588,2026-07-19 01:14:10.712292,RCH2009,87-0043,6251,33000,43.2,-69.3,C-5M Galaxy,,,,False,mode_s
ae117e,2026-07-19 01:14:10.712298,RCH725,02-1112,3677,14150,11.2,-67.8,C-17A Globemaster,,,,False,mode_s
ae0159,2026-07-19 01:14:10.712302,UNK C/S,57-1512,7716,20975,32.0,35.7,KC-135R Stratotanker,319,394,0,False,mode_s
ae07f7,2026-07-19 01:14:10.712307,RCH727,97-0045,7432,35000,36.0,25.5,C-17A Globemaster,162,470,0,False,mode_s
ae013f,2026-07-19 01:14:10.712316,UNK C/S,60-0358,2006,35000,46.6,-62.3,KC-135R Stratotanker,,,,False,mode_s
ae0811,2026-07-19 01:15:10.973616,IROC61,00-0175,2345,1675,19.762356,-155.062332,C-17A Globemaster,44,227,576,False,adsb_icao
ae080e,2026-07-19 01:15:10.973634,RCH558,99-0168,5712,35000,59.845139,-143.637177,C-17A Globemaster,122,461,,False,adsb_icao
ae0679,2026-07-19 01:15:10.973639,RCH348,00-0174,3202,36000,47.74984,-124.362274,C-17A Globemaster,342,460,0,False,adsb_icao
ae0805,2026-07-19 01:15:10.973648,RCH404,99-0059,1451,38000,47.304169,-115.116699,C-17A Globemaster,273,302,0,False,mlat
ae58ac,2026-07-19 01:15:10.973655,UNK C/S,61-0029,7653,27100,34.388893,-106.152679,B-52H Stratofortress,122,516,,False,mlat
ae2fad,2026-07-19 01:15:10.973659,RCH224,08-8201,2455,32000,39.435944,-103.632675,C-17A Globemaster,272,478,0,False,mlat
ae07d6,2026-07-19 01:15:10.973669,PITT57,92-3292,4030,36000,34.845657,-91.510399,C-17A Globemaster,240,451,,False,adsb_icao
ae0393,2026-07-19 01:15:10.973676,UNK C/S,63-8885,3730,1775,27.968931,-82.336205,KC-135R Stratotanker,309,184,-306,False,mlat
ae1236,2026-07-19 01:15:10.973681,RCH268,03-3125,2537,5900,32.417877,-81.167641,C-17A Globemaster,198,269,-98,False,mlat
ae1238,2026-07-19 01:15:10.973685,RCH692,03-3127,3017,14950,33.225723,-79.59095,C-17A Globemaster,18,415,,False,adsb_icao
ae123a,2026-07-19 01:15:10.973688,RCH861,04-4128,0522,7275,39.104034,-76.699059,C-17A Globemaster,206,268,-1155,False,mlat
ae080f,2026-07-19 01:15:10.973693,RCH538,99-0169,7352,35975,40.339554,-73.311981,C-17A Globemaster,192,438,75,False,mlat
ae20c2,2026-07-19 01:15:10.973698,RCH535,07-7181,2462,36000,42.938049,-71.060837,C-17A Globemaster,208,405,-2,False,mlat
ae07a5,2026-07-19 01:15:10.973702,UNK C/S,59-1471,6666,2100,44.876225,-68.930313,KC-135R Stratotanker,137,153,-718,False,mlat
ae0588,2026-07-19 01:15:10.973707,RCH2009,87-0043,6251,33000,42.729095,-67.565765,C-5M Galaxy,,,0,False,mode_s
477ff1,2026-07-19 01:15:10.973713,BRK48,01,7672,35000,53.783337,13.626036,C-17A Globemaster,131,442,192,False,adsb_icao
ae0808,2026-07-19 01:15:10.973717,RCH478,99-0062,7711,33000,46.40498,20.896002,C-17A Globemaster,135,460,0,False,mlat
ae1459,2026-07-19 01:15:10.973720,RCH209,06-6155,7703,29000,44.683651,23.054951,C-17A Globemaster,134,479,0,False,mlat
ae0424,2026-07-19 01:15:10.973724,UNK C/S,60-0333,3421,34000,46.57061,23.573217,KC-135R Stratotanker,277,434,-32,False,mlat
4d03c2,2026-07-19 01:15:10.973729,NATO21,LX-N90444,6133,29075,46.088867,26.5434,E-3G AWACS,303,396,-32,False,mlat
ae0159,2026-07-19 01:15:10.973734,UNK C/S,57-1512,7716,21000,31.79331,35.061295,KC-135R Stratotanker,319,396,32,False,mlat
87cc0b,2026-07-19 01:15:10.973740,JF601,87-3601,7446,30975,29.306961,131.759201,KC-46A Pegasus,49,473,0,False,adsb_icao
ae026f,2026-07-19 01:15:10.973745,UNK C/S,63-8012,6134,22000,25.8,55.3,KC-135R Stratotanker,345,410,0,False,mode_s
ae117e,2026-07-19 01:15:10.973750,RCH725,02-1112,3677,15675,11.2,-67.8,C-17A Globemaster,,,,False,mode_s
ae07f7,2026-07-19 01:15:10.973755,RCH727,97-0045,7432,35000,36.0,25.8,C-17A Globemaster,161,468,-32,False,mode_s
ae013f,2026-07-19 01:15:10.973761,UNK C/S,60-0358,2006,34975,46.8,-61.3,KC-135R Stratotanker,,,,False,mode_s
ae0811,2026-07-19 01:16:11.209210,IROC61,00-0175,2345,2450,19.80455,-155.015182,C-17A Globemaster,82,218,1024,False,adsb_icao
ae080e,2026-07-19 01:16:11.209228,RCH558,99-0168,5712,35000,59.775925,-143.423676,C-17A Globemaster,122,458,,False,adsb_icao
ae0679,2026-07-19 01:16:11.209234,RCH348,00-0174,3202,35975,47.871948,-124.42038,C-17A Globemaster,342,460,0,False,adsb_icao
ae0805,2026-07-19 01:16:11.209244,RCH404,99-0059,1451,38000,47.290127,-115.275696,C-17A Globemaster,268,350,0,False,mlat
ae58ac,2026-07-19 01:16:11.209273,UNK C/S,61-0029,7653,27100,34.301907,-106.040489,B-52H Stratofortress,143,454,0,False,mlat
ae2fad,2026-07-19 01:16:11.209277,RCH224,08-8201,2455,32000,39.437912,-103.831566,C-17A Globemaster,271,483,0,False,mlat
ae07d6,2026-07-19 01:16:11.209287,PITT57,92-3292,4030,36000,34.779419,-91.639992,C-17A Globemaster,232,449,,False,adsb_icao
ae0393,2026-07-19 01:16:11.209295,UNK C/S,63-8885,3730,1550,27.96303,-82.38826,KC-135R Stratotanker,259,163,-52,False,mlat
ae1236,2026-07-19 01:16:11.209299,RCH268,03-3125,2537,4775,32.346775,-81.198898,C-17A Globemaster,199,276,-1181,False,mlat
ae1238,2026-07-19 01:16:11.209304,RCH692,03-3127,3017,16800,33.338711,-79.545891,C-17A Globemaster,18,434,,False,adsb_icao
ae123a,2026-07-19 01:16:11.209307,RCH861,04-4128,0522,5725,39.076836,-76.771988,C-17A Globemaster,265,224,-1628,False,mlat
ae080f,2026-07-19 01:16:11.209312,RCH538,99-0169,7352,35525,40.224571,-73.354813,C-17A Globemaster,198,426,-1079,False,mlat
ae20c2,2026-07-19 01:16:11.209316,RCH535,07-7181,2462,36000,42.832825,-71.132317,C-17A Globemaster,205,432,0,False,mlat
ae07a5,2026-07-19 01:16:11.209322,UNK C/S,59-1471,6666,1300,44.84798,-68.888802,KC-135R Stratotanker,131,148,-776,False,mlat
ae0588,2026-07-19 01:16:11.209326,RCH2009,87-0043,6251,33000,42.82737,-67.456818,C-5M Galaxy,,,0,False,mode_s
477ff1,2026-07-19 01:16:11.209334,BRK48,01,7672,35000,53.701538,13.783997,C-17A Globemaster,131,447,64,False,adsb_icao
ae0808,2026-07-19 01:16:11.209337,RCH478,99-0062,7711,33000,46.304844,21.041731,C-17A Globemaster,134,468,0,False,mlat
ae1459,2026-07-19 01:16:11.209341,RCH209,06-6155,7703,29000,44.563976,23.181942,C-17A Globemaster,153,460,0,False,mlat
ae0424,2026-07-19 01:16:11.209345,UNK C/S,60-0333,3421,34000,46.61937,23.405779,KC-135R Stratotanker,300,438,0,False,mlat
4d03c2,2026-07-19 01:16:11.209349,NATO21,LX-N90444,6133,29050,46.10466,26.51226,E-3G AWACS,301,418,-32,False,mode_s
ae0159,2026-07-19 01:16:11.209355,UNK C/S,57-1512,7716,20975,31.799114,35.056377,KC-135R Stratotanker,283,386,-160,False,mlat
87cc0b,2026-07-19 01:16:11.209360,JF601,87-3601,7446,30950,29.39341,131.873535,KC-46A Pegasus,49,472,64,False,adsb_icao
ae026f,2026-07-19 01:16:11.209366,UNK C/S,63-8012,6134,22000,25.8,55.3,KC-135R Stratotanker,324,416,32,False,mode_s
ae117e,2026-07-19 01:16:11.209370,RCH725,02-1112,3677,16900,11.2,-67.8,C-17A Globemaster,,,,False,mode_s
ae07f7,2026-07-19 01:16:11.209375,RCH727,97-0045,7432,35000,35.9,25.7,C-17A Globemaster,162,464,-64,False,mode_s
ae013f,2026-07-19 01:16:11.209380,UNK C/S,60-0358,2006,34975,47.3,-60.2,KC-135R Stratotanker,,,,False,mode_s
ae0811,2026-07-19 01:17:11.451893,IROC61,00-0175,2345,3475,19.792568,-154.949722,C-17A Globemaster,101,233,960,False,adsb_icao
ae080e,2026-07-19 01:17:11.451911,RCH558,99-0168,5712,35000,59.706619,-143.211823,C-17A Globemaster,123,461,,False,adsb_icao
ae0679,2026-07-19 01:17:11.451917,RCH348,00-0174,3202,35975,47.994148,-124.479042,C-17A Globemaster,342,462,0,False,adsb_icao
ae0805,2026-07-19 01:17:11.451926,RCH404,99-0059,1451,38000,47.277744,-115.428947,C-17A Globemaster,262,336,0,False,mlat
ae58ac,2026-07-19 01:17:11.451932,UNK C/S,61-0029,7653,27000,34.176514,-105.94445,B-52H Stratofortress,147,494,0,False,mlat
ae2fad,2026-07-19 01:17:11.451936,RCH224,08-8201,2455,32000,39.441017,-103.994995,C-17A Globemaster,272,484,0,False,mlat
ae07d6,2026-07-19 01:17:11.451945,PITT57,92-3292,4030,36000,34.703529,-91.760674,C-17A Globemaster,232,451,,False,adsb_icao
ae0393,2026-07-19 01:17:11.451952,UNK C/S,63-8885,3730,1525,27.939596,-82.429054,KC-135R Stratotanker,213,177,-70,False,mlat
ae1236,2026-07-19 01:17:11.451956,RCH268,03-3125,2537,3525,32.277454,-81.228119,C-17A Globemaster,196,270,-1194,False,mlat
ae1238,2026-07-19 01:17:11.451961,RCH692,03-3127,3017,17000,33.453648,-79.500435,C-17A Globemaster,18,428,,False,adsb_icao
ae123a,2026-07-19 01:17:11.451964,RCH861,04-4128,0522,4175,39.067669,-76.843178,C-17A Globemaster,260,190,-1549,False,mlat
ae080f,2026-07-19 01:17:11.451969,RCH538,99-0169,7352,33550,40.106941,-73.386742,C-17A Globemaster,187,416,-2007,False,mlat
ae20c2,2026-07-19 01:17:11.451973,RCH535,07-7181,2462,36000,42.73185,-71.19799,C-17A Globemaster,205,420,0,False,mlat
ae07a5,2026-07-19 01:17:11.451977,UNK C/S,59-1471,6666,550,44.827785,-68.856369,KC-135R Stratotanker,131,133,-747,False,mlat
ae0588,2026-07-19 01:17:11.451982,RCH2009,87-0043,6251,33000,42.964748,-67.255608,C-5M Galaxy,,,0,False,mlat
477ff1,2026-07-19 01:17:11.451989,BRK48,01,7672,34975,53.619938,13.940762,C-17A Globemaster,131,447,32,False,adsb_icao
ae0808,2026-07-19 01:17:11.451992,RCH478,99-0062,7711,33000,46.223873,21.136568,C-17A Globemaster,139,482,0,False,mlat
ae0424,2026-07-19 01:17:11.451997,UNK C/S,60-0333,3421,34000,46.678417,23.260975,KC-135R Stratotanker,300,438,0,False,mlat
ae1459,2026-07-19 01:17:11.452000,RCH209,06-6155,7703,29000,44.460701,23.262936,C-17A Globemaster,151,459,0,False,mlat
4d03c2,2026-07-19 01:17:11.452004,NATO21,LX-N90444,6133,28975,46.216328,26.245886,E-3G AWACS,301,414,-128,False,mlat
ae0159,2026-07-19 01:17:11.452010,UNK C/S,57-1512,7716,20975,31.684097,35.020569,KC-135R Stratotanker,228,374,-96,False,mlat
87cc0b,2026-07-19 01:17:11.452014,JF601,87-3601,7446,30950,29.426422,131.917282,KC-46A Pegasus,49,471,-32,False,other
ae026f,2026-07-19 01:17:11.452020,UNK C/S,63-8012,6134,22000,26.5,55.0,KC-135R Stratotanker,306,418,,False,mode_s
ae117e,2026-07-19 01:17:11.452025,RCH725,02-1112,3677,18200,11.3,-67.9,C-17A Globemaster,,,,False,mode_s
ae07f7,2026-07-19 01:17:11.452029,RCH727,97-0045,7432,35000,35.9,25.8,C-17A Globemaster,162,464,-64,False,mode_s
ae013f,2026-07-19 01:17:11.452035,UNK C/S,60-0358,2006,35000,47.3,-60.2,KC-135R Stratotanker,,,,False,mode_s
ae0811,2026-07-19 01:18:11.740402,IROC61,00-0175,2345,4375,19.762915,-154.887756,C-17A Globemaster,139,252,256,False,adsb_icao
ae080e,2026-07-19 01:18:11.740421,RCH558,99-0168,5712,35000,59.635883,-142.997284,C-17A Globemaster,123,463,,False,adsb_icao
ae0679,2026-07-19 01:18:11.740427,RCH348,00-0174,3202,36000,48.116814,-124.538132,C-17A Globemaster,342,461,0,False,adsb_icao
ae0805,2026-07-19 01:18:11.740436,RCH404,99-0059,1451,38000,47.260841,-115.576836,C-17A Globemaster,262,341,0,False,mlat
ae58ac,2026-07-19 01:18:11.740441,UNK C/S,61-0029,7653,27000,34.082924,-105.848999,B-52H Stratofortress,132,494,0,False,mlat
ae2fad,2026-07-19 01:18:11.740445,RCH224,08-8201,2455,32000,39.442436,-104.161667,C-17A Globemaster,270,487,0,False,mlat
ae07d6,2026-07-19 01:18:11.740455,PITT57,92-3292,4030,36000,34.62709,-91.88221,C-17A Globemaster,232,451,,False,adsb_icao
ae0393,2026-07-19 01:18:11.740462,UNK C/S,63-8885,3730,1150,27.910034,-82.462204,KC-135R Stratotanker,233,155,-718,False,mlat
ae1236,2026-07-19 01:18:11.740466,RCH268,03-3125,2537,2950,32.219326,-81.265182,C-17A Globemaster,207,249,-174,False,mlat
ae1238,2026-07-19 01:18:11.740470,RCH692,03-3127,3017,16975,33.567375,-79.454842,C-17A Globemaster,18,427,,False,adsb_icao
ae123a,2026-07-19 01:18:11.740474,RCH861,04-4128,0522,2700,39.044685,-76.88694,C-17A Globemaster,167,223,-1280,False,mlat
ae080f,2026-07-19 01:18:11.740480,RCH538,99-0169,7352,32050,39.995731,-73.437286,C-17A Globemaster,215,431,-1478,False,mlat
ae20c2,2026-07-19 01:18:11.740484,RCH535,07-7181,2462,36000,42.628613,-71.265266,C-17A Globemaster,204,413,0,False,mlat
ae0588,2026-07-19 01:18:11.740489,RCH2009,87-0043,6251,33000,43.076427,-67.088669,C-5M Galaxy,74,540,0,False,mlat
477ff1,2026-07-19 01:18:11.740496,BRK48,01,7672,35000,53.536926,14.09899,C-17A Globemaster,131,445,-32,False,adsb_icao
ae0808,2026-07-19 01:18:11.740499,RCH478,99-0062,7711,33000,46.129238,21.258301,C-17A Globemaster,142,450,0,False,mlat
ae0424,2026-07-19 01:18:11.740505,UNK C/S,60-0333,3421,34000,46.740547,23.108751,KC-135R Stratotanker,301,442,-64,False,mlat
ae1459,2026-07-19 01:18:11.740508,RCH209,06-6155,7703,29000,44.346909,23.354839,C-17A Globemaster,149,448,0,False,mlat
4d03c2,2026-07-19 01:18:11.740512,NATO21,LX-N90444,6133,28900,46.274773,26.112043,E-3G AWACS,300,392,-64,False,mlat
ae0159,2026-07-19 01:18:11.740518,UNK C/S,57-1512,7716,20975,30.976223,37.084568,KC-135R Stratotanker,173,374,0,False,mlat
87cc0b,2026-07-19 01:18:11.740523,JF601,87-3601,7446,30950,29.564348,132.100525,KC-46A Pegasus,49,469,0,False,adsb_icao
ae026f,2026-07-19 01:18:11.740527,UNK C/S,63-8012,6134,22000,25.9,51.0,KC-135R Stratotanker,339,410,160,False,mode_s
ae117e,2026-07-19 01:18:11.740532,RCH725,02-1112,3677,19425,11.2,-67.8,C-17A Globemaster,,,,False,mode_s
ae07f7,2026-07-19 01:18:11.740536,RCH727,97-0045,7432,35000,35.8,26.0,C-17A Globemaster,162,456,64,False,mode_s
ae013f,2026-07-19 01:18:11.740542,UNK C/S,60-0358,2006,35000,47.4,-60.3,KC-135R Stratotanker,,,,False,mode_s
ae0241,2026-07-19 01:18:11.740550,UNK C/S,63-8021,Unavailable,Unavailable,25.9,53.6,KC-135R Stratotanker,,,,False,mode_s
ae0811,2026-07-19 01:19:12.016015,IROC61,00-0175,2345,4425,19.702629,-154.850098,C-17A Globemaster,150,249,-128,False,adsb_icao
ae080e,2026-07-19 01:19:12.016033,RCH558,99-0168,5712,35000,59.565674,-142.786743,C-17A Globemaster,123,464,,False,adsb_icao
ae0679,2026-07-19 01:19:12.016039,RCH348,00-0174,3202,36000,48.236801,-124.596298,C-17A Globemaster,342,455,0,False,adsb_icao
ae0805,2026-07-19 01:19:12.016047,RCH404,99-0059,1451,38000,47.247543,-115.737762,C-17A Globemaster,261,359,0,False,mlat
ae58ac,2026-07-19 01:19:12.016053,UNK C/S,61-0029,7653,27000,33.984478,-105.715942,B-52H Stratofortress,128,487,,False,mlat
ae2fad,2026-07-19 01:19:12.016057,RCH224,08-8201,2455,32000,39.444489,-104.341629,C-17A Globemaster,271,469,0,False,mlat
ae07d6,2026-07-19 01:19:12.016066,PITT57,92-3292,4030,36000,34.550465,-92.003632,C-17A Globemaster,232,454,,False,adsb_icao
ae0393,2026-07-19 01:19:12.016073,UNK C/S,63-8885,3730,450,27.880148,-82.491882,KC-135R Stratotanker,222,153,-812,False,mlat
ae1236,2026-07-19 01:19:12.016077,RCH268,03-3125,2537,2550,32.151348,-81.273056,C-17A Globemaster,177,266,-670,False,mlat
ae1238,2026-07-19 01:19:12.016081,RCH692,03-3127,3017,16975,33.680309,-79.40918,C-17A Globemaster,18,427,,False,adsb_icao
ae123a,2026-07-19 01:19:12.016085,RCH861,04-4128,0522,2150,39.00309,-76.870872,C-17A Globemaster,198,152,0,False,mlat
ae080f,2026-07-19 01:19:12.016090,RCH538,99-0169,7352,30575,39.892223,-73.506828,C-17A Globemaster,207,441,-1486,False,mlat
ae20c2,2026-07-19 01:19:12.016094,RCH535,07-7181,2462,36000,42.529476,-71.342819,C-17A Globemaster,215,408,0,False,mlat
ae0588,2026-07-19 01:19:12.016099,RCH2009,87-0043,6251,33000,43.2033,-66.922417,C-5M Galaxy,45,475,0,False,mlat
477ff1,2026-07-19 01:19:12.016106,BRK48,01,7672,35000,53.455051,14.254034,C-17A Globemaster,131,447,-64,False,adsb_icao
ae0808,2026-07-19 01:19:12.016109,RCH478,99-0062,7711,33000,46.008179,21.396307,C-17A Globemaster,141,460,0,False,mlat
ae0424,2026-07-19 01:19:12.016113,UNK C/S,60-0333,3421,34025,46.80434,22.956453,KC-135R Stratotanker,301,444,32,False,mlat
ae1459,2026-07-19 01:19:12.016117,RCH209,06-6155,7703,29000,44.242756,23.438356,C-17A Globemaster,152,452,0,False,mlat
4d03c2,2026-07-19 01:19:12.016121,NATO21,LX-N90444,6133,29025,46.331272,25.972189,E-3G AWACS,301,388,32,False,mlat
ae0159,2026-07-19 01:19:12.016127,UNK C/S,57-1512,7716,21000,30.861698,37.1287,KC-135R Stratotanker,139,380,64,False,mlat
87cc0b,2026-07-19 01:19:12.016132,JF601,87-3601,7446,30975,29.647957,132.212051,KC-46A Pegasus,49,468,-160,False,adsb_icao
ae026f,2026-07-19 01:19:12.016136,UNK C/S,63-8012,6134,22000,25.9,51.0,KC-135R Stratotanker,31,398,192,False,mode_s
ae117e,2026-07-19 01:19:12.016142,RCH725,02-1112,3677,20500,11.2,-67.8,C-17A Globemaster,,,,False,mode_s
ae07f7,2026-07-19 01:19:12.016147,RCH727,97-0045,7432,35000,34.9,27.6,C-17A Globemaster,162,458,-128,False,mode_s
ae013f,2026-07-19 01:19:12.016152,UNK C/S,60-0358,2006,35000,47.4,-60.2,KC-135R Stratotanker,,,,False,mode_s
ae0241,2026-07-19 01:19:12.016158,UNK C/S,63-8021,Unavailable,Unavailable,25.9,54.7,KC-135R Stratotanker,,,,False,mode_s
ae0811,2026-07-19 01:20:12.267355,IROC61,00-0175,1200,4425,19.640902,-154.813736,C-17A Globemaster,150,249,0,False,adsb_icao
ae080e,2026-07-19 01:20:12.267375,RCH558,99-0168,5712,35000,59.494034,-142.573242,C-17A Globemaster,123,467,,False,adsb_icao
ae0679,2026-07-19 01:20:12.267379,RCH348,00-0174,3202,35975,48.343781,-124.689468,C-17A Globemaster,316,441,0,False,adsb_icao
ae0805,2026-07-19 01:20:12.267388,RCH404,99-0059,1451,38000,47.235466,-115.879936,C-17A Globemaster,263,371,0,False,mlat
ae58ac,2026-07-19 01:20:12.267393,UNK C/S,61-0029,7653,27100,33.914986,-105.580734,B-52H Stratofortress,121,502,0,False,mlat
ae2fad,2026-07-19 01:20:12.267397,RCH224,08-8201,2455,32000,39.446724,-104.517815,C-17A Globemaster,271,471,0,False,mlat
ae07d6,2026-07-19 01:20:12.267405,PITT57,92-3292,4030,36000,34.472809,-92.126076,C-17A Globemaster,232,457,,False,adsb_icao
ae0393,2026-07-19 01:20:12.267412,UNK C/S,63-8885,3730,-25,27.85985,-82.511101,KC-135R Stratotanker,219,142,-805,False,mlat
ae1236,2026-07-19 01:20:12.267416,RCH268,03-3125,2537,1975,32.074879,-81.271446,C-17A Globemaster,175,259,-670,False,mlat
ae1238,2026-07-19 01:20:12.267420,RCH692,03-3127,3017,16975,33.793667,-79.363289,C-17A Globemaster,18,426,,False,adsb_icao
ae123a,2026-07-19 01:20:12.267424,RCH861,04-4128,0522,2150,38.960041,-76.870689,C-17A Globemaster,181,142,0,False,mlat
ae080f,2026-07-19 01:20:12.267428,RCH538,99-0169,7352,29650,39.783611,-73.564362,C-17A Globemaster,188,408,-677,False,mlat
ae20c2,2026-07-19 01:20:12.267432,RCH535,07-7181,2462,36000,42.43317,-71.425934,C-17A Globemaster,213,409,0,False,mlat
ae0588,2026-07-19 01:20:12.267437,RCH2009,87-0043,6251,33000,43.250793,-66.843376,C-5M Galaxy,47,511,0,False,mlat
477ff1,2026-07-19 01:20:12.267444,BRK48,01,7672,35000,53.372559,14.409377,C-17A Globemaster,131,446,32,False,adsb_icao
ae0808,2026-07-19 01:20:12.267448,RCH478,99-0062,7711,33000,45.911621,21.505777,C-17A Globemaster,141,458,0,False,mlat
ae0424,2026-07-19 01:20:12.267452,UNK C/S,60-0333,3421,34000,46.86903,22.801807,KC-135R Stratotanker,301,450,-192,False,mlat
ae1459,2026-07-19 01:20:12.267456,RCH209,06-6155,7703,29000,44.124813,23.531197,C-17A Globemaster,151,464,0,False,mlat
4d03c2,2026-07-19 01:20:12.267459,NATO21,LX-N90444,6133,29050,46.381783,25.854303,E-3G AWACS,301,398,64,False,mlat
ae0159,2026-07-19 01:20:12.267465,UNK C/S,57-1512,7716,20975,30.81229,37.166142,KC-135R Stratotanker,139,382,-64,False,mlat
87cc0b,2026-07-19 01:20:12.267470,JF601,87-3601,7446,30975,29.734219,132.327469,KC-46A Pegasus,49,468,0,False,adsb_icao
ae026f,2026-07-19 01:20:12.267475,UNK C/S,63-8012,6134,22000,25.9,51.0,KC-135R Stratotanker,119,392,-96,False,mode_s
ae117e,2026-07-19 01:20:12.267480,RCH725,02-1112,3677,21600,11.3,-68.0,C-17A Globemaster,,,,False,mode_s
ae07f7,2026-07-19 01:20:12.267485,RCH727,97-0045,7432,35000,35.7,26.2,C-17A Globemaster,162,456,-160,False,mode_s
ae05a6,2026-07-19 01:20:12.267490,UNK C/S,62-3533,1714,Unavailable,25.9,52.1,KC-135R Stratotanker,,,,False,mode_s
ae013f,2026-07-19 01:20:12.267495,UNK C/S,60-0358,2006,35000,47.4,-60.1,KC-135R Stratotanker,,,,False,mode_s
ae0241,2026-07-19 01:20:12.267500,UNK C/S,63-8021,Unavailable,Unavailable,25.8,54.8,KC-135R Stratotanker,,,,False,mode_s
ae0811,2026-07-19 01:21:12.624781,IROC61,00-0175,1200,4400,19.580612,-154.778381,C-17A Globemaster,150,248,-64,False,adsb_icao
ae080e,2026-07-19 01:21:12.624800,RCH558,99-0168,5712,35000,59.421837,-142.360367,C-17A Globemaster,123,467,,False,adsb_icao
ae0679,2026-07-19 01:21:12.624806,RCH348,00-0174,3202,36000,48.432907,-124.815605,C-17A Globemaster,316,444,64,False,adsb_icao
ae0805,2026-07-19 01:21:12.624815,RCH404,99-0059,1451,38000,47.222061,-116.037346,C-17A Globemaster,263,369,0,False,mlat
ae58ac,2026-07-19 01:21:12.624821,UNK C/S,61-0029,7653,27000,33.837936,-105.436226,B-52H Stratofortress,123,474,0,False,mlat
ae2fad,2026-07-19 01:21:12.624824,RCH224,08-8201,2455,32000,39.447422,-104.688011,C-17A Globemaster,270,453,0,False,mlat
ae07d6,2026-07-19 01:21:12.624833,PITT57,92-3292,4030,36000,34.395813,-92.247154,C-17A Globemaster,232,459,,False,adsb_icao
ae1236,2026-07-19 01:21:12.624839,RCH268,03-3125,2537,1925,32.030972,-81.260361,C-17A Globemaster,131,106,-98,False,mlat
ae1238,2026-07-19 01:21:12.624844,RCH692,03-3127,3017,16975,33.906601,-79.317642,C-17A Globemaster,18,427,,False,adsb_icao
ae123a,2026-07-19 01:21:12.624848,RCH861,04-4128,0522,2100,38.918839,-76.871384,C-17A Globemaster,185,135,-75,False,mlat
ae080f,2026-07-19 01:21:12.624852,RCH538,99-0169,7352,27750,39.656914,-73.57473,C-17A Globemaster,180,465,-1993,False,mlat
ae20c2,2026-07-19 01:21:12.624856,RCH535,07-7181,2462,36000,42.338642,-71.505058,C-17A Globemaster,213,409,0,False,mlat
477ff1,2026-07-19 01:21:12.624863,BRK48,01,7672,35000,53.289917,14.563947,C-17A Globemaster,131,449,0,False,adsb_icao
ae0808,2026-07-19 01:21:12.624867,RCH478,99-0062,7711,33000,45.80698,21.623783,C-17A Globemaster,142,454,0,False,mlat
ae0424,2026-07-19 01:21:12.624871,UNK C/S,60-0333,3421,34000,46.930496,22.642694,KC-135R Stratotanker,300,454,0,False,mlat
ae1459,2026-07-19 01:21:12.624875,RCH209,06-6155,7703,29000,44.009769,23.621933,C-17A Globemaster,151,461,0,False,mlat
4d03c2,2026-07-19 01:21:12.624879,NATO21,LX-N90444,6133,29050,46.441692,25.712894,E-3G AWACS,301,406,-32,False,mlat
ae0159,2026-07-19 01:21:12.624885,UNK C/S,57-1512,7716,20975,30.746946,37.244221,KC-135R Stratotanker,107,388,-32,False,mode_s
87cc0b,2026-07-19 01:21:12.624889,JF601,87-3601,7446,30950,29.824722,132.436798,KC-46A Pegasus,45,468,32,False,adsb_icao
ae026f,2026-07-19 01:21:12.624894,UNK C/S,63-8012,6134,22000,25.9,51.0,KC-135R Stratotanker,,,,False,mode_s
ae0588,2026-07-19 01:21:12.624899,RCH2009,87-0043,6251,33000,44.4,-67.7,C-5M Galaxy,,,,False,mode_s
ae117e,2026-07-19 01:21:12.624903,RCH725,02-1112,3677,22525,11.3,-67.9,C-17A Globemaster,,,,False,mode_s
ae07f7,2026-07-19 01:21:12.624909,RCH727,97-0045,7432,35000,35.6,26.3,C-17A Globemaster,162,456,-128,False,mode_s
ae05a6,2026-07-19 01:21:12.624913,UNK C/S,62-3533,1714,Unavailable,25.9,51.7,KC-135R Stratotanker,,,,False,mode_s
ae013f,2026-07-19 01:21:12.624918,UNK C/S,60-0358,2006,34975,48.4,-61.3,KC-135R Stratotanker,,,,False,mode_s
ae0241,2026-07-19 01:21:12.624922,UNK C/S,63-8021,Unavailable,Unavailable,25.8,54.8,KC-135R Stratotanker,,,,False,mode_s
ae0811,2026-07-19 01:22:12.922007,IROC61,00-0175,1200,4400,19.518747,-154.745071,C-17A Globemaster,165,251,0,False,adsb_icao
ae080e,2026-07-19 01:22:12.922025,RCH558,99-0168,5712,35000,59.34906,-142.147614,C-17A Globemaster,123,472,,False,adsb_icao
ae0679,2026-07-19 01:22:12.922030,RCH348,00-0174,3202,36000,48.523121,-124.943893,C-17A Globemaster,316,444,0,False,adsb_icao
ae0805,2026-07-19 01:22:12.922040,RCH404,99-0059,1451,38000,47.208347,-116.187149,C-17A Globemaster,261,361,0,False,mlat
ae58ac,2026-07-19 01:22:12.922045,UNK C/S,61-0029,7653,27000,33.75013,-105.281479,B-52H Stratofortress,125,493,,False,mlat
ae2fad,2026-07-19 01:22:12.922049,RCH224,08-8201,2455,32000,39.44923,-104.86306,C-17A Globemaster,269,494,0,False,mlat
ae07d6,2026-07-19 01:22:12.922057,PITT57,92-3292,4030,36000,34.316681,-92.371101,C-17A Globemaster,232,460,,False,adsb_icao
ae1236,2026-07-19 01:22:12.922063,RCH268,03-3125,2537,1175,32.246075,-81.3461,C-17A Globemaster,121,111,-700,False,mlat
ae1238,2026-07-19 01:22:12.922068,RCH692,03-3127,3017,16975,34.019909,-79.27179,C-17A Globemaster,18,425,,False,adsb_icao
ae123a,2026-07-19 01:22:12.922072,RCH861,04-4128,0522,1575,38.887123,-76.871292,C-17A Globemaster,181,117,-520,False,mlat
ae080f,2026-07-19 01:22:12.922076,RCH538,99-0169,7352,25725,39.527615,-73.584885,C-17A Globemaster,188,426,-1933,False,mlat
ae20c2,2026-07-19 01:22:12.922081,RCH535,07-7181,2462,36575,42.243656,-71.58799,C-17A Globemaster,213,401,735,False,mlat
ae0588,2026-07-19 01:22:12.922085,RCH2009,87-0043,6251,33000,43.47913,-66.481102,C-5M Galaxy,49,526,0,False,mlat
477ff1,2026-07-19 01:22:12.922092,BRK48,01,7672,35000,53.205963,14.719953,C-17A Globemaster,131,444,-160,False,adsb_icao
ae0808,2026-07-19 01:22:12.922095,RCH478,99-0062,7711,33000,45.710766,21.731724,C-17A Globemaster,143,465,4,False,mlat
ae0424,2026-07-19 01:22:12.922100,UNK C/S,60-0333,3421,34000,46.999252,22.480413,KC-135R Stratotanker,300,458,-32,False,mlat
ae1459,2026-07-19 01:22:12.922103,RCH209,06-6155,7703,29000,43.89793,23.709015,C-17A Globemaster,151,469,0,False,mlat
4d03c2,2026-07-19 01:22:12.922107,NATO21,LX-N90444,6133,29050,46.500069,25.564037,E-3G AWACS,300,412,64,False,mlat
87cc0b,2026-07-19 01:22:12.922114,JF601,87-3601,7446,30950,29.9174,132.544067,KC-46A Pegasus,45,468,128,False,adsb_icao
ae026f,2026-07-19 01:22:12.922119,UNK C/S,63-8012,6134,22000,25.8,55.3,KC-135R Stratotanker,203,398,0,False,mode_s
ae117e,2026-07-19 01:22:12.922124,RCH725,02-1112,3677,23500,11.3,-67.9,C-17A Globemaster,,,,False,mode_s
ae0159,2026-07-19 01:22:12.922129,UNK C/S,57-1512,7716,20975,31.9,34.9,KC-135R Stratotanker,50,400,0,False,mode_s
ae07f7,2026-07-19 01:22:12.922135,RCH727,97-0045,7432,35000,34.0,32.3,C-17A Globemaster,162,460,96,False,mode_s
ae013f,2026-07-19 01:22:12.922140,UNK C/S,60-0358,2006,34975,47.8,-60.5,KC-135R Stratotanker,,,,False,mode_s
ae0241,2026-07-19 01:22:12.922145,UNK C/S,63-8021,1544,Unavailable,25.8,55.0,KC-135R Stratotanker,,,,False,mode_s
ae0811,2026-07-19 01:23:13.163197,IROC61,00-0175,1200,4700,19.45285,-154.765579,C-17A Globemaster,215,250,896,False,adsb_icao
ae080e,2026-07-19 01:23:13.163215,RCH558,99-0168,5712,35000,59.275909,-141.936127,C-17A Globemaster,124,471,,False,adsb_icao
ae0679,2026-07-19 01:23:13.163219,RCH348,00-0174,3202,36000,48.612221,-125.071465,C-17A Globemaster,316,443,0,False,adsb_icao
ae0805,2026-07-19 01:23:13.163228,RCH404,99-0059,1451,38000,47.194847,-116.33548,C-17A Globemaster,263,362,0,False,mlat
ae58ac,2026-07-19 01:23:13.163233,UNK C/S,61-0029,7653,27000,33.680843,-105.146355,B-52H Stratofortress,123,498,,False,mlat
ae2fad,2026-07-19 01:23:13.163237,RCH224,08-8201,2455,32000,39.450344,-105.034332,C-17A Globemaster,268,498,0,False,mlat
ae07d6,2026-07-19 01:23:13.163245,PITT57,92-3292,4030,36000,34.238892,-92.492699,C-17A Globemaster,232,461,,False,adsb_icao
ae1238,2026-07-19 01:23:13.163276,RCH692,03-3127,3017,16700,34.13266,-79.225906,C-17A Globemaster,19,429,,False,adsb_icao
ae123a,2026-07-19 01:23:13.163280,RCH861,04-4128,0522,1000,38.853531,-76.870209,C-17A Globemaster,178,125,-655,False,mlat
ae080f,2026-07-19 01:23:13.163284,RCH538,99-0169,7352,23700,39.410164,-73.593018,C-17A Globemaster,182,479,-2006,False,mlat
ae20c2,2026-07-19 01:23:13.163288,RCH535,07-7181,2462,37275,42.149673,-71.666054,C-17A Globemaster,210,402,725,False,mlat
ae0588,2026-07-19 01:23:13.163293,RCH2009,87-0043,6251,33000,43.562073,-66.346031,C-5M Galaxy,53,519,0,False,mlat
477ff1,2026-07-19 01:23:13.163302,BRK48,01,7672,35000,53.123505,14.872338,C-17A Globemaster,132,448,-128,False,adsb_icao
ae0808,2026-07-19 01:23:13.163306,RCH478,99-0062,7711,33000,45.613293,21.841379,C-17A Globemaster,142,443,0,False,mlat
ae0424,2026-07-19 01:23:13.163310,UNK C/S,60-0333,3421,34000,47.064701,22.320951,KC-135R Stratotanker,301,460,0,False,mlat
ae1459,2026-07-19 01:23:13.163315,RCH209,06-6155,7703,29000,43.789101,23.79298,C-17A Globemaster,155,462,0,False,mlat
4d03c2,2026-07-19 01:23:13.163319,NATO21,LX-N90444,6133,29025,46.558941,25.430943,E-3G AWACS,301,418,-64,False,mlat
87cc0b,2026-07-19 01:23:13.163326,JF601,87-3601,7446,30975,30.008881,132.650543,KC-46A Pegasus,45,468,,False,adsb_icao
ae026f,2026-07-19 01:23:13.163330,UNK C/S,63-8012,6134,22000,25.8,55.3,KC-135R Stratotanker,203,398,0,False,mode_s
ae117e,2026-07-19 01:23:13.163335,RCH725,02-1112,3677,24475,11.3,-68.0,C-17A Globemaster,,,,False,mode_s
ae0159,2026-07-19 01:23:13.163340,UNK C/S,57-1512,7716,20975,31.7,35.7,KC-135R Stratotanker,352,402,0,False,mode_s
ae07f7,2026-07-19 01:23:13.163345,RCH727,97-0045,7432,35000,33.9,31.6,C-17A Globemaster,162,458,,False,mode_s
ae013f,2026-07-19 01:23:13.163351,UNK C/S,60-0358,2006,34975,48.5,-61.4,KC-135R Stratotanker,,,,False,mode_s
ae1236,2026-07-19 01:23:13.163356,RCH268,03-3125,2537,275,31.8,-81.3,C-17A Globemaster,,,,False,mode_s
ae0241,2026-07-19 01:23:13.163361,UNK C/S,63-8021,1544,Unavailable,25.8,55.2,KC-135R Stratotanker,,,,False,mode_s
ae0811,2026-07-19 01:24:13.542188,IROC61,00-0175,1200,5725,19.396502,-154.81369,C-17A Globemaster,220,261,960,False,adsb_icao
ae080e,2026-07-19 01:24:13.542206,RCH558,99-0168,5712,35000,59.202576,-141.725189,C-17A Globemaster,124,472,,False,adsb_icao
ae0679,2026-07-19 01:24:13.542210,RCH348,00-0174,3202,36000,48.701183,-125.19976,C-17A Globemaster,316,439,0,False,adsb_icao
ae0805,2026-07-19 01:24:13.542219,RCH404,99-0059,1451,38000,47.181698,-116.480362,C-17A Globemaster,261,379,0,False,mlat
ae2fad,2026-07-19 01:24:13.542224,RCH224,08-8201,2455,32000,39.450432,-105.209846,C-17A Globemaster,269,492,0,False,mlat
ae58ac,2026-07-19 01:24:13.542228,UNK C/S,61-0029,7653,27100,33.606636,-105.01387,B-52H Stratofortress,122,500,0,False,mlat
ae07d6,2026-07-19 01:24:13.542235,PITT57,92-3292,4030,36000,34.159882,-92.615646,C-17A Globemaster,232,462,,False,adsb_icao
ae1238,2026-07-19 01:24:13.542243,RCH692,03-3127,3017,15225,34.244061,-79.180183,C-17A Globemaster,18,414,,False,adsb_icao
ae123a,2026-07-19 01:24:13.542246,RCH861,04-4128,0522,400,38.820969,-76.867607,C-17A Globemaster,171,148,-673,False,mlat
ae080f,2026-07-19 01:24:13.542274,RCH538,99-0169,7352,21700,39.282887,-73.603554,C-17A Globemaster,185,436,-1987,False,mlat
ae20c2,2026-07-19 01:24:13.542278,RCH535,07-7181,2462,37975,42.058788,-71.744087,C-17A Globemaster,212,384,669,False,mlat
ae0588,2026-07-19 01:24:13.542283,RCH2009,87-0043,6251,33000,43.656002,-66.194664,C-5M Galaxy,50,488,0,False,mlat
477ff1,2026-07-19 01:24:13.542290,BRK48,01,7672,35000,53.040253,15.025177,C-17A Globemaster,132,441,160,False,adsb_icao
ae0808,2026-07-19 01:24:13.542295,RCH478,99-0062,7711,33000,45.510101,21.953331,C-17A Globemaster,143,447,0,False,mlat
ae0424,2026-07-19 01:24:13.542300,UNK C/S,60-0333,3421,34025,47.130226,22.163694,KC-135R Stratotanker,301,462,-32,False,mlat
ae1459,2026-07-19 01:24:13.542304,RCH209,06-6155,7703,29000,43.654087,23.818037,C-17A Globemaster,175,460,0,False,mlat
ae0159,2026-07-19 01:24:13.542310,UNK C/S,57-1512,7716,21000,31.676991,34.959114,KC-135R Stratotanker,319,400,96,False,mlat
87cc0b,2026-07-19 01:24:13.542315,JF601,87-3601,7446,30975,30.101166,132.758301,KC-46A Pegasus,45,470,0,False,adsb_icao
ae026f,2026-07-19 01:24:13.542320,UNK C/S,63-8012,6134,22000,25.8,55.3,KC-135R Stratotanker,171,382,0,False,mode_s
ae117e,2026-07-19 01:24:13.542326,RCH725,02-1112,3677,25225,11.4,-68.1,C-17A Globemaster,,,,False,mode_s
4d03c2,2026-07-19 01:24:13.542330,NATO21,LX-N90444,6133,29025,45.5,25.4,E-3G AWACS,302,420,-32,False,mode_s
ae07f7,2026-07-19 01:24:13.542336,RCH727,97-0045,7432,35000,34.0,32.5,C-17A Globemaster,,,,False,mode_s
ae05a6,2026-07-19 01:24:13.542341,UNK C/S,62-3533,1714,Unavailable,25.9,52.1,KC-135R Stratotanker,,,,False,mode_s
ae013f,2026-07-19 01:24:13.542346,UNK C/S,60-0358,2006,34975,48.3,-61.2,KC-135R Stratotanker,,,,False,mode_s
ae0811,2026-07-19 01:25:13.832141,IROC61,00-0175,1200,6400,19.344406,-154.86554,C-17A Globemaster,225,260,64,False,adsb_icao
ae080e,2026-07-19 01:25:13.832160,RCH558,99-0168,5712,35000,59.127533,-141.511963,C-17A Globemaster,124,472,,False,adsb_icao
ae0679,2026-07-19 01:25:13.832165,RCH348,00-0174,3202,36000,48.790558,-125.329353,C-17A Globemaster,316,444,0,False,adsb_icao
ae0805,2026-07-19 01:25:13.832175,RCH404,99-0059,1451,38000,47.168007,-116.629051,C-17A Globemaster,259,378,0,False,mlat
ae2fad,2026-07-19 01:25:13.832179,RCH224,08-8201,2455,32000,39.450661,-105.374474,C-17A Globemaster,271,449,0,False,mlat
ae58ac,2026-07-19 01:25:13.832183,UNK C/S,61-0029,7653,27100,33.530968,-104.869652,B-52H Stratofortress,125,501,0,False,mlat
ae07d6,2026-07-19 01:25:13.832191,PITT57,92-3292,4030,36000,34.08078,-92.738228,C-17A Globemaster,232,461,,False,adsb_icao
ae1238,2026-07-19 01:25:13.832198,RCH692,03-3127,3017,13725,34.352325,-79.136261,C-17A Globemaster,18,405,,False,adsb_icao
ae080f,2026-07-19 01:25:13.832203,RCH538,99-0169,7352,19675,39.211956,-73.709335,C-17A Globemaster,261,425,-2006,False,mlat
ae20c2,2026-07-19 01:25:13.832207,RCH535,07-7181,2462,38000,41.96785,-71.834328,C-17A Globemaster,229,413,0,False,mlat
ae0588,2026-07-19 01:25:13.832211,RCH2009,87-0043,6251,33000,43.753704,-66.02787,C-5M Galaxy,48,533,0,False,mlat
477ff1,2026-07-19 01:25:13.832218,BRK48,01,7672,35000,52.956894,15.177002,C-17A Globemaster,132,449,-32,False,adsb_icao
ae0424,2026-07-19 01:25:13.832223,UNK C/S,60-0333,3421,34000,47.198044,21.987316,KC-135R Stratotanker,300,462,0,False,mlat
ae0808,2026-07-19 01:25:13.832227,RCH478,99-0062,7711,33000,45.430122,22.045458,C-17A Globemaster,141,465,0,False,mlat
ae1459,2026-07-19 01:25:13.832230,RCH209,06-6155,7703,29000,43.52776,23.838869,C-17A Globemaster,174,467,0,False,mlat
4d03c2,2026-07-19 01:25:13.832234,NATO21,LX-N90444,6133,29025,46.681942,25.147799,E-3G AWACS,301,422,-64,False,mlat
ae0159,2026-07-19 01:25:13.832240,UNK C/S,57-1512,7716,21000,31.688311,34.960812,KC-135R Stratotanker,319,400,-32,False,mlat
87cc0b,2026-07-19 01:25:13.832245,JF601,87-3601,7446,30950,30.192719,132.865479,KC-46A Pegasus,45,471,-32,False,adsb_icao
ae026f,2026-07-19 01:25:13.832272,UNK C/S,63-8012,6134,22000,25.8,55.3,KC-135R Stratotanker,98,362,-64,False,mode_s
ae048c,2026-07-19 01:25:13.832282,UNK C/S,63-8883,Unavailable,Unavailable,25.8,55.3,KC-135R Stratotanker,,,,False,mode_s
ae117e,2026-07-19 01:25:13.832290,RCH725,02-1112,3677,25900,11.4,-68.1,C-17A Globemaster,,,,False,mode_s
ae07f7,2026-07-19 01:25:13.832299,RCH727,97-0045,7432,35000,34.0,32.0,C-17A Globemaster,,,,False,mode_s
ae05a6,2026-07-19 01:25:13.832306,UNK C/S,62-3533,1714,Unavailable,25.9,52.4,KC-135R Stratotanker,,,,False,mode_s
ae013f,2026-07-19 01:25:13.832316,UNK C/S,60-0358,2006,34975,47.6,-60.4,KC-135R Stratotanker,,,,False,mode_s
ae0811,2026-07-19 01:26:14.059391,IROC61,00-0175,1200,6400,19.293297,-154.921661,C-17A Globemaster,225,256,-192,False,adsb_icao
ae080e,2026-07-19 01:26:14.059410,RCH558,99-0168,5712,35000,59.053608,-141.303497,C-17A Globemaster,124,474,,False,adsb_icao
ae0679,2026-07-19 01:26:14.059416,RCH348,00-0174,3202,35975,48.879059,-125.458015,C-17A Globemaster,316,444,0,False,adsb_icao
ae0805,2026-07-19 01:26:14.059425,RCH404,99-0059,1451,38000,47.153893,-116.784859,C-17A Globemaster,264,370,0,False,mlat
ae2fad,2026-07-19 01:26:14.059429,RCH224,08-8201,2455,32000,39.450893,-105.551338,C-17A Globemaster,270,464,0,False,mlat
ae58ac,2026-07-19 01:26:14.059434,UNK C/S,61-0029,7653,27000,33.448963,-104.72435,B-52H Stratofortress,123,500,0,False,mlat
ae07d6,2026-07-19 01:26:14.059442,PITT57,92-3292,4030,36000,34.001862,-92.860146,C-17A Globemaster,232,458,,False,adsb_icao
ae1238,2026-07-19 01:26:14.059449,RCH692,03-3127,3017,12225,34.456879,-79.093605,C-17A Globemaster,18,390,,False,adsb_icao
ae080f,2026-07-19 01:26:14.059454,RCH538,99-0169,7352,18950,39.172298,-73.829277,C-17A Globemaster,246,379,-90,False,mlat
ae20c2,2026-07-19 01:26:14.059458,RCH535,07-7181,2462,38000,41.920933,-71.960861,C-17A Globemaster,246,363,0,False,mlat
ae0588,2026-07-19 01:26:14.059462,RCH2009,87-0043,6251,33000,43.843178,-65.881561,C-5M Galaxy,52,485,0,False,mlat
477ff1,2026-07-19 01:26:14.059469,BRK48,01,7672,35000,52.873055,15.329302,C-17A Globemaster,132,448,0,False,adsb_icao
ae0424,2026-07-19 01:26:14.059474,UNK C/S,60-0333,3421,34000,47.260952,21.835606,KC-135R Stratotanker,300,462,0,False,mlat
ae0808,2026-07-19 01:26:14.059477,RCH478,99-0062,7711,33000,45.316406,22.169834,C-17A Globemaster,142,443,0,False,mlat
ae1459,2026-07-19 01:26:14.059481,RCH209,06-6155,7703,29000,43.398026,23.857393,C-17A Globemaster,173,471,0,False,mlat
4d03c2,2026-07-19 01:26:14.059485,NATO21,LX-N90444,6133,29000,46.748615,24.991388,E-3G AWACS,302,420,-32,False,mlat
ae0159,2026-07-19 01:26:14.059491,UNK C/S,57-1512,7716,20975,31.798679,35.057644,KC-135R Stratotanker,276,386,64,False,mlat
87cc0b,2026-07-19 01:26:14.059497,JF601,87-3601,7446,30950,30.282852,132.971191,KC-46A Pegasus,45,473,0,False,adsb_icao
ae07f7,2026-07-19 01:26:14.059502,RCH727,97-0045,7432,35000,33.7,30.6,C-17A Globemaster,162,458,,False,mode_s
ae117e,2026-07-19 01:26:14.059507,RCH725,02-1112,3677,26675,11.3,-67.9,C-17A Globemaster,,,,False,mode_s
ae013f,2026-07-19 01:26:14.059515,UNK C/S,60-0358,2006,35000,47.6,-60.3,KC-135R Stratotanker,,,,False,mode_s
ae05a6,2026-07-19 01:26:14.059521,UNK C/S,62-3533,1714,Unavailable,25.9,52.9,KC-135R Stratotanker,,,,False,mode_s
ae026f,2026-07-19 01:26:14.059525,UNK C/S,63-8012,6134,22000,25.8,55.3,KC-135R Stratotanker,43,342,-32,False,mode_s
ae0811,2026-07-19 01:27:14.319604,IROC61,00-0175,1200,6400,19.243019,-154.975143,C-17A Globemaster,225,254,0,False,adsb_icao
ae080e,2026-07-19 01:27:14.319622,RCH558,99-0168,5712,35000,58.978683,-141.094025,C-17A Globemaster,124,474,,False,adsb_icao
ae0679,2026-07-19 01:27:14.319628,RCH348,00-0174,3202,36000,48.969185,-125.589996,C-17A Globemaster,316,447,0,False,adsb_icao
ae0805,2026-07-19 01:27:14.319638,RCH404,99-0059,1451,38000,47.139748,-116.926399,C-17A Globemaster,264,363,0,False,mlat
ae2fad,2026-07-19 01:27:14.319642,RCH224,08-8201,2455,32000,39.451061,-105.716766,C-17A Globemaster,270,471,0,False,mlat
ae58ac,2026-07-19 01:27:14.319647,UNK C/S,61-0029,7653,27100,33.376705,-104.593719,B-52H Stratofortress,126,502,0,False,mlat
ae07d6,2026-07-19 01:27:14.319655,PITT57,92-3292,4030,36000,33.922668,-92.982231,C-17A Globemaster,232,460,,False,adsb_icao
ae1238,2026-07-19 01:27:14.319663,RCH692,03-3127,3017,10825,34.557404,-79.052177,C-17A Globemaster,18,348,,False,adsb_icao
ae080f,2026-07-19 01:27:14.319667,RCH538,99-0169,7352,18975,39.129974,-73.967117,C-17A Globemaster,250,394,44,False,mlat
ae20c2,2026-07-19 01:27:14.319671,RCH535,07-7181,2462,38000,41.870602,-72.09053,C-17A Globemaster,242,388,0,False,mlat
ae0588,2026-07-19 01:27:14.319675,RCH2009,87-0043,6251,33000,43.938499,-65.728325,C-5M Galaxy,48,541,0,False,mlat
477ff1,2026-07-19 01:27:14.319682,BRK48,01,7672,35000,52.788391,15.481949,C-17A Globemaster,132,447,32,False,adsb_icao
ae0424,2026-07-19 01:27:14.319687,UNK C/S,60-0333,3421,34000,47.325577,21.671642,KC-135R Stratotanker,299,460,0,False,mlat
ae0808,2026-07-19 01:27:14.319691,RCH478,99-0062,7711,33225,45.219711,22.2766,C-17A Globemaster,142,440,420,False,mlat
ae1459,2026-07-19 01:27:14.319695,RCH209,06-6155,7703,29000,43.267887,23.875013,C-17A Globemaster,173,481,0,False,mlat
4d03c2,2026-07-19 01:27:14.319698,NATO21,LX-N90444,6133,29000,46.812321,24.840446,E-3G AWACS,301,418,96,False,mlat
ae0159,2026-07-19 01:27:14.319704,UNK C/S,57-1512,7716,20975,31.78689,35.07761,KC-135R Stratotanker,221,374,32,False,mlat
87cc0b,2026-07-19 01:27:14.319710,JF601,87-3601,7446,30975,30.378408,133.083435,KC-46A Pegasus,45,471,64,False,adsb_icao
ae07f7,2026-07-19 01:27:14.319714,RCH727,97-0045,7432,35000,33.6,30.0,C-17A Globemaster,162,456,-64,False,mode_s
ae117e,2026-07-19 01:27:14.319720,RCH725,02-1112,3677,27325,11.3,-68.0,C-17A Globemaster,,,,False,mode_s
ae013f,2026-07-19 01:27:14.319727,UNK C/S,60-0358,2006,35000,47.5,-60.2,KC-135R Stratotanker,,,,False,mode_s
ae026f,2026-07-19 01:27:14.319731,UNK C/S,63-8012,6134,22025,25.8,55.3,KC-135R Stratotanker,357,344,64,False,mode_s
ae0811,2026-07-19 01:28:14.580461,IROC61,00-0175,1200,6400,19.193254,-155.028229,C-17A Globemaster,225,251,-64,False,adsb_icao
ae080e,2026-07-19 01:28:14.580480,RCH558,99-0168,5712,35000,58.903477,-140.885635,C-17A Globemaster,125,473,,False,adsb_icao
ae0679,2026-07-19 01:28:14.580486,RCH348,00-0174,3202,35975,49.058441,-125.721199,C-17A Globemaster,315,446,0,False,adsb_icao
ae0805,2026-07-19 01:28:14.580495,RCH404,99-0059,1451,38000,47.12516,-117.074196,C-17A Globemaster,261,364,0,False,mlat
ae2fad,2026-07-19 01:28:14.580500,RCH224,08-8201,2455,32000,39.450989,-105.899094,C-17A Globemaster,269,482,0,False,mlat
ae58ac,2026-07-19 01:28:14.580504,UNK C/S,61-0029,7653,27000,33.297321,-104.452644,B-52H Stratofortress,125,496,0,False,mlat
ae07d6,2026-07-19 01:28:14.580512,PITT57,92-3292,4030,36000,33.84399,-93.102951,C-17A Globemaster,232,463,,False,adsb_icao
ae1238,2026-07-19 01:28:14.580519,RCH692,03-3127,3017,9375,34.640213,-79.018158,C-17A Globemaster,18,299,,False,adsb_icao
ae080f,2026-07-19 01:28:14.580524,RCH538,99-0169,7352,17325,39.088772,-74.091713,C-17A Globemaster,248,376,-1970,False,mlat
ae20c2,2026-07-19 01:28:14.580528,RCH535,07-7181,2462,38000,41.805313,-72.197266,C-17A Globemaster,209,400,0,False,mlat
ae0588,2026-07-19 01:28:14.580533,RCH2009,87-0043,6251,33000,44.025478,-65.581795,C-5M Galaxy,51,501,0,False,mlat
477ff1,2026-07-19 01:28:14.580540,BRK48,01,7672,35000,52.704906,15.631426,C-17A Globemaster,132,446,0,False,adsb_icao
ae0424,2026-07-19 01:28:14.580544,UNK C/S,60-0333,3421,34000,47.390991,21.50441,KC-135R Stratotanker,299,456,0,False,mlat
ae0808,2026-07-19 01:28:14.580548,RCH478,99-0062,7711,33825,45.122036,22.378925,C-17A Globemaster,142,434,591,False,mlat
ae1459,2026-07-19 01:28:14.580552,RCH209,06-6155,7703,29000,43.135365,23.894583,C-17A Globemaster,175,475,0,False,mlat
4d03c2,2026-07-19 01:28:14.580555,NATO21,LX-N90444,6133,29025,46.874035,24.695478,E-3G AWACS,301,416,96,False,mlat
ae0159,2026-07-19 01:28:14.580561,UNK C/S,57-1512,7716,20975,31.650108,34.984821,KC-135R Stratotanker,168,376,-96,False,mlat
87cc0b,2026-07-19 01:28:14.580567,JF601,87-3601,7446,30950,30.449959,133.167923,KC-46A Pegasus,45,466,0,False,adsb_icao
ae07f7,2026-07-19 01:28:14.580571,RCH727,97-0045,7432,35000,33.6,29.9,C-17A Globemaster,150,456,0,False,mode_s
ae117e,2026-07-19 01:28:14.580576,RCH725,02-1112,3677,28025,11.3,-68.0,C-17A Globemaster,,,,False,mode_s
ae013f,2026-07-19 01:28:14.580585,UNK C/S,60-0358,2006,Unavailable,47.4,-60.1,KC-135R Stratotanker,,,,False,mode_s
ae026f,2026-07-19 01:28:14.580590,UNK C/S,63-8012,6134,22000,25.6,56.4,KC-135R Stratotanker,348,354,0,False,mode_s
ae0811,2026-07-19 01:29:14.842343,IROC61,00-0175,1200,6400,19.144327,-155.079514,C-17A Globemaster,228,252,-64,False,adsb_icao
ae080e,2026-07-19 01:29:14.842363,RCH558,99-0168,5712,35000,58.827412,-140.677094,C-17A Globemaster,125,472,,False,adsb_icao
ae0679,2026-07-19 01:29:14.842368,RCH348,00-0174,3202,35975,49.146919,-125.853592,C-17A Globemaster,315,445,-64,False,adsb_icao
ae0805,2026-07-19 01:29:14.842377,RCH404,99-0059,1451,38000,47.110191,-117.228142,C-17A Globemaster,262,374,0,False,mlat
ae2fad,2026-07-19 01:29:14.842382,RCH224,08-8201,2455,32000,39.44968,-106.06591,C-17A Globemaster,271,434,0,False,mlat
ae58ac,2026-07-19 01:29:14.842387,UNK C/S,61-0029,7653,27000,33.220943,-104.316559,B-52H Stratofortress,123,478,0,False,mlat
ae07d6,2026-07-19 01:29:14.842395,PITT57,92-3292,4030,36000,33.764236,-93.224876,C-17A Globemaster,231,462,,False,adsb_icao
ae1238,2026-07-19 01:29:14.842402,RCH692,03-3127,3017,6500,34.719772,-78.985252,C-17A Globemaster,18,296,,False,adsb_icao
ae080f,2026-07-19 01:29:14.842406,RCH538,99-0169,7352,16150,39.040909,-74.206894,C-17A Globemaster,237,388,-248,False,mlat
ae20c2,2026-07-19 01:29:14.842410,RCH535,07-7181,2462,38000,41.69669,-72.261101,C-17A Globemaster,203,402,0,False,mlat
ae0588,2026-07-19 01:29:14.842414,RCH2009,87-0043,6251,33000,44.117073,-65.432259,C-5M Galaxy,50,520,0,False,mlat
477ff1,2026-07-19 01:29:14.842420,BRK48,01,7672,35000,52.620506,15.78139,C-17A Globemaster,132,445,-64,False,adsb_icao
ae0424,2026-07-19 01:29:14.842425,UNK C/S,60-0333,3421,34000,47.451008,21.347937,KC-135R Stratotanker,300,454,0,False,mlat
ae0808,2026-07-19 01:29:14.842429,RCH478,99-0062,7711,34275,45.037014,22.513903,C-17A Globemaster,122,435,466,False,mlat
ae1459,2026-07-19 01:29:14.842432,RCH209,06-6155,7703,29000,43.007145,23.913462,C-17A Globemaster,175,490,0,False,mlat
4d03c2,2026-07-19 01:29:14.842436,NATO21,LX-N90444,6133,29000,46.932201,24.55719,E-3G AWACS,301,416,-96,False,mlat
ae0159,2026-07-19 01:29:14.842442,UNK C/S,57-1512,7716,20975,31.609741,35.079941,KC-135R Stratotanker,139,382,-32,False,mlat
87cc0b,2026-07-19 01:29:14.842447,JF601,87-3601,7446,30975,30.543062,133.277893,KC-46A Pegasus,45,470,,False,adsb_icao
ae07f7,2026-07-19 01:29:14.842451,RCH727,97-0045,7432,35000,33.6,29.9,C-17A Globemaster,145,460,-32,False,mode_s
ae117e,2026-07-19 01:29:14.842458,RCH725,02-1112,3677,28575,11.3,-67.9,C-17A Globemaster,,,,False,mode_s
ae013f,2026-07-19 01:29:14.842465,UNK C/S,60-0358,2006,34975,47.4,-60.1,KC-135R Stratotanker,,,,False,mode_s
ae026f,2026-07-19 01:29:14.842470,UNK C/S,63-8012,6134,22000,25.8,55.3,KC-135R Stratotanker,348,360,-32,False,mode_s
ae048c,2026-07-19 01:29:14.842475,UNK C/S,63-8883,Unavailable,Unavailable,25.8,55.3,KC-135R Stratotanker,,,,False,mode_s
ae0811,2026-07-19 01:30:15.091219,IROC61,00-0175,1200,6400,19.139282,-155.085999,C-17A Globemaster,231,252,64,False,adsb_icao
ae080e,2026-07-19 01:30:15.091237,RCH558,99-0168,5712,35000,58.752323,-140.472565,C-17A Globemaster,125,473,,False,adsb_icao
ae0679,2026-07-19 01:30:15.091241,RCH348,00-0174,3202,35975,49.234531,-125.985641,C-17A Globemaster,315,446,0,False,adsb_icao
ae0805,2026-07-19 01:30:15.091273,RCH404,99-0059,1451,38000,47.096615,-117.368126,C-17A Globemaster,262,367,0,False,mlat
ae2fad,2026-07-19 01:30:15.091279,RCH224,08-8201,2455,32000,39.44833,-106.246765,C-17A Globemaster,268,476,-2,False,mlat
ae58ac,2026-07-19 01:30:15.091284,UNK C/S,61-0029,7653,27000,33.149574,-104.184784,B-52H Stratofortress,124,493,,False,mlat
ae07d6,2026-07-19 01:30:15.091292,PITT57,92-3292,4030,36000,33.685043,-93.345726,C-17A Globemaster,231,460,,False,adsb_icao
ae1238,2026-07-19 01:30:15.091299,RCH692,03-3127,3017,4250,34.797844,-78.9608,C-17A Globemaster,13,283,,False,adsb_icao
ae080f,2026-07-19 01:30:15.091304,RCH538,99-0169,7352,16150,38.988415,-74.311714,C-17A Globemaster,240,388,-36,False,mlat
ae20c2,2026-07-19 01:30:15.091307,RCH535,07-7181,2462,38000,41.592926,-72.32077,C-17A Globemaster,203,409,0,False,mlat
ae0588,2026-07-19 01:30:15.091312,RCH2009,87-0043,6251,33000,44.206097,-65.278908,C-5M Galaxy,50,507,0,False,mlat
477ff1,2026-07-19 01:30:15.091318,BRK48,01,7672,35000,52.536343,15.930254,C-17A Globemaster,132,443,32,False,adsb_icao
ae0424,2026-07-19 01:30:15.091323,UNK C/S,60-0333,3421,34000,47.520451,21.183149,KC-135R Stratotanker,301,454,128,False,mlat
ae0808,2026-07-19 01:30:15.091327,RCH478,99-0062,7711,34975,44.958691,22.655432,C-17A Globemaster,125,420,754,False,mlat
ae1459,2026-07-19 01:30:15.091330,RCH209,06-6155,7703,29000,42.877941,23.933161,C-17A Globemaster,173,468,0,False,mlat
4d03c2,2026-07-19 01:30:15.091334,NATO21,LX-N90444,6133,29325,46.997086,24.408604,E-3G AWACS,302,410,992,False,mlat
ae0159,2026-07-19 01:30:15.091341,UNK C/S,57-1512,7716,21000,31.59577,35.084496,KC-135R Stratotanker,139,384,-96,False,mlat
87cc0b,2026-07-19 01:30:15.091348,JF601,87-3601,7446,30975,30.638866,133.391434,KC-46A Pegasus,45,474,,False,adsb_icao
ae07f7,2026-07-19 01:30:15.091352,RCH727,97-0045,3301,34975,33.6,29.9,C-17A Globemaster,146,460,-32,False,mode_s
ae117e,2026-07-19 01:30:15.091359,RCH725,02-1112,3677,29100,11.3,-68.0,C-17A Globemaster,,,,False,mode_s
ae013f,2026-07-19 01:30:15.091368,UNK C/S,60-0358,2006,34975,47.4,-60.1,KC-135R Stratotanker,,,,False,mode_s
ae026f,2026-07-19 01:30:15.091373,UNK C/S,63-8012,6134,22000,26.5,55.0,KC-135R Stratotanker,,,,False,mode_s
ae048c,2026-07-19 01:30:15.091378,UNK C/S,63-8883,Unavailable,Unavailable,25.8,55.3,KC-135R Stratotanker,,,,False,mode_s
ae080e,2026-07-19 01:31:15.361481,RCH558,99-0168,5712,35000,58.674812,-140.263458,C-17A Globemaster,125,473,,False,adsb_icao
ae0679,2026-07-19 01:31:15.361497,RCH348,00-0174,3202,35975,49.323761,-126.120796,C-17A Globemaster,315,449,0,False,adsb_icao
ae0805,2026-07-19 01:31:15.361507,RCH404,99-0059,1451,38000,47.080254,-117.522163,C-17A Globemaster,262,375,0,False,mlat
ae2fad,2026-07-19 01:31:15.361513,RCH224,08-8201,2455,32000,39.447983,-106.415878,C-17A Globemaster,271,479,0,False,mlat
ae58ac,2026-07-19 01:31:15.361517,UNK C/S,61-0029,7653,27000,33.070435,-104.042412,B-52H Stratofortress,122,501,,False,mlat
ae07d6,2026-07-19 01:31:15.361524,PITT57,92-3292,4030,36000,33.60527,-93.466988,C-17A Globemaster,231,459,,False,adsb_icao
ae1238,2026-07-19 01:31:15.361532,RCH692,03-3127,3017,3000,34.874313,-78.939903,C-17A Globemaster,12,281,,False,adsb_icao
ae080f,2026-07-19 01:31:15.361536,RCH538,99-0169,7352,16150,38.924919,-74.424911,C-17A Globemaster,225,378,77,False,mlat
ae20c2,2026-07-19 01:31:15.361539,RCH535,07-7181,2462,38000,41.488033,-72.3797,C-17A Globemaster,203,404,0,False,mlat
ae0588,2026-07-19 01:31:15.361544,RCH2009,87-0043,6251,33000,44.300957,-65.120857,C-5M Galaxy,50,519,0,False,mlat
477ff1,2026-07-19 01:31:15.361550,BRK48,01,7672,35000,52.452969,16.077156,C-17A Globemaster,132,437,32,False,adsb_icao
ae0424,2026-07-19 01:31:15.361554,UNK C/S,60-0333,3421,34000,47.585522,21.023867,KC-135R Stratotanker,301,452,-96,False,mlat
ae0808,2026-07-19 01:31:15.361558,RCH478,99-0062,7711,35000,44.894367,22.773825,C-17A Globemaster,129,449,0,False,mlat
ae1459,2026-07-19 01:31:15.361561,RCH209,06-6155,7703,29000,42.747524,23.950344,C-17A Globemaster,175,466,0,False,mlat
4d03c2,2026-07-19 01:31:15.361565,NATO21,LX-N90444,6133,30000,47.051868,24.275726,E-3G AWACS,300,402,352,False,mlat
87cc0b,2026-07-19 01:31:15.361571,JF601,87-3601,7446,30975,30.744461,133.517059,KC-46A Pegasus,45,475,-32,False,adsb_icao
ae07f7,2026-07-19 01:31:15.361575,RCH727,97-0045,3301,35000,31.6,32.1,C-17A Globemaster,156,456,-64,False,mode_s
ae117e,2026-07-19 01:31:15.361580,RCH725,02-1112,3677,29700,11.3,-68.0,C-17A Globemaster,,,,False,mode_s
ae013f,2026-07-19 01:31:15.361589,UNK C/S,60-0358,2006,Unavailable,47.3,-60.1,KC-135R Stratotanker,,,,False,mode_s
ae0159,2026-07-19 01:31:15.361593,UNK C/S,57-1512,7716,21000,32.5,36.1,KC-135R Stratotanker,97,392,0,False,mode_s
ae026f,2026-07-19 01:31:15.361597,UNK C/S,63-8012,6134,22000,25.9,51.0,KC-135R Stratotanker,302,386,0,False,mode_s
ae048c,2026-07-19 01:31:15.361601,UNK C/S,63-8883,Unavailable,Unavailable,25.8,55.3,KC-135R Stratotanker,,,,False,mode_s
ae080e,2026-07-19 01:32:15.595484,RCH558,99-0168,5712,35000,58.598923,-140.06044,C-17A Globemaster,125,470,,False,adsb_icao
ae0679,2026-07-19 01:32:15.595502,RCH348,00-0174,3202,35975,49.412064,-126.255028,C-17A Globemaster,315,449,0,False,adsb_icao
ae0805,2026-07-19 01:32:15.595513,RCH404,99-0059,1451,38025,47.066265,-117.672295,C-17A Globemaster,264,371,76,False,mlat
ae2fad,2026-07-19 01:32:15.595519,RCH224,08-8201,2455,32000,39.446465,-106.595879,C-17A Globemaster,268,479,0,False,mlat
ae58ac,2026-07-19 01:32:15.595524,UNK C/S,61-0029,7653,27000,33.003304,-103.933571,B-52H Stratofortress,123,481,0,False,mlat
ae07d6,2026-07-19 01:32:15.595533,PITT57,92-3292,4030,36000,33.525803,-93.587318,C-17A Globemaster,231,459,,False,adsb_icao
ae1238,2026-07-19 01:32:15.595541,RCH692,03-3127,3017,3025,34.951859,-78.918663,C-17A Globemaster,12,285,,False,adsb_icao
ae080f,2026-07-19 01:32:15.595546,RCH538,99-0169,7352,16150,38.858166,-74.516937,C-17A Globemaster,230,365,0,False,mlat
ae20c2,2026-07-19 01:32:15.595551,RCH535,07-7181,2462,38000,41.385132,-72.440407,C-17A Globemaster,203,417,0,False,mlat
ae0588,2026-07-19 01:32:15.595556,RCH2009,87-0043,6251,33000,44.380093,-64.987816,C-5M Galaxy,52,504,0,False,mlat
477ff1,2026-07-19 01:32:15.595562,BRK48,01,7672,35000,52.37001,16.222097,C-17A Globemaster,133,440,-64,False,adsb_icao
ae0424,2026-07-19 01:32:15.595567,UNK C/S,60-0333,3421,34000,47.646648,20.873314,KC-135R Stratotanker,300,450,-96,False,mlat
ae0808,2026-07-19 01:32:15.595571,RCH478,99-0062,7711,35000,44.818268,22.908279,C-17A Globemaster,130,466,51,False,mlat
ae1459,2026-07-19 01:32:15.595574,RCH209,06-6155,7703,29000,42.623138,23.970537,C-17A Globemaster,172,476,0,False,mlat
4d03c2,2026-07-19 01:32:15.595578,NATO21,LX-N90444,6133,30025,47.101749,24.174646,E-3G AWACS,302,410,192,False,mlat
87cc0b,2026-07-19 01:32:15.595585,JF601,87-3601,7446,30975,30.822004,133.609512,KC-46A Pegasus,45,475,-32,False,adsb_icao
ae07f7,2026-07-19 01:32:15.595589,RCH727,97-0045,3301,35000,34.5,31.7,C-17A Globemaster,,,,False,mode_s
ae117e,2026-07-19 01:32:15.595596,RCH725,02-1112,3677,30450,11.6,-67.9,C-17A Globemaster,,,,False,mode_s
ae4f14,2026-07-19 01:32:15.595604,RCH349,10-0220,Unavailable,Unavailable,36.2,-125.6,C-17A Globemaster,,,,False,mode_s
ae013f,2026-07-19 01:32:15.595608,UNK C/S,60-0358,2006,34975,47.3,-60.2,KC-135R Stratotanker,,,,False,mode_s
ae0159,2026-07-19 01:32:15.595613,UNK C/S,57-1512,7716,21000,32.2,35.5,KC-135R Stratotanker,41,404,32,False,mode_s
ae026f,2026-07-19 01:32:15.595617,UNK C/S,63-8012,6134,22000,26.5,55.0,KC-135R Stratotanker,256,388,,False,mode_s
ae048c,2026-07-19 01:32:15.595622,UNK C/S,63-8883,3646,20475,25.9,51.1,KC-135R Stratotanker,104,424,32,False,mode_s
ae080e,2026-07-19 01:33:15.872300,RCH558,99-0168,5712,35000,58.521843,-139.856049,C-17A Globemaster,125,472,,False,adsb_icao
ae0679,2026-07-19 01:33:15.872320,RCH348,00-0174,3202,35975,49.500576,-126.390358,C-17A Globemaster,315,445,64,False,adsb_icao
ae0805,2026-07-19 01:33:15.872331,RCH404,99-0059,1451,38000,47.065178,-117.820976,C-17A Globemaster,270,384,0,False,mlat
ae2fad,2026-07-19 01:33:15.872338,RCH224,08-8201,2455,32000,39.44408,-106.769516,C-17A Globemaster,270,476,0,False,mlat
ae58ac,2026-07-19 01:33:15.872344,UNK C/S,61-0029,7653,27000,32.913761,-103.768036,B-52H Stratofortress,125,495,,False,mlat
ae07d6,2026-07-19 01:33:15.872352,PITT57,92-3292,4030,36000,33.446503,-93.707008,C-17A Globemaster,231,457,,False,adsb_icao
ae1238,2026-07-19 01:33:15.872360,RCH692,03-3127,3017,3000,35.029861,-78.897591,C-17A Globemaster,4,280,,False,adsb_icao
ae080f,2026-07-19 01:33:15.872364,RCH538,99-0169,7352,16150,38.789299,-74.606995,C-17A Globemaster,227,363,0,False,mlat
ae20c2,2026-07-19 01:33:15.872368,RCH535,07-7181,2462,38000,41.289677,-72.495712,C-17A Globemaster,198,405,78,False,mlat
ae0588,2026-07-19 01:33:15.872373,RCH2009,87-0043,6251,33000,44.4758,-64.82029,C-5M Galaxy,52,509,0,False,mlat
477ff1,2026-07-19 01:33:15.872379,BRK48,01,7672,35000,52.285858,16.368484,C-17A Globemaster,133,442,-96,False,adsb_icao
ae0424,2026-07-19 01:33:15.872384,UNK C/S,60-0333,3421,34000,47.711342,20.714771,KC-135R Stratotanker,300,452,32,False,mlat
ae0808,2026-07-19 01:33:15.872388,RCH478,99-0062,7711,35000,44.700478,23.032846,C-17A Globemaster,154,454,0,False,mlat
ae1459,2026-07-19 01:33:15.872392,RCH209,06-6155,7703,29000,42.492855,23.986492,C-17A Globemaster,175,459,0,False,mlat
4d03c2,2026-07-19 01:33:15.872396,NATO21,LX-N90444,6133,30025,47.155609,24.03973,E-3G AWACS,301,416,96,False,mlat
87cc0b,2026-07-19 01:33:15.872402,JF601,87-3601,7446,30975,30.9272,133.735382,KC-46A Pegasus,46,475,,False,adsb_icao
ae07f7,2026-07-19 01:33:15.872407,RCH727,97-0045,3301,34975,31.6,31.6,C-17A Globemaster,157,460,,False,mode_s
ae117e,2026-07-19 01:33:15.872412,RCH725,02-1112,3677,31000,11.3,-68.0,C-17A Globemaster,,,,False,mode_s
ae013f,2026-07-19 01:33:15.872421,UNK C/S,60-0358,2006,35000,47.3,-60.1,KC-135R Stratotanker,,,,False,mode_s
ae0159,2026-07-19 01:33:15.872425,UNK C/S,57-1512,7716,20975,32.1,36.1,KC-135R Stratotanker,342,406,-32,False,mode_s
ae026f,2026-07-19 01:33:15.872430,UNK C/S,63-8012,6134,22000,25.9,51.0,KC-135R Stratotanker,183,378,0,False,mode_s
ae048c,2026-07-19 01:33:15.872434,UNK C/S,63-8883,3646,20475,25.9,51.3,KC-135R Stratotanker,,,32,False,mode_s
ae080e,2026-07-19 01:34:16.175961,RCH558,99-0168,5712,35000,58.445404,-139.65509,C-17A Globemaster,126,476,,False,adsb_icao
ae0679,2026-07-19 01:34:16.175979,RCH348,00-0174,3202,36000,49.588623,-126.52549,C-17A Globemaster,315,445,-64,False,adsb_icao
ae0805,2026-07-19 01:34:16.175990,RCH404,99-0059,1451,38000,47.064133,-117.975807,C-17A Globemaster,270,383,0,False,mlat
ae2fad,2026-07-19 01:34:16.175997,RCH224,08-8201,2455,32000,39.442631,-106.94278,C-17A Globemaster,268,475,0,False,mlat
ae58ac,2026-07-19 01:34:16.176002,UNK C/S,61-0029,7653,27000,32.84623,-103.657982,B-52H Stratofortress,124,506,,False,mlat
ae07d6,2026-07-19 01:34:16.176010,PITT57,92-3292,4030,36000,33.366966,-93.826775,C-17A Globemaster,231,457,,False,adsb_icao
ae1238,2026-07-19 01:34:16.176017,RCH692,03-3127,3017,2350,35.088684,-78.927574,C-17A Globemaster,354,206,,False,adsb_icao
ae080f,2026-07-19 01:34:16.176021,RCH538,99-0169,7352,16150,38.716106,-74.714615,C-17A Globemaster,228,370,0,False,mlat
ae20c2,2026-07-19 01:34:16.176025,RCH535,07-7181,2462,38000,41.179821,-72.545715,C-17A Globemaster,195,419,0,False,mlat
ae0588,2026-07-19 01:34:16.176029,RCH2009,87-0043,6251,33000,44.576336,-64.65303,C-5M Galaxy,52,517,0,False,mlat
477ff1,2026-07-19 01:34:16.176034,BRK48,01,7672,35000,52.201027,16.51512,C-17A Globemaster,133,442,-32,False,adsb_icao
ae0424,2026-07-19 01:34:16.176039,UNK C/S,60-0333,3421,34025,47.778248,20.545588,KC-135R Stratotanker,300,452,0,False,mlat
ae0808,2026-07-19 01:34:16.176043,RCH478,99-0062,7711,35000,44.595688,23.123039,C-17A Globemaster,147,471,0,False,mlat
4d03c2,2026-07-19 01:34:16.176047,NATO21,LX-N90444,6133,30000,47.231426,23.842428,E-3G AWACS,301,422,32,False,mlat
ae1459,2026-07-19 01:34:16.176051,RCH209,06-6155,7703,29000,42.361683,24.007561,C-17A Globemaster,175,469,0,False,mlat
87cc0b,2026-07-19 01:34:16.176057,JF601,87-3601,7446,30975,31.020859,133.847778,KC-46A Pegasus,46,476,,False,adsb_icao
ae07f7,2026-07-19 01:34:16.176062,RCH727,97-0045,3301,Unavailable,34.4,31.5,C-17A Globemaster,,,,False,mode_s
ae117e,2026-07-19 01:34:16.176068,RCH725,02-1112,3677,31000,11.2,-67.8,C-17A Globemaster,,,,False,mode_s
ae013f,2026-07-19 01:34:16.176077,UNK C/S,60-0358,2006,34975,47.3,-60.1,KC-135R Stratotanker,,,,False,mode_s
ae0159,2026-07-19 01:34:16.176081,UNK C/S,57-1512,7716,21000,31.8,33.7,KC-135R Stratotanker,319,402,0,False,mode_s
ae026f,2026-07-19 01:34:16.176085,UNK C/S,63-8012,6134,22025,26.4,55.3,KC-135R Stratotanker,168,376,0,False,mode_s
ae048c,2026-07-19 01:34:16.176090,UNK C/S,63-8883,3646,Unavailable,25.9,51.3,KC-135R Stratotanker,,,,False,mode_s
ae080e,2026-07-19 01:35:16.460600,RCH558,99-0168,5712,35000,58.367203,-139.451141,C-17A Globemaster,126,475,,False,adsb_icao
ae0679,2026-07-19 01:35:16.460619,RCH348,00-0174,3202,35975,49.674683,-126.658562,C-17A Globemaster,314,439,0,False,adsb_icao
ae0805,2026-07-19 01:35:16.460629,RCH404,99-0059,1451,38000,47.064007,-118.129463,C-17A Globemaster,270,389,0,False,mlat
ae2fad,2026-07-19 01:35:16.460636,RCH224,08-8201,2455,32000,39.440002,-107.104576,C-17A Globemaster,272,464,0,False,mlat
ae58ac,2026-07-19 01:35:16.460641,UNK C/S,61-0029,7653,27000,32.75531,-103.5028,B-52H Stratofortress,123,528,,False,mlat
ae07d6,2026-07-19 01:35:16.460649,PITT57,92-3292,4030,36000,33.287842,-93.945412,C-17A Globemaster,231,457,,False,adsb_icao
ae1238,2026-07-19 01:35:16.460656,RCH692,03-3127,3017,1900,35.141418,-78.925835,C-17A Globemaster,4,176,,False,adsb_icao
ae080f,2026-07-19 01:35:16.460660,RCH538,99-0169,7352,16150,38.631359,-74.775719,C-17A Globemaster,186,394,-4,False,mlat
ae20c2,2026-07-19 01:35:16.460664,RCH535,07-7181,2462,38000,41.065159,-72.570457,C-17A Globemaster,190,410,-37,False,mlat
ae0588,2026-07-19 01:35:16.460668,RCH2009,87-0043,6251,33000,44.654873,-64.50988,C-5M Galaxy,50,578,0,False,mlat
477ff1,2026-07-19 01:35:16.460674,BRK48,01,7672,35000,52.116211,16.66069,C-17A Globemaster,133,449,-32,False,adsb_icao
ae0424,2026-07-19 01:35:16.460679,UNK C/S,60-0333,3421,34000,47.842785,20.387907,KC-135R Stratotanker,300,450,96,False,mlat
ae0808,2026-07-19 01:35:16.460683,RCH478,99-0062,7711,35000,44.483826,23.216698,C-17A Globemaster,148,458,0,False,mlat
4d03c2,2026-07-19 01:35:16.460687,NATO21,LX-N90444,6133,30025,47.292885,23.691259,E-3G AWACS,301,424,32,False,mlat
ae1459,2026-07-19 01:35:16.460690,RCH209,06-6155,7703,29000,42.218021,24.025599,C-17A Globemaster,174,515,0,False,mlat
ae0159,2026-07-19 01:35:16.460696,UNK C/S,57-1512,7716,20975,31.797068,35.058022,KC-135R Stratotanker,319,404,-64,False,mlat
87cc0b,2026-07-19 01:35:16.460701,JF601,87-3601,7446,30975,31.114445,133.960251,KC-46A Pegasus,46,476,-32,False,adsb_icao
ae07f7,2026-07-19 01:35:16.460705,RCH727,97-0045,3301,35000,31.5,31.6,C-17A Globemaster,,,32,False,mode_s
ae117e,2026-07-19 01:35:16.460711,RCH725,02-1112,3677,31025,11.2,-67.8,C-17A Globemaster,,,,False,mode_s
ae026f,2026-07-19 01:35:16.460719,UNK C/S,63-8012,6134,22025,25.8,55.3,KC-135R Stratotanker,168,378,0,False,mode_s
ae080e,2026-07-19 01:36:16.717849,RCH558,99-0168,5712,35000,58.287918,-139.246399,C-17A Globemaster,126,474,,False,adsb_icao
ae0679,2026-07-19 01:36:16.717866,RCH348,00-0174,3202,35975,49.761501,-126.793655,C-17A Globemaster,314,440,0,False,adsb_icao
ae0805,2026-07-19 01:36:16.717876,RCH404,99-0059,1451,38000,47.062405,-118.285271,C-17A Globemaster,268,387,0,False,mlat
ae2fad,2026-07-19 01:36:16.717883,RCH224,08-8201,2455,32025,39.437817,-107.278038,C-17A Globemaster,270,486,71,False,mlat
ae58ac,2026-07-19 01:36:16.717888,UNK C/S,61-0029,7653,27000,32.687607,-103.375595,B-52H Stratofortress,126,504,,False,mlat
ae07d6,2026-07-19 01:36:16.717896,PITT57,92-3292,4030,36000,33.207916,-94.064888,C-17A Globemaster,231,454,,False,adsb_icao
ae1238,2026-07-19 01:36:16.717903,RCH692,03-3127,3017,1850,35.185959,-78.934357,C-17A Globemaster,331,153,,False,adsb_icao
ae080f,2026-07-19 01:36:16.717907,RCH538,99-0169,7352,16150,38.525646,-74.81076,C-17A Globemaster,198,378,0,False,mlat
ae20c2,2026-07-19 01:36:16.717911,RCH535,07-7181,2462,38000,40.949226,-72.591766,C-17A Globemaster,187,418,0,False,mlat
ae0588,2026-07-19 01:36:16.717915,RCH2009,87-0043,6251,33000,44.755684,-64.344215,C-5M Galaxy,54,496,0,False,mlat
477ff1,2026-07-19 01:36:16.717920,BRK48,01,7672,35000,52.029247,16.808847,C-17A Globemaster,133,454,32,False,adsb_icao
ae0424,2026-07-19 01:36:16.717925,UNK C/S,60-0333,3421,34000,47.904026,20.22875,KC-135R Stratotanker,300,450,0,False,mlat
ae0808,2026-07-19 01:36:16.717928,RCH478,99-0062,7711,35000,44.372433,23.311069,C-17A Globemaster,148,448,0,False,mlat
4d03c2,2026-07-19 01:36:16.717932,NATO21,LX-N90444,6133,30000,47.349342,23.55254,E-3G AWACS,300,426,-96,False,mlat
ae1459,2026-07-19 01:36:16.717936,RCH209,06-6155,7703,29000,42.095383,24.04467,C-17A Globemaster,175,488,0,False,mlat
87cc0b,2026-07-19 01:36:16.717943,JF601,87-3601,7446,30975,31.206253,134.071228,KC-46A Pegasus,46,477,-32,False,adsb_icao
ae07f7,2026-07-19 01:36:16.717947,RCH727,97-0045,3301,35000,32.2,31.7,C-17A Globemaster,,,,False,mode_s
ae117e,2026-07-19 01:36:16.717953,RCH725,02-1112,3677,31000,11.9,-67.6,C-17A Globemaster,,,,False,mode_s
ae4f14,2026-07-19 01:36:16.717959,RCH349,10-0220,Unavailable,35000,34.7,-124.3,C-17A Globemaster,,,,False,mode_s
ae0159,2026-07-19 01:36:16.717964,UNK C/S,57-1512,7716,20975,32.7,35.0,KC-135R Stratotanker,265,386,0,False,mode_s
ae026f,2026-07-19 01:36:16.717968,UNK C/S,63-8012,6134,22000,27.0,54.4,KC-135R Stratotanker,167,384,0,False,mode_s
ae080e,2026-07-19 01:37:16.961817,RCH558,99-0168,5712,35000,58.229233,-139.095779,C-17A Globemaster,126,476,,False,adsb_icao
ae0679,2026-07-19 01:37:16.961834,RCH348,00-0174,3202,35975,49.847305,-126.92765,C-17A Globemaster,314,437,0,False,adsb_icao
ae0805,2026-07-19 01:37:16.961843,RCH404,99-0059,1451,38000,47.060764,-118.449249,C-17A Globemaster,266,400,0,False,mlat
ae2fad,2026-07-19 01:37:16.961849,RCH224,08-8201,2455,32000,39.437527,-107.454277,C-17A Globemaster,271,474,0,False,mlat
ae58ac,2026-07-19 01:37:16.961854,UNK C/S,61-0029,7653,27000,32.614323,-103.236336,B-52H Stratofortress,128,517,0,False,mlat
ae07d6,2026-07-19 01:37:16.961861,PITT57,92-3292,4030,36000,33.129597,-94.181641,C-17A Globemaster,231,454,,False,adsb_icao
ae1238,2026-07-19 01:37:16.961868,RCH692,03-3127,3017,1100,35.20784,-78.966026,C-17A Globemaster,273,116,,False,adsb_icao
ae080f,2026-07-19 01:37:16.961873,RCH538,99-0169,7352,16150,38.423401,-74.849236,C-17A Globemaster,193,401,0,False,mlat
ae20c2,2026-07-19 01:37:16.961876,RCH535,07-7181,2462,38000,40.835735,-72.61721,C-17A Globemaster,190,408,0,False,mlat
ae0588,2026-07-19 01:37:16.961881,RCH2009,87-0043,6251,33000,44.846001,-64.187592,C-5M Galaxy,51,523,0,False,mlat
477ff1,2026-07-19 01:37:16.961886,BRK48,01,7672,35000,51.942169,16.956711,C-17A Globemaster,133,454,-32,False,adsb_icao
ae0424,2026-07-19 01:37:16.961891,UNK C/S,60-0333,3421,34000,47.969566,20.064472,KC-135R Stratotanker,300,446,0,False,mlat
ae0808,2026-07-19 01:37:16.961895,RCH478,99-0062,7711,35000,44.264957,23.401648,C-17A Globemaster,149,451,0,False,mlat
4d03c2,2026-07-19 01:37:16.961899,NATO21,LX-N90444,6133,30000,47.409946,23.403772,E-3G AWACS,300,428,-64,False,mlat
ae1459,2026-07-19 01:37:16.961902,RCH209,06-6155,7703,29000,41.971729,24.062569,C-17A Globemaster,173,468,0,False,mlat
87cc0b,2026-07-19 01:37:16.961909,JF601,87-3601,7446,30975,31.223516,134.092087,KC-46A Pegasus,46,478,,False,adsb_icao
ae07f7,2026-07-19 01:37:16.961913,RCH727,97-0045,3301,35000,33.1,30.6,C-17A Globemaster,,,64,False,mode_s
ae117e,2026-07-19 01:37:16.961919,RCH725,02-1112,3677,31000,17.3,-66.3,C-17A Globemaster,,,,False,mode_s
ae4f14,2026-07-19 01:37:16.961925,RCH349,10-0220,Unavailable,35000,34.7,-124.3,C-17A Globemaster,,,,False,mode_s
ae013f,2026-07-19 01:37:16.961930,UNK C/S,60-0358,2006,Unavailable,48.1,-54.2,KC-135R Stratotanker,,,,False,mode_s
ae0159,2026-07-19 01:37:16.961934,UNK C/S,57-1512,7716,20975,32.5,34.7,KC-135R Stratotanker,255,384,32,False,mode_s
ae026f,2026-07-19 01:37:16.961938,UNK C/S,63-8012,6134,22025,25.8,55.3,KC-135R Stratotanker,122,372,0,False,mode_s
ae080e,2026-07-19 01:38:17.402038,RCH558,99-0168,5712,35000,58.131134,-138.846191,C-17A Globemaster,126,475,,False,adsb_icao
ae0679,2026-07-19 01:38:17.402055,RCH348,00-0174,3202,35975,49.932255,-127.060966,C-17A Globemaster,314,432,-64,False,adsb_icao
ae0805,2026-07-19 01:38:17.402063,RCH404,99-0059,1451,38000,47.059395,-118.600075,C-17A Globemaster,269,388,0,False,mlat
ae2fad,2026-07-19 01:38:17.402069,RCH224,08-8201,2455,32000,39.427219,-107.632271,C-17A Globemaster,264,484,0,False,mlat
ae58ac,2026-07-19 01:38:17.402074,UNK C/S,61-0029,7653,27100,32.530804,-103.087784,B-52H Stratofortress,121,492,0,False,mlat
ae07d6,2026-07-19 01:38:17.402082,PITT57,92-3292,4030,36000,33.050995,-94.298294,C-17A Globemaster,231,451,,False,adsb_icao
ae1238,2026-07-19 01:38:17.402090,RCH692,03-3127,3017,525,35.18935,-78.994614,C-17A Globemaster,221,111,,False,adsb_icao
ae080f,2026-07-19 01:38:17.402094,RCH538,99-0169,7352,16150,38.322353,-74.884399,C-17A Globemaster,199,387,0,False,mlat
ae20c2,2026-07-19 01:38:17.402098,RCH535,07-7181,2462,38000,40.71944,-72.640289,C-17A Globemaster,189,428,0,False,mlat
ae0588,2026-07-19 01:38:17.402102,RCH2009,87-0043,6251,33000,44.934711,-64.032372,C-5M Galaxy,52,523,0,False,mlat
477ff1,2026-07-19 01:38:17.402107,BRK48,01,7672,35000,51.855652,17.102669,C-17A Globemaster,133,451,-64,False,adsb_icao
ae0424,2026-07-19 01:38:17.402112,UNK C/S,60-0333,3421,34000,48.032227,19.905327,KC-135R Stratotanker,300,444,-128,False,mlat
4d03c2,2026-07-19 01:38:17.402115,NATO21,LX-N90444,6133,30000,47.474232,23.244656,E-3G AWACS,300,430,32,False,mlat
ae0808,2026-07-19 01:38:17.402119,RCH478,99-0062,7711,35000,44.155293,23.493946,C-17A Globemaster,148,454,0,False,mlat
ae1459,2026-07-19 01:38:17.402122,RCH209,06-6155,7703,29000,41.829697,24.081709,C-17A Globemaster,174,479,0,False,mlat
87cc0b,2026-07-19 01:38:17.402128,JF601,87-3601,7446,30975,31.358917,134.256317,KC-46A Pegasus,46,479,32,False,adsb_icao
ae07f7,2026-07-19 01:38:17.402133,RCH727,97-0045,3301,35000,33.4,30.2,C-17A Globemaster,,,,False,mode_s
ae117e,2026-07-19 01:38:17.402140,RCH725,02-1112,3677,31000,17.8,-66.1,C-17A Globemaster,,,,False,mode_s
ae026f,2026-07-19 01:38:17.402147,UNK C/S,63-8012,6134,22025,25.8,55.3,KC-135R Stratotanker,60,368,0,False,mode_s
ae080e,2026-07-19 01:39:17.692716,RCH558,99-0168,5712,35000,58.050751,-138.643738,C-17A Globemaster,126,476,,False,adsb_icao
ae0679,2026-07-19 01:39:17.692733,RCH348,00-0174,3202,36000,50.016953,-127.195007,C-17A Globemaster,314,434,0,False,adsb_icao
06a27a,2026-07-19 01:39:17.692738,LHOB244,A7-MAM,2674,-150,49.188034,-123.189415,C-17A Globemaster,280,163,0,False,adsb_icao
ae0805,2026-07-19 01:39:17.692745,RCH404,99-0059,1451,37975,47.057812,-118.770531,C-17A Globemaster,268,382,0,False,mlat
ae2fad,2026-07-19 01:39:17.692750,RCH224,08-8201,2455,32000,39.414219,-107.803619,C-17A Globemaster,264,487,0,False,mlat
ae58ac,2026-07-19 01:39:17.692756,UNK C/S,61-0029,7653,27100,32.445332,-102.942764,B-52H Stratofortress,123,482,0,False,mlat
ae07d6,2026-07-19 01:39:17.692763,PITT57,92-3292,4030,36000,32.971207,-94.416451,C-17A Globemaster,231,453,,False,adsb_icao
ae1238,2026-07-19 01:39:17.692770,RCH692,03-3127,3017,400,35.184738,-78.999596,C-17A Globemaster,221,114,,False,adsb_icao
ae080f,2026-07-19 01:39:17.692775,RCH538,99-0169,7352,16150,38.219799,-74.925995,C-17A Globemaster,196,415,0,False,mlat
ae20c2,2026-07-19 01:39:17.692778,RCH535,07-7181,2462,38000,40.602615,-72.661766,C-17A Globemaster,190,397,0,False,mlat
ae0588,2026-07-19 01:39:17.692783,RCH2009,87-0043,6251,33000,45.024651,-63.870129,C-5M Galaxy,52,512,0,False,mlat
477ff1,2026-07-19 01:39:17.692787,BRK48,01,7672,35000,51.767113,17.251205,C-17A Globemaster,134,450,96,False,adsb_icao
ae0424,2026-07-19 01:39:17.692791,UNK C/S,60-0333,3421,34000,48.095638,19.745228,KC-135R Stratotanker,300,440,0,False,mlat
4d03c2,2026-07-19 01:39:17.692795,NATO21,LX-N90444,6133,30000,47.536354,23.091373,E-3G AWACS,300,430,-64,False,mlat
ae0808,2026-07-19 01:39:17.692799,RCH478,99-0062,7711,35000,44.044144,23.586079,C-17A Globemaster,148,469,0,False,mlat
ae1459,2026-07-19 01:39:17.692802,RCH209,06-6155,7703,29000,41.721317,24.09623,C-17A Globemaster,176,472,0,False,mlat
87cc0b,2026-07-19 01:39:17.692808,JF601,87-3601,7446,30975,31.478903,134.402237,KC-46A Pegasus,46,478,0,False,adsb_icao
ae07f7,2026-07-19 01:39:17.692813,RCH727,97-0045,3301,Unavailable,31.6,32.0,C-17A Globemaster,,,0,False,mode_s
ae038b,2026-07-19 01:39:17.692817,UNK C/S,62-3543,5303,300,32.8,33.2,KC-135R Stratotanker,,,,False,mode_s
ae117e,2026-07-19 01:39:17.692823,RCH725,02-1112,3677,31000,18.1,-65.8,C-17A Globemaster,,,,False,mode_s
ae63b8,2026-07-19 01:39:17.692831,CABAL62,20-46076,Unavailable,Unavailable,34.7,-124.3,KC-46A Pegasus,,,,False,mode_s
ae4f14,2026-07-19 01:39:17.692834,RCH349,10-0220,Unavailable,Unavailable,38.1,-124.1,C-17A Globemaster,,,,False,mode_s
ae026f,2026-07-19 01:39:17.692840,UNK C/S,63-8012,6134,22000,25.8,55.3,KC-135R Stratotanker,0,378,32,False,mode_s
ae080e,2026-07-19 01:40:17.938297,RCH558,99-0168,5712,35000,57.971649,-138.446075,C-17A Globemaster,127,476,,False,adsb_icao
ae0679,2026-07-19 01:40:17.938314,RCH348,00-0174,3202,35975,50.100494,-127.327492,C-17A Globemaster,314,432,64,False,adsb_icao
06a27a,2026-07-19 01:40:17.938320,LHOB244,A7-MAM,2674,1250,49.19836,-123.269638,C-17A Globemaster,280,208,1920,False,adsb_icao
ae0805,2026-07-19 01:40:17.938327,RCH404,99-0059,1451,36400,47.055412,-118.92794,C-17A Globemaster,269,398,-1753,False,mlat
ae2fad,2026-07-19 01:40:17.938333,RCH224,08-8201,2455,32000,39.399834,-107.970085,C-17A Globemaster,264,482,0,False,mlat
ae58ac,2026-07-19 01:40:17.938339,UNK C/S,61-0029,7653,27100,32.368507,-102.810204,B-52H Stratofortress,124,490,0,False,mlat
ae07d6,2026-07-19 01:40:17.938347,PITT57,92-3292,4030,36000,32.892654,-94.532463,C-17A Globemaster,231,451,,False,adsb_icao
ae080f,2026-07-19 01:40:17.938355,RCH538,99-0169,7352,16150,38.120274,-74.957588,C-17A Globemaster,192,404,0,False,mlat
ae20c2,2026-07-19 01:40:17.938359,RCH535,07-7181,2462,38000,40.486176,-72.687515,C-17A Globemaster,191,413,0,False,mlat
ae0588,2026-07-19 01:40:17.938364,RCH2009,87-0043,6251,33000,45.119583,-63.707832,C-5M Galaxy,51,519,0,False,mlat
477ff1,2026-07-19 01:40:17.938369,BRK48,01,7672,35000,51.679874,17.396545,C-17A Globemaster,134,458,-96,False,adsb_icao
ae0424,2026-07-19 01:40:17.938375,UNK C/S,60-0333,3421,34000,48.155022,19.58765,KC-135R Stratotanker,299,438,0,False,mlat
4d03c2,2026-07-19 01:40:17.938379,NATO21,LX-N90444,6133,30000,47.599411,22.933928,E-3G AWACS,300,432,0,False,mlat
ae0808,2026-07-19 01:40:17.938383,RCH478,99-0062,7711,35000,43.932098,23.677469,C-17A Globemaster,149,469,0,False,mlat
ae1459,2026-07-19 01:40:17.938386,RCH209,06-6155,7703,29000,41.580002,24.117119,C-17A Globemaster,174,470,0,False,mlat
ae038b,2026-07-19 01:40:17.938391,UNK C/S,62-3543,5303,1100,32.009354,34.834854,KC-135R Stratotanker,289,159,1801,False,mlat
87cc0b,2026-07-19 01:40:17.938396,JF601,87-3601,7446,30975,31.577641,134.522919,KC-46A Pegasus,46,478,0,False,adsb_icao
ae07f7,2026-07-19 01:40:17.938402,RCH727,97-0045,3301,Unavailable,31.6,32.1,C-17A Globemaster,,,,False,mode_s
ae117e,2026-07-19 01:40:17.938408,RCH725,02-1112,3677,31000,18.4,-65.9,C-17A Globemaster,,,,False,mode_s
ae0426,2026-07-19 01:40:17.938416,UNK C/S,60-0363,Unavailable,Unavailable,47.1,17.8,KC-135R Stratotanker,,,,False,mode_s
ae026f,2026-07-19 01:40:17.938421,UNK C/S,63-8012,6134,22000,25.8,55.3,KC-135R Stratotanker,348,382,-32,False,mode_s
ae080e,2026-07-19 01:41:18.191300,RCH558,99-0168,5712,35000,57.89621,-138.259125,C-17A Globemaster,127,476,,False,adsb_icao
ae0679,2026-07-19 01:41:18.191317,RCH348,00-0174,3202,36000,50.18486,-127.462151,C-17A Globemaster,314,431,0,False,adsb_icao
06a27a,2026-07-19 01:41:18.191323,LHOB244,A7-MAM,2674,3675,49.213116,-123.348206,C-17A Globemaster,329,200,1120,False,adsb_icao
ae0805,2026-07-19 01:41:18.191331,RCH404,99-0059,1451,34700,47.053272,-119.089272,C-17A Globemaster,272,387,-1660,False,mlat
ae2fad,2026-07-19 01:41:18.191336,RCH224,08-8201,2455,32000,39.383766,-108.149277,C-17A Globemaster,264,481,0,False,mlat
ae58ac,2026-07-19 01:41:18.191341,UNK C/S,61-0029,7653,27000,32.289558,-102.670074,B-52H Stratofortress,124,489,0,False,mlat
ae07d6,2026-07-19 01:41:18.191350,PITT57,92-3292,4030,36000,32.813049,-94.649521,C-17A Globemaster,231,449,,False,adsb_icao
ae080f,2026-07-19 01:41:18.191358,RCH538,99-0169,7352,16125,38.018589,-74.998817,C-17A Globemaster,201,326,-75,False,mlat
ae20c2,2026-07-19 01:41:18.191361,RCH535,07-7181,2462,38000,40.403519,-72.778236,C-17A Globemaster,244,413,0,False,mlat
ae0588,2026-07-19 01:41:18.191366,RCH2009,87-0043,6251,33000,45.208279,-63.548824,C-5M Galaxy,51,526,0,False,mlat
477ff1,2026-07-19 01:41:18.191372,BRK48,01,7672,35000,51.591099,17.543564,C-17A Globemaster,134,456,-160,False,adsb_icao
ae0424,2026-07-19 01:41:18.191377,UNK C/S,60-0333,3421,33975,48.217083,19.427534,KC-135R Stratotanker,299,440,-160,False,mlat
4d03c2,2026-07-19 01:41:18.191381,NATO21,LX-N90444,6133,30000,47.658131,22.785456,E-3G AWACS,300,432,0,False,mlat
ae0808,2026-07-19 01:41:18.191385,RCH478,99-0062,7711,35000,43.819149,23.77009,C-17A Globemaster,150,477,0,False,mlat
ae1459,2026-07-19 01:41:18.191388,RCH209,06-6155,7401,29000,41.466328,24.163744,C-17A Globemaster,155,480,0,False,mlat
ae038b,2026-07-19 01:41:18.191394,UNK C/S,62-3543,5303,2650,31.999517,34.764839,KC-135R Stratotanker,261,229,1589,False,mlat
87cc0b,2026-07-19 01:41:18.191399,JF601,87-3601,7446,30975,31.670105,134.636108,KC-46A Pegasus,46,478,-64,False,adsb_icao
ae117e,2026-07-19 01:41:18.191405,RCH725,02-1112,3677,31000,18.4,-66.0,C-17A Globemaster,,,,False,mode_s
ae07f7,2026-07-19 01:41:18.191412,RCH727,97-0045,3301,Unavailable,31.6,31.9,C-17A Globemaster,,,,False,mode_s
ae4f14,2026-07-19 01:41:18.191415,RCH349,10-0220,Unavailable,Unavailable,38.0,-124.4,C-17A Globemaster,,,,False,mode_s
ae026f,2026-07-19 01:41:18.191422,UNK C/S,63-8012,6134,22025,25.8,55.3,KC-135R Stratotanker,348,392,256,False,mode_s
ae080e,2026-07-19 01:42:18.432427,RCH558,99-0168,5712,35000,57.816948,-138.064362,C-17A Globemaster,127,478,,False,adsb_icao
ae0679,2026-07-19 01:42:18.432446,RCH348,00-0174,3202,36000,50.268494,-127.59623,C-17A Globemaster,314,432,64,False,adsb_icao
06a27a,2026-07-19 01:42:18.432452,LHOB244,A7-MAM,2674,4525,49.278851,-123.354706,C-17A Globemaster,358,275,640,False,adsb_icao
ae0805,2026-07-19 01:42:18.432459,RCH404,99-0059,1451,33000,47.050861,-119.250092,C-17A Globemaster,270,408,-1692,False,mlat
ae2fad,2026-07-19 01:42:18.432465,RCH224,08-8201,2455,32025,39.370449,-108.321037,C-17A Globemaster,265,471,-4,False,mlat
ae58ac,2026-07-19 01:42:18.432471,UNK C/S,61-0029,7653,27000,32.210842,-102.536453,B-52H Stratofortress,124,498,,False,mlat
ae07d6,2026-07-19 01:42:18.432479,PITT57,92-3292,4030,36000,32.734955,-94.764,C-17A Globemaster,231,450,,False,adsb_icao
ae080f,2026-07-19 01:42:18.432488,RCH538,99-0169,7352,16125,37.952454,-75.092598,C-17A Globemaster,250,386,-83,False,mlat
ae20c2,2026-07-19 01:42:18.432492,RCH535,07-7181,2462,38000,40.350685,-72.89521,C-17A Globemaster,235,391,0,False,mlat
ae0588,2026-07-19 01:42:18.432496,RCH2009,87-0043,6251,33000,45.294327,-63.394474,C-5M Galaxy,51,526,0,False,mlat
477ff1,2026-07-19 01:42:18.432502,BRK48,01,7672,35000,51.5033,17.688141,C-17A Globemaster,134,458,0,False,adsb_icao
ae0424,2026-07-19 01:42:18.432506,UNK C/S,60-0333,3421,34025,48.27457,19.276117,KC-135R Stratotanker,299,440,0,False,mlat
4d03c2,2026-07-19 01:42:18.432510,NATO21,LX-N90444,6133,30000,47.717995,22.634687,E-3G AWACS,300,432,-64,False,mlat
ae0808,2026-07-19 01:42:18.432513,RCH478,99-0062,7711,35000,43.706684,23.861004,C-17A Globemaster,150,456,0,False,mlat
ae1459,2026-07-19 01:42:18.432517,RCH209,06-6155,7401,29000,41.330528,24.228491,C-17A Globemaster,159,468,0,False,mlat
ae038b,2026-07-19 01:42:18.432522,UNK C/S,62-3543,5303,5325,31.993509,34.677418,KC-135R Stratotanker,278,271,3254,False,mlat
87cc0b,2026-07-19 01:42:18.432527,JF601,87-3601,7446,30975,31.761381,134.748474,KC-46A Pegasus,46,479,32,False,adsb_icao
ae117e,2026-07-19 01:42:18.432534,RCH725,02-1112,3677,31000,18.4,-66.0,C-17A Globemaster,,,,False,mode_s
ae07f7,2026-07-19 01:42:18.432540,RCH727,97-0045,3301,35000,31.6,32.1,C-17A Globemaster,,,,False,mode_s
ae026f,2026-07-19 01:42:18.432547,UNK C/S,63-8012,6134,22000,26.4,55.0,KC-135R Stratotanker,348,426,0,False,mode_s
ae080e,2026-07-19 01:43:18.670577,RCH558,99-0168,5712,35000,57.748283,-137.896637,C-17A Globemaster,,,,False,adsb_icao
ae0679,2026-07-19 01:43:18.670596,RCH348,00-0174,3202,35975,50.352081,-127.729362,C-17A Globemaster,314,425,-64,False,adsb_icao
06a27a,2026-07-19 01:43:18.670602,LHOB244,A7-MAM,2674,5975,49.357941,-123.357307,C-17A Globemaster,358,289,1600,False,adsb_icao
ae0805,2026-07-19 01:43:18.670610,RCH404,99-0059,1451,31350,47.048019,-119.411484,C-17A Globemaster,269,409,-1649,False,mlat
ae2fad,2026-07-19 01:43:18.670616,RCH224,08-8201,2455,32000,39.357723,-108.482391,C-17A Globemaster,264,472,0,False,mlat
ae58ac,2026-07-19 01:43:18.670622,UNK C/S,61-0029,7653,27000,32.138699,-102.409607,B-52H Stratofortress,122,504,,False,mlat
ae07d6,2026-07-19 01:43:18.670630,PITT57,92-3292,4030,36000,32.660706,-94.88298,C-17A Globemaster,234,442,,False,adsb_icao
ae080f,2026-07-19 01:43:18.670638,RCH538,99-0169,7352,16150,37.876961,-75.192154,C-17A Globemaster,240,396,0,False,mlat
ae20c2,2026-07-19 01:43:18.670642,RCH535,07-7181,2462,38000,40.288612,-73.00769,C-17A Globemaster,236,357,-37,False,mlat
ae0588,2026-07-19 01:43:18.670647,RCH2009,87-0043,6251,33000,45.386555,-63.228668,C-5M Galaxy,51,513,0,False,mlat
477ff1,2026-07-19 01:43:18.670652,BRK48,01,7672,35000,51.413315,17.835339,C-17A Globemaster,134,458,-64,False,adsb_icao
ae0424,2026-07-19 01:43:18.670658,UNK C/S,60-0333,3421,34000,48.337158,19.111404,KC-135R Stratotanker,299,442,32,False,mlat
4d03c2,2026-07-19 01:43:18.670661,NATO21,LX-N90444,6133,29975,47.783279,22.470661,E-3G AWACS,301,432,-96,False,mlat
ae0808,2026-07-19 01:43:18.670666,RCH478,99-0062,7711,35000,43.588184,23.956167,C-17A Globemaster,151,470,0,False,mlat
ae1459,2026-07-19 01:43:18.670669,RCH209,06-6155,7401,29000,41.201176,24.292189,C-17A Globemaster,161,472,0,False,mlat
ae038b,2026-07-19 01:43:18.670676,UNK C/S,62-3543,5303,7825,32.015411,34.591766,KC-135R Stratotanker,286,272,2161,False,mlat
87cc0b,2026-07-19 01:43:18.670681,JF601,87-3601,7446,30975,31.854263,134.863007,KC-46A Pegasus,46,479,32,False,adsb_icao
ae117e,2026-07-19 01:43:18.670689,RCH725,02-1112,3677,31000,18.1,-65.6,C-17A Globemaster,,,,False,mode_s
ae07f7,2026-07-19 01:43:18.670695,RCH727,97-0045,3301,35000,31.6,32.1,C-17A Globemaster,,,,False,mode_s
ae4f14,2026-07-19 01:43:18.670699,RCH349,10-0220,Unavailable,Unavailable,36.2,-125.6,C-17A Globemaster,,,,False,mode_s
ae026f,2026-07-19 01:43:18.670707,UNK C/S,63-8012,6134,22025,26.4,55.0,KC-135R Stratotanker,346,432,32,False,mode_s
ae080e,2026-07-19 01:44:18.920017,RCH558,99-0168,5712,35000,57.630569,-137.695862,C-17A Globemaster,139,472,,False,adsb_icao
ae0679,2026-07-19 01:44:18.920036,RCH348,00-0174,3202,36000,50.433884,-127.860405,C-17A Globemaster,314,411,128,False,adsb_icao
06a27a,2026-07-19 01:44:18.920042,LHOB244,A7-MAM,2674,7775,49.438244,-123.361244,C-17A Globemaster,358,289,1920,False,adsb_icao
ae0805,2026-07-19 01:44:18.920049,RCH404,99-0059,1451,29650,47.044395,-119.587532,C-17A Globemaster,269,440,-1711,False,mlat
ae2fad,2026-07-19 01:44:18.920056,RCH224,08-8201,2455,32000,39.36039,-108.650482,C-17A Globemaster,273,484,0,False,mlat
ae58ac,2026-07-19 01:44:18.920062,UNK C/S,61-0029,7653,27000,32.056477,-102.268982,B-52H Stratofortress,124,496,0,False,mlat
ae07d6,2026-07-19 01:44:18.920072,PITT57,92-3292,4030,36000,32.588802,-95.001411,C-17A Globemaster,234,443,,False,adsb_icao
ae080f,2026-07-19 01:44:18.920081,RCH538,99-0169,7352,16150,37.80925,-75.286499,C-17A Globemaster,231,383,-89,False,mlat
ae20c2,2026-07-19 01:44:18.920084,RCH535,07-7181,2462,38000,40.208618,-73.109802,C-17A Globemaster,218,392,-23,False,mlat
ae0588,2026-07-19 01:44:18.920089,RCH2009,87-0043,6251,33000,45.473839,-63.07119,C-5M Galaxy,53,518,0,False,mlat
477ff1,2026-07-19 01:44:18.920095,BRK48,01,7672,35000,51.324772,17.979431,C-17A Globemaster,134,456,-160,False,adsb_icao
ae0424,2026-07-19 01:44:18.920099,UNK C/S,60-0333,3421,34000,48.398823,18.949463,KC-135R Stratotanker,299,446,-448,False,mlat
4d03c2,2026-07-19 01:44:18.920104,NATO21,LX-N90444,6133,30025,47.876392,22.365471,E-3G AWACS,329,444,32,False,mlat
ae0808,2026-07-19 01:44:18.920108,RCH478,99-0062,7711,34975,43.468063,23.984165,C-17A Globemaster,183,468,-36,False,mlat
ae1459,2026-07-19 01:44:18.920111,RCH209,06-6155,7401,29000,41.068069,24.357887,C-17A Globemaster,159,472,0,False,mlat
ae038b,2026-07-19 01:44:18.920117,UNK C/S,62-3543,5303,9950,32.039776,34.515022,KC-135R Stratotanker,310,215,1933,False,mlat
87cc0b,2026-07-19 01:44:18.920122,JF601,87-3601,7446,30975,31.945862,134.976318,KC-46A Pegasus,46,480,32,False,adsb_icao
ae117e,2026-07-19 01:44:18.920131,RCH725,02-1112,3677,31000,18.1,-65.7,C-17A Globemaster,,,,False,mode_s
ae07f7,2026-07-19 01:44:18.920136,RCH727,97-0045,3301,35000,34.2,31.9,C-17A Globemaster,,,,False,mode_s
ae4f14,2026-07-19 01:44:18.920141,RCH349,10-0220,Unavailable,Unavailable,36.2,-125.6,C-17A Globemaster,,,,False,mode_s
ae026f,2026-07-19 01:44:18.920147,UNK C/S,63-8012,6134,22025,25.9,51.0,KC-135R Stratotanker,,,,False,mode_s
ae0811,2026-07-19 01:45:19.185117,IROC61,00-0175,1200,6400,19.15457,-156.016647,C-17A Globemaster,331,248,0,False,adsb_icao
ae080e,2026-07-19 01:45:19.185136,RCH558,99-0168,5712,35000,57.530731,-137.539993,C-17A Globemaster,140,472,,False,adsb_icao
ae0679,2026-07-19 01:45:19.185141,RCH348,00-0174,3202,35975,50.514175,-127.989998,C-17A Globemaster,314,412,0,False,adsb_icao
06a27a,2026-07-19 01:45:19.185146,LHOB244,A7-MAM,2674,9550,49.519199,-123.356567,C-17A Globemaster,29,303,2176,False,adsb_icao
ae0805,2026-07-19 01:45:19.185151,RCH404,99-0059,1451,27850,47.041222,-119.761269,C-17A Globemaster,268,438,-1868,False,mlat
ae2fad,2026-07-19 01:45:19.185159,RCH224,08-8201,2455,32000,39.353874,-108.824791,C-17A Globemaster,266,474,0,False,mlat
ae58ac,2026-07-19 01:45:19.185165,UNK C/S,61-0029,7653,27000,31.981207,-102.13443,B-52H Stratofortress,121,496,,False,mlat
ae07d6,2026-07-19 01:45:19.185173,PITT57,92-3292,4030,36000,32.516968,-95.119354,C-17A Globemaster,234,441,,False,adsb_icao
ae080f,2026-07-19 01:45:19.185182,RCH538,99-0169,7352,16150,37.751717,-75.383537,C-17A Globemaster,235,361,2,False,mlat
ae20c2,2026-07-19 01:45:19.185185,RCH535,07-7181,2462,38000,40.120575,-73.203667,C-17A Globemaster,222,443,-29,False,mlat
ae0588,2026-07-19 01:45:19.185190,RCH2009,87-0043,6251,33000,45.565166,-62.905231,C-5M Galaxy,51,520,0,False,mlat
477ff1,2026-07-19 01:45:19.185195,BRK48,01,7672,35000,51.235107,18.124844,C-17A Globemaster,134,456,-64,False,adsb_icao
ae0424,2026-07-19 01:45:19.185201,UNK C/S,60-0333,3421,34000,48.457615,18.794952,KC-135R Stratotanker,299,436,128,False,mlat
4d03c2,2026-07-19 01:45:19.185205,NATO21,LX-N90444,6133,30000,47.985256,22.26943,E-3G AWACS,328,448,-64,False,mlat
ae0808,2026-07-19 01:45:19.185208,RCH478,99-0062,7711,35000,43.340904,23.995419,C-17A Globemaster,175,470,0,False,mlat
ae1459,2026-07-19 01:45:19.185212,RCH209,06-6155,7401,29000,40.952641,24.417027,C-17A Globemaster,159,480,0,False,mlat
ae038b,2026-07-19 01:45:19.185217,UNK C/S,62-3543,5303,11050,32.035843,34.404449,KC-135R Stratotanker,279,332,1171,False,mlat
87cc0b,2026-07-19 01:45:19.185221,JF601,87-3601,7446,30975,32.038555,135.09137,KC-46A Pegasus,46,480,0,False,adsb_icao
ae117e,2026-07-19 01:45:19.185228,RCH725,02-1112,3677,31000,18.2,-65.9,C-17A Globemaster,,,,False,mode_s
ae07f7,2026-07-19 01:45:19.185234,RCH727,97-0045,3301,35000,32.1,31.9,C-17A Globemaster,,,,False,mode_s
ae4f14,2026-07-19 01:45:19.185237,RCH349,10-0220,Unavailable,35000,37.7,-124.0,C-17A Globemaster,,,,False,mode_s
ae0811,2026-07-19 01:46:19.412243,IROC61,00-0175,1200,6400,19.220581,-156.05368,C-17A Globemaster,332,246,64,False,adsb_icao
ae080e,2026-07-19 01:46:19.412290,RCH558,99-0168,5712,35000,57.431309,-137.38678,C-17A Globemaster,140,471,,False,adsb_icao
ae0679,2026-07-19 01:46:19.412299,RCH348,00-0174,3202,36000,50.600281,-128.107956,C-17A Globemaster,320,414,64,False,adsb_icao
06a27a,2026-07-19 01:46:19.412306,LHOB244,A7-MAM,2674,11225,49.576878,-123.256508,C-17A Globemaster,50,322,1472,False,adsb_icao
ae0805,2026-07-19 01:46:19.412315,RCH404,99-0059,1451,25950,47.037399,-119.934982,C-17A Globemaster,267,423,-1947,False,mlat
ae2fad,2026-07-19 01:46:19.412328,RCH224,08-8201,2455,32000,39.346073,-108.996941,C-17A Globemaster,266,500,0,False,mlat
ae58ac,2026-07-19 01:46:19.412334,UNK C/S,61-0029,7653,27000,31.892036,-102.007858,B-52H Stratofortress,140,475,0,False,mlat
ae07d6,2026-07-19 01:46:19.412342,PITT57,92-3292,4030,36000,32.44519,-95.237015,C-17A Globemaster,234,442,,False,adsb_icao
ae080f,2026-07-19 01:46:19.412351,RCH538,99-0169,7352,16150,37.677658,-75.481026,C-17A Globemaster,233,372,14,False,mlat
ae20c2,2026-07-19 01:46:19.412355,RCH535,07-7181,2462,37975,40.026608,-73.263611,C-17A Globemaster,188,415,25,False,mlat
ae0588,2026-07-19 01:46:19.412360,RCH2009,87-0043,6251,33000,45.651051,-62.748787,C-5M Galaxy,53,519,0,False,mlat
477ff1,2026-07-19 01:46:19.412366,BRK48,01,7672,35000,51.1455,18.268509,C-17A Globemaster,134,456,32,False,adsb_icao
ae0424,2026-07-19 01:46:19.412371,UNK C/S,60-0333,3421,34000,48.516937,18.634605,KC-135R Stratotanker,299,430,224,False,mlat
4d03c2,2026-07-19 01:46:19.412376,NATO21,LX-N90444,6133,30000,48.091274,22.173321,E-3G AWACS,328,450,-128,False,mlat
ae0808,2026-07-19 01:46:19.412380,RCH478,99-0062,7711,35000,43.208958,24.005203,C-17A Globemaster,177,461,69,False,mlat
ae1459,2026-07-19 01:46:19.412383,RCH209,06-6155,7401,29000,40.820465,24.487383,C-17A Globemaster,162,490,0,False,mlat
ae038b,2026-07-19 01:46:19.412389,UNK C/S,62-3543,5303,13025,32.01664,34.299488,KC-135R Stratotanker,230,367,1852,False,mlat
87cc0b,2026-07-19 01:46:19.412394,JF601,87-3601,7446,30950,32.145672,135.183075,KC-46A Pegasus,22,484,-32,False,adsb_icao
ae117e,2026-07-19 01:46:19.412401,RCH725,02-1112,3677,31000,18.1,-65.9,C-17A Globemaster,,,,False,mode_s
ae07f7,2026-07-19 01:46:19.412407,RCH727,97-0045,3301,35000,31.6,32.0,C-17A Globemaster,,,,False,mode_s
ae4f14,2026-07-19 01:46:19.412411,RCH349,10-0220,Unavailable,35000,37.7,-124.0,C-17A Globemaster,,,,False,mode_s
ae0154,2026-07-19 01:46:19.412417,UNK C/S,63-8045,6567,8300,31.6,32.0,KC-135R Stratotanker,,,,False,mode_s
ae013a,2026-07-19 01:46:19.412422,UNK C/S,59-1488,5373,21600,32.8,35.8,KC-135R Stratotanker,243,398,-2528,False,mode_s
ae0811,2026-07-19 01:47:19.719237,IROC61,00-0175,2120,6400,19.281332,-156.087006,C-17A Globemaster,332,239,0,False,adsb_icao
ae080e,2026-07-19 01:47:19.719276,RCH558,99-0168,5712,35000,57.327499,-137.228363,C-17A Globemaster,140,472,,False,adsb_icao
ae0679,2026-07-19 01:47:19.719282,RCH348,00-0174,3202,35975,50.689754,-128.223572,C-17A Globemaster,320,414,-64,False,adsb_icao
06a27a,2026-07-19 01:47:19.719287,LHOB244,A7-MAM,2674,12650,49.634506,-123.147087,C-17A Globemaster,51,338,512,False,adsb_icao
ae0805,2026-07-19 01:47:19.719293,RCH404,99-0059,1451,24075,47.033508,-120.104195,C-17A Globemaster,268,403,-1921,False,mlat
ae2fad,2026-07-19 01:47:19.719301,RCH224,08-8201,2455,32000,39.336864,-109.178062,C-17A Globemaster,266,480,0,False,mlat
ae58ac,2026-07-19 01:47:19.719307,UNK C/S,61-0029,7653,27000,31.792576,-101.897026,B-52H Stratofortress,137,509,,False,mlat
ae07d6,2026-07-19 01:47:19.719315,PITT57,92-3292,4030,36000,32.372704,-95.35527,C-17A Globemaster,234,438,,False,adsb_icao
ae080f,2026-07-19 01:47:19.719323,RCH538,99-0169,7352,16175,37.618736,-75.589211,C-17A Globemaster,243,473,92,False,mlat
ae20c2,2026-07-19 01:47:19.719327,RCH535,07-7181,2462,38000,39.915455,-73.289848,C-17A Globemaster,181,472,25,False,mlat
ae0588,2026-07-19 01:47:19.719332,RCH2009,87-0043,6251,33000,45.743046,-62.580353,C-5M Galaxy,53,520,0,False,mlat
477ff1,2026-07-19 01:47:19.719338,BRK48,01,7672,35000,51.056026,18.41156,C-17A Globemaster,134,454,-32,False,adsb_icao
ae0424,2026-07-19 01:47:19.719343,UNK C/S,60-0333,3421,34025,48.576569,18.47547,KC-135R Stratotanker,299,432,0,False,mlat
4d03c2,2026-07-19 01:47:19.719347,NATO21,LX-N90444,6133,30000,48.188881,22.027794,E-3G AWACS,328,450,-64,False,mlat
ae0808,2026-07-19 01:47:19.719351,RCH478,99-0062,7711,35000,43.080769,24.014286,C-17A Globemaster,176,470,0,False,mlat
ae1459,2026-07-19 01:47:19.719354,RCH209,06-6155,7401,29000,40.693035,24.541803,C-17A Globemaster,160,498,0,False,mlat
ae038b,2026-07-19 01:47:19.719360,UNK C/S,62-3543,5303,14700,31.924068,34.306847,KC-135R Stratotanker,145,409,1789,False,mlat
87cc0b,2026-07-19 01:47:19.719365,JF601,87-3601,7446,30975,32.271641,135.241974,KC-46A Pegasus,21,486,-64,False,adsb_icao
ae117e,2026-07-19 01:47:19.719372,RCH725,02-1112,3674,31000,18.0,-65.6,C-17A Globemaster,,,,False,mode_s
ae048c,2026-07-19 01:47:19.719379,UNK C/S,63-8883,3646,Unavailable,25.8,55.3,KC-135R Stratotanker,,,,False,mode_s
ae07f7,2026-07-19 01:47:19.719383,RCH727,97-0045,3301,35000,31.6,31.9,C-17A Globemaster,,,,False,mode_s
ae4f14,2026-07-19 01:47:19.719387,RCH349,10-0220,3312,35000,37.7,-124.4,C-17A Globemaster,,,,False,mode_s
ae0154,2026-07-19 01:47:19.719393,UNK C/S,63-8045,6567,10400,31.5,32.6,KC-135R Stratotanker,,,,False,mode_s
ae013a,2026-07-19 01:47:19.719398,UNK C/S,59-1488,5373,21000,32.0,35.2,KC-135R Stratotanker,243,398,64,False,mode_s
ae0811,2026-07-19 01:48:19.991306,IROC61,00-0175,2120,7000,19.340149,-156.12117,C-17A Globemaster,323,253,1088,False,adsb_icao
ae080e,2026-07-19 01:48:19.991328,RCH558,99-0168,5712,35000,57.226761,-137.075714,C-17A Globemaster,140,472,,False,adsb_icao
ae0679,2026-07-19 01:48:19.991334,RCH348,00-0174,3202,36000,50.777645,-128.337402,C-17A Globemaster,320,414,0,False,adsb_icao
06a27a,2026-07-19 01:48:19.991340,LHOB244,A7-MAM,2674,13025,49.697845,-123.027863,C-17A Globemaster,50,378,320,False,adsb_icao
ae0805,2026-07-19 01:48:19.991346,RCH404,99-0059,1451,22075,47.028927,-120.275612,C-17A Globemaster,265,403,-2089,False,mlat
ae2fad,2026-07-19 01:48:19.991355,RCH224,08-8201,2455,32000,39.327545,-109.340767,C-17A Globemaster,265,465,0,False,mlat
ae58ac,2026-07-19 01:48:19.991361,UNK C/S,61-0029,7653,27000,31.681625,-101.782547,B-52H Stratofortress,137,506,,False,mlat
ae07d6,2026-07-19 01:48:19.991368,PITT57,92-3292,4030,36000,32.301292,-95.471581,C-17A Globemaster,234,439,,False,adsb_icao
ae080f,2026-07-19 01:48:19.991375,RCH538,99-0169,7352,16150,37.5984,-75.717682,C-17A Globemaster,277,402,80,False,mlat
ae20c2,2026-07-19 01:48:19.991380,RCH535,07-7181,2462,38000,39.784008,-73.307632,C-17A Globemaster,189,427,0,False,mlat
ae0588,2026-07-19 01:48:19.991385,RCH2009,87-0043,6251,33000,45.824753,-62.426926,C-5M Galaxy,53,513,0,False,mlat
ae0424,2026-07-19 01:48:19.991391,UNK C/S,60-0333,3421,34025,48.635372,18.31682,KC-135R Stratotanker,299,432,0,False,mlat
477ff1,2026-07-19 01:48:19.991396,BRK48,01,7672,35000,50.967716,18.552246,C-17A Globemaster,135,454,32,False,adsb_icao
4d03c2,2026-07-19 01:48:19.991400,NATO21,LX-N90444,6133,30000,48.305553,21.978884,E-3G AWACS,328,450,-96,False,mlat
ae0808,2026-07-19 01:48:19.991404,RCH478,99-0062,7711,35000,42.953747,24.021723,C-17A Globemaster,177,460,0,False,mlat
ae1459,2026-07-19 01:48:19.991408,RCH209,06-6155,7401,29000,40.56295,24.605581,C-17A Globemaster,157,463,0,False,mlat
ae038b,2026-07-19 01:48:19.991413,UNK C/S,62-3543,5303,16550,31.862591,34.385143,KC-135R Stratotanker,125,387,1781,False,mlat
ae013a,2026-07-19 01:48:19.991417,UNK C/S,59-1488,5373,21000,31.789129,34.962925,KC-135R Stratotanker,243,400,0,False,mlat
87cc0b,2026-07-19 01:48:19.991422,JF601,87-3601,7446,30725,32.397331,135.299942,KC-46A Pegasus,21,481,-736,False,adsb_icao
ae117e,2026-07-19 01:48:19.991429,RCH725,02-1112,3674,31000,17.9,-65.5,C-17A Globemaster,,,,False,mode_s
ae048c,2026-07-19 01:48:19.991436,UNK C/S,63-8883,3646,Unavailable,25.8,55.3,KC-135R Stratotanker,,,,False,mode_s
ae07f7,2026-07-19 01:48:19.991440,RCH727,97-0045,3301,35000,31.7,32.2,C-17A Globemaster,,,,False,mode_s
ae4f14,2026-07-19 01:48:19.991444,RCH349,10-0220,3312,35000,36.2,-125.6,C-17A Globemaster,,,,False,mode_s
ae0154,2026-07-19 01:48:19.991450,UNK C/S,63-8045,6567,12175,31.4,33.0,KC-135R Stratotanker,,,,False,mode_s
ae0811,2026-07-19 01:49:20.257618,IROC61,00-0175,2120,7950,19.402588,-156.17659,C-17A Globemaster,320,305,256,False,adsb_icao
ae080e,2026-07-19 01:49:20.257635,RCH558,99-0168,5712,35000,57.162472,-136.978958,C-17A Globemaster,140,472,,False,adsb_icao
ae0679,2026-07-19 01:49:20.257641,RCH348,00-0174,3202,36000,50.792866,-128.357086,C-17A Globemaster,320,414,-64,False,adsb_icao
06a27a,2026-07-19 01:49:20.257647,LHOB244,A7-MAM,2674,14050,49.764542,-122.894081,C-17A Globemaster,53,395,960,False,adsb_icao
ae0805,2026-07-19 01:49:20.257653,RCH404,99-0059,1451,19800,47.024891,-120.431786,C-17A Globemaster,267,391,-2474,False,mlat
ae2fad,2026-07-19 01:49:20.257662,RCH224,08-8201,2455,32000,39.318985,-109.515953,C-17A Globemaster,267,481,0,False,mlat
ae58ac,2026-07-19 01:49:20.257668,UNK C/S,61-0029,7653,27100,31.596706,-101.650398,B-52H Stratofortress,121,540,,False,mlat
ae07d6,2026-07-19 01:49:20.257675,PITT57,92-3292,4030,36000,32.228668,-95.589462,C-17A Globemaster,233,443,,False,adsb_icao
ae080f,2026-07-19 01:49:20.257682,RCH538,99-0169,7352,16150,37.603172,-75.848991,C-17A Globemaster,271,378,-11,False,mlat
ae20c2,2026-07-19 01:49:20.257686,RCH535,07-7181,2462,38000,39.668175,-73.337425,C-17A Globemaster,195,413,0,False,mlat
ae0588,2026-07-19 01:49:20.257691,RCH2009,87-0043,6251,33000,45.910847,-62.269722,C-5M Galaxy,52,515,0,False,mlat
ae0424,2026-07-19 01:49:20.257697,UNK C/S,60-0333,3421,34000,48.693054,18.160154,KC-135R Stratotanker,299,434,96,False,mlat
477ff1,2026-07-19 01:49:20.257701,BRK48,01,7672,35000,50.87801,18.694077,C-17A Globemaster,135,455,0,False,adsb_icao
4d03c2,2026-07-19 01:49:20.257705,NATO21,LX-N90444,6133,30000,48.412903,21.914173,E-3G AWACS,353,470,64,False,mlat
ae0808,2026-07-19 01:49:20.257708,RCH478,99-0062,7711,35000,42.822613,24.030857,C-17A Globemaster,178,476,0,False,mlat
ae1459,2026-07-19 01:49:20.257712,RCH209,06-6155,7401,29000,40.441734,24.665516,C-17A Globemaster,160,489,0,False,mlat
ae038b,2026-07-19 01:49:20.257717,UNK C/S,62-3543,5303,18375,31.770561,34.464661,KC-135R Stratotanker,141,369,1761,False,mlat
ae0154,2026-07-19 01:49:20.257721,UNK C/S,63-8045,6567,13950,31.136093,34.939655,KC-135R Stratotanker,,,1762,False,mlat
ae013a,2026-07-19 01:49:20.257724,UNK C/S,59-1488,5373,21000,31.291065,36.909397,KC-135R Stratotanker,243,402,-32,False,mlat
87cc0b,2026-07-19 01:49:20.257729,JF601,87-3601,7446,29850,32.522964,135.358368,KC-46A Pegasus,21,476,-896,False,adsb_icao
ae117e,2026-07-19 01:49:20.257736,RCH725,02-1112,3674,31000,17.9,-65.6,C-17A Globemaster,,,,False,mode_s
ae07f7,2026-07-19 01:49:20.257742,RCH727,97-0045,3301,35000,31.7,32.2,C-17A Globemaster,,,,False,mode_s
ae4f14,2026-07-19 01:49:20.257746,RCH349,10-0220,3312,35000,36.2,-125.6,C-17A Globemaster,,,,False,mode_s
ae0811,2026-07-19 01:50:20.496948,IROC61,00-0175,2120,7975,19.466888,-156.233276,C-17A Globemaster,319,293,0,False,adsb_icao
ae080e,2026-07-19 01:50:20.496965,RCH558,99-0168,5712,35000,57.022907,-136.770035,C-17A Globemaster,140,474,,False,adsb_icao
ae0679,2026-07-19 01:50:20.496970,RCH348,00-0174,3202,35975,50.953239,-128.566589,C-17A Globemaster,320,415,64,False,adsb_icao
06a27a,2026-07-19 01:50:20.496975,LHOB244,A7-MAM,2674,15125,49.829887,-122.755959,C-17A Globemaster,53,406,640,False,adsb_icao
ae0805,2026-07-19 01:50:20.496980,RCH404,99-0059,1451,17275,47.032192,-120.595886,C-17A Globemaster,276,384,-2602,False,mlat
ae2fad,2026-07-19 01:50:20.496987,RCH224,08-8201,2455,32000,39.308861,-109.681183,C-17A Globemaster,264,468,75,False,mlat
ae58ac,2026-07-19 01:50:20.496993,UNK C/S,61-0029,7653,27000,31.592609,-101.490494,B-52H Stratofortress,75,523,0,False,mlat
ae07d6,2026-07-19 01:50:20.496999,PITT57,92-3292,4030,36000,32.155609,-95.707619,C-17A Globemaster,233,443,,False,adsb_icao
ae080f,2026-07-19 01:50:20.497007,RCH538,99-0169,7352,16150,37.607857,-75.972412,C-17A Globemaster,271,360,0,False,mlat
ae20c2,2026-07-19 01:50:20.497011,RCH535,07-7181,7034,36275,39.551426,-73.365273,C-17A Globemaster,191,410,-1929,False,mlat
ae0588,2026-07-19 01:50:20.497016,RCH2009,87-0043,6251,33000,46.001469,-62.101898,C-5M Galaxy,53,512,0,False,mlat
ae0424,2026-07-19 01:50:20.497022,UNK C/S,60-0333,3421,34025,48.752354,17.997255,KC-135R Stratotanker,298,434,0,False,mlat
477ff1,2026-07-19 01:50:20.497026,BRK48,01,7672,35000,50.78812,18.835144,C-17A Globemaster,135,458,-64,False,adsb_icao
4d03c2,2026-07-19 01:50:20.497030,NATO21,LX-N90444,6133,30000,48.550732,21.886314,E-3G AWACS,352,472,64,False,mlat
ae0808,2026-07-19 01:50:20.497033,RCH478,99-0062,7711,35000,42.693668,24.040932,C-17A Globemaster,176,454,0,False,mlat
ae1459,2026-07-19 01:50:20.497037,RCH209,06-6155,7401,29000,40.30962,24.728096,C-17A Globemaster,159,493,0,False,mlat
ae038b,2026-07-19 01:50:20.497042,UNK C/S,62-3543,5303,19925,31.692799,34.543262,KC-135R Stratotanker,140,394,1708,False,mlat
ae0154,2026-07-19 01:50:20.497046,UNK C/S,63-8045,6567,15750,31.858229,34.936573,KC-135R Stratotanker,,,1758,False,mlat
ae013a,2026-07-19 01:50:20.497050,UNK C/S,59-1488,5373,21000,31.243717,36.798416,KC-135R Stratotanker,243,402,32,False,mlat
87cc0b,2026-07-19 01:50:20.497054,JF601,87-3601,7446,28850,32.645737,135.415726,KC-46A Pegasus,21,474,-992,False,adsb_icao
ae117e,2026-07-19 01:50:20.497062,RCH725,02-1112,3674,31000,17.9,-65.7,C-17A Globemaster,,,,False,mode_s
ae07f7,2026-07-19 01:50:20.497067,RCH727,97-0045,3301,35000,31.6,32.2,C-17A Globemaster,,,,False,mode_s
ae4f14,2026-07-19 01:50:20.497072,RCH349,10-0220,3312,35000,34.7,-124.2,C-17A Globemaster,,,,False,mode_s
ae0811,2026-07-19 01:51:20.778308,IROC61,00-0175,2120,7975,19.529755,-156.289108,C-17A Globemaster,319,290,0,False,adsb_icao
ae080e,2026-07-19 01:51:20.778326,RCH558,99-0168,5712,35000,56.919655,-136.616852,C-17A Globemaster,141,474,,False,adsb_icao
ae0679,2026-07-19 01:51:20.778332,RCH348,00-0174,3202,36000,51.029572,-128.66713,C-17A Globemaster,320,415,0,False,adsb_icao
06a27a,2026-07-19 01:51:20.778338,LHOB244,A7-MAM,2674,16450,49.897247,-122.614288,C-17A Globemaster,53,407,1152,False,adsb_icao
ae0805,2026-07-19 01:51:20.778344,RCH404,99-0059,1451,14800,47.038601,-120.744217,C-17A Globemaster,277,351,-2645,False,mlat
ae2fad,2026-07-19 01:51:20.778352,RCH224,08-8201,2455,32000,39.300137,-109.850342,C-17A Globemaster,264,490,0,False,mlat
ae58ac,2026-07-19 01:51:20.778358,UNK C/S,61-0029,7653,27000,31.61451,-101.32003,B-52H Stratofortress,77,527,,False,mlat
ae07d6,2026-07-19 01:51:20.778366,PITT57,92-3292,4030,36000,32.082458,-95.825722,C-17A Globemaster,234,444,,False,adsb_icao
ae080f,2026-07-19 01:51:20.778375,RCH538,99-0169,7352,16150,37.611187,-76.109779,C-17A Globemaster,281,413,0,False,mlat
ae20c2,2026-07-19 01:51:20.778380,RCH535,07-7181,7034,34300,39.450024,-73.413368,C-17A Globemaster,204,409,-1952,False,mlat
ae0588,2026-07-19 01:51:20.778385,RCH2009,87-0043,6251,33000,46.065865,-61.979958,C-5M Galaxy,52,516,0,False,mlat
ae0424,2026-07-19 01:51:20.778392,UNK C/S,60-0333,3421,34000,48.811653,17.833218,KC-135R Stratotanker,298,436,0,False,mlat
477ff1,2026-07-19 01:51:20.778396,BRK48,01,7672,35000,50.697235,18.977175,C-17A Globemaster,135,458,32,False,adsb_icao
4d03c2,2026-07-19 01:51:20.778400,NATO21,LX-N90444,6133,30025,48.679451,21.874519,E-3G AWACS,8,480,-192,False,mlat
ae0808,2026-07-19 01:51:20.778404,RCH478,99-0062,7711,35000,42.571232,24.04952,C-17A Globemaster,177,452,0,False,mlat
ae1459,2026-07-19 01:51:20.778408,RCH209,06-6155,7401,29000,40.182087,24.788563,C-17A Globemaster,160,483,0,False,mlat
ae038b,2026-07-19 01:51:20.778414,UNK C/S,62-3543,5303,21150,31.614857,34.636234,KC-135R Stratotanker,141,389,1386,False,mlat
ae0154,2026-07-19 01:51:20.778418,UNK C/S,63-8045,6567,17750,31.502493,34.924274,KC-135R Stratotanker,,,1802,False,mlat
ae013a,2026-07-19 01:51:20.778423,UNK C/S,59-1488,5373,21000,31.183554,36.693668,KC-135R Stratotanker,243,402,64,False,mlat
87cc0b,2026-07-19 01:51:20.778428,JF601,87-3601,7446,27400,32.764435,135.479385,KC-46A Pegasus,29,455,-1440,False,adsb_icao
ae117e,2026-07-19 01:51:20.778435,RCH725,02-1112,3674,31000,17.8,-65.8,C-17A Globemaster,,,,False,mode_s
ae048c,2026-07-19 01:51:20.778441,UNK C/S,63-8883,3646,Unavailable,25.7,55.4,KC-135R Stratotanker,,,,False,mode_s
ae07f7,2026-07-19 01:51:20.778446,RCH727,97-0045,3301,35000,33.5,32.3,C-17A Globemaster,,,,False,mode_s
ae4f14,2026-07-19 01:51:20.778451,RCH349,10-0220,3312,35000,34.7,-124.2,C-17A Globemaster,,,,False,mode_s
ae0811,2026-07-19 01:52:21.020750,IROC61,00-0175,2120,7975,19.591461,-156.344131,C-17A Globemaster,319,291,64,False,adsb_icao
ae080e,2026-07-19 01:52:21.020768,RCH558,99-0168,5712,35000,56.817936,-136.466934,C-17A Globemaster,141,472,,False,adsb_icao
ae0679,2026-07-19 01:52:21.020774,RCH348,00-0174,3202,35975,51.099739,-128.759842,C-17A Globemaster,320,413,,False,adsb_icao
06a27a,2026-07-19 01:52:21.020780,LHOB244,A7-MAM,2674,17325,49.965076,-122.471581,C-17A Globemaster,53,417,1216,False,adsb_icao
ae0805,2026-07-19 01:52:21.020785,RCH404,99-0059,1451,12550,47.046577,-120.895393,C-17A Globemaster,273,364,-2253,False,mlat
ae2fad,2026-07-19 01:52:21.020793,RCH224,08-8201,2455,32000,39.296875,-109.976227,C-17A Globemaster,271,472,0,False,mlat
ae58ac,2026-07-19 01:52:21.020799,UNK C/S,61-0029,7653,27100,31.638245,-101.168846,B-52H Stratofortress,82,501,,False,mlat
ae07d6,2026-07-19 01:52:21.020805,PITT57,92-3292,4030,36000,32.009628,-95.942833,C-17A Globemaster,233,443,,False,adsb_icao
ae080f,2026-07-19 01:52:21.020813,RCH538,99-0169,7352,16150,37.610676,-76.24324,C-17A Globemaster,270,375,0,False,mlat
ae20c2,2026-07-19 01:52:21.020817,RCH535,07-7181,7034,32325,39.32692,-73.48156,C-17A Globemaster,203,440,-1970,False,mlat
ae0588,2026-07-19 01:52:21.020823,RCH2009,87-0043,6251,33000,46.093849,-61.932037,C-5M Galaxy,51,514,0,False,mode_s
ae0424,2026-07-19 01:52:21.020829,UNK C/S,60-0333,3421,34000,48.865917,17.681999,KC-135R Stratotanker,298,438,32,False,mlat
477ff1,2026-07-19 01:52:21.020833,BRK48,01,7672,35000,50.606564,19.118141,C-17A Globemaster,135,461,-128,False,adsb_icao
4d03c2,2026-07-19 01:52:21.020837,NATO21,LX-N90444,6133,29975,48.817398,21.901958,E-3G AWACS,7,472,128,False,mlat
ae0808,2026-07-19 01:52:21.020841,RCH478,99-0062,7711,35000,42.44479,24.059143,C-17A Globemaster,177,447,0,False,mlat
ae1459,2026-07-19 01:52:21.020844,RCH209,06-6155,7401,29000,40.058094,24.849571,C-17A Globemaster,158,488,0,False,mlat
ae038b,2026-07-19 01:52:21.020849,UNK C/S,62-3543,5303,22675,31.523726,34.717426,KC-135R Stratotanker,148,417,1561,False,mlat
ae0154,2026-07-19 01:52:21.020853,UNK C/S,63-8045,6567,19500,30.946814,35.078159,KC-135R Stratotanker,,,2298,False,mlat
ae013a,2026-07-19 01:52:21.020856,UNK C/S,59-1488,5373,21000,31.153988,36.553387,KC-135R Stratotanker,262,402,64,False,mlat
87cc0b,2026-07-19 01:52:21.020861,JF601,87-3601,7446,25900,32.872696,135.552719,KC-46A Pegasus,29,441,-1472,False,adsb_icao
ae117e,2026-07-19 01:52:21.020869,RCH725,02-1112,3674,31000,17.8,-66.0,C-17A Globemaster,,,,False,mode_s
ae048c,2026-07-19 01:52:21.020876,UNK C/S,63-8883,3646,Unavailable,25.8,55.4,KC-135R Stratotanker,,,,False,mode_s
ae07f7,2026-07-19 01:52:21.020879,RCH727,97-0045,3301,35000,31.6,31.8,C-17A Globemaster,,,,False,mode_s
ae4f14,2026-07-19 01:52:21.020883,RCH349,10-0220,3312,35000,36.2,-125.6,C-17A Globemaster,,,,False,mode_s
ae0811,2026-07-19 01:53:21.276945,IROC61,00-0175,2120,7950,19.653843,-156.399673,C-17A Globemaster,319,291,-64,False,adsb_icao
ae080e,2026-07-19 01:53:21.276962,RCH558,99-0168,5712,35000,56.718887,-136.322311,C-17A Globemaster,141,471,,False,adsb_icao
06a27a,2026-07-19 01:53:21.276969,LHOB244,A7-MAM,2674,18375,50.034344,-122.324745,C-17A Globemaster,53,421,,False,adsb_icao
ae0805,2026-07-19 01:53:21.276974,RCH404,99-0059,1451,10400,47.05312,-121.034325,C-17A Globemaster,277,329,-1701,False,mlat
ae2fad,2026-07-19 01:53:21.276981,RCH224,08-8201,2455,32025,39.288784,-110.164848,C-17A Globemaster,267,461,1,False,mlat
ae58ac,2026-07-19 01:53:21.276987,UNK C/S,61-0029,7653,27000,31.664221,-100.991737,B-52H Stratofortress,79,512,0,False,mlat
ae07d6,2026-07-19 01:53:21.276993,PITT57,92-3292,4030,36000,31.935928,-96.060936,C-17A Globemaster,233,442,,False,adsb_icao
ae080f,2026-07-19 01:53:21.277001,RCH538,99-0169,7352,16150,37.622372,-76.369835,C-17A Globemaster,276,361,37,False,mlat
ae20c2,2026-07-19 01:53:21.277005,RCH535,07-7181,7034,32000,39.225384,-73.553314,C-17A Globemaster,206,453,0,False,mlat
ae0424,2026-07-19 01:53:21.277012,UNK C/S,60-0333,3421,34025,48.922356,17.525801,KC-135R Stratotanker,298,438,0,False,mlat
477ff1,2026-07-19 01:53:21.277016,BRK48,01,7672,35000,50.514633,19.259974,C-17A Globemaster,135,463,-64,False,adsb_icao
4d03c2,2026-07-19 01:53:21.277020,NATO21,LX-N90444,6133,29975,48.941597,21.924913,E-3G AWACS,7,470,0,False,mlat
ae0808,2026-07-19 01:53:21.277023,RCH478,99-0062,7711,35000,42.312023,24.06801,C-17A Globemaster,177,450,0,False,mlat
ae1459,2026-07-19 01:53:21.277026,RCH209,06-6155,7401,29000,39.93401,24.907494,C-17A Globemaster,160,480,0,False,mlat
ae038b,2026-07-19 01:53:21.277031,UNK C/S,62-3543,5303,23025,31.435509,34.806705,KC-135R Stratotanker,139,440,0,False,mlat
ae0154,2026-07-19 01:53:21.277035,UNK C/S,63-8045,6567,21025,30.768833,35.254951,KC-135R Stratotanker,,,1249,False,mlat
ae013a,2026-07-19 01:53:21.277039,UNK C/S,59-1488,5373,21000,31.139364,36.42791,KC-135R Stratotanker,262,404,64,False,mlat
87cc0b,2026-07-19 01:53:21.277043,JF601,87-3601,7446,24400,32.977753,135.624023,KC-46A Pegasus,29,426,-1472,False,adsb_icao
ae013f,2026-07-19 01:53:21.277049,UNK C/S,60-0358,2006,34975,52.2,-54.9,KC-135R Stratotanker,61,510,0,False,mode_s
ae0588,2026-07-19 01:53:21.277054,RCH2009,87-0043,6251,33000,45.8,-60.7,C-5M Galaxy,,,,False,mode_s
ae117e,2026-07-19 01:53:21.277058,RCH725,02-1112,3674,31000,17.8,-66.0,C-17A Globemaster,,,,False,mode_s
ae048c,2026-07-19 01:53:21.277064,UNK C/S,63-8883,3646,20500,25.8,55.3,KC-135R Stratotanker,105,420,-32,False,mode_s
ae07f7,2026-07-19 01:53:21.277068,RCH727,97-0045,3301,35000,31.6,32.0,C-17A Globemaster,,,,False,mode_s
ae4f14,2026-07-19 01:53:21.277073,RCH349,10-0220,3312,35000,37.7,-123.1,C-17A Globemaster,,,,False,mode_s
ae0811,2026-07-19 01:54:21.543916,IROC61,00-0175,2120,7950,19.716129,-156.4552,C-17A Globemaster,319,293,64,False,adsb_icao
ae080e,2026-07-19 01:54:21.543935,RCH558,99-0168,5712,35000,56.679337,-136.264709,C-17A Globemaster,141,472,,False,adsb_icao
06a27a,2026-07-19 01:54:21.543942,LHOB244,A7-MAM,2674,19300,50.103561,-122.177078,C-17A Globemaster,53,428,,False,adsb_icao
ae0805,2026-07-19 01:54:21.543946,RCH404,99-0059,1451,9750,47.06076,-121.173889,C-17A Globemaster,277,304,-80,False,mlat
ae2fad,2026-07-19 01:54:21.543954,RCH224,08-8201,2455,32000,39.301376,-110.323303,C-17A Globemaster,284,475,-93,False,mlat
ae58ac,2026-07-19 01:54:21.543961,UNK C/S,61-0029,7653,27000,31.687145,-100.838615,B-52H Stratofortress,81,512,,False,mlat
ae07d6,2026-07-19 01:54:21.543967,PITT57,92-3292,4030,36000,31.862961,-96.177444,C-17A Globemaster,233,444,,False,adsb_icao
ae080f,2026-07-19 01:54:21.543975,RCH538,99-0169,7352,16150,37.672791,-76.486992,C-17A Globemaster,301,390,0,False,mlat
ae20c2,2026-07-19 01:54:21.543980,RCH535,07-7181,7034,32000,39.106373,-73.600487,C-17A Globemaster,201,432,0,False,mlat
ae0424,2026-07-19 01:54:21.543986,UNK C/S,60-0333,3421,34000,48.982567,17.354849,KC-135R Stratotanker,298,436,0,False,mlat
477ff1,2026-07-19 01:54:21.543990,BRK48,01,7672,35000,50.422173,19.401855,C-17A Globemaster,135,464,-64,False,adsb_icao
4d03c2,2026-07-19 01:54:21.543995,NATO21,LX-N90444,6133,29975,49.071648,21.948084,E-3G AWACS,7,472,64,False,mlat
ae0808,2026-07-19 01:54:21.543998,RCH478,99-0062,7711,35000,42.195305,24.075251,C-17A Globemaster,178,451,0,False,mlat
ae1459,2026-07-19 01:54:21.544002,RCH209,06-6155,7401,29000,39.812328,24.962681,C-17A Globemaster,161,472,0,False,mlat
ae038b,2026-07-19 01:54:21.544008,UNK C/S,62-3543,5303,23025,31.361048,34.909531,KC-135R Stratotanker,140,474,0,False,mlat
ae0154,2026-07-19 01:54:21.544012,UNK C/S,63-8045,6567,21000,30.845524,35.356163,KC-135R Stratotanker,,,0,False,mlat
ae013a,2026-07-19 01:54:21.544016,UNK C/S,59-1488,5373,21000,31.124899,36.307701,KC-135R Stratotanker,262,404,64,False,mlat
87cc0b,2026-07-19 01:54:21.544021,JF601,87-3601,7446,22900,33.080795,135.694336,KC-46A Pegasus,29,429,-1408,False,adsb_icao
ae013f,2026-07-19 01:54:21.544027,UNK C/S,60-0358,2006,35000,52.2,-54.9,KC-135R Stratotanker,61,512,0,False,mode_s
ae0588,2026-07-19 01:54:21.544032,RCH2009,87-0043,6251,33000,46.0,-61.2,C-5M Galaxy,,,,False,mode_s
ae117e,2026-07-19 01:54:21.544036,RCH725,02-1112,3674,31000,18.3,-66.3,C-17A Globemaster,,,,False,mode_s
ae048c,2026-07-19 01:54:21.544041,UNK C/S,63-8883,3646,20500,25.8,55.3,KC-135R Stratotanker,55,420,0,False,mode_s
ae07f7,2026-07-19 01:54:21.544045,RCH727,97-0045,3301,35000,31.6,32.0,C-17A Globemaster,,,,False,mode_s
ae4f14,2026-07-19 01:54:21.544049,RCH349,10-0220,3312,35000,33.3,-119.0,C-17A Globemaster,,,,False,mode_s
ae63b8,2026-07-19 01:54:21.544054,CABAL62,20-46076,Unavailable,Unavailable,36.2,-125.6,KC-46A Pegasus,,,,False,mode_s
ae0811,2026-07-19 01:55:21.880529,IROC61,00-0175,2120,7950,19.778276,-156.510681,C-17A Globemaster,319,291,-64,False,adsb_icao
ae080e,2026-07-19 01:55:21.880549,RCH558,99-0168,5712,35000,56.520885,-136.035812,C-17A Globemaster,141,472,,False,adsb_icao
ae0679,2026-07-19 01:55:21.880557,RCH348,00-0174,3202,36000,51.3582,-129.104797,C-17A Globemaster,319,407,,False,adsb_icao
06a27a,2026-07-19 01:55:21.880562,LHOB244,A7-MAM,2674,20150,50.173534,-122.027153,C-17A Globemaster,53,433,,False,adsb_icao
ae0805,2026-07-19 01:55:21.880566,RCH404,99-0059,1451,9650,47.065357,-121.286842,C-17A Globemaster,274,282,-65,False,mlat
ae2fad,2026-07-19 01:55:21.880575,RCH224,08-8201,2455,32000,39.321079,-110.450317,C-17A Globemaster,283,487,27,False,mlat
ae58ac,2026-07-19 01:55:21.880582,UNK C/S,61-0029,7653,27100,31.712215,-100.668144,B-52H Stratofortress,81,508,0,False,mlat
ae07d6,2026-07-19 01:55:21.880588,PITT57,92-3292,4030,36000,31.790152,-96.293655,C-17A Globemaster,233,442,,False,adsb_icao
ae080f,2026-07-19 01:55:21.880596,RCH538,99-0169,7352,16150,37.720581,-76.598038,C-17A Globemaster,291,384,0,False,mlat
ae20c2,2026-07-19 01:55:21.880600,RCH535,07-7181,7034,32000,38.999935,-73.656815,C-17A Globemaster,204,428,0,False,mlat
ae0424,2026-07-19 01:55:21.880608,UNK C/S,60-0333,3421,34000,49.034149,17.195826,KC-135R Stratotanker,293,430,256,False,mlat
477ff1,2026-07-19 01:55:21.880612,BRK48,01,7672,35000,50.330154,19.542582,C-17A Globemaster,135,466,0,False,adsb_icao
4d03c2,2026-07-19 01:55:21.880616,NATO21,LX-N90444,6133,30000,49.178432,21.920965,E-3G AWACS,6,476,96,False,mlat
ae0808,2026-07-19 01:55:21.880620,RCH478,99-0062,7711,35000,42.058411,24.08573,C-17A Globemaster,178,465,76,False,mlat
ae1459,2026-07-19 01:55:21.880623,RCH209,06-6155,7401,29000,39.72681,25.003473,C-17A Globemaster,159,483,0,False,mlat
ae038b,2026-07-19 01:55:21.880629,UNK C/S,62-3543,5303,23000,31.294353,34.955376,KC-135R Stratotanker,138,479,-70,False,mlat
ae0154,2026-07-19 01:55:21.880632,UNK C/S,63-8045,6567,20950,30.846436,35.485428,KC-135R Stratotanker,,,75,False,mlat
ae013a,2026-07-19 01:55:21.880636,UNK C/S,59-1488,5373,21000,31.104944,36.178288,KC-135R Stratotanker,262,404,0,False,mlat
87cc0b,2026-07-19 01:55:21.880641,JF601,87-3601,7446,21425,33.18306,135.763489,KC-46A Pegasus,29,419,-1440,False,adsb_icao
ae013f,2026-07-19 01:55:21.880646,UNK C/S,60-0358,2006,35000,52.2,-54.9,KC-135R Stratotanker,61,514,32,False,mode_s
ae0588,2026-07-19 01:55:21.880652,RCH2009,87-0043,6251,33000,45.5,-60.6,C-5M Galaxy,,,,False,mode_s
ae117e,2026-07-19 01:55:21.880656,RCH725,02-1112,3674,31000,18.8,-66.5,C-17A Globemaster,,,,False,mode_s
ae048c,2026-07-19 01:55:21.880661,UNK C/S,63-8883,3646,20500,25.8,55.3,KC-135R Stratotanker,61,418,0,False,mode_s
ae07f7,2026-07-19 01:55:21.880665,RCH727,97-0045,3301,35000,31.6,32.1,C-17A Globemaster,,,,False,mode_s
ae4f14,2026-07-19 01:55:21.880669,RCH349,10-0220,3312,35000,38.3,-126.1,C-17A Globemaster,,,,False,mode_s
ae63b8,2026-07-19 01:55:21.880674,CABAL62,20-46076,Unavailable,Unavailable,36.2,-125.6,KC-46A Pegasus,,,,False,mode_s
ae0811,2026-07-19 01:56:22.158768,IROC61,00-0175,2120,7950,19.841076,-156.566711,C-17A Globemaster,319,290,-64,False,adsb_icao
ae080e,2026-07-19 01:56:22.158786,RCH558,99-0168,5712,35000,56.413788,-135.882401,C-17A Globemaster,141,472,,False,adsb_icao
06a27a,2026-07-19 01:56:22.158793,LHOB244,A7-MAM,2674,20950,50.245468,-121.871986,C-17A Globemaster,54,438,,False,adsb_icao
ae0805,2026-07-19 01:56:22.158797,RCH404,99-0059,1451,8950,47.06937,-121.395416,C-17A Globemaster,273,265,-670,False,mlat
ae2fad,2026-07-19 01:56:22.158805,RCH224,08-8201,2455,32000,39.336765,-110.535606,C-17A Globemaster,282,467,47,False,mode_s
ae58ac,2026-07-19 01:56:22.158811,UNK C/S,61-0029,7653,27100,31.733904,-100.502769,B-52H Stratofortress,81,511,0,False,mlat
ae07d6,2026-07-19 01:56:22.158816,PITT57,92-3292,4030,36000,31.716738,-96.410141,C-17A Globemaster,233,438,,False,adsb_icao
ae080f,2026-07-19 01:56:22.158823,RCH538,99-0169,7352,14550,37.776833,-76.720062,C-17A Globemaster,301,355,-1827,False,mlat
ae20c2,2026-07-19 01:56:22.158828,RCH535,07-7181,7034,32000,38.880367,-73.717422,C-17A Globemaster,203,439,0,False,mlat
ae0424,2026-07-19 01:56:22.158836,UNK C/S,60-0333,3421,34000,49.081055,17.027058,KC-135R Stratotanker,292,428,0,False,mlat
477ff1,2026-07-19 01:56:22.158840,BRK48,01,7672,35000,50.236588,19.684608,C-17A Globemaster,135,466,0,False,adsb_icao
4d03c2,2026-07-19 01:56:22.158844,NATO21,LX-N90444,6015,30000,49.339863,22.000488,E-3G AWACS,7,478,-32,False,mlat
ae0808,2026-07-19 01:56:22.158848,RCH478,99-0062,7711,35000,41.936115,24.094042,C-17A Globemaster,177,468,17,False,mlat
ae1459,2026-07-19 01:56:22.158852,RCH209,06-6155,7401,29000,39.567455,25.080727,C-17A Globemaster,160,495,0,False,mlat
ae0154,2026-07-19 01:56:22.158856,UNK C/S,63-8045,6567,19175,30.86438,35.657455,KC-135R Stratotanker,,,-1044,False,mlat
ae013a,2026-07-19 01:56:22.158860,UNK C/S,59-1488,5373,21000,31.089766,36.037842,KC-135R Stratotanker,262,402,0,False,mlat
87cc0b,2026-07-19 01:56:22.158865,JF601,87-3601,7446,19650,33.283905,135.830353,KC-46A Pegasus,29,399,-1824,False,adsb_icao
ae0588,2026-07-19 01:56:22.158870,RCH2009,87-0043,6251,33000,45.8,-60.3,C-5M Galaxy,,,,False,mode_s
ae117e,2026-07-19 01:56:22.158875,RCH725,02-1112,3674,29775,18.6,-66.3,C-17A Globemaster,,,,False,mode_s
ae63b8,2026-07-19 01:56:22.158879,CABAL62,20-46076,Unavailable,Unavailable,34.7,-124.2,KC-46A Pegasus,,,,False,mode_s
ae013f,2026-07-19 01:56:22.158887,UNK C/S,60-0358,2006,35000,52.2,-54.9,KC-135R Stratotanker,66,514,-64,False,mode_s
ae4f14,2026-07-19 01:56:22.158891,RCH349,10-0220,3312,35000,37.9,-123.5,C-17A Globemaster,,,,False,mode_s
ae07f7,2026-07-19 01:56:22.158896,RCH727,97-0045,3301,35000,31.6,32.3,C-17A Globemaster,,,,False,mode_s
ae0811,2026-07-19 01:57:22.524610,IROC61,00-0175,2120,7950,19.903223,-156.622437,C-17A Globemaster,319,293,0,False,adsb_icao
ae080e,2026-07-19 01:57:22.524629,RCH558,99-0168,5712,35000,56.304092,-135.726471,C-17A Globemaster,141,472,,False,adsb_icao
06a27a,2026-07-19 01:57:22.524636,LHOB244,A7-MAM,2674,21750,50.315872,-121.719048,C-17A Globemaster,54,442,,False,adsb_icao
ae0805,2026-07-19 01:57:22.524640,RCH404,99-0059,1451,8775,47.074387,-121.506729,C-17A Globemaster,271,270,0,False,mlat
ae58ac,2026-07-19 01:57:22.524650,UNK C/S,61-0029,7653,27000,31.757023,-100.348404,B-52H Stratofortress,80,512,0,False,mlat
ae07d6,2026-07-19 01:57:22.524656,PITT57,92-3292,4030,36000,31.644257,-96.524948,C-17A Globemaster,233,437,,False,adsb_icao
ae080f,2026-07-19 01:57:22.524664,RCH538,99-0169,7352,12775,37.823734,-76.81839,C-17A Globemaster,307,316,-1723,False,mlat
ae20c2,2026-07-19 01:57:22.524669,RCH535,07-7181,7034,32000,38.776653,-73.768303,C-17A Globemaster,202,412,0,False,mlat
ae013f,2026-07-19 01:57:22.524675,UNK C/S,60-0358,2006,34975,51.167965,-53.227043,KC-135R Stratotanker,66,514,0,False,adsc
ae0424,2026-07-19 01:57:22.524681,UNK C/S,60-0333,3421,34000,49.129913,16.851446,KC-135R Stratotanker,292,428,-32,False,mlat
477ff1,2026-07-19 01:57:22.524685,BRK48,01,7672,35000,50.143799,19.824684,C-17A Globemaster,135,464,-320,False,adsb_icao
4d03c2,2026-07-19 01:57:22.524690,NATO21,LX-N90444,6015,30000,49.460926,22.022842,E-3G AWACS,7,480,224,False,mlat
ae0808,2026-07-19 01:57:22.524693,RCH478,99-0062,7711,35000,41.810017,24.10454,C-17A Globemaster,178,474,-75,False,mlat
ae1459,2026-07-19 01:57:22.524697,RCH209,06-6155,7401,29000,39.490688,25.114395,C-17A Globemaster,162,478,0,False,mlat
ae0154,2026-07-19 01:57:22.524702,UNK C/S,63-8045,6567,19025,30.878641,35.809101,KC-135R Stratotanker,72,397,75,False,mlat
ae013a,2026-07-19 01:57:22.524706,UNK C/S,59-1488,5373,21000,31.065865,35.924805,KC-135R Stratotanker,262,402,32,False,mlat
87cc0b,2026-07-19 01:57:22.524711,JF601,87-3601,7446,17850,33.381088,135.894836,KC-46A Pegasus,28,394,-1856,False,adsb_icao
ae0588,2026-07-19 01:57:22.524716,RCH2009,87-0043,6251,33000,45.9,-61.5,C-5M Galaxy,,,,False,mode_s
ae2fad,2026-07-19 01:57:22.524720,RCH224,08-8201,2455,32000,39.7,-111.1,C-17A Globemaster,,,,False,mode_s
ae117e,2026-07-19 01:57:22.524724,RCH725,02-1112,3674,27775,19.1,-67.1,C-17A Globemaster,,,,False,mode_s
ae63b8,2026-07-19 01:57:22.524728,CABAL62,20-46076,Unavailable,Unavailable,34.7,-124.2,KC-46A Pegasus,,,,False,mode_s
ae4f14,2026-07-19 01:57:22.524732,RCH349,10-0220,3312,35000,36.2,-125.6,C-17A Globemaster,,,,False,mode_s
ae07f7,2026-07-19 01:57:22.524736,RCH727,97-0045,3301,35000,31.6,32.3,C-17A Globemaster,,,,False,mode_s
ae0811,2026-07-19 01:58:22.757277,IROC61,00-0175,2120,7950,19.96579,-156.678329,C-17A Globemaster,319,293,-64,False,adsb_icao
ae080e,2026-07-19 01:58:22.757297,RCH558,99-0168,5712,35000,56.20042,-135.580215,C-17A Globemaster,141,471,,False,adsb_icao
ae0805,2026-07-19 01:58:22.757303,RCH404,99-0059,1451,8675,47.082874,-121.607925,C-17A Globemaster,280,242,-192,False,mlat
06a27a,2026-07-19 01:58:22.757308,LHOB244,A7-MAM,2674,22525,50.388657,-121.560326,C-17A Globemaster,54,445,0,False,adsb_icao
ae2fad,2026-07-19 01:58:22.757315,RCH224,08-8201,2455,32000,39.37394,-110.967339,C-17A Globemaster,,,-7,False,mlat
ae58ac,2026-07-19 01:58:22.757321,UNK C/S,61-0029,7653,27100,31.778704,-100.180855,B-52H Stratofortress,76,522,,False,mlat
ae07d6,2026-07-19 01:58:22.757327,PITT57,92-3292,4030,36000,31.571411,-96.639999,C-17A Globemaster,233,437,,False,adsb_icao
ae080f,2026-07-19 01:58:22.757336,RCH538,99-0169,7352,10950,37.893547,-76.895294,C-17A Globemaster,329,300,-1681,False,mlat
ae20c2,2026-07-19 01:58:22.757341,RCH535,07-7181,7034,32000,38.664043,-73.823906,C-17A Globemaster,204,413,0,False,mlat
ae013f,2026-07-19 01:58:22.757347,UNK C/S,60-0358,2006,Unavailable,51.167965,-53.227043,KC-135R Stratotanker,,,,False,adsc
ae0424,2026-07-19 01:58:22.757354,UNK C/S,60-0333,3421,34000,49.17522,16.678146,KC-135R Stratotanker,292,430,0,False,mlat
477ff1,2026-07-19 01:58:22.757358,BRK48,01,7672,35000,50.050545,19.964312,C-17A Globemaster,136,463,-64,False,adsb_icao
4d03c2,2026-07-19 01:58:22.757363,NATO21,LX-N90444,6015,30000,49.601681,22.050932,E-3G AWACS,7,482,64,False,mlat
ae0808,2026-07-19 01:58:22.757366,RCH478,99-0062,7711,34975,41.692101,24.111258,C-17A Globemaster,180,463,0,False,mlat
ae1459,2026-07-19 01:58:22.757370,RCH209,06-6155,7401,29000,39.391865,25.161985,C-17A Globemaster,159,474,0,False,mlat
ae013a,2026-07-19 01:58:22.757376,UNK C/S,59-1488,5373,21000,31.062471,35.776054,KC-135R Stratotanker,261,400,0,False,mlat
ae0154,2026-07-19 01:58:22.757379,UNK C/S,63-8045,6567,19000,30.904299,35.937492,KC-135R Stratotanker,83,439,-76,False,mlat
87cc0b,2026-07-19 01:58:22.757385,JF601,87-3601,7446,16175,33.476227,135.955139,KC-46A Pegasus,27,377,-1504,False,adsb_icao
ae0588,2026-07-19 01:58:22.757390,RCH2009,87-0043,6251,33000,46.0,-60.6,C-5M Galaxy,,,,False,mode_s
ae0679,2026-07-19 01:58:22.757394,RCH348,00-0174,3202,Unavailable,51.4,-126.1,C-17A Globemaster,,,,False,mode_s
ae117e,2026-07-19 01:58:22.757399,RCH725,02-1112,3674,25825,18.6,-66.4,C-17A Globemaster,,,,False,mode_s
ae63b8,2026-07-19 01:58:22.757402,CABAL62,20-46076,Unavailable,Unavailable,34.7,-124.2,KC-46A Pegasus,,,,False,mode_s
ae4f14,2026-07-19 01:58:22.757407,RCH349,10-0220,3312,35000,38.0,-123.7,C-17A Globemaster,,,,False,mode_s
ae07f7,2026-07-19 01:58:22.757411,RCH727,97-0045,3301,35000,31.6,32.2,C-17A Globemaster,,,,False,mode_s
ae0811,2026-07-19 01:59:23.026245,IROC61,00-0175,2120,7950,20.028076,-156.734009,C-17A Globemaster,319,294,-64,False,adsb_icao
ae080e,2026-07-19 01:59:23.026289,RCH558,99-0168,5712,35000,56.108482,-135.451385,C-17A Globemaster,142,471,,False,adsb_icao
ae0805,2026-07-19 01:59:23.026296,RCH404,99-0059,1451,7800,47.090454,-121.716362,C-17A Globemaster,277,251,-791,False,mlat
06a27a,2026-07-19 01:59:23.026302,LHOB244,A7-MAM,2674,23150,50.460484,-121.402634,C-17A Globemaster,54,450,0,False,adsb_icao
ae2fad,2026-07-19 01:59:23.026310,RCH224,08-8201,2455,32000,39.341011,-111.157585,C-17A Globemaster,,,0,False,mlat
ae58ac,2026-07-19 01:59:23.026317,UNK C/S,61-0029,7653,27000,31.80109,-100.018303,B-52H Stratofortress,77,512,0,False,mlat
ae07d6,2026-07-19 01:59:23.026324,PITT57,92-3292,4030,36000,31.499313,-96.753525,C-17A Globemaster,233,439,,False,adsb_icao
ae080f,2026-07-19 01:59:23.026332,RCH538,99-0169,7352,10050,37.97813,-76.895988,C-17A Globemaster,1,340,-335,False,mlat
ae20c2,2026-07-19 01:59:23.026337,RCH535,07-7181,7034,32000,38.544788,-73.882889,C-17A Globemaster,202,448,11,False,mlat
ae013f,2026-07-19 01:59:23.026343,UNK C/S,60-0358,2006,Unavailable,51.167965,-53.227043,KC-135R Stratotanker,,,,False,mode_s
ae0424,2026-07-19 01:59:23.026349,UNK C/S,60-0333,3421,34025,49.219204,16.512959,KC-135R Stratotanker,292,430,0,False,mlat
477ff1,2026-07-19 01:59:23.026354,BRK48,01,7672,35000,49.958359,20.102089,C-17A Globemaster,136,461,-128,False,adsb_icao
4d03c2,2026-07-19 01:59:23.026358,NATO21,LX-N90444,6015,30000,49.725594,22.076014,E-3G AWACS,7,482,-96,False,mlat
ae0808,2026-07-19 01:59:23.026362,RCH478,99-0062,7420,35000,41.550041,24.124802,C-17A Globemaster,174,464,0,False,mlat
ae1459,2026-07-19 01:59:23.026365,RCH209,06-6155,7401,29000,39.195229,25.252899,C-17A Globemaster,159,487,0,False,mlat
ae013a,2026-07-19 01:59:23.026371,UNK C/S,59-1488,5373,21000,31.047619,35.650124,KC-135R Stratotanker,261,400,0,False,mlat
ae0154,2026-07-19 01:59:23.026375,UNK C/S,63-8045,6567,19025,30.918695,36.080276,KC-135R Stratotanker,84,449,13,False,mlat
87cc0b,2026-07-19 01:59:23.026381,JF601,87-3601,7446,14850,33.568954,136.004974,KC-46A Pegasus,23,352,-1024,False,adsb_icao
ae0588,2026-07-19 01:59:23.026386,RCH2009,87-0043,6251,33000,45.9,-60.3,C-5M Galaxy,,,,False,mode_s
ae117e,2026-07-19 01:59:23.026391,RCH725,02-1112,3674,23825,18.2,-66.3,C-17A Globemaster,,,,False,mode_s
ae63b8,2026-07-19 01:59:23.026395,CABAL62,20-46076,Unavailable,Unavailable,34.7,-124.4,KC-46A Pegasus,,,,False,mode_s
ae4f14,2026-07-19 01:59:23.026399,RCH349,10-0220,3312,35000,36.2,-125.6,C-17A Globemaster,,,,False,mode_s
ae07f7,2026-07-19 01:59:23.026403,RCH727,97-0045,3301,35000,31.7,32.8,C-17A Globemaster,,,,False,mode_s
ae0811,2026-07-19 02:00:23.296614,IROC61,00-0175,2120,7950,20.091248,-156.790741,C-17A Globemaster,319,293,0,False,adsb_icao
ae080e,2026-07-19 02:00:23.296633,RCH558,99-0168,5712,35000,55.993652,-135.29155,C-17A Globemaster,142,471,,False,adsb_icao
ae4f14,2026-07-19 02:00:23.296638,RCH349,10-0220,3312,35000,36.704746,-124.602684,C-17A Globemaster,,,0,False,mlat
ae0805,2026-07-19 02:00:23.296643,RCH404,99-0059,1451,7775,47.098244,-121.811356,C-17A Globemaster,274,249,0,False,mlat
06a27a,2026-07-19 02:00:23.296648,LHOB244,A7-MAM,2674,23750,50.534409,-121.239105,C-17A Globemaster,54,454,0,False,adsb_icao
ae2fad,2026-07-19 02:00:23.296657,RCH224,08-8201,2455,32000,39.327915,-111.328583,C-17A Globemaster,,,0,False,mlat
ae58ac,2026-07-19 02:00:23.296663,UNK C/S,61-0029,7653,27000,31.82688,-99.860512,B-52H Stratofortress,90,487,,False,mlat
ae07d6,2026-07-19 02:00:23.296669,PITT57,92-3292,4030,36000,31.425322,-96.869583,C-17A Globemaster,233,440,,False,adsb_icao
ae080f,2026-07-19 02:00:23.296676,RCH538,99-0169,7352,10050,38.067757,-76.893967,C-17A Globemaster,359,327,-75,False,mlat
ae20c2,2026-07-19 02:00:23.296680,RCH535,07-7181,7034,32000,38.438938,-73.934204,C-17A Globemaster,204,440,-36,False,mlat
ae117e,2026-07-19 02:00:23.296685,RCH725,02-1112,3674,21600,17.031984,-66.560532,C-17A Globemaster,,,-2184,False,mlat
ae013f,2026-07-19 02:00:23.296691,UNK C/S,60-0358,2006,Unavailable,51.167965,-53.227043,KC-135R Stratotanker,,,,False,mode_s
ae0424,2026-07-19 02:00:23.296697,UNK C/S,60-0333,3421,34000,49.2635,16.34564,KC-135R Stratotanker,291,432,-160,False,mlat
477ff1,2026-07-19 02:00:23.296701,BRK48,01,7672,35000,49.865662,20.239491,C-17A Globemaster,136,455,0,False,adsb_icao
4d03c2,2026-07-19 02:00:23.296706,NATO21,LX-N90444,6015,30000,49.867256,22.102741,E-3G AWACS,7,484,-64,False,mlat
ae0808,2026-07-19 02:00:23.296709,RCH478,99-0062,7420,35000,41.413696,24.186264,C-17A Globemaster,159,463,0,False,mlat
ae1459,2026-07-19 02:00:23.296712,RCH209,06-6155,7401,29000,39.100677,25.296062,C-17A Globemaster,160,482,0,False,mlat
ae013a,2026-07-19 02:00:23.296717,UNK C/S,59-1488,5373,21000,31.012699,35.552677,KC-135R Stratotanker,261,402,0,False,mlat
ae0154,2026-07-19 02:00:23.296721,UNK C/S,63-8045,6567,19000,30.942013,36.211063,KC-135R Stratotanker,87,527,-17,False,mlat
87cc0b,2026-07-19 02:00:23.296727,JF601,87-3601,7446,12825,33.65863,136.052444,KC-46A Pegasus,23,354,-2976,False,adsb_icao
ae0588,2026-07-19 02:00:23.296731,RCH2009,87-0043,6251,33000,46.3,-59.9,C-5M Galaxy,,,,False,mode_s
ae63b8,2026-07-19 02:00:23.296736,CABAL62,20-46076,Unavailable,Unavailable,37.7,-123.8,KC-46A Pegasus,,,,False,mode_s
ae07f7,2026-07-19 02:00:23.296741,RCH727,97-0045,3301,35000,31.6,31.9,C-17A Globemaster,,,,False,mode_s
ae0811,2026-07-19 02:01:23.588377,IROC61,00-0175,2120,7950,20.153954,-156.847061,C-17A Globemaster,319,292,-64,False,adsb_icao
ae080e,2026-07-19 02:01:23.588397,RCH558,99-0168,5712,35000,55.890804,-135.149597,C-17A Globemaster,142,471,,False,adsb_icao
ae4f14,2026-07-19 02:01:23.588403,RCH349,10-0220,3312,35000,36.818192,-124.437134,C-17A Globemaster,,,0,False,mlat
ae0805,2026-07-19 02:01:23.588408,RCH404,99-0059,1451,7775,47.105412,-121.911522,C-17A Globemaster,282,209,0,False,mlat
06a27a,2026-07-19 02:01:23.588414,LHOB244,A7-MAM,2674,24300,50.606659,-121.07869,C-17A Globemaster,54,455,0,False,adsb_icao
ae2fad,2026-07-19 02:01:23.588422,RCH224,08-8201,2455,32000,39.33614,-111.504501,C-17A Globemaster,265,483,0,False,mlat
ae58ac,2026-07-19 02:01:23.588430,UNK C/S,61-0029,7653,27000,31.847036,-99.690125,B-52H Stratofortress,77,536,,False,mlat
ae07d6,2026-07-19 02:01:23.588436,PITT57,92-3292,4030,36000,31.352373,-96.983734,C-17A Globemaster,233,435,,False,adsb_icao
ae080f,2026-07-19 02:01:23.588444,RCH538,99-0169,7352,9600,38.155178,-76.89035,C-17A Globemaster,3,333,-907,False,mlat
ae20c2,2026-07-19 02:01:23.588448,RCH535,07-7181,7034,32000,38.324093,-73.996384,C-17A Globemaster,206,442,0,False,mlat
ae117e,2026-07-19 02:01:23.588453,RCH725,02-1112,3674,19425,17.170124,-66.554451,C-17A Globemaster,2,436,-2226,False,mlat
ae013f,2026-07-19 02:01:23.588458,UNK C/S,60-0358,2006,Unavailable,51.167965,-53.227043,KC-135R Stratotanker,,,,False,mode_s
ae0424,2026-07-19 02:01:23.588466,UNK C/S,60-0333,3421,34000,49.308456,16.174809,KC-135R Stratotanker,291,434,-32,False,mlat
477ff1,2026-07-19 02:01:23.588471,BRK48,01,7672,35000,49.77533,20.372957,C-17A Globemaster,136,457,160,False,adsb_icao
4d03c2,2026-07-19 02:01:23.588475,NATO21,LX-N90444,6015,29975,50.003513,22.128969,E-3G AWACS,7,480,-128,False,mlat
ae0808,2026-07-19 02:01:23.588479,RCH478,99-0062,7420,35000,41.291698,24.243113,C-17A Globemaster,161,473,0,False,mlat
ae1459,2026-07-19 02:01:23.588483,RCH209,06-6155,7401,29000,38.95229,25.364418,C-17A Globemaster,160,485,0,False,mlat
ae013a,2026-07-19 02:01:23.588489,UNK C/S,59-1488,5373,21000,31.063795,35.412811,KC-135R Stratotanker,328,414,0,False,mlat
ae0154,2026-07-19 02:01:23.588493,UNK C/S,63-8045,6567,19025,30.948177,36.381481,KC-135R Stratotanker,76,420,0,False,mlat
87cc0b,2026-07-19 02:01:23.588498,JF601,87-3601,7446,11100,33.749176,136.100204,KC-46A Pegasus,23,352,-352,False,adsb_icao
ae0588,2026-07-19 02:01:23.588504,RCH2009,87-0043,6251,33000,46.3,-60.0,C-5M Galaxy,,,,False,mode_s
ae63b8,2026-07-19 02:01:23.588509,CABAL62,20-46076,Unavailable,Unavailable,34.7,-124.4,KC-46A Pegasus,,,,False,mode_s
ae07f7,2026-07-19 02:01:23.588515,RCH727,97-0045,3301,35000,31.7,32.7,C-17A Globemaster,,,,False,mode_s
ae0811,2026-07-19 02:02:23.889004,IROC61,00-0175,2120,7950,20.216427,-156.903198,C-17A Globemaster,319,291,128,False,adsb_icao
ae080e,2026-07-19 02:02:23.889023,RCH558,99-0168,5712,35000,55.787132,-135.007385,C-17A Globemaster,142,470,,False,adsb_icao
ae4f14,2026-07-19 02:02:23.889028,RCH349,10-0220,3312,35000,36.889229,-124.315063,C-17A Globemaster,,,0,False,mlat
ae0805,2026-07-19 02:02:23.889033,RCH404,99-0059,1451,7275,47.091515,-121.999413,C-17A Globemaster,224,270,-947,False,mlat
06a27a,2026-07-19 02:02:23.889038,LHOB244,A7-MAM,2674,24850,50.680119,-120.914078,C-17A Globemaster,54,458,0,False,adsb_icao
ae2fad,2026-07-19 02:02:23.889047,RCH224,08-8201,2455,32000,39.321415,-111.67646,C-17A Globemaster,264,497,0,False,mlat
ae58ac,2026-07-19 02:02:23.889054,UNK C/S,61-0029,7653,27000,31.867281,-99.52597,B-52H Stratofortress,81,480,,False,mlat
ae07d6,2026-07-19 02:02:23.889060,PITT57,92-3292,4030,36000,31.279381,-97.097664,C-17A Globemaster,233,432,,False,adsb_icao
ae080f,2026-07-19 02:02:23.889068,RCH538,99-0169,7352,8575,38.248451,-76.885513,C-17A Globemaster,2,302,-981,False,mlat
ae20c2,2026-07-19 02:02:23.889072,RCH535,07-7181,7034,32000,38.205826,-74.055801,C-17A Globemaster,198,434,0,False,mlat
ae117e,2026-07-19 02:02:23.889077,RCH725,02-1112,3674,17200,17.290129,-66.548111,C-17A Globemaster,3,416,-2180,False,mlat
ae013f,2026-07-19 02:02:23.889083,UNK C/S,60-0358,2006,Unavailable,51.167965,-53.227043,KC-135R Stratotanker,,,,False,mode_s
ae0424,2026-07-19 02:02:23.889089,UNK C/S,60-0333,3421,34000,49.35339,16.003065,KC-135R Stratotanker,291,438,0,False,mlat
477ff1,2026-07-19 02:02:23.889093,BRK48,01,7672,35000,49.682831,20.508511,C-17A Globemaster,136,454,32,False,adsb_icao
4d03c2,2026-07-19 02:02:23.889097,NATO21,LX-N90444,6015,29950,50.121979,22.152355,E-3G AWACS,5,468,32,False,mlat
ae0808,2026-07-19 02:02:23.889101,RCH478,99-0062,7420,35000,41.171413,24.299707,C-17A Globemaster,161,475,0,False,mlat
ae1459,2026-07-19 02:02:23.889104,RCH209,06-6155,7401,29000,38.847591,25.413603,C-17A Globemaster,160,491,0,False,mlat
ae0154,2026-07-19 02:02:23.889110,UNK C/S,63-8045,6567,19025,31.500761,35.237747,KC-135R Stratotanker,75,335,-25,False,mlat
ae013a,2026-07-19 02:02:23.889113,UNK C/S,59-1488,5373,20075,31.186272,35.376129,KC-135R Stratotanker,4,414,-1024,False,mlat
87cc0b,2026-07-19 02:02:23.889119,JF601,87-3601,7446,11100,33.841148,136.148193,KC-46A Pegasus,23,359,0,False,adsb_icao
ae0588,2026-07-19 02:02:23.889125,RCH2009,87-0043,6251,32975,46.3,-60.0,C-5M Galaxy,,,,False,mode_s
ae63b8,2026-07-19 02:02:23.889129,CABAL62,20-46076,Unavailable,Unavailable,37.7,-123.9,KC-46A Pegasus,,,,False,mode_s
ae07f7,2026-07-19 02:02:23.889134,RCH727,97-0045,3301,34975,31.6,32.0,C-17A Globemaster,,,,False,mode_s
ae0811,2026-07-19 02:03:24.130373,IROC61,00-0175,2120,7950,20.278519,-156.959015,C-17A Globemaster,319,293,-64,False,adsb_icao
ae080e,2026-07-19 02:03:24.130393,RCH558,99-0168,5712,35000,55.683552,-134.866272,C-17A Globemaster,142,470,,False,adsb_icao
ae4f14,2026-07-19 02:03:24.130398,RCH349,10-0220,3312,35000,36.973751,-124.180832,C-17A Globemaster,53,560,0,False,mlat
ae0805,2026-07-19 02:03:24.130403,RCH404,99-0059,1451,6300,47.044834,-122.065369,C-17A Globemaster,224,235,-1008,False,mlat
06a27a,2026-07-19 02:03:24.130409,LHOB244,A7-MAM,2674,25325,50.753357,-120.749321,C-17A Globemaster,55,459,0,False,adsb_icao
ae2fad,2026-07-19 02:03:24.130417,RCH224,08-8201,2455,32000,39.321548,-111.824356,C-17A Globemaster,261,455,0,False,mlat
ae58ac,2026-07-19 02:03:24.130424,UNK C/S,61-0029,7653,27000,31.89187,-99.363037,B-52H Stratofortress,78,501,,False,mlat
ae07d6,2026-07-19 02:03:24.130430,PITT57,92-3292,4030,35975,31.203779,-97.206154,C-17A Globemaster,215,433,,False,adsb_icao
ae080f,2026-07-19 02:03:24.130439,RCH538,99-0169,7352,7975,38.329205,-76.881897,C-17A Globemaster,6,296,-252,False,mlat
ae20c2,2026-07-19 02:03:24.130443,RCH535,07-7181,7034,32000,38.100353,-74.117683,C-17A Globemaster,208,469,0,False,mlat
ae117e,2026-07-19 02:03:24.130448,RCH725,02-1112,3674,15025,17.399433,-66.543015,C-17A Globemaster,2,393,-2185,False,mlat
ae013f,2026-07-19 02:03:24.130454,UNK C/S,60-0358,2006,Unavailable,51.167965,-53.227043,KC-135R Stratotanker,,,,False,mode_s
ae0424,2026-07-19 02:03:24.130461,UNK C/S,60-0333,3421,34000,49.399292,15.827432,KC-135R Stratotanker,291,442,64,False,mlat
477ff1,2026-07-19 02:03:24.130465,BRK48,01,7672,35000,49.590004,20.644201,C-17A Globemaster,136,464,128,False,adsb_icao
4d03c2,2026-07-19 02:03:24.130469,NATO21,LX-N90444,6015,29975,50.250893,22.175611,E-3G AWACS,7,468,-64,False,mlat
ae0808,2026-07-19 02:03:24.130473,RCH478,99-0062,7420,35000,41.042862,24.359591,C-17A Globemaster,161,468,0,False,mlat
ae1459,2026-07-19 02:03:24.130477,RCH209,06-6155,7401,29000,38.708412,25.473946,C-17A Globemaster,161,479,0,False,mlat
ae013a,2026-07-19 02:03:24.130483,UNK C/S,59-1488,5373,20000,31.300045,35.398479,KC-135R Stratotanker,9,426,0,False,mlat
ae0154,2026-07-19 02:03:24.130487,UNK C/S,63-8045,6567,19025,30.983759,36.655998,KC-135R Stratotanker,85,449,-38,False,mlat
87cc0b,2026-07-19 02:03:24.130492,JF601,87-3601,7446,11100,33.925369,136.212082,KC-46A Pegasus,33,360,-96,False,adsb_icao
ae0588,2026-07-19 02:03:24.130497,RCH2009,87-0043,6251,33000,46.9,-60.2,C-5M Galaxy,,,,False,mode_s
ae63b8,2026-07-19 02:03:24.130502,CABAL62,20-46076,Unavailable,Unavailable,37.7,-123.9,KC-46A Pegasus,,,,False,mode_s
ae07f7,2026-07-19 02:03:24.130507,RCH727,97-0045,3301,35000,31.6,32.1,C-17A Globemaster,,,,False,mode_s
ae0811,2026-07-19 02:04:24.412377,IROC61,00-0175,2120,7950,20.341373,-157.015656,C-17A Globemaster,319,293,-64,False,adsb_icao
ae080e,2026-07-19 02:04:24.412395,RCH558,99-0168,5712,35000,55.580486,-134.726807,C-17A Globemaster,142,470,,False,adsb_icao
ae4f14,2026-07-19 02:04:24.412400,RCH349,10-0220,3312,35000,37.065624,-124.038383,C-17A Globemaster,51,585,0,False,mlat
ae0805,2026-07-19 02:04:24.412404,RCH404,99-0059,1451,5275,46.997604,-122.129486,C-17A Globemaster,222,238,-1005,False,mlat
06a27a,2026-07-19 02:04:24.412410,LHOB244,A7-MAM,2674,25900,50.826851,-120.582809,C-17A Globemaster,55,461,0,False,adsb_icao
ae2fad,2026-07-19 02:04:24.412418,RCH224,08-8201,2455,32000,39.291313,-111.992554,C-17A Globemaster,266,484,0,False,mlat
ae58ac,2026-07-19 02:04:24.412425,UNK C/S,61-0029,7653,27000,31.910336,-99.208725,B-52H Stratofortress,82,521,,False,mlat
ae07d6,2026-07-19 02:04:24.412430,PITT57,92-3292,4030,35975,31.089386,-97.255234,C-17A Globemaster,198,438,,False,adsb_icao
ae080f,2026-07-19 02:04:24.412439,RCH538,99-0169,7352,6800,38.408096,-76.845734,C-17A Globemaster,18,290,-1223,False,mlat
ae20c2,2026-07-19 02:04:24.412443,RCH535,07-7181,7034,32000,37.978786,-74.161423,C-17A Globemaster,197,470,0,False,mlat
ae117e,2026-07-19 02:04:24.412447,RCH725,02-1112,3674,12775,17.510141,-66.537689,C-17A Globemaster,4,387,-2195,False,mlat
ae013f,2026-07-19 02:04:24.412453,UNK C/S,60-0358,2006,Unavailable,51.167965,-53.227043,KC-135R Stratotanker,,,,False,mode_s
ae0424,2026-07-19 02:04:24.412459,UNK C/S,60-0333,3421,34000,49.443607,15.65176,KC-135R Stratotanker,291,444,0,False,mlat
477ff1,2026-07-19 02:04:24.412464,BRK48,01,7672,35000,49.496704,20.779699,C-17A Globemaster,136,455,0,False,adsb_icao
4d03c2,2026-07-19 02:04:24.412468,NATO21,LX-N90444,6015,30025,50.386654,22.129341,E-3G AWACS,7,468,-96,False,mlat
ae0808,2026-07-19 02:04:24.412471,RCH478,99-0062,7420,35000,40.91423,24.419867,C-17A Globemaster,159,483,0,False,mlat
ae1459,2026-07-19 02:04:24.412475,RCH209,06-6155,7401,29000,38.560539,25.536526,C-17A Globemaster,164,467,0,False,mlat
ae013a,2026-07-19 02:04:24.412480,UNK C/S,59-1488,5373,20000,31.417662,35.422504,KC-135R Stratotanker,9,424,0,False,mlat
ae0154,2026-07-19 02:04:24.412483,UNK C/S,63-8045,6567,19000,31.023232,36.793854,KC-135R Stratotanker,66,476,-23,False,mlat
87cc0b,2026-07-19 02:04:24.412489,JF601,87-3601,7446,11100,34.008179,136.279221,KC-46A Pegasus,34,362,0,False,adsb_icao
ae0588,2026-07-19 02:04:24.412494,RCH2009,87-0043,6251,33000,47.0,-60.2,C-5M Galaxy,,,,False,mode_s
ae63b8,2026-07-19 02:04:24.412499,CABAL62,20-46076,Unavailable,25025,34.7,-124.4,KC-46A Pegasus,,,,False,mode_s
ae07f7,2026-07-19 02:04:24.412504,RCH727,97-0045,3301,35000,31.6,32.1,C-17A Globemaster,,,,False,mode_s
ae0811,2026-07-19 02:05:24.647004,IROC61,00-0175,2120,7950,20.403984,-157.072189,C-17A Globemaster,319,294,0,False,adsb_icao
ae080e,2026-07-19 02:05:24.647021,RCH558,99-0168,5712,35000,55.476162,-134.586548,C-17A Globemaster,142,471,,False,adsb_icao
ae4f14,2026-07-19 02:05:24.647027,RCH349,10-0220,3312,35000,37.16357,-123.880074,C-17A Globemaster,52,527,0,False,mlat
ae0805,2026-07-19 02:05:24.647031,RCH404,99-0059,1451,4775,46.969498,-122.206497,C-17A Globemaster,255,248,-39,False,mlat
06a27a,2026-07-19 02:05:24.647037,LHOB244,A7-MAM,2674,26375,50.900024,-120.416023,C-17A Globemaster,55,462,0,False,adsb_icao
ae2fad,2026-07-19 02:05:24.647044,RCH224,08-8201,2455,32000,39.266708,-112.176376,C-17A Globemaster,262,450,0,False,mlat
ae58ac,2026-07-19 02:05:24.647052,UNK C/S,61-0029,7653,27100,31.92905,-99.034729,B-52H Stratofortress,83,504,,False,mlat
ae07d6,2026-07-19 02:05:24.647058,PITT57,92-3292,4030,34125,30.973114,-97.300575,C-17A Globemaster,198,444,,False,adsb_icao
ae080f,2026-07-19 02:05:24.647067,RCH538,99-0169,7352,5350,38.488678,-76.806847,C-17A Globemaster,23,299,-1508,False,mlat
ae20c2,2026-07-19 02:05:24.647071,RCH535,07-7181,7034,32000,37.870678,-74.239822,C-17A Globemaster,207,372,0,False,mlat
ae117e,2026-07-19 02:05:24.647075,RCH725,02-1112,3674,11400,17.61054,-66.533653,C-17A Globemaster,0,338,-1300,False,mlat
ae013f,2026-07-19 02:05:24.647081,UNK C/S,60-0358,2006,Unavailable,51.167965,-53.227043,KC-135R Stratotanker,,,,False,mode_s
ae0424,2026-07-19 02:05:24.647087,UNK C/S,60-0333,3421,34025,49.487518,15.479947,KC-135R Stratotanker,291,444,64,False,mlat
477ff1,2026-07-19 02:05:24.647091,BRK48,01,7672,35000,49.404144,20.913038,C-17A Globemaster,136,461,-64,False,adsb_icao
4d03c2,2026-07-19 02:05:24.647095,NATO21,LX-N90444,6015,30000,50.50761,22.228624,E-3G AWACS,7,468,-32,False,mlat
ae0808,2026-07-19 02:05:24.647099,RCH478,99-0062,7420,35000,40.7841,24.4793,C-17A Globemaster,161,481,0,False,mlat
ae1459,2026-07-19 02:05:24.647102,RCH209,06-6155,7401,29000,38.424778,25.589289,C-17A Globemaster,160,494,0,False,mlat
ae013a,2026-07-19 02:05:24.647108,UNK C/S,59-1488,5373,20000,31.530474,35.443924,KC-135R Stratotanker,9,416,0,False,mlat
ae0154,2026-07-19 02:05:24.647112,UNK C/S,63-8045,6567,19000,31.090128,36.892582,KC-135R Stratotanker,60,511,75,False,mlat
87cc0b,2026-07-19 02:05:24.647117,JF601,87-3601,7446,11100,34.088108,136.353668,KC-46A Pegasus,52,361,0,False,adsb_icao
ae0588,2026-07-19 02:05:24.647122,RCH2009,87-0043,6251,33000,47.1,-60.2,C-5M Galaxy,,,,False,mode_s
ae63b8,2026-07-19 02:05:24.647127,CABAL62,20-46076,Unavailable,25025,37.7,-123.6,KC-46A Pegasus,,,,False,mode_s
ae07f7,2026-07-19 02:05:24.647131,X,97-0045,3301,35000,31.7,32.5,C-17A Globemaster,,,,False,mode_s
ae0811,2026-07-19 02:06:24.894460,IROC61,00-0175,2120,7950,20.466934,-157.128967,C-17A Globemaster,319,293,-64,False,adsb_icao
ae080e,2026-07-19 02:06:24.894478,RCH558,99-0168,5712,35000,55.371735,-134.447128,C-17A Globemaster,142,472,,False,adsb_icao
ae4f14,2026-07-19 02:06:24.894486,RCH349,10-0220,3312,35000,37.258007,-123.726723,C-17A Globemaster,51,546,0,False,mlat
ae0805,2026-07-19 02:06:24.894490,RCH404,99-0059,1451,3900,46.951149,-122.290367,C-17A Globemaster,242,183,-958,False,mlat
06a27a,2026-07-19 02:06:24.894496,LHOB244,A7-MAM,2674,26900,50.973129,-120.248184,C-17A Globemaster,55,463,0,False,adsb_icao
ae2fad,2026-07-19 02:06:24.894503,RCH224,08-8201,2455,32000,39.254009,-112.318253,C-17A Globemaster,257,472,0,False,mlat
ae58ac,2026-07-19 02:06:24.894509,UNK C/S,61-0029,7653,27000,31.958097,-98.883263,B-52H Stratofortress,83,505,0,False,mlat
ae07d6,2026-07-19 02:06:24.894515,PITT57,92-3292,4030,32100,30.853088,-97.347107,C-17A Globemaster,198,456,,False,adsb_icao
ae080f,2026-07-19 02:06:24.894524,RCH538,99-0169,7352,3825,38.561222,-76.776299,C-17A Globemaster,22,298,-1423,False,mlat
ae20c2,2026-07-19 02:06:24.894528,RCH535,07-7181,7034,32000,37.767376,-74.289375,C-17A Globemaster,209,450,0,False,mlat
ae117e,2026-07-19 02:06:24.894533,RCH725,02-1112,3674,10050,17.707285,-66.528122,C-17A Globemaster,3,328,-1331,False,mlat
ae013f,2026-07-19 02:06:24.894539,UNK C/S,60-0358,2006,Unavailable,51.167965,-53.227043,KC-135R Stratotanker,,,,False,mode_s
ae0424,2026-07-19 02:06:24.894545,UNK C/S,60-0333,3421,34000,49.533955,15.294876,KC-135R Stratotanker,291,446,-416,False,mlat
477ff1,2026-07-19 02:06:24.894550,BRK48,01,7672,35000,49.30706,21.038673,C-17A Globemaster,148,448,-32,False,adsb_icao
4d03c2,2026-07-19 02:06:24.894554,NATO21,LX-N90444,6015,30000,50.644459,22.1611,E-3G AWACS,6,466,-32,False,mlat
ae0808,2026-07-19 02:06:24.894557,RCH478,99-0062,7420,35000,40.660259,24.536371,C-17A Globemaster,161,481,0,False,mlat
ae1459,2026-07-19 02:06:24.894561,RCH209,06-6155,7401,29000,38.292747,25.658529,C-17A Globemaster,163,482,0,False,mlat
ae013a,2026-07-19 02:06:24.894566,UNK C/S,59-1488,5373,20000,31.647364,35.465538,KC-135R Stratotanker,9,410,-32,False,mlat
ae0154,2026-07-19 02:06:24.894571,UNK C/S,63-8045,6567,19025,31.169159,37.035816,KC-135R Stratotanker,,,53,False,mlat
87cc0b,2026-07-19 02:06:24.894576,JF601,87-3601,7446,11100,34.147339,136.451996,KC-46A Pegasus,53,361,0,False,adsb_icao
ae0588,2026-07-19 02:06:24.894581,RCH2009,87-0043,6251,33000,47.1,-60.2,C-5M Galaxy,,,,False,mode_s
ae63b8,2026-07-19 02:06:24.894586,CABAL62,20-46076,3356,25000,37.7,-123.6,KC-46A Pegasus,,,,False,mode_s
ae07f7,2026-07-19 02:06:24.894591,X,97-0045,3301,35000,31.7,32.4,C-17A Globemaster,,,,False,mode_s
ae0811,2026-07-19 02:07:25.162009,IROC61,00-0175,2120,7950,20.529419,-157.185471,C-17A Globemaster,319,294,-64,False,adsb_icao
ae080e,2026-07-19 02:07:25.162027,RCH558,99-0168,5712,35000,55.266865,-134.308105,C-17A Globemaster,142,474,,False,adsb_icao
ae4f14,2026-07-19 02:07:25.162033,RCH349,10-0220,3312,34900,37.351051,-123.576935,C-17A Globemaster,53,513,0,False,mlat
ae0805,2026-07-19 02:07:25.162037,RCH404,99-0059,1451,3250,47.008247,-122.305603,C-17A Globemaster,355,297,-765,False,mlat
06a27a,2026-07-19 02:07:25.162043,LHOB244,A7-MAM,2674,27000,51.046509,-120.078789,C-17A Globemaster,55,467,0,False,adsb_icao
ae2fad,2026-07-19 02:07:25.162050,RCH224,08-8201,2455,32000,39.239109,-112.509117,C-17A Globemaster,261,474,0,False,mlat
ae58ac,2026-07-19 02:07:25.162057,UNK C/S,61-0029,7653,27000,31.973404,-98.712364,B-52H Stratofortress,82,499,,False,mlat
ae07d6,2026-07-19 02:07:25.162062,PITT57,92-3292,4030,30125,30.731461,-97.394119,C-17A Globemaster,198,461,,False,adsb_icao
ae080f,2026-07-19 02:07:25.162070,RCH538,99-0169,7352,3100,38.643864,-76.755295,C-17A Globemaster,1,300,-76,False,mlat
ae20c2,2026-07-19 02:07:25.162074,RCH535,07-7181,7034,32000,37.656223,-74.367111,C-17A Globemaster,213,453,0,False,mlat
ae117e,2026-07-19 02:07:25.162078,RCH725,02-1112,3674,9175,17.789618,-66.523979,C-17A Globemaster,3,270,-914,False,mlat
ae013f,2026-07-19 02:07:25.162084,UNK C/S,60-0358,2006,Unavailable,51.167965,-53.227043,KC-135R Stratotanker,,,,False,mode_s
ae0424,2026-07-19 02:07:25.162091,UNK C/S,60-0333,3421,34000,49.579376,15.114938,KC-135R Stratotanker,291,446,32,False,mlat
477ff1,2026-07-19 02:07:25.162095,BRK48,01,7672,35000,49.199898,21.14131,C-17A Globemaster,147,457,0,False,adsb_icao
4d03c2,2026-07-19 02:07:25.162099,NATO21,LX-N90444,6015,30000,50.775261,22.222805,E-3G AWACS,7,464,-160,False,mlat
ae0808,2026-07-19 02:07:25.162102,RCH478,99-0062,7420,35000,40.529991,24.596935,C-17A Globemaster,161,480,0,False,mlat
ae013a,2026-07-19 02:07:25.162106,UNK C/S,59-1488,5373,19350,31.760492,35.47731,KC-135R Stratotanker,343,378,-3584,False,mlat
87cc0b,2026-07-19 02:07:25.162111,JF601,87-3601,7446,11100,34.206909,136.550323,KC-46A Pegasus,54,359,64,False,adsb_icao
ae1459,2026-07-19 02:07:25.162116,RCH209,06-6155,7401,29000,37.0,24.9,C-17A Globemaster,,,,False,mode_s
ae0588,2026-07-19 02:07:25.162121,RCH2009,87-0043,6251,33000,47.0,-60.3,C-5M Galaxy,,,,False,mode_s
ae63b8,2026-07-19 02:07:25.162126,CABAL62,20-46076,3356,25025,37.7,-123.6,KC-46A Pegasus,,,,False,mode_s
ae07f7,2026-07-19 02:07:25.162130,X,97-0045,3301,35000,31.6,32.2,C-17A Globemaster,,,,False,mode_s
ae0154,2026-07-19 02:07:25.162135,UNK C/S,63-8045,6567,19025,32.4,35.7,KC-135R Stratotanker,,,,False,mode_s
ae0811,2026-07-19 02:08:25.420421,IROC61,00-0175,2120,7975,20.591543,-157.241714,C-17A Globemaster,319,291,-64,False,adsb_icao
ae080e,2026-07-19 02:08:25.420440,RCH558,99-0168,5712,35000,55.16119,-134.169113,C-17A Globemaster,143,472,,False,adsb_icao
ae4f14,2026-07-19 02:08:25.420446,RCH349,10-0220,3312,31975,37.433578,-123.44339,C-17A Globemaster,52,499,-4906,False,mlat
ae0805,2026-07-19 02:08:25.420450,RCH404,99-0059,1451,2775,47.063744,-122.313751,C-17A Globemaster,354,192,-93,False,mlat
06a27a,2026-07-19 02:08:25.420456,LHOB244,A7-MAM,2674,27000,51.120407,-119.906998,C-17A Globemaster,55,477,0,False,adsb_icao
ae2fad,2026-07-19 02:08:25.420464,RCH224,08-8201,2455,32000,39.207607,-112.655922,C-17A Globemaster,257,505,0,False,mlat
ae58ac,2026-07-19 02:08:25.420472,UNK C/S,61-0029,7653,27000,31.991804,-98.546799,B-52H Stratofortress,81,486,,False,mlat
ae07d6,2026-07-19 02:08:25.420477,PITT57,92-3292,4030,28150,30.610153,-97.440865,C-17A Globemaster,198,460,,False,adsb_icao
ae080f,2026-07-19 02:08:25.420486,RCH538,99-0169,7352,3100,38.726517,-76.749298,C-17A Globemaster,7,298,0,False,mlat
ae20c2,2026-07-19 02:08:25.420490,RCH535,07-7181,7034,32000,37.54668,-74.456253,C-17A Globemaster,218,420,0,False,mlat
ae117e,2026-07-19 02:08:25.420494,RCH725,02-1112,3674,8150,17.857224,-66.520462,C-17A Globemaster,2,218,-1004,False,mlat
ae013f,2026-07-19 02:08:25.420500,UNK C/S,60-0358,2006,Unavailable,51.167965,-53.227043,KC-135R Stratotanker,,,,False,mode_s
ae0424,2026-07-19 02:08:25.420506,UNK C/S,60-0333,3421,34000,49.624588,14.936883,KC-135R Stratotanker,290,446,0,False,mlat
477ff1,2026-07-19 02:08:25.420510,BRK48,01,7672,35000,49.092865,21.243755,C-17A Globemaster,148,455,-64,False,adsb_icao
4d03c2,2026-07-19 02:08:25.420514,NATO21,LX-N90444,6015,29975,50.9077,22.312145,E-3G AWACS,7,464,32,False,mlat
ae0808,2026-07-19 02:08:25.420518,RCH478,99-0062,7420,35000,40.408009,24.657337,C-17A Globemaster,161,486,0,False,mlat
ae1459,2026-07-19 02:08:25.420522,RCH209,06-6155,7401,29000,38.063644,25.769491,C-17A Globemaster,161,473,0,False,mlat
ae013a,2026-07-19 02:08:25.420527,UNK C/S,59-1488,5373,15100,31.853622,35.434166,KC-135R Stratotanker,337,360,-4544,False,mlat
87cc0b,2026-07-19 02:08:25.420532,JF601,87-3601,7446,10825,34.260632,136.639877,KC-46A Pegasus,54,308,-832,False,adsb_icao
ae0588,2026-07-19 02:08:25.420538,RCH2009,87-0043,6251,33000,47.1,-60.2,C-5M Galaxy,,,,False,mode_s
ae63b8,2026-07-19 02:08:25.420544,CABAL62,20-46076,3356,25000,36.2,-125.6,KC-46A Pegasus,,,,False,mode_s
ae07f7,2026-07-19 02:08:25.420549,X,97-0045,3301,35000,31.6,32.2,C-17A Globemaster,,,,False,mode_s
ae0154,2026-07-19 02:08:25.420554,UNK C/S,63-8045,6567,19000,32.4,35.5,KC-135R Stratotanker,,,,False,mode_s
ae0811,2026-07-19 02:09:25.652233,IROC61,00-0175,2120,7950,20.653702,-157.297928,C-17A Globemaster,319,293,-64,False,adsb_icao
ae080e,2026-07-19 02:09:25.652272,RCH558,99-0168,5712,35000,55.056633,-134.032211,C-17A Globemaster,143,470,,False,adsb_icao
ae4f14,2026-07-19 02:09:25.652279,RCH349,10-0220,3312,26225,37.522327,-123.298782,C-17A Globemaster,50,469,-6363,False,mlat
ae0805,2026-07-19 02:09:25.652283,RCH404,99-0059,1451,2775,47.122414,-122.321617,C-17A Globemaster,355,204,47,False,mlat
06a27a,2026-07-19 02:09:25.652291,LHOB244,A7-MAM,2674,27000,51.195374,-119.731529,C-17A Globemaster,55,483,0,False,adsb_icao
ae2fad,2026-07-19 02:09:25.652297,RCH224,08-8201,2455,32000,39.204914,-112.814484,C-17A Globemaster,267,458,0,False,mlat
ae58ac,2026-07-19 02:09:25.652306,UNK C/S,61-0029,7653,27000,32.014606,-98.391266,B-52H Stratofortress,85,505,,False,mlat
ae07d6,2026-07-19 02:09:25.652311,PITT57,92-3292,4030,26100,30.487106,-97.488174,C-17A Globemaster,198,462,,False,adsb_icao
ae080f,2026-07-19 02:09:25.652320,RCH538,99-0169,7352,3100,38.80899,-76.742348,C-17A Globemaster,1,295,0,False,mlat
ae20c2,2026-07-19 02:09:25.652324,RCH535,07-7181,7034,32000,37.446499,-74.528084,C-17A Globemaster,214,391,0,False,mlat
ae117e,2026-07-19 02:09:25.652329,RCH725,02-1112,3674,7150,17.911697,-66.518822,C-17A Globemaster,360,182,-962,False,mlat
ae013f,2026-07-19 02:09:25.652335,UNK C/S,60-0358,2006,Unavailable,51.167965,-53.227043,KC-135R Stratotanker,,,,False,mode_s
ae0424,2026-07-19 02:09:25.652342,UNK C/S,60-0333,3421,34000,49.667667,14.760132,KC-135R Stratotanker,290,446,0,False,mlat
477ff1,2026-07-19 02:09:25.652347,BRK48,01,7672,35000,48.985382,21.345591,C-17A Globemaster,148,455,-32,False,adsb_icao
4d03c2,2026-07-19 02:09:25.652351,NATO21,LX-N90444,6015,30000,51.029816,22.334961,E-3G AWACS,7,464,-128,False,mlat
ae0808,2026-07-19 02:09:25.652355,RCH478,99-0062,7420,35000,40.278355,24.712067,C-17A Globemaster,161,481,0,False,mlat
ae1459,2026-07-19 02:09:25.652359,RCH209,06-6155,7401,29000,37.997677,25.799097,C-17A Globemaster,159,481,0,False,mlat
ae013a,2026-07-19 02:09:25.652364,UNK C/S,59-1488,5373,12300,31.941326,35.389809,KC-135R Stratotanker,337,310,-2176,False,mlat
87cc0b,2026-07-19 02:09:25.652370,JF601,87-3601,7446,9850,34.311047,136.718384,KC-46A Pegasus,38,285,-1248,False,adsb_icao
ae0588,2026-07-19 02:09:25.652376,RCH2009,87-0043,6251,33000,47.1,-60.2,C-5M Galaxy,,,,False,mode_s
ae63b8,2026-07-19 02:09:25.652381,CABAL62,20-46076,3356,25025,34.7,-124.6,KC-46A Pegasus,,,,False,mode_s
ae07f7,2026-07-19 02:09:25.652385,X,97-0045,3301,35000,31.6,32.2,C-17A Globemaster,,,,False,mode_s
ae0154,2026-07-19 02:09:25.652390,UNK C/S,63-8045,5144,19025,31.9,35.1,KC-135R Stratotanker,,,,False,mode_s
ae6413,2026-07-19 02:09:25.652397,UNK C/S,169743,Unavailable,Unavailable,57.9,12.4,F/A-18 Hornet,,,,False,mode_s
ae0811,2026-07-19 02:10:25.913373,IROC61,00-0175,2120,7950,20.716257,-157.354736,C-17A Globemaster,319,293,0,False,adsb_icao
ae080e,2026-07-19 02:10:25.913391,RCH558,99-0168,5712,35000,54.951096,-133.895065,C-17A Globemaster,143,471,,False,adsb_icao
ae4f14,2026-07-19 02:10:25.913397,RCH349,10-0220,3312,21000,37.601776,-123.170464,C-17A Globemaster,53,456,-5102,False,mlat
ae0805,2026-07-19 02:10:25.913401,RCH404,99-0059,1451,2750,47.169304,-122.364113,C-17A Globemaster,321,177,11,False,mlat
06a27a,2026-07-19 02:10:25.913408,LHOB244,A7-MAM,2674,27000,51.271729,-119.55159,C-17A Globemaster,56,490,,False,adsb_icao
ae2fad,2026-07-19 02:10:25.913414,RCH224,08-8201,2455,32000,39.186108,-113.008797,C-17A Globemaster,268,439,0,False,mlat
ae58ac,2026-07-19 02:10:25.913422,UNK C/S,61-0029,7653,27100,32.035309,-98.223259,B-52H Stratofortress,82,509,0,False,mlat
ae07d6,2026-07-19 02:10:25.913427,PITT57,92-3292,4030,23475,30.368399,-97.537224,C-17A Globemaster,207,441,,False,adsb_icao
ae080f,2026-07-19 02:10:25.913436,RCH538,99-0169,7352,2850,38.891197,-76.734055,C-17A Globemaster,4,301,-711,False,mlat
ae20c2,2026-07-19 02:10:25.913441,RCH535,07-7181,7034,32000,37.358269,-74.627441,C-17A Globemaster,210,487,0,False,mlat
ae117e,2026-07-19 02:10:25.913445,RCH725,02-1112,3674,6875,17.994217,-66.507179,C-17A Globemaster,13,339,-2,False,mlat
ae013f,2026-07-19 02:10:25.913451,UNK C/S,60-0358,2006,Unavailable,51.167965,-53.227043,KC-135R Stratotanker,,,,False,mode_s
ae0424,2026-07-19 02:10:25.913459,UNK C/S,60-0333,3421,34000,49.709927,14.584921,KC-135R Stratotanker,290,446,192,False,mlat
477ff1,2026-07-19 02:10:25.913463,BRK48,01,7672,34975,48.876984,21.447918,C-17A Globemaster,148,452,32,False,adsb_icao
4d03c2,2026-07-19 02:10:25.913467,NATO21,LX-N90444,6015,30000,51.157955,22.299486,E-3G AWACS,7,464,0,False,mlat
ae0808,2026-07-19 02:10:25.913471,RCH478,99-0062,7420,35000,40.151314,24.768488,C-17A Globemaster,163,478,0,False,mlat
ae1459,2026-07-19 02:10:25.913474,RCH209,06-6155,7401,29000,37.820057,25.879246,C-17A Globemaster,162,472,0,False,mlat
ae013a,2026-07-19 02:10:25.913480,UNK C/S,59-1488,5373,10175,32.021721,35.352287,KC-135R Stratotanker,338,294,-160,False,mlat
87cc0b,2026-07-19 02:10:25.913486,JF601,87-3601,7446,8600,34.376453,136.771255,KC-46A Pegasus,34,278,-1216,False,adsb_icao
ae0588,2026-07-19 02:10:25.913492,RCH2009,87-0043,6251,33000,47.3,-60.2,C-5M Galaxy,,,,False,mode_s
ae63b8,2026-07-19 02:10:25.913497,CABAL62,20-46076,3356,25000,36.2,-125.6,KC-46A Pegasus,,,,False,mode_s
ae07f7,2026-07-19 02:10:25.913502,X,97-0045,3301,35000,31.6,31.9,C-17A Globemaster,,,,False,mode_s
ae5e0c,2026-07-19 02:10:25.913509,CABAL72,17-46031,Unavailable,Unavailable,36.2,-125.6,KC-46A Pegasus,,,,False,mode_s
ae0811,2026-07-19 02:11:26.317168,IROC61,00-0175,2120,7975,20.778404,-157.411118,C-17A Globemaster,319,293,-128,False,adsb_icao
ae080e,2026-07-19 02:11:26.317188,RCH558,99-0168,5712,35000,54.847054,-133.76088,C-17A Globemaster,143,469,,False,adsb_icao
ae4f14,2026-07-19 02:11:26.317193,RCH349,10-0220,3312,21000,37.673466,-123.050392,C-17A Globemaster,54,479,0,False,mlat
ae0805,2026-07-19 02:11:26.317198,RCH404,99-0059,1451,2000,47.208603,-122.400429,C-17A Globemaster,343,165,-953,False,mlat
06a27a,2026-07-19 02:11:26.317205,LHOB244,A7-MAM,2674,27000,51.347031,-119.37291,C-17A Globemaster,56,490,,False,adsb_icao
ae2fad,2026-07-19 02:11:26.317211,RCH224,08-8201,2455,32000,39.138977,-113.118774,C-17A Globemaster,,,0,False,mlat
ae58ac,2026-07-19 02:11:26.317219,UNK C/S,61-0029,7653,27100,32.050816,-98.066818,B-52H Stratofortress,81,513,0,False,mlat
ae07d6,2026-07-19 02:11:26.317223,PITT57,92-3292,4030,20750,30.264954,-97.608734,C-17A Globemaster,210,420,,False,adsb_icao
ae080f,2026-07-19 02:11:26.317232,RCH538,99-0169,7352,2600,38.967289,-76.750854,C-17A Globemaster,329,285,-76,False,mlat
ae20c2,2026-07-19 02:11:26.317236,RCH535,07-7181,7034,32000,37.2672,-74.743927,C-17A Globemaster,213,440,7,False,mlat
ae117e,2026-07-19 02:11:26.317240,RCH725,02-1112,3674,6875,18.042032,-66.484535,C-17A Globemaster,23,229,1,False,mlat
ae013f,2026-07-19 02:11:26.317246,UNK C/S,60-0358,2006,Unavailable,51.167965,-53.227043,KC-135R Stratotanker,,,,False,mode_s
ae0424,2026-07-19 02:11:26.317279,UNK C/S,60-0333,3421,34000,49.753204,14.4066,KC-135R Stratotanker,290,446,-384,False,mlat
477ff1,2026-07-19 02:11:26.317286,BRK48,01,7672,35000,48.771149,21.547218,C-17A Globemaster,148,446,32,False,adsb_icao
4d03c2,2026-07-19 02:11:26.317292,NATO21,LX-N90444,6015,30000,51.29192,22.389122,E-3G AWACS,7,464,64,False,mlat
ae0808,2026-07-19 02:11:26.317298,RCH478,99-0062,7420,35000,40.020767,24.828131,C-17A Globemaster,162,480,0,False,mlat
ae1459,2026-07-19 02:11:26.317304,RCH209,06-6155,7401,29000,37.693211,25.935205,C-17A Globemaster,160,479,0,False,mlat
ae013a,2026-07-19 02:11:26.317314,UNK C/S,59-1488,5373,9500,32.076965,35.299911,KC-135R Stratotanker,297,272,-1408,False,mlat
87cc0b,2026-07-19 02:11:26.317320,JF601,87-3601,7446,8100,34.440464,136.823669,KC-46A Pegasus,33,279,0,False,adsb_icao
ae0588,2026-07-19 02:11:26.317328,RCH2009,87-0043,6251,33000,47.2,-60.2,C-5M Galaxy,,,,False,mode_s
ae07f7,2026-07-19 02:11:26.317333,X,97-0045,3301,35000,31.6,31.9,C-17A Globemaster,,,,False,mode_s
ae63b8,2026-07-19 02:11:26.317338,CABAL62,20-46076,3356,25000,36.6,-124.7,KC-46A Pegasus,,,,False,mode_s
ae0811,2026-07-19 02:12:26.566241,IROC61,00-0175,2120,7950,20.840738,-157.467834,C-17A Globemaster,319,292,-64,False,adsb_icao
ae080e,2026-07-19 02:12:26.566290,RCH558,99-0168,5712,35000,54.742447,-133.626785,C-17A Globemaster,143,468,,False,adsb_icao
ae4f14,2026-07-19 02:12:26.566300,RCH349,10-0220,3312,21000,37.762398,-122.929298,C-17A Globemaster,46,461,74,False,mlat
ae0805,2026-07-19 02:12:26.566305,RCH404,99-0059,1451,1775,47.253174,-122.417725,C-17A Globemaster,342,171,-83,False,mlat
06a27a,2026-07-19 02:12:26.566319,LHOB244,A7-MAM,2674,27025,51.423065,-119.191345,C-17A Globemaster,56,490,,False,adsb_icao
ae2fad,2026-07-19 02:12:26.566328,RCH224,08-8201,2455,32000,39.270828,-113.08651,C-17A Globemaster,,,0,False,mode_s
ae58ac,2026-07-19 02:12:26.566340,UNK C/S,61-0029,7653,27000,32.067799,-97.911163,B-52H Stratofortress,81,517,0,False,mlat
ae07d6,2026-07-19 02:12:26.566345,PITT57,92-3292,4030,18050,30.166874,-97.676422,C-17A Globemaster,210,401,,False,adsb_icao
ae080f,2026-07-19 02:12:26.566353,RCH538,99-0169,7352,2625,39.011929,-76.810364,C-17A Globemaster,273,213,154,False,mlat
ae20c2,2026-07-19 02:12:26.566358,RCH535,07-7181,7034,31600,37.189785,-74.854523,C-17A Globemaster,232,405,-785,False,mlat
ae117e,2026-07-19 02:12:26.566363,RCH725,02-1112,3674,6900,18.092068,-66.451981,C-17A Globemaster,51,233,76,False,mlat
ae013f,2026-07-19 02:12:26.566368,UNK C/S,60-0358,2006,34992,51.97443,-50.055599,KC-135R Stratotanker,66,,,False,adsc
ae0424,2026-07-19 02:12:26.566374,UNK C/S,60-0333,3421,34000,49.795868,14.228281,KC-135R Stratotanker,290,444,0,False,mlat
477ff1,2026-07-19 02:12:26.566379,BRK48,01,7672,35000,48.664967,21.646608,C-17A Globemaster,148,451,-64,False,adsb_icao
4d03c2,2026-07-19 02:12:26.566383,NATO21,LX-N90444,6015,30000,51.413616,22.415142,E-3G AWACS,7,464,-32,False,mlat
ae0808,2026-07-19 02:12:26.566387,RCH478,99-0062,7420,35000,39.900414,24.881351,C-17A Globemaster,161,476,0,False,mlat
ae1459,2026-07-19 02:12:26.566391,RCH209,06-6155,7401,29000,37.574608,25.9869,C-17A Globemaster,162,481,0,False,mlat
ae013a,2026-07-19 02:12:26.566396,UNK C/S,59-1488,5373,8250,32.107925,35.216766,KC-135R Stratotanker,287,266,-1152,False,mlat
87cc0b,2026-07-19 02:12:26.566402,JF601,87-3601,7446,7600,34.506332,136.858978,KC-46A Pegasus,14,256,-2368,False,adsb_icao
ae0588,2026-07-19 02:12:26.566410,RCH2009,87-0043,6251,32975,47.3,-60.2,C-5M Galaxy,,,,False,mode_s
ae07f7,2026-07-19 02:12:26.566416,X,97-0045,3301,35000,31.7,32.2,C-17A Globemaster,,,,False,mode_s
ae63b8,2026-07-19 02:12:26.566421,CABAL62,20-46076,3356,25025,36.2,-125.6,KC-46A Pegasus,,,,False,mode_s
ae0811,2026-07-19 02:13:26.806866,IROC61,00-0175,2120,7950,20.90387,-157.52536,C-17A Globemaster,319,295,-64,False,adsb_icao
ae080e,2026-07-19 02:13:26.806884,RCH558,99-0168,5712,35000,54.637344,-133.492859,C-17A Globemaster,143,467,,False,adsb_icao
ae4f14,2026-07-19 02:13:26.806890,RCH349,10-0220,3312,21000,37.851269,-122.81427,C-17A Globemaster,46,476,0,False,mlat
ae0805,2026-07-19 02:13:26.806894,RCH404,99-0059,1451,1775,47.283997,-122.446327,C-17A Globemaster,267,213,77,False,mlat
06a27a,2026-07-19 02:13:26.806902,LHOB244,A7-MAM,2674,27000,51.498825,-119.008881,C-17A Globemaster,56,489,,False,adsb_icao
ae07d6,2026-07-19 02:13:26.806910,PITT57,92-3292,4030,15325,30.072693,-97.741219,C-17A Globemaster,211,380,,False,adsb_icao
ae58ac,2026-07-19 02:13:26.806914,UNK C/S,61-0029,7653,27000,32.096394,-97.727318,B-52H Stratofortress,81,512,,False,mlat
ae080f,2026-07-19 02:13:26.806923,RCH538,99-0169,7352,2625,39.000614,-76.861183,C-17A Globemaster,197,221,53,False,mlat
ae20c2,2026-07-19 02:13:26.806928,RCH535,07-7181,7034,30550,37.131512,-74.985306,C-17A Globemaster,252,382,-1196,False,mlat
ae117e,2026-07-19 02:13:26.806933,RCH725,02-1112,3674,6875,18.119139,-66.391983,C-17A Globemaster,67,215,-75,False,mlat
ae013f,2026-07-19 02:13:26.806938,UNK C/S,60-0358,2006,34992,51.97443,-50.055599,KC-135R Stratotanker,66,,,False,adsc
ae0424,2026-07-19 02:13:26.806945,UNK C/S,60-0333,3421,34000,49.83741,14.05522,KC-135R Stratotanker,290,442,96,False,mlat
477ff1,2026-07-19 02:13:26.806949,BRK48,01,7672,35000,48.558781,21.745413,C-17A Globemaster,148,440,32,False,adsb_icao
4d03c2,2026-07-19 02:13:26.806952,NATO21,LX-N90444,6015,30000,51.550095,22.443432,E-3G AWACS,7,464,64,False,mlat
ae0808,2026-07-19 02:13:26.806956,RCH478,99-0062,7420,35000,39.782673,24.934164,C-17A Globemaster,161,488,0,False,mlat
ae1459,2026-07-19 02:13:26.806959,RCH209,06-6155,7401,29000,37.490257,26.026142,C-17A Globemaster,159,480,0,False,mlat
ae013a,2026-07-19 02:13:26.806970,UNK C/S,59-1488,5373,8075,32.128181,35.138062,KC-135R Stratotanker,287,234,-1184,False,mlat
87cc0b,2026-07-19 02:13:26.806976,JF601,87-3601,7446,6025,34.578957,136.882446,KC-46A Pegasus,13,269,-1056,False,adsb_icao
ae63c7,2026-07-19 02:13:26.806982,FLYER40,21-46091,Unavailable,Unavailable,32.8,36.5,KC-46A Pegasus,,,,False,mode_s
ae0588,2026-07-19 02:13:26.806987,RCH2009,87-0043,6251,33000,47.3,-60.2,C-5M Galaxy,,,,False,mode_s
ae2fad,2026-07-19 02:13:26.806992,RCH224,08-8201,2455,32000,39.7,-112.9,C-17A Globemaster,,,,False,mode_s
ae07f7,2026-07-19 02:13:26.806996,X,97-0045,3301,35000,31.7,32.3,C-17A Globemaster,,,,False,mode_s
ae63b8,2026-07-19 02:13:26.807002,CABAL62,20-46076,3356,25025,33.7,-123.4,KC-46A Pegasus,,,,False,mode_s
ae0811,2026-07-19 02:14:27.076763,IROC61,00-0175,2120,7950,20.962053,-157.584991,C-17A Globemaster,291,292,0,False,adsb_icao
ae080e,2026-07-19 02:14:27.076781,RCH558,99-0168,5712,35000,54.53371,-133.355789,C-17A Globemaster,138,470,,False,adsb_icao
ae4f14,2026-07-19 02:14:27.076787,RCH349,10-0220,3312,20625,37.940849,-122.693176,C-17A Globemaster,45,449,-886,False,mlat
ae0805,2026-07-19 02:14:27.076790,RCH404,99-0059,1451,1750,47.245331,-122.477554,C-17A Globemaster,181,170,-76,False,mlat
06a27a,2026-07-19 02:14:27.076798,LHOB244,A7-MAM,2674,27000,51.573177,-118.828812,C-17A Globemaster,56,485,,False,adsb_icao
ae07d6,2026-07-19 02:14:27.076805,PITT57,92-3292,4030,13050,29.984207,-97.802124,C-17A Globemaster,211,358,,False,adsb_icao
ae58ac,2026-07-19 02:14:27.076810,UNK C/S,61-0029,7653,27000,32.113495,-97.564629,B-52H Stratofortress,82,509,,False,mlat
ae080f,2026-07-19 02:14:27.076819,RCH538,99-0169,7352,2600,38.956074,-76.87159,C-17A Globemaster,175,170,-75,False,mlat
ae20c2,2026-07-19 02:14:27.076823,RCH535,07-7181,7034,29075,37.110016,-75.119926,C-17A Globemaster,257,443,-1481,False,mlat
ae117e,2026-07-19 02:14:27.076828,RCH725,02-1112,3674,6875,18.143356,-66.335518,C-17A Globemaster,66,226,-78,False,mlat
ae013f,2026-07-19 02:14:27.076834,UNK C/S,60-0358,2006,34992,51.97443,-50.055599,KC-135R Stratotanker,66,,,False,adsc
ae0424,2026-07-19 02:14:27.076840,UNK C/S,60-0333,3421,34000,49.890476,13.874634,KC-135R Stratotanker,299,444,64,False,mlat
477ff1,2026-07-19 02:14:27.076844,BRK48,01,7672,35000,48.453735,21.842369,C-17A Globemaster,148,446,-96,False,adsb_icao
4d03c2,2026-07-19 02:14:27.076848,NATO21,LX-N90444,6015,30000,51.693195,22.392014,E-3G AWACS,7,462,64,False,mlat
ae0808,2026-07-19 02:14:27.076851,RCH478,99-0062,7420,35000,39.660393,24.987991,C-17A Globemaster,160,482,0,False,mlat
ae013a,2026-07-19 02:14:27.076857,UNK C/S,59-1488,5373,6700,32.151791,35.057213,KC-135R Stratotanker,288,266,-1248,False,mlat
87cc0b,2026-07-19 02:14:27.076862,JF601,87-3601,7446,4775,34.652069,136.902481,KC-46A Pegasus,12,267,-1184,False,adsb_icao
ae0588,2026-07-19 02:14:27.076868,RCH2009,87-0043,6251,33000,47.2,-60.2,C-5M Galaxy,,,,False,mode_s
ae1459,2026-07-19 02:14:27.076873,RCH209,06-6155,7401,29000,36.4,25.1,C-17A Globemaster,,,,False,mode_s
ae2fad,2026-07-19 02:14:27.076876,RCH224,08-8201,2455,32000,39.3,-112.9,C-17A Globemaster,,,,False,mode_s
ae07f7,2026-07-19 02:14:27.076881,X,97-0045,3301,35000,31.6,31.9,C-17A Globemaster,,,,False,mode_s
ae63b8,2026-07-19 02:14:27.076886,CABAL62,20-46076,3356,26000,37.8,-124.0,KC-46A Pegasus,,,,False,mode_s
ae0811,2026-07-19 02:15:27.315682,IROC61,00-0175,2120,7175,20.983337,-157.670624,C-17A Globemaster,284,294,-1024,False,adsb_icao
ae080e,2026-07-19 02:15:27.315722,RCH558,99-0168,5712,35000,54.436432,-133.209152,C-17A Globemaster,139,468,,False,adsb_icao
ae4f14,2026-07-19 02:15:27.315728,RCH349,10-0220,3312,19575,38.028736,-122.575699,C-17A Globemaster,46,459,-1148,False,mlat
ae0805,2026-07-19 02:15:27.315733,RCH404,99-0059,1451,1025,47.202087,-122.476692,C-17A Globemaster,180,131,-900,False,mlat
06a27a,2026-07-19 02:15:27.315746,LHOB244,A7-MAM,2674,27000,51.631691,-118.685837,C-17A Globemaster,56,485,,False,adsb_icao
ae2fad,2026-07-19 02:15:27.315751,RCH224,08-8201,2455,32000,40.432098,-111.437408,C-17A Globemaster,,,0,False,mode_s
ae07d6,2026-07-19 02:15:27.315761,PITT57,92-3292,4030,12875,29.899431,-97.864326,C-17A Globemaster,227,365,,False,adsb_icao
ae58ac,2026-07-19 02:15:27.315769,UNK C/S,61-0029,7653,27100,32.133137,-97.402534,B-52H Stratofortress,80,506,0,False,mlat
ae080f,2026-07-19 02:15:27.315781,RCH538,99-0169,7352,2025,38.914085,-76.871429,C-17A Globemaster,182,105,-574,False,mlat
ae20c2,2026-07-19 02:15:27.315787,RCH535,07-7181,7034,27600,37.062336,-75.265442,C-17A Globemaster,268,464,-1465,False,mlat
ae117e,2026-07-19 02:15:27.315793,RCH725,02-1112,3674,6500,18.167755,-66.276726,C-17A Globemaster,67,215,-939,False,mlat
ae013f,2026-07-19 02:15:27.315801,UNK C/S,60-0358,2006,34992,51.97443,-50.055599,KC-135R Stratotanker,66,,,False,adsc
ae0424,2026-07-19 02:15:27.315808,UNK C/S,60-0333,3421,34000,49.951721,13.706643,KC-135R Stratotanker,299,444,128,False,mlat
477ff1,2026-07-19 02:15:27.315814,BRK48,01,7672,35000,48.349571,21.945263,C-17A Globemaster,138,451,-32,False,adsb_icao
4d03c2,2026-07-19 02:15:27.315821,NATO21,LX-N90444,6015,30025,51.75507,22.434769,E-3G AWACS,7,460,96,False,mlat
ae0808,2026-07-19 02:15:27.315825,RCH478,99-0062,7420,35000,39.543797,25.037483,C-17A Globemaster,162,482,0,False,mlat
ae013a,2026-07-19 02:15:27.315834,UNK C/S,59-1488,5373,6175,32.174339,34.972427,KC-135R Stratotanker,286,266,0,False,mlat
87cc0b,2026-07-19 02:15:27.315840,JF601,87-3601,7446,3650,34.723434,136.922836,KC-46A Pegasus,13,256,-1152,False,adsb_icao
ae0588,2026-07-19 02:15:27.315850,RCH2009,87-0043,6251,Unavailable,47.1,-60.3,C-5M Galaxy,,,,False,mode_s
ae1459,2026-07-19 02:15:27.315860,RCH209,06-6155,7401,29000,36.7,24.9,C-17A Globemaster,,,,False,mode_s
ae07f7,2026-07-19 02:15:27.315890,X,97-0045,3301,35000,31.6,31.9,C-17A Globemaster,,,,False,mode_s
ae63b8,2026-07-19 02:15:27.315895,CABAL62,20-46076,3356,26000,35.8,-119.4,KC-46A Pegasus,,,,False,mode_s
ae5e0c,2026-07-19 02:15:27.315903,CABAL72,17-46031,Unavailable,Unavailable,36.2,-125.6,KC-46A Pegasus,,,,False,mode_s
ae0811,2026-07-19 02:16:27.610820,IROC61,00-0175,2120,6175,21.0033,-157.753632,C-17A Globemaster,283,285,-960,False,adsb_icao
ae080e,2026-07-19 02:16:27.610840,RCH558,99-0168,5712,35000,54.341904,-133.068344,C-17A Globemaster,139,468,,False,adsb_icao
ae0805,2026-07-19 02:16:27.610845,RCH404,99-0059,1451,450,47.165958,-122.478172,C-17A Globemaster,189,105,-578,False,mlat
ae4f14,2026-07-19 02:16:27.610849,RCH349,10-0220,3312,16650,38.111771,-122.469131,C-17A Globemaster,46,421,-3907,False,mlat
06a27a,2026-07-19 02:16:27.610857,LHOB244,A7-MAM,2674,28425,51.720657,-118.467285,C-17A Globemaster,56,462,,False,adsb_icao
ae2fad,2026-07-19 02:16:27.610862,RCH224,08-8201,2455,32000,39.056252,-113.944153,C-17A Globemaster,,,0,False,mlat
ae07d6,2026-07-19 02:16:27.610868,PITT57,92-3292,4030,11625,29.869995,-97.969627,C-17A Globemaster,255,328,,False,adsb_icao
ae58ac,2026-07-19 02:16:27.610874,UNK C/S,61-0029,7653,27100,32.151176,-97.231445,B-52H Stratofortress,84,497,0,False,mlat
ae080f,2026-07-19 02:16:27.610882,RCH538,99-0169,7352,1625,38.888718,-76.871788,C-17A Globemaster,181,81,-421,False,mlat
ae20c2,2026-07-19 02:16:27.610887,RCH535,07-7181,7034,26125,37.061028,-75.411568,C-17A Globemaster,248,436,-1436,False,mlat
ae117e,2026-07-19 02:16:27.610892,RCH725,02-1112,3674,5525,18.192434,-66.219177,C-17A Globemaster,67,216,-1026,False,mlat
ae013f,2026-07-19 02:16:27.610897,UNK C/S,60-0358,2006,34992,52.322731,-49.065285,KC-135R Stratotanker,59,496,0,False,adsc
ae0424,2026-07-19 02:16:27.610903,UNK C/S,60-0333,3421,34000,50.013401,13.537868,KC-135R Stratotanker,299,442,160,False,mlat
477ff1,2026-07-19 02:16:27.610907,BRK48,01,7672,35000,48.259869,22.077026,C-17A Globemaster,135,458,-64,False,adsb_icao
4d03c2,2026-07-19 02:16:27.610911,NATO21,LX-N90444,6015,29975,51.917927,22.521406,E-3G AWACS,7,456,-224,False,mlat
ae0808,2026-07-19 02:16:27.610914,RCH478,99-0062,7420,35000,39.417709,25.094551,C-17A Globemaster,162,489,0,False,mlat
ae013a,2026-07-19 02:16:27.610920,UNK C/S,59-1488,5373,6175,32.185661,34.893616,KC-135R Stratotanker,276,254,0,False,mlat
87cc0b,2026-07-19 02:16:27.610924,JF601,87-3601,7446,2600,34.792969,136.94194,KC-46A Pegasus,12,261,-32,False,adsb_icao
ae0588,2026-07-19 02:16:27.610931,RCH2009,87-0043,6251,33000,47.0,-60.3,C-5M Galaxy,,,,False,mode_s
ae1459,2026-07-19 02:16:27.610936,RCH209,06-6155,7401,29000,36.4,25.6,C-17A Globemaster,,,,False,mode_s
ae07f7,2026-07-19 02:16:27.610941,X,97-0045,3301,35000,31.6,31.9,C-17A Globemaster,,,,False,mode_s
ae0679,2026-07-19 02:16:27.610945,RCH348,00-0174,3202,35975,55.4,-134.9,C-17A Globemaster,,,,False,mode_s
ae63b8,2026-07-19 02:16:27.610949,CABAL62,20-46076,3356,26000,36.2,-125.6,KC-46A Pegasus,,,,False,mode_s
ae5e0c,2026-07-19 02:16:27.610954,CABAL72,17-46031,Unavailable,Unavailable,36.2,-125.6,KC-46A Pegasus,,,,False,mode_s
ae0811,2026-07-19 02:17:27.908376,IROC61,00-0175,2120,5175,21.021149,-157.838364,C-17A Globemaster,281,290,-1088,False,adsb_icao
ae080e,2026-07-19 02:17:27.908394,RCH558,99-0168,5712,35000,54.244621,-132.924072,C-17A Globemaster,139,468,,False,adsb_icao
ae4f14,2026-07-19 02:17:27.908400,RCH349,10-0220,3312,13975,38.196354,-122.355942,C-17A Globemaster,47,413,-2495,False,mlat
06a27a,2026-07-19 02:17:27.908407,LHOB244,A7-MAM,2674,28875,51.79097,-118.293579,C-17A Globemaster,57,462,,False,adsb_icao
ae07d6,2026-07-19 02:17:27.908415,PITT57,92-3292,4030,10300,29.848297,-98.067398,C-17A Globemaster,255,301,,False,adsb_icao
ae58ac,2026-07-19 02:17:27.908420,UNK C/S,61-0029,7653,27100,32.170078,-97.070068,B-52H Stratofortress,82,506,0,False,mlat
ae080f,2026-07-19 02:17:27.908427,RCH538,99-0169,7352,1175,38.860638,-76.870354,C-17A Globemaster,184,93,-508,False,mlat
ae20c2,2026-07-19 02:17:27.908430,RCH535,07-7181,7034,25425,37.13781,-75.522568,C-17A Globemaster,335,555,-941,False,mlat
ae117e,2026-07-19 02:17:27.908435,RCH725,02-1112,3674,4525,18.197634,-66.156731,C-17A Globemaster,87,233,-994,False,mlat
ae013f,2026-07-19 02:17:27.908440,UNK C/S,60-0358,2006,34992,52.322731,-49.065285,KC-135R Stratotanker,59,496,0,False,adsc
ae0424,2026-07-19 02:17:27.908446,UNK C/S,60-0333,3421,34000,50.066242,13.382629,KC-135R Stratotanker,299,444,-320,False,mlat
477ff1,2026-07-19 02:17:27.908451,BRK48,01,7672,35000,48.16864,22.210131,C-17A Globemaster,135,449,32,False,adsb_icao
4d03c2,2026-07-19 02:17:27.908455,NATO21,LX-N90444,6015,29950,52.051937,22.550047,E-3G AWACS,7,452,0,False,mlat
ae0808,2026-07-19 02:17:27.908458,RCH478,99-0062,7420,35000,39.269695,25.161736,C-17A Globemaster,161,479,0,False,mlat
ae013a,2026-07-19 02:17:27.908463,UNK C/S,59-1488,5373,5150,32.193424,34.809895,KC-135R Stratotanker,275,250,-96,False,mlat
87cc0b,2026-07-19 02:17:27.908468,JF601,87-3601,7446,2600,34.865021,136.960999,KC-46A Pegasus,12,263,0,False,adsb_icao
ae0588,2026-07-19 02:17:27.908475,RCH2009,87-0043,6251,33000,47.0,-60.3,C-5M Galaxy,,,,False,mode_s
ae1459,2026-07-19 02:17:27.908480,RCH209,06-6155,7401,29000,36.4,25.4,C-17A Globemaster,,,,False,mode_s
ae2fad,2026-07-19 02:17:27.908484,RCH224,08-8201,2455,32000,38.7,-115.2,C-17A Globemaster,,,,False,mode_s
ae07f7,2026-07-19 02:17:27.908488,X,97-0045,3301,35000,31.6,32.1,C-17A Globemaster,,,,False,mode_s
ae63b8,2026-07-19 02:17:27.908493,CABAL62,20-46076,3356,26000,36.6,-124.7,KC-46A Pegasus,,,,False,mode_s
ae5e0c,2026-07-19 02:17:27.908498,CABAL72,17-46031,Unavailable,Unavailable,36.2,-125.6,KC-46A Pegasus,,,,False,mode_s
ae0811,2026-07-19 02:18:28.199307,IROC61,00-0175,2120,4175,21.039051,-157.922714,C-17A Globemaster,283,282,-1024,False,adsb_icao
ae080e,2026-07-19 02:18:28.199327,RCH558,99-0168,5712,35000,54.140305,-132.770248,C-17A Globemaster,139,468,,False,adsb_icao
ae4f14,2026-07-19 02:18:28.199332,RCH349,10-0220,3312,11575,38.268799,-122.255089,C-17A Globemaster,55,365,-2884,False,mlat
06a27a,2026-07-19 02:18:28.199340,LHOB244,A7-MAM,2674,29000,51.861145,-118.11869,C-17A Globemaster,57,462,,False,adsb_icao
ae07d6,2026-07-19 02:18:28.199347,PITT57,92-3292,4030,9000,29.82951,-98.157829,C-17A Globemaster,256,282,,False,adsb_icao
ae58ac,2026-07-19 02:18:28.199354,UNK C/S,61-0029,7653,27000,32.188408,-96.90435,B-52H Stratofortress,84,498,0,False,mlat
ae080f,2026-07-19 02:18:28.199361,RCH538,99-0169,7352,600,38.83213,-76.871117,C-17A Globemaster,180,118,-585,False,mlat
ae20c2,2026-07-19 02:18:28.199365,RCH535,07-7181,7034,24200,37.24577,-75.591728,C-17A Globemaster,336,671,-1197,False,mlat
ae117e,2026-07-19 02:18:28.199370,RCH725,02-1112,3674,3875,18.201059,-66.096664,C-17A Globemaster,86,210,-259,False,mlat
ae013f,2026-07-19 02:18:28.199375,UNK C/S,60-0358,2006,34992,52.322731,-49.065285,KC-135R Stratotanker,59,496,0,False,adsc
ae0424,2026-07-19 02:18:28.199381,UNK C/S,60-0333,3421,34025,50.131947,13.204786,KC-135R Stratotanker,298,442,-256,False,mlat
477ff1,2026-07-19 02:18:28.199385,BRK48,01,7672,35000,48.077801,22.341543,C-17A Globemaster,136,458,-32,False,adsb_icao
4d03c2,2026-07-19 02:18:28.199389,NATO21,LX-N90444,6015,29975,52.176308,22.576658,E-3G AWACS,7,450,-32,False,mlat
ae0808,2026-07-19 02:18:28.199392,RCH478,99-0062,7420,35000,39.132191,25.220139,C-17A Globemaster,160,485,0,False,mlat
ae013a,2026-07-19 02:18:28.199398,UNK C/S,59-1488,5373,4600,32.167107,34.742691,KC-135R Stratotanker,212,212,-3296,False,mlat
87cc0b,2026-07-19 02:18:28.199403,JF601,87-3601,7446,2600,34.936848,136.980743,KC-46A Pegasus,13,261,-32,False,adsb_icao
ae0588,2026-07-19 02:18:28.199410,RCH2009,87-0043,6251,33000,47.1,-60.2,C-5M Galaxy,,,,False,mode_s
ae1459,2026-07-19 02:18:28.199414,RCH209,06-6155,7401,29000,36.3,25.5,C-17A Globemaster,,,,False,mode_s
ae2fad,2026-07-19 02:18:28.199418,RCH224,08-8201,2455,32000,39.0,-114.2,C-17A Globemaster,,,,False,mode_s
ae07f7,2026-07-19 02:18:28.199423,X,97-0045,3301,35000,31.6,31.9,C-17A Globemaster,,,,False,mode_s
ae63b8,2026-07-19 02:18:28.199427,CABAL62,20-46076,3356,26000,33.7,-123.4,KC-46A Pegasus,,,,False,mode_s
ae5e0c,2026-07-19 02:18:28.199431,CABAL72,17-46031,Unavailable,Unavailable,34.7,-124.6,KC-46A Pegasus,,,,False,mode_s
ae0811,2026-07-19 02:19:28.494651,IROC61,00-0175,2120,3150,21.056488,-158.000732,C-17A Globemaster,282,261,-896,False,adsb_icao
ae080e,2026-07-19 02:19:28.494670,RCH558,99-0168,5712,35000,54.121353,-132.74231,C-17A Globemaster,139,468,,False,adsb_icao
ae4f14,2026-07-19 02:19:28.494675,RCH349,10-0220,3312,9925,38.323711,-122.162285,C-17A Globemaster,57,302,-1171,False,mlat
06a27a,2026-07-19 02:19:28.494683,LHOB244,A7-MAM,2674,29025,51.929768,-117.946472,C-17A Globemaster,57,452,,False,adsb_icao
ae07d6,2026-07-19 02:19:28.494691,PITT57,92-3292,4030,7700,29.811356,-98.243866,C-17A Globemaster,253,266,,False,adsb_icao
ae58ac,2026-07-19 02:19:28.494697,UNK C/S,61-0029,7653,27100,32.22163,-96.747246,B-52H Stratofortress,72,499,0,False,mlat
ae20c2,2026-07-19 02:19:28.494704,RCH535,07-7181,7034,23975,37.379711,-75.590599,C-17A Globemaster,12,503,-1,False,mlat
ae117e,2026-07-19 02:19:28.494708,RCH725,02-1112,3674,3875,18.187086,-66.033096,C-17A Globemaster,111,227,0,False,mlat
ae013f,2026-07-19 02:19:28.494713,UNK C/S,60-0358,2006,34992,52.322731,-49.065285,KC-135R Stratotanker,59,496,0,False,adsc
ae0424,2026-07-19 02:19:28.494717,UNK C/S,60-0333,3421,34000,50.192169,13.036664,KC-135R Stratotanker,298,444,0,False,mlat
477ff1,2026-07-19 02:19:28.494722,BRK48,01,7672,35000,47.985764,22.474182,C-17A Globemaster,136,456,32,False,adsb_icao
4d03c2,2026-07-19 02:19:28.494726,NATO21,LX-N90444,6015,30050,52.275089,22.59664,E-3G AWACS,8,448,32,False,mlat
ae0808,2026-07-19 02:19:28.494730,RCH478,99-0062,7420,35000,39.025345,25.268559,C-17A Globemaster,161,480,0,False,mlat
ae013a,2026-07-19 02:19:28.494736,UNK C/S,59-1488,5373,2825,32.115349,34.70977,KC-135R Stratotanker,209,220,-896,False,mlat
87cc0b,2026-07-19 02:19:28.494740,JF601,87-3601,7446,2625,35.001465,136.998032,KC-46A Pegasus,11,207,96,False,adsb_icao
ae0588,2026-07-19 02:19:28.494748,RCH2009,87-0043,6251,33000,47.3,-60.2,C-5M Galaxy,,,,False,mode_s
ae1459,2026-07-19 02:19:28.494752,RCH209,06-6155,7401,29000,36.0,26.1,C-17A Globemaster,,,,False,mode_s
ae2fad,2026-07-19 02:19:28.494756,RCH224,08-8201,2455,32000,39.0,-114.2,C-17A Globemaster,,,,False,mode_s
ae07f7,2026-07-19 02:19:28.494761,X,97-0045,3301,34725,31.6,31.9,C-17A Globemaster,,,,False,mode_s
ae63b8,2026-07-19 02:19:28.494766,CABAL62,20-46076,3356,26000,36.6,-124.7,KC-46A Pegasus,,,,False,mode_s
ae5e0c,2026-07-19 02:19:28.494770,CABAL72,17-46031,Unavailable,Unavailable,36.2,-125.6,KC-46A Pegasus,,,,False,mode_s
ae0811,2026-07-19 02:20:29.103542,IROC61,00-0175,2120,2150,21.071777,-158.076538,C-17A Globemaster,281,261,-960,False,adsb_icao
ae080e,2026-07-19 02:20:29.103564,RCH558,99-0168,5712,35000,54.011581,-132.581802,C-17A Globemaster,139,467,,False,adsb_icao
ae0679,2026-07-19 02:20:29.103569,RCH348,00-0174,3202,35975,53.521946,-132.216339,C-17A Globemaster,317,419,,False,adsb_icao
ae63b8,2026-07-19 02:20:29.103575,CABAL62,20-46076,3356,26000,36.523029,-124.423813,KC-46A Pegasus,,,43,False,mlat
ae4f14,2026-07-19 02:20:29.103580,RCH349,10-0220,3312,7300,38.367168,-122.080338,C-17A Globemaster,55,291,-2649,False,mlat
06a27a,2026-07-19 02:20:29.103588,LHOB244,A7-MAM,2674,29000,51.997082,-117.776573,C-17A Globemaster,57,446,,False,adsb_icao
ae07d6,2026-07-19 02:20:29.103596,PITT57,92-3292,4030,6400,29.781748,-98.32225,C-17A Globemaster,246,270,-1344,False,adsb_icao
ae58ac,2026-07-19 02:20:29.103603,UNK C/S,61-0029,7653,27100,32.270542,-96.591362,B-52H Stratofortress,68,539,0,False,mlat
ae20c2,2026-07-19 02:20:29.103610,RCH535,07-7181,7034,24000,37.509373,-75.576996,C-17A Globemaster,5,465,-16,False,mlat
ae117e,2026-07-19 02:20:29.103615,RCH725,02-1112,3674,3875,18.168573,-65.973793,C-17A Globemaster,109,205,0,False,mlat
ae013f,2026-07-19 02:20:29.103620,UNK C/S,60-0358,2006,34992,52.322731,-49.065285,KC-135R Stratotanker,59,496,0,False,adsc
ae0424,2026-07-19 02:20:29.103625,UNK C/S,60-0333,3421,34025,50.245712,12.872426,KC-135R Stratotanker,298,442,0,False,mlat
477ff1,2026-07-19 02:20:29.103629,BRK48,01,7672,35000,47.894058,22.605497,C-17A Globemaster,136,456,32,False,adsb_icao
4d03c2,2026-07-19 02:20:29.103633,NATO21,LX-N90444,6015,30025,52.424145,22.630413,E-3G AWACS,7,452,-96,False,mlat
ae0808,2026-07-19 02:20:29.103636,RCH478,99-0062,7420,35000,38.934181,25.307602,C-17A Globemaster,161,477,0,False,mlat
ae013a,2026-07-19 02:20:29.103642,UNK C/S,59-1488,5373,2475,32.075047,34.74572,KC-135R Stratotanker,117,168,-800,False,mlat
87cc0b,2026-07-19 02:20:29.103647,JF601,87-3601,7446,2600,35.056023,137.003464,KC-46A Pegasus,3,193,-192,False,adsb_icao
ae0588,2026-07-19 02:20:29.103654,RCH2009,87-0043,6251,33000,47.3,-60.1,C-5M Galaxy,,,,False,mode_s
ae1459,2026-07-19 02:20:29.103659,RCH209,06-6155,7401,29000,36.4,25.6,C-17A Globemaster,,,,False,mode_s
ae2fad,2026-07-19 02:20:29.103663,RCH224,08-8201,2455,32000,38.2,-116.2,C-17A Globemaster,,,,False,mode_s
ae07f7,2026-07-19 02:20:29.103667,X,97-0045,3301,34025,31.6,31.9,C-17A Globemaster,,,,False,mode_s
ae5e0c,2026-07-19 02:20:29.103672,CABAL72,17-46031,Unavailable,Unavailable,34.1,-121.3,KC-46A Pegasus,,,,False,mode_s
ae0811,2026-07-19 02:21:29.402909,IROC61,00-0175,2120,1425,21.089539,-158.150436,C-17A Globemaster,309,248,-128,False,adsb_icao
ae080e,2026-07-19 02:21:29.402928,RCH558,99-0168,5712,35000,53.915779,-132.442764,C-17A Globemaster,,,,False,adsb_icao
ae0679,2026-07-19 02:21:29.402934,RCH348,00-0174,3202,35975,53.562836,-132.279465,C-17A Globemaster,317,419,,False,adsb_icao
ae63b8,2026-07-19 02:21:29.402939,CABAL62,20-46076,3356,26000,36.69899,-124.254837,KC-46A Pegasus,,,-6,False,mlat
ae4f14,2026-07-19 02:21:29.402944,RCH349,10-0220,3312,5075,38.415718,-121.988548,C-17A Globemaster,57,290,-1524,False,mlat
06a27a,2026-07-19 02:21:29.402952,LHOB244,A7-MAM,2674,29000,52.065628,-117.604141,C-17A Globemaster,55,455,,False,adsb_icao
ae07d6,2026-07-19 02:21:29.402959,PITT57,92-3292,4030,5100,29.750977,-98.401955,C-17A Globemaster,245,271,-1408,False,adsb_icao
ae58ac,2026-07-19 02:21:29.402966,UNK C/S,61-0029,7653,27100,32.320156,-96.431396,B-52H Stratofortress,71,492,0,False,mlat
ae20c2,2026-07-19 02:21:29.402972,RCH535,07-7181,7034,24000,37.635319,-75.56324,C-17A Globemaster,1,430,0,False,mlat
ae117e,2026-07-19 02:21:29.402977,RCH725,02-1112,3674,3375,18.160416,-65.913216,C-17A Globemaster,82,217,-938,False,mlat
ae013f,2026-07-19 02:21:29.402981,UNK C/S,60-0358,2006,34992,52.322731,-49.065285,KC-135R Stratotanker,59,496,0,False,adsc
ae0424,2026-07-19 02:21:29.402986,UNK C/S,60-0333,3421,34000,50.308941,12.696424,KC-135R Stratotanker,298,444,0,False,mlat
4d03c2,2026-07-19 02:21:29.402990,NATO21,LX-N90444,6015,30000,52.548813,22.658949,E-3G AWACS,7,454,-32,False,mlat
477ff1,2026-07-19 02:21:29.402994,BRK48,01,7672,35000,47.801926,22.736893,C-17A Globemaster,136,460,-32,False,adsb_icao
ae013a,2026-07-19 02:21:29.402999,UNK C/S,59-1488,5373,1675,32.053387,34.790684,KC-135R Stratotanker,121,156,-832,False,mlat
87cc0b,2026-07-19 02:21:29.403003,JF601,87-3601,7446,2025,35.109234,137.007233,KC-46A Pegasus,3,193,64,False,adsb_icao
ae1459,2026-07-19 02:21:29.403011,RCH209,06-6155,7401,29000,36.3,25.7,C-17A Globemaster,,,,False,mode_s
ae2fad,2026-07-19 02:21:29.403015,RCH224,08-8201,2455,32000,37.8,-116.4,C-17A Globemaster,,,,False,mode_s
ae07f7,2026-07-19 02:21:29.403019,X,97-0045,3301,34000,31.6,31.9,C-17A Globemaster,,,,False,mode_s
ae5e0c,2026-07-19 02:21:29.403024,CABAL72,17-46031,Unavailable,Unavailable,34.7,-124.8,KC-46A Pegasus,,,,False,mode_s
ae0808,2026-07-19 02:21:29.403028,RCH478,99-0062,7420,35000,37.4,24.1,C-17A Globemaster,,,,False,mode_s
ae0811,2026-07-19 02:22:29.657011,IROC61,00-0175,2120,1425,21.135956,-158.177856,C-17A Globemaster,332,166,-64,False,adsb_icao
ae0679,2026-07-19 02:22:29.657032,RCH348,00-0174,3202,35975,53.715836,-132.51709,C-17A Globemaster,317,419,,False,adsb_icao
ae080e,2026-07-19 02:22:29.657037,RCH558,99-0168,5712,35000,53.754181,-132.210098,C-17A Globemaster,139,471,,False,adsb_icao
ae63b8,2026-07-19 02:22:29.657044,CABAL62,20-46076,3356,26075,36.811993,-124.153946,KC-46A Pegasus,,,122,False,mlat
ae4f14,2026-07-19 02:22:29.657048,RCH349,10-0220,3312,4475,38.458054,-121.909599,C-17A Globemaster,56,257,-1168,False,mlat
06a27a,2026-07-19 02:22:29.657056,LHOB244,A7-MAM,2674,29000,52.140274,-117.435219,C-17A Globemaster,54,464,,False,adsb_icao
ae07d6,2026-07-19 02:22:29.657063,PITT57,92-3292,4030,3800,29.720215,-98.482552,C-17A Globemaster,247,270,-1024,False,adsb_icao
ae58ac,2026-07-19 02:22:29.657071,UNK C/S,61-0029,7653,27000,32.371395,-96.274216,B-52H Stratofortress,68,486,0,False,mlat
ae20c2,2026-07-19 02:22:29.657077,RCH535,07-7181,7034,23875,37.771664,-75.554276,C-17A Globemaster,3,536,-285,False,mlat
ae117e,2026-07-19 02:22:29.657082,RCH725,02-1112,3674,2875,18.162153,-65.860443,C-17A Globemaster,89,204,-176,False,mlat
ae013f,2026-07-19 02:22:29.657087,UNK C/S,60-0358,2006,34988,52.73901,-47.856102,KC-135R Stratotanker,60,492,32,False,adsc
ae0424,2026-07-19 02:22:29.657092,UNK C/S,60-0333,3421,34000,50.366848,12.530711,KC-135R Stratotanker,298,442,-256,False,mlat
4d03c2,2026-07-19 02:22:29.657096,NATO21,LX-N90444,6015,30000,52.678627,22.688414,E-3G AWACS,8,454,-32,False,mlat
477ff1,2026-07-19 02:22:29.657100,BRK48,01,7672,35000,47.708176,22.869802,C-17A Globemaster,136,464,64,False,adsb_icao
ae0808,2026-07-19 02:22:29.657104,RCH478,99-0062,7420,35000,38.632942,25.439495,C-17A Globemaster,162,502,0,False,mlat
ae013a,2026-07-19 02:22:29.657109,UNK C/S,59-1488,5373,925,32.033665,34.83456,KC-135R Stratotanker,120,135,-714,False,mlat
87cc0b,2026-07-19 02:22:29.657114,JF601,87-3601,7446,1950,35.157761,136.98645,KC-46A Pegasus,332,170,-448,False,adsb_icao
ae1459,2026-07-19 02:22:29.657123,RCH209,06-6155,7401,29000,36.3,25.6,C-17A Globemaster,,,,False,mode_s
ae2fad,2026-07-19 02:22:29.657127,RCH224,08-8201,2455,32000,37.9,-116.6,C-17A Globemaster,,,,False,mode_s
ae07f7,2026-07-19 02:22:29.657132,X,97-0045,3301,34000,31.6,31.8,C-17A Globemaster,,,,False,mode_s
ae0811,2026-07-19 02:23:29.916446,IROC61,00-0175,2120,1450,21.179672,-158.188889,C-17A Globemaster,0,159,128,False,adsb_icao
ae0679,2026-07-19 02:23:29.916466,RCH348,00-0174,3202,35975,53.774773,-132.609177,C-17A Globemaster,317,416,,False,adsb_icao
ae080e,2026-07-19 02:23:29.916471,RCH558,99-0168,5712,35000,53.70015,-132.132812,C-17A Globemaster,139,470,,False,adsb_icao
ae63b8,2026-07-19 02:23:29.916476,CABAL62,20-46076,3356,28550,36.899609,-124.068947,KC-46A Pegasus,,,2622,False,mlat
ae4f14,2026-07-19 02:23:29.916481,RCH349,10-0220,3312,3150,38.48428,-121.828552,C-17A Globemaster,98,241,-1334,False,mlat
06a27a,2026-07-19 02:23:29.916488,LHOB244,A7-MAM,2674,29000,52.197647,-117.249374,C-17A Globemaster,77,464,,False,adsb_icao
ae07d6,2026-07-19 02:23:29.916495,PITT57,92-3292,4030,2975,29.679703,-98.551643,C-17A Globemaster,226,261,-1216,False,adsb_icao
ae58ac,2026-07-19 02:23:29.916502,UNK C/S,61-0029,7653,27100,32.413265,-96.118134,B-52H Stratofortress,81,516,0,False,mlat
ae20c2,2026-07-19 02:23:29.916509,RCH535,07-7181,7034,22325,37.899147,-75.542862,C-17A Globemaster,10,478,-1581,False,mlat
ae117e,2026-07-19 02:23:29.916514,RCH725,02-1112,3674,2875,18.163153,-65.8395,C-17A Globemaster,88,211,-56,False,mode_s
ae013f,2026-07-19 02:23:29.916518,UNK C/S,60-0358,2006,34988,52.73901,-47.856102,KC-135R Stratotanker,60,492,32,False,adsc
ae0424,2026-07-19 02:23:29.916523,UNK C/S,60-0333,3421,34000,50.421925,12.367928,KC-135R Stratotanker,297,442,-64,False,mlat
4d03c2,2026-07-19 02:23:29.916528,NATO21,LX-N90444,6015,30000,52.804585,22.716024,E-3G AWACS,7,456,-64,False,mlat
477ff1,2026-07-19 02:23:29.916532,BRK48,01,7672,35000,47.615616,23.000565,C-17A Globemaster,136,466,-128,False,adsb_icao
ae0808,2026-07-19 02:23:29.916536,RCH478,99-0062,7420,35000,38.490864,25.499504,C-17A Globemaster,162,483,0,False,mlat
ae013a,2026-07-19 02:23:29.916541,UNK C/S,59-1488,5373,225,32.013935,34.868057,KC-135R Stratotanker,105,202,-608,False,mlat
87cc0b,2026-07-19 02:23:29.916545,JF601,87-3601,7446,1175,35.196426,136.961975,KC-46A Pegasus,332,154,-672,False,adsb_icao
ae0588,2026-07-19 02:23:29.916553,RCH2009,87-0043,6251,Unavailable,47.3,-60.1,C-5M Galaxy,,,,False,mode_s
ae1459,2026-07-19 02:23:29.916558,RCH209,06-6155,7401,29000,36.2,25.7,C-17A Globemaster,,,,False,mode_s
ae2fad,2026-07-19 02:23:29.916562,RCH224,08-8201,2455,32000,37.7,-116.8,C-17A Globemaster,,,,False,mode_s
ae07f7,2026-07-19 02:23:29.916567,X,97-0045,3301,34000,31.6,32.3,C-17A Globemaster,,,,False,mode_s
ae5e0c,2026-07-19 02:23:29.916571,CABAL72,17-46031,Unavailable,Unavailable,34.7,-124.7,KC-46A Pegasus,,,,False,mode_s
ae0811,2026-07-19 02:24:30.202995,IROC61,00-0175,2120,1525,21.220884,-158.175613,C-17A Globemaster,29,152,0,False,adsb_icao
ae0679,2026-07-19 02:24:30.203015,RCH348,00-0174,3202,35975,53.885658,-132.783676,C-17A Globemaster,316,416,,False,adsb_icao
ae080e,2026-07-19 02:24:30.203020,RCH558,99-0168,5712,35000,53.585957,-131.970688,C-17A Globemaster,139,471,,False,adsb_icao
ae63b8,2026-07-19 02:24:30.203025,CABAL62,20-46076,3356,31050,37.041283,-123.918137,KC-46A Pegasus,40,546,2881,False,mlat
ae4f14,2026-07-19 02:24:30.203031,RCH349,10-0220,3312,3000,38.445869,-121.769691,C-17A Globemaster,128,202,-76,False,mlat
06a27a,2026-07-19 02:24:30.203039,LHOB244,A7-MAM,2674,29000,52.210896,-117.039711,C-17A Globemaster,78,460,,False,adsb_icao
ae07d6,2026-07-19 02:24:30.203045,PITT57,92-3292,4030,2875,29.62944,-98.612541,C-17A Globemaster,227,242,,False,adsb_icao
ae58ac,2026-07-19 02:24:30.203052,UNK C/S,61-0029,7653,27000,32.417912,-95.954315,B-52H Stratofortress,88,479,0,False,mlat
ae20c2,2026-07-19 02:24:30.203059,RCH535,07-7181,7034,20675,38.032818,-75.534325,C-17A Globemaster,357,448,-1595,False,mlat
ae013f,2026-07-19 02:24:30.203065,UNK C/S,60-0358,2006,34988,52.73901,-47.856102,KC-135R Stratotanker,60,492,32,False,adsc
ae0424,2026-07-19 02:24:30.203070,UNK C/S,60-0333,3421,34000,50.480274,12.195748,KC-135R Stratotanker,297,442,224,False,mlat
4d03c2,2026-07-19 02:24:30.203075,NATO21,LX-N90444,6015,30000,52.931973,22.743979,E-3G AWACS,7,456,-32,False,mlat
477ff1,2026-07-19 02:24:30.203079,BRK48,01,7672,35000,47.521034,23.133474,C-17A Globemaster,136,460,-224,False,adsb_icao
ae0808,2026-07-19 02:24:30.203083,RCH478,99-0062,7420,35000,38.398342,25.539227,C-17A Globemaster,162,487,0,False,mlat
87cc0b,2026-07-19 02:24:30.203088,JF601,87-3601,7446,450,35.234131,136.937973,KC-46A Pegasus,332,153,-864,False,adsb_icao
ae117e,2026-07-19 02:24:30.203096,RCH725,02-1112,3674,2650,17.9,-65.8,C-17A Globemaster,,,,False,mode_s
ae1459,2026-07-19 02:24:30.203100,RCH209,06-6155,7401,29000,36.0,25.7,C-17A Globemaster,,,,False,mode_s
ae2fad,2026-07-19 02:24:30.203104,RCH224,08-8201,2455,32000,37.5,-116.7,C-17A Globemaster,,,,False,mode_s
ae07f7,2026-07-19 02:24:30.203109,X,97-0045,3301,34000,31.6,32.3,C-17A Globemaster,,,,False,mode_s
ae5e0c,2026-07-19 02:24:30.203114,CABAL72,17-46031,Unavailable,Unavailable,34.7,-124.7,KC-46A Pegasus,,,,False,mode_s
ae0811,2026-07-19 02:25:30.505026,IROC61,00-0175,2120,1450,21.250626,-158.151093,C-17A Globemaster,41,113,-448,False,adsb_icao
ae0679,2026-07-19 02:25:30.505046,RCH348,00-0174,3202,36000,53.967915,-132.913895,C-17A Globemaster,316,417,,False,adsb_icao
ae63b8,2026-07-19 02:25:30.505052,CABAL62,20-46076,3356,32750,37.157894,-123.800201,KC-46A Pegasus,39,533,1548,False,mlat
ae4f14,2026-07-19 02:25:30.505057,RCH349,10-0220,3312,2950,38.397755,-121.756668,C-17A Globemaster,201,216,-19,False,mlat
06a27a,2026-07-19 02:25:30.505066,LHOB244,A7-MAM,2674,29000,52.279449,-116.85997,C-17A Globemaster,57,476,,False,adsb_icao
ae07d6,2026-07-19 02:25:30.505072,PITT57,92-3292,4030,2950,29.58165,-98.6418,C-17A Globemaster,196,183,-128,False,adsb_icao
ae58ac,2026-07-19 02:25:30.505081,UNK C/S,61-0029,7653,25900,32.422039,-95.796196,B-52H Stratofortress,88,428,-1785,False,mlat
ae20c2,2026-07-19 02:25:30.505088,RCH535,07-7181,7034,19125,38.156387,-75.54731,C-17A Globemaster,358,354,-1602,False,mlat
ae013f,2026-07-19 02:25:30.505094,UNK C/S,60-0358,2006,34988,52.73901,-47.856102,KC-135R Stratotanker,60,492,32,False,adsc
ae0424,2026-07-19 02:25:30.505099,UNK C/S,60-0333,3421,34000,50.54002,12.017907,KC-135R Stratotanker,297,442,-32,False,mlat
4d03c2,2026-07-19 02:25:30.505103,NATO21,LX-N90444,6015,30000,53.055096,22.77054,E-3G AWACS,7,458,-96,False,mlat
477ff1,2026-07-19 02:25:30.505113,BRK48,01,7672,35000,47.429096,23.26186,C-17A Globemaster,136,455,-64,False,adsb_icao
ae0808,2026-07-19 02:25:30.505117,RCH478,99-0062,7420,35000,38.233444,25.6122,C-17A Globemaster,160,451,0,False,mlat
87cc0b,2026-07-19 02:25:30.505125,JF601,87-3601,7446,175,35.26062,136.921082,KC-46A Pegasus,332,38,-704,False,adsb_icao
ae117e,2026-07-19 02:25:30.505136,RCH725,02-1112,3674,1675,17.7,-65.5,C-17A Globemaster,,,,False,mode_s
ae1459,2026-07-19 02:25:30.505140,RCH209,06-6155,7401,29000,36.1,25.9,C-17A Globemaster,,,,False,mode_s
ae2fad,2026-07-19 02:25:30.505144,RCH224,08-8201,2455,32000,38.3,-116.5,C-17A Globemaster,,,,False,mode_s
ae07f7,2026-07-19 02:25:30.505149,X,97-0045,3301,34000,31.6,32.3,C-17A Globemaster,,,,False,mode_s
ae5e0c,2026-07-19 02:25:30.505155,CABAL72,17-46031,Unavailable,Unavailable,34.7,-124.7,KC-46A Pegasus,,,,False,mode_s
ae0811,2026-07-19 02:26:30.730591,IROC61,00-0175,2120,1025,21.270136,-158.124588,C-17A Globemaster,54,115,-512,False,adsb_icao
ae0679,2026-07-19 02:26:30.730611,RCH348,00-0174,3202,35975,54.05534,-133.053162,C-17A Globemaster,316,418,,False,adsb_icao
ae63b8,2026-07-19 02:26:30.730617,CABAL62,20-46076,3356,34200,37.282284,-123.675102,KC-46A Pegasus,40,564,1570,False,mlat
ae4f14,2026-07-19 02:26:30.730621,RCH349,10-0220,3312,2025,38.357197,-121.793594,C-17A Globemaster,240,160,-963,False,mlat
06a27a,2026-07-19 02:26:30.730628,LHOB244,A7-MAM,2674,28975,52.350494,-116.677017,C-17A Globemaster,57,476,,False,adsb_icao
ae07d6,2026-07-19 02:26:30.730635,PITT57,92-3292,4030,2950,29.534637,-98.636681,C-17A Globemaster,160,155,0,False,adsb_icao
ae58ac,2026-07-19 02:26:30.730643,UNK C/S,61-0029,7653,25000,32.425983,-95.660042,B-52H Stratofortress,90,374,-2735,False,mlat
ae20c2,2026-07-19 02:26:30.730650,RCH535,07-7181,7034,19000,38.267403,-75.571533,C-17A Globemaster,343,408,17,False,mlat
ae013f,2026-07-19 02:26:30.730655,UNK C/S,60-0358,2006,34988,52.73901,-47.856102,KC-135R Stratotanker,60,492,32,False,adsc
ae0424,2026-07-19 02:26:30.730660,UNK C/S,60-0333,3421,34000,50.597584,11.84743,KC-135R Stratotanker,297,442,0,False,mlat
4d03c2,2026-07-19 02:26:30.730664,NATO21,LX-N90444,6015,30000,53.180088,22.797194,E-3G AWACS,7,458,-64,False,mlat
477ff1,2026-07-19 02:26:30.730668,BRK48,01,7672,35000,47.336269,23.390738,C-17A Globemaster,136,454,96,False,adsb_icao
ae0808,2026-07-19 02:26:30.730671,RCH478,99-0062,7420,35000,38.121914,25.657282,C-17A Globemaster,162,496,0,False,mlat
87cc0b,2026-07-19 02:26:30.730677,JF601,87-3601,7446,175,35.262955,136.921295,KC-46A Pegasus,63,6,0,False,adsb_icao
ae1459,2026-07-19 02:26:30.730683,RCH209,06-6155,7401,29000,36.0,25.7,C-17A Globemaster,,,,False,mode_s
ae63c7,2026-07-19 02:26:30.730688,FLYER40,21-46091,Unavailable,Unavailable,32.8,36.5,KC-46A Pegasus,,,,False,mode_s
ae2fad,2026-07-19 02:26:30.730692,RCH224,08-8201,2455,32000,38.0,-116.7,C-17A Globemaster,,,,False,mode_s
ae117e,2026-07-19 02:26:30.730696,RCH725,02-1112,3674,900,17.9,-65.4,C-17A Globemaster,,,,False,mode_s
ae5e0c,2026-07-19 02:26:30.730700,CABAL72,17-46031,Unavailable,Unavailable,37.7,-124.2,KC-46A Pegasus,,,,False,mode_s
ae07f7,2026-07-19 02:26:30.730705,X,97-0045,3301,34200,31.6,32.0,C-17A Globemaster,,,,False,mode_s
ae0811,2026-07-19 02:27:31.111769,IROC61,00-0175,2120,450,21.287733,-158.098099,C-17A Globemaster,55,108,-576,False,adsb_icao
ae0679,2026-07-19 02:27:31.111788,RCH348,00-0174,3202,36000,54.136761,-133.183533,C-17A Globemaster,316,418,,False,adsb_icao
ae080e,2026-07-19 02:27:31.111793,RCH558,99-0168,5712,35000,53.325775,-131.605057,C-17A Globemaster,,,,False,adsb_icao
ae63b8,2026-07-19 02:27:31.111799,CABAL62,20-46076,3356,35625,37.398571,-123.559235,KC-46A Pegasus,39,513,1390,False,mlat
ae4f14,2026-07-19 02:27:31.111803,RCH349,10-0220,3312,1350,38.331989,-121.828751,C-17A Globemaster,229,122,-608,False,mlat
06a27a,2026-07-19 02:27:31.111810,LHOB244,A7-MAM,2674,29000,52.424927,-116.498642,C-17A Globemaster,55,477,,False,adsb_icao
ae07d6,2026-07-19 02:27:31.111817,PITT57,92-3292,4030,2625,29.497742,-98.622894,C-17A Globemaster,161,119,-512,False,adsb_icao
ae58ac,2026-07-19 02:27:31.111824,UNK C/S,61-0029,7653,23400,32.432076,-95.535446,B-52H Stratofortress,85,390,-1408,False,mlat
ae20c2,2026-07-19 02:27:31.111830,RCH535,07-7181,7034,17550,38.376469,-75.613014,C-17A Globemaster,343,393,-1894,False,mlat
ae013f,2026-07-19 02:27:31.111836,UNK C/S,60-0358,2006,34988,52.73901,-47.856102,KC-135R Stratotanker,60,492,32,False,adsc
ae0424,2026-07-19 02:27:31.111842,UNK C/S,60-0333,3421,34000,50.652382,11.684246,KC-135R Stratotanker,297,444,256,False,mlat
4d03c2,2026-07-19 02:27:31.111846,NATO21,LX-N90444,6015,30000,53.304768,22.824368,E-3G AWACS,7,460,-96,False,mlat
477ff1,2026-07-19 02:27:31.111850,BRK48,01,7672,35000,47.244781,23.517265,C-17A Globemaster,136,455,32,False,adsb_icao
ae0808,2026-07-19 02:27:31.111853,RCH478,99-0062,7420,35000,37.999268,25.710636,C-17A Globemaster,160,475,0,False,mlat
87cc0b,2026-07-19 02:27:31.111860,JF601,87-3601,7446,175,35.261765,136.922668,KC-46A Pegasus,153,11,0,False,adsb_icao
ae1459,2026-07-19 02:27:31.111865,RCH209,06-6155,7401,29000,36.2,25.6,C-17A Globemaster,,,,False,mode_s
ae63c7,2026-07-19 02:27:31.111870,FLYER40,21-46091,1530,Unavailable,32.8,36.5,KC-46A Pegasus,,,,False,mode_s
ae2fad,2026-07-19 02:27:31.111873,RCH224,08-8201,2455,32000,37.8,-116.7,C-17A Globemaster,,,,False,mode_s
ae117e,2026-07-19 02:27:31.111878,RCH725,02-1112,3674,225,17.6,-65.3,C-17A Globemaster,,,,False,mode_s
ae5e0c,2026-07-19 02:27:31.111882,CABAL72,17-46031,Unavailable,Unavailable,37.7,-124.2,KC-46A Pegasus,,,,False,mode_s
ae07f7,2026-07-19 02:27:31.111886,X,97-0045,3301,34650,31.6,31.7,C-17A Globemaster,,,,False,mode_s
ae0679,2026-07-19 02:28:31.397947,RCH348,00-0174,3202,35975,54.223938,-133.324112,C-17A Globemaster,316,415,,False,adsb_icao
ae63b8,2026-07-19 02:28:31.397966,CABAL62,20-46076,3356,36875,37.523373,-123.434502,KC-46A Pegasus,39,562,1010,False,mlat
ae4f14,2026-07-19 02:28:31.397971,RCH349,10-0220,3312,775,38.309547,-121.858047,C-17A Globemaster,224,103,-518,False,mlat
06a27a,2026-07-19 02:28:31.397979,LHOB244,A7-MAM,2674,29000,52.500263,-116.318611,C-17A Globemaster,55,479,,False,adsb_icao
ae07d6,2026-07-19 02:28:31.397986,PITT57,92-3292,4030,2050,29.466635,-98.611397,C-17A Globemaster,161,120,-640,False,adsb_icao
ae58ac,2026-07-19 02:28:31.397994,UNK C/S,61-0029,7653,20700,32.437717,-95.407326,B-52H Stratofortress,86,392,-2442,False,mlat
ae20c2,2026-07-19 02:28:31.398001,RCH535,07-7181,7034,15450,38.472538,-75.669228,C-17A Globemaster,317,390,-1914,False,mlat
ae013f,2026-07-19 02:28:31.398007,UNK C/S,60-0358,2006,34988,52.73901,-47.856102,KC-135R Stratotanker,60,492,32,False,adsc
ae0424,2026-07-19 02:28:31.398013,UNK C/S,60-0333,3421,34000,50.71273,11.504072,KC-135R Stratotanker,297,442,0,False,mlat
4d03c2,2026-07-19 02:28:31.398017,NATO21,LX-N90444,6015,30000,53.433723,22.85442,E-3G AWACS,7,460,-64,False,mlat
477ff1,2026-07-19 02:28:31.398022,BRK48,01,7672,35000,47.150528,23.643494,C-17A Globemaster,143,451,0,False,adsb_icao
ae0808,2026-07-19 02:28:31.398026,RCH478,99-0062,7420,35000,37.963036,25.725626,C-17A Globemaster,159,486,0,False,mode_s
87cc0b,2026-07-19 02:28:31.398033,JF601,87-3601,7446,175,35.260387,136.924072,KC-46A Pegasus,63,4,0,False,adsb_icao
ae1459,2026-07-19 02:28:31.398038,RCH209,06-6155,7401,29000,35.2,27.2,C-17A Globemaster,,,,False,mode_s
ae63c7,2026-07-19 02:28:31.398043,FLYER40,21-46091,1530,25000,32.8,36.5,KC-46A Pegasus,,,,False,mode_s
ae2fad,2026-07-19 02:28:31.398047,RCH224,08-8201,2455,32000,38.1,-116.4,C-17A Globemaster,,,,False,mode_s
ae5e0c,2026-07-19 02:28:31.398052,CABAL72,17-46031,Unavailable,Unavailable,37.7,-123.8,KC-46A Pegasus,,,,False,mode_s
ae07f7,2026-07-19 02:28:31.398057,X,97-0045,3301,34975,31.6,31.7,C-17A Globemaster,,,,False,mode_s
ae0588,2026-07-19 02:28:31.398061,RCH2009,87-0043,6251,Unavailable,48.1,-54.2,C-5M Galaxy,,,,False,mode_s
ae080e,2026-07-19 02:28:31.398068,RCH558,99-0168,5712,35000,55.4,-134.9,C-17A Globemaster,,,,False,mode_s
ae0679,2026-07-19 02:29:31.802857,RCH348,00-0174,3202,36000,54.306492,-133.458008,C-17A Globemaster,316,416,,False,adsb_icao
ae63b8,2026-07-19 02:29:31.802874,CABAL62,20-46076,3356,37000,37.644348,-123.314224,KC-46A Pegasus,38,561,0,False,mlat
ae4f14,2026-07-19 02:29:31.802879,RCH349,10-0220,3312,250,38.28561,-121.891327,C-17A Globemaster,225,120,-512,False,mlat
06a27a,2026-07-19 02:29:31.802886,LHOB244,A7-MAM,2674,29000,52.575165,-116.136864,C-17A Globemaster,56,486,,False,adsb_icao
ae07d6,2026-07-19 02:29:31.802893,PITT57,92-3292,4030,1475,29.435028,-98.599915,C-17A Globemaster,163,112,-896,False,adsb_icao
ae58ac,2026-07-19 02:29:31.802901,UNK C/S,61-0029,7653,18100,32.446922,-95.277557,B-52H Stratofortress,86,378,-2230,False,mlat
ae20c2,2026-07-19 02:29:31.802908,RCH535,07-7181,7034,13450,38.508591,-75.784264,C-17A Globemaster,291,360,-2007,False,mlat
ae013f,2026-07-19 02:29:31.802913,UNK C/S,60-0358,2006,34988,52.73901,-47.856102,KC-135R Stratotanker,60,492,32,False,adsc
ae0424,2026-07-19 02:29:31.802918,UNK C/S,60-0333,3421,34000,50.763615,11.346831,KC-135R Stratotanker,297,444,32,False,mlat
4d03c2,2026-07-19 02:29:31.802922,NATO21,LX-N90444,6015,30025,53.560963,22.885885,E-3G AWACS,7,458,32,False,mlat
477ff1,2026-07-19 02:29:31.802926,BRK48,01,7672,35000,47.044949,23.737722,C-17A Globemaster,148,449,-160,False,adsb_icao
ae0808,2026-07-19 02:29:31.802930,RCH478,99-0062,7420,35000,37.729282,25.823486,C-17A Globemaster,165,480,0,False,mlat
87cc0b,2026-07-19 02:29:31.802936,JF601,87-3601,7446,175,35.260986,136.925018,KC-46A Pegasus,315,1,0,False,adsb_icao
ae1459,2026-07-19 02:29:31.802941,RCH209,06-6155,7401,29000,35.3,26.9,C-17A Globemaster,,,,False,mode_s
ae2fad,2026-07-19 02:29:31.802945,RCH224,08-8201,2455,32000,37.7,-116.7,C-17A Globemaster,,,,False,mode_s
ae5e0c,2026-07-19 02:29:31.802950,CABAL72,17-46031,Unavailable,Unavailable,37.7,-123.8,KC-46A Pegasus,,,,False,mode_s
ae07f7,2026-07-19 02:29:31.802955,X,97-0045,3301,35000,31.6,31.7,C-17A Globemaster,,,,False,mode_s
ae0679,2026-07-19 02:30:32.046903,RCH348,00-0174,3202,35975,54.391029,-133.595917,C-17A Globemaster,316,414,,False,adsb_icao
ae63b8,2026-07-19 02:30:32.046920,CABAL62,20-46076,3356,37000,37.75935,-123.196045,KC-46A Pegasus,38,546,0,False,mlat
06a27a,2026-07-19 02:30:32.046928,LHOB244,A7-MAM,2674,29000,52.65152,-115.948029,C-17A Globemaster,56,493,,False,adsb_icao
ae07d6,2026-07-19 02:30:32.046935,PITT57,92-3292,4030,850,29.40379,-98.588348,C-17A Globemaster,162,117,,False,adsb_icao
ae58ac,2026-07-19 02:30:32.046943,UNK C/S,61-0029,7653,16100,32.451717,-95.151337,B-52H Stratofortress,88,363,-2753,False,mlat
ae20c2,2026-07-19 02:30:32.046951,RCH535,07-7181,7034,11625,38.542732,-75.902687,C-17A Globemaster,289,320,-1534,False,mlat
ae013f,2026-07-19 02:30:32.046957,UNK C/S,60-0358,2006,34988,52.73901,-47.856102,KC-135R Stratotanker,60,492,32,False,adsc
ae0424,2026-07-19 02:30:32.046962,UNK C/S,60-0333,3421,34000,50.824947,11.157959,KC-135R Stratotanker,297,444,96,False,mlat
4d03c2,2026-07-19 02:30:32.046965,NATO21,LX-N90444,6015,29975,53.686565,22.915405,E-3G AWACS,8,458,-64,False,mlat
477ff1,2026-07-19 02:30:32.046970,BRK48,01,7672,35000,46.936981,23.833054,C-17A Globemaster,148,453,32,False,adsb_icao
ae0808,2026-07-19 02:30:32.046974,RCH478,99-0062,7420,35000,37.629417,25.86557,C-17A Globemaster,160,494,0,False,mlat
87cc0b,2026-07-19 02:30:32.046980,JF601,87-3601,7446,175,35.261398,136.924728,KC-46A Pegasus,0,0,0,False,adsb_icao
ae1459,2026-07-19 02:30:32.046985,RCH209,06-6155,7401,29000,35.9,26.1,C-17A Globemaster,,,,False,mode_s
ae2fad,2026-07-19 02:30:32.046990,RCH224,08-8201,2455,32000,37.9,-116.8,C-17A Globemaster,,,,False,mode_s
ae5e0c,2026-07-19 02:30:32.046995,CABAL72,17-46031,Unavailable,Unavailable,37.7,-123.8,KC-46A Pegasus,,,,False,mode_s
ae07f7,2026-07-19 02:30:32.046999,X,97-0045,3301,35000,31.6,31.7,C-17A Globemaster,,,,False,mode_s
ae0588,2026-07-19 02:30:32.047004,RCH2009,87-0043,6251,Unavailable,47.7,-52.2,C-5M Galaxy,,,,False,mode_s
ae0679,2026-07-19 02:31:32.290949,RCH348,00-0174,3202,35975,54.474731,-133.733078,C-17A Globemaster,316,413,,False,adsb_icao
ae63b8,2026-07-19 02:31:32.290969,CABAL62,20-46076,3356,37000,37.873966,-123.078468,KC-46A Pegasus,39,550,0,False,mlat
06a27a,2026-07-19 02:31:32.290978,LHOB244,A7-MAM,2674,29000,52.726509,-115.759804,C-17A Globemaster,56,494,,False,adsb_icao
ae58ac,2026-07-19 02:31:32.290989,UNK C/S,61-0029,7653,14600,32.456966,-95.025162,B-52H Stratofortress,87,388,-1334,False,mlat
ae20c2,2026-07-19 02:31:32.290998,RCH535,07-7181,7034,11100,38.571007,-75.999161,C-17A Globemaster,290,275,0,False,mlat
ae013f,2026-07-19 02:31:32.291003,UNK C/S,60-0358,2006,34988,52.73901,-47.856102,KC-135R Stratotanker,60,492,32,False,adsc
ae0424,2026-07-19 02:31:32.291009,UNK C/S,60-0333,3421,34000,50.880112,10.98723,KC-135R Stratotanker,297,442,-32,False,mlat
4d03c2,2026-07-19 02:31:32.291013,NATO21,LX-N90444,6015,30000,53.811924,22.941605,E-3G AWACS,7,458,192,False,mlat
477ff1,2026-07-19 02:31:32.291017,BRK48,01,7672,35000,46.827896,23.928692,C-17A Globemaster,148,456,0,False,adsb_icao
ae0808,2026-07-19 02:31:32.291021,RCH478,99-0062,7420,35000,37.49213,25.923103,C-17A Globemaster,162,477,0,False,mlat
87cc0b,2026-07-19 02:31:32.291029,JF601,87-3601,7446,175,35.261414,136.924713,KC-46A Pegasus,0,0,,False,adsb_icao
ae1459,2026-07-19 02:31:32.291035,RCH209,06-6155,7401,29000,35.5,27.1,C-17A Globemaster,,,,False,mode_s
ae2fad,2026-07-19 02:31:32.291039,RCH224,08-8201,2455,32000,37.5,-116.6,C-17A Globemaster,,,,False,mode_s
ae5e0c,2026-07-19 02:31:32.291045,CABAL72,17-46031,3775,Unavailable,37.7,-123.6,KC-46A Pegasus,,,,False,mode_s
ae63c2,2026-07-19 02:31:32.291049,CABAL82,21-46086,Unavailable,Unavailable,34.7,-124.7,KC-46A Pegasus,,,,False,mode_s
ae07f7,2026-07-19 02:31:32.291054,X,97-0045,3301,35000,31.6,32.3,C-17A Globemaster,,,,False,mode_s
ae0588,2026-07-19 02:31:32.291058,RCH2009,87-0043,6251,33000,47.7,-52.2,C-5M Galaxy,,,,False,mode_s
ae0679,2026-07-19 02:32:32.567923,RCH348,00-0174,3202,36000,54.557053,-133.868973,C-17A Globemaster,316,415,,False,adsb_icao
ae63b8,2026-07-19 02:32:32.567943,CABAL62,20-46076,3356,37000,37.998379,-122.950745,KC-46A Pegasus,39,547,0,False,mlat
06a27a,2026-07-19 02:32:32.567951,LHOB244,A7-MAM,2674,29000,52.800571,-115.568008,C-17A Globemaster,61,489,,False,adsb_icao
ae58ac,2026-07-19 02:32:32.567963,UNK C/S,61-0029,7653,13400,32.462147,-94.907593,B-52H Stratofortress,84,334,-1140,False,mlat
ae20c2,2026-07-19 02:32:32.567971,RCH535,07-7181,7034,10050,38.59779,-76.097382,C-17A Globemaster,293,276,-1171,False,mlat
ae013f,2026-07-19 02:32:32.567978,UNK C/S,60-0358,2006,34988,52.73901,-47.856102,KC-135R Stratotanker,60,492,32,False,adsc
ae0424,2026-07-19 02:32:32.567983,UNK C/S,60-0333,3421,34000,50.937443,10.811762,KC-135R Stratotanker,297,440,32,False,mlat
4d03c2,2026-07-19 02:32:32.567988,NATO21,LX-N90444,6015,30000,53.941143,22.973759,E-3G AWACS,8,456,128,False,mlat
477ff1,2026-07-19 02:32:32.567991,BRK48,01,7672,35000,46.719639,24.023048,C-17A Globemaster,149,453,96,False,adsb_icao
ae0808,2026-07-19 02:32:32.567995,RCH478,99-0062,7420,35000,37.334019,25.989082,C-17A Globemaster,162,478,0,False,mlat
ae1459,2026-07-19 02:32:32.568003,RCH209,06-6155,7401,29000,34.5,31.7,C-17A Globemaster,,,,False,mode_s
ae2fad,2026-07-19 02:32:32.568008,RCH224,08-8201,2455,32000,39.1,-118.7,C-17A Globemaster,,,,False,mode_s
ae5e0c,2026-07-19 02:32:32.568014,CABAL72,17-46031,3775,Unavailable,36.6,-124.7,KC-46A Pegasus,,,,False,mode_s
ae07f7,2026-07-19 02:32:32.568019,X,97-0045,3301,35000,31.6,32.0,C-17A Globemaster,,,,False,mode_s
ae0588,2026-07-19 02:32:32.568023,RCH2009,87-0043,6251,33000,47.7,-52.2,C-5M Galaxy,59,482,0,False,mode_s
ae0679,2026-07-19 02:33:32.808201,RCH348,00-0174,3202,35975,54.640182,-134.007034,C-17A Globemaster,315,417,,False,adsb_icao
ae63b8,2026-07-19 02:33:32.808221,CABAL62,20-46076,3356,37000,38.11377,-122.839531,KC-46A Pegasus,32,554,0,False,mlat
06a27a,2026-07-19 02:33:32.808230,LHOB244,A7-MAM,2674,29025,52.850986,-115.36068,C-17A Globemaster,77,485,,False,adsb_icao
ae58ac,2026-07-19 02:33:32.808241,UNK C/S,61-0029,7653,12900,32.465103,-94.797119,B-52H Stratofortress,270,87,0,False,mlat
ae20c2,2026-07-19 02:33:32.808273,RCH535,07-7181,7034,8775,38.623104,-76.18531,C-17A Globemaster,286,284,-1281,False,mlat
ae013f,2026-07-19 02:33:32.808280,UNK C/S,60-0358,2006,34988,52.73901,-47.856102,KC-135R Stratotanker,60,492,32,False,adsc
ae0424,2026-07-19 02:33:32.808286,UNK C/S,60-0333,3421,34000,50.989712,10.648287,KC-135R Stratotanker,296,436,0,False,mlat
4d03c2,2026-07-19 02:33:32.808290,NATO21,LX-N90444,6015,30000,54.06739,23.001659,E-3G AWACS,7,456,-32,False,mlat
477ff1,2026-07-19 02:33:32.808295,BRK48,01,7672,35000,46.610706,24.117393,C-17A Globemaster,149,456,-64,False,adsb_icao
ae1459,2026-07-19 02:33:32.808304,RCH209,06-6155,7401,29000,34.5,31.7,C-17A Globemaster,,,,False,mode_s
ae2fad,2026-07-19 02:33:32.808308,RCH224,08-8201,2455,32000,39.7,-119.3,C-17A Globemaster,,,,False,mode_s
ae5e0c,2026-07-19 02:33:32.808314,CABAL72,17-46031,3775,Unavailable,38.3,-126.1,KC-46A Pegasus,,,,False,mode_s
ae63c2,2026-07-19 02:33:32.808318,CABAL82,21-46086,Unavailable,Unavailable,34.7,-124.7,KC-46A Pegasus,,,,False,mode_s
ae5fa6,2026-07-19 02:33:32.808322,UNK C/S,11-46059,1551,Unavailable,27.0,54.4,KC-46A Pegasus,,,,False,mode_s
ae07f7,2026-07-19 02:33:32.808327,X,97-0045,3301,35000,31.6,32.0,C-17A Globemaster,,,,False,mode_s
ae0588,2026-07-19 02:33:32.808332,RCH2009,87-0043,6251,33000,48.1,-54.2,C-5M Galaxy,,,,False,mode_s
ae0808,2026-07-19 02:33:32.808338,RCH478,99-0062,7420,35000,36.5,25.3,C-17A Globemaster,,,,False,mode_s
ae0679,2026-07-19 02:34:33.048869,RCH348,00-0174,3202,36000,54.724136,-134.147186,C-17A Globemaster,315,417,,False,adsb_icao
ae63b8,2026-07-19 02:34:33.048889,CABAL62,20-46076,3356,37000,38.238804,-122.734451,KC-46A Pegasus,34,559,-62,False,mlat
06a27a,2026-07-19 02:34:33.048897,LHOB244,A7-MAM,2674,29025,52.913727,-115.166931,C-17A Globemaster,53,494,,False,adsb_icao
ae58ac,2026-07-19 02:34:33.048909,UNK C/S,61-0029,7653,12900,32.467049,-94.675209,B-52H Stratofortress,90,365,0,False,mlat
ae20c2,2026-07-19 02:34:33.048917,RCH535,07-7181,7034,7750,38.648888,-76.278526,C-17A Globemaster,288,266,-1043,False,mlat
ae013f,2026-07-19 02:34:33.048922,UNK C/S,60-0358,2006,34988,52.73901,-47.856102,KC-135R Stratotanker,60,492,32,False,adsc
ae0424,2026-07-19 02:34:33.048928,UNK C/S,60-0333,3421,34000,51.035145,10.470577,KC-135R Stratotanker,285,428,0,False,mlat
4d03c2,2026-07-19 02:34:33.048933,NATO21,LX-N90444,6015,29950,54.185604,23.03496,E-3G AWACS,7,450,32,False,mlat
477ff1,2026-07-19 02:34:33.048937,BRK48,01,7672,35000,46.501465,24.21179,C-17A Globemaster,149,459,0,False,adsb_icao
ae0808,2026-07-19 02:34:33.048941,RCH478,99-0062,7420,35000,37.114555,26.080441,C-17A Globemaster,166,502,0,False,mlat
ae1459,2026-07-19 02:34:33.048949,RCH209,06-6155,7401,29000,34.6,31.1,C-17A Globemaster,,,,False,mode_s
ae2fad,2026-07-19 02:34:33.048953,RCH224,08-8201,2455,32000,39.7,-119.2,C-17A Globemaster,,,,False,mode_s
ae5e0c,2026-07-19 02:34:33.048959,CABAL72,17-46031,3775,Unavailable,33.7,-123.4,KC-46A Pegasus,,,,False,mode_s
ae63c2,2026-07-19 02:34:33.048964,CABAL82,21-46086,Unavailable,Unavailable,34.7,-124.7,KC-46A Pegasus,,,,False,mode_s
ae5fa6,2026-07-19 02:34:33.048968,UNK C/S,11-46059,1551,3900,25.9,50.6,KC-46A Pegasus,,,,False,mode_s
ae07f7,2026-07-19 02:34:33.048972,X,97-0045,3301,35000,31.6,32.0,C-17A Globemaster,,,,False,mode_s
ae0588,2026-07-19 02:34:33.048976,RCH2009,87-0043,6251,33000,48.1,-54.2,C-5M Galaxy,,,,False,mode_s
ae0679,2026-07-19 02:35:33.299323,RCH348,00-0174,3202,36000,54.807587,-134.287506,C-17A Globemaster,315,418,,False,adsb_icao
ae63b8,2026-07-19 02:35:33.299343,CABAL62,20-46076,3356,37000,38.370438,-122.623459,KC-46A Pegasus,33,532,0,False,mlat
06a27a,2026-07-19 02:35:33.299352,LHOB244,A7-MAM,2674,29000,53.003864,-114.99099,C-17A Globemaster,47,502,,False,adsb_icao
ae58ac,2026-07-19 02:35:33.299363,UNK C/S,61-0029,7653,12900,32.471149,-94.555054,B-52H Stratofortress,89,372,0,False,mlat
ae20c2,2026-07-19 02:35:33.299371,RCH535,07-7181,7034,6750,38.675091,-76.368942,C-17A Globemaster,292,272,-979,False,mlat
ae013f,2026-07-19 02:35:33.299377,UNK C/S,60-0358,2006,34988,52.73901,-47.856102,KC-135R Stratotanker,60,492,32,False,adsc
ae0424,2026-07-19 02:35:33.299384,UNK C/S,60-0333,3421,34000,51.065971,10.282649,KC-135R Stratotanker,284,424,0,False,mlat
4d03c2,2026-07-19 02:35:33.299389,NATO21,LX-N90444,6015,29925,54.296844,23.05615,E-3G AWACS,8,436,-192,False,mlat
477ff1,2026-07-19 02:35:33.299393,BRK48,01,7672,35000,46.390236,24.307388,C-17A Globemaster,149,464,96,False,adsb_icao
ae1459,2026-07-19 02:35:33.299403,RCH209,06-6155,7401,29000,34.6,30.0,C-17A Globemaster,,,,False,mode_s
ae2fad,2026-07-19 02:35:33.299407,RCH224,08-8201,2455,32000,37.4,-116.3,C-17A Globemaster,,,,False,mode_s
ae5e0c,2026-07-19 02:35:33.299414,CABAL72,17-46031,3775,Unavailable,33.7,-123.4,KC-46A Pegasus,,,,False,mode_s
ae63c2,2026-07-19 02:35:33.299419,CABAL82,21-46086,Unavailable,Unavailable,34.7,-124.7,KC-46A Pegasus,,,,False,mode_s
ae5fa6,2026-07-19 02:35:33.299423,UNK C/S,11-46059,1551,5175,25.9,50.9,KC-46A Pegasus,,,,False,mode_s
ae0588,2026-07-19 02:35:33.299427,RCH2009,87-0043,6251,Unavailable,47.7,-52.2,C-5M Galaxy,,,,False,mode_s
ae0808,2026-07-19 02:35:33.299434,RCH478,99-0062,7420,35000,36.7,24.6,C-17A Globemaster,,,,False,mode_s
ae0679,2026-07-19 02:36:33.524451,RCH348,00-0174,3202,36000,54.889881,-134.426636,C-17A Globemaster,315,415,,False,adsb_icao
ae63b8,2026-07-19 02:36:33.524471,CABAL62,20-46076,3356,37000,38.492924,-122.519257,KC-46A Pegasus,34,555,0,False,mlat
ae2fad,2026-07-19 02:36:33.524478,RCH224,08-8201,2455,32000,38.687859,-117.166336,C-17A Globemaster,,,0,False,mlat
06a27a,2026-07-19 02:36:33.524483,LHOB244,A7-MAM,2674,29000,53.091057,-114.81356,C-17A Globemaster,56,497,,False,adsb_icao
ae58ac,2026-07-19 02:36:33.524492,UNK C/S,61-0029,7653,12900,32.47826,-94.435715,B-52H Stratofortress,86,345,0,False,mlat
ae20c2,2026-07-19 02:36:33.524500,RCH535,07-7181,7034,5750,38.700401,-76.456924,C-17A Globemaster,290,248,-978,False,mlat
ae013f,2026-07-19 02:36:33.524507,UNK C/S,60-0358,2006,34988,52.73901,-47.856102,KC-135R Stratotanker,60,492,32,False,adsc
ae0424,2026-07-19 02:36:33.524511,UNK C/S,60-0333,3421,34000,51.095524,10.101844,KC-135R Stratotanker,284,422,256,False,mlat
4d03c2,2026-07-19 02:36:33.524515,NATO21,LX-N90444,6015,28475,54.425632,23.11101,E-3G AWACS,16,430,-2656,False,mlat
477ff1,2026-07-19 02:36:33.524519,BRK48,01,7672,35000,46.279999,24.401773,C-17A Globemaster,149,463,-128,False,adsb_icao
ae1459,2026-07-19 02:36:33.524526,RCH209,06-6155,7401,29000,34.4,29.7,C-17A Globemaster,,,,False,mode_s
ae5e0c,2026-07-19 02:36:33.524532,CABAL72,17-46031,3775,25025,36.2,-125.6,KC-46A Pegasus,,,,False,mode_s
ae63c2,2026-07-19 02:36:33.524536,CABAL82,21-46086,Unavailable,Unavailable,34.7,-124.7,KC-46A Pegasus,,,,False,mode_s
ae5fa6,2026-07-19 02:36:33.524540,UNK C/S,11-46059,1551,5700,25.9,50.9,KC-46A Pegasus,,,,False,mode_s
ae0588,2026-07-19 02:36:33.524545,RCH2009,87-0043,6251,Unavailable,47.7,-52.2,C-5M Galaxy,,,,False,mode_s
ae0808,2026-07-19 02:36:33.524551,RCH478,99-0062,7420,35000,36.4,24.9,C-17A Globemaster,,,,False,mode_s
ae0679,2026-07-19 02:37:33.777699,RCH348,00-0174,3202,35975,54.972931,-134.56781,C-17A Globemaster,315,415,,False,adsb_icao
ae63b8,2026-07-19 02:37:33.777720,CABAL62,20-46076,3356,37000,38.62056,-122.413132,KC-46A Pegasus,32,541,0,False,mlat
ae2fad,2026-07-19 02:37:33.777728,RCH224,08-8201,2455,32000,38.662914,-117.322952,C-17A Globemaster,,,0,False,mlat
06a27a,2026-07-19 02:37:33.777733,LHOB244,A7-MAM,2674,29000,53.169067,-114.623581,C-17A Globemaster,55,495,,False,adsb_icao
ae057b,2026-07-19 02:37:33.777737,RCH2019,87-0030,2645,3250,32.176624,-110.893875,C-5M Galaxy,319,182,1701,False,mlat
ae58ac,2026-07-19 02:37:33.777747,UNK C/S,61-0029,7653,12800,32.484646,-94.320595,B-52H Stratofortress,86,339,646,False,mlat
ae20c2,2026-07-19 02:37:33.777755,RCH535,07-7181,7034,4750,38.726517,-76.538795,C-17A Globemaster,301,252,-950,False,mlat
ae013f,2026-07-19 02:37:33.777761,UNK C/S,60-0358,2006,34988,52.73901,-47.856102,KC-135R Stratotanker,60,492,32,False,adsc
ae0424,2026-07-19 02:37:33.777766,UNK C/S,60-0333,3421,34025,51.124241,9.921167,KC-135R Stratotanker,284,420,96,False,mlat
4d03c2,2026-07-19 02:37:33.777769,NATO21,LX-N90444,6015,25675,54.541534,23.168592,E-3G AWACS,15,446,-2624,False,mlat
477ff1,2026-07-19 02:37:33.777773,BRK48,01,7672,35000,46.168304,24.496765,C-17A Globemaster,149,465,32,False,adsb_icao
ae1459,2026-07-19 02:37:33.777780,RCH209,06-6155,7401,29000,34.5,31.7,C-17A Globemaster,,,,False,mode_s
ae5e0c,2026-07-19 02:37:33.777785,CABAL72,17-46031,3775,25025,33.7,-123.4,KC-46A Pegasus,,,,False,mode_s
ae63c2,2026-07-19 02:37:33.777790,CABAL82,21-46086,Unavailable,Unavailable,34.7,-124.7,KC-46A Pegasus,,,,False,mode_s
ae5fa6,2026-07-19 02:37:33.777794,UNK C/S,11-46059,1551,7350,25.9,50.6,KC-46A Pegasus,,,,False,mode_s
ae0588,2026-07-19 02:37:33.777798,RCH2009,87-0043,6251,Unavailable,48.1,-54.2,C-5M Galaxy,,,,False,mode_s
ae0808,2026-07-19 02:37:33.777804,RCH478,99-0062,7420,35000,36.8,24.6,C-17A Globemaster,,,,False,mode_s
ae0679,2026-07-19 02:38:34.012708,RCH348,00-0174,3202,35975,55.054642,-134.707657,C-17A Globemaster,315,414,,False,adsb_icao
ae63b8,2026-07-19 02:38:34.012729,CABAL62,20-46076,3356,37000,38.748901,-122.304436,KC-46A Pegasus,33,553,-64,False,mlat
ae2fad,2026-07-19 02:38:34.012737,RCH224,08-8201,2455,32000,38.645401,-117.442749,C-17A Globemaster,,,0,False,mlat
06a27a,2026-07-19 02:38:34.012742,LHOB244,A7-MAM,2674,29000,53.246796,-114.433044,C-17A Globemaster,55,497,,False,adsb_icao
ae057b,2026-07-19 02:38:34.012747,RCH2019,87-0030,2645,4875,32.20462,-110.933121,C-5M Galaxy,311,162,1522,False,mlat
ae58ac,2026-07-19 02:38:34.012757,UNK C/S,61-0029,7653,11900,32.496418,-94.188393,B-52H Stratofortress,74,343,-1873,False,mlat
ae20c2,2026-07-19 02:38:34.012764,RCH535,07-7181,7034,4100,38.780304,-76.601059,C-17A Globemaster,318,261,-232,False,mlat
ae013f,2026-07-19 02:38:34.012771,UNK C/S,60-0358,2006,34988,52.73901,-47.856102,KC-135R Stratotanker,60,492,32,False,adsc
ae0424,2026-07-19 02:38:34.012776,UNK C/S,60-0333,3421,34025,51.150112,9.756225,KC-135R Stratotanker,283,418,-32,False,mlat
4d03c2,2026-07-19 02:38:34.012781,NATO21,LX-N90444,6015,23250,54.570724,23.181927,E-3G AWACS,16,442,-2176,False,mode_s
477ff1,2026-07-19 02:38:34.012785,BRK48,01,7672,33350,46.056503,24.591522,C-17A Globemaster,149,471,-2048,False,adsb_icao
ae0808,2026-07-19 02:38:34.012790,RCH478,99-0062,7420,35000,36.574684,26.303467,C-17A Globemaster,,,0,False,mlat
ae1459,2026-07-19 02:38:34.012797,RCH209,06-6155,7401,29000,34.9,30.1,C-17A Globemaster,,,,False,mode_s
ae5e0c,2026-07-19 02:38:34.012803,CABAL72,17-46031,3775,25000,36.6,-124.7,KC-46A Pegasus,,,,False,mode_s
ae63c2,2026-07-19 02:38:34.012808,CABAL82,21-46086,Unavailable,Unavailable,34.7,-124.7,KC-46A Pegasus,,,,False,mode_s
ae0679,2026-07-19 02:39:34.252398,RCH348,00-0174,3202,35975,55.13596,-134.847687,C-17A Globemaster,315,415,,False,adsb_icao
ae63b8,2026-07-19 02:39:34.252421,CABAL62,20-46076,3356,37000,38.873859,-122.196999,KC-46A Pegasus,32,553,-67,False,mlat
ae2fad,2026-07-19 02:39:34.252428,RCH224,08-8201,2455,32000,38.634308,-117.524109,C-17A Globemaster,,,0,False,mode_s
06a27a,2026-07-19 02:39:34.252433,LHOB244,A7-MAM,2674,29000,53.323261,-114.24279,C-17A Globemaster,56,487,,False,adsb_icao
ae057b,2026-07-19 02:39:34.252437,RCH2019,87-0030,2645,6450,32.240082,-110.981941,C-5M Galaxy,308,229,1986,False,mlat
ae58ac,2026-07-19 02:39:34.252448,UNK C/S,61-0029,7653,9800,32.516331,-94.101837,B-52H Stratofortress,74,303,-2147,False,mlat
ae20c2,2026-07-19 02:39:34.252456,RCH535,07-7181,7034,3750,38.833637,-76.663818,C-17A Globemaster,319,262,-886,False,mlat
ae013f,2026-07-19 02:39:34.252461,UNK C/S,60-0358,2006,34988,52.73901,-47.856102,KC-135R Stratotanker,60,492,32,False,adsc
ae0424,2026-07-19 02:39:34.252466,UNK C/S,60-0333,3421,34000,51.180969,9.556341,KC-135R Stratotanker,283,416,-160,False,mlat
4d03c2,2026-07-19 02:39:34.252470,NATO21,LX-N90444,6015,21050,54.774235,23.280048,E-3G AWACS,15,430,-2144,False,mlat
477ff1,2026-07-19 02:39:34.252475,BRK48,01,7672,30550,45.942673,24.687551,C-17A Globemaster,149,466,-1344,False,adsb_icao
ae1459,2026-07-19 02:39:34.252481,RCH209,06-6155,7401,29000,34.5,31.7,C-17A Globemaster,,,,False,mode_s
ae1178,2026-07-19 02:39:34.252487,RCH405,02-1106,Unavailable,Unavailable,35.3,-78.9,C-17A Globemaster,,,,False,mode_s
ae5e0c,2026-07-19 02:39:34.252491,CABAL72,17-46031,3775,25000,37.8,-124.0,KC-46A Pegasus,,,,False,mode_s
ae63c2,2026-07-19 02:39:34.252495,CABAL82,21-46086,Unavailable,Unavailable,34.7,-124.7,KC-46A Pegasus,,,,False,mode_s
ae5fa6,2026-07-19 02:39:34.252500,UNK C/S,11-46059,1551,Unavailable,25.9,50.9,KC-46A Pegasus,,,,False,mode_s
ae0808,2026-07-19 02:39:34.252506,RCH478,99-0062,7420,35000,36.5,25.1,C-17A Globemaster,,,,False,mode_s
ae0679,2026-07-19 02:40:34.540498,RCH348,00-0174,3202,35975,55.218822,-134.991089,C-17A Globemaster,315,414,,False,adsb_icao
ae63b8,2026-07-19 02:40:34.540518,CABAL62,20-46076,3356,37000,39.003025,-122.084435,KC-46A Pegasus,33,548,4,False,mlat
ae2fad,2026-07-19 02:40:34.540525,RCH224,08-8201,2455,32000,38.594975,-117.788429,C-17A Globemaster,,,0,False,mlat
06a27a,2026-07-19 02:40:34.540530,LHOB244,A7-MAM,2674,29000,53.399002,-114.053391,C-17A Globemaster,56,491,,False,adsb_icao
ae057b,2026-07-19 02:40:34.540534,RCH2019,87-0030,2645,9350,32.269882,-111.047058,C-5M Galaxy,292,218,2871,False,mlat
ae58ac,2026-07-19 02:40:34.540543,UNK C/S,61-0029,7653,7300,32.53038,-94.004311,B-52H Stratofortress,79,271,-2364,False,mlat
ae1178,2026-07-19 02:40:34.540551,RCH405,02-1106,6524,2150,35.171997,-79.070869,C-17A Globemaster,343,246,951,False,mlat
ae20c2,2026-07-19 02:40:34.540555,RCH535,07-7181,7034,2750,38.892063,-76.729721,C-17A Globemaster,320,264,-992,False,mlat
ae013f,2026-07-19 02:40:34.540562,UNK C/S,60-0358,2006,34988,52.73901,-47.856102,KC-135R Stratotanker,60,492,32,False,adsc
ae0424,2026-07-19 02:40:34.540568,UNK C/S,60-0333,3421,34000,51.208237,9.378624,KC-135R Stratotanker,283,414,0,False,mlat
4d03c2,2026-07-19 02:40:34.540572,NATO21,LX-N90444,6015,18950,54.907516,23.350048,E-3G AWACS,15,418,-1952,False,mlat
477ff1,2026-07-19 02:40:34.540577,BRK48,01,7672,28100,45.833424,24.779114,C-17A Globemaster,149,450,-2944,False,adsb_icao
ae5e0c,2026-07-19 02:40:34.540584,CABAL72,17-46031,3775,25000,36.2,-125.6,KC-46A Pegasus,,,,False,mode_s
ae0588,2026-07-19 02:40:34.540590,RCH2009,87-0043,6251,Unavailable,48.1,-54.2,C-5M Galaxy,,,,False,mode_s
ae63c2,2026-07-19 02:40:34.540594,CABAL82,21-46086,Unavailable,Unavailable,34.7,-124.7,KC-46A Pegasus,,,,False,mode_s
ae0808,2026-07-19 02:40:34.540601,RCH478,99-0062,7420,35000,36.4,25.4,C-17A Globemaster,,,,False,mode_s
ae5fa6,2026-07-19 02:40:34.540605,UNK C/S,11-46059,1551,Unavailable,25.9,50.9,KC-46A Pegasus,,,,False,mode_s
ae1459,2026-07-19 02:40:34.540609,RCH209,06-6155,7401,29000,34.4,31.5,C-17A Globemaster,,,,False,mode_s
ae0679,2026-07-19 02:41:34.871473,RCH348,00-0174,3202,36000,55.301193,-135.134827,C-17A Globemaster,315,416,,False,adsb_icao
ae63b8,2026-07-19 02:41:34.871493,CABAL62,20-46076,3356,37000,39.10651,-121.93959,KC-46A Pegasus,65,558,0,False,mlat
ae2fad,2026-07-19 02:41:34.871500,RCH224,08-8201,2455,32000,38.57201,-117.945801,C-17A Globemaster,259,417,0,False,mlat
06a27a,2026-07-19 02:41:34.871505,LHOB244,A7-MAM,2674,29000,53.474396,-113.863403,C-17A Globemaster,56,492,,False,adsb_icao
ae057b,2026-07-19 02:41:34.871509,RCH2019,87-0030,2645,11500,32.302109,-111.120781,C-5M Galaxy,297,273,2054,False,mlat
ae58ac,2026-07-19 02:41:34.871518,UNK C/S,61-0029,7653,4600,32.54496,-93.915581,B-52H Stratofortress,80,277,-2996,False,mlat
ae1178,2026-07-19 02:41:34.871527,RCH405,02-1106,6524,3675,35.245457,-79.094162,C-17A Globemaster,344,271,1717,False,mlat
ae20c2,2026-07-19 02:41:34.871532,RCH535,07-7181,7034,2600,38.953918,-76.770874,C-17A Globemaster,5,279,0,False,mlat
ae013f,2026-07-19 02:41:34.871540,UNK C/S,60-0358,2006,34988,52.73901,-47.856102,KC-135R Stratotanker,60,492,32,False,adsc
ae0424,2026-07-19 02:41:34.871545,UNK C/S,60-0333,3421,34000,51.231201,9.218593,KC-135R Stratotanker,283,414,0,False,mlat
477ff1,2026-07-19 02:41:34.871550,BRK48,01,7672,24575,45.724075,24.870506,C-17A Globemaster,149,451,-2848,False,adsb_icao
ae5e0c,2026-07-19 02:41:34.871557,CABAL72,17-46031,3775,25025,36.2,-125.6,KC-46A Pegasus,,,,False,mode_s
ae63c2,2026-07-19 02:41:34.871562,CABAL82,21-46086,Unavailable,Unavailable,34.7,-124.7,KC-46A Pegasus,,,,False,mode_s
ae0808,2026-07-19 02:41:34.871568,RCH478,99-0062,7420,35000,36.5,25.5,C-17A Globemaster,,,,False,mode_s
ae1459,2026-07-19 02:41:34.871575,RCH209,06-6155,7401,29000,33.1,32.1,C-17A Globemaster,,,,False,mode_s
4d03c2,2026-07-19 02:41:34.871581,NATO21,LX-N90444,6015,16975,54.0,26.5,E-3G AWACS,16,402,-2016,False,mode_s
ae0679,2026-07-19 02:42:35.133918,RCH348,00-0174,3202,36000,55.381989,-135.276413,C-17A Globemaster,314,416,,False,adsb_icao
ae63b8,2026-07-19 02:42:35.133937,CABAL62,20-46076,3356,37000,39.180386,-121.763794,KC-46A Pegasus,64,534,-75,False,mlat
ae2fad,2026-07-19 02:42:35.133943,RCH224,08-8201,2455,32000,38.551941,-118.089066,C-17A Globemaster,260,435,0,False,mlat
06a27a,2026-07-19 02:42:35.133948,LHOB244,A7-MAM,2674,29000,53.548946,-113.67408,C-17A Globemaster,56,482,,False,adsb_icao
ae057b,2026-07-19 02:42:35.133952,RCH2019,87-0030,2645,12800,32.339649,-111.209351,C-5M Galaxy,298,356,1372,False,mlat
ae58ac,2026-07-19 02:42:35.133961,UNK C/S,61-0029,7653,2400,32.543655,-93.829659,B-52H Stratofortress,102,228,-2604,False,mlat
ae1178,2026-07-19 02:42:35.133968,RCH405,02-1106,6524,6225,35.321533,-79.1241,C-17A Globemaster,339,272,2501,False,mlat
ae20c2,2026-07-19 02:42:35.133973,RCH535,07-7181,7034,2625,38.998455,-76.803116,C-17A Globemaster,262,260,75,False,mlat
ae013f,2026-07-19 02:42:35.133979,UNK C/S,60-0358,2006,34988,52.73901,-47.856102,KC-135R Stratotanker,60,492,32,False,adsc
ae0424,2026-07-19 02:42:35.133984,UNK C/S,60-0333,3421,34000,51.259251,9.029286,KC-135R Stratotanker,283,414,0,False,mlat
477ff1,2026-07-19 02:42:35.133988,BRK48,01,7672,22075,45.617752,24.958927,C-17A Globemaster,149,423,-544,False,adsb_icao
ae5e0c,2026-07-19 02:42:35.133995,CABAL72,17-46031,3775,25000,33.7,-123.4,KC-46A Pegasus,,,,False,mode_s
ae07f7,2026-07-19 02:42:35.134000,X,97-0045,3301,Unavailable,31.6,31.8,C-17A Globemaster,,,,False,mode_s
ae63c2,2026-07-19 02:42:35.134004,CABAL82,21-46086,Unavailable,Unavailable,34.7,-124.7,KC-46A Pegasus,,,,False,mode_s
ae0808,2026-07-19 02:42:35.134010,RCH478,99-0062,7420,35000,36.5,25.4,C-17A Globemaster,,,,False,mode_s
ae1459,2026-07-19 02:42:35.134015,RCH209,06-6155,7401,29000,33.1,32.1,C-17A Globemaster,,,,False,mode_s
4d03c2,2026-07-19 02:42:35.134020,NATO21,LX-N90444,6015,15025,56.0,27.9,E-3G AWACS,14,388,-1888,False,mode_s
ae0679,2026-07-19 02:43:35.368957,RCH348,00-0174,3202,35975,55.461044,-135.415985,C-17A Globemaster,314,414,,False,adsb_icao
ae63b8,2026-07-19 02:43:35.368977,CABAL62,20-46076,3356,37000,39.247398,-121.601608,KC-46A Pegasus,62,536,0,False,mlat
ae2fad,2026-07-19 02:43:35.368984,RCH224,08-8201,2455,32000,38.529823,-118.254623,C-17A Globemaster,261,431,0,False,mlat
06a27a,2026-07-19 02:43:35.368989,LHOB244,A7-MAM,2674,29000,53.623241,-113.483765,C-17A Globemaster,56,489,,False,adsb_icao
ae057b,2026-07-19 02:43:35.368993,RCH2019,87-0030,2645,15125,32.388348,-111.321106,C-5M Galaxy,296,393,2426,False,mlat
ae58ac,2026-07-19 02:43:35.369002,UNK C/S,61-0029,7653,1800,32.539463,-93.740173,B-52H Stratofortress,89,282,-573,False,mlat
ae1178,2026-07-19 02:43:35.369011,RCH405,02-1106,6524,8200,35.396091,-79.154175,C-17A Globemaster,343,288,1758,False,mlat
ae20c2,2026-07-19 02:43:35.369015,RCH535,07-7181,7034,2200,38.983635,-76.860718,C-17A Globemaster,195,222,-847,False,mlat
ae013f,2026-07-19 02:43:35.369021,UNK C/S,60-0358,2006,34988,52.73901,-47.856102,KC-135R Stratotanker,60,492,32,False,adsc
ae0424,2026-07-19 02:43:35.369026,UNK C/S,60-0333,3421,34000,51.28717,8.84117,KC-135R Stratotanker,283,414,32,False,mlat
477ff1,2026-07-19 02:43:35.369031,BRK48,01,7672,20275,45.523388,25.037106,C-17A Globemaster,149,379,-1888,False,adsb_icao
ae5e0c,2026-07-19 02:43:35.369038,CABAL72,17-46031,3775,25025,36.9,-122.4,KC-46A Pegasus,,,,False,mode_s
ae63c2,2026-07-19 02:43:35.369044,CABAL82,21-46086,Unavailable,Unavailable,34.7,-124.7,KC-46A Pegasus,,,,False,mode_s
ae0808,2026-07-19 02:43:35.369049,RCH478,99-0062,7420,35000,36.0,28.4,C-17A Globemaster,,,,False,mode_s
ae1459,2026-07-19 02:43:35.369056,RCH209,06-6155,7401,29000,31.8,31.6,C-17A Globemaster,,,,False,mode_s
4d03c2,2026-07-19 02:43:35.369061,NATO21,LX-N90444,6015,13375,55.9,27.2,E-3G AWACS,10,370,-1536,False,mode_s
ae0679,2026-07-19 02:44:35.622116,RCH348,00-0174,3202,35975,55.545044,-135.565048,C-17A Globemaster,314,411,,False,adsb_icao
ae63b8,2026-07-19 02:44:35.622136,CABAL62,20-46076,3356,37025,39.320351,-121.424858,KC-46A Pegasus,62,531,-18,False,mlat
ae2fad,2026-07-19 02:44:35.622143,RCH224,08-8201,2455,32000,38.503437,-118.408516,C-17A Globemaster,256,442,0,False,mlat
06a27a,2026-07-19 02:44:35.622149,LHOB244,A7-MAM,2674,29000,53.698059,-113.291176,C-17A Globemaster,56,495,,False,adsb_icao
ae057b,2026-07-19 02:44:35.622154,RCH2019,87-0030,2645,17700,32.435955,-111.433945,C-5M Galaxy,301,388,2590,False,mlat
ae58ac,2026-07-19 02:44:35.622165,UNK C/S,61-0029,7653,1600,32.519215,-93.673454,B-52H Stratofortress,153,317,-9,False,mlat
ae1178,2026-07-19 02:44:35.622172,RCH405,02-1106,6524,10050,35.476543,-79.139748,C-17A Globemaster,12,306,1802,False,mlat
ae20c2,2026-07-19 02:44:35.622177,RCH535,07-7181,7034,2125,38.941299,-76.871071,C-17A Globemaster,176,150,-11,False,mlat
ae013f,2026-07-19 02:44:35.622184,UNK C/S,60-0358,2006,34988,52.73901,-47.856102,KC-135R Stratotanker,60,492,32,False,adsc
ae0424,2026-07-19 02:44:35.622188,UNK C/S,60-0333,3421,34000,51.312782,8.668402,KC-135R Stratotanker,283,418,0,False,mlat
477ff1,2026-07-19 02:44:35.622193,BRK48,01,7672,18200,45.433681,25.110994,C-17A Globemaster,149,370,-1920,False,adsb_icao
ae5e0c,2026-07-19 02:44:35.622199,CABAL72,17-46031,3775,25000,37.9,-123.5,KC-46A Pegasus,,,,False,mode_s
ae63c2,2026-07-19 02:44:35.622205,CABAL82,21-46086,Unavailable,Unavailable,34.7,-124.7,KC-46A Pegasus,,,,False,mode_s
ae0808,2026-07-19 02:44:35.622211,RCH478,99-0062,7420,35000,36.2,27.3,C-17A Globemaster,,,,False,mode_s
ae1459,2026-07-19 02:44:35.622216,RCH209,06-6155,7401,29000,31.6,31.8,C-17A Globemaster,,,,False,mode_s
4d03c2,2026-07-19 02:44:35.622220,NATO21,LX-N90444,6015,11875,55.4,26.1,E-3G AWACS,10,354,-1248,False,mode_s
ae0679,2026-07-19 02:45:35.891887,RCH348,00-0174,3202,35975,55.62204,-135.702545,C-17A Globemaster,314,411,,False,adsb_icao
ae63b8,2026-07-19 02:45:35.891908,CABAL62,20-46076,3356,37025,39.39016,-121.254272,KC-46A Pegasus,59,539,0,False,mlat
ae2fad,2026-07-19 02:45:35.891914,RCH224,08-8201,2455,32000,38.480938,-118.564392,C-17A Globemaster,259,436,0,False,mlat
06a27a,2026-07-19 02:45:35.891919,LHOB244,A7-MAM,2674,29000,53.772816,-113.097221,C-17A Globemaster,57,490,,False,adsb_icao
ae057b,2026-07-19 02:45:35.891923,RCH2019,87-0030,2645,19825,32.483486,-111.547714,C-5M Galaxy,299,422,2140,False,mlat
ae58ac,2026-07-19 02:45:35.891933,UNK C/S,61-0029,7653,1600,32.506893,-93.624107,B-52H Stratofortress,36,299,368,False,mlat
ae1178,2026-07-19 02:45:35.891941,RCH405,02-1106,6524,10375,35.570763,-79.111458,C-17A Globemaster,16,380,149,False,mlat
ae20c2,2026-07-19 02:45:35.891945,RCH535,07-7181,7034,1875,38.905014,-76.871262,C-17A Globemaster,184,94,-455,False,mlat
ae013f,2026-07-19 02:45:35.891951,UNK C/S,60-0358,2006,34988,52.73901,-47.856102,KC-135R Stratotanker,60,492,32,False,adsc
ae0424,2026-07-19 02:45:35.891956,UNK C/S,60-0333,3421,34025,51.337837,8.497699,KC-135R Stratotanker,282,418,0,False,mlat
477ff1,2026-07-19 02:45:35.891960,BRK48,01,7672,16075,45.344627,25.184216,C-17A Globemaster,149,362,-2080,False,adsb_icao
ae5e0c,2026-07-19 02:45:35.891966,CABAL72,17-46031,3775,25025,37.6,-122.8,KC-46A Pegasus,,,,False,mode_s
ae63c2,2026-07-19 02:45:35.891970,CABAL82,21-46086,Unavailable,Unavailable,36.2,-125.6,KC-46A Pegasus,,,,False,mode_s
ae0808,2026-07-19 02:45:35.891977,RCH478,99-0062,7420,35000,36.4,25.5,C-17A Globemaster,,,,False,mode_s
ae5fa6,2026-07-19 02:45:35.891982,UNK C/S,11-46059,1551,Unavailable,25.9,51.4,KC-46A Pegasus,,,,False,mode_s
ae1459,2026-07-19 02:45:35.891987,RCH209,06-6155,7401,29000,33.8,33.2,C-17A Globemaster,,,,False,mode_s
4d03c2,2026-07-19 02:45:35.891993,NATO21,LX-N90444,6015,10600,54.2,26.7,E-3G AWACS,10,338,-1024,False,mode_s
ae0679,2026-07-19 02:46:36.286937,RCH348,00-0174,3202,35975,55.703663,-135.849289,C-17A Globemaster,314,414,,False,adsb_icao
ae5e0c,2026-07-19 02:46:36.286955,CABAL72,17-46031,3775,25025,36.914906,-124.042023,KC-46A Pegasus,,,-72,False,mlat
ae63b8,2026-07-19 02:46:36.286962,CABAL62,20-46076,3356,37000,39.459579,-121.082886,KC-46A Pegasus,65,569,-77,False,mlat
ae2fad,2026-07-19 02:46:36.286968,RCH224,08-8201,2455,32000,38.458004,-118.70752,C-17A Globemaster,258,441,-79,False,mlat
06a27a,2026-07-19 02:46:36.286973,LHOB244,A7-MAM,2674,29000,53.847015,-112.902573,C-17A Globemaster,57,495,,False,adsb_icao
ae057b,2026-07-19 02:46:36.286977,RCH2019,87-0030,2645,21600,32.535336,-111.670097,C-5M Galaxy,297,423,1951,False,mlat
ae58ac,2026-07-19 02:46:36.286986,UNK C/S,61-0029,7653,1600,32.549652,-93.648026,B-52H Stratofortress,322,195,633,False,mlat
ae1178,2026-07-19 02:46:36.286993,RCH405,02-1106,6524,11700,35.650658,-79.021545,C-17A Globemaster,41,402,1587,False,mlat
ae20c2,2026-07-19 02:46:36.286997,RCH535,07-7181,7034,1400,38.874954,-76.87075,C-17A Globemaster,176,118,-473,False,mlat
ae013f,2026-07-19 02:46:36.287003,UNK C/S,60-0358,2006,34988,52.73901,-47.856102,KC-135R Stratotanker,60,492,32,False,adsc
ae0424,2026-07-19 02:46:36.287008,UNK C/S,60-0333,3421,34000,51.36517,8.304354,KC-135R Stratotanker,282,418,0,False,mlat
477ff1,2026-07-19 02:46:36.287012,BRK48,01,7672,14100,45.258041,25.25515,C-17A Globemaster,150,352,-2048,False,adsb_icao
ae63c2,2026-07-19 02:46:36.287019,CABAL82,21-46086,Unavailable,Unavailable,34.7,-124.7,KC-46A Pegasus,,,,False,mode_s
ae0808,2026-07-19 02:46:36.287025,RCH478,99-0062,7420,35000,36.0,25.6,C-17A Globemaster,,,,False,mode_s
ae5fa6,2026-07-19 02:46:36.287030,UNK C/S,11-46059,1551,Unavailable,25.9,52.7,KC-46A Pegasus,,,,False,mode_s
ae1459,2026-07-19 02:46:36.287034,RCH209,06-6155,7401,29000,31.7,32.0,C-17A Globemaster,,,,False,mode_s
4d03c2,2026-07-19 02:46:36.287038,NATO21,LX-N90444,6015,9575,54.4,26.2,E-3G AWACS,10,316,-512,False,mode_s
ae0679,2026-07-19 02:47:36.584505,RCH348,00-0174,3202,35975,55.786606,-135.99942,C-17A Globemaster,314,414,,False,adsb_icao
ae5e0c,2026-07-19 02:47:36.584523,CABAL72,17-46031,3775,25025,37.039219,-123.919006,KC-46A Pegasus,40,506,-39,False,mlat
ae63b8,2026-07-19 02:47:36.584530,CABAL62,20-46076,3356,37025,39.531425,-120.90712,KC-46A Pegasus,59,536,76,False,mlat
ae2fad,2026-07-19 02:47:36.584536,RCH224,08-8201,2455,32000,38.43441,-118.871376,C-17A Globemaster,261,433,25,False,mlat
06a27a,2026-07-19 02:47:36.584541,LHOB244,A7-MAM,2674,29000,53.921539,-112.706154,C-17A Globemaster,57,493,,False,adsb_icao
ae057b,2026-07-19 02:47:36.584545,RCH2019,87-0030,2645,23325,32.586124,-111.788467,C-5M Galaxy,296,437,1469,False,mlat
ae58ac,2026-07-19 02:47:36.584554,UNK C/S,61-0029,7653,800,32.567204,-93.687798,B-52H Stratofortress,245,206,-1133,False,mlat
ae1178,2026-07-19 02:47:36.584562,RCH405,02-1106,6524,13050,35.698769,-78.903,C-17A Globemaster,80,434,1323,False,mlat
ae20c2,2026-07-19 02:47:36.584567,RCH535,07-7181,7034,875,38.844261,-76.867989,C-17A Globemaster,163,117,-513,False,mlat
ae013f,2026-07-19 02:47:36.584573,UNK C/S,60-0358,2006,34988,52.73901,-47.856102,KC-135R Stratotanker,60,492,32,False,adsc
ae0424,2026-07-19 02:47:36.584578,UNK C/S,60-0333,3421,34000,51.390606,8.122493,KC-135R Stratotanker,282,420,0,False,mlat
477ff1,2026-07-19 02:47:36.584582,BRK48,01,7672,12475,45.174957,25.322964,C-17A Globemaster,150,334,-1376,False,adsb_icao
ae0808,2026-07-19 02:47:36.584591,RCH478,99-0062,7420,35000,36.0,25.7,C-17A Globemaster,,,,False,mode_s
ae080e,2026-07-19 02:47:36.584596,RCH558,99-0168,5712,35000,50.7,-124.7,C-17A Globemaster,142,479,,False,mode_s
ae5fa6,2026-07-19 02:47:36.584602,UNK C/S,11-46059,1551,Unavailable,25.9,53.4,KC-46A Pegasus,,,,False,mode_s
ae1459,2026-07-19 02:47:36.584606,RCH209,06-6155,7401,29000,33.1,32.1,C-17A Globemaster,,,,False,mode_s
4d03c2,2026-07-19 02:47:36.584611,NATO21,LX-N90444,6015,8975,54.5,26.5,E-3G AWACS,11,260,-608,False,mode_s
ae0679,2026-07-19 02:48:36.896301,RCH348,00-0174,3202,36000,55.86644,-136.144745,C-17A Globemaster,314,414,,False,adsb_icao
ae080e,2026-07-19 02:48:36.896320,RCH558,99-0168,5712,35000,51.059235,-128.654205,C-17A Globemaster,142,476,,False,adsb_icao
ae5e0c,2026-07-19 02:48:36.896326,CABAL72,17-46031,3775,25000,37.148869,-123.810814,KC-46A Pegasus,39,461,-19,False,mlat
ae63b8,2026-07-19 02:48:36.896332,CABAL62,20-46076,3356,37000,39.598648,-120.740181,KC-46A Pegasus,61,530,-11,False,mlat
ae2fad,2026-07-19 02:48:36.896339,RCH224,08-8201,2455,32000,38.422939,-119.025444,C-17A Globemaster,265,469,-76,False,mlat
06a27a,2026-07-19 02:48:36.896343,LHOB244,A7-MAM,2674,29000,53.995708,-112.508965,C-17A Globemaster,57,490,,False,adsb_icao
ae057b,2026-07-19 02:48:36.896348,RCH2019,87-0030,2645,24925,32.645782,-111.929131,C-5M Galaxy,296,444,1354,False,mlat
ae58ac,2026-07-19 02:48:36.896357,UNK C/S,61-0029,7653,400,32.528568,-93.678215,B-52H Stratofortress,130,220,-109,False,mlat
ae1178,2026-07-19 02:48:36.896364,RCH405,02-1106,6524,14400,35.732361,-78.766983,C-17A Globemaster,75,402,1362,False,mlat
ae013f,2026-07-19 02:48:36.896370,UNK C/S,60-0358,2006,34988,52.73901,-47.856102,KC-135R Stratotanker,60,492,32,False,adsc
ae0424,2026-07-19 02:48:36.896375,UNK C/S,60-0333,3421,34000,51.416164,7.937696,KC-135R Stratotanker,282,422,-64,False,mlat
477ff1,2026-07-19 02:48:36.896379,BRK48,01,7672,11175,45.097137,25.3862,C-17A Globemaster,150,312,-1248,False,adsb_icao
ae0808,2026-07-19 02:48:36.896389,RCH478,99-0062,7420,35000,35.8,26.0,C-17A Globemaster,,,,False,mode_s
ae5fa6,2026-07-19 02:48:36.896395,UNK C/S,11-46059,1551,Unavailable,25.9,53.8,KC-46A Pegasus,,,,False,mode_s
ae1459,2026-07-19 02:48:36.896399,RCH209,06-6155,7401,29000,31.9,31.8,C-17A Globemaster,,,,False,mode_s
4d03c2,2026-07-19 02:48:36.896403,NATO21,LX-N90444,6015,8100,53.9,26.1,E-3G AWACS,8,216,-928,False,mode_s
ae0679,2026-07-19 02:49:37.180647,RCH348,00-0174,3202,35975,55.948109,-136.294418,C-17A Globemaster,314,416,,False,adsb_icao
ae080e,2026-07-19 02:49:37.180665,RCH558,99-0168,5712,35000,50.960827,-128.534775,C-17A Globemaster,142,474,-64,False,adsb_icao
ae5e0c,2026-07-19 02:49:37.180670,CABAL72,17-46031,3775,25025,37.28178,-123.675209,KC-46A Pegasus,39,581,-48,False,mlat
ae63b8,2026-07-19 02:49:37.180676,CABAL62,20-46076,3356,37025,39.669987,-120.559021,KC-46A Pegasus,63,551,52,False,mlat
ae2fad,2026-07-19 02:49:37.180682,RCH224,08-8201,2455,32000,38.402386,-119.16703,C-17A Globemaster,253,411,0,False,mlat
06a27a,2026-07-19 02:49:37.180686,LHOB244,A7-MAM,2674,29000,54.068981,-112.312424,C-17A Globemaster,57,493,,False,adsb_icao
ae057b,2026-07-19 02:49:37.180691,RCH2019,87-0030,2645,26300,32.699932,-112.051674,C-5M Galaxy,299,451,1177,False,mlat
ae1178,2026-07-19 02:49:37.180702,RCH405,02-1106,6524,15600,35.76453,-78.627701,C-17A Globemaster,73,430,1274,False,mlat
ae013f,2026-07-19 02:49:37.180708,UNK C/S,60-0358,2006,34988,52.73901,-47.856102,KC-135R Stratotanker,60,492,32,False,adsc
ae0424,2026-07-19 02:49:37.180713,UNK C/S,60-0333,3421,34000,51.441177,7.758169,KC-135R Stratotanker,282,426,0,False,mlat
477ff1,2026-07-19 02:49:37.180717,BRK48,01,7672,10325,45.021423,25.447605,C-17A Globemaster,150,313,-1504,False,adsb_icao
ae63c2,2026-07-19 02:49:37.180724,CABAL82,21-46086,Unavailable,Unavailable,38.0,-122.7,KC-46A Pegasus,,,,False,mode_s
ae0808,2026-07-19 02:49:37.180731,RCH478,99-0062,7420,35000,35.8,25.9,C-17A Globemaster,,,,False,mode_s
ae5fa6,2026-07-19 02:49:37.180735,UNK C/S,11-46059,1551,Unavailable,25.9,54.1,KC-46A Pegasus,,,,False,mode_s
ae1459,2026-07-19 02:49:37.180740,RCH209,06-6155,7401,29000,31.9,31.9,C-17A Globemaster,,,,False,mode_s
4d03c2,2026-07-19 02:49:37.180744,NATO21,LX-N90444,6015,6550,54.1,26.3,E-3G AWACS,341,210,-1728,False,mode_s
ae0679,2026-07-19 02:50:37.445215,RCH348,00-0174,3202,35975,56.027573,-136.440933,C-17A Globemaster,314,414,,False,adsb_icao
ae080e,2026-07-19 02:50:37.445232,RCH558,99-0168,5712,35000,50.930988,-128.498611,C-17A Globemaster,142,474,0,False,adsb_icao
ae5e0c,2026-07-19 02:50:37.445239,CABAL72,17-46031,3775,25025,37.39933,-123.560623,KC-46A Pegasus,37,531,0,False,mlat
ae63b8,2026-07-19 02:50:37.445245,CABAL62,20-46076,3356,37000,39.738125,-120.389122,KC-46A Pegasus,63,535,0,False,mlat
ae2fad,2026-07-19 02:50:37.445272,RCH224,08-8201,2455,32000,38.372101,-119.307945,C-17A Globemaster,255,440,0,False,mlat
ae057b,2026-07-19 02:50:37.445277,RCH2019,87-0030,2645,27725,32.756382,-112.189644,C-5M Galaxy,294,459,1330,False,mlat
06a27a,2026-07-19 02:50:37.445281,LHOB244,A7-MAM,2674,29000,54.141975,-112.115158,C-17A Globemaster,57,490,,False,adsb_icao
ae1178,2026-07-19 02:50:37.445293,RCH405,02-1106,6524,16925,35.796597,-78.491158,C-17A Globemaster,81,413,1356,False,mlat
ae013f,2026-07-19 02:50:37.445300,UNK C/S,60-0358,2006,34988,52.73901,-47.856102,KC-135R Stratotanker,60,492,32,False,adsc
ae0424,2026-07-19 02:50:37.445305,UNK C/S,60-0333,3421,34000,51.46545,7.573749,KC-135R Stratotanker,282,428,0,False,mlat
477ff1,2026-07-19 02:50:37.445309,BRK48,01,7672,8825,44.947632,25.507246,C-17A Globemaster,150,297,-1408,False,adsb_icao
ae63c2,2026-07-19 02:50:37.445317,CABAL82,21-46086,Unavailable,Unavailable,37.7,-123.4,KC-46A Pegasus,,,,False,mode_s
ae0808,2026-07-19 02:50:37.445323,RCH478,99-0062,7420,35000,35.2,27.1,C-17A Globemaster,,,,False,mode_s
ae1459,2026-07-19 02:50:37.445328,RCH209,06-6155,7401,29000,32.1,31.9,C-17A Globemaster,,,,False,mode_s
4d03c2,2026-07-19 02:50:37.445332,NATO21,LX-N90444,6015,4875,54.4,26.3,E-3G AWACS,323,188,-1728,False,mode_s
ae0679,2026-07-19 02:51:37.695561,RCH348,00-0174,3202,35975,56.103058,-136.580872,C-17A Globemaster,313,414,,False,adsb_icao
ae080e,2026-07-19 02:51:37.695578,RCH558,99-0168,5712,35000,50.812046,-128.355255,C-17A Globemaster,142,473,64,False,adsb_icao
ae5e0c,2026-07-19 02:51:37.695584,CABAL72,17-46031,3775,25000,37.511948,-123.445595,KC-46A Pegasus,38,530,-25,False,mlat
ae63b8,2026-07-19 02:51:37.695590,CABAL62,20-46076,3356,37025,39.810219,-120.206543,KC-46A Pegasus,63,550,0,False,mlat
ae2fad,2026-07-19 02:51:37.695595,RCH224,08-8201,2455,32000,38.352177,-119.462502,C-17A Globemaster,262,441,0,False,mlat
ae057b,2026-07-19 02:51:37.695599,RCH2019,87-0030,2645,28850,32.814247,-112.330917,C-5M Galaxy,297,485,1226,False,mlat
06a27a,2026-07-19 02:51:37.695604,LHOB244,A7-MAM,2674,29000,54.214142,-111.91851,C-17A Globemaster,57,486,,False,adsb_icao
ae1178,2026-07-19 02:51:37.695616,RCH405,02-1106,6524,18250,35.830738,-78.344749,C-17A Globemaster,74,451,1399,False,mlat
ae013f,2026-07-19 02:51:37.695622,UNK C/S,60-0358,2006,34988,52.73901,-47.856102,KC-135R Stratotanker,60,492,32,False,adsc
ae0424,2026-07-19 02:51:37.695626,UNK C/S,60-0333,3421,34000,51.491661,7.380676,KC-135R Stratotanker,281,432,-128,False,mlat
477ff1,2026-07-19 02:51:37.695631,BRK48,01,7672,7425,44.876778,25.564316,C-17A Globemaster,150,287,-1344,False,adsb_icao
ae63c2,2026-07-19 02:51:37.695638,CABAL82,21-46086,Unavailable,Unavailable,34.7,-124.7,KC-46A Pegasus,,,,False,mode_s
ae0808,2026-07-19 02:51:37.695644,RCH478,99-0062,7420,35000,34.9,27.6,C-17A Globemaster,,,,False,mode_s
ae1459,2026-07-19 02:51:37.695649,RCH209,06-6155,7401,29000,31.6,31.8,C-17A Globemaster,,,,False,mode_s
4d03c2,2026-07-19 02:51:37.695653,NATO21,LX-N90444,6015,3025,55.7,27.0,E-3G AWACS,329,178,-1664,False,mode_s
ae0679,2026-07-19 02:52:37.949607,RCH348,00-0174,3202,35975,56.186829,-136.737259,C-17A Globemaster,313,414,,False,adsb_icao
ae080e,2026-07-19 02:52:37.949625,RCH558,99-0168,5712,35000,50.640923,-128.15062,C-17A Globemaster,142,467,0,False,adsb_icao
ae5e0c,2026-07-19 02:52:37.949631,CABAL72,17-46031,3775,25025,37.631969,-123.326866,KC-46A Pegasus,40,545,-16,False,mlat
ae63b8,2026-07-19 02:52:37.949637,CABAL62,20-46076,3356,37025,39.877186,-120.036797,KC-46A Pegasus,62,547,75,False,mlat
ae2fad,2026-07-19 02:52:37.949642,RCH224,08-8201,2455,32000,38.332855,-119.616722,C-17A Globemaster,263,415,0,False,mlat
ae057b,2026-07-19 02:52:37.949645,RCH2019,87-0030,2645,30750,32.87709,-112.480865,C-5M Galaxy,298,464,1784,False,mlat
06a27a,2026-07-19 02:52:37.949650,LHOB244,A7-MAM,2674,29000,54.284546,-111.725464,C-17A Globemaster,58,480,,False,adsb_icao
ae1178,2026-07-19 02:52:37.949661,RCH405,02-1106,6524,19250,35.866474,-78.193756,C-17A Globemaster,71,448,814,False,mlat
ae013f,2026-07-19 02:52:37.949667,UNK C/S,60-0358,2006,34988,52.73901,-47.856102,KC-135R Stratotanker,60,492,32,False,adsc
ae0424,2026-07-19 02:52:37.949672,UNK C/S,60-0333,3421,34000,51.515785,7.191442,KC-135R Stratotanker,281,434,128,False,mlat
477ff1,2026-07-19 02:52:37.949677,BRK48,01,7672,6050,44.807693,25.619986,C-17A Globemaster,150,285,-1408,False,adsb_icao
ae63c2,2026-07-19 02:52:37.949685,CABAL82,21-46086,Unavailable,Unavailable,37.7,-123.4,KC-46A Pegasus,,,,False,mode_s
ae0808,2026-07-19 02:52:37.949691,RCH478,99-0062,7420,35000,34.5,28.4,C-17A Globemaster,,,,False,mode_s
ae1459,2026-07-19 02:52:37.949697,RCH209,06-6155,7401,29000,33.1,32.1,C-17A Globemaster,,,,False,mode_s
4d03c2,2026-07-19 02:52:37.949701,NATO21,LX-N90444,6015,1850,55.3,26.7,E-3G AWACS,324,146,-608,False,mode_s
ae0679,2026-07-19 02:53:38.187594,RCH348,00-0174,3202,35975,56.266754,-136.887482,C-17A Globemaster,313,415,,False,adsb_icao
ae080e,2026-07-19 02:53:38.187611,RCH558,99-0168,5712,35000,50.537247,-128.027588,C-17A Globemaster,143,467,0,False,adsb_icao
ae5e0c,2026-07-19 02:53:38.187616,CABAL72,17-46031,3775,25025,37.746742,-123.208,KC-46A Pegasus,39,545,13,False,mlat
ae63b8,2026-07-19 02:53:38.187623,CABAL62,20-46076,3356,37000,39.942734,-119.870102,KC-46A Pegasus,62,562,0,False,mlat
ae2fad,2026-07-19 02:53:38.187627,RCH224,08-8201,2455,32000,38.314335,-119.766289,C-17A Globemaster,259,445,0,False,mlat
ae057b,2026-07-19 02:53:38.187631,RCH2019,87-0030,2645,32300,32.925747,-112.603531,C-5M Galaxy,294,483,1518,False,mlat
06a27a,2026-07-19 02:53:38.187636,LHOB244,A7-MAM,2674,29000,54.354954,-111.53054,C-17A Globemaster,58,479,,False,adsb_icao
ae1178,2026-07-19 02:53:38.187646,RCH405,02-1106,6524,20250,35.898056,-78.044884,C-17A Globemaster,75,462,936,False,mlat
ae013f,2026-07-19 02:53:38.187653,UNK C/S,60-0358,2006,34988,52.73901,-47.856102,KC-135R Stratotanker,60,492,32,False,adsc
ae0424,2026-07-19 02:53:38.187658,UNK C/S,60-0333,3421,34000,51.539635,7.006199,KC-135R Stratotanker,281,438,64,False,mlat
477ff1,2026-07-19 02:53:38.187662,BRK48,01,7672,4650,44.739944,25.674004,C-17A Globemaster,150,278,-1408,False,adsb_icao
ae63c2,2026-07-19 02:53:38.187669,CABAL82,21-46086,Unavailable,26000,34.7,-124.7,KC-46A Pegasus,,,,False,mode_s
ae0808,2026-07-19 02:53:38.187674,RCH478,99-0062,7420,35000,33.7,31.4,C-17A Globemaster,,,,False,mode_s
ae1459,2026-07-19 02:53:38.187680,RCH209,06-6155,7401,29000,31.6,32.3,C-17A Globemaster,,,,False,mode_s
4d03c2,2026-07-19 02:53:38.187684,NATO21,LX-N90444,6015,1125,56.0,27.2,E-3G AWACS,327,144,-640,False,mode_s
ae0679,2026-07-19 02:54:38.451590,RCH348,00-0174,3202,35975,56.320496,-136.989029,C-17A Globemaster,313,413,,False,adsb_icao
ae080e,2026-07-19 02:54:38.451609,RCH558,99-0168,5712,35000,50.437408,-127.909843,C-17A Globemaster,143,466,0,False,adsb_icao
ae5e0c,2026-07-19 02:54:38.451615,CABAL72,17-46031,3775,25025,37.86525,-123.086418,KC-46A Pegasus,38,498,69,False,mlat
ae2fad,2026-07-19 02:54:38.451622,RCH224,08-8201,2455,32000,38.297421,-119.928787,C-17A Globemaster,261,424,0,False,mlat
ae63b8,2026-07-19 02:54:38.451628,CABAL62,20-46076,3356,37000,40.013138,-119.687256,KC-46A Pegasus,63,552,-75,False,mlat
ae057b,2026-07-19 02:54:38.451632,RCH2019,87-0030,2645,33725,33.006393,-112.739677,C-5M Galaxy,317,478,1432,False,mlat
06a27a,2026-07-19 02:54:38.451638,LHOB244,A7-MAM,2674,29000,54.424484,-111.336739,C-17A Globemaster,58,475,,False,adsb_icao
ae1178,2026-07-19 02:54:38.451648,RCH405,02-1106,6524,21125,35.933685,-77.894638,C-17A Globemaster,73,470,841,False,mlat
ae013f,2026-07-19 02:54:38.451656,UNK C/S,60-0358,2006,34988,52.73901,-47.856102,KC-135R Stratotanker,60,492,32,False,adsc
ae0424,2026-07-19 02:54:38.451660,UNK C/S,60-0333,3421,34025,51.563648,6.817296,KC-135R Stratotanker,281,440,128,False,mlat
477ff1,2026-07-19 02:54:38.451664,BRK48,01,7672,3300,44.673935,25.726973,C-17A Globemaster,150,272,-1408,False,adsb_icao
ae63c2,2026-07-19 02:54:38.451671,CABAL82,21-46086,Unavailable,26000,36.2,-125.6,KC-46A Pegasus,,,,False,mode_s
ae0808,2026-07-19 02:54:38.451677,RCH478,99-0062,7420,35000,33.6,30.0,C-17A Globemaster,,,,False,mode_s
ae1459,2026-07-19 02:54:38.451682,RCH209,06-6155,7401,29000,31.7,32.3,C-17A Globemaster,,,,False,mode_s
4d03c2,2026-07-19 02:54:38.451686,NATO21,LX-N90444,6015,875,56.0,27.2,E-3G AWACS,324,142,-672,False,mode_s
ae0679,2026-07-19 02:55:38.682191,RCH348,00-0174,3202,36000,56.360657,-137.06517,C-17A Globemaster,313,411,,False,adsb_icao
ae080e,2026-07-19 02:55:38.682212,RCH558,99-0168,5712,35000,50.332558,-127.786804,C-17A Globemaster,143,467,0,False,adsb_icao
ae5e0c,2026-07-19 02:55:38.682218,CABAL72,17-46031,3775,25000,37.980911,-122.968666,KC-46A Pegasus,39,550,-46,False,mlat
ae2fad,2026-07-19 02:55:38.682225,RCH224,08-8201,2455,32000,38.278526,-120.091515,C-17A Globemaster,261,441,0,False,mlat
ae63b8,2026-07-19 02:55:38.682231,CABAL62,20-46076,3356,37000,40.080029,-119.516174,KC-46A Pegasus,63,546,-112,False,mlat
ae057b,2026-07-19 02:55:38.682236,RCH2019,87-0030,2645,35100,33.092098,-112.852463,C-5M Galaxy,311,462,1364,False,mlat
06a27a,2026-07-19 02:55:38.682241,LHOB244,A7-MAM,2674,29000,54.493027,-111.143852,C-17A Globemaster,58,474,,False,adsb_icao
ae1178,2026-07-19 02:55:38.682282,RCH405,02-1106,6524,22100,35.968189,-77.737366,C-17A Globemaster,76,462,946,False,mlat
ae0424,2026-07-19 02:55:38.682289,UNK C/S,60-0333,3421,34000,51.589348,6.617068,KC-135R Stratotanker,281,438,0,False,mlat
477ff1,2026-07-19 02:55:38.682295,BRK48,01,7672,2500,44.6091,25.778683,C-17A Globemaster,150,233,-384,False,adsb_icao
ae63c2,2026-07-19 02:55:38.682303,CABAL82,21-46086,2000,26000,37.7,-123.2,KC-46A Pegasus,,,,False,mode_s
4d03c2,2026-07-19 02:55:38.682308,NATO21,LX-N90444,6015,2825,55.3,26.7,E-3G AWACS,53,204,1728,False,mode_s
ae1459,2026-07-19 02:55:38.682314,RCH209,06-6155,7401,29000,31.7,32.3,C-17A Globemaster,,,,False,mode_s
ae013e,2026-07-19 02:55:38.682320,UNK C/S,63-7981,5302,300,31.9,33.7,KC-135R Stratotanker,,,,False,mode_s
ae0808,2026-07-19 02:55:38.682325,RCH478,99-0062,7420,35000,33.8,32.2,C-17A Globemaster,,,,False,mode_s
ae080e,2026-07-19 02:56:38.910294,RCH558,99-0168,5712,35000,50.259659,-127.70166,C-17A Globemaster,143,465,0,False,adsb_icao
ae5e0c,2026-07-19 02:56:38.910313,CABAL72,17-46031,3775,25000,38.102608,-122.847076,KC-46A Pegasus,36,549,-70,False,mlat
ae2fad,2026-07-19 02:56:38.910318,RCH224,08-8201,2455,32000,38.262741,-120.235664,C-17A Globemaster,263,449,0,False,mlat
ae63b8,2026-07-19 02:56:38.910324,CABAL62,20-46076,3356,37000,40.148197,-119.334572,KC-46A Pegasus,64,532,8,False,mlat
ae057b,2026-07-19 02:56:38.910328,RCH2019,87-0030,2645,36225,33.170059,-112.957344,C-5M Galaxy,310,415,902,False,mlat
06a27a,2026-07-19 02:56:38.910332,LHOB244,A7-MAM,2674,29000,54.562061,-110.948601,C-17A Globemaster,58,481,,False,adsb_icao
ae1178,2026-07-19 02:56:38.910341,RCH405,02-1106,6524,23150,36.045681,-77.613121,C-17A Globemaster,43,476,1286,False,mlat
ae0424,2026-07-19 02:56:38.910348,UNK C/S,60-0333,3421,34000,51.612358,6.434515,KC-135R Stratotanker,281,438,-32,False,mlat
477ff1,2026-07-19 02:56:38.910352,BRK48,01,7672,2525,44.565434,25.81345,C-17A Globemaster,149,163,-64,False,adsb_icao
ae013e,2026-07-19 02:56:38.910357,UNK C/S,63-7981,5302,2125,32.004234,34.801208,KC-135R Stratotanker,261,224,2144,False,mlat
ae5fa6,2026-07-19 02:56:38.910362,UNK C/S,11-46059,1551,Unavailable,25.9,54.3,KC-46A Pegasus,,,,False,mode_s
ae63c2,2026-07-19 02:56:38.910368,CABAL82,21-46086,2402,26000,38.0,-122.7,KC-46A Pegasus,,,,False,mode_s
4d03c2,2026-07-19 02:56:38.910374,NATO21,LX-N90444,6015,4125,54.6,26.5,E-3G AWACS,137,236,-672,False,mode_s
ae1236,2026-07-19 02:56:38.910378,RCH268,03-3125,0731,1250,31.9,-81.3,C-17A Globemaster,,,,False,mode_s
ae1459,2026-07-19 02:56:38.910383,RCH209,06-6155,7401,29000,31.6,32.3,C-17A Globemaster,,,,False,mode_s
ae0679,2026-07-19 02:56:38.910388,RCH348,00-0174,3202,35975,55.4,-134.9,C-17A Globemaster,,,,False,mode_s
ae0808,2026-07-19 02:56:38.910394,RCH478,99-0062,7420,35000,33.8,32.2,C-17A Globemaster,,,,False,mode_s
ae080e,2026-07-19 02:57:39.195083,RCH558,99-0168,5712,35000,50.123493,-127.543472,C-17A Globemaster,143,470,0,False,adsb_icao
ae5e0c,2026-07-19 02:57:39.195101,CABAL72,17-46031,3775,25025,38.229343,-122.741577,KC-46A Pegasus,33,544,-35,False,mlat
ae2fad,2026-07-19 02:57:39.195106,RCH224,08-8201,2455,32000,38.227623,-120.381248,C-17A Globemaster,251,432,0,False,mlat
ae63b8,2026-07-19 02:57:39.195112,CABAL62,20-46076,3356,37025,40.21769,-119.165985,KC-46A Pegasus,61,530,-77,False,mlat
ae057b,2026-07-19 02:57:39.195116,RCH2019,87-0030,2645,36850,33.254097,-113.070366,C-5M Galaxy,313,457,573,False,mlat
06a27a,2026-07-19 02:57:39.195121,LHOB244,A7-MAM,2674,29000,54.631191,-110.751091,C-17A Globemaster,59,481,,False,adsb_icao
ae1178,2026-07-19 02:57:39.195132,RCH405,02-1106,6524,23800,36.130432,-77.498589,C-17A Globemaster,46,457,700,False,mlat
ae0424,2026-07-19 02:57:39.195138,UNK C/S,60-0333,3421,34025,51.637486,6.234459,KC-135R Stratotanker,281,438,-96,False,mlat
477ff1,2026-07-19 02:57:39.195143,BRK48,01,7672,2550,44.56036,25.875883,C-17A Globemaster,83,175,0,False,adsb_icao
ae013e,2026-07-19 02:57:39.195148,UNK C/S,63-7981,5302,4225,31.995743,34.720528,KC-135R Stratotanker,279,260,3456,False,mlat
ae63c2,2026-07-19 02:57:39.195154,CABAL82,21-46086,2402,26000,34.7,-124.7,KC-46A Pegasus,,,,False,mode_s
4d03c2,2026-07-19 02:57:39.195160,NATO21,LX-N90444,6015,4100,55.2,26.7,E-3G AWACS,137,242,-96,False,mode_s
ae1236,2026-07-19 02:57:39.195164,RCH268,03-3125,0731,3400,32.0,-81.1,C-17A Globemaster,,,,False,mode_s
ae1459,2026-07-19 02:57:39.195168,RCH209,06-6155,7401,29000,33.8,32.1,C-17A Globemaster,,,,False,mode_s
ae0679,2026-07-19 02:57:39.195173,RCH348,00-0174,3202,Unavailable,55.4,-134.9,C-17A Globemaster,,,,False,mode_s
ae080e,2026-07-19 02:58:39.472613,RCH558,99-0168,5712,35000,50.017319,-127.421021,C-17A Globemaster,143,465,0,False,adsb_icao
ae5e0c,2026-07-19 02:58:39.472632,CABAL72,17-46031,3775,25000,38.352444,-122.638039,KC-46A Pegasus,34,563,-75,False,mlat
ae2fad,2026-07-19 02:58:39.472638,RCH224,08-8201,2455,32000,38.18745,-120.530518,C-17A Globemaster,252,443,0,False,mlat
ae63b8,2026-07-19 02:58:39.472644,CABAL62,20-46076,3356,37025,40.292496,-118.984474,KC-46A Pegasus,61,550,23,False,mlat
ae057b,2026-07-19 02:58:39.472648,RCH2019,87-0030,2645,37400,33.339058,-113.184753,C-5M Galaxy,313,461,573,False,mlat
06a27a,2026-07-19 02:58:39.472652,LHOB244,A7-MAM,2674,29000,54.699738,-110.553482,C-17A Globemaster,59,477,,False,adsb_icao
ae1236,2026-07-19 02:58:39.472662,RCH268,03-3125,0731,4725,32.064587,-81.023743,C-17A Globemaster,31,241,1201,False,mlat
ae1178,2026-07-19 02:58:39.472666,RCH405,02-1106,6524,24450,36.217358,-77.382095,C-17A Globemaster,47,471,749,False,mlat
ae0424,2026-07-19 02:58:39.472673,UNK C/S,60-0333,3421,34000,51.660721,6.040339,KC-135R Stratotanker,280,438,0,False,mlat
477ff1,2026-07-19 02:58:39.472677,BRK48,01,7672,2300,44.565582,25.939701,C-17A Globemaster,83,142,-832,False,adsb_icao
ae013e,2026-07-19 02:58:39.472682,UNK C/S,63-7981,5302,6875,32.013428,34.639622,KC-135R Stratotanker,285,266,2432,False,mlat
ae63c2,2026-07-19 02:58:39.472689,CABAL82,21-46086,2402,26000,36.2,-125.6,KC-46A Pegasus,,,,False,mode_s
4d03c2,2026-07-19 02:58:39.472694,NATO21,LX-N90444,6015,4100,55.4,26.9,E-3G AWACS,133,240,224,False,mode_s
ae1459,2026-07-19 02:58:39.472699,RCH209,06-6155,7401,29000,34.8,34.9,C-17A Globemaster,,,,False,mode_s
ae0679,2026-07-19 02:59:39.748804,RCH348,00-0174,3202,36000,56.739716,-137.796799,C-17A Globemaster,312,414,,False,adsb_icao
ae080e,2026-07-19 02:59:39.748822,RCH558,99-0168,5712,35000,49.912262,-127.300461,C-17A Globemaster,143,469,0,False,adsb_icao
ae5e0c,2026-07-19 02:59:39.748829,CABAL72,17-46031,3775,25025,38.479694,-122.531136,KC-46A Pegasus,34,537,46,False,mlat
ae2fad,2026-07-19 02:59:39.748834,RCH224,08-8201,2455,32000,38.149418,-120.676384,C-17A Globemaster,252,427,0,False,mlat
ae63b8,2026-07-19 02:59:39.748839,CABAL62,20-46076,3356,37000,40.364109,-118.813072,KC-46A Pegasus,62,534,0,False,mlat
ae057b,2026-07-19 02:59:39.748843,RCH2019,87-0030,2645,38000,33.421124,-113.292595,C-5M Galaxy,308,440,565,False,mlat
06a27a,2026-07-19 02:59:39.748848,LHOB244,A7-MAM,2674,29000,54.767498,-110.356834,C-17A Globemaster,59,474,,False,adsb_icao
ae1236,2026-07-19 02:59:39.748858,RCH268,03-3125,0731,7175,32.135979,-80.983437,C-17A Globemaster,26,273,3090,False,mlat
ae1178,2026-07-19 02:59:39.748862,RCH405,02-1106,6524,24875,36.310406,-77.25602,C-17A Globemaster,47,479,436,False,mlat
ae013f,2026-07-19 02:59:39.748869,UNK C/S,60-0358,2006,34992,54.832764,-40.636539,KC-135R Stratotanker,60,,,False,adsc
ae0424,2026-07-19 02:59:39.748873,UNK C/S,60-0333,3421,34000,51.682396,5.85471,KC-135R Stratotanker,280,440,256,False,mlat
477ff1,2026-07-19 02:59:39.748877,BRK48,01,7672,1600,44.569763,25.99325,C-17A Globemaster,83,135,-704,False,adsb_icao
ae013e,2026-07-19 02:59:39.748882,UNK C/S,63-7981,5302,9125,32.024132,34.554497,KC-135R Stratotanker,276,278,2336,False,mlat
ae63c2,2026-07-19 02:59:39.748888,CABAL82,21-46086,2402,26000,38.3,-126.1,KC-46A Pegasus,,,,False,mode_s
4d03c2,2026-07-19 02:59:39.748893,NATO21,LX-N90444,6015,4100,54.1,26.3,E-3G AWACS,134,238,-64,False,mode_s
ae1459,2026-07-19 02:59:39.748899,RCH209,06-6155,7401,29000,34.8,34.9,C-17A Globemaster,,,,False,mode_s
ae0679,2026-07-19 03:00:40.019835,RCH348,00-0174,3202,35975,56.818542,-137.95195,C-17A Globemaster,312,416,,False,adsb_icao
ae080e,2026-07-19 03:00:40.019853,RCH558,99-0168,5712,35000,49.807545,-127.181,C-17A Globemaster,143,472,0,False,adsb_icao
ae5e0c,2026-07-19 03:00:40.019860,CABAL72,17-46031,3775,25000,38.598961,-122.429665,KC-46A Pegasus,36,549,-52,False,mlat
ae2fad,2026-07-19 03:00:40.019865,RCH224,08-8201,2455,32025,38.113182,-120.81398,C-17A Globemaster,250,426,78,False,mlat
ae63b8,2026-07-19 03:00:40.019871,CABAL62,20-46076,3356,37000,40.432018,-118.648102,KC-46A Pegasus,61,537,-73,False,mlat
ae057b,2026-07-19 03:00:40.019875,RCH2019,87-0030,2645,38025,33.470661,-113.420502,C-5M Galaxy,277,481,75,False,mlat
06a27a,2026-07-19 03:00:40.019879,LHOB244,A7-MAM,2674,29000,54.834137,-110.161934,C-17A Globemaster,59,476,,False,adsb_icao
ae1236,2026-07-19 03:00:40.019889,RCH268,03-3125,0731,9925,32.206738,-80.938446,C-17A Globemaster,29,312,2584,False,mlat
ae1178,2026-07-19 03:00:40.019894,RCH405,02-1106,6524,25575,36.415447,-77.136116,C-17A Globemaster,42,484,1084,False,mlat
ae013f,2026-07-19 03:00:40.019900,UNK C/S,60-0358,2006,34992,54.832764,-40.636539,KC-135R Stratotanker,60,,,False,adsc
ae0424,2026-07-19 03:00:40.019905,UNK C/S,60-0333,3421,34000,51.705307,5.656981,KC-135R Stratotanker,280,440,32,False,mlat
477ff1,2026-07-19 03:00:40.019910,BRK48,01,7672,925,44.573685,26.045183,C-17A Globemaster,83,132,-704,False,adsb_icao
ae013e,2026-07-19 03:00:40.019915,UNK C/S,63-7981,5302,11175,32.033165,34.4575,KC-135R Stratotanker,277,292,2400,False,mlat
ae63c2,2026-07-19 03:00:40.019922,CABAL82,21-46086,2402,26000,37.7,-123.2,KC-46A Pegasus,,,,False,mode_s
4d03c2,2026-07-19 03:00:40.019927,NATO21,LX-N90444,6015,4025,54.3,26.3,E-3G AWACS,185,220,-64,False,mode_s
ae1459,2026-07-19 03:00:40.019933,RCH209,06-6155,7401,29000,31.7,32.7,C-17A Globemaster,,,,False,mode_s
ae0679,2026-07-19 03:01:40.329742,RCH348,00-0174,3202,35975,56.897003,-138.10733,C-17A Globemaster,312,415,,False,adsb_icao
ae080e,2026-07-19 03:01:40.329760,RCH558,99-0168,5712,35000,49.701141,-127.060211,C-17A Globemaster,143,470,64,False,adsb_icao
ae5e0c,2026-07-19 03:01:40.329767,CABAL72,17-46031,3775,25025,38.729118,-122.31958,KC-46A Pegasus,34,540,75,False,mlat
ae2fad,2026-07-19 03:01:40.329772,RCH224,08-8201,2455,34250,38.078091,-120.945877,C-17A Globemaster,252,370,1737,False,mlat
ae63b8,2026-07-19 03:01:40.329777,CABAL62,20-46076,3356,37000,40.50536,-118.470123,KC-46A Pegasus,62,537,0,False,mlat
ae057b,2026-07-19 03:01:40.329781,RCH2019,87-0030,2645,37975,33.489273,-113.571632,C-5M Galaxy,271,455,-75,False,mlat
06a27a,2026-07-19 03:01:40.329786,LHOB244,A7-MAM,2674,29000,54.901932,-109.962402,C-17A Globemaster,59,474,,False,adsb_icao
ae1236,2026-07-19 03:01:40.329796,RCH268,03-3125,0731,11225,32.28973,-80.888359,C-17A Globemaster,26,371,1115,False,mlat
ae1178,2026-07-19 03:01:40.329801,RCH405,02-1106,6524,26175,36.517616,-77.022446,C-17A Globemaster,41,497,532,False,mlat
ae013f,2026-07-19 03:01:40.329808,UNK C/S,60-0358,2006,34992,54.832764,-40.636539,KC-135R Stratotanker,60,,,False,adsc
ae0424,2026-07-19 03:01:40.329813,UNK C/S,60-0333,3421,34000,51.726513,5.470718,KC-135R Stratotanker,280,444,0,False,mlat
477ff1,2026-07-19 03:01:40.329817,BRK48,01,7672,325,44.577484,26.095341,C-17A Globemaster,83,107,-736,False,adsb_icao
ae013e,2026-07-19 03:01:40.329822,UNK C/S,63-7981,5302,13125,32.003193,34.375641,KC-135R Stratotanker,195,304,1920,False,mlat
ae63c2,2026-07-19 03:01:40.329829,CABAL82,21-46086,2402,26000,37.7,-123.4,KC-46A Pegasus,,,,False,mode_s
4d03c2,2026-07-19 03:01:40.329835,NATO21,LX-N90444,6015,4200,54.8,26.6,E-3G AWACS,271,202,-896,False,mode_s
ae1459,2026-07-19 03:01:40.329840,RCH209,06-6155,7401,29000,31.7,31.9,C-17A Globemaster,,,,False,mode_s
ae0679,2026-07-19 03:02:40.628606,RCH348,00-0174,3202,35975,56.975609,-138.264008,C-17A Globemaster,312,416,,False,adsb_icao
ae080e,2026-07-19 03:02:40.628624,RCH558,99-0168,5712,35000,49.597778,-126.943626,C-17A Globemaster,143,458,0,False,adsb_icao
ae5e0c,2026-07-19 03:02:40.628630,CABAL72,17-46031,3775,25000,38.856701,-122.208763,KC-46A Pegasus,34,528,-71,False,mlat
ae2fad,2026-07-19 03:02:40.628635,RCH224,08-8201,2455,35025,38.043724,-121.07309,C-17A Globemaster,250,353,945,False,mlat
ae63b8,2026-07-19 03:02:40.628642,CABAL62,20-46076,3356,37000,40.521702,-118.42939,KC-46A Pegasus,62,517,0,False,mode_s
ae057b,2026-07-19 03:02:40.628646,RCH2019,87-0030,7204,38000,33.496185,-113.731369,C-5M Galaxy,275,463,0,False,mlat
06a27a,2026-07-19 03:02:40.628651,LHOB244,A7-MAM,2674,29000,54.967812,-109.766403,C-17A Globemaster,59,477,,False,adsb_icao
ae1236,2026-07-19 03:02:40.628660,RCH268,03-3125,0731,12800,32.38866,-80.827065,C-17A Globemaster,28,410,1962,False,mlat
ae1178,2026-07-19 03:02:40.628665,RCH405,02-1106,6524,27150,36.605289,-76.923004,C-17A Globemaster,43,485,958,False,mlat
ae013f,2026-07-19 03:02:40.628673,UNK C/S,60-0358,2006,34992,54.832764,-40.636539,KC-135R Stratotanker,60,,,False,adsc
ae0424,2026-07-19 03:02:40.628678,UNK C/S,60-0333,3421,34000,51.750946,5.262442,KC-135R Stratotanker,280,446,0,False,mlat
ae013e,2026-07-19 03:02:40.628683,UNK C/S,63-7981,5302,14100,31.917141,34.415039,KC-135R Stratotanker,142,352,1888,False,mlat
af351f,2026-07-19 03:02:40.628836,UNK C/S,DEFAULT,7700,17700,38.3,-126.1,F-35 Lightning II,,,,False,mode_s
ae63c2,2026-07-19 03:02:40.628841,CABAL82,21-46086,2402,26000,36.2,-125.6,KC-46A Pegasus,,,,False,mode_s
4d03c2,2026-07-19 03:02:40.628845,NATO21,LX-N90444,6015,4100,55.0,26.7,E-3G AWACS,297,196,-192,False,mode_s
ae1459,2026-07-19 03:02:40.628850,RCH209,06-6155,7401,29000,34.8,34.9,C-17A Globemaster,,,,False,mode_s
ae0679,2026-07-19 03:03:40.915531,RCH348,00-0174,3202,35975,57.000935,-138.314682,C-17A Globemaster,312,416,,False,adsb_icao
ae080e,2026-07-19 03:03:40.915549,RCH558,99-0168,5712,35000,49.494385,-126.827431,C-17A Globemaster,143,461,64,False,adsb_icao
ae5e0c,2026-07-19 03:03:40.915555,CABAL72,17-46031,3775,25025,38.982048,-122.10453,KC-46A Pegasus,32,546,73,False,mlat
ae2fad,2026-07-19 03:03:40.915561,RCH224,08-8201,2455,35750,38.009907,-121.198692,C-17A Globemaster,251,368,626,False,mlat
ae057b,2026-07-19 03:03:40.915568,RCH2019,87-0030,7204,38000,33.517834,-113.890083,C-5M Galaxy,277,476,0,False,mlat
06a27a,2026-07-19 03:03:40.915572,LHOB244,A7-MAM,2674,29000,55.035828,-109.565681,C-17A Globemaster,59,480,,False,adsb_icao
ae1236,2026-07-19 03:03:40.915582,RCH268,03-3125,0731,14650,32.488937,-80.765518,C-17A Globemaster,29,432,1652,False,mlat
ae1178,2026-07-19 03:03:40.915586,RCH405,02-1106,6524,27725,36.714619,-76.799713,C-17A Globemaster,41,481,642,False,mlat
ae013f,2026-07-19 03:03:40.915593,UNK C/S,60-0358,2006,34992,54.832764,-40.636539,KC-135R Stratotanker,60,,,False,adsc
ae0424,2026-07-19 03:03:40.915599,UNK C/S,60-0333,3421,34000,51.771725,5.075558,KC-135R Stratotanker,280,448,-96,False,mlat
ae013e,2026-07-19 03:03:40.915603,UNK C/S,63-7981,5302,15950,31.841637,34.486343,KC-135R Stratotanker,141,364,2304,False,mlat
af351f,2026-07-19 03:03:40.915610,UNK C/S,DEFAULT,7700,17700,37.7,-123.4,F-35 Lightning II,,,,False,mode_s
ae63c2,2026-07-19 03:03:40.915614,CABAL82,21-46086,2402,26000,38.0,-122.7,KC-46A Pegasus,,,,False,mode_s
4d03c2,2026-07-19 03:03:40.915619,NATO21,LX-N90444,6015,3275,54.8,26.7,E-3G AWACS,328,176,-992,False,mode_s
ae1459,2026-07-19 03:03:40.915624,RCH209,06-6155,7401,29000,34.8,34.9,C-17A Globemaster,,,,False,mode_s
ae63b8,2026-07-19 03:03:40.915630,CABAL62,20-46076,3356,37000,41.0,-117.4,KC-46A Pegasus,,,,False,mode_s
ae080e,2026-07-19 03:04:41.219081,RCH558,99-0168,5712,35000,49.38969,-126.710602,C-17A Globemaster,144,461,64,False,adsb_icao
ae5e0c,2026-07-19 03:04:41.219100,CABAL72,17-46031,3775,25000,39.092461,-121.970108,KC-46A Pegasus,59,551,52,False,mlat
ae2fad,2026-07-19 03:04:41.219106,RCH224,08-8201,2455,36025,37.974712,-121.326729,C-17A Globemaster,253,379,75,False,mlat
ae057b,2026-07-19 03:04:41.219112,RCH2019,87-0030,7204,38000,33.531742,-114.028076,C-5M Galaxy,278,463,-1,False,mlat
06a27a,2026-07-19 03:04:41.219116,LHOB244,A7-MAM,2674,29000,55.102955,-109.362236,C-17A Globemaster,60,477,,False,adsb_icao
ae1236,2026-07-19 03:04:41.219125,RCH268,03-3125,0731,16025,32.598518,-80.696999,C-17A Globemaster,27,430,1956,False,mlat
ae1178,2026-07-19 03:04:41.219129,RCH405,02-1106,6524,28400,36.813602,-76.685905,C-17A Globemaster,43,486,710,False,mlat
ae013f,2026-07-19 03:04:41.219136,UNK C/S,60-0358,2006,34992,54.832764,-40.636539,KC-135R Stratotanker,60,,,False,adsc
ae0424,2026-07-19 03:04:41.219146,UNK C/S,60-0333,3421,34000,51.793922,4.877982,KC-135R Stratotanker,280,448,-96,False,mlat
ae013e,2026-07-19 03:04:41.219152,UNK C/S,63-7981,5302,17850,31.774408,34.572334,KC-135R Stratotanker,141,372,1600,False,mlat
af351f,2026-07-19 03:04:41.219158,UNK C/S,DEFAULT,7700,17700,36.2,-125.6,F-35 Lightning II,,,,False,mode_s
ae63c2,2026-07-19 03:04:41.219163,CABAL82,21-46086,2402,26000,36.2,-125.6,KC-46A Pegasus,,,,False,mode_s
4d03c2,2026-07-19 03:04:41.219168,NATO21,LX-N90444,6015,2200,55.5,27.0,E-3G AWACS,328,140,-672,False,mode_s
ae1459,2026-07-19 03:04:41.219172,RCH209,06-6155,7401,29000,31.6,32.6,C-17A Globemaster,,,,False,mode_s
ae63b8,2026-07-19 03:04:41.219179,CABAL62,20-46076,3356,37025,40.8,-117.3,KC-46A Pegasus,,,,False,mode_s
ae080e,2026-07-19 03:05:41.532403,RCH558,99-0168,5712,35000,49.28653,-126.596107,C-17A Globemaster,144,459,0,False,adsb_icao
ae5e0c,2026-07-19 03:05:41.532419,CABAL72,17-46031,3775,25025,39.165257,-121.79995,KC-46A Pegasus,60,525,0,False,mlat
ae2fad,2026-07-19 03:05:41.532425,RCH224,08-8201,2455,36025,37.940792,-121.449524,C-17A Globemaster,252,397,0,False,mlat
ae057b,2026-07-19 03:05:41.532431,RCH2019,87-0030,7204,38000,33.552879,-114.189011,C-5M Galaxy,280,456,75,False,mlat
06a27a,2026-07-19 03:05:41.532436,LHOB244,A7-MAM,2674,29000,55.168453,-109.162239,C-17A Globemaster,60,477,,False,adsb_icao
ae1236,2026-07-19 03:05:41.532445,RCH268,03-3125,0731,17525,32.708382,-80.627541,C-17A Globemaster,29,453,1442,False,mlat
ae1178,2026-07-19 03:05:41.532449,RCH405,02-1106,6524,29600,36.910397,-76.577194,C-17A Globemaster,44,465,915,False,mlat
ae013f,2026-07-19 03:05:41.532455,UNK C/S,60-0358,2006,34992,54.832764,-40.636539,KC-135R Stratotanker,60,,,False,adsc
ae0424,2026-07-19 03:05:41.532459,UNK C/S,60-0333,3421,34000,51.815975,4.677468,KC-135R Stratotanker,279,448,0,False,mlat
ae013e,2026-07-19 03:05:41.532464,UNK C/S,63-7981,5302,19125,31.674772,34.639751,KC-135R Stratotanker,141,386,288,False,mlat
ae63c2,2026-07-19 03:05:41.532470,CABAL82,21-46086,2402,26000,37.7,-123.4,KC-46A Pegasus,,,,False,mode_s
4d03c2,2026-07-19 03:05:41.532476,NATO21,LX-N90444,6015,1500,55.8,27.1,E-3G AWACS,327,138,-928,False,mode_s
ae1459,2026-07-19 03:05:41.532481,RCH209,06-6155,7401,29000,33.1,32.1,C-17A Globemaster,,,,False,mode_s
ae0679,2026-07-19 03:05:41.532487,RCH348,00-0174,3202,Unavailable,56.9,-134.7,C-17A Globemaster,,,,False,mode_s
ae63b8,2026-07-19 03:05:41.532492,CABAL62,20-46076,3356,37000,40.7,-117.9,KC-46A Pegasus,,,,False,mode_s
ae0679,2026-07-19 03:06:41.854850,RCH348,00-0174,3202,35975,57.283081,-138.887268,C-17A Globemaster,311,416,,False,adsb_icao
ae080e,2026-07-19 03:06:41.854868,RCH558,99-0168,5712,35000,49.183914,-126.482712,C-17A Globemaster,144,454,0,False,adsb_icao
ae5e0c,2026-07-19 03:06:41.854875,CABAL72,17-46031,3775,25000,39.237061,-121.626648,KC-46A Pegasus,62,535,60,False,mlat
ae2fad,2026-07-19 03:06:41.854879,RCH224,08-8201,2455,36000,37.905704,-121.578064,C-17A Globemaster,252,400,0,False,mlat
ae057b,2026-07-19 03:06:41.854885,RCH2019,87-0030,7204,38025,33.566994,-114.345444,C-5M Galaxy,275,456,-11,False,mlat
06a27a,2026-07-19 03:06:41.854890,LHOB244,A7-MAM,2674,29000,55.214912,-108.951248,C-17A Globemaster,83,468,,False,adsb_icao
ae1236,2026-07-19 03:06:41.854899,RCH268,03-3125,0731,19025,32.80743,-80.540382,C-17A Globemaster,37,451,1575,False,mlat
ae1178,2026-07-19 03:06:41.854903,RCH405,02-1106,6524,30250,37.012218,-76.460152,C-17A Globemaster,43,484,586,False,mlat
ae013f,2026-07-19 03:06:41.854909,UNK C/S,60-0358,2006,34992,54.832764,-40.636539,KC-135R Stratotanker,60,,,False,adsc
ae0424,2026-07-19 03:06:41.854913,UNK C/S,60-0333,3421,34000,51.837524,4.473712,KC-135R Stratotanker,279,448,0,False,mlat
ae013e,2026-07-19 03:06:41.854918,UNK C/S,63-7981,5302,19125,31.587997,34.71714,KC-135R Stratotanker,141,398,32,False,mlat
ae63c2,2026-07-19 03:06:41.854925,CABAL82,21-46086,2402,26000,36.2,-125.6,KC-46A Pegasus,,,,False,mode_s
4d03c2,2026-07-19 03:06:41.854931,NATO21,LX-N90444,6015,900,56.0,27.1,E-3G AWACS,325,144,-864,False,mode_s
ae1459,2026-07-19 03:06:41.854936,RCH209,06-6155,7401,29000,34.4,34.5,C-17A Globemaster,,,,False,mode_s
ae5fa6,2026-07-19 03:06:41.854940,UNK C/S,11-46059,1551,Unavailable,25.9,50.9,KC-46A Pegasus,,,,False,mode_s
ae63b8,2026-07-19 03:06:41.854947,CABAL62,20-46076,3356,37025,40.9,-117.9,KC-46A Pegasus,,,,False,mode_s
ae0679,2026-07-19 03:07:42.100025,RCH348,00-0174,3202,35975,57.35408,-139.033493,C-17A Globemaster,311,417,,False,adsb_icao
ae080e,2026-07-19 03:07:42.100043,RCH558,99-0168,5712,35000,49.082062,-126.370804,C-17A Globemaster,144,454,0,False,adsb_icao
ae2fad,2026-07-19 03:07:42.100049,RCH224,08-8201,2455,36000,37.867229,-121.719269,C-17A Globemaster,251,390,0,False,mlat
ae5e0c,2026-07-19 03:07:42.100054,CABAL72,17-46031,3775,25000,39.306351,-121.457993,KC-46A Pegasus,61,530,72,False,mlat
ae057b,2026-07-19 03:07:42.100061,RCH2019,87-0030,7204,38000,33.582924,-114.498535,C-5M Galaxy,274,460,0,False,mlat
06a27a,2026-07-19 03:07:42.100065,LHOB244,A7-MAM,2674,29000,55.230507,-108.724533,C-17A Globemaster,84,469,,False,adsb_icao
ae1236,2026-07-19 03:07:42.100073,RCH268,03-3125,0731,20250,32.914349,-80.443275,C-17A Globemaster,37,480,1285,False,mlat
ae1178,2026-07-19 03:07:42.100077,RCH405,02-1106,6524,30750,37.106995,-76.352013,C-17A Globemaster,44,483,338,False,mlat
ae013f,2026-07-19 03:07:42.100083,UNK C/S,60-0358,2006,34992,54.832764,-40.636539,KC-135R Stratotanker,60,,,False,adsc
ae0424,2026-07-19 03:07:42.100088,UNK C/S,60-0333,3421,34000,51.858219,4.275488,KC-135R Stratotanker,279,448,0,False,mlat
ae1459,2026-07-19 03:07:42.100093,RCH209,06-6155,7401,29000,33.118504,33.093502,C-17A Globemaster,,,0,False,mlat
ae013e,2026-07-19 03:07:42.100098,UNK C/S,63-7981,5302,19125,31.498919,34.807495,KC-135R Stratotanker,141,402,128,False,mlat
ae63c2,2026-07-19 03:07:42.100106,CABAL82,21-46086,2402,26000,38.0,-122.7,KC-46A Pegasus,,,,False,mode_s
4d03c2,2026-07-19 03:07:42.100111,NATO21,LX-N90444,6015,1200,56.0,27.1,E-3G AWACS,,,,False,mode_s
ae63b8,2026-07-19 03:07:42.100118,CABAL62,20-46076,3356,37000,40.6,-117.2,KC-46A Pegasus,,,,False,mode_s
ae0679,2026-07-19 03:08:42.339034,RCH348,00-0174,3202,36000,57.441376,-139.214798,C-17A Globemaster,311,418,,False,adsb_icao
ae080e,2026-07-19 03:08:42.339051,RCH558,99-0168,5712,35000,48.979385,-126.258476,C-17A Globemaster,144,454,0,False,adsb_icao
ae2fad,2026-07-19 03:08:42.339056,RCH224,08-8201,2455,36000,37.831306,-121.847748,C-17A Globemaster,250,392,0,False,mlat
ae5e0c,2026-07-19 03:08:42.339061,CABAL72,17-46031,3775,25000,39.374401,-121.291328,KC-46A Pegasus,62,549,50,False,mlat
ae057b,2026-07-19 03:08:42.339067,RCH2019,87-0030,7204,38025,33.597538,-114.636208,C-5M Galaxy,273,463,0,False,mlat
06a27a,2026-07-19 03:08:42.339072,LHOB244,A7-MAM,2674,29025,55.22683,-108.499809,C-17A Globemaster,112,452,,False,adsb_icao
ae1236,2026-07-19 03:08:42.339081,RCH268,03-3125,0731,21450,33.014488,-80.352585,C-17A Globemaster,38,483,1287,False,mlat
ae1178,2026-07-19 03:08:42.339085,RCH405,02-1106,6524,31400,37.204159,-76.240356,C-17A Globemaster,43,477,1150,False,mlat
ae013f,2026-07-19 03:08:42.339092,UNK C/S,60-0358,2006,34992,54.832764,-40.636539,KC-135R Stratotanker,60,,,False,adsc
ae0424,2026-07-19 03:08:42.339096,UNK C/S,60-0333,3421,34000,51.878548,4.079953,KC-135R Stratotanker,279,450,0,False,mlat
ae1459,2026-07-19 03:08:42.339101,RCH209,06-6155,7401,29000,33.040581,33.239941,C-17A Globemaster,,,0,False,mlat
ae013e,2026-07-19 03:08:42.339105,UNK C/S,63-7981,5302,19125,31.412769,34.880798,KC-135R Stratotanker,142,402,-96,False,mlat
ae63c2,2026-07-19 03:08:42.339112,CABAL82,21-46086,2402,26000,37.8,-124.0,KC-46A Pegasus,,,,False,mode_s
4d03c2,2026-07-19 03:08:42.339118,NATO21,LX-N90444,6015,3550,55.4,27.0,E-3G AWACS,89,246,4320,False,mode_s
ae63b8,2026-07-19 03:08:42.339125,CABAL62,20-46076,3356,37000,41.0,-116.4,KC-46A Pegasus,,,,False,mode_s
ae145b,2026-07-19 03:08:42.339130,RCH5060,06-6157,Unavailable,Unavailable,36.2,-125.6,C-17A Globemaster,68,500,-64,False,mode_s
ae0679,2026-07-19 03:09:42.635173,RCH348,00-0174,3202,35975,57.518097,-139.375046,C-17A Globemaster,311,418,0,False,adsb_icao
ae080e,2026-07-19 03:09:42.635189,RCH558,99-0168,5712,35000,48.876545,-126.146683,C-17A Globemaster,144,452,0,False,adsb_icao
ae2fad,2026-07-19 03:09:42.635195,RCH224,08-8201,2455,36000,37.797089,-121.970757,C-17A Globemaster,251,382,0,False,mlat
ae5e0c,2026-07-19 03:09:42.635200,CABAL72,17-46031,3775,25025,39.447338,-121.115868,KC-46A Pegasus,63,526,78,False,mlat
ae63b8,2026-07-19 03:09:42.635207,CABAL62,20-46076,3356,37000,40.805649,-117.140266,KC-46A Pegasus,,,49,False,mlat
ae057b,2026-07-19 03:09:42.635211,RCH2019,87-0030,7204,38000,33.613167,-114.798553,C-5M Galaxy,276,453,0,False,mlat
06a27a,2026-07-19 03:09:42.635215,LHOB244,A7-MAM,2674,29000,55.173019,-108.30217,C-17A Globemaster,116,449,,False,adsb_icao
ae1236,2026-07-19 03:09:42.635224,RCH268,03-3125,0731,22625,33.123192,-80.253235,C-17A Globemaster,39,508,1142,False,mlat
ae1178,2026-07-19 03:09:42.635228,RCH405,02-1106,6524,31925,37.295807,-76.136566,C-17A Globemaster,44,475,420,False,mlat
ae013f,2026-07-19 03:09:42.635234,UNK C/S,60-0358,2006,34992,54.832764,-40.636539,KC-135R Stratotanker,60,,,False,adsc
ae0424,2026-07-19 03:09:42.635238,UNK C/S,60-0333,3421,34000,51.898487,3.881761,KC-135R Stratotanker,279,450,0,False,mlat
ae013e,2026-07-19 03:09:42.635243,UNK C/S,63-7981,5302,19125,31.364809,34.94519,KC-135R Stratotanker,142,402,-96,False,mlat
ae63c2,2026-07-19 03:09:42.635273,CABAL82,21-46086,2402,26000,36.2,-125.6,KC-46A Pegasus,,,,False,mode_s
4d03c2,2026-07-19 03:09:42.635279,NATO21,LX-N90444,6015,4150,54.8,26.5,E-3G AWACS,137,254,-96,False,mode_s
ae1459,2026-07-19 03:09:42.635284,RCH209,06-6155,7401,29000,33.5,33.4,C-17A Globemaster,,,,False,mode_s
ae5fa6,2026-07-19 03:09:42.635289,UNK C/S,11-46059,1551,Unavailable,25.9,50.9,KC-46A Pegasus,,,,False,mode_s
ae0679,2026-07-19 03:10:42.890750,RCH348,00-0174,3202,35975,57.594086,-139.535034,C-17A Globemaster,311,419,0,False,adsb_icao
ae080e,2026-07-19 03:10:42.890769,RCH558,99-0168,5712,35000,48.773849,-126.035576,C-17A Globemaster,144,450,0,False,adsb_icao
ae2fad,2026-07-19 03:10:42.890775,RCH224,08-8201,2455,36000,37.757812,-122.108658,C-17A Globemaster,245,361,0,False,mlat
ae5e0c,2026-07-19 03:10:42.890781,CABAL72,17-46031,3775,25025,39.513203,-120.94944,KC-46A Pegasus,62,534,78,False,mlat
ae63b8,2026-07-19 03:10:42.890787,CABAL62,20-46076,3356,37000,40.809589,-116.910576,KC-46A Pegasus,,,39,False,mlat
ae057b,2026-07-19 03:10:42.890791,RCH2019,87-0030,7204,38000,33.629757,-114.967056,C-5M Galaxy,274,487,0,False,mlat
06a27a,2026-07-19 03:10:42.890796,LHOB244,A7-MAM,2674,29000,55.116688,-108.107048,C-17A Globemaster,116,445,,False,adsb_icao
ae1236,2026-07-19 03:10:42.890805,RCH268,03-3125,0731,24200,33.232418,-80.149712,C-17A Globemaster,38,481,1837,False,mlat
ae1178,2026-07-19 03:10:42.890809,RCH405,02-1106,6524,32300,37.394196,-76.013359,C-17A Globemaster,53,476,454,False,mlat
ae013f,2026-07-19 03:10:42.890815,UNK C/S,60-0358,2006,34992,54.832764,-40.636539,KC-135R Stratotanker,60,,,False,adsc
ae0424,2026-07-19 03:10:42.890819,UNK C/S,60-0333,3421,34000,51.9188,3.675515,KC-135R Stratotanker,278,452,-160,False,mlat
ae1459,2026-07-19 03:10:42.890824,RCH209,06-6155,7401,29000,32.88628,33.523006,C-17A Globemaster,,,0,False,mlat
ae013e,2026-07-19 03:10:42.890828,UNK C/S,63-7981,5302,19125,31.230574,35.04631,KC-135R Stratotanker,142,402,-128,False,mlat
ae63c2,2026-07-19 03:10:42.890836,CABAL82,21-46086,2402,26000,36.2,-125.6,KC-46A Pegasus,,,,False,mode_s
4d03c2,2026-07-19 03:10:42.890841,NATO21,LX-N90444,6015,4100,54.6,26.4,E-3G AWACS,136,244,-96,False,mode_s
ae0679,2026-07-19 03:11:43.145969,RCH348,00-0174,3202,35975,57.673195,-139.702682,C-17A Globemaster,311,421,,False,adsb_icao
ae080e,2026-07-19 03:11:43.145986,RCH558,99-0168,5712,35000,48.67131,-125.925156,C-17A Globemaster,144,448,64,False,adsb_icao
ae63c2,2026-07-19 03:11:43.145991,CABAL82,21-46086,2402,26000,36.889812,-124.692467,KC-46A Pegasus,,,0,False,mlat
ae2fad,2026-07-19 03:11:43.145996,RCH224,08-8201,2455,36000,37.720928,-122.240707,C-17A Globemaster,250,402,0,False,mlat
ae5e0c,2026-07-19 03:11:43.146001,CABAL72,17-46031,3775,25000,39.583248,-120.77597,KC-46A Pegasus,63,535,-73,False,mlat
ae63b8,2026-07-19 03:11:43.146007,CABAL62,20-46076,3356,37000,40.812553,-116.721664,KC-46A Pegasus,,,21,False,mlat
ae057b,2026-07-19 03:11:43.146012,RCH2019,87-0030,7204,38025,33.647293,-115.120026,C-5M Galaxy,278,476,75,False,mlat
06a27a,2026-07-19 03:11:43.146017,LHOB244,A7-MAM,2674,29000,55.051701,-107.923943,C-17A Globemaster,129,440,,False,adsb_icao
ae1236,2026-07-19 03:11:43.146025,RCH268,03-3125,0731,25625,33.334068,-80.05864,C-17A Globemaster,38,472,1873,False,mlat
ae1178,2026-07-19 03:11:43.146030,RCH405,02-1106,6524,32975,37.459091,-75.861961,C-17A Globemaster,62,480,578,False,mlat
ae013f,2026-07-19 03:11:43.146036,UNK C/S,60-0358,2006,34992,54.832764,-40.636539,KC-135R Stratotanker,60,,,False,adsc
ae0424,2026-07-19 03:11:43.146041,UNK C/S,60-0333,3421,34000,51.92635,3.476686,KC-135R Stratotanker,269,458,0,False,mlat
ae1459,2026-07-19 03:11:43.146046,RCH209,06-6155,7401,29000,32.838341,33.615929,C-17A Globemaster,,,0,False,mlat
ae013e,2026-07-19 03:11:43.146050,UNK C/S,63-7981,5302,19125,31.142433,35.126484,KC-135R Stratotanker,142,402,0,False,mlat
4d03c2,2026-07-19 03:11:43.146059,NATO21,LX-N90444,6015,4150,54.5,26.5,E-3G AWACS,138,234,-64,False,mode_s
ae0679,2026-07-19 03:12:43.450375,RCH348,00-0174,3202,35975,57.746841,-139.859894,C-17A Globemaster,311,421,,False,adsb_icao
ae080e,2026-07-19 03:12:43.450392,RCH558,99-0168,5712,35000,48.56987,-125.816483,C-17A Globemaster,144,449,-64,False,adsb_icao
ae2fad,2026-07-19 03:12:43.450398,RCH224,08-8201,2455,36000,37.686867,-122.373047,C-17A Globemaster,252,405,0,False,mlat
ae5e0c,2026-07-19 03:12:43.450405,CABAL72,17-46031,3775,25025,39.655472,-120.597595,KC-46A Pegasus,62,552,75,False,mlat
ae63b8,2026-07-19 03:12:43.450411,CABAL62,20-46076,3356,37000,40.815838,-116.501984,KC-46A Pegasus,88,492,0,False,mlat
ae057b,2026-07-19 03:12:43.450415,RCH2019,87-0030,7204,38025,33.661842,-115.265648,C-5M Galaxy,279,470,0,False,mlat
06a27a,2026-07-19 03:12:43.450421,LHOB244,A7-MAM,2674,29000,54.971352,-107.766144,C-17A Globemaster,129,449,,False,adsb_icao
ae1236,2026-07-19 03:12:43.450430,RCH268,03-3125,0731,27150,33.438557,-79.963699,C-17A Globemaster,37,468,1503,False,mlat
ae1178,2026-07-19 03:12:43.450434,RCH405,02-1106,6524,33000,37.521652,-75.717201,C-17A Globemaster,62,481,0,False,mlat
ae013f,2026-07-19 03:12:43.450441,UNK C/S,60-0358,2006,34992,54.832764,-40.636539,KC-135R Stratotanker,60,,,False,adsc
ae0424,2026-07-19 03:12:43.450445,UNK C/S,60-0333,3421,33775,51.924713,3.272201,KC-135R Stratotanker,269,430,-1056,False,mlat
ae1459,2026-07-19 03:12:43.450451,RCH209,06-6155,7401,29000,32.740784,33.796116,C-17A Globemaster,,,0,False,mlat
ae013e,2026-07-19 03:12:43.450455,UNK C/S,63-7981,5302,19125,31.050037,35.210548,KC-135R Stratotanker,142,402,-32,False,mlat
ae63c2,2026-07-19 03:12:43.450464,CABAL82,21-46086,2402,26000,37.3,-123.0,KC-46A Pegasus,,,,False,mode_s
4d03c2,2026-07-19 03:12:43.450469,NATO21,LX-N90444,6015,4175,54.2,26.4,E-3G AWACS,141,234,32,False,mode_s
ae0679,2026-07-19 03:13:43.723874,RCH348,00-0174,3202,35975,57.826675,-140.031479,C-17A Globemaster,310,419,0,False,adsb_icao
ae080e,2026-07-19 03:13:43.723891,RCH558,99-0168,5712,35000,48.46701,-125.706902,C-17A Globemaster,144,448,0,False,adsb_icao
ae63c2,2026-07-19 03:13:43.723897,CABAL82,21-46086,2402,26000,37.003048,-124.351799,KC-46A Pegasus,,,0,False,mlat
ae2fad,2026-07-19 03:13:43.723901,RCH224,08-8201,2455,36000,37.653858,-122.502579,C-17A Globemaster,251,386,0,False,mlat
ae5e0c,2026-07-19 03:13:43.723907,CABAL72,17-46031,3775,25000,39.720722,-120.428917,KC-46A Pegasus,63,535,0,False,mlat
ae63b8,2026-07-19 03:13:43.723912,CABAL62,20-46076,3356,37000,40.817177,-116.323944,KC-46A Pegasus,89,469,0,False,mlat
ae057b,2026-07-19 03:13:43.723916,RCH2019,87-0030,7204,38000,33.679146,-115.429214,C-5M Galaxy,278,486,0,False,mlat
06a27a,2026-07-19 03:13:43.723922,LHOB244,A7-MAM,2674,29275,54.911858,-107.569466,C-17A Globemaster,112,455,,False,adsb_icao
ae1236,2026-07-19 03:13:43.723931,RCH268,03-3125,0731,28475,33.542892,-79.867027,C-17A Globemaster,39,471,1108,False,mlat
ae1178,2026-07-19 03:13:43.723936,RCH405,02-1106,6524,33000,37.575214,-75.5625,C-17A Globemaster,67,478,-33,False,mlat
ae013f,2026-07-19 03:13:43.723941,UNK C/S,60-0358,2006,34992,54.832764,-40.636539,KC-135R Stratotanker,60,,,False,adsc
ae0424,2026-07-19 03:13:43.723946,UNK C/S,60-0333,3421,32850,51.92318,3.088167,KC-135R Stratotanker,268,390,-2368,False,mlat
ae1459,2026-07-19 03:13:43.723951,RCH209,06-6155,7401,29000,32.666466,33.937943,C-17A Globemaster,119,501,0,False,mlat
ae013e,2026-07-19 03:13:43.723955,UNK C/S,63-7981,5302,19125,30.974474,35.279179,KC-135R Stratotanker,142,402,64,False,mlat
4d03c2,2026-07-19 03:13:43.723964,NATO21,LX-N90444,6015,4150,54.6,26.5,E-3G AWACS,254,216,96,False,mode_s
ae0679,2026-07-19 03:14:44.007983,RCH348,00-0174,3202,35975,57.903351,-140.19754,C-17A Globemaster,310,421,0,False,adsb_icao
ae080e,2026-07-19 03:14:44.008000,RCH558,99-0168,5712,35000,48.366238,-125.600037,C-17A Globemaster,144,442,0,False,adsb_icao
ae63c2,2026-07-19 03:14:44.008006,CABAL82,21-46086,2402,26000,37.050751,-124.187759,KC-46A Pegasus,,,0,False,mlat
ae2fad,2026-07-19 03:14:44.008011,RCH224,08-8201,2455,36000,37.618942,-122.636299,C-17A Globemaster,251,411,0,False,mlat
ae5e0c,2026-07-19 03:14:44.008017,CABAL72,17-46031,3775,25025,39.788467,-120.260864,KC-46A Pegasus,62,537,75,False,mlat
ae63b8,2026-07-19 03:14:44.008022,CABAL62,20-46076,3356,37025,40.893517,-116.162575,KC-46A Pegasus,39,535,82,False,mlat
ae057b,2026-07-19 03:14:44.008026,RCH2019,87-0030,7204,38000,33.692509,-115.578712,C-5M Galaxy,275,459,0,False,mlat
06a27a,2026-07-19 03:14:44.008031,LHOB244,A7-MAM,2674,30000,54.878757,-107.363724,C-17A Globemaster,78,456,,False,adsb_icao
ae1236,2026-07-19 03:14:44.008040,RCH268,03-3125,0731,29875,33.644863,-79.772125,C-17A Globemaster,38,470,1433,False,mlat
ae1178,2026-07-19 03:14:44.008044,RCH405,02-1106,6524,33000,37.650112,-75.413345,C-17A Globemaster,62,489,0,False,mlat
ae013f,2026-07-19 03:14:44.008050,UNK C/S,60-0358,2006,34992,54.832764,-40.636539,KC-135R Stratotanker,60,,,False,adsc
ae0424,2026-07-19 03:14:44.008055,UNK C/S,60-0333,3421,29875,51.92041,2.927795,KC-135R Stratotanker,268,400,-2816,False,mlat
ae1459,2026-07-19 03:14:44.008060,RCH209,06-6155,7401,29000,32.59763,34.054722,C-17A Globemaster,124,495,0,False,mlat
ae013e,2026-07-19 03:14:44.008064,UNK C/S,63-7981,5302,19125,30.871868,35.359135,KC-135R Stratotanker,148,400,0,False,mlat
4d03c2,2026-07-19 03:14:44.008076,NATO21,LX-N90444,6015,4125,54.1,26.3,E-3G AWACS,291,218,224,False,mode_s
ae0679,2026-07-19 03:15:44.290431,RCH348,00-0174,3202,35975,57.976669,-140.3573,C-17A Globemaster,310,419,,False,adsb_icao
ae080e,2026-07-19 03:15:44.290448,RCH558,99-0168,5712,35000,48.266052,-125.494431,C-17A Globemaster,145,443,0,False,adsb_icao
ae63c2,2026-07-19 03:15:44.290453,CABAL82,21-46086,2402,26000,37.099796,-124.03437,KC-46A Pegasus,70,413,0,False,mlat
ae2fad,2026-07-19 03:15:44.290458,RCH224,08-8201,2455,36000,37.58408,-122.766304,C-17A Globemaster,250,415,0,False,mlat
ae5e0c,2026-07-19 03:15:44.290465,CABAL72,17-46031,3775,25025,39.860924,-120.074646,KC-46A Pegasus,62,543,57,False,mlat
ae63b8,2026-07-19 03:15:44.290469,CABAL62,20-46076,3356,37000,40.997791,-116.02195,KC-46A Pegasus,44,528,-79,False,mlat
ae057b,2026-07-19 03:15:44.290473,RCH2019,87-0030,7204,38000,33.705936,-115.721436,C-5M Galaxy,277,455,0,False,mlat
06a27a,2026-07-19 03:15:44.290479,LHOB244,A7-MAM,2674,30300,54.945328,-107.176788,C-17A Globemaster,51,462,,False,adsb_icao
ae1236,2026-07-19 03:15:44.290489,RCH268,03-3125,0731,31475,33.741653,-79.682243,C-17A Globemaster,36,467,1752,False,mlat
ae1178,2026-07-19 03:15:44.290493,RCH405,02-1106,6524,33000,37.709297,-75.270126,C-17A Globemaster,68,498,0,False,mlat
ae013f,2026-07-19 03:15:44.290499,UNK C/S,60-0358,2006,34992,54.832764,-40.636539,KC-135R Stratotanker,60,,,False,adsc
ae0424,2026-07-19 03:15:44.290504,UNK C/S,60-0333,3421,27775,51.917927,2.731136,KC-135R Stratotanker,268,378,-2432,False,mlat
ae1459,2026-07-19 03:15:44.290509,RCH209,06-6155,7401,29000,32.514019,34.209686,C-17A Globemaster,122,488,0,False,mlat
ae013e,2026-07-19 03:15:44.290513,UNK C/S,63-7981,5302,19125,30.760223,35.438519,KC-135R Stratotanker,148,400,0,False,mlat
4d03c2,2026-07-19 03:15:44.290523,NATO21,LX-N90444,6015,3750,54.3,26.5,E-3G AWACS,323,196,-1120,False,mode_s
ae145b,2026-07-19 03:15:44.290531,RCH5060,06-6157,Unavailable,33000,34.7,-124.8,C-17A Globemaster,69,508,64,False,mode_s
ae0679,2026-07-19 03:16:44.588513,RCH348,00-0174,3202,36000,58.053898,-140.526947,C-17A Globemaster,310,421,,False,adsb_icao
ae145b,2026-07-19 03:16:44.588531,RCH5060,06-6157,Unavailable,33000,35.189758,-127.931198,C-17A Globemaster,69,507,-128,False,adsb_icao
ae080e,2026-07-19 03:16:44.588536,RCH558,99-0168,5712,35000,48.164619,-125.387833,C-17A Globemaster,145,445,0,False,adsb_icao
ae63c2,2026-07-19 03:16:44.588540,CABAL82,21-46086,2402,26000,37.153015,-123.868896,KC-46A Pegasus,70,459,0,False,mlat
ae2fad,2026-07-19 03:16:44.588544,RCH224,08-8201,2455,36000,37.550568,-122.891724,C-17A Globemaster,251,399,0,False,mlat
ae5e0c,2026-07-19 03:16:44.588550,CABAL72,17-46031,3775,25000,39.929592,-119.901985,KC-46A Pegasus,63,549,0,False,mlat
ae057b,2026-07-19 03:16:44.588554,RCH2019,87-0030,7204,38000,33.721409,-115.887932,C-5M Galaxy,276,468,0,False,mlat
ae63b8,2026-07-19 03:16:44.588559,CABAL62,20-46076,3356,37000,41.103909,-115.88623,KC-46A Pegasus,44,541,28,False,mlat
06a27a,2026-07-19 03:16:44.588564,LHOB244,A7-MAM,2674,30875,55.016506,-106.992104,C-17A Globemaster,56,459,,False,adsb_icao
ae1236,2026-07-19 03:16:44.588573,RCH268,03-3125,0731,32875,33.844982,-79.584427,C-17A Globemaster,38,448,1416,False,mlat
ae1178,2026-07-19 03:16:44.588577,RCH405,02-1106,6524,33000,37.77655,-75.123161,C-17A Globemaster,62,467,0,False,mlat
ae013f,2026-07-19 03:16:44.588583,UNK C/S,60-0358,2006,34992,54.832764,-40.636539,KC-135R Stratotanker,60,,,False,adsc
ae0424,2026-07-19 03:16:44.588588,UNK C/S,60-0333,3421,25175,51.914257,2.570474,KC-135R Stratotanker,268,372,-2432,False,mlat
ae1459,2026-07-19 03:16:44.588593,RCH209,06-6155,7401,29000,32.448727,34.329617,C-17A Globemaster,122,500,0,False,mlat
ae013e,2026-07-19 03:16:44.588597,UNK C/S,63-7981,5302,19125,31.892288,35.022511,KC-135R Stratotanker,148,402,0,False,mlat
4d03c2,2026-07-19 03:16:44.588607,NATO21,LX-N90444,6015,2600,55.5,27.0,E-3G AWACS,324,166,-1536,False,mode_s
ae63c7,2026-07-19 03:16:44.588616,FLYER40,21-46091,1530,Unavailable,27.6,48.4,KC-46A Pegasus,,,,False,mode_s
ae0679,2026-07-19 03:17:44.876452,RCH348,00-0174,3202,35975,58.124451,-140.682861,C-17A Globemaster,310,422,0,False,adsb_icao
ae145b,2026-07-19 03:17:44.876468,RCH5060,06-6157,Unavailable,33000,35.242447,-127.757721,C-17A Globemaster,,,,False,adsb_icao
ae080e,2026-07-19 03:17:44.876473,RCH558,99-0168,5712,35000,48.062622,-125.281357,C-17A Globemaster,145,443,0,False,adsb_icao
ae63c2,2026-07-19 03:17:44.876478,CABAL82,21-46086,2402,26000,37.196255,-123.730019,KC-46A Pegasus,71,508,0,False,mlat
ae2fad,2026-07-19 03:17:44.876482,RCH224,08-8201,2455,36000,37.511173,-123.040916,C-17A Globemaster,250,445,0,False,mlat
ae5e0c,2026-07-19 03:17:44.876487,CABAL72,17-46031,3775,25025,39.997364,-119.72905,KC-46A Pegasus,63,543,157,False,mlat
ae057b,2026-07-19 03:17:44.876492,RCH2019,87-0030,7204,38000,33.735401,-116.038094,C-5M Galaxy,275,474,0,False,mlat
ae63b8,2026-07-19 03:17:44.876496,CABAL62,20-46076,3356,37000,41.191853,-115.770935,KC-46A Pegasus,45,521,-37,False,mlat
06a27a,2026-07-19 03:17:44.876501,LHOB244,A7-MAM,2674,31000,55.08773,-106.802673,C-17A Globemaster,56,469,384,False,adsb_icao
ae1236,2026-07-19 03:17:44.876509,RCH268,03-3125,0731,34275,33.941448,-79.49205,C-17A Globemaster,42,443,1510,False,mlat
ae1178,2026-07-19 03:17:44.876513,RCH405,02-1106,6524,33000,37.839836,-74.962852,C-17A Globemaster,65,459,0,False,mlat
ae013f,2026-07-19 03:17:44.876520,UNK C/S,60-0358,2006,34992,54.832764,-40.636539,KC-135R Stratotanker,60,,,False,adsc
ae0424,2026-07-19 03:17:44.876524,UNK C/S,60-0333,3421,22750,51.914116,2.387314,KC-135R Stratotanker,267,360,-2400,False,mlat
ae1459,2026-07-19 03:17:44.876529,RCH209,06-6155,7401,29000,32.367638,34.4767,C-17A Globemaster,125,484,0,False,mlat
ae013e,2026-07-19 03:17:44.876532,UNK C/S,63-7981,5302,19125,30.634829,35.540051,KC-135R Stratotanker,148,402,0,False,mlat
ae0159,2026-07-19 03:17:44.876540,UNK C/S,57-1512,6132,20975,28.8,47.9,KC-135R Stratotanker,,,,False,mode_s
4d03c2,2026-07-19 03:17:44.876545,NATO21,LX-N90444,6015,1875,55.5,27.1,E-3G AWACS,324,130,-608,False,mode_s
ae63c7,2026-07-19 03:17:44.876552,FLYER40,21-46091,1530,24225,27.6,48.4,KC-46A Pegasus,,,,False,mode_s
ae0679,2026-07-19 03:18:45.146005,RCH348,00-0174,3202,36000,58.194489,-140.838684,C-17A Globemaster,310,422,0,False,adsb_icao
ae080e,2026-07-19 03:18:45.146022,RCH558,99-0168,5712,35000,47.960632,-125.17527,C-17A Globemaster,145,444,-64,False,adsb_icao
ae63c2,2026-07-19 03:18:45.146027,CABAL82,21-46086,2402,26000,37.248005,-123.57077,KC-46A Pegasus,68,450,0,False,mlat
ae2fad,2026-07-19 03:18:45.146031,RCH224,08-8201,2455,36000,37.477116,-123.169296,C-17A Globemaster,252,373,0,False,mlat
ae5e0c,2026-07-19 03:18:45.146037,CABAL72,17-46031,3775,25025,40.066017,-119.550842,KC-46A Pegasus,64,548,0,False,mlat
ae057b,2026-07-19 03:18:45.146042,RCH2019,87-0030,7204,38000,33.749046,-116.194489,C-5M Galaxy,277,475,-75,False,mlat
ae63b8,2026-07-19 03:18:45.146047,CABAL62,20-46076,3356,37025,41.254414,-115.582855,KC-46A Pegasus,78,540,7,False,mlat
06a27a,2026-07-19 03:18:45.146052,LHOB244,A7-MAM,2674,31000,55.159561,-106.609413,C-17A Globemaster,57,479,,False,adsb_icao
ae1236,2026-07-19 03:18:45.146061,RCH268,03-3125,0731,35550,34.033367,-79.40361,C-17A Globemaster,39,423,1205,False,mlat
ae1178,2026-07-19 03:18:45.146065,RCH405,02-1106,6524,32975,37.895508,-74.815811,C-17A Globemaster,63,478,-75,False,mlat
ae013f,2026-07-19 03:18:45.146072,UNK C/S,60-0358,2006,34992,54.832764,-40.636539,KC-135R Stratotanker,60,,,False,adsc
ae0424,2026-07-19 03:18:45.146077,UNK C/S,60-0333,3421,20475,51.908062,2.238235,KC-135R Stratotanker,270,344,-2496,False,mlat
ae1459,2026-07-19 03:18:45.146081,RCH209,06-6155,7401,29000,32.289429,34.61776,C-17A Globemaster,122,486,0,False,mlat
ae013e,2026-07-19 03:18:45.146085,UNK C/S,63-7981,5302,19050,30.520412,35.604671,KC-135R Stratotanker,148,404,160,False,mlat
ae0159,2026-07-19 03:18:45.146093,UNK C/S,57-1512,6132,20975,27.6,48.4,KC-135R Stratotanker,,,32,False,mode_s
4d03c2,2026-07-19 03:18:45.146100,NATO21,LX-N90444,6015,1125,55.9,27.1,E-3G AWACS,326,138,-608,False,mode_s
ae145b,2026-07-19 03:18:45.146107,RCH5060,06-6157,Unavailable,Unavailable,37.7,-123.1,C-17A Globemaster,,,,False,mode_s
ae63c7,2026-07-19 03:18:45.146112,FLYER40,21-46091,1530,23100,27.6,48.4,KC-46A Pegasus,,,,False,mode_s
ae0679,2026-07-19 03:19:45.398434,RCH348,00-0174,3202,35975,58.283066,-141.037521,C-17A Globemaster,310,423,,False,adsb_icao
ae145b,2026-07-19 03:19:45.398453,RCH5060,06-6157,Unavailable,33000,35.348839,-127.404472,C-17A Globemaster,69,505,-64,False,adsb_icao
ae080e,2026-07-19 03:19:45.398458,RCH558,99-0168,5712,35000,47.859612,-125.070824,C-17A Globemaster,145,444,0,False,adsb_icao
ae63c2,2026-07-19 03:19:45.398463,CABAL82,21-46086,2402,26025,37.291332,-123.434196,KC-46A Pegasus,68,465,0,False,mlat
ae2fad,2026-07-19 03:19:45.398467,RCH224,08-8201,2455,36000,37.442673,-123.297607,C-17A Globemaster,250,408,0,False,mlat
ae5e0c,2026-07-19 03:19:45.398474,CABAL72,17-46031,3775,25000,40.128872,-119.390671,KC-46A Pegasus,63,533,0,False,mlat
ae057b,2026-07-19 03:19:45.398478,RCH2019,87-0030,7204,38000,33.762318,-116.337585,C-5M Galaxy,275,437,0,False,mlat
ae63b8,2026-07-19 03:19:45.398483,CABAL62,20-46076,3356,37000,41.289154,-115.403519,KC-46A Pegasus,77,507,-64,False,mlat
06a27a,2026-07-19 03:19:45.398488,LHOB244,A7-MAM,2674,31000,55.231949,-106.41291,C-17A Globemaster,57,479,-128,False,adsb_icao
ae1236,2026-07-19 03:19:45.398496,RCH268,03-3125,0731,36600,34.126286,-79.31015,C-17A Globemaster,39,426,1316,False,mlat
ae1178,2026-07-19 03:19:45.398500,RCH405,02-1106,6524,33000,37.961823,-74.665932,C-17A Globemaster,63,486,0,False,mlat
ae013f,2026-07-19 03:19:45.398507,UNK C/S,60-0358,2006,34992,55.777588,-36.626015,KC-135R Stratotanker,65,,,False,adsc
ae0424,2026-07-19 03:19:45.398511,UNK C/S,60-0333,3421,17925,51.931957,2.097871,KC-135R Stratotanker,289,334,-2496,False,mlat
ae1459,2026-07-19 03:19:45.398516,RCH209,06-6155,7401,29000,32.213654,34.754261,C-17A Globemaster,123,487,-192,False,adsb_icao
ae013e,2026-07-19 03:19:45.398520,UNK C/S,63-7981,5302,19125,31.842699,35.291134,KC-135R Stratotanker,148,404,-128,False,mlat
ae0159,2026-07-19 03:19:45.398527,UNK C/S,57-1512,6132,20975,28.8,47.9,KC-135R Stratotanker,121,454,64,False,mode_s
ae63c7,2026-07-19 03:19:45.398532,FLYER40,21-46091,1530,22375,27.6,48.4,KC-46A Pegasus,,,,False,mode_s
4d03c2,2026-07-19 03:19:45.398536,NATO21,LX-N90444,6015,850,56.0,27.1,E-3G AWACS,325,144,-768,False,mode_s
ae0679,2026-07-19 03:20:45.675918,RCH348,00-0174,3202,35975,58.359879,-141.210999,C-17A Globemaster,310,423,0,False,adsb_icao
ae145b,2026-07-19 03:20:45.675936,RCH5060,06-6157,2000,33000,35.39185,-127.260246,C-17A Globemaster,69,502,0,False,adsb_icao
ae080e,2026-07-19 03:20:45.675941,RCH558,99-0168,5712,35000,47.757477,-124.965637,C-17A Globemaster,145,445,0,False,adsb_icao
ae2fad,2026-07-19 03:20:45.675945,RCH224,08-8201,2455,36000,37.405209,-123.434265,C-17A Globemaster,249,402,0,False,mlat
ae63c2,2026-07-19 03:20:45.675949,CABAL82,21-46086,2402,26000,37.346382,-123.258324,KC-46A Pegasus,70,505,0,False,mlat
ae5e0c,2026-07-19 03:20:45.675955,CABAL72,17-46031,3775,25000,40.195469,-119.211433,KC-46A Pegasus,63,530,-64,False,mlat
ae057b,2026-07-19 03:20:45.675960,RCH2019,87-0030,7204,38000,33.776573,-116.494987,C-5M Galaxy,275,456,0,False,mlat
ae63b8,2026-07-19 03:20:45.675964,CABAL62,20-46076,3356,37025,41.294712,-115.207825,KC-46A Pegasus,92,502,81,False,mlat
06a27a,2026-07-19 03:20:45.675970,LHOB244,A7-MAM,2674,31025,55.30394,-106.21582,C-17A Globemaster,57,478,,False,adsb_icao
ae1236,2026-07-19 03:20:45.675979,RCH268,03-3125,0731,37025,34.218525,-79.219498,C-17A Globemaster,37,432,77,False,mlat
ae1178,2026-07-19 03:20:45.675983,RCH405,02-1106,6524,33000,38.02383,-74.519081,C-17A Globemaster,63,485,36,False,mlat
ae013f,2026-07-19 03:20:45.675990,UNK C/S,60-0358,2006,34992,55.777588,-36.626015,KC-135R Stratotanker,65,,,False,adsc
ae0424,2026-07-19 03:20:45.675994,UNK C/S,60-0333,3421,15975,51.963066,1.958253,KC-135R Stratotanker,289,320,-1920,False,mlat
ae1459,2026-07-19 03:20:45.676000,RCH209,06-6155,7401,29000,32.138966,34.888653,C-17A Globemaster,123,489,-128,False,adsb_icao
ae013e,2026-07-19 03:20:45.676004,UNK C/S,63-7981,5302,19100,31.792704,35.469616,KC-135R Stratotanker,148,402,-32,False,mlat
ae0159,2026-07-19 03:20:45.676011,UNK C/S,57-1512,6132,20975,25.9,50.9,KC-135R Stratotanker,130,454,0,False,mode_s
ae63c7,2026-07-19 03:20:45.676017,FLYER40,21-46091,1530,22000,27.6,48.4,KC-46A Pegasus,,,,False,mode_s
ae0679,2026-07-19 03:21:45.924309,RCH348,00-0174,3202,35975,58.434265,-141.380493,C-17A Globemaster,309,421,-64,False,adsb_icao
ae145b,2026-07-19 03:21:45.924327,RCH5060,06-6157,2000,33000,35.444824,-127.081833,C-17A Globemaster,70,500,-64,False,adsb_icao
ae080e,2026-07-19 03:21:45.924332,RCH558,99-0168,5712,35000,47.655441,-124.861061,C-17A Globemaster,145,448,0,False,adsb_icao
ae2fad,2026-07-19 03:21:45.924337,RCH224,08-8201,2455,36000,37.374485,-123.549599,C-17A Globemaster,250,373,0,False,mlat
ae63c2,2026-07-19 03:21:45.924341,CABAL82,21-46086,2402,26000,37.38979,-123.11673,KC-46A Pegasus,72,449,0,False,mlat
ae5e0c,2026-07-19 03:21:45.924347,CABAL72,17-46031,3775,25025,40.271576,-119.034576,KC-46A Pegasus,60,567,76,False,mlat
ae057b,2026-07-19 03:21:45.924351,RCH2019,87-0030,7204,38000,33.790459,-116.639877,C-5M Galaxy,277,443,0,False,mlat
ae63b8,2026-07-19 03:21:45.924356,CABAL62,20-46076,3356,37000,41.294231,-115.026176,KC-46A Pegasus,91,495,-21,False,mlat
06a27a,2026-07-19 03:21:45.924361,LHOB244,A7-MAM,2674,31000,55.375397,-106.018631,C-17A Globemaster,57,481,,False,adsb_icao
ae1236,2026-07-19 03:21:45.924370,RCH268,03-3125,0731,37000,34.321602,-79.1269,C-17A Globemaster,32,459,0,False,mlat
ae1178,2026-07-19 03:21:45.924375,RCH405,02-1106,6524,33000,38.082325,-74.36676,C-17A Globemaster,62,516,0,False,mlat
ae013f,2026-07-19 03:21:45.924382,UNK C/S,60-0358,2006,34992,55.777588,-36.626015,KC-135R Stratotanker,65,,,False,adsc
ae0424,2026-07-19 03:21:45.924386,UNK C/S,60-0333,3421,13975,51.993229,1.819344,KC-135R Stratotanker,289,312,-2176,False,mlat
ae1459,2026-07-19 03:21:45.924392,RCH209,06-6155,7401,29000,32.064194,35.022545,C-17A Globemaster,123,491,-128,False,adsb_icao
ae013e,2026-07-19 03:21:45.924396,UNK C/S,63-7981,5302,19100,31.788073,35.471786,KC-135R Stratotanker,149,402,0,False,mlat
ae0159,2026-07-19 03:21:45.924404,UNK C/S,57-1512,6132,20975,25.9,50.9,KC-135R Stratotanker,130,454,0,False,mode_s
ae1453,2026-07-19 03:21:45.924410,UNK C/S,05-5149,Unavailable,Unavailable,22.0,-154.9,C-17A Globemaster,,,,False,mode_s
ae63c7,2026-07-19 03:21:45.924414,FLYER40,21-46091,1530,22000,27.6,48.4,KC-46A Pegasus,,,,False,mode_s
ae49c7,2026-07-19 03:21:45.924418,RCH102,09-9211,Unavailable,Unavailable,36.2,-125.6,C-17A Globemaster,,,,False,mode_s
ae0679,2026-07-19 03:22:46.181780,RCH348,00-0174,3202,35525,58.507599,-141.54776,C-17A Globemaster,310,423,-704,False,adsb_icao
ae145b,2026-07-19 03:22:46.181799,RCH5060,06-6157,2000,33000,35.492825,-126.919144,C-17A Globemaster,70,498,-64,False,adsb_icao
ae080e,2026-07-19 03:22:46.181804,RCH558,99-0168,5712,35000,47.553589,-124.757309,C-17A Globemaster,145,442,0,False,adsb_icao
ae2fad,2026-07-19 03:22:46.181808,RCH224,08-8201,2455,36000,37.337673,-123.683113,C-17A Globemaster,251,394,0,False,mlat
ae63c2,2026-07-19 03:22:46.181813,CABAL82,21-46086,2402,25800,37.474285,-122.986961,KC-46A Pegasus,34,530,-341,False,mlat
ae5e0c,2026-07-19 03:22:46.181819,CABAL72,17-46031,3775,25000,40.343414,-118.862808,KC-46A Pegasus,62,543,-72,False,mlat
ae057b,2026-07-19 03:22:46.181824,RCH2019,87-0030,7204,38000,33.802574,-116.792892,C-5M Galaxy,275,440,0,False,mlat
ae63b8,2026-07-19 03:22:46.181828,CABAL62,20-46076,3356,37000,41.290722,-114.855354,KC-46A Pegasus,93,480,11,False,mlat
06a27a,2026-07-19 03:22:46.181834,LHOB244,A7-MAM,2674,31000,55.446693,-105.820396,C-17A Globemaster,57,479,,False,adsb_icao
ae1236,2026-07-19 03:22:46.181844,RCH268,03-3125,0731,37000,34.425381,-79.035492,C-17A Globemaster,37,465,0,False,mlat
ae1178,2026-07-19 03:22:46.181849,RCH405,02-1106,6524,33000,38.146805,-74.214546,C-17A Globemaster,62,449,0,False,mlat
ae013f,2026-07-19 03:22:46.181855,UNK C/S,60-0358,2006,34992,55.777588,-36.626015,KC-135R Stratotanker,65,,,False,adsc
ae0424,2026-07-19 03:22:46.181860,UNK C/S,60-0333,0407,11900,52.020638,1.688951,KC-135R Stratotanker,288,308,-2144,False,mlat
ae1459,2026-07-19 03:22:46.181864,RCH209,06-6155,7401,29000,31.988663,35.15757,C-17A Globemaster,123,490,64,False,adsb_icao
ae0159,2026-07-19 03:22:46.181872,UNK C/S,57-1512,6132,20975,25.9,50.9,KC-135R Stratotanker,130,456,64,False,mode_s
ae1453,2026-07-19 03:22:46.181877,UNK C/S,05-5149,Unavailable,Unavailable,22.0,-154.9,C-17A Globemaster,,,,False,mode_s
ae63c7,2026-07-19 03:22:46.181881,FLYER40,21-46091,1530,22000,27.6,48.4,KC-46A Pegasus,,,,False,mode_s
ae49c7,2026-07-19 03:22:46.181887,RCH102,09-9211,Unavailable,33000,36.2,-125.6,C-17A Globemaster,69,508,64,False,mode_s
ae013e,2026-07-19 03:22:46.181895,UNK C/S,63-7981,5302,19100,31.2,33.2,KC-135R Stratotanker,148,404,64,False,mode_s
ae0679,2026-07-19 03:23:46.462020,RCH348,00-0174,3202,34850,58.582535,-141.721237,C-17A Globemaster,309,425,,False,adsb_icao
ae49c7,2026-07-19 03:23:46.462038,RCH102,09-9211,Unavailable,33000,34.973488,-128.632278,C-17A Globemaster,69,504,64,False,adsb_icao
ae145b,2026-07-19 03:23:46.462043,RCH5060,06-6157,2000,33000,35.535324,-126.774277,C-17A Globemaster,70,501,64,False,adsb_icao
ae080e,2026-07-19 03:23:46.462047,RCH558,99-0168,5712,35000,47.452187,-124.654404,C-17A Globemaster,145,440,0,False,adsb_icao
ae2fad,2026-07-19 03:23:46.462051,RCH224,08-8201,2455,36000,37.301228,-123.820244,C-17A Globemaster,251,418,0,False,mlat
ae63c2,2026-07-19 03:23:46.462055,CABAL82,21-46086,2402,24500,37.592648,-122.892807,KC-46A Pegasus,33,461,-1180,False,mlat
ae5e0c,2026-07-19 03:23:46.462062,CABAL72,17-46031,3775,25025,40.407459,-118.707893,KC-46A Pegasus,61,544,72,False,mlat
ae057b,2026-07-19 03:23:46.462067,RCH2019,87-0030,7204,38000,33.818871,-116.932381,C-5M Galaxy,274,452,0,False,mlat
ae63b8,2026-07-19 03:23:46.462071,CABAL62,20-46076,3356,37000,41.290611,-114.696892,KC-46A Pegasus,92,470,-32,False,mlat
06a27a,2026-07-19 03:23:46.462077,LHOB244,A7-MAM,2674,31000,55.448044,-105.81665,C-17A Globemaster,57,480,-64,False,adsb_icao
ae1236,2026-07-19 03:23:46.462087,RCH268,03-3125,0731,37000,34.529049,-78.94313,C-17A Globemaster,36,462,0,False,mlat
ae1178,2026-07-19 03:23:46.462092,RCH405,02-1106,6524,32975,38.20694,-74.066666,C-17A Globemaster,65,492,-80,False,mlat
ae013f,2026-07-19 03:23:46.462098,UNK C/S,60-0358,2006,34992,55.777588,-36.626015,KC-135R Stratotanker,65,,,False,adsc
ae0424,2026-07-19 03:23:46.462102,UNK C/S,60-0333,0407,10050,52.048046,1.558971,KC-135R Stratotanker,288,300,-1888,False,mlat
ae1459,2026-07-19 03:23:46.462108,RCH209,06-6155,7401,29000,31.913956,35.290394,C-17A Globemaster,123,491,128,False,adsb_icao
ae5fa6,2026-07-19 03:23:46.462116,UNK C/S,11-46059,1551,Unavailable,25.9,50.9,KC-46A Pegasus,,,,False,mode_s
ae0159,2026-07-19 03:23:46.462120,UNK C/S,57-1512,6132,20975,27.6,48.4,KC-135R Stratotanker,130,454,0,False,mode_s
ae1453,2026-07-19 03:23:46.462125,UNK C/S,05-5149,Unavailable,Unavailable,22.0,-154.9,C-17A Globemaster,,,,False,mode_s
ae63c7,2026-07-19 03:23:46.462130,FLYER40,21-46091,1530,22000,27.6,48.4,KC-46A Pegasus,,,,False,mode_s
ae013e,2026-07-19 03:23:46.462138,UNK C/S,63-7981,5302,19125,31.1,33.3,KC-135R Stratotanker,149,404,96,False,mode_s
ae0679,2026-07-19 03:24:46.703823,RCH348,00-0174,3202,34125,58.66024,-141.90271,C-17A Globemaster,309,425,,False,adsb_icao
ae145b,2026-07-19 03:24:46.703840,RCH5060,06-6157,2416,33000,35.587097,-126.596832,C-17A Globemaster,70,503,0,False,adsb_icao
ae080e,2026-07-19 03:24:46.703845,RCH558,99-0168,5712,35000,47.350754,-124.552002,C-17A Globemaster,145,441,0,False,adsb_icao
ae2fad,2026-07-19 03:24:46.703848,RCH224,08-8201,2455,36000,37.268074,-123.949112,C-17A Globemaster,255,459,0,False,mlat
ae63c2,2026-07-19 03:24:46.703853,CABAL82,21-46086,2402,22800,37.700699,-122.798866,KC-46A Pegasus,36,463,-2174,False,mlat
ae5e0c,2026-07-19 03:24:46.703858,CABAL72,17-46031,3775,25000,40.462025,-118.568336,KC-46A Pegasus,64,528,75,False,mlat
ae057b,2026-07-19 03:24:46.703863,RCH2019,87-0030,7204,38000,33.828209,-117.086693,C-5M Galaxy,277,437,0,False,mlat
ae63b8,2026-07-19 03:24:46.703867,CABAL62,20-46076,3356,37000,41.252705,-114.495583,KC-46A Pegasus,123,454,40,False,mlat
06a27a,2026-07-19 03:24:46.703872,LHOB244,A7-MAM,2674,31000,55.578278,-105.450104,C-17A Globemaster,58,480,-192,False,other
ae1236,2026-07-19 03:24:46.703882,RCH268,03-3125,0731,37000,34.629025,-78.85022,C-17A Globemaster,37,457,0,False,mlat
ae1178,2026-07-19 03:24:46.703886,RCH405,02-1106,6524,32975,38.272873,-73.897873,C-17A Globemaster,61,497,-75,False,mlat
ae013f,2026-07-19 03:24:46.703892,UNK C/S,60-0358,2006,34992,55.777588,-36.626015,KC-135R Stratotanker,65,,,False,adsc
ae0424,2026-07-19 03:24:46.703897,UNK C/S,60-0333,0407,9500,52.073795,1.436574,KC-135R Stratotanker,288,252,-512,False,mlat
ae1459,2026-07-19 03:24:46.703902,RCH209,06-6155,7401,29025,31.822815,35.403992,C-17A Globemaster,152,468,-320,False,adsb_icao
ae0159,2026-07-19 03:24:46.703909,UNK C/S,57-1512,6132,20975,25.9,50.9,KC-135R Stratotanker,130,452,0,False,mode_s
ae1453,2026-07-19 03:24:46.703915,UNK C/S,05-5149,Unavailable,Unavailable,22.0,-154.9,C-17A Globemaster,,,,False,mode_s
ae63c7,2026-07-19 03:24:46.703919,FLYER40,21-46091,1530,22000,27.6,48.4,KC-46A Pegasus,,,,False,mode_s
ae49c7,2026-07-19 03:24:46.703924,RCH102,09-9211,Unavailable,Unavailable,35.2,-125.2,C-17A Globemaster,,,,False,mode_s
ae013e,2026-07-19 03:24:46.703932,UNK C/S,63-7981,5302,18975,31.4,32.5,KC-135R Stratotanker,149,406,0,False,mode_s
ae0679,2026-07-19 03:25:46.994128,RCH348,00-0174,3202,33975,58.734539,-142.077942,C-17A Globemaster,309,427,,False,adsb_icao
ae145b,2026-07-19 03:25:46.994147,RCH5060,06-6157,2416,33000,35.633972,-126.435181,C-17A Globemaster,70,503,-64,False,adsb_icao
ae080e,2026-07-19 03:25:46.994151,RCH558,99-0168,5712,35000,47.249218,-124.450027,C-17A Globemaster,145,443,0,False,adsb_icao
ae2fad,2026-07-19 03:25:46.994155,RCH224,08-8201,2455,36000,37.23204,-124.090729,C-17A Globemaster,250,442,0,False,mlat
ae63c2,2026-07-19 03:25:46.994159,CABAL82,21-46086,2402,20425,37.808228,-122.702103,KC-46A Pegasus,33,449,-2430,False,mlat
ae5e0c,2026-07-19 03:25:46.994166,CABAL72,17-46031,3775,25025,40.552803,-118.358063,KC-46A Pegasus,61,573,-72,False,mlat
ae057b,2026-07-19 03:25:46.994171,RCH2019,87-0030,7204,38000,33.840645,-117.23391,C-5M Galaxy,277,440,0,False,mlat
ae63b8,2026-07-19 03:25:46.994176,CABAL62,20-46076,3356,37025,41.235577,-114.31929,KC-46A Pegasus,91,522,27,False,mlat
06a27a,2026-07-19 03:25:46.994181,LHOB244,A7-MAM,2674,31000,55.638611,-105.27874,C-17A Globemaster,58,481,0,False,other
ae07ea,2026-07-19 03:25:46.994191,LFTR75,95-0107,6235,1525,32.883526,-80.012886,C-17A Globemaster,,,2338,False,mlat
ae1236,2026-07-19 03:25:46.994195,RCH268,03-3125,0731,37000,34.73233,-78.754395,C-17A Globemaster,38,473,0,False,mlat
ae1178,2026-07-19 03:25:46.994200,RCH405,02-1106,6524,33000,38.33202,-73.743172,C-17A Globemaster,66,498,1,False,mlat
ae013f,2026-07-19 03:25:46.994206,UNK C/S,60-0358,2006,34992,55.777588,-36.626015,KC-135R Stratotanker,65,,,False,adsc
ae0424,2026-07-19 03:25:46.994210,UNK C/S,60-0333,0407,7850,52.10284,1.337498,KC-135R Stratotanker,303,260,-2144,False,mlat
ae1459,2026-07-19 03:25:46.994215,RCH209,06-6155,7401,29000,31.706543,35.469414,C-17A Globemaster,171,453,-64,False,adsb_icao
ae0159,2026-07-19 03:25:46.994223,UNK C/S,57-1512,6132,20975,27.6,48.4,KC-135R Stratotanker,130,450,0,False,mode_s
ae1453,2026-07-19 03:25:46.994228,UNK C/S,05-5149,2270,30000,22.0,-154.9,C-17A Globemaster,,,,False,mode_s
ae63c7,2026-07-19 03:25:46.994232,FLYER40,21-46091,1530,22000,27.6,48.4,KC-46A Pegasus,,,,False,mode_s
ae013e,2026-07-19 03:25:46.994240,UNK C/S,63-7981,5302,19000,31.5,32.3,KC-135R Stratotanker,149,406,0,False,mode_s
ae0679,2026-07-19 03:26:47.263066,RCH348,00-0174,3202,33975,58.810234,-142.256653,C-17A Globemaster,309,427,,False,adsb_icao
ae49c7,2026-07-19 03:26:47.263085,RCH102,09-9211,Unavailable,33025,35.151546,-128.056183,C-17A Globemaster,,,,False,adsb_icao
ae145b,2026-07-19 03:26:47.263090,RCH5060,06-6157,2416,33000,35.68108,-126.271652,C-17A Globemaster,70,507,-64,False,adsb_icao
ae080e,2026-07-19 03:26:47.263095,RCH558,99-0168,5712,35000,47.146431,-124.347069,C-17A Globemaster,145,442,0,False,adsb_icao
ae2fad,2026-07-19 03:26:47.263098,RCH224,08-8201,2455,36000,37.199493,-124.220383,C-17A Globemaster,252,377,0,False,mlat
ae63c2,2026-07-19 03:26:47.263103,CABAL82,21-46086,2402,20025,37.915512,-122.607208,KC-46A Pegasus,37,464,73,False,mlat
ae057b,2026-07-19 03:26:47.263109,RCH2019,87-0030,7204,38000,33.853188,-117.388664,C-5M Galaxy,277,443,0,False,mlat
ae63b8,2026-07-19 03:26:47.263114,CABAL62,20-46076,3356,37000,41.224068,-114.151924,KC-46A Pegasus,96,492,-65,False,mlat
06a27a,2026-07-19 03:26:47.263119,LHOB244,A7-MAM,2674,31000,55.72261,-105.037453,C-17A Globemaster,58,479,-64,False,other
ae07ea,2026-07-19 03:26:47.263128,LFTR75,95-0107,6235,2750,32.931915,-79.964134,C-17A Globemaster,24,320,1206,False,mlat
ae1236,2026-07-19 03:26:47.263132,RCH268,03-3125,0731,37000,34.835751,-78.658852,C-17A Globemaster,38,462,74,False,mlat
ae1178,2026-07-19 03:26:47.263138,RCH405,02-1106,6524,33000,38.398907,-73.594559,C-17A Globemaster,57,487,-4,False,mlat
ae013f,2026-07-19 03:26:47.263143,UNK C/S,60-0358,2006,34992,55.777588,-36.626015,KC-135R Stratotanker,65,,,False,adsc
ae0424,2026-07-19 03:26:47.263147,UNK C/S,60-0333,0407,6300,52.143234,1.23844,KC-135R Stratotanker,303,260,-960,False,mlat
ae1459,2026-07-19 03:26:47.263153,RCH209,06-6155,7401,28300,31.58304,35.447224,C-17A Globemaster,190,450,-1472,False,adsb_icao
ae0159,2026-07-19 03:26:47.263161,UNK C/S,57-1512,6132,20975,27.6,48.4,KC-135R Stratotanker,130,448,0,False,mode_s
ae1453,2026-07-19 03:26:47.263167,UNK C/S,05-5149,2270,30000,22.0,-154.9,C-17A Globemaster,,,,False,mode_s
ae63c7,2026-07-19 03:26:47.263171,FLYER40,21-46091,1530,22000,27.6,48.4,KC-46A Pegasus,,,,False,mode_s
ae013e,2026-07-19 03:26:47.263179,UNK C/S,63-7981,5302,19850,31.5,32.3,KC-135R Stratotanker,149,408,,False,mode_s
ae5e0c,2026-07-19 03:26:47.263183,CABAL72,17-46031,3775,25000,40.3,-118.8,KC-46A Pegasus,,,,False,mode_s
ae0679,2026-07-19 03:27:47.547172,RCH348,00-0174,3202,33975,58.885044,-142.433868,C-17A Globemaster,309,428,,False,adsb_icao
ae49c7,2026-07-19 03:27:47.547190,RCH102,09-9211,Unavailable,33000,35.175476,-127.978226,C-17A Globemaster,,,,False,adsb_icao
ae145b,2026-07-19 03:27:47.547196,RCH5060,06-6157,2416,33000,35.727585,-126.109596,C-17A Globemaster,70,502,0,False,adsb_icao
ae2fad,2026-07-19 03:27:47.547200,RCH224,08-8201,2455,36000,37.173714,-124.330338,C-17A Globemaster,251,391,0,False,mlat
ae080e,2026-07-19 03:27:47.547204,RCH558,99-0168,5712,35000,47.045227,-124.246361,C-17A Globemaster,145,443,0,False,adsb_icao
ae63c2,2026-07-19 03:27:47.547209,CABAL82,21-46086,2402,19125,38.021309,-122.514313,KC-46A Pegasus,34,460,-2274,False,mlat
ae057b,2026-07-19 03:27:47.547216,RCH2019,87-0030,7204,38000,33.863598,-117.530708,C-5M Galaxy,272,473,0,False,mlat
ae63b8,2026-07-19 03:27:47.547221,CABAL62,20-46076,3356,37000,41.211933,-113.99836,KC-46A Pegasus,93,468,90,False,mlat
06a27a,2026-07-19 03:27:47.547225,LHOB244,A7-MAM,2674,31000,55.786572,-104.852486,C-17A Globemaster,58,484,0,False,other
ae07ea,2026-07-19 03:27:47.547235,LFTR75,95-0107,6235,5075,33.003925,-79.929214,C-17A Globemaster,24,298,3876,False,mlat
ae1236,2026-07-19 03:27:47.547239,RCH268,03-3125,0731,37000,34.936203,-78.566048,C-17A Globemaster,36,477,0,False,mlat
ae1178,2026-07-19 03:27:47.547245,RCH405,02-1106,6524,33000,38.463863,-73.464943,C-17A Globemaster,53,468,-121,False,mlat
ae013f,2026-07-19 03:27:47.547270,UNK C/S,60-0358,2006,34992,55.777588,-36.626015,KC-135R Stratotanker,65,,,False,adsc
ae0424,2026-07-19 03:27:47.547276,UNK C/S,60-0333,0407,5300,52.181831,1.144703,KC-135R Stratotanker,303,244,-1344,False,mlat
ae1459,2026-07-19 03:27:47.547281,RCH209,06-6155,7401,26850,31.459808,35.420029,C-17A Globemaster,190,447,-1536,False,adsb_icao
ae0159,2026-07-19 03:27:47.547291,UNK C/S,57-1512,6132,20975,25.9,50.9,KC-135R Stratotanker,130,446,0,False,mode_s
ae1453,2026-07-19 03:27:47.547297,UNK C/S,05-5149,2270,30000,22.0,-154.9,C-17A Globemaster,,,,False,mode_s
ae63c7,2026-07-19 03:27:47.547301,FLYER40,21-46091,1530,22000,27.6,48.4,KC-46A Pegasus,,,,False,mode_s
ae5e0c,2026-07-19 03:27:47.547310,CABAL72,17-46031,3775,25000,40.3,-118.9,KC-46A Pegasus,,,,False,mode_s
ae0679,2026-07-19 03:28:47.796413,RCH348,00-0174,3202,33975,58.960007,-142.613617,C-17A Globemaster,308,427,,False,adsb_icao
ae49c7,2026-07-19 03:28:47.796431,RCH102,09-9211,Unavailable,33000,35.243225,-127.755318,C-17A Globemaster,69,504,-128,False,adsb_icao
ae145b,2026-07-19 03:28:47.796436,RCH5060,06-6157,2416,33000,35.782059,-125.949097,C-17A Globemaster,67,507,-64,False,adsb_icao
ae2fad,2026-07-19 03:28:47.796441,RCH224,08-8201,2455,36000,37.140854,-124.454529,C-17A Globemaster,249,410,0,False,mlat
ae080e,2026-07-19 03:28:47.796445,RCH558,99-0168,5712,35000,46.941368,-124.14959,C-17A Globemaster,159,433,0,False,adsb_icao
ae63c2,2026-07-19 03:28:47.796449,CABAL82,21-46086,2402,17750,38.119415,-122.426476,KC-46A Pegasus,35,414,-1275,False,mlat
ae057b,2026-07-19 03:28:47.796456,RCH2019,87-0030,7204,38000,33.878986,-117.682098,C-5M Galaxy,273,438,0,False,mlat
ae63b8,2026-07-19 03:28:47.796461,CABAL62,20-46076,3356,37000,41.196453,-113.784126,KC-46A Pegasus,96,488,-75,False,mlat
06a27a,2026-07-19 03:28:47.796465,LHOB244,A7-MAM,2674,31000,55.857788,-104.64444,C-17A Globemaster,59,483,0,False,other
ae07ea,2026-07-19 03:28:47.796474,LFTR75,95-0107,6235,6350,33.077049,-79.903145,C-17A Globemaster,10,285,1851,False,mlat
ae1236,2026-07-19 03:28:47.796479,RCH268,03-3125,0731,36800,35.033684,-78.474274,C-17A Globemaster,39,454,-498,False,mlat
ae1178,2026-07-19 03:28:47.796483,RCH405,02-1106,6524,33000,38.561295,-73.351341,C-17A Globemaster,32,462,55,False,mlat
ae013f,2026-07-19 03:28:47.796488,UNK C/S,60-0358,2006,34992,56.41016,-33.457146,KC-135R Stratotanker,69,,,False,adsc
ae0424,2026-07-19 03:28:47.796493,UNK C/S,60-0333,0407,3800,52.221146,1.047508,KC-135R Stratotanker,303,250,-1824,False,mlat
ae1459,2026-07-19 03:28:47.796498,RCH209,06-6155,7401,25275,31.335251,35.392563,C-17A Globemaster,189,453,-1664,False,adsb_icao
ae0159,2026-07-19 03:28:47.796505,UNK C/S,57-1512,6132,20975,25.9,50.0,KC-135R Stratotanker,130,444,64,False,mode_s
ae1453,2026-07-19 03:28:47.796510,UNK C/S,05-5149,2270,30000,22.0,-154.9,C-17A Globemaster,,,,False,mode_s
ae63c7,2026-07-19 03:28:47.796514,FLYER40,21-46091,1530,22000,27.6,48.4,KC-46A Pegasus,,,,False,mode_s
ae5e0c,2026-07-19 03:28:47.796522,CABAL72,17-46031,3775,25025,40.2,-118.2,KC-46A Pegasus,,,,False,mode_s
ae0679,2026-07-19 03:29:48.082434,RCH348,00-0174,3202,33975,59.033936,-142.792511,C-17A Globemaster,308,427,,False,adsb_icao
ae49c7,2026-07-19 03:29:48.082452,RCH102,09-9211,Unavailable,33000,35.288635,-127.605003,C-17A Globemaster,69,504,-64,False,adsb_icao
ae145b,2026-07-19 03:29:48.082457,RCH5060,06-6157,2416,33000,35.836796,-125.78878,C-17A Globemaster,67,505,64,False,adsb_icao
ae2fad,2026-07-19 03:29:48.082462,RCH224,08-8201,2455,36000,37.095245,-124.616417,C-17A Globemaster,257,332,0,False,mlat
ae080e,2026-07-19 03:29:48.082467,RCH558,99-0168,5712,35000,46.824738,-124.112747,C-17A Globemaster,168,431,0,False,adsb_icao
ae63c2,2026-07-19 03:29:48.082472,CABAL82,21-46086,2402,16275,38.197433,-122.328331,KC-46A Pegasus,62,366,-1585,False,mlat
ae057b,2026-07-19 03:29:48.082478,RCH2019,87-0030,7204,38000,33.888741,-117.832458,C-5M Galaxy,275,460,0,False,mlat
ae63b8,2026-07-19 03:29:48.082483,CABAL62,20-46076,3356,37000,41.18383,-113.603783,KC-46A Pegasus,92,489,0,False,mlat
06a27a,2026-07-19 03:29:48.082488,LHOB244,A7-MAM,2674,31000,55.930069,-104.431625,C-17A Globemaster,59,483,0,False,other
ae07ea,2026-07-19 03:29:48.082497,LFTR75,95-0107,6235,9275,33.154175,-79.92099,C-17A Globemaster,344,286,2800,False,mlat
ae1236,2026-07-19 03:29:48.082502,RCH268,03-3125,0731,35800,35.138607,-78.374077,C-17A Globemaster,38,447,-992,False,mlat
ae1178,2026-07-19 03:29:48.082507,RCH405,02-1106,6524,33000,38.66082,-73.235985,C-17A Globemaster,41,456,0,False,mlat
ae013f,2026-07-19 03:29:48.082512,UNK C/S,60-0358,2006,34992,56.41016,-33.457146,KC-135R Stratotanker,69,,,False,adsc
ae0424,2026-07-19 03:29:48.082522,UNK C/S,60-0333,0407,2750,52.258419,0.954396,KC-135R Stratotanker,302,238,-672,False,mlat
ae1459,2026-07-19 03:29:48.082529,RCH209,06-6155,7401,23650,31.21225,35.37899,C-17A Globemaster,185,438,-1536,False,adsb_icao
ae0159,2026-07-19 03:29:48.082551,UNK C/S,57-1512,6132,20975,25.9,50.9,KC-135R Stratotanker,130,444,-160,False,mode_s
ae1453,2026-07-19 03:29:48.082555,UNK C/S,05-5149,2270,30000,22.0,-154.9,C-17A Globemaster,,,,False,mode_s
ae63c7,2026-07-19 03:29:48.082560,FLYER40,21-46091,1530,22000,27.6,48.4,KC-46A Pegasus,,,,False,mode_s
ae5e0c,2026-07-19 03:29:48.082568,CABAL72,17-46031,3775,27950,40.3,-118.9,KC-46A Pegasus,,,,False,mode_s
ae0679,2026-07-19 03:30:48.322554,RCH348,00-0174,3202,33975,59.107887,-142.972763,C-17A Globemaster,308,429,,False,adsb_icao
ae49c7,2026-07-19 03:30:48.322571,RCH102,09-9211,2000,33000,35.330822,-127.464546,C-17A Globemaster,69,505,-64,False,adsb_icao
ae145b,2026-07-19 03:30:48.322576,RCH5060,06-6157,2416,33000,35.891373,-125.628204,C-17A Globemaster,67,506,0,False,adsb_icao
ae2fad,2026-07-19 03:30:48.322580,RCH224,08-8201,2455,36000,37.09074,-124.671768,C-17A Globemaster,247,394,0,False,mlat
ae080e,2026-07-19 03:30:48.322584,RCH558,99-0168,5712,35000,46.706909,-124.077377,C-17A Globemaster,168,429,0,False,adsb_icao
ae63c2,2026-07-19 03:30:48.322589,CABAL82,21-46086,2402,14250,38.257992,-122.237198,KC-46A Pegasus,49,335,-1757,False,mlat
ae057b,2026-07-19 03:30:48.322594,RCH2019,87-0030,7204,38000,33.89888,-117.97065,C-5M Galaxy,275,448,0,False,mlat
ae63b8,2026-07-19 03:30:48.322599,CABAL62,20-46076,3356,37000,41.168873,-113.406227,KC-46A Pegasus,95,499,-19,False,mlat
06a27a,2026-07-19 03:30:48.322603,LHOB244,A7-MAM,2674,31000,55.979996,-104.283516,C-17A Globemaster,60,482,0,False,other
ae07ea,2026-07-19 03:30:48.322611,LFTR75,95-0107,6235,11000,33.234715,-79.938805,C-17A Globemaster,353,353,600,False,mlat
ae1236,2026-07-19 03:30:48.322616,RCH268,03-3125,0731,34800,35.242928,-78.27681,C-17A Globemaster,38,484,-1008,False,mlat
ae1178,2026-07-19 03:30:48.322621,RCH405,02-1106,6524,33000,38.74464,-73.130508,C-17A Globemaster,45,449,0,False,mlat
ae013f,2026-07-19 03:30:48.322626,UNK C/S,60-0358,2006,34992,56.41016,-33.457146,KC-135R Stratotanker,69,,,False,adsc
ae0424,2026-07-19 03:30:48.322630,UNK C/S,60-0333,0407,2425,52.291328,0.871535,KC-135R Stratotanker,302,202,-160,False,mlat
ae1459,2026-07-19 03:30:48.322635,RCH209,06-6155,7401,21825,31.090982,35.36631,C-17A Globemaster,185,429,-1920,False,adsb_icao
ae0159,2026-07-19 03:30:48.322644,UNK C/S,57-1512,6132,20975,25.9,50.9,KC-135R Stratotanker,130,444,-160,False,mode_s
ae1453,2026-07-19 03:30:48.322648,UNK C/S,05-5149,2270,30000,22.0,-154.9,C-17A Globemaster,,,,False,mode_s
ae63c7,2026-07-19 03:30:48.322653,FLYER40,21-46091,1530,22000,28.8,47.9,KC-46A Pegasus,,,,False,mode_s
ae5e0c,2026-07-19 03:30:48.322661,CABAL72,17-46031,3775,29025,40.5,-118.1,KC-46A Pegasus,,,,False,mode_s
ae0679,2026-07-19 03:31:48.786562,RCH348,00-0174,3202,33975,59.181198,-143.152954,C-17A Globemaster,308,427,,False,adsb_icao
ae49c7,2026-07-19 03:31:48.786580,RCH102,09-9211,2000,33000,35.381241,-127.296005,C-17A Globemaster,70,503,64,False,adsb_icao
ae145b,2026-07-19 03:31:48.786585,RCH5060,06-6157,2416,33000,35.945023,-125.469589,C-17A Globemaster,67,508,-64,False,adsb_icao
ae2fad,2026-07-19 03:31:48.786590,RCH224,08-8201,2455,37525,37.044113,-124.830566,C-17A Globemaster,254,481,1731,False,mlat
ae080e,2026-07-19 03:31:48.786594,RCH558,99-0168,5712,35000,46.589081,-124.042542,C-17A Globemaster,168,430,0,False,adsb_icao
ae63c2,2026-07-19 03:31:48.786599,CABAL82,21-46086,2402,12075,38.311764,-122.15065,KC-46A Pegasus,49,306,-2376,False,mlat
ae057b,2026-07-19 03:31:48.786606,RCH2019,87-0030,7204,38000,33.910255,-118.124657,C-5M Galaxy,273,452,0,False,mlat
ae63b8,2026-07-19 03:31:48.786611,CABAL62,20-46076,3356,37000,41.153584,-113.224602,KC-46A Pegasus,95,495,0,False,mlat
06a27a,2026-07-19 03:31:48.786616,LHOB244,A7-MAM,2674,31000,56.060486,-104.04319,C-17A Globemaster,59,476,0,False,other
ae07ea,2026-07-19 03:31:48.786624,LFTR75,95-0107,6235,11025,33.315479,-79.915894,C-17A Globemaster,22,342,0,False,mlat
ae1236,2026-07-19 03:31:48.786628,RCH268,03-3125,0731,33825,35.345417,-78.180054,C-17A Globemaster,36,439,-985,False,mlat
ae1178,2026-07-19 03:31:48.786633,RCH405,02-1106,6524,33000,38.829407,-73.02932,C-17A Globemaster,39,448,0,False,mlat
ae013f,2026-07-19 03:31:48.786638,UNK C/S,60-0358,2006,34992,56.41016,-33.457146,KC-135R Stratotanker,69,,,False,adsc
ae0424,2026-07-19 03:31:48.786643,UNK C/S,60-0333,0407,2375,52.314228,0.8012,KC-135R Stratotanker,284,154,0,False,mlat
ae1459,2026-07-19 03:31:48.786648,RCH209,06-6155,7401,20025,30.973526,35.354275,C-17A Globemaster,185,417,-1920,False,adsb_icao
ae0159,2026-07-19 03:31:48.786655,UNK C/S,57-1512,6132,20975,25.9,50.0,KC-135R Stratotanker,130,444,0,False,mode_s
ae1453,2026-07-19 03:31:48.786660,UNK C/S,05-5149,2270,30000,21.7,-158.1,C-17A Globemaster,,,,False,mode_s
ae63c7,2026-07-19 03:31:48.786665,FLYER40,21-46091,1530,22000,28.9,46.5,KC-46A Pegasus,,,,False,mode_s
ae5e0c,2026-07-19 03:31:48.786672,CABAL72,17-46031,3775,29000,41.1,-117.3,KC-46A Pegasus,,,,False,mode_s
ae0679,2026-07-19 03:32:49.064086,RCH348,00-0174,3202,33975,59.255722,-143.337341,C-17A Globemaster,308,430,,False,adsb_icao
ae49c7,2026-07-19 03:32:49.064104,RCH102,09-9211,2000,33000,35.446316,-127.076874,C-17A Globemaster,70,502,-64,False,adsb_icao
ae145b,2026-07-19 03:32:49.064109,RCH5060,06-6157,2416,33000,35.999916,-125.306725,C-17A Globemaster,67,505,128,False,adsb_icao
ae080e,2026-07-19 03:32:49.064114,RCH558,99-0168,5712,35000,46.472351,-124.008041,C-17A Globemaster,168,427,64,False,adsb_icao
ae63c2,2026-07-19 03:32:49.064119,CABAL82,21-46086,2402,9975,38.365616,-122.06514,KC-46A Pegasus,53,281,-2047,False,mlat
ae057b,2026-07-19 03:32:49.064125,RCH2019,87-0030,7204,38000,33.9212,-118.266808,C-5M Galaxy,274,423,141,False,mlat
ae63b8,2026-07-19 03:32:49.064130,CABAL62,20-46076,3356,36750,41.137276,-113.051216,KC-46A Pegasus,97,502,-435,False,mlat
06a27a,2026-07-19 03:32:49.064136,LHOB244,A7-MAM,2674,31000,56.13427,-103.820457,C-17A Globemaster,60,476,0,False,other
ae07ea,2026-07-19 03:32:49.064144,LFTR75,95-0107,6235,11000,33.406712,-79.890762,C-17A Globemaster,12,316,0,False,mlat
ae1236,2026-07-19 03:32:49.064148,RCH268,03-3125,0731,33000,35.45084,-78.078407,C-17A Globemaster,38,485,-729,False,mlat
ae1178,2026-07-19 03:32:49.064153,RCH405,02-1106,6524,33000,38.943024,-72.907356,C-17A Globemaster,39,462,0,False,mlat
ae013f,2026-07-19 03:32:49.064158,UNK C/S,60-0358,2006,34992,56.41016,-33.457146,KC-135R Stratotanker,69,,,False,adsc
ae0424,2026-07-19 03:32:49.064163,UNK C/S,60-0333,0407,2425,52.326267,0.731227,KC-135R Stratotanker,282,150,96,False,mlat
ae1459,2026-07-19 03:32:49.064168,RCH209,06-6155,7401,19125,30.866461,35.312805,C-17A Globemaster,202,400,-128,False,adsb_icao
ae0159,2026-07-19 03:32:49.064175,UNK C/S,57-1512,6132,20975,25.9,50.0,KC-135R Stratotanker,124,444,32,False,mode_s
ae1453,2026-07-19 03:32:49.064181,UNK C/S,05-5149,2270,30000,21.7,-158.3,C-17A Globemaster,,,,False,mode_s
ae63c7,2026-07-19 03:32:49.064186,FLYER40,21-46091,1530,22000,28.8,47.9,KC-46A Pegasus,,,,False,mode_s
ae2fad,2026-07-19 03:32:49.064191,RCH224,08-8201,2455,38000,37.8,-123.1,C-17A Globemaster,,,,False,mode_s
ae5e0c,2026-07-19 03:32:49.064197,CABAL72,17-46031,3775,29025,41.3,-116.8,KC-46A Pegasus,,,,False,mode_s
ae0679,2026-07-19 03:33:49.374594,RCH348,00-0174,3202,33975,59.329662,-143.521698,C-17A Globemaster,308,430,,False,adsb_icao
ae49c7,2026-07-19 03:33:49.374611,RCH102,09-9211,2000,33000,35.494263,-126.914352,C-17A Globemaster,70,500,64,False,adsb_icao
ae145b,2026-07-19 03:33:49.374616,RCH5060,06-6157,2416,33000,36.053696,-125.146126,C-17A Globemaster,67,508,0,False,adsb_icao
ae080e,2026-07-19 03:33:49.374620,RCH558,99-0168,5712,35000,46.354809,-123.973572,C-17A Globemaster,168,427,0,False,adsb_icao
ae63c2,2026-07-19 03:33:49.374625,CABAL82,21-46086,2402,7800,38.41552,-121.984024,KC-46A Pegasus,50,285,-2128,False,mlat
ae057b,2026-07-19 03:33:49.374631,RCH2019,87-0030,7204,38025,33.930416,-118.411041,C-5M Galaxy,273,432,0,False,mlat
ae63b8,2026-07-19 03:33:49.374636,CABAL62,20-46076,3356,35525,41.055267,-112.917328,KC-46A Pegasus,149,470,-1123,False,mlat
06a27a,2026-07-19 03:33:49.374641,LHOB244,A7-MAM,2674,31000,56.200886,-103.617378,C-17A Globemaster,60,469,0,False,other
ae07ea,2026-07-19 03:33:49.374649,LFTR75,95-0107,6235,11000,33.489574,-79.87027,C-17A Globemaster,16,310,0,False,mlat
ae1236,2026-07-19 03:33:49.374653,RCH268,03-3125,0731,33000,35.554043,-77.98497,C-17A Globemaster,37,466,70,False,mlat
ae1178,2026-07-19 03:33:49.374659,RCH405,02-1106,6524,33000,39.030376,-72.797577,C-17A Globemaster,,,0,False,mlat
ae013f,2026-07-19 03:33:49.374663,UNK C/S,60-0358,2006,34992,56.41016,-33.457146,KC-135R Stratotanker,69,,,False,adsc
ae0424,2026-07-19 03:33:49.374668,UNK C/S,60-0333,0407,1700,52.336235,0.6666,KC-135R Stratotanker,282,146,-704,False,mlat
ae1459,2026-07-19 03:33:49.374673,RCH209,06-6155,7401,18925,30.76181,35.261482,C-17A Globemaster,203,407,-1408,False,adsb_icao
ae0159,2026-07-19 03:33:49.374682,UNK C/S,57-1512,6132,20975,25.9,50.0,KC-135R Stratotanker,122,444,0,False,mode_s
ae1453,2026-07-19 03:33:49.374687,UNK C/S,05-5149,2270,30000,21.8,-156.6,C-17A Globemaster,,,,False,mode_s
ae63c7,2026-07-19 03:33:49.374691,FLYER40,21-46091,1530,22000,28.8,47.9,KC-46A Pegasus,,,,False,mode_s
ae2fad,2026-07-19 03:33:49.374696,RCH224,08-8201,2455,38000,37.7,-124.1,C-17A Globemaster,,,,False,mode_s
ae5e0c,2026-07-19 03:33:49.374702,CABAL72,17-46031,3775,29000,42.2,-114.1,KC-46A Pegasus,,,,False,mode_s
ae0679,2026-07-19 03:34:49.620172,RCH348,00-0174,3202,33975,59.402889,-143.705902,C-17A Globemaster,307,429,,False,adsb_icao
ae49c7,2026-07-19 03:34:49.620190,RCH102,09-9211,2000,33000,35.541046,-126.754707,C-17A Globemaster,70,503,0,False,adsb_icao
ae145b,2026-07-19 03:34:49.620195,RCH5060,06-6157,2416,33000,36.121033,-124.993515,C-17A Globemaster,44,527,128,False,adsb_icao
ae080e,2026-07-19 03:34:49.620199,RCH558,99-0168,5712,35000,46.239826,-123.939926,C-17A Globemaster,168,421,-64,False,adsb_icao
ae63c2,2026-07-19 03:34:49.620203,CABAL82,21-46086,2402,6375,38.454926,-121.908188,KC-46A Pegasus,73,251,-1182,False,mlat
ae057b,2026-07-19 03:34:49.620209,RCH2019,87-0030,7204,38000,33.922081,-118.553207,C-5M Galaxy,261,436,0,False,mlat
ae63b8,2026-07-19 03:34:49.620215,CABAL62,20-46076,3356,35000,40.954002,-112.805862,KC-46A Pegasus,139,464,-9,False,mlat
06a27a,2026-07-19 03:34:49.620220,LHOB244,A7-MAM,2674,31000,56.265335,-103.419304,C-17A Globemaster,60,469,0,False,other
ae07ea,2026-07-19 03:34:49.620229,LFTR75,95-0107,6235,11000,33.573605,-79.843651,C-17A Globemaster,10,324,0,False,mlat
ae1238,2026-07-19 03:34:49.620233,RCH692,03-3127,2446,875,35.15411,-79.033127,C-17A Globemaster,224,163,,False,adsb_icao
ae1236,2026-07-19 03:34:49.620238,RCH268,03-3125,0731,33000,35.662186,-77.879929,C-17A Globemaster,37,493,0,False,mlat
ae1178,2026-07-19 03:34:49.620243,RCH405,02-1106,6524,33000,39.129005,-72.693619,C-17A Globemaster,,,0,False,mlat
ae013f,2026-07-19 03:34:49.620248,UNK C/S,60-0358,2006,34992,56.41016,-33.457146,KC-135R Stratotanker,69,,,False,adsc
ae0424,2026-07-19 03:34:49.620273,UNK C/S,60-0333,0407,975,52.345032,0.60118,KC-135R Stratotanker,282,148,-832,False,mlat
ae1459,2026-07-19 03:34:49.620278,RCH209,06-6155,7401,16850,30.658905,35.210964,C-17A Globemaster,202,390,-2560,False,adsb_icao
ae0159,2026-07-19 03:34:49.620288,UNK C/S,57-1512,6132,20975,25.9,50.9,KC-135R Stratotanker,122,444,-160,False,mode_s
ae1453,2026-07-19 03:34:49.620293,UNK C/S,05-5149,2270,30000,21.7,-157.3,C-17A Globemaster,,,,False,mode_s
ae63c7,2026-07-19 03:34:49.620298,FLYER40,21-46091,1530,22000,28.8,47.9,KC-46A Pegasus,,,,False,mode_s
ae2fad,2026-07-19 03:34:49.620303,RCH224,08-8201,2455,38000,37.3,-123.7,C-17A Globemaster,,,,False,mode_s
ae5e0c,2026-07-19 03:34:49.620309,CABAL72,17-46031,3775,28975,42.3,-115.3,KC-46A Pegasus,,,,False,mode_s
ae0679,2026-07-19 03:35:49.868969,RCH348,00-0174,3202,33975,59.475929,-143.890976,C-17A Globemaster,307,429,,False,adsb_icao
ae49c7,2026-07-19 03:35:49.868987,RCH102,09-9211,2000,33025,35.588581,-126.591774,C-17A Globemaster,70,504,0,False,adsb_icao
ae2fad,2026-07-19 03:35:49.868991,RCH224,08-8201,2455,38000,36.919514,-125.303551,C-17A Globemaster,244,531,0,False,mlat
ae145b,2026-07-19 03:35:49.868995,RCH5060,06-6157,2416,33000,36.226959,-124.864426,C-17A Globemaster,45,528,0,False,adsb_icao
ae080e,2026-07-19 03:35:49.868999,RCH558,99-0168,5712,35000,46.124611,-123.906349,C-17A Globemaster,168,421,0,False,adsb_icao
ae63c2,2026-07-19 03:35:49.869005,CABAL82,21-46086,2402,4425,38.475216,-121.833633,KC-46A Pegasus,77,221,-1978,False,mlat
ae057b,2026-07-19 03:35:49.869011,RCH2019,87-0030,7204,38000,33.908573,-118.700569,C-5M Galaxy,262,435,11,False,mlat
ae63b8,2026-07-19 03:35:49.869017,CABAL62,20-46076,3356,35025,40.855961,-112.702904,KC-46A Pegasus,140,453,53,False,mlat
06a27a,2026-07-19 03:35:49.869022,LHOB244,A7-MAM,2674,Unavailable,56.277649,-103.381264,C-17A Globemaster,60,470,0,False,other
ae07ea,2026-07-19 03:35:49.869030,LFTR75,95-0107,6235,11000,33.652645,-79.822685,C-17A Globemaster,14,297,0,False,mlat
ae1238,2026-07-19 03:35:49.869035,RCH692,03-3127,2446,1925,35.188648,-79.066605,C-17A Globemaster,347,250,,False,adsb_icao
ae1236,2026-07-19 03:35:49.869040,RCH268,03-3125,0731,33000,35.759094,-77.785812,C-17A Globemaster,39,472,0,False,mlat
ae1178,2026-07-19 03:35:49.869045,RCH405,02-1106,6524,33000,39.246159,-72.566338,C-17A Globemaster,44,469,0,False,mlat
ae013f,2026-07-19 03:35:49.869050,UNK C/S,60-0358,2006,34992,56.41016,-33.457146,KC-135R Stratotanker,69,,,False,adsc
ae0424,2026-07-19 03:35:49.869055,UNK C/S,60-0333,0407,225,52.354134,0.541013,KC-135R Stratotanker,283,138,-928,False,mlat
ae1459,2026-07-19 03:35:49.869060,RCH209,06-6155,7401,13575,30.562754,35.16449,C-17A Globemaster,198,364,-1728,False,adsb_icao
ae0159,2026-07-19 03:35:49.869068,UNK C/S,57-1512,6132,20975,25.9,50.9,KC-135R Stratotanker,122,446,0,False,mode_s
ae1453,2026-07-19 03:35:49.869074,UNK C/S,05-5149,2270,30000,21.7,-158.3,C-17A Globemaster,,,,False,mode_s
ae63c7,2026-07-19 03:35:49.869078,FLYER40,21-46091,1530,22000,27.6,48.4,KC-46A Pegasus,,,,False,mode_s
ae5e0c,2026-07-19 03:35:49.869086,CABAL72,17-46031,3775,29025,41.7,-115.1,KC-46A Pegasus,,,,False,mode_s
ae0679,2026-07-19 03:36:50.101221,RCH348,00-0174,3202,33975,59.548828,-144.077179,C-17A Globemaster,307,430,,False,adsb_icao
ae49c7,2026-07-19 03:36:50.101239,RCH102,09-9211,2000,33025,35.635162,-126.430893,C-17A Globemaster,70,504,128,False,adsb_icao
ae145b,2026-07-19 03:36:50.101244,RCH5060,06-6157,2416,33000,36.33025,-124.736313,C-17A Globemaster,45,530,-64,False,adsb_icao
ae080e,2026-07-19 03:36:50.101249,RCH558,99-0168,5712,35000,46.009113,-123.872841,C-17A Globemaster,168,426,0,False,adsb_icao
ae63c2,2026-07-19 03:36:50.101277,CABAL82,21-46086,2402,2375,38.442284,-121.767685,KC-46A Pegasus,134,214,-2126,False,mlat
ae057b,2026-07-19 03:36:50.101284,RCH2019,87-0030,7204,38000,33.895859,-118.8489,C-5M Galaxy,262,437,0,False,mlat
ae63b8,2026-07-19 03:36:50.101291,CABAL62,20-46076,3356,35025,40.755901,-112.59375,KC-46A Pegasus,139,452,-1,False,mlat
ae07ea,2026-07-19 03:36:50.101300,LFTR75,95-0107,6235,11000,33.735958,-79.799088,C-17A Globemaster,13,310,0,False,mlat
ae1238,2026-07-19 03:36:50.101305,RCH692,03-3127,2446,3200,35.261993,-79.090523,C-17A Globemaster,339,281,,False,adsb_icao
ae1236,2026-07-19 03:36:50.101309,RCH268,03-3125,0731,33000,35.877625,-77.672531,C-17A Globemaster,39,488,0,False,mlat
ae1178,2026-07-19 03:36:50.101314,RCH405,02-1106,6524,33000,39.323956,-72.447456,C-17A Globemaster,38,479,0,False,mlat
ae013f,2026-07-19 03:36:50.101319,UNK C/S,60-0358,2006,34992,56.41016,-33.457146,KC-135R Stratotanker,69,,,False,adsc
ae0424,2026-07-19 03:36:50.101323,UNK C/S,60-0333,0407,-200,52.361439,0.483787,KC-135R Stratotanker,282,132,-202,False,mlat
ae1459,2026-07-19 03:36:50.101329,RCH209,06-6155,7401,12050,30.471817,35.144993,C-17A Globemaster,189,300,-1408,False,adsb_icao
ae0159,2026-07-19 03:36:50.101338,UNK C/S,57-1512,6132,20975,25.9,50.9,KC-135R Stratotanker,122,446,0,False,mode_s
ae1453,2026-07-19 03:36:50.101344,UNK C/S,05-5149,2270,30000,21.7,-157.1,C-17A Globemaster,,,,False,mode_s
ae63c7,2026-07-19 03:36:50.101348,FLYER40,21-46091,1530,22000,28.8,47.9,KC-46A Pegasus,,,,False,mode_s
ae2fad,2026-07-19 03:36:50.101353,RCH224,08-8201,2455,38000,37.8,-124.2,C-17A Globemaster,,,,False,mode_s
ae5e0c,2026-07-19 03:36:50.101360,CABAL72,17-46031,3775,29000,42.3,-114.8,KC-46A Pegasus,,,,False,mode_s
ae0679,2026-07-19 03:37:50.358204,RCH348,00-0174,3202,33975,59.621918,-144.265366,C-17A Globemaster,307,430,,False,adsb_icao
ae49c7,2026-07-19 03:37:50.358222,RCH102,09-9211,2000,33000,35.6828,-126.265633,C-17A Globemaster,70,507,64,False,adsb_icao
ae145b,2026-07-19 03:37:50.358228,RCH5060,06-6157,2416,33000,36.435413,-124.606232,C-17A Globemaster,45,529,-64,False,adsb_icao
ae080e,2026-07-19 03:37:50.358232,RCH558,99-0168,5712,35000,45.892685,-123.839264,C-17A Globemaster,168,421,0,False,adsb_icao
ae63c2,2026-07-19 03:37:50.358237,CABAL82,21-46086,2402,2025,38.38586,-121.761589,KC-46A Pegasus,199,188,-75,False,mlat
ae057b,2026-07-19 03:37:50.358243,RCH2019,87-0030,7204,38000,33.881382,-118.996918,C-5M Galaxy,263,440,0,False,mlat
ae63b8,2026-07-19 03:37:50.358249,CABAL62,20-46076,3356,35025,40.650215,-112.482048,KC-46A Pegasus,144,477,-73,False,mlat
ae07ea,2026-07-19 03:37:50.358284,LFTR75,95-0107,6235,11000,33.816086,-79.775749,C-17A Globemaster,15,305,0,False,mlat
ae1238,2026-07-19 03:37:50.358292,RCH692,03-3127,2446,5725,35.335236,-79.120621,C-17A Globemaster,339,267,,False,adsb_icao
ae1236,2026-07-19 03:37:50.358300,RCH268,03-3125,0731,33000,35.984219,-77.570229,C-17A Globemaster,38,485,0,False,mlat
ae1178,2026-07-19 03:37:50.358308,RCH405,02-1106,6524,33000,39.414886,-72.345886,C-17A Globemaster,43,465,0,False,mlat
ae013f,2026-07-19 03:37:50.358313,UNK C/S,60-0358,2006,34992,56.41016,-33.457146,KC-135R Stratotanker,69,,,False,adsc
ae1459,2026-07-19 03:37:50.358318,RCH209,06-6155,7401,9950,30.391535,35.129333,C-17A Globemaster,189,281,-2240,False,adsb_icao
ae0159,2026-07-19 03:37:50.358327,UNK C/S,57-1512,6132,20975,25.9,50.9,KC-135R Stratotanker,122,446,0,False,mode_s
ae1453,2026-07-19 03:37:50.358332,UNK C/S,05-5149,2270,30000,21.7,-157.1,C-17A Globemaster,,,,False,mode_s
ae63c7,2026-07-19 03:37:50.358337,FLYER40,21-46091,1530,22000,28.8,47.9,KC-46A Pegasus,,,,False,mode_s
ae2fad,2026-07-19 03:37:50.358342,RCH224,08-8201,2455,38000,37.1,-125.1,C-17A Globemaster,,,,False,mode_s
ae5e0c,2026-07-19 03:37:50.358348,CABAL72,17-46031,3775,29025,42.6,-115.5,KC-46A Pegasus,,,,False,mode_s
ae1454,2026-07-19 03:38:50.644280,LAVA72,05-5150,Unavailable,33000,24.494385,-156.421005,C-17A Globemaster,180,446,,False,adsb_icao
ae0679,2026-07-19 03:38:50.644300,RCH348,00-0174,3202,33975,59.69458,-144.453827,C-17A Globemaster,307,430,,False,adsb_icao
ae49c7,2026-07-19 03:38:50.644305,RCH102,09-9211,2000,33000,35.729588,-126.102654,C-17A Globemaster,70,504,-64,False,adsb_icao
ae145b,2026-07-19 03:38:50.644310,RCH5060,06-6157,2416,33000,36.540108,-124.476562,C-17A Globemaster,45,528,0,False,adsb_icao
ae080e,2026-07-19 03:38:50.644314,RCH558,99-0168,5712,35000,45.778027,-123.806236,C-17A Globemaster,168,417,-64,False,adsb_icao
ae63c2,2026-07-19 03:38:50.644319,CABAL82,21-46086,2402,1900,38.35075,-121.799438,KC-46A Pegasus,224,161,-360,False,mlat
ae057b,2026-07-19 03:38:50.644325,RCH2019,87-0030,7204,38000,33.870659,-119.129433,C-5M Galaxy,263,442,0,False,mlat
ae63b8,2026-07-19 03:38:50.644331,CABAL62,20-46076,3356,35000,40.548454,-112.369934,KC-46A Pegasus,140,478,0,False,mlat
ae07ea,2026-07-19 03:38:50.644339,LFTR75,95-0107,6235,11000,33.897644,-79.731331,C-17A Globemaster,36,288,0,False,mlat
ae1238,2026-07-19 03:38:50.644345,RCH692,03-3127,2446,7475,35.406967,-79.101273,C-17A Globemaster,33,295,,False,adsb_icao
ae1236,2026-07-19 03:38:50.644348,RCH268,03-3125,0731,33000,36.087997,-77.469749,C-17A Globemaster,39,470,0,False,mlat
ae1178,2026-07-19 03:38:50.644354,RCH405,02-1106,6524,33000,39.513546,-72.226372,C-17A Globemaster,43,483,-2,False,mlat
ae013f,2026-07-19 03:38:50.644358,UNK C/S,60-0358,2006,34992,56.41016,-33.457146,KC-135R Stratotanker,69,,,False,adsc
ae1459,2026-07-19 03:38:50.644364,RCH209,06-6155,7401,7325,30.31723,35.115269,C-17A Globemaster,189,274,-3072,False,adsb_icao
ae013e,2026-07-19 03:38:50.644372,UNK C/S,63-7981,5302,Unavailable,31.3,34.1,KC-135R Stratotanker,,,,False,mode_s
ae0159,2026-07-19 03:38:50.644377,UNK C/S,57-1512,6132,20975,25.9,50.0,KC-135R Stratotanker,122,448,-64,False,mode_s
ae1453,2026-07-19 03:38:50.644384,UNK C/S,05-5149,2270,27125,21.6,-157.9,C-17A Globemaster,,,,False,mode_s
ae63c7,2026-07-19 03:38:50.644388,FLYER40,21-46091,1530,22000,28.8,47.9,KC-46A Pegasus,,,,False,mode_s
ae2fad,2026-07-19 03:38:50.644394,RCH224,08-8201,2455,38000,37.1,-123.9,C-17A Globemaster,,,,False,mode_s
ae5e0c,2026-07-19 03:38:50.644399,CABAL72,17-46031,3775,29000,42.3,-114.0,KC-46A Pegasus,,,,False,mode_s
ae1454,2026-07-19 03:39:50.903755,LAVA72,05-5150,2302,33000,24.370468,-156.421921,C-17A Globemaster,180,446,,False,adsb_icao
ae0679,2026-07-19 03:39:50.903773,RCH348,00-0174,3202,33975,59.766277,-144.641541,C-17A Globemaster,307,429,,False,adsb_icao
ae49c7,2026-07-19 03:39:50.903779,RCH102,09-9211,2000,33000,35.784119,-125.943031,C-17A Globemaster,67,508,64,False,adsb_icao
ae145b,2026-07-19 03:39:50.903783,RCH5060,06-6157,2416,33000,36.643593,-124.347939,C-17A Globemaster,45,528,64,False,adsb_icao
ae080e,2026-07-19 03:39:50.903788,RCH558,99-0168,5712,35000,45.665604,-123.774101,C-17A Globemaster,168,414,,False,adsb_icao
ae63c2,2026-07-19 03:39:50.903794,CABAL82,21-46086,2402,1175,38.32338,-121.839668,KC-46A Pegasus,231,144,-717,False,mlat
ae057b,2026-07-19 03:39:50.903799,RCH2019,87-0030,7204,38000,33.858158,-119.288307,C-5M Galaxy,266,442,0,False,mlat
ae63b8,2026-07-19 03:39:50.903804,CABAL62,20-46076,3356,35000,40.488426,-112.220535,KC-46A Pegasus,101,485,0,False,mlat
06a27a,2026-07-19 03:39:50.903811,LHOB244,A7-MAM,2674,Unavailable,56.540813,-102.554283,C-17A Globemaster,60,,0,False,other
ae07ea,2026-07-19 03:39:50.903818,LFTR75,95-0107,6235,11000,33.968651,-79.674164,C-17A Globemaster,28,321,0,False,mlat
ae1238,2026-07-19 03:39:50.903823,RCH692,03-3127,2446,9150,35.47718,-79.044235,C-17A Globemaster,31,306,,False,adsb_icao
ae1236,2026-07-19 03:39:50.903827,RCH268,03-3125,0731,33000,36.191055,-77.369911,C-17A Globemaster,38,484,0,False,mlat
ae1178,2026-07-19 03:39:50.903832,RCH405,02-1106,6524,33000,39.610783,-72.104378,C-17A Globemaster,43,483,14,False,mlat
ae013f,2026-07-19 03:39:50.903836,UNK C/S,60-0358,2006,34992,56.41016,-33.457146,KC-135R Stratotanker,69,,,False,adsc
ae1459,2026-07-19 03:39:50.903841,RCH209,06-6155,7401,5150,30.241079,35.100716,C-17A Globemaster,189,278,-320,False,adsb_icao
ae013e,2026-07-19 03:39:50.903850,UNK C/S,63-7981,5302,20975,31.3,34.1,KC-135R Stratotanker,,,,False,mode_s
ae0159,2026-07-19 03:39:50.903855,UNK C/S,57-1512,6132,20975,25.9,50.9,KC-135R Stratotanker,122,448,0,False,mode_s
ae1453,2026-07-19 03:39:50.903861,UNK C/S,05-5149,2270,24850,21.7,-157.3,C-17A Globemaster,,,,False,mode_s
ae63c7,2026-07-19 03:39:50.903866,FLYER40,21-46091,1530,22000,28.8,47.9,KC-46A Pegasus,,,,False,mode_s
ae2fad,2026-07-19 03:39:50.903870,RCH224,08-8201,2455,38000,37.4,-124.1,C-17A Globemaster,,,,False,mode_s
ae0692,2026-07-19 03:39:50.903877,UNK C/S,63-7997,1532,22000,25.8,55.1,KC-135R Stratotanker,250,442,,False,mode_s
ae5e0c,2026-07-19 03:39:50.903882,CABAL72,17-46031,3775,29025,42.4,-113.7,KC-46A Pegasus,,,,False,mode_s
ae1454,2026-07-19 03:40:51.169578,LAVA72,05-5150,2302,33000,24.246368,-156.423141,C-17A Globemaster,180,447,,False,adsb_icao
ae0679,2026-07-19 03:40:51.169596,RCH348,00-0174,3202,33975,59.838226,-144.83139,C-17A Globemaster,306,429,,False,adsb_icao
ae49c7,2026-07-19 03:40:51.169602,RCH102,09-9211,2423,33000,35.839031,-125.782059,C-17A Globemaster,67,508,0,False,adsb_icao
ae145b,2026-07-19 03:40:51.169606,RCH5060,06-6157,2416,32825,36.748104,-124.217445,C-17A Globemaster,45,527,-960,False,adsb_icao
ae080e,2026-07-19 03:40:51.169611,RCH558,99-0168,5712,35000,45.552109,-123.741623,C-17A Globemaster,168,414,,False,adsb_icao
ae63c2,2026-07-19 03:40:51.169616,CABAL82,21-46086,2402,475,38.298985,-121.874863,KC-46A Pegasus,228,136,-672,False,mlat
ae057b,2026-07-19 03:40:51.169621,RCH2019,87-0030,7204,38000,33.840557,-119.433365,C-5M Galaxy,264,441,0,False,mlat
ae5e0c,2026-07-19 03:40:51.169626,CABAL72,17-46031,3775,29025,41.24054,-115.812225,KC-46A Pegasus,,,-11,False,mlat
ae63b8,2026-07-19 03:40:51.169630,CABAL62,20-46076,3356,35025,40.472549,-112.046921,KC-46A Pegasus,98,490,60,False,mlat
ae07ea,2026-07-19 03:40:51.169639,LFTR75,95-0107,6235,11000,34.038841,-79.623009,C-17A Globemaster,31,302,0,False,mlat
ae1238,2026-07-19 03:40:51.169644,RCH692,03-3127,2446,10825,35.550781,-78.988716,C-17A Globemaster,32,314,,False,adsb_icao
ae1236,2026-07-19 03:40:51.169648,RCH268,03-3125,0731,33000,36.285316,-77.277504,C-17A Globemaster,38,491,0,False,mlat
ae1178,2026-07-19 03:40:51.169653,RCH405,02-1106,6524,33000,39.708576,-71.989845,C-17A Globemaster,42,498,37,False,mlat
ae013f,2026-07-19 03:40:51.169658,UNK C/S,60-0358,2006,34992,56.41016,-33.457146,KC-135R Stratotanker,69,,,False,adsc
ae1459,2026-07-19 03:40:51.169663,RCH209,06-6155,7401,5125,30.16543,35.085663,C-17A Globemaster,190,280,0,False,adsb_icao
ae013e,2026-07-19 03:40:51.169671,UNK C/S,63-7981,5302,20975,32.0,35.3,KC-135R Stratotanker,,,0,False,mode_s
ae0159,2026-07-19 03:40:51.169677,UNK C/S,57-1512,6132,20675,25.9,50.9,KC-135R Stratotanker,123,444,-1888,False,mode_s
ae1453,2026-07-19 03:40:51.169682,UNK C/S,05-5149,2270,22625,21.6,-158.2,C-17A Globemaster,,,,False,mode_s
ae63c7,2026-07-19 03:40:51.169686,FLYER40,21-46091,1530,22000,27.6,48.4,KC-46A Pegasus,,,,False,mode_s
ae2fad,2026-07-19 03:40:51.169691,RCH224,08-8201,2455,38000,37.5,-124.3,C-17A Globemaster,,,,False,mode_s
ae0692,2026-07-19 03:40:51.169697,UNK C/S,63-7997,1532,22000,25.8,55.1,KC-135R Stratotanker,250,442,,False,mode_s
ae1453,2026-07-19 03:41:51.450971,UNK C/S,05-5149,2270,20775,22.002804,-156.917923,C-17A Globemaster,,,-1863,False,mlat
ae1454,2026-07-19 03:41:51.450989,LAVA72,05-5150,2302,33000,24.1203,-156.424255,C-17A Globemaster,180,449,,False,adsb_icao
ae0679,2026-07-19 03:41:51.450994,RCH348,00-0174,3202,33950,59.909424,-145.020569,C-17A Globemaster,306,424,,False,adsb_icao
ae49c7,2026-07-19 03:41:51.450999,RCH102,09-9211,2423,33000,35.893265,-125.622406,C-17A Globemaster,67,507,-64,False,adsb_icao
ae145b,2026-07-19 03:41:51.451003,RCH5060,06-6157,2416,31575,36.847679,-124.091682,C-17A Globemaster,45,497,-1408,False,adsb_icao
ae080e,2026-07-19 03:41:51.451007,RCH558,99-0168,5712,35000,45.438847,-123.709541,C-17A Globemaster,168,414,,False,adsb_icao
ae057b,2026-07-19 03:41:51.451013,RCH2019,87-0030,7204,38000,33.825123,-119.579674,C-5M Galaxy,261,434,0,False,mlat
ae5e0c,2026-07-19 03:41:51.451018,CABAL72,17-46031,3775,29000,41.252193,-115.551567,KC-46A Pegasus,,,0,False,mlat
ae63b8,2026-07-19 03:41:51.451021,CABAL62,20-46076,3356,35000,40.455486,-111.871101,KC-46A Pegasus,98,475,-71,False,mlat
ae07ea,2026-07-19 03:41:51.451031,LFTR75,95-0107,6235,11000,34.114761,-79.561256,C-17A Globemaster,35,318,0,False,mlat
ae1238,2026-07-19 03:41:51.451035,RCH692,03-3127,2446,11950,35.626373,-78.924355,C-17A Globemaster,35,341,,False,adsb_icao
ae1236,2026-07-19 03:41:51.451040,RCH268,03-3125,0731,33000,36.409229,-77.171471,C-17A Globemaster,33,497,17,False,mlat
ae1178,2026-07-19 03:41:51.451045,RCH405,02-1106,6524,33000,39.814941,-71.860611,C-17A Globemaster,45,506,0,False,mlat
ae013f,2026-07-19 03:41:51.451049,UNK C/S,60-0358,2006,34992,56.41016,-33.457146,KC-135R Stratotanker,69,,,False,adsc
ae1459,2026-07-19 03:41:51.451054,RCH209,06-6155,7401,5125,30.156418,35.083817,C-17A Globemaster,190,280,0,False,adsb_icao
ae013e,2026-07-19 03:41:51.451063,UNK C/S,63-7981,5302,19550,31.6,33.8,KC-135R Stratotanker,351,414,-2208,False,mode_s
ae0159,2026-07-19 03:41:51.451068,UNK C/S,57-1512,6132,19575,25.9,50.0,KC-135R Stratotanker,123,438,,False,mode_s
ae63c7,2026-07-19 03:41:51.451074,FLYER40,21-46091,1530,22000,28.8,47.9,KC-46A Pegasus,,,,False,mode_s
ae2fad,2026-07-19 03:41:51.451078,RCH224,08-8201,2455,38000,37.0,-124.2,C-17A Globemaster,,,,False,mode_s
ae0477,2026-07-19 03:41:51.451083,UNK C/S,58-0038,0146,Unavailable,25.8,55.1,KC-135R Stratotanker,,,,False,mode_s
ae0692,2026-07-19 03:41:51.451088,UNK C/S,63-7997,1532,22000,25.8,55.1,KC-135R Stratotanker,251,442,-64,False,mode_s
ae1453,2026-07-19 03:42:51.705748,UNK C/S,05-5149,2270,18975,21.875877,-156.954941,C-17A Globemaster,,,,False,mlat
ae1454,2026-07-19 03:42:51.705768,LAVA72,05-5150,2302,33000,23.99469,-156.42543,C-17A Globemaster,180,450,,False,adsb_icao
ae0679,2026-07-19 03:42:51.705773,RCH348,00-0174,3202,33150,59.978508,-145.204727,C-17A Globemaster,306,411,,False,adsb_icao
ae49c7,2026-07-19 03:42:51.705779,RCH102,09-9211,2423,33000,35.948009,-125.46077,C-17A Globemaster,67,508,-64,False,adsb_icao
ae145b,2026-07-19 03:42:51.705783,RCH5060,06-6157,2416,30300,36.946369,-123.968231,C-17A Globemaster,45,504,-1216,False,adsb_icao
ae080e,2026-07-19 03:42:51.705787,RCH558,99-0168,5712,35000,45.326569,-123.677872,C-17A Globemaster,168,407,,False,adsb_icao
ae057b,2026-07-19 03:42:51.705792,RCH2019,87-0030,7204,38000,33.811996,-119.715469,C-5M Galaxy,261,432,0,False,mlat
ae5e0c,2026-07-19 03:42:51.705798,CABAL72,17-46031,3775,29000,41.313709,-115.383636,KC-46A Pegasus,63,489,0,False,mlat
ae63b8,2026-07-19 03:42:51.705802,CABAL62,20-46076,3356,35000,40.440147,-111.703545,KC-46A Pegasus,96,481,76,False,mlat
ae07ea,2026-07-19 03:42:51.705811,LFTR75,95-0107,6235,11000,34.182217,-79.511429,C-17A Globemaster,32,311,0,False,mlat
ae1238,2026-07-19 03:42:51.705815,RCH692,03-3127,2446,12525,35.709152,-78.853493,C-17A Globemaster,34,381,,False,adsb_icao
ae1236,2026-07-19 03:42:51.705819,RCH268,03-3125,0731,33000,36.527332,-77.075027,C-17A Globemaster,35,494,0,False,mlat
ae1178,2026-07-19 03:42:51.705824,RCH405,02-1106,6524,33000,39.894848,-71.76413,C-17A Globemaster,44,484,0,False,mlat
ae013f,2026-07-19 03:42:51.705829,UNK C/S,60-0358,2006,34992,56.961193,-30.17704,KC-135R Stratotanker,71,,,False,adsc
ae013e,2026-07-19 03:42:51.705840,UNK C/S,63-7981,5302,19000,31.1,33.8,KC-135R Stratotanker,351,416,64,False,mode_s
ae0159,2026-07-19 03:42:51.705845,UNK C/S,57-1512,6132,18275,25.9,50.9,KC-135R Stratotanker,122,422,-1280,False,mode_s
ae63c7,2026-07-19 03:42:51.705852,FLYER40,21-46091,1530,22000,27.6,48.4,KC-46A Pegasus,,,,False,mode_s
ae2fad,2026-07-19 03:42:51.705857,RCH224,08-8201,2455,38000,36.8,-124.3,C-17A Globemaster,,,,False,mode_s
ae0477,2026-07-19 03:42:51.705861,UNK C/S,58-0038,3434,24225,25.8,55.1,KC-135R Stratotanker,,,,False,mode_s
ae0692,2026-07-19 03:42:51.705866,UNK C/S,63-7997,1532,22000,25.8,55.1,KC-135R Stratotanker,251,442,0,False,mode_s
ae1453,2026-07-19 03:43:51.976422,UNK C/S,05-5149,2270,16975,21.785208,-157.040009,C-17A Globemaster,238,455,-1926,False,mlat
ae1454,2026-07-19 03:43:51.976438,LAVA72,05-5150,2302,33000,23.869537,-156.426132,C-17A Globemaster,180,453,,False,adsb_icao
ae0679,2026-07-19 03:43:51.976443,RCH348,00-0174,3202,32175,60.046646,-145.389664,C-17A Globemaster,306,424,,False,adsb_icao
ae49c7,2026-07-19 03:43:51.976448,RCH102,09-9211,2423,33000,36.002151,-125.300011,C-17A Globemaster,67,509,128,False,adsb_icao
ae145b,2026-07-19 03:43:51.976452,RCH5060,06-6157,2416,29125,37.044689,-123.844223,C-17A Globemaster,45,501,-1152,False,adsb_icao
ae080e,2026-07-19 03:43:51.976456,RCH558,99-0168,5712,35000,45.215469,-123.646545,C-17A Globemaster,168,406,,False,adsb_icao
ae057b,2026-07-19 03:43:51.976462,RCH2019,87-0030,7204,38000,33.800865,-119.854942,C-5M Galaxy,263,446,0,False,mlat
ae5e0c,2026-07-19 03:43:51.976467,CABAL72,17-46031,3775,29000,41.325558,-115.213737,KC-46A Pegasus,95,539,35,False,mlat
ae63b8,2026-07-19 03:43:51.976471,CABAL62,20-46076,3356,35025,40.42305,-111.52504,KC-46A Pegasus,95,468,44,False,mlat
ae07ea,2026-07-19 03:43:51.976481,LFTR75,95-0107,6235,11000,34.258827,-79.449532,C-17A Globemaster,35,311,0,False,mlat
ae1238,2026-07-19 03:43:51.976485,RCH692,03-3127,2446,13500,35.799091,-78.77758,C-17A Globemaster,34,400,,False,adsb_icao
ae1236,2026-07-19 03:43:51.976490,RCH268,03-3125,0731,33000,36.634266,-76.985725,C-17A Globemaster,34,494,0,False,mlat
ae1178,2026-07-19 03:43:51.976495,RCH405,02-1106,6524,33000,40.00198,-71.637367,C-17A Globemaster,41,483,2,False,mlat
ae013f,2026-07-19 03:43:51.976500,UNK C/S,60-0358,2006,35000,56.982651,-30.030956,KC-135R Stratotanker,74,,,False,adsc
ae013e,2026-07-19 03:43:51.976510,UNK C/S,63-7981,5302,19000,31.5,34.2,KC-135R Stratotanker,351,420,128,False,mode_s
ae0159,2026-07-19 03:43:51.976515,UNK C/S,57-1512,6132,17975,25.9,50.9,KC-135R Stratotanker,123,416,0,False,mode_s
ae63c7,2026-07-19 03:43:51.976521,FLYER40,21-46091,1530,22000,28.8,47.9,KC-46A Pegasus,,,,False,mode_s
ae2fad,2026-07-19 03:43:51.976526,RCH224,08-8201,2455,38000,36.8,-125.1,C-17A Globemaster,,,,False,mode_s
ae0477,2026-07-19 03:43:51.976531,UNK C/S,58-0038,3434,24000,25.9,55.1,KC-135R Stratotanker,,,,False,mode_s
ae0692,2026-07-19 03:43:51.976537,UNK C/S,63-7997,1532,22000,25.6,55.2,KC-135R Stratotanker,269,442,,False,mode_s
ae1453,2026-07-19 03:44:52.269824,UNK C/S,05-5149,2270,14675,21.703421,-157.141022,C-17A Globemaster,230,414,-2289,False,mlat
ae1454,2026-07-19 03:44:52.269841,LAVA72,05-5150,2302,33000,23.748531,-156.427383,C-17A Globemaster,180,452,,False,adsb_icao
ae0679,2026-07-19 03:44:52.269847,RCH348,00-0174,3202,31175,60.117325,-145.582764,C-17A Globemaster,306,430,,False,adsb_icao
ae49c7,2026-07-19 03:44:52.269853,RCH102,09-9211,2423,33000,36.062202,-125.140938,C-17A Globemaster,52,521,0,False,adsb_icao
ae145b,2026-07-19 03:44:52.269858,RCH5060,06-6157,2416,27925,37.143265,-123.719086,C-17A Globemaster,45,502,-1152,False,adsb_icao
ae080e,2026-07-19 03:44:52.269862,RCH558,99-0168,5712,35000,45.104141,-123.615349,C-17A Globemaster,168,405,,False,adsb_icao
ae057b,2026-07-19 03:44:52.269868,RCH2019,87-0030,7204,38000,33.785938,-120.010811,C-5M Galaxy,266,433,0,False,mlat
ae5e0c,2026-07-19 03:44:52.269875,CABAL72,17-46031,3775,29025,41.328503,-115.025261,KC-46A Pegasus,87,517,-68,False,mlat
ae63b8,2026-07-19 03:44:52.269879,CABAL62,20-46076,3356,35000,40.400936,-111.355049,KC-46A Pegasus,102,478,0,False,mlat
ae07ea,2026-07-19 03:44:52.269889,LFTR75,95-0107,6235,11000,34.332394,-79.392235,C-17A Globemaster,34,306,0,False,mlat
ae1238,2026-07-19 03:44:52.269893,RCH692,03-3127,2446,14600,35.893078,-78.698456,C-17A Globemaster,34,410,,False,adsb_icao
ae1236,2026-07-19 03:44:52.269898,RCH268,03-3125,0731,32950,36.756371,-76.884117,C-17A Globemaster,31,492,-98,False,mlat
ae1178,2026-07-19 03:44:52.269903,RCH405,02-1106,6524,33000,40.109577,-71.513222,C-17A Globemaster,42,476,0,False,mlat
ae013f,2026-07-19 03:44:52.269908,UNK C/S,60-0358,2006,35000,56.982651,-30.030956,KC-135R Stratotanker,74,,,False,adsc
ae013e,2026-07-19 03:44:52.269918,UNK C/S,63-7981,5302,19000,31.4,33.4,KC-135R Stratotanker,351,422,-64,False,mode_s
ae0159,2026-07-19 03:44:52.269924,UNK C/S,57-1512,6132,17975,25.9,50.9,KC-135R Stratotanker,123,420,32,False,mode_s
ae63c7,2026-07-19 03:44:52.269930,FLYER40,21-46091,1530,22000,28.8,47.9,KC-46A Pegasus,,,,False,mode_s
ae2fad,2026-07-19 03:44:52.269935,RCH224,08-8201,2455,38000,37.0,-125.2,C-17A Globemaster,,,,False,mode_s
ae0477,2026-07-19 03:44:52.269940,UNK C/S,58-0038,3434,24000,25.8,55.1,KC-135R Stratotanker,,,,False,mode_s
ae1453,2026-07-19 03:45:52.519930,UNK C/S,05-5149,2270,12825,21.652105,-157.218567,C-17A Globemaster,230,394,-2128,False,mlat
ae1454,2026-07-19 03:45:52.519948,LAVA72,05-5150,2302,33000,23.617722,-156.438095,C-17A Globemaster,196,444,,False,adsb_icao
ae0679,2026-07-19 03:45:52.519954,RCH348,00-0174,3202,30200,60.18782,-145.776352,C-17A Globemaster,305,432,,False,adsb_icao
ae49c7,2026-07-19 03:45:52.519958,RCH102,09-9211,2423,33000,36.163826,-125.010681,C-17A Globemaster,45,526,-64,False,adsb_icao
ae145b,2026-07-19 03:45:52.519962,RCH5060,06-6157,2416,26750,37.240906,-123.594582,C-17A Globemaster,45,498,-1280,False,adsb_icao
ae080e,2026-07-19 03:45:52.519967,RCH558,99-0168,5712,35000,44.99382,-123.584488,C-17A Globemaster,168,408,,False,adsb_icao
ae057b,2026-07-19 03:45:52.519972,RCH2019,87-0030,7204,38000,33.769524,-120.143486,C-5M Galaxy,261,437,0,False,mlat
ae5e0c,2026-07-19 03:45:52.519978,CABAL72,17-46031,3775,29025,41.321632,-114.842369,KC-46A Pegasus,93,496,-74,False,mlat
ae63b8,2026-07-19 03:45:52.519982,CABAL62,20-46076,3356,35025,40.413895,-111.181473,KC-46A Pegasus,75,492,-42,False,mlat
ae07ea,2026-07-19 03:45:52.519993,LFTR75,95-0107,6235,11000,34.398769,-79.34465,C-17A Globemaster,26,293,0,False,mlat
ae1238,2026-07-19 03:45:52.519997,RCH692,03-3127,2446,15725,35.987999,-78.618279,C-17A Globemaster,34,419,,False,adsb_icao
ae1236,2026-07-19 03:45:52.520001,RCH268,03-3125,0731,32000,36.865475,-76.791862,C-17A Globemaster,35,497,-989,False,mlat
ae1178,2026-07-19 03:45:52.520006,RCH405,02-1106,6524,33000,40.202869,-71.391533,C-17A Globemaster,44,482,-4,False,mlat
ae013f,2026-07-19 03:45:52.520011,UNK C/S,60-0358,2006,35000,56.982651,-30.030956,KC-135R Stratotanker,74,,,False,adsc
ae013e,2026-07-19 03:45:52.520020,UNK C/S,63-7981,5302,19000,31.5,34.4,KC-135R Stratotanker,351,422,-160,False,mode_s
ae0159,2026-07-19 03:45:52.520025,UNK C/S,57-1512,6132,17975,25.9,50.9,KC-135R Stratotanker,123,420,-32,False,mode_s
ae63c7,2026-07-19 03:45:52.520030,FLYER40,21-46091,1530,22000,28.8,47.9,KC-46A Pegasus,,,,False,mode_s
ae2fad,2026-07-19 03:45:52.520035,RCH224,08-8201,2455,38000,36.5,-125.4,C-17A Globemaster,,,,False,mode_s
ae0477,2026-07-19 03:45:52.520040,UNK C/S,58-0038,3434,24000,25.8,55.1,KC-135R Stratotanker,,,,False,mode_s
ae1453,2026-07-19 03:46:52.777497,UNK C/S,05-5149,2270,11025,21.570356,-157.319305,C-17A Globemaster,226,340,-1675,False,mlat
ae1454,2026-07-19 03:46:52.777515,LAVA72,05-5150,2302,33000,23.497787,-156.474121,C-17A Globemaster,195,447,,False,adsb_icao
ae0679,2026-07-19 03:46:52.777520,RCH348,00-0174,3202,29200,60.257721,-145.969757,C-17A Globemaster,305,422,,False,adsb_icao
ae49c7,2026-07-19 03:46:52.777525,RCH102,09-9211,2423,33000,36.266693,-124.880333,C-17A Globemaster,45,528,0,False,adsb_icao
ae080e,2026-07-19 03:46:52.777529,RCH558,99-0168,5712,35000,44.88176,-123.553291,C-17A Globemaster,168,408,,False,adsb_icao
ae145b,2026-07-19 03:46:52.777533,RCH5060,06-6157,2416,25575,37.338108,-123.470268,C-17A Globemaster,45,494,-1152,False,adsb_icao
ae057b,2026-07-19 03:46:52.777539,RCH2019,87-0030,7204,38000,33.758732,-120.284409,C-5M Galaxy,266,429,0,False,mlat
ae5e0c,2026-07-19 03:46:52.777545,CABAL72,17-46031,3775,29025,41.323563,-114.675766,KC-46A Pegasus,93,472,-15,False,mlat
ae63b8,2026-07-19 03:46:52.777550,CABAL62,20-46076,3356,35000,40.435028,-111.018211,KC-46A Pegasus,81,478,-21,False,mlat
ae07ea,2026-07-19 03:46:52.777559,LFTR75,95-0107,6235,11000,34.478226,-79.279144,C-17A Globemaster,29,306,0,False,mlat
ae1238,2026-07-19 03:46:52.777563,RCH692,03-3127,2446,16700,36.085945,-78.535065,C-17A Globemaster,34,429,,False,adsb_icao
ae1236,2026-07-19 03:46:52.777567,RCH268,03-3125,0731,31000,36.987373,-76.69014,C-17A Globemaster,33,482,-1002,False,mlat
ae1178,2026-07-19 03:46:52.777571,RCH405,02-1106,6524,33000,40.29665,-71.276115,C-17A Globemaster,43,497,0,False,mlat
ae013f,2026-07-19 03:46:52.777576,UNK C/S,60-0358,2006,35000,56.982651,-30.030956,KC-135R Stratotanker,74,,,False,adsc
ae013e,2026-07-19 03:46:52.777582,UNK C/S,63-7981,5302,19000,30.948883,36.535614,KC-135R Stratotanker,25,426,0,False,mlat
ae0159,2026-07-19 03:46:52.777591,UNK C/S,57-1512,6132,17975,25.9,50.9,KC-135R Stratotanker,123,422,0,False,mode_s
ae63c7,2026-07-19 03:46:52.777597,FLYER40,21-46091,1530,22000,27.6,48.4,KC-46A Pegasus,,,,False,mode_s
ae2fad,2026-07-19 03:46:52.777603,RCH224,08-8201,2455,38000,35.9,-125.4,C-17A Globemaster,,,,False,mode_s
ae0477,2026-07-19 03:46:52.777607,UNK C/S,58-0038,3434,24000,25.8,55.1,KC-135R Stratotanker,,,,False,mode_s
ae1453,2026-07-19 03:47:53.040943,UNK C/S,05-5149,2270,9900,21.495363,-157.410019,C-17A Globemaster,226,427,-282,False,mlat
ae1454,2026-07-19 03:47:53.040961,LAVA72,05-5150,2302,33000,23.377371,-156.510117,C-17A Globemaster,195,446,,False,adsb_icao
ae0679,2026-07-19 03:47:53.040966,RCH348,00-0174,3202,28200,60.32666,-146.162292,C-17A Globemaster,305,427,,False,adsb_icao
ae49c7,2026-07-19 03:47:53.040971,RCH102,09-9211,2423,33000,36.370148,-124.751038,C-17A Globemaster,40,530,-64,False,adsb_icao
ae080e,2026-07-19 03:47:53.040975,RCH558,99-0168,5712,35000,44.770683,-123.522507,C-17A Globemaster,168,405,,False,adsb_icao
ae145b,2026-07-19 03:47:53.040978,RCH5060,06-6157,2416,24375,37.433121,-123.348358,C-17A Globemaster,45,485,-1216,False,adsb_icao
ae057b,2026-07-19 03:47:53.040984,RCH2019,87-0030,7204,38000,33.739712,-120.44046,C-5M Galaxy,262,438,0,False,mlat
ae5e0c,2026-07-19 03:47:53.040989,CABAL72,17-46031,3775,28975,41.322563,-114.491371,KC-46A Pegasus,92,483,-61,False,mlat
ae63b8,2026-07-19 03:47:53.040993,CABAL62,20-46076,3356,35000,40.459785,-110.836205,KC-46A Pegasus,80,467,0,False,mlat
ae07ea,2026-07-19 03:47:53.041002,LFTR75,95-0107,6235,10500,34.544827,-79.22319,C-17A Globemaster,36,305,-960,False,mlat
ae1238,2026-07-19 03:47:53.041006,RCH692,03-3127,2446,17875,36.185669,-78.450111,C-17A Globemaster,34,433,,False,adsb_icao
ae1236,2026-07-19 03:47:53.041010,RCH268,03-3125,0731,30000,37.102306,-76.593704,C-17A Globemaster,33,486,-956,False,mlat
ae1178,2026-07-19 03:47:53.041014,RCH405,02-1106,6524,33000,40.406818,-71.141876,C-17A Globemaster,40,483,0,False,mlat
ae013f,2026-07-19 03:47:53.041019,UNK C/S,60-0358,2006,35000,56.982651,-30.030956,KC-135R Stratotanker,74,,,False,adsc
ae013e,2026-07-19 03:47:53.041024,UNK C/S,63-7981,5302,19000,31.019321,36.663525,KC-135R Stratotanker,60,428,-32,False,mlat
ae0159,2026-07-19 03:47:53.041033,UNK C/S,57-1512,6132,17975,25.9,50.9,KC-135R Stratotanker,123,422,-128,False,mode_s
ae63c7,2026-07-19 03:47:53.041039,FLYER40,21-46091,1530,22000,27.6,48.4,KC-46A Pegasus,,,,False,mode_s
ae2fad,2026-07-19 03:47:53.041044,RCH224,08-8201,2455,38000,36.1,-125.5,C-17A Globemaster,,,,False,mode_s
af3b4b,2026-07-19 03:47:53.041048,UNK C/S,,Unavailable,Unavailable,35.1,140.6,E-6B TACAMO,,,,False,mode_s
ae0477,2026-07-19 03:47:53.041052,UNK C/S,58-0038,3434,24000,25.6,55.2,KC-135R Stratotanker,,,,False,mode_s
ae1453,2026-07-19 03:48:53.330650,UNK C/S,05-5149,2270,9900,21.419809,-157.501602,C-17A Globemaster,228,403,0,False,mlat
ae1454,2026-07-19 03:48:53.330668,LAVA72,05-5150,2302,33000,23.25745,-156.546066,C-17A Globemaster,195,447,,False,adsb_icao
ae0679,2026-07-19 03:48:53.330674,RCH348,00-0174,3202,27975,60.39537,-146.356552,C-17A Globemaster,305,426,,False,adsb_icao
ae49c7,2026-07-19 03:48:53.330678,RCH102,09-9211,2423,33000,36.496769,-124.653099,C-17A Globemaster,31,535,-64,False,adsb_icao
ae080e,2026-07-19 03:48:53.330682,RCH558,99-0168,5712,35000,44.659702,-123.491821,C-17A Globemaster,168,403,,False,adsb_icao
ae145b,2026-07-19 03:48:53.330687,RCH5060,06-6157,2416,23175,37.526459,-123.227974,C-17A Globemaster,45,477,-1216,False,adsb_icao
ae057b,2026-07-19 03:48:53.330693,RCH2019,87-0030,7204,38000,33.720478,-120.58474,C-5M Galaxy,260,435,0,False,mlat
ae5e0c,2026-07-19 03:48:53.330699,CABAL72,17-46031,3775,29000,41.270973,-114.273582,KC-46A Pegasus,114,531,25,False,mlat
ae63b8,2026-07-19 03:48:53.330702,CABAL62,20-46076,3356,35000,40.48204,-110.667839,KC-46A Pegasus,81,466,0,False,mlat
ae07ea,2026-07-19 03:48:53.330713,LFTR75,95-0107,2176,10025,34.61729,-79.167686,C-17A Globemaster,31,290,-67,False,mlat
ae1238,2026-07-19 03:48:53.330717,RCH692,03-3127,2446,18800,36.285561,-78.364716,C-17A Globemaster,34,438,,False,adsb_icao
ae1236,2026-07-19 03:48:53.330721,RCH268,03-3125,0731,29050,37.212524,-76.500267,C-17A Globemaster,33,490,-952,False,mlat
ae1178,2026-07-19 03:48:53.330725,RCH405,02-1106,6524,33000,40.514759,-71.019112,C-17A Globemaster,37,472,0,False,mlat
ae013f,2026-07-19 03:48:53.330730,UNK C/S,60-0358,2006,35000,56.982651,-30.030956,KC-135R Stratotanker,74,,,False,adsc
ae013e,2026-07-19 03:48:53.330735,UNK C/S,63-7981,5302,19000,31.067745,36.717751,KC-135R Stratotanker,27,424,0,False,mlat
ae0692,2026-07-19 03:48:53.330745,UNK C/S,63-7997,1532,Unavailable,25.7,53.5,KC-135R Stratotanker,,,,False,mode_s
ae0159,2026-07-19 03:48:53.330749,UNK C/S,57-1512,6132,Unavailable,26.4,55.3,KC-135R Stratotanker,,,,False,mode_s
ae63c7,2026-07-19 03:48:53.330754,FLYER40,21-46091,1530,22000,28.8,47.9,KC-46A Pegasus,,,,False,mode_s
ae2fad,2026-07-19 03:48:53.330759,RCH224,08-8201,2455,38000,36.3,-125.6,C-17A Globemaster,,,,False,mode_s
ae0477,2026-07-19 03:48:53.330764,UNK C/S,58-0038,3434,24000,25.6,55.3,KC-135R Stratotanker,,,,False,mode_s
ae1453,2026-07-19 03:49:53.567048,UNK C/S,05-5149,2270,9925,21.380884,-157.592804,C-17A Globemaster,258,349,0,False,mlat
ae1454,2026-07-19 03:49:53.567065,LAVA72,05-5150,2302,33000,23.137953,-156.581833,C-17A Globemaster,195,445,,False,adsb_icao
ae0679,2026-07-19 03:49:53.567071,RCH348,00-0174,3202,27975,60.463863,-146.551239,C-17A Globemaster,305,425,,False,adsb_icao
ae49c7,2026-07-19 03:49:53.567075,RCH102,09-9211,2423,33000,36.623482,-124.558083,C-17A Globemaster,32,532,128,False,adsb_icao
ae080e,2026-07-19 03:49:53.567079,RCH558,99-0168,5712,35000,44.549839,-123.46154,C-17A Globemaster,168,405,,False,adsb_icao
ae145b,2026-07-19 03:49:53.567083,RCH5060,06-6157,2416,21975,37.619339,-123.107712,C-17A Globemaster,45,470,-1216,False,adsb_icao
ae057b,2026-07-19 03:49:53.567088,RCH2019,87-0030,7204,38000,33.707008,-120.719391,C-5M Galaxy,264,429,0,False,mlat
ae5e0c,2026-07-19 03:49:53.567094,CABAL72,17-46031,3775,29000,41.237343,-114.117973,KC-46A Pegasus,103,502,-16,False,mlat
ae63b8,2026-07-19 03:49:53.567098,CABAL62,20-46076,3356,35000,40.504852,-110.515572,KC-46A Pegasus,79,481,0,False,mlat
ae07ea,2026-07-19 03:49:53.567107,LFTR75,95-0107,2176,10025,34.691158,-79.109398,C-17A Globemaster,33,307,63,False,mlat
ae1238,2026-07-19 03:49:53.567111,RCH692,03-3127,2446,19550,36.38686,-78.278,C-17A Globemaster,34,448,,False,adsb_icao
ae1236,2026-07-19 03:49:53.567115,RCH268,03-3125,0731,28975,37.333855,-76.402565,C-17A Globemaster,30,508,0,False,mlat
ae1178,2026-07-19 03:49:53.567119,RCH405,02-1106,6524,33000,40.59473,-70.898781,C-17A Globemaster,49,507,75,False,mlat
ae013f,2026-07-19 03:49:53.567124,UNK C/S,60-0358,2006,35000,56.982651,-30.030956,KC-135R Stratotanker,74,,,False,adsc
ae013e,2026-07-19 03:49:53.567130,UNK C/S,63-7981,5302,19000,31.212564,36.829315,KC-135R Stratotanker,21,424,128,False,mlat
ae0692,2026-07-19 03:49:53.567139,UNK C/S,63-7997,1532,Unavailable,25.8,53.0,KC-135R Stratotanker,285,444,0,False,mode_s
ae0159,2026-07-19 03:49:53.567144,UNK C/S,57-1512,6132,Unavailable,25.9,50.9,KC-135R Stratotanker,,,,False,mode_s
ae63c7,2026-07-19 03:49:53.567149,FLYER40,21-46091,1530,22000,27.6,48.4,KC-46A Pegasus,,,,False,mode_s
ae2fad,2026-07-19 03:49:53.567154,RCH224,08-8201,2455,38000,36.8,-125.7,C-17A Globemaster,,,,False,mode_s
ae1453,2026-07-19 03:50:53.793413,UNK C/S,05-5149,2270,9800,21.346697,-157.689865,C-17A Globemaster,250,310,-127,False,mlat
ae1454,2026-07-19 03:50:53.793432,LAVA72,05-5150,2302,33000,23.016916,-156.617996,C-17A Globemaster,195,445,,False,adsb_icao
ae0679,2026-07-19 03:50:53.793437,RCH348,00-0174,3202,26900,60.517868,-146.76474,C-17A Globemaster,294,421,,False,adsb_icao
ae49c7,2026-07-19 03:50:53.793442,RCH102,09-9211,2423,33000,36.727947,-124.428871,C-17A Globemaster,47,528,-128,False,adsb_icao
ae080e,2026-07-19 03:50:53.793446,RCH558,99-0168,5712,35000,44.438488,-123.431061,C-17A Globemaster,168,406,,False,adsb_icao
ae145b,2026-07-19 03:50:53.793450,RCH5060,06-6157,2416,20775,37.709034,-122.991463,C-17A Globemaster,45,456,-1280,False,adsb_icao
ae057b,2026-07-19 03:50:53.793455,RCH2019,87-0030,7204,38000,33.693611,-120.848938,C-5M Galaxy,265,426,0,False,mlat
ae5e0c,2026-07-19 03:50:53.793461,CABAL72,17-46031,3775,29000,41.199181,-113.964157,KC-46A Pegasus,110,492,8,False,mlat
ae63b8,2026-07-19 03:50:53.793465,CABAL62,20-46076,3356,35000,40.533253,-110.329079,KC-46A Pegasus,77,469,-12,False,mlat
ae07ea,2026-07-19 03:50:53.793474,LFTR75,95-0107,2176,8850,34.768269,-79.059952,C-17A Globemaster,21,308,-1437,False,mlat
ae1238,2026-07-19 03:50:53.793478,RCH692,03-3127,2446,20425,36.496956,-78.202789,C-17A Globemaster,23,446,,False,adsb_icao
ae1236,2026-07-19 03:50:53.793483,RCH268,03-3125,0731,29000,37.456909,-76.30999,C-17A Globemaster,31,513,4,False,mlat
ae1178,2026-07-19 03:50:53.793487,RCH405,02-1106,6524,33000,40.703476,-70.774872,C-17A Globemaster,41,511,0,False,mlat
ae013f,2026-07-19 03:50:53.793492,UNK C/S,60-0358,2006,35000,56.982651,-30.030956,KC-135R Stratotanker,74,,,False,adsc
ae013e,2026-07-19 03:50:53.793498,UNK C/S,63-7981,5302,19000,31.323658,36.864117,KC-135R Stratotanker,21,424,0,False,mlat
ae04dc,2026-07-19 03:50:53.793506,UNK C/S,57-1461,Unavailable,Unavailable,32.9,33.7,KC-135R Stratotanker,,,,False,mode_s
ae0159,2026-07-19 03:50:53.793512,UNK C/S,57-1512,6132,17975,25.9,50.9,KC-135R Stratotanker,89,420,0,False,mode_s
ae63c7,2026-07-19 03:50:53.793516,FLYER40,21-46091,1530,22000,27.6,48.4,KC-46A Pegasus,,,,False,mode_s
ae2fad,2026-07-19 03:50:53.793522,RCH224,08-8201,2455,38000,36.8,-125.8,C-17A Globemaster,,,,False,mode_s
ae1453,2026-07-19 03:51:54.046092,UNK C/S,05-5149,2270,8475,21.318062,-157.77243,C-17A Globemaster,252,289,-1294,False,mlat
ae1454,2026-07-19 03:51:54.046109,LAVA72,05-5150,2302,33000,22.897137,-156.653702,C-17A Globemaster,195,445,,False,adsb_icao
ae0679,2026-07-19 03:51:54.046115,RCH348,00-0174,3202,25400,60.564789,-146.979828,C-17A Globemaster,293,416,,False,adsb_icao
ae49c7,2026-07-19 03:51:54.046120,RCH102,09-9211,2423,33000,36.826996,-124.294228,C-17A Globemaster,47,528,-64,False,adsb_icao
ae080e,2026-07-19 03:51:54.046124,RCH558,99-0168,5712,35000,44.327461,-123.400719,C-17A Globemaster,168,405,,False,adsb_icao
ae145b,2026-07-19 03:51:54.046128,RCH5060,06-6157,2416,19225,37.796555,-122.877426,C-17A Globemaster,46,448,-1664,False,adsb_icao
ae057b,2026-07-19 03:51:54.046133,RCH2019,87-0030,7204,38000,33.675053,-121.008896,C-5M Galaxy,,,0,False,mlat
ae5e0c,2026-07-19 03:51:54.046139,CABAL72,17-46031,3775,29000,41.152248,-113.758423,KC-46A Pegasus,108,522,29,False,mlat
ae63b8,2026-07-19 03:51:54.046143,CABAL62,20-46076,3356,35000,40.561516,-110.164909,KC-46A Pegasus,78,488,-53,False,mlat
ae07ea,2026-07-19 03:51:54.046153,LFTR75,95-0107,2176,7375,34.842102,-79.019997,C-17A Globemaster,25,287,-1495,False,mlat
ae1238,2026-07-19 03:51:54.046157,RCH692,03-3127,2446,21075,36.611614,-78.141312,C-17A Globemaster,23,455,,False,adsb_icao
ae1236,2026-07-19 03:51:54.046161,RCH268,03-3125,0731,28100,37.568768,-76.226593,C-17A Globemaster,30,489,-1039,False,mlat
ae1178,2026-07-19 03:51:54.046165,RCH405,02-1106,6524,33000,40.801022,-70.635834,C-17A Globemaster,48,492,-37,False,mlat
ae013f,2026-07-19 03:51:54.046170,UNK C/S,60-0358,2006,35000,56.982651,-30.030956,KC-135R Stratotanker,74,,,False,adsc
ae013e,2026-07-19 03:51:54.046176,UNK C/S,63-7981,5302,19000,31.426266,36.89307,KC-135R Stratotanker,21,424,64,False,mlat
ae0692,2026-07-19 03:51:54.046186,UNK C/S,63-7997,1532,Unavailable,25.8,51.9,KC-135R Stratotanker,,,,False,mode_s
ae0159,2026-07-19 03:51:54.046191,UNK C/S,57-1512,6132,17975,26.1,56.4,KC-135R Stratotanker,89,416,-32,False,mode_s
ae63c7,2026-07-19 03:51:54.046195,FLYER40,21-46091,1530,22000,27.6,48.4,KC-46A Pegasus,,,,False,mode_s
ae2fad,2026-07-19 03:51:54.046200,RCH224,08-8201,2455,38000,37.0,-125.2,C-17A Globemaster,,,,False,mode_s
ae1453,2026-07-19 03:52:54.275273,UNK C/S,05-5149,2270,7925,21.290071,-157.855072,C-17A Globemaster,251,290,-78,False,mlat
ae1454,2026-07-19 03:52:54.275293,LAVA72,05-5150,2302,33000,22.778429,-156.688995,C-17A Globemaster,195,444,,False,adsb_icao
ae0679,2026-07-19 03:52:54.275299,RCH348,00-0174,3202,23900,60.611572,-147.196976,C-17A Globemaster,293,422,,False,adsb_icao
ae49c7,2026-07-19 03:52:54.275303,RCH102,09-9211,2423,33000,36.926559,-124.157135,C-17A Globemaster,48,527,128,False,adsb_icao
ae080e,2026-07-19 03:52:54.275307,RCH558,99-0168,5712,35000,44.216675,-123.370583,C-17A Globemaster,168,404,,False,adsb_icao
ae145b,2026-07-19 03:52:54.275311,RCH5060,06-6157,2416,17625,37.882999,-122.764038,C-17A Globemaster,46,439,-1536,False,adsb_icao
ae057b,2026-07-19 03:52:54.275317,RCH2019,87-0030,7204,38000,33.661995,-121.123131,C-5M Galaxy,262,398,0,False,mlat
ae5e0c,2026-07-19 03:52:54.275322,CABAL72,17-46031,3775,29025,41.114704,-113.60173,KC-46A Pegasus,108,495,-2,False,mlat
ae63b8,2026-07-19 03:52:54.275326,CABAL62,20-46076,3356,35000,40.584248,-109.982536,KC-46A Pegasus,79,488,0,False,mlat
ae07ea,2026-07-19 03:52:54.275336,LFTR75,95-0107,2176,5825,34.916954,-78.980957,C-17A Globemaster,22,280,-1498,False,mlat
ae1238,2026-07-19 03:52:54.275340,RCH692,03-3127,2446,21850,36.729485,-78.077675,C-17A Globemaster,23,458,,False,adsb_icao
ae1236,2026-07-19 03:52:54.275345,RCH268,03-3125,0731,27100,37.689877,-76.135071,C-17A Globemaster,30,500,-991,False,mlat
ae1178,2026-07-19 03:52:54.275349,RCH405,02-1106,6524,33000,40.902874,-70.515816,C-17A Globemaster,43,492,0,False,mlat
ae013f,2026-07-19 03:52:54.275354,UNK C/S,60-0358,2006,35000,56.982651,-30.030956,KC-135R Stratotanker,74,,,False,adsc
ae013e,2026-07-19 03:52:54.275360,UNK C/S,63-7981,5302,19000,31.87623,35.004677,KC-135R Stratotanker,21,422,0,False,mlat
ae0159,2026-07-19 03:52:54.275370,UNK C/S,57-1512,6132,18000,26.1,56.4,KC-135R Stratotanker,89,412,0,False,mode_s
ae63c7,2026-07-19 03:52:54.275376,FLYER40,21-46091,1530,22000,27.6,48.4,KC-46A Pegasus,,,,False,mode_s
ae2fad,2026-07-19 03:52:54.275380,RCH224,08-8201,2455,38000,36.3,-125.5,C-17A Globemaster,,,,False,mode_s
ae0477,2026-07-19 03:52:54.275385,UNK C/S,58-0038,3434,24000,25.8,51.7,KC-135R Stratotanker,,,,False,mode_s
ae1453,2026-07-19 03:53:54.504529,UNK C/S,05-5149,2270,7125,21.263523,-157.938385,C-17A Globemaster,254,289,-1787,False,mlat
ae1454,2026-07-19 03:53:54.504548,LAVA72,05-5150,2302,33000,22.657471,-156.724869,C-17A Globemaster,195,447,,False,adsb_icao
ae0679,2026-07-19 03:53:54.504554,RCH348,00-0174,3202,22400,60.657845,-147.412781,C-17A Globemaster,293,415,,False,adsb_icao
ae49c7,2026-07-19 03:53:54.504559,RCH102,09-9211,2423,32700,37.024715,-124.020836,C-17A Globemaster,48,529,-1536,False,adsb_icao
ae080e,2026-07-19 03:53:54.504562,RCH558,99-0168,5712,35000,44.106812,-123.340889,C-17A Globemaster,168,401,,False,adsb_icao
ae145b,2026-07-19 03:53:54.504567,RCH5060,06-6157,2416,16050,37.966003,-122.65519,C-17A Globemaster,46,422,-1664,False,adsb_icao
ae057b,2026-07-19 03:53:54.504573,RCH2019,87-0030,7204,38000,33.64286,-121.285408,C-5M Galaxy,285,672,0,False,mlat
ae5e0c,2026-07-19 03:53:54.504578,CABAL72,17-46031,3775,29000,41.073742,-113.428642,KC-46A Pegasus,108,508,0,False,mlat
ae63b8,2026-07-19 03:53:54.504582,CABAL62,20-46076,3356,35025,40.614937,-109.821693,KC-46A Pegasus,76,474,61,False,mlat
ae07ea,2026-07-19 03:53:54.504593,LFTR75,95-0107,2176,4325,34.991325,-78.940956,C-17A Globemaster,23,283,-1485,False,mlat
ae1238,2026-07-19 03:53:54.504597,RCH692,03-3127,2446,22650,36.845856,-78.013229,C-17A Globemaster,23,458,,False,adsb_icao
ae1236,2026-07-19 03:53:54.504602,RCH268,03-3125,0731,26125,37.81501,-76.042465,C-17A Globemaster,30,493,-1005,False,mlat
ae1178,2026-07-19 03:53:54.504606,RCH405,02-1106,6524,33000,40.997181,-70.391342,C-17A Globemaster,44,492,48,False,mlat
ae013f,2026-07-19 03:53:54.504611,UNK C/S,60-0358,2006,35000,56.982651,-30.030956,KC-135R Stratotanker,74,,,False,adsc
ae013e,2026-07-19 03:53:54.504616,UNK C/S,63-7981,5302,19000,31.646473,37.004951,KC-135R Stratotanker,20,420,0,False,mlat
ae0159,2026-07-19 03:53:54.504627,UNK C/S,57-1512,6132,18000,26.1,56.4,KC-135R Stratotanker,89,408,32,False,mode_s
ae63c7,2026-07-19 03:53:54.504631,FLYER40,21-46091,1530,22000,27.6,48.4,KC-46A Pegasus,,,,False,mode_s
ae2fad,2026-07-19 03:53:54.504636,RCH224,08-8201,2455,38000,35.8,-125.4,C-17A Globemaster,,,,False,mode_s
ae0477,2026-07-19 03:53:54.504640,UNK C/S,58-0038,3434,24000,25.9,51.5,KC-135R Stratotanker,,,,False,mode_s
ae1453,2026-07-19 03:54:54.807539,UNK C/S,05-5149,2270,5825,21.26236,-158.023743,C-17A Globemaster,271,266,-1100,False,mlat
ae1454,2026-07-19 03:54:54.807556,LAVA72,05-5150,2302,31525,22.543167,-156.758926,C-17A Globemaster,195,457,,False,adsb_icao
ae0679,2026-07-19 03:54:54.807562,RCH348,00-0174,3202,20900,60.703236,-147.626923,C-17A Globemaster,293,405,,False,adsb_icao
ae49c7,2026-07-19 03:54:54.807567,RCH102,09-9211,2423,31025,37.122524,-123.884224,C-17A Globemaster,48,524,-1856,False,adsb_icao
ae080e,2026-07-19 03:54:54.807571,RCH558,99-0168,5712,35000,43.99736,-123.31131,C-17A Globemaster,169,404,,False,adsb_icao
ae145b,2026-07-19 03:54:54.807575,RCH5060,06-6157,2416,14425,38.047981,-122.548187,C-17A Globemaster,45,415,-1600,False,adsb_icao
ae057b,2026-07-19 03:54:54.807580,RCH2019,87-0030,7204,38000,33.648338,-121.410683,C-5M Galaxy,,,0,False,mlat
ae5e0c,2026-07-19 03:54:54.807586,CABAL72,17-46031,3775,29000,41.025185,-113.22477,KC-46A Pegasus,105,521,0,False,mlat
ae63b8,2026-07-19 03:54:54.807590,CABAL62,20-46076,3356,35000,40.641941,-109.672523,KC-46A Pegasus,76,450,-4,False,mlat
ae07ea,2026-07-19 03:54:54.807601,LFTR75,95-0107,2176,4000,35.063011,-78.902939,C-17A Globemaster,28,286,-17,False,mlat
ae1238,2026-07-19 03:54:54.807606,RCH692,03-3127,2446,23175,36.963867,-77.946365,C-17A Globemaster,24,463,,False,adsb_icao
ae1236,2026-07-19 03:54:54.807610,RCH268,03-3125,0731,25125,37.936546,-75.946053,C-17A Globemaster,34,535,-1006,False,mlat
ae1178,2026-07-19 03:54:54.807614,RCH405,02-1106,6524,33000,41.102528,-70.25959,C-17A Globemaster,46,500,0,False,mlat
ae013f,2026-07-19 03:54:54.807620,UNK C/S,60-0358,2006,35000,56.982651,-30.030956,KC-135R Stratotanker,74,,,False,adsc
ae013e,2026-07-19 03:54:54.807625,UNK C/S,63-7981,5302,19000,31.767691,37.059971,KC-135R Stratotanker,20,418,0,False,mlat
ae0159,2026-07-19 03:54:54.807635,UNK C/S,57-1512,6132,18000,24.6,56.3,KC-135R Stratotanker,89,408,32,False,mode_s
ae63c7,2026-07-19 03:54:54.807640,FLYER40,21-46091,1530,22000,27.6,48.4,KC-46A Pegasus,,,,False,mode_s
ae2fad,2026-07-19 03:54:54.807645,RCH224,08-8201,2455,38000,35.9,-125.0,C-17A Globemaster,,,,False,mode_s
ae0477,2026-07-19 03:54:54.807650,UNK C/S,58-0038,3434,Unavailable,25.9,51.4,KC-135R Stratotanker,,,,False,mode_s
ae1453,2026-07-19 03:55:55.052292,UNK C/S,05-5149,2270,4450,21.260384,-158.092697,C-17A Globemaster,266,197,-2017,False,mlat
ae1454,2026-07-19 03:55:55.052309,LAVA72,05-5150,2302,29050,22.411423,-156.797867,C-17A Globemaster,195,463,,False,adsb_icao
ae0679,2026-07-19 03:55:55.052315,RCH348,00-0174,3202,19425,60.778648,-147.786118,C-17A Globemaster,354,455,,False,adsb_icao
ae49c7,2026-07-19 03:55:55.052320,RCH102,09-9211,2423,29400,37.219677,-123.748329,C-17A Globemaster,48,523,-1472,False,adsb_icao
ae080e,2026-07-19 03:55:55.052323,RCH558,99-0168,5712,35000,43.886238,-123.281448,C-17A Globemaster,169,405,,False,adsb_icao
ae145b,2026-07-19 03:55:55.052327,RCH5060,06-6157,2416,12850,38.126495,-122.444733,C-17A Globemaster,46,397,-1536,False,adsb_icao
ae057b,2026-07-19 03:55:55.052333,RCH2019,87-0030,7204,38000,33.619171,-121.504951,C-5M Galaxy,,,0,False,mlat
ae5e0c,2026-07-19 03:55:55.052339,CABAL72,17-46031,3775,29000,40.985054,-113.060165,KC-46A Pegasus,109,483,-17,False,mlat
ae63b8,2026-07-19 03:55:55.052344,CABAL62,20-46076,3356,35000,40.673355,-109.48851,KC-46A Pegasus,76,448,46,False,mlat
ae07ea,2026-07-19 03:55:55.052354,LFTR75,95-0107,2176,3900,35.137329,-78.865456,C-17A Globemaster,21,281,-105,False,mlat
ae1238,2026-07-19 03:55:55.052358,RCH692,03-3127,2446,23625,37.081741,-77.880447,C-17A Globemaster,24,470,,False,adsb_icao
ae1236,2026-07-19 03:55:55.052363,RCH268,03-3125,0731,24125,38.059418,-75.853958,C-17A Globemaster,34,485,-1005,False,mlat
ae1178,2026-07-19 03:55:55.052367,RCH405,02-1106,6524,32975,41.200352,-70.136131,C-17A Globemaster,44,513,0,False,mlat
ae013f,2026-07-19 03:55:55.052372,UNK C/S,60-0358,2006,35000,56.982651,-30.030956,KC-135R Stratotanker,74,,,False,adsc
ae013e,2026-07-19 03:55:55.052378,UNK C/S,63-7981,5302,18975,31.876276,37.099236,KC-135R Stratotanker,25,418,128,False,mlat
ae0159,2026-07-19 03:55:55.052387,UNK C/S,57-1512,6132,17975,25.6,56.1,KC-135R Stratotanker,95,406,-96,False,mode_s
ae63c7,2026-07-19 03:55:55.052392,FLYER40,21-46091,1530,22000,27.6,48.4,KC-46A Pegasus,,,,False,mode_s
ae2fad,2026-07-19 03:55:55.052396,RCH224,08-8201,2455,38000,36.9,-124.9,C-17A Globemaster,,,,False,mode_s
ae1453,2026-07-19 03:56:55.323589,UNK C/S,05-5149,2270,2975,21.260235,-158.153671,C-17A Globemaster,272,194,-1149,False,mlat
ae1454,2026-07-19 03:56:55.323608,LAVA72,05-5150,2302,26725,22.285114,-156.835022,C-17A Globemaster,195,457,,False,adsb_icao
ae0679,2026-07-19 03:56:55.323614,RCH348,00-0174,3202,17900,60.904667,-147.770325,C-17A Globemaster,347,437,,False,adsb_icao
ae49c7,2026-07-19 03:56:55.323619,RCH102,09-9211,2423,27800,37.317577,-123.610703,C-17A Globemaster,48,526,-1792,False,adsb_icao
ae080e,2026-07-19 03:56:55.323623,RCH558,99-0168,5712,35000,43.775864,-123.251823,C-17A Globemaster,169,404,,False,adsb_icao
ae145b,2026-07-19 03:56:55.323627,RCH5060,06-6157,2416,11325,38.199554,-122.348045,C-17A Globemaster,46,355,-1600,False,adsb_icao
ae057b,2026-07-19 03:56:55.323632,RCH2019,87-0030,7204,38000,33.594872,-121.696617,C-5M Galaxy,,,0,False,mlat
ae5e0c,2026-07-19 03:56:55.323638,CABAL72,17-46031,3775,29000,40.941826,-112.882668,KC-46A Pegasus,108,495,0,False,mlat
ae07ea,2026-07-19 03:56:55.323650,LFTR75,95-0107,2176,2550,35.212196,-78.826508,C-17A Globemaster,20,281,-1467,False,mlat
ae1238,2026-07-19 03:56:55.323655,RCH692,03-3127,2446,24300,37.202454,-77.813179,C-17A Globemaster,24,470,,False,adsb_icao
ae1236,2026-07-19 03:56:55.323659,RCH268,03-3125,0731,22700,38.178928,-75.76503,C-17A Globemaster,32,504,-1982,False,mlat
ae1178,2026-07-19 03:56:55.323665,RCH405,02-1106,6524,33000,41.29018,-69.998894,C-17A Globemaster,46,520,40,False,mlat
ae013f,2026-07-19 03:56:55.323670,UNK C/S,60-0358,2006,35000,56.982651,-30.030956,KC-135R Stratotanker,74,,,False,adsc
ae013e,2026-07-19 03:56:55.323676,UNK C/S,63-7981,5302,18975,31.933313,37.171577,KC-135R Stratotanker,67,422,160,False,mlat
ae0159,2026-07-19 03:56:55.323685,UNK C/S,57-1512,6132,17975,26.1,56.4,KC-135R Stratotanker,81,408,0,False,mode_s
ae63c7,2026-07-19 03:56:55.323690,FLYER40,21-46091,1530,22000,27.6,48.4,KC-46A Pegasus,,,,False,mode_s
ae0692,2026-07-19 03:56:55.323695,UNK C/S,63-7997,1532,Unavailable,25.9,51.6,KC-135R Stratotanker,,,,False,mode_s
ae2fad,2026-07-19 03:56:55.323700,RCH224,08-8201,2455,38000,36.6,-125.1,C-17A Globemaster,,,,False,mode_s
ae63b8,2026-07-19 03:56:55.323706,CABAL62,20-46076,3356,35000,39.7,-108.4,KC-46A Pegasus,,,,False,mode_s
ae1453,2026-07-19 03:57:55.587338,UNK C/S,05-5149,2270,2950,21.304737,-158.158142,C-17A Globemaster,14,214,37,False,mlat
ae1454,2026-07-19 03:57:55.587356,LAVA72,05-5150,2302,24400,22.164591,-156.870529,C-17A Globemaster,195,440,,False,adsb_icao
ae0679,2026-07-19 03:57:55.587362,RCH348,00-0174,3202,16400,60.978561,-147.925125,C-17A Globemaster,279,375,,False,adsb_icao
ae49c7,2026-07-19 03:57:55.587367,RCH102,09-9211,2423,26225,37.414215,-123.474464,C-17A Globemaster,48,519,-1664,False,adsb_icao
ae080e,2026-07-19 03:57:55.587371,RCH558,99-0168,5712,35000,43.664978,-123.222275,C-17A Globemaster,169,406,,False,adsb_icao
ae145b,2026-07-19 03:57:55.587375,RCH5060,06-6157,2416,9950,38.262821,-122.264099,C-17A Globemaster,46,311,-1088,False,adsb_icao
ae057b,2026-07-19 03:57:55.587380,RCH2019,87-0030,7204,38000,33.579075,-121.811783,C-5M Galaxy,,,0,False,mlat
ae5e0c,2026-07-19 03:57:55.587385,CABAL72,17-46031,3775,29000,40.900284,-112.713242,KC-46A Pegasus,108,494,0,False,mlat
ae63b8,2026-07-19 03:57:55.587389,CABAL62,20-46076,3356,35025,40.729355,-109.147263,KC-46A Pegasus,66,419,70,False,mlat
ae07ea,2026-07-19 03:57:55.587400,LFTR75,95-0107,2176,2000,35.282249,-78.819412,C-17A Globemaster,317,309,-84,False,mlat
ae1238,2026-07-19 03:57:55.587404,RCH692,03-3127,2446,24850,37.322021,-77.745979,C-17A Globemaster,24,473,,False,adsb_icao
ae1236,2026-07-19 03:57:55.587409,RCH268,03-3125,0731,20700,38.292953,-75.67469,C-17A Globemaster,31,498,-1946,False,mlat
ae1178,2026-07-19 03:57:55.587413,RCH405,02-1106,6524,33000,41.388927,-69.862686,C-17A Globemaster,46,482,0,False,mlat
ae013f,2026-07-19 03:57:55.587418,UNK C/S,60-0358,2006,35000,56.982651,-30.030956,KC-135R Stratotanker,74,,,False,adsc
ae013e,2026-07-19 03:57:55.587424,UNK C/S,63-7981,5302,19000,31.957531,37.236912,KC-135R Stratotanker,67,422,96,False,mode_s
ae0159,2026-07-19 03:57:55.587434,UNK C/S,57-1512,6132,17975,24.7,54.2,KC-135R Stratotanker,64,410,0,False,mode_s
ae63c7,2026-07-19 03:57:55.587439,FLYER40,21-46091,1530,22000,27.6,48.4,KC-46A Pegasus,,,,False,mode_s
ae2fad,2026-07-19 03:57:55.587444,RCH224,08-8201,2455,38000,36.7,-125.0,C-17A Globemaster,,,,False,mode_s
ae1453,2026-07-19 03:58:55.898875,UNK C/S,05-5149,2270,2950,21.324162,-158.115829,C-17A Globemaster,77,235,74,False,mlat
ae1454,2026-07-19 03:58:55.898893,LAVA72,05-5150,2302,22200,22.048397,-156.904648,C-17A Globemaster,195,428,,False,adsb_icao
ae0679,2026-07-19 03:58:55.898900,RCH348,00-0174,3202,14900,60.984421,-148.132446,C-17A Globemaster,272,354,,False,adsb_icao
ae49c7,2026-07-19 03:58:55.898904,RCH102,09-9211,2423,24650,37.509605,-123.339149,C-17A Globemaster,48,513,-1728,False,adsb_icao
ae080e,2026-07-19 03:58:55.898909,RCH558,99-0168,5712,35000,43.55397,-123.192764,C-17A Globemaster,169,404,,False,adsb_icao
ae145b,2026-07-19 03:58:55.898913,RCH5060,06-6157,2416,8950,38.3172,-122.180939,C-17A Globemaster,55,298,-960,False,adsb_icao
ae057b,2026-07-19 03:58:55.898917,RCH2019,87-0030,7204,38000,33.563435,-121.928871,C-5M Galaxy,261,425,0,False,mlat
ae5e0c,2026-07-19 03:58:55.898924,CABAL72,17-46031,3775,29000,40.856007,-112.539291,KC-46A Pegasus,109,485,-75,False,mlat
ae63b8,2026-07-19 03:58:55.898928,CABAL62,20-46076,3356,35000,40.751682,-108.979355,KC-46A Pegasus,74,426,-25,False,mlat
ae07ea,2026-07-19 03:58:55.898939,LFTR75,95-0107,2176,2000,35.292221,-78.882713,C-17A Globemaster,230,203,-79,False,mlat
ae1238,2026-07-19 03:58:55.898944,RCH692,03-3127,2446,25675,37.443192,-77.677544,C-17A Globemaster,24,469,,False,adsb_icao
ae1236,2026-07-19 03:58:55.898949,RCH268,03-3125,0731,18675,38.408676,-75.585571,C-17A Globemaster,31,468,-1996,False,mlat
ae1178,2026-07-19 03:58:55.898953,RCH405,02-1106,6524,33000,41.472103,-69.702087,C-17A Globemaster,52,485,65,False,mlat
ae013f,2026-07-19 03:58:55.898958,UNK C/S,60-0358,2006,34992,57.081699,-26.271915,KC-135R Stratotanker,85,,,False,adsc
ae013e,2026-07-19 03:58:55.898967,UNK C/S,63-7981,5302,19000,31.6,32.2,KC-135R Stratotanker,67,424,0,False,mode_s
ae0159,2026-07-19 03:58:55.898972,UNK C/S,57-1512,6132,17975,26.1,56.4,KC-135R Stratotanker,,,,False,mode_s
ae63c7,2026-07-19 03:58:55.898977,FLYER40,21-46091,1530,22000,27.5,48.6,KC-46A Pegasus,,,,False,mode_s
ae2fad,2026-07-19 03:58:55.898981,RCH224,08-8201,2455,38000,37.2,-124.8,C-17A Globemaster,,,,False,mode_s
ae1453,2026-07-19 03:59:56.205682,UNK C/S,05-5149,2270,2200,21.325251,-158.063049,C-17A Globemaster,89,169,-1138,False,mlat
ae1454,2026-07-19 03:59:56.205700,LAVA72,05-5150,2302,20175,21.934204,-156.938278,C-17A Globemaster,195,408,,False,adsb_icao
ae0679,2026-07-19 03:59:56.205706,RCH348,00-0174,3202,13425,60.98822,-148.331619,C-17A Globemaster,271,345,,False,adsb_icao
ae49c7,2026-07-19 03:59:56.205712,RCH102,09-9211,2423,23000,37.603775,-123.204887,C-17A Globemaster,48,488,-1664,False,adsb_icao
ae080e,2026-07-19 03:59:56.205716,RCH558,99-0168,5712,35000,43.4431,-123.163383,C-17A Globemaster,168,402,,False,adsb_icao
ae145b,2026-07-19 03:59:56.205720,RCH5060,06-6157,2416,7725,38.363754,-122.094276,C-17A Globemaster,55,291,-1664,False,adsb_icao
ae5e0c,2026-07-19 03:59:56.205727,CABAL72,17-46031,3775,29025,40.787109,-112.390625,KC-46A Pegasus,140,495,70,False,mlat
ae63b8,2026-07-19 03:59:56.205732,CABAL62,20-46076,3356,35000,40.74968,-108.797363,KC-46A Pegasus,98,512,-77,False,mlat
ae07ea,2026-07-19 03:59:56.205743,LFTR75,95-0107,2176,2025,35.262218,-78.916664,C-17A Globemaster,218,146,0,False,mlat
ae1238,2026-07-19 03:59:56.205747,RCH692,03-3127,2446,26000,37.56258,-77.611008,C-17A Globemaster,23,468,,False,adsb_icao
ae1236,2026-07-19 03:59:56.205752,RCH268,03-3125,0731,16650,38.51664,-75.501457,C-17A Globemaster,32,433,-1988,False,mlat
ae1178,2026-07-19 03:59:56.205756,RCH405,02-1106,6524,33000,41.56876,-69.581566,C-17A Globemaster,47,502,0,False,mlat
ae013f,2026-07-19 03:59:56.205762,UNK C/S,60-0358,2006,34992,57.081699,-26.271915,KC-135R Stratotanker,85,,,False,adsc
ae013e,2026-07-19 03:59:56.205773,UNK C/S,63-7981,5302,19000,31.7,32.4,KC-135R Stratotanker,67,422,0,False,mode_s
afb243,2026-07-19 03:59:56.205777,UNK C/S,,2206,2025,35.5,-97.6,E-6B TACAMO,,,,False,mode_s
ae0159,2026-07-19 03:59:56.205781,UNK C/S,57-1512,6132,18000,24.7,54.2,KC-135R Stratotanker,,,,False,mode_s
ae63c7,2026-07-19 03:59:56.205785,FLYER40,21-46091,1530,22000,28.8,47.9,KC-46A Pegasus,,,,False,mode_s
ae057b,2026-07-19 03:59:56.205789,RCH2019,87-0030,7204,38000,34.1,-120.3,C-5M Galaxy,,,,False,mode_s
ae2fad,2026-07-19 03:59:56.205793,RCH224,08-8201,2455,38000,37.6,-124.5,C-17A Globemaster,,,,False,mode_s
ae1453,2026-07-19 04:00:56.486657,UNK C/S,05-5149,2270,1450,21.324915,-158.016083,C-17A Globemaster,92,166,-215,False,mlat
ae1454,2026-07-19 04:00:56.486674,LAVA72,05-5150,2302,18275,21.8302,-156.979797,C-17A Globemaster,224,403,,False,adsb_icao
ae0679,2026-07-19 04:00:56.486679,RCH348,00-0174,3202,12825,60.991104,-148.532593,C-17A Globemaster,271,350,,False,adsb_icao
ae080e,2026-07-19 04:00:56.486684,RCH558,99-0168,5712,35000,43.333614,-123.134506,C-17A Globemaster,169,403,,False,adsb_icao
ae49c7,2026-07-19 04:00:56.486688,RCH102,09-9211,2423,21400,37.690521,-123.080772,C-17A Globemaster,48,460,-1792,False,adsb_icao
ae145b,2026-07-19 04:00:56.486693,RCH5060,06-6157,2416,6075,38.408947,-122.009087,C-17A Globemaster,56,292,-1280,False,adsb_icao
ae5e0c,2026-07-19 04:00:56.486699,CABAL72,17-46031,3775,29000,40.692177,-112.281471,KC-46A Pegasus,139,471,36,False,mlat
ae63b8,2026-07-19 04:00:56.486703,CABAL62,20-46076,3356,35000,40.728855,-108.629448,KC-46A Pegasus,103,486,-21,False,mlat
afb243,2026-07-19 04:00:56.486711,UNK C/S,,2206,3475,35.343288,-97.373917,E-6B TACAMO,138,209,1394,False,mlat
ae07ea,2026-07-19 04:00:56.486719,LFTR75,95-0107,2176,1650,35.23748,-78.944145,C-17A Globemaster,226,106,-631,False,mlat
ae1238,2026-07-19 04:00:56.486724,RCH692,03-3127,2446,26475,37.681431,-77.544014,C-17A Globemaster,24,464,,False,adsb_icao
ae1236,2026-07-19 04:00:56.486728,RCH268,03-3125,0731,14650,38.623196,-75.41935,C-17A Globemaster,32,436,-1974,False,mlat
ae1178,2026-07-19 04:00:56.486732,RCH405,02-1106,6524,33000,41.663998,-69.445885,C-17A Globemaster,50,507,0,False,mlat
ae013f,2026-07-19 04:00:56.486737,UNK C/S,60-0358,2006,34992,57.081699,-26.271915,KC-135R Stratotanker,85,,,False,adsc
ae013e,2026-07-19 04:00:56.486748,UNK C/S,63-7981,5302,19000,31.8,32.9,KC-135R Stratotanker,67,422,128,False,mode_s
ae0159,2026-07-19 04:00:56.486753,UNK C/S,57-1512,6132,18000,24.6,56.3,KC-135R Stratotanker,226,422,-32,False,mode_s
ae63c7,2026-07-19 04:00:56.486757,FLYER40,21-46091,1530,22000,27.6,48.4,KC-46A Pegasus,,,,False,mode_s
ae057b,2026-07-19 04:00:56.486761,RCH2019,87-0030,7204,38000,34.3,-121.0,C-5M Galaxy,,,,False,mode_s
ae0692,2026-07-19 04:00:56.486767,UNK C/S,63-7997,1532,Unavailable,25.9,51.4,KC-135R Stratotanker,,,,False,mode_s
ae2fad,2026-07-19 04:00:56.486771,RCH224,08-8201,2455,38000,36.6,-125.0,C-17A Globemaster,,,,False,mode_s
ae1453,2026-07-19 04:01:56.768594,UNK C/S,05-5149,2270,875,21.325062,-157.972366,C-17A Globemaster,90,103,-1072,False,mlat
ae1454,2026-07-19 04:01:56.768612,LAVA72,05-5150,2302,16400,21.758051,-157.071884,C-17A Globemaster,230,397,,False,adsb_icao
ae0679,2026-07-19 04:01:56.768618,RCH348,00-0174,3202,12825,60.993576,-148.731583,C-17A Globemaster,271,347,,False,adsb_icao
ae080e,2026-07-19 04:01:56.768622,RCH558,99-0168,5712,35000,43.222366,-123.105324,C-17A Globemaster,169,403,,False,adsb_icao
ae49c7,2026-07-19 04:01:56.768627,RCH102,09-9211,2423,19775,37.774208,-122.961014,C-17A Globemaster,48,446,-1600,False,adsb_icao
ae145b,2026-07-19 04:01:56.768631,RCH5060,06-6157,2416,4800,38.453476,-121.924301,C-17A Globemaster,55,283,-1152,False,adsb_icao
ae5e0c,2026-07-19 04:01:56.768638,CABAL72,17-46031,3775,29025,40.651157,-112.10862,KC-46A Pegasus,93,501,75,False,mlat
ae63b8,2026-07-19 04:01:56.768643,CABAL62,20-46076,3356,35000,40.701,-108.43676,KC-46A Pegasus,100,484,0,False,mlat
afb243,2026-07-19 04:01:56.768651,UNK C/S,,2206,5050,35.326588,-97.304413,E-6B TACAMO,86,237,1745,False,mlat
ae07ea,2026-07-19 04:01:56.768659,LFTR75,95-0107,2176,1075,35.211689,-78.970909,C-17A Globemaster,225,120,-616,False,mlat
ae1238,2026-07-19 04:01:56.768664,RCH692,03-3127,2446,26800,37.799953,-77.476662,C-17A Globemaster,25,465,,False,adsb_icao
ae1236,2026-07-19 04:01:56.768668,RCH268,03-3125,0731,12675,38.724617,-75.337051,C-17A Globemaster,31,432,-1971,False,mlat
ae1178,2026-07-19 04:01:56.768672,RCH405,02-1106,6524,33000,41.743137,-69.315491,C-17A Globemaster,50,514,70,False,mlat
ae013f,2026-07-19 04:01:56.768678,UNK C/S,60-0358,2006,34992,57.081699,-26.271915,KC-135R Stratotanker,85,,,False,adsc
ae013e,2026-07-19 04:01:56.768688,UNK C/S,63-7981,5302,19000,32.8,33.7,KC-135R Stratotanker,,,-192,False,mode_s
ae0159,2026-07-19 04:01:56.768694,UNK C/S,57-1512,6132,17975,24.6,56.3,KC-135R Stratotanker,165,366,0,False,mode_s
ae63c7,2026-07-19 04:01:56.768698,FLYER40,21-46091,1530,22000,28.8,47.9,KC-46A Pegasus,,,,False,mode_s
ae057b,2026-07-19 04:01:56.768702,RCH2019,87-0030,7204,38000,33.8,-121.9,C-5M Galaxy,,,,False,mode_s
ae0692,2026-07-19 04:01:56.768706,UNK C/S,63-7997,1532,Unavailable,25.9,51.4,KC-135R Stratotanker,,,,False,mode_s
ae2fad,2026-07-19 04:01:56.768711,RCH224,08-8201,2455,Unavailable,37.1,-124.7,C-17A Globemaster,,,,False,mode_s
ae0477,2026-07-19 04:01:56.768717,UNK C/S,58-0038,3434,Unavailable,25.9,52.0,KC-135R Stratotanker,,,,False,mode_s
ae1453,2026-07-19 04:02:57.081111,UNK C/S,05-5149,2270,-25,21.325817,-157.938049,C-17A Globemaster,88,107,-941,False,mlat
ae1454,2026-07-19 04:02:57.081129,LAVA72,05-5150,2302,14700,21.687525,-157.162781,C-17A Globemaster,230,392,,False,adsb_icao
ae0679,2026-07-19 04:02:57.081134,RCH348,00-0174,3202,12850,60.99614,-148.932632,C-17A Globemaster,271,350,,False,adsb_icao
ae080e,2026-07-19 04:02:57.081138,RCH558,99-0168,5712,35000,43.113377,-123.076759,C-17A Globemaster,169,402,,False,adsb_icao
ae49c7,2026-07-19 04:02:57.081142,RCH102,09-9211,2423,18200,37.855728,-122.843513,C-17A Globemaster,48,442,-1536,False,adsb_icao
ae145b,2026-07-19 04:02:57.081146,RCH5060,06-6157,2416,3625,38.481354,-121.835991,C-17A Globemaster,101,273,-1280,False,adsb_icao
ae5e0c,2026-07-19 04:02:57.081153,CABAL72,17-46031,3775,29000,40.642891,-111.928406,KC-46A Pegasus,92,479,-75,False,mlat
ae63b8,2026-07-19 04:02:57.081158,CABAL62,20-46076,3356,35000,40.67416,-108.267212,KC-46A Pegasus,102,470,-71,False,mlat
afb243,2026-07-19 04:02:57.081166,UNK C/S,,2206,6425,35.32851,-97.219849,E-6B TACAMO,86,292,2055,False,mlat
ae07ea,2026-07-19 04:02:57.081174,LFTR75,95-0107,2176,525,35.192791,-78.99456,C-17A Globemaster,224,134,-549,False,mlat
ae1238,2026-07-19 04:02:57.081178,RCH692,03-3127,2446,27100,37.892395,-77.358536,C-17A Globemaster,49,478,,False,adsb_icao
ae1236,2026-07-19 04:02:57.081183,RCH268,03-3125,0731,11100,38.812752,-75.236679,C-17A Globemaster,57,448,-826,False,mlat
ae1178,2026-07-19 04:02:57.081187,RCH405,02-1106,6524,33000,41.835381,-69.161827,C-17A Globemaster,55,472,-77,False,mlat
ae013f,2026-07-19 04:02:57.081192,UNK C/S,60-0358,2006,34992,57.081699,-26.271915,KC-135R Stratotanker,85,,,False,adsc
ae013e,2026-07-19 04:02:57.081202,UNK C/S,63-7981,5302,19000,32.8,34.9,KC-135R Stratotanker,49,422,160,False,mode_s
ae0159,2026-07-19 04:02:57.081207,UNK C/S,57-1512,6132,18000,24.7,54.2,KC-135R Stratotanker,135,328,0,False,mode_s
ae63c7,2026-07-19 04:02:57.081212,FLYER40,21-46091,1530,22000,27.6,48.4,KC-46A Pegasus,,,,False,mode_s
ae057b,2026-07-19 04:02:57.081216,RCH2019,87-0030,7204,38000,33.8,-121.6,C-5M Galaxy,,,,False,mode_s
ae2fad,2026-07-19 04:02:57.081220,RCH224,08-8201,2455,38000,35.5,-124.9,C-17A Globemaster,,,,False,mode_s
ae0477,2026-07-19 04:02:57.081226,UNK C/S,58-0038,3434,23700,25.9,51.3,KC-135R Stratotanker,,,,False,mode_s
ae1454,2026-07-19 04:03:57.348203,LAVA72,05-5150,2302,13000,21.618767,-157.251083,C-17A Globemaster,230,381,,False,adsb_icao
ae0679,2026-07-19 04:03:57.348220,RCH348,00-0174,3202,12850,60.998383,-149.134567,C-17A Globemaster,271,355,,False,adsb_icao
ae080e,2026-07-19 04:03:57.348225,RCH558,99-0168,5712,34975,43.002674,-123.047859,C-17A Globemaster,169,403,,False,adsb_icao
ae49c7,2026-07-19 04:03:57.348230,RCH102,09-9211,2423,16600,37.936443,-122.726959,C-17A Globemaster,48,431,-1600,False,adsb_icao
ae145b,2026-07-19 04:03:57.348235,RCH5060,06-6157,2416,3025,38.448006,-121.759644,C-17A Globemaster,135,213,640,False,adsb_icao
ae5e0c,2026-07-19 04:03:57.348241,CABAL72,17-46031,3775,29025,40.638245,-111.754311,KC-46A Pegasus,94,499,73,False,mlat
ae63b8,2026-07-19 04:03:57.348246,CABAL62,20-46076,3356,35000,40.648178,-108.100647,KC-46A Pegasus,104,473,1,False,mlat
afb243,2026-07-19 04:03:57.348276,UNK C/S,,2206,9375,35.332123,-97.120583,E-6B TACAMO,90,306,2828,False,mlat
ae1238,2026-07-19 04:03:57.348286,RCH692,03-3127,2446,27575,37.978527,-77.230965,C-17A Globemaster,49,475,,False,adsb_icao
ae1236,2026-07-19 04:03:57.348290,RCH268,03-3125,0731,11075,38.885822,-75.125076,C-17A Globemaster,50,426,-103,False,mlat
ae1178,2026-07-19 04:03:57.348294,RCH405,02-1106,6524,32975,41.90826,-69.058434,C-17A Globemaster,49,474,-17,False,mlat
ae013f,2026-07-19 04:03:57.348300,UNK C/S,60-0358,2006,34992,57.081699,-26.271915,KC-135R Stratotanker,85,,,False,adsc
ae013e,2026-07-19 04:03:57.348310,UNK C/S,63-7981,5302,19000,32.9,34.3,KC-135R Stratotanker,47,420,0,False,mode_s
ae0159,2026-07-19 04:03:57.348316,UNK C/S,57-1512,6132,17550,26.1,56.4,KC-135R Stratotanker,82,310,-640,False,mode_s
ae63c7,2026-07-19 04:03:57.348321,FLYER40,21-46091,1530,22000,27.6,48.4,KC-46A Pegasus,,,,False,mode_s
ae057b,2026-07-19 04:03:57.348325,RCH2019,87-0030,7204,38000,34.2,-121.7,C-5M Galaxy,,,,False,mode_s
ae2fad,2026-07-19 04:03:57.348329,RCH224,08-8201,2455,38000,35.7,-125.2,C-17A Globemaster,,,,False,mode_s
ae07ea,2026-07-19 04:03:57.348334,LFTR75,95-0107,2176,725,35.2,-78.5,C-17A Globemaster,,,,False,mode_s
ae1454,2026-07-19 04:04:57.657491,LAVA72,05-5150,2302,11450,21.550552,-157.338699,C-17A Globemaster,230,371,,False,adsb_icao
ae0679,2026-07-19 04:04:57.657510,RCH348,00-0174,3202,12450,61.007359,-149.339218,C-17A Globemaster,279,349,,False,adsb_icao
ae080e,2026-07-19 04:04:57.657515,RCH558,99-0168,5712,35000,42.892181,-123.019089,C-17A Globemaster,169,400,,False,adsb_icao
ae49c7,2026-07-19 04:04:57.657520,RCH102,09-9211,2423,14975,38.013977,-122.614609,C-17A Globemaster,48,416,-1600,False,adsb_icao
ae145b,2026-07-19 04:04:57.657526,RCH5060,06-6157,2416,3025,38.396072,-121.762993,C-17A Globemaster,191,187,0,False,adsb_icao
ae5e0c,2026-07-19 04:04:57.657532,CABAL72,17-46031,3775,29000,40.631466,-111.577614,KC-46A Pegasus,93,495,75,False,mlat
ae63b8,2026-07-19 04:04:57.657537,CABAL62,20-46076,3356,35000,40.612476,-107.928444,KC-46A Pegasus,111,491,9,False,mlat
afb243,2026-07-19 04:04:57.657545,UNK C/S,,2206,10575,35.336002,-97.003532,E-6B TACAMO,88,376,1031,False,mlat
ae07ea,2026-07-19 04:04:57.657554,LFTR75,95-0107,2176,1550,35.181278,-79.058235,C-17A Globemaster,350,266,90,False,mlat
ae1238,2026-07-19 04:04:57.657559,RCH692,03-3127,2446,27925,38.064377,-77.102051,C-17A Globemaster,49,474,,False,adsb_icao
ae1236,2026-07-19 04:04:57.657565,RCH268,03-3125,0731,10600,38.954838,-75.018852,C-17A Globemaster,50,338,-613,False,mlat
ae1178,2026-07-19 04:04:57.657569,RCH405,02-1106,6524,33000,41.943771,-68.979042,C-17A Globemaster,55,503,-40,False,mode_s
ae013f,2026-07-19 04:04:57.657574,UNK C/S,60-0358,2006,34992,57.081699,-26.271915,KC-135R Stratotanker,85,,,False,adsc
ae013e,2026-07-19 04:04:57.657585,UNK C/S,63-7981,5302,19000,32.8,35.0,KC-135R Stratotanker,58,418,,False,mode_s
ae0159,2026-07-19 04:04:57.657591,UNK C/S,57-1512,6132,17500,24.7,54.2,KC-135R Stratotanker,42,314,0,False,mode_s
ae63c7,2026-07-19 04:04:57.657596,FLYER40,21-46091,1530,22000,28.8,47.9,KC-46A Pegasus,,,,False,mode_s
ae057b,2026-07-19 04:04:57.657600,RCH2019,87-0030,7204,38000,33.6,-121.9,C-5M Galaxy,,,,False,mode_s
ae2fad,2026-07-19 04:04:57.657604,RCH224,08-8201,2455,38000,35.3,-125.1,C-17A Globemaster,,,,False,mode_s
ae1454,2026-07-19 04:05:57.915008,LAVA72,05-5150,2302,10200,21.484741,-157.42305,C-17A Globemaster,230,364,,False,adsb_icao
ae0679,2026-07-19 04:05:57.915027,RCH348,00-0174,3202,11425,61.021698,-149.519028,C-17A Globemaster,279,296,,False,adsb_icao
ae080e,2026-07-19 04:05:57.915032,RCH558,99-0168,5712,35000,42.783096,-122.990883,C-17A Globemaster,169,399,,False,adsb_icao
ae49c7,2026-07-19 04:05:57.915037,RCH102,09-9211,2423,13375,38.089321,-122.504784,C-17A Globemaster,48,407,-1664,False,adsb_icao
ae145b,2026-07-19 04:05:57.915042,RCH5060,06-6157,2416,3025,38.350292,-121.788879,C-17A Globemaster,239,185,-448,False,adsb_icao
ae5e0c,2026-07-19 04:05:57.915050,CABAL72,17-46031,3775,29000,40.623375,-111.384666,KC-46A Pegasus,93,496,0,False,mlat
ae63b8,2026-07-19 04:05:57.915055,CABAL62,20-46076,3356,35000,40.579098,-107.748512,KC-46A Pegasus,97,455,-43,False,mlat
afb243,2026-07-19 04:05:57.915063,UNK C/S,,2206,12950,35.340172,-96.872917,E-6B TACAMO,84,398,2318,False,mlat
ae07ea,2026-07-19 04:05:57.915071,LFTR75,95-0107,2176,1500,35.221924,-79.017059,C-17A Globemaster,55,185,-89,False,mlat
ae1238,2026-07-19 04:05:57.915076,RCH692,03-3127,2446,28225,38.149109,-76.973839,C-17A Globemaster,50,474,,False,adsb_icao
ae1236,2026-07-19 04:05:57.915080,RCH268,03-3125,0731,9425,39.012009,-74.929565,C-17A Globemaster,49,332,-1209,False,mlat
ae1178,2026-07-19 04:05:57.915084,RCH405,02-1106,6524,33000,42.106792,-68.734344,C-17A Globemaster,46,536,0,False,mlat
ae013f,2026-07-19 04:05:57.915089,UNK C/S,60-0358,2006,34992,57.081699,-26.271915,KC-135R Stratotanker,85,,,False,adsc
ae013e,2026-07-19 04:05:57.915099,UNK C/S,63-7981,5302,19000,32.8,35.6,KC-135R Stratotanker,,,-352,False,mode_s
ae0159,2026-07-19 04:05:57.915104,UNK C/S,57-1512,6132,17500,26.1,56.4,KC-135R Stratotanker,359,344,-32,False,mode_s
ae63c7,2026-07-19 04:05:57.915109,FLYER40,21-46091,1530,22000,27.6,48.4,KC-46A Pegasus,,,,False,mode_s
ae057b,2026-07-19 04:05:57.915113,RCH2019,87-0030,7204,38000,33.8,-120.8,C-5M Galaxy,,,,False,mode_s
ae2fad,2026-07-19 04:05:57.915118,RCH224,08-8201,2455,38000,35.1,-124.9,C-17A Globemaster,,,,False,mode_s
ae1454,2026-07-19 04:06:58.186204,LAVA72,05-5150,2302,9900,21.41836,-157.507584,C-17A Globemaster,230,371,,False,adsb_icao
ae0679,2026-07-19 04:06:58.186225,RCH348,00-0174,3202,10025,61.033676,-149.680771,C-17A Globemaster,277,277,,False,adsb_icao
ae080e,2026-07-19 04:06:58.186230,RCH558,99-0168,5712,35000,42.672947,-122.962433,C-17A Globemaster,169,400,,False,adsb_icao
ae49c7,2026-07-19 04:06:58.186235,RCH102,09-9211,2423,11775,38.162407,-122.398323,C-17A Globemaster,49,390,-1600,False,adsb_icao
ae145b,2026-07-19 04:06:58.186239,RCH5060,06-6157,2416,2000,38.326038,-121.834793,C-17A Globemaster,231,133,-1088,False,adsb_icao
ae5e0c,2026-07-19 04:06:58.186246,CABAL72,17-46031,3775,29025,40.591965,-111.2183,KC-46A Pegasus,105,472,0,False,mlat
ae63b8,2026-07-19 04:06:58.186275,CABAL62,20-46076,3356,35025,40.552582,-107.584808,KC-46A Pegasus,101,476,46,False,mlat
afb243,2026-07-19 04:06:58.186284,UNK C/S,,2206,15325,35.34306,-96.734726,E-6B TACAMO,84,420,2072,False,mlat
ae07ea,2026-07-19 04:06:58.186293,LFTR75,95-0107,2176,1450,35.229279,-78.972565,C-17A Globemaster,139,200,-93,False,mlat
ae1238,2026-07-19 04:06:58.186300,RCH692,03-3127,2446,28550,38.233383,-76.845802,C-17A Globemaster,50,474,,False,adsb_icao
ae1236,2026-07-19 04:06:58.186305,RCH268,03-3125,0731,8225,39.074436,-74.83371,C-17A Globemaster,49,311,-1197,False,mlat
ae1178,2026-07-19 04:06:58.186309,RCH405,02-1106,6524,33000,42.127495,-68.693527,C-17A Globemaster,49,509,0,False,mode_s
ae013f,2026-07-19 04:06:58.186314,UNK C/S,60-0358,2006,34992,57.081699,-26.271915,KC-135R Stratotanker,85,,,False,adsc
ae0159,2026-07-19 04:06:58.186325,UNK C/S,57-1512,6132,17500,24.7,54.2,KC-135R Stratotanker,313,362,-96,False,mode_s
ae0692,2026-07-19 04:06:58.186332,UNK C/S,63-7997,1532,Unavailable,25.9,51.7,KC-135R Stratotanker,,,,False,mode_s
ae63c7,2026-07-19 04:06:58.186336,FLYER40,21-46091,1530,22000,27.6,48.4,KC-46A Pegasus,,,,False,mode_s
ae057b,2026-07-19 04:06:58.186340,RCH2019,87-0030,7204,38000,33.6,-122.7,C-5M Galaxy,,,,False,mode_s
ae2fad,2026-07-19 04:06:58.186344,RCH224,08-8201,2455,38000,35.0,-124.9,C-17A Globemaster,,,,False,mode_s
ae1454,2026-07-19 04:07:58.494747,LAVA72,05-5150,2302,9725,21.377655,-157.602524,C-17A Globemaster,249,312,,False,adsb_icao
ae0679,2026-07-19 04:07:58.494767,RCH348,00-0174,3202,8525,61.04353,-149.837234,C-17A Globemaster,277,277,,False,adsb_icao
ae080e,2026-07-19 04:07:58.494772,RCH558,99-0168,5712,35000,42.564667,-122.934647,C-17A Globemaster,169,397,,False,adsb_icao
ae49c7,2026-07-19 04:07:58.494777,RCH102,09-9211,2423,10300,38.232056,-122.296471,C-17A Globemaster,49,374,128,False,adsb_icao
ae145b,2026-07-19 04:07:58.494782,RCH5060,06-6157,2416,775,38.303043,-121.86853,C-17A Globemaster,227,114,-640,False,adsb_icao
ae5e0c,2026-07-19 04:07:58.494789,CABAL72,17-46031,3775,29025,40.561237,-111.051254,KC-46A Pegasus,103,499,75,False,mlat
ae63b8,2026-07-19 04:07:58.494794,CABAL62,20-46076,3356,35000,40.522083,-107.407509,KC-46A Pegasus,103,483,-64,False,mlat
afb243,2026-07-19 04:07:58.494802,UNK C/S,,2206,17475,35.347221,-96.602135,E-6B TACAMO,90,408,1721,False,mlat
ae07ea,2026-07-19 04:07:58.494810,LFTR75,95-0107,2176,750,35.198357,-78.986168,C-17A Globemaster,240,149,-653,False,mlat
ae1238,2026-07-19 04:07:58.494816,RCH692,03-3127,2446,28975,38.317978,-76.716713,C-17A Globemaster,50,472,,False,adsb_icao
ae1236,2026-07-19 04:07:58.494821,RCH268,03-3125,0731,7175,39.145699,-74.788521,C-17A Globemaster,2,311,-970,False,mlat
ae013f,2026-07-19 04:07:58.494826,UNK C/S,60-0358,2006,34992,57.081699,-26.271915,KC-135R Stratotanker,85,,,False,adsc
ae04dc,2026-07-19 04:07:58.494833,UNK C/S,57-1461,5374,21025,31.148497,36.573063,KC-135R Stratotanker,262,402,-32,False,mlat
ae0159,2026-07-19 04:07:58.494842,UNK C/S,57-1512,6132,17500,26.1,56.4,KC-135R Stratotanker,289,364,32,False,mode_s
ae63c7,2026-07-19 04:07:58.494847,FLYER40,21-46091,1530,22000,28.8,47.9,KC-46A Pegasus,,,,False,mode_s
ae057b,2026-07-19 04:07:58.494851,RCH2019,87-0030,7204,38000,33.9,-122.5,C-5M Galaxy,,,,False,mode_s
ae1178,2026-07-19 04:07:58.494855,RCH405,02-1106,6524,33000,42.8,-69.7,C-17A Globemaster,,,,False,mode_s
ae2fad,2026-07-19 04:07:58.494860,RCH224,08-8201,2455,38000,35.2,-125.4,C-17A Globemaster,,,,False,mode_s
