hex,datetime,callsign,tail number,squawk,altitude,latitude,longitude,type,heading,ground speed,vertical rate,emergency,source
ae119d,2026-07-21 01:13:41.041183,SOUND12,03-3120,0334,1750,47.169811,-122.474548,C-17A Globemaster,138,591,2384,False,mlat
ae0377,2026-07-21 01:13:41.041209,UNK C/S,62-3502,5253,25000,35.991428,-118.223419,KC-135R Stratotanker,293,429,0,False,mlat
ae0365,2026-07-21 01:13:41.041215,UNK C/S,61-0314,1062,2175,33.900642,-117.273697,KC-135R Stratotanker,325,198,1588,False,mlat
ae0378,2026-07-21 01:13:41.041220,UNK C/S,62-3541,4142,40000,46.079578,-114.235725,KC-135R Stratotanker,306,537,0,False,mlat
ae2fae,2026-07-21 01:13:41.041223,RCH193,08-8202,4021,7800,41.134937,-112.133789,C-17A Globemaster,283,288,1235,False,mlat
ae1239,2026-07-21 01:13:41.041228,THBRD14,04-4129,3016,34000,38.916367,-106.153198,C-17A Globemaster,218,473,0,False,adsb_icao
ae0802,2026-07-21 01:13:41.041232,RCH262,98-0056,4175,37050,39.176716,-105.07914,C-17A Globemaster,162,452,0,False,mlat
adfeb6,2026-07-21 01:13:41.041253,UNK C/S,75-0125,6617,26025,36.788239,-84.469574,E-4B Nightwatch,251,531,0,False,mlat
ae1242,2026-07-21 01:13:41.041258,RCH339,04-4137,7345,16675,32.534954,-78.925217,C-17A Globemaster,290,393,-1972,False,mlat
ae0687,2026-07-21 01:13:41.041260,RCH284,60-0349,6554,35000,42.647305,-77.358421,KC-135R Stratotanker,71,501,0,False,mlat
ae5ba5,2026-07-21 01:13:41.041264,GRYHK8,168992,4665,11000,37.790359,-76.586571,E-2 Hawkeye,130,233,64,False,adsb_icao
ae1234,2026-07-21 01:13:41.041268,FAMUS97,03-3123,5716,1100,40.052708,-74.54792,C-17A Globemaster,152,145,64,False,adsb_icao
ae5f9d,2026-07-21 01:13:41.041271,PACK11,18-46050,4005,11000,42.890903,-72.162392,KC-46A Pegasus,78,341,-1600,False,adsb_icao
ae0391,2026-07-21 01:13:41.041273,RCH283,63-8039,7306,34950,43.591335,-71.273521,KC-135R Stratotanker,73,499,11,False,mlat
ae014a,2026-07-21 01:13:41.041276,UNK C/S,59-1466,7040,4050,45.078583,-68.527931,KC-135R Stratotanker,172,250,0,False,mlat
ae07f1,2026-07-21 01:13:41.041279,RCH198,96-0007,1435,31000,45.434555,-61.464851,C-17A Globemaster,78,573,0,False,mlat
ae0816,2026-07-21 01:13:41.041281,RCH690,00-0180,3450,35000,55.494129,-10.076008,C-17A Globemaster,82,452,0,False,adsb_icao
ae07fa,2026-07-21 01:13:41.041289,RCH899,97-0048,7716,29000,49.720066,12.562045,C-17A Globemaster,105,506,-64,False,mlat
ae1197,2026-07-21 01:13:41.041291,MOOSE47,03-3114,6427,31000,44.673553,22.864756,C-17A Globemaster,142,462,0,False,mlat
ae146d,2026-07-21 01:13:41.041294,RCH044,07-7175,4675,38000,40.176495,24.321539,C-17A Globemaster,342,457,0,False,mlat
800790,2026-07-21 01:13:41.041297,IFC0736,CB-8003,3742,31025,22.539709,54.729614,C-17A Globemaster,98,436,-32,False,adsb_icao
ae05ac,2026-07-21 01:13:41.041305,UNK C/S,63-8029,Unavailable,Unavailable,63.5,-90.8,KC-135R Stratotanker,,,,False,mode_s
ae0501,2026-07-21 01:13:41.041309,UNK C/S,59-1504,Unavailable,1100,39.9,-80.4,KC-135R Stratotanker,,,,False,mode_s
ae07de,2026-07-21 01:13:41.041312,RCH409,93-0604,6451,32000,36.1,27.5,C-17A Globemaster,,,,False,mode_s
adfeba,2026-07-21 01:13:41.041315,SAM836,99-0004,3660,28275,14.6,121.4,C-32 AIR FORCE TWO,,,,False,mode_s
ae05a9,2026-07-21 01:13:41.041317,UNK C/S,63-8015,Unavailable,39000,48.3,-76.1,KC-135R Stratotanker,,,,False,mode_s
ae0385,2026-07-21 01:13:41.041320,UNK C/S,59-1467,0100,24025,26.3,50.2,KC-135R Stratotanker,204,394,0,False,mode_s
ae87fc,2026-07-21 01:13:41.041323,UNK C/S,,Unavailable,Unavailable,38.5,-73.8,E-6B TACAMO,,,,False,mode_s
ae119d,2026-07-21 01:14:41.401424,SOUND12,03-3120,0334,1800,47.161667,-122.421783,C-17A Globemaster,166,129,59,False,mlat
ae0377,2026-07-21 01:14:41.401450,UNK C/S,62-3502,5253,25000,35.97443,-118.34903,KC-135R Stratotanker,239,417,0,False,mlat
ae0365,2026-07-21 01:14:41.401454,UNK C/S,61-0314,1062,2975,33.888084,-117.313339,KC-135R Stratotanker,187,294,726,False,mlat
ae0378,2026-07-21 01:14:41.401461,UNK C/S,62-3541,4142,40000,46.147289,-114.381645,KC-135R Stratotanker,298,413,0,False,mlat
ae2fae,2026-07-21 01:14:41.401465,RCH193,08-8202,4021,8925,41.138435,-112.240837,C-17A Globemaster,277,308,207,False,mlat
ae1239,2026-07-21 01:14:41.401472,THBRD14,04-4129,3016,34000,38.814148,-106.258812,C-17A Globemaster,219,472,64,False,adsb_icao
ae0802,2026-07-21 01:14:41.401478,RCH262,98-0056,4175,37050,39.068913,-105.034241,C-17A Globemaster,163,446,0,False,mlat
adfeb6,2026-07-21 01:14:41.401520,UNK C/S,75-0125,6617,26025,36.738258,-84.640617,E-4B Nightwatch,249,588,0,False,mlat
ae1242,2026-07-21 01:14:41.401526,RCH339,04-4137,7345,14675,32.573898,-79.04261,C-17A Globemaster,291,391,-1998,False,mlat
ae0687,2026-07-21 01:14:41.401529,RCH284,60-0349,6554,35000,42.691456,-77.182274,KC-135R Stratotanker,71,522,0,False,mlat
ae5ba5,2026-07-21 01:14:41.401534,GRYHK8,168992,4665,10975,37.74744,-76.525505,E-2 Hawkeye,133,236,-128,False,adsb_icao
ae1234,2026-07-21 01:14:41.401541,FAMUS97,03-3123,5716,250,40.025799,-74.569016,C-17A Globemaster,226,114,64,False,adsb_icao
ae5f9d,2026-07-21 01:14:41.401545,PACK11,18-46050,4005,11000,42.909992,-72.035393,KC-46A Pegasus,78,344,-1024,False,adsb_icao
ae0391,2026-07-21 01:14:41.401549,RCH283,63-8039,7306,34950,43.631523,-71.084557,KC-135R Stratotanker,75,506,0,False,mlat
ae014a,2026-07-21 01:14:41.401553,UNK C/S,59-1466,7040,4050,45.017822,-68.517372,KC-135R Stratotanker,178,231,0,False,mlat
ae07f1,2026-07-21 01:14:41.401556,RCH198,96-0007,1435,31000,45.456451,-61.315845,C-17A Globemaster,78,556,0,False,mlat
ae0816,2026-07-21 01:14:41.401560,RCH690,00-0180,3450,35000,55.514057,-9.857397,C-17A Globemaster,79,450,0,False,adsb_icao
ae07fa,2026-07-21 01:14:41.401571,RCH899,97-0048,7716,29000,49.683258,12.761016,C-17A Globemaster,106,504,-32,False,mlat
ae1197,2026-07-21 01:14:41.401575,MOOSE47,03-3114,6427,31000,44.581036,22.964592,C-17A Globemaster,143,453,0,False,mlat
ae146d,2026-07-21 01:14:41.401579,RCH044,07-7175,4675,38000,40.297531,24.269485,C-17A Globemaster,341,461,0,False,mlat
800790,2026-07-21 01:14:41.401583,IFC0736,CB-8003,3742,31000,22.522339,54.858582,C-17A Globemaster,98,436,0,False,adsb_icao
ae05ac,2026-07-21 01:14:41.401593,UNK C/S,63-8029,Unavailable,Unavailable,63.5,-90.8,KC-135R Stratotanker,,,,False,mode_s
ae0501,2026-07-21 01:14:41.401598,UNK C/S,59-1504,Unavailable,1100,39.9,-80.4,KC-135R Stratotanker,,,,False,mode_s
ae07de,2026-07-21 01:14:41.401602,RCH409,93-0604,6451,32000,36.5,27.0,C-17A Globemaster,,,,False,mode_s
adfeba,2026-07-21 01:14:41.401606,SAM836,99-0004,3660,27425,14.9,120.5,C-32 AIR FORCE TWO,,,,False,mode_s
ae05a9,2026-07-21 01:14:41.401609,UNK C/S,63-8015,Unavailable,39000,48.3,-76.1,KC-135R Stratotanker,,,,False,mode_s
ae0385,2026-07-21 01:14:41.401612,UNK C/S,59-1467,0100,24025,26.3,49.6,KC-135R Stratotanker,143,386,0,False,mode_s
ae87fc,2026-07-21 01:14:41.401616,UNK C/S,,Unavailable,Unavailable,38.5,-73.5,E-6B TACAMO,,,,False,mode_s
ae119d,2026-07-21 01:15:41.932528,SOUND12,03-3120,0334,1800,47.115459,-122.424194,C-17A Globemaster,180,164,0,False,mlat
ae0377,2026-07-21 01:15:41.932555,UNK C/S,62-3502,5253,25000,35.890594,-118.432648,KC-135R Stratotanker,200,374,0,False,mlat
ae0365,2026-07-21 01:15:41.932561,UNK C/S,61-0314,1062,3000,33.836311,-117.280472,KC-135R Stratotanker,152,210,-150,False,mlat
ae0378,2026-07-21 01:15:41.932568,UNK C/S,62-3541,4142,40000,46.216377,-114.524094,KC-135R Stratotanker,301,471,0,False,mlat
ae2fae,2026-07-21 01:15:41.932572,RCH193,08-8202,4021,10250,41.139294,-112.350075,C-17A Globemaster,269,330,1935,False,mlat
ae1239,2026-07-21 01:15:41.932580,THBRD14,04-4129,3016,34000,38.711769,-106.365356,C-17A Globemaster,219,470,,False,adsb_icao
ae0802,2026-07-21 01:15:41.932584,RCH262,98-0056,4175,37050,38.94788,-104.986671,C-17A Globemaster,164,424,0,False,mlat
adfeb6,2026-07-21 01:15:41.932623,UNK C/S,75-0125,6617,26025,36.686672,-84.819977,E-4B Nightwatch,251,521,0,False,mlat
ae1242,2026-07-21 01:15:41.932629,RCH339,04-4137,7345,12600,32.611881,-79.155441,C-17A Globemaster,291,366,-1976,False,mlat
ae0687,2026-07-21 01:15:41.932633,RCH284,60-0349,6554,35000,42.73531,-77.002014,KC-135R Stratotanker,72,520,19,False,mlat
ae5ba5,2026-07-21 01:15:41.932637,GRYHK8,168992,4665,11050,37.700089,-76.467354,E-2 Hawkeye,134,231,256,False,adsb_icao
ae5f9d,2026-07-21 01:15:41.932645,PACK11,18-46050,4005,11000,42.929401,-71.905777,KC-46A Pegasus,78,343,,False,adsb_icao
ae0391,2026-07-21 01:15:41.932649,RCH283,63-8039,7306,34950,43.672424,-70.892647,KC-135R Stratotanker,74,506,-2,False,mlat
ae014a,2026-07-21 01:15:41.932654,UNK C/S,59-1466,7040,4050,44.946514,-68.509659,KC-135R Stratotanker,173,239,0,False,mlat
ae07f1,2026-07-21 01:15:41.932657,RCH198,96-0007,1435,31000,45.488865,-61.11026,C-17A Globemaster,77,565,0,False,mlat
ae0816,2026-07-21 01:15:41.932662,RCH690,00-0180,3450,35000,55.537426,-9.6387,C-17A Globemaster,79,450,0,False,adsb_icao
ae07fa,2026-07-21 01:15:41.932672,RCH899,97-0048,7716,29000,49.64183,12.982252,C-17A Globemaster,106,506,160,False,mlat
ae1197,2026-07-21 01:15:41.932676,MOOSE47,03-3114,6427,31000,44.475105,23.07678,C-17A Globemaster,142,445,0,False,mlat
ae146d,2026-07-21 01:15:41.932679,RCH044,07-7175,4675,38000,40.422379,24.214188,C-17A Globemaster,341,463,0,False,mlat
800790,2026-07-21 01:15:41.932684,IFC0736,CB-8003,3742,31025,22.504486,54.989967,C-17A Globemaster,98,436,-64,False,adsb_icao
ae0501,2026-07-21 01:15:41.932694,UNK C/S,59-1504,Unavailable,1100,39.9,-80.4,KC-135R Stratotanker,,,,False,mode_s
ae07de,2026-07-21 01:15:41.932697,RCH409,93-0604,6451,32000,36.4,26.7,C-17A Globemaster,,,,False,mode_s
adfeba,2026-07-21 01:15:41.932702,SAM836,99-0004,3660,26525,14.9,120.5,C-32 AIR FORCE TWO,,,,False,mode_s
ae05a9,2026-07-21 01:15:41.932705,UNK C/S,63-8015,Unavailable,39000,48.3,-76.2,KC-135R Stratotanker,,,,False,mode_s
ae0385,2026-07-21 01:15:41.932709,UNK C/S,59-1467,0100,24025,26.3,50.2,KC-135R Stratotanker,119,384,0,False,mode_s
ae87fc,2026-07-21 01:15:41.932714,UNK C/S,,Unavailable,Unavailable,38.8,-72.0,E-6B TACAMO,,,,False,mode_s
ae119d,2026-07-21 01:16:42.275381,SOUND12,03-3120,0334,1775,47.070961,-122.438042,C-17A Globemaster,217,178,-75,False,mlat
ae0377,2026-07-21 01:16:42.275406,UNK C/S,62-3502,5253,25000,35.792774,-118.460815,KC-135R Stratotanker,189,367,0,False,mlat
ae0365,2026-07-21 01:16:42.275412,UNK C/S,61-0314,1062,2600,33.806854,-117.239311,KC-135R Stratotanker,86,204,-875,False,mlat
ae0378,2026-07-21 01:16:42.275418,UNK C/S,62-3541,4142,40000,46.281429,-114.66378,KC-135R Stratotanker,300,415,0,False,mlat
ae2fae,2026-07-21 01:16:42.275423,RCH193,08-8202,4021,11650,41.067951,-112.376534,C-17A Globemaster,150,415,1593,False,mlat
ae1239,2026-07-21 01:16:42.275429,THBRD14,04-4129,3016,34000,38.60994,-106.471016,C-17A Globemaster,219,474,-64,False,adsb_icao
ae0802,2026-07-21 01:16:42.275436,RCH262,98-0056,4175,37050,38.8298,-104.940155,C-17A Globemaster,164,445,0,False,mlat
adfeb6,2026-07-21 01:16:42.275471,UNK C/S,75-0125,6617,26025,36.646713,-84.982681,E-4B Nightwatch,250,523,-53,False,mlat
ae1242,2026-07-21 01:16:42.275478,RCH339,04-4137,7345,10975,32.641125,-79.257523,C-17A Globemaster,292,377,-1788,False,mlat
ae0687,2026-07-21 01:16:42.275482,RCH284,60-0349,6554,35000,42.783073,-76.808174,KC-135R Stratotanker,71,515,0,False,mlat
ae5ba5,2026-07-21 01:16:42.275486,GRYHK8,168992,4665,10650,37.646702,-76.432419,E-2 Hawkeye,169,219,-960,False,adsb_icao
ae5f9d,2026-07-21 01:16:42.275492,PACK11,18-46050,4005,11000,42.948349,-71.77813,KC-46A Pegasus,78,344,,False,adsb_icao
ae0391,2026-07-21 01:16:42.275496,RCH283,63-8039,7306,34950,43.712044,-70.703766,KC-135R Stratotanker,73,528,0,False,mlat
ae014a,2026-07-21 01:16:42.275500,UNK C/S,59-1466,7040,4050,44.882748,-68.502831,KC-135R Stratotanker,176,233,0,False,mlat
ae0816,2026-07-21 01:16:42.275504,RCH690,00-0180,3450,35000,55.559677,-9.420862,C-17A Globemaster,80,450,0,False,adsb_icao
ae07fa,2026-07-21 01:16:42.275515,RCH899,97-0048,7716,29000,49.602818,13.187349,C-17A Globemaster,106,508,-96,False,mlat
ae1197,2026-07-21 01:16:42.275519,MOOSE47,03-3114,6427,31000,44.365589,23.191412,C-17A Globemaster,142,454,0,False,mlat
ae146d,2026-07-21 01:16:42.275522,RCH044,07-7175,4675,38000,40.549564,24.157438,C-17A Globemaster,341,462,0,False,mlat
800790,2026-07-21 01:16:42.275528,IFC0736,CB-8003,3742,31000,22.487091,55.11776,C-17A Globemaster,98,435,32,False,adsb_icao
ae0501,2026-07-21 01:16:42.275540,UNK C/S,59-1504,Unavailable,1100,39.9,-80.4,KC-135R Stratotanker,,,,False,mode_s
ae07de,2026-07-21 01:16:42.275544,RCH409,93-0604,6451,32000,36.3,27.2,C-17A Globemaster,,,,False,mode_s
adfeba,2026-07-21 01:16:42.275550,SAM836,99-0004,3660,25175,14.5,120.9,C-32 AIR FORCE TWO,,,,False,mode_s
ae05a9,2026-07-21 01:16:42.275553,UNK C/S,63-8015,Unavailable,39000,48.3,-76.2,KC-135R Stratotanker,,,,False,mode_s
ae07f1,2026-07-21 01:16:42.275556,RCH198,96-0007,1435,31000,46.5,-60.1,C-17A Globemaster,,,,False,mode_s
ae0385,2026-07-21 01:16:42.275561,UNK C/S,59-1467,0100,24025,26.3,49.6,KC-135R Stratotanker,119,386,0,False,mode_s
ae87fc,2026-07-21 01:16:42.275566,UNK C/S,,Unavailable,Unavailable,38.8,-71.8,E-6B TACAMO,,,,False,mode_s
ae119d,2026-07-21 01:17:42.688560,SOUND12,03-3120,0334,1200,47.091961,-122.476357,C-17A Globemaster,357,264,-805,False,mlat
ae0377,2026-07-21 01:17:42.688585,UNK C/S,62-3502,5253,25000,35.681374,-118.462631,KC-135R Stratotanker,173,362,0,False,mlat
ae0365,2026-07-21 01:17:42.688590,UNK C/S,61-0314,1062,1975,33.845486,-117.234856,KC-135R Stratotanker,320,184,-723,False,mlat
ae0378,2026-07-21 01:17:42.688596,UNK C/S,62-3541,4142,40000,46.347912,-114.805077,KC-135R Stratotanker,305,427,0,False,mlat
ae2fae,2026-07-21 01:17:42.688601,RCH193,08-8202,4021,12650,40.995152,-112.319527,C-17A Globemaster,109,336,875,False,mlat
ae1239,2026-07-21 01:17:42.688608,THBRD14,04-4129,3016,34000,38.518661,-106.593414,C-17A Globemaster,239,478,,False,adsb_icao
ae0802,2026-07-21 01:17:42.688612,RCH262,98-0056,4175,37050,38.717922,-104.897064,C-17A Globemaster,162,454,0,False,mlat
adfeb6,2026-07-21 01:17:42.688647,UNK C/S,75-0125,6617,26025,36.572742,-85.123451,E-4B Nightwatch,208,527,-149,False,mlat
ae1242,2026-07-21 01:17:42.688654,RCH339,04-4137,7345,10950,32.684437,-79.385208,C-17A Globemaster,289,361,2,False,mlat
ae0687,2026-07-21 01:17:42.688658,RCH284,60-0349,6554,35000,42.830288,-76.617294,KC-135R Stratotanker,70,508,0,False,mlat
ae5ba5,2026-07-21 01:17:42.688661,GRYHK8,168992,4665,9000,37.586334,-76.418739,E-2 Hawkeye,169,228,-2112,False,adsb_icao
ae5f9d,2026-07-21 01:17:42.688668,PACK11,18-46050,4005,10075,42.967388,-71.649429,KC-46A Pegasus,78,337,,False,adsb_icao
ae0391,2026-07-21 01:17:42.688672,RCH283,63-8039,7306,34950,43.751221,-70.517525,KC-135R Stratotanker,75,522,75,False,mlat
ae014a,2026-07-21 01:17:42.688674,UNK C/S,59-1466,7040,4050,44.813313,-68.496498,KC-135R Stratotanker,174,239,0,False,mlat
ae0816,2026-07-21 01:17:42.688678,RCH690,00-0180,3450,35000,55.581299,-9.202548,C-17A Globemaster,80,451,0,False,adsb_icao
ae07fa,2026-07-21 01:17:42.688689,RCH899,97-0048,7716,29000,49.562695,13.396826,C-17A Globemaster,106,510,-64,False,mlat
ae1197,2026-07-21 01:17:42.688692,MOOSE47,03-3114,6427,31000,44.269066,23.293943,C-17A Globemaster,143,444,0,False,mlat
ae146d,2026-07-21 01:17:42.688695,RCH044,07-7175,4675,38000,40.671101,24.103708,C-17A Globemaster,342,451,0,False,mlat
800790,2026-07-21 01:17:42.688701,IFC0736,CB-8003,3742,31000,22.469604,55.245003,C-17A Globemaster,98,436,32,False,adsb_icao
ae0501,2026-07-21 01:17:42.688711,UNK C/S,59-1504,Unavailable,1100,39.9,-80.4,KC-135R Stratotanker,,,,False,mode_s
ae07de,2026-07-21 01:17:42.688714,RCH409,93-0604,6451,32000,36.1,27.5,C-17A Globemaster,,,,False,mode_s
adfeba,2026-07-21 01:17:42.688719,SAM836,99-0004,3660,23500,14.9,120.5,C-32 AIR FORCE TWO,,,,False,mode_s
ae05a9,2026-07-21 01:17:42.688722,UNK C/S,63-8015,Unavailable,39000,48.3,-78.7,KC-135R Stratotanker,,,,False,mode_s
ae07f1,2026-07-21 01:17:42.688725,RCH198,96-0007,1435,31000,46.0,-59.9,C-17A Globemaster,,,,False,mode_s
ae0385,2026-07-21 01:17:42.688729,UNK C/S,59-1467,0100,24025,22.9,53.9,KC-135R Stratotanker,119,386,0,False,mode_s
ae87fc,2026-07-21 01:17:42.688734,UNK C/S,,Unavailable,Unavailable,38.9,-72.0,E-6B TACAMO,,,,False,mode_s
ae119d,2026-07-21 01:18:43.065877,SOUND12,03-3120,0334,300,47.105392,-122.477913,C-17A Globemaster,9,179,-827,False,mlat
ae0377,2026-07-21 01:18:43.065901,UNK C/S,62-3502,5253,25000,35.581215,-118.443466,KC-135R Stratotanker,171,382,0,False,mlat
ae0365,2026-07-21 01:18:43.065906,UNK C/S,61-0314,1062,1550,33.862408,-117.245529,KC-135R Stratotanker,323,153,-879,False,mlat
ae0378,2026-07-21 01:18:43.065912,UNK C/S,62-3541,4142,40000,46.415649,-114.951683,KC-135R Stratotanker,304,404,0,False,mlat
ae2fae,2026-07-21 01:18:43.065917,RCH193,08-8202,4021,13825,41.024036,-112.196983,C-17A Globemaster,68,365,1199,False,mlat
ae1239,2026-07-21 01:18:43.065923,THBRD14,04-4129,3016,34000,38.473755,-106.748779,C-17A Globemaster,266,479,,False,adsb_icao
ae0802,2026-07-21 01:18:43.065927,RCH262,98-0056,4175,37050,38.592632,-104.848686,C-17A Globemaster,163,443,0,False,mlat
adfeb6,2026-07-21 01:18:43.065959,UNK C/S,75-0125,6617,25975,36.392513,-85.117638,E-4B Nightwatch,166,799,-213,False,mlat
ae1242,2026-07-21 01:18:43.065965,RCH339,04-4137,7345,10875,32.723442,-79.505684,C-17A Globemaster,289,357,-139,False,mlat
ae0687,2026-07-21 01:18:43.065969,RCH284,60-0349,6554,35000,42.872906,-76.434593,KC-135R Stratotanker,73,533,0,False,mlat
ae5ba5,2026-07-21 01:18:43.065973,GRYHK8,168992,4665,7050,37.523571,-76.405312,E-2 Hawkeye,170,221,-2176,False,adsb_icao
ae87fc,2026-07-21 01:18:43.065980,UNK C/S,,5244,19500,37.657059,-71.647499,E-6B TACAMO,,,,False,mlat
ae5f9d,2026-07-21 01:18:43.065983,PACK11,18-46050,4005,10025,42.994717,-71.527603,KC-46A Pegasus,68,337,,False,adsb_icao
ae0391,2026-07-21 01:18:43.065988,RCH283,63-8039,7306,34950,43.791271,-70.314629,KC-135R Stratotanker,73,506,0,False,mlat
ae014a,2026-07-21 01:18:43.065990,UNK C/S,59-1466,7040,4050,44.751106,-68.490562,KC-135R Stratotanker,177,242,0,False,mlat
ae0816,2026-07-21 01:18:43.065994,RCH690,00-0180,3450,35000,55.602539,-8.982738,C-17A Globemaster,80,451,-64,False,adsb_icao
ae07fa,2026-07-21 01:18:43.066004,RCH899,97-0048,7716,29000,49.522369,13.606299,C-17A Globemaster,106,512,0,False,mlat
ae1197,2026-07-21 01:18:43.066007,MOOSE47,03-3114,6427,31000,44.160885,23.409962,C-17A Globemaster,142,614,0,False,mlat
ae146d,2026-07-21 01:18:43.066010,RCH044,07-7175,4675,38000,40.790878,24.050077,C-17A Globemaster,341,453,0,False,mlat
800790,2026-07-21 01:18:43.066014,IFC0736,CB-8003,3742,31000,22.45491,55.375191,C-17A Globemaster,81,437,64,False,adsb_icao
adfeba,2026-07-21 01:18:43.066017,SAM836,99-0004,3660,21525,14.979109,121.555473,C-32 AIR FORCE TWO,,,-1984,False,mlat
ae07de,2026-07-21 01:18:43.066026,RCH409,93-0604,6451,32000,36.9,26.7,C-17A Globemaster,,,,False,mode_s
ae05a9,2026-07-21 01:18:43.066030,UNK C/S,63-8015,Unavailable,39000,48.3,-78.5,KC-135R Stratotanker,,,,False,mode_s
ae07f1,2026-07-21 01:18:43.066033,RCH198,96-0007,1435,31000,46.0,-59.8,C-17A Globemaster,,,,False,mode_s
ae0385,2026-07-21 01:18:43.066037,UNK C/S,59-1467,0100,24025,26.3,49.6,KC-135R Stratotanker,119,386,0,False,mode_s
ae0241,2026-07-21 01:18:43.066041,UNK C/S,63-8021,Unavailable,Unavailable,26.3,50.2,KC-135R Stratotanker,,,,False,mode_s
ae119d,2026-07-21 01:19:43.455497,SOUND12,03-3120,0334,1675,47.169785,-122.474182,C-17A Globemaster,12,157,2317,False,mlat
ae0377,2026-07-21 01:19:43.455522,UNK C/S,62-3502,5253,25000,35.473095,-118.414978,KC-135R Stratotanker,155,373,0,False,mlat
ae0365,2026-07-21 01:19:43.455528,UNK C/S,61-0314,1062,2725,33.909718,-117.30233,KC-135R Stratotanker,260,198,884,False,mlat
ae0378,2026-07-21 01:19:43.455534,UNK C/S,62-3541,4142,40000,46.484192,-115.096466,KC-135R Stratotanker,304,443,0,False,mlat
ae2fae,2026-07-21 01:19:43.455538,RCH193,08-8202,4021,14900,41.061943,-112.060745,C-17A Globemaster,71,394,1260,False,mlat
ae1239,2026-07-21 01:19:43.455543,THBRD14,04-4129,3016,34000,38.464508,-106.921036,C-17A Globemaster,266,483,0,False,adsb_icao
ae0802,2026-07-21 01:19:43.455548,RCH262,98-0056,4175,37050,38.4827,-104.805252,C-17A Globemaster,166,419,0,False,mlat
adfeb6,2026-07-21 01:19:43.455582,UNK C/S,75-0125,6617,26025,36.234497,-85.083153,E-4B Nightwatch,168,562,7,False,mlat
ae1242,2026-07-21 01:19:43.455588,RCH339,04-4137,7345,10375,32.75618,-79.604477,C-17A Globemaster,290,295,-537,False,mlat
ae5ba5,2026-07-21 01:19:43.455592,GRYHK8,168992,4665,5350,37.463657,-76.392952,E-2 Hawkeye,171,228,-1536,False,adsb_icao
ae0687,2026-07-21 01:19:43.455595,RCH284,60-0349,6554,35000,42.905872,-76.233551,KC-135R Stratotanker,82,539,28,False,mlat
ae5f9d,2026-07-21 01:19:43.455603,PACK11,18-46050,1200,9025,43.029026,-71.407539,KC-46A Pegasus,69,332,,False,adsb_icao
ae0391,2026-07-21 01:19:43.455607,RCH283,63-8039,7306,34950,43.829788,-70.12838,KC-135R Stratotanker,75,527,0,False,mlat
ae014a,2026-07-21 01:19:43.455610,UNK C/S,59-1466,7040,3750,44.697536,-68.530891,KC-135R Stratotanker,231,227,-453,False,mlat
ae0816,2026-07-21 01:19:43.455614,RCH690,00-0180,3450,35000,55.623276,-8.764593,C-17A Globemaster,80,451,-64,False,adsb_icao
ae07fa,2026-07-21 01:19:43.455624,RCH899,97-0048,7716,29000,49.480679,13.818697,C-17A Globemaster,106,510,0,False,mlat
ae1197,2026-07-21 01:19:43.455627,MOOSE47,03-3114,6427,31000,44.061333,23.513248,C-17A Globemaster,141,405,0,False,mlat
ae146d,2026-07-21 01:19:43.455631,RCH044,07-7175,4675,38000,40.906357,23.998022,C-17A Globemaster,341,449,0,False,mlat
800790,2026-07-21 01:19:43.455638,IFC0736,CB-8003,3556,31025,22.498993,55.501331,C-17A Globemaster,68,438,-32,False,adsb_icao
adfeba,2026-07-21 01:19:43.455643,SAM836,99-0004,3660,18775,15.002458,121.478104,C-32 AIR FORCE TWO,,,-2662,False,mlat
ae07de,2026-07-21 01:19:43.455653,RCH409,93-0604,6451,32000,36.7,26.4,C-17A Globemaster,,,,False,mode_s
ae05a9,2026-07-21 01:19:43.455657,UNK C/S,63-8015,Unavailable,39000,48.3,-78.5,KC-135R Stratotanker,,,,False,mode_s
ae07f1,2026-07-21 01:19:43.455660,RCH198,96-0007,1435,31000,46.3,-59.2,C-17A Globemaster,,,,False,mode_s
ae0385,2026-07-21 01:19:43.455664,UNK C/S,59-1467,0100,24025,23.2,54.1,KC-135R Stratotanker,66,376,32,False,mode_s
ae87fc,2026-07-21 01:19:43.455667,UNK C/S,,5244,19500,38.7,-72.3,E-6B TACAMO,,,,False,mode_s
ae119d,2026-07-21 01:20:43.903747,SOUND12,03-3120,0334,1775,47.163517,-122.416908,C-17A Globemaster,164,259,35,False,mlat
ae0377,2026-07-21 01:20:43.903772,UNK C/S,62-3502,5253,25000,35.407253,-118.326515,KC-135R Stratotanker,108,390,0,False,mlat
ae0365,2026-07-21 01:20:43.903777,UNK C/S,61-0314,1062,3000,33.863361,-117.296707,KC-135R Stratotanker,139,192,92,False,mlat
ae0378,2026-07-21 01:20:43.903782,UNK C/S,62-3541,4142,40000,46.543892,-115.23111,KC-135R Stratotanker,303,414,0,False,mlat
ae2fae,2026-07-21 01:20:43.903787,RCH193,08-8202,4021,17575,41.098904,-111.928917,C-17A Globemaster,66,320,1510,False,mlat
ae1239,2026-07-21 01:20:43.903791,THBRD14,04-4129,3016,34000,38.45657,-107.092102,C-17A Globemaster,266,482,,False,adsb_icao
ae0802,2026-07-21 01:20:43.903796,RCH262,98-0056,4175,37050,38.357403,-104.760376,C-17A Globemaster,161,442,0,False,mlat
adfeb6,2026-07-21 01:20:43.903830,UNK C/S,75-0125,6617,26025,36.08453,-85.049171,E-4B Nightwatch,169,545,0,False,mlat
ae1242,2026-07-21 01:20:43.903836,RCH339,04-4137,7345,8925,32.784954,-79.695671,C-17A Globemaster,291,289,-1522,False,mlat
ae5ba5,2026-07-21 01:20:43.903841,GRYHK8,168992,4665,5025,37.396343,-76.379166,E-2 Hawkeye,169,247,-256,False,adsb_icao
ae0687,2026-07-21 01:20:43.903844,RCH284,60-0349,6554,35025,42.937855,-76.043571,KC-135R Stratotanker,82,519,50,False,mlat
ae87fc,2026-07-21 01:20:43.903852,UNK C/S,,5244,19500,37.805965,-71.702858,E-6B TACAMO,,,0,False,mlat
ae5f9d,2026-07-21 01:20:43.903857,PACK11,18-46050,1200,7625,43.046204,-71.294075,KC-46A Pegasus,88,282,,False,adsb_icao
ae0391,2026-07-21 01:20:43.903860,RCH283,63-8039,7306,34950,43.868782,-69.938553,KC-135R Stratotanker,74,507,0,False,mlat
ae014a,2026-07-21 01:20:43.903862,UNK C/S,59-1466,7040,3050,44.675529,-68.588264,KC-135R Stratotanker,288,216,-284,False,mlat
ae0816,2026-07-21 01:20:43.903865,RCH690,00-0180,3450,35000,55.643967,-8.543368,C-17A Globemaster,80,451,-32,False,adsb_icao
ae07fa,2026-07-21 01:20:43.903878,RCH899,97-0048,7716,29000,49.440624,14.025373,C-17A Globemaster,106,512,0,False,mlat
ae1197,2026-07-21 01:20:43.903881,MOOSE47,03-3114,4557,31000,43.961742,23.614689,C-17A Globemaster,144,449,0,False,mlat
ae146d,2026-07-21 01:20:43.903884,RCH044,07-7175,4675,38000,41.025501,23.945818,C-17A Globemaster,342,467,0,False,mlat
800790,2026-07-21 01:20:43.903889,IFC0736,CB-8003,3556,31000,22.546644,55.628101,C-17A Globemaster,68,439,-32,False,adsb_icao
adfeba,2026-07-21 01:20:43.903893,SAM836,99-0004,3660,16600,14.963765,121.366837,C-32 AIR FORCE TWO,,,-2145,False,mlat
ae0501,2026-07-21 01:20:43.903902,UNK C/S,59-1504,Unavailable,Unavailable,40.0,-80.4,KC-135R Stratotanker,,,,False,mode_s
ae07de,2026-07-21 01:20:43.903905,RCH409,93-0604,6451,32000,36.2,27.5,C-17A Globemaster,,,,False,mode_s
ae05a9,2026-07-21 01:20:43.903909,UNK C/S,63-8015,Unavailable,39000,48.3,-78.6,KC-135R Stratotanker,,,,False,mode_s
ae07f1,2026-07-21 01:20:43.903911,RCH198,96-0007,1435,31000,45.9,-59.5,C-17A Globemaster,,,,False,mode_s
ae0385,2026-07-21 01:20:43.903915,UNK C/S,59-1467,0100,24025,26.3,49.6,KC-135R Stratotanker,2,376,0,False,mode_s
ae119d,2026-07-21 01:21:44.271169,SOUND12,03-3120,0334,1800,47.114601,-122.420464,C-17A Globemaster,178,159,0,False,mlat
ae0377,2026-07-21 01:21:44.271193,UNK C/S,62-3502,5253,25000,35.408779,-118.205322,KC-135R Stratotanker,66,388,0,False,mlat
ae0365,2026-07-21 01:21:44.271197,UNK C/S,61-0314,1062,2975,33.818359,-117.262207,KC-135R Stratotanker,146,187,-23,False,mlat
ae0378,2026-07-21 01:21:44.271203,UNK C/S,62-3541,4142,40000,46.616119,-115.384521,KC-135R Stratotanker,303,429,-2,False,mlat
ae2fae,2026-07-21 01:21:44.271208,RCH193,08-8202,4021,17950,41.133579,-111.802658,C-17A Globemaster,67,389,153,False,mlat
ae1239,2026-07-21 01:21:44.271213,THBRD14,04-4129,3016,34000,38.448563,-107.262939,C-17A Globemaster,266,478,,False,adsb_icao
ae0802,2026-07-21 01:21:44.271218,RCH262,98-0056,4175,37050,38.241634,-104.715775,C-17A Globemaster,165,434,0,False,mlat
adfeb6,2026-07-21 01:21:44.271248,UNK C/S,75-0125,6617,26025,35.931728,-85.013367,E-4B Nightwatch,170,556,0,False,mlat
ae1242,2026-07-21 01:21:44.271255,RCH339,04-4137,7345,7375,32.814526,-79.786751,C-17A Globemaster,292,299,-1502,False,mlat
ae5ba5,2026-07-21 01:21:44.271260,GRYHK8,168992,4665,4975,37.328331,-76.36322,E-2 Hawkeye,170,249,64,False,adsb_icao
ae0687,2026-07-21 01:21:44.271263,RCH284,60-0349,6554,35000,42.970242,-75.846275,KC-135R Stratotanker,76,528,0,False,mlat
ae5f9d,2026-07-21 01:21:44.271270,PACK11,18-46050,1200,6150,43.034683,-71.195427,KC-46A Pegasus,101,256,-704,False,adsb_icao
ae0391,2026-07-21 01:21:44.271273,RCH283,63-8039,7306,34950,43.906757,-69.748444,KC-135R Stratotanker,76,506,0,False,mlat
ae014a,2026-07-21 01:21:44.271276,UNK C/S,59-1466,7040,3050,44.687302,-68.648834,KC-135R Stratotanker,286,172,4,False,mlat
ae0816,2026-07-21 01:21:44.271279,RCH690,00-0180,3450,35000,55.664139,-8.323603,C-17A Globemaster,80,450,-64,False,adsb_icao
ae07fa,2026-07-21 01:21:44.271290,RCH899,97-0048,7716,29000,49.398449,14.232102,C-17A Globemaster,107,512,-96,False,mlat
ae1197,2026-07-21 01:21:44.271294,MOOSE47,03-3114,4557,31000,43.859322,23.722528,C-17A Globemaster,143,454,0,False,mlat
ae146d,2026-07-21 01:21:44.271297,RCH044,07-7175,4675,38000,41.15432,23.886145,C-17A Globemaster,340,469,0,False,mlat
800790,2026-07-21 01:21:44.271303,IFC0736,CB-8003,3556,31000,22.590591,55.745392,C-17A Globemaster,68,437,-128,False,adsb_icao
adfeba,2026-07-21 01:21:44.271307,SAM836,99-0004,3660,14675,14.958095,121.266945,C-32 AIR FORCE TWO,,,-1945,False,mlat
ae0501,2026-07-21 01:21:44.271316,UNK C/S,59-1504,Unavailable,1100,40.0,-80.4,KC-135R Stratotanker,,,,False,mode_s
ae07de,2026-07-21 01:21:44.271320,RCH409,93-0604,6451,32000,36.9,26.3,C-17A Globemaster,,,,False,mode_s
ae05a9,2026-07-21 01:21:44.271323,UNK C/S,63-8015,Unavailable,39000,48.3,-75.8,KC-135R Stratotanker,,,,False,mode_s
ae07f1,2026-07-21 01:21:44.271345,RCH198,96-0007,1435,31000,46.2,-59.0,C-17A Globemaster,,,,False,mode_s
ae0385,2026-07-21 01:21:44.271351,UNK C/S,59-1467,0100,24025,26.3,49.6,KC-135R Stratotanker,301,386,96,False,mode_s
ae87fc,2026-07-21 01:21:44.271354,UNK C/S,,5244,19500,38.8,-72.8,E-6B TACAMO,,,,False,mode_s
ae119d,2026-07-21 01:22:44.718979,SOUND12,03-3120,0334,1825,47.074364,-122.436386,C-17A Globemaster,219,187,0,False,mlat
ae0377,2026-07-21 01:22:44.719004,UNK C/S,62-3502,5253,25000,35.479988,-118.119675,KC-135R Stratotanker,23,383,0,False,mlat
ae0365,2026-07-21 01:22:44.719008,UNK C/S,61-0314,1062,2175,33.834576,-117.225693,KC-135R Stratotanker,343,234,-631,False,mlat
ae0378,2026-07-21 01:22:44.719014,UNK C/S,62-3541,4142,38775,46.678387,-115.520683,KC-135R Stratotanker,303,403,-1935,False,mlat
ae2fae,2026-07-21 01:22:44.719020,RCH193,08-8202,4021,17925,41.171982,-111.660767,C-17A Globemaster,71,452,0,False,mlat
ae1239,2026-07-21 01:22:44.719024,THBRD14,04-4129,3016,33975,38.440521,-107.431664,C-17A Globemaster,266,483,-128,False,adsb_icao
ae0802,2026-07-21 01:22:44.719029,RCH262,98-0056,4175,37050,38.130356,-104.67495,C-17A Globemaster,163,439,0,False,mlat
adfeb6,2026-07-21 01:22:44.719058,UNK C/S,75-0125,6617,26025,35.778309,-84.976959,E-4B Nightwatch,170,568,0,False,mlat
ae1242,2026-07-21 01:22:44.719065,RCH339,04-4137,7345,5925,32.875916,-79.844696,C-17A Globemaster,335,281,-1438,False,mlat
ae5ba5,2026-07-21 01:22:44.719069,GRYHK8,168992,4665,3800,37.260689,-76.374626,E-2 Hawkeye,192,248,-1408,False,adsb_icao
ae0687,2026-07-21 01:22:44.719074,RCH284,60-0349,6554,35000,43.001781,-75.654404,KC-135R Stratotanker,77,537,0,False,mlat
ae87fc,2026-07-21 01:22:44.719080,UNK C/S,,5244,19500,37.983898,-71.773071,E-6B TACAMO,,,,False,mlat
ae5f9d,2026-07-21 01:22:44.719085,PACK11,18-46050,1200,4050,42.999435,-71.112778,KC-46A Pegasus,134,248,-2240,False,adsb_icao
ae0391,2026-07-21 01:22:44.719089,RCH283,63-8039,7306,34950,43.943573,-69.557045,KC-135R Stratotanker,73,516,0,False,mlat
ae014a,2026-07-21 01:22:44.719091,UNK C/S,59-1466,7040,2450,44.713928,-68.693954,KC-135R Stratotanker,320,147,-965,False,mlat
ae0816,2026-07-21 01:22:44.719095,RCH690,00-0180,3450,35000,55.683739,-8.105249,C-17A Globemaster,81,451,0,False,adsb_icao
ae07fa,2026-07-21 01:22:44.719104,RCH899,97-0048,7716,29000,49.354633,14.447931,C-17A Globemaster,107,512,-64,False,mlat
ae1197,2026-07-21 01:22:44.719108,MOOSE47,03-3114,4557,31000,43.755177,23.803303,C-17A Globemaster,171,422,0,False,mlat
ae146d,2026-07-21 01:22:44.719111,RCH044,07-7175,4675,38000,41.270725,23.834068,C-17A Globemaster,340,453,0,False,mlat
800790,2026-07-21 01:22:44.719115,IFC0736,CB-8003,3556,31025,22.637608,55.87138,C-17A Globemaster,68,438,-96,False,adsb_icao
adfeba,2026-07-21 01:22:44.719119,SAM836,99-0004,3660,14250,14.947266,121.195335,C-32 AIR FORCE TWO,,,-15,False,mlat
ae0501,2026-07-21 01:22:44.719130,UNK C/S,59-1504,Unavailable,1100,40.0,-80.4,KC-135R Stratotanker,,,,False,mode_s
ae5750,2026-07-21 01:22:44.719135,UNK C/S,19-46010,1200,Unavailable,35.4,-99.0,KC-46A Pegasus,,,,False,mode_s
ae07de,2026-07-21 01:22:44.719137,RCH409,93-0604,6451,32000,37.0,26.2,C-17A Globemaster,,,,False,mode_s
ae05a9,2026-07-21 01:22:44.719141,UNK C/S,63-8015,Unavailable,39000,48.7,-72.3,KC-135R Stratotanker,,,,False,mode_s
ae07f1,2026-07-21 01:22:44.719143,RCH198,96-0007,1435,31000,46.0,-59.8,C-17A Globemaster,,,,False,mode_s
ae0385,2026-07-21 01:22:44.719148,UNK C/S,59-1467,0100,24000,24.6,55.5,KC-135R Stratotanker,299,388,0,False,mode_s
ae119d,2026-07-21 01:23:45.161309,SOUND12,03-3120,0334,1200,47.099075,-122.474754,C-17A Globemaster,7,191,-1034,False,mlat
ae0377,2026-07-21 01:23:45.161357,UNK C/S,62-3502,5253,25000,35.5853,-118.10611,KC-135R Stratotanker,357,376,0,False,mlat
ae0365,2026-07-21 01:23:45.161363,UNK C/S,61-0314,1062,1450,33.864159,-117.24707,KC-135R Stratotanker,329,178,-784,False,mlat
ae0378,2026-07-21 01:23:45.161368,UNK C/S,62-3541,4142,36800,46.736404,-115.644897,KC-135R Stratotanker,305,375,-2915,False,mlat
ae2fae,2026-07-21 01:23:45.161374,RCH193,08-8202,4021,18375,41.211693,-111.512009,C-17A Globemaster,72,394,887,False,mlat
ae1239,2026-07-21 01:23:45.161379,THBRD14,04-4129,3016,33975,38.43185,-107.60498,C-17A Globemaster,266,488,0,False,adsb_icao
ae0802,2026-07-21 01:23:45.161384,RCH262,98-0056,4175,37050,38.010605,-104.62841,C-17A Globemaster,163,423,0,False,mlat
adfeb6,2026-07-21 01:23:45.161417,UNK C/S,75-0125,6617,26025,35.627792,-84.93866,E-4B Nightwatch,166,560,0,False,mlat
ae1242,2026-07-21 01:23:45.161424,RCH339,04-4137,7345,4975,32.940948,-79.899063,C-17A Globemaster,327,265,-227,False,mlat
ae5ba5,2026-07-21 01:23:45.161429,GRYHK8,168992,4665,2950,37.195129,-76.390976,E-2 Hawkeye,190,223,-64,False,adsb_icao
ae0687,2026-07-21 01:23:45.161435,RCH284,60-0349,6554,35000,43.031097,-75.459442,KC-135R Stratotanker,76,520,0,False,mlat
ae87fc,2026-07-21 01:23:45.161441,UNK C/S,,5244,19500,38.057377,-71.80439,E-6B TACAMO,,,,False,mlat
ae5f9d,2026-07-21 01:23:45.161446,PACK11,18-46050,1200,3500,42.9436,-71.061333,KC-46A Pegasus,126,249,128,False,adsb_icao
ae0391,2026-07-21 01:23:45.161451,RCH283,63-8039,7306,34950,43.981895,-69.368324,KC-135R Stratotanker,74,506,-76,False,mlat
ae014a,2026-07-21 01:23:45.161454,UNK C/S,59-1466,7040,1650,44.743893,-68.737,KC-135R Stratotanker,319,172,-773,False,mlat
ae0816,2026-07-21 01:23:45.161459,RCH690,00-0180,3450,35000,55.702927,-7.886436,C-17A Globemaster,81,450,-32,False,adsb_icao
ae07fa,2026-07-21 01:23:45.161469,RCH899,97-0048,7716,29000,49.313122,14.654868,C-17A Globemaster,107,514,-128,False,mlat
ae146d,2026-07-21 01:23:45.161473,RCH044,07-7175,4675,38000,41.40398,23.774891,C-17A Globemaster,341,429,0,False,mlat
ae1197,2026-07-21 01:23:45.161475,MOOSE47,03-3114,4557,31000,43.638191,23.821449,C-17A Globemaster,173,411,0,False,mlat
800790,2026-07-21 01:23:45.161481,IFC0736,CB-8003,3556,31025,22.683834,55.995838,C-17A Globemaster,68,438,0,False,adsb_icao
adfeba,2026-07-21 01:23:45.161484,SAM836,99-0004,3660,12850,14.81584,121.074364,C-32 AIR FORCE TWO,,,-1397,False,mlat
ae0501,2026-07-21 01:23:45.161497,UNK C/S,59-1504,Unavailable,1100,39.9,-80.4,KC-135R Stratotanker,,,,False,mode_s
ae07de,2026-07-21 01:23:45.161501,RCH409,93-0604,6451,32000,36.6,27.0,C-17A Globemaster,,,,False,mode_s
ae05a9,2026-07-21 01:23:45.161506,UNK C/S,63-8015,Unavailable,39000,48.3,-79.1,KC-135R Stratotanker,,,,False,mode_s
ae07f1,2026-07-21 01:23:45.161509,RCH198,96-0007,1435,31000,46.5,-59.6,C-17A Globemaster,,,,False,mode_s
ae0385,2026-07-21 01:23:45.161513,UNK C/S,59-1467,0100,24025,26.3,49.6,KC-135R Stratotanker,299,390,160,False,mode_s
ae049b,2026-07-21 01:23:45.161518,UNK C/S,61-0313,1602,Unavailable,27.7,47.8,KC-135R Stratotanker,,,,False,mode_s
ae119d,2026-07-21 01:24:45.644787,SOUND12,03-3120,0334,425,47.104633,-122.469505,C-17A Globemaster,14,156,-1354,False,mode_s
ae0377,2026-07-21 01:24:45.644812,UNK C/S,62-3502,5253,25000,35.691475,-118.105103,KC-135R Stratotanker,5,312,0,False,mlat
ae0365,2026-07-21 01:24:45.644816,UNK C/S,61-0314,1062,2525,33.909698,-117.282959,KC-135R Stratotanker,319,185,1419,False,mlat
ae0378,2026-07-21 01:24:45.644821,UNK C/S,62-3541,4142,35325,46.796535,-115.780891,KC-135R Stratotanker,303,402,-1925,False,mlat
ae2fae,2026-07-21 01:24:45.644826,RCH193,08-8202,4021,19400,41.250191,-111.371437,C-17A Globemaster,70,410,1018,False,mlat
ae1239,2026-07-21 01:24:45.644831,THBRD14,04-4129,3016,34000,38.422989,-107.776833,C-17A Globemaster,266,480,-64,False,adsb_icao
ae0802,2026-07-21 01:24:45.644836,RCH262,98-0056,4175,37050,37.892929,-104.585403,C-17A Globemaster,165,426,0,False,mlat
adfeb6,2026-07-21 01:24:45.644868,UNK C/S,75-0125,6617,26025,35.473888,-84.898148,E-4B Nightwatch,167,541,0,False,mlat
ae1242,2026-07-21 01:24:45.644873,RCH339,04-4137,7345,3975,33.004784,-79.951042,C-17A Globemaster,320,290,-1016,False,mlat
ae5ba5,2026-07-21 01:24:45.644878,GRYHK8,168992,4665,3000,37.134933,-76.403778,E-2 Hawkeye,191,221,128,False,adsb_icao
ae0687,2026-07-21 01:24:45.644885,RCH284,60-0349,6554,35000,43.05415,-75.266609,KC-135R Stratotanker,90,505,0,False,mlat
ae87fc,2026-07-21 01:24:45.644891,UNK C/S,,5244,19500,38.13694,-71.84404,E-6B TACAMO,,,0,False,mlat
ae5f9d,2026-07-21 01:24:45.644896,PACK11,18-46050,1200,2975,42.955856,-70.973915,KC-46A Pegasus,54,252,,False,adsb_icao
ae0391,2026-07-21 01:24:45.644900,RCH283,63-8039,7306,34975,44.020302,-69.16996,KC-135R Stratotanker,76,520,-9,False,mlat
ae014a,2026-07-21 01:24:45.644903,UNK C/S,59-1466,7040,825,44.774071,-68.777176,KC-135R Stratotanker,312,148,-823,False,mlat
ae0816,2026-07-21 01:24:45.644907,RCH690,00-0180,3450,35000,55.714741,-7.662878,C-17A Globemaster,99,466,0,False,adsb_icao
ae07fa,2026-07-21 01:24:45.644917,RCH899,97-0048,7716,29000,49.269066,14.863348,C-17A Globemaster,107,514,-64,False,mlat
ae146d,2026-07-21 01:24:45.644920,RCH044,07-7175,4675,38000,41.517159,23.750908,C-17A Globemaster,354,468,0,False,mlat
ae1197,2026-07-21 01:24:45.644924,MOOSE47,03-3114,4557,31000,43.523483,23.839052,C-17A Globemaster,173,412,0,False,mlat
800790,2026-07-21 01:24:45.644929,IFC0736,CB-8003,3556,31000,22.729385,56.118515,C-17A Globemaster,68,439,-64,False,adsb_icao
adfeba,2026-07-21 01:24:45.644932,SAM836,99-0004,3660,11450,14.948431,121.001694,C-32 AIR FORCE TWO,,,-1376,False,mlat
ae0501,2026-07-21 01:24:45.644944,UNK C/S,59-1504,Unavailable,1100,39.9,-80.4,KC-135R Stratotanker,,,,False,mode_s
ae07de,2026-07-21 01:24:45.644948,RCH409,93-0604,6451,32000,36.7,26.5,C-17A Globemaster,,,,False,mode_s
ae05a9,2026-07-21 01:24:45.644952,UNK C/S,63-8015,Unavailable,39000,48.3,-79.2,KC-135R Stratotanker,,,,False,mode_s
ae07f1,2026-07-21 01:24:45.644955,RCH198,96-0007,1435,31000,46.1,-59.5,C-17A Globemaster,,,,False,mode_s
ae0385,2026-07-21 01:24:45.644959,UNK C/S,59-1467,0100,24025,24.6,55.5,KC-135R Stratotanker,299,392,0,False,mode_s
ae049b,2026-07-21 01:24:45.644964,UNK C/S,61-0313,1602,22500,27.1,46.8,KC-135R Stratotanker,4,428,0,False,mode_s
ae119d,2026-07-21 01:25:46.103661,SOUND12,03-3120,0334,1750,47.175903,-122.451149,C-17A Globemaster,58,233,193,False,mlat
ae0377,2026-07-21 01:25:46.103689,UNK C/S,62-3502,5253,25000,35.796299,-118.096977,KC-135R Stratotanker,9,397,0,False,mlat
ae0365,2026-07-21 01:25:46.103694,UNK C/S,61-0314,1062,3000,33.883778,-117.313667,KC-135R Stratotanker,168,281,-34,False,mlat
ae0378,2026-07-21 01:25:46.103700,UNK C/S,62-3541,4142,33275,46.862453,-115.925156,KC-135R Stratotanker,307,420,-1723,False,mlat
ae2fae,2026-07-21 01:25:46.103705,RCH193,08-8202,4021,20400,41.290432,-111.225502,C-17A Globemaster,70,424,1007,False,mlat
ae1239,2026-07-21 01:25:46.103710,THBRD14,04-4129,3016,34000,38.413879,-107.948074,C-17A Globemaster,265,485,0,False,adsb_icao
ae0802,2026-07-21 01:25:46.103715,RCH262,98-0056,4175,37050,37.773762,-104.542244,C-17A Globemaster,164,432,0,False,mlat
adfeb6,2026-07-21 01:25:46.103750,UNK C/S,75-0125,6617,26025,35.315552,-84.858803,E-4B Nightwatch,169,550,0,False,mlat
ae1242,2026-07-21 01:25:46.103755,RCH339,04-4137,7345,3975,33.056149,-79.993652,C-17A Globemaster,323,184,-52,False,mlat
ae5ba5,2026-07-21 01:25:46.103761,GRYHK8,168992,4665,3000,37.077667,-76.435684,E-2 Hawkeye,208,222,0,False,adsb_icao
ae0687,2026-07-21 01:25:46.103767,RCH284,60-0349,6554,35000,43.047558,-75.067177,KC-135R Stratotanker,94,508,0,False,mlat
ae87fc,2026-07-21 01:25:46.103773,UNK C/S,,5244,19500,38.177181,-71.852608,E-6B TACAMO,343,276,,False,mlat
ae5f9d,2026-07-21 01:25:46.103778,PACK11,18-46050,1200,2375,43.005981,-70.915916,KC-46A Pegasus,31,219,,False,adsb_icao
ae0391,2026-07-21 01:25:46.103782,RCH283,63-8039,7306,34950,44.057907,-68.974152,KC-135R Stratotanker,75,516,23,False,mlat
ae014a,2026-07-21 01:25:46.103785,UNK C/S,59-1466,7040,200,44.794224,-68.809082,KC-135R Stratotanker,314,153,-741,False,mlat
ae0816,2026-07-21 01:25:46.103788,RCH690,00-0180,3450,35000,55.684525,-7.436412,C-17A Globemaster,103,472,-32,False,adsb_icao
ae07fa,2026-07-21 01:25:46.103800,RCH899,97-0048,7716,29000,49.226112,15.07144,C-17A Globemaster,107,514,32,False,mlat
ae146d,2026-07-21 01:25:46.103804,RCH044,07-7175,4675,38000,41.651215,23.722864,C-17A Globemaster,352,473,0,False,mlat
ae1197,2026-07-21 01:25:46.103806,MOOSE47,03-3114,4557,31000,43.410038,23.855345,C-17A Globemaster,174,407,0,False,mlat
800790,2026-07-21 01:25:46.103813,IFC0736,CB-8003,3556,31025,22.773912,56.238911,C-17A Globemaster,68,441,32,False,adsb_icao
adfeba,2026-07-21 01:25:46.103817,SAM836,99-0004,3660,10125,14.948675,120.906319,C-32 AIR FORCE TWO,,,-1351,False,mlat
ae0501,2026-07-21 01:25:46.103829,UNK C/S,59-1504,Unavailable,1100,39.9,-80.4,KC-135R Stratotanker,,,,False,mode_s
ae07de,2026-07-21 01:25:46.103833,RCH409,93-0604,6451,32000,36.8,26.3,C-17A Globemaster,,,,False,mode_s
ae05a9,2026-07-21 01:25:46.103837,UNK C/S,63-8015,Unavailable,39000,48.3,-79.3,KC-135R Stratotanker,,,,False,mode_s
ae07f1,2026-07-21 01:25:46.103839,RCH198,96-0007,1435,31000,45.6,-59.7,C-17A Globemaster,,,,False,mode_s
ae0385,2026-07-21 01:25:46.103844,UNK C/S,59-1467,0100,24025,26.3,49.6,KC-135R Stratotanker,281,394,0,False,mode_s
ae049b,2026-07-21 01:25:46.103849,UNK C/S,61-0313,1602,22475,27.7,47.8,KC-135R Stratotanker,5,428,-64,False,mode_s
ae119d,2026-07-21 01:26:46.504259,SOUND12,03-3120,0334,1750,47.134377,-122.422287,C-17A Globemaster,193,202,23,False,mlat
ae0377,2026-07-21 01:26:46.504284,UNK C/S,62-3502,5253,25025,35.906029,-118.10186,KC-135R Stratotanker,349,434,71,False,mlat
ae0365,2026-07-21 01:26:46.504288,UNK C/S,61-0314,1062,3000,33.836632,-117.27787,KC-135R Stratotanker,154,186,0,False,mlat
ae0378,2026-07-21 01:26:46.504293,UNK C/S,62-3541,4142,31700,46.926212,-116.069557,KC-135R Stratotanker,300,414,-1592,False,mlat
ae2fae,2026-07-21 01:26:46.504300,RCH193,08-8202,4021,22350,41.29232,-111.081184,C-17A Globemaster,112,406,2217,False,mlat
ae1239,2026-07-21 01:26:46.504303,THBRD14,04-4129,3016,34000,38.40443,-108.121948,C-17A Globemaster,265,486,,False,adsb_icao
ae0802,2026-07-21 01:26:46.504309,RCH262,98-0056,4175,37050,37.660168,-104.502045,C-17A Globemaster,166,426,0,False,mlat
adfeb6,2026-07-21 01:26:46.504370,UNK C/S,75-0125,6617,26025,35.170574,-84.821121,E-4B Nightwatch,168,567,-36,False,mlat
ae1242,2026-07-21 01:26:46.504378,RCH339,04-4137,7345,3525,33.08894,-80.044899,C-17A Globemaster,308,146,-1028,False,mlat
ae5ba5,2026-07-21 01:26:46.504386,GRYHK8,168992,4665,2625,37.023132,-76.468369,E-2 Hawkeye,205,215,-1152,False,adsb_icao
ae0687,2026-07-21 01:26:46.504394,RCH284,60-0349,6554,35000,43.040398,-74.869896,KC-135R Stratotanker,92,530,0,False,mlat
ae5f9d,2026-07-21 01:26:46.504401,PACK11,18-46050,1200,1575,43.054321,-70.874786,KC-46A Pegasus,31,195,-832,False,adsb_icao
ae014a,2026-07-21 01:26:46.504405,UNK C/S,59-1466,7040,1175,44.836605,-68.873055,KC-135R Stratotanker,315,205,817,False,mlat
ae0391,2026-07-21 01:26:46.504408,RCH283,63-8039,7306,34950,44.09457,-68.781639,KC-135R Stratotanker,75,526,-44,False,mlat
ae0816,2026-07-21 01:26:46.504412,RCH690,00-0180,3450,35000,55.653809,-7.206365,C-17A Globemaster,103,481,0,False,adsb_icao
ae07fa,2026-07-21 01:26:46.504423,RCH899,97-0048,7716,29000,49.181507,15.284391,C-17A Globemaster,107,514,-160,False,mlat
ae146d,2026-07-21 01:26:46.504427,RCH044,07-7175,4675,38000,41.787254,23.69339,C-17A Globemaster,351,463,-17,False,mlat
ae1197,2026-07-21 01:26:46.504430,MOOSE47,03-3114,4557,31000,43.296242,23.872347,C-17A Globemaster,174,417,0,False,mlat
800790,2026-07-21 01:26:46.504437,IFC0736,CB-8003,3556,31000,22.820984,56.366604,C-17A Globemaster,68,443,224,False,adsb_icao
adfeba,2026-07-21 01:26:46.504440,SAM836,99-0004,3660,9100,14.951213,120.815948,C-32 AIR FORCE TWO,,,-1193,False,mlat
ae049b,2026-07-21 01:26:46.504451,UNK C/S,61-0313,1602,22500,27.9,46.8,KC-135R Stratotanker,4,424,32,False,mode_s
ae05a9,2026-07-21 01:26:46.504459,UNK C/S,63-8015,Unavailable,39000,48.7,-72.3,KC-135R Stratotanker,,,,False,mode_s
ae0501,2026-07-21 01:26:46.504463,UNK C/S,59-1504,Unavailable,1100,39.9,-80.4,KC-135R Stratotanker,,,,False,mode_s
ae07f1,2026-07-21 01:26:46.504467,RCH198,96-0007,1435,31000,46.2,-59.7,C-17A Globemaster,,,,False,mode_s
ae0385,2026-07-21 01:26:46.504471,UNK C/S,59-1467,0100,24025,26.3,49.6,KC-135R Stratotanker,219,398,0,False,mode_s
ae87fc,2026-07-21 01:26:46.504474,UNK C/S,,5244,19500,39.0,-72.1,E-6B TACAMO,,,,False,mode_s
ae07de,2026-07-21 01:26:46.504479,RCH409,93-0604,6451,32000,37.0,25.9,C-17A Globemaster,,,,False,mode_s
ae0241,2026-07-21 01:26:46.504484,UNK C/S,63-8021,Unavailable,Unavailable,25.4,51.2,KC-135R Stratotanker,,,,False,mode_s
ae119d,2026-07-21 01:27:46.936841,SOUND12,03-3120,0334,1775,47.086983,-122.429413,C-17A Globemaster,193,182,0,False,mlat
ae0377,2026-07-21 01:27:46.936865,UNK C/S,62-3502,5253,25000,35.982319,-118.226677,KC-135R Stratotanker,281,501,0,False,mlat
ae0365,2026-07-21 01:27:46.936868,UNK C/S,61-0314,1062,2600,33.812862,-117.233971,KC-135R Stratotanker,64,190,-813,False,mlat
ae0378,2026-07-21 01:27:46.936872,UNK C/S,62-3541,4142,28225,46.986698,-116.204002,KC-135R Stratotanker,304,406,-4315,False,mlat
ae2fae,2026-07-21 01:27:46.936877,RCH193,08-8202,4021,23350,41.26709,-110.934341,C-17A Globemaster,98,418,726,False,mlat
ae1239,2026-07-21 01:27:46.936881,THBRD14,04-4129,3016,34000,38.394844,-108.29319,C-17A Globemaster,265,481,0,False,adsb_icao
ae0802,2026-07-21 01:27:46.936887,RCH262,98-0056,4175,37050,37.554337,-104.466316,C-17A Globemaster,163,433,0,False,mlat
adfeb6,2026-07-21 01:27:46.936920,UNK C/S,75-0125,6617,26025,35.015507,-84.783058,E-4B Nightwatch,169,549,0,False,mlat
ae1242,2026-07-21 01:27:46.936925,RCH339,04-4137,7345,2350,33.067024,-80.086983,C-17A Globemaster,237,196,-1165,False,mlat
ae5ba5,2026-07-21 01:27:46.936930,GRYHK8,168992,4665,2325,36.97229,-76.501602,E-2 Hawkeye,207,193,0,False,adsb_icao
ae0687,2026-07-21 01:27:46.936935,RCH284,60-0349,6554,35000,43.030876,-74.665886,KC-135R Stratotanker,94,513,0,False,mlat
ae5f9d,2026-07-21 01:27:46.936940,PACK11,18-46050,1200,1575,43.097122,-70.886726,KC-46A Pegasus,323,154,256,False,adsb_icao
ae014a,2026-07-21 01:27:46.936944,UNK C/S,59-1466,7040,2425,44.866692,-68.932289,KC-135R Stratotanker,290,202,1277,False,mlat
ae0391,2026-07-21 01:27:46.936946,RCH283,63-8039,7306,34950,44.131485,-68.585388,KC-135R Stratotanker,74,515,-30,False,mlat
ae0816,2026-07-21 01:27:46.936949,RCH690,00-0180,3450,35000,55.622196,-6.976748,C-17A Globemaster,103,479,-64,False,adsb_icao
ae07fa,2026-07-21 01:27:46.936960,RCH899,97-0048,7716,29000,49.137531,15.489637,C-17A Globemaster,108,516,-64,False,mlat
ae146d,2026-07-21 01:27:46.936963,RCH044,07-7175,4675,38000,41.90493,23.667606,C-17A Globemaster,350,471,-75,False,mlat
ae1197,2026-07-21 01:27:46.936966,MOOSE47,03-3114,4557,31000,43.179749,23.889299,C-17A Globemaster,173,419,0,False,mlat
800790,2026-07-21 01:27:46.936971,IFC0736,CB-8003,3556,31025,22.848541,56.492897,C-17A Globemaster,78,437,32,False,adsb_icao
adfeba,2026-07-21 01:27:46.936974,SAM836,99-0004,3660,7800,14.873834,120.785706,C-32 AIR FORCE TWO,,,-1307,False,mlat
ae049b,2026-07-21 01:27:46.936983,UNK C/S,61-0313,1602,22500,27.9,46.8,KC-135R Stratotanker,3,422,-128,False,mode_s
ae05ac,2026-07-21 01:27:46.936991,UNK C/S,63-8029,Unavailable,Unavailable,63.5,-90.3,KC-135R Stratotanker,,,,False,mode_s
ae05a9,2026-07-21 01:27:46.936994,UNK C/S,63-8015,Unavailable,39000,48.3,-76.4,KC-135R Stratotanker,,,,False,mode_s
ae0369,2026-07-21 01:27:46.936998,UNK C/S,63-8024,3417,23150,26.3,49.6,KC-135R Stratotanker,,,,False,mode_s
ae0501,2026-07-21 01:27:46.937000,UNK C/S,59-1504,Unavailable,1100,39.9,-80.4,KC-135R Stratotanker,,,,False,mode_s
ae07f1,2026-07-21 01:27:46.937002,RCH198,96-0007,1435,31000,45.8,-59.7,C-17A Globemaster,,,,False,mode_s
ae0385,2026-07-21 01:27:46.937007,UNK C/S,59-1467,0100,24025,26.3,49.6,KC-135R Stratotanker,157,396,-32,False,mode_s
ae87fc,2026-07-21 01:27:46.937011,UNK C/S,,5244,19500,39.3,-72.3,E-6B TACAMO,,,,False,mode_s
ae07de,2026-07-21 01:27:46.937014,RCH409,93-0604,6451,32000,37.1,25.6,C-17A Globemaster,,,,False,mode_s
ae119d,2026-07-21 01:28:47.407731,SOUND12,03-3120,0334,1225,47.095848,-122.475143,C-17A Globemaster,340,263,-764,False,mlat
ae0377,2026-07-21 01:28:47.407762,UNK C/S,62-3502,5253,25000,35.95359,-118.367935,KC-135R Stratotanker,232,534,74,False,mlat
ae0365,2026-07-21 01:28:47.407767,UNK C/S,61-0314,1062,1850,33.8508,-117.236755,KC-135R Stratotanker,311,158,-603,False,mlat
ae0378,2026-07-21 01:28:47.407772,UNK C/S,62-3541,4142,26150,47.048904,-116.34549,KC-135R Stratotanker,302,389,-1579,False,mlat
ae2fae,2026-07-21 01:28:47.407778,RCH193,08-8202,4021,23675,41.258934,-110.874741,C-17A Globemaster,106,436,338,False,mlat
ae1239,2026-07-21 01:28:47.407783,THBRD14,04-4129,3016,34000,38.385159,-108.462288,C-17A Globemaster,265,477,0,False,adsb_icao
ae0802,2026-07-21 01:28:47.407790,RCH262,98-0056,4175,37050,37.447124,-104.429558,C-17A Globemaster,166,443,0,False,mlat
adfeb6,2026-07-21 01:28:47.407823,UNK C/S,75-0125,6617,26000,34.867588,-84.744392,E-4B Nightwatch,168,562,0,False,mlat
ae1242,2026-07-21 01:28:47.407828,RCH339,04-4137,7345,1975,33.036366,-80.123688,C-17A Globemaster,200,154,22,False,mlat
ae5ba5,2026-07-21 01:28:47.407835,GRYHK8,168992,4665,2225,36.931778,-76.487282,E-2 Hawkeye,105,191,-320,False,adsb_icao
ae0687,2026-07-21 01:28:47.407841,RCH284,60-0349,6554,35000,43.023582,-74.473442,KC-135R Stratotanker,94,513,0,False,mlat
ae5f9d,2026-07-21 01:28:47.407846,PACK11,18-46050,1200,850,43.12627,-70.868813,KC-46A Pegasus,101,156,0,False,adsb_icao
ae014a,2026-07-21 01:28:47.407851,UNK C/S,59-1466,7040,3050,44.819592,-68.950966,KC-135R Stratotanker,152,340,140,False,mlat
ae0391,2026-07-21 01:28:47.407854,RCH283,63-8039,7306,34950,44.168541,-68.390137,KC-135R Stratotanker,77,536,0,False,mlat
ae0816,2026-07-21 01:28:47.407857,RCH690,00-0180,3450,35000,55.589951,-6.746438,C-17A Globemaster,104,479,-64,False,adsb_icao
ae07fa,2026-07-21 01:28:47.407867,RCH899,97-0048,7716,29000,49.090981,15.699403,C-17A Globemaster,108,518,-96,False,mlat
ae146d,2026-07-21 01:28:47.407871,RCH044,07-7175,4675,38000,42.04071,23.638811,C-17A Globemaster,350,464,0,False,mlat
ae1197,2026-07-21 01:28:47.407874,MOOSE47,03-3114,4557,31000,43.060745,23.907923,C-17A Globemaster,173,418,0,False,mlat
800790,2026-07-21 01:28:47.407879,IFC0736,CB-8003,3556,31000,22.873764,56.626034,C-17A Globemaster,78,438,96,False,adsb_icao
adfeba,2026-07-21 01:28:47.407883,SAM836,99-0004,3660,6525,14.801108,120.762161,C-32 AIR FORCE TWO,,,-1271,False,mlat
ae049b,2026-07-21 01:28:47.407892,UNK C/S,61-0313,1602,22500,27.7,47.8,KC-135R Stratotanker,3,424,0,False,mode_s
ae5e0c,2026-07-21 01:28:47.407897,UNK C/S,17-46031,Unavailable,Unavailable,37.6,-97.2,KC-46A Pegasus,,,,False,mode_s
ae05a9,2026-07-21 01:28:47.407904,UNK C/S,63-8015,Unavailable,39000,48.7,-72.3,KC-135R Stratotanker,,,,False,mode_s
ae0369,2026-07-21 01:28:47.407909,UNK C/S,63-8024,3417,25775,26.3,49.6,KC-135R Stratotanker,,,,False,mode_s
ae0501,2026-07-21 01:28:47.407912,UNK C/S,59-1504,Unavailable,1100,40.0,-80.3,KC-135R Stratotanker,,,,False,mode_s
ae07f1,2026-07-21 01:28:47.407915,RCH198,96-0007,1435,31000,46.8,-59.8,C-17A Globemaster,,,,False,mode_s
ae0385,2026-07-21 01:28:47.407920,UNK C/S,59-1467,0100,24025,26.3,49.6,KC-135R Stratotanker,101,434,160,False,mode_s
ae87fc,2026-07-21 01:28:47.407925,UNK C/S,,5244,19500,39.3,-72.6,E-6B TACAMO,,,,False,mode_s
ae07de,2026-07-21 01:28:47.407929,RCH409,93-0604,6451,32000,36.9,25.4,C-17A Globemaster,,,,False,mode_s
ae0241,2026-07-21 01:28:47.407933,UNK C/S,63-8021,Unavailable,Unavailable,24.7,51.9,KC-135R Stratotanker,,,,False,mode_s
ae119d,2026-07-21 01:29:47.794373,SOUND12,03-3120,0334,275,47.127377,-122.483284,C-17A Globemaster,349,237,-970,False,mlat
ae0377,2026-07-21 01:29:47.794397,UNK C/S,62-3502,5253,25000,35.836662,-118.442017,KC-135R Stratotanker,187,506,0,False,mlat
ae0365,2026-07-21 01:29:47.794402,UNK C/S,61-0314,1062,2100,33.884857,-117.262009,KC-135R Stratotanker,327,178,1355,False,mlat
ae0378,2026-07-21 01:29:47.794407,UNK C/S,62-3541,4142,23525,47.104149,-116.470291,KC-135R Stratotanker,304,369,-2923,False,mlat
ae1239,2026-07-21 01:29:47.794414,THBRD14,04-4129,3016,34000,38.37529,-108.631264,C-17A Globemaster,265,477,-64,False,adsb_icao
ae0802,2026-07-21 01:29:47.794420,RCH262,98-0056,4175,37050,37.318672,-104.378548,C-17A Globemaster,162,443,0,False,mlat
adfeb6,2026-07-21 01:29:47.794458,UNK C/S,75-0125,6617,26025,34.698238,-84.704132,E-4B Nightwatch,171,592,0,False,mlat
ae1242,2026-07-21 01:29:47.794463,RCH339,04-4137,7345,1900,32.99826,-80.110703,C-17A Globemaster,156,144,-144,False,mlat
ae5ba5,2026-07-21 01:29:47.794470,GRYHK8,168992,4665,2000,36.934078,-76.432365,E-2 Hawkeye,84,133,-1088,False,adsb_icao
ae0687,2026-07-21 01:29:47.794477,RCH284,60-0349,6554,35000,43.057713,-74.27433,KC-135R Stratotanker,69,529,0,False,mlat
ae5f9d,2026-07-21 01:29:47.794483,PACK11,18-46050,1200,200,43.093311,-70.835854,KC-46A Pegasus,149,144,-768,False,adsb_icao
ae014a,2026-07-21 01:29:47.794487,UNK C/S,59-1466,7040,3050,44.756416,-68.920265,KC-135R Stratotanker,163,234,0,False,mlat
ae0391,2026-07-21 01:29:47.794490,RCH283,63-8039,7306,34950,44.205463,-68.186798,KC-135R Stratotanker,74,536,-22,False,mlat
ae0816,2026-07-21 01:29:47.794493,RCH690,00-0180,3450,35000,55.55735,-6.517038,C-17A Globemaster,104,478,0,False,adsb_icao
ae07fa,2026-07-21 01:29:47.794504,RCH899,97-0048,7716,29000,49.046867,15.90897,C-17A Globemaster,108,520,-32,False,mlat
ae146d,2026-07-21 01:29:47.794508,RCH044,07-7175,4675,38000,42.170273,23.612791,C-17A Globemaster,351,480,0,False,mlat
ae1197,2026-07-21 01:29:47.794511,MOOSE47,03-3114,4557,31000,42.9519,23.922785,C-17A Globemaster,174,424,0,False,mlat
800790,2026-07-21 01:29:47.794516,IFC0736,CB-8003,3556,31025,22.898581,56.756847,C-17A Globemaster,78,441,-32,False,adsb_icao
adfeba,2026-07-21 01:29:47.794519,SAM836,99-0004,3660,5700,14.737717,120.725739,C-32 AIR FORCE TWO,196,260,-328,False,mlat
ae049b,2026-07-21 01:29:47.794530,UNK C/S,61-0313,1602,22500,27.7,47.8,KC-135R Stratotanker,3,424,0,False,mode_s
ae05a9,2026-07-21 01:29:47.794537,UNK C/S,63-8015,Unavailable,39000,48.3,-79.6,KC-135R Stratotanker,,,,False,mode_s
ae0369,2026-07-21 01:29:47.794541,UNK C/S,63-8024,3417,27025,26.3,50.2,KC-135R Stratotanker,,,,False,mode_s
ae0501,2026-07-21 01:29:47.794544,UNK C/S,59-1504,Unavailable,1100,40.1,-80.3,KC-135R Stratotanker,,,,False,mode_s
ae07f1,2026-07-21 01:29:47.794547,RCH198,96-0007,1435,31000,47.2,-59.8,C-17A Globemaster,,,,False,mode_s
ae0385,2026-07-21 01:29:47.794550,UNK C/S,59-1467,0100,24000,26.3,50.2,KC-135R Stratotanker,37,432,0,False,mode_s
ae87fc,2026-07-21 01:29:47.794553,UNK C/S,,5244,19500,39.1,-72.3,E-6B TACAMO,,,,False,mode_s
ae2fae,2026-07-21 01:29:47.794556,RCH193,08-8202,4021,24025,41.1,-110.4,C-17A Globemaster,,,,False,mode_s
ae07de,2026-07-21 01:29:47.794560,RCH409,93-0604,6451,32000,37.1,25.5,C-17A Globemaster,,,,False,mode_s
ae0241,2026-07-21 01:29:47.794564,UNK C/S,63-8021,6116,23000,23.4,53.4,KC-135R Stratotanker,105,462,0,False,mode_s
ae119d,2026-07-21 01:30:48.147937,SOUND12,03-3120,0334,1825,47.17408,-122.463264,C-17A Globemaster,32,188,1454,False,mlat
ae0377,2026-07-21 01:30:48.147964,UNK C/S,62-3502,5253,25000,35.71106,-118.468231,KC-135R Stratotanker,188,442,-2,False,mlat
ae0365,2026-07-21 01:30:48.147969,UNK C/S,61-0314,1062,2975,33.897869,-117.307449,KC-135R Stratotanker,222,241,136,False,mlat
ae0378,2026-07-21 01:30:48.147973,UNK C/S,62-3541,4142,21175,47.160797,-116.601288,KC-135R Stratotanker,304,369,-1192,False,mlat
ae1239,2026-07-21 01:30:48.147978,THBRD14,04-4129,3016,34000,38.365128,-108.79866,C-17A Globemaster,265,473,,False,adsb_icao
ae0802,2026-07-21 01:30:48.147984,RCH262,98-0056,4175,37050,37.201653,-104.340263,C-17A Globemaster,164,416,0,False,mlat
adfeb6,2026-07-21 01:30:48.148017,UNK C/S,75-0125,6617,26025,34.552761,-84.66539,E-4B Nightwatch,166,559,0,False,mlat
ae1242,2026-07-21 01:30:48.148023,RCH339,04-4137,7345,1275,32.968456,-80.089966,C-17A Globemaster,149,114,-644,False,mlat
ae5ba5,2026-07-21 01:30:48.148030,GRYHK8,168992,4665,1300,36.938084,-76.386627,E-2 Hawkeye,86,124,-192,False,adsb_icao
ae0687,2026-07-21 01:30:48.148036,RCH284,60-0349,6554,35000,43.0966,-74.093491,KC-135R Stratotanker,72,529,0,False,mlat
ae5f9d,2026-07-21 01:30:48.148041,PACK11,18-46050,1200,75,43.081055,-70.82579,KC-46A Pegasus,149,145,-832,False,tisb_icao
ae014a,2026-07-21 01:30:48.148045,UNK C/S,59-1466,7040,3050,44.705029,-68.87011,KC-135R Stratotanker,122,255,60,False,mlat
ae0391,2026-07-21 01:30:48.148048,RCH283,63-8039,7306,34950,44.239979,-67.998055,KC-135R Stratotanker,77,524,0,False,mlat
ae0816,2026-07-21 01:30:48.148052,RCH690,00-0180,3450,35000,55.524948,-6.291819,C-17A Globemaster,104,479,0,False,adsb_icao
ae07fa,2026-07-21 01:30:48.148061,RCH899,97-0048,7716,29000,48.999557,16.120749,C-17A Globemaster,108,520,-32,False,mlat
ae146d,2026-07-21 01:30:48.148064,RCH044,07-7175,4675,38000,42.298035,23.582977,C-17A Globemaster,349,466,0,False,mlat
ae1197,2026-07-21 01:30:48.148067,MOOSE47,03-3114,4557,31000,42.834972,23.934656,C-17A Globemaster,175,405,0,False,mlat
800790,2026-07-21 01:30:48.148072,IFC0736,CB-8003,3556,31000,22.922928,56.886608,C-17A Globemaster,78,441,-64,False,adsb_icao
adfeba,2026-07-21 01:30:48.148075,SAM836,99-0004,3660,5400,14.667564,120.704651,C-32 AIR FORCE TWO,206,233,-279,False,mlat
ae049b,2026-07-21 01:30:48.148083,UNK C/S,61-0313,1602,22500,27.9,46.8,KC-135R Stratotanker,4,428,0,False,mode_s
ae05a9,2026-07-21 01:30:48.148090,UNK C/S,63-8015,Unavailable,39000,48.3,-79.6,KC-135R Stratotanker,,,,False,mode_s
ae0369,2026-07-21 01:30:48.148094,UNK C/S,63-8024,3417,27025,26.3,49.6,KC-135R Stratotanker,,,,False,mode_s
ae0501,2026-07-21 01:30:48.148096,UNK C/S,59-1504,Unavailable,1100,40.0,-80.3,KC-135R Stratotanker,,,,False,mode_s
ae07f1,2026-07-21 01:30:48.148100,RCH198,96-0007,1435,31000,47.3,-59.9,C-17A Globemaster,,,,False,mode_s
ae87fc,2026-07-21 01:30:48.148104,UNK C/S,,5244,19500,39.2,-72.5,E-6B TACAMO,,,,False,mode_s
ae2fae,2026-07-21 01:30:48.148107,RCH193,08-8202,4021,24700,41.1,-110.4,C-17A Globemaster,,,,False,mode_s
ae07de,2026-07-21 01:30:48.148110,RCH409,93-0604,6451,32000,37.0,25.0,C-17A Globemaster,,,,False,mode_s
ae0241,2026-07-21 01:30:48.148113,UNK C/S,63-8021,6116,23000,23.0,53.9,KC-135R Stratotanker,85,458,-256,False,mode_s
ae119d,2026-07-21 01:31:48.581160,SOUND12,03-3120,0334,1775,47.156277,-122.415916,C-17A Globemaster,184,251,122,False,mlat
ae0377,2026-07-21 01:31:48.581186,UNK C/S,62-3502,5253,25000,35.586693,-118.47364,KC-135R Stratotanker,178,450,-51,False,mlat
ae0365,2026-07-21 01:31:48.581191,UNK C/S,61-0314,1062,2975,33.846561,-117.284546,KC-135R Stratotanker,141,200,-198,False,mlat
ae0378,2026-07-21 01:31:48.581195,UNK C/S,62-3541,4142,18725,47.213787,-116.72197,KC-135R Stratotanker,305,335,-2998,False,mlat
ae1239,2026-07-21 01:31:48.581200,THBRD14,04-4129,3016,34000,38.354782,-108.967079,C-17A Globemaster,265,478,0,False,adsb_icao
ae0802,2026-07-21 01:31:48.581206,RCH262,98-0056,4175,37075,37.093639,-104.311485,C-17A Globemaster,178,425,76,False,mlat
adfeb6,2026-07-21 01:31:48.581240,UNK C/S,75-0125,6617,26025,34.393776,-84.623848,E-4B Nightwatch,167,564,0,False,mlat
ae1242,2026-07-21 01:31:48.581246,RCH339,04-4137,7345,650,32.940563,-80.069054,C-17A Globemaster,147,129,-642,False,mlat
ae5ba5,2026-07-21 01:31:48.581253,GRYHK8,168992,4665,700,36.937759,-76.345009,E-2 Hawkeye,95,121,-448,False,adsb_icao
ae0687,2026-07-21 01:31:48.581259,RCH284,60-0349,6554,35000,43.139877,-73.89476,KC-135R Stratotanker,73,524,0,False,mlat
ae87fc,2026-07-21 01:31:48.581263,UNK C/S,,5244,19500,38.557899,-72.066208,E-6B TACAMO,,,0,False,mode_s
ae014a,2026-07-21 01:31:48.581268,UNK C/S,59-1466,7040,3050,44.658401,-68.801659,KC-135R Stratotanker,134,236,0,False,mlat
ae0391,2026-07-21 01:31:48.581271,RCH283,63-8039,7306,34950,44.277382,-67.796204,KC-135R Stratotanker,73,532,0,False,mlat
ae0816,2026-07-21 01:31:48.581275,RCH690,00-0180,3450,35000,55.491669,-6.063954,C-17A Globemaster,104,476,-32,False,adsb_icao
ae07fa,2026-07-21 01:31:48.581285,RCH899,97-0048,7716,29000,48.955589,16.318268,C-17A Globemaster,108,520,-64,False,mlat
ae146d,2026-07-21 01:31:48.581289,RCH044,07-7175,4675,38000,42.435509,23.555798,C-17A Globemaster,353,461,0,False,mlat
ae1197,2026-07-21 01:31:48.581291,MOOSE47,03-3114,4557,31000,42.712753,23.954544,C-17A Globemaster,175,425,0,False,mlat
800790,2026-07-21 01:31:48.581298,IFC0736,CB-8003,3556,31025,22.947464,57.017445,C-17A Globemaster,78,441,-96,False,adsb_icao
adfeba,2026-07-21 01:31:48.581301,SAM836,99-0004,3660,5425,14.600846,120.700073,C-32 AIR FORCE TWO,190,190,29,False,mlat
ae049b,2026-07-21 01:31:48.581310,UNK C/S,61-0313,1602,22500,27.9,46.8,KC-135R Stratotanker,7,430,-32,False,mode_s
ae07db,2026-07-21 01:31:48.581315,RCH557,93-0601,1443,450,44.4,-68.7,C-17A Globemaster,,,,False,mode_s
ae210c,2026-07-21 01:31:48.581319,VV166961,166961,0432,22975,35.9,-119.0,F/A-18 Hornet,,,,False,mode_s
ae05a9,2026-07-21 01:31:48.581324,UNK C/S,63-8015,Unavailable,39000,48.7,-72.3,KC-135R Stratotanker,,,,False,mode_s
ae0369,2026-07-21 01:31:48.581351,UNK C/S,63-8024,3417,27025,26.3,49.6,KC-135R Stratotanker,,,,False,mode_s
ae0501,2026-07-21 01:31:48.581354,UNK C/S,59-1504,Unavailable,1100,40.1,-80.3,KC-135R Stratotanker,,,,False,mode_s
ae07f1,2026-07-21 01:31:48.581357,RCH198,96-0007,1435,31000,47.3,-59.9,C-17A Globemaster,,,,False,mode_s
ae2fae,2026-07-21 01:31:48.581362,RCH193,08-8202,4021,25475,40.7,-110.3,C-17A Globemaster,,,,False,mode_s
ae07de,2026-07-21 01:31:48.581365,RCH409,93-0604,6451,32000,37.0,24.4,C-17A Globemaster,,,,False,mode_s
ae0241,2026-07-21 01:31:48.581370,UNK C/S,63-8021,6116,23000,22.9,53.9,KC-135R Stratotanker,71,454,32,False,mode_s
ae119d,2026-07-21 01:32:48.975698,SOUND12,03-3120,0334,1750,47.112637,-122.417336,C-17A Globemaster,173,153,-75,False,mlat
ae0377,2026-07-21 01:32:48.975725,UNK C/S,62-3502,5253,25025,35.465733,-118.455338,KC-135R Stratotanker,163,454,76,False,mlat
ae0365,2026-07-21 01:32:48.975730,UNK C/S,61-0314,1062,2850,33.810184,-117.244659,KC-135R Stratotanker,109,194,-475,False,mlat
ae0378,2026-07-21 01:32:48.975735,UNK C/S,62-3541,4142,15800,47.268543,-116.848717,KC-135R Stratotanker,301,378,-1715,False,mlat
ae1239,2026-07-21 01:32:48.975741,THBRD14,04-4129,3016,34000,38.344147,-109.135498,C-17A Globemaster,265,475,-64,False,adsb_icao
ae0802,2026-07-21 01:32:48.975747,RCH262,98-0056,4175,37050,37.003025,-104.390755,C-17A Globemaster,223,488,60,False,mlat
adfeb6,2026-07-21 01:32:48.975784,UNK C/S,75-0125,6617,25500,34.249447,-84.588585,E-4B Nightwatch,168,536,-940,False,mlat
ae1242,2026-07-21 01:32:48.975790,RCH339,04-4137,7345,150,32.915066,-80.049805,C-17A Globemaster,149,136,-625,False,mlat
ae5ba5,2026-07-21 01:32:48.975798,GRYHK8,168992,4665,25,36.937431,-76.30381,E-2 Hawkeye,89,120,-896,False,adsb_icao
ae0687,2026-07-21 01:32:48.975804,RCH284,60-0349,6554,35000,43.179344,-73.717667,KC-135R Stratotanker,73,535,0,False,mlat
ae87fc,2026-07-21 01:32:48.975809,UNK C/S,,5244,19500,38.557125,-72.154053,E-6B TACAMO,,,,False,mode_s
ae07db,2026-07-21 01:32:48.975814,RCH557,93-0601,1443,1875,44.85685,-68.883217,C-17A Globemaster,350,230,1135,False,mlat
ae014a,2026-07-21 01:32:48.975817,UNK C/S,59-1466,7040,3050,44.61441,-68.736092,KC-135R Stratotanker,134,233,0,False,mlat
ae0391,2026-07-21 01:32:48.975820,RCH283,63-8039,7306,34950,44.311375,-67.601349,KC-135R Stratotanker,78,530,0,False,mlat
ae0816,2026-07-21 01:32:48.975824,RCH690,00-0180,3450,35000,55.458332,-5.838633,C-17A Globemaster,104,476,32,False,adsb_icao
ae07fa,2026-07-21 01:32:48.975837,RCH899,97-0048,7716,29000,48.906204,16.539616,C-17A Globemaster,108,520,0,False,mlat
ae146d,2026-07-21 01:32:48.975840,RCH044,07-7175,4675,38000,42.564098,23.528103,C-17A Globemaster,350,477,0,False,mlat
ae1197,2026-07-21 01:32:48.975843,MOOSE47,03-3114,4557,31000,42.602245,23.972149,C-17A Globemaster,173,421,0,False,mlat
800790,2026-07-21 01:32:48.975848,IFC0736,CB-8003,3556,31000,22.972137,57.15028,C-17A Globemaster,78,443,-32,False,adsb_icao
adfeba,2026-07-21 01:32:48.975852,SAM836,99-0004,3660,5375,14.554574,120.722374,C-32 AIR FORCE TWO,142,215,-75,False,mlat
ae049b,2026-07-21 01:32:48.975863,UNK C/S,61-0313,1602,22500,27.9,46.8,KC-135R Stratotanker,5,432,0,False,mode_s
ae210c,2026-07-21 01:32:48.975869,VV166961,166961,0432,22975,36.1,-118.2,F/A-18 Hornet,,,,False,mode_s
ae05a9,2026-07-21 01:32:48.975874,UNK C/S,63-8015,Unavailable,39000,46.1,-72.3,KC-135R Stratotanker,,,,False,mode_s
ae0369,2026-07-21 01:32:48.975878,UNK C/S,63-8024,3417,27025,26.3,50.2,KC-135R Stratotanker,,,,False,mode_s
ae0501,2026-07-21 01:32:48.975881,UNK C/S,59-1504,Unavailable,1100,40.1,-80.3,KC-135R Stratotanker,,,,False,mode_s
ae07f1,2026-07-21 01:32:48.975884,RCH198,96-0007,1435,31000,47.3,-59.9,C-17A Globemaster,,,,False,mode_s
ae2fae,2026-07-21 01:32:48.975888,RCH193,08-8202,4021,26300,40.1,-109.9,C-17A Globemaster,,,,False,mode_s
ae07de,2026-07-21 01:32:48.975892,RCH409,93-0604,6451,32000,37.0,25.5,C-17A Globemaster,,,,False,mode_s
ae0241,2026-07-21 01:32:48.975896,UNK C/S,63-8021,6116,23000,22.9,53.9,KC-135R Stratotanker,71,456,32,False,mode_s
ae119d,2026-07-21 01:33:49.461225,SOUND12,03-3120,0334,1725,47.08445,-122.453079,C-17A Globemaster,261,201,-52,False,mlat
ae210c,2026-07-21 01:33:49.461250,VV166961,166961,0432,22975,36.239777,-118.536613,F/A-18 Hornet,,,,False,mlat
ae0377,2026-07-21 01:33:49.461256,UNK C/S,62-3502,5253,25000,35.378326,-118.344681,KC-135R Stratotanker,108,477,0,False,mlat
ae0365,2026-07-21 01:33:49.461261,UNK C/S,61-0314,1062,1975,33.841393,-117.232452,KC-135R Stratotanker,321,194,-712,False,mlat
ae0378,2026-07-21 01:33:49.461265,UNK C/S,62-3541,4142,14125,47.321449,-116.968964,KC-135R Stratotanker,305,346,-2262,False,mlat
ae1239,2026-07-21 01:33:49.461271,THBRD14,04-4129,3016,34000,38.333221,-109.303856,C-17A Globemaster,265,479,,False,adsb_icao
ae0802,2026-07-21 01:33:49.461278,RCH262,98-0056,4175,37125,36.964493,-104.546234,C-17A Globemaster,277,477,140,False,mlat
adfeb6,2026-07-21 01:33:49.461310,UNK C/S,75-0125,6617,24550,34.101845,-84.552277,E-4B Nightwatch,170,502,-912,False,mlat
ae0687,2026-07-21 01:33:49.461319,RCH284,60-0349,6554,35000,43.22131,-73.520767,KC-135R Stratotanker,74,508,0,False,mlat
ae07db,2026-07-21 01:33:49.461324,RCH557,93-0601,1443,3300,44.874985,-68.801254,C-17A Globemaster,108,357,1700,False,mlat
ae014a,2026-07-21 01:33:49.461349,UNK C/S,59-1466,7040,3050,44.588181,-68.654846,KC-135R Stratotanker,85,255,4,False,mlat
ae0391,2026-07-21 01:33:49.461353,RCH283,63-8039,7306,34950,44.345238,-67.393562,KC-135R Stratotanker,75,530,0,False,mlat
ae0816,2026-07-21 01:33:49.461360,RCH690,00-0180,3450,35000,55.380112,-5.648023,C-17A Globemaster,138,506,-64,False,adsb_icao
ae07fa,2026-07-21 01:33:49.461373,RCH899,97-0048,7716,29000,48.860683,16.740713,C-17A Globemaster,108,518,-224,False,mlat
ae146d,2026-07-21 01:33:49.461378,RCH044,07-7175,4675,38000,42.695255,23.50005,C-17A Globemaster,351,473,0,False,mlat
ae1197,2026-07-21 01:33:49.461380,MOOSE47,03-3114,4557,31000,42.490597,23.989349,C-17A Globemaster,174,423,0,False,mlat
ae07de,2026-07-21 01:33:49.461383,RCH409,93-0604,6451,32000,37.530743,25.913151,C-17A Globemaster,,,0,False,mlat
800790,2026-07-21 01:33:49.461389,IFC0736,CB-8003,3556,31000,22.996445,57.280968,C-17A Globemaster,78,443,-32,False,adsb_icao
adfeba,2026-07-21 01:33:49.461393,SAM836,99-0004,3660,4925,14.512721,120.748032,C-32 AIR FORCE TWO,140,225,-383,False,mlat
ae049b,2026-07-21 01:33:49.461402,UNK C/S,61-0313,1602,23000,27.9,46.8,KC-135R Stratotanker,4,434,2080,False,mode_s
ae05ad,2026-07-21 01:33:49.461409,UNK C/S,63-8043,Unavailable,Unavailable,63.5,-90.9,KC-135R Stratotanker,,,,False,mode_s
ae05a9,2026-07-21 01:33:49.461413,UNK C/S,63-8015,Unavailable,39000,48.3,-79.0,KC-135R Stratotanker,,,,False,mode_s
ae0369,2026-07-21 01:33:49.461416,UNK C/S,63-8024,3417,27000,26.3,49.6,KC-135R Stratotanker,,,,False,mode_s
ae0501,2026-07-21 01:33:49.461419,UNK C/S,59-1504,Unavailable,1100,40.3,-80.2,KC-135R Stratotanker,,,,False,mode_s
ae07f1,2026-07-21 01:33:49.461422,RCH198,96-0007,1435,31000,47.3,-59.9,C-17A Globemaster,,,,False,mode_s
ae87fc,2026-07-21 01:33:49.461424,UNK C/S,,5244,19500,38.7,-73.9,E-6B TACAMO,,,,False,mode_s
ae2fae,2026-07-21 01:33:49.461427,RCH193,08-8202,4021,26850,39.5,-109.6,C-17A Globemaster,,,,False,mode_s
ae0241,2026-07-21 01:33:49.461432,UNK C/S,63-8021,6116,23000,22.9,53.9,KC-135R Stratotanker,71,456,-32,False,mode_s
ae119d,2026-07-21 01:34:49.938249,SOUND12,03-3120,0334,800,47.115902,-122.479446,C-17A Globemaster,352,286,-1044,False,mlat
ae210c,2026-07-21 01:34:49.938273,VV166961,166961,0432,22300,36.241661,-118.269104,F/A-18 Hornet,89,547,-742,False,mlat
ae0377,2026-07-21 01:34:49.938277,UNK C/S,62-3502,5253,25025,35.393543,-118.193085,KC-135R Stratotanker,55,472,13,False,mlat
ae0365,2026-07-21 01:34:49.938282,UNK C/S,61-0314,1062,1525,33.864437,-117.248039,KC-135R Stratotanker,327,132,-641,False,mlat
ae0378,2026-07-21 01:34:49.938287,UNK C/S,62-3541,4142,11975,47.372593,-117.081352,KC-135R Stratotanker,304,343,-1394,False,mlat
ae1239,2026-07-21 01:34:49.938292,THBRD14,04-4129,3016,34000,38.322083,-109.473083,C-17A Globemaster,265,481,0,False,adsb_icao
ae0802,2026-07-21 01:34:49.938297,RCH262,98-0056,4175,37075,36.994137,-104.699448,C-17A Globemaster,291,493,160,False,mlat
adfeb6,2026-07-21 01:34:49.938354,UNK C/S,75-0125,6617,24025,33.957893,-84.516693,E-4B Nightwatch,168,503,-391,False,mlat
ae0687,2026-07-21 01:34:49.938369,RCH284,60-0349,6554,35000,43.261131,-73.338898,KC-135R Stratotanker,73,520,-2,False,mlat
ae07db,2026-07-21 01:34:49.938376,RCH557,93-0601,1443,5550,44.84668,-68.693146,C-17A Globemaster,113,279,2131,False,mlat
ae014a,2026-07-21 01:34:49.938380,UNK C/S,59-1466,7040,3050,44.63649,-68.599396,KC-135R Stratotanker,11,261,0,False,mlat
ae0391,2026-07-21 01:34:49.938384,RCH283,63-8039,7306,34950,44.381233,-67.184563,KC-135R Stratotanker,77,528,0,False,mlat
ae0816,2026-07-21 01:34:49.938389,RCH690,00-0180,3450,35000,55.274094,-5.485005,C-17A Globemaster,139,506,-64,False,adsb_icao
ae07fa,2026-07-21 01:34:49.938400,RCH899,97-0048,7716,29000,48.814541,16.94125,C-17A Globemaster,109,520,-64,False,mlat
ae146d,2026-07-21 01:34:49.938404,RCH044,07-7175,4675,38000,42.824291,23.471212,C-17A Globemaster,352,468,0,False,mlat
ae1197,2026-07-21 01:34:49.938407,MOOSE47,03-3114,4557,31000,42.37677,24.004429,C-17A Globemaster,173,427,0,False,mlat
ae07de,2026-07-21 01:34:49.938410,RCH409,93-0604,6451,32000,37.677975,25.828951,C-17A Globemaster,,,0,False,mlat
800790,2026-07-21 01:34:49.938416,IFC0736,CB-8003,3556,31025,23.004719,57.413074,C-17A Globemaster,88,442,-64,False,adsb_icao
adfeba,2026-07-21 01:34:49.938420,SAM836,99-0004,3660,4125,14.460702,120.779785,C-32 AIR FORCE TWO,145,203,-752,False,mlat
ae049b,2026-07-21 01:34:49.938430,UNK C/S,61-0313,1602,24425,27.9,46.8,KC-135R Stratotanker,4,436,1376,False,mode_s
ae05ad,2026-07-21 01:34:49.938437,UNK C/S,63-8043,Unavailable,Unavailable,63.5,-90.9,KC-135R Stratotanker,,,,False,mode_s
ae11dc,2026-07-21 01:34:49.938440,UNK C/S,76-1605,5405,28950,27.9,46.8,E-3G AWACS,,,-128,False,mode_s
ae05a9,2026-07-21 01:34:49.938445,UNK C/S,63-8015,Unavailable,39000,48.7,-72.3,KC-135R Stratotanker,,,,False,mode_s
ae0369,2026-07-21 01:34:49.938448,UNK C/S,63-8024,3417,27025,26.3,49.6,KC-135R Stratotanker,,,,False,mode_s
ae0501,2026-07-21 01:34:49.938451,UNK C/S,59-1504,Unavailable,1100,40.3,-80.3,KC-135R Stratotanker,,,,False,mode_s
ae07f1,2026-07-21 01:34:49.938453,RCH198,96-0007,1435,31000,47.3,-59.9,C-17A Globemaster,,,,False,mode_s
ae87fc,2026-07-21 01:34:49.938458,UNK C/S,,5244,19500,38.8,-73.3,E-6B TACAMO,,,,False,mode_s
ae2fae,2026-07-21 01:34:49.938461,RCH193,08-8202,4021,27825,39.5,-109.3,C-17A Globemaster,,,,False,mode_s
ae0241,2026-07-21 01:34:49.938466,UNK C/S,63-8021,0151,23000,22.9,53.9,KC-135R Stratotanker,64,456,0,False,mode_s
ae119d,2026-07-21 01:35:50.316619,SOUND12,03-3120,0334,825,47.115017,-122.471413,C-17A Globemaster,345,256,-1021,False,mode_s
ae210c,2026-07-21 01:35:50.316646,VV166961,166961,0432,20475,36.223488,-118.165642,F/A-18 Hornet,164,493,-777,False,mlat
ae0377,2026-07-21 01:35:50.316651,UNK C/S,62-3502,5253,25000,35.493492,-118.115471,KC-135R Stratotanker,15,470,0,False,mlat
ae0365,2026-07-21 01:35:50.316656,UNK C/S,61-0314,1062,2725,33.908401,-117.296547,KC-135R Stratotanker,276,178,1289,False,mlat
ae0378,2026-07-21 01:35:50.316660,UNK C/S,62-3541,4142,10550,47.422432,-117.191864,KC-135R Stratotanker,301,298,-1497,False,mlat
ae1239,2026-07-21 01:35:50.316667,THBRD14,04-4129,3016,34000,38.310471,-109.644897,C-17A Globemaster,265,478,64,False,adsb_icao
ae0802,2026-07-21 01:35:50.316672,RCH262,98-0056,4175,37075,37.024616,-104.854721,C-17A Globemaster,283,511,75,False,mlat
adfeb6,2026-07-21 01:35:50.316705,UNK C/S,75-0125,6617,24000,33.828392,-84.484955,E-4B Nightwatch,169,482,75,False,mlat
ae0687,2026-07-21 01:35:50.316715,RCH284,60-0349,6554,35000,43.302505,-73.147713,KC-135R Stratotanker,74,507,0,False,mlat
ae014a,2026-07-21 01:35:50.316723,UNK C/S,59-1466,7040,3050,44.681026,-68.643272,KC-135R Stratotanker,304,169,17,False,mlat
ae07db,2026-07-21 01:35:50.316728,RCH557,93-0601,1443,7575,44.820675,-68.58786,C-17A Globemaster,107,307,1814,False,mlat
ae0391,2026-07-21 01:35:50.316732,RCH283,63-8039,7306,34950,44.416336,-66.996193,KC-135R Stratotanker,77,527,75,False,mlat
ae0816,2026-07-21 01:35:50.316738,RCH690,00-0180,3450,35000,55.166702,-5.323199,C-17A Globemaster,139,500,32,False,adsb_icao
ae07fa,2026-07-21 01:35:50.316750,RCH899,97-0048,7716,29000,48.755318,17.155113,C-17A Globemaster,118,514,-128,False,mlat
ae146d,2026-07-21 01:35:50.316753,RCH044,07-7175,4675,38000,42.957222,23.440323,C-17A Globemaster,350,465,0,False,mlat
ae1197,2026-07-21 01:35:50.316757,MOOSE47,03-3114,4557,31000,42.253056,24.0215,C-17A Globemaster,173,431,0,False,mlat
ae07de,2026-07-21 01:35:50.316760,RCH409,93-0604,6451,32000,37.718506,25.807232,C-17A Globemaster,,,0,False,mlat
800790,2026-07-21 01:35:50.316766,IFC0736,CB-8003,3556,31000,23.008987,57.548885,C-17A Globemaster,88,443,-32,False,adsb_icao
adfeba,2026-07-21 01:35:50.316769,SAM836,99-0004,3660,3250,14.410186,120.808006,C-32 AIR FORCE TWO,151,194,-851,False,mlat
ae049b,2026-07-21 01:35:50.316778,UNK C/S,61-0313,1602,25500,27.7,47.8,KC-135R Stratotanker,4,446,352,False,mode_s
ae589d,2026-07-21 01:35:50.316783,UNK C/S,61-0006,Unavailable,Unavailable,31.5,-93.3,B-52H Stratofortress,,,,False,mode_s
ae05ad,2026-07-21 01:35:50.316789,UNK C/S,63-8043,Unavailable,Unavailable,63.5,-90.9,KC-135R Stratotanker,,,,False,mode_s
ae11dc,2026-07-21 01:35:50.316793,UNK C/S,76-1605,5405,28975,27.7,47.8,E-3G AWACS,,,,False,mode_s
ae05a9,2026-07-21 01:35:50.316798,UNK C/S,63-8015,7277,39000,46.1,-72.8,KC-135R Stratotanker,,,,False,mode_s
ae0369,2026-07-21 01:35:50.316802,UNK C/S,63-8024,3417,27000,27.9,46.8,KC-135R Stratotanker,,,,False,mode_s
ae0501,2026-07-21 01:35:50.316804,UNK C/S,59-1504,Unavailable,1100,40.3,-80.3,KC-135R Stratotanker,,,,False,mode_s
ae87fc,2026-07-21 01:35:50.316809,UNK C/S,,5244,19500,39.0,-72.3,E-6B TACAMO,,,,False,mode_s
ae2fae,2026-07-21 01:35:50.316812,RCH193,08-8202,4021,28725,39.5,-109.3,C-17A Globemaster,,,,False,mode_s
ae0241,2026-07-21 01:35:50.316816,UNK C/S,63-8021,0151,23000,22.9,53.9,KC-135R Stratotanker,49,454,32,False,mode_s
ae119d,2026-07-21 01:36:50.927123,SOUND12,03-3120,0334,1750,47.19759,-122.471931,C-17A Globemaster,6,188,-7,False,mlat
ae0377,2026-07-21 01:36:50.927143,UNK C/S,62-3502,5253,25000,35.625134,-118.093132,KC-135R Stratotanker,4,462,0,False,mlat
ae210c,2026-07-21 01:36:50.927147,VV166961,166961,0432,20450,36.283699,-118.04615,F/A-18 Hornet,51,512,-87,False,mlat
ae0365,2026-07-21 01:36:50.927151,UNK C/S,61-0314,1062,3000,33.86375,-117.299545,KC-135R Stratotanker,137,233,-51,False,mlat
ae0378,2026-07-21 01:36:50.927153,UNK C/S,62-3541,4142,9550,47.463741,-117.287407,KC-135R Stratotanker,302,274,-1020,False,mlat
ae1239,2026-07-21 01:36:50.927160,THBRD14,04-4129,3016,34000,38.298759,-109.81456,C-17A Globemaster,264,480,-64,False,adsb_icao
ae0802,2026-07-21 01:36:50.927165,RCH262,98-0056,4175,37075,37.059654,-105.040756,C-17A Globemaster,283,498,0,False,mlat
adfeb6,2026-07-21 01:36:50.927189,UNK C/S,75-0125,6617,23950,33.692314,-84.449951,E-4B Nightwatch,168,476,75,False,mlat
ae026d,2026-07-21 01:36:50.927194,UNK C/S,62-3576,3507,650,27.838543,-82.530144,KC-135R Stratotanker,,,2168,False,mlat
ae0687,2026-07-21 01:36:50.927201,RCH284,60-0349,6554,35000,43.34008,-72.965332,KC-135R Stratotanker,73,511,0,False,mlat
ae014a,2026-07-21 01:36:50.927205,UNK C/S,59-1466,7040,2600,44.710361,-68.688309,KC-135R Stratotanker,318,148,-724,False,mlat
ae07db,2026-07-21 01:36:50.927208,RCH557,93-0601,1443,9825,44.793537,-68.461761,C-17A Globemaster,108,316,2486,False,mlat
ae0391,2026-07-21 01:36:50.927210,RCH283,63-8039,7306,34950,44.437855,-66.776497,KC-135R Stratotanker,83,539,4,False,mlat
ae0816,2026-07-21 01:36:50.927213,RCH690,00-0180,3450,35000,55.060917,-5.165405,C-17A Globemaster,139,499,0,False,adsb_icao
ae07fa,2026-07-21 01:36:50.927221,RCH899,97-0048,7716,29000,48.688984,17.342365,C-17A Globemaster,118,510,-160,False,mlat
ae146d,2026-07-21 01:36:50.927224,RCH044,07-7175,4675,38000,43.080505,23.416386,C-17A Globemaster,351,474,0,False,mlat
ae1197,2026-07-21 01:36:50.927227,MOOSE47,03-3114,4557,31000,42.14819,24.037073,C-17A Globemaster,175,420,0,False,mlat
800790,2026-07-21 01:36:50.927232,IFC0736,CB-8003,3556,31025,23.013016,57.681568,C-17A Globemaster,88,441,-64,False,adsb_icao
adfeba,2026-07-21 01:36:50.927235,SAM836,99-0004,3660,2600,14.416309,120.855995,C-32 AIR FORCE TWO,45,237,-603,False,mlat
ae049b,2026-07-21 01:36:50.927242,UNK C/S,61-0313,1602,25500,27.7,47.8,KC-135R Stratotanker,315,456,0,False,mode_s
ae05ad,2026-07-21 01:36:50.927248,UNK C/S,63-8043,Unavailable,Unavailable,63.5,-90.9,KC-135R Stratotanker,,,,False,mode_s
ae11dc,2026-07-21 01:36:50.927251,UNK C/S,76-1605,5405,28900,27.9,46.8,E-3G AWACS,,,,False,mode_s
ae05a9,2026-07-21 01:36:50.927256,UNK C/S,63-8015,7277,39000,48.7,-72.3,KC-135R Stratotanker,,,,False,mode_s
ae0369,2026-07-21 01:36:50.927259,UNK C/S,63-8024,3417,27000,26.3,49.6,KC-135R Stratotanker,,,,False,mode_s
ae0501,2026-07-21 01:36:50.927261,UNK C/S,59-1504,Unavailable,1100,40.2,-80.3,KC-135R Stratotanker,,,,False,mode_s
ae87fc,2026-07-21 01:36:50.927265,UNK C/S,,5244,19500,38.9,-71.9,E-6B TACAMO,,,,False,mode_s
ae2fae,2026-07-21 01:36:50.927268,RCH193,08-8202,4021,29275,39.6,-108.6,C-17A Globemaster,,,,False,mode_s
ae07de,2026-07-21 01:36:50.927271,RCH409,93-0604,6451,32000,37.4,25.1,C-17A Globemaster,,,,False,mode_s
ae0241,2026-07-21 01:36:50.927274,UNK C/S,63-8021,0151,23000,22.9,53.9,KC-135R Stratotanker,60,456,-64,False,mode_s
ae119d,2026-07-21 01:37:51.331805,SOUND12,03-3120,0334,1750,47.189846,-122.416725,C-17A Globemaster,164,219,74,False,mlat
ae0377,2026-07-21 01:37:51.331831,UNK C/S,62-3502,5253,25000,35.748905,-118.094856,KC-135R Stratotanker,355,438,0,False,mlat
ae210c,2026-07-21 01:37:51.331836,VV166961,166961,0432,20475,36.371262,-117.93924,F/A-18 Hornet,48,242,341,False,mlat
ae0378,2026-07-21 01:37:51.331841,UNK C/S,62-3541,4142,8850,47.487682,-117.389343,KC-135R Stratotanker,257,260,-36,False,mlat
ae0365,2026-07-21 01:37:51.331845,UNK C/S,61-0314,1062,3025,33.816654,-117.262512,KC-135R Stratotanker,147,195,-37,False,mlat
ae1239,2026-07-21 01:37:51.331852,THBRD14,04-4129,3016,34000,38.286701,-109.985023,C-17A Globemaster,264,478,0,False,adsb_icao
ae0802,2026-07-21 01:37:51.331857,RCH262,98-0056,4175,36100,37.093868,-105.208649,C-17A Globemaster,283,490,-1143,False,mlat
adfeb6,2026-07-21 01:37:51.331888,UNK C/S,75-0125,6617,21900,33.576385,-84.387634,E-4B Nightwatch,141,471,-2758,False,mlat
ae026d,2026-07-21 01:37:51.331893,UNK C/S,62-3576,3507,2450,27.793079,-82.541702,KC-135R Stratotanker,179,195,1533,False,mlat
ae0687,2026-07-21 01:37:51.331902,RCH284,60-0349,6554,35075,43.379829,-72.774773,KC-135R Stratotanker,75,513,428,False,mlat
ae014a,2026-07-21 01:37:51.331908,UNK C/S,59-1466,7040,1775,44.738747,-68.728386,KC-135R Stratotanker,319,120,-696,False,mlat
ae07db,2026-07-21 01:37:51.331912,RCH557,93-0601,1443,10550,44.760025,-68.344688,C-17A Globemaster,111,358,189,False,mlat
ae0391,2026-07-21 01:37:51.331915,RCH283,63-8039,7306,34950,44.458244,-66.565834,KC-135R Stratotanker,80,545,0,False,mlat
ae0816,2026-07-21 01:37:51.331920,RCH690,00-0180,3450,35000,54.955078,-5.008877,C-17A Globemaster,139,499,0,False,adsb_icao
ae07fa,2026-07-21 01:37:51.331931,RCH899,97-0048,7716,29000,48.622002,17.52574,C-17A Globemaster,126,508,-96,False,mlat
ae146d,2026-07-21 01:37:51.331934,RCH044,07-7175,4675,38000,43.212833,23.389685,C-17A Globemaster,350,479,0,False,mlat
ae1197,2026-07-21 01:37:51.331937,MOOSE47,03-3114,4557,31000,42.012966,24.056396,C-17A Globemaster,174,438,0,False,mlat
ae07de,2026-07-21 01:37:51.331941,RCH409,93-0604,6451,32000,37.964378,25.678568,C-17A Globemaster,,,0,False,mlat
800790,2026-07-21 01:37:51.331946,IFC0736,CB-8003,3556,31000,23.01701,57.816669,C-17A Globemaster,88,443,-96,False,adsb_icao
adfeba,2026-07-21 01:37:51.331950,SAM836,99-0004,3660,2050,14.445267,120.907539,C-32 AIR FORCE TWO,63,192,-508,False,mlat
ae049b,2026-07-21 01:37:51.331958,UNK C/S,61-0313,1602,25500,27.9,46.8,KC-135R Stratotanker,287,454,-64,False,mode_s
ae05ad,2026-07-21 01:37:51.331965,UNK C/S,63-8043,Unavailable,Unavailable,63.5,-90.9,KC-135R Stratotanker,,,,False,mode_s
ae11dc,2026-07-21 01:37:51.331969,UNK C/S,76-1605,5405,28175,27.7,47.8,E-3G AWACS,,,,False,mode_s
ae05a9,2026-07-21 01:37:51.331974,UNK C/S,63-8015,7277,39000,46.5,-71.6,KC-135R Stratotanker,,,,False,mode_s
ae0369,2026-07-21 01:37:51.331978,UNK C/S,63-8024,3417,27000,26.3,49.6,KC-135R Stratotanker,,,,False,mode_s
ae0501,2026-07-21 01:37:51.331980,UNK C/S,59-1504,Unavailable,1100,40.0,-80.3,KC-135R Stratotanker,,,,False,mode_s
ae87fc,2026-07-21 01:37:51.331986,UNK C/S,,5244,19500,39.2,-71.6,E-6B TACAMO,,,,False,mode_s
ae2fae,2026-07-21 01:37:51.331989,RCH193,08-8202,4021,30025,41.2,-105.8,C-17A Globemaster,,,,False,mode_s
ae0241,2026-07-21 01:37:51.331995,UNK C/S,63-8021,0151,23000,22.9,53.9,KC-135R Stratotanker,60,456,64,False,mode_s
ae119d,2026-07-21 01:38:51.712852,SOUND12,03-3120,0334,1775,47.14019,-122.417229,C-17A Globemaster,176,183,31,False,mlat
ae0377,2026-07-21 01:38:51.712876,UNK C/S,62-3502,5253,25000,35.875381,-118.112755,KC-135R Stratotanker,347,450,0,False,mlat
ae210c,2026-07-21 01:38:51.712881,VV166961,166961,0432,20900,36.403076,-117.866447,F/A-18 Hornet,26,341,,False,mlat
ae0378,2026-07-21 01:38:51.712884,UNK C/S,62-3541,4142,8850,47.481136,-117.489708,KC-135R Stratotanker,264,250,0,False,mlat
ae0365,2026-07-21 01:38:51.712888,UNK C/S,61-0314,1062,2350,33.822586,-117.220512,KC-135R Stratotanker,11,208,-964,False,mlat
ae1239,2026-07-21 01:38:51.712894,THBRD14,04-4129,3016,34000,38.240891,-110.137177,C-17A Globemaster,242,471,0,False,adsb_icao
ae0802,2026-07-21 01:38:51.712898,RCH262,98-0056,4175,36025,37.128082,-105.36795,C-17A Globemaster,286,468,0,False,mlat
adfeb6,2026-07-21 01:38:51.712930,UNK C/S,75-0125,6617,19075,33.472179,-84.301414,E-4B Nightwatch,143,460,-2831,False,mlat
ae026d,2026-07-21 01:38:51.712935,UNK C/S,62-3576,3507,6325,27.733858,-82.559021,KC-135R Stratotanker,226,255,4802,False,mlat
ae05a9,2026-07-21 01:38:51.712944,UNK C/S,63-8015,7277,39000,49.166931,-72.982231,KC-135R Stratotanker,,,0,False,mlat
ae0687,2026-07-21 01:38:51.712948,RCH284,60-0349,6554,35000,43.421082,-72.577797,KC-135R Stratotanker,75,518,0,False,mlat
ae014a,2026-07-21 01:38:51.712952,UNK C/S,59-1466,7040,1125,44.766834,-68.769806,KC-135R Stratotanker,312,155,-733,False,mlat
ae07db,2026-07-21 01:38:51.712955,RCH557,93-0601,1443,11600,44.716244,-68.209656,C-17A Globemaster,121,375,1388,False,mlat
ae0391,2026-07-21 01:38:51.712958,RCH283,63-8039,7306,34950,44.477558,-66.351692,KC-135R Stratotanker,82,549,0,False,mlat
ae0816,2026-07-21 01:38:51.712962,RCH690,00-0180,3450,35000,54.84938,-4.853614,C-17A Globemaster,139,499,0,False,adsb_icao
ae07fa,2026-07-21 01:38:51.712972,RCH899,97-0048,7716,29000,48.522079,17.683483,C-17A Globemaster,134,506,-128,False,mlat
ae146d,2026-07-21 01:38:51.712976,RCH044,07-7175,4675,38000,43.347607,23.358002,C-17A Globemaster,351,482,0,False,mlat
ae1197,2026-07-21 01:38:51.712979,MOOSE47,03-3114,4557,31000,41.9062,24.071812,C-17A Globemaster,173,421,0,False,mlat
ae07de,2026-07-21 01:38:51.712982,RCH409,93-0604,6451,32000,38.115948,25.598122,C-17A Globemaster,,,0,False,mlat
800790,2026-07-21 01:38:51.712986,IFC0736,CB-8003,3556,31000,23.018646,57.949936,C-17A Globemaster,90,444,-64,False,adsb_icao
adfeba,2026-07-21 01:38:51.712991,SAM836,99-0004,3660,1375,14.465931,120.94455,C-32 AIR FORCE TWO,65,153,-783,False,mlat
ae049b,2026-07-21 01:38:51.713001,UNK C/S,61-0313,1602,25500,27.9,46.8,KC-135R Stratotanker,296,450,0,False,mode_s
ae05ad,2026-07-21 01:38:51.713008,UNK C/S,63-8043,Unavailable,Unavailable,63.5,-90.9,KC-135R Stratotanker,,,,False,mode_s
ae11dc,2026-07-21 01:38:51.713012,UNK C/S,76-1605,5405,28150,27.9,46.8,E-3G AWACS,,,,False,mode_s
ae0369,2026-07-21 01:38:51.713017,UNK C/S,63-8024,3417,27000,27.7,47.8,KC-135R Stratotanker,,,,False,mode_s
ae0501,2026-07-21 01:38:51.713020,UNK C/S,59-1504,Unavailable,1100,40.0,-80.3,KC-135R Stratotanker,,,,False,mode_s
ae87fc,2026-07-21 01:38:51.713024,UNK C/S,,5244,19500,39.2,-71.6,E-6B TACAMO,,,,False,mode_s
ae2fae,2026-07-21 01:38:51.713027,RCH193,08-8202,4021,30725,40.0,-107.4,C-17A Globemaster,,,,False,mode_s
ae0241,2026-07-21 01:38:51.713032,UNK C/S,63-8021,0151,23000,23.0,54.0,KC-135R Stratotanker,59,458,32,False,mode_s
ae119d,2026-07-21 01:39:52.102594,SOUND12,03-3120,0334,1750,47.095097,-122.418022,C-17A Globemaster,184,171,7,False,mlat
ae0377,2026-07-21 01:39:52.102619,UNK C/S,62-3502,5253,25000,35.967018,-118.198616,KC-135R Stratotanker,314,515,-37,False,mlat
ae0378,2026-07-21 01:39:52.102623,UNK C/S,62-3541,4142,8850,47.449509,-117.575035,KC-135R Stratotanker,198,301,0,False,mlat
ae0365,2026-07-21 01:39:52.102627,UNK C/S,61-0314,1062,1650,33.860764,-117.244171,KC-135R Stratotanker,331,143,-765,False,mlat
ae1239,2026-07-21 01:39:52.102634,THBRD14,04-4129,3016,34000,38.17923,-110.286079,C-17A Globemaster,242,469,0,False,adsb_icao
ae0802,2026-07-21 01:39:52.102638,RCH262,98-0056,4175,35975,37.155834,-105.524162,C-17A Globemaster,281,499,-79,False,mlat
adfeb6,2026-07-21 01:39:52.102672,UNK C/S,75-0125,6617,17625,33.372696,-84.217453,E-4B Nightwatch,145,422,-776,False,mlat
ae026d,2026-07-21 01:39:52.102676,UNK C/S,62-3576,3507,10250,27.764385,-82.625214,KC-135R Stratotanker,350,335,3894,False,mlat
ae05a9,2026-07-21 01:39:52.102685,UNK C/S,63-8015,7277,39000,49.046143,-72.855766,KC-135R Stratotanker,,,0,False,mlat
ae0687,2026-07-21 01:39:52.102689,RCH284,60-0349,6554,35000,43.459019,-72.391075,KC-135R Stratotanker,74,492,0,False,mlat
ae014a,2026-07-21 01:39:52.102693,UNK C/S,59-1466,7040,350,44.793503,-68.808502,KC-135R Stratotanker,317,145,-573,False,mlat
ae07db,2026-07-21 01:39:52.102697,RCH557,93-0601,1443,13200,44.688416,-68.057396,C-17A Globemaster,108,415,1446,False,mlat
ae0391,2026-07-21 01:39:52.102700,RCH283,63-8039,7306,34950,44.497288,-66.137825,KC-135R Stratotanker,82,555,22,False,mlat
ae0816,2026-07-21 01:39:52.102705,RCH690,00-0180,3450,35000,54.742401,-4.697705,C-17A Globemaster,139,497,0,False,adsb_icao
ae1172,2026-07-21 01:39:52.102712,RCH305,02-1100,0135,750,49.437057,7.629643,C-17A Globemaster,81,177,1472,False,adsb_icao
ae07fa,2026-07-21 01:39:52.102717,RCH899,97-0048,7716,29000,48.422623,17.833231,C-17A Globemaster,135,506,-32,False,mlat
ae146d,2026-07-21 01:39:52.102721,RCH044,07-7175,4675,38000,43.475063,23.329111,C-17A Globemaster,350,490,0,False,mlat
ae1197,2026-07-21 01:39:52.102724,MOOSE47,03-3114,4557,31000,41.784168,24.08839,C-17A Globemaster,174,427,0,False,mlat
ae07de,2026-07-21 01:39:52.102727,RCH409,93-0604,6451,32000,38.212597,25.545456,C-17A Globemaster,,,0,False,mlat
800790,2026-07-21 01:39:52.102732,IFC0736,CB-8003,3556,31000,23.018173,58.084515,C-17A Globemaster,90,441,0,False,adsb_icao
adfeba,2026-07-21 01:39:52.102735,SAM836,99-0004,3660,600,14.486131,120.978981,C-32 AIR FORCE TWO,58,144,-753,False,mlat
ae049b,2026-07-21 01:39:52.102745,UNK C/S,61-0313,1602,25500,27.9,46.8,KC-135R Stratotanker,289,448,0,False,mode_s
ae210c,2026-07-21 01:39:52.102750,VV166961,166961,0432,21550,35.8,-117.3,F/A-18 Hornet,,,,False,mode_s
ae05ad,2026-07-21 01:39:52.102754,UNK C/S,63-8043,Unavailable,Unavailable,63.5,-90.9,KC-135R Stratotanker,,,,False,mode_s
ae11dc,2026-07-21 01:39:52.102758,UNK C/S,76-1605,5405,Unavailable,27.9,46.8,E-3G AWACS,,,,False,mode_s
ae0369,2026-07-21 01:39:52.102763,UNK C/S,63-8024,3417,27025,26.3,50.2,KC-135R Stratotanker,,,,False,mode_s
ae0501,2026-07-21 01:39:52.102765,UNK C/S,59-1504,Unavailable,1100,40.2,-80.3,KC-135R Stratotanker,,,,False,mode_s
ae87fc,2026-07-21 01:39:52.102770,UNK C/S,,5244,Unavailable,39.0,-71.6,E-6B TACAMO,,,,False,mode_s
ae2fae,2026-07-21 01:39:52.102773,RCH193,08-8202,4021,31450,41.3,-105.4,C-17A Globemaster,,,,False,mode_s
ae0241,2026-07-21 01:39:52.102779,UNK C/S,63-8021,0151,23000,23.1,54.0,KC-135R Stratotanker,59,458,64,False,mode_s
ae119d,2026-07-21 01:40:52.667111,SOUND12,03-3120,0334,1400,47.091507,-122.470383,C-17A Globemaster,319,235,-865,False,mlat
ae0377,2026-07-21 01:40:52.667136,UNK C/S,62-3502,5253,25000,35.966961,-118.357063,KC-135R Stratotanker,247,479,0,False,mlat
ae0378,2026-07-21 01:40:52.667140,UNK C/S,62-3541,4142,7500,47.394165,-117.644073,KC-135R Stratotanker,239,281,-1863,False,mlat
ae0365,2026-07-21 01:40:52.667145,UNK C/S,61-0314,1062,2100,33.897049,-117.27169,KC-135R Stratotanker,328,160,1504,False,mlat
ae1239,2026-07-21 01:40:52.667152,THBRD14,04-4129,3016,34000,38.117905,-110.433258,C-17A Globemaster,242,471,0,False,adsb_icao
ae2fae,2026-07-21 01:40:52.667156,RCH193,08-8202,4021,32175,40.735546,-108.907219,C-17A Globemaster,,,764,False,mlat
ae0802,2026-07-21 01:40:52.667159,RCH262,98-0056,4175,36000,37.177006,-105.681786,C-17A Globemaster,282,457,4,False,mlat
adfeb6,2026-07-21 01:40:52.667191,UNK C/S,75-0125,6617,17025,33.271706,-84.15641,E-4B Nightwatch,159,377,-575,False,mlat
ae026d,2026-07-21 01:40:52.667196,UNK C/S,62-3576,3507,11825,27.865641,-82.634148,KC-135R Stratotanker,354,382,1370,False,mlat
ae05a9,2026-07-21 01:40:52.667203,UNK C/S,63-8015,7277,39000,48.904854,-72.706223,KC-135R Stratotanker,,,0,False,mlat
ae0687,2026-07-21 01:40:52.667206,RCH284,60-0349,6554,35000,43.49765,-72.200691,KC-135R Stratotanker,73,514,0,False,mlat
ae07db,2026-07-21 01:40:52.667210,RCH557,93-0601,1443,14625,44.650482,-67.90538,C-17A Globemaster,111,415,1286,False,mlat
ae0391,2026-07-21 01:40:52.667213,RCH283,63-8039,7306,34975,44.516399,-65.927032,KC-135R Stratotanker,84,551,-25,False,mlat
ae0816,2026-07-21 01:40:52.667218,RCH690,00-0180,3450,35000,54.636173,-4.543762,C-17A Globemaster,140,498,-32,False,adsb_icao
ae1172,2026-07-21 01:40:52.667226,RCH305,02-1100,0135,2750,49.467106,7.682487,C-17A Globemaster,19,179,1600,False,adsb_icao
ae07fa,2026-07-21 01:40:52.667231,RCH899,97-0048,7716,29000,48.321148,17.983213,C-17A Globemaster,135,504,-96,False,mlat
ae146d,2026-07-21 01:40:52.667235,RCH044,07-7175,4675,38000,43.609722,23.301165,C-17A Globemaster,351,478,0,False,mlat
ae1197,2026-07-21 01:40:52.667237,MOOSE47,03-3114,4557,31000,41.657684,24.107271,C-17A Globemaster,173,421,0,False,mlat
800790,2026-07-21 01:40:52.667243,IFC0736,CB-8003,3556,31025,23.017868,58.2183,C-17A Globemaster,90,444,0,False,adsb_icao
adfeba,2026-07-21 01:40:52.667246,SAM836,99-0004,3660,100,14.493935,120.99234,C-32 AIR FORCE TWO,59,138,-778,False,mlat
ae049b,2026-07-21 01:40:52.667255,UNK C/S,61-0313,1602,25500,28.1,46.5,KC-135R Stratotanker,287,446,0,False,mode_s
ae210c,2026-07-21 01:40:52.667260,VV166961,166961,0432,21475,37.2,-116.9,F/A-18 Hornet,,,,False,mode_s
ae05ad,2026-07-21 01:40:52.667264,UNK C/S,63-8043,Unavailable,Unavailable,63.5,-90.9,KC-135R Stratotanker,,,,False,mode_s
ae0369,2026-07-21 01:40:52.667270,UNK C/S,63-8024,3417,27025,26.3,49.6,KC-135R Stratotanker,,,,False,mode_s
ae0501,2026-07-21 01:40:52.667272,UNK C/S,59-1504,Unavailable,1100,40.2,-80.3,KC-135R Stratotanker,,,,False,mode_s
ae87fc,2026-07-21 01:40:52.667278,UNK C/S,,5244,Unavailable,38.8,-72.5,E-6B TACAMO,,,,False,mode_s
ae07de,2026-07-21 01:40:52.667282,RCH409,93-0604,6451,32000,37.1,24.9,C-17A Globemaster,,,,False,mode_s
ae0241,2026-07-21 01:40:52.667285,UNK C/S,63-8021,0151,23100,23.7,54.1,KC-135R Stratotanker,59,454,1248,False,mode_s
ae119d,2026-07-21 01:41:53.073452,SOUND12,03-3120,0334,450,47.116493,-122.477249,C-17A Globemaster,356,264,-952,False,mlat
ae0377,2026-07-21 01:41:53.073477,UNK C/S,62-3502,5253,25000,35.869675,-118.429268,KC-135R Stratotanker,188,395,0,False,mlat
ae0378,2026-07-21 01:41:53.073482,UNK C/S,62-3541,4142,6200,47.405739,-117.754097,KC-135R Stratotanker,305,280,-1126,False,mlat
ae0365,2026-07-21 01:41:53.073486,UNK C/S,61-0314,1062,3000,33.887447,-117.313683,KC-135R Stratotanker,193,269,336,False,mlat
ae1239,2026-07-21 01:41:53.073495,THBRD14,04-4129,3016,34000,38.055943,-110.580734,C-17A Globemaster,241,472,0,False,adsb_icao
ae2fae,2026-07-21 01:41:53.073499,RCH193,08-8202,4021,32900,40.671429,-108.765663,C-17A Globemaster,,,827,False,mlat
ae0802,2026-07-21 01:41:53.073502,RCH262,98-0056,4175,36000,37.206032,-105.857712,C-17A Globemaster,284,466,0,False,mlat
adfeb6,2026-07-21 01:41:53.073538,UNK C/S,75-0125,6617,15025,33.182148,-84.11058,E-4B Nightwatch,158,361,-2507,False,mlat
ae026d,2026-07-21 01:41:53.073541,UNK C/S,62-3576,3507,15125,27.969347,-82.642822,KC-135R Stratotanker,356,387,2963,False,mlat
ae05a9,2026-07-21 01:41:53.073549,UNK C/S,63-8015,7277,39000,48.810192,-72.60421,KC-135R Stratotanker,,,0,False,mlat
ae0687,2026-07-21 01:41:53.073552,RCH284,60-0349,6554,35000,43.534672,-72.016098,KC-135R Stratotanker,74,532,0,False,mlat
ae07db,2026-07-21 01:41:53.073556,RCH557,93-0601,1443,15925,44.614338,-67.762009,C-17A Globemaster,109,409,1207,False,mlat
ae0391,2026-07-21 01:41:53.073559,RCH283,63-8039,7306,34975,44.530659,-65.766685,KC-135R Stratotanker,83,564,75,False,mlat
ae0816,2026-07-21 01:41:53.073564,RCH690,00-0180,3450,35000,54.529896,-4.390786,C-17A Globemaster,140,496,0,False,adsb_icao
ae1172,2026-07-21 01:41:53.073573,RCH305,02-1100,0135,3925,49.494049,7.746735,C-17A Globemaster,67,192,960,False,adsb_icao
ae07fa,2026-07-21 01:41:53.073579,RCH899,97-0048,7716,29000,48.219433,18.134726,C-17A Globemaster,135,506,-64,False,mlat
ae146d,2026-07-21 01:41:53.073583,RCH044,07-7175,4675,38000,43.744732,23.27009,C-17A Globemaster,352,472,0,False,mlat
ae1197,2026-07-21 01:41:53.073586,MOOSE47,03-3114,7404,31000,41.542137,24.123585,C-17A Globemaster,173,426,0,False,mlat
ae07de,2026-07-21 01:41:53.073590,RCH409,93-0604,6451,32000,38.517376,25.384954,C-17A Globemaster,,,0,False,mlat
800790,2026-07-21 01:41:53.073595,IFC0736,CB-8003,3556,31025,23.017731,58.352932,C-17A Globemaster,90,444,-32,False,adsb_icao
ae049b,2026-07-21 01:41:53.073605,UNK C/S,61-0313,1602,25500,27.9,46.8,KC-135R Stratotanker,287,444,0,False,mode_s
ae210c,2026-07-21 01:41:53.073611,VV166961,166961,0432,Unavailable,36.6,-116.8,F/A-18 Hornet,,,,False,mode_s
ae05ad,2026-07-21 01:41:53.073615,UNK C/S,63-8043,Unavailable,Unavailable,63.5,-90.9,KC-135R Stratotanker,,,,False,mode_s
ae0369,2026-07-21 01:41:53.073620,UNK C/S,63-8024,3417,27025,27.7,47.8,KC-135R Stratotanker,,,,False,mode_s
ae0501,2026-07-21 01:41:53.073623,UNK C/S,59-1504,Unavailable,1125,40.2,-80.3,KC-135R Stratotanker,,,,False,mode_s
ae87fc,2026-07-21 01:41:53.073628,UNK C/S,,5244,Unavailable,38.5,-73.0,E-6B TACAMO,,,,False,mode_s
ae0241,2026-07-21 01:41:53.073633,UNK C/S,63-8021,0151,25000,24.0,54.2,KC-135R Stratotanker,60,408,1728,False,mode_s
ae119d,2026-07-21 01:42:53.451727,SOUND12,03-3120,0334,1725,47.166344,-122.473198,C-17A Globemaster,14,154,2308,False,mlat
ae0377,2026-07-21 01:42:53.451748,UNK C/S,62-3502,6742,25000,35.763969,-118.435867,KC-135R Stratotanker,182,397,0,False,mlat
ae0378,2026-07-21 01:42:53.451752,UNK C/S,62-3541,4142,4900,47.442276,-117.851982,KC-135R Stratotanker,298,273,-1174,False,mlat
ae0365,2026-07-21 01:42:53.451756,UNK C/S,61-0314,1062,2975,33.840504,-117.282265,KC-135R Stratotanker,146,195,-73,False,mlat
ae1239,2026-07-21 01:42:53.451762,THBRD14,04-4129,3016,34000,37.994247,-110.726875,C-17A Globemaster,241,468,0,False,adsb_icao
ae2fae,2026-07-21 01:42:53.451765,RCH193,08-8202,4021,33825,40.611568,-108.627586,C-17A Globemaster,,,936,False,mlat
ae0802,2026-07-21 01:42:53.451768,RCH262,98-0056,4175,35975,37.226833,-106.024155,C-17A Globemaster,281,488,0,False,mlat
adfeb6,2026-07-21 01:42:53.451793,UNK C/S,75-0125,6617,12750,33.099335,-84.043427,E-4B Nightwatch,133,347,-1561,False,mlat
ae026d,2026-07-21 01:42:53.451796,UNK C/S,62-3576,3507,17025,28.080931,-82.666878,KC-135R Stratotanker,338,386,571,False,mlat
ae05a9,2026-07-21 01:42:53.451801,UNK C/S,63-8015,7277,39000,48.659378,-72.449524,KC-135R Stratotanker,146,539,0,False,mlat
ae0687,2026-07-21 01:42:53.451804,RCH284,60-0349,6554,35000,43.572563,-71.828293,KC-135R Stratotanker,76,518,0,False,mlat
ae07db,2026-07-21 01:42:53.451808,RCH557,93-0601,1443,17125,44.566952,-67.581421,C-17A Globemaster,111,454,1016,False,mlat
ae0391,2026-07-21 01:42:53.451811,RCH283,63-8039,7306,34950,44.550701,-65.497849,KC-135R Stratotanker,86,556,4,False,mlat
ae0816,2026-07-21 01:42:53.451815,RCH690,00-0180,3450,35000,54.423019,-4.238138,C-17A Globemaster,140,499,-64,False,adsb_icao
ae1172,2026-07-21 01:42:53.451821,RCH305,02-1100,0135,4850,49.521339,7.821598,C-17A Globemaster,58,212,1024,False,adsb_icao
ae07fa,2026-07-21 01:42:53.451826,RCH899,97-0048,7716,29000,48.12817,18.269911,C-17A Globemaster,135,504,32,False,mlat
ae146d,2026-07-21 01:42:53.451828,RCH044,07-7175,4675,38025,43.86977,23.228685,C-17A Globemaster,336,469,75,False,mlat
ae1197,2026-07-21 01:42:53.451831,MOOSE47,03-3114,7404,31000,41.423,24.177336,C-17A Globemaster,158,432,0,False,mlat
ae07de,2026-07-21 01:42:53.451834,RCH409,93-0604,6451,32000,38.581879,25.347967,C-17A Globemaster,,,0,False,mlat
800790,2026-07-21 01:42:53.451838,IFC0736,CB-8003,3556,31025,23.020935,58.487965,C-17A Globemaster,87,443,-32,False,adsb_icao
ae049b,2026-07-21 01:42:53.451847,UNK C/S,61-0313,1602,25500,27.9,46.8,KC-135R Stratotanker,286,446,0,False,mode_s
ae210c,2026-07-21 01:42:53.451855,VV166961,166961,0432,Unavailable,36.2,-116.6,F/A-18 Hornet,,,,False,mode_s
ae05ad,2026-07-21 01:42:53.451859,UNK C/S,63-8043,Unavailable,Unavailable,63.5,-90.9,KC-135R Stratotanker,,,,False,mode_s
ae04cd,2026-07-21 01:42:53.451861,UNK C/S,62-3503,Unavailable,Unavailable,30.8,35.3,KC-135R Stratotanker,,,,False,mode_s
ae0369,2026-07-21 01:42:53.451865,UNK C/S,63-8024,3417,27000,26.3,49.6,KC-135R Stratotanker,,,,False,mode_s
ae0501,2026-07-21 01:42:53.451867,UNK C/S,59-1504,Unavailable,1125,40.1,-80.1,KC-135R Stratotanker,,,,False,mode_s
ae87fc,2026-07-21 01:42:53.451872,UNK C/S,,5244,Unavailable,38.3,-74.0,E-6B TACAMO,,,,False,mode_s
ae119d,2026-07-21 01:43:53.900289,SOUND12,03-3120,0334,1750,47.15897,-122.416321,C-17A Globemaster,166,242,0,False,mlat
ae0377,2026-07-21 01:43:53.900314,UNK C/S,62-3502,6742,25000,35.661304,-118.432457,KC-135R Stratotanker,181,396,-4,False,mlat
ae0378,2026-07-21 01:43:53.900318,UNK C/S,62-3541,4142,4900,47.489761,-117.922592,KC-135R Stratotanker,344,238,179,False,mlat
ae0365,2026-07-21 01:43:53.900323,UNK C/S,61-0314,1062,2750,33.805183,-117.239731,KC-135R Stratotanker,101,186,-571,False,mlat
ae1239,2026-07-21 01:43:53.900349,THBRD14,04-4129,3016,33575,37.932999,-110.872269,C-17A Globemaster,241,469,0,False,adsb_icao
ae2fae,2026-07-21 01:43:53.900353,RCH193,08-8202,4021,34475,40.549606,-108.484596,C-17A Globemaster,120,419,388,False,mlat
ae0802,2026-07-21 01:43:53.900356,RCH262,98-0056,4175,36000,37.250942,-106.19294,C-17A Globemaster,281,469,-75,False,mlat
adfeb6,2026-07-21 01:43:53.900386,UNK C/S,75-0125,6617,11950,33.02705,-83.972549,E-4B Nightwatch,142,308,-889,False,mlat
ae026d,2026-07-21 01:43:53.900390,UNK C/S,62-3576,3507,17250,28.187332,-82.703125,KC-135R Stratotanker,345,377,603,False,mlat
ae05a9,2026-07-21 01:43:53.900398,UNK C/S,63-8015,7277,39000,48.546577,-72.331253,KC-135R Stratotanker,145,536,0,False,mlat
ae0687,2026-07-21 01:43:53.900401,RCH284,60-0349,6554,35000,43.612972,-71.62294,KC-135R Stratotanker,75,492,0,False,mlat
ae07db,2026-07-21 01:43:53.900405,RCH557,93-0601,1443,18225,44.525986,-67.420547,C-17A Globemaster,108,441,1333,False,mlat
ae0391,2026-07-21 01:43:53.900409,RCH283,63-8039,7306,34950,44.572075,-65.278061,KC-135R Stratotanker,82,570,-18,False,mlat
ae0816,2026-07-21 01:43:53.900413,RCH690,00-0180,3450,35000,54.31678,-4.087497,C-17A Globemaster,140,497,0,False,adsb_icao
ae1172,2026-07-21 01:43:53.900421,RCH305,02-1100,0135,5775,49.554474,7.901844,C-17A Globemaster,45,234,896,False,adsb_icao
ae07fa,2026-07-21 01:43:53.900426,RCH899,97-0048,7716,29000,48.023605,18.418278,C-17A Globemaster,135,502,-32,False,mlat
ae146d,2026-07-21 01:43:53.900429,RCH044,07-7175,4675,38000,43.989719,23.158363,C-17A Globemaster,338,467,0,False,mlat
ae1197,2026-07-21 01:43:53.900432,MOOSE47,03-3114,7404,31000,41.319714,24.225391,C-17A Globemaster,161,431,0,False,mlat
ae07de,2026-07-21 01:43:53.900436,RCH409,93-0604,6451,32000,38.771904,25.248531,C-17A Globemaster,,,0,False,mlat
800790,2026-07-21 01:43:53.900441,IFC0736,CB-8003,3556,31000,23.025993,58.620655,C-17A Globemaster,87,444,0,False,adsb_icao
ae049b,2026-07-21 01:43:53.900452,UNK C/S,61-0313,1602,25500,27.7,47.8,KC-135R Stratotanker,286,448,-32,False,mode_s
ae07f1,2026-07-21 01:43:53.900459,RCH198,96-0007,1435,Unavailable,48.2,-54.2,C-17A Globemaster,,,,False,mode_s
ae210c,2026-07-21 01:43:53.900463,VV166961,166961,0432,10050,36.3,-116.4,F/A-18 Hornet,,,,False,mode_s
ae05ad,2026-07-21 01:43:53.900467,UNK C/S,63-8043,Unavailable,Unavailable,63.5,-90.9,KC-135R Stratotanker,,,,False,mode_s
ae0369,2026-07-21 01:43:53.900471,UNK C/S,63-8024,3417,27025,26.3,50.2,KC-135R Stratotanker,,,,False,mode_s
ae0501,2026-07-21 01:43:53.900474,UNK C/S,59-1504,Unavailable,1125,39.9,-79.7,KC-135R Stratotanker,,,,False,mode_s
ae87fc,2026-07-21 01:43:53.900479,UNK C/S,,5244,Unavailable,38.3,-74.2,E-6B TACAMO,,,,False,mode_s
ae119d,2026-07-21 01:44:54.362348,SOUND12,03-3120,0334,1775,47.10939,-122.418236,C-17A Globemaster,180,160,0,False,mlat
ae0377,2026-07-21 01:44:54.362374,UNK C/S,62-3502,6742,25000,35.593487,-118.350449,KC-135R Stratotanker,97,421,0,False,mlat
ae0378,2026-07-21 01:44:54.362380,UNK C/S,62-3541,4142,4850,47.536354,-117.906242,KC-135R Stratotanker,54,219,22,False,mlat
ae0365,2026-07-21 01:44:54.362384,UNK C/S,61-0314,1062,2050,33.839352,-117.229645,KC-135R Stratotanker,324,169,-560,False,mlat
ae1239,2026-07-21 01:44:54.362391,THBRD14,04-4129,3016,32775,37.869732,-111.020248,C-17A Globemaster,241,474,-832,False,adsb_icao
ae2fae,2026-07-21 01:44:54.362395,RCH193,08-8202,4021,35100,40.512295,-108.337891,C-17A Globemaster,100,442,734,False,mlat
ae0802,2026-07-21 01:44:54.362399,RCH262,98-0056,4175,36000,37.275032,-106.353065,C-17A Globemaster,287,450,0,False,mlat
adfeb6,2026-07-21 01:44:54.362436,UNK C/S,75-0125,6617,10975,32.96714,-83.912086,E-4B Nightwatch,142,283,-596,False,mlat
ae026d,2026-07-21 01:44:54.362439,UNK C/S,62-3576,3507,20500,28.295071,-82.739426,KC-135R Stratotanker,342,417,3098,False,mlat
ae05a9,2026-07-21 01:44:54.362447,UNK C/S,63-8015,7277,39000,48.406982,-72.184608,KC-135R Stratotanker,146,570,0,False,mlat
ae0687,2026-07-21 01:44:54.362451,RCH284,60-0349,6554,35000,43.647865,-71.442604,KC-135R Stratotanker,74,521,0,False,mlat
ae07db,2026-07-21 01:44:54.362455,RCH557,93-0601,1443,19325,44.480827,-67.253464,C-17A Globemaster,111,472,1099,False,mlat
ae0391,2026-07-21 01:44:54.362458,RCH283,63-8039,7306,34950,44.59026,-65.053528,KC-135R Stratotanker,84,569,-1,False,mlat
ae0816,2026-07-21 01:44:54.362462,RCH690,00-0180,3450,35000,54.20874,-3.935381,C-17A Globemaster,140,498,-64,False,adsb_icao
ae1172,2026-07-21 01:44:54.362471,RCH305,02-1100,0135,6650,49.611557,7.865246,C-17A Globemaster,315,260,832,False,adsb_icao
ae07fa,2026-07-21 01:44:54.362478,RCH899,97-0048,7716,29000,47.917023,18.575294,C-17A Globemaster,135,500,-64,False,mlat
ae146d,2026-07-21 01:44:54.362481,RCH044,07-7175,4675,38000,44.106693,23.090628,C-17A Globemaster,337,472,0,False,mlat
ae1197,2026-07-21 01:44:54.362485,MOOSE47,03-3114,7404,31000,41.198399,24.282,C-17A Globemaster,161,420,0,False,mlat
ae07de,2026-07-21 01:44:54.362488,RCH409,93-0604,6451,32000,38.877548,25.192341,C-17A Globemaster,,,0,False,mlat
800790,2026-07-21 01:44:54.362493,IFC0736,CB-8003,3556,31000,23.030548,58.75658,C-17A Globemaster,88,445,-32,False,adsb_icao
ae049b,2026-07-21 01:44:54.362503,UNK C/S,61-0313,1602,25500,27.7,47.8,KC-135R Stratotanker,286,448,32,False,mode_s
ae210c,2026-07-21 01:44:54.362510,VV166961,166961,0432,Unavailable,35.7,-116.2,F/A-18 Hornet,,,,False,mode_s
ae05ad,2026-07-21 01:44:54.362514,UNK C/S,63-8043,Unavailable,Unavailable,63.5,-90.9,KC-135R Stratotanker,,,,False,mode_s
ae0369,2026-07-21 01:44:54.362520,UNK C/S,63-8024,3417,27000,26.3,50.2,KC-135R Stratotanker,,,,False,mode_s
ae0501,2026-07-21 01:44:54.362522,UNK C/S,59-1504,Unavailable,1200,40.3,-79.7,KC-135R Stratotanker,,,,False,mode_s
ae119d,2026-07-21 01:45:54.748054,SOUND12,03-3120,0334,1725,47.082375,-122.45768,C-17A Globemaster,266,207,-63,False,mlat
ae0377,2026-07-21 01:45:54.748075,UNK C/S,62-3502,6742,25000,35.651989,-118.2556,KC-135R Stratotanker,12,439,0,False,mlat
ae0378,2026-07-21 01:45:54.748078,UNK C/S,62-3541,4142,4575,47.56086,-117.839966,KC-135R Stratotanker,75,178,-645,False,mlat
ae0365,2026-07-21 01:45:54.748082,UNK C/S,61-0314,1062,1500,33.8634,-117.246696,KC-135R Stratotanker,328,133,-796,False,mlat
ae1239,2026-07-21 01:45:54.748087,THBRD14,04-4129,3016,32025,37.806889,-111.166412,C-17A Globemaster,241,476,-896,False,adsb_icao
ae2fae,2026-07-21 01:45:54.748091,RCH193,08-8202,4021,35725,40.489513,-108.174011,C-17A Globemaster,101,424,474,False,mlat
ae0802,2026-07-21 01:45:54.748094,RCH262,98-0056,4175,36000,37.301071,-106.523773,C-17A Globemaster,281,478,0,False,mlat
adfeb6,2026-07-21 01:45:54.748121,UNK C/S,75-0125,6617,10300,32.909481,-83.854942,E-4B Nightwatch,139,213,-1026,False,mlat
ae026d,2026-07-21 01:45:54.748124,UNK C/S,62-3576,3507,22025,28.409536,-82.772423,KC-135R Stratotanker,347,420,1191,False,mlat
ae0501,2026-07-21 01:45:54.748128,UNK C/S,59-1504,5735,2550,40.493233,-80.301819,KC-135R Stratotanker,305,276,1508,False,mlat
ae05a9,2026-07-21 01:45:54.748133,UNK C/S,63-8015,7277,39000,48.271687,-72.044823,KC-135R Stratotanker,145,571,0,False,mlat
ae0687,2026-07-21 01:45:54.748138,RCH284,60-0349,6554,35000,43.684532,-71.255997,KC-135R Stratotanker,75,506,0,False,mlat
ae07db,2026-07-21 01:45:54.748140,RCH557,93-0601,1443,20450,44.439766,-67.08857,C-17A Globemaster,111,489,1090,False,mlat
ae0391,2026-07-21 01:45:54.748143,RCH283,63-8039,7306,34950,44.60807,-64.832352,KC-135R Stratotanker,83,573,4,False,mlat
ae0816,2026-07-21 01:45:54.748147,RCH690,00-0180,3450,35000,54.100822,-3.784386,C-17A Globemaster,140,498,-64,False,adsb_icao
ae1172,2026-07-21 01:45:54.748154,RCH305,02-1100,0135,7850,49.665325,7.782032,C-17A Globemaster,314,278,2112,False,adsb_icao
ae07fa,2026-07-21 01:45:54.748159,RCH899,97-0048,7716,29000,47.818611,18.718348,C-17A Globemaster,135,502,0,False,mlat
ae146d,2026-07-21 01:45:54.748162,RCH044,07-7175,4675,38000,44.224495,23.022116,C-17A Globemaster,337,456,0,False,mlat
ae1197,2026-07-21 01:45:54.748165,MOOSE47,03-3114,7404,31000,41.080784,24.337381,C-17A Globemaster,160,431,0,False,mlat
ae07de,2026-07-21 01:45:54.748168,RCH409,93-0604,6451,32000,39.021057,25.114958,C-17A Globemaster,,,0,False,mlat
800790,2026-07-21 01:45:54.748173,IFC0736,CB-8003,3556,31025,23.034805,58.891811,C-17A Globemaster,88,445,0,False,adsb_icao
ae049b,2026-07-21 01:45:54.748181,UNK C/S,61-0313,1602,25500,28.1,46.5,KC-135R Stratotanker,286,444,0,False,mode_s
ae07f1,2026-07-21 01:45:54.748187,RCH198,96-0007,1435,Unavailable,47.5,-54.4,C-17A Globemaster,,,,False,mode_s
ae210c,2026-07-21 01:45:54.748190,VV166961,166961,0432,Unavailable,36.2,-116.4,F/A-18 Hornet,,,,False,mode_s
ae05ad,2026-07-21 01:45:54.748193,UNK C/S,63-8043,Unavailable,Unavailable,63.5,-90.9,KC-135R Stratotanker,,,,False,mode_s
ae0369,2026-07-21 01:45:54.748197,UNK C/S,63-8024,3417,27025,27.9,46.8,KC-135R Stratotanker,,,,False,mode_s
ae87fc,2026-07-21 01:45:54.748201,UNK C/S,,5244,Unavailable,38.3,-73.9,E-6B TACAMO,,,,False,mode_s
ae119d,2026-07-21 01:46:55.179877,SOUND12,03-3120,0334,825,47.098843,-122.467079,C-17A Globemaster,350,272,-931,False,mlat
ae0377,2026-07-21 01:46:55.179903,UNK C/S,62-3502,6742,25000,35.739037,-118.305862,KC-135R Stratotanker,307,396,0,False,mlat
ae0378,2026-07-21 01:46:55.179907,UNK C/S,62-3541,4142,3625,47.574047,-117.781998,KC-135R Stratotanker,72,162,-781,False,mlat
ae0365,2026-07-21 01:46:55.179912,UNK C/S,61-0314,1062,2700,33.910988,-117.289223,KC-135R Stratotanker,311,182,1193,False,mlat
ae1239,2026-07-21 01:46:55.179919,THBRD14,04-4129,3016,32000,37.743439,-111.313118,C-17A Globemaster,241,477,-256,False,adsb_icao
ae2fae,2026-07-21 01:46:55.179923,RCH193,08-8202,4021,36100,40.469147,-108.017776,C-17A Globemaster,87,441,376,False,mlat
ae0802,2026-07-21 01:46:55.179928,RCH262,98-0056,4175,36000,37.327972,-106.687721,C-17A Globemaster,281,468,0,False,mlat
adfeb6,2026-07-21 01:46:55.179968,UNK C/S,75-0125,6617,7825,32.852619,-83.82428,E-4B Nightwatch,186,252,-2442,False,mlat
ae026d,2026-07-21 01:46:55.179971,UNK C/S,62-3576,3507,22000,28.52198,-82.809914,KC-135R Stratotanker,344,419,0,False,mlat
ae0501,2026-07-21 01:46:55.179976,UNK C/S,59-1504,5735,4425,40.550003,-80.331627,KC-135R Stratotanker,12,252,2127,False,mlat
ae05a9,2026-07-21 01:46:55.179985,UNK C/S,63-8015,7277,39000,48.165356,-71.934929,KC-135R Stratotanker,146,543,3,False,mlat
ae0687,2026-07-21 01:46:55.179989,RCH284,60-0349,6554,35000,43.724125,-71.04882,KC-135R Stratotanker,76,486,0,False,mlat
ae07db,2026-07-21 01:46:55.179993,RCH557,93-0601,1443,21225,44.429798,-66.912086,C-17A Globemaster,93,520,701,False,mlat
ae1233,2026-07-21 01:46:55.179997,MCFAMC,03-3122,Unavailable,31028,49.476929,-64.837532,C-17A Globemaster,44,,,False,adsc
ae0391,2026-07-21 01:46:55.180000,RCH283,63-8039,7306,34950,44.625576,-64.607895,KC-135R Stratotanker,83,584,20,False,mlat
ae0816,2026-07-21 01:46:55.180006,RCH690,00-0180,3450,35000,53.995708,-3.634051,C-17A Globemaster,131,485,-64,False,adsb_icao
ae1172,2026-07-21 01:46:55.180015,RCH305,02-1100,0135,9525,49.730576,7.714498,C-17A Globemaster,328,288,1792,False,adsb_icao
ae07fa,2026-07-21 01:46:55.180022,RCH899,97-0048,7716,29000,47.724091,18.869375,C-17A Globemaster,132,500,0,False,mlat
ae146d,2026-07-21 01:46:55.180025,RCH044,07-7175,4675,38000,44.343422,22.950098,C-17A Globemaster,337,451,0,False,mlat
ae1197,2026-07-21 01:46:55.180028,MOOSE47,03-3114,7404,31000,40.968918,24.388948,C-17A Globemaster,161,423,0,False,mlat
ae07de,2026-07-21 01:46:55.180031,RCH409,93-0604,6451,32000,39.105679,25.065649,C-17A Globemaster,337,453,0,False,mlat
800790,2026-07-21 01:46:55.180036,IFC0736,CB-8003,3556,31000,23.038841,59.024555,C-17A Globemaster,88,443,0,False,adsb_icao
ae049b,2026-07-21 01:46:55.180047,UNK C/S,61-0313,1602,25500,27.7,47.8,KC-135R Stratotanker,286,442,0,False,mode_s
ae07f1,2026-07-21 01:46:55.180053,RCH198,96-0007,1435,Unavailable,47.5,-54.4,C-17A Globemaster,,,,False,mode_s
ae210c,2026-07-21 01:46:55.180056,VV166961,166961,0432,Unavailable,36.7,-116.5,F/A-18 Hornet,,,,False,mode_s
ae05ad,2026-07-21 01:46:55.180059,UNK C/S,63-8043,Unavailable,Unavailable,63.5,-90.9,KC-135R Stratotanker,,,,False,mode_s
ae0369,2026-07-21 01:46:55.180065,UNK C/S,63-8024,3417,27000,27.7,47.8,KC-135R Stratotanker,,,,False,mode_s
ae87fc,2026-07-21 01:46:55.180069,UNK C/S,,5244,Unavailable,39.1,-73.3,E-6B TACAMO,,,,False,mode_s
ae062d,2026-07-21 01:46:55.180073,UNK C/S,62-3571,Unavailable,Unavailable,63.5,-90.9,KC-135R Stratotanker,,,,False,mode_s
ae0377,2026-07-21 01:47:55.646749,UNK C/S,62-3502,6742,25000,35.828682,-118.369514,KC-135R Stratotanker,6,419,-11,False,mlat
ae0378,2026-07-21 01:47:55.646772,UNK C/S,62-3541,4142,2825,47.584282,-117.749741,KC-135R Stratotanker,62,143,-983,False,mlat
ae0365,2026-07-21 01:47:55.646777,UNK C/S,61-0314,1062,3000,33.877457,-117.313965,KC-135R Stratotanker,152,250,-36,False,mlat
ae1239,2026-07-21 01:47:55.646783,THBRD14,04-4129,3016,32000,37.679615,-111.461731,C-17A Globemaster,241,472,0,False,adsb_icao
ae2fae,2026-07-21 01:47:55.646787,RCH193,08-8202,4021,36475,40.46883,-107.861298,C-17A Globemaster,89,463,337,False,mlat
ae0802,2026-07-21 01:47:55.646790,RCH262,98-0056,4175,36000,37.350842,-106.842316,C-17A Globemaster,281,475,0,False,mlat
adfeb6,2026-07-21 01:47:55.646820,UNK C/S,75-0125,6617,5700,32.790749,-83.841209,E-4B Nightwatch,184,239,-2083,False,mlat
ae026d,2026-07-21 01:47:55.646823,UNK C/S,62-3576,3507,22000,28.63714,-82.841339,KC-135R Stratotanker,347,408,0,False,mlat
ae0501,2026-07-21 01:47:55.646828,UNK C/S,59-1504,5735,7125,40.626293,-80.303856,KC-135R Stratotanker,24,292,3050,False,mlat
ae05a9,2026-07-21 01:47:55.646834,UNK C/S,63-8015,7277,39000,48.033669,-71.80172,KC-135R Stratotanker,147,536,0,False,mlat
ae0687,2026-07-21 01:47:55.646837,RCH284,60-0349,6554,35000,43.759727,-70.859802,KC-135R Stratotanker,76,519,25,False,mlat
ae07db,2026-07-21 01:47:55.646840,RCH557,93-0601,1443,22025,44.47422,-66.731239,C-17A Globemaster,54,468,806,False,mlat
ae1233,2026-07-21 01:47:55.646844,MCFAMC,03-3122,Unavailable,31028,49.476929,-64.837532,C-17A Globemaster,44,,,False,adsc
ae0391,2026-07-21 01:47:55.646847,RCH283,63-8039,7306,34950,44.642746,-64.385338,KC-135R Stratotanker,84,580,-7,False,mlat
ae0816,2026-07-21 01:47:55.646852,RCH690,00-0180,3450,35000,53.947495,-3.431344,C-17A Globemaster,109,465,0,False,adsb_icao
ae1172,2026-07-21 01:47:55.646860,RCH305,02-1100,0135,10900,49.800606,7.647004,C-17A Globemaster,328,307,1024,False,adsb_icao
ae07fa,2026-07-21 01:47:55.646866,RCH899,97-0048,7716,29000,47.627613,19.021429,C-17A Globemaster,133,500,-32,False,mlat
ae146d,2026-07-21 01:47:55.646869,RCH044,07-7175,4675,38000,44.463181,22.879662,C-17A Globemaster,337,459,0,False,mlat
ae1197,2026-07-21 01:47:55.646872,MOOSE47,03-3114,7404,31000,40.849445,24.440708,C-17A Globemaster,161,450,0,False,mlat
ae07de,2026-07-21 01:47:55.646875,RCH409,93-0604,6451,32000,39.218285,24.992962,C-17A Globemaster,335,457,0,False,mlat
800790,2026-07-21 01:47:55.646880,IFC0736,CB-8003,3556,31000,23.042816,59.159477,C-17A Globemaster,88,445,-32,False,adsb_icao
ae049b,2026-07-21 01:47:55.646888,UNK C/S,61-0313,1602,25500,27.7,47.8,KC-135R Stratotanker,286,440,0,False,mode_s
ae07f1,2026-07-21 01:47:55.646894,RCH198,96-0007,1435,Unavailable,47.5,-54.4,C-17A Globemaster,,,,False,mode_s
ae210c,2026-07-21 01:47:55.646898,VV166961,166961,0432,9175,37.1,-116.7,F/A-18 Hornet,,,,False,mode_s
ae05ad,2026-07-21 01:47:55.646901,UNK C/S,63-8043,Unavailable,Unavailable,63.5,-90.9,KC-135R Stratotanker,,,,False,mode_s
ae0369,2026-07-21 01:47:55.646907,UNK C/S,63-8024,3417,27025,27.7,47.8,KC-135R Stratotanker,,,,False,mode_s
ae87fc,2026-07-21 01:47:55.646912,UNK C/S,,5244,Unavailable,39.2,-73.3,E-6B TACAMO,,,,False,mode_s
ae062d,2026-07-21 01:47:55.646914,UNK C/S,62-3571,Unavailable,Unavailable,63.5,-90.9,KC-135R Stratotanker,,,,False,mode_s
ae0377,2026-07-21 01:48:56.044111,UNK C/S,62-3502,6742,25000,35.93684,-118.361862,KC-135R Stratotanker,3,411,0,False,mlat
ae0378,2026-07-21 01:48:56.044132,UNK C/S,62-3541,4142,3900,47.612091,-117.649719,KC-135R Stratotanker,75,185,167,False,mlat
ae0365,2026-07-21 01:48:56.044136,UNK C/S,61-0314,1062,3000,33.831299,-117.276299,KC-135R Stratotanker,152,198,2,False,mlat
ae1239,2026-07-21 01:48:56.044144,THBRD14,04-4129,3016,32000,37.617142,-111.606468,C-17A Globemaster,241,472,64,False,adsb_icao
ae2fae,2026-07-21 01:48:56.044149,RCH193,08-8202,4021,36850,40.467991,-107.700356,C-17A Globemaster,90,439,406,False,mlat
ae0802,2026-07-21 01:48:56.044151,RCH262,98-0056,4175,36000,37.376202,-107.012772,C-17A Globemaster,279,472,0,False,mlat
adfeb6,2026-07-21 01:48:56.044177,UNK C/S,75-0125,6617,4100,32.787773,-83.77845,E-4B Nightwatch,42,335,-1385,False,mlat
ae026d,2026-07-21 01:48:56.044181,UNK C/S,62-3576,3507,23175,28.729244,-82.864273,KC-135R Stratotanker,349,410,2281,False,mlat
ae0501,2026-07-21 01:48:56.044186,UNK C/S,59-1504,5735,9850,40.700848,-80.268806,KC-135R Stratotanker,21,297,2731,False,mlat
ae05a9,2026-07-21 01:48:56.044193,UNK C/S,63-8015,7277,39000,47.895081,-71.660797,KC-135R Stratotanker,146,563,0,False,mlat
ae0687,2026-07-21 01:48:56.044196,RCH284,60-0349,6554,35000,43.796764,-70.670982,KC-135R Stratotanker,74,517,0,False,mlat
ae07db,2026-07-21 01:48:56.044200,RCH557,93-0601,1443,22875,44.507935,-66.565247,C-17A Globemaster,74,469,947,False,mlat
ae1233,2026-07-21 01:48:56.044203,MCFAMC,03-3122,Unavailable,31028,49.476929,-64.837532,C-17A Globemaster,44,,,False,adsc
ae0391,2026-07-21 01:48:56.044205,RCH283,63-8039,7306,34950,44.659168,-64.162498,KC-135R Stratotanker,83,578,0,False,mlat
ae0816,2026-07-21 01:48:56.044210,RCH690,00-0180,3450,35000,53.904697,-3.223679,C-17A Globemaster,109,463,-64,False,adsb_icao
ae1172,2026-07-21 01:48:56.044218,RCH305,02-1100,0135,11975,49.873581,7.563798,C-17A Globemaster,322,335,1024,False,adsb_icao
ae07fa,2026-07-21 01:48:56.044222,RCH899,97-0048,7716,29000,47.532757,19.170477,C-17A Globemaster,133,498,0,False,mlat
ae146d,2026-07-21 01:48:56.044225,RCH044,07-7175,4675,38000,44.568832,22.815872,C-17A Globemaster,336,447,66,False,mlat
ae1197,2026-07-21 01:48:56.044228,MOOSE47,03-3114,7404,31000,40.730576,24.498205,C-17A Globemaster,160,428,0,False,mlat
ae07de,2026-07-21 01:48:56.044231,RCH409,93-0604,6451,32000,39.338989,24.940987,C-17A Globemaster,335,474,25,False,mlat
800790,2026-07-21 01:48:56.044235,IFC0736,CB-8003,3556,31000,23.046663,59.294128,C-17A Globemaster,88,444,-32,False,adsb_icao
ae049b,2026-07-21 01:48:56.044244,UNK C/S,61-0313,1602,25500,27.7,47.8,KC-135R Stratotanker,285,438,0,False,mode_s
ae07f1,2026-07-21 01:48:56.044249,RCH198,96-0007,1435,31000,47.5,-54.4,C-17A Globemaster,,,,False,mode_s
ae210c,2026-07-21 01:48:56.044253,VV166961,166961,0432,Unavailable,37.1,-116.7,F/A-18 Hornet,,,,False,mode_s
ae05ad,2026-07-21 01:48:56.044255,UNK C/S,63-8043,Unavailable,Unavailable,63.5,-90.9,KC-135R Stratotanker,,,,False,mode_s
ae0369,2026-07-21 01:48:56.044261,UNK C/S,63-8024,6135,27000,27.9,46.8,KC-135R Stratotanker,,,,False,mode_s
ae062d,2026-07-21 01:48:56.044265,UNK C/S,62-3571,Unavailable,Unavailable,63.5,-90.9,KC-135R Stratotanker,,,,False,mode_s
ae0377,2026-07-21 01:49:56.379537,UNK C/S,62-3502,6742,25000,36.054405,-118.349907,KC-135R Stratotanker,3,386,0,False,mlat
ae0378,2026-07-21 01:49:56.379562,UNK C/S,62-3541,4142,3850,47.643208,-117.604568,KC-135R Stratotanker,351,206,221,False,mlat
ae0365,2026-07-21 01:49:56.379567,UNK C/S,61-0314,1062,2475,33.81147,-117.230598,KC-135R Stratotanker,58,203,-837,False,mlat
ae1239,2026-07-21 01:49:56.379575,THBRD14,04-4129,3016,32000,37.555225,-111.74839,C-17A Globemaster,241,475,-64,False,adsb_icao
ae2fae,2026-07-21 01:49:56.379579,RCH193,08-8202,4021,37000,40.467014,-107.539421,C-17A Globemaster,90,455,0,False,mlat
ae0802,2026-07-21 01:49:56.379583,RCH262,98-0056,4175,36000,37.400799,-107.171486,C-17A Globemaster,282,471,0,False,mlat
adfeb6,2026-07-21 01:49:56.379622,UNK C/S,75-0125,6617,3050,32.789101,-83.721291,E-4B Nightwatch,132,243,-939,False,mlat
ae026d,2026-07-21 01:49:56.379625,UNK C/S,62-3576,3507,24925,28.862581,-82.902122,KC-135R Stratotanker,343,419,1393,False,mlat
ae0501,2026-07-21 01:49:56.379631,UNK C/S,59-1504,5735,11675,40.791,-80.225685,KC-135R Stratotanker,18,352,2439,False,mlat
ae05a9,2026-07-21 01:49:56.379638,UNK C/S,63-8015,7277,39000,47.764717,-71.528526,KC-135R Stratotanker,145,556,0,False,mlat
ae0687,2026-07-21 01:49:56.379642,RCH284,60-0349,6554,35000,43.829533,-70.486786,KC-135R Stratotanker,76,503,0,False,mlat
ae07db,2026-07-21 01:49:56.379646,RCH557,93-0601,1443,23450,44.516747,-66.471588,C-17A Globemaster,77,482,641,False,mlat
ae1233,2026-07-21 01:49:56.379650,MCFAMC,03-3122,Unavailable,31028,49.476929,-64.837532,C-17A Globemaster,44,,,False,adsc
ae0391,2026-07-21 01:49:56.379655,RCH283,63-8039,7306,34975,44.674847,-63.934227,KC-135R Stratotanker,85,582,17,False,mlat
ae0816,2026-07-21 01:49:56.379660,RCH690,00-0180,3450,35000,53.862568,-3.017847,C-17A Globemaster,109,460,-64,False,adsb_icao
ae1172,2026-07-21 01:49:56.379671,RCH305,02-1100,0135,13025,49.950027,7.471787,C-17A Globemaster,322,357,1088,False,adsb_icao
ae07fa,2026-07-21 01:49:56.379676,RCH899,97-0048,7716,29000,47.438484,19.320328,C-17A Globemaster,133,500,0,False,mlat
ae146d,2026-07-21 01:49:56.379680,RCH044,07-7175,4675,38000,44.692207,22.743959,C-17A Globemaster,338,462,0,False,mlat
ae1197,2026-07-21 01:49:56.379684,MOOSE47,03-3114,7404,31000,40.619884,24.549532,C-17A Globemaster,162,449,0,False,mlat
ae07de,2026-07-21 01:49:56.379688,RCH409,93-0604,6451,32000,39.46777,24.873034,C-17A Globemaster,339,455,0,False,mlat
800790,2026-07-21 01:49:56.379693,IFC0736,CB-8003,3556,31025,23.05006,59.428303,C-17A Globemaster,88,444,0,False,adsb_icao
ae049b,2026-07-21 01:49:56.379703,UNK C/S,61-0313,1602,25500,27.7,47.8,KC-135R Stratotanker,286,440,0,False,mode_s
ae07f1,2026-07-21 01:49:56.379709,RCH198,96-0007,1435,31000,47.6,-52.1,C-17A Globemaster,,,,False,mode_s
ae210c,2026-07-21 01:49:56.379712,VV166961,166961,0432,14150,37.5,-116.8,F/A-18 Hornet,,,,False,mode_s
ae05ad,2026-07-21 01:49:56.379716,UNK C/S,63-8043,Unavailable,37000,63.5,-90.9,KC-135R Stratotanker,,,,False,mode_s
ae062d,2026-07-21 01:49:56.379725,UNK C/S,62-3571,Unavailable,Unavailable,63.5,-90.9,KC-135R Stratotanker,,,,False,mode_s
ae0377,2026-07-21 01:50:56.919602,UNK C/S,62-3502,6742,26800,36.169857,-118.344498,KC-135R Stratotanker,6,450,2880,False,mlat
ae0378,2026-07-21 01:50:56.919626,UNK C/S,62-3541,4142,3875,47.641029,-117.676109,KC-135R Stratotanker,223,230,-132,False,mlat
ae0365,2026-07-21 01:50:56.919630,UNK C/S,61-0314,1062,1825,33.850487,-117.238045,KC-135R Stratotanker,321,151,-723,False,mlat
ae1239,2026-07-21 01:50:56.919636,THBRD14,04-4129,3016,32000,37.486839,-111.896469,C-17A Globemaster,233,474,-64,False,adsb_icao
ae2fae,2026-07-21 01:50:56.919641,RCH193,08-8202,4021,37000,40.465458,-107.379585,C-17A Globemaster,91,458,0,False,mlat
ae0802,2026-07-21 01:50:56.919644,RCH262,98-0056,4175,36000,37.425491,-107.332771,C-17A Globemaster,280,464,17,False,mlat
adfeb6,2026-07-21 01:50:56.919678,UNK C/S,75-0125,6617,2500,32.743465,-83.679161,E-4B Nightwatch,151,171,-1059,False,mlat
ae026d,2026-07-21 01:50:56.919682,UNK C/S,62-3576,3507,26000,28.974072,-82.935532,KC-135R Stratotanker,345,427,649,False,mlat
ae0501,2026-07-21 01:50:56.919687,UNK C/S,59-1504,5735,14350,40.861622,-80.149773,KC-135R Stratotanker,54,391,2403,False,mlat
ae05a9,2026-07-21 01:50:56.919693,UNK C/S,63-8015,7277,39000,47.643032,-71.407936,KC-135R Stratotanker,146,550,0,False,mlat
ae0687,2026-07-21 01:50:56.919696,RCH284,60-0349,6554,35000,43.861858,-70.301262,KC-135R Stratotanker,76,539,0,False,mlat
ae07db,2026-07-21 01:50:56.919700,RCH557,93-0601,1443,24175,44.555424,-66.33165,C-17A Globemaster,72,505,443,False,mode_s
ae1233,2026-07-21 01:50:56.919704,MCFAMC,03-3122,Unavailable,31028,49.476929,-64.837532,C-17A Globemaster,44,,,False,adsc
ae0391,2026-07-21 01:50:56.919706,RCH283,63-8039,7306,34950,44.689346,-63.706139,KC-135R Stratotanker,85,581,17,False,mlat
ae0816,2026-07-21 01:50:56.919711,RCH690,00-0180,3450,35000,53.820812,-2.8146,C-17A Globemaster,109,456,0,False,adsb_icao
ae1172,2026-07-21 01:50:56.919719,RCH305,02-1100,0135,14200,50.030342,7.374647,C-17A Globemaster,322,369,1472,False,adsb_icao
ae07fa,2026-07-21 01:50:56.919725,RCH899,97-0048,7716,29000,47.338764,19.47592,C-17A Globemaster,133,498,0,False,mlat
ae146d,2026-07-21 01:50:56.919728,RCH044,07-7175,4675,38000,44.809612,22.672373,C-17A Globemaster,337,469,0,False,mlat
ae1197,2026-07-21 01:50:56.919731,MOOSE47,03-3114,7404,31000,40.502026,24.608006,C-17A Globemaster,158,453,0,False,mlat
ae07de,2026-07-21 01:50:56.919734,RCH409,93-0604,6451,32000,39.613956,24.789391,C-17A Globemaster,336,477,4,False,mlat
800790,2026-07-21 01:50:56.919738,IFC0736,CB-8003,3556,31025,23.05188,59.561279,C-17A Globemaster,89,443,-32,False,adsb_icao
ae049b,2026-07-21 01:50:56.919747,UNK C/S,61-0313,1602,25500,27.7,47.8,KC-135R Stratotanker,285,442,-96,False,mode_s
ae07f1,2026-07-21 01:50:56.919752,RCH198,96-0007,1435,31000,47.6,-52.1,C-17A Globemaster,,,,False,mode_s
ae210c,2026-07-21 01:50:56.919755,VV166961,166961,0432,14150,37.1,-116.6,F/A-18 Hornet,,,,False,mode_s
ae05ad,2026-07-21 01:50:56.919758,UNK C/S,63-8043,Unavailable,37000,63.5,-90.9,KC-135R Stratotanker,,,,False,mode_s
ae062d,2026-07-21 01:50:56.919765,UNK C/S,62-3571,7235,Unavailable,63.5,-90.9,KC-135R Stratotanker,,,,False,mode_s
ae0377,2026-07-21 01:51:57.300277,UNK C/S,62-3502,6742,29400,36.301323,-118.33844,KC-135R Stratotanker,5,475,2241,False,mlat
ae0378,2026-07-21 01:51:57.300301,UNK C/S,62-3541,4142,3900,47.627872,-117.744888,KC-135R Stratotanker,268,155,250,False,mlat
ae1239,2026-07-21 01:51:57.300308,THBRD14,04-4129,3016,32000,37.407421,-112.03141,C-17A Globemaster,233,467,64,False,adsb_icao
ae0802,2026-07-21 01:51:57.300312,RCH262,98-0056,4175,36000,37.439926,-107.48912,C-17A Globemaster,265,474,119,False,mlat
ae2fae,2026-07-21 01:51:57.300315,RCH193,08-8202,4021,37000,40.463741,-107.209137,C-17A Globemaster,90,476,-75,False,mlat
adfeb6,2026-07-21 01:51:57.300390,UNK C/S,75-0125,6617,1325,32.736546,-83.674179,E-4B Nightwatch,153,172,,False,mode_s
ae026d,2026-07-21 01:51:57.300396,UNK C/S,62-3576,3507,26000,29.087872,-82.972282,KC-135R Stratotanker,344,400,0,False,mlat
ae0501,2026-07-21 01:51:57.300402,UNK C/S,59-1504,5735,16350,40.925961,-80.040184,KC-135R Stratotanker,48,387,1959,False,mlat
ae05a9,2026-07-21 01:51:57.300411,UNK C/S,63-8015,7277,39000,47.506756,-71.272446,KC-135R Stratotanker,146,544,0,False,mlat
ae0687,2026-07-21 01:51:57.300415,RCH284,60-0349,6554,35000,43.901745,-70.096794,KC-135R Stratotanker,76,505,0,False,mlat
ae07db,2026-07-21 01:51:57.300419,RCH557,93-0601,1443,24725,44.618599,-66.029373,C-17A Globemaster,76,517,444,False,mlat
ae1233,2026-07-21 01:51:57.300423,MCFAMC,03-3122,Unavailable,31028,49.476929,-64.837532,C-17A Globemaster,44,,,False,adsc
ae0391,2026-07-21 01:51:57.300426,RCH283,63-8039,7306,34950,44.70657,-63.479305,KC-135R Stratotanker,83,587,0,False,mlat
ae0816,2026-07-21 01:51:57.300434,RCH690,00-0180,3450,35000,53.778122,-2.608849,C-17A Globemaster,109,460,32,False,adsb_icao
ae1172,2026-07-21 01:51:57.300443,RCH305,02-1100,0135,15525,50.113403,7.273889,C-17A Globemaster,322,377,1088,False,adsb_icao
ae07fa,2026-07-21 01:51:57.300448,RCH899,97-0048,7716,29000,47.244682,19.620775,C-17A Globemaster,133,498,64,False,mlat
ae146d,2026-07-21 01:51:57.300452,RCH044,07-7175,4675,38000,44.927586,22.600389,C-17A Globemaster,337,464,0,False,mlat
ae1197,2026-07-21 01:51:57.300455,MOOSE47,03-3114,7404,31000,40.37302,24.66309,C-17A Globemaster,163,441,0,False,mlat
ae07de,2026-07-21 01:51:57.300458,RCH409,93-0604,6451,32000,39.704536,24.739014,C-17A Globemaster,335,485,0,False,mlat
800790,2026-07-21 01:51:57.300463,IFC0736,CB-8003,3556,31000,23.053574,59.685825,C-17A Globemaster,89,444,0,False,other
ae049b,2026-07-21 01:51:57.300474,UNK C/S,61-0313,1602,25500,27.9,46.8,KC-135R Stratotanker,285,444,0,False,mode_s
ae07f1,2026-07-21 01:51:57.300479,RCH198,96-0007,1435,31000,47.1,-52.7,C-17A Globemaster,,,,False,mode_s
ae210c,2026-07-21 01:51:57.300483,VV166961,166961,0432,Unavailable,36.9,-116.5,F/A-18 Hornet,,,,False,mode_s
ae05ad,2026-07-21 01:51:57.300487,UNK C/S,63-8043,Unavailable,37000,63.5,-90.9,KC-135R Stratotanker,,,,False,mode_s
ae062d,2026-07-21 01:51:57.300495,UNK C/S,62-3571,7235,Unavailable,63.5,-90.9,KC-135R Stratotanker,,,,False,mode_s
ae0377,2026-07-21 01:52:57.718605,UNK C/S,62-3502,6742,32000,36.418324,-118.327179,KC-135R Stratotanker,2,471,2173,False,mlat
ae0378,2026-07-21 01:52:57.718630,UNK C/S,62-3541,4142,3225,47.587669,-117.740845,KC-135R Stratotanker,134,271,-590,False,mlat
ae1239,2026-07-21 01:52:57.718639,THBRD14,04-4129,3016,32000,37.330353,-112.162933,C-17A Globemaster,233,475,0,False,adsb_icao
ae0802,2026-07-21 01:52:57.718644,RCH262,98-0056,4175,36100,37.373093,-107.636459,C-17A Globemaster,226,473,4,False,mlat
ae2fae,2026-07-21 01:52:57.718648,RCH193,08-8202,4021,37000,40.463741,-107.05864,C-17A Globemaster,89,446,0,False,mlat
ae026d,2026-07-21 01:52:57.718681,UNK C/S,62-3576,3507,26000,29.201586,-83.011345,KC-135R Stratotanker,343,458,0,False,mlat
ae0501,2026-07-21 01:52:57.718687,UNK C/S,59-1504,5735,18575,40.996342,-79.921524,KC-135R Stratotanker,51,386,2050,False,mlat
ae05a9,2026-07-21 01:52:57.718695,UNK C/S,63-8015,7277,39000,47.385113,-71.152,KC-135R Stratotanker,146,549,0,False,mlat
ae0687,2026-07-21 01:52:57.718698,RCH284,60-0349,6554,35000,43.936298,-69.90538,KC-135R Stratotanker,76,518,0,False,mlat
ae07db,2026-07-21 01:52:57.718702,RCH557,93-0601,1443,25650,44.66206,-65.808701,C-17A Globemaster,74,504,898,False,mlat
ae1233,2026-07-21 01:52:57.718705,MCFAMC,03-3122,Unavailable,31028,49.476929,-64.837532,C-17A Globemaster,44,,,False,adsc
ae0391,2026-07-21 01:52:57.718708,RCH283,63-8039,7306,34950,44.720673,-63.250313,KC-135R Stratotanker,82,578,4,False,mlat
ae0816,2026-07-21 01:52:57.718714,RCH690,00-0180,3450,35000,53.735458,-2.405613,C-17A Globemaster,109,460,-96,False,adsb_icao
ae1172,2026-07-21 01:52:57.718721,RCH305,02-1100,0135,16725,50.196674,7.172068,C-17A Globemaster,321,385,1088,False,adsb_icao
ae07fa,2026-07-21 01:52:57.718725,RCH899,97-0048,7716,29000,47.150311,19.770304,C-17A Globemaster,133,496,-32,False,mlat
ae146d,2026-07-21 01:52:57.718728,RCH044,07-7175,4675,38000,45.053867,22.523632,C-17A Globemaster,337,472,0,False,mlat
ae07de,2026-07-21 01:52:57.718731,RCH409,93-0604,6451,32000,39.852333,24.658371,C-17A Globemaster,337,458,0,False,mlat
ae1197,2026-07-21 01:52:57.718734,MOOSE47,03-3114,7404,31000,40.262081,24.701849,C-17A Globemaster,166,414,0,False,mlat
800790,2026-07-21 01:52:57.718739,IFC0736,CB-8003,3556,31025,23.055405,59.816711,C-17A Globemaster,87,444,0,False,other
ae049b,2026-07-21 01:52:57.718749,UNK C/S,61-0313,1602,25500,27.7,47.8,KC-135R Stratotanker,340,446,0,False,mode_s
ae07f1,2026-07-21 01:52:57.718753,RCH198,96-0007,1435,31000,47.1,-52.7,C-17A Globemaster,,,,False,mode_s
ae210c,2026-07-21 01:52:57.718757,VV166961,166961,0432,Unavailable,36.8,-116.5,F/A-18 Hornet,,,,False,mode_s
adfeb6,2026-07-21 01:52:57.718761,UNK C/S,75-0125,6617,725,32.1,-83.6,E-4B Nightwatch,,,,False,mode_s
ae05ad,2026-07-21 01:52:57.718765,UNK C/S,63-8043,Unavailable,37000,63.5,-90.9,KC-135R Stratotanker,,,,False,mode_s
ae062d,2026-07-21 01:52:57.718772,UNK C/S,62-3571,7235,Unavailable,63.5,-90.9,KC-135R Stratotanker,,,,False,mode_s
ae0377,2026-07-21 01:53:58.127406,UNK C/S,62-3502,6742,32250,36.548359,-118.316193,KC-135R Stratotanker,4,513,-451,False,mlat
ae0378,2026-07-21 01:53:58.127430,UNK C/S,62-3541,4142,2400,47.599533,-117.716942,KC-135R Stratotanker,119,206,-997,False,mlat
ae1239,2026-07-21 01:53:58.127439,THBRD14,04-4129,3016,31150,37.25354,-112.294472,C-17A Globemaster,233,452,0,False,adsb_icao
ae0802,2026-07-21 01:53:58.127443,RCH262,98-0056,4175,36100,37.302975,-107.772186,C-17A Globemaster,237,461,0,False,mlat
ae2fae,2026-07-21 01:53:58.127447,RCH193,08-8202,4021,37000,40.459553,-106.900566,C-17A Globemaster,91,448,-76,False,mlat
ae026d,2026-07-21 01:53:58.127481,UNK C/S,62-3576,3507,26000,29.31251,-83.04541,KC-135R Stratotanker,346,433,0,False,mlat
ae0501,2026-07-21 01:53:58.127488,UNK C/S,59-1504,5735,19925,41.063782,-79.805038,KC-135R Stratotanker,51,476,1230,False,mlat
ae05a9,2026-07-21 01:53:58.127495,UNK C/S,63-8015,7277,39000,47.255161,-71.024727,KC-135R Stratotanker,146,552,0,False,mlat
ae0687,2026-07-21 01:53:58.127499,RCH284,60-0349,6554,35000,43.969807,-69.716225,KC-135R Stratotanker,78,517,0,False,mlat
ae07db,2026-07-21 01:53:58.127503,RCH557,93-0601,1443,26525,44.700684,-65.611984,C-17A Globemaster,75,497,778,False,mlat
ae1233,2026-07-21 01:53:58.127506,MCFAMC,03-3122,Unavailable,31028,49.476929,-64.837532,C-17A Globemaster,44,,,False,adsc
ae0391,2026-07-21 01:53:58.127510,RCH283,63-8039,7306,34950,44.735142,-63.022827,KC-135R Stratotanker,85,596,0,False,mlat
ae0816,2026-07-21 01:53:58.127516,RCH690,00-0180,3450,35000,53.692566,-2.203779,C-17A Globemaster,109,458,-64,False,adsb_icao
ae1172,2026-07-21 01:53:58.127522,RCH305,02-1100,0135,17825,50.281952,7.067534,C-17A Globemaster,321,394,1088,False,adsb_icao
ae07fa,2026-07-21 01:53:58.127529,RCH899,97-0048,7716,29000,47.056366,19.914368,C-17A Globemaster,133,494,-64,False,mlat
ae146d,2026-07-21 01:53:58.127532,RCH044,07-7175,4675,38000,45.179829,22.447248,C-17A Globemaster,338,454,0,False,mlat
ae07de,2026-07-21 01:53:58.127536,RCH409,93-0604,6451,32000,39.976311,24.590002,C-17A Globemaster,337,473,0,False,mlat
ae1197,2026-07-21 01:53:58.127538,MOOSE47,03-3114,7404,31000,40.177017,24.753246,C-17A Globemaster,158,451,0,False,mlat
800790,2026-07-21 01:53:58.127543,IFC0736,CB-8003,3556,31000,23.057184,59.94685,C-17A Globemaster,89,443,64,False,other
ae049b,2026-07-21 01:53:58.127553,UNK C/S,61-0313,1602,25500,27.9,46.8,KC-135R Stratotanker,19,446,288,False,mode_s
ae07e0,2026-07-21 01:53:58.127557,MOOSE45,94-0066,Unavailable,Unavailable,33.3,34.2,C-17A Globemaster,,,,False,mode_s
ae07f1,2026-07-21 01:53:58.127562,RCH198,96-0007,1435,31000,47.6,-52.1,C-17A Globemaster,,,,False,mode_s
ae210c,2026-07-21 01:53:58.127566,VV166961,166961,0432,Unavailable,36.7,-116.4,F/A-18 Hornet,,,,False,mode_s
ae05ad,2026-07-21 01:53:58.127569,UNK C/S,63-8043,Unavailable,37000,63.5,-90.9,KC-135R Stratotanker,,,,False,mode_s
ae1179,2026-07-21 01:53:58.127573,RCH213,02-1107,Unavailable,Unavailable,18.1,-65.9,C-17A Globemaster,,,,False,mode_s
ae062d,2026-07-21 01:53:58.127578,UNK C/S,62-3571,7235,37000,63.5,-90.9,KC-135R Stratotanker,,,,False,mode_s
ae0377,2026-07-21 01:54:58.583703,UNK C/S,62-3502,6742,32000,36.689819,-118.305534,KC-135R Stratotanker,3,461,0,False,mlat
ae1239,2026-07-21 01:54:58.583728,THBRD14,04-4129,3016,29675,37.178009,-112.422043,C-17A Globemaster,233,456,-1344,False,adsb_icao
ae0802,2026-07-21 01:54:58.583733,RCH262,98-0056,4175,36125,37.236084,-107.899406,C-17A Globemaster,238,437,66,False,mlat
ae2fae,2026-07-21 01:54:58.583736,RCH193,08-8202,4021,37000,40.458549,-106.72374,C-17A Globemaster,91,454,-52,False,mlat
ae026d,2026-07-21 01:54:58.583762,UNK C/S,62-3576,3507,26000,29.428139,-83.021385,KC-135R Stratotanker,22,454,0,False,mlat
ae0501,2026-07-21 01:54:58.583767,UNK C/S,59-1504,5735,21775,41.114376,-79.664719,KC-135R Stratotanker,73,432,1923,False,mlat
ae05a9,2026-07-21 01:54:58.583774,UNK C/S,63-8015,7277,39000,47.125813,-70.897148,KC-135R Stratotanker,145,565,0,False,mlat
ae0687,2026-07-21 01:54:58.583777,RCH284,60-0349,6554,35000,44.004753,-69.52076,KC-135R Stratotanker,77,519,0,False,mlat
ae07db,2026-07-21 01:54:58.583779,RCH557,93-0601,1443,27725,44.736481,-65.432068,C-17A Globemaster,74,496,887,False,mlat
ae1233,2026-07-21 01:54:58.583782,MCFAMC,03-3122,Unavailable,31028,49.476929,-64.837532,C-17A Globemaster,44,,,False,adsc
ae0391,2026-07-21 01:54:58.583785,RCH283,63-8039,7306,34950,44.749592,-62.793442,KC-135R Stratotanker,84,599,0,False,mlat
ae0816,2026-07-21 01:54:58.583791,RCH690,00-0180,3450,35000,53.648758,-1.99959,C-17A Globemaster,109,459,-32,False,adsb_icao
ae1172,2026-07-21 01:54:58.583796,RCH305,02-1100,0135,18950,50.369614,6.95955,C-17A Globemaster,321,400,1024,False,adsb_icao
ae07fa,2026-07-21 01:54:58.583802,RCH899,97-0048,7716,29000,46.961201,20.057932,C-17A Globemaster,133,492,-64,False,mlat
ae146d,2026-07-21 01:54:58.583805,RCH044,07-7175,4675,38000,45.298809,22.373253,C-17A Globemaster,337,460,0,False,mlat
ae07de,2026-07-21 01:54:58.583807,RCH409,93-0604,6451,32000,40.065361,24.539064,C-17A Globemaster,337,478,4,False,mlat
ae1197,2026-07-21 01:54:58.583810,MOOSE47,03-3114,7404,31000,40.022427,24.823484,C-17A Globemaster,160,432,0,False,mlat
800790,2026-07-21 01:54:58.583814,IFC0736,CB-8003,3556,31000,23.058975,60.084778,C-17A Globemaster,89,443,0,False,other
ae049b,2026-07-21 01:54:58.583823,UNK C/S,61-0313,1602,25500,27.9,46.8,KC-135R Stratotanker,2,442,96,False,mode_s
ae07e0,2026-07-21 01:54:58.583827,MOOSE45,94-0066,0713,7000,32.3,35.9,C-17A Globemaster,,,,False,mode_s
ae07f1,2026-07-21 01:54:58.583831,RCH198,96-0007,1435,31000,47.5,-54.4,C-17A Globemaster,,,,False,mode_s
ae210c,2026-07-21 01:54:58.583834,VV166961,166961,0432,16125,35.7,-116.9,F/A-18 Hornet,,,,False,mode_s
ae05ad,2026-07-21 01:54:58.583838,UNK C/S,63-8043,Unavailable,Unavailable,63.5,-90.9,KC-135R Stratotanker,,,,False,mode_s
ae1179,2026-07-21 01:54:58.583843,RCH213,02-1107,2153,1800,17.9,-65.6,C-17A Globemaster,,,,False,mode_s
ae062d,2026-07-21 01:54:58.583848,UNK C/S,62-3571,7235,37000,63.5,-90.9,KC-135R Stratotanker,,,,False,mode_s
ae0377,2026-07-21 01:55:59.000791,UNK C/S,62-3502,6742,32000,36.817921,-118.298363,KC-135R Stratotanker,2,446,0,False,mlat
ae1239,2026-07-21 01:55:59.000815,THBRD14,04-4129,3016,28175,37.105766,-112.555115,C-17A Globemaster,253,467,,False,adsb_icao
ae0802,2026-07-21 01:55:59.000819,RCH262,98-0056,4175,36125,37.163185,-108.032883,C-17A Globemaster,235,472,36,False,mlat
ae2fae,2026-07-21 01:55:59.000822,RCH193,08-8202,4021,37025,40.454758,-106.560394,C-17A Globemaster,91,449,48,False,mlat
ae026d,2026-07-21 01:55:59.000851,UNK C/S,62-3576,3507,26000,29.540636,-82.98806,KC-135R Stratotanker,14,419,0,False,mlat
ae0501,2026-07-21 01:55:59.000857,UNK C/S,59-1504,5735,23700,41.152496,-79.510384,KC-135R Stratotanker,56,310,1786,False,mlat
ae05a9,2026-07-21 01:55:59.000865,UNK C/S,63-8015,7277,39000,47.003517,-70.780357,KC-135R Stratotanker,148,551,0,False,mlat
ae0687,2026-07-21 01:55:59.000868,RCH284,60-0349,6554,35000,44.036732,-69.330124,KC-135R Stratotanker,79,532,0,False,mlat
ae07db,2026-07-21 01:55:59.000871,RCH557,93-0601,1443,28450,44.773727,-65.232025,C-17A Globemaster,76,502,673,False,mlat
ae1233,2026-07-21 01:55:59.000875,MCFAMC,03-3122,Unavailable,31028,49.476929,-64.837532,C-17A Globemaster,44,,,False,adsc
ae0391,2026-07-21 01:55:59.000878,RCH283,63-8039,7306,34950,44.762344,-62.567249,KC-135R Stratotanker,86,586,0,False,mlat
ae0816,2026-07-21 01:55:59.000885,RCH690,00-0180,3450,35000,53.604858,-1.796892,C-17A Globemaster,110,460,0,False,adsb_icao
ae1172,2026-07-21 01:55:59.000890,RCH305,02-1100,0135,19900,50.458298,6.849827,C-17A Globemaster,321,407,1152,False,adsb_icao
ae07fa,2026-07-21 01:55:59.000895,RCH899,97-0048,7716,29000,46.86034,20.211834,C-17A Globemaster,133,496,0,False,mlat
ae146d,2026-07-21 01:55:59.000898,RCH044,07-7175,4675,38000,45.414822,22.302479,C-17A Globemaster,336,468,0,False,mlat
ae07de,2026-07-21 01:55:59.000901,RCH409,93-0604,6451,32000,40.218594,24.45376,C-17A Globemaster,337,472,0,False,mlat
ae1197,2026-07-21 01:55:59.000903,MOOSE47,03-3114,7404,31000,39.910645,24.873507,C-17A Globemaster,161,453,0,False,mlat
800790,2026-07-21 01:55:59.000908,IFC0736,CB-8003,3556,31000,23.060257,60.202587,C-17A Globemaster,89,444,0,False,other
ae049b,2026-07-21 01:55:59.000917,UNK C/S,61-0313,1602,25400,27.7,47.8,KC-135R Stratotanker,359,444,-320,False,mode_s
ae07e0,2026-07-21 01:55:59.000921,MOOSE45,94-0066,0713,9500,32.1,36.3,C-17A Globemaster,,,,False,mode_s
ae07f1,2026-07-21 01:55:59.000925,RCH198,96-0007,1435,31000,47.1,-52.7,C-17A Globemaster,,,,False,mode_s
ae210c,2026-07-21 01:55:59.000929,VV166961,166961,0432,Unavailable,35.8,-117.0,F/A-18 Hornet,,,,False,mode_s
ae05ad,2026-07-21 01:55:59.000933,UNK C/S,63-8043,Unavailable,Unavailable,63.5,-90.9,KC-135R Stratotanker,,,,False,mode_s
ae1179,2026-07-21 01:55:59.000938,RCH213,02-1107,2153,3950,17.7,-65.4,C-17A Globemaster,69,244,,False,mode_s
ae062d,2026-07-21 01:55:59.000943,UNK C/S,62-3571,7235,37000,63.5,-90.9,KC-135R Stratotanker,,,,False,mode_s
ae0377,2026-07-21 01:56:59.448594,UNK C/S,62-3502,6742,32000,36.94812,-118.286873,KC-135R Stratotanker,2,472,0,False,mlat
ae1239,2026-07-21 01:56:59.448623,THBRD14,04-4129,3016,26550,37.084305,-112.718559,C-17A Globemaster,261,483,-1600,False,adsb_icao
ae0802,2026-07-21 01:56:59.448628,RCH262,98-0056,4175,36100,37.093678,-108.170914,C-17A Globemaster,236,458,0,False,mlat
ae2fae,2026-07-21 01:56:59.448632,RCH193,08-8202,4021,37000,40.451637,-106.390221,C-17A Globemaster,94,453,-52,False,mlat
ae026d,2026-07-21 01:56:59.448672,UNK C/S,62-3576,3507,26000,29.654179,-82.952637,KC-135R Stratotanker,15,398,0,False,mlat
ae0501,2026-07-21 01:56:59.448679,UNK C/S,59-1504,5735,25225,41.174908,-79.359032,KC-135R Stratotanker,83,433,1360,False,mlat
ae05a9,2026-07-21 01:56:59.448687,UNK C/S,63-8015,7277,39000,46.869873,-70.656044,KC-135R Stratotanker,147,565,0,False,mlat
ae0687,2026-07-21 01:56:59.448690,RCH284,60-0349,6554,35000,44.068481,-69.13327,KC-135R Stratotanker,77,499,0,False,mlat
ae07db,2026-07-21 01:56:59.448693,RCH557,93-0601,1443,29150,44.812962,-65.041618,C-17A Globemaster,74,517,584,False,mlat
ae1233,2026-07-21 01:56:59.448697,MCFAMC,03-3122,Unavailable,31028,49.476929,-64.837532,C-17A Globemaster,44,,,False,adsc
ae0391,2026-07-21 01:56:59.448700,RCH283,63-8039,7306,34950,44.77697,-62.3288,KC-135R Stratotanker,84,588,0,False,mlat
ae0816,2026-07-21 01:56:59.448708,RCH690,00-0180,3450,35000,53.560638,-1.594116,C-17A Globemaster,110,462,-96,False,adsb_icao
ae1172,2026-07-21 01:56:59.448714,RCH305,02-1100,0135,20725,50.549011,6.73686,C-17A Globemaster,321,417,768,False,adsb_icao
ae07fa,2026-07-21 01:56:59.448720,RCH899,97-0048,7716,29000,46.767593,20.352501,C-17A Globemaster,133,496,0,False,mlat
ae146d,2026-07-21 01:56:59.448722,RCH044,07-7175,4675,38000,45.537151,22.226765,C-17A Globemaster,337,461,0,False,mlat
ae07de,2026-07-21 01:56:59.448725,RCH409,93-0604,6451,32000,40.339012,24.384678,C-17A Globemaster,336,471,0,False,mlat
ae1197,2026-07-21 01:56:59.448728,MOOSE47,03-3114,7404,31000,39.806713,24.919214,C-17A Globemaster,161,453,0,False,mlat
800790,2026-07-21 01:56:59.448732,IFC0736,CB-8003,3556,31025,23.061838,60.350544,C-17A Globemaster,88,445,64,False,other
ae049b,2026-07-21 01:56:59.448741,UNK C/S,61-0313,0143,24425,27.9,46.8,KC-135R Stratotanker,350,450,-928,False,mode_s
ae07e0,2026-07-21 01:56:59.448744,MOOSE45,94-0066,0713,10975,31.9,36.5,C-17A Globemaster,,,,False,mode_s
ae07f1,2026-07-21 01:56:59.448748,RCH198,96-0007,1435,31000,47.7,-52.3,C-17A Globemaster,,,,False,mode_s
ae210c,2026-07-21 01:56:59.448752,VV166961,166961,0432,Unavailable,35.8,-116.8,F/A-18 Hornet,,,,False,mode_s
ae05ad,2026-07-21 01:56:59.448756,UNK C/S,63-8043,Unavailable,Unavailable,63.5,-90.9,KC-135R Stratotanker,,,,False,mode_s
ae1179,2026-07-21 01:56:59.448760,RCH213,02-1107,2153,6025,17.7,-65.5,C-17A Globemaster,301,282,2016,False,mode_s
ae062d,2026-07-21 01:56:59.448765,UNK C/S,62-3571,7235,37000,63.5,-90.9,KC-135R Stratotanker,,,,False,mode_s
ae0377,2026-07-21 01:57:59.876096,UNK C/S,62-3502,6742,32000,37.071491,-118.275856,KC-135R Stratotanker,8,482,0,False,mlat
ae1239,2026-07-21 01:57:59.876123,THBRD14,04-4129,3016,25975,37.06398,-112.884521,C-17A Globemaster,261,486,-1792,False,adsb_icao
ae0802,2026-07-21 01:57:59.876127,RCH262,98-0056,4175,36125,37.021168,-108.294823,C-17A Globemaster,233,450,75,False,mlat
ae2fae,2026-07-21 01:57:59.876131,RCH193,08-8202,4021,37000,40.452808,-106.235573,C-17A Globemaster,89,462,-76,False,mlat
ae026d,2026-07-21 01:57:59.876165,UNK C/S,62-3576,3507,26000,29.763823,-82.9188,KC-135R Stratotanker,16,417,0,False,mlat
ae0501,2026-07-21 01:57:59.876170,UNK C/S,59-1504,5735,26675,41.195549,-79.188354,KC-135R Stratotanker,81,469,1258,False,mlat
ae05a9,2026-07-21 01:57:59.876176,UNK C/S,63-8015,7277,39000,46.737434,-70.534363,KC-135R Stratotanker,148,558,0,False,mlat
ae0687,2026-07-21 01:57:59.876180,RCH284,60-0349,6554,35000,44.106892,-68.930618,KC-135R Stratotanker,77,562,0,False,mlat
ae07db,2026-07-21 01:57:59.876183,RCH557,93-0601,1443,29900,44.846561,-64.856522,C-17A Globemaster,82,494,594,False,mlat
ae1233,2026-07-21 01:57:59.876187,MCFAMC,03-3122,Unavailable,31028,49.476929,-64.837532,C-17A Globemaster,44,,,False,adsc
ae0391,2026-07-21 01:57:59.876190,RCH283,63-8039,7306,34950,44.787498,-62.109692,KC-135R Stratotanker,88,592,-48,False,mlat
ae0816,2026-07-21 01:57:59.876198,RCH690,00-0180,3450,35000,53.51622,-1.392759,C-17A Globemaster,110,463,0,False,adsb_icao
ae1172,2026-07-21 01:57:59.876203,RCH305,02-1100,0135,21675,50.639557,6.623599,C-17A Globemaster,321,419,768,False,adsb_icao
ae07fa,2026-07-21 01:57:59.876209,RCH899,97-0048,7716,29000,46.672276,20.49497,C-17A Globemaster,133,496,-64,False,mlat
ae146d,2026-07-21 01:57:59.876212,RCH044,07-7175,4675,38000,45.647175,22.158751,C-17A Globemaster,330,535,-25,False,mlat
ae07de,2026-07-21 01:57:59.876214,RCH409,93-0604,6451,32000,40.462696,24.316006,C-17A Globemaster,337,479,0,False,mlat
ae1197,2026-07-21 01:57:59.876217,MOOSE47,03-3114,7404,31000,39.673767,24.979322,C-17A Globemaster,160,456,0,False,mlat
800790,2026-07-21 01:57:59.876221,IFC0736,CB-8003,3556,31000,23.063232,60.492672,C-17A Globemaster,90,445,0,False,other
ae049b,2026-07-21 01:57:59.876230,UNK C/S,61-0313,0143,23450,27.9,46.8,KC-135R Stratotanker,343,440,-960,False,mode_s
ae07e0,2026-07-21 01:57:59.876233,MOOSE45,94-0066,0713,12025,32.5,35.1,C-17A Globemaster,,,,False,mode_s
ae04e2,2026-07-21 01:57:59.876238,UNK C/S,59-1446,Unavailable,Unavailable,32.6,-96.8,KC-135R Stratotanker,,,,False,mode_s
ae07f1,2026-07-21 01:57:59.876241,RCH198,96-0007,1435,31000,47.6,-52.1,C-17A Globemaster,,,,False,mode_s
ae210c,2026-07-21 01:57:59.876244,VV166961,166961,0432,16900,35.8,-116.8,F/A-18 Hornet,,,,False,mode_s
ae1179,2026-07-21 01:57:59.876248,RCH213,02-1107,2153,8400,17.8,-65.7,C-17A Globemaster,298,286,2016,False,mode_s
ae87fc,2026-07-21 01:57:59.876252,UNK C/S,,5244,Unavailable,39.2,-71.6,E-6B TACAMO,,,,False,mode_s
ae023c,2026-07-21 01:57:59.876254,UNK C/S,63-8888,Unavailable,Unavailable,26.3,50.2,KC-135R Stratotanker,,,,False,mode_s
ae062d,2026-07-21 01:57:59.876258,UNK C/S,62-3571,7235,37000,63.5,-90.9,KC-135R Stratotanker,,,,False,mode_s
ae0377,2026-07-21 01:59:00.327701,UNK C/S,62-3502,6742,32000,37.195068,-118.271057,KC-135R Stratotanker,3,567,0,False,mlat
ae1239,2026-07-21 01:59:00.327726,THBRD14,04-4129,3016,25975,37.044342,-113.053818,C-17A Globemaster,262,484,64,False,adsb_icao
ae0802,2026-07-21 01:59:00.327731,RCH262,98-0056,4175,36075,36.978741,-108.449425,C-17A Globemaster,262,467,82,False,mlat
ae2fae,2026-07-21 01:59:00.327734,RCH193,08-8202,4021,37000,40.446587,-106.057129,C-17A Globemaster,91,463,-25,False,mlat
ae026d,2026-07-21 01:59:00.327767,UNK C/S,62-3576,3507,26000,29.872089,-82.88559,KC-135R Stratotanker,11,392,0,False,mlat
ae0501,2026-07-21 01:59:00.327773,UNK C/S,59-1504,5735,27475,41.220432,-79.018951,KC-135R Stratotanker,73,471,1224,False,mlat
ae05a9,2026-07-21 01:59:00.327780,UNK C/S,63-8015,7277,39000,46.602787,-70.411346,KC-135R Stratotanker,149,551,0,False,mlat
ae0687,2026-07-21 01:59:00.327783,RCH284,60-0349,6554,35000,44.138725,-68.740776,KC-135R Stratotanker,76,510,0,False,mlat
ae1233,2026-07-21 01:59:00.327786,MCFAMC,03-3122,Unavailable,31028,49.476929,-64.837532,C-17A Globemaster,44,,,False,adsc
ae07db,2026-07-21 01:59:00.327789,RCH557,93-0601,1443,30550,44.884216,-64.662033,C-17A Globemaster,79,456,772,False,mlat
ae0391,2026-07-21 01:59:00.327793,RCH283,63-8039,7306,34950,44.799343,-61.902172,KC-135R Stratotanker,85,590,0,False,mlat
ae0816,2026-07-21 01:59:00.327799,RCH690,00-0180,3450,35000,53.470413,-1.187412,C-17A Globemaster,110,463,-64,False,adsb_icao
ae1172,2026-07-21 01:59:00.327804,RCH305,02-1100,0135,22600,50.732674,6.506577,C-17A Globemaster,321,422,704,False,adsb_icao
ae07fa,2026-07-21 01:59:00.327810,RCH899,97-0048,7716,29000,46.570992,20.648476,C-17A Globemaster,134,496,-32,False,mlat
ae146d,2026-07-21 01:59:00.327813,RCH044,07-7175,4675,38000,45.771626,22.080093,C-17A Globemaster,338,437,0,False,mlat
ae07de,2026-07-21 01:59:00.327816,RCH409,93-0604,6451,32000,40.586742,24.244326,C-17A Globemaster,335,476,0,False,mlat
ae1197,2026-07-21 01:59:00.327818,MOOSE47,03-3114,7404,31000,39.548992,25.034058,C-17A Globemaster,161,456,0,False,mlat
800790,2026-07-21 01:59:00.327823,IFC0736,CB-8003,3556,31000,23.0644,60.629833,C-17A Globemaster,90,444,0,False,other
ae049b,2026-07-21 01:59:00.327836,UNK C/S,61-0313,0143,23000,27.7,47.8,KC-135R Stratotanker,345,432,0,False,mode_s
ae07e0,2026-07-21 01:59:00.327839,MOOSE45,94-0066,0713,13550,32.1,35.9,C-17A Globemaster,,,,False,mode_s
ae07f1,2026-07-21 01:59:00.327843,RCH198,96-0007,1435,31000,47.6,-52.1,C-17A Globemaster,,,,False,mode_s
ae210c,2026-07-21 01:59:00.327848,VV166961,166961,0432,Unavailable,35.7,-117.2,F/A-18 Hornet,,,,False,mode_s
ae1179,2026-07-21 01:59:00.327853,RCH213,02-1107,2153,10075,17.8,-65.6,C-17A Globemaster,297,308,480,False,mode_s
ae062d,2026-07-21 01:59:00.327859,UNK C/S,62-3571,7235,37000,63.5,-92.3,KC-135R Stratotanker,,,,False,mode_s
ae0377,2026-07-21 02:00:00.741387,UNK C/S,62-3502,6742,34075,37.339745,-118.263359,KC-135R Stratotanker,1,471,4037,False,mlat
ae1239,2026-07-21 02:00:00.741413,THBRD14,04-4129,3016,25550,37.021786,-113.220497,C-17A Globemaster,253,485,-64,False,adsb_icao
ae0802,2026-07-21 02:00:00.741418,RCH262,98-0056,4175,36050,36.961506,-108.606659,C-17A Globemaster,265,424,-11,False,mlat
ae2fae,2026-07-21 02:00:00.741426,RCH193,08-8202,4021,37025,40.442039,-105.894089,C-17A Globemaster,92,468,-1,False,mlat
ae026d,2026-07-21 02:00:00.741466,UNK C/S,62-3576,3507,26125,29.979525,-82.852379,KC-135R Stratotanker,14,396,238,False,mlat
ae0501,2026-07-21 02:00:00.741472,UNK C/S,59-1504,5735,29150,41.267246,-78.857025,KC-135R Stratotanker,66,496,1696,False,mlat
ae05a9,2026-07-21 02:00:00.741480,UNK C/S,63-8015,7277,39000,46.473709,-70.293785,KC-135R Stratotanker,149,560,0,False,mlat
ae0687,2026-07-21 02:00:00.741483,RCH284,60-0349,6554,35000,44.170506,-68.55233,KC-135R Stratotanker,77,531,0,False,mlat
ae1233,2026-07-21 02:00:00.741487,MCFAMC,03-3122,Unavailable,31028,49.476929,-64.837532,C-17A Globemaster,44,,,False,adsc
ae07db,2026-07-21 02:00:00.741490,RCH557,93-0601,1443,30975,44.919209,-64.475815,C-17A Globemaster,73,512,179,False,mlat
ae0391,2026-07-21 02:00:00.741493,RCH283,63-8039,7306,34950,44.810944,-61.670223,KC-135R Stratotanker,87,602,0,False,mlat
ae0816,2026-07-21 02:00:00.741500,RCH690,00-0180,3450,35000,53.425003,-0.985788,C-17A Globemaster,110,463,0,False,adsb_icao
ae1172,2026-07-21 02:00:00.741506,RCH305,02-1100,0135,23350,50.824429,6.390686,C-17A Globemaster,321,426,768,False,adsb_icao
ae07fa,2026-07-21 02:00:00.741513,RCH899,97-0048,7716,29000,46.482342,20.780577,C-17A Globemaster,134,494,-64,False,mlat
ae146d,2026-07-21 02:00:00.741516,RCH044,07-7175,4675,38000,45.884701,22.009401,C-17A Globemaster,338,436,0,False,mlat
ae07de,2026-07-21 02:00:00.741520,RCH409,93-0604,6451,32000,40.707329,24.175585,C-17A Globemaster,336,472,0,False,mlat
ae1197,2026-07-21 02:00:00.741524,MOOSE47,03-3114,7404,31000,39.422676,25.090881,C-17A Globemaster,162,448,0,False,mlat
ae07e0,2026-07-21 02:00:00.741528,MOOSE45,94-0066,0713,15025,31.345104,36.328697,C-17A Globemaster,,,1414,False,mlat
800790,2026-07-21 02:00:00.741532,IFC0736,CB-8003,3556,31000,23.065563,60.766651,C-17A Globemaster,90,443,0,False,other
ae049b,2026-07-21 02:00:00.741545,UNK C/S,61-0313,0143,23000,27.7,47.8,KC-135R Stratotanker,357,430,-64,False,mode_s
ae07f1,2026-07-21 02:00:00.741550,RCH198,96-0007,1435,31000,47.6,-52.1,C-17A Globemaster,,,,False,mode_s
ae210c,2026-07-21 02:00:00.741555,VV166961,166961,0432,Unavailable,35.4,-116.7,F/A-18 Hornet,,,,False,mode_s
ae1179,2026-07-21 02:00:00.741560,RCH213,02-1107,2153,10425,17.8,-65.9,C-17A Globemaster,314,366,1312,False,mode_s
ae062d,2026-07-21 02:00:00.741567,UNK C/S,62-3571,7235,Unavailable,63.5,-92.3,KC-135R Stratotanker,,,,False,mode_s
ae0377,2026-07-21 02:01:01.133024,UNK C/S,62-3502,6742,36000,37.472298,-118.252876,KC-135R Stratotanker,3,474,578,False,mlat
ae1239,2026-07-21 02:01:01.133050,THBRD14,04-4129,3016,24200,36.983845,-113.381416,C-17A Globemaster,253,470,-1408,False,adsb_icao
ae0802,2026-07-21 02:01:01.133055,RCH262,98-0056,4175,36050,36.941143,-108.763199,C-17A Globemaster,262,465,0,False,mlat
ae2fae,2026-07-21 02:01:01.133058,RCH193,08-8202,4021,37000,40.440617,-105.71524,C-17A Globemaster,92,456,-50,False,mlat
ae026d,2026-07-21 02:01:01.133088,UNK C/S,62-3576,3507,26875,30.091473,-82.816139,KC-135R Stratotanker,17,431,414,False,mlat
ae0501,2026-07-21 02:01:01.133093,UNK C/S,59-1504,5735,31000,41.310482,-78.69902,KC-135R Stratotanker,66,369,1386,False,mlat
ae05a9,2026-07-21 02:01:01.133099,UNK C/S,63-8015,7277,37700,46.349651,-70.180626,KC-135R Stratotanker,148,544,-2294,False,mlat
ae0687,2026-07-21 02:01:01.133102,RCH284,60-0349,6554,35000,44.202217,-68.357155,KC-135R Stratotanker,78,526,0,False,mlat
ae1233,2026-07-21 02:01:01.133106,MCFAMC,03-3122,Unavailable,31028,49.476929,-64.837532,C-17A Globemaster,44,,,False,adsc
ae07db,2026-07-21 02:01:01.133110,RCH557,93-0601,1443,31000,44.955833,-64.27729,C-17A Globemaster,79,517,0,False,mlat
ae0391,2026-07-21 02:01:01.133113,RCH283,63-8039,7306,34950,44.820793,-61.485046,KC-135R Stratotanker,85,592,0,False,mlat
ae0816,2026-07-21 02:01:01.133120,RCH690,00-0180,3450,35000,53.378998,-0.783561,C-17A Globemaster,110,461,-32,False,adsb_icao
ae1172,2026-07-21 02:01:01.133124,RCH305,02-1100,0135,24125,50.917442,6.272507,C-17A Globemaster,321,428,704,False,adsb_icao
ae07fa,2026-07-21 02:01:01.133130,RCH899,97-0048,7716,29000,46.383778,20.925791,C-17A Globemaster,134,496,0,False,mlat
ae146d,2026-07-21 02:01:01.133133,RCH044,07-7175,4675,38000,46.00528,21.934362,C-17A Globemaster,337,468,0,False,mlat
ae07de,2026-07-21 02:01:01.133136,RCH409,93-0604,6451,32000,40.822075,24.109983,C-17A Globemaster,337,490,1,False,mlat
ae1197,2026-07-21 02:01:01.133139,MOOSE47,03-3114,7404,31000,39.312344,25.139482,C-17A Globemaster,161,455,0,False,mlat
ae07e0,2026-07-21 02:01:01.133144,MOOSE45,94-0066,0713,16575,31.273209,36.205208,C-17A Globemaster,,,1564,False,mlat
800790,2026-07-21 02:01:01.133147,IFC0736,CB-8003,3556,31000,23.066437,60.888126,C-17A Globemaster,89,442,0,False,other
ae049b,2026-07-21 02:01:01.133157,UNK C/S,61-0313,0143,23000,27.7,47.8,KC-135R Stratotanker,0,426,-64,False,mode_s
ae07f1,2026-07-21 02:01:01.133161,RCH198,96-0007,1435,31000,47.6,-52.1,C-17A Globemaster,,,,False,mode_s
ae210c,2026-07-21 02:01:01.133165,VV166961,166961,0432,Unavailable,35.4,-116.5,F/A-18 Hornet,,,,False,mode_s
ae1179,2026-07-21 02:01:01.133170,RCH213,02-1107,2153,12125,18.0,-66.2,C-17A Globemaster,312,380,1152,False,mode_s
ae0377,2026-07-21 02:02:01.535300,UNK C/S,62-3502,6742,36000,37.59985,-118.242172,KC-135R Stratotanker,8,490,4,False,mlat
ae1239,2026-07-21 02:02:01.535347,THBRD14,04-4129,3016,22775,36.947254,-113.536354,C-17A Globemaster,253,458,-1600,False,adsb_icao
ae0802,2026-07-21 02:02:01.535353,RCH262,98-0056,4175,35975,36.931202,-108.914062,C-17A Globemaster,270,457,-219,False,mlat
ae2fae,2026-07-21 02:02:01.535357,RCH193,08-8202,4021,37000,40.436302,-105.54985,C-17A Globemaster,92,469,-65,False,mlat
ae026d,2026-07-21 02:02:01.535394,UNK C/S,62-3576,3507,27000,30.210417,-82.780792,KC-135R Stratotanker,18,417,0,False,mlat
ae0501,2026-07-21 02:02:01.535400,UNK C/S,59-1504,5735,31725,41.357105,-78.530609,KC-135R Stratotanker,69,473,1665,False,mlat
ae05a9,2026-07-21 02:02:01.535408,UNK C/S,63-8015,7277,35025,46.212238,-70.092415,KC-135R Stratotanker,170,532,-1878,False,mlat
ae0687,2026-07-21 02:02:01.535412,RCH284,60-0349,6554,35000,44.236061,-68.150307,KC-135R Stratotanker,76,509,0,False,mlat
ae1233,2026-07-21 02:02:01.535415,MCFAMC,03-3122,Unavailable,31028,49.476929,-64.837532,C-17A Globemaster,44,,,False,adsc
ae07db,2026-07-21 02:02:01.535418,RCH557,93-0601,1443,31000,44.991161,-64.082527,C-17A Globemaster,75,544,0,False,mlat
ae0391,2026-07-21 02:02:01.535421,RCH283,63-8039,7306,34950,44.826508,-61.359062,KC-135R Stratotanker,86,584,0,False,mode_s
ae0816,2026-07-21 02:02:01.535432,RCH690,00-0180,3450,35000,53.332989,-0.583245,C-17A Globemaster,111,460,-32,False,adsb_icao
ae1172,2026-07-21 02:02:01.535437,RCH305,02-1100,0135,24750,51.011902,6.151898,C-17A Globemaster,321,433,512,False,adsb_icao
ae07fa,2026-07-21 02:02:01.535442,RCH899,97-0048,7716,29000,46.297951,21.043903,C-17A Globemaster,134,498,-32,False,mlat
ae146d,2026-07-21 02:02:01.535444,RCH044,07-7175,4675,38000,46.119774,21.860891,C-17A Globemaster,336,441,0,False,mlat
ae07de,2026-07-21 02:02:01.535447,RCH409,93-0604,6451,32000,40.947418,24.040985,C-17A Globemaster,339,477,0,False,mlat
ae1197,2026-07-21 02:02:01.535450,MOOSE47,03-3114,7404,31000,39.181782,25.195227,C-17A Globemaster,165,441,0,False,mlat
ae07e0,2026-07-21 02:02:01.535454,MOOSE45,94-0066,0713,17850,31.178169,36.138557,C-17A Globemaster,226,407,1050,False,mlat
800790,2026-07-21 02:02:01.535458,IFC0736,CB-8003,3556,31025,23.067352,61.023159,C-17A Globemaster,89,440,0,False,other
ae049b,2026-07-21 02:02:01.535472,UNK C/S,61-0313,0143,23000,27.7,47.8,KC-135R Stratotanker,0,428,-32,False,mode_s
ae07f1,2026-07-21 02:02:01.535477,RCH198,96-0007,1435,31000,47.6,-52.1,C-17A Globemaster,,,,False,mode_s
ae210c,2026-07-21 02:02:01.535481,VV166961,166961,0432,Unavailable,35.3,-116.3,F/A-18 Hornet,,,,False,mode_s
ae1179,2026-07-21 02:02:01.535487,RCH213,02-1107,2153,13725,18.4,-66.1,C-17A Globemaster,312,390,1632,False,mode_s
ae062d,2026-07-21 02:02:01.535495,UNK C/S,62-3571,7235,Unavailable,63.5,-92.6,KC-135R Stratotanker,,,,False,mode_s
ae0377,2026-07-21 02:03:01.961980,UNK C/S,62-3502,6742,36000,37.750004,-118.233749,KC-135R Stratotanker,3,503,0,False,mlat
ae1239,2026-07-21 02:03:01.962006,THBRD14,04-4129,3016,21375,36.911316,-113.687637,C-17A Globemaster,253,452,-1536,False,adsb_icao
ae0802,2026-07-21 02:03:01.962010,RCH262,98-0056,4175,36000,36.962029,-109.061989,C-17A Globemaster,290,473,0,False,mlat
ae2fae,2026-07-21 02:03:01.962014,RCH193,08-8202,4021,37000,40.430893,-105.381599,C-17A Globemaster,92,457,-4,False,mlat
ae026d,2026-07-21 02:03:01.962048,UNK C/S,62-3576,3507,27000,30.31805,-82.745819,KC-135R Stratotanker,16,421,0,False,mlat
ae0501,2026-07-21 02:03:01.962054,UNK C/S,59-1504,5735,32000,41.404751,-78.364296,KC-135R Stratotanker,71,491,0,False,mlat
ae05a9,2026-07-21 02:03:01.962060,UNK C/S,63-8015,7277,34400,46.07045,-70.036789,KC-135R Stratotanker,163,488,-1059,False,mlat
ae0687,2026-07-21 02:03:01.962063,RCH284,60-0349,6554,35000,44.267151,-67.957199,KC-135R Stratotanker,78,535,0,False,mlat
ae1179,2026-07-21 02:03:01.962067,RCH213,02-1107,2153,15250,18.117558,-65.141129,C-17A Globemaster,312,398,1632,False,mlat
ae07db,2026-07-21 02:03:01.962071,RCH557,93-0601,1443,31000,45.030327,-63.86821,C-17A Globemaster,71,565,-12,False,mlat
ae1233,2026-07-21 02:03:01.962074,MCFAMC,03-3122,Unavailable,32548,50.578308,-61.814747,C-17A Globemaster,59,,,False,adsc
ae0391,2026-07-21 02:03:01.962078,RCH283,63-8039,7306,34950,44.842049,-61.004227,KC-135R Stratotanker,87,619,0,False,mlat
ae0816,2026-07-21 02:03:01.962085,RCH690,00-0180,3450,35000,53.287079,-0.384835,C-17A Globemaster,111,459,0,False,adsb_icao
ae1172,2026-07-21 02:03:01.962090,RCH305,02-1100,0135,25325,51.105232,6.032104,C-17A Globemaster,320,436,704,False,adsb_icao
ae07fa,2026-07-21 02:03:01.962096,RCH899,97-0048,7716,29000,46.178234,21.202192,C-17A Globemaster,141,494,0,False,mlat
ae146d,2026-07-21 02:03:01.962099,RCH044,07-7175,4675,38000,46.232681,21.789429,C-17A Globemaster,337,449,0,False,mlat
ae07de,2026-07-21 02:03:01.962102,RCH409,93-0604,6451,32000,41.073349,23.966154,C-17A Globemaster,337,470,0,False,mlat
ae1197,2026-07-21 02:03:01.962105,MOOSE47,03-3114,7404,31000,39.102314,25.228605,C-17A Globemaster,166,438,0,False,mlat
ae07e0,2026-07-21 02:03:01.962109,MOOSE45,94-0066,0713,19100,31.086088,36.04781,C-17A Globemaster,221,394,1218,False,mlat
800790,2026-07-21 02:03:01.962113,IFC0736,CB-8003,3556,31000,23.06813,61.164932,C-17A Globemaster,90,441,0,False,other
ae049b,2026-07-21 02:03:01.962123,UNK C/S,61-0313,0143,23000,27.7,47.8,KC-135R Stratotanker,0,430,0,False,mode_s
ae07f1,2026-07-21 02:03:01.962129,RCH198,96-0007,2000,31000,47.6,-52.1,C-17A Globemaster,,,,False,mode_s
ae210c,2026-07-21 02:03:01.962133,VV166961,166961,0432,Unavailable,35.2,-116.2,F/A-18 Hornet,,,,False,mode_s
ae062d,2026-07-21 02:03:01.962141,UNK C/S,62-3571,7235,37000,63.5,-92.6,KC-135R Stratotanker,,,,False,mode_s
ae0377,2026-07-21 02:04:02.437670,UNK C/S,62-3502,6742,36000,37.891804,-118.221527,KC-135R Stratotanker,5,496,0,False,mlat
ae1239,2026-07-21 02:04:02.437697,THBRD14,04-4129,3016,20050,36.875702,-113.837051,C-17A Globemaster,253,435,-1472,False,adsb_icao
ae0802,2026-07-21 02:04:02.437701,RCH262,98-0056,4175,36000,36.997826,-109.214157,C-17A Globemaster,289,457,0,False,mlat
ae2fae,2026-07-21 02:04:02.437705,RCH193,08-8202,4021,37000,40.426384,-105.205711,C-17A Globemaster,93,449,-71,False,mlat
ae026d,2026-07-21 02:04:02.437734,UNK C/S,62-3576,3507,27000,30.433233,-82.710632,KC-135R Stratotanker,15,417,0,False,mlat
ae0501,2026-07-21 02:04:02.437741,UNK C/S,59-1504,5735,32950,41.452213,-78.180878,KC-135R Stratotanker,69,502,1005,False,mlat
ae05a9,2026-07-21 02:04:02.437747,UNK C/S,63-8015,7277,30475,45.940121,-69.987419,KC-135R Stratotanker,164,525,-3843,False,mlat
ae0687,2026-07-21 02:04:02.437750,RCH284,60-0349,6554,35000,44.301956,-67.74604,KC-135R Stratotanker,77,528,0,False,mlat
ae1179,2026-07-21 02:04:02.437754,RCH213,02-1107,2153,16625,18.197441,-65.230156,C-17A Globemaster,312,406,1312,False,mlat
ae07db,2026-07-21 02:04:02.437757,RCH557,93-0601,1443,31000,45.06665,-63.665745,C-17A Globemaster,91,559,0,False,mlat
ae1233,2026-07-21 02:04:02.437760,MCFAMC,03-3122,Unavailable,32548,50.578308,-61.814747,C-17A Globemaster,59,,,False,adsc
ae0816,2026-07-21 02:04:02.437768,RCH690,00-0180,3450,35000,53.240341,-0.185041,C-17A Globemaster,111,457,0,False,adsb_icao
ae1172,2026-07-21 02:04:02.437772,RCH305,02-1100,0135,26200,51.200012,5.909576,C-17A Globemaster,320,431,704,False,adsb_icao
ae07fa,2026-07-21 02:04:02.437778,RCH899,97-0048,7716,29000,46.081478,21.312641,C-17A Globemaster,141,488,-128,False,mlat
ae146d,2026-07-21 02:04:02.437780,RCH044,07-7175,4675,38000,46.34988,21.714718,C-17A Globemaster,336,443,0,False,mlat
ae07de,2026-07-21 02:04:02.437783,RCH409,93-0604,6451,32000,41.184765,23.900642,C-17A Globemaster,336,482,0,False,mlat
ae1197,2026-07-21 02:04:02.437786,MOOSE47,03-3114,7404,31000,38.935776,25.302126,C-17A Globemaster,162,462,0,False,mlat
ae07e0,2026-07-21 02:04:02.437791,MOOSE45,94-0066,0713,20200,31.005314,35.956924,C-17A Globemaster,231,420,1270,False,mlat
800790,2026-07-21 02:04:02.437794,IFC0736,CB-8003,3556,31000,23.06868,61.284683,C-17A Globemaster,89,441,-64,False,other
ae049b,2026-07-21 02:04:02.437804,UNK C/S,61-0313,0143,23000,27.7,47.8,KC-135R Stratotanker,0,432,0,False,mode_s
ae07f1,2026-07-21 02:04:02.437809,RCH198,96-0007,2000,31000,47.6,-52.1,C-17A Globemaster,,,,False,mode_s
ae210c,2026-07-21 02:04:02.437813,VV166961,166961,0432,Unavailable,35.5,-116.2,F/A-18 Hornet,,,,False,mode_s
ae0391,2026-07-21 02:04:02.437820,RCH283,63-8039,7306,34950,44.857731,-60.691658,KC-135R Stratotanker,85,569,0,False,mlat
ae062d,2026-07-21 02:04:02.437824,UNK C/S,62-3571,7235,37000,63.5,-92.6,KC-135R Stratotanker,,,,False,mode_s
ae0377,2026-07-21 02:05:02.839430,UNK C/S,62-3502,6742,36000,38.029156,-118.214073,KC-135R Stratotanker,3,507,0,False,mlat
ae1239,2026-07-21 02:05:02.839457,THBRD14,04-4129,3016,18275,36.841278,-113.979774,C-17A Globemaster,253,416,-384,False,adsb_icao
ae0802,2026-07-21 02:05:02.839462,RCH262,98-0056,4175,36000,37.031418,-109.385056,C-17A Globemaster,281,465,0,False,mlat
ae2fae,2026-07-21 02:05:02.839465,RCH193,08-8202,4021,37025,40.421795,-105.043251,C-17A Globemaster,91,463,-5,False,mlat
ae026d,2026-07-21 02:05:02.839499,UNK C/S,62-3576,3507,27000,30.544043,-82.678864,KC-135R Stratotanker,7,419,0,False,mlat
ae0501,2026-07-21 02:05:02.839507,UNK C/S,59-1504,5735,33000,41.503075,-78.008675,KC-135R Stratotanker,69,513,-76,False,mlat
ae05a9,2026-07-21 02:05:02.839513,UNK C/S,63-8015,7277,27825,45.81813,-69.890335,KC-135R Stratotanker,138,513,-2127,False,mlat
ae0687,2026-07-21 02:05:02.839516,RCH284,60-0349,6554,35000,44.332428,-67.547607,KC-135R Stratotanker,78,542,0,False,mlat
ae1179,2026-07-21 02:05:02.839520,RCH213,02-1107,2153,17925,18.276865,-65.318954,C-17A Globemaster,312,414,1248,False,mlat
ae07db,2026-07-21 02:05:02.839523,RCH557,93-0601,1443,31000,45.102909,-63.450836,C-17A Globemaster,72,564,-9,False,mlat
ae1233,2026-07-21 02:05:02.839527,MCFAMC,03-3122,Unavailable,32548,50.578308,-61.814747,C-17A Globemaster,59,,,False,adsc
ae0391,2026-07-21 02:05:02.839530,RCH283,63-8039,7306,34950,44.857731,-60.691658,KC-135R Stratotanker,85,569,0,False,mode_s
ae0816,2026-07-21 02:05:02.839538,RCH690,00-0180,3450,35000,53.193558,0.013341,C-17A Globemaster,111,457,0,False,adsb_icao
ae1172,2026-07-21 02:05:02.839541,RCH305,02-1100,0135,26925,51.292885,5.788956,C-17A Globemaster,320,429,640,False,adsb_icao
ae07fa,2026-07-21 02:05:02.839546,RCH899,97-0048,7716,29000,45.961918,21.449699,C-17A Globemaster,141,484,-32,False,mlat
ae146d,2026-07-21 02:05:02.839549,RCH044,07-7175,4675,38000,46.461609,21.643005,C-17A Globemaster,331,430,0,False,mlat
ae07de,2026-07-21 02:05:02.839553,RCH409,93-0604,2647,32000,41.312622,23.826365,C-17A Globemaster,336,473,0,False,mlat
ae07e0,2026-07-21 02:05:02.839556,MOOSE45,94-0066,0713,21400,30.906492,35.885445,C-17A Globemaster,197,430,1144,False,mlat
800790,2026-07-21 02:05:02.839559,IFC0736,CB-8003,3556,31025,23.069241,61.427307,C-17A Globemaster,89,441,64,False,other
ae87fc,2026-07-21 02:05:02.839572,UNK C/S,,5244,Unavailable,39.4,-71.8,E-6B TACAMO,,,,False,mode_s
ae049b,2026-07-21 02:05:02.839575,UNK C/S,61-0313,0143,23000,27.7,47.8,KC-135R Stratotanker,0,434,-64,False,mode_s
ae07f1,2026-07-21 02:05:02.839581,RCH198,96-0007,2000,31000,47.6,-52.1,C-17A Globemaster,,,,False,mode_s
ae210c,2026-07-21 02:05:02.839586,VV166961,166961,0432,Unavailable,35.3,-116.3,F/A-18 Hornet,,,,False,mode_s
ae1197,2026-07-21 02:05:02.839590,MOOSE47,03-3114,7404,31000,37.3,24.3,C-17A Globemaster,,,,False,mode_s
ae062d,2026-07-21 02:05:02.839599,UNK C/S,62-3571,7235,Unavailable,63.5,-92.6,KC-135R Stratotanker,,,,False,mode_s
ae0377,2026-07-21 02:06:03.254850,UNK C/S,62-3502,6742,36000,38.160114,-118.2043,KC-135R Stratotanker,3,497,-36,False,mlat
ae1239,2026-07-21 02:06:03.254876,THBRD14,04-4129,3016,15525,36.808044,-114.11779,C-17A Globemaster,253,405,-2816,False,adsb_icao
ae0802,2026-07-21 02:06:03.254880,RCH262,98-0056,4175,36000,37.068134,-109.524055,C-17A Globemaster,285,458,0,False,mlat
ae2fae,2026-07-21 02:06:03.254884,RCH193,08-8202,4021,37025,40.415192,-104.869751,C-17A Globemaster,95,456,0,False,mlat
ae026d,2026-07-21 02:06:03.254914,UNK C/S,62-3576,3507,27000,30.656977,-82.654846,KC-135R Stratotanker,12,426,0,False,mlat
ae0501,2026-07-21 02:06:03.254920,UNK C/S,59-1504,5735,33000,41.563377,-77.838898,KC-135R Stratotanker,63,507,0,False,mlat
ae05a9,2026-07-21 02:06:03.254927,UNK C/S,63-8015,7277,25175,45.710468,-69.774422,KC-135R Stratotanker,142,490,-2699,False,mlat
ae0687,2026-07-21 02:06:03.254931,RCH284,60-0349,6554,35000,44.363094,-67.341118,KC-135R Stratotanker,78,552,0,False,mlat
ae1179,2026-07-21 02:06:03.254935,RCH213,02-1107,2153,19100,18.35815,-65.410667,C-17A Globemaster,312,422,1184,False,mlat
ae07db,2026-07-21 02:06:03.254938,RCH557,93-0601,1443,31000,45.139671,-63.245216,C-17A Globemaster,76,535,-16,False,mlat
ae1233,2026-07-21 02:06:03.254942,MCFAMC,03-3122,Unavailable,32548,50.578308,-61.814747,C-17A Globemaster,59,,,False,adsc
ae0816,2026-07-21 02:06:03.254950,RCH690,00-0180,3450,35000,53.146362,0.211408,C-17A Globemaster,111,458,0,False,adsb_icao
ae1172,2026-07-21 02:06:03.254954,RCH305,02-1100,0135,27525,51.377151,5.650684,C-17A Globemaster,311,430,512,False,adsb_icao
ae07fa,2026-07-21 02:06:03.254959,RCH899,97-0048,7716,29000,45.856346,21.568518,C-17A Globemaster,141,484,-64,False,mlat
ae146d,2026-07-21 02:06:03.254963,RCH044,07-7175,4675,38000,46.574642,21.569283,C-17A Globemaster,336,444,0,False,mlat
ae07de,2026-07-21 02:06:03.254966,RCH409,93-0604,2647,32000,41.445728,23.766249,C-17A Globemaster,350,498,0,False,mlat
ae1197,2026-07-21 02:06:03.254969,MOOSE47,03-3114,7404,31000,38.76033,25.377434,C-17A Globemaster,159,480,0,False,mlat
ae07e0,2026-07-21 02:06:03.254973,MOOSE45,94-0066,0713,22250,30.797846,35.832775,C-17A Globemaster,200,445,891,False,mlat
800790,2026-07-21 02:06:03.254976,IFC0736,CB-8003,3556,31000,23.06966,61.560314,C-17A Globemaster,90,440,0,False,other
ae87fc,2026-07-21 02:06:03.254989,UNK C/S,,5244,Unavailable,39.4,-71.9,E-6B TACAMO,,,,False,mode_s
ae049b,2026-07-21 02:06:03.254993,UNK C/S,61-0313,0143,23000,27.7,47.8,KC-135R Stratotanker,0,436,-64,False,mode_s
ae07f1,2026-07-21 02:06:03.254997,RCH198,96-0007,2000,31000,47.6,-52.1,C-17A Globemaster,,,,False,mode_s
ae210c,2026-07-21 02:06:03.255001,VV166961,166961,0432,12000,35.6,-116.8,F/A-18 Hornet,,,,False,mode_s
ae0391,2026-07-21 02:06:03.255008,RCH283,63-8039,7306,34950,46.0,-60.6,KC-135R Stratotanker,,,,False,mode_s
ae062d,2026-07-21 02:06:03.255013,UNK C/S,62-3571,7235,37000,63.5,-92.6,KC-135R Stratotanker,,,,False,mode_s
ae0377,2026-07-21 02:07:03.649671,UNK C/S,62-3502,6742,36000,38.291531,-118.194839,KC-135R Stratotanker,2,500,0,False,mlat
ae1239,2026-07-21 02:07:03.649700,THBRD14,04-4129,3016,13600,36.776276,-114.248428,C-17A Globemaster,253,380,-2944,False,adsb_icao
ae0802,2026-07-21 02:07:03.649704,RCH262,98-0056,4175,36000,37.102207,-109.655472,C-17A Globemaster,288,450,0,False,mlat
ae2fae,2026-07-21 02:07:03.649708,RCH193,08-8202,4021,37000,40.411018,-104.704414,C-17A Globemaster,92,457,-51,False,mlat
ae026d,2026-07-21 02:07:03.649738,UNK C/S,62-3576,3507,27000,30.760345,-82.593491,KC-135R Stratotanker,31,412,-25,False,mlat
ae0501,2026-07-21 02:07:03.649745,UNK C/S,59-1504,5735,33000,41.625893,-77.668541,KC-135R Stratotanker,67,505,0,False,mlat
ae05a9,2026-07-21 02:07:03.649753,UNK C/S,63-8015,7277,24050,45.595875,-69.652039,KC-135R Stratotanker,144,437,-1286,False,mlat
ae0687,2026-07-21 02:07:03.649756,RCH284,60-0349,6554,35000,44.392357,-67.149467,KC-135R Stratotanker,78,509,0,False,mlat
ae1179,2026-07-21 02:07:03.649760,RCH213,02-1107,2153,20300,18.437504,-65.50029,C-17A Globemaster,312,426,1184,False,mlat
ae07db,2026-07-21 02:07:03.649764,RCH557,93-0601,1443,31000,45.177086,-63.037964,C-17A Globemaster,76,548,0,False,mlat
ae1233,2026-07-21 02:07:03.649768,MCFAMC,03-3122,Unavailable,32548,50.578308,-61.814747,C-17A Globemaster,59,,,False,adsc
ae0816,2026-07-21 02:07:03.649776,RCH690,00-0180,3450,35000,53.099396,0.406887,C-17A Globemaster,111,458,0,False,adsb_icao
ae1172,2026-07-21 02:07:03.649780,RCH305,02-1100,0135,28225,51.454887,5.50766,C-17A Globemaster,310,428,512,False,adsb_icao
ae146d,2026-07-21 02:07:03.649785,RCH044,07-7175,4675,38000,46.697895,21.480631,C-17A Globemaster,330,438,0,False,mlat
ae07fa,2026-07-21 02:07:03.649789,RCH899,97-0048,7716,29000,45.750431,21.686741,C-17A Globemaster,141,486,0,False,mlat
ae07de,2026-07-21 02:07:03.649792,RCH409,93-0604,2647,32000,41.565132,23.741024,C-17A Globemaster,352,478,0,False,mlat
ae1197,2026-07-21 02:07:03.649795,MOOSE47,03-3114,7404,31000,38.610413,25.442797,C-17A Globemaster,164,454,0,False,mlat
ae07e0,2026-07-21 02:07:03.649799,MOOSE45,94-0066,0713,23200,30.765682,35.771221,C-17A Globemaster,206,445,1084,False,mlat
800790,2026-07-21 02:07:03.649802,IFC0736,CB-8003,3556,31025,23.069962,61.694225,C-17A Globemaster,89,442,0,False,other
ae87fc,2026-07-21 02:07:03.649816,UNK C/S,,5244,Unavailable,39.4,-71.9,E-6B TACAMO,,,,False,mode_s
ae049b,2026-07-21 02:07:03.649820,UNK C/S,61-0313,0143,23000,27.7,47.8,KC-135R Stratotanker,0,438,0,False,mode_s
ae07f1,2026-07-21 02:07:03.649825,RCH198,96-0007,2000,31000,47.6,-52.1,C-17A Globemaster,,,,False,mode_s
ae210c,2026-07-21 02:07:03.649829,VV166961,166961,0432,11600,35.7,-116.8,F/A-18 Hornet,,,,False,mode_s
ae0391,2026-07-21 02:07:03.649836,RCH283,63-8039,7306,34950,45.5,-60.2,KC-135R Stratotanker,,,,False,mode_s
ae062d,2026-07-21 02:07:03.649840,UNK C/S,62-3571,7235,37000,63.5,-92.7,KC-135R Stratotanker,,,,False,mode_s
ae0377,2026-07-21 02:08:04.099287,UNK C/S,62-3502,6742,36000,38.429947,-118.186455,KC-135R Stratotanker,3,494,0,False,mlat
ae1239,2026-07-21 02:08:04.099312,THBRD14,04-4129,3016,12150,36.718079,-114.35038,C-17A Globemaster,229,346,-1792,False,adsb_icao
ae0802,2026-07-21 02:08:04.099316,RCH262,98-0056,4175,36000,37.137665,-109.835808,C-17A Globemaster,284,488,0,False,mlat
ae2fae,2026-07-21 02:08:04.099320,RCH193,08-8202,4021,37025,40.406052,-104.534126,C-17A Globemaster,92,483,75,False,mlat
ae026d,2026-07-21 02:08:04.099375,UNK C/S,62-3576,3507,27000,30.857143,-82.525063,KC-135R Stratotanker,32,441,0,False,mlat
ae0501,2026-07-21 02:08:04.099383,UNK C/S,59-1504,5735,33000,41.683292,-77.497375,KC-135R Stratotanker,64,523,0,False,mlat
ae05a9,2026-07-21 02:08:04.099390,UNK C/S,63-8015,7277,21875,45.490746,-69.539726,KC-135R Stratotanker,143,447,-2204,False,mlat
ae0687,2026-07-21 02:08:04.099393,RCH284,60-0349,6554,35000,44.422611,-66.942184,KC-135R Stratotanker,80,542,0,False,mlat
ae1179,2026-07-21 02:08:04.099396,RCH213,02-1107,2153,21250,18.521505,-65.59436,C-17A Globemaster,312,432,800,False,mlat
ae07db,2026-07-21 02:08:04.099399,RCH557,93-0601,1443,31000,45.211002,-62.833683,C-17A Globemaster,76,550,-1,False,mlat
ae1233,2026-07-21 02:08:04.099403,MCFAMC,03-3122,Unavailable,33020,50.896912,-60.868549,C-17A Globemaster,61,,,False,adsc
ae0816,2026-07-21 02:08:04.099411,RCH690,00-0180,3450,35000,53.051926,0.602493,C-17A Globemaster,111,454,0,False,adsb_icao
ae1172,2026-07-21 02:08:04.099415,RCH305,02-1100,0135,28850,51.532928,5.363332,C-17A Globemaster,310,426,384,False,adsb_icao
ae146d,2026-07-21 02:08:04.099421,RCH044,07-7175,4675,38000,46.782108,21.354948,C-17A Globemaster,310,438,-35,False,mlat
ae07fa,2026-07-21 02:08:04.099424,RCH899,97-0048,7716,29000,45.646179,21.803831,C-17A Globemaster,141,488,-64,False,mlat
ae07de,2026-07-21 02:08:04.099427,RCH409,93-0604,2647,32000,41.69239,23.713793,C-17A Globemaster,350,476,0,False,mlat
ae1197,2026-07-21 02:08:04.099431,MOOSE47,03-3114,7404,31000,38.454372,25.511818,C-17A Globemaster,162,474,0,False,mlat
800790,2026-07-21 02:08:04.099434,IFC0736,CB-8003,3556,31000,23.070099,61.796597,C-17A Globemaster,90,444,0,False,other
ae87fc,2026-07-21 02:08:04.099448,UNK C/S,,5244,Unavailable,39.6,-72.1,E-6B TACAMO,,,,False,mode_s
ae049b,2026-07-21 02:08:04.099451,UNK C/S,61-0313,0143,Unavailable,27.7,47.8,KC-135R Stratotanker,,,,False,mode_s
ae07e0,2026-07-21 02:08:04.099454,MOOSE45,94-0066,0713,23875,32.3,33.2,C-17A Globemaster,,,,False,mode_s
ae07f1,2026-07-21 02:08:04.099459,RCH198,96-0007,2000,31000,47.6,-52.1,C-17A Globemaster,,,,False,mode_s
ae210c,2026-07-21 02:08:04.099462,VV166961,166961,0432,11550,35.7,-116.8,F/A-18 Hornet,,,,False,mode_s
ae058a,2026-07-21 02:08:04.099467,RCH2038,87-0045,0635,2200,49.9,6.0,C-5M Galaxy,45,164,1952,False,mode_s
ae0391,2026-07-21 02:08:04.099473,RCH283,63-8039,7306,34950,45.5,-59.8,KC-135R Stratotanker,,,,False,mode_s
ae062d,2026-07-21 02:08:04.099477,UNK C/S,62-3571,7235,Unavailable,63.5,-92.9,KC-135R Stratotanker,,,,False,mode_s
ae0377,2026-07-21 02:09:04.579037,UNK C/S,62-3502,6742,36000,38.585247,-118.174416,KC-135R Stratotanker,3,500,0,False,mlat
ae1239,2026-07-21 02:09:04.579060,THBRD14,04-4129,3016,11375,36.659561,-114.435059,C-17A Globemaster,229,305,-128,False,adsb_icao
ae0802,2026-07-21 02:09:04.579063,RCH262,98-0056,4175,36025,37.18523,-109.974045,C-17A Globemaster,289,407,61,False,mlat
ae2fae,2026-07-21 02:09:04.579068,RCH193,08-8202,4021,37000,40.39975,-104.364632,C-17A Globemaster,91,442,-76,False,mlat
ae026d,2026-07-21 02:09:04.579090,UNK C/S,62-3576,3507,27025,30.959812,-82.452179,KC-135R Stratotanker,30,421,75,False,mlat
ae0501,2026-07-21 02:09:04.579095,UNK C/S,59-1504,5735,33000,41.741856,-77.326378,KC-135R Stratotanker,61,540,0,False,mlat
ae05a9,2026-07-21 02:09:04.579100,UNK C/S,63-8015,7277,19700,45.399292,-69.443916,KC-135R Stratotanker,144,413,-2081,False,mlat
ae0687,2026-07-21 02:09:04.579103,RCH284,60-0349,6554,35000,44.440723,-66.742111,KC-135R Stratotanker,84,533,0,False,mlat
ae1179,2026-07-21 02:09:04.579107,RCH213,02-1107,2153,22250,18.603525,-65.688942,C-17A Globemaster,312,436,928,False,mlat
ae07db,2026-07-21 02:09:04.579109,RCH557,93-0601,1443,31000,45.248215,-62.615829,C-17A Globemaster,77,559,13,False,mlat
ae1233,2026-07-21 02:09:04.579112,MCFAMC,03-3122,Unavailable,33020,50.896912,-60.868549,C-17A Globemaster,61,,,False,adsc
ae0816,2026-07-21 02:09:04.579118,RCH690,00-0180,3450,35000,53.004272,0.796967,C-17A Globemaster,112,451,0,False,adsb_icao
ae1172,2026-07-21 02:09:04.579122,RCH305,02-1100,0135,29375,51.610603,5.218887,C-17A Globemaster,310,425,576,False,adsb_icao
ae058a,2026-07-21 02:09:04.579125,RCH2038,87-0045,0635,3825,50.034679,6.787262,C-5M Galaxy,14,196,1888,False,mlat
ae146d,2026-07-21 02:09:04.579130,RCH044,07-7175,4675,38000,46.863888,21.224058,C-17A Globemaster,316,430,0,False,mlat
ae07fa,2026-07-21 02:09:04.579132,RCH899,97-0048,7716,29000,45.53738,21.923626,C-17A Globemaster,141,490,-64,False,mlat
ae07de,2026-07-21 02:09:04.579135,RCH409,93-0604,2647,32000,41.847172,23.680727,C-17A Globemaster,352,493,1,False,mlat
ae1197,2026-07-21 02:09:04.579138,MOOSE47,03-3114,7404,31000,38.322861,25.570648,C-17A Globemaster,160,466,0,False,mlat
800790,2026-07-21 02:09:04.579141,IFC0736,CB-8003,3556,31025,23.070145,61.920643,C-17A Globemaster,90,446,64,False,other
ae87fc,2026-07-21 02:09:04.579152,UNK C/S,,5244,Unavailable,39.6,-72.1,E-6B TACAMO,,,,False,mode_s
ae049b,2026-07-21 02:09:04.579155,UNK C/S,61-0313,0143,Unavailable,27.7,47.8,KC-135R Stratotanker,,,0,False,mode_s
ae07e0,2026-07-21 02:09:04.579158,MOOSE45,94-0066,0713,24550,32.7,33.0,C-17A Globemaster,,,,False,mode_s
ae210c,2026-07-21 02:09:04.579162,VV166961,166961,0432,Unavailable,35.4,-116.4,F/A-18 Hornet,,,,False,mode_s
ae0391,2026-07-21 02:09:04.579168,RCH283,63-8039,7306,34950,45.9,-59.8,KC-135R Stratotanker,,,,False,mode_s
ae062d,2026-07-21 02:09:04.579172,UNK C/S,62-3571,7235,Unavailable,63.5,-92.9,KC-135R Stratotanker,,,,False,mode_s
ae0377,2026-07-21 02:10:05.083559,UNK C/S,62-3502,6742,36000,38.710838,-118.165993,KC-135R Stratotanker,2,503,0,False,mlat
ae1239,2026-07-21 02:10:05.083585,THBRD14,04-4129,3016,10250,36.60553,-114.512733,C-17A Globemaster,229,290,-1152,False,adsb_icao
ae0802,2026-07-21 02:10:05.083590,RCH262,98-0056,4175,36050,37.182484,-110.066978,C-17A Globemaster,283,389,51,False,mlat
ae2fae,2026-07-21 02:10:05.083594,RCH193,08-8202,4021,37000,40.39262,-104.205513,C-17A Globemaster,89,435,-75,False,mlat
ae0583,2026-07-21 02:10:05.083602,CHILI85,87-0038,0352,1850,29.373125,-98.5839,C-5M Galaxy,,,1825,False,mlat
ae026d,2026-07-21 02:10:05.083626,UNK C/S,62-3576,3507,28475,31.060455,-82.391953,KC-135R Stratotanker,23,435,1349,False,mlat
ae0501,2026-07-21 02:10:05.083632,UNK C/S,59-1504,5735,33000,41.804676,-77.156799,KC-135R Stratotanker,64,535,0,False,mlat
ae05a9,2026-07-21 02:10:05.083644,UNK C/S,63-8015,7277,17650,45.310081,-69.349922,KC-135R Stratotanker,146,396,-2165,False,mlat
ae0687,2026-07-21 02:10:05.083647,RCH284,60-0349,6554,35000,44.461807,-66.532181,KC-135R Stratotanker,83,535,0,False,mlat
ae1179,2026-07-21 02:10:05.083650,RCH213,02-1107,2153,23200,18.684645,-65.779198,C-17A Globemaster,312,440,992,False,mlat
ae07db,2026-07-21 02:10:05.083653,RCH557,93-0601,1443,31000,45.284508,-62.395283,C-17A Globemaster,77,555,39,False,mlat
ae1233,2026-07-21 02:10:05.083656,MCFAMC,03-3122,Unavailable,33020,50.896912,-60.868549,C-17A Globemaster,61,,,False,adsc
ae0816,2026-07-21 02:10:05.083663,RCH690,00-0180,3450,35000,52.956429,0.991045,C-17A Globemaster,112,455,-64,False,adsb_icao
ae1172,2026-07-21 02:10:05.083667,RCH305,02-1100,0135,29875,51.688206,5.0737,C-17A Globemaster,310,425,512,False,adsb_icao
ae058a,2026-07-21 02:10:05.083670,RCH2038,87-0045,0635,5950,50.067135,6.718876,C-5M Galaxy,279,228,2592,False,mlat
ae146d,2026-07-21 02:10:05.083675,RCH044,07-7175,4675,38000,46.94183,21.091064,C-17A Globemaster,307,454,0,False,mlat
ae07fa,2026-07-21 02:10:05.083678,RCH899,97-0048,7716,29000,45.439205,22.034922,C-17A Globemaster,142,488,-64,False,mlat
ae07de,2026-07-21 02:10:05.083681,RCH409,93-0604,2647,32000,41.973816,23.650221,C-17A Globemaster,349,488,0,False,mlat
ae1197,2026-07-21 02:10:05.083684,MOOSE47,03-3114,7404,31000,38.207516,25.614252,C-17A Globemaster,166,450,0,False,mlat
800790,2026-07-21 02:10:05.083688,IFC0736,CB-8003,3556,31025,23.070007,62.101566,C-17A Globemaster,90,443,-128,False,other
ae87fc,2026-07-21 02:10:05.083700,UNK C/S,,5244,Unavailable,40.0,-72.6,E-6B TACAMO,,,,False,mode_s
ae049b,2026-07-21 02:10:05.083703,UNK C/S,61-0313,0143,23000,27.7,47.8,KC-135R Stratotanker,,,,False,mode_s
ae07e0,2026-07-21 02:10:05.083707,MOOSE45,94-0066,0713,25275,32.5,33.8,C-17A Globemaster,,,,False,mode_s
ae210c,2026-07-21 02:10:05.083711,VV166961,166961,0432,Unavailable,35.7,-117.0,F/A-18 Hornet,,,,False,mode_s
ae0391,2026-07-21 02:10:05.083717,RCH283,63-8039,7306,34950,45.8,-59.8,KC-135R Stratotanker,,,,False,mode_s
ae0377,2026-07-21 02:11:05.497400,UNK C/S,62-3502,6742,36000,38.860828,-118.155167,KC-135R Stratotanker,3,499,4,False,mlat
ae1239,2026-07-21 02:11:05.497426,THBRD14,04-4129,3016,9200,36.552429,-114.588493,C-17A Globemaster,228,287,-1536,False,adsb_icao
ae0802,2026-07-21 02:11:05.497430,RCH262,98-0056,4175,36050,37.216576,-110.246315,C-17A Globemaster,,,52,False,mlat
ae2fae,2026-07-21 02:11:05.497435,RCH193,08-8202,4021,37025,40.387409,-104.024124,C-17A Globemaster,91,526,0,False,mlat
ae0583,2026-07-21 02:11:05.497442,CHILI85,87-0038,0352,3000,29.338591,-98.613541,C-5M Galaxy,255,228,1222,False,mlat
ae026d,2026-07-21 02:11:05.497467,UNK C/S,62-3576,3507,30900,31.174606,-82.327606,KC-135R Stratotanker,27,440,2712,False,mlat
ae0501,2026-07-21 02:11:05.497474,UNK C/S,59-1504,5735,33000,41.867947,-76.974648,KC-135R Stratotanker,62,527,0,False,mlat
ae05a9,2026-07-21 02:11:05.497481,UNK C/S,63-8015,7277,15575,45.222694,-69.24395,KC-135R Stratotanker,131,406,-2020,False,mlat
ae0687,2026-07-21 02:11:05.497484,RCH284,60-0349,6554,35000,44.481556,-66.312401,KC-135R Stratotanker,83,531,0,False,mlat
ae1179,2026-07-21 02:11:05.497488,RCH213,02-1107,2153,24050,18.766836,-65.873436,C-17A Globemaster,312,446,832,False,mlat
ae07db,2026-07-21 02:11:05.497491,RCH557,93-0601,1443,31000,45.318233,-62.187881,C-17A Globemaster,77,551,0,False,mlat
ae1233,2026-07-21 02:11:05.497494,MCFAMC,03-3122,Unavailable,33020,50.896912,-60.868549,C-17A Globemaster,61,,,False,adsc
ae0816,2026-07-21 02:11:05.497501,RCH690,00-0180,3450,35000,52.907913,1.185684,C-17A Globemaster,112,456,-128,False,adsb_icao
ae1172,2026-07-21 02:11:05.497504,RCH305,02-1100,0135,30350,51.765064,4.928894,C-17A Globemaster,310,425,448,False,adsb_icao
ae058a,2026-07-21 02:11:05.497508,RCH2038,87-0045,0635,7650,50.079411,6.613117,C-5M Galaxy,279,270,1024,False,mlat
ae146d,2026-07-21 02:11:05.497512,RCH044,07-7175,4675,38000,47.024506,20.956028,C-17A Globemaster,311,419,0,False,mlat
ae07fa,2026-07-21 02:11:05.497515,RCH899,97-0048,7716,29000,45.334591,22.150534,C-17A Globemaster,142,488,-64,False,mlat
ae07de,2026-07-21 02:11:05.497518,RCH409,93-0604,2647,32025,42.093464,23.629145,C-17A Globemaster,351,488,-11,False,mlat
800790,2026-07-21 02:11:05.497522,IFC0736,CB-8003,3556,31000,23.069916,62.154354,C-17A Globemaster,91,447,64,False,other
ae87fc,2026-07-21 02:11:05.497533,UNK C/S,,5244,Unavailable,40.1,-72.7,E-6B TACAMO,,,,False,mode_s
ae07e0,2026-07-21 02:11:05.497537,MOOSE45,94-0066,0713,26125,32.4,33.9,C-17A Globemaster,,,,False,mode_s
ae210c,2026-07-21 02:11:05.497542,VV166961,166961,0432,Unavailable,35.6,-116.8,F/A-18 Hornet,,,,False,mode_s
ae1197,2026-07-21 02:11:05.497545,MOOSE47,03-3114,7404,31000,37.2,25.1,C-17A Globemaster,,,,False,mode_s
ae0391,2026-07-21 02:11:05.497550,RCH283,63-8039,7306,34950,45.9,-59.8,KC-135R Stratotanker,,,,False,mode_s
ae0377,2026-07-21 02:12:05.908818,UNK C/S,62-3502,6742,36000,38.991947,-118.146309,KC-135R Stratotanker,3,506,0,False,mlat
ae1239,2026-07-21 02:12:05.908844,THBRD14,04-4129,3016,9150,36.500027,-114.663139,C-17A Globemaster,229,282,-768,False,adsb_icao
ae0802,2026-07-21 02:12:05.908849,RCH262,98-0056,4175,36050,37.24411,-110.389229,C-17A Globemaster,,,71,False,mlat
ae2fae,2026-07-21 02:12:05.908855,RCH193,08-8202,4021,37025,40.380054,-103.848312,C-17A Globemaster,94,474,70,False,mlat
ae0583,2026-07-21 02:12:05.908863,CHILI85,87-0038,0352,3975,29.31015,-98.682701,C-5M Galaxy,237,266,505,False,mlat
ae026d,2026-07-21 02:12:05.908889,UNK C/S,62-3576,3507,31000,31.283623,-82.277443,KC-135R Stratotanker,21,432,0,False,mlat
ae0501,2026-07-21 02:12:05.908897,UNK C/S,59-1504,5735,33000,41.927349,-76.804497,KC-135R Stratotanker,66,505,0,False,mlat
ae05a9,2026-07-21 02:12:05.908904,UNK C/S,63-8015,7277,13000,45.145603,-69.131172,KC-135R Stratotanker,134,389,-2422,False,mlat
ae0687,2026-07-21 02:12:05.908908,RCH284,60-0349,6554,35000,44.500881,-66.101189,KC-135R Stratotanker,84,539,0,False,mlat
ae1179,2026-07-21 02:12:05.908911,RCH213,02-1107,2153,24625,18.858156,-65.976227,C-17A Globemaster,312,454,960,False,mlat
ae07db,2026-07-21 02:12:05.908913,RCH557,93-0601,1443,31000,45.354073,-61.974991,C-17A Globemaster,78,572,0,False,mlat
ae1233,2026-07-21 02:12:05.908917,MCFAMC,03-3122,Unavailable,33016,51.125736,-60.166626,C-17A Globemaster,62,,,False,adsc
ae0816,2026-07-21 02:12:05.908926,RCH690,00-0180,3450,35000,52.859024,1.380234,C-17A Globemaster,112,455,32,False,adsb_icao
ae1172,2026-07-21 02:12:05.908930,RCH305,02-1100,0135,30750,51.842575,4.782257,C-17A Globemaster,310,425,448,False,adsb_icao
ae058a,2026-07-21 02:12:05.908933,RCH2038,87-0045,0635,9775,50.121517,6.521752,C-5M Galaxy,331,274,2176,False,mlat
ae146d,2026-07-21 02:12:05.908939,RCH044,07-7175,4675,38000,47.103397,20.823456,C-17A Globemaster,312,433,0,False,mlat
ae07fa,2026-07-21 02:12:05.908942,RCH899,97-0048,7716,29000,45.236176,22.258232,C-17A Globemaster,142,486,-64,False,mlat
ae07de,2026-07-21 02:12:05.908945,RCH409,93-0604,2647,32000,42.24324,23.595503,C-17A Globemaster,351,476,52,False,mlat
ae1197,2026-07-21 02:12:05.908948,MOOSE47,03-3114,7404,31000,37.978786,25.716269,C-17A Globemaster,160,445,0,False,mlat
800790,2026-07-21 02:12:05.908952,IFC0736,CB-8003,3556,31000,23.069458,62.366238,C-17A Globemaster,91,447,64,False,other
ae87fc,2026-07-21 02:12:05.908966,UNK C/S,,5244,Unavailable,39.6,-72.3,E-6B TACAMO,,,,False,mode_s
ae07e0,2026-07-21 02:12:05.908969,MOOSE45,94-0066,0713,27275,32.3,33.9,C-17A Globemaster,,,,False,mode_s
ae210c,2026-07-21 02:12:05.908973,VV166961,166961,0432,Unavailable,35.8,-116.8,F/A-18 Hornet,,,,False,mode_s
ae0391,2026-07-21 02:12:05.908979,RCH283,63-8039,7306,34950,45.9,-59.8,KC-135R Stratotanker,,,,False,mode_s
ae0377,2026-07-21 02:13:06.329780,UNK C/S,62-3502,6742,36000,39.130177,-118.135979,KC-135R Stratotanker,3,498,0,False,mlat
ae1239,2026-07-21 02:13:06.329806,THBRD14,04-4129,3016,8275,36.447281,-114.738235,C-17A Globemaster,229,283,-64,False,adsb_icao
ae2fae,2026-07-21 02:13:06.329811,RCH193,08-8202,4021,37025,40.372105,-103.680779,C-17A Globemaster,96,475,74,False,mlat
ae0583,2026-07-21 02:13:06.329818,CHILI85,87-0038,0352,3950,29.29314,-98.753876,C-5M Galaxy,257,220,-68,False,mlat
ae026d,2026-07-21 02:13:06.329844,UNK C/S,62-3576,3507,31000,31.392303,-82.230247,KC-135R Stratotanker,22,429,0,False,mlat
ae0501,2026-07-21 02:13:06.329850,UNK C/S,59-1504,5735,33000,41.990768,-76.631134,KC-135R Stratotanker,66,525,0,False,mlat
ae05a9,2026-07-21 02:13:06.329857,UNK C/S,63-8015,7277,11100,45.071064,-69.020576,KC-135R Stratotanker,134,410,-1922,False,mlat
ae1179,2026-07-21 02:13:06.329860,RCH213,02-1107,2153,25625,18.945358,-66.077103,C-17A Globemaster,312,454,1024,False,mlat
ae0687,2026-07-21 02:13:06.329864,RCH284,60-0349,6554,35000,44.519913,-65.890221,KC-135R Stratotanker,82,557,0,False,mlat
ae07db,2026-07-21 02:13:06.329867,RCH557,93-0601,1443,31000,45.389355,-61.739269,C-17A Globemaster,78,572,5,False,mlat
ae1233,2026-07-21 02:13:06.329870,MCFAMC,03-3122,Unavailable,33016,51.125736,-60.166626,C-17A Globemaster,62,,,False,adsc
ae0816,2026-07-21 02:13:06.329878,RCH690,00-0180,3450,35000,52.80965,1.574812,C-17A Globemaster,112,456,32,False,adsb_icao
ae1172,2026-07-21 02:13:06.329882,RCH305,02-1100,0135,31425,51.918503,4.637756,C-17A Globemaster,310,417,256,False,adsb_icao
ae058a,2026-07-21 02:13:06.329885,RCH2038,87-0045,0635,12000,50.190868,6.471386,C-5M Galaxy,357,290,1952,False,mlat
ae146d,2026-07-21 02:13:06.329892,RCH044,07-7175,4675,38000,47.180599,20.684128,C-17A Globemaster,307,467,0,False,mlat
ae07fa,2026-07-21 02:13:06.329895,RCH899,97-0048,7716,29000,45.145386,22.356073,C-17A Globemaster,142,484,-64,False,mlat
ae07de,2026-07-21 02:13:06.329897,RCH409,93-0604,2647,32025,42.383831,23.569641,C-17A Globemaster,352,491,0,False,mlat
ae1197,2026-07-21 02:13:06.329900,MOOSE47,03-3114,7404,31000,37.923279,25.74033,C-17A Globemaster,160,452,0,False,mlat
800790,2026-07-21 02:13:06.329904,IFC0736,CB-8003,3556,31000,23.069101,62.502594,C-17A Globemaster,90,447,0,False,other
ae87fc,2026-07-21 02:13:06.329918,UNK C/S,,5244,Unavailable,39.3,-72.1,E-6B TACAMO,,,,False,mode_s
ae07e0,2026-07-21 02:13:06.329922,MOOSE45,94-0066,0713,28725,32.6,33.3,C-17A Globemaster,,,,False,mode_s
ae023c,2026-07-21 02:13:06.329925,UNK C/S,63-8888,Unavailable,Unavailable,23.9,52.7,KC-135R Stratotanker,,,,False,mode_s
ae210c,2026-07-21 02:13:06.329929,VV166961,166961,0432,Unavailable,35.7,-116.7,F/A-18 Hornet,,,,False,mode_s
ae0391,2026-07-21 02:13:06.329937,RCH283,63-8039,7306,34950,45.8,-59.7,KC-135R Stratotanker,,,,False,mode_s
ae0802,2026-07-21 02:13:06.329941,RCH262,98-0056,4175,36050,36.9,-109.2,C-17A Globemaster,,,,False,mode_s
ae0377,2026-07-21 02:14:06.756971,UNK C/S,62-3502,6742,36000,39.281734,-118.123337,KC-135R Stratotanker,3,507,0,False,mlat
ae1239,2026-07-21 02:14:06.756996,THBRD14,04-4129,3016,6650,36.401104,-114.808937,C-17A Globemaster,242,255,-1792,False,adsb_icao
ae2fae,2026-07-21 02:14:06.757001,RCH193,08-8202,4021,37000,40.367413,-103.511314,C-17A Globemaster,90,470,-36,False,mlat
ae0583,2026-07-21 02:14:06.757008,CHILI85,87-0038,0352,4000,29.350851,-98.77607,C-5M Galaxy,3,256,-32,False,mlat
ae026d,2026-07-21 02:14:06.757032,UNK C/S,62-3576,3507,31000,31.502781,-82.181908,KC-135R Stratotanker,19,406,-53,False,mlat
ae0501,2026-07-21 02:14:06.757039,UNK C/S,59-1504,5735,33025,42.035908,-76.45153,KC-135R Stratotanker,75,540,75,False,mlat
ae05a9,2026-07-21 02:14:06.757044,UNK C/S,63-8015,7277,9700,45.004356,-68.921555,KC-135R Stratotanker,133,292,-1420,False,mlat
ae1179,2026-07-21 02:14:06.757048,RCH213,02-1107,2153,26700,19.031342,-66.173752,C-17A Globemaster,312,450,992,False,mlat
ae0687,2026-07-21 02:14:06.757051,RCH284,60-0349,6554,35000,44.538124,-65.686317,KC-135R Stratotanker,83,574,0,False,mlat
ae07db,2026-07-21 02:14:06.757054,RCH557,93-0601,1443,31000,45.423286,-61.532646,C-17A Globemaster,78,567,0,False,mlat
ae1233,2026-07-21 02:14:06.757058,MCFAMC,03-3122,Unavailable,33016,51.125736,-60.166626,C-17A Globemaster,62,,,False,adsc
ae07f1,2026-07-21 02:14:06.757062,MCFAMC,96-0007,2000,Unavailable,47.449093,-48.735008,C-17A Globemaster,72,,,False,adsc
ae0816,2026-07-21 02:14:06.757070,RCH690,00-0180,3450,35000,52.760696,1.76651,C-17A Globemaster,112,454,-64,False,adsb_icao
ae1172,2026-07-21 02:14:06.757073,RCH305,02-1100,0135,31650,51.993637,4.493565,C-17A Globemaster,310,421,256,False,adsb_icao
ae058a,2026-07-21 02:14:06.757077,RCH2038,87-0045,0635,13000,50.27655,6.495139,C-5M Galaxy,8,344,320,False,mlat
ae146d,2026-07-21 02:14:06.757082,RCH044,07-7175,4675,38000,47.262341,20.555901,C-17A Globemaster,312,426,0,False,mlat
ae07fa,2026-07-21 02:14:06.757085,RCH899,97-0048,7716,29000,44.996864,22.518353,C-17A Globemaster,142,484,0,False,mlat
ae07de,2026-07-21 02:14:06.757088,RCH409,93-0604,2647,32000,42.520798,23.536198,C-17A Globemaster,350,498,0,False,mlat
ae1197,2026-07-21 02:14:06.757091,MOOSE47,03-3114,7404,31000,37.758984,25.808277,C-17A Globemaster,164,455,0,False,mlat
800790,2026-07-21 02:14:06.757095,IFC0736,CB-8003,3556,31000,23.068542,62.638092,C-17A Globemaster,90,450,0,False,other
ae87fc,2026-07-21 02:14:06.757109,UNK C/S,,5244,Unavailable,39.5,-72.3,E-6B TACAMO,,,,False,mode_s
ae07e0,2026-07-21 02:14:06.757112,MOOSE45,94-0066,0713,29725,32.7,33.3,C-17A Globemaster,,,,False,mode_s
ae023c,2026-07-21 02:14:06.757121,UNK C/S,63-8888,3605,Unavailable,23.2,53.5,KC-135R Stratotanker,,,,False,mode_s
ae210c,2026-07-21 02:14:06.757125,VV166961,166961,0432,Unavailable,35.9,-116.9,F/A-18 Hornet,,,,False,mode_s
ae0391,2026-07-21 02:14:06.757132,RCH283,63-8039,7306,34950,46.1,-59.8,KC-135R Stratotanker,,,,False,mode_s
ae0802,2026-07-21 02:14:06.757136,RCH262,98-0056,4175,36050,37.4,-109.2,C-17A Globemaster,,,,False,mode_s
ae0377,2026-07-21 02:15:07.221933,UNK C/S,62-3502,6742,36000,39.419609,-118.115326,KC-135R Stratotanker,2,519,0,False,mlat
ae1239,2026-07-21 02:15:07.221956,THBRD14,04-4129,3016,5000,36.367821,-114.882805,C-17A Globemaster,234,224,-1600,False,adsb_icao
ae2fae,2026-07-21 02:15:07.221962,RCH193,08-8202,4021,37000,40.36269,-103.328461,C-17A Globemaster,92,493,-74,False,mlat
ae0583,2026-07-21 02:15:07.221971,CHILI85,87-0038,0352,4000,29.41153,-98.783607,C-5M Galaxy,355,225,61,False,mlat
ae026d,2026-07-21 02:15:07.221998,UNK C/S,62-3576,3507,31000,31.614288,-82.18644,KC-135R Stratotanker,354,398,-42,False,mlat
ae0501,2026-07-21 02:15:07.222005,UNK C/S,59-1504,5735,33000,42.0564,-76.263824,KC-135R Stratotanker,87,527,-49,False,mlat
ae05a9,2026-07-21 02:15:07.222011,UNK C/S,63-8015,7277,7125,44.947155,-68.83728,KC-135R Stratotanker,134,296,-2442,False,mlat
ae1179,2026-07-21 02:15:07.222016,RCH213,02-1107,2153,27800,19.117428,-66.271622,C-17A Globemaster,312,446,1056,False,mlat
ae0687,2026-07-21 02:15:07.222019,RCH284,60-0349,6554,35000,44.556011,-65.469147,KC-135R Stratotanker,82,589,0,False,mlat
ae07db,2026-07-21 02:15:07.222022,RCH557,93-0601,1443,31000,45.462494,-61.304844,C-17A Globemaster,77,575,0,False,mlat
ae1233,2026-07-21 02:15:07.222025,MCFAMC,03-3122,Unavailable,33016,51.125736,-60.166626,C-17A Globemaster,62,,,False,adsc
ae07f1,2026-07-21 02:15:07.222029,MCFAMC,96-0007,2000,Unavailable,47.449093,-48.735008,C-17A Globemaster,72,,,False,adsc
ae0816,2026-07-21 02:15:07.222037,RCH690,00-0180,3450,35000,52.710728,1.960196,C-17A Globemaster,113,457,-64,False,adsb_icao
ae1172,2026-07-21 02:15:07.222041,RCH305,02-1100,0135,31975,52.069378,4.347996,C-17A Globemaster,309,418,64,False,adsb_icao
ae058a,2026-07-21 02:15:07.222043,RCH2038,87-0045,0635,14800,50.374382,6.510131,C-5M Galaxy,0,364,2272,False,mlat
ae146d,2026-07-21 02:15:07.222049,RCH044,07-7175,4675,38000,47.338188,20.425297,C-17A Globemaster,313,412,0,False,mlat
ae07fa,2026-07-21 02:15:07.222052,RCH899,97-0048,7716,29000,44.895573,22.628426,C-17A Globemaster,142,484,0,False,mlat
ae07de,2026-07-21 02:15:07.222055,RCH409,93-0604,2647,32000,42.654293,23.508286,C-17A Globemaster,351,478,0,False,mlat
ae1197,2026-07-21 02:15:07.222059,MOOSE47,03-3114,7404,31000,37.603825,25.874619,C-17A Globemaster,161,442,0,False,mlat
800790,2026-07-21 02:15:07.222062,IFC0736,CB-8003,3556,31000,23.067938,62.766979,C-17A Globemaster,90,450,0,False,other
ae87fc,2026-07-21 02:15:07.222073,UNK C/S,,5244,Unavailable,39.5,-72.2,E-6B TACAMO,,,,False,mode_s
ae07e0,2026-07-21 02:15:07.222078,MOOSE45,94-0066,0713,30000,32.5,33.2,C-17A Globemaster,,,,False,mode_s
ae023c,2026-07-21 02:15:07.222082,UNK C/S,63-8888,3605,20475,22.9,53.9,KC-135R Stratotanker,,,,False,mode_s
ae210c,2026-07-21 02:15:07.222086,VV166961,166961,0432,Unavailable,36.0,-116.9,F/A-18 Hornet,,,,False,mode_s
ae0391,2026-07-21 02:15:07.222092,RCH283,63-8039,7306,34950,46.4,-59.8,KC-135R Stratotanker,,,,False,mode_s
ae0802,2026-07-21 02:15:07.222097,RCH262,98-0056,4175,36050,37.7,-109.2,C-17A Globemaster,,,,False,mode_s
ae0377,2026-07-21 02:16:07.694579,UNK C/S,62-3502,6742,36025,39.556435,-118.103882,KC-135R Stratotanker,2,495,76,False,mlat
ae1239,2026-07-21 02:16:07.694606,THBRD14,04-4129,3016,4025,36.328491,-114.931236,C-17A Globemaster,221,179,-1600,False,adsb_icao
ae2fae,2026-07-21 02:16:07.694613,RCH193,08-8202,4021,37025,40.351677,-103.202614,C-17A Globemaster,94,467,-52,False,mlat
ae0583,2026-07-21 02:16:07.694622,CHILI85,87-0038,0352,4000,29.476559,-98.792725,C-5M Galaxy,351,218,47,False,mlat
ae026d,2026-07-21 02:16:07.694648,UNK C/S,62-3576,3507,31025,31.722715,-82.189232,KC-135R Stratotanker,11,367,-15,False,mlat
ae0501,2026-07-21 02:16:07.694655,UNK C/S,59-1504,5735,33025,42.072433,-76.059845,KC-135R Stratotanker,85,545,67,False,mlat
ae05a9,2026-07-21 02:16:07.694661,UNK C/S,63-8015,7277,5375,44.893795,-68.752014,KC-135R Stratotanker,132,264,-1416,False,mlat
ae1179,2026-07-21 02:16:07.694665,RCH213,02-1107,2153,28875,19.194738,-66.362068,C-17A Globemaster,312,440,832,False,mlat
ae0687,2026-07-21 02:16:07.694668,RCH284,60-0349,6554,35000,44.574062,-65.249573,KC-135R Stratotanker,82,575,2,False,mlat
ae07db,2026-07-21 02:16:07.694671,RCH557,93-0601,1443,31000,45.476315,-61.110607,C-17A Globemaster,80,576,0,False,mlat
ae1233,2026-07-21 02:16:07.694674,MCFAMC,03-3122,Unavailable,33016,51.125736,-60.166626,C-17A Globemaster,62,,,False,adsc
ae07f1,2026-07-21 02:16:07.694678,MCFAMC,96-0007,2000,Unavailable,47.449093,-48.735008,C-17A Globemaster,72,,,False,adsc
ae0816,2026-07-21 02:16:07.694686,RCH690,00-0180,3450,35000,52.660904,2.151642,C-17A Globemaster,113,454,-64,False,adsb_icao
ae1172,2026-07-21 02:16:07.694690,RCH305,02-1100,0135,32000,52.143585,4.203491,C-17A Globemaster,310,416,-64,False,adsb_icao
ae058a,2026-07-21 02:16:07.694693,RCH2038,87-0045,0635,16700,50.477772,6.504556,C-5M Galaxy,357,378,1632,False,mlat
ae146d,2026-07-21 02:16:07.694699,RCH044,07-7175,4675,38000,47.417046,20.297085,C-17A Globemaster,312,417,0,False,mlat
ae07fa,2026-07-21 02:16:07.694703,RCH899,97-0048,7716,29000,44.789387,22.740992,C-17A Globemaster,142,490,160,False,mlat
ae07de,2026-07-21 02:16:07.694706,RCH409,93-0604,2647,32000,42.783447,23.481218,C-17A Globemaster,351,483,0,False,mlat
ae1197,2026-07-21 02:16:07.694709,MOOSE47,03-3114,7404,31000,37.49424,25.920462,C-17A Globemaster,162,467,0,False,mlat
800790,2026-07-21 02:16:07.694712,IFC0736,CB-8003,3556,31000,23.067192,62.907001,C-17A Globemaster,91,450,-64,False,other
ae87fc,2026-07-21 02:16:07.694724,UNK C/S,,5244,Unavailable,39.5,-72.4,E-6B TACAMO,,,,False,mode_s
ae07e0,2026-07-21 02:16:07.694729,MOOSE45,94-0066,0713,30000,32.6,33.8,C-17A Globemaster,,,,False,mode_s
ae023c,2026-07-21 02:16:07.694733,UNK C/S,63-8888,3605,20475,23.4,53.3,KC-135R Stratotanker,,,,False,mode_s
ae0391,2026-07-21 02:16:07.694739,RCH283,63-8039,7306,34950,47.1,-59.9,KC-135R Stratotanker,,,,False,mode_s
ae0802,2026-07-21 02:16:07.694743,RCH262,98-0056,4175,36025,37.4,-110.4,C-17A Globemaster,,,,False,mode_s
ae0377,2026-07-21 02:17:08.194601,UNK C/S,62-3502,6742,36000,39.705082,-118.092445,KC-135R Stratotanker,4,498,0,False,mlat
ae1239,2026-07-21 02:17:08.194628,THBRD14,04-4129,3016,3275,36.293701,-114.969917,C-17A Globemaster,221,137,-1152,False,adsb_icao
ae2fae,2026-07-21 02:17:08.194634,RCH193,08-8202,4021,37025,40.34454,-103.030045,C-17A Globemaster,92,478,75,False,mlat
ae0583,2026-07-21 02:17:08.194644,CHILI85,87-0038,0352,3775,29.530107,-98.769157,C-5M Galaxy,40,225,-371,False,mlat
ae026d,2026-07-21 02:17:08.194666,UNK C/S,62-3576,3507,31000,31.792879,-82.094658,KC-135R Stratotanker,69,411,0,False,mlat
ae0501,2026-07-21 02:17:08.194674,UNK C/S,59-1504,5735,33000,42.087395,-75.868584,KC-135R Stratotanker,81,526,0,False,mlat
ae05a9,2026-07-21 02:17:08.194680,UNK C/S,63-8015,7277,4650,44.846287,-68.675232,KC-135R Stratotanker,131,249,-832,False,mlat
ae1179,2026-07-21 02:17:08.194683,RCH213,02-1107,2153,29900,19.28208,-66.461983,C-17A Globemaster,312,436,1024,False,mlat
ae0687,2026-07-21 02:17:08.194686,RCH284,60-0349,6554,35000,44.592667,-65.026276,KC-135R Stratotanker,82,559,0,False,mlat
ae1233,2026-07-21 02:17:08.194689,MCFAMC,03-3122,Unavailable,33016,51.125736,-60.166626,C-17A Globemaster,62,,,False,adsc
ae07f1,2026-07-21 02:17:08.194693,MCFAMC,96-0007,2000,Unavailable,47.449093,-48.735008,C-17A Globemaster,72,,,False,adsc
ae0816,2026-07-21 02:17:08.194702,RCH690,00-0180,3450,35000,52.61055,2.343521,C-17A Globemaster,113,455,-32,False,adsb_icao
ae1172,2026-07-21 02:17:08.194705,RCH305,02-1100,0135,32000,52.21909,4.056937,C-17A Globemaster,309,423,-64,False,adsb_icao
ae058a,2026-07-21 02:17:08.194709,RCH2038,87-0045,0635,18725,50.583561,6.498471,C-5M Galaxy,358,384,1824,False,mlat
ae146d,2026-07-21 02:17:08.194715,RCH044,07-7175,4675,38000,47.490475,20.164438,C-17A Globemaster,309,427,0,False,mlat
ae07fa,2026-07-21 02:17:08.194718,RCH899,97-0048,7716,29000,44.678837,22.86113,C-17A Globemaster,142,488,-128,False,mlat
ae07de,2026-07-21 02:17:08.194721,RCH409,93-0604,2647,32000,42.912468,23.453575,C-17A Globemaster,351,472,0,False,mlat
800790,2026-07-21 02:17:08.194726,IFC0736,CB-8003,3556,31025,23.066208,63.04829,C-17A Globemaster,91,452,0,False,other
ae87fc,2026-07-21 02:17:08.194737,UNK C/S,,5244,Unavailable,39.7,-72.6,E-6B TACAMO,,,,False,mode_s
ae07e0,2026-07-21 02:17:08.194741,MOOSE45,94-0066,0713,30000,32.8,33.7,C-17A Globemaster,,,,False,mode_s
ae023c,2026-07-21 02:17:08.194745,UNK C/S,63-8888,0147,Unavailable,23.3,53.5,KC-135R Stratotanker,,,,False,mode_s
ae07db,2026-07-21 02:17:08.194748,RCH557,93-0601,1443,31000,45.9,-59.9,C-17A Globemaster,,,,False,mode_s
ae210c,2026-07-21 02:17:08.194752,VV166961,166961,0432,Unavailable,36.0,-116.8,F/A-18 Hornet,,,,False,mode_s
ae1197,2026-07-21 02:17:08.194755,MOOSE47,03-3114,7404,31000,37.1,24.7,C-17A Globemaster,,,,False,mode_s
ae0391,2026-07-21 02:17:08.194760,RCH283,63-8039,7306,34950,46.4,-59.8,KC-135R Stratotanker,,,,False,mode_s
ae0802,2026-07-21 02:17:08.194765,RCH262,98-0056,4175,36025,37.0,-110.2,C-17A Globemaster,,,,False,mode_s
ae08cf,2026-07-21 02:18:08.649023,WOLF01,00-0185,4206,75,61.25116,-149.814178,C-17A Globemaster,80,135,832,False,adsb_icao
ae0377,2026-07-21 02:18:08.649048,UNK C/S,62-3502,6742,36000,39.842934,-118.082558,KC-135R Stratotanker,4,510,0,False,mlat
ae1239,2026-07-21 02:18:08.649057,THBRD14,04-4129,3016,2525,36.264999,-115.000938,C-17A Globemaster,222,135,-1600,False,adsb_icao
ae2fae,2026-07-21 02:18:08.649062,RCH193,08-8202,4021,37000,40.332756,-102.872253,C-17A Globemaster,98,431,0,False,mlat
ae0583,2026-07-21 02:18:08.649070,CHILI85,87-0038,0352,2950,29.580683,-98.72702,C-5M Galaxy,41,193,-884,False,mlat
ae026d,2026-07-21 02:18:08.649092,UNK C/S,62-3576,3507,31000,31.879738,-82.003143,KC-135R Stratotanker,19,430,-150,False,mlat
ae0501,2026-07-21 02:18:08.649103,UNK C/S,59-1504,5735,33000,42.102428,-75.665634,KC-135R Stratotanker,90,515,0,False,mlat
ae05a9,2026-07-21 02:18:08.649109,UNK C/S,63-8015,7277,3850,44.795086,-68.595222,KC-135R Stratotanker,135,245,-831,False,mlat
ae1179,2026-07-21 02:18:08.649113,RCH213,02-1107,2153,30900,19.350662,-66.540932,C-17A Globemaster,312,430,992,False,mlat
ae0687,2026-07-21 02:18:08.649117,RCH284,60-0349,6554,35000,44.611366,-64.809082,KC-135R Stratotanker,83,565,-7,False,mlat
ae1233,2026-07-21 02:18:08.649120,MCFAMC,03-3122,Unavailable,33032,51.510258,-58.939419,C-17A Globemaster,62,,,False,adsc
ae07f1,2026-07-21 02:18:08.649124,MCFAMC,96-0007,2000,Unavailable,47.449093,-48.735008,C-17A Globemaster,72,,,False,adsc
ae0816,2026-07-21 02:18:08.649133,RCH690,00-0180,3450,35000,52.559875,2.535095,C-17A Globemaster,113,455,0,False,adsb_icao
ae1172,2026-07-21 02:18:08.649137,RCH305,02-1100,0135,32000,52.295059,3.908234,C-17A Globemaster,309,428,0,False,adsb_icao
ae058a,2026-07-21 02:18:08.649141,RCH2038,87-0045,0635,20400,50.693378,6.493184,C-5M Galaxy,358,394,1920,False,mlat
ae146d,2026-07-21 02:18:08.649147,RCH044,07-7175,4675,38000,47.573627,20.027594,C-17A Globemaster,311,422,0,False,mlat
ae07fa,2026-07-21 02:18:08.649150,RCH899,97-0048,7716,29000,44.571651,22.973219,C-17A Globemaster,142,484,-96,False,mlat
ae07de,2026-07-21 02:18:08.649153,RCH409,93-0604,2647,32000,43.048931,23.423672,C-17A Globemaster,352,489,0,False,mlat
ae1197,2026-07-21 02:18:08.649156,MOOSE47,03-3114,7404,31000,37.311684,25.996254,C-17A Globemaster,162,444,0,False,mlat
ae0509,2026-07-21 02:18:08.649161,UNK C/S,62-3552,0144,28500,24.6828,55.174976,KC-135R Stratotanker,131,388,0,False,mlat
800790,2026-07-21 02:18:08.649163,IFC0736,CB-8003,3556,31025,23.065155,63.19281,C-17A Globemaster,90,449,0,False,other
ae07e0,2026-07-21 02:18:08.649176,MOOSE45,94-0066,0713,30000,32.4,33.8,C-17A Globemaster,,,,False,mode_s
ae023c,2026-07-21 02:18:08.649180,UNK C/S,63-8888,0147,Unavailable,23.2,53.6,KC-135R Stratotanker,,,,False,mode_s
ae07db,2026-07-21 02:18:08.649183,RCH557,93-0601,1443,31000,45.8,-59.8,C-17A Globemaster,,,,False,mode_s
ae210c,2026-07-21 02:18:08.649187,VV166961,166961,0432,Unavailable,36.1,-116.7,F/A-18 Hornet,,,,False,mode_s
ae0391,2026-07-21 02:18:08.649192,RCH283,63-8039,7306,34950,46.4,-59.8,KC-135R Stratotanker,,,,False,mode_s
ae0802,2026-07-21 02:18:08.649197,RCH262,98-0056,4175,36050,37.2,-110.4,C-17A Globemaster,,,,False,mode_s
ae08cf,2026-07-21 02:19:09.053689,WOLF01,00-0185,4206,1775,61.277023,-149.762787,C-17A Globemaster,324,192,1216,False,adsb_icao
ae0377,2026-07-21 02:19:09.053715,UNK C/S,62-3502,6742,36000,39.984909,-118.070244,KC-135R Stratotanker,4,503,0,False,mlat
ae2fae,2026-07-21 02:19:09.053725,RCH193,08-8202,4021,37000,40.326668,-102.676079,C-17A Globemaster,,,-72,False,mlat
ae0583,2026-07-21 02:19:09.053733,CHILI85,87-0038,0352,3025,29.580978,-98.66935,C-5M Galaxy,119,174,-2,False,mlat
ae026d,2026-07-21 02:19:09.053758,UNK C/S,62-3576,3507,31000,31.979486,-81.94574,KC-135R Stratotanker,22,407,-45,False,mlat
ae0501,2026-07-21 02:19:09.053769,UNK C/S,59-1504,5735,33000,42.118671,-75.476433,KC-135R Stratotanker,85,514,0,False,mlat
ae05a9,2026-07-21 02:19:09.053775,UNK C/S,63-8015,7277,3025,44.748924,-68.527481,KC-135R Stratotanker,137,243,-990,False,mlat
ae1179,2026-07-21 02:19:09.053779,RCH213,02-1107,2153,31800,19.437603,-66.640091,C-17A Globemaster,312,428,896,False,mlat
ae0687,2026-07-21 02:19:09.053782,RCH284,60-0349,6554,35000,44.624912,-64.601547,KC-135R Stratotanker,84,563,-77,False,mlat
ae1233,2026-07-21 02:19:09.053786,MCFAMC,03-3122,Unavailable,33032,51.510258,-58.939419,C-17A Globemaster,62,,,False,adsc
ae07f1,2026-07-21 02:19:09.053791,MCFAMC,96-0007,2000,Unavailable,47.449093,-48.735008,C-17A Globemaster,72,,,False,adsc
ae0816,2026-07-21 02:19:09.053800,RCH690,00-0180,3450,35000,52.508652,2.727203,C-17A Globemaster,113,456,0,False,adsb_icao
ae1172,2026-07-21 02:19:09.053804,RCH305,02-1100,0135,32000,52.37178,3.757019,C-17A Globemaster,309,431,0,False,adsb_icao
ae058a,2026-07-21 02:19:09.053808,RCH2038,87-0045,0635,22000,50.805031,6.48767,C-5M Galaxy,358,400,1664,False,mlat
ae146d,2026-07-21 02:19:09.053813,RCH044,07-7175,4675,38000,47.648842,19.895617,C-17A Globemaster,309,432,-75,False,mlat
ae07fa,2026-07-21 02:19:09.053816,RCH899,97-0048,7716,29000,44.467567,23.085793,C-17A Globemaster,142,486,160,False,mlat
ae07de,2026-07-21 02:19:09.053820,RCH409,93-0604,2647,32000,43.174198,23.396328,C-17A Globemaster,350,456,0,False,mlat
800790,2026-07-21 02:19:09.053824,IFC0736,CB-8003,3556,31025,23.064011,63.323048,C-17A Globemaster,90,448,0,False,other
ae87fc,2026-07-21 02:19:09.053837,UNK C/S,,5244,Unavailable,38.8,-73.1,E-6B TACAMO,,,,False,mode_s
ae07e0,2026-07-21 02:19:09.053841,MOOSE45,94-0066,0713,30000,32.5,33.8,C-17A Globemaster,,,,False,mode_s
ae07db,2026-07-21 02:19:09.053846,RCH557,93-0601,1443,31000,45.9,-59.5,C-17A Globemaster,,,,False,mode_s
ae210c,2026-07-21 02:19:09.053850,VV166961,166961,0432,Unavailable,36.1,-116.8,F/A-18 Hornet,,,,False,mode_s
ae1197,2026-07-21 02:19:09.053853,MOOSE47,03-3114,7404,31000,37.0,25.4,C-17A Globemaster,,,,False,mode_s
ae0391,2026-07-21 02:19:09.053861,RCH283,63-8039,7306,34950,45.7,-59.7,KC-135R Stratotanker,,,,False,mode_s
ae0802,2026-07-21 02:19:09.053867,RCH262,98-0056,4175,36050,37.2,-111.0,C-17A Globemaster,,,,False,mode_s
ae08cf,2026-07-21 02:20:09.465375,WOLF01,00-0185,4206,3400,61.316071,-149.87529,C-17A Globemaster,304,270,3072,False,adsb_icao
ae0377,2026-07-21 02:20:09.465399,UNK C/S,62-3502,6742,36000,40.127007,-118.061668,KC-135R Stratotanker,2,498,0,False,mlat
ae2fae,2026-07-21 02:20:09.465410,RCH193,08-8202,4021,37000,40.325638,-102.509186,C-17A Globemaster,,,1,False,mlat
ae0583,2026-07-21 02:20:09.465419,CHILI85,87-0038,0352,3000,29.541214,-98.639954,C-5M Galaxy,169,188,11,False,mlat
ae026d,2026-07-21 02:20:09.465443,UNK C/S,62-3576,3507,31000,32.086575,-81.884567,KC-135R Stratotanker,27,439,-4,False,mlat
ae0501,2026-07-21 02:20:09.465451,UNK C/S,59-1504,5735,33000,42.131634,-75.268661,KC-135R Stratotanker,85,537,0,False,mlat
ae05a9,2026-07-21 02:20:09.465456,UNK C/S,63-8015,7277,2500,44.710167,-68.573586,KC-135R Stratotanker,264,281,-518,False,mlat
ae1179,2026-07-21 02:20:09.465460,RCH213,02-1107,2153,32000,19.503031,-66.716179,C-17A Globemaster,312,428,0,False,mlat
ae0687,2026-07-21 02:20:09.465463,RCH284,60-0349,6554,35000,44.641842,-64.359489,KC-135R Stratotanker,87,576,0,False,mlat
ae1233,2026-07-21 02:20:09.465466,MCFAMC,03-3122,Unavailable,33032,51.510258,-58.939419,C-17A Globemaster,62,,,False,adsc
ae07f1,2026-07-21 02:20:09.465470,MCFAMC,96-0007,2000,Unavailable,47.449093,-48.735008,C-17A Globemaster,72,,,False,adsc
ae0816,2026-07-21 02:20:09.465478,RCH690,00-0180,3450,35000,52.457436,2.917027,C-17A Globemaster,113,450,-96,False,adsb_icao
ae1172,2026-07-21 02:20:09.465482,RCH305,02-1100,0135,32000,52.448174,3.605321,C-17A Globemaster,309,432,0,False,adsb_icao
ae058a,2026-07-21 02:20:09.465485,RCH2038,87-0045,0635,23400,50.917004,6.483063,C-5M Galaxy,358,408,1632,False,mlat
ae146d,2026-07-21 02:20:09.465490,RCH044,07-7175,4675,38000,47.725037,19.764771,C-17A Globemaster,311,418,0,False,mlat
ae07fa,2026-07-21 02:20:09.465493,RCH899,97-0048,7716,29000,44.346073,23.213739,C-17A Globemaster,142,490,-96,False,mlat
ae07de,2026-07-21 02:20:09.465497,RCH409,93-0604,2647,32000,43.30846,23.365524,C-17A Globemaster,350,466,0,False,mlat
800790,2026-07-21 02:20:09.465501,IFC0736,CB-8003,3556,31000,23.062775,63.456333,C-17A Globemaster,90,448,0,False,other
ae87fc,2026-07-21 02:20:09.465514,UNK C/S,,5244,Unavailable,38.3,-72.2,E-6B TACAMO,,,,False,mode_s
ae07e0,2026-07-21 02:20:09.465518,MOOSE45,94-0066,0713,30300,32.1,33.6,C-17A Globemaster,,,,False,mode_s
ae07db,2026-07-21 02:20:09.465522,RCH557,93-0601,1443,31000,45.6,-59.7,C-17A Globemaster,,,,False,mode_s
ae210c,2026-07-21 02:20:09.465526,VV166961,166961,0432,Unavailable,35.9,-117.2,F/A-18 Hornet,,,,False,mode_s
ae1197,2026-07-21 02:20:09.465529,MOOSE47,03-3114,7404,31000,36.9,25.1,C-17A Globemaster,,,,False,mode_s
ae1458,2026-07-21 02:20:09.465532,RCH241,06-6154,Unavailable,Unavailable,34.7,-126.0,C-17A Globemaster,,,,False,mode_s
ae0391,2026-07-21 02:20:09.465540,RCH283,63-8039,7306,34950,45.9,-59.7,KC-135R Stratotanker,,,,False,mode_s
ae0802,2026-07-21 02:20:09.465545,RCH262,98-0056,4175,36050,36.9,-111.0,C-17A Globemaster,,,,False,mode_s
ae574e,2026-07-21 02:20:09.465548,UNK C/S,19-46008,1200,Unavailable,38.5,-122.2,KC-46A Pegasus,,,,False,mode_s
ae08cf,2026-07-21 02:21:09.894567,WOLF01,00-0185,4206,6575,61.371643,-149.977402,C-17A Globemaster,356,278,2880,False,adsb_icao
ae0377,2026-07-21 02:21:09.894594,UNK C/S,62-3502,6742,36000,40.26038,-118.051224,KC-135R Stratotanker,3,491,0,False,mlat
ae2fae,2026-07-21 02:21:09.894605,RCH193,08-8202,4021,37000,40.310078,-102.323204,C-17A Globemaster,,,74,False,mlat
ae0583,2026-07-21 02:21:09.894613,CHILI85,87-0038,0352,2575,29.496195,-98.622734,C-5M Galaxy,160,156,-815,False,mlat
ae026d,2026-07-21 02:21:09.894639,UNK C/S,62-3576,3507,31025,32.168289,-81.771645,KC-135R Stratotanker,63,455,0,False,mlat
ae0501,2026-07-21 02:21:09.894649,UNK C/S,59-1504,5735,33000,42.145638,-75.073006,KC-135R Stratotanker,84,518,0,False,mlat
ae05a9,2026-07-21 02:21:09.894655,UNK C/S,63-8015,7277,2525,44.70927,-68.640144,KC-135R Stratotanker,268,156,0,False,mlat
ae1179,2026-07-21 02:21:09.894660,RCH213,02-1107,2153,32000,19.567787,-66.792007,C-17A Globemaster,312,428,-32,False,mlat
ae0687,2026-07-21 02:21:09.894664,RCH284,60-0349,6554,35000,44.66098,-64.13662,KC-135R Stratotanker,83,589,0,False,mlat
ae1233,2026-07-21 02:21:09.894667,MCFAMC,03-3122,Unavailable,33032,51.510258,-58.939419,C-17A Globemaster,62,,,False,adsc
ae07f1,2026-07-21 02:21:09.894671,MCFAMC,96-0007,2000,Unavailable,47.449093,-48.735008,C-17A Globemaster,72,,,False,adsc
ae0816,2026-07-21 02:21:09.894682,RCH690,00-0180,3450,35000,52.406662,3.10463,C-17A Globemaster,114,444,-32,False,adsb_icao
ae1172,2026-07-21 02:21:09.894685,RCH305,02-1100,0135,32000,52.525589,3.450963,C-17A Globemaster,309,434,-64,False,adsb_icao
ae058a,2026-07-21 02:21:09.894688,RCH2038,87-0045,0635,24650,51.015297,6.415434,C-5M Galaxy,314,418,864,False,mlat
ae146d,2026-07-21 02:21:09.894693,RCH044,07-7175,4675,38000,47.801384,19.631569,C-17A Globemaster,311,435,0,False,mlat
ae07fa,2026-07-21 02:21:09.894697,RCH899,97-0048,7716,29000,44.23719,23.329556,C-17A Globemaster,142,490,-32,False,mlat
ae07de,2026-07-21 02:21:09.894700,RCH409,93-0604,2647,32000,43.437222,23.338324,C-17A Globemaster,351,461,0,False,mlat
800790,2026-07-21 02:21:09.894705,IFC0736,CB-8003,3556,31000,23.06142,63.59441,C-17A Globemaster,92,448,0,False,other
ae87fc,2026-07-21 02:21:09.894717,UNK C/S,,5244,Unavailable,38.2,-72.6,E-6B TACAMO,,,,False,mode_s
ae07e0,2026-07-21 02:21:09.894721,MOOSE45,94-0066,0713,30700,32.3,33.6,C-17A Globemaster,,,,False,mode_s
ae07db,2026-07-21 02:21:09.894727,RCH557,93-0601,1443,31000,45.6,-59.7,C-17A Globemaster,,,,False,mode_s
ae210c,2026-07-21 02:21:09.894730,VV166961,166961,0432,Unavailable,35.9,-117.2,F/A-18 Hornet,,,,False,mode_s
ae1197,2026-07-21 02:21:09.894735,MOOSE47,03-3114,7404,31000,36.9,25.5,C-17A Globemaster,,,,False,mode_s
ae0391,2026-07-21 02:21:09.894741,RCH283,63-8039,7306,34950,45.8,-59.7,KC-135R Stratotanker,,,,False,mode_s
ae0802,2026-07-21 02:21:09.894747,RCH262,98-0056,4175,36050,36.9,-111.7,C-17A Globemaster,,,,False,mode_s
ae574e,2026-07-21 02:21:09.894751,UNK C/S,19-46008,1200,Unavailable,38.4,-122.1,KC-46A Pegasus,,,,False,mode_s
ae08cf,2026-07-21 02:22:10.356255,WOLF01,00-0185,4206,9150,61.41925,-149.859009,C-17A Globemaster,65,289,3712,False,adsb_icao
ae0377,2026-07-21 02:22:10.356277,UNK C/S,62-3502,6742,36225,40.405937,-118.040565,KC-135R Stratotanker,4,515,362,False,mlat
ae2fae,2026-07-21 02:22:10.356285,RCH193,08-8202,4021,37025,40.302132,-102.179657,C-17A Globemaster,,,0,False,mlat
ae0583,2026-07-21 02:22:10.356291,CHILI85,87-0038,0352,1900,29.459812,-98.609184,C-5M Galaxy,167,131,-722,False,mlat
ae026d,2026-07-21 02:22:10.356310,UNK C/S,62-3576,3507,31000,32.236526,-81.656105,KC-135R Stratotanker,54,443,-1,False,mlat
ae0501,2026-07-21 02:22:10.356317,UNK C/S,59-1504,5735,33000,42.158783,-74.886993,KC-135R Stratotanker,80,527,0,False,mlat
ae05a9,2026-07-21 02:22:10.356322,UNK C/S,63-8015,7277,2050,44.722118,-68.702797,KC-135R Stratotanker,306,192,-927,False,mlat
ae0687,2026-07-21 02:22:10.356324,RCH284,60-0349,6554,35000,44.677406,-63.913898,KC-135R Stratotanker,83,573,-17,False,mlat
ae1233,2026-07-21 02:22:10.356348,MCFAMC,03-3122,Unavailable,33008,51.742344,-58.167458,C-17A Globemaster,63,,,False,adsc
ae0391,2026-07-21 02:22:10.356351,RCH283,63-8039,7306,34950,44.953823,-56.676064,KC-135R Stratotanker,86,,,False,adsc
ae07f1,2026-07-21 02:22:10.356355,MCFAMC,96-0007,2000,Unavailable,47.449093,-48.735008,C-17A Globemaster,72,,,False,adsc
ae0816,2026-07-21 02:22:10.356362,RCH690,00-0180,3450,35000,52.356136,3.289307,C-17A Globemaster,114,444,-64,False,adsb_icao
ae1172,2026-07-21 02:22:10.356365,RCH305,02-1100,0135,32000,52.602219,3.297119,C-17A Globemaster,309,435,64,False,adsb_icao
ae058a,2026-07-21 02:22:10.356368,RCH2038,87-0045,0635,25800,51.099258,6.27562,C-5M Galaxy,313,426,960,False,mlat
ae146d,2026-07-21 02:22:10.356373,RCH044,07-7175,4675,38000,47.875217,19.503393,C-17A Globemaster,312,411,0,False,mlat
ae07de,2026-07-21 02:22:10.356376,RCH409,93-0604,2647,32000,43.561523,23.310719,C-17A Globemaster,351,463,0,False,mlat
ae07fa,2026-07-21 02:22:10.356379,RCH899,97-0048,7716,29000,44.127235,23.443436,C-17A Globemaster,142,478,0,False,mlat
800790,2026-07-21 02:22:10.356382,IFC0736,CB-8003,3556,31025,23.059937,63.73254,C-17A Globemaster,90,448,0,False,other
ae87fc,2026-07-21 02:22:10.356392,UNK C/S,,5244,Unavailable,38.3,-73.0,E-6B TACAMO,,,,False,mode_s
ae07e0,2026-07-21 02:22:10.356396,MOOSE45,94-0066,0713,31100,32.5,33.4,C-17A Globemaster,,,,False,mode_s
ae07db,2026-07-21 02:22:10.356400,RCH557,93-0601,1443,31000,45.8,-59.4,C-17A Globemaster,,,,False,mode_s
ae210c,2026-07-21 02:22:10.356403,VV166961,166961,0432,Unavailable,36.0,-117.2,F/A-18 Hornet,,,,False,mode_s
ae1197,2026-07-21 02:22:10.356407,MOOSE47,03-3114,7404,31000,37.0,25.7,C-17A Globemaster,,,,False,mode_s
ae1179,2026-07-21 02:22:10.356410,RCH213,02-1107,2153,32000,18.6,-67.3,C-17A Globemaster,312,428,0,False,mode_s
ae0802,2026-07-21 02:22:10.356417,RCH262,98-0056,4175,36050,36.9,-112.0,C-17A Globemaster,,,,False,mode_s
ae08cf,2026-07-21 02:23:10.887906,WOLF01,00-0185,4206,11900,61.452759,-149.703049,C-17A Globemaster,66,302,2688,False,adsb_icao
ae0377,2026-07-21 02:23:10.887932,UNK C/S,62-3502,6742,37000,40.54269,-118.030975,KC-135R Stratotanker,3,493,0,False,mlat
ae0802,2026-07-21 02:23:10.887940,RCH262,98-0056,4175,36050,37.30592,-112.080254,C-17A Globemaster,,,0,False,mlat
ae2fae,2026-07-21 02:23:10.887945,RCH193,08-8202,4021,37000,40.300327,-102.096397,C-17A Globemaster,91,465,-23,False,mlat
ae0583,2026-07-21 02:23:10.887953,CHILI85,87-0038,0352,1250,29.425264,-98.597038,C-5M Galaxy,166,144,-650,False,mlat
ae026d,2026-07-21 02:23:10.887982,UNK C/S,62-3576,3507,30450,32.304459,-81.541809,KC-135R Stratotanker,55,420,-1367,False,mlat
ae0501,2026-07-21 02:23:10.887991,UNK C/S,59-1504,5735,33000,42.170139,-74.703087,KC-135R Stratotanker,86,532,0,False,mlat
ae05a9,2026-07-21 02:23:10.887996,UNK C/S,63-8015,7277,1350,44.754501,-68.750664,KC-135R Stratotanker,318,136,-942,False,mlat
ae0687,2026-07-21 02:23:10.888000,RCH284,60-0349,6554,35000,44.691685,-63.698902,KC-135R Stratotanker,85,572,0,False,mlat
ae1233,2026-07-21 02:23:10.888003,MCFAMC,03-3122,Unavailable,33008,51.742344,-58.167458,C-17A Globemaster,63,,,False,adsc
ae0391,2026-07-21 02:23:10.888008,RCH283,63-8039,7306,Unavailable,44.953823,-56.676064,KC-135R Stratotanker,86,,,False,adsc
ae07f1,2026-07-21 02:23:10.888011,MCFAMC,96-0007,2000,Unavailable,47.449093,-48.735008,C-17A Globemaster,72,,,False,adsc
ae1172,2026-07-21 02:23:10.888020,RCH305,02-1100,0135,32000,52.678757,3.142395,C-17A Globemaster,309,436,0,False,adsb_icao
ae0816,2026-07-21 02:23:10.888024,RCH690,00-0180,3450,35000,52.305302,3.473563,C-17A Globemaster,114,444,-64,False,adsb_icao
ae058a,2026-07-21 02:23:10.888028,RCH2038,87-0045,0635,26825,51.174412,6.131919,C-5M Galaxy,309,434,800,False,mlat
ae146d,2026-07-21 02:23:10.888032,RCH044,07-7175,4675,38000,47.950142,19.371367,C-17A Globemaster,310,414,-36,False,mlat
ae07de,2026-07-21 02:23:10.888037,RCH409,93-0604,2647,32000,43.691864,23.281031,C-17A Globemaster,351,466,0,False,mlat
ae07fa,2026-07-21 02:23:10.888040,RCH899,97-0048,7716,29000,44.02211,23.553343,C-17A Globemaster,143,480,-32,False,mlat
800790,2026-07-21 02:23:10.888045,IFC0736,CB-8003,3556,31000,23.058067,63.867901,C-17A Globemaster,94,449,0,False,other
ae87fc,2026-07-21 02:23:10.888058,UNK C/S,,5244,Unavailable,38.6,-73.3,E-6B TACAMO,,,,False,mode_s
ae07e0,2026-07-21 02:23:10.888062,MOOSE45,94-0066,0713,31525,32.1,33.9,C-17A Globemaster,,,,False,mode_s
ae07db,2026-07-21 02:23:10.888066,RCH557,93-0601,1443,31000,45.8,-59.4,C-17A Globemaster,,,,False,mode_s
ae210c,2026-07-21 02:23:10.888070,VV166961,166961,0432,Unavailable,36.5,-117.0,F/A-18 Hornet,,,,False,mode_s
ae1197,2026-07-21 02:23:10.888074,MOOSE47,03-3114,7404,31000,36.8,25.6,C-17A Globemaster,,,,False,mode_s
ae1179,2026-07-21 02:23:10.888079,RCH213,02-1107,2153,31975,18.5,-67.2,C-17A Globemaster,312,428,0,False,mode_s
ae080e,2026-07-21 02:23:10.888086,@@@@@@@@,99-0168,2000,Unavailable,37.8,-122.3,C-17A Globemaster,,,,False,mode_s
ae08cf,2026-07-21 02:24:11.380854,WOLF01,00-0185,4206,15650,61.486404,-149.540894,C-17A Globemaster,67,294,3584,False,adsb_icao
ae0377,2026-07-21 02:24:11.380878,UNK C/S,62-3502,6742,37000,40.691833,-118.015961,KC-135R Stratotanker,5,547,-2,False,mlat
ae0583,2026-07-21 02:24:11.380891,CHILI85,87-0038,0352,1625,29.387968,-98.582169,C-5M Galaxy,149,138,2102,False,mlat
ae026d,2026-07-21 02:24:11.380913,UNK C/S,62-3576,3507,29500,32.363209,-81.423569,KC-135R Stratotanker,57,417,-1052,False,mlat
ae0501,2026-07-21 02:24:11.380921,UNK C/S,59-1504,5735,33000,42.18541,-74.481133,KC-135R Stratotanker,83,517,0,False,mlat
ae05a9,2026-07-21 02:24:11.380925,UNK C/S,63-8015,7277,600,44.782597,-68.793671,KC-135R Stratotanker,308,141,-792,False,mlat
ae0687,2026-07-21 02:24:11.380929,RCH284,60-0349,6554,35000,44.707073,-63.464817,KC-135R Stratotanker,85,571,0,False,mlat
ae1233,2026-07-21 02:24:11.380932,MCFAMC,03-3122,Unavailable,33008,51.742344,-58.167458,C-17A Globemaster,63,,,False,adsc
ae0391,2026-07-21 02:24:11.380936,RCH283,63-8039,7306,Unavailable,44.953823,-56.676064,KC-135R Stratotanker,86,,,False,adsc
ae07f1,2026-07-21 02:24:11.380939,MCFAMC,96-0007,2000,Unavailable,47.449093,-48.735008,C-17A Globemaster,72,,,False,adsc
ae1172,2026-07-21 02:24:11.380946,RCH305,02-1100,0135,32000,52.756027,2.985382,C-17A Globemaster,308,437,0,False,adsb_icao
ae0816,2026-07-21 02:24:11.380949,RCH690,00-0180,3450,35000,52.253864,3.658997,C-17A Globemaster,114,448,0,False,adsb_icao
ae058a,2026-07-21 02:24:11.380952,RCH2038,87-0045,0635,27875,51.255962,5.978294,C-5M Galaxy,310,440,640,False,mlat
ae146d,2026-07-21 02:24:11.380957,RCH044,07-7175,4675,38000,48.026756,19.236025,C-17A Globemaster,310,420,-2,False,mlat
ae07de,2026-07-21 02:24:11.380960,RCH409,93-0604,2647,32000,43.816387,23.252975,C-17A Globemaster,350,459,0,False,mlat
ae07fa,2026-07-21 02:24:11.380963,RCH899,97-0048,7716,29000,43.911846,23.667021,C-17A Globemaster,143,482,0,False,mlat
800790,2026-07-21 02:24:11.380967,IFC0736,CB-8003,3556,31000,23.045639,63.991596,C-17A Globemaster,96,449,0,False,other
ae87fc,2026-07-21 02:24:11.380976,UNK C/S,,5244,Unavailable,38.6,-72.5,E-6B TACAMO,,,,False,mode_s
ae07e0,2026-07-21 02:24:11.380980,MOOSE45,94-0066,0713,31925,32.0,33.4,C-17A Globemaster,,,,False,mode_s
ae07db,2026-07-21 02:24:11.380985,RCH557,93-0601,1443,31000,46.1,-59.3,C-17A Globemaster,,,,False,mode_s
ae210c,2026-07-21 02:24:11.380988,VV166961,166961,0432,15225,36.4,-116.5,F/A-18 Hornet,,,,False,mode_s
ae1197,2026-07-21 02:24:11.380990,MOOSE47,03-3114,7404,31000,36.5,26.0,C-17A Globemaster,,,,False,mode_s
ae1179,2026-07-21 02:24:11.380995,RCH213,02-1107,2153,31975,18.8,-67.8,C-17A Globemaster,312,426,0,False,mode_s
ae2fae,2026-07-21 02:24:11.381003,RCH193,08-8202,4021,37025,40.2,-103.7,C-17A Globemaster,,,,False,mode_s
ae0802,2026-07-21 02:24:11.381006,RCH262,98-0056,4175,36050,37.0,-112.8,C-17A Globemaster,,,,False,mode_s
ae08cf,2026-07-21 02:25:11.798603,WOLF01,00-0185,4206,16900,61.519684,-149.376694,C-17A Globemaster,66,309,0,False,adsb_icao
ae0377,2026-07-21 02:25:11.798630,UNK C/S,62-3502,6742,37000,40.837837,-118.0037,KC-135R Stratotanker,3,532,-37,False,mlat
ae0583,2026-07-21 02:25:11.798643,CHILI85,87-0038,0352,3000,29.340952,-98.568886,C-5M Galaxy,175,179,470,False,mlat
ae026d,2026-07-21 02:25:11.798669,UNK C/S,62-3576,3507,28050,32.43866,-81.312286,KC-135R Stratotanker,51,422,-1762,False,mlat
ae0501,2026-07-21 02:25:11.798678,UNK C/S,59-1504,5735,33000,42.197418,-74.282166,KC-135R Stratotanker,87,525,0,False,mlat
ae0687,2026-07-21 02:25:11.798687,RCH284,60-0349,6554,35000,44.721325,-63.253246,KC-135R Stratotanker,85,588,0,False,mlat
ae1233,2026-07-21 02:25:11.798692,MCFAMC,03-3122,Unavailable,33008,51.742344,-58.167458,C-17A Globemaster,63,,,False,adsc
ae0391,2026-07-21 02:25:11.798698,RCH283,63-8039,7306,Unavailable,44.953823,-56.676064,KC-135R Stratotanker,86,,,False,adsc
ae07f1,2026-07-21 02:25:11.798701,MCFAMC,96-0007,2000,Unavailable,47.449093,-48.735008,C-17A Globemaster,72,,,False,adsc
ae1172,2026-07-21 02:25:11.798710,RCH305,02-1100,0135,32000,52.832336,2.829361,C-17A Globemaster,308,438,-64,False,adsb_icao
ae0816,2026-07-21 02:25:11.798713,RCH690,00-0180,3450,35000,52.201904,3.844452,C-17A Globemaster,114,449,-32,False,adsb_icao
ae058a,2026-07-21 02:25:11.798717,RCH2038,87-0045,0635,28825,51.332481,5.838866,C-5M Galaxy,310,444,672,False,mlat
ae146d,2026-07-21 02:25:11.798722,RCH044,07-7175,4675,38000,48.101398,19.101112,C-17A Globemaster,311,418,0,False,mlat
ae07de,2026-07-21 02:25:11.798726,RCH409,93-0604,2647,32000,43.932934,23.192503,C-17A Globemaster,334,450,0,False,mlat
ae07fa,2026-07-21 02:25:11.798729,RCH899,97-0048,7716,29000,43.80518,23.77702,C-17A Globemaster,144,482,192,False,mlat
800790,2026-07-21 02:25:11.798733,IFC0736,CB-8003,3556,31025,23.033955,64.106041,C-17A Globemaster,96,448,0,False,other
ae87fc,2026-07-21 02:25:11.798744,UNK C/S,,5244,Unavailable,38.8,-71.8,E-6B TACAMO,,,,False,mode_s
ae07e0,2026-07-21 02:25:11.798748,MOOSE45,94-0066,0713,32325,32.2,33.2,C-17A Globemaster,,,,False,mode_s
ae07db,2026-07-21 02:25:11.798752,RCH557,93-0601,1443,31000,46.1,-59.0,C-17A Globemaster,,,,False,mode_s
ae210c,2026-07-21 02:25:11.798756,VV166961,166961,0432,15950,36.8,-116.8,F/A-18 Hornet,,,,False,mode_s
ae1197,2026-07-21 02:25:11.798759,MOOSE47,03-3114,7404,31000,36.9,25.7,C-17A Globemaster,,,,False,mode_s
ae1179,2026-07-21 02:25:11.798765,RCH213,02-1107,2153,32000,18.6,-67.9,C-17A Globemaster,312,426,-64,False,mode_s
ae2fae,2026-07-21 02:25:11.798772,RCH193,08-8202,4021,37025,40.0,-103.1,C-17A Globemaster,,,,False,mode_s
ae0802,2026-07-21 02:25:11.798775,RCH262,98-0056,4175,36050,36.8,-112.6,C-17A Globemaster,,,,False,mode_s
ae08cf,2026-07-21 02:26:12.290953,WOLF01,00-0185,4206,16900,61.553043,-149.210922,C-17A Globemaster,67,312,0,False,adsb_icao
ae0377,2026-07-21 02:26:12.290979,UNK C/S,62-3502,6742,37000,40.980175,-117.988144,KC-135R Stratotanker,1,488,75,False,mlat
ae0802,2026-07-21 02:26:12.290987,RCH262,98-0056,4175,36050,37.20953,-112.687965,C-17A Globemaster,,,0,False,mlat
ae2fae,2026-07-21 02:26:12.290995,RCH193,08-8202,4021,37000,40.266872,-101.580826,C-17A Globemaster,104,499,-4,False,mlat
ae0583,2026-07-21 02:26:12.291002,CHILI85,87-0038,0352,2950,29.322271,-98.62722,C-5M Galaxy,291,195,-98,False,mlat
ae026d,2026-07-21 02:26:12.291028,UNK C/S,62-3576,3507,27175,32.507179,-81.205093,KC-135R Stratotanker,49,399,-805,False,mlat
ae0501,2026-07-21 02:26:12.291036,UNK C/S,59-1504,5735,33000,42.21386,-74.085762,KC-135R Stratotanker,86,505,0,False,mlat
ae0687,2026-07-21 02:26:12.291041,RCH284,60-0349,6554,35000,44.735321,-63.017654,KC-135R Stratotanker,85,579,0,False,mlat
ae1233,2026-07-21 02:26:12.291045,MCFAMC,03-3122,Unavailable,33008,51.742344,-58.167458,C-17A Globemaster,63,,,False,adsc
ae0391,2026-07-21 02:26:12.291050,RCH283,63-8039,7306,Unavailable,44.953823,-56.676064,KC-135R Stratotanker,86,,,False,adsc
ae07f1,2026-07-21 02:26:12.291054,MCFAMC,96-0007,2000,Unavailable,47.449093,-48.735008,C-17A Globemaster,72,,,False,adsc
ae1172,2026-07-21 02:26:12.291062,RCH305,02-1100,0135,32000,52.909241,2.671204,C-17A Globemaster,308,438,0,False,adsb_icao
ae0816,2026-07-21 02:26:12.291066,RCH690,00-0180,3450,35000,52.149399,4.030021,C-17A Globemaster,114,451,32,False,adsb_icao
ae058a,2026-07-21 02:26:12.291069,RCH2038,87-0045,0635,29950,51.41748,5.679777,C-5M Galaxy,310,442,704,False,mlat
ae146d,2026-07-21 02:26:12.291074,RCH044,07-7175,4675,38000,48.179165,18.966066,C-17A Globemaster,312,400,0,False,mlat
ae07de,2026-07-21 02:26:12.291077,RCH409,93-0604,2647,32000,44.045277,23.125036,C-17A Globemaster,337,437,0,False,mlat
ae07fa,2026-07-21 02:26:12.291080,RCH899,97-0048,7716,29000,43.679619,23.814106,C-17A Globemaster,173,462,-32,False,mlat
800790,2026-07-21 02:26:12.291084,IFC0736,CB-8003,3556,31000,23.017227,64.269119,C-17A Globemaster,96,448,0,False,other
ae1179,2026-07-21 02:26:12.291096,RCH213,02-1107,2153,32000,19.0,-67.8,C-17A Globemaster,312,424,-32,False,mode_s
ae87fc,2026-07-21 02:26:12.291100,UNK C/S,,5244,Unavailable,38.8,-72.2,E-6B TACAMO,,,,False,mode_s
ae07e0,2026-07-21 02:26:12.291103,MOOSE45,94-0066,0713,32750,32.2,33.0,C-17A Globemaster,,,,False,mode_s
ae07db,2026-07-21 02:26:12.291107,RCH557,93-0601,1443,31000,46.0,-59.7,C-17A Globemaster,,,,False,mode_s
ae1197,2026-07-21 02:26:12.291115,MOOSE47,03-3114,7404,31000,36.8,26.2,C-17A Globemaster,,,,False,mode_s
ae210c,2026-07-21 02:26:12.291119,VV166961,166961,0432,17725,36.4,-117.5,F/A-18 Hornet,,,,False,mode_s
ae63bc,2026-07-21 02:26:12.291123,UNK C/S,20-46080,Unavailable,Unavailable,32.8,32.5,KC-46A Pegasus,,,,False,mode_s
ae08cf,2026-07-21 02:27:12.862103,WOLF01,00-0185,4206,16900,61.586975,-149.039932,C-17A Globemaster,67,312,0,False,adsb_icao
ae0377,2026-07-21 02:27:12.862127,UNK C/S,62-3502,6742,37000,41.046406,-117.990173,KC-135R Stratotanker,3,488,0,False,mlat
ae0802,2026-07-21 02:27:12.862136,RCH262,98-0056,4175,36025,37.207302,-112.83876,C-17A Globemaster,,,76,False,mlat
ae0583,2026-07-21 02:27:12.862146,CHILI85,87-0038,0352,3000,29.36219,-98.681976,C-5M Galaxy,342,224,57,False,mlat
ae026d,2026-07-21 02:27:12.862176,UNK C/S,62-3576,3507,27000,32.562603,-81.125038,KC-135R Stratotanker,48,376,-75,False,mlat
ae0501,2026-07-21 02:27:12.862187,UNK C/S,59-1504,5735,33000,42.222462,-73.892899,KC-135R Stratotanker,87,525,0,False,mlat
ae0687,2026-07-21 02:27:12.862192,RCH284,60-0349,6554,35000,44.750847,-62.779362,KC-135R Stratotanker,85,588,0,False,mlat
ae1233,2026-07-21 02:27:12.862196,MCFAMC,03-3122,Unavailable,33008,51.742344,-58.167458,C-17A Globemaster,63,,,False,adsc
ae0391,2026-07-21 02:27:12.862201,RCH283,63-8039,7306,Unavailable,44.953823,-56.676064,KC-135R Stratotanker,86,,,False,adsc
ae07f1,2026-07-21 02:27:12.862205,MCFAMC,96-0007,2000,Unavailable,47.449093,-48.735008,C-17A Globemaster,72,,,False,adsc
ae1172,2026-07-21 02:27:12.862214,RCH305,02-1100,0135,32000,52.986008,2.512207,C-17A Globemaster,308,440,-64,False,adsb_icao
ae0816,2026-07-21 02:27:12.862219,RCH690,00-0180,3450,35000,52.095909,4.218201,C-17A Globemaster,114,456,-64,False,adsb_icao
ae058a,2026-07-21 02:27:12.862223,RCH2038,87-0045,0635,30000,51.497795,5.527753,C-5M Galaxy,310,442,128,False,mlat
ae146d,2026-07-21 02:27:12.862230,RCH044,07-7175,4675,38000,48.255123,18.830135,C-17A Globemaster,310,431,0,False,mlat
ae07de,2026-07-21 02:27:12.862236,RCH409,93-0604,2647,32000,44.155842,23.061193,C-17A Globemaster,338,441,0,False,mlat
ae07fa,2026-07-21 02:27:12.862238,RCH899,97-0048,7716,29000,43.552067,23.835291,C-17A Globemaster,173,460,0,False,mlat
800790,2026-07-21 02:27:12.862242,IFC0736,CB-8003,3556,31025,23.008024,64.357605,C-17A Globemaster,96,446,0,False,other
ae1179,2026-07-21 02:27:12.862259,RCH213,02-1107,2153,32000,19.1,-67.4,C-17A Globemaster,312,424,32,False,mode_s
ae87fc,2026-07-21 02:27:12.862263,UNK C/S,,5244,Unavailable,38.8,-72.2,E-6B TACAMO,,,,False,mode_s
ae2fae,2026-07-21 02:27:12.862267,RCH193,08-8202,4021,37000,39.7,-103.0,C-17A Globemaster,,,,False,mode_s
ae07e0,2026-07-21 02:27:12.862271,MOOSE45,94-0066,0713,33150,32.1,33.1,C-17A Globemaster,,,,False,mode_s
ae07db,2026-07-21 02:27:12.862275,RCH557,93-0601,1443,31000,46.4,-59.8,C-17A Globemaster,,,,False,mode_s
ae1458,2026-07-21 02:27:12.862277,RCH241,06-6154,Unavailable,Unavailable,34.7,-127.2,C-17A Globemaster,,,,False,mode_s
ae58b0,2026-07-21 02:27:12.862284,UNK C/S,61-0036,Unavailable,200,31.5,-93.3,B-52H Stratofortress,,,,False,mode_s
ae1197,2026-07-21 02:27:12.862288,MOOSE47,03-3114,7404,31000,36.8,25.9,C-17A Globemaster,,,,False,mode_s
ae210c,2026-07-21 02:27:12.862291,VV166961,166961,0432,21700,36.5,-117.8,F/A-18 Hornet,,,,False,mode_s
ae08cf,2026-07-21 02:28:13.419780,WOLF01,00-0185,4206,16900,61.618496,-148.880203,C-17A Globemaster,67,280,0,False,adsb_icao
ae210c,2026-07-21 02:28:13.419804,VV166961,166961,0432,21725,36.548882,-118.058487,F/A-18 Hornet,,,85,False,mlat
ae0802,2026-07-21 02:28:13.419811,RCH262,98-0056,4175,36050,37.244621,-112.992157,C-17A Globemaster,291,494,7,False,mlat
ae2fae,2026-07-21 02:28:13.419816,RCH193,08-8202,4021,37000,40.244991,-101.239456,C-17A Globemaster,78,449,75,False,mlat
ae0583,2026-07-21 02:28:13.419821,CHILI85,87-0038,0352,3000,29.422535,-98.701225,C-5M Galaxy,342,200,25,False,mlat
ae026d,2026-07-21 02:28:13.419841,UNK C/S,62-3576,3507,27000,32.651432,-81.009377,KC-135R Stratotanker,66,289,0,False,mlat
ae0501,2026-07-21 02:28:13.419848,UNK C/S,59-1504,5735,33025,42.233082,-73.700981,KC-135R Stratotanker,86,512,0,False,mlat
ae0687,2026-07-21 02:28:13.419852,RCH284,60-0349,6554,35000,44.764137,-62.550812,KC-135R Stratotanker,85,585,0,False,mlat
ae1233,2026-07-21 02:28:13.419856,MCFAMC,03-3122,Unavailable,33008,51.742344,-58.167458,C-17A Globemaster,63,,,False,adsc
ae0391,2026-07-21 02:28:13.419859,RCH283,63-8039,7306,Unavailable,44.953823,-56.676064,KC-135R Stratotanker,86,,,False,adsc
ae07f1,2026-07-21 02:28:13.419862,MCFAMC,96-0007,2000,Unavailable,47.449093,-48.735008,C-17A Globemaster,72,,,False,adsc
ae1172,2026-07-21 02:28:13.419869,RCH305,02-1100,0135,31975,53.06266,2.352408,C-17A Globemaster,308,442,0,False,adsb_icao
ae0816,2026-07-21 02:28:13.419872,RCH690,00-0180,3450,35000,52.042374,4.405136,C-17A Globemaster,114,457,-32,False,adsb_icao
ae058a,2026-07-21 02:28:13.419875,RCH2038,87-0045,0635,30000,51.573971,5.384687,C-5M Galaxy,310,442,0,False,mlat
ae146d,2026-07-21 02:28:13.419881,RCH044,07-7175,4675,38000,48.330242,18.694555,C-17A Globemaster,310,418,0,False,mlat
ae07de,2026-07-21 02:28:13.419884,RCH409,93-0604,2647,32000,44.280067,22.988247,C-17A Globemaster,338,448,0,False,mlat
ae07fa,2026-07-21 02:28:13.419887,RCH899,97-0048,7716,29000,43.421352,23.854162,C-17A Globemaster,173,462,-64,False,mlat
800790,2026-07-21 02:28:13.419891,IFC0736,CB-8003,3556,31000,22.98987,64.531555,C-17A Globemaster,96,449,0,False,other
ae1179,2026-07-21 02:28:13.419902,RCH213,02-1107,2153,32000,18.7,-67.4,C-17A Globemaster,312,424,0,False,mode_s
ae87fc,2026-07-21 02:28:13.419905,UNK C/S,,5244,Unavailable,38.8,-72.2,E-6B TACAMO,,,,False,mode_s
ae07e0,2026-07-21 02:28:13.419908,MOOSE45,94-0066,0713,33575,31.8,33.6,C-17A Globemaster,,,,False,mode_s
ae07db,2026-07-21 02:28:13.419911,RCH557,93-0601,1443,31000,46.0,-59.7,C-17A Globemaster,,,,False,mode_s
ae0377,2026-07-21 02:28:13.419917,UNK C/S,62-3502,6742,36550,42.3,-116.4,KC-135R Stratotanker,,,,False,mode_s
ae58b0,2026-07-21 02:28:13.419920,UNK C/S,61-0036,Unavailable,200,31.5,-93.3,B-52H Stratofortress,,,,False,mode_s
ae1197,2026-07-21 02:28:13.419923,MOOSE47,03-3114,7404,31000,36.5,26.9,C-17A Globemaster,,,,False,mode_s
ae08cf,2026-07-21 02:29:13.819838,WOLF01,00-0185,4206,16900,61.648956,-148.724075,C-17A Globemaster,67,303,-64,False,adsb_icao
ae0802,2026-07-21 02:29:13.819871,RCH262,98-0056,4175,36050,37.287056,-113.162193,C-17A Globemaster,287,488,0,False,mlat
ae0583,2026-07-21 02:29:13.819882,CHILI85,87-0038,0352,2975,29.480518,-98.720787,C-5M Galaxy,339,219,-49,False,mlat
ae026d,2026-07-21 02:29:13.819911,UNK C/S,62-3576,3507,27000,32.73037,-80.901093,KC-135R Stratotanker,48,422,0,False,mlat
ae0501,2026-07-21 02:29:13.819920,UNK C/S,59-1504,5735,33000,42.244404,-73.499252,KC-135R Stratotanker,85,522,0,False,mlat
ae0687,2026-07-21 02:29:13.819925,RCH284,60-0349,6554,35000,44.777443,-62.322079,KC-135R Stratotanker,85,599,0,False,mlat
ae1233,2026-07-21 02:29:13.819930,MCFAMC,03-3122,Unavailable,33008,51.742344,-58.167458,C-17A Globemaster,63,,,False,adsc
ae0391,2026-07-21 02:29:13.819935,RCH283,63-8039,7306,Unavailable,44.953823,-56.676064,KC-135R Stratotanker,86,,,False,adsc
ae07f1,2026-07-21 02:29:13.819939,MCFAMC,96-0007,2000,Unavailable,47.449093,-48.735008,C-17A Globemaster,72,,,False,adsc
ae1172,2026-07-21 02:29:13.819950,RCH305,02-1100,0135,32000,53.139149,2.191934,C-17A Globemaster,308,443,0,False,adsb_icao
ae0816,2026-07-21 02:29:13.819955,RCH690,00-0180,3450,35000,51.988094,4.592991,C-17A Globemaster,115,459,-64,False,adsb_icao
ae058a,2026-07-21 02:29:13.819958,RCH2038,87-0045,0635,30000,51.652931,5.234375,C-5M Galaxy,310,442,0,False,mlat
ae146d,2026-07-21 02:29:13.819964,RCH044,07-7175,4675,38000,48.399635,18.568016,C-17A Globemaster,310,415,0,False,mlat
ae07de,2026-07-21 02:29:13.819968,RCH409,93-0604,2647,32000,44.384014,22.925829,C-17A Globemaster,337,443,0,False,mlat
ae07fa,2026-07-21 02:29:13.819971,RCH899,97-0048,7716,29000,43.291386,23.873308,C-17A Globemaster,173,462,-64,False,mlat
800790,2026-07-21 02:29:13.819975,IFC0736,CB-8003,3556,31000,22.979349,64.630943,C-17A Globemaster,97,447,0,False,other
ae1179,2026-07-21 02:29:13.819992,RCH213,02-1107,2153,32000,18.9,-67.3,C-17A Globemaster,312,424,32,False,mode_s
ae87fc,2026-07-21 02:29:13.819996,UNK C/S,,5244,19500,38.5,-72.7,E-6B TACAMO,,,,False,mode_s
ae2fae,2026-07-21 02:29:13.820000,RCH193,08-8202,4021,37000,39.8,-102.3,C-17A Globemaster,,,,False,mode_s
ae07e0,2026-07-21 02:29:13.820004,MOOSE45,94-0066,0713,33975,31.7,33.3,C-17A Globemaster,,,,False,mode_s
ae07db,2026-07-21 02:29:13.820008,RCH557,93-0601,1443,31000,46.8,-59.8,C-17A Globemaster,,,,False,mode_s
ae0377,2026-07-21 02:29:13.820013,UNK C/S,62-3502,6742,36000,42.3,-117.5,KC-135R Stratotanker,,,,False,mode_s
ae1197,2026-07-21 02:29:13.820018,MOOSE47,03-3114,7404,31000,36.4,27.4,C-17A Globemaster,,,,False,mode_s
ae210c,2026-07-21 02:29:13.820022,VV166961,166961,0432,21675,36.4,-118.6,F/A-18 Hornet,,,,False,mode_s
ae08cf,2026-07-21 02:30:14.187060,WOLF01,00-0185,4206,16900,61.681458,-148.558105,C-17A Globemaster,67,309,0,False,adsb_icao
ae0802,2026-07-21 02:30:14.187085,RCH262,98-0056,4175,36050,37.323559,-113.303452,C-17A Globemaster,288,468,0,False,mlat
ae2fae,2026-07-21 02:30:14.187091,RCH193,08-8202,4021,37000,39.650974,-103.204842,C-17A Globemaster,98,550,3,False,mlat
ae0583,2026-07-21 02:30:14.187099,CHILI85,87-0038,0352,2975,29.540176,-98.740868,C-5M Galaxy,339,229,-74,False,mlat
ae026d,2026-07-21 02:30:14.187120,UNK C/S,62-3576,3507,27000,32.805794,-80.79821,KC-135R Stratotanker,47,387,0,False,mlat
ae0501,2026-07-21 02:30:14.187127,UNK C/S,59-1504,5735,33025,42.256168,-73.304977,KC-135R Stratotanker,84,528,64,False,mlat
ae0687,2026-07-21 02:30:14.187132,RCH284,60-0349,6554,35000,44.7892,-62.11805,KC-135R Stratotanker,85,579,0,False,mlat
ae1233,2026-07-21 02:30:14.187136,MCFAMC,03-3122,Unavailable,33008,51.742344,-58.167458,C-17A Globemaster,63,,,False,adsc
ae0391,2026-07-21 02:30:14.187140,RCH283,63-8039,7306,Unavailable,44.953823,-56.676064,KC-135R Stratotanker,86,,,False,adsc
ae07f1,2026-07-21 02:30:14.187144,MCFAMC,96-0007,2000,Unavailable,47.449093,-48.735008,C-17A Globemaster,72,,,False,adsc
ae1172,2026-07-21 02:30:14.187150,RCH305,02-1100,0135,32000,53.215351,2.031097,C-17A Globemaster,308,444,-64,False,adsb_icao
ae0816,2026-07-21 02:30:14.187154,RCH690,00-0180,3450,35000,51.933746,4.779282,C-17A Globemaster,115,459,0,False,adsb_icao
ae058a,2026-07-21 02:30:14.187158,RCH2038,87-0045,0635,30000,51.732533,5.082016,C-5M Galaxy,310,444,-32,False,mlat
ae146d,2026-07-21 02:30:14.187162,RCH044,07-7175,4675,38000,48.474609,18.431791,C-17A Globemaster,310,409,0,False,mlat
ae07de,2026-07-21 02:30:14.187165,RCH409,93-0604,2647,32000,44.499672,22.858404,C-17A Globemaster,338,441,0,False,mlat
ae07fa,2026-07-21 02:30:14.187168,RCH899,97-0048,7716,29000,43.17017,23.888414,C-17A Globemaster,173,460,-64,False,mlat
ae1179,2026-07-21 02:30:14.187181,RCH213,02-1107,2153,32000,18.6,-66.9,C-17A Globemaster,311,424,-160,False,mode_s
ae87fc,2026-07-21 02:30:14.187185,UNK C/S,,5244,19500,38.7,-72.3,E-6B TACAMO,,,,False,mode_s
ae07e0,2026-07-21 02:30:14.187189,MOOSE45,94-0066,0713,34000,31.9,33.9,C-17A Globemaster,,,,False,mode_s
ae63ba,2026-07-21 02:30:14.187193,UNK C/S,20-46078,1200,Unavailable,38.6,-122.2,KC-46A Pegasus,,,,False,mode_s
ae07db,2026-07-21 02:30:14.187196,RCH557,93-0601,1443,31000,47.2,-59.9,C-17A Globemaster,,,,False,mode_s
ae0377,2026-07-21 02:30:14.187201,UNK C/S,62-3502,6742,36000,42.4,-117.2,KC-135R Stratotanker,,,,False,mode_s
ae1197,2026-07-21 02:30:14.187205,MOOSE47,03-3114,7404,31000,36.3,27.5,C-17A Globemaster,,,,False,mode_s
ae210c,2026-07-21 02:30:14.187208,VV166961,166961,0432,22625,36.6,-118.5,F/A-18 Hornet,,,,False,mode_s
ae08cf,2026-07-21 02:31:14.720590,WOLF01,00-0185,4206,16900,61.714211,-148.38887,C-17A Globemaster,67,310,0,False,adsb_icao
ae210c,2026-07-21 02:31:14.720614,VV166961,166961,0432,22300,36.271648,-118.180344,F/A-18 Hornet,291,391,-444,False,mlat
ae0377,2026-07-21 02:31:14.720618,UNK C/S,62-3502,6742,36000,41.671417,-117.926949,KC-135R Stratotanker,4,520,0,False,mlat
ae0802,2026-07-21 02:31:14.720626,RCH262,98-0056,4175,36050,37.368889,-113.47496,C-17A Globemaster,287,478,0,False,mlat
ae2fae,2026-07-21 02:31:14.720632,RCH193,08-8202,4021,37025,40.208168,-100.646431,C-17A Globemaster,86,486,-52,False,mlat
ae0583,2026-07-21 02:31:14.720638,CHILI85,87-0038,0352,3000,29.593143,-98.7332,C-5M Galaxy,62,241,77,False,mlat
ae026d,2026-07-21 02:31:14.720659,UNK C/S,62-3576,3507,27000,32.878983,-80.696922,KC-135R Stratotanker,50,408,0,False,mlat
ae0501,2026-07-21 02:31:14.720666,UNK C/S,59-1504,5735,33000,42.265915,-73.113457,KC-135R Stratotanker,85,514,0,False,mlat
ae0687,2026-07-21 02:31:14.720671,RCH284,60-0349,6554,35000,44.800789,-61.882149,KC-135R Stratotanker,86,598,0,False,mlat
ae1233,2026-07-21 02:31:14.720674,MCFAMC,03-3122,Unavailable,33008,51.742344,-58.167458,C-17A Globemaster,63,,,False,adsc
ae0391,2026-07-21 02:31:14.720677,RCH283,63-8039,7306,Unavailable,44.953823,-56.676064,KC-135R Stratotanker,86,,,False,adsc
ae07f1,2026-07-21 02:31:14.720681,MCFAMC,96-0007,2000,Unavailable,47.449093,-48.735008,C-17A Globemaster,72,,,False,adsc
ae1172,2026-07-21 02:31:14.720689,RCH305,02-1100,0135,32000,53.292435,1.867362,C-17A Globemaster,307,445,64,False,adsb_icao
ae058a,2026-07-21 02:31:14.720693,RCH2038,87-0045,0635,30000,51.811058,4.931997,C-5M Galaxy,309,444,-32,False,mlat
ae0816,2026-07-21 02:31:14.720696,RCH690,00-0180,3450,35000,51.878677,4.966934,C-17A Globemaster,115,461,0,False,adsb_icao
ae146d,2026-07-21 02:31:14.720700,RCH044,07-7175,4675,38000,48.551727,18.290661,C-17A Globemaster,310,425,0,False,mlat
ae07de,2026-07-21 02:31:14.720703,RCH409,93-0604,2647,32000,44.619122,22.786903,C-17A Globemaster,338,448,0,False,mlat
ae07fa,2026-07-21 02:31:14.720705,RCH899,97-0048,7716,29000,43.038277,23.91029,C-17A Globemaster,173,460,0,False,mlat
800790,2026-07-21 02:31:14.720709,IFC0736,CB-8003,3556,31000,22.958027,64.878288,C-17A Globemaster,91,446,0,False,other
ae1179,2026-07-21 02:31:14.720720,RCH213,02-1107,2153,32000,19.1,-67.3,C-17A Globemaster,311,424,64,False,mode_s
ae87fc,2026-07-21 02:31:14.720724,UNK C/S,,5244,19500,38.8,-72.3,E-6B TACAMO,,,,False,mode_s
ae07e0,2026-07-21 02:31:14.720727,MOOSE45,94-0066,0713,34000,31.5,33.3,C-17A Globemaster,,,,False,mode_s
ae63ba,2026-07-21 02:31:14.720731,UNK C/S,20-46078,1200,Unavailable,38.6,-122.2,KC-46A Pegasus,,,,False,mode_s
ae07db,2026-07-21 02:31:14.720734,RCH557,93-0601,1443,31000,47.3,-59.9,C-17A Globemaster,,,,False,mode_s
ae1458,2026-07-21 02:31:14.720736,RCH241,06-6154,Unavailable,Unavailable,34.7,-126.3,C-17A Globemaster,,,,False,mode_s
ae058e,2026-07-21 02:31:14.720741,UNK C/S,58-0021,Unavailable,Unavailable,52.4,7.8,KC-135R Stratotanker,,,,False,mode_s
ae1197,2026-07-21 02:31:14.720744,MOOSE47,03-3114,7404,31000,37.1,25.9,C-17A Globemaster,,,,False,mode_s
ae08cf,2026-07-21 02:32:15.095748,WOLF01,00-0185,4206,16900,61.74678,-148.218521,C-17A Globemaster,68,315,0,False,adsb_icao
ae210c,2026-07-21 02:32:15.095774,VV166961,166961,0432,21950,36.265041,-118.273575,F/A-18 Hornet,244,356,-326,False,mlat
ae0377,2026-07-21 02:32:15.095780,UNK C/S,62-3502,6742,36000,41.733322,-117.93351,KC-135R Stratotanker,3,527,0,False,mlat
ae0802,2026-07-21 02:32:15.095788,RCH262,98-0056,4175,36050,37.405884,-113.626587,C-17A Globemaster,289,473,0,False,mlat
ae2fae,2026-07-21 02:32:15.095794,RCH193,08-8202,4021,37025,40.193081,-100.477722,C-17A Globemaster,98,505,0,False,mlat
ae0583,2026-07-21 02:32:15.095800,CHILI85,87-0038,0352,3025,29.590755,-98.67128,C-5M Galaxy,135,163,75,False,mlat
ae026d,2026-07-21 02:32:15.095826,UNK C/S,62-3576,3507,27000,32.956383,-80.588593,KC-135R Stratotanker,56,474,0,False,mlat
ae0501,2026-07-21 02:32:15.095833,UNK C/S,59-1504,5735,33000,42.275745,-72.913734,KC-135R Stratotanker,88,538,0,False,mlat
ae0687,2026-07-21 02:32:15.095838,RCH284,60-0349,6554,35000,44.811596,-61.652714,KC-135R Stratotanker,88,593,0,False,mlat
ae1233,2026-07-21 02:32:15.095842,MCFAMC,03-3122,Unavailable,33008,51.742344,-58.167458,C-17A Globemaster,63,,,False,adsc
ae0391,2026-07-21 02:32:15.095846,RCH283,63-8039,7306,Unavailable,44.953823,-56.676064,KC-135R Stratotanker,86,,,False,adsc
ae07f1,2026-07-21 02:32:15.095850,MCFAMC,96-0007,2000,Unavailable,47.449093,-48.735008,C-17A Globemaster,72,,,False,adsc
ae1172,2026-07-21 02:32:15.095857,RCH305,02-1100,0135,32000,53.368698,1.704372,C-17A Globemaster,307,445,0,False,adsb_icao
ae058a,2026-07-21 02:32:15.095861,RCH2038,87-0045,0635,30000,51.894642,4.769234,C-5M Galaxy,309,442,-64,False,mlat
ae0816,2026-07-21 02:32:15.095864,RCH690,00-0180,3450,35000,51.822884,5.155106,C-17A Globemaster,115,463,0,False,adsb_icao
ae146d,2026-07-21 02:32:15.095868,RCH044,07-7175,4675,38000,48.62455,18.157101,C-17A Globemaster,309,418,0,False,mlat
ae07de,2026-07-21 02:32:15.095872,RCH409,93-0604,2647,32000,44.71339,22.728359,C-17A Globemaster,336,443,0,False,mlat
ae07fa,2026-07-21 02:32:15.095876,RCH899,97-0048,7716,29000,42.91346,23.927599,C-17A Globemaster,173,458,-64,False,mlat
800790,2026-07-21 02:32:15.095880,IFC0736,CB-8003,3556,31025,22.958773,65.001274,C-17A Globemaster,91,449,,False,other
ae0238,2026-07-21 02:32:15.095893,UNK C/S,58-0074,Unavailable,1150,40.3,-79.9,KC-135R Stratotanker,,,,False,mode_s
ae1179,2026-07-21 02:32:15.095898,RCH213,02-1107,2153,32000,18.9,-67.2,C-17A Globemaster,311,424,0,False,mode_s
ae87fc,2026-07-21 02:32:15.095901,UNK C/S,,5244,19500,38.7,-72.4,E-6B TACAMO,,,,False,mode_s
ae07e0,2026-07-21 02:32:15.095905,MOOSE45,94-0066,0713,34000,32.1,33.3,C-17A Globemaster,,,,False,mode_s
ae07db,2026-07-21 02:32:15.095909,RCH557,93-0601,1443,31000,47.3,-59.9,C-17A Globemaster,,,,False,mode_s
ae1458,2026-07-21 02:32:15.095912,RCH241,06-6154,Unavailable,Unavailable,34.7,-126.3,C-17A Globemaster,,,,False,mode_s
ae1197,2026-07-21 02:32:15.095917,MOOSE47,03-3114,7404,31000,37.2,25.9,C-17A Globemaster,,,,False,mode_s
ae08cf,2026-07-21 02:33:15.514153,WOLF01,00-0185,4206,16900,61.779327,-148.04715,C-17A Globemaster,68,314,-128,False,adsb_icao
ae210c,2026-07-21 02:33:15.514176,VV166961,166961,1354,21975,36.279758,-118.407768,F/A-18 Hornet,289,348,-23,False,mlat
ae0377,2026-07-21 02:33:15.514181,UNK C/S,62-3502,6742,36000,41.91098,-117.92482,KC-135R Stratotanker,3,497,0,False,mlat
ae0802,2026-07-21 02:33:15.514189,RCH262,98-0056,4175,36025,37.441044,-113.77668,C-17A Globemaster,282,474,24,False,mlat
ae2fae,2026-07-21 02:33:15.514196,RCH193,08-8202,4021,37000,40.18214,-100.309402,C-17A Globemaster,99,417,-21,False,mlat
ae0583,2026-07-21 02:33:15.514202,CHILI85,87-0038,0352,3000,29.550121,-98.643112,C-5M Galaxy,169,201,0,False,mlat
ae026d,2026-07-21 02:33:15.514222,UNK C/S,62-3576,3507,27000,33.033108,-80.480927,KC-135R Stratotanker,46,401,0,False,mlat
ae0238,2026-07-21 02:33:15.514225,UNK C/S,58-0074,Unavailable,2800,40.50354,-80.308594,KC-135R Stratotanker,312,239,1811,False,mlat
ae0501,2026-07-21 02:33:15.514232,UNK C/S,59-1504,5735,33000,42.285446,-72.718819,KC-135R Stratotanker,86,535,0,False,mlat
ae0687,2026-07-21 02:33:15.514236,RCH284,60-0349,6554,35000,44.822746,-61.445347,KC-135R Stratotanker,84,591,0,False,mlat
ae1233,2026-07-21 02:33:15.514239,MCFAMC,03-3122,Unavailable,33008,51.742344,-58.167458,C-17A Globemaster,63,,,False,adsc
ae0391,2026-07-21 02:33:15.514243,RCH283,63-8039,7306,Unavailable,44.953823,-56.676064,KC-135R Stratotanker,86,,,False,adsc
ae07f1,2026-07-21 02:33:15.514246,MCFAMC,96-0007,2000,Unavailable,47.449093,-48.735008,C-17A Globemaster,72,,,False,adsc
ae1172,2026-07-21 02:33:15.514254,RCH305,02-1100,0135,32000,53.445053,1.539969,C-17A Globemaster,307,444,0,False,adsb_icao
ae058a,2026-07-21 02:33:15.514257,RCH2038,87-0045,0635,30000,51.974705,4.614412,C-5M Galaxy,309,444,32,False,mlat
ae0816,2026-07-21 02:33:15.514260,RCH690,00-0180,3450,35000,51.766571,5.343735,C-17A Globemaster,115,465,-64,False,adsb_icao
ae146d,2026-07-21 02:33:15.514264,RCH044,07-7175,4675,38000,48.699802,18.017372,C-17A Globemaster,311,416,0,False,mlat
ae07de,2026-07-21 02:33:15.514266,RCH409,93-0604,2647,32000,44.848061,22.648054,C-17A Globemaster,337,447,0,False,mlat
ae07fa,2026-07-21 02:33:15.514269,RCH899,97-0048,7716,29000,42.780838,23.947098,C-17A Globemaster,173,458,-64,False,mlat
ae07e0,2026-07-21 02:33:15.514272,MOOSE45,94-0066,0713,34000,30.660034,33.581337,C-17A Globemaster,,,0,False,mlat
800790,2026-07-21 02:33:15.514276,IFC0736,CB-8003,3556,31025,22.959869,65.204903,C-17A Globemaster,90,447,0,False,other
ae1179,2026-07-21 02:33:15.514288,RCH213,02-1107,2153,32000,19.1,-67.3,C-17A Globemaster,311,424,-32,False,mode_s
ae87fc,2026-07-21 02:33:15.514292,UNK C/S,,5244,19500,38.7,-72.8,E-6B TACAMO,,,,False,mode_s
ae07db,2026-07-21 02:33:15.514297,RCH557,93-0601,1443,31000,47.3,-59.9,C-17A Globemaster,,,,False,mode_s
ae1458,2026-07-21 02:33:15.514299,RCH241,06-6154,Unavailable,Unavailable,34.7,-126.3,C-17A Globemaster,,,,False,mode_s
ae1197,2026-07-21 02:33:15.514303,MOOSE47,03-3114,7404,31000,37.1,25.8,C-17A Globemaster,,,,False,mode_s
ae08cf,2026-07-21 02:34:15.915589,WOLF01,00-0185,4206,16425,61.811874,-147.873734,C-17A Globemaster,68,323,-2176,False,adsb_icao
ae210c,2026-07-21 02:34:15.915616,VV166961,166961,1354,21975,36.307484,-118.536148,F/A-18 Hornet,285,424,0,False,mlat
ae0377,2026-07-21 02:34:15.915621,UNK C/S,62-3502,6742,36000,42.029408,-117.900604,KC-135R Stratotanker,4,516,0,False,mlat
ae0802,2026-07-21 02:34:15.915629,RCH262,98-0056,4175,36050,37.47142,-113.932892,C-17A Globemaster,283,466,0,False,mlat
ae2fae,2026-07-21 02:34:15.915642,RCH193,08-8202,4021,37025,40.172924,-100.12513,C-17A Globemaster,91,482,-74,False,mlat
ae0583,2026-07-21 02:34:15.915648,CHILI85,87-0038,0352,2725,29.50256,-98.625648,C-5M Galaxy,164,162,-542,False,mlat
ae026d,2026-07-21 02:34:15.915672,UNK C/S,62-3576,3507,27000,33.109947,-80.37648,KC-135R Stratotanker,49,409,0,False,mlat
ae0238,2026-07-21 02:34:15.915676,UNK C/S,58-0074,Unavailable,5000,40.569885,-80.340195,KC-135R Stratotanker,344,276,1979,False,mlat
ae87fc,2026-07-21 02:34:15.915683,UNK C/S,,5244,19500,38.211376,-72.526337,E-6B TACAMO,,,,False,mlat
ae0501,2026-07-21 02:34:15.915686,UNK C/S,59-1504,5735,33000,42.295261,-72.516708,KC-135R Stratotanker,86,524,0,False,mlat
ae0687,2026-07-21 02:34:15.915690,RCH284,60-0349,6554,35000,44.836185,-61.164246,KC-135R Stratotanker,87,595,52,False,mlat
ae1233,2026-07-21 02:34:15.915693,MCFAMC,03-3122,Unavailable,33008,51.742344,-58.167458,C-17A Globemaster,63,,,False,adsc
ae0391,2026-07-21 02:34:15.915697,RCH283,63-8039,7306,Unavailable,44.953823,-56.676064,KC-135R Stratotanker,86,,,False,adsc
ae07f1,2026-07-21 02:34:15.915700,MCFAMC,96-0007,2000,Unavailable,47.449093,-48.735008,C-17A Globemaster,72,,,False,adsc
ae1172,2026-07-21 02:34:15.915707,RCH305,02-1100,0135,32000,53.520409,1.376603,C-17A Globemaster,307,437,-64,False,adsb_icao
ae058a,2026-07-21 02:34:15.915710,RCH2038,87-0045,0635,30000,52.052685,4.461081,C-5M Galaxy,309,442,-32,False,mlat
ae0816,2026-07-21 02:34:15.915715,RCH690,00-0180,3450,35000,51.709946,5.532227,C-17A Globemaster,115,466,32,False,adsb_icao
ae146d,2026-07-21 02:34:15.915720,RCH044,07-7175,4675,38000,48.776878,17.875019,C-17A Globemaster,307,452,0,False,mlat
ae07de,2026-07-21 02:34:15.915724,RCH409,93-0604,2647,32000,44.957436,22.582674,C-17A Globemaster,336,428,0,False,mlat
ae07fa,2026-07-21 02:34:15.915727,RCH899,97-0048,7716,29000,42.660316,23.963961,C-17A Globemaster,173,450,96,False,mlat
ae07e0,2026-07-21 02:34:15.915731,MOOSE45,94-0066,0713,34000,30.806047,33.496906,C-17A Globemaster,338,556,0,False,mlat
800790,2026-07-21 02:34:15.915735,IFC0736,CB-8003,3556,31000,22.960262,65.283257,C-17A Globemaster,89,446,-64,False,other
ae589f,2026-07-21 02:34:15.915748,UNK C/S,61-0010,Unavailable,Unavailable,31.5,-93.3,B-52H Stratofortress,,,,False,mode_s
ae1179,2026-07-21 02:34:15.915753,RCH213,02-1107,2153,32000,18.6,-66.9,C-17A Globemaster,311,426,-32,False,mode_s
ae07db,2026-07-21 02:34:15.915760,RCH557,93-0601,1443,31000,47.3,-59.9,C-17A Globemaster,,,,False,mode_s
ae1458,2026-07-21 02:34:15.915763,RCH241,06-6154,Unavailable,Unavailable,34.7,-127.3,C-17A Globemaster,,,,False,mode_s
ae1197,2026-07-21 02:34:15.915769,MOOSE47,03-3114,7404,31000,37.2,25.8,C-17A Globemaster,,,,False,mode_s
ae08cf,2026-07-21 02:35:16.275911,WOLF01,00-0185,4206,14425,61.844696,-147.697449,C-17A Globemaster,68,315,-1920,False,adsb_icao
ae210c,2026-07-21 02:35:16.275937,VV166961,166961,1354,21850,36.336922,-118.679939,F/A-18 Hornet,281,419,-351,False,mlat
ae0377,2026-07-21 02:35:16.275943,UNK C/S,62-3502,6742,36000,42.236031,-117.897644,KC-135R Stratotanker,357,597,0,False,mlat
ae0802,2026-07-21 02:35:16.275951,RCH262,98-0056,4175,36050,37.509598,-114.10067,C-17A Globemaster,282,475,0,False,mlat
ae2fae,2026-07-21 02:35:16.275957,RCH193,08-8202,4021,37025,40.161415,-99.960655,C-17A Globemaster,95,465,4,False,mlat
ae0583,2026-07-21 02:35:16.275965,CHILI85,87-0038,0352,1900,29.462143,-98.609924,C-5M Galaxy,166,137,-792,False,mlat
ae0238,2026-07-21 02:35:16.275989,UNK C/S,58-0074,Unavailable,5750,40.647083,-80.347504,KC-135R Stratotanker,23,291,1504,False,mlat
ae026d,2026-07-21 02:35:16.275993,UNK C/S,62-3576,3507,27000,33.179916,-80.279427,KC-135R Stratotanker,48,415,0,False,mlat
ae87fc,2026-07-21 02:35:16.276000,UNK C/S,,5244,19500,38.185265,-72.613129,E-6B TACAMO,244,289,0,False,mlat
ae0501,2026-07-21 02:35:16.276004,UNK C/S,59-1504,5735,33000,42.304161,-72.317596,KC-135R Stratotanker,86,508,0,False,mlat
ae0687,2026-07-21 02:35:16.276008,RCH284,60-0349,6554,35000,44.843369,-61.004871,KC-135R Stratotanker,86,587,0,False,mlat
ae1233,2026-07-21 02:35:16.276012,MCFAMC,03-3122,Unavailable,33008,51.742344,-58.167458,C-17A Globemaster,63,,,False,adsc
ae0391,2026-07-21 02:35:16.276015,RCH283,63-8039,7306,Unavailable,44.953823,-56.676064,KC-135R Stratotanker,86,,,False,adsc
ae07f1,2026-07-21 02:35:16.276019,MCFAMC,96-0007,2000,Unavailable,47.449093,-48.735008,C-17A Globemaster,72,,,False,adsc
ae1172,2026-07-21 02:35:16.276027,RCH305,02-1100,0135,32000,53.594753,1.214555,C-17A Globemaster,307,436,64,False,adsb_icao
ae058a,2026-07-21 02:35:16.276031,RCH2038,87-0045,0635,30000,52.129429,4.310293,C-5M Galaxy,309,440,0,False,mlat
ae0816,2026-07-21 02:35:16.276034,RCH690,00-0180,3450,35000,51.652817,5.720833,C-17A Globemaster,116,471,0,False,adsb_icao
ae146d,2026-07-21 02:35:16.276039,RCH044,07-7175,4675,38000,48.849483,17.73863,C-17A Globemaster,308,413,0,False,mlat
ae07de,2026-07-21 02:35:16.276043,RCH409,93-0604,2647,32000,45.063408,22.519049,C-17A Globemaster,337,444,0,False,mlat
ae07fa,2026-07-21 02:35:16.276046,RCH899,97-0048,7716,29000,42.538509,23.980633,C-17A Globemaster,173,456,-128,False,mlat
ae07e0,2026-07-21 02:35:16.276050,MOOSE45,94-0066,0713,34000,30.870419,33.45665,C-17A Globemaster,333,503,64,False,mlat
ae589f,2026-07-21 02:35:16.276065,UNK C/S,61-0010,Unavailable,Unavailable,31.5,-93.3,B-52H Stratofortress,,,,False,mode_s
ae1179,2026-07-21 02:35:16.276070,RCH213,02-1107,2153,32000,18.6,-67.6,C-17A Globemaster,308,422,-32,False,mode_s
ae07db,2026-07-21 02:35:16.276076,RCH557,93-0601,1443,31000,47.3,-59.9,C-17A Globemaster,,,,False,mode_s
ae1458,2026-07-21 02:35:16.276079,RCH241,06-6154,Unavailable,Unavailable,34.7,-127.3,C-17A Globemaster,,,,False,mode_s
ae1197,2026-07-21 02:35:16.276085,MOOSE47,03-3114,7404,31000,37.2,26.2,C-17A Globemaster,,,,False,mode_s
ae08cf,2026-07-21 02:36:16.772581,WOLF01,00-0185,4206,12450,61.876511,-147.525589,C-17A Globemaster,68,313,-2112,False,adsb_icao
ae210c,2026-07-21 02:36:16.772608,VV166961,166961,1354,20025,36.335991,-118.764717,F/A-18 Hornet,261,398,-1660,False,mlat
ae0377,2026-07-21 02:36:16.772614,UNK C/S,62-3502,6742,36000,42.37912,-117.875908,KC-135R Stratotanker,3,518,0,False,mlat
ae0802,2026-07-21 02:36:16.772622,RCH262,98-0056,4175,36050,37.530266,-114.253494,C-17A Globemaster,282,448,0,False,mlat
ae2fae,2026-07-21 02:36:16.772628,RCH193,08-8202,4021,37025,40.145081,-99.763084,C-17A Globemaster,95,482,75,False,mlat
ae0583,2026-07-21 02:36:16.772634,CHILI85,87-0038,0352,1275,29.427204,-98.597107,C-5M Galaxy,160,123,-711,False,mlat
ae0238,2026-07-21 02:36:16.772656,UNK C/S,58-0074,Unavailable,8075,40.713875,-80.295898,KC-135R Stratotanker,26,293,2569,False,mlat
ae026d,2026-07-21 02:36:16.772660,UNK C/S,62-3576,3507,27000,33.254456,-80.174751,KC-135R Stratotanker,48,392,0,False,mlat
ae87fc,2026-07-21 02:36:16.772669,UNK C/S,,5244,19500,38.139843,-72.644119,E-6B TACAMO,242,290,,False,mlat
ae0501,2026-07-21 02:36:16.772672,UNK C/S,59-1504,5735,33000,42.320759,-72.125946,KC-135R Stratotanker,84,523,0,False,mlat
ae0391,2026-07-21 02:36:16.772677,RCH283,63-8039,7306,Unavailable,44.953823,-56.676064,KC-135R Stratotanker,86,,,False,adsc
ae1233,2026-07-21 02:36:16.772680,MCFAMC,03-3122,Unavailable,33008,52.532501,-55.402336,C-17A Globemaster,63,,,False,adsc
ae07f1,2026-07-21 02:36:16.772683,MCFAMC,96-0007,2000,Unavailable,47.449093,-48.735008,C-17A Globemaster,72,,,False,adsc
ae1172,2026-07-21 02:36:16.772692,RCH305,02-1100,0135,32000,53.668579,1.052569,C-17A Globemaster,307,439,-64,False,adsb_icao
ae058a,2026-07-21 02:36:16.772696,RCH2038,87-0045,0635,30000,52.206268,4.158995,C-5M Galaxy,309,442,96,False,mlat
ae0816,2026-07-21 02:36:16.772699,RCH690,00-0180,3450,35000,51.580856,5.898099,C-17A Globemaster,126,474,32,False,adsb_icao
ae146d,2026-07-21 02:36:16.772705,RCH044,07-7175,4675,38000,48.902405,17.600225,C-17A Globemaster,293,411,0,False,mlat
ae07de,2026-07-21 02:36:16.772708,RCH409,93-0604,2647,32000,45.155369,22.462311,C-17A Globemaster,336,439,0,False,mlat
ae07fa,2026-07-21 02:36:16.772712,RCH899,97-0048,7716,29000,42.400043,24.001484,C-17A Globemaster,173,456,-160,False,mlat
ae07e0,2026-07-21 02:36:16.772715,MOOSE45,94-0066,0713,34000,30.902912,33.435627,C-17A Globemaster,332,484,0,False,other
800790,2026-07-21 02:36:16.772719,IFC0736,CB-8003,3556,31025,22.961193,65.6278,C-17A Globemaster,90,449,0,False,other
ae1179,2026-07-21 02:36:16.772732,RCH213,02-1107,2153,32000,18.6,-67.6,C-17A Globemaster,308,422,0,False,mode_s
ae07db,2026-07-21 02:36:16.772738,RCH557,93-0601,1443,31000,47.3,-59.9,C-17A Globemaster,,,,False,mode_s
ae1458,2026-07-21 02:36:16.772740,RCH241,06-6154,Unavailable,Unavailable,34.7,-127.5,C-17A Globemaster,,,,False,mode_s
ae0687,2026-07-21 02:36:16.772744,RCH284,60-0349,6554,35000,46.2,-61.7,KC-135R Stratotanker,,,,False,mode_s
ae1173,2026-07-21 02:36:16.772748,UNK C/S,02-1101,Unavailable,Unavailable,51.4,-0.4,C-17A Globemaster,,,,False,mode_s
ae1197,2026-07-21 02:36:16.772751,MOOSE47,03-3114,7404,31000,36.6,26.9,C-17A Globemaster,,,,False,mode_s
ae08cf,2026-07-21 02:37:17.125817,WOLF01,00-0185,4206,12725,61.872253,-147.548843,C-17A Globemaster,69,313,-2048,False,other
ae210c,2026-07-21 02:37:17.125843,VV166961,166961,1354,19525,36.327335,-118.860504,F/A-18 Hornet,261,411,-93,False,mlat
ae0377,2026-07-21 02:37:17.125849,UNK C/S,62-3502,6742,36000,42.516457,-117.866409,KC-135R Stratotanker,8,515,-62,False,mlat
ae0802,2026-07-21 02:37:17.125858,RCH262,98-0056,4175,36050,37.559784,-114.415527,C-17A Globemaster,284,477,0,False,mlat
ae2fae,2026-07-21 02:37:17.125864,RCH193,08-8202,4021,37000,40.135349,-99.616699,C-17A Globemaster,98,474,37,False,mlat
ae0583,2026-07-21 02:37:17.125871,CHILI85,87-0038,0352,725,29.400826,-98.588287,C-5M Galaxy,168,113,-692,False,mlat
ae0238,2026-07-21 02:37:17.125894,UNK C/S,58-0074,Unavailable,10175,40.787609,-80.24118,KC-135R Stratotanker,26,297,1788,False,mlat
ae026d,2026-07-21 02:37:17.125897,UNK C/S,62-3576,3507,27000,33.328423,-80.072014,KC-135R Stratotanker,44,368,0,False,mlat
ae0501,2026-07-21 02:37:17.125905,UNK C/S,59-1504,5735,33000,42.33617,-71.929428,KC-135R Stratotanker,83,521,0,False,mlat
ae0391,2026-07-21 02:37:17.125910,RCH283,63-8039,7306,Unavailable,44.953823,-56.676064,KC-135R Stratotanker,86,,,False,adsc
ae1233,2026-07-21 02:37:17.125914,MCFAMC,03-3122,Unavailable,33008,52.532501,-55.402336,C-17A Globemaster,63,,,False,adsc
ae07f1,2026-07-21 02:37:17.125917,MCFAMC,96-0007,2000,Unavailable,47.449093,-48.735008,C-17A Globemaster,72,,,False,adsc
ae1172,2026-07-21 02:37:17.125924,RCH305,02-1100,0135,32000,53.742783,0.888559,C-17A Globemaster,307,441,-64,False,adsb_icao
ae058a,2026-07-21 02:37:17.125928,RCH2038,87-0045,0635,30000,52.286366,3.997378,C-5M Galaxy,309,440,32,False,mlat
ae0816,2026-07-21 02:37:17.125931,RCH690,00-0180,3450,35000,51.50322,6.069798,C-17A Globemaster,126,474,-128,False,adsb_icao
ae146d,2026-07-21 02:37:17.125936,RCH044,07-7175,4675,38000,48.9562,17.431379,C-17A Globemaster,296,400,0,False,mlat
ae07de,2026-07-21 02:37:17.125939,RCH409,93-0604,2647,32000,45.296951,22.374649,C-17A Globemaster,337,446,76,False,mlat
ae07fa,2026-07-21 02:37:17.125943,RCH899,97-0048,7716,29000,42.274849,24.020533,C-17A Globemaster,173,448,768,False,mlat
ae07e0,2026-07-21 02:37:17.125947,MOOSE45,94-0066,0713,34000,31.021807,33.365093,C-17A Globemaster,332,487,0,False,other
800790,2026-07-21 02:37:17.125951,IFC0736,CB-8003,3556,31000,22.961334,65.771202,C-17A Globemaster,90,448,0,False,adsb_icao
ae1179,2026-07-21 02:37:17.125967,RCH213,02-1107,2153,32000,18.8,-67.6,C-17A Globemaster,308,422,0,False,mode_s
ae87fc,2026-07-21 02:37:17.125971,UNK C/S,,5244,19500,38.3,-73.4,E-6B TACAMO,,,,False,mode_s
ae1458,2026-07-21 02:37:17.125975,RCH241,06-6154,Unavailable,Unavailable,34.7,-127.5,C-17A Globemaster,,,,False,mode_s
ae0687,2026-07-21 02:37:17.125979,RCH284,60-0349,6554,35000,45.8,-61.5,KC-135R Stratotanker,,,,False,mode_s
ae1197,2026-07-21 02:37:17.125984,MOOSE47,03-3114,7404,31000,33.0,32.4,C-17A Globemaster,,,,False,mode_s
ae08cf,2026-07-21 02:38:17.502508,WOLF01,00-0185,4206,12250,61.879944,-147.507156,C-17A Globemaster,69,313,-1920,False,other
ae210c,2026-07-21 02:38:17.502531,VV166961,166961,1354,17350,36.316185,-119.030556,F/A-18 Hornet,264,383,-2381,False,mlat
ae0377,2026-07-21 02:38:17.502538,UNK C/S,62-3502,6742,36000,42.651699,-117.861572,KC-135R Stratotanker,2,506,0,False,mlat
ae0802,2026-07-21 02:38:17.502547,RCH262,98-0056,4175,36050,37.586266,-114.569588,C-17A Globemaster,281,465,0,False,mlat
ae2fae,2026-07-21 02:38:17.502554,RCH193,08-8202,4021,37000,40.118736,-99.446556,C-17A Globemaster,93,461,66,False,mlat
ae0583,2026-07-21 02:38:17.502560,CHILI85,87-0038,0352,2300,29.351089,-98.578659,C-5M Galaxy,209,140,1988,False,mlat
ae0238,2026-07-21 02:38:17.502582,UNK C/S,58-0074,Unavailable,11725,40.856991,-80.159042,KC-135R Stratotanker,55,359,1803,False,mlat
ae026d,2026-07-21 02:38:17.502585,UNK C/S,62-3576,3507,27000,33.397079,-79.973534,KC-135R Stratotanker,49,418,0,False,mlat
ae0501,2026-07-21 02:38:17.502593,UNK C/S,59-1504,5735,33000,42.353401,-71.724678,KC-135R Stratotanker,84,529,0,False,mlat
ae0391,2026-07-21 02:38:17.502597,RCH283,63-8039,7306,Unavailable,44.953823,-56.676064,KC-135R Stratotanker,86,,,False,adsc
ae1233,2026-07-21 02:38:17.502601,MCFAMC,03-3122,Unavailable,33004,52.680473,-54.911556,C-17A Globemaster,63,,,False,adsc
ae07f1,2026-07-21 02:38:17.502604,MCFAMC,96-0007,2000,Unavailable,47.449093,-48.735008,C-17A Globemaster,72,,,False,adsc
ae1172,2026-07-21 02:38:17.502611,RCH305,02-1100,0135,32000,53.817398,0.722665,C-17A Globemaster,307,443,-64,False,adsb_icao
ae058a,2026-07-21 02:38:17.502615,RCH2038,87-0045,0635,30000,52.361195,3.847776,C-5M Galaxy,309,438,0,False,mlat
ae0816,2026-07-21 02:38:17.502618,RCH690,00-0180,3450,34550,51.413689,6.222229,C-17A Globemaster,159,475,-1632,False,adsb_icao
ae146d,2026-07-21 02:38:17.502623,RCH044,07-7175,4675,38000,49.00515,17.287821,C-17A Globemaster,295,393,0,False,mlat
ae07de,2026-07-21 02:38:17.502626,RCH409,93-0604,2647,32000,45.412144,22.304119,C-17A Globemaster,336,462,0,False,mlat
ae07fa,2026-07-21 02:38:17.502629,RCH899,97-0048,7716,29000,42.15575,24.035227,C-17A Globemaster,173,446,0,False,mlat
ae07e0,2026-07-21 02:38:17.502632,MOOSE45,94-0066,0713,34000,31.16081,33.272919,C-17A Globemaster,331,478,0,False,other
800790,2026-07-21 02:38:17.502637,IFC0736,CB-8003,3556,31000,22.96138,65.901543,C-17A Globemaster,90,451,-32,False,adsb_icao
ae1179,2026-07-21 02:38:17.502653,RCH213,02-1107,2153,32000,18.6,-68.1,C-17A Globemaster,308,422,0,False,mode_s
ae87fc,2026-07-21 02:38:17.502656,UNK C/S,,5244,19500,38.5,-72.0,E-6B TACAMO,,,,False,mode_s
ae1458,2026-07-21 02:38:17.502661,RCH241,06-6154,Unavailable,Unavailable,34.7,-127.5,C-17A Globemaster,,,,False,mode_s
ae0687,2026-07-21 02:38:17.502664,RCH284,60-0349,6554,35000,46.0,-60.1,KC-135R Stratotanker,,,,False,mode_s
ae1197,2026-07-21 02:38:17.502670,MOOSE47,03-3114,7404,31000,34.8,28.9,C-17A Globemaster,,,,False,mode_s
ae210c,2026-07-21 02:39:17.917456,VV166961,166961,1354,16575,36.781181,-119.605042,F/A-18 Hornet,265,378,-549,False,mlat
ae0377,2026-07-21 02:39:17.917481,UNK C/S,62-3502,6742,36000,42.782871,-117.852394,KC-135R Stratotanker,1,521,-25,False,mlat
ae0802,2026-07-21 02:39:17.917490,RCH262,98-0056,4175,36075,37.638226,-114.722496,C-17A Globemaster,290,455,167,False,mlat
ae2fae,2026-07-21 02:39:17.917499,RCH193,08-8202,4021,37000,40.109421,-99.247421,C-17A Globemaster,91,481,-7,False,mlat
ae0583,2026-07-21 02:39:17.917505,CHILI85,87-0038,0352,3050,29.334755,-98.636902,C-5M Galaxy,247,231,183,False,mlat
ae0238,2026-07-21 02:39:17.917525,UNK C/S,58-0074,Unavailable,14150,40.917946,-80.053963,KC-135R Stratotanker,56,360,2415,False,mlat
ae026d,2026-07-21 02:39:17.917530,UNK C/S,62-3576,3507,27000,33.475281,-79.861549,KC-135R Stratotanker,51,403,0,False,mlat
ae0501,2026-07-21 02:39:17.917537,UNK C/S,59-1504,5735,33000,42.368073,-71.529762,KC-135R Stratotanker,85,524,0,False,mlat
ae0391,2026-07-21 02:39:17.917542,RCH283,63-8039,7306,Unavailable,44.953823,-56.676064,KC-135R Stratotanker,86,,,False,adsc
ae1233,2026-07-21 02:39:17.917545,MCFAMC,03-3122,Unavailable,33004,52.680473,-54.911556,C-17A Globemaster,63,,,False,adsc
ae07f1,2026-07-21 02:39:17.917548,MCFAMC,96-0007,2000,Unavailable,47.449093,-48.735008,C-17A Globemaster,72,,,False,adsc
ae1172,2026-07-21 02:39:17.917555,RCH305,02-1100,0135,32000,53.891922,0.55583,C-17A Globemaster,307,443,0,False,adsb_icao
ae058a,2026-07-21 02:39:17.917558,RCH2038,87-0045,0635,30000,52.438358,3.692818,C-5M Galaxy,308,434,0,False,mlat
ae0816,2026-07-21 02:39:17.917562,RCH690,00-0180,3450,32625,51.285049,6.278909,C-17A Globemaster,164,478,-1984,False,adsb_icao
ae146d,2026-07-21 02:39:17.917566,RCH044,07-7175,4675,38000,49.057568,17.115145,C-17A Globemaster,292,409,0,False,mlat
ae07de,2026-07-21 02:39:17.917569,RCH409,93-0604,2647,32000,45.531174,22.231159,C-17A Globemaster,337,466,0,False,mlat
ae07fa,2026-07-21 02:39:17.917572,RCH899,97-0048,7716,29000,42.024811,24.05526,C-17A Globemaster,174,450,192,False,mlat
ae07e0,2026-07-21 02:39:17.917577,MOOSE45,94-0066,0713,34000,31.278309,33.200684,C-17A Globemaster,331,476,64,False,other
800790,2026-07-21 02:39:17.917581,IFC0736,CB-8003,3556,31000,22.961288,66.036873,C-17A Globemaster,90,450,0,False,other
ae1179,2026-07-21 02:39:17.917596,RCH213,02-1107,2153,32000,18.6,-67.1,C-17A Globemaster,308,422,0,False,mode_s
ae87fc,2026-07-21 02:39:17.917600,UNK C/S,,5244,19500,38.5,-73.3,E-6B TACAMO,,,,False,mode_s
ae0687,2026-07-21 02:39:17.917605,RCH284,60-0349,6554,35000,45.6,-59.9,KC-135R Stratotanker,,,,False,mode_s
ae1197,2026-07-21 02:39:17.917610,MOOSE47,03-3114,7404,31000,34.3,29.5,C-17A Globemaster,,,,False,mode_s
ae210c,2026-07-21 02:40:18.438492,VV166961,166961,1354,13850,36.289852,-119.331673,F/A-18 Hornet,262,372,-2802,False,mlat
ae0377,2026-07-21 02:40:18.438516,UNK C/S,62-3502,6742,36000,42.947983,-117.839569,KC-135R Stratotanker,9,606,0,False,mlat
ae0802,2026-07-21 02:40:18.438526,RCH262,98-0056,4175,36050,37.719067,-114.848763,C-17A Globemaster,315,494,-1,False,mlat
ae2fae,2026-07-21 02:40:18.438534,RCH193,08-8202,4021,37025,40.073105,-99.078522,C-17A Globemaster,100,498,0,False,mlat
ae0583,2026-07-21 02:40:18.438538,CHILI85,87-0038,0352,2975,29.368723,-98.691406,C-5M Galaxy,347,244,76,False,mlat
ae0238,2026-07-21 02:40:18.438563,UNK C/S,58-0074,Unavailable,16025,40.98539,-79.940254,KC-135R Stratotanker,54,410,1777,False,mlat
ae026d,2026-07-21 02:40:18.438568,UNK C/S,62-3576,3507,27000,33.548405,-79.759781,KC-135R Stratotanker,45,396,0,False,mlat
ae0501,2026-07-21 02:40:18.438575,UNK C/S,59-1504,5735,33000,42.382671,-71.335091,KC-135R Stratotanker,84,526,0,False,mlat
ae0391,2026-07-21 02:40:18.438581,RCH283,63-8039,7306,Unavailable,44.953823,-56.676064,KC-135R Stratotanker,86,,,False,adsc
ae1233,2026-07-21 02:40:18.438584,MCFAMC,03-3122,Unavailable,33004,52.680473,-54.911556,C-17A Globemaster,63,,,False,adsc
ae07f1,2026-07-21 02:40:18.438588,MCFAMC,96-0007,2000,Unavailable,47.449093,-48.735008,C-17A Globemaster,72,,,False,adsc
ae1172,2026-07-21 02:40:18.438595,RCH305,02-1100,0135,32000,53.966354,0.388131,C-17A Globemaster,306,442,64,False,adsb_icao
ae058a,2026-07-21 02:40:18.438598,RCH2038,87-0045,0635,30000,52.512169,3.542074,C-5M Galaxy,309,430,0,False,mlat
ae0816,2026-07-21 02:40:18.438602,RCH690,00-0180,3450,30650,51.156487,6.334839,C-17A Globemaster,164,480,-2080,False,adsb_icao
ae146d,2026-07-21 02:40:18.438607,RCH044,07-7175,4675,38000,49.102524,16.95336,C-17A Globemaster,293,403,0,False,mlat
ae07de,2026-07-21 02:40:18.438611,RCH409,93-0604,2647,32000,45.64156,22.163498,C-17A Globemaster,337,461,0,False,mlat
ae07fa,2026-07-21 02:40:18.438614,RCH899,97-0048,7716,29000,41.915283,24.067451,C-17A Globemaster,173,454,352,False,mlat
ae07e0,2026-07-21 02:40:18.438619,MOOSE45,94-0066,0713,34000,31.373322,33.141083,C-17A Globemaster,331,478,64,False,other
800790,2026-07-21 02:40:18.438622,IFC0736,CB-8003,3556,31025,22.9611,66.180672,C-17A Globemaster,90,450,32,False,adsb_icao
ae1179,2026-07-21 02:40:18.438634,RCH213,02-1107,2153,32000,18.6,-67.3,C-17A Globemaster,308,422,-32,False,mode_s
ae87fc,2026-07-21 02:40:18.438638,UNK C/S,,5244,19500,38.3,-74.4,E-6B TACAMO,,,,False,mode_s
ae1458,2026-07-21 02:40:18.438642,RCH241,06-6154,Unavailable,Unavailable,34.7,-127.4,C-17A Globemaster,,,,False,mode_s
ae0687,2026-07-21 02:40:18.438645,RCH284,60-0349,6554,35000,45.5,-59.8,KC-135R Stratotanker,,,,False,mode_s
ae1197,2026-07-21 02:40:18.438650,MOOSE47,03-3114,7404,31000,34.1,29.7,C-17A Globemaster,,,,False,mode_s
ae210c,2026-07-21 02:41:18.994938,VV166961,166961,1354,12100,36.277946,-119.438736,F/A-18 Hornet,262,348,-975,False,mlat
ae0377,2026-07-21 02:41:18.994959,UNK C/S,62-3502,6742,36000,43.071922,-117.845016,KC-135R Stratotanker,13,554,-17,False,mlat
ae0802,2026-07-21 02:41:18.994966,RCH262,98-0056,4175,36050,37.797276,-114.960655,C-17A Globemaster,312,481,0,False,mlat
ae2fae,2026-07-21 02:41:18.994974,RCH193,08-8202,4021,37000,40.080326,-98.929039,C-17A Globemaster,97,493,0,False,mlat
ae0583,2026-07-21 02:41:18.994978,CHILI85,87-0038,0352,2975,29.429024,-98.712608,C-5M Galaxy,345,233,-71,False,mlat
ae0238,2026-07-21 02:41:18.994997,UNK C/S,58-0074,Unavailable,18100,41.049038,-79.832275,KC-135R Stratotanker,51,415,2145,False,mlat
ae026d,2026-07-21 02:41:18.995000,UNK C/S,62-3576,3507,27000,33.623566,-79.651451,KC-135R Stratotanker,51,418,0,False,mlat
ae0501,2026-07-21 02:41:18.995006,UNK C/S,59-1504,5735,33000,42.399044,-71.133423,KC-135R Stratotanker,84,521,0,False,mlat
ae0391,2026-07-21 02:41:18.995011,RCH283,63-8039,7306,Unavailable,44.953823,-56.676064,KC-135R Stratotanker,86,,,False,adsc
ae07db,2026-07-21 02:41:18.995014,MCFAMC,93-0601,1443,Unavailable,46.277676,-55.520267,C-17A Globemaster,76,,,False,adsc
ae1233,2026-07-21 02:41:18.995017,MCFAMC,03-3122,Unavailable,33004,52.680473,-54.911556,C-17A Globemaster,63,,,False,adsc
ae07f1,2026-07-21 02:41:18.995020,MCFAMC,96-0007,2000,Unavailable,47.449093,-48.735008,C-17A Globemaster,72,,,False,adsc
ae1172,2026-07-21 02:41:18.995025,RCH305,02-1100,0135,32000,54.039688,0.221688,C-17A Globemaster,306,443,0,False,adsb_icao
ae058a,2026-07-21 02:41:18.995029,RCH2038,87-0045,0635,30000,52.586384,3.392767,C-5M Galaxy,308,432,32,False,mlat
ae0816,2026-07-21 02:41:18.995032,RCH690,00-0180,3450,28675,51.0271,6.390183,C-17A Globemaster,164,484,-2368,False,adsb_icao
ae146d,2026-07-21 02:41:18.995036,RCH044,07-7175,4675,38000,49.147572,16.795385,C-17A Globemaster,293,403,0,False,mlat
ae07de,2026-07-21 02:41:18.995040,RCH409,93-0604,2647,32000,45.746407,22.057032,C-17A Globemaster,312,435,-17,False,mlat
ae07fa,2026-07-21 02:41:18.995042,RCH899,97-0048,7716,29000,41.773083,24.091522,C-17A Globemaster,174,456,-608,False,mlat
ae07e0,2026-07-21 02:41:18.995046,MOOSE45,94-0066,0713,34000,31.673512,33.131443,C-17A Globemaster,340,422,0,False,mlat
800790,2026-07-21 02:41:18.995049,IFC0736,CB-8003,3556,31000,22.960773,66.315666,C-17A Globemaster,90,449,0,False,adsb_icao
ae87fc,2026-07-21 02:41:18.995063,UNK C/S,,5244,19500,38.0,-74.0,E-6B TACAMO,,,,False,mode_s
ae1179,2026-07-21 02:41:18.995067,RCH213,02-1107,2153,32000,19.3,-67.3,C-17A Globemaster,308,422,-64,False,mode_s
ae0687,2026-07-21 02:41:18.995072,RCH284,60-0349,6554,35000,45.8,-59.8,KC-135R Stratotanker,,,,False,mode_s
ae1197,2026-07-21 02:41:18.995076,MOOSE47,03-3114,7404,31000,34.0,29.7,C-17A Globemaster,,,,False,mode_s
ae1458,2026-07-21 02:41:18.995079,RCH241,06-6154,Unavailable,Unavailable,34.7,-127.2,C-17A Globemaster,,,,False,mode_s
ae210c,2026-07-21 02:42:19.418438,VV166961,166961,1354,12125,36.270084,-119.582939,F/A-18 Hornet,272,386,0,False,mlat
ae0377,2026-07-21 02:42:19.418460,UNK C/S,62-3502,6742,36000,43.234436,-117.833229,KC-135R Stratotanker,351,485,0,False,mlat
ae0802,2026-07-21 02:42:19.418469,RCH262,98-0056,4175,36050,37.895931,-115.103973,C-17A Globemaster,311,471,0,False,mlat
ae2fae,2026-07-21 02:42:19.418478,RCH193,08-8202,4021,37025,40.063133,-98.748016,C-17A Globemaster,95,446,74,False,mlat
ae0583,2026-07-21 02:42:19.418482,CHILI85,87-0038,0352,3000,29.492477,-98.734955,C-5M Galaxy,342,236,-3,False,mlat
ae0238,2026-07-21 02:42:19.418503,UNK C/S,58-0074,Unavailable,19675,41.099403,-79.694565,KC-135R Stratotanker,76,423,1227,False,mlat
ae026d,2026-07-21 02:42:19.418507,UNK C/S,62-3576,3507,27000,33.700603,-79.541954,KC-135R Stratotanker,51,425,0,False,mlat
ae0501,2026-07-21 02:42:19.418514,UNK C/S,59-1504,5735,33000,42.412506,-70.939636,KC-135R Stratotanker,85,532,0,False,mlat
ae0391,2026-07-21 02:42:19.418520,RCH283,63-8039,7306,Unavailable,44.953823,-56.676064,KC-135R Stratotanker,86,,,False,adsc
ae07db,2026-07-21 02:42:19.418523,MCFAMC,93-0601,1443,Unavailable,46.277676,-55.520267,C-17A Globemaster,76,,,False,adsc
ae1233,2026-07-21 02:42:19.418526,MCFAMC,03-3122,Unavailable,33004,52.680473,-54.911556,C-17A Globemaster,63,,,False,adsc
ae07f1,2026-07-21 02:42:19.418530,MCFAMC,96-0007,2000,Unavailable,47.449093,-48.735008,C-17A Globemaster,72,,,False,adsc
ae1172,2026-07-21 02:42:19.418537,RCH305,02-1100,0135,32000,54.114395,0.050851,C-17A Globemaster,306,443,-64,False,adsb_icao
ae058a,2026-07-21 02:42:19.418541,RCH2038,87-0045,0635,30000,52.662407,3.233636,C-5M Galaxy,308,434,32,False,mlat
ae0816,2026-07-21 02:42:19.418545,RCH690,00-0180,3450,26675,50.895885,6.445999,C-17A Globemaster,164,478,-2048,False,adsb_icao
ae146d,2026-07-21 02:42:19.418549,RCH044,07-7175,4675,38000,49.194843,16.630117,C-17A Globemaster,294,416,0,False,mlat
ae07de,2026-07-21 02:42:19.418553,RCH409,93-0604,2647,32000,45.836918,21.941315,C-17A Globemaster,319,434,0,False,mlat
ae07fa,2026-07-21 02:42:19.418555,RCH899,97-0048,7405,29000,41.658787,24.106388,C-17A Globemaster,174,454,320,False,mlat
ae07e0,2026-07-21 02:42:19.418560,MOOSE45,94-0066,0713,34000,31.715252,33.123878,C-17A Globemaster,350,414,0,False,mlat
800790,2026-07-21 02:42:19.418564,IFC0736,CB-8003,3556,31025,22.960327,66.454002,C-17A Globemaster,90,450,32,False,adsb_icao
ae87fc,2026-07-21 02:42:19.418579,UNK C/S,,5244,19500,38.6,-72.2,E-6B TACAMO,,,,False,mode_s
ae1179,2026-07-21 02:42:19.418585,RCH213,02-1107,2153,32000,19.6,-67.6,C-17A Globemaster,308,422,-32,False,mode_s
ae0687,2026-07-21 02:42:19.418590,RCH284,60-0349,6554,35000,45.8,-59.9,KC-135R Stratotanker,,,,False,mode_s
ae1197,2026-07-21 02:42:19.418595,MOOSE47,03-3114,7404,31000,34.0,29.7,C-17A Globemaster,,,,False,mode_s
ae1458,2026-07-21 02:42:19.418598,RCH241,06-6154,Unavailable,Unavailable,34.7,-127.2,C-17A Globemaster,,,,False,mode_s
ae210c,2026-07-21 02:43:19.803315,VV166961,166961,1354,8800,36.273754,-119.703377,F/A-18 Hornet,289,329,-5024,False,mlat
ae0377,2026-07-21 02:43:19.803360,UNK C/S,62-3502,6742,36025,43.366325,-117.823822,KC-135R Stratotanker,6,501,0,False,mlat
ae0802,2026-07-21 02:43:19.803368,RCH262,98-0056,4175,36050,37.964554,-115.210449,C-17A Globemaster,310,459,0,False,mlat
ae0583,2026-07-21 02:43:19.803378,CHILI85,87-0038,0352,3000,29.551291,-98.754524,C-5M Galaxy,351,230,68,False,mlat
ae2fae,2026-07-21 02:43:19.803381,RCH193,08-8202,4021,37000,40.052921,-98.602386,C-17A Globemaster,97,483,76,False,mlat
ae0238,2026-07-21 02:43:19.803403,UNK C/S,58-0074,Unavailable,21350,41.138844,-79.551331,KC-135R Stratotanker,71,437,2052,False,mlat
ae026d,2026-07-21 02:43:19.803408,UNK C/S,62-3576,3507,27000,33.774635,-79.437386,KC-135R Stratotanker,49,402,0,False,mlat
ae0501,2026-07-21 02:43:19.803414,UNK C/S,59-1504,5735,33000,42.428261,-70.742928,KC-135R Stratotanker,84,520,0,False,mlat
ae0391,2026-07-21 02:43:19.803419,RCH283,63-8039,7306,Unavailable,44.953823,-56.676064,KC-135R Stratotanker,86,,,False,adsc
ae07db,2026-07-21 02:43:19.803422,MCFAMC,93-0601,1443,Unavailable,46.277676,-55.520267,C-17A Globemaster,76,,,False,adsc
ae1233,2026-07-21 02:43:19.803425,MCFAMC,03-3122,Unavailable,33008,52.989635,-53.851376,C-17A Globemaster,63,,,False,adsc
ae07f1,2026-07-21 02:43:19.803428,MCFAMC,96-0007,2000,Unavailable,47.449093,-48.735008,C-17A Globemaster,72,,,False,adsc
ae1172,2026-07-21 02:43:19.803433,RCH305,02-1100,0135,32000,54.187775,-0.118417,C-17A Globemaster,306,442,-64,False,adsb_icao
ae058a,2026-07-21 02:43:19.803437,RCH2038,87-0045,0635,30000,52.740456,3.087084,C-5M Galaxy,308,438,0,False,mlat
ae0816,2026-07-21 02:43:19.803440,RCH690,00-0180,3450,24650,50.768475,6.499557,C-17A Globemaster,165,465,-2016,False,adsb_icao
ae146d,2026-07-21 02:43:19.803444,RCH044,07-7175,4675,38000,49.240425,16.468672,C-17A Globemaster,294,405,0,False,mlat
ae07de,2026-07-21 02:43:19.803447,RCH409,93-0604,2647,32000,45.930752,21.820335,C-17A Globemaster,318,426,0,False,mlat
ae07fa,2026-07-21 02:43:19.803449,RCH899,97-0048,7405,29000,41.527332,24.131536,C-17A Globemaster,158,464,192,False,mlat
ae07e0,2026-07-21 02:43:19.803453,MOOSE45,94-0066,0713,34000,31.851955,33.06543,C-17A Globemaster,356,486,64,False,mlat
800790,2026-07-21 02:43:19.803456,IFC0736,CB-8003,3556,31025,22.959778,66.588036,C-17A Globemaster,90,449,-64,False,adsb_icao
ae87fc,2026-07-21 02:43:19.803470,UNK C/S,,5244,19500,38.3,-71.5,E-6B TACAMO,,,,False,mode_s
ae1179,2026-07-21 02:43:19.803474,RCH213,02-1107,2153,32000,19.9,-67.5,C-17A Globemaster,308,424,0,False,mode_s
ae0687,2026-07-21 02:43:19.803479,RCH284,60-0349,6554,35000,46.1,-59.8,KC-135R Stratotanker,,,,False,mode_s
ae1197,2026-07-21 02:43:19.803485,MOOSE47,03-3114,7404,Unavailable,34.0,29.7,C-17A Globemaster,,,,False,mode_s
ae210c,2026-07-21 02:44:20.254895,VV166961,166961,1354,4050,36.23056,-119.773842,F/A-18 Hornet,275,213,-5197,False,mlat
ae0377,2026-07-21 02:44:20.254920,UNK C/S,62-3502,6742,36000,43.520538,-117.827156,KC-135R Stratotanker,2,515,0,False,mlat
ae0802,2026-07-21 02:44:20.254928,RCH262,98-0056,4175,36025,38.059013,-115.342598,C-17A Globemaster,312,479,-77,False,mlat
ae0583,2026-07-21 02:44:20.254937,CHILI85,87-0038,0352,3000,29.585131,-98.71096,C-5M Galaxy,95,224,0,False,mlat
ae2fae,2026-07-21 02:44:20.254942,RCH193,08-8202,4021,37025,40.038059,-98.395714,C-17A Globemaster,94,472,-71,False,mlat
ae0238,2026-07-21 02:44:20.254963,UNK C/S,58-0074,Unavailable,23125,41.175358,-79.39386,KC-135R Stratotanker,68,444,1734,False,mlat
ae026d,2026-07-21 02:44:20.254967,UNK C/S,62-3576,3507,27000,33.850098,-79.328659,KC-135R Stratotanker,51,415,0,False,mlat
ae0501,2026-07-21 02:44:20.254974,UNK C/S,59-1504,5735,33000,42.440472,-70.551094,KC-135R Stratotanker,84,531,0,False,mlat
ae0391,2026-07-21 02:44:20.254979,RCH283,63-8039,7306,Unavailable,44.953823,-56.676064,KC-135R Stratotanker,86,,,False,adsc
ae07db,2026-07-21 02:44:20.254982,MCFAMC,93-0601,1443,Unavailable,46.277676,-55.520267,C-17A Globemaster,76,,,False,adsc
ae1233,2026-07-21 02:44:20.254985,MCFAMC,03-3122,Unavailable,33008,52.989635,-53.851376,C-17A Globemaster,63,,,False,adsc
ae07f1,2026-07-21 02:44:20.254990,MCFAMC,96-0007,2000,31008,49.168968,-43.2094,C-17A Globemaster,62,,,False,adsc
ae1172,2026-07-21 02:44:20.254996,RCH305,02-1100,0135,32000,54.261333,-0.289118,C-17A Globemaster,306,445,-64,False,adsb_icao
ae058a,2026-07-21 02:44:20.255000,RCH2038,87-0045,0635,30000,52.822769,2.937342,C-5M Galaxy,308,440,0,False,mlat
ae0816,2026-07-21 02:44:20.255004,RCH690,00-0180,3450,22650,50.645157,6.551266,C-17A Globemaster,165,451,-2016,False,adsb_icao
ae146d,2026-07-21 02:44:20.255009,RCH044,07-7175,4675,38000,49.28587,16.304255,C-17A Globemaster,292,420,-1088,False,mlat
ae07de,2026-07-21 02:44:20.255012,RCH409,93-0604,2647,32000,46.021282,21.702564,C-17A Globemaster,318,445,0,False,mlat
ae07fa,2026-07-21 02:44:20.255015,RCH899,97-0048,7405,29000,41.407993,24.191671,C-17A Globemaster,159,464,-320,False,mlat
ae07e0,2026-07-21 02:44:20.255019,MOOSE45,94-0066,0713,34000,31.947428,32.953083,C-17A Globemaster,,,0,False,mlat
800790,2026-07-21 02:44:20.255023,IFC0736,CB-8003,3556,31025,22.959145,66.72541,C-17A Globemaster,90,450,0,False,adsb_icao
ae87fc,2026-07-21 02:44:20.255036,UNK C/S,,5244,19500,37.9,-71.9,E-6B TACAMO,,,,False,mode_s
ae1179,2026-07-21 02:44:20.255040,RCH213,02-1107,2153,32000,19.8,-67.4,C-17A Globemaster,308,424,-64,False,mode_s
ae0687,2026-07-21 02:44:20.255046,RCH284,60-0349,6554,35000,45.8,-59.7,KC-135R Stratotanker,,,,False,mode_s
ae1197,2026-07-21 02:44:20.255052,MOOSE47,03-3114,7404,31000,33.9,30.2,C-17A Globemaster,,,,False,mode_s
ae210c,2026-07-21 02:45:20.662383,VV166961,166961,1354,2750,36.225159,-119.72673,F/A-18 Hornet,81,379,,False,mlat
ae0377,2026-07-21 02:45:20.662406,UNK C/S,62-3502,6742,36000,43.653629,-117.830147,KC-135R Stratotanker,0,504,0,False,mlat
ae0583,2026-07-21 02:45:20.662422,CHILI85,87-0038,0352,3000,29.584133,-98.663391,C-5M Galaxy,150,219,70,False,mlat
ae2fae,2026-07-21 02:45:20.662429,RCH193,08-8202,4021,37000,40.021049,-98.228531,C-17A Globemaster,95,484,-52,False,mlat
ae0238,2026-07-21 02:45:20.662450,UNK C/S,58-0074,Unavailable,24625,41.230343,-79.250366,KC-135R Stratotanker,57,443,1377,False,mlat
ae026d,2026-07-21 02:45:20.662453,UNK C/S,62-3576,3507,27000,33.921021,-79.225845,KC-135R Stratotanker,47,421,0,False,mlat
ae0501,2026-07-21 02:45:20.662461,UNK C/S,59-1504,5735,33000,42.453102,-70.350662,KC-135R Stratotanker,84,522,0,False,mlat
ae0391,2026-07-21 02:45:20.662466,RCH283,63-8039,7306,Unavailable,44.953823,-56.676064,KC-135R Stratotanker,86,,,False,adsc
ae07db,2026-07-21 02:45:20.662469,MCFAMC,93-0601,1443,Unavailable,46.277676,-55.520267,C-17A Globemaster,76,,,False,adsc
ae1233,2026-07-21 02:45:20.662471,MCFAMC,03-3122,Unavailable,33008,52.989635,-53.851376,C-17A Globemaster,63,,,False,adsc
ae07f1,2026-07-21 02:45:20.662474,MCFAMC,96-0007,2000,31008,49.168968,-43.2094,C-17A Globemaster,62,,,False,adsc
ae1172,2026-07-21 02:45:20.662481,RCH305,02-1100,0135,32000,54.333538,-0.457847,C-17A Globemaster,306,444,0,False,adsb_icao
ae058a,2026-07-21 02:45:20.662486,RCH2038,87-0045,0635,30000,52.889519,2.753024,C-5M Galaxy,308,440,64,False,mlat
ae0816,2026-07-21 02:45:20.662489,RCH690,00-0180,3450,20650,50.525162,6.60141,C-17A Globemaster,165,435,-2112,False,adsb_icao
ae146d,2026-07-21 02:45:20.662493,RCH044,07-7175,4675,38000,49.330276,16.145727,C-17A Globemaster,294,430,0,False,mlat
ae07de,2026-07-21 02:45:20.662497,RCH409,93-0604,2647,32000,46.112427,21.584202,C-17A Globemaster,319,439,0,False,mlat
ae07fa,2026-07-21 02:45:20.662500,RCH899,97-0048,7405,29000,41.290325,24.248911,C-17A Globemaster,159,462,-64,False,mlat
800790,2026-07-21 02:45:20.662506,IFC0736,CB-8003,3556,31000,22.958405,66.855103,C-17A Globemaster,90,451,-64,False,adsb_icao
ae87fc,2026-07-21 02:45:20.662520,UNK C/S,,5244,Unavailable,37.8,-72.3,E-6B TACAMO,,,,False,mode_s
ae07e0,2026-07-21 02:45:20.662524,MOOSE45,94-0066,0713,34000,32.8,33.2,C-17A Globemaster,,,,False,mode_s
ae0802,2026-07-21 02:45:20.662527,RCH262,98-0056,4175,35950,36.5,-114.6,C-17A Globemaster,,,,False,mode_s
ae1179,2026-07-21 02:45:20.662530,RCH213,02-1107,2153,32000,19.6,-67.3,C-17A Globemaster,,,,False,mode_s
ae589d,2026-07-21 02:45:20.662535,UNK C/S,61-0006,Unavailable,Unavailable,31.5,-93.3,B-52H Stratofortress,,,,False,mode_s
ae0687,2026-07-21 02:45:20.662539,RCH284,60-0349,6554,35000,46.2,-59.8,KC-135R Stratotanker,,,,False,mode_s
ae1197,2026-07-21 02:45:20.662544,MOOSE47,03-3114,3301,31000,34.0,29.8,C-17A Globemaster,,,,False,mode_s
ae0377,2026-07-21 02:46:21.158297,UNK C/S,62-3502,6742,36000,43.797882,-117.817352,KC-135R Stratotanker,4,498,76,False,mlat
ae0583,2026-07-21 02:46:21.158348,CHILI85,87-0038,0352,2650,29.542799,-98.640007,C-5M Galaxy,163,170,-526,False,mlat
ae2fae,2026-07-21 02:46:21.158357,RCH193,08-8202,4021,37000,39.98048,-98.066978,C-17A Globemaster,99,465,0,False,mlat
ae0238,2026-07-21 02:46:21.158378,UNK C/S,58-0074,Unavailable,25950,41.282753,-79.115425,KC-135R Stratotanker,63,453,1552,False,mlat
ae026d,2026-07-21 02:46:21.158382,UNK C/S,62-3576,3507,27000,33.988396,-79.107712,KC-135R Stratotanker,71,409,0,False,mlat
ae0501,2026-07-21 02:46:21.158389,UNK C/S,59-1504,5735,33000,42.469315,-70.157768,KC-135R Stratotanker,85,531,0,False,mlat
ae0391,2026-07-21 02:46:21.158394,RCH283,63-8039,7306,Unavailable,44.953823,-56.676064,KC-135R Stratotanker,86,,,False,adsc
ae07db,2026-07-21 02:46:21.158397,MCFAMC,93-0601,1443,Unavailable,46.277676,-55.520267,C-17A Globemaster,76,,,False,mode_s
ae1233,2026-07-21 02:46:21.158400,MCFAMC,03-3122,Unavailable,33008,52.989635,-53.851376,C-17A Globemaster,63,,,False,adsc
ae07f1,2026-07-21 02:46:21.158403,MCFAMC,96-0007,2000,31008,49.168968,-43.2094,C-17A Globemaster,62,,,False,adsc
ae1172,2026-07-21 02:46:21.158409,RCH305,02-1100,0135,32000,54.406998,-0.630583,C-17A Globemaster,306,445,0,False,adsb_icao
ae058a,2026-07-21 02:46:21.158412,RCH2038,87-0045,0635,30000,52.973591,2.599036,C-5M Galaxy,308,438,-32,False,mlat
ae0816,2026-07-21 02:46:21.158415,RCH690,00-0180,3450,18625,50.410767,6.648881,C-17A Globemaster,165,417,-1984,False,adsb_icao
ae146d,2026-07-21 02:46:21.158420,RCH044,07-7175,4675,38000,49.376102,15.980968,C-17A Globemaster,293,424,0,False,mlat
ae07de,2026-07-21 02:46:21.158423,RCH409,93-0604,2647,32000,46.191917,21.480089,C-17A Globemaster,318,422,0,False,mlat
ae07fa,2026-07-21 02:46:21.158426,RCH899,97-0048,7405,29000,41.158669,24.314312,C-17A Globemaster,159,464,-128,False,mlat
800790,2026-07-21 02:46:21.158431,IFC0736,CB-8003,3556,31000,22.957607,66.997986,C-17A Globemaster,89,450,-64,False,adsb_icao
ae87fc,2026-07-21 02:46:21.158445,UNK C/S,,5244,Unavailable,38.6,-72.2,E-6B TACAMO,,,,False,mode_s
ae07e0,2026-07-21 02:46:21.158449,MOOSE45,94-0066,5406,34000,33.5,33.1,C-17A Globemaster,,,,False,mode_s
ae0802,2026-07-21 02:46:21.158451,RCH262,98-0056,4175,35975,36.7,-114.7,C-17A Globemaster,,,,False,mode_s
ae210c,2026-07-21 02:46:21.158455,VV166961,166961,1354,2125,36.5,-119.9,F/A-18 Hornet,,,,False,mode_s
ae1179,2026-07-21 02:46:21.158458,RCH213,02-1107,2153,32000,19.6,-67.3,C-17A Globemaster,,,0,False,mode_s
ae0687,2026-07-21 02:46:21.158463,RCH284,60-0349,6554,35000,46.1,-59.8,KC-135R Stratotanker,,,,False,mode_s
ae1197,2026-07-21 02:46:21.158468,MOOSE47,03-3114,3301,31000,34.7,30.7,C-17A Globemaster,,,,False,mode_s
ae0377,2026-07-21 02:47:21.563374,UNK C/S,62-3502,6742,36000,43.942883,-117.814621,KC-135R Stratotanker,358,522,-2,False,mlat
ae0583,2026-07-21 02:47:21.563413,CHILI85,87-0038,0352,2400,29.50268,-98.625114,C-5M Galaxy,159,137,54,False,mlat
ae2fae,2026-07-21 02:47:21.563423,RCH193,08-8202,4021,37025,39.98357,-97.898918,C-17A Globemaster,103,475,76,False,mlat
ae07ec,2026-07-21 02:47:21.563450,LIFTR75,96-0002,6225,1750,32.884811,-79.997917,C-17A Globemaster,63,174,1317,False,mlat
ae026d,2026-07-21 02:47:21.563456,UNK C/S,62-3576,3507,27000,34.028946,-78.971298,KC-135R Stratotanker,68,424,0,False,mlat
ae0238,2026-07-21 02:47:21.563459,UNK C/S,58-0074,4116,27425,41.342762,-78.965096,KC-135R Stratotanker,62,438,1477,False,mlat
ae0501,2026-07-21 02:47:21.563469,UNK C/S,59-1504,5735,33000,42.481171,-69.949158,KC-135R Stratotanker,85,519,0,False,mlat
ae0391,2026-07-21 02:47:21.563475,RCH283,63-8039,7306,Unavailable,44.953823,-56.676064,KC-135R Stratotanker,86,,,False,adsc
ae07db,2026-07-21 02:47:21.563478,MCFAMC,93-0601,1443,Unavailable,46.277676,-55.520267,C-17A Globemaster,76,,,False,mode_s
ae1233,2026-07-21 02:47:21.563481,MCFAMC,03-3122,Unavailable,33008,52.989635,-53.851376,C-17A Globemaster,63,,,False,adsc
ae07f1,2026-07-21 02:47:21.563485,MCFAMC,96-0007,2000,31008,49.168968,-43.2094,C-17A Globemaster,62,,,False,adsc
ae1172,2026-07-21 02:47:21.563492,RCH305,02-1100,0135,32000,54.479599,-0.802567,C-17A Globemaster,305,444,-64,False,adsb_icao
ae058a,2026-07-21 02:47:21.563496,RCH2038,87-0045,0635,30000,53.053288,2.500806,C-5M Galaxy,307,438,64,False,mlat
ae0816,2026-07-21 02:47:21.563500,RCH690,00-0180,3450,16625,50.29985,6.694721,C-17A Globemaster,165,405,-2080,False,adsb_icao
ae146d,2026-07-21 02:47:21.563506,RCH044,07-7175,4675,38000,49.420658,15.813486,C-17A Globemaster,292,399,0,False,mlat
ae07de,2026-07-21 02:47:21.563508,RCH409,93-0604,2647,32000,46.291702,21.348993,C-17A Globemaster,319,439,0,False,mlat
ae07fa,2026-07-21 02:47:21.563512,RCH899,97-0048,7405,29000,41.032501,24.375523,C-17A Globemaster,159,466,64,False,mlat
800790,2026-07-21 02:47:21.563516,IFC0736,CB-8003,3556,31025,22.958075,67.131554,C-17A Globemaster,89,450,-64,False,adsb_icao
ae87fc,2026-07-21 02:47:21.563530,UNK C/S,,5244,Unavailable,38.8,-72.5,E-6B TACAMO,,,,False,mode_s
ae07e0,2026-07-21 02:47:21.563535,MOOSE45,94-0066,5406,34000,32.6,33.2,C-17A Globemaster,,,,False,mode_s
ae0802,2026-07-21 02:47:21.563539,RCH262,98-0056,4175,35950,36.9,-114.8,C-17A Globemaster,,,,False,mode_s
ae210c,2026-07-21 02:47:21.563543,VV166961,166961,1354,2175,36.3,-120.1,F/A-18 Hornet,,,,False,mode_s
ae1179,2026-07-21 02:47:21.563548,RCH213,02-1107,2153,32000,19.5,-67.2,C-17A Globemaster,308,424,-32,False,mode_s
ae048b,2026-07-21 02:47:21.563553,UNK C/S,63-8032,6557,8875,31.0,32.6,KC-135R Stratotanker,7,286,1824,False,mode_s
ae0687,2026-07-21 02:47:21.563557,RCH284,60-0349,6554,35000,46.5,-59.8,KC-135R Stratotanker,,,,False,mode_s
ae1197,2026-07-21 02:47:21.563562,MOOSE47,03-3114,3301,31000,34.1,29.8,C-17A Globemaster,,,,False,mode_s
ae0377,2026-07-21 02:48:21.965701,UNK C/S,62-3502,6742,36000,44.082375,-117.808464,KC-135R Stratotanker,1,507,0,False,mlat
ae0583,2026-07-21 02:48:21.965735,CHILI85,87-0038,0352,2100,29.465281,-98.611671,C-5M Galaxy,166,142,-641,False,mlat
ae2fae,2026-07-21 02:48:21.965743,RCH193,08-8202,4021,37000,39.955017,-97.72319,C-17A Globemaster,101,476,0,False,mlat
ae07ec,2026-07-21 02:48:21.965763,LIFTR75,96-0002,6225,3375,32.909073,-79.91925,C-17A Globemaster,71,303,2234,False,mlat
ae026d,2026-07-21 02:48:21.965768,UNK C/S,62-3576,3507,27000,34.06628,-78.846947,KC-135R Stratotanker,70,438,0,False,mlat
ae0238,2026-07-21 02:48:21.965772,UNK C/S,58-0074,4116,28775,41.398235,-78.801018,KC-135R Stratotanker,73,447,1310,False,mlat
ae0501,2026-07-21 02:48:21.965781,UNK C/S,59-1504,5735,33000,42.493156,-69.775307,KC-135R Stratotanker,85,524,0,False,mlat
ae0391,2026-07-21 02:48:21.965786,RCH283,63-8039,7306,Unavailable,44.953823,-56.676064,KC-135R Stratotanker,86,,,False,adsc
ae07db,2026-07-21 02:48:21.965790,MCFAMC,93-0601,1443,Unavailable,46.277676,-55.520267,C-17A Globemaster,76,,,False,mode_s
ae1233,2026-07-21 02:48:21.965793,MCFAMC,03-3122,Unavailable,33008,52.989635,-53.851376,C-17A Globemaster,63,,,False,adsc
ae07f1,2026-07-21 02:48:21.965796,MCFAMC,96-0007,2000,31008,49.168968,-43.2094,C-17A Globemaster,62,,,False,adsc
ae1172,2026-07-21 02:48:21.965802,RCH305,02-1100,0135,32000,54.552383,-0.976087,C-17A Globemaster,305,446,-64,False,adsb_icao
ae058a,2026-07-21 02:48:21.965805,RCH2038,87-0045,0635,30000,53.122925,2.322822,C-5M Galaxy,307,442,64,False,mlat
ae0816,2026-07-21 02:48:21.965809,RCH690,00-0180,3450,14600,50.191544,6.739245,C-17A Globemaster,165,395,-1824,False,adsb_icao
ae146d,2026-07-21 02:48:21.965813,RCH044,07-7175,4675,38000,49.466042,15.649555,C-17A Globemaster,293,417,0,False,mlat
ae07de,2026-07-21 02:48:21.965816,RCH409,93-0604,2647,32000,46.377441,21.240168,C-17A Globemaster,318,421,0,False,mlat
ae07fa,2026-07-21 02:48:21.965819,RCH899,97-0048,7405,29000,40.912746,24.435587,C-17A Globemaster,159,466,64,False,mlat
800790,2026-07-21 02:48:21.965823,IFC0736,CB-8003,3556,31025,22.958447,67.271065,C-17A Globemaster,90,450,64,False,adsb_icao
ae87fc,2026-07-21 02:48:21.965836,UNK C/S,,5244,Unavailable,38.3,-72.3,E-6B TACAMO,,,,False,mode_s
ae07e0,2026-07-21 02:48:21.965839,MOOSE45,94-0066,5406,34000,33.4,32.9,C-17A Globemaster,,,,False,mode_s
ae0802,2026-07-21 02:48:21.965842,RCH262,98-0056,4175,36025,36.9,-115.2,C-17A Globemaster,,,,False,mode_s
ae210c,2026-07-21 02:48:21.965845,VV166961,166961,1354,2100,36.0,-120.1,F/A-18 Hornet,,,,False,mode_s
ae1179,2026-07-21 02:48:21.965850,RCH213,02-1107,2153,32000,19.0,-68.3,C-17A Globemaster,308,424,-64,False,mode_s
ae048b,2026-07-21 02:48:21.965855,UNK C/S,63-8032,6557,10350,31.2,33.4,KC-135R Stratotanker,9,338,416,False,mode_s
ae0687,2026-07-21 02:48:21.965859,RCH284,60-0349,6554,35000,47.0,-59.9,KC-135R Stratotanker,,,,False,mode_s
ae1197,2026-07-21 02:48:21.965863,MOOSE47,03-3114,3301,31000,34.8,30.8,C-17A Globemaster,,,,False,mode_s
ae0377,2026-07-21 02:49:22.397949,UNK C/S,62-3502,6742,36000,44.213703,-117.801224,KC-135R Stratotanker,3,504,0,False,mlat
ae0583,2026-07-21 02:49:22.397977,CHILI85,87-0038,0352,1475,29.429852,-98.598129,C-5M Galaxy,165,139,-541,False,mlat
ae2fae,2026-07-21 02:49:22.397984,RCH193,08-8202,4021,37025,39.928585,-97.557632,C-17A Globemaster,100,482,0,False,mlat
ae11e5,2026-07-21 02:49:22.397988,SNTRY61,78-0577,3652,2075,35.387478,-97.383263,E-3G AWACS,184,162,2171,False,mlat
ae07ec,2026-07-21 02:49:22.398007,LIFTR75,96-0002,6225,6050,32.947113,-79.830154,C-17A Globemaster,54,304,2670,False,mlat
ae026d,2026-07-21 02:49:22.398012,UNK C/S,62-3576,3507,27000,34.109047,-78.701942,KC-135R Stratotanker,69,434,0,False,mlat
ae0238,2026-07-21 02:49:22.398015,UNK C/S,58-0074,4116,30100,41.423252,-78.636986,KC-135R Stratotanker,76,489,1117,False,mlat
ae0501,2026-07-21 02:49:22.398023,UNK C/S,59-1504,5735,33000,42.50544,-69.555412,KC-135R Stratotanker,85,530,0,False,mlat
ae0391,2026-07-21 02:49:22.398028,RCH283,63-8039,7306,Unavailable,44.953823,-56.676064,KC-135R Stratotanker,86,,,False,adsc
ae07db,2026-07-21 02:49:22.398031,MCFAMC,93-0601,1443,Unavailable,46.277676,-55.520267,C-17A Globemaster,76,,,False,mode_s
ae1233,2026-07-21 02:49:22.398034,MCFAMC,03-3122,Unavailable,33008,52.989635,-53.851376,C-17A Globemaster,63,,,False,adsc
ae07f1,2026-07-21 02:49:22.398037,MCFAMC,96-0007,2000,31008,49.168968,-43.2094,C-17A Globemaster,62,,,False,adsc
ae1172,2026-07-21 02:49:22.398043,RCH305,02-1100,0135,32000,54.625095,-1.150735,C-17A Globemaster,305,445,0,False,adsb_icao
ae058a,2026-07-21 02:49:22.398046,RCH2038,87-0045,0635,30000,53.193577,2.11166,C-5M Galaxy,307,440,-32,False,mlat
ae0816,2026-07-21 02:49:22.398050,RCH690,00-0180,3450,12600,50.086716,6.782128,C-17A Globemaster,165,385,-1920,False,adsb_icao
ae146d,2026-07-21 02:49:22.398053,RCH044,07-7175,4675,38000,49.508713,15.493183,C-17A Globemaster,293,420,0,False,mlat
ae07de,2026-07-21 02:49:22.398057,RCH409,93-0604,2647,32000,46.465061,21.120005,C-17A Globemaster,318,435,0,False,mlat
ae07fa,2026-07-21 02:49:22.398060,RCH899,97-0048,7405,29000,40.788368,24.499025,C-17A Globemaster,159,468,-64,False,mlat
800790,2026-07-21 02:49:22.398064,IFC0736,CB-8003,3556,31000,22.958447,67.407837,C-17A Globemaster,90,448,64,False,adsb_icao
ae87fc,2026-07-21 02:49:22.398078,UNK C/S,,5244,Unavailable,38.4,-71.5,E-6B TACAMO,,,,False,mode_s
ae07e0,2026-07-21 02:49:22.398082,MOOSE45,94-0066,5406,34000,32.7,33.3,C-17A Globemaster,,,,False,mode_s
ae0802,2026-07-21 02:49:22.398084,RCH262,98-0056,4175,36025,36.5,-114.9,C-17A Globemaster,,,,False,mode_s
ae210c,2026-07-21 02:49:22.398088,VV166961,166961,1354,1725,36.1,-120.3,F/A-18 Hornet,,,,False,mode_s
ae1179,2026-07-21 02:49:22.398091,RCH213,02-1107,2153,32000,18.7,-67.7,C-17A Globemaster,308,424,0,False,mode_s
ae05ac,2026-07-21 02:49:22.398094,UNK C/S,63-8029,Unavailable,Unavailable,48.3,-75.8,KC-135R Stratotanker,,,,False,mode_s
ae048b,2026-07-21 02:49:22.398098,UNK C/S,63-8032,6557,12675,31.3,33.8,KC-135R Stratotanker,10,350,3456,False,mode_s
ae0687,2026-07-21 02:49:22.398101,RCH284,60-0349,6554,35000,46.3,-59.8,KC-135R Stratotanker,,,,False,mode_s
ae1197,2026-07-21 02:49:22.398105,MOOSE47,03-3114,3301,31000,34.8,30.9,C-17A Globemaster,,,,False,mode_s
ae0377,2026-07-21 02:50:22.866842,UNK C/S,62-3502,6742,36000,44.360371,-117.795113,KC-135R Stratotanker,4,522,0,False,mlat
ae0583,2026-07-21 02:50:22.866875,CHILI85,87-0038,0352,725,29.406338,-98.595604,C-5M Galaxy,169,106,-754,False,mlat
ae11e5,2026-07-21 02:50:22.866883,SNTRY61,78-0577,3652,3525,35.358463,-97.415367,E-3G AWACS,282,227,873,False,mlat
ae2fae,2026-07-21 02:50:22.866887,RCH193,08-8202,4021,37025,39.896751,-97.376495,C-17A Globemaster,101,475,74,False,mlat
ae07ec,2026-07-21 02:50:22.866909,PRIME04,96-0002,6225,8875,32.996513,-79.748817,C-17A Globemaster,54,303,2854,False,mlat
ae026d,2026-07-21 02:50:22.866914,UNK C/S,62-3576,3507,27000,34.150536,-78.5765,KC-135R Stratotanker,68,418,0,False,mlat
ae0238,2026-07-21 02:50:22.866918,UNK C/S,58-0074,4116,31025,41.446091,-78.470634,KC-135R Stratotanker,84,409,1021,False,mlat
ae0501,2026-07-21 02:50:22.866926,UNK C/S,59-1504,5735,33000,42.502445,-69.417786,KC-135R Stratotanker,85,521,0,False,mlat
ae0391,2026-07-21 02:50:22.866931,RCH283,63-8039,7306,Unavailable,44.953823,-56.676064,KC-135R Stratotanker,86,,,False,adsc
ae07db,2026-07-21 02:50:22.866934,MCFAMC,93-0601,1443,Unavailable,46.277676,-55.520267,C-17A Globemaster,76,,,False,mode_s
ae1233,2026-07-21 02:50:22.866937,MCFAMC,03-3122,Unavailable,33004,53.373299,-52.464867,C-17A Globemaster,64,,,False,adsc
ae07f1,2026-07-21 02:50:22.866942,MCFAMC,96-0007,2000,31008,49.168968,-43.2094,C-17A Globemaster,62,,,False,adsc
ae1172,2026-07-21 02:50:22.866946,RCH305,02-1100,0135,32000,54.696899,-1.324499,C-17A Globemaster,305,444,-128,False,adsb_icao
ae058a,2026-07-21 02:50:22.866950,RCH2038,87-0045,0635,30000,53.267204,1.952211,C-5M Galaxy,307,440,96,False,mlat
ae0816,2026-07-21 02:50:22.866953,RCH690,00-0180,3450,10600,49.98381,6.824172,C-17A Globemaster,165,376,-1984,False,adsb_icao
ae146d,2026-07-21 02:50:22.866957,RCH044,07-7175,4675,38000,49.55106,15.335788,C-17A Globemaster,293,396,0,False,mlat
ae07de,2026-07-21 02:50:22.866961,RCH409,93-0604,2647,32000,46.559231,20.978697,C-17A Globemaster,314,457,0,False,mlat
ae07fa,2026-07-21 02:50:22.866964,RCH899,97-0048,7405,29000,40.673618,24.552711,C-17A Globemaster,159,466,-128,False,mlat
ae048b,2026-07-21 02:50:22.866968,UNK C/S,63-8032,6557,14750,31.210163,34.901726,KC-135R Stratotanker,9,360,1696,False,mlat
800790,2026-07-21 02:50:22.866971,IFC0736,CB-8003,3556,31000,22.958353,67.542778,C-17A Globemaster,90,446,-96,False,adsb_icao
ae87fc,2026-07-21 02:50:22.866986,UNK C/S,,5244,Unavailable,38.3,-73.4,E-6B TACAMO,,,,False,mode_s
ae07e0,2026-07-21 02:50:22.866990,MOOSE45,94-0066,5406,34000,32.6,33.4,C-17A Globemaster,,,,False,mode_s
ae0802,2026-07-21 02:50:22.866992,RCH262,98-0056,4175,36025,36.7,-115.4,C-17A Globemaster,,,,False,mode_s
ae210c,2026-07-21 02:50:22.866996,VV166961,166961,1354,1025,35.8,-120.6,F/A-18 Hornet,,,,False,mode_s
ae1179,2026-07-21 02:50:22.867000,RCH213,02-1107,2153,32000,18.9,-67.4,C-17A Globemaster,308,422,-64,False,mode_s
ae05ac,2026-07-21 02:50:22.867005,UNK C/S,63-8029,Unavailable,39000,48.3,-75.8,KC-135R Stratotanker,,,,False,mode_s
ae0687,2026-07-21 02:50:22.867009,RCH284,60-0349,6554,35000,46.6,-59.8,KC-135R Stratotanker,,,,False,mode_s
ae1197,2026-07-21 02:50:22.867013,MOOSE47,03-3114,3301,31000,34.9,31.0,C-17A Globemaster,,,,False,mode_s
ae0377,2026-07-21 02:51:23.273732,UNK C/S,62-3502,6742,36000,44.496399,-117.789345,KC-135R Stratotanker,2,498,0,False,mlat
ae0583,2026-07-21 02:51:23.273766,CHILI85,87-0038,0352,1800,29.358303,-98.574486,C-5M Galaxy,163,151,2151,False,mlat
ae11e5,2026-07-21 02:51:23.273773,SNTRY61,78-0577,3652,4925,35.416477,-97.450485,E-3G AWACS,4,294,2348,False,mlat
ae2fae,2026-07-21 02:51:23.273778,RCH193,08-8202,4021,37000,39.871342,-97.226044,C-17A Globemaster,102,477,51,False,mlat
ae07ec,2026-07-21 02:51:23.273797,PRIME04,96-0002,6225,10275,33.041088,-79.666901,C-17A Globemaster,57,312,795,False,mlat
ae026d,2026-07-21 02:51:23.273802,UNK C/S,62-3576,3507,27000,34.189247,-78.435326,KC-135R Stratotanker,68,399,0,False,mlat
ae0238,2026-07-21 02:51:23.273805,UNK C/S,58-0074,4116,32400,41.471722,-78.295036,KC-135R Stratotanker,80,467,1184,False,mlat
ae0501,2026-07-21 02:51:23.273813,UNK C/S,59-1504,5735,33000,42.528057,-69.15844,KC-135R Stratotanker,85,521,0,False,mlat
ae0391,2026-07-21 02:51:23.273818,RCH283,63-8039,7306,Unavailable,44.953823,-56.676064,KC-135R Stratotanker,86,,,False,adsc
ae07db,2026-07-21 02:51:23.273822,MCFAMC,93-0601,1443,Unavailable,46.277676,-55.520267,C-17A Globemaster,76,,,False,mode_s
ae1233,2026-07-21 02:51:23.273824,MCFAMC,03-3122,Unavailable,33004,53.373299,-52.464867,C-17A Globemaster,64,,,False,adsc
ae07f1,2026-07-21 02:51:23.273829,MCFAMC,96-0007,2000,31008,49.168968,-43.2094,C-17A Globemaster,62,,,False,adsc
ae1172,2026-07-21 02:51:23.273834,RCH305,02-1100,0135,32000,54.76767,-1.496806,C-17A Globemaster,305,439,-64,False,adsb_icao
ae058a,2026-07-21 02:51:23.273838,RCH2038,87-0045,0635,30000,53.343876,1.791052,C-5M Galaxy,307,440,-32,False,mlat
ae0816,2026-07-21 02:51:23.273841,RCH690,00-0180,3450,9975,49.883789,6.86472,C-17A Globemaster,165,375,-96,False,adsb_icao
ae146d,2026-07-21 02:51:23.273846,RCH044,07-7175,4675,38000,49.597343,15.163039,C-17A Globemaster,291,407,0,False,mlat
ae07de,2026-07-21 02:51:23.273849,RCH409,93-0604,2647,32000,46.633106,20.879465,C-17A Globemaster,315,446,0,False,mlat
ae07fa,2026-07-21 02:51:23.273853,RCH899,97-0048,7405,29000,40.539719,24.614553,C-17A Globemaster,159,462,-64,False,mlat
ae048b,2026-07-21 02:51:23.273858,UNK C/S,63-8032,6557,16375,31.0543,34.971409,KC-135R Stratotanker,9,380,960,False,mlat
800790,2026-07-21 02:51:23.273862,IFC0736,CB-8003,3556,31000,22.958176,67.677933,C-17A Globemaster,90,448,0,False,adsb_icao
ae87fc,2026-07-21 02:51:23.273878,UNK C/S,,5244,Unavailable,38.2,-73.7,E-6B TACAMO,,,,False,mode_s
ae07e0,2026-07-21 02:51:23.273882,MOOSE45,94-0066,5406,34000,33.0,33.2,C-17A Globemaster,,,,False,mode_s
ae0802,2026-07-21 02:51:23.273885,RCH262,98-0056,4175,36025,36.4,-115.2,C-17A Globemaster,,,,False,mode_s
ae210c,2026-07-21 02:51:23.273888,VV166961,166961,1354,575,35.7,-120.6,F/A-18 Hornet,,,,False,mode_s
ae1179,2026-07-21 02:51:23.273891,RCH213,02-1107,2153,32000,18.7,-67.2,C-17A Globemaster,308,430,-32,False,mode_s
ae05ac,2026-07-21 02:51:23.273895,UNK C/S,63-8029,Unavailable,39000,48.3,-75.8,KC-135R Stratotanker,,,,False,mode_s
ae0687,2026-07-21 02:51:23.273898,RCH284,60-0349,6554,35000,45.9,-59.7,KC-135R Stratotanker,,,,False,mode_s
ae1197,2026-07-21 02:51:23.273903,MOOSE47,03-3114,3301,31000,34.5,30.4,C-17A Globemaster,,,,False,mode_s
ae01d4,2026-07-21 02:51:23.273907,DUMBO84,64-14847,Unavailable,175,27.1,127.6,RC-135 Rivet Joint,,,,False,mode_s
ae0377,2026-07-21 02:52:23.901143,UNK C/S,62-3502,6742,36025,44.634956,-117.787231,KC-135R Stratotanker,0,511,76,False,mlat
ae0583,2026-07-21 02:52:23.901171,CHILI85,87-0038,0352,2275,29.355944,-98.614754,C-5M Galaxy,322,248,202,False,mlat
ae11e5,2026-07-21 02:52:23.901178,SNTRY61,78-0577,3652,6450,35.49781,-97.437943,E-3G AWACS,21,335,2268,False,mlat
ae2fae,2026-07-21 02:52:23.901183,RCH193,08-8202,4021,37025,39.839966,-97.042587,C-17A Globemaster,101,483,0,False,mlat
ae07ec,2026-07-21 02:52:23.901197,PRIME04,96-0002,6225,10900,33.097126,-79.564377,C-17A Globemaster,57,391,591,False,mlat
ae026d,2026-07-21 02:52:23.901200,UNK C/S,62-3576,3507,27000,34.227718,-78.301491,KC-135R Stratotanker,71,376,0,False,mlat
ae0238,2026-07-21 02:52:23.901203,UNK C/S,58-0074,4116,32950,41.499241,-78.11145,KC-135R Stratotanker,77,490,222,False,mlat
ae0501,2026-07-21 02:52:23.901209,UNK C/S,59-1504,5735,33000,42.539001,-68.987968,KC-135R Stratotanker,88,527,0,False,mlat
ae0391,2026-07-21 02:52:23.901214,RCH283,63-8039,7306,Unavailable,44.953823,-56.676064,KC-135R Stratotanker,86,,,False,adsc
ae07db,2026-07-21 02:52:23.901217,MCFAMC,93-0601,1443,Unavailable,46.277676,-55.520267,C-17A Globemaster,76,,,False,mode_s
ae1233,2026-07-21 02:52:23.901220,MCFAMC,03-3122,Unavailable,33004,53.373299,-52.464867,C-17A Globemaster,64,,,False,adsc
ae07f1,2026-07-21 02:52:23.901224,MCFAMC,96-0007,2000,31008,49.168968,-43.2094,C-17A Globemaster,62,,,False,adsc
ae1172,2026-07-21 02:52:23.901229,RCH305,02-1100,0135,31975,54.838715,-1.671134,C-17A Globemaster,305,437,0,False,adsb_icao
ae058a,2026-07-21 02:52:23.901232,RCH2038,87-0045,0635,30000,53.417297,1.631324,C-5M Galaxy,307,442,0,False,mlat
ae0816,2026-07-21 02:52:23.901235,RCH690,00-0180,3450,9975,49.782303,6.905775,C-17A Globemaster,164,364,-96,False,adsb_icao
ae146d,2026-07-21 02:52:23.901239,RCH044,07-7175,4675,38000,49.641842,14.993155,C-17A Globemaster,293,421,0,False,mlat
ae07de,2026-07-21 02:52:23.901241,RCH409,93-0604,2647,32000,46.72345,20.750751,C-17A Globemaster,316,431,0,False,mlat
ae07fa,2026-07-21 02:52:23.901244,RCH899,97-0048,7405,29000,40.429218,24.670643,C-17A Globemaster,159,464,0,False,mlat
ae048b,2026-07-21 02:52:23.901247,UNK C/S,63-8032,6557,18150,31.017031,34.990025,KC-135R Stratotanker,9,388,1536,False,mode_s
800790,2026-07-21 02:52:23.901250,IFC0736,CB-8003,3556,31025,22.957855,67.813408,C-17A Globemaster,90,447,-32,False,adsb_icao
ae87fc,2026-07-21 02:52:23.901264,UNK C/S,,5244,Unavailable,38.2,-74.2,E-6B TACAMO,,,,False,mode_s
ae07e0,2026-07-21 02:52:23.901267,MOOSE45,94-0066,5406,34000,33.1,33.2,C-17A Globemaster,,,,False,mode_s
ae0802,2026-07-21 02:52:23.901270,RCH262,98-0056,4175,36025,37.6,-116.5,C-17A Globemaster,,,,False,mode_s
ae1458,2026-07-21 02:52:23.901272,RCH241,06-6154,Unavailable,Unavailable,34.7,-125.0,C-17A Globemaster,,,,False,mode_s
ae210c,2026-07-21 02:52:23.901275,VV166961,166961,1354,600,35.8,-120.5,F/A-18 Hornet,,,,False,mode_s
ae1179,2026-07-21 02:52:23.901279,RCH213,02-1107,2153,32000,18.8,-67.0,C-17A Globemaster,308,436,-32,False,mode_s
ae05ac,2026-07-21 02:52:23.901283,UNK C/S,63-8029,Unavailable,39000,48.3,-75.8,KC-135R Stratotanker,,,,False,mode_s
ae0687,2026-07-21 02:52:23.901287,RCH284,60-0349,6554,35000,45.7,-59.7,KC-135R Stratotanker,,,,False,mode_s
ae1197,2026-07-21 02:52:23.901291,MOOSE47,03-3114,3301,31000,34.8,30.8,C-17A Globemaster,,,,False,mode_s
ae01d4,2026-07-21 02:52:23.901294,DUMBO84,64-14847,Unavailable,1650,26.4,127.8,RC-135 Rivet Joint,,,,False,mode_s
ae0377,2026-07-21 02:53:24.297958,UNK C/S,62-3502,6742,36000,44.79401,-117.779404,KC-135R Stratotanker,2,506,0,False,mlat
ae0583,2026-07-21 02:53:24.297989,CHILI85,87-0038,0352,2250,29.407818,-98.632118,C-5M Galaxy,0,151,-2,False,mlat
ae11e5,2026-07-21 02:53:24.297998,SNTRY61,78-0577,3652,8450,35.574642,-97.421288,E-3G AWACS,7,287,2115,False,mlat
ae2fae,2026-07-21 02:53:24.298004,RCH193,08-8202,4021,37000,39.810764,-96.876472,C-17A Globemaster,101,464,-25,False,mlat
ae07ec,2026-07-21 02:53:24.298019,PRIME04,96-0002,6225,12200,33.160007,-79.447121,C-17A Globemaster,58,434,2248,False,mlat
ae026d,2026-07-21 02:53:24.298024,UNK C/S,62-3576,3507,27000,34.263626,-78.173363,KC-135R Stratotanker,70,389,0,False,mlat
ae0238,2026-07-21 02:53:24.298027,UNK C/S,58-0074,4116,32950,41.522049,-77.945076,KC-135R Stratotanker,81,492,0,False,mlat
ae0501,2026-07-21 02:53:24.298034,UNK C/S,59-1504,5735,33000,42.548237,-68.809357,KC-135R Stratotanker,86,516,0,False,mlat
ae0391,2026-07-21 02:53:24.298039,RCH283,63-8039,7306,Unavailable,44.953823,-56.676064,KC-135R Stratotanker,86,,,False,adsc
ae07db,2026-07-21 02:53:24.298042,MCFAMC,93-0601,1443,Unavailable,46.277676,-55.520267,C-17A Globemaster,76,,,False,mode_s
ae1233,2026-07-21 02:53:24.298045,MCFAMC,03-3122,Unavailable,33004,53.373299,-52.464867,C-17A Globemaster,64,,,False,adsc
ae07f1,2026-07-21 02:53:24.298050,MCFAMC,96-0007,2000,31008,49.168968,-43.2094,C-17A Globemaster,62,,,False,adsc
ae1172,2026-07-21 02:53:24.298055,RCH305,02-1100,0135,32000,54.908783,-1.844205,C-17A Globemaster,304,436,128,False,adsb_icao
ae058a,2026-07-21 02:53:24.298059,RCH2038,87-0045,0635,30000,53.496059,1.462527,C-5M Galaxy,307,440,-64,False,mlat
ae0816,2026-07-21 02:53:24.298062,RCH690,00-0180,3450,9075,49.696144,6.960136,C-17A Globemaster,157,310,-1312,False,adsb_icao
ae146d,2026-07-21 02:53:24.298067,RCH044,07-7175,4675,38000,49.685257,14.822562,C-17A Globemaster,293,420,0,False,mlat
ae07de,2026-07-21 02:53:24.298070,RCH409,93-0604,2647,32000,46.809601,20.625925,C-17A Globemaster,317,426,0,False,mlat
ae07fa,2026-07-21 02:53:24.298074,RCH899,97-0048,7405,29000,40.300694,24.731913,C-17A Globemaster,159,466,32,False,mlat
ae048b,2026-07-21 02:53:24.298079,UNK C/S,63-8032,6557,19125,31.835272,34.945156,KC-135R Stratotanker,22,398,0,False,mlat
800790,2026-07-21 02:53:24.298082,IFC0736,CB-8003,3556,31025,22.957748,67.949471,C-17A Globemaster,90,449,32,False,adsb_icao
ae07e0,2026-07-21 02:53:24.298096,MOOSE45,94-0066,5406,34000,33.2,33.5,C-17A Globemaster,,,,False,mode_s
ae0802,2026-07-21 02:53:24.298099,RCH262,98-0056,4175,36025,36.7,-116.1,C-17A Globemaster,,,,False,mode_s
ae1458,2026-07-21 02:53:24.298102,RCH241,06-6154,Unavailable,Unavailable,34.7,-125.1,C-17A Globemaster,,,,False,mode_s
ae210c,2026-07-21 02:53:24.298105,VV166961,166961,1354,Unavailable,35.9,-120.4,F/A-18 Hornet,,,,False,mode_s
ae1179,2026-07-21 02:53:24.298108,RCH213,02-1107,2153,32000,19.1,-67.2,C-17A Globemaster,308,436,0,False,mode_s
ae05ac,2026-07-21 02:53:24.298112,UNK C/S,63-8029,Unavailable,39000,48.3,-75.8,KC-135R Stratotanker,,,,False,mode_s
ae0687,2026-07-21 02:53:24.298115,RCH284,60-0349,6554,35000,46.4,-59.8,KC-135R Stratotanker,,,,False,mode_s
ae1197,2026-07-21 02:53:24.298120,MOOSE47,03-3114,3301,31000,34.1,29.9,C-17A Globemaster,,,,False,mode_s
ae01d4,2026-07-21 02:53:24.298124,DUMBO84,64-14847,3113,3150,26.3,127.8,RC-135 Rivet Joint,,,,False,mode_s
ae0377,2026-07-21 02:54:24.709859,UNK C/S,62-3502,6742,36000,44.908024,-117.773361,KC-135R Stratotanker,2,510,0,False,mlat
ae0583,2026-07-21 02:54:24.709892,CHILI85,87-0038,0352,1950,29.44211,-98.612495,C-5M Galaxy,91,221,-536,False,mlat
ae11e5,2026-07-21 02:54:24.709902,SNTRY61,78-0577,3652,10275,35.658253,-97.403336,E-3G AWACS,9,287,1852,False,mlat
ae2fae,2026-07-21 02:54:24.709908,RCH193,08-8202,4021,37000,39.782524,-96.708893,C-17A Globemaster,99,466,-24,False,mlat
ae07ec,2026-07-21 02:54:24.709927,PRIME04,96-0002,6225,14750,33.232697,-79.336578,C-17A Globemaster,48,449,2464,False,mlat
ae026d,2026-07-21 02:54:24.709932,UNK C/S,62-3576,3507,27000,34.302498,-78.043159,KC-135R Stratotanker,68,406,0,False,mlat
ae0238,2026-07-21 02:54:24.709935,UNK C/S,58-0074,4116,32950,41.553478,-77.753517,KC-135R Stratotanker,76,524,-19,False,mlat
ae0501,2026-07-21 02:54:24.709944,UNK C/S,59-1504,5735,33000,42.557137,-68.607086,KC-135R Stratotanker,86,515,0,False,mlat
ae0391,2026-07-21 02:54:24.709950,RCH283,63-8039,7306,Unavailable,44.953823,-56.676064,KC-135R Stratotanker,86,,,False,adsc
ae07db,2026-07-21 02:54:24.709953,MCFAMC,93-0601,1443,Unavailable,46.277676,-55.520267,C-17A Globemaster,76,,,False,mode_s
ae1233,2026-07-21 02:54:24.709956,MCFAMC,03-3122,Unavailable,33004,53.373299,-52.464867,C-17A Globemaster,64,,,False,adsc
ae07f1,2026-07-21 02:54:24.709960,MCFAMC,96-0007,2000,31008,49.168968,-43.2094,C-17A Globemaster,62,,,False,adsc
ae1172,2026-07-21 02:54:24.709966,RCH305,02-1100,0135,32000,54.978012,-2.016476,C-17A Globemaster,304,431,-64,False,adsb_icao
ae058a,2026-07-21 02:54:24.709970,RCH2038,87-0045,0635,30000,53.568546,1.296772,C-5M Galaxy,307,436,64,False,mlat
ae0816,2026-07-21 02:54:24.709973,RCH690,00-0180,3450,7725,49.619659,7.00747,C-17A Globemaster,159,289,-1568,False,adsb_icao
ae146d,2026-07-21 02:54:24.709978,RCH044,07-7175,4675,38000,49.727146,14.666719,C-17A Globemaster,292,417,0,False,mlat
ae07de,2026-07-21 02:54:24.709981,RCH409,93-0604,2647,32000,46.89632,20.503422,C-17A Globemaster,316,437,0,False,mlat
ae07fa,2026-07-21 02:54:24.709986,RCH899,97-0048,7405,29000,40.179424,24.78994,C-17A Globemaster,159,468,-64,False,mlat
ae048b,2026-07-21 02:54:24.709990,UNK C/S,63-8032,6557,19100,31.838621,34.95668,KC-135R Stratotanker,22,400,0,False,mlat
800790,2026-07-21 02:54:24.709994,IFC0736,CB-8003,3556,31025,22.957901,68.083824,C-17A Globemaster,89,447,-32,False,adsb_icao
ae07e0,2026-07-21 02:54:24.710008,MOOSE45,94-0066,5406,34000,32.6,33.0,C-17A Globemaster,,,,False,mode_s
ae0802,2026-07-21 02:54:24.710011,RCH262,98-0056,4175,36025,36.6,-116.0,C-17A Globemaster,,,,False,mode_s
ae1458,2026-07-21 02:54:24.710014,RCH241,06-6154,Unavailable,Unavailable,34.7,-125.1,C-17A Globemaster,,,,False,mode_s
ae210c,2026-07-21 02:54:24.710017,VV166961,166961,1354,775,35.8,-120.5,F/A-18 Hornet,,,,False,mode_s
ae1179,2026-07-21 02:54:24.710022,RCH213,02-1107,2153,32000,18.3,-66.7,C-17A Globemaster,308,438,-32,False,mode_s
ae588c,2026-07-21 02:54:24.710026,UNK C/S,60-0048,Unavailable,Unavailable,31.5,-93.3,B-52H Stratofortress,,,,False,mode_s
ae05ac,2026-07-21 02:54:24.710029,UNK C/S,63-8029,Unavailable,39000,48.3,-78.3,KC-135R Stratotanker,,,,False,mode_s
ae0687,2026-07-21 02:54:24.710033,RCH284,60-0349,6554,35000,46.4,-59.8,KC-135R Stratotanker,,,,False,mode_s
ae1197,2026-07-21 02:54:24.710038,MOOSE47,03-3114,3301,Unavailable,34.1,29.9,C-17A Globemaster,,,,False,mode_s
ae01d4,2026-07-21 02:54:24.710043,DUMBO84,64-14847,3113,5275,26.2,127.7,RC-135 Rivet Joint,,,,False,mode_s
ae0377,2026-07-21 02:55:25.123075,UNK C/S,62-3502,6742,36000,45.05547,-117.759117,KC-135R Stratotanker,5,514,0,False,mlat
ae0583,2026-07-21 02:55:25.123110,CHILI85,87-0038,0352,1025,29.414003,-98.595436,C-5M Galaxy,169,110,-825,False,mlat
ae11e5,2026-07-21 02:55:25.123118,SNTRY61,78-0577,3652,11000,35.740612,-97.384514,E-3G AWACS,10,311,785,False,mlat
ae2fae,2026-07-21 02:55:25.123124,RCH193,08-8202,4021,37025,39.752277,-96.543709,C-17A Globemaster,103,475,44,False,mlat
ae07ec,2026-07-21 02:55:25.123142,PRIME04,96-0002,6225,16925,33.326481,-79.244019,C-17A Globemaster,37,458,2038,False,mlat
ae026d,2026-07-21 02:55:25.123145,UNK C/S,62-3576,3507,27000,34.339386,-77.917374,KC-135R Stratotanker,74,440,0,False,mlat
ae0238,2026-07-21 02:55:25.123149,UNK C/S,58-0074,4116,32925,41.572826,-77.563477,KC-135R Stratotanker,82,506,-74,False,mlat
ae0501,2026-07-21 02:55:25.123157,UNK C/S,59-1504,5735,33000,42.568314,-68.404663,KC-135R Stratotanker,,,0,False,mlat
ae07db,2026-07-21 02:55:25.123161,MCFAMC,93-0601,1443,Unavailable,46.277676,-55.520267,C-17A Globemaster,76,,,False,mode_s
ae1233,2026-07-21 02:55:25.123164,MCFAMC,03-3122,Unavailable,33004,53.373299,-52.464867,C-17A Globemaster,64,,,False,adsc
ae07f1,2026-07-21 02:55:25.123169,MCFAMC,96-0007,2000,31008,49.168968,-43.2094,C-17A Globemaster,62,,,False,adsc
ae1172,2026-07-21 02:55:25.123174,RCH305,02-1100,0135,32000,55.04631,-2.187491,C-17A Globemaster,304,424,64,False,adsb_icao
ae058a,2026-07-21 02:55:25.123178,RCH2038,87-0045,0635,30000,53.639725,1.13368,C-5M Galaxy,307,432,32,False,mlat
ae0816,2026-07-21 02:55:25.123182,RCH690,00-0180,3450,6250,49.544987,7.047952,C-17A Globemaster,160,282,-1472,False,adsb_icao
ae146d,2026-07-21 02:55:25.123186,RCH044,07-7175,4675,38000,49.770508,14.498092,C-17A Globemaster,291,416,0,False,mlat
ae07de,2026-07-21 02:55:25.123190,RCH409,93-0604,2647,32000,46.979847,20.380638,C-17A Globemaster,314,438,0,False,mlat
ae07fa,2026-07-21 02:55:25.123194,RCH899,97-0048,7405,29000,40.052849,24.850737,C-17A Globemaster,159,466,-160,False,mlat
ae048b,2026-07-21 02:55:25.123198,UNK C/S,63-8032,6557,19125,31.83654,34.979687,KC-135R Stratotanker,44,402,96,False,mlat
800790,2026-07-21 02:55:25.123201,IFC0736,CB-8003,3556,31025,22.957933,68.220116,C-17A Globemaster,90,447,-32,False,adsb_icao
ae01d4,2026-07-21 02:55:25.123207,DUMBO84,64-14847,3113,7825,26.317272,127.853218,RC-135 Rivet Joint,,,2916,False,mlat
ae07e0,2026-07-21 02:55:25.123220,MOOSE45,94-0066,5406,34000,32.9,33.3,C-17A Globemaster,,,,False,mode_s
ae0802,2026-07-21 02:55:25.123223,RCH262,98-0056,4175,36025,38.1,-117.3,C-17A Globemaster,,,,False,mode_s
ae210c,2026-07-21 02:55:25.123227,VV166961,166961,1354,Unavailable,35.8,-120.5,F/A-18 Hornet,,,,False,mode_s
ae1179,2026-07-21 02:55:25.123231,RCH213,02-1107,2153,32000,18.5,-66.9,C-17A Globemaster,307,438,-96,False,mode_s
ae05ac,2026-07-21 02:55:25.123234,UNK C/S,63-8029,Unavailable,39000,48.3,-78.3,KC-135R Stratotanker,,,,False,mode_s
ae1197,2026-07-21 02:55:25.123239,MOOSE47,03-3114,3301,31000,34.0,29.7,C-17A Globemaster,,,,False,mode_s
ae0377,2026-07-21 02:56:25.612986,UNK C/S,62-3502,6742,36000,45.174915,-117.761284,KC-135R Stratotanker,2,509,0,False,mlat
ae0583,2026-07-21 02:56:25.613019,CHILI85,87-0038,0352,725,29.390562,-98.591125,C-5M Galaxy,175,88,-571,False,mlat
ae11e5,2026-07-21 02:56:25.613029,SNTRY61,78-0577,3652,12100,35.835194,-97.364899,E-3G AWACS,9,333,914,False,mlat
ae2fae,2026-07-21 02:56:25.613037,RCH193,08-8202,4021,37000,39.721138,-96.365822,C-17A Globemaster,103,494,37,False,mlat
ae07ec,2026-07-21 02:56:25.613055,PRIME04,96-0002,6225,19175,33.423882,-79.136574,C-17A Globemaster,49,457,2423,False,mlat
ae026d,2026-07-21 02:56:25.613059,UNK C/S,62-3576,3507,27000,34.345367,-77.779282,KC-135R Stratotanker,117,354,0,False,mlat
ae0238,2026-07-21 02:56:25.613062,UNK C/S,58-0074,4116,32925,41.610378,-77.37413,KC-135R Stratotanker,79,515,0,False,mlat
ae0501,2026-07-21 02:56:25.613069,UNK C/S,59-1504,5735,33000,42.561775,-68.115463,KC-135R Stratotanker,94,584,0,False,mlat
ae07db,2026-07-21 02:56:25.613074,MCFAMC,93-0601,1443,Unavailable,46.277676,-55.520267,C-17A Globemaster,76,,,False,mode_s
ae1233,2026-07-21 02:56:25.613078,MCFAMC,03-3122,Unavailable,33004,53.373299,-52.464867,C-17A Globemaster,64,,,False,adsc
ae07f1,2026-07-21 02:56:25.613082,MCFAMC,96-0007,2000,31008,49.168968,-43.2094,C-17A Globemaster,62,,,False,adsc
ae1172,2026-07-21 02:56:25.613089,RCH305,02-1100,0135,32000,55.113739,-2.357537,C-17A Globemaster,304,426,-128,False,adsb_icao
ae058a,2026-07-21 02:56:25.613093,RCH2038,87-0045,0635,30000,53.708115,0.963124,C-5M Galaxy,307,432,-32,False,mlat
ae0816,2026-07-21 02:56:25.613097,RCH690,00-0180,3450,4750,49.471062,7.08826,C-17A Globemaster,160,277,-1504,False,adsb_icao
ae146d,2026-07-21 02:56:25.613101,RCH044,07-7175,4675,38000,49.812969,14.333438,C-17A Globemaster,292,428,0,False,mlat
ae07de,2026-07-21 02:56:25.613104,RCH409,93-0604,2647,32000,47.066887,20.252234,C-17A Globemaster,316,441,0,False,mlat
ae07fa,2026-07-21 02:56:25.613107,RCH899,97-0048,7405,29000,39.93026,24.908257,C-17A Globemaster,159,472,320,False,mlat
ae048b,2026-07-21 02:56:25.613111,UNK C/S,63-8032,6557,19100,31.841774,35.036758,KC-135R Stratotanker,86,398,0,False,mlat
800790,2026-07-21 02:56:25.613113,IFC0736,CB-8003,3556,31025,22.957842,68.355659,C-17A Globemaster,90,448,32,False,adsb_icao
ae01d4,2026-07-21 02:56:25.613120,DUMBO84,64-14847,3113,10050,26.369843,127.920135,RC-135 Rivet Joint,50,289,1968,False,mlat
ae1179,2026-07-21 02:56:25.613132,RCH213,02-1107,2153,32000,18.3,-67.2,C-17A Globemaster,308,436,-32,False,mode_s
ae87fc,2026-07-21 02:56:25.613135,UNK C/S,,5244,Unavailable,38.5,-73.5,E-6B TACAMO,,,,False,mode_s
ae07e0,2026-07-21 02:56:25.613140,MOOSE45,94-0066,5406,34000,32.6,32.9,C-17A Globemaster,,,,False,mode_s
ae05ac,2026-07-21 02:56:25.613145,UNK C/S,63-8029,Unavailable,39000,48.3,-78.1,KC-135R Stratotanker,,,,False,mode_s
ae1197,2026-07-21 02:56:25.613150,MOOSE47,03-3114,3301,31000,33.4,32.1,C-17A Globemaster,,,,False,mode_s
ae0802,2026-07-21 02:56:25.613154,RCH262,98-0056,4175,36025,37.9,-117.5,C-17A Globemaster,,,,False,mode_s
ae0377,2026-07-21 02:57:26.096761,UNK C/S,62-3502,6742,36000,45.349777,-117.754395,KC-135R Stratotanker,1,495,0,False,mlat
ae0802,2026-07-21 02:57:26.096786,RCH262,98-0056,4175,36075,38.190891,-117.505135,C-17A Globemaster,281,474,113,False,mlat
ae0583,2026-07-21 02:57:26.096799,CHILI85,87-0038,0352,2275,29.34008,-98.571053,C-5M Galaxy,166,178,700,False,mlat
ae11e5,2026-07-21 02:57:26.096808,SNTRY61,78-0577,3652,13475,35.929771,-97.343056,E-3G AWACS,10,349,1203,False,mlat
ae2fae,2026-07-21 02:57:26.096814,RCH193,08-8202,4021,37025,39.697964,-96.194717,C-17A Globemaster,101,469,23,False,mlat
ae07ec,2026-07-21 02:57:26.096831,PRIME04,96-0002,6225,20825,33.511917,-79.025505,C-17A Globemaster,53,482,1309,False,mlat
ae026d,2026-07-21 02:57:26.096835,UNK C/S,62-3576,3507,27000,34.250011,-77.718765,KC-135R Stratotanker,170,422,0,False,mlat
ae0238,2026-07-21 02:57:26.096839,UNK C/S,58-0074,4116,32950,41.638596,-77.179367,KC-135R Stratotanker,75,534,75,False,mlat
ae1233,2026-07-21 02:57:26.096847,MCFAMC,03-3122,Unavailable,33004,53.373299,-52.464867,C-17A Globemaster,64,,,False,adsc
ae07db,2026-07-21 02:57:26.096850,MCFAMC,93-0601,1443,31004,46.743908,-52.219048,C-17A Globemaster,77,,,False,adsc
ae07f1,2026-07-21 02:57:26.096853,MCFAMC,96-0007,2000,31008,49.168968,-43.2094,C-17A Globemaster,62,,,False,adsc
ae1172,2026-07-21 02:57:26.096858,RCH305,02-1100,0135,32000,55.181259,-2.529037,C-17A Globemaster,304,428,-64,False,adsb_icao
ae058a,2026-07-21 02:57:26.096863,RCH2038,87-0045,0635,30000,53.788979,0.808599,C-5M Galaxy,307,432,-96,False,mlat
ae0816,2026-07-21 02:57:26.096867,RCH690,00-0180,3450,3700,49.39888,7.126465,C-17A Globemaster,161,249,160,False,adsb_icao
ae146d,2026-07-21 02:57:26.096871,RCH044,07-7175,4675,38000,49.856506,14.163512,C-17A Globemaster,291,415,0,False,mlat
ae07de,2026-07-21 02:57:26.096873,RCH409,93-0604,2647,32000,47.152439,20.128361,C-17A Globemaster,315,432,0,False,mlat
ae07fa,2026-07-21 02:57:26.096876,RCH899,97-0048,7405,29000,39.803757,24.966194,C-17A Globemaster,159,470,96,False,mlat
ae048b,2026-07-21 02:57:26.096880,UNK C/S,63-8032,6557,19100,31.803043,35.075161,KC-135R Stratotanker,83,402,0,False,mlat
800790,2026-07-21 02:57:26.096885,IFC0736,CB-8003,3556,31025,22.951277,68.490807,C-17A Globemaster,93,447,0,False,adsb_icao
ae01d4,2026-07-21 02:57:26.096890,DUMBO84,64-14847,3113,12225,26.410418,127.977928,RC-135 Rivet Joint,59,319,1964,False,mlat
ae1179,2026-07-21 02:57:26.096901,RCH213,02-1107,2153,32000,18.0,-67.1,C-17A Globemaster,,,,False,mode_s
ae87fc,2026-07-21 02:57:26.096905,UNK C/S,,5244,Unavailable,38.7,-73.0,E-6B TACAMO,,,,False,mode_s
ae0501,2026-07-21 02:57:26.096909,UNK C/S,59-1504,5735,33000,42.6,-70.3,KC-135R Stratotanker,,,,False,mode_s
ae63c3,2026-07-21 02:57:26.096913,UNK C/S,21-46087,Unavailable,Unavailable,35.4,-99.0,KC-46A Pegasus,,,,False,mode_s
ae07e0,2026-07-21 02:57:26.096916,MOOSE45,94-0066,5406,34000,33.0,32.5,C-17A Globemaster,,,,False,mode_s
ae05ac,2026-07-21 02:57:26.096922,UNK C/S,63-8029,Unavailable,39000,48.3,-78.2,KC-135R Stratotanker,,,,False,mode_s
ae1197,2026-07-21 02:57:26.096928,MOOSE47,03-3114,3301,31000,33.9,30.0,C-17A Globemaster,,,,False,mode_s
ae0377,2026-07-21 02:58:26.499775,UNK C/S,62-3502,6742,36000,45.494949,-117.74765,KC-135R Stratotanker,5,504,0,False,mlat
ae0802,2026-07-21 02:58:26.499800,RCH262,98-0056,4175,36100,38.217068,-117.660065,C-17A Globemaster,283,465,1,False,mlat
ae0583,2026-07-21 02:58:26.499815,CHILI85,87-0038,0352,2200,29.335003,-98.612976,C-5M Galaxy,320,185,54,False,mlat
ae11e5,2026-07-21 02:58:26.499825,SNTRY61,78-0577,3652,14775,36.025528,-97.321732,E-3G AWACS,8,355,1025,False,mlat
ae2fae,2026-07-21 02:58:26.499831,RCH193,08-8202,4021,37000,39.678558,-96.031525,C-17A Globemaster,98,489,-54,False,mlat
ae07ec,2026-07-21 02:58:26.499849,PRIME04,96-0002,6225,21900,33.602085,-78.905457,C-17A Globemaster,44,472,910,False,mlat
ae026d,2026-07-21 02:58:26.499853,UNK C/S,62-3576,3507,27000,34.15173,-77.761292,KC-135R Stratotanker,227,411,0,False,mlat
ae0238,2026-07-21 02:58:26.499856,UNK C/S,58-0074,4116,32950,41.669632,-76.982018,KC-135R Stratotanker,76,546,76,False,mlat
ae1233,2026-07-21 02:58:26.499865,MCFAMC,03-3122,Unavailable,33004,53.373299,-52.464867,C-17A Globemaster,64,,,False,adsc
ae07db,2026-07-21 02:58:26.499869,MCFAMC,93-0601,1443,31004,46.743908,-52.219048,C-17A Globemaster,77,,,False,mode_s
ae07f1,2026-07-21 02:58:26.499873,MCFAMC,96-0007,2000,31008,49.168968,-43.2094,C-17A Globemaster,62,,,False,adsc
ae1172,2026-07-21 02:58:26.499879,RCH305,02-1100,0135,32000,55.248459,-2.70094,C-17A Globemaster,304,428,-128,False,adsb_icao
ae058a,2026-07-21 02:58:26.499885,RCH2038,87-0045,0635,30000,53.858078,0.652671,C-5M Galaxy,306,434,32,False,mlat
ae0816,2026-07-21 02:58:26.499888,RCH690,00-0180,3450,3750,49.385925,7.179213,C-17A Globemaster,52,160,-96,False,adsb_icao
ae146d,2026-07-21 02:58:26.499892,RCH044,07-7175,4675,38000,49.898407,13.994925,C-17A Globemaster,290,422,-7,False,mlat
ae07de,2026-07-21 02:58:26.499895,RCH409,93-0604,2647,32000,47.235985,20.006481,C-17A Globemaster,312,427,0,False,mlat
ae07fa,2026-07-21 02:58:26.499899,RCH899,97-0048,7405,29000,39.694763,25.018248,C-17A Globemaster,159,470,-96,False,mlat
ae048b,2026-07-21 02:58:26.499903,UNK C/S,63-8032,6557,19100,30.859282,35.658997,KC-135R Stratotanker,82,406,32,False,mlat
800790,2026-07-21 02:58:26.499906,IFC0736,CB-8003,3556,31000,22.943527,68.625999,C-17A Globemaster,93,448,-32,False,adsb_icao
ae01d4,2026-07-21 02:58:26.499912,DUMBO84,64-14847,3113,14150,26.464211,128.012817,RC-135 Rivet Joint,26,236,1799,False,mlat
ae1179,2026-07-21 02:58:26.499926,RCH213,02-1107,2153,32000,18.1,-67.1,C-17A Globemaster,,,,False,mode_s
ae87fc,2026-07-21 02:58:26.499930,UNK C/S,,5244,Unavailable,38.8,-73.1,E-6B TACAMO,,,,False,mode_s
ae0501,2026-07-21 02:58:26.499934,UNK C/S,59-1504,5735,33000,43.4,-68.2,KC-135R Stratotanker,,,,False,mode_s
ae63c3,2026-07-21 02:58:26.499938,UNK C/S,21-46087,1200,Unavailable,35.4,-99.0,KC-46A Pegasus,,,,False,mode_s
ae07e0,2026-07-21 02:58:26.499941,MOOSE45,94-0066,5406,34000,32.9,32.0,C-17A Globemaster,,,,False,mode_s
ae05ac,2026-07-21 02:58:26.499948,UNK C/S,63-8029,Unavailable,39000,48.3,-78.2,KC-135R Stratotanker,,,,False,mode_s
ae1197,2026-07-21 02:58:26.499955,MOOSE47,03-3114,3301,31000,31.6,32.1,C-17A Globemaster,,,,False,mode_s
ae0802,2026-07-21 02:59:26.992539,RCH262,98-0056,4175,36100,38.248791,-117.827156,C-17A Globemaster,284,459,0,False,mlat
ae0377,2026-07-21 02:59:26.992563,UNK C/S,62-3502,6742,36000,45.636177,-117.741203,KC-135R Stratotanker,4,495,0,False,mlat
ae0583,2026-07-21 02:59:26.992577,CHILI85,87-0038,0352,2300,29.388781,-98.624023,C-5M Galaxy,338,192,81,False,mlat
ae11e5,2026-07-21 02:59:26.992586,SNTRY61,78-0577,3652,16125,36.128635,-97.300156,E-3G AWACS,9,381,1408,False,mlat
ae2fae,2026-07-21 02:59:26.992592,RCH193,08-8202,4021,37000,39.656635,-95.861687,C-17A Globemaster,101,481,-69,False,mlat
ae07ec,2026-07-21 02:59:26.992606,LIFTR75,96-0002,6225,22950,33.690907,-78.784012,C-17A Globemaster,47,476,917,False,mlat
ae026d,2026-07-21 02:59:26.992610,UNK C/S,62-3576,3507,27000,34.168289,-77.871735,KC-135R Stratotanker,322,447,0,False,mlat
ae0238,2026-07-21 02:59:26.992613,UNK C/S,58-0074,4116,32925,41.693085,-76.79847,KC-135R Stratotanker,77,551,-36,False,mlat
ae1233,2026-07-21 02:59:26.992622,MCFAMC,03-3122,Unavailable,33004,53.373299,-52.464867,C-17A Globemaster,64,,,False,adsc
ae07db,2026-07-21 02:59:26.992626,MCFAMC,93-0601,1443,31000,46.811886,-51.667671,C-17A Globemaster,79,,,False,adsc
ae07f1,2026-07-21 02:59:26.992629,MCFAMC,96-0007,2000,31008,49.168968,-43.2094,C-17A Globemaster,62,,,False,adsc
ae1172,2026-07-21 02:59:26.992633,RCH305,02-1100,0135,32000,55.31509,-2.872509,C-17A Globemaster,304,429,64,False,adsb_icao
ae058a,2026-07-21 02:59:26.992637,RCH2038,87-0045,0635,30000,53.931087,0.486908,C-5M Galaxy,306,434,64,False,mlat
ae0816,2026-07-21 02:59:26.992641,RCH690,00-0180,3450,3750,49.402496,7.240413,C-17A Globemaster,81,159,-64,False,adsb_icao
ae146d,2026-07-21 02:59:26.992644,RCH044,07-7175,4675,38000,49.943359,13.818974,C-17A Globemaster,292,432,0,False,mlat
ae07de,2026-07-21 02:59:26.992647,RCH409,93-0604,2647,32000,47.316704,19.887854,C-17A Globemaster,318,436,0,False,mlat
ae07fa,2026-07-21 02:59:26.992651,RCH899,97-0048,7405,29000,39.603516,25.063808,C-17A Globemaster,159,474,32,False,mlat
ae048b,2026-07-21 02:59:26.992655,UNK C/S,63-8032,6557,19125,30.884367,35.749935,KC-135R Stratotanker,82,408,0,False,mlat
800790,2026-07-21 02:59:26.992658,IFC0736,CB-8003,3556,31000,22.935637,68.760223,C-17A Globemaster,93,447,-64,False,adsb_icao
ae1179,2026-07-21 02:59:26.992671,RCH213,02-1107,2153,31975,18.1,-67.1,C-17A Globemaster,,,,False,mode_s
ae0501,2026-07-21 02:59:26.992675,UNK C/S,59-1504,5735,33000,43.1,-69.2,KC-135R Stratotanker,,,,False,mode_s
ae01d4,2026-07-21 02:59:26.992679,DUMBO84,64-14847,3113,15975,26.7,127.6,RC-135 Rivet Joint,,,,False,mode_s
ae07e0,2026-07-21 02:59:26.992682,MOOSE45,94-0066,5406,34000,32.6,32.6,C-17A Globemaster,,,,False,mode_s
ae05ac,2026-07-21 02:59:26.992688,UNK C/S,63-8029,Unavailable,39000,48.3,-76.2,KC-135R Stratotanker,,,,False,mode_s
ae1197,2026-07-21 02:59:26.992692,MOOSE47,03-3114,3301,31000,31.6,32.5,C-17A Globemaster,,,,False,mode_s
ae08cf,2026-07-21 03:00:27.470173,WOLF01,00-0185,4206,10725,63.458473,-147.562531,C-17A Globemaster,296,394,1984,False,adsb_icao
ae0802,2026-07-21 03:00:27.470199,RCH262,98-0056,4175,36075,38.27512,-117.984039,C-17A Globemaster,282,458,4,False,mlat
ae0377,2026-07-21 03:00:27.470204,UNK C/S,62-3502,6742,36000,45.778591,-117.737381,KC-135R Stratotanker,2,514,0,False,mlat
ae0583,2026-07-21 03:00:27.470219,CHILI85,87-0038,0352,1925,29.435059,-98.623398,C-5M Galaxy,40,197,-784,False,mlat
ae11e5,2026-07-21 03:00:27.470227,SNTRY61,78-0577,3652,17575,36.22525,-97.276619,E-3G AWACS,10,359,1423,False,mlat
ae2fae,2026-07-21 03:00:27.470233,RCH193,08-8202,4021,37000,39.636219,-95.684776,C-17A Globemaster,100,488,-25,False,mlat
ae07ec,2026-07-21 03:00:27.470250,LIFTR75,96-0002,6225,23050,33.779392,-78.665054,C-17A Globemaster,50,493,79,False,mlat
ae026d,2026-07-21 03:00:27.470254,UNK C/S,62-3576,3507,27000,34.270489,-77.882172,KC-135R Stratotanker,9,395,0,False,mlat
ae0238,2026-07-21 03:00:27.470257,UNK C/S,58-0074,4116,32925,41.720058,-76.59935,KC-135R Stratotanker,78,541,0,False,mlat
ae1233,2026-07-21 03:00:27.470265,MCFAMC,03-3122,Unavailable,33004,53.373299,-52.464867,C-17A Globemaster,64,,,False,adsc
ae07db,2026-07-21 03:00:27.470268,MCFAMC,93-0601,1443,31000,46.811886,-51.667671,C-17A Globemaster,79,,,False,adsc
ae0391,2026-07-21 03:00:27.470272,RCH283,63-8039,7306,36964,44.911594,-48.567295,KC-135R Stratotanker,87,,,False,adsc
ae07f1,2026-07-21 03:00:27.470276,MCFAMC,96-0007,2000,31008,49.168968,-43.2094,C-17A Globemaster,62,,,False,adsc
ae1172,2026-07-21 03:00:27.470281,RCH305,02-1100,0135,32000,55.382355,-3.04709,C-17A Globemaster,303,426,-192,False,adsb_icao
ae058a,2026-07-21 03:00:27.470285,RCH2038,87-0045,0635,30000,54.005486,0.317722,C-5M Galaxy,306,436,-96,False,mlat
ae0816,2026-07-21 03:00:27.470289,RCH690,00-0180,3450,3750,49.408539,7.307739,C-17A Globemaster,82,159,0,False,adsb_icao
ae146d,2026-07-21 03:00:27.470293,RCH044,07-7175,4675,38000,49.984959,13.651362,C-17A Globemaster,291,421,0,False,mlat
ae07de,2026-07-21 03:00:27.470296,RCH409,93-0604,2647,32000,47.404045,19.759258,C-17A Globemaster,315,429,0,False,mlat
ae07fa,2026-07-21 03:00:27.470299,RCH899,97-0048,7405,28975,39.526272,25.098455,C-17A Globemaster,159,472,-192,False,mode_s
ae04cd,2026-07-21 03:00:27.470304,UNK C/S,62-3503,5336,19025,31.486225,34.690289,KC-135R Stratotanker,135,418,0,False,mlat
ae048b,2026-07-21 03:00:27.470307,UNK C/S,63-8032,6557,19125,30.891945,35.916267,KC-135R Stratotanker,82,410,96,False,mlat
ae0362,2026-07-21 03:00:27.470309,UNK C/S,59-1453,2727,20000,24.856129,53.916779,KC-135R Stratotanker,172,406,0,False,mlat
800790,2026-07-21 03:00:27.470313,IFC0736,CB-8003,3556,31025,22.927551,68.89666,C-17A Globemaster,93,451,-64,False,adsb_icao
ae01d4,2026-07-21 03:00:27.470319,DUMBO84,64-14847,3113,17525,26.642729,128.183975,RC-135 Rivet Joint,,,1216,False,mlat
ae1179,2026-07-21 03:00:27.470352,RCH213,02-1107,2153,32000,18.5,-66.9,C-17A Globemaster,,,,False,mode_s
ae0501,2026-07-21 03:00:27.470356,UNK C/S,59-1504,5735,33000,43.6,-68.8,KC-135R Stratotanker,,,,False,mode_s
ae0811,2026-07-21 03:00:27.470359,BEEF22,00-0175,0401,925,40.1,-75.0,C-17A Globemaster,,,,False,mode_s
ae07e0,2026-07-21 03:00:27.470362,MOOSE45,94-0066,5406,34000,32.9,32.4,C-17A Globemaster,,,,False,mode_s
ae05ac,2026-07-21 03:00:27.470368,UNK C/S,63-8029,Unavailable,39000,48.7,-72.3,KC-135R Stratotanker,,,,False,mode_s
ae1197,2026-07-21 03:00:27.470373,MOOSE47,03-3114,3301,31000,31.3,32.5,C-17A Globemaster,,,,False,mode_s
ae1458,2026-07-21 03:00:27.470378,RCH241,06-6154,Unavailable,Unavailable,36.0,-125.9,C-17A Globemaster,,,,False,mode_s
ae08cf,2026-07-21 03:01:27.859832,WOLF01,00-0185,4206,11025,63.538498,-147.720413,C-17A Globemaster,354,398,64,False,adsb_icao
ae0802,2026-07-21 03:01:27.859856,RCH262,98-0056,4175,36075,38.306499,-118.14782,C-17A Globemaster,282,482,-1,False,mlat
ae0377,2026-07-21 03:01:27.859861,UNK C/S,62-3502,6742,34825,45.915348,-117.730331,KC-135R Stratotanker,1,470,-2573,False,mlat
ae0583,2026-07-21 03:01:27.859876,CHILI85,87-0038,0352,1200,29.419752,-98.594963,C-5M Galaxy,175,194,-824,False,mlat
ae11e5,2026-07-21 03:01:27.859884,SNTRY61,78-0577,3652,18375,36.326813,-97.256065,E-3G AWACS,12,365,958,False,mlat
ae2fae,2026-07-21 03:01:27.859889,RCH193,08-8202,4021,37025,39.614304,-95.515511,C-17A Globemaster,100,485,7,False,mlat
ae07ec,2026-07-21 03:01:27.859905,LIFTR75,96-0002,6225,23800,33.86919,-78.542221,C-17A Globemaster,47,474,215,False,mlat
ae026d,2026-07-21 03:01:27.859909,UNK C/S,62-3576,3507,27000,34.385113,-77.867821,KC-135R Stratotanker,11,394,-11,False,mlat
ae0238,2026-07-21 03:01:27.859912,UNK C/S,58-0074,4116,32950,41.747051,-76.415779,KC-135R Stratotanker,79,529,64,False,mlat
ae0811,2026-07-21 03:01:27.859917,BEEF22,00-0175,0401,1550,39.99295,-74.668236,C-17A Globemaster,288,222,52,False,mlat
ae1233,2026-07-21 03:01:27.859923,MCFAMC,03-3122,Unavailable,33004,53.373299,-52.464867,C-17A Globemaster,64,,,False,adsc
ae07db,2026-07-21 03:01:27.859926,MCFAMC,93-0601,1443,31000,46.811886,-51.667671,C-17A Globemaster,79,,,False,mode_s
ae0391,2026-07-21 03:01:27.859930,RCH283,63-8039,7306,36964,44.911594,-48.567295,KC-135R Stratotanker,87,,,False,adsc
ae07f1,2026-07-21 03:01:27.859934,MCFAMC,96-0007,2000,31008,49.168968,-43.2094,C-17A Globemaster,62,,,False,adsc
ae1172,2026-07-21 03:01:27.859938,RCH305,02-1100,0135,32000,55.44841,-3.21966,C-17A Globemaster,303,421,-64,False,adsb_icao
ae058a,2026-07-21 03:01:27.859943,RCH2038,87-0045,0635,30000,54.077526,0.153881,C-5M Galaxy,306,436,0,False,mlat
ae0816,2026-07-21 03:01:27.859947,RCH690,00-0180,3450,3125,49.414642,7.376091,C-17A Globemaster,82,155,-928,False,adsb_icao
ae146d,2026-07-21 03:01:27.859951,RCH044,07-7175,4675,38000,50.025654,13.485736,C-17A Globemaster,291,419,0,False,mlat
ae07de,2026-07-21 03:01:27.859953,RCH409,93-0604,2647,32000,47.488045,19.635492,C-17A Globemaster,315,432,0,False,mlat
ae07fa,2026-07-21 03:01:27.859957,RCH899,97-0048,7405,28975,39.336906,25.187544,C-17A Globemaster,160,476,416,False,mlat
ae04cd,2026-07-21 03:01:27.859961,UNK C/S,62-3503,5336,19025,31.406843,34.775799,KC-135R Stratotanker,135,410,0,False,mlat
ae048b,2026-07-21 03:01:27.859964,UNK C/S,63-8032,6557,19125,30.901402,36.051796,KC-135R Stratotanker,82,410,-64,False,mlat
ae0362,2026-07-21 03:01:27.859967,UNK C/S,59-1453,2727,20000,25.099678,55.26746,KC-135R Stratotanker,172,406,0,False,mlat
800790,2026-07-21 03:01:27.859972,IFC0736,CB-8003,3556,31025,22.919203,69.034729,C-17A Globemaster,93,449,96,False,adsb_icao
ae01d4,2026-07-21 03:01:27.859980,DUMBO84,64-14847,3113,19225,26.696945,128.196991,RC-135 Rivet Joint,,,1499,False,mlat
ae0501,2026-07-21 03:01:27.859991,UNK C/S,59-1504,5735,33000,43.6,-68.4,KC-135R Stratotanker,,,,False,mode_s
ae07e0,2026-07-21 03:01:27.859995,MOOSE45,94-0066,5406,34000,32.6,32.6,C-17A Globemaster,,,,False,mode_s
896c2d,2026-07-21 03:01:27.860000,GOLD26,1225,Unavailable,Unavailable,7.2,98.6,C-17A Globemaster,,,,False,mode_s
ae05ac,2026-07-21 03:01:27.860004,UNK C/S,63-8029,Unavailable,39000,48.7,-72.3,KC-135R Stratotanker,,,,False,mode_s
ae1197,2026-07-21 03:01:27.860010,MOOSE47,03-3114,3301,31000,31.5,32.5,C-17A Globemaster,,,,False,mode_s
ae1458,2026-07-21 03:01:27.860013,RCH241,06-6154,Unavailable,Unavailable,36.0,-125.9,C-17A Globemaster,,,,False,mode_s
ae08cf,2026-07-21 03:02:28.262094,WOLF01,00-0185,4206,11625,63.642105,-147.761673,C-17A Globemaster,342,374,640,False,adsb_icao
ae0802,2026-07-21 03:02:28.262121,RCH262,98-0056,4175,36075,38.33984,-118.307602,C-17A Globemaster,284,454,7,False,mlat
ae0377,2026-07-21 03:02:28.262126,UNK C/S,62-3502,6742,31250,46.047539,-117.725304,KC-135R Stratotanker,3,516,-3457,False,mlat
ae0583,2026-07-21 03:02:28.262143,CHILI85,87-0038,0352,725,29.402302,-98.589264,C-5M Galaxy,169,110,-685,False,mlat
ae11e5,2026-07-21 03:02:28.262152,SNTRY61,78-0577,3652,19375,36.424763,-97.231621,E-3G AWACS,6,402,934,False,mlat
ae2fae,2026-07-21 03:02:28.262157,RCH193,08-8202,4021,37000,39.591599,-95.336517,C-17A Globemaster,100,502,-24,False,mlat
ae07ec,2026-07-21 03:02:28.262174,LIFTR75,96-0002,6225,24400,33.959599,-78.414665,C-17A Globemaster,50,481,736,False,mlat
ae026d,2026-07-21 03:02:28.262179,UNK C/S,62-3576,3507,27000,34.433514,-77.755318,KC-135R Stratotanker,99,467,0,False,mlat
ae0238,2026-07-21 03:02:28.262183,UNK C/S,58-0074,4116,32950,41.772621,-76.215508,KC-135R Stratotanker,81,539,75,False,mlat
ae0811,2026-07-21 03:02:28.262189,BEEF22,00-0175,0401,1575,40.030979,-74.650795,C-17A Globemaster,67,212,75,False,mlat
ae1233,2026-07-21 03:02:28.262194,MCFAMC,03-3122,Unavailable,33004,53.373299,-52.464867,C-17A Globemaster,64,,,False,adsc
ae07db,2026-07-21 03:02:28.262198,MCFAMC,93-0601,1443,31000,46.811886,-51.667671,C-17A Globemaster,79,,,False,mode_s
ae0391,2026-07-21 03:02:28.262202,RCH283,63-8039,7306,36964,44.911594,-48.567295,KC-135R Stratotanker,87,,,False,adsc
ae07f1,2026-07-21 03:02:28.262205,MCFAMC,96-0007,2000,31008,49.168968,-43.2094,C-17A Globemaster,62,,,False,adsc
ae1172,2026-07-21 03:02:28.262208,RCH305,02-1100,0135,32000,55.504715,-3.403681,C-17A Globemaster,280,446,128,False,adsb_icao
ae058a,2026-07-21 03:02:28.262213,RCH2038,87-0045,0635,30000,54.150776,-0.018081,C-5M Galaxy,306,436,32,False,mlat
ae0816,2026-07-21 03:02:28.262217,RCH690,00-0180,3450,2375,49.419716,7.432901,C-17A Globemaster,82,118,-608,False,adsb_icao
ae146d,2026-07-21 03:02:28.262221,RCH044,07-7175,4675,38000,50.053959,13.297604,C-17A Globemaster,267,438,0,False,mlat
ae07de,2026-07-21 03:02:28.262224,RCH409,93-0604,2647,32000,47.572105,19.509533,C-17A Globemaster,315,429,0,False,mlat
ae07fa,2026-07-21 03:02:28.262229,RCH899,97-0048,7405,29000,39.261703,25.216225,C-17A Globemaster,160,482,0,False,mlat
ae04cd,2026-07-21 03:02:28.262234,UNK C/S,62-3503,5336,19025,31.323446,34.872498,KC-135R Stratotanker,135,406,0,False,mlat
ae048b,2026-07-21 03:02:28.262238,UNK C/S,63-8032,6557,19125,30.861366,36.243076,KC-135R Stratotanker,82,410,0,False,mlat
ae0362,2026-07-21 03:02:28.262242,UNK C/S,59-1453,2727,19925,24.627378,53.952805,KC-135R Stratotanker,172,400,-480,False,mlat
800790,2026-07-21 03:02:28.262246,IFC0736,CB-8003,3556,31000,22.910824,69.170631,C-17A Globemaster,93,454,-96,False,adsb_icao
ae1179,2026-07-21 03:02:28.262262,RCH213,02-1107,2153,32000,18.5,-66.9,C-17A Globemaster,,,,False,mode_s
ae0501,2026-07-21 03:02:28.262266,UNK C/S,59-1504,5735,33000,43.4,-68.7,KC-135R Stratotanker,,,,False,mode_s
ae01d4,2026-07-21 03:02:28.262270,DUMBO84,64-14847,3113,20650,27.0,127.7,RC-135 Rivet Joint,,,,False,mode_s
ae07e0,2026-07-21 03:02:28.262273,MOOSE45,94-0066,5406,34000,32.3,32.8,C-17A Globemaster,,,,False,mode_s
896c2d,2026-07-21 03:02:28.262279,GOLD26,1225,1707,Unavailable,7.2,98.6,C-17A Globemaster,,,,False,mode_s
ae05ac,2026-07-21 03:02:28.262283,UNK C/S,63-8029,Unavailable,39000,48.7,-72.3,KC-135R Stratotanker,,,,False,mode_s
ae1197,2026-07-21 03:02:28.262289,MOOSE47,03-3114,3301,31000,31.4,33.0,C-17A Globemaster,,,,False,mode_s
ae1458,2026-07-21 03:02:28.262293,RCH241,06-6154,Unavailable,Unavailable,36.0,-125.9,C-17A Globemaster,,,,False,mode_s
ae08cf,2026-07-21 03:03:28.589733,WOLF01,00-0185,4206,11925,63.740303,-147.705139,C-17A Globemaster,37,382,832,False,adsb_icao
ae0802,2026-07-21 03:03:28.589757,RCH262,98-0056,4175,35700,38.372635,-118.461113,C-17A Globemaster,285,473,-637,False,mlat
ae0377,2026-07-21 03:03:28.589764,UNK C/S,62-3502,6742,28475,46.185207,-117.717873,KC-135R Stratotanker,3,477,-2848,False,mlat
ae0583,2026-07-21 03:03:28.589781,CHILI85,87-0038,0352,2175,29.341656,-98.58149,C-5M Galaxy,198,214,1375,False,mlat
ae11e5,2026-07-21 03:03:28.589789,SNTRY61,78-0577,3652,20325,36.532982,-97.207695,E-3G AWACS,11,382,847,False,mlat
ae2fae,2026-07-21 03:03:28.589794,RCH193,08-8202,4021,37000,39.571899,-95.180359,C-17A Globemaster,97,473,-32,False,mlat
ae07ec,2026-07-21 03:03:28.589815,LIFTR75,96-0002,6225,24975,34.050415,-78.293053,C-17A Globemaster,49,491,244,False,mlat
ae026d,2026-07-21 03:03:28.589818,UNK C/S,62-3576,3507,27000,34.350941,-77.673843,KC-135R Stratotanker,178,452,0,False,mlat
ae0238,2026-07-21 03:03:28.589823,UNK C/S,58-0074,4116,32925,41.79855,-76.022408,KC-135R Stratotanker,78,523,0,False,mlat
ae0811,2026-07-21 03:03:28.589829,BEEF22,00-0175,0401,1600,40.061501,-74.599251,C-17A Globemaster,57,181,7,False,mlat
ae1233,2026-07-21 03:03:28.589834,MCFAMC,03-3122,Unavailable,33004,53.373299,-52.464867,C-17A Globemaster,64,,,False,adsc
ae07db,2026-07-21 03:03:28.589838,MCFAMC,93-0601,1443,31000,46.811886,-51.667671,C-17A Globemaster,79,,,False,mode_s
ae0391,2026-07-21 03:03:28.589841,RCH283,63-8039,7306,36964,44.911594,-48.567295,KC-135R Stratotanker,87,,,False,adsc
ae07f1,2026-07-21 03:03:28.589845,MCFAMC,96-0007,2000,31008,49.168968,-43.2094,C-17A Globemaster,62,,,False,adsc
ae1172,2026-07-21 03:03:28.589849,RCH305,02-1100,0135,31975,55.526577,-3.618622,C-17A Globemaster,280,447,-64,False,adsb_icao
ae058a,2026-07-21 03:03:28.589853,RCH2038,87-0045,0635,30000,54.219749,-0.179572,C-5M Galaxy,306,436,0,False,mlat
ae0816,2026-07-21 03:03:28.589858,RCH690,00-0180,3450,1750,49.424103,7.482675,C-17A Globemaster,82,118,-704,False,adsb_icao
ae146d,2026-07-21 03:03:28.589862,RCH044,07-7175,4675,38000,50.057995,13.11915,C-17A Globemaster,273,432,0,False,mlat
ae07de,2026-07-21 03:03:28.589865,RCH409,93-0604,2647,32000,47.655041,19.384556,C-17A Globemaster,316,415,0,False,mlat
ae07fa,2026-07-21 03:03:28.589869,RCH899,97-0048,7405,29000,39.154099,25.268009,C-17A Globemaster,160,480,-160,False,mode_s
ae04cd,2026-07-21 03:03:28.589872,UNK C/S,62-3503,5336,19025,31.243725,34.963634,KC-135R Stratotanker,135,402,0,False,mlat
ae048b,2026-07-21 03:03:28.589876,UNK C/S,63-8032,6557,19125,30.932848,36.316597,KC-135R Stratotanker,82,414,0,False,mlat
ae0362,2026-07-21 03:03:28.589880,UNK C/S,59-1453,2727,18200,24.526541,53.968258,KC-135R Stratotanker,172,374,-2272,False,mlat
800790,2026-07-21 03:03:28.589883,IFC0736,CB-8003,3556,31025,22.902445,69.305367,C-17A Globemaster,93,453,-32,False,adsb_icao
ae0501,2026-07-21 03:03:28.589899,UNK C/S,59-1504,5735,33000,43.4,-69.1,KC-135R Stratotanker,,,,False,mode_s
ae01d4,2026-07-21 03:03:28.589903,DUMBO84,64-14847,3113,21950,27.1,127.5,RC-135 Rivet Joint,,,,False,mode_s
ae07e0,2026-07-21 03:03:28.589906,MOOSE45,94-0066,5406,34000,32.6,32.1,C-17A Globemaster,,,,False,mode_s
ae05ac,2026-07-21 03:03:28.589912,UNK C/S,63-8029,Unavailable,39000,48.5,-77.7,KC-135R Stratotanker,,,,False,mode_s
ae1197,2026-07-21 03:03:28.589918,MOOSE47,03-3114,3301,31000,31.4,32.8,C-17A Globemaster,,,,False,mode_s
ae08cf,2026-07-21 03:04:29.010521,WOLF01,00-0185,4206,11025,63.812084,-147.53067,C-17A Globemaster,58,361,-1280,False,adsb_icao
ae0802,2026-07-21 03:04:29.010543,RCH262,98-0056,4175,34150,38.401257,-118.637276,C-17A Globemaster,276,469,-1890,False,mlat
ae0377,2026-07-21 03:04:29.010549,UNK C/S,62-3502,6742,26100,46.316292,-117.677193,KC-135R Stratotanker,15,466,-2395,False,mlat
ae0583,2026-07-21 03:04:29.010562,CHILI85,87-0038,0352,2200,29.373938,-98.622246,C-5M Galaxy,353,321,-189,False,mlat
ae11e5,2026-07-21 03:04:29.010570,SNTRY61,78-0577,3652,21425,36.638332,-97.182289,E-3G AWACS,10,390,1355,False,mlat
ae2fae,2026-07-21 03:04:29.010576,RCH193,08-8202,4021,37000,39.547318,-95.000832,C-17A Globemaster,99,487,-64,False,mlat
ae07ec,2026-07-21 03:04:29.010592,LIFTR75,96-0002,6225,24975,34.138515,-78.17231,C-17A Globemaster,50,482,-149,False,mlat
ae026d,2026-07-21 03:04:29.010595,UNK C/S,62-3576,3507,27000,34.244541,-77.704987,KC-135R Stratotanker,193,382,0,False,mlat
ae0238,2026-07-21 03:04:29.010599,UNK C/S,58-0074,4116,32925,41.827328,-75.831017,KC-135R Stratotanker,79,514,1,False,mlat
ae0811,2026-07-21 03:04:29.010602,BEEF22,00-0175,0401,1400,40.082928,-74.545815,C-17A Globemaster,89,134,-435,False,mlat
ae07db,2026-07-21 03:04:29.010608,MCFAMC,93-0601,1443,31000,46.811886,-51.667671,C-17A Globemaster,79,,,False,mode_s
ae1233,2026-07-21 03:04:29.010611,MCFAMC,03-3122,Unavailable,33012,54.09771,-49.311447,C-17A Globemaster,67,,,False,adsc
ae0391,2026-07-21 03:04:29.010615,RCH283,63-8039,7306,36964,44.911594,-48.567295,KC-135R Stratotanker,87,,,False,adsc
ae07f1,2026-07-21 03:04:29.010618,MCFAMC,96-0007,2000,31008,49.168968,-43.2094,C-17A Globemaster,62,,,False,adsc
ae1172,2026-07-21 03:04:29.010621,RCH305,02-1100,0135,32000,55.548111,-3.835144,C-17A Globemaster,279,444,-64,False,adsb_icao
ae058a,2026-07-21 03:04:29.010624,RCH2038,87-0045,0635,30000,54.293137,-0.348584,C-5M Galaxy,306,440,32,False,mlat
ae0816,2026-07-21 03:04:29.010627,RCH690,00-0180,3450,1100,49.428513,7.533578,C-17A Globemaster,82,126,-640,False,adsb_icao
ae146d,2026-07-21 03:04:29.010631,RCH044,07-7175,4675,38000,50.060078,12.936012,C-17A Globemaster,271,417,0,False,mlat
ae07de,2026-07-21 03:04:29.010634,RCH409,93-0604,2647,32000,47.734447,19.264542,C-17A Globemaster,314,421,0,False,mlat
ae04cd,2026-07-21 03:04:29.010638,UNK C/S,62-3503,5336,19025,31.159445,35.056305,KC-135R Stratotanker,135,398,0,False,mlat
ae048b,2026-07-21 03:04:29.010641,UNK C/S,63-8032,6557,19125,31.499556,35.156742,KC-135R Stratotanker,82,416,-64,False,mlat
ae0362,2026-07-21 03:04:29.010644,UNK C/S,59-1453,2727,16025,24.449417,53.967392,KC-135R Stratotanker,137,358,-1920,False,mlat
800790,2026-07-21 03:04:29.010648,IFC0736,CB-8003,3556,31025,22.893785,69.443611,C-17A Globemaster,93,452,160,False,adsb_icao
ae1179,2026-07-21 03:04:29.010664,RCH213,02-1107,2153,32000,19.4,-67.7,C-17A Globemaster,,,,False,mode_s
ae0501,2026-07-21 03:04:29.010668,UNK C/S,59-1504,5735,33000,43.3,-68.3,KC-135R Stratotanker,,,,False,mode_s
ae01d4,2026-07-21 03:04:29.010671,DUMBO84,64-14847,3113,23200,26.8,127.2,RC-135 Rivet Joint,,,,False,mode_s
ae07e0,2026-07-21 03:04:29.010674,MOOSE45,94-0066,5406,34000,32.8,32.0,C-17A Globemaster,,,,False,mode_s
ae05ac,2026-07-21 03:04:29.010680,UNK C/S,63-8029,Unavailable,39000,48.3,-75.7,KC-135R Stratotanker,,,,False,mode_s
ae1197,2026-07-21 03:04:29.010685,MOOSE47,03-3114,3301,31000,33.1,32.4,C-17A Globemaster,,,,False,mode_s
ae07fa,2026-07-21 03:04:29.010688,RCH899,97-0048,7405,29000,38.4,25.1,C-17A Globemaster,160,482,32,False,mode_s
ae08cf,2026-07-21 03:05:29.558817,WOLF01,00-0185,4206,10875,63.854233,-147.341766,C-17A Globemaster,68,302,0,False,adsb_icao
ae0802,2026-07-21 03:05:29.558841,RCH262,98-0056,4175,32175,38.425522,-118.801048,C-17A Globemaster,291,478,-2017,False,mlat
ae0377,2026-07-21 03:05:29.558847,UNK C/S,62-3502,6742,23725,46.427429,-117.645966,KC-135R Stratotanker,10,431,-2592,False,mlat
ae0583,2026-07-21 03:05:29.558860,CHILI85,87-0038,0352,2125,29.425455,-98.629608,C-5M Galaxy,358,202,-79,False,mlat
ae11e5,2026-07-21 03:05:29.558868,SNTRY61,78-0577,3652,22200,36.75827,-97.172279,E-3G AWACS,357,448,1229,False,mlat
ae2fae,2026-07-21 03:05:29.558874,RCH193,08-8202,4021,37025,39.524612,-94.830765,C-17A Globemaster,98,453,27,False,mlat
ae07ec,2026-07-21 03:05:29.558892,LIFTR75,96-0002,6225,25000,34.221188,-78.055786,C-17A Globemaster,54,422,75,False,mlat
ae026d,2026-07-21 03:05:29.558895,UNK C/S,62-3576,3507,27000,34.183445,-77.796989,KC-135R Stratotanker,284,448,0,False,mlat
ae0238,2026-07-21 03:05:29.558900,UNK C/S,58-0074,4116,32925,41.851658,-75.638687,KC-135R Stratotanker,79,517,-55,False,mlat
ae0811,2026-07-21 03:05:29.558904,BEEF22,00-0175,0401,975,40.055672,-74.535446,C-17A Globemaster,204,150,-494,False,mlat
ae07db,2026-07-21 03:05:29.558909,MCFAMC,93-0601,1443,31000,46.811886,-51.667671,C-17A Globemaster,79,,,False,mode_s
ae1233,2026-07-21 03:05:29.558912,MCFAMC,03-3122,Unavailable,33012,54.09771,-49.311447,C-17A Globemaster,67,,,False,adsc
ae0391,2026-07-21 03:05:29.558915,RCH283,63-8039,7306,36964,44.911594,-48.567295,KC-135R Stratotanker,87,,,False,adsc
ae07f1,2026-07-21 03:05:29.558918,MCFAMC,96-0007,2000,31008,49.168968,-43.2094,C-17A Globemaster,62,,,False,adsc
ae1172,2026-07-21 03:05:29.558921,RCH305,02-1100,0135,32000,55.569168,-4.049294,C-17A Globemaster,279,443,64,False,adsb_icao
ae058a,2026-07-21 03:05:29.558925,RCH2038,87-0045,0635,30000,54.365982,-0.523211,C-5M Galaxy,306,440,0,False,mlat
ae0816,2026-07-21 03:05:29.558928,RCH690,00-0180,3450,475,49.433395,7.588228,C-17A Globemaster,82,134,-576,False,adsb_icao
ae146d,2026-07-21 03:05:29.558933,RCH044,07-7175,4675,38000,50.062912,12.75099,C-17A Globemaster,270,424,0,False,mlat
ae07de,2026-07-21 03:05:29.558936,RCH409,93-0604,2647,32000,47.81963,19.134794,C-17A Globemaster,314,415,0,False,mlat
ae048b,2026-07-21 03:05:29.558940,UNK C/S,63-8032,6557,19125,32.0695,35.126381,KC-135R Stratotanker,82,418,0,False,mlat
ae04cd,2026-07-21 03:05:29.558943,UNK C/S,62-3503,5336,19025,31.093309,35.134663,KC-135R Stratotanker,135,396,0,False,mlat
ae0362,2026-07-21 03:05:29.558946,UNK C/S,59-1453,2727,13850,24.469316,54.370831,KC-135R Stratotanker,127,350,-2656,False,mlat
800790,2026-07-21 03:05:29.558949,IFC0736,CB-8003,3556,31000,22.885117,69.579712,C-17A Globemaster,93,452,0,False,adsb_icao
ae1179,2026-07-21 03:05:29.558967,RCH213,02-1107,2153,32000,19.6,-68.0,C-17A Globemaster,,,,False,mode_s
ae0501,2026-07-21 03:05:29.558971,UNK C/S,59-1504,5735,33000,43.0,-67.8,KC-135R Stratotanker,,,,False,mode_s
ae01d4,2026-07-21 03:05:29.558974,DUMBO84,64-14847,3113,24325,26.7,126.9,RC-135 Rivet Joint,,,,False,mode_s
ae07e0,2026-07-21 03:05:29.558977,MOOSE45,94-0066,5406,34000,33.1,32.2,C-17A Globemaster,,,,False,mode_s
ae05ac,2026-07-21 03:05:29.558981,UNK C/S,63-8029,Unavailable,39000,48.7,-72.3,KC-135R Stratotanker,,,,False,mode_s
ae1197,2026-07-21 03:05:29.558986,MOOSE47,03-3114,3301,31000,31.2,32.8,C-17A Globemaster,,,,False,mode_s
ae07fa,2026-07-21 03:05:29.558990,RCH899,97-0048,7405,29000,37.8,23.9,C-17A Globemaster,160,480,96,False,mode_s
ae1458,2026-07-21 03:05:29.558994,RCH241,06-6154,Unavailable,Unavailable,34.7,-125.8,C-17A Globemaster,,,,False,mode_s
ae08cf,2026-07-21 03:06:29.977655,WOLF01,00-0185,4206,10900,63.884537,-147.171906,C-17A Globemaster,68,287,128,False,adsb_icao
ae0802,2026-07-21 03:06:29.977680,RCH262,98-0056,4175,30050,38.458492,-118.954865,C-17A Globemaster,280,445,-2233,False,mlat
ae0377,2026-07-21 03:06:29.977686,UNK C/S,62-3502,6742,21525,46.556656,-117.622116,KC-135R Stratotanker,5,412,-2151,False,mlat
ae0583,2026-07-21 03:06:29.977700,CHILI85,87-0038,0352,1250,29.426001,-98.597328,C-5M Galaxy,156,164,-1029,False,mlat
ae11e5,2026-07-21 03:06:29.977707,SNTRY61,78-0577,3652,22975,36.844807,-97.201843,E-3G AWACS,340,393,1210,False,mlat
ae2fae,2026-07-21 03:06:29.977714,RCH193,08-8202,4021,37000,39.502598,-94.655632,C-17A Globemaster,99,478,0,False,mlat
ae07ec,2026-07-21 03:06:29.977734,LIFTR75,96-0002,6225,25925,34.247787,-77.938782,C-17A Globemaster,116,428,1034,False,mlat
ae026d,2026-07-21 03:06:29.977738,UNK C/S,62-3576,3507,27000,34.148335,-77.905479,KC-135R Stratotanker,206,473,0,False,mlat
ae0238,2026-07-21 03:06:29.977742,UNK C/S,58-0074,4116,32925,41.875957,-75.451981,KC-135R Stratotanker,77,525,0,False,mlat
ae0811,2026-07-21 03:06:29.977747,BEEF22,00-0175,0401,300,40.042034,-74.544693,C-17A Globemaster,243,156,-661,False,mlat
ae07db,2026-07-21 03:06:29.977753,MCFAMC,93-0601,1443,31000,46.811886,-51.667671,C-17A Globemaster,79,,,False,mode_s
ae1233,2026-07-21 03:06:29.977756,MCFAMC,03-3122,Unavailable,33012,54.09771,-49.311447,C-17A Globemaster,67,,,False,adsc
ae0391,2026-07-21 03:06:29.977760,RCH283,63-8039,7306,36964,44.911594,-48.567295,KC-135R Stratotanker,87,,,False,adsc
ae07f1,2026-07-21 03:06:29.977763,MCFAMC,96-0007,2000,31008,49.168968,-43.2094,C-17A Globemaster,62,,,False,adsc
ae1172,2026-07-21 03:06:29.977768,RCH305,02-1100,0135,32000,55.590122,-4.265614,C-17A Globemaster,279,442,-64,False,adsb_icao
ae058a,2026-07-21 03:06:29.977771,RCH2038,87-0045,0635,30000,54.435452,-0.682683,C-5M Galaxy,305,440,-32,False,mlat
ae146d,2026-07-21 03:06:29.977776,RCH044,07-7175,4675,38000,50.065174,12.574713,C-17A Globemaster,271,423,0,False,mlat
ae07de,2026-07-21 03:06:29.977779,RCH409,93-0604,2647,32000,47.902557,19.008558,C-17A Globemaster,314,422,0,False,mlat
ae04cd,2026-07-21 03:06:29.977783,UNK C/S,62-3503,5336,19025,31.021847,35.223164,KC-135R Stratotanker,135,394,0,False,mlat
ae0362,2026-07-21 03:06:29.977786,UNK C/S,59-1453,2727,12100,24.37047,54.282326,KC-135R Stratotanker,126,310,-2112,False,mlat
800790,2026-07-21 03:06:29.977789,IFC0736,CB-8003,3556,31000,22.876328,69.715881,C-17A Globemaster,93,450,0,False,adsb_icao
ae1179,2026-07-21 03:06:29.977808,RCH213,02-1107,2153,32000,19.9,-68.2,C-17A Globemaster,,,,False,mode_s
ae0501,2026-07-21 03:06:29.977813,UNK C/S,59-1504,5735,33000,43.5,-67.2,KC-135R Stratotanker,,,,False,mode_s
ae01d4,2026-07-21 03:06:29.977817,DUMBO84,64-14847,3113,25375,26.7,127.4,RC-135 Rivet Joint,,,,False,mode_s
ae048b,2026-07-21 03:06:29.977820,UNK C/S,63-8032,6557,19125,31.5,33.5,KC-135R Stratotanker,77,420,0,False,mode_s
ae07e0,2026-07-21 03:06:29.977823,MOOSE45,94-0066,5406,34000,32.0,32.8,C-17A Globemaster,,,,False,mode_s
ae05ac,2026-07-21 03:06:29.977828,UNK C/S,63-8029,Unavailable,Unavailable,48.3,-78.3,KC-135R Stratotanker,,,,False,mode_s
ae87fc,2026-07-21 03:06:29.977832,UNK C/S,,5244,Unavailable,39.0,-72.9,E-6B TACAMO,,,,False,mode_s
ae1197,2026-07-21 03:06:29.977837,MOOSE47,03-3114,3301,31000,31.2,32.8,C-17A Globemaster,,,,False,mode_s
ae07fa,2026-07-21 03:06:29.977840,RCH899,97-0048,7405,29000,37.9,24.7,C-17A Globemaster,160,478,0,False,mode_s
ae1458,2026-07-21 03:06:29.977843,RCH241,06-6154,Unavailable,Unavailable,34.7,-125.7,C-17A Globemaster,,,,False,mode_s
ae0154,2026-07-21 03:06:29.977846,UNK C/S,63-8045,6560,9125,31.2,32.8,KC-135R Stratotanker,7,280,2048,False,mode_s
ae08cf,2026-07-21 03:07:30.446568,WOLF01,00-0185,4206,10900,63.921856,-147.009155,C-17A Globemaster,34,302,-64,False,adsb_icao
ae0802,2026-07-21 03:07:30.446592,RCH262,98-0056,4175,27825,38.482887,-119.104362,C-17A Globemaster,284,459,-2115,False,mlat
ae0377,2026-07-21 03:07:30.446598,UNK C/S,62-3502,6742,19775,46.670944,-117.618011,KC-135R Stratotanker,357,394,-1670,False,mlat
ae0583,2026-07-21 03:07:30.446613,CHILI85,87-0038,0352,725,29.393667,-98.587906,C-5M Galaxy,153,132,-561,False,mlat
ae11e5,2026-07-21 03:07:30.446624,SNTRY61,78-0577,3652,23575,36.960896,-97.251022,E-3G AWACS,343,405,553,False,mlat
ae2fae,2026-07-21 03:07:30.446632,RCH193,08-8202,4021,37025,39.478527,-94.484642,C-17A Globemaster,100,505,-36,False,mlat
ae026d,2026-07-21 03:07:30.446648,UNK C/S,62-3576,3507,27000,34.033554,-77.903473,KC-135R Stratotanker,177,446,4,False,mlat
ae07ec,2026-07-21 03:07:30.446652,LIFTR75,96-0002,6225,26000,34.146961,-77.876114,C-17A Globemaster,191,427,25,False,mlat
ae0238,2026-07-21 03:07:30.446657,UNK C/S,58-0074,4116,32925,41.901672,-75.247993,KC-135R Stratotanker,69,490,-43,False,mlat
ae07db,2026-07-21 03:07:30.446663,MCFAMC,93-0601,1443,31000,46.811886,-51.667671,C-17A Globemaster,79,,,False,mode_s
ae1233,2026-07-21 03:07:30.446667,MCFAMC,03-3122,Unavailable,33012,54.09771,-49.311447,C-17A Globemaster,67,,,False,adsc
ae0391,2026-07-21 03:07:30.446670,RCH283,63-8039,7306,36964,44.911594,-48.567295,KC-135R Stratotanker,87,,,False,adsc
ae07f1,2026-07-21 03:07:30.446674,MCFAMC,96-0007,2000,31008,49.168968,-43.2094,C-17A Globemaster,62,,,False,adsc
ae1172,2026-07-21 03:07:30.446679,RCH305,02-1100,0135,32000,55.610466,-4.480104,C-17A Globemaster,279,443,-128,False,adsb_icao
ae058a,2026-07-21 03:07:30.446683,RCH2038,87-0045,0635,30000,54.505676,-0.851419,C-5M Galaxy,305,440,32,False,mlat
ae146d,2026-07-21 03:07:30.446687,RCH044,07-7175,4675,38000,50.066265,12.384233,C-17A Globemaster,271,434,0,False,mlat
ae07de,2026-07-21 03:07:30.446690,RCH409,93-0604,2647,32000,47.981148,18.888313,C-17A Globemaster,314,407,0,False,mlat
ae07fa,2026-07-21 03:07:30.446694,RCH899,97-0048,7405,29000,38.582951,25.533962,C-17A Globemaster,160,478,96,False,mlat
ae04cd,2026-07-21 03:07:30.446698,UNK C/S,62-3503,5336,19025,31.846798,34.963081,KC-135R Stratotanker,124,396,32,False,mlat
ae0362,2026-07-21 03:07:30.446701,UNK C/S,59-1453,2727,8875,24.301971,54.288399,KC-135R Stratotanker,115,302,-3456,False,mlat
800790,2026-07-21 03:07:30.446704,IFC0736,CB-8003,3556,31000,22.868454,69.851669,C-17A Globemaster,93,452,-64,False,adsb_icao
ae1179,2026-07-21 03:07:30.446723,RCH213,02-1107,2153,Unavailable,19.9,-68.3,C-17A Globemaster,,,,False,mode_s
ae0501,2026-07-21 03:07:30.446727,UNK C/S,59-1504,5735,33000,44.7,-62.6,KC-135R Stratotanker,,,,False,mode_s
ae01d4,2026-07-21 03:07:30.446730,DUMBO84,64-14847,3113,26675,27.0,127.3,RC-135 Rivet Joint,,,,False,mode_s
ae048b,2026-07-21 03:07:30.446733,UNK C/S,63-8032,6557,19125,31.9,34.1,KC-135R Stratotanker,53,420,128,False,mode_s
ae07e0,2026-07-21 03:07:30.446737,MOOSE45,94-0066,5406,34000,33.1,31.9,C-17A Globemaster,,,,False,mode_s
ae05ac,2026-07-21 03:07:30.446741,UNK C/S,63-8029,Unavailable,Unavailable,48.3,-75.7,KC-135R Stratotanker,,,,False,mode_s
ae87fc,2026-07-21 03:07:30.446745,UNK C/S,,5244,Unavailable,38.9,-71.8,E-6B TACAMO,,,,False,mode_s
ae1197,2026-07-21 03:07:30.446749,MOOSE47,03-3114,3301,31000,31.1,32.8,C-17A Globemaster,,,,False,mode_s
ae1458,2026-07-21 03:07:30.446754,RCH241,06-6154,Unavailable,Unavailable,34.7,-125.7,C-17A Globemaster,,,,False,mode_s
ae0154,2026-07-21 03:07:30.446757,UNK C/S,63-8045,6560,10475,31.3,33.6,KC-135R Stratotanker,10,350,320,False,mode_s
ae08cf,2026-07-21 03:08:30.860890,WOLF01,00-0185,4206,10200,64.005066,-147.038269,C-17A Globemaster,331,315,-960,False,adsb_icao
ae0802,2026-07-21 03:08:30.860916,RCH262,98-0056,4175,25875,38.512444,-119.265564,C-17A Globemaster,285,448,-2136,False,mlat
ae0377,2026-07-21 03:08:30.860923,UNK C/S,62-3502,6742,18125,46.777672,-117.62236,KC-135R Stratotanker,360,379,-1402,False,mlat
ae0583,2026-07-21 03:08:30.860939,CHILI85,87-0038,0352,2125,29.349739,-98.584694,C-5M Galaxy,227,166,1185,False,mlat
ae11e5,2026-07-21 03:08:30.860946,SNTRY61,78-0577,3652,24300,37.071011,-97.296967,E-3G AWACS,340,417,553,False,mlat
ae2fae,2026-07-21 03:08:30.860954,RCH193,08-8202,4021,37000,39.454487,-94.310631,C-17A Globemaster,102,483,0,False,mlat
ae026d,2026-07-21 03:08:30.860971,UNK C/S,62-3576,3507,27000,33.955212,-77.884277,KC-135R Stratotanker,159,381,1,False,mlat
ae07ec,2026-07-21 03:08:30.860974,LIFTR75,96-0002,6225,26000,34.025391,-77.874168,C-17A Globemaster,180,456,0,False,mlat
ae0238,2026-07-21 03:08:30.860980,UNK C/S,58-0074,4116,32950,41.925739,-75.055222,KC-135R Stratotanker,83,569,71,False,mlat
ae07db,2026-07-21 03:08:30.860985,MCFAMC,93-0601,1443,31000,46.811886,-51.667671,C-17A Globemaster,79,,,False,mode_s
ae1233,2026-07-21 03:08:30.860987,MCFAMC,03-3122,Unavailable,33012,54.09771,-49.311447,C-17A Globemaster,67,,,False,adsc
ae0391,2026-07-21 03:08:30.860991,RCH283,63-8039,7306,36964,44.911594,-48.567295,KC-135R Stratotanker,87,,,False,adsc
ae07f1,2026-07-21 03:08:30.860995,MCFAMC,96-0007,2000,31008,49.168968,-43.2094,C-17A Globemaster,62,,,False,adsc
ae1172,2026-07-21 03:08:30.860999,RCH305,02-1100,0135,32000,55.630554,-4.695989,C-17A Globemaster,279,443,0,False,adsb_icao
ae058a,2026-07-21 03:08:30.861004,RCH2038,87-0045,0635,30000,54.581894,-1.034976,C-5M Galaxy,305,438,0,False,mlat
ae146d,2026-07-21 03:08:30.861009,RCH044,07-7175,3540,38000,50.068771,12.195145,C-17A Globemaster,270,437,0,False,mlat
ae07de,2026-07-21 03:08:30.861013,RCH409,93-0604,2647,32000,48.062187,18.763908,C-17A Globemaster,314,420,0,False,mlat
ae07fa,2026-07-21 03:08:30.861017,RCH899,97-0048,7405,29000,38.488434,25.574516,C-17A Globemaster,160,480,0,False,mlat
ae04cd,2026-07-21 03:08:30.861020,UNK C/S,62-3503,5336,19025,30.892651,35.439877,KC-135R Stratotanker,87,404,0,False,mlat
800790,2026-07-21 03:08:30.861024,IFC0736,CB-8003,3556,31000,22.860546,69.988708,C-17A Globemaster,93,449,-160,False,adsb_icao
ae0501,2026-07-21 03:08:30.861044,UNK C/S,59-1504,5735,33000,43.8,-63.0,KC-135R Stratotanker,,,,False,mode_s
ae01d4,2026-07-21 03:08:30.861048,DUMBO84,64-14847,3113,27075,26.6,126.5,RC-135 Rivet Joint,,,,False,mode_s
ae048b,2026-07-21 03:08:30.861051,UNK C/S,63-8032,6161,19125,32.1,33.9,KC-135R Stratotanker,53,420,-32,False,mode_s
ae07e0,2026-07-21 03:08:30.861054,MOOSE45,94-0066,5406,34000,32.3,32.6,C-17A Globemaster,,,,False,mode_s
ae0362,2026-07-21 03:08:30.861058,UNK C/S,59-1453,2727,5850,23.2,54.0,KC-135R Stratotanker,113,292,-3360,False,mode_s
ae05ac,2026-07-21 03:08:30.861062,UNK C/S,63-8029,Unavailable,Unavailable,48.3,-76.2,KC-135R Stratotanker,,,,False,mode_s
896c2d,2026-07-21 03:08:30.861065,GOLD26,1225,1707,Unavailable,7.2,98.6,C-17A Globemaster,,,,False,mode_s
ae87fc,2026-07-21 03:08:30.861069,UNK C/S,,5244,Unavailable,39.2,-72.2,E-6B TACAMO,,,,False,mode_s
ae1197,2026-07-21 03:08:30.861073,MOOSE47,03-3114,3301,31000,31.3,32.8,C-17A Globemaster,,,,False,mode_s
ae0154,2026-07-21 03:08:30.861077,UNK C/S,63-8045,6560,12800,31.4,33.9,KC-135R Stratotanker,10,356,2496,False,mode_s
ae1458,2026-07-21 03:08:30.861080,RCH241,06-6154,Unavailable,Unavailable,34.7,-125.7,C-17A Globemaster,,,,False,mode_s
ae08cf,2026-07-21 03:09:31.418620,WOLF01,00-0185,4206,10025,64.08139,-147.129242,C-17A Globemaster,332,305,-128,False,adsb_icao
ae0802,2026-07-21 03:09:31.418645,RCH262,98-0056,4175,23675,38.53912,-119.422943,C-17A Globemaster,281,466,-2192,False,mlat
ae0377,2026-07-21 03:09:31.418651,UNK C/S,62-3502,6742,16275,46.881443,-117.626625,KC-135R Stratotanker,357,387,-1769,False,mlat
ae0583,2026-07-21 03:09:31.418667,CHILI85,87-0038,0352,2250,29.378008,-98.625069,C-5M Galaxy,353,327,152,False,mlat
ae11e5,2026-07-21 03:09:31.418675,SNTRY61,78-0577,3652,25025,37.187511,-97.34359,E-3G AWACS,342,413,446,False,mlat
ae2fae,2026-07-21 03:09:31.418684,RCH193,08-8202,4021,37000,39.431995,-94.146172,C-17A Globemaster,100,490,-74,False,mlat
ae07ec,2026-07-21 03:09:31.418700,LIFTR75,96-0002,6225,26000,33.891781,-77.871979,C-17A Globemaster,179,464,0,False,mlat
ae0238,2026-07-21 03:09:31.418706,UNK C/S,58-0074,4116,32925,41.946667,-74.863167,KC-135R Stratotanker,83,515,0,False,mlat
ae07db,2026-07-21 03:09:31.418711,MCFAMC,93-0601,1443,31000,46.811886,-51.667671,C-17A Globemaster,79,,,False,mode_s
ae1233,2026-07-21 03:09:31.418714,MCFAMC,03-3122,Unavailable,33012,54.09771,-49.311447,C-17A Globemaster,67,,,False,adsc
ae0391,2026-07-21 03:09:31.418718,RCH283,63-8039,7306,36964,44.911594,-48.567295,KC-135R Stratotanker,87,,,False,adsc
ae07f1,2026-07-21 03:09:31.418723,MCFAMC,96-0007,2000,31004,50.528698,-37.804813,C-17A Globemaster,66,,,False,adsc
ae1172,2026-07-21 03:09:31.418726,RCH305,02-1100,0135,32000,55.649963,-4.909141,C-17A Globemaster,279,442,0,False,adsb_icao
ae058a,2026-07-21 03:09:31.418730,RCH2038,87-0045,0635,30000,54.651314,-1.204369,C-5M Galaxy,305,438,32,False,mlat
ae146d,2026-07-21 03:09:31.418734,RCH044,07-7175,3540,38000,50.069969,12.015672,C-17A Globemaster,271,422,0,False,mlat
ae07de,2026-07-21 03:09:31.418737,RCH409,93-0604,2647,32000,48.146275,18.633907,C-17A Globemaster,314,425,0,False,mlat
ae07fa,2026-07-21 03:09:31.418740,RCH899,97-0048,7405,29000,38.305008,25.660398,C-17A Globemaster,160,484,0,False,mlat
ae0154,2026-07-21 03:09:31.418744,UNK C/S,63-8045,6560,14850,31.17795,34.923641,KC-135R Stratotanker,9,370,1696,False,mlat
ae04cd,2026-07-21 03:09:31.418747,UNK C/S,62-3503,5336,19025,30.89686,35.585785,KC-135R Stratotanker,82,408,0,False,mlat
800790,2026-07-21 03:09:31.418750,IFC0736,CB-8003,3556,31025,22.897928,70.113831,C-17A Globemaster,63,448,-32,False,adsb_icao
ae0501,2026-07-21 03:09:31.418770,UNK C/S,59-1504,5735,33000,44.8,-63.1,KC-135R Stratotanker,,,,False,mode_s
ae01d4,2026-07-21 03:09:31.418774,DUMBO84,64-14847,3113,28200,26.8,127.1,RC-135 Rivet Joint,,,,False,mode_s
ae07e0,2026-07-21 03:09:31.418777,MOOSE45,94-0066,5406,34000,33.6,31.9,C-17A Globemaster,,,,False,mode_s
ae0362,2026-07-21 03:09:31.418781,UNK C/S,59-1453,2727,3925,23.7,53.9,KC-135R Stratotanker,115,282,-1216,False,mode_s
ae05ac,2026-07-21 03:09:31.418785,UNK C/S,63-8029,Unavailable,Unavailable,48.3,-78.8,KC-135R Stratotanker,,,,False,mode_s
896c2d,2026-07-21 03:09:31.418789,GOLD26,1225,1707,Unavailable,7.2,98.6,C-17A Globemaster,,,,False,mode_s
ae87fc,2026-07-21 03:09:31.418792,UNK C/S,,5244,Unavailable,39.5,-72.6,E-6B TACAMO,,,,False,mode_s
ae1197,2026-07-21 03:09:31.418797,MOOSE47,03-3114,3301,31000,33.1,32.4,C-17A Globemaster,,,,False,mode_s
ae1458,2026-07-21 03:09:31.418800,RCH241,06-6154,Unavailable,Unavailable,34.7,-125.7,C-17A Globemaster,,,,False,mode_s
ae08cf,2026-07-21 03:10:31.796900,WOLF01,00-0185,4206,10025,64.157501,-147.21965,C-17A Globemaster,332,304,-192,False,adsb_icao
ae0802,2026-07-21 03:10:31.796925,RCH262,98-0056,4175,21700,38.567661,-119.586456,C-17A Globemaster,287,438,-1843,False,mlat
ae0377,2026-07-21 03:10:31.796930,UNK C/S,62-3502,6742,14950,46.986732,-117.631821,KC-135R Stratotanker,357,348,-1091,False,mlat
ae0583,2026-07-21 03:10:31.796943,CHILI85,87-0038,0352,2125,29.429436,-98.630951,C-5M Galaxy,14,167,-271,False,mlat
ae11e5,2026-07-21 03:10:31.796950,SNTRY61,78-0577,3652,25725,37.292038,-97.388451,E-3G AWACS,343,407,670,False,mlat
ae2fae,2026-07-21 03:10:31.796957,RCH193,08-8202,4021,37000,39.409435,-93.973618,C-17A Globemaster,99,482,28,False,mlat
ae07ec,2026-07-21 03:10:31.796976,LIFTR75,96-0002,6225,25975,33.817394,-77.87291,C-17A Globemaster,181,457,-76,False,mlat
ae0238,2026-07-21 03:10:31.796982,UNK C/S,58-0074,4116,32925,41.973488,-74.662437,KC-135R Stratotanker,79,516,-69,False,mlat
ae07db,2026-07-21 03:10:31.796987,MCFAMC,93-0601,1443,31000,46.811886,-51.667671,C-17A Globemaster,79,,,False,mode_s
ae1233,2026-07-21 03:10:31.796989,MCFAMC,03-3122,Unavailable,33012,54.09771,-49.311447,C-17A Globemaster,67,,,False,adsc
ae0391,2026-07-21 03:10:31.796993,RCH283,63-8039,7306,36964,44.911594,-48.567295,KC-135R Stratotanker,87,,,False,adsc
ae07f1,2026-07-21 03:10:31.796997,MCFAMC,96-0007,2000,31004,50.528698,-37.804813,C-17A Globemaster,66,,,False,adsc
ae1172,2026-07-21 03:10:31.797001,RCH305,02-1100,0135,32000,55.66954,-5.128555,C-17A Globemaster,278,443,0,False,adsb_icao
ae058a,2026-07-21 03:10:31.797005,RCH2038,87-0045,0635,30000,54.722523,-1.37774,C-5M Galaxy,305,436,-32,False,mlat
ae146d,2026-07-21 03:10:31.797009,RCH044,07-7175,3540,38000,50.069321,11.826848,C-17A Globemaster,271,421,0,False,mlat
ae07de,2026-07-21 03:10:31.797011,RCH409,93-0604,2647,32000,48.22654,18.509609,C-17A Globemaster,314,413,0,False,mlat
ae07fa,2026-07-21 03:10:31.797015,RCH899,97-0048,7405,29000,38.167973,25.723391,C-17A Globemaster,160,488,0,False,mlat
ae0154,2026-07-21 03:10:31.797019,UNK C/S,63-8045,6560,16500,31.118603,34.946548,KC-135R Stratotanker,9,392,1824,False,mlat
ae04cd,2026-07-21 03:10:31.797022,UNK C/S,62-3503,5336,19025,30.847975,35.770683,KC-135R Stratotanker,82,410,0,False,mlat
800790,2026-07-21 03:10:31.797025,IFC0736,CB-8003,3556,31000,22.955421,70.236259,C-17A Globemaster,62,449,-64,False,adsb_icao
ae0501,2026-07-21 03:10:31.797043,UNK C/S,59-1504,5735,33000,43.8,-63.0,KC-135R Stratotanker,,,,False,mode_s
ae01d4,2026-07-21 03:10:31.797047,DUMBO84,64-14847,3113,29050,26.5,126.5,RC-135 Rivet Joint,,,,False,mode_s
ae07e0,2026-07-21 03:10:31.797051,MOOSE45,94-0066,5406,34000,32.5,32.4,C-17A Globemaster,,,,False,mode_s
ae0362,2026-07-21 03:10:31.797055,UNK C/S,59-1453,2727,3425,23.6,54.2,KC-135R Stratotanker,115,258,0,False,mode_s
ae05ac,2026-07-21 03:10:31.797058,UNK C/S,63-8029,Unavailable,39000,46.1,-72.4,KC-135R Stratotanker,,,,False,mode_s
896c2d,2026-07-21 03:10:31.797061,GOLD26,1225,1707,33000,7.2,98.6,C-17A Globemaster,,,,False,mode_s
ae87fc,2026-07-21 03:10:31.797065,UNK C/S,,5244,Unavailable,39.5,-72.5,E-6B TACAMO,,,,False,mode_s
ae1197,2026-07-21 03:10:31.797069,MOOSE47,03-3114,3301,31000,31.3,32.8,C-17A Globemaster,,,,False,mode_s
ae1458,2026-07-21 03:10:31.797073,RCH241,06-6154,Unavailable,Unavailable,34.7,-125.7,C-17A Globemaster,,,,False,mode_s
ae08cf,2026-07-21 03:11:32.344967,WOLF01,00-0185,4206,10025,64.233215,-147.310287,C-17A Globemaster,332,307,192,False,adsb_icao
ae0802,2026-07-21 03:11:32.344993,RCH262,98-0056,4175,20300,38.592712,-119.729729,C-17A Globemaster,282,420,-1001,False,mlat
ae0377,2026-07-21 03:11:32.345000,UNK C/S,62-3502,6742,14150,47.087067,-117.635307,KC-135R Stratotanker,357,342,-545,False,mlat
ae0583,2026-07-21 03:11:32.345014,CHILI85,87-0038,0352,1175,29.420567,-98.594513,C-5M Galaxy,158,227,-1026,False,mlat
ae11e5,2026-07-21 03:11:32.345022,SNTRY61,78-0577,3652,26400,37.414356,-97.442062,E-3G AWACS,341,429,674,False,mlat
ae2fae,2026-07-21 03:11:32.345027,RCH193,08-8202,4021,37000,39.384178,-93.798065,C-17A Globemaster,100,466,59,False,mlat
aedb56,2026-07-21 03:11:32.345046,GRYHK45,169881,5332,11000,34.420029,-76.11412,E-2 Hawkeye,43,324,-64,False,adsb_icao
ae0238,2026-07-21 03:11:32.345052,UNK C/S,58-0074,4116,32925,41.997665,-74.470558,KC-135R Stratotanker,80,510,0,False,mlat
ae07db,2026-07-21 03:11:32.345056,MCFAMC,93-0601,1443,31000,46.811886,-51.667671,C-17A Globemaster,79,,,False,mode_s
ae1233,2026-07-21 03:11:32.345059,MCFAMC,03-3122,Unavailable,33012,54.09771,-49.311447,C-17A Globemaster,67,,,False,adsc
ae0391,2026-07-21 03:11:32.345063,RCH283,63-8039,7306,36964,44.911594,-48.567295,KC-135R Stratotanker,87,,,False,adsc
ae07f1,2026-07-21 03:11:32.345066,MCFAMC,96-0007,2000,31004,50.528698,-37.804813,C-17A Globemaster,66,,,False,adsc
ae1172,2026-07-21 03:11:32.345069,RCH305,02-1100,0135,32000,55.688461,-5.344682,C-17A Globemaster,278,442,-64,False,adsb_icao
ae058a,2026-07-21 03:11:32.345074,RCH2038,87-0045,0635,30000,54.781757,-1.566487,C-5M Galaxy,287,448,-64,False,mlat
ae146d,2026-07-21 03:11:32.345077,RCH044,07-7175,3540,38000,50.071026,11.643028,C-17A Globemaster,269,424,0,False,mlat
ae07de,2026-07-21 03:11:32.345079,RCH409,93-0604,2647,32000,48.299122,18.394468,C-17A Globemaster,313,412,0,False,mlat
ae07fa,2026-07-21 03:11:32.345083,RCH899,97-0048,7405,29000,38.125336,25.744036,C-17A Globemaster,160,490,-320,False,mlat
ae0154,2026-07-21 03:11:32.345086,UNK C/S,63-8045,6560,18375,31.740316,34.906147,KC-135R Stratotanker,11,402,1824,False,mlat
ae04cd,2026-07-21 03:11:32.345089,UNK C/S,62-3503,5336,19025,30.930695,35.845306,KC-135R Stratotanker,82,412,0,False,mlat
800790,2026-07-21 03:11:32.345093,IFC0736,CB-8003,3556,31025,23.012741,70.35804,C-17A Globemaster,62,449,0,False,adsb_icao
ae0501,2026-07-21 03:11:32.345109,UNK C/S,59-1504,5735,33000,44.7,-62.6,KC-135R Stratotanker,,,,False,mode_s
ae01d4,2026-07-21 03:11:32.345113,DUMBO84,64-14847,3113,29075,26.3,125.7,RC-135 Rivet Joint,,,,False,mode_s
ae07e0,2026-07-21 03:11:32.345116,MOOSE45,94-0066,5406,34000,33.1,32.1,C-17A Globemaster,,,,False,mode_s
ae0362,2026-07-21 03:11:32.345120,UNK C/S,59-1453,2727,3425,23.7,53.9,KC-135R Stratotanker,115,252,0,False,mode_s
ae05ac,2026-07-21 03:11:32.345124,UNK C/S,63-8029,Unavailable,39000,48.3,-76.7,KC-135R Stratotanker,,,,False,mode_s
896c2d,2026-07-21 03:11:32.345127,GOLD26,1225,1707,33025,7.2,98.6,C-17A Globemaster,,,,False,mode_s
ae1197,2026-07-21 03:11:32.345132,MOOSE47,03-3114,3301,31000,31.9,33.1,C-17A Globemaster,,,,False,mode_s
ae1458,2026-07-21 03:11:32.345136,RCH241,06-6154,Unavailable,Unavailable,34.7,-124.6,C-17A Globemaster,,,,False,mode_s
ae08cf,2026-07-21 03:12:32.709369,WOLF01,00-0185,4206,10025,64.308472,-147.401474,C-17A Globemaster,332,306,-128,False,adsb_icao
ae0802,2026-07-21 03:12:32.709396,RCH262,98-0056,4175,20025,38.609608,-119.871689,C-17A Globemaster,278,411,-4,False,mlat
ae0377,2026-07-21 03:12:32.709402,UNK C/S,62-3502,6742,11600,47.173122,-117.678589,KC-135R Stratotanker,323,326,-4126,False,mlat
ae0583,2026-07-21 03:12:32.709416,CHILI85,87-0038,0352,750,29.38855,-98.588043,C-5M Galaxy,169,118,-635,False,mlat
ae11e5,2026-07-21 03:12:32.709424,SNTRY61,78-0577,3652,27075,37.522705,-97.487534,E-3G AWACS,342,430,727,False,mlat
ae2fae,2026-07-21 03:12:32.709431,RCH193,08-8202,4021,37025,39.358025,-93.626442,C-17A Globemaster,101,481,0,False,mlat
aedb56,2026-07-21 03:12:32.709449,GRYHK45,169881,5332,11000,34.485477,-76.039413,E-2 Hawkeye,44,318,64,False,adsb_icao
ae0238,2026-07-21 03:12:32.709455,UNK C/S,58-0074,4116,32925,42.019257,-74.277702,KC-135R Stratotanker,81,515,-74,False,mlat
ae07db,2026-07-21 03:12:32.709459,MCFAMC,93-0601,1443,31000,46.811886,-51.667671,C-17A Globemaster,79,,,False,mode_s
ae1233,2026-07-21 03:12:32.709463,MCFAMC,03-3122,Unavailable,33012,54.09771,-49.311447,C-17A Globemaster,67,,,False,adsc
ae0391,2026-07-21 03:12:32.709467,RCH283,63-8039,7306,36964,44.911594,-48.567295,KC-135R Stratotanker,87,,,False,adsc
ae07f1,2026-07-21 03:12:32.709471,MCFAMC,96-0007,2000,31004,50.528698,-37.804813,C-17A Globemaster,66,,,False,adsc
ae1172,2026-07-21 03:12:32.709475,RCH305,02-1100,0135,32000,55.706875,-5.559769,C-17A Globemaster,278,444,-64,False,adsb_icao
ae058a,2026-07-21 03:12:32.709479,RCH2038,87-0045,0635,30000,54.815262,-1.770558,C-5M Galaxy,287,452,-32,False,mlat
ae146d,2026-07-21 03:12:32.709484,RCH044,07-7175,3540,38000,50.071369,11.471832,C-17A Globemaster,270,421,0,False,mlat
ae07de,2026-07-21 03:12:32.709487,RCH409,93-0604,2647,32000,48.384762,18.260889,C-17A Globemaster,314,412,0,False,mlat
ae0154,2026-07-21 03:12:32.709491,UNK C/S,63-8045,6560,19000,31.838015,34.949455,KC-135R Stratotanker,22,408,0,False,mlat
ae04cd,2026-07-21 03:12:32.709494,UNK C/S,62-3503,5336,19000,30.943909,35.973526,KC-135R Stratotanker,82,414,-128,False,mlat
800790,2026-07-21 03:12:32.709498,IFC0736,CB-8003,3556,31025,23.069567,70.478973,C-17A Globemaster,63,452,-32,False,adsb_icao
ae0501,2026-07-21 03:12:32.709518,UNK C/S,59-1504,5735,33000,44.6,-64.1,KC-135R Stratotanker,,,,False,mode_s
ae01d4,2026-07-21 03:12:32.709523,DUMBO84,64-14847,3113,29050,26.3,125.6,RC-135 Rivet Joint,,,,False,mode_s
ae07e0,2026-07-21 03:12:32.709526,MOOSE45,94-0066,5406,34000,33.7,32.8,C-17A Globemaster,,,,False,mode_s
ae0362,2026-07-21 03:12:32.709531,UNK C/S,59-1453,2727,3425,23.2,54.0,KC-135R Stratotanker,115,250,64,False,mode_s
ae05ac,2026-07-21 03:12:32.709534,UNK C/S,63-8029,Unavailable,39000,48.7,-72.3,KC-135R Stratotanker,,,,False,mode_s
896c2d,2026-07-21 03:12:32.709538,GOLD26,1225,1707,33000,7.2,98.6,C-17A Globemaster,,,,False,mode_s
ae1197,2026-07-21 03:12:32.709542,MOOSE47,03-3114,3301,31000,31.4,33.1,C-17A Globemaster,,,,False,mode_s
ae07fa,2026-07-21 03:12:32.709546,RCH899,97-0048,7405,29000,37.0,25.5,C-17A Globemaster,160,490,0,False,mode_s
ae08cf,2026-07-21 03:13:33.066658,WOLF01,00-0185,4206,9650,64.385139,-147.49501,C-17A Globemaster,332,317,-1792,False,adsb_icao
ae0802,2026-07-21 03:13:33.066695,RCH262,98-0056,4175,19250,38.628475,-120.021629,C-17A Globemaster,280,410,-1659,False,mlat
ae0377,2026-07-21 03:13:33.066702,UNK C/S,62-3502,6742,8900,47.24654,-117.741234,KC-135R Stratotanker,332,286,-2924,False,mlat
ae0583,2026-07-21 03:13:33.066719,CHILI85,87-0038,0352,2175,29.346802,-98.590576,C-5M Galaxy,244,229,604,False,mlat
ae11e5,2026-07-21 03:13:33.066726,SNTRY61,78-0577,3652,27775,37.63718,-97.537834,E-3G AWACS,341,456,718,False,mlat
ae2fae,2026-07-21 03:13:33.066734,RCH193,08-8202,4021,37000,39.333115,-93.451485,C-17A Globemaster,102,498,-14,False,mlat
aedb56,2026-07-21 03:13:33.066752,GRYHK45,169881,5332,10000,34.451077,-75.979446,E-2 Hawkeye,180,315,-64,False,adsb_icao
ae0238,2026-07-21 03:13:33.066758,UNK C/S,58-0074,4116,32925,42.041248,-74.08506,KC-135R Stratotanker,84,543,1,False,mlat
ae07db,2026-07-21 03:13:33.066763,MCFAMC,93-0601,1443,31000,46.811886,-51.667671,C-17A Globemaster,79,,,False,mode_s
ae1233,2026-07-21 03:13:33.066766,MCFAMC,03-3122,Unavailable,33012,54.09771,-49.311447,C-17A Globemaster,67,,,False,adsc
ae0391,2026-07-21 03:13:33.066769,RCH283,63-8039,7306,36964,44.911594,-48.567295,KC-135R Stratotanker,87,,,False,adsc
ae07f1,2026-07-21 03:13:33.066773,MCFAMC,96-0007,2000,31004,50.528698,-37.804813,C-17A Globemaster,66,,,False,adsc
ae1172,2026-07-21 03:13:33.066776,RCH305,02-1100,0135,32000,55.724983,-5.77632,C-17A Globemaster,278,444,-64,False,adsb_icao
ae058a,2026-07-21 03:13:33.066781,RCH2038,87-0045,0635,30000,54.853031,-1.981502,C-5M Galaxy,287,452,64,False,mlat
ae146d,2026-07-21 03:13:33.066784,RCH044,07-7175,3540,38000,50.071529,11.279539,C-17A Globemaster,270,434,0,False,mlat
ae07de,2026-07-21 03:13:33.066787,RCH409,93-0604,2647,32000,48.459614,18.142811,C-17A Globemaster,315,397,0,False,mlat
ae0154,2026-07-21 03:13:33.066791,UNK C/S,63-8045,6560,19000,30.69945,35.2635,KC-135R Stratotanker,23,410,0,False,mlat
ae04cd,2026-07-21 03:13:33.066794,UNK C/S,62-3503,5336,19025,30.959776,36.108593,KC-135R Stratotanker,82,416,-32,False,mlat
800790,2026-07-21 03:13:33.066798,IFC0736,CB-8003,3556,31000,23.125988,70.599365,C-17A Globemaster,63,448,32,False,adsb_icao
ae0501,2026-07-21 03:13:33.066817,UNK C/S,59-1504,5735,33000,44.7,-63.0,KC-135R Stratotanker,,,,False,mode_s
ae01d4,2026-07-21 03:13:33.066821,DUMBO84,64-14847,3113,29050,26.5,126.8,RC-135 Rivet Joint,,,,False,mode_s
ae07e0,2026-07-21 03:13:33.066823,MOOSE45,94-0066,5406,34000,32.9,32.6,C-17A Globemaster,,,,False,mode_s
ae0362,2026-07-21 03:13:33.066828,UNK C/S,59-1453,2727,3250,23.0,54.0,KC-135R Stratotanker,48,250,-960,False,mode_s
ae05ac,2026-07-21 03:13:33.066832,UNK C/S,63-8029,Unavailable,39000,48.3,-76.7,KC-135R Stratotanker,,,,False,mode_s
ae87fc,2026-07-21 03:13:33.066837,UNK C/S,,5244,Unavailable,39.7,-72.5,E-6B TACAMO,,,,False,mode_s
ae1197,2026-07-21 03:13:33.066842,MOOSE47,03-3114,3301,31000,31.4,33.1,C-17A Globemaster,,,,False,mode_s
ae07fa,2026-07-21 03:13:33.066846,RCH899,97-0048,7405,29000,37.1,25.4,C-17A Globemaster,160,486,-32,False,mode_s
ae08cf,2026-07-21 03:14:33.377130,WOLF01,00-0185,4206,7750,64.463539,-147.590897,C-17A Globemaster,331,316,-1920,False,adsb_icao
ae0802,2026-07-21 03:14:33.377154,RCH262,98-0056,4175,17600,38.645462,-120.164192,C-17A Globemaster,278,407,-1597,False,mlat
ae0377,2026-07-21 03:14:33.377161,UNK C/S,62-3502,6742,7725,47.314278,-117.800331,KC-135R Stratotanker,328,286,-280,False,mlat
ae0583,2026-07-21 03:14:33.377174,CHILI85,87-0038,0352,2225,29.381376,-98.624458,C-5M Galaxy,350,264,-53,False,mlat
ae11e5,2026-07-21 03:14:33.377179,SNTRY61,78-0577,3652,27925,37.749584,-97.601784,E-3G AWACS,320,454,-97,False,mlat
ae2fae,2026-07-21 03:14:33.377186,RCH193,08-8202,4021,37000,39.308151,-93.283318,C-17A Globemaster,101,497,33,False,mlat
aedb56,2026-07-21 03:14:33.377206,GRYHK45,169881,5332,9950,34.379108,-76.023499,E-2 Hawkeye,232,294,-64,False,adsb_icao
ae0238,2026-07-21 03:14:33.377212,UNK C/S,58-0074,4116,32925,42.06181,-73.890617,KC-135R Stratotanker,82,515,0,False,mlat
ae07db,2026-07-21 03:14:33.377216,MCFAMC,93-0601,1443,31000,46.811886,-51.667671,C-17A Globemaster,79,,,False,mode_s
ae1233,2026-07-21 03:14:33.377219,MCFAMC,03-3122,Unavailable,33012,54.09771,-49.311447,C-17A Globemaster,67,,,False,adsc
ae0391,2026-07-21 03:14:33.377222,RCH283,63-8039,7306,36964,44.911594,-48.567295,KC-135R Stratotanker,87,,,False,adsc
ae07f1,2026-07-21 03:14:33.377226,MCFAMC,96-0007,2000,31004,50.528698,-37.804813,C-17A Globemaster,66,,,False,adsc
ae1172,2026-07-21 03:14:33.377229,RCH305,02-1100,0135,32000,55.742706,-5.992709,C-17A Globemaster,278,441,0,False,adsb_icao
ae058a,2026-07-21 03:14:33.377233,RCH2038,87-0045,0635,30000,54.890602,-2.188511,C-5M Galaxy,287,448,64,False,mlat
ae146d,2026-07-21 03:14:33.377236,RCH044,07-7175,3540,38000,50.071487,11.096399,C-17A Globemaster,268,426,0,False,mlat
ae07de,2026-07-21 03:14:33.377239,RCH409,93-0604,2647,32000,48.540874,18.012287,C-17A Globemaster,313,400,0,False,mlat
ae0154,2026-07-21 03:14:33.377244,UNK C/S,63-8045,6560,18975,31.835171,34.956779,KC-135R Stratotanker,74,408,0,False,mlat
ae04cd,2026-07-21 03:14:33.377247,UNK C/S,62-3503,5336,19025,30.982576,36.238705,KC-135R Stratotanker,82,416,0,False,mlat
800790,2026-07-21 03:14:33.377250,IFC0736,CB-8003,3556,31000,23.182983,70.72139,C-17A Globemaster,63,445,-32,False,adsb_icao
ae0501,2026-07-21 03:14:33.377266,UNK C/S,59-1504,5735,33000,43.8,-63.0,KC-135R Stratotanker,,,,False,mode_s
ae01d4,2026-07-21 03:14:33.377271,DUMBO84,64-14847,3113,29050,26.8,127.5,RC-135 Rivet Joint,,,,False,mode_s
ae07e0,2026-07-21 03:14:33.377274,MOOSE45,94-0066,5406,34000,32.7,32.0,C-17A Globemaster,,,,False,mode_s
ae0362,2026-07-21 03:14:33.377279,UNK C/S,59-1453,2727,2725,23.1,54.1,KC-135R Stratotanker,2,248,-1568,False,mode_s
ae05ac,2026-07-21 03:14:33.377283,UNK C/S,63-8029,7271,39000,48.7,-72.3,KC-135R Stratotanker,,,,False,mode_s
ae87fc,2026-07-21 03:14:33.377288,UNK C/S,,5244,Unavailable,39.9,-72.4,E-6B TACAMO,,,,False,mode_s
ae1197,2026-07-21 03:14:33.377292,MOOSE47,03-3114,3301,31000,31.4,32.9,C-17A Globemaster,,,,False,mode_s
ae07fa,2026-07-21 03:14:33.377296,RCH899,97-0048,7405,29000,36.9,25.4,C-17A Globemaster,160,486,-256,False,mode_s
ae08cf,2026-07-21 03:15:33.732422,WOLF01,00-0185,4206,5875,64.541092,-147.687149,C-17A Globemaster,331,314,-1984,False,adsb_icao
ae0802,2026-07-21 03:15:33.732447,RCH262,98-0056,4175,16275,38.662643,-120.296471,C-17A Globemaster,280,385,-988,False,mlat
ae0377,2026-07-21 03:15:33.732453,UNK C/S,62-3502,6742,6275,47.379177,-117.858727,KC-135R Stratotanker,329,285,-1274,False,mlat
ae0583,2026-07-21 03:15:33.732467,CHILI85,87-0038,0352,1950,29.432894,-98.630966,C-5M Galaxy,11,169,-458,False,mlat
ae11e5,2026-07-21 03:15:33.732473,SNTRY61,78-0577,3652,27925,37.796383,-97.744286,E-3G AWACS,282,418,-139,False,mlat
ae2fae,2026-07-21 03:15:33.732481,RCH193,08-8202,4021,37000,39.284039,-93.109787,C-17A Globemaster,100,489,-70,False,mlat
aedb56,2026-07-21 03:15:33.732499,GRYHK45,169881,5332,9925,34.364777,-76.047142,E-2 Hawkeye,234,293,-256,False,adsb_icao
ae0238,2026-07-21 03:15:33.732506,UNK C/S,58-0074,4116,32950,42.090069,-73.699974,KC-135R Stratotanker,81,523,77,False,mlat
ae05ac,2026-07-21 03:15:33.732509,UNK C/S,63-8029,7271,39000,49.522984,-73.39772,KC-135R Stratotanker,,,0,False,mlat
ae07db,2026-07-21 03:15:33.732513,MCFAMC,93-0601,1443,31000,46.811886,-51.667671,C-17A Globemaster,79,,,False,mode_s
ae1233,2026-07-21 03:15:33.732516,MCFAMC,03-3122,Unavailable,33012,54.09771,-49.311447,C-17A Globemaster,67,,,False,adsc
ae0391,2026-07-21 03:15:33.732520,RCH283,63-8039,7306,36964,44.911594,-48.567295,KC-135R Stratotanker,87,,,False,adsc
ae07f1,2026-07-21 03:15:33.732523,MCFAMC,96-0007,2000,31004,50.528698,-37.804813,C-17A Globemaster,66,,,False,adsc
ae1172,2026-07-21 03:15:33.732527,RCH305,02-1100,0135,32000,55.760132,-6.20985,C-17A Globemaster,278,442,-64,False,adsb_icao
ae058a,2026-07-21 03:15:33.732531,RCH2038,87-0045,0635,30000,54.926479,-2.389234,C-5M Galaxy,287,448,0,False,mlat
ae146d,2026-07-21 03:15:33.732534,RCH044,07-7175,3540,38000,50.071007,10.913252,C-17A Globemaster,270,429,0,False,mlat
ae07de,2026-07-21 03:15:33.732538,RCH409,93-0604,2647,32000,48.617676,17.891462,C-17A Globemaster,312,404,0,False,mlat
ae0154,2026-07-21 03:15:33.732542,UNK C/S,63-8045,6560,19000,31.305336,35.371895,KC-135R Stratotanker,80,408,32,False,mlat
ae04cd,2026-07-21 03:15:33.732546,UNK C/S,62-3503,5336,19025,30.991739,36.342525,KC-135R Stratotanker,82,416,-192,False,mlat
800790,2026-07-21 03:15:33.732549,IFC0736,CB-8003,3556,31000,23.238831,70.84127,C-17A Globemaster,63,446,0,False,adsb_icao
ae0501,2026-07-21 03:15:33.732569,UNK C/S,59-1504,5735,33000,43.9,-63.1,KC-135R Stratotanker,,,,False,mode_s
ae01d4,2026-07-21 03:15:33.732573,DUMBO84,64-14847,3113,29050,26.9,127.3,RC-135 Rivet Joint,,,,False,mode_s
ae07e0,2026-07-21 03:15:33.732577,MOOSE45,94-0066,5406,34000,37.2,26.3,C-17A Globemaster,,,,False,mode_s
ae0362,2026-07-21 03:15:33.732581,UNK C/S,59-1453,2727,2225,23.2,54.0,KC-135R Stratotanker,305,216,-1216,False,mode_s
ae20c2,2026-07-21 03:15:33.732584,UNK C/S,07-7181,Unavailable,Unavailable,48.3,6.9,C-17A Globemaster,,,,False,mode_s
ae87fc,2026-07-21 03:15:33.732589,UNK C/S,,5244,Unavailable,39.8,-72.3,E-6B TACAMO,,,,False,mode_s
ae1197,2026-07-21 03:15:33.732593,MOOSE47,03-3114,3301,31000,31.4,33.2,C-17A Globemaster,,,,False,mode_s
ae07fa,2026-07-21 03:15:33.732597,RCH899,97-0048,7405,29000,37.0,25.6,C-17A Globemaster,160,484,-32,False,mode_s
ae1458,2026-07-21 03:15:33.732599,RCH241,06-6154,Unavailable,Unavailable,36.0,-125.9,C-17A Globemaster,,,,False,mode_s
ae08cf,2026-07-21 03:16:34.095866,WOLF01,00-0185,4206,3975,64.61274,-147.776642,C-17A Globemaster,332,277,-1536,False,adsb_icao
ae0802,2026-07-21 03:16:34.095892,RCH262,98-0056,4175,16075,38.68037,-120.442436,C-17A Globemaster,281,380,-2,False,mlat
ae0377,2026-07-21 03:16:34.095898,UNK C/S,62-3502,6742,5075,47.447346,-117.921333,KC-135R Stratotanker,327,266,-1263,False,mlat
ae0583,2026-07-21 03:16:34.095911,CHILI85,87-0038,0352,1225,29.42465,-98.59626,C-5M Galaxy,160,204,-740,False,mlat
ae11e5,2026-07-21 03:16:34.095918,SNTRY61,78-0577,3652,27975,37.842052,-97.880722,E-3G AWACS,293,398,98,False,mlat
ae2fae,2026-07-21 03:16:34.095926,RCH193,08-8202,4021,37000,39.257065,-92.937271,C-17A Globemaster,100,494,-76,False,mlat
ae0238,2026-07-21 03:16:34.095944,UNK C/S,58-0074,4116,32925,42.107208,-73.510368,KC-135R Stratotanker,83,508,0,False,mlat
ae05ac,2026-07-21 03:16:34.095948,UNK C/S,63-8029,7271,39000,49.47324,-73.32679,KC-135R Stratotanker,,,0,False,mlat
ae07db,2026-07-21 03:16:34.095953,MCFAMC,93-0601,1443,31000,46.811886,-51.667671,C-17A Globemaster,79,,,False,mode_s
ae1233,2026-07-21 03:16:34.095956,MCFAMC,03-3122,Unavailable,33012,54.09771,-49.311447,C-17A Globemaster,67,,,False,adsc
ae0391,2026-07-21 03:16:34.095959,RCH283,63-8039,7306,36964,44.911594,-48.567295,KC-135R Stratotanker,87,,,False,adsc
ae07f1,2026-07-21 03:16:34.095963,MCFAMC,96-0007,2000,31004,50.528698,-37.804813,C-17A Globemaster,66,,,False,adsc
ae1172,2026-07-21 03:16:34.095966,RCH305,02-1100,0135,32000,55.776981,-6.425371,C-17A Globemaster,277,442,0,False,adsb_icao
ae058a,2026-07-21 03:16:34.095970,RCH2038,87-0045,0635,30000,54.962154,-2.594551,C-5M Galaxy,286,446,0,False,mlat
ae146d,2026-07-21 03:16:34.095972,RCH044,07-7175,3540,38000,50.069164,10.726122,C-17A Globemaster,270,411,0,False,mlat
ae07de,2026-07-21 03:16:34.095975,RCH409,93-0604,2647,32000,48.671082,17.73469,C-17A Globemaster,294,409,0,False,mlat
ae04cd,2026-07-21 03:16:34.095980,UNK C/S,62-3503,5336,19025,31.5254,35.191216,KC-135R Stratotanker,82,418,96,False,mlat
ae0154,2026-07-21 03:16:34.095983,UNK C/S,63-8045,6560,19000,30.863585,35.597637,KC-135R Stratotanker,82,410,32,False,mlat
800790,2026-07-21 03:16:34.095986,IFC0736,CB-8003,3556,31025,23.294832,70.961609,C-17A Globemaster,63,443,-64,False,adsb_icao
ae0501,2026-07-21 03:16:34.096006,UNK C/S,59-1504,5735,33000,43.8,-62.8,KC-135R Stratotanker,,,,False,mode_s
ae01d4,2026-07-21 03:16:34.096011,DUMBO84,64-14847,3113,30125,26.9,127.6,RC-135 Rivet Joint,,,,False,mode_s
ae07e0,2026-07-21 03:16:34.096014,MOOSE45,94-0066,5406,34000,36.9,26.6,C-17A Globemaster,,,,False,mode_s
ae0362,2026-07-21 03:16:34.096018,UNK C/S,59-1453,2727,1225,22.9,53.9,KC-135R Stratotanker,307,184,-1056,False,mode_s
ae1197,2026-07-21 03:16:34.096024,MOOSE47,03-3114,3301,Unavailable,31.8,33.2,C-17A Globemaster,,,,False,mode_s
ae07fa,2026-07-21 03:16:34.096029,RCH899,97-0048,7405,29000,37.0,25.8,C-17A Globemaster,160,484,0,False,mode_s
ae1458,2026-07-21 03:16:34.096032,RCH241,06-6154,Unavailable,Unavailable,34.7,-126.8,C-17A Globemaster,,,,False,mode_s
ae08cf,2026-07-21 03:17:34.416661,WOLF01,00-0185,4206,3050,64.660126,-147.884216,C-17A Globemaster,301,197,-448,False,adsb_icao
ae0802,2026-07-21 03:17:34.416685,RCH262,98-0056,4175,16075,38.697807,-120.576012,C-17A Globemaster,279,417,0,False,mlat
ae0377,2026-07-21 03:17:34.416691,UNK C/S,62-3502,6742,4875,47.508251,-117.953461,KC-135R Stratotanker,9,240,16,False,mlat
ae0583,2026-07-21 03:17:34.416703,CHILI85,87-0038,0352,750,29.390795,-98.581474,C-5M Galaxy,171,113,-645,False,mlat
ae11e5,2026-07-21 03:17:34.416711,SNTRY61,78-0577,3652,28075,37.883766,-98.009644,E-3G AWACS,291,407,0,False,mlat
ae2fae,2026-07-21 03:17:34.416719,RCH193,08-8202,4021,37000,39.232002,-92.764671,C-17A Globemaster,99,513,-75,False,mlat
ae1242,2026-07-21 03:17:34.416734,RCH339,04-4137,7337,1400,32.876568,-80.018013,C-17A Globemaster,,,2150,False,mlat
ae0238,2026-07-21 03:17:34.416742,UNK C/S,58-0074,4116,32950,42.129539,-73.309113,KC-135R Stratotanker,81,517,0,False,mlat
ae07db,2026-07-21 03:17:34.416748,MCFAMC,93-0601,1443,31000,46.811886,-51.667671,C-17A Globemaster,79,,,False,mode_s
ae0391,2026-07-21 03:17:34.416751,RCH283,63-8039,7306,36964,44.911594,-48.567295,KC-135R Stratotanker,87,,,False,adsc
ae1233,2026-07-21 03:17:34.416755,MCFAMC,03-3122,Unavailable,33008,54.504547,-46.010227,C-17A Globemaster,76,,,False,adsc
ae07f1,2026-07-21 03:17:34.416758,MCFAMC,96-0007,2000,31004,50.528698,-37.804813,C-17A Globemaster,66,,,False,adsc
ae1172,2026-07-21 03:17:34.416762,RCH305,02-1100,0135,32000,55.793369,-6.639433,C-17A Globemaster,277,437,-64,False,adsb_icao
ae058a,2026-07-21 03:17:34.416766,RCH2038,87-0045,0635,30000,55.000015,-2.808733,C-5M Galaxy,286,440,128,False,mlat
ae146d,2026-07-21 03:17:34.416771,RCH044,07-7175,3540,36900,50.068146,10.538041,C-17A Globemaster,273,446,-1445,False,mlat
ae07de,2026-07-21 03:17:34.416774,RCH409,93-0604,2647,32000,48.716866,17.587862,C-17A Globemaster,293,394,0,False,mlat
ae0154,2026-07-21 03:17:34.416779,UNK C/S,63-8045,6560,19000,30.873596,35.730122,KC-135R Stratotanker,82,410,-32,False,mlat
800790,2026-07-21 03:17:34.416782,IFC0736,CB-8003,3556,31000,23.350388,71.081444,C-17A Globemaster,63,441,32,False,adsb_icao
ae0501,2026-07-21 03:17:34.416803,UNK C/S,59-1504,5735,33000,44.7,-63.0,KC-135R Stratotanker,,,,False,mode_s
ae01d4,2026-07-21 03:17:34.416807,DUMBO84,64-14847,3113,31025,27.1,127.8,RC-135 Rivet Joint,,,,False,mode_s
ae07e0,2026-07-21 03:17:34.416811,MOOSE45,94-0066,5406,34000,36.8,26.8,C-17A Globemaster,,,,False,mode_s
ae0362,2026-07-21 03:17:34.416815,UNK C/S,59-1453,2727,725,22.9,53.9,KC-135R Stratotanker,307,168,,False,mode_s
ae05ac,2026-07-21 03:17:34.416820,UNK C/S,63-8029,7271,39000,46.9,-71.8,KC-135R Stratotanker,,,,False,mode_s
ae04cd,2026-07-21 03:17:34.416824,UNK C/S,62-3503,5336,19000,32.0,34.1,KC-135R Stratotanker,82,418,-64,False,mode_s
ae1197,2026-07-21 03:17:34.416827,MOOSE47,03-3114,3301,31000,31.4,33.3,C-17A Globemaster,,,,False,mode_s
ae07fa,2026-07-21 03:17:34.416831,RCH899,97-0048,7405,29000,37.1,25.0,C-17A Globemaster,160,476,-288,False,mode_s
ae1458,2026-07-21 03:17:34.416835,RCH241,06-6154,Unavailable,Unavailable,38.6,-123.6,C-17A Globemaster,,,,False,mode_s
ae08cf,2026-07-21 03:18:34.842762,WOLF01,00-0185,4206,3000,64.686806,-147.985718,C-17A Globemaster,307,167,128,False,adsb_icao
ae0802,2026-07-21 03:18:34.842784,RCH262,98-0056,4175,16100,38.716297,-120.716499,C-17A Globemaster,279,392,70,False,mlat
ae0377,2026-07-21 03:18:34.842789,UNK C/S,62-3502,6742,4875,47.542545,-117.905334,KC-135R Stratotanker,72,154,-51,False,mlat
ae0583,2026-07-21 03:18:34.842800,CHILI85,87-0038,0352,2450,29.34618,-98.569122,C-5M Galaxy,158,157,1440,False,mlat
ae11e5,2026-07-21 03:18:34.842806,SNTRY61,78-0577,3652,28025,37.926716,-98.143013,E-3G AWACS,293,421,80,False,mlat
ae2fae,2026-07-21 03:18:34.842813,RCH193,08-8202,4021,37025,39.205177,-92.600456,C-17A Globemaster,98,519,51,False,mlat
ae1242,2026-07-21 03:18:34.842827,RCH339,04-4137,7337,2725,32.833038,-79.973724,C-17A Globemaster,139,255,1394,False,mlat
ae0238,2026-07-21 03:18:34.842835,UNK C/S,58-0074,4116,32925,42.149914,-73.116692,KC-135R Stratotanker,83,511,-75,False,mlat
ae07db,2026-07-21 03:18:34.842839,MCFAMC,93-0601,1443,31000,46.811886,-51.667671,C-17A Globemaster,79,,,False,mode_s
ae0391,2026-07-21 03:18:34.842843,RCH283,63-8039,7306,36964,44.911594,-48.567295,KC-135R Stratotanker,87,,,False,adsc
ae1233,2026-07-21 03:18:34.842846,MCFAMC,03-3122,Unavailable,33008,54.504547,-46.010227,C-17A Globemaster,76,,,False,adsc
ae07f1,2026-07-21 03:18:34.842850,MCFAMC,96-0007,2000,31004,50.528698,-37.804813,C-17A Globemaster,66,,,False,adsc
ae1172,2026-07-21 03:18:34.842853,RCH305,02-1100,0135,32000,55.809525,-6.855726,C-17A Globemaster,277,441,0,False,adsb_icao
ae058a,2026-07-21 03:18:34.842856,RCH2038,87-0045,0635,30000,55.034222,-3.008735,C-5M Galaxy,286,438,32,False,mlat
ae146d,2026-07-21 03:18:34.842860,RCH044,07-7175,3540,35400,50.067783,10.355059,C-17A Globemaster,268,413,-1508,False,mlat
ae07de,2026-07-21 03:18:34.842863,RCH409,93-0604,2647,32000,48.766064,17.432222,C-17A Globemaster,294,401,0,False,mlat
ae0154,2026-07-21 03:18:34.842869,UNK C/S,63-8045,6560,19000,30.893179,35.852127,KC-135R Stratotanker,82,410,-32,False,mlat
ae04cd,2026-07-21 03:18:34.842872,UNK C/S,62-3503,5336,19025,31.075066,36.720772,KC-135R Stratotanker,30,416,0,False,mlat
800790,2026-07-21 03:18:34.842876,IFC0736,CB-8003,3556,31025,23.405411,71.200493,C-17A Globemaster,63,442,0,False,adsb_icao
ae0501,2026-07-21 03:18:34.842896,UNK C/S,59-1504,5735,33000,44.7,-63.0,KC-135R Stratotanker,,,,False,mode_s
ae01d4,2026-07-21 03:18:34.842901,DUMBO84,64-14847,3113,Unavailable,26.9,127.1,RC-135 Rivet Joint,,,,False,mode_s
ae07e0,2026-07-21 03:18:34.842905,MOOSE45,94-0066,5406,34000,36.9,26.6,C-17A Globemaster,,,,False,mode_s
ae0362,2026-07-21 03:18:34.842909,UNK C/S,59-1453,2727,Unavailable,22.9,53.9,KC-135R Stratotanker,,,,False,mode_s
ae05ac,2026-07-21 03:18:34.842913,UNK C/S,63-8029,7271,39000,47.1,-71.3,KC-135R Stratotanker,,,,False,mode_s
ae87fc,2026-07-21 03:18:34.842918,UNK C/S,,5244,Unavailable,39.6,-72.1,E-6B TACAMO,,,,False,mode_s
ae1197,2026-07-21 03:18:34.842921,MOOSE47,03-3114,3301,31000,31.4,33.3,C-17A Globemaster,,,,False,mode_s
ae07fa,2026-07-21 03:18:34.842925,RCH899,97-0048,7405,29000,36.9,25.6,C-17A Globemaster,160,472,-128,False,mode_s
ae1458,2026-07-21 03:18:34.842928,RCH241,06-6154,Unavailable,Unavailable,33.9,-123.4,C-17A Globemaster,,,,False,mode_s
ae08cf,2026-07-21 03:19:35.242968,WOLF01,00-0185,4206,2550,64.723251,-148.021332,C-17A Globemaster,358,139,-896,False,adsb_icao
ae0802,2026-07-21 03:19:35.242990,RCH262,98-0056,4175,16125,38.736534,-120.852455,C-17A Globemaster,282,386,-2,False,mlat
ae0377,2026-07-21 03:19:35.242996,UNK C/S,62-3502,6742,4575,47.560932,-117.838608,KC-135R Stratotanker,66,155,-624,False,mlat
ae0583,2026-07-21 03:19:35.243006,CHILI85,87-0038,0352,3025,29.311152,-98.608978,C-5M Galaxy,256,274,226,False,mlat
ae11e5,2026-07-21 03:19:35.243013,SNTRY61,78-0577,3652,27950,37.969563,-98.28141,E-3G AWACS,291,415,-221,False,mlat
ae2fae,2026-07-21 03:19:35.243020,RCH193,08-8202,4021,37000,39.178986,-92.418777,C-17A Globemaster,101,504,9,False,mlat
ae1242,2026-07-21 03:19:35.243033,RCH339,04-4137,7337,5200,32.775097,-79.972862,C-17A Globemaster,224,269,2629,False,mlat
ae0238,2026-07-21 03:19:35.243040,UNK C/S,58-0074,4116,32925,42.170479,-72.920837,KC-135R Stratotanker,81,505,-75,False,mlat
ae05ac,2026-07-21 03:19:35.243043,UNK C/S,63-8029,7271,39000,49.070526,-72.87973,KC-135R Stratotanker,,,0,False,mlat
ae07db,2026-07-21 03:19:35.243048,MCFAMC,93-0601,1443,31000,46.811886,-51.667671,C-17A Globemaster,79,,,False,mode_s
ae0391,2026-07-21 03:19:35.243052,RCH283,63-8039,7306,36964,44.911594,-48.567295,KC-135R Stratotanker,87,,,False,adsc
ae1233,2026-07-21 03:19:35.243055,MCFAMC,03-3122,Unavailable,33008,54.504547,-46.010227,C-17A Globemaster,76,,,False,adsc
ae07f1,2026-07-21 03:19:35.243058,MCFAMC,96-0007,2000,31004,50.528698,-37.804813,C-17A Globemaster,66,,,False,adsc
ae1172,2026-07-21 03:19:35.243061,RCH305,02-1100,0135,32000,55.825287,-7.072782,C-17A Globemaster,277,440,0,False,adsb_icao
ae058a,2026-07-21 03:19:35.243064,RCH2038,87-0045,0635,30000,55.069733,-3.217553,C-5M Galaxy,286,436,0,False,mlat
ae146d,2026-07-21 03:19:35.243069,RCH044,07-7175,3540,33925,50.063808,10.170524,C-17A Globemaster,269,433,-1519,False,mlat
ae07de,2026-07-21 03:19:35.243072,RCH409,93-0604,2647,32000,48.81398,17.275826,C-17A Globemaster,294,407,0,False,mlat
ae0154,2026-07-21 03:19:35.243076,UNK C/S,63-8045,6560,19000,30.911629,35.983166,KC-135R Stratotanker,82,410,32,False,mlat
ae04cd,2026-07-21 03:19:35.243079,UNK C/S,62-3503,5336,19025,31.168598,36.806896,KC-135R Stratotanker,21,416,0,False,mlat
800790,2026-07-21 03:19:35.243082,IFC0736,CB-8003,3556,31025,23.461304,71.321617,C-17A Globemaster,63,443,-64,False,adsb_icao
ae0501,2026-07-21 03:19:35.243103,UNK C/S,59-1504,5735,33000,44.7,-62.8,KC-135R Stratotanker,,,,False,mode_s
ae07e0,2026-07-21 03:19:35.243107,MOOSE45,94-0066,5406,34000,37.2,26.3,C-17A Globemaster,,,,False,mode_s
ae87fc,2026-07-21 03:19:35.243114,UNK C/S,,5244,Unavailable,39.4,-71.8,E-6B TACAMO,,,,False,mode_s
ae1197,2026-07-21 03:19:35.243118,MOOSE47,03-3114,3301,31000,31.4,33.1,C-17A Globemaster,,,,False,mode_s
ae07fa,2026-07-21 03:19:35.243122,RCH899,97-0048,7405,29000,37.1,25.7,C-17A Globemaster,160,478,-160,False,mode_s
ae1458,2026-07-21 03:19:35.243125,RCH241,06-6154,Unavailable,Unavailable,33.9,-123.4,C-17A Globemaster,,,,False,mode_s
ae08cf,2026-07-21 03:20:35.725006,WOLF01,00-0185,4206,1775,64.754196,-147.97496,C-17A Globemaster,37,130,-640,False,adsb_icao
ae0802,2026-07-21 03:20:35.725030,RCH262,98-0056,4175,16000,38.752205,-120.990273,C-17A Globemaster,268,400,-301,False,mlat
ae0377,2026-07-21 03:20:35.725036,UNK C/S,62-3502,6742,3700,47.574566,-117.791435,KC-135R Stratotanker,65,153,-839,False,mlat
ae0583,2026-07-21 03:20:35.725048,CHILI85,87-0038,0352,3025,29.350468,-98.658035,C-5M Galaxy,345,260,-47,False,mlat
ae11e5,2026-07-21 03:20:35.725055,SNTRY61,78-0577,3652,27975,38.01162,-98.407486,E-3G AWACS,293,396,-75,False,mlat
ae2fae,2026-07-21 03:20:35.725063,RCH193,08-8202,4021,37000,39.15213,-92.248703,C-17A Globemaster,102,508,0,False,mlat
ae1242,2026-07-21 03:20:35.725078,RCH339,04-4137,7337,7750,32.802761,-80.056404,C-17A Globemaster,297,338,2392,False,mlat
ae05ac,2026-07-21 03:20:35.725089,UNK C/S,63-8029,7271,39000,48.958733,-72.761314,KC-135R Stratotanker,,,0,False,mlat
ae0238,2026-07-21 03:20:35.725093,UNK C/S,58-0074,4116,32925,42.190041,-72.728767,KC-135R Stratotanker,82,528,0,False,mlat
ae0501,2026-07-21 03:20:35.725097,UNK C/S,59-1504,5735,33000,43.540989,-63.459309,KC-135R Stratotanker,,,0,False,mlat
ae07db,2026-07-21 03:20:35.725102,MCFAMC,93-0601,1443,31000,46.811886,-51.667671,C-17A Globemaster,79,,,False,mode_s
ae0391,2026-07-21 03:20:35.725107,RCH283,63-8039,7306,36964,44.911594,-48.567295,KC-135R Stratotanker,87,,,False,adsc
ae1233,2026-07-21 03:20:35.725110,MCFAMC,03-3122,Unavailable,33008,54.504547,-46.010227,C-17A Globemaster,76,,,False,adsc
ae07f1,2026-07-21 03:20:35.725114,MCFAMC,96-0007,2000,31004,50.528698,-37.804813,C-17A Globemaster,66,,,False,adsc
ae1172,2026-07-21 03:20:35.725118,RCH305,02-1100,0135,32000,55.84053,-7.287764,C-17A Globemaster,277,441,-64,False,adsb_icao
ae058a,2026-07-21 03:20:35.725122,RCH2038,87-0045,0635,30000,55.10125,-3.406602,C-5M Galaxy,286,438,-32,False,mlat
ae146d,2026-07-21 03:20:35.725127,RCH044,07-7175,3540,32425,50.065834,10.002479,C-17A Globemaster,270,421,-1482,False,mlat
ae07de,2026-07-21 03:20:35.725130,RCH409,93-0604,2647,32000,48.860191,17.125879,C-17A Globemaster,290,383,0,False,mlat
ae0154,2026-07-21 03:20:35.725135,UNK C/S,63-8045,6560,19000,30.922031,36.120312,KC-135R Stratotanker,82,410,0,False,mlat
ae04cd,2026-07-21 03:20:35.725138,UNK C/S,62-3503,5336,19025,31.304665,36.845566,KC-135R Stratotanker,21,418,0,False,mlat
800790,2026-07-21 03:20:35.725142,IFC0736,CB-8003,3556,31000,23.515503,71.439346,C-17A Globemaster,63,443,32,False,adsb_icao
ae07e0,2026-07-21 03:20:35.725166,MOOSE45,94-0066,5406,34000,37.0,27.5,C-17A Globemaster,,,,False,mode_s
ae87fc,2026-07-21 03:20:35.725173,UNK C/S,,5244,19500,39.1,-72.5,E-6B TACAMO,,,,False,mode_s
ae1197,2026-07-21 03:20:35.725178,MOOSE47,03-3114,3301,31000,31.4,33.1,C-17A Globemaster,,,,False,mode_s
ae07fa,2026-07-21 03:20:35.725181,RCH899,97-0048,7405,29000,36.9,25.6,C-17A Globemaster,125,488,96,False,mode_s
ae1458,2026-07-21 03:20:35.725184,RCH241,06-6154,Unavailable,Unavailable,34.6,-126.7,C-17A Globemaster,,,,False,mode_s
ae08cf,2026-07-21 03:21:36.129702,WOLF01,00-0185,4206,1000,64.782761,-147.922455,C-17A Globemaster,38,131,-960,False,adsb_icao
ae0802,2026-07-21 03:21:36.129726,RCH262,98-0056,4175,15100,38.743847,-121.12458,C-17A Globemaster,265,332,-865,False,mlat
ae0377,2026-07-21 03:21:36.129733,UNK C/S,62-3502,6742,2900,47.59663,-117.724136,KC-135R Stratotanker,72,149,-823,False,mlat
ae0583,2026-07-21 03:21:36.129744,CHILI85,87-0038,0352,3025,29.410904,-98.691475,C-5M Galaxy,332,249,0,False,mlat
ae11e5,2026-07-21 03:21:36.129749,SNTRY61,78-0577,3652,27950,38.053314,-98.542671,E-3G AWACS,288,397,-113,False,mlat
ae2fae,2026-07-21 03:21:36.129761,RCH193,08-8202,4021,37025,39.121628,-92.066566,C-17A Globemaster,101,511,22,False,mlat
ae1242,2026-07-21 03:21:36.129776,RCH339,04-4137,7337,9900,32.837955,-80.144814,C-17A Globemaster,293,302,1846,False,mlat
ae05ac,2026-07-21 03:21:36.129787,UNK C/S,63-8029,7271,39000,48.858894,-72.661583,KC-135R Stratotanker,,,0,False,mlat
ae0238,2026-07-21 03:21:36.129791,UNK C/S,58-0074,4116,32925,42.210297,-72.532059,KC-135R Stratotanker,82,529,0,False,mlat
ae07db,2026-07-21 03:21:36.129795,MCFAMC,93-0601,1443,31000,46.811886,-51.667671,C-17A Globemaster,79,,,False,mode_s
ae0391,2026-07-21 03:21:36.129798,RCH283,63-8039,7306,36964,44.911594,-48.567295,KC-135R Stratotanker,87,,,False,adsc
ae1233,2026-07-21 03:21:36.129801,MCFAMC,03-3122,Unavailable,33008,54.504547,-46.010227,C-17A Globemaster,76,,,False,adsc
ae07f1,2026-07-21 03:21:36.129803,MCFAMC,96-0007,2000,31004,50.528698,-37.804813,C-17A Globemaster,66,,,False,adsc
ae1172,2026-07-21 03:21:36.129806,RCH305,02-1100,0135,32000,55.855564,-7.504778,C-17A Globemaster,276,441,-64,False,adsb_icao
ae058a,2026-07-21 03:21:36.129811,RCH2038,87-0045,0635,30000,55.136158,-3.616091,C-5M Galaxy,286,438,0,False,mlat
ae146d,2026-07-21 03:21:36.129815,RCH044,07-7175,3540,30925,50.060524,9.816348,C-17A Globemaster,268,418,-1492,False,mlat
ae07de,2026-07-21 03:21:36.129818,RCH409,93-0604,2647,32000,48.903149,16.98382,C-17A Globemaster,295,398,0,False,mlat
ae0154,2026-07-21 03:21:36.129822,UNK C/S,63-8045,6560,18975,30.95097,36.208645,KC-135R Stratotanker,82,410,-64,False,mlat
ae04cd,2026-07-21 03:21:36.129826,UNK C/S,62-3503,5336,19025,31.397293,36.923225,KC-135R Stratotanker,21,418,0,False,mlat
800790,2026-07-21 03:21:36.129829,IFC0736,CB-8003,3556,31025,23.571487,71.561333,C-17A Globemaster,63,446,0,False,adsb_icao
ae0501,2026-07-21 03:21:36.129852,UNK C/S,59-1504,5735,33000,44.3,-63.7,KC-135R Stratotanker,,,,False,mode_s
ae07e0,2026-07-21 03:21:36.129856,MOOSE45,94-0066,5406,34000,35.9,28.1,C-17A Globemaster,,,,False,mode_s
ae87fc,2026-07-21 03:21:36.129862,UNK C/S,,5244,19500,38.7,-72.4,E-6B TACAMO,,,,False,mode_s
ae07fa,2026-07-21 03:21:36.129867,RCH899,97-0048,7405,29000,37.0,25.6,C-17A Globemaster,125,490,-96,False,mode_s
ae1458,2026-07-21 03:21:36.129870,RCH241,06-6154,Unavailable,Unavailable,33.9,-123.4,C-17A Globemaster,,,,False,mode_s
ae08cf,2026-07-21 03:22:36.554013,WOLF01,00-0185,4206,475,64.811783,-147.869049,C-17A Globemaster,37,129,256,False,adsb_icao
ae0802,2026-07-21 03:22:36.554043,RCH262,98-0056,4175,13900,38.736744,-121.236992,C-17A Globemaster,268,316,-1407,False,mlat
ae0583,2026-07-21 03:22:36.554058,CHILI85,87-0038,0352,3025,29.469742,-98.716179,C-5M Galaxy,339,224,0,False,mlat
ae11e5,2026-07-21 03:22:36.554064,SNTRY61,78-0577,3652,27925,38.129669,-98.640121,E-3G AWACS,343,405,-75,False,mlat
ae2fae,2026-07-21 03:22:36.554076,RCH193,08-8202,4021,37000,39.09481,-91.892334,C-17A Globemaster,104,491,-75,False,mlat
ae1242,2026-07-21 03:22:36.554088,RCH339,04-4137,7337,9975,32.875092,-80.240265,C-17A Globemaster,296,365,-76,False,mlat
ae05ac,2026-07-21 03:22:36.554099,UNK C/S,63-8029,7271,39000,48.749264,-72.544701,KC-135R Stratotanker,146,489,0,False,mlat
ae0238,2026-07-21 03:22:36.554103,UNK C/S,58-0074,4116,32950,42.230736,-72.335632,KC-135R Stratotanker,82,519,58,False,mlat
ae07db,2026-07-21 03:22:36.554107,MCFAMC,93-0601,1443,31000,46.811886,-51.667671,C-17A Globemaster,79,,,False,mode_s
ae0391,2026-07-21 03:22:36.554111,RCH283,63-8039,7306,36964,44.911594,-48.567295,KC-135R Stratotanker,87,,,False,adsc
ae1233,2026-07-21 03:22:36.554114,MCFAMC,03-3122,Unavailable,33008,54.504547,-46.010227,C-17A Globemaster,76,,,False,adsc
ae07f1,2026-07-21 03:22:36.554117,MCFAMC,96-0007,2000,31004,50.528698,-37.804813,C-17A Globemaster,66,,,False,adsc
ae1172,2026-07-21 03:22:36.554121,RCH305,02-1100,0135,32000,55.870228,-7.722616,C-17A Globemaster,276,441,0,False,adsb_icao
ae058a,2026-07-21 03:22:36.554125,RCH2038,87-0045,0635,30000,55.170704,-3.828158,C-5M Galaxy,285,438,-32,False,mlat
ae146d,2026-07-21 03:22:36.554129,RCH044,07-7175,3540,29475,50.059986,9.630979,C-17A Globemaster,272,442,-1465,False,mlat
ae07de,2026-07-21 03:22:36.554133,RCH409,93-0604,2647,32000,48.953739,16.81851,C-17A Globemaster,295,401,0,False,mlat
ae0154,2026-07-21 03:22:36.554138,UNK C/S,63-8045,6560,19000,30.961407,36.371525,KC-135R Stratotanker,82,408,32,False,mlat
ae04cd,2026-07-21 03:22:36.554141,UNK C/S,62-3503,5336,19025,31.507448,36.980576,KC-135R Stratotanker,21,420,0,False,mlat
800790,2026-07-21 03:22:36.554144,IFC0736,CB-8003,3556,31000,23.628067,71.684776,C-17A Globemaster,63,445,0,False,adsb_icao
ae0501,2026-07-21 03:22:36.554167,UNK C/S,59-1504,5735,33000,44.6,-63.4,KC-135R Stratotanker,,,,False,mode_s
ae0811,2026-07-21 03:22:36.554171,BEEF22,00-0175,0401,375,40.1,-75.2,C-17A Globemaster,,,,False,mode_s
ae07e0,2026-07-21 03:22:36.554174,MOOSE45,94-0066,5406,34000,37.0,26.7,C-17A Globemaster,,,,False,mode_s
ae87fc,2026-07-21 03:22:36.554180,UNK C/S,,5244,19500,38.2,-73.2,E-6B TACAMO,,,,False,mode_s
ae0377,2026-07-21 03:22:36.554184,UNK C/S,62-3502,6742,2350,47.5,-117.0,KC-135R Stratotanker,,,,False,mode_s
ae1197,2026-07-21 03:22:36.554188,MOOSE47,03-3114,3301,Unavailable,31.5,33.0,C-17A Globemaster,,,,False,mode_s
ae07fa,2026-07-21 03:22:36.554192,RCH899,97-0048,7405,29000,37.2,25.9,C-17A Globemaster,125,492,-384,False,mode_s
ae1458,2026-07-21 03:22:36.554195,RCH241,06-6154,Unavailable,Unavailable,33.9,-123.4,C-17A Globemaster,,,,False,mode_s
ae08cf,2026-07-21 03:23:37.004192,WOLF01,00-0185,4206,2350,64.82753,-147.779037,C-17A Globemaster,122,204,1216,False,adsb_icao
ae0802,2026-07-21 03:23:37.004215,RCH262,98-0056,4175,12350,38.729107,-121.347084,C-17A Globemaster,264,309,-1569,False,mlat
ae0583,2026-07-21 03:23:37.004229,CHILI85,87-0038,0352,3000,29.531292,-98.732361,C-5M Galaxy,355,226,-58,False,mlat
ae11e5,2026-07-21 03:23:37.004232,SNTRY61,78-0577,3652,27975,38.231155,-98.646294,E-3G AWACS,348,396,-137,False,mlat
ae2fae,2026-07-21 03:23:37.004244,RCH193,08-8202,4021,37000,39.068527,-91.721367,C-17A Globemaster,103,503,-14,False,mlat
ae1242,2026-07-21 03:23:37.004256,RCH339,04-4137,7337,10625,32.918251,-80.353859,C-17A Globemaster,294,372,1326,False,mlat
ae0811,2026-07-21 03:23:37.004265,BEEF22,00-0175,0401,1550,39.979118,-74.634811,C-17A Globemaster,234,172,683,False,mlat
ae05ac,2026-07-21 03:23:37.004271,UNK C/S,63-8029,7271,39000,48.614861,-72.402397,KC-135R Stratotanker,146,493,0,False,mlat
ae0238,2026-07-21 03:23:37.004275,UNK C/S,58-0074,4116,32925,42.24818,-72.148651,KC-135R Stratotanker,82,513,37,False,mlat
ae07db,2026-07-21 03:23:37.004280,MCFAMC,93-0601,1443,31000,46.811886,-51.667671,C-17A Globemaster,79,,,False,mode_s
ae0391,2026-07-21 03:23:37.004283,RCH283,63-8039,7306,36964,44.911594,-48.567295,KC-135R Stratotanker,87,,,False,adsc
ae1233,2026-07-21 03:23:37.004286,MCFAMC,03-3122,Unavailable,33008,54.504547,-46.010227,C-17A Globemaster,76,,,False,adsc
ae07f1,2026-07-21 03:23:37.004289,MCFAMC,96-0007,2000,31004,50.528698,-37.804813,C-17A Globemaster,66,,,False,adsc
ae1172,2026-07-21 03:23:37.004292,RCH305,02-1100,0135,32000,55.884521,-7.940868,C-17A Globemaster,276,440,0,False,adsb_icao
ae058a,2026-07-21 03:23:37.004296,RCH2038,87-0045,0635,30000,55.20435,-4.028375,C-5M Galaxy,285,438,-64,False,mlat
ae146d,2026-07-21 03:23:37.004300,RCH044,07-7175,3540,27975,50.055779,9.442581,C-17A Globemaster,269,463,-1443,False,mlat
ae07de,2026-07-21 03:23:37.004303,RCH409,93-0604,2647,32000,48.999828,16.664186,C-17A Globemaster,294,405,0,False,mlat
ae0154,2026-07-21 03:23:37.004307,UNK C/S,63-8045,6560,19000,31.505865,35.218323,KC-135R Stratotanker,82,406,0,False,mlat
ae04cd,2026-07-21 03:23:37.004311,UNK C/S,62-3503,5336,19025,31.636557,36.988102,KC-135R Stratotanker,20,420,0,False,mlat
800790,2026-07-21 03:23:37.004314,IFC0736,CB-8003,3556,31000,23.683683,71.806694,C-17A Globemaster,63,441,-32,False,adsb_icao
ae0501,2026-07-21 03:23:37.004355,UNK C/S,59-1504,5735,33000,44.1,-63.5,KC-135R Stratotanker,,,,False,mode_s
ae07e0,2026-07-21 03:23:37.004359,MOOSE45,94-0066,5406,34000,36.1,27.4,C-17A Globemaster,,,,False,mode_s
ae87fc,2026-07-21 03:23:37.004365,UNK C/S,,5244,Unavailable,38.2,-73.3,E-6B TACAMO,,,,False,mode_s
ae07fa,2026-07-21 03:23:37.004370,RCH899,97-0048,7405,29000,36.9,25.6,C-17A Globemaster,125,492,0,False,mode_s
ae1458,2026-07-21 03:23:37.004374,RCH241,06-6154,2761,Unavailable,34.6,-127.8,C-17A Globemaster,,,,False,mode_s
ae08cf,2026-07-21 03:24:37.523710,WOLF01,00-0185,4206,3050,64.765228,-147.731842,C-17A Globemaster,187,251,-64,False,adsb_icao
ae0802,2026-07-21 03:24:37.523734,RCH262,98-0056,4175,10850,38.721615,-121.447784,C-17A Globemaster,262,293,-1378,False,mlat
ae11e5,2026-07-21 03:24:37.523747,SNTRY61,78-0577,3652,27975,38.320614,-98.727791,E-3G AWACS,309,382,-225,False,mlat
ae0583,2026-07-21 03:24:37.523751,CHILI85,87-0038,0352,3025,29.556515,-98.679817,C-5M Galaxy,73,196,62,False,mlat
ae2fae,2026-07-21 03:24:37.523761,RCH193,08-8202,4021,37025,39.039532,-91.542915,C-17A Globemaster,104,522,0,False,mlat
ae1242,2026-07-21 03:24:37.523774,RCH339,04-4137,7337,13325,32.959358,-80.464325,C-17A Globemaster,293,382,2595,False,mlat
ae0811,2026-07-21 03:24:37.523783,BEEF22,00-0175,0401,1575,39.996735,-74.673309,C-17A Globemaster,358,249,0,False,mlat
ae05ac,2026-07-21 03:24:37.523789,UNK C/S,63-8029,7271,39000,48.514908,-72.29702,KC-135R Stratotanker,144,489,0,False,mlat
ae0238,2026-07-21 03:24:37.523793,UNK C/S,58-0074,4116,32925,42.268578,-71.946106,KC-135R Stratotanker,83,528,10,False,mlat
ae07db,2026-07-21 03:24:37.523798,MCFAMC,93-0601,1443,31000,46.811886,-51.667671,C-17A Globemaster,79,,,False,mode_s
ae0391,2026-07-21 03:24:37.523801,RCH283,63-8039,7306,36964,44.911594,-48.567295,KC-135R Stratotanker,87,,,False,adsc
ae1233,2026-07-21 03:24:37.523804,MCFAMC,03-3122,Unavailable,33008,54.504547,-46.010227,C-17A Globemaster,76,,,False,adsc
ae07f1,2026-07-21 03:24:37.523807,MCFAMC,96-0007,2000,31004,50.528698,-37.804813,C-17A Globemaster,66,,,False,adsc
ae1172,2026-07-21 03:24:37.523811,RCH305,02-1100,0135,32000,55.898392,-8.15855,C-17A Globemaster,276,441,-64,False,adsb_icao
ae058a,2026-07-21 03:24:37.523815,RCH2038,87-0045,0635,30000,55.236946,-4.241332,C-5M Galaxy,285,438,0,False,mlat
ae146d,2026-07-21 03:24:37.523819,RCH044,07-7175,3540,26475,50.053207,9.253097,C-17A Globemaster,266,479,-1568,False,mlat
ae07de,2026-07-21 03:24:37.523822,RCH409,93-0604,2647,32000,49.046139,16.510899,C-17A Globemaster,294,411,0,False,mlat
ae0154,2026-07-21 03:24:37.523826,UNK C/S,63-8045,6560,19000,31.003578,36.621803,KC-135R Stratotanker,82,406,-32,False,mlat
ae04cd,2026-07-21 03:24:37.523830,UNK C/S,62-3503,5336,19025,31.740219,37.033073,KC-135R Stratotanker,20,422,0,False,mlat
800790,2026-07-21 03:24:37.523834,IFC0736,CB-8003,3556,31000,23.739075,71.928253,C-17A Globemaster,63,446,-64,False,adsb_icao
ae0501,2026-07-21 03:24:37.523855,UNK C/S,59-1504,5735,33000,44.3,-63.3,KC-135R Stratotanker,,,,False,mode_s
ae07e0,2026-07-21 03:24:37.523859,MOOSE45,94-0066,5406,34000,36.7,27.0,C-17A Globemaster,,,,False,mode_s
ae87fc,2026-07-21 03:24:37.523865,UNK C/S,,5244,Unavailable,38.1,-73.8,E-6B TACAMO,,,,False,mode_s
ae1197,2026-07-21 03:24:37.523870,MOOSE47,03-3114,3301,31000,31.5,32.8,C-17A Globemaster,,,,False,mode_s
ae07fa,2026-07-21 03:24:37.523873,RCH899,97-0048,7405,29000,37.2,25.8,C-17A Globemaster,125,494,64,False,mode_s
ae1458,2026-07-21 03:24:37.523877,RCH241,06-6154,2761,37000,33.9,-123.4,C-17A Globemaster,,,,False,mode_s
ae08cf,2026-07-21 03:25:37.882880,WOLF01,00-0185,4206,3050,64.701691,-147.796982,C-17A Globemaster,205,248,384,False,adsb_icao
ae0802,2026-07-21 03:25:37.882903,RCH262,98-0056,4175,9575,38.71418,-121.550888,C-17A Globemaster,265,275,-1327,False,mlat
ae11e5,2026-07-21 03:25:37.882918,SNTRY61,78-0577,3652,27950,38.370914,-98.846634,E-3G AWACS,294,366,0,False,mlat
ae0583,2026-07-21 03:25:37.882922,CHILI85,87-0038,0352,3025,29.529047,-98.634941,C-5M Galaxy,138,165,-76,False,mlat
ae2fae,2026-07-21 03:25:37.882932,RCH193,08-8202,4021,37000,39.007782,-91.368141,C-17A Globemaster,107,543,0,False,mlat
ae1242,2026-07-21 03:25:37.882944,RCH339,04-4137,7337,15900,33.008671,-80.571098,C-17A Globemaster,308,356,2386,False,mlat
ae0811,2026-07-21 03:25:37.882953,BEEF22,00-0175,0401,1550,40.034023,-74.627838,C-17A Globemaster,55,172,0,False,mlat
ae05ac,2026-07-21 03:25:37.882959,UNK C/S,63-8029,7271,39000,48.390858,-72.167618,KC-135R Stratotanker,144,499,0,False,mlat
ae0238,2026-07-21 03:25:37.882963,UNK C/S,58-0074,4116,32925,42.286564,-71.759903,KC-135R Stratotanker,82,511,-21,False,mlat
ae07db,2026-07-21 03:25:37.882967,MCFAMC,93-0601,1443,31000,46.811886,-51.667671,C-17A Globemaster,79,,,False,mode_s
ae0391,2026-07-21 03:25:37.882970,RCH283,63-8039,7306,36964,44.911594,-48.567295,KC-135R Stratotanker,87,,,False,adsc
ae1233,2026-07-21 03:25:37.882974,MCFAMC,03-3122,Unavailable,33008,54.504547,-46.010227,C-17A Globemaster,76,,,False,adsc
ae07f1,2026-07-21 03:25:37.882977,MCFAMC,96-0007,2000,31004,50.528698,-37.804813,C-17A Globemaster,66,,,False,adsc
ae1172,2026-07-21 03:25:37.882981,RCH305,02-1100,0135,32000,55.911892,-8.376904,C-17A Globemaster,276,443,64,False,adsb_icao
ae058a,2026-07-21 03:25:37.882985,RCH2038,87-0045,0635,30000,55.266273,-4.427777,C-5M Galaxy,285,438,-96,False,mlat
ae146d,2026-07-21 03:25:37.882989,RCH044,07-7175,3540,24975,50.048035,9.054856,C-17A Globemaster,265,456,-1512,False,mlat
ae07de,2026-07-21 03:25:37.882992,RCH409,93-0604,2647,32000,49.093433,16.352865,C-17A Globemaster,294,399,0,False,mlat
ae0154,2026-07-21 03:25:37.882996,UNK C/S,63-8045,6560,19000,31.006739,36.768795,KC-135R Stratotanker,56,406,0,False,mlat
ae04cd,2026-07-21 03:25:37.882999,UNK C/S,62-3503,5336,19025,31.86054,37.081886,KC-135R Stratotanker,20,422,32,False,mlat
800790,2026-07-21 03:25:37.883003,IFC0736,CB-8003,3556,31000,23.79471,72.050674,C-17A Globemaster,63,448,-128,False,adsb_icao
ae0501,2026-07-21 03:25:37.883024,UNK C/S,59-1504,5735,33000,44.7,-63.1,KC-135R Stratotanker,,,,False,mode_s
ae07e0,2026-07-21 03:25:37.883028,MOOSE45,94-0066,5406,34000,36.6,27.6,C-17A Globemaster,,,,False,mode_s
ae87fc,2026-07-21 03:25:37.883035,UNK C/S,,5244,Unavailable,38.7,-73.0,E-6B TACAMO,,,,False,mode_s
ae1197,2026-07-21 03:25:37.883040,MOOSE47,03-3114,3301,31000,31.8,33.0,C-17A Globemaster,,,,False,mode_s
ae07fa,2026-07-21 03:25:37.883044,RCH899,97-0048,7405,29000,37.2,25.9,C-17A Globemaster,125,494,-32,False,mode_s
ae1458,2026-07-21 03:25:37.883047,RCH241,06-6154,2761,37000,33.9,-123.4,C-17A Globemaster,,,,False,mode_s
ae08cf,2026-07-21 03:26:38.316797,WOLF01,00-0185,4206,3050,64.639206,-147.862686,C-17A Globemaster,204,249,128,False,adsb_icao
ae0802,2026-07-21 03:26:38.316822,RCH262,98-0056,4175,8325,38.70686,-121.640633,C-17A Globemaster,265,263,-1224,False,mlat
ae11e5,2026-07-21 03:26:38.316838,SNTRY61,78-0577,3652,27950,38.417583,-98.96582,E-3G AWACS,296,373,-240,False,mlat
ae0583,2026-07-21 03:26:38.316843,CHILI85,87-0038,0352,2325,29.48415,-98.617996,C-5M Galaxy,161,165,-1070,False,mlat
ae2fae,2026-07-21 03:26:38.316853,RCH193,08-8202,4021,37025,38.982113,-91.197021,C-17A Globemaster,100,493,0,False,mlat
ae1242,2026-07-21 03:26:38.316865,RCH339,04-4137,7337,17750,33.076241,-80.653946,C-17A Globemaster,313,370,1786,False,mlat
ae0811,2026-07-21 03:26:38.316875,BEEF22,00-0175,0401,1575,40.066502,-74.582291,C-17A Globemaster,51,189,0,False,mlat
ae05ac,2026-07-21 03:26:38.316880,UNK C/S,63-8029,7271,39000,48.283821,-72.056816,KC-135R Stratotanker,145,486,0,False,mlat
ae0238,2026-07-21 03:26:38.316885,UNK C/S,58-0074,4116,32925,42.304893,-71.563438,KC-135R Stratotanker,84,518,1,False,mlat
ae07db,2026-07-21 03:26:38.316890,MCFAMC,93-0601,1443,31000,46.811886,-51.667671,C-17A Globemaster,79,,,False,mode_s
ae0391,2026-07-21 03:26:38.316894,RCH283,63-8039,7306,36964,44.911594,-48.567295,KC-135R Stratotanker,87,,,False,adsc
ae1233,2026-07-21 03:26:38.316897,MCFAMC,03-3122,Unavailable,33008,54.504547,-46.010227,C-17A Globemaster,76,,,False,adsc
ae07f1,2026-07-21 03:26:38.316900,MCFAMC,96-0007,2000,31004,50.528698,-37.804813,C-17A Globemaster,66,,,False,adsc
ae1172,2026-07-21 03:26:38.316904,RCH305,02-1100,0135,32000,55.923981,-8.592973,C-17A Globemaster,274,442,-64,False,adsb_icao
ae058a,2026-07-21 03:26:38.316908,RCH2038,87-0045,0635,30000,55.301468,-4.653414,C-5M Galaxy,285,436,0,False,mlat
ae146d,2026-07-21 03:26:38.316912,RCH044,07-7175,3540,23475,50.027157,8.865997,C-17A Globemaster,259,438,-1528,False,mlat
ae07de,2026-07-21 03:26:38.316916,RCH409,93-0604,2647,32000,49.139462,16.196789,C-17A Globemaster,294,405,0,False,mlat
ae0154,2026-07-21 03:26:38.316920,UNK C/S,63-8045,6560,18975,31.038054,36.805504,KC-135R Stratotanker,54,404,-32,False,mlat
ae04cd,2026-07-21 03:26:38.316923,UNK C/S,62-3503,5336,19025,31.931507,37.168594,KC-135R Stratotanker,66,420,0,False,mlat
800790,2026-07-21 03:26:38.316926,IFC0736,CB-8003,3556,31025,23.848892,72.170105,C-17A Globemaster,63,448,32,False,adsb_icao
ae07e0,2026-07-21 03:26:38.316945,MOOSE45,94-0066,5406,34000,36.8,25.6,C-17A Globemaster,,,,False,mode_s
ae1197,2026-07-21 03:26:38.316950,MOOSE47,03-3114,3301,31000,31.4,33.1,C-17A Globemaster,,,,False,mode_s
ae07fa,2026-07-21 03:26:38.316955,RCH899,97-0048,7405,29000,37.0,25.8,C-17A Globemaster,125,494,32,False,mode_s
ae87fc,2026-07-21 03:26:38.316961,UNK C/S,,5244,Unavailable,38.1,-73.1,E-6B TACAMO,,,,False,mode_s
ae0501,2026-07-21 03:26:38.316964,UNK C/S,59-1504,5735,33000,44.7,-63.4,KC-135R Stratotanker,,,,False,mode_s
ae1458,2026-07-21 03:26:38.316969,RCH241,06-6154,2761,37000,34.7,-126.9,C-17A Globemaster,,,,False,mode_s
ae08cf,2026-07-21 03:27:38.704207,WOLF01,00-0185,4206,3050,64.611343,-147.99649,C-17A Globemaster,283,246,-64,False,adsb_icao
ae0802,2026-07-21 03:27:38.704230,RCH262,98-0056,4175,8075,38.69883,-121.736824,C-17A Globemaster,265,291,90,False,mlat
ae11e5,2026-07-21 03:27:38.704246,SNTRY61,78-0577,3652,27975,38.463081,-99.086105,E-3G AWACS,295,395,0,False,mlat
ae0583,2026-07-21 03:27:38.704250,CHILI85,87-0038,0352,1700,29.448124,-98.604576,C-5M Galaxy,161,134,-631,False,mlat
ae2fae,2026-07-21 03:27:38.704260,RCH193,08-8202,4021,37025,38.951839,-91.024559,C-17A Globemaster,104,486,-42,False,mlat
ae1242,2026-07-21 03:27:38.704271,RCH339,04-4137,7337,19600,33.149727,-80.748184,C-17A Globemaster,312,386,1824,False,mlat
ae0811,2026-07-21 03:27:38.704281,BEEF22,00-0175,0401,1250,40.072784,-74.533325,C-17A Globemaster,145,166,-429,False,mlat
ae05ac,2026-07-21 03:27:38.704286,UNK C/S,63-8029,7271,39000,48.165874,-71.935608,KC-135R Stratotanker,145,517,0,False,mlat
ae0238,2026-07-21 03:27:38.704289,UNK C/S,58-0074,4116,32950,42.322697,-71.370766,KC-135R Stratotanker,83,522,41,False,mlat
ae07db,2026-07-21 03:27:38.704293,MCFAMC,93-0601,1443,31000,46.811886,-51.667671,C-17A Globemaster,79,,,False,mode_s
ae0391,2026-07-21 03:27:38.704296,RCH283,63-8039,7306,36964,44.911594,-48.567295,KC-135R Stratotanker,87,,,False,adsc
ae1233,2026-07-21 03:27:38.704299,MCFAMC,03-3122,Unavailable,33008,54.504547,-46.010227,C-17A Globemaster,76,,,False,adsc
ae07f1,2026-07-21 03:27:38.704302,MCFAMC,96-0007,2000,31004,50.528698,-37.804813,C-17A Globemaster,66,,,False,adsc
ae1172,2026-07-21 03:27:38.704306,RCH305,02-1100,0135,32000,55.931671,-8.813865,C-17A Globemaster,273,443,-64,False,adsb_icao
ae058a,2026-07-21 03:27:38.704309,RCH2038,87-0045,0635,30000,55.331402,-4.846116,C-5M Galaxy,285,436,32,False,mlat
ae146d,2026-07-21 03:27:38.704312,RCH044,07-7175,3540,21950,50.006474,8.688166,C-17A Globemaster,259,409,-1542,False,mlat
ae07de,2026-07-21 03:27:38.704315,RCH409,93-0604,2647,32000,49.184483,16.04327,C-17A Globemaster,294,405,0,False,mlat
ae04cd,2026-07-21 03:27:38.704319,UNK C/S,62-3503,5336,19025,31.984962,37.299744,KC-135R Stratotanker,67,422,64,False,mlat
800790,2026-07-21 03:27:38.704324,IFC0736,CB-8003,3556,31000,23.904806,72.293823,C-17A Globemaster,63,449,0,False,adsb_icao
ae07e0,2026-07-21 03:27:38.704368,MOOSE45,94-0066,5406,34000,37.2,26.3,C-17A Globemaster,,,,False,mode_s
ae1197,2026-07-21 03:27:38.704376,MOOSE47,03-3114,3301,31000,31.4,33.1,C-17A Globemaster,,,,False,mode_s
ae07fa,2026-07-21 03:27:38.704382,RCH899,97-0048,7405,29000,37.1,25.9,C-17A Globemaster,125,494,0,False,mode_s
ae87fc,2026-07-21 03:27:38.704390,UNK C/S,,5244,Unavailable,38.5,-73.3,E-6B TACAMO,,,,False,mode_s
ae0501,2026-07-21 03:27:38.704394,UNK C/S,59-1504,5735,33000,44.6,-63.1,KC-135R Stratotanker,,,,False,mode_s
ae05ad,2026-07-21 03:27:38.704398,UNK C/S,63-8043,Unavailable,37000,48.3,-76.0,KC-135R Stratotanker,,,,False,mode_s
ae1458,2026-07-21 03:27:38.704403,RCH241,06-6154,2761,37000,34.6,-121.7,C-17A Globemaster,,,,False,mode_s
ae08cf,2026-07-21 03:28:39.079094,WOLF01,00-0185,4206,3100,64.656784,-148.08252,C-17A Globemaster,351,172,64,False,adsb_icao
ae0802,2026-07-21 03:28:39.079118,RCH262,98-0056,4175,7300,38.650486,-121.798447,C-17A Globemaster,179,253,-489,False,mlat
ae11e5,2026-07-21 03:28:39.079133,SNTRY61,78-0577,3652,28000,38.509727,-99.20118,E-3G AWACS,298,351,53,False,mlat
ae0583,2026-07-21 03:28:39.079142,CHILI85,87-0038,0352,1075,29.415167,-98.592758,C-5M Galaxy,160,147,-627,False,mlat
ae2fae,2026-07-21 03:28:39.079153,RCH193,08-8202,4021,37025,38.921448,-90.845253,C-17A Globemaster,103,507,44,False,mlat
ae1242,2026-07-21 03:28:39.079163,RCH339,04-4137,7337,21000,33.222797,-80.842476,C-17A Globemaster,313,370,1353,False,mlat
ae0811,2026-07-21 03:28:39.079171,BEEF22,00-0175,0401,700,40.050598,-74.544075,C-17A Globemaster,230,159,-697,False,mlat
ae05ac,2026-07-21 03:28:39.079175,UNK C/S,63-8029,7271,39000,48.054142,-71.821899,KC-135R Stratotanker,146,497,0,False,mlat
ae0238,2026-07-21 03:28:39.079178,UNK C/S,58-0074,4116,32925,42.341175,-71.17231,KC-135R Stratotanker,84,522,-75,False,mlat
ae07db,2026-07-21 03:28:39.079181,MCFAMC,93-0601,1443,31000,46.811886,-51.667671,C-17A Globemaster,79,,,False,mode_s
ae0391,2026-07-21 03:28:39.079185,RCH283,63-8039,7306,36964,44.911594,-48.567295,KC-135R Stratotanker,87,,,False,adsc
ae1233,2026-07-21 03:28:39.079189,MCFAMC,03-3122,Unavailable,33008,54.504547,-46.010227,C-17A Globemaster,76,,,False,adsc
ae07f1,2026-07-21 03:28:39.079192,MCFAMC,96-0007,2000,31004,50.528698,-37.804813,C-17A Globemaster,66,,,False,adsc
ae1172,2026-07-21 03:28:39.079195,RCH305,02-1100,0135,32000,55.939133,-9.032593,C-17A Globemaster,273,443,0,False,adsb_icao
ae058a,2026-07-21 03:28:39.079199,RCH2038,87-0045,0635,30000,55.363926,-5.059849,C-5M Galaxy,284,438,64,False,mlat
ae146d,2026-07-21 03:28:39.079202,RCH044,07-7175,3540,20450,49.987358,8.51641,C-17A Globemaster,258,396,-1485,False,mlat
ae07de,2026-07-21 03:28:39.079206,RCH409,93-0604,2647,32000,49.230286,15.887723,C-17A Globemaster,294,411,0,False,mlat
ae04cd,2026-07-21 03:28:39.079210,UNK C/S,62-3503,5336,20550,32.02375,37.429066,KC-135R Stratotanker,67,428,960,False,mlat
800790,2026-07-21 03:28:39.079213,IFC0736,CB-8003,3556,31000,23.960855,72.418144,C-17A Globemaster,63,447,160,False,adsb_icao
ae07e0,2026-07-21 03:28:39.079232,MOOSE45,94-0066,5406,34000,36.6,26.9,C-17A Globemaster,,,,False,mode_s
ae1197,2026-07-21 03:28:39.079237,MOOSE47,03-3114,3301,31000,31.4,33.1,C-17A Globemaster,,,,False,mode_s
ae07fa,2026-07-21 03:28:39.079242,RCH899,97-0048,7405,29000,37.1,25.8,C-17A Globemaster,125,492,-64,False,mode_s
ae87fc,2026-07-21 03:28:39.079248,UNK C/S,,5244,Unavailable,38.1,-72.1,E-6B TACAMO,,,,False,mode_s
ae0501,2026-07-21 03:28:39.079251,UNK C/S,59-1504,5735,33000,45.2,-63.4,KC-135R Stratotanker,,,,False,mode_s
ae05ad,2026-07-21 03:28:39.079254,UNK C/S,63-8043,Unavailable,37000,48.3,-76.1,KC-135R Stratotanker,,,,False,mode_s
ae1458,2026-07-21 03:28:39.079259,RCH241,06-6154,2761,37000,34.7,-126.9,C-17A Globemaster,,,,False,mode_s
ae08cf,2026-07-21 03:29:39.526913,WOLF01,00-0185,4206,3125,64.69986,-148.066696,C-17A Globemaster,28,154,-128,False,adsb_icao
ae0802,2026-07-21 03:29:39.526937,RCH262,98-0056,4175,6875,38.597588,-121.812866,C-17A Globemaster,192,183,-801,False,mlat
ae11e5,2026-07-21 03:29:39.526954,SNTRY61,78-0577,3652,28000,38.556267,-99.3255,E-3G AWACS,295,377,0,False,mlat
ae0583,2026-07-21 03:29:39.526958,CHILI85,87-0038,0352,2675,29.37545,-98.579765,C-5M Galaxy,169,144,2673,False,mlat
ae2fae,2026-07-21 03:29:39.526966,RCH193,08-8202,4021,37025,38.893074,-90.668182,C-17A Globemaster,102,498,74,False,mlat
ae1242,2026-07-21 03:29:39.526977,RCH339,04-4137,7337,22650,33.297638,-80.941589,C-17A Globemaster,312,392,2000,False,mlat
ae0811,2026-07-21 03:29:39.526984,BEEF22,00-0175,0401,75,40.0369,-74.555,C-17A Globemaster,244,138,-821,False,mode_s
ae05ac,2026-07-21 03:29:39.526989,UNK C/S,63-8029,7271,39000,47.935429,-71.702217,KC-135R Stratotanker,145,498,0,False,mlat
ae0238,2026-07-21 03:29:39.526993,UNK C/S,58-0074,4116,32925,42.356327,-70.972038,KC-135R Stratotanker,83,511,-71,False,mlat
ae07db,2026-07-21 03:29:39.526997,MCFAMC,93-0601,1443,31000,46.811886,-51.667671,C-17A Globemaster,79,,,False,mode_s
ae0391,2026-07-21 03:29:39.527000,RCH283,63-8039,7306,36964,44.911594,-48.567295,KC-135R Stratotanker,87,,,False,adsc
ae1233,2026-07-21 03:29:39.527004,MCFAMC,03-3122,Unavailable,33008,54.504547,-46.010227,C-17A Globemaster,76,,,False,adsc
ae07f1,2026-07-21 03:29:39.527007,MCFAMC,96-0007,2000,31004,50.528698,-37.804813,C-17A Globemaster,66,,,False,adsc
ae1172,2026-07-21 03:29:39.527011,RCH305,02-1100,0135,32000,55.946526,-9.254093,C-17A Globemaster,273,445,0,False,adsb_icao
ae058a,2026-07-21 03:29:39.527015,RCH2038,87-0045,0635,30000,55.394833,-5.267274,C-5M Galaxy,284,438,32,False,mlat
ae146d,2026-07-21 03:29:39.527019,RCH044,07-7175,3540,18950,49.96801,8.348271,C-17A Globemaster,261,393,-1471,False,mlat
ae07de,2026-07-21 03:29:39.527021,RCH409,93-0604,2647,32000,49.278179,15.721543,C-17A Globemaster,294,411,0,False,mlat
ae04cd,2026-07-21 03:29:39.527025,UNK C/S,62-3503,5336,21850,32.072304,37.561867,KC-135R Stratotanker,67,440,1472,False,mlat
800790,2026-07-21 03:29:39.527028,IFC0736,CB-8003,3556,31025,24.015835,72.54039,C-17A Globemaster,63,445,96,False,adsb_icao
ae07e0,2026-07-21 03:29:39.527046,MOOSE45,94-0066,5406,34000,37.2,26.3,C-17A Globemaster,,,,False,mode_s
896c2d,2026-07-21 03:29:39.527051,GOLD26,1225,1707,Unavailable,2.7,101.4,C-17A Globemaster,,,,False,mode_s
ae1197,2026-07-21 03:29:39.527054,MOOSE47,03-3114,3301,31000,31.4,32.5,C-17A Globemaster,,,,False,mode_s
ae049b,2026-07-21 03:29:39.527058,UNK C/S,61-0313,1602,22500,27.7,47.2,KC-135R Stratotanker,187,428,32,False,mode_s
ae07fa,2026-07-21 03:29:39.527062,RCH899,97-0048,7405,29000,37.1,25.8,C-17A Globemaster,125,490,32,False,mode_s
ae87fc,2026-07-21 03:29:39.527066,UNK C/S,,5624,Unavailable,38.1,-72.1,E-6B TACAMO,,,,False,mode_s
ae0501,2026-07-21 03:29:39.527069,UNK C/S,59-1504,5735,33000,45.4,-63.3,KC-135R Stratotanker,,,,False,mode_s
ae05ad,2026-07-21 03:29:39.527072,UNK C/S,63-8043,Unavailable,37000,48.3,-76.0,KC-135R Stratotanker,,,,False,mode_s
ae1458,2026-07-21 03:29:39.527076,RCH241,06-6154,2761,37000,35.4,-122.5,C-17A Globemaster,,,,False,mode_s
ae08cf,2026-07-21 03:30:39.877392,WOLF01,00-0185,4206,2475,64.733231,-148.012543,C-17A Globemaster,36,137,-960,False,adsb_icao
ae0802,2026-07-21 03:30:39.877416,RCH262,98-0056,4175,6075,38.546318,-121.821533,C-17A Globemaster,199,192,-774,False,mlat
ae11e5,2026-07-21 03:30:39.877432,SNTRY61,78-0577,3652,28000,38.602005,-99.43734,E-3G AWACS,299,334,-24,False,mlat
ae0583,2026-07-21 03:30:39.877436,CHILI85,87-0038,0352,3025,29.335964,-98.610367,C-5M Galaxy,261,240,-99,False,mlat
ae2fae,2026-07-21 03:30:39.877444,RCH193,08-8202,4021,37000,38.863518,-90.494911,C-17A Globemaster,101,504,0,False,mlat
ae1242,2026-07-21 03:30:39.877452,RCH339,04-4137,7337,23425,33.380417,-81.032715,C-17A Globemaster,321,409,907,False,mlat
ae0811,2026-07-21 03:30:39.877460,BEEF22,00-0175,0401,1475,39.990891,-74.622322,C-17A Globemaster,234,155,1481,False,mlat
ae05ac,2026-07-21 03:30:39.877465,UNK C/S,63-8029,7271,39000,47.809994,-71.57473,KC-135R Stratotanker,146,515,0,False,mlat
ae0238,2026-07-21 03:30:39.877468,UNK C/S,58-0074,4116,32925,42.374516,-70.789459,KC-135R Stratotanker,84,511,-75,False,mlat
ae07db,2026-07-21 03:30:39.877472,MCFAMC,93-0601,1443,31000,46.811886,-51.667671,C-17A Globemaster,79,,,False,mode_s
ae0391,2026-07-21 03:30:39.877475,RCH283,63-8039,7306,36964,44.911594,-48.567295,KC-135R Stratotanker,87,,,False,adsc
ae1233,2026-07-21 03:30:39.877478,MCFAMC,03-3122,Unavailable,33008,54.504547,-46.010227,C-17A Globemaster,76,,,False,adsc
ae07f1,2026-07-21 03:30:39.877481,MCFAMC,96-0007,2000,31004,50.528698,-37.804813,C-17A Globemaster,66,,,False,adsc
ae1172,2026-07-21 03:30:39.877484,RCH305,02-1100,0135,32000,55.953552,-9.474959,C-17A Globemaster,273,443,0,False,adsb_icao
ae058a,2026-07-21 03:30:39.877487,RCH2038,87-0045,0635,30000,55.425388,-5.470478,C-5M Galaxy,284,436,0,False,mlat
ae146d,2026-07-21 03:30:39.877491,RCH044,07-7175,3540,17450,49.947586,8.17992,C-17A Globemaster,260,414,-1523,False,mlat
ae07de,2026-07-21 03:30:39.877494,RCH409,93-0604,2647,32000,49.323288,15.563711,C-17A Globemaster,293,411,0,False,mlat
ae04cd,2026-07-21 03:30:39.877498,UNK C/S,62-3503,5336,22000,32.11269,37.634739,KC-135R Stratotanker,67,450,0,False,mlat
800790,2026-07-21 03:30:39.877501,IFC0736,CB-8003,3556,31000,24.069416,72.659897,C-17A Globemaster,64,447,0,False,adsb_icao
ae07e0,2026-07-21 03:30:39.877518,MOOSE45,94-0066,5406,34000,37.2,26.3,C-17A Globemaster,,,,False,mode_s
896c2d,2026-07-21 03:30:39.877521,GOLD26,1225,1707,17250,2.8,101.4,C-17A Globemaster,,,,False,mode_s
ae1197,2026-07-21 03:30:39.877524,MOOSE47,03-3114,3301,31000,31.4,32.5,C-17A Globemaster,,,,False,mode_s
ae049b,2026-07-21 03:30:39.877527,UNK C/S,61-0313,1602,22500,27.7,47.2,KC-135R Stratotanker,181,428,128,False,mode_s
ae07fa,2026-07-21 03:30:39.877531,RCH899,97-0048,7405,29000,37.1,26.1,C-17A Globemaster,125,488,0,False,mode_s
ae87fc,2026-07-21 03:30:39.877536,UNK C/S,,5624,Unavailable,38.1,-73.5,E-6B TACAMO,,,,False,mode_s
ae0501,2026-07-21 03:30:39.877539,UNK C/S,59-1504,5735,33000,45.8,-62.0,KC-135R Stratotanker,,,,False,mode_s
ae05ad,2026-07-21 03:30:39.877542,UNK C/S,63-8043,Unavailable,37000,48.3,-75.9,KC-135R Stratotanker,,,,False,mode_s
ae1458,2026-07-21 03:30:39.877547,RCH241,06-6154,2761,37000,33.9,-123.4,C-17A Globemaster,,,,False,mode_s
ae08cf,2026-07-21 03:31:40.255602,WOLF01,00-0185,4206,1525,64.763489,-147.957489,C-17A Globemaster,37,140,-512,False,adsb_icao
ae0802,2026-07-21 03:31:40.255627,RCH262,98-0056,4175,5600,38.505676,-121.869774,C-17A Globemaster,222,200,-773,False,mlat
ae11e5,2026-07-21 03:31:40.255645,SNTRY61,78-0577,3652,28000,38.619793,-99.567055,E-3G AWACS,264,408,124,False,mlat
ae0583,2026-07-21 03:31:40.255648,CHILI85,87-0038,0352,3525,29.312426,-98.675896,C-5M Galaxy,234,252,683,False,mlat
ae2fae,2026-07-21 03:31:40.255658,RCH193,08-8202,4021,37000,38.860691,-90.325584,C-17A Globemaster,90,487,-75,False,mlat
ae1242,2026-07-21 03:31:40.255667,RCH339,04-4137,7337,24100,33.461433,-81.124786,C-17A Globemaster,316,411,330,False,mlat
ae07d3,2026-07-21 03:31:40.255673,LIFTR76,90-0534,4260,850,32.880524,-80.022598,C-17A Globemaster,142,162,,False,adsb_icao
ae0811,2026-07-21 03:31:40.255679,BEEF22,00-0175,0401,1525,39.971123,-74.672958,C-17A Globemaster,265,159,0,False,mlat
ae05ac,2026-07-21 03:31:40.255684,UNK C/S,63-8029,7271,39000,47.697201,-71.462387,KC-135R Stratotanker,145,516,0,False,mlat
ae0238,2026-07-21 03:31:40.255687,UNK C/S,58-0074,4116,32925,42.390125,-70.58992,KC-135R Stratotanker,84,525,74,False,mlat
ae07db,2026-07-21 03:31:40.255692,MCFAMC,93-0601,1443,31000,46.811886,-51.667671,C-17A Globemaster,79,,,False,mode_s
ae0391,2026-07-21 03:31:40.255695,RCH283,63-8039,7306,36964,44.911594,-48.567295,KC-135R Stratotanker,87,,,False,adsc
ae1233,2026-07-21 03:31:40.255698,MCFAMC,03-3122,Unavailable,33008,54.504547,-46.010227,C-17A Globemaster,76,,,False,adsc
ae07f1,2026-07-21 03:31:40.255702,MCFAMC,96-0007,2000,31004,50.528698,-37.804813,C-17A Globemaster,66,,,False,adsc
ae1172,2026-07-21 03:31:40.255706,RCH305,02-1100,0135,32000,55.960213,-9.695864,C-17A Globemaster,272,445,0,False,adsb_icao
ae058a,2026-07-21 03:31:40.255710,RCH2038,87-0045,0635,30000,55.454647,-5.671565,C-5M Galaxy,284,436,0,False,mlat
ae146d,2026-07-21 03:31:40.255714,RCH044,07-7175,3540,15925,49.92902,8.019207,C-17A Globemaster,262,390,-1494,False,mlat
ae07de,2026-07-21 03:31:40.255717,RCH409,93-0604,2647,32000,49.368881,15.407583,C-17A Globemaster,293,408,0,False,mlat
800790,2026-07-21 03:31:40.255722,IFC0736,CB-8003,3556,31025,24.125473,72.78524,C-17A Globemaster,63,446,0,False,adsb_icao
ae07e0,2026-07-21 03:31:40.255740,MOOSE45,94-0066,5406,34000,37.2,26.3,C-17A Globemaster,,,,False,mode_s
896c2d,2026-07-21 03:31:40.255743,GOLD26,1225,1707,15225,3.0,101.2,C-17A Globemaster,,,,False,mode_s
ae1197,2026-07-21 03:31:40.255747,MOOSE47,03-3114,3301,31000,31.5,32.5,C-17A Globemaster,,,,False,mode_s
ae049b,2026-07-21 03:31:40.255750,UNK C/S,61-0313,1602,22500,27.9,46.8,KC-135R Stratotanker,160,430,-64,False,mode_s
ae04cd,2026-07-21 03:31:40.255754,UNK C/S,62-3503,5336,22025,32.8,35.9,KC-135R Stratotanker,67,446,64,False,mode_s
ae07fa,2026-07-21 03:31:40.255757,RCH899,97-0048,7405,29000,37.1,25.9,C-17A Globemaster,126,490,32,False,mode_s
ae87fc,2026-07-21 03:31:40.255762,UNK C/S,,5624,Unavailable,38.1,-72.0,E-6B TACAMO,,,,False,mode_s
ae0501,2026-07-21 03:31:40.255765,UNK C/S,59-1504,5735,33000,44.7,-61.7,KC-135R Stratotanker,,,,False,mode_s
ae05ad,2026-07-21 03:31:40.255768,UNK C/S,63-8043,Unavailable,37000,48.3,-75.9,KC-135R Stratotanker,,,,False,mode_s
ae1458,2026-07-21 03:31:40.255773,RCH241,06-6154,2761,37150,31.6,-123.9,C-17A Globemaster,,,,False,mode_s
ae08cf,2026-07-21 03:32:40.670140,WOLF01,00-0185,4206,825,64.792099,-147.905197,C-17A Globemaster,38,131,-640,False,adsb_icao
ae0802,2026-07-21 03:32:40.670163,RCH262,98-0056,4175,5075,38.466213,-121.916321,C-17A Globemaster,225,188,-239,False,mlat
ae11e5,2026-07-21 03:32:40.670178,SNTRY61,78-0577,3652,28000,38.587311,-99.688095,E-3G AWACS,238,394,-4,False,mlat
ae0583,2026-07-21 03:32:40.670184,CHILI85,87-0038,0352,4050,29.321768,-98.734184,C-5M Galaxy,333,250,395,False,mlat
ae2fae,2026-07-21 03:32:40.670194,RCH193,08-8202,4021,37000,38.8577,-90.142189,C-17A Globemaster,90,521,21,False,mlat
ae1242,2026-07-21 03:32:40.670204,RCH339,04-4137,7337,24525,33.543674,-81.21666,C-17A Globemaster,315,414,503,False,mlat
ae07d3,2026-07-21 03:32:40.670210,LIFTR76,90-0534,4260,2325,32.83725,-79.999977,C-17A Globemaster,208,213,1216,False,adsb_icao
ae0811,2026-07-21 03:32:40.670217,BEEF22,00-0175,0401,1575,40.01025,-74.677475,C-17A Globemaster,44,219,75,False,mlat
ae05ac,2026-07-21 03:32:40.670222,UNK C/S,63-8029,7271,39000,47.576633,-71.34211,KC-135R Stratotanker,146,504,0,False,mlat
ae0238,2026-07-21 03:32:40.670226,UNK C/S,58-0074,4116,32925,42.407711,-70.395302,KC-135R Stratotanker,86,525,0,False,mlat
ae0391,2026-07-21 03:32:40.670231,RCH283,63-8039,7306,36964,44.911594,-48.567295,KC-135R Stratotanker,87,,,False,adsc
ae1233,2026-07-21 03:32:40.670235,MCFAMC,03-3122,Unavailable,33008,54.504547,-46.010227,C-17A Globemaster,76,,,False,adsc
ae07f1,2026-07-21 03:32:40.670238,MCFAMC,96-0007,2000,31004,50.528698,-37.804813,C-17A Globemaster,66,,,False,adsc
ae1172,2026-07-21 03:32:40.670242,RCH305,02-1100,0135,32000,55.966404,-9.915676,C-17A Globemaster,272,445,-64,False,adsb_icao
ae058a,2026-07-21 03:32:40.670246,RCH2038,87-0045,0635,30000,55.48447,-5.877827,C-5M Galaxy,284,436,0,False,mlat
ae146d,2026-07-21 03:32:40.670250,RCH044,07-7175,3540,14450,49.909344,7.857735,C-17A Globemaster,258,362,-1528,False,mlat
ae07de,2026-07-21 03:32:40.670254,RCH409,93-0604,2647,32000,49.415913,15.241918,C-17A Globemaster,291,410,0,False,mlat
800790,2026-07-21 03:32:40.670259,IFC0736,CB-8003,3556,31025,24.170792,72.884468,C-17A Globemaster,51,450,0,False,adsb_icao
ae07e0,2026-07-21 03:32:40.670281,MOOSE45,94-0066,5406,34000,37.1,26.4,C-17A Globemaster,,,,False,mode_s
896c2d,2026-07-21 03:32:40.670286,GOLD26,1225,1707,13200,2.8,101.4,C-17A Globemaster,,,,False,mode_s
ae1197,2026-07-21 03:32:40.670290,MOOSE47,03-3114,3301,Unavailable,31.6,32.6,C-17A Globemaster,,,,False,mode_s
ae049b,2026-07-21 03:32:40.670294,UNK C/S,61-0313,1602,21850,27.7,47.2,KC-135R Stratotanker,113,434,-1120,False,mode_s
ae04cd,2026-07-21 03:32:40.670298,UNK C/S,62-3503,5336,22025,33.2,35.1,KC-135R Stratotanker,36,438,0,False,mode_s
ae07fa,2026-07-21 03:32:40.670302,RCH899,97-0048,7405,29000,36.9,26.1,C-17A Globemaster,126,494,-64,False,mode_s
ae87fc,2026-07-21 03:32:40.670308,UNK C/S,,5624,Unavailable,38.1,-73.3,E-6B TACAMO,,,,False,mode_s
ae0501,2026-07-21 03:32:40.670311,UNK C/S,59-1504,5735,33000,44.8,-61.9,KC-135R Stratotanker,,,,False,mode_s
ae05ad,2026-07-21 03:32:40.670314,UNK C/S,63-8043,Unavailable,37000,48.3,-78.4,KC-135R Stratotanker,,,,False,mode_s
ae1458,2026-07-21 03:32:40.670319,RCH241,06-6154,2761,37000,33.9,-123.4,C-17A Globemaster,,,,False,mode_s
ae08cf,2026-07-21 03:33:41.057924,WOLF01,00-0185,4206,875,64.822449,-147.849396,C-17A Globemaster,37,156,2048,False,adsb_icao
ae0802,2026-07-21 03:33:41.057948,RCH262,98-0056,4175,5075,38.431431,-121.961441,C-17A Globemaster,230,196,0,False,mlat
ae11e5,2026-07-21 03:33:41.057963,SNTRY61,78-0577,3652,28025,38.505684,-99.784103,E-3G AWACS,207,385,75,False,mlat
ae0583,2026-07-21 03:33:41.057967,CHILI85,87-0038,0352,4025,29.389378,-98.746208,C-5M Galaxy,352,216,-77,False,mlat
ae2fae,2026-07-21 03:33:41.057976,RCH193,08-8202,4021,37025,38.855373,-89.95977,C-17A Globemaster,92,502,0,False,mlat
ae1242,2026-07-21 03:33:41.057985,RCH339,04-4137,7337,25025,33.62579,-81.301697,C-17A Globemaster,324,399,523,False,mlat
ae07d3,2026-07-21 03:33:41.057992,LIFTR76,90-0534,4260,4650,32.845165,-80.071724,C-17A Globemaster,311,277,3584,False,adsb_icao
ae0811,2026-07-21 03:33:41.057999,BEEF22,00-0175,0401,1525,40.045456,-74.625931,C-17A Globemaster,45,179,0,False,mlat
ae05ac,2026-07-21 03:33:41.058003,UNK C/S,63-8029,7271,39000,47.45705,-71.222153,KC-135R Stratotanker,146,513,0,False,mlat
ae0238,2026-07-21 03:33:41.058007,UNK C/S,58-0074,4116,32950,42.422585,-70.203964,KC-135R Stratotanker,82,525,75,False,mlat
ae1233,2026-07-21 03:33:41.058010,MCFAMC,03-3122,Unavailable,33984,54.838257,-42.428513,C-17A Globemaster,79,,,False,adsc
ae07f1,2026-07-21 03:33:41.058014,MCFAMC,96-0007,2000,31004,50.528698,-37.804813,C-17A Globemaster,66,,,False,adsc
ae1172,2026-07-21 03:33:41.058018,RCH305,02-1100,0135,32000,55.972275,-10.137052,C-17A Globemaster,272,444,-64,False,adsb_icao
ae058a,2026-07-21 03:33:41.058020,RCH2038,87-0045,0635,30000,55.515858,-6.094892,C-5M Galaxy,283,436,32,False,mlat
ae146d,2026-07-21 03:33:41.058024,RCH044,07-7175,3540,14000,49.89053,7.705007,C-17A Globemaster,258,376,-2,False,mlat
ae07de,2026-07-21 03:33:41.058027,RCH409,93-0604,2647,32000,49.460899,15.082982,C-17A Globemaster,295,412,0,False,mlat
800790,2026-07-21 03:33:41.058031,IFC0736,CB-8003,3556,31000,24.243393,72.959084,C-17A Globemaster,40,452,,False,adsb_icao
ae07e0,2026-07-21 03:33:41.058049,MOOSE45,94-0066,5406,34000,36.8,25.9,C-17A Globemaster,,,,False,mode_s
896c2d,2026-07-21 03:33:41.058052,GOLD26,1225,1707,12075,2.8,101.4,C-17A Globemaster,,,,False,mode_s
ae0369,2026-07-21 03:33:41.058055,UNK C/S,63-8024,5331,21000,32.3,34.1,KC-135R Stratotanker,,,,False,mode_s
ae1197,2026-07-21 03:33:41.058058,MOOSE47,03-3114,3301,Unavailable,31.6,32.6,C-17A Globemaster,,,,False,mode_s
ae049b,2026-07-21 03:33:41.058061,UNK C/S,61-0313,1602,21500,27.7,47.2,KC-135R Stratotanker,113,426,32,False,mode_s
ae04cd,2026-07-21 03:33:41.058065,UNK C/S,62-3503,5336,22000,33.9,35.3,KC-135R Stratotanker,351,416,0,False,mode_s
ae07fa,2026-07-21 03:33:41.058068,RCH899,97-0048,7405,29000,35.9,27.3,C-17A Globemaster,126,492,-64,False,mode_s
ae87fc,2026-07-21 03:33:41.058073,UNK C/S,,5624,Unavailable,38.4,-72.4,E-6B TACAMO,,,,False,mode_s
ae0501,2026-07-21 03:33:41.058077,UNK C/S,59-1504,5735,33000,44.7,-61.6,KC-135R Stratotanker,,,,False,mode_s
ae05ad,2026-07-21 03:33:41.058079,UNK C/S,63-8043,Unavailable,37000,48.3,-75.7,KC-135R Stratotanker,,,,False,mode_s
ae1458,2026-07-21 03:33:41.058084,RCH241,06-6154,2761,36975,34.6,-121.7,C-17A Globemaster,,,,False,mode_s
ae08cf,2026-07-21 03:34:41.394592,WOLF01,00-0185,4206,2875,64.80629,-147.779953,C-17A Globemaster,165,185,1408,False,adsb_icao
ae0802,2026-07-21 03:34:41.394615,RCH262,98-0056,4175,5125,38.468136,-121.990623,C-17A Globemaster,36,245,33,False,mlat
ae11e5,2026-07-21 03:34:41.394628,SNTRY61,78-0577,3652,27975,38.410206,-99.801811,E-3G AWACS,177,410,-211,False,mlat
ae0583,2026-07-21 03:34:41.394631,CHILI85,87-0038,0352,4025,29.453781,-98.749443,C-5M Galaxy,2,227,0,False,mlat
ae2fae,2026-07-21 03:34:41.394641,RCH193,08-8202,4021,37000,38.854378,-89.7836,C-17A Globemaster,87,450,-40,False,mlat
ae1242,2026-07-21 03:34:41.394649,RCH339,04-4137,7337,25550,33.717094,-81.384254,C-17A Globemaster,323,410,533,False,mlat
ae07d3,2026-07-21 03:34:41.394655,LIFTR76,90-0534,4260,6000,32.896729,-80.143173,C-17A Globemaster,308,285,64,False,adsb_icao
ae0811,2026-07-21 03:34:41.394661,BEEF22,00-0175,0401,1575,40.086987,-74.607643,C-17A Globemaster,326,227,151,False,mlat
ae05ac,2026-07-21 03:34:41.394666,UNK C/S,63-8029,7271,39000,47.337143,-71.106163,KC-135R Stratotanker,147,516,0,False,mlat
ae0238,2026-07-21 03:34:41.394669,UNK C/S,58-0074,4116,32925,42.437984,-70.005096,KC-135R Stratotanker,86,526,-72,False,mlat
ae1233,2026-07-21 03:34:41.394674,MCFAMC,03-3122,Unavailable,33984,54.838257,-42.428513,C-17A Globemaster,79,,,False,adsc
ae07f1,2026-07-21 03:34:41.394677,MCFAMC,96-0007,2000,31004,50.528698,-37.804813,C-17A Globemaster,66,,,False,adsc
ae1172,2026-07-21 03:34:41.394681,RCH305,02-1100,0135,32000,55.977715,-10.356932,C-17A Globemaster,272,445,0,False,adsb_icao
ae058a,2026-07-21 03:34:41.394684,RCH2038,87-0045,0635,30000,55.544479,-6.306072,C-5M Galaxy,283,436,0,False,mlat
ae146d,2026-07-21 03:34:41.394688,RCH044,07-7175,3540,13750,49.871017,7.545554,C-17A Globemaster,261,330,-579,False,mlat
ae07de,2026-07-21 03:34:41.394691,RCH409,93-0604,2647,32000,49.507977,14.914985,C-17A Globemaster,291,411,0,False,mlat
ae0369,2026-07-21 03:34:41.394695,UNK C/S,63-8024,5331,21000,31.173075,36.632603,KC-135R Stratotanker,,,0,False,mlat
ae07e0,2026-07-21 03:34:41.394717,MOOSE45,94-0066,5406,34000,37.1,26.3,C-17A Globemaster,,,,False,mode_s
800790,2026-07-21 03:34:41.394721,IFC0736,CB-8003,3556,31025,22.4,73.2,C-17A Globemaster,40,456,,False,mode_s
896c2d,2026-07-21 03:34:41.394724,GOLD26,1225,1707,10500,2.8,101.4,C-17A Globemaster,,,,False,mode_s
ae1197,2026-07-21 03:34:41.394727,MOOSE47,03-3114,3301,31000,32.8,31.8,C-17A Globemaster,,,,False,mode_s
ae049b,2026-07-21 03:34:41.394731,UNK C/S,61-0313,1602,21500,27.9,46.8,KC-135R Stratotanker,108,428,0,False,mode_s
ae04cd,2026-07-21 03:34:41.394735,UNK C/S,62-3503,5336,22000,35.3,36.1,KC-135R Stratotanker,339,398,160,False,mode_s
ae07fa,2026-07-21 03:34:41.394739,RCH899,97-0048,7405,29000,36.3,26.8,C-17A Globemaster,126,492,0,False,mode_s
ae87fc,2026-07-21 03:34:41.394744,UNK C/S,,5624,Unavailable,38.1,-73.0,E-6B TACAMO,,,,False,mode_s
ae0501,2026-07-21 03:34:41.394747,UNK C/S,59-1504,5735,33000,45.3,-60.6,KC-135R Stratotanker,,,,False,mode_s
ae05ad,2026-07-21 03:34:41.394750,UNK C/S,63-8043,Unavailable,37000,48.3,-78.6,KC-135R Stratotanker,,,,False,mode_s
ae1458,2026-07-21 03:34:41.394756,RCH241,06-6154,2761,37000,33.9,-123.4,C-17A Globemaster,,,,False,mode_s
ae08cf,2026-07-21 03:35:41.805402,WOLF01,00-0185,4206,2400,64.74646,-147.80896,C-17A Globemaster,204,259,-640,False,adsb_icao
ae0802,2026-07-21 03:35:41.805426,RCH262,98-0056,4175,5150,38.489182,-121.924622,C-17A Globemaster,105,243,-75,False,mlat
ae11e5,2026-07-21 03:35:41.805437,SNTRY61,78-0577,3652,28025,38.312027,-99.758156,E-3G AWACS,147,373,-7,False,mlat
ae0583,2026-07-21 03:35:41.805441,CHILI85,87-0038,0352,3475,29.516264,-98.735352,C-5M Galaxy,10,232,-629,False,mlat
ae2fae,2026-07-21 03:35:41.805448,RCH193,08-8202,4021,37025,38.852154,-89.611359,C-17A Globemaster,88,479,22,False,mlat
ae1242,2026-07-21 03:35:41.805456,RCH339,04-4137,7337,26075,33.792713,-81.473572,C-17A Globemaster,297,396,521,False,mlat
ae07d3,2026-07-21 03:35:41.805462,LIFTR76,90-0534,4260,6000,32.946507,-80.215607,C-17A Globemaster,309,279,0,False,adsb_icao
ae0811,2026-07-21 03:35:41.805467,BEEF22,00-0175,0401,1575,40.069889,-74.617432,C-17A Globemaster,117,237,-17,False,mlat
ae05ac,2026-07-21 03:35:41.805471,UNK C/S,63-8029,7271,39000,47.218185,-70.987663,KC-135R Stratotanker,146,515,0,False,mlat
ae0238,2026-07-21 03:35:41.805475,UNK C/S,58-0074,4116,32925,42.453045,-69.814819,KC-135R Stratotanker,85,527,0,False,mlat
ae1233,2026-07-21 03:35:41.805479,MCFAMC,03-3122,Unavailable,33984,54.838257,-42.428513,C-17A Globemaster,79,,,False,adsc
ae07f1,2026-07-21 03:35:41.805482,MCFAMC,96-0007,2000,31004,50.528698,-37.804813,C-17A Globemaster,66,,,False,adsc
ae1172,2026-07-21 03:35:41.805485,RCH305,02-1100,0135,32000,55.982666,-10.577753,C-17A Globemaster,272,444,0,False,adsb_icao
ae058a,2026-07-21 03:35:41.805489,RCH2038,87-0045,0635,30000,55.573551,-6.513644,C-5M Galaxy,283,436,64,False,mlat
ae146d,2026-07-21 03:35:41.805493,RCH044,07-7175,3540,12675,49.854332,7.410018,C-17A Globemaster,260,291,-1127,False,mlat
ae07de,2026-07-21 03:35:41.805496,RCH409,93-0604,2647,32000,49.551052,14.760573,C-17A Globemaster,292,411,0,False,mlat
ae0369,2026-07-21 03:35:41.805500,UNK C/S,63-8024,5331,21000,31.151224,36.513916,KC-135R Stratotanker,267,401,-75,False,mlat
800790,2026-07-21 03:35:41.805503,IFC0736,CB-8003,3556,31000,24.464767,73.167572,C-17A Globemaster,,,,False,adsb_icao
ae07e0,2026-07-21 03:35:41.805522,MOOSE45,94-0066,5406,34000,37.1,26.2,C-17A Globemaster,,,,False,mode_s
896c2d,2026-07-21 03:35:41.805525,GOLD26,1225,1707,9900,2.8,101.4,C-17A Globemaster,,,,False,mode_s
ae1197,2026-07-21 03:35:41.805529,MOOSE47,03-3114,3301,31000,32.5,31.8,C-17A Globemaster,,,,False,mode_s
ae049b,2026-07-21 03:35:41.805532,UNK C/S,61-0313,1602,21500,27.9,46.8,KC-135R Stratotanker,105,426,-32,False,mode_s
ae04cd,2026-07-21 03:35:41.805536,UNK C/S,62-3503,5336,22025,35.6,36.2,KC-135R Stratotanker,27,398,-32,False,mode_s
ae07fa,2026-07-21 03:35:41.805540,RCH899,97-0048,7405,29000,34.9,31.0,C-17A Globemaster,126,496,0,False,mode_s
ae87fc,2026-07-21 03:35:41.805545,UNK C/S,,5624,Unavailable,38.2,-74.5,E-6B TACAMO,,,,False,mode_s
ae0501,2026-07-21 03:35:41.805548,UNK C/S,59-1504,5735,33000,44.9,-60.7,KC-135R Stratotanker,,,,False,mode_s
ae05ad,2026-07-21 03:35:41.805551,UNK C/S,63-8043,Unavailable,37000,48.3,-76.1,KC-135R Stratotanker,,,,False,mode_s
ae1458,2026-07-21 03:35:41.805556,RCH241,06-6154,2761,37000,38.3,-121.9,C-17A Globemaster,,,,False,mode_s
ae08cf,2026-07-21 03:36:42.250003,WOLF01,00-0185,4206,2325,64.681686,-147.878067,C-17A Globemaster,204,248,-64,False,adsb_icao
ae0802,2026-07-21 03:36:42.250026,RCH262,98-0056,4175,5100,38.46312,-121.867859,C-17A Globemaster,147,193,-389,False,mlat
ae11e5,2026-07-21 03:36:42.250038,SNTRY61,78-0577,3652,28000,38.239487,-99.663414,E-3G AWACS,118,387,79,False,mlat
ae0583,2026-07-21 03:36:42.250042,CHILI85,87-0038,0352,3050,29.567638,-98.707893,C-5M Galaxy,57,212,-26,False,mlat
ae2fae,2026-07-21 03:36:42.250049,RCH193,08-8202,4021,37025,38.847202,-89.426399,C-17A Globemaster,88,498,-17,False,mlat
ae1242,2026-07-21 03:36:42.250058,RCH339,04-4137,7337,26575,33.85358,-81.596359,C-17A Globemaster,300,395,535,False,mlat
ae07d3,2026-07-21 03:36:42.250064,LIFTR76,90-0534,4260,6000,32.996784,-80.286629,C-17A Globemaster,310,281,0,False,adsb_icao
ae0811,2026-07-21 03:36:42.250070,BEEF22,00-0175,0401,1550,40.104057,-74.616798,C-17A Globemaster,278,223,1,False,mlat
ae05ac,2026-07-21 03:36:42.250074,UNK C/S,63-8029,7271,39000,47.093414,-70.865067,KC-135R Stratotanker,146,528,0,False,mlat
ae0238,2026-07-21 03:36:42.250077,UNK C/S,58-0074,4116,32925,42.467617,-69.622482,KC-135R Stratotanker,85,520,25,False,mlat
ae1233,2026-07-21 03:36:42.250081,MCFAMC,03-3122,Unavailable,33984,54.838257,-42.428513,C-17A Globemaster,79,,,False,adsc
ae07f1,2026-07-21 03:36:42.250084,MCFAMC,96-0007,2000,31004,50.528698,-37.804813,C-17A Globemaster,66,,,False,adsc
ae1172,2026-07-21 03:36:42.250087,RCH305,02-1100,0135,32000,55.98735,-10.798359,C-17A Globemaster,272,444,0,False,adsb_icao
ae058a,2026-07-21 03:36:42.250090,RCH2038,87-0045,0635,30000,55.599144,-6.710179,C-5M Galaxy,283,436,0,False,mlat
ae146d,2026-07-21 03:36:42.250093,RCH044,07-7175,3540,11500,49.839046,7.284891,C-17A Globemaster,259,302,-1166,False,mlat
ae07de,2026-07-21 03:36:42.250096,RCH409,93-0604,2647,32000,49.599213,14.58594,C-17A Globemaster,293,415,0,False,mlat
ae0369,2026-07-21 03:36:42.250100,UNK C/S,63-8024,5331,21025,31.129496,36.391216,KC-135R Stratotanker,266,410,-1,False,mlat
ae07e0,2026-07-21 03:36:42.250118,MOOSE45,94-0066,5406,34000,37.1,26.2,C-17A Globemaster,,,,False,mode_s
800790,2026-07-21 03:36:42.250123,IFC0736,CB-8003,3556,31025,22.6,73.7,C-17A Globemaster,,,,False,mode_s
896c2d,2026-07-21 03:36:42.250126,GOLD26,1225,1707,Unavailable,2.7,101.4,C-17A Globemaster,,,,False,mode_s
ae1197,2026-07-21 03:36:42.250129,MOOSE47,03-3114,3301,31000,32.5,31.8,C-17A Globemaster,,,,False,mode_s
ae049b,2026-07-21 03:36:42.250132,UNK C/S,61-0313,1602,21500,27.7,47.2,KC-135R Stratotanker,105,426,0,False,mode_s
ae04cd,2026-07-21 03:36:42.250137,UNK C/S,62-3503,5336,22025,35.5,36.2,KC-135R Stratotanker,113,416,-32,False,mode_s
ae07fa,2026-07-21 03:36:42.250140,RCH899,97-0048,7405,29000,34.8,30.9,C-17A Globemaster,126,494,0,False,mode_s
ae87fc,2026-07-21 03:36:42.250145,UNK C/S,,5624,19500,38.3,-73.0,E-6B TACAMO,,,,False,mode_s
ae0501,2026-07-21 03:36:42.250149,UNK C/S,59-1504,5735,33000,45.5,-60.1,KC-135R Stratotanker,,,,False,mode_s
ae05ad,2026-07-21 03:36:42.250151,UNK C/S,63-8043,Unavailable,37000,48.3,-76.2,KC-135R Stratotanker,,,,False,mode_s
ae1458,2026-07-21 03:36:42.250156,RCH241,06-6154,2761,37000,33.9,-123.4,C-17A Globemaster,,,,False,mode_s
ae08cf,2026-07-21 03:37:42.611412,WOLF01,00-0185,4206,2300,64.676834,-147.995621,C-17A Globemaster,304,213,64,False,adsb_icao
ae0802,2026-07-21 03:37:42.611437,RCH262,98-0056,4175,4050,38.425709,-121.825371,C-17A Globemaster,145,175,-1189,False,mlat
ae11e5,2026-07-21 03:37:42.611451,SNTRY61,78-0577,3652,27975,38.201591,-99.550743,E-3G AWACS,108,388,88,False,mlat
ae0583,2026-07-21 03:37:42.611455,CHILI85,87-0038,0352,3050,29.563507,-98.657494,C-5M Galaxy,151,192,76,False,mlat
ae2fae,2026-07-21 03:37:42.611463,RCH193,08-8202,4021,37000,38.844666,-89.24688,C-17A Globemaster,87,482,12,False,mlat
ae1242,2026-07-21 03:37:42.611471,RCH339,04-4137,7337,27100,33.912975,-81.720413,C-17A Globemaster,296,424,469,False,mlat
ae07d3,2026-07-21 03:37:42.611477,LIFTR76,90-0534,4260,5975,33.047619,-80.357925,C-17A Globemaster,310,280,0,False,adsb_icao
ae0811,2026-07-21 03:37:42.611485,BEEF22,00-0175,0401,1500,40.075413,-74.618958,C-17A Globemaster,102,224,-2,False,mlat
ae05ac,2026-07-21 03:37:42.611489,UNK C/S,63-8029,7271,39000,46.971188,-70.751732,KC-135R Stratotanker,148,529,0,False,mlat
ae0238,2026-07-21 03:37:42.611492,UNK C/S,58-0074,4116,32925,42.482948,-69.416786,KC-135R Stratotanker,83,498,0,False,mlat
ae1233,2026-07-21 03:37:42.611496,MCFAMC,03-3122,Unavailable,33984,54.838257,-42.428513,C-17A Globemaster,79,,,False,adsc
ae07f1,2026-07-21 03:37:42.611499,MCFAMC,96-0007,2000,31004,50.528698,-37.804813,C-17A Globemaster,66,,,False,adsc
ae1172,2026-07-21 03:37:42.611503,RCH305,02-1100,0135,32000,55.991543,-11.019373,C-17A Globemaster,271,444,0,False,adsb_icao
ae058a,2026-07-21 03:37:42.611507,RCH2038,87-0045,0635,30000,55.62756,-6.909316,C-5M Galaxy,283,436,32,False,mlat
ae146d,2026-07-21 03:37:42.611511,RCH044,07-7175,3540,10300,49.823841,7.166251,C-17A Globemaster,259,278,-1185,False,mlat
ae07de,2026-07-21 03:37:42.611514,RCH409,93-0604,2647,32000,49.643856,14.427967,C-17A Globemaster,294,413,0,False,mlat
ae0369,2026-07-21 03:37:42.611519,UNK C/S,63-8024,5331,21000,31.077812,36.296215,KC-135R Stratotanker,236,399,25,False,mlat
ae07e0,2026-07-21 03:37:42.611540,MOOSE45,94-0066,5406,34000,37.2,26.3,C-17A Globemaster,,,,False,mode_s
800790,2026-07-21 03:37:42.611545,IFC0736,CB-8003,3556,31000,22.5,73.5,C-17A Globemaster,41,453,,False,mode_s
ae1197,2026-07-21 03:37:42.611548,MOOSE47,03-3114,3301,31000,32.5,31.9,C-17A Globemaster,,,,False,mode_s
ae049b,2026-07-21 03:37:42.611552,UNK C/S,61-0313,1602,21525,27.7,47.2,KC-135R Stratotanker,106,426,32,False,mode_s
ae04cd,2026-07-21 03:37:42.611555,UNK C/S,62-3503,5336,22000,35.6,36.2,KC-135R Stratotanker,180,406,0,False,mode_s
ae07fa,2026-07-21 03:37:42.611560,RCH899,97-0048,7405,29000,34.9,31.0,C-17A Globemaster,126,496,0,False,mode_s
ae87fc,2026-07-21 03:37:42.611564,UNK C/S,,5624,19500,38.3,-74.5,E-6B TACAMO,,,,False,mode_s
ae0501,2026-07-21 03:37:42.611567,UNK C/S,59-1504,5735,33000,45.8,-59.9,KC-135R Stratotanker,,,,False,mode_s
ae05ad,2026-07-21 03:37:42.611570,UNK C/S,63-8043,Unavailable,37000,48.5,-77.7,KC-135R Stratotanker,,,,False,mode_s
ae1458,2026-07-21 03:37:42.611574,RCH241,06-6154,2761,36975,33.5,-118.1,C-17A Globemaster,,,,False,mode_s
ae08cf,2026-07-21 03:38:42.982881,WOLF01,00-0185,4206,2500,64.715523,-148.03894,C-17A Globemaster,23,158,576,False,adsb_icao
ae0802,2026-07-21 03:38:42.982907,RCH262,98-0056,4175,3000,38.380035,-121.792709,C-17A Globemaster,170,191,-1127,False,mlat
ae11e5,2026-07-21 03:38:42.982921,SNTRY61,78-0577,3652,28000,38.15292,-99.436661,E-3G AWACS,120,361,-56,False,mlat
ae0583,2026-07-21 03:38:42.982925,CHILI85,87-0038,0352,3050,29.521559,-98.6325,C-5M Galaxy,161,178,0,False,mlat
ae2fae,2026-07-21 03:38:42.982934,RCH193,08-8202,4021,37000,38.842068,-89.070496,C-17A Globemaster,91,529,-25,False,mlat
ae1242,2026-07-21 03:38:42.982941,RCH339,04-4137,7337,27625,33.969692,-81.836388,C-17A Globemaster,304,429,531,False,mlat
ae07d3,2026-07-21 03:38:42.982949,LIFTR76,90-0534,4260,5975,33.098602,-80.429367,C-17A Globemaster,310,280,0,False,adsb_icao
ae0811,2026-07-21 03:38:42.982957,BEEF22,00-0175,0401,2175,40.111458,-74.566994,C-17A Globemaster,51,210,534,False,mlat
ae05ac,2026-07-21 03:38:42.982961,UNK C/S,63-8029,7271,39000,46.850544,-70.638733,KC-135R Stratotanker,148,527,0,False,mlat
ae0238,2026-07-21 03:38:42.982965,UNK C/S,58-0074,4116,32925,42.492374,-69.259354,KC-135R Stratotanker,84,515,-53,False,mlat
ae1233,2026-07-21 03:38:42.982971,MCFAMC,03-3122,Unavailable,33984,54.838257,-42.428513,C-17A Globemaster,79,,,False,adsc
ae07f1,2026-07-21 03:38:42.982974,MCFAMC,96-0007,2000,31004,50.528698,-37.804813,C-17A Globemaster,66,,,False,adsc
ae1172,2026-07-21 03:38:42.982978,RCH305,02-1100,0135,32000,55.995346,-11.239014,C-17A Globemaster,271,442,-64,False,adsb_icao
ae058a,2026-07-21 03:38:42.982981,RCH2038,87-0045,0635,30000,55.657417,-7.134325,C-5M Galaxy,283,436,0,False,mlat
ae146d,2026-07-21 03:38:42.982986,RCH044,07-7175,3540,9025,49.80682,7.042912,C-17A Globemaster,261,279,-1362,False,mlat
ae07de,2026-07-21 03:38:42.982989,RCH409,93-0604,2647,32000,49.688587,14.262108,C-17A Globemaster,294,420,0,False,mlat
ae0369,2026-07-21 03:38:42.982994,UNK C/S,63-8024,5331,21000,31.098989,36.119053,KC-135R Stratotanker,265,411,-74,False,mlat
800790,2026-07-21 03:38:42.982998,IFC0736,CB-8003,3556,31025,24.731995,73.420593,C-17A Globemaster,45,455,,False,adsb_icao
ae07e0,2026-07-21 03:38:42.983019,MOOSE45,94-0066,5406,34000,37.0,23.5,C-17A Globemaster,,,,False,mode_s
ae2fa6,2026-07-21 03:38:42.983023,RCH560,08-8194,2204,0,52.4,0.8,C-17A Globemaster,,,,False,mode_s
ae1197,2026-07-21 03:38:42.983027,MOOSE47,03-3114,3301,31000,32.5,31.9,C-17A Globemaster,,,,False,mode_s
ae049b,2026-07-21 03:38:42.983030,UNK C/S,61-0313,1602,21500,28.1,46.5,KC-135R Stratotanker,106,426,-32,False,mode_s
ae04cd,2026-07-21 03:38:42.983034,UNK C/S,62-3503,5336,22000,35.5,36.2,KC-135R Stratotanker,209,392,0,False,mode_s
ae07fa,2026-07-21 03:38:42.983039,RCH899,97-0048,7405,29000,34.9,31.0,C-17A Globemaster,126,494,0,False,mode_s
ae87fc,2026-07-21 03:38:42.983044,UNK C/S,,5624,19500,38.5,-74.4,E-6B TACAMO,,,,False,mode_s
ae0501,2026-07-21 03:38:42.983047,UNK C/S,59-1504,5735,33000,45.7,-59.9,KC-135R Stratotanker,,,,False,mode_s
ae05ad,2026-07-21 03:38:42.983050,UNK C/S,63-8043,Unavailable,37000,48.5,-77.7,KC-135R Stratotanker,,,,False,mode_s
ae1458,2026-07-21 03:38:42.983055,RCH241,06-6154,2761,37000,33.9,-123.4,C-17A Globemaster,,,,False,mode_s
ae08cf,2026-07-21 03:39:43.364084,WOLF01,00-0185,4206,1875,64.750671,-147.980576,C-17A Globemaster,37,158,0,False,adsb_icao
ae0802,2026-07-21 03:39:43.364110,RCH262,98-0056,4175,1975,38.338902,-121.815918,C-17A Globemaster,233,140,-1083,False,mlat
ae11e5,2026-07-21 03:39:43.364123,SNTRY61,78-0577,3652,28000,38.105003,-99.310684,E-3G AWACS,117,370,0,False,mlat
ae0583,2026-07-21 03:39:43.364127,CHILI85,87-0038,0352,2300,29.481943,-98.61792,C-5M Galaxy,165,131,-718,False,mlat
ae2fae,2026-07-21 03:39:43.364136,RCH193,08-8202,4021,37025,38.848995,-88.895897,C-17A Globemaster,80,510,66,False,mlat
ae1242,2026-07-21 03:39:43.364143,RCH339,04-4137,7337,28150,34.029263,-81.96241,C-17A Globemaster,301,445,515,False,mlat
ae07d3,2026-07-21 03:39:43.364148,LIFTR76,90-0534,4260,5975,33.149506,-80.501114,C-17A Globemaster,310,281,0,False,adsb_icao
ae0811,2026-07-21 03:39:43.364156,BEEF22,00-0175,1133,2875,40.156841,-74.501877,C-17A Globemaster,48,237,634,False,mlat
ae05ac,2026-07-21 03:39:43.364161,UNK C/S,63-8029,7271,39000,46.727703,-70.525047,KC-135R Stratotanker,147,524,0,False,mlat
ae0238,2026-07-21 03:39:43.364164,UNK C/S,58-0074,4116,32925,42.508389,-69.043137,KC-135R Stratotanker,85,573,41,False,mlat
ae1233,2026-07-21 03:39:43.364170,MCFAMC,03-3122,Unavailable,33984,54.838257,-42.428513,C-17A Globemaster,79,,,False,adsc
ae07f1,2026-07-21 03:39:43.364173,MCFAMC,96-0007,2000,31004,50.528698,-37.804813,C-17A Globemaster,66,,,False,adsc
ae1172,2026-07-21 03:39:43.364177,RCH305,02-1100,0135,32000,55.998779,-11.459905,C-17A Globemaster,271,443,0,False,adsb_icao
ae058a,2026-07-21 03:39:43.364181,RCH2038,87-0045,0635,30025,55.685539,-7.344312,C-5M Galaxy,283,438,-96,False,mlat
ae2fa6,2026-07-21 03:39:43.364185,RCH560,08-8194,2204,1675,52.441441,0.685325,C-17A Globemaster,81,231,1194,False,mlat
ae146d,2026-07-21 03:39:43.364188,RCH044,07-7175,3540,7625,49.791435,6.924281,C-17A Globemaster,261,283,-1370,False,mlat
ae07de,2026-07-21 03:39:43.364190,RCH409,93-0604,2647,32000,49.732327,14.094577,C-17A Globemaster,291,412,0,False,mlat
ae0369,2026-07-21 03:39:43.364196,UNK C/S,63-8024,5331,21025,31.083178,35.986767,KC-135R Stratotanker,261,412,75,False,mlat
ae07e0,2026-07-21 03:39:43.364218,MOOSE45,94-0066,5406,34000,36.2,24.8,C-17A Globemaster,,,,False,mode_s
800790,2026-07-21 03:39:43.364223,IFC0736,CB-8003,3556,31025,22.4,73.3,C-17A Globemaster,,,,False,mode_s
896c2d,2026-07-21 03:39:43.364226,GOLD26,1225,1707,Unavailable,2.7,101.4,C-17A Globemaster,,,,False,mode_s
ae1197,2026-07-21 03:39:43.364229,MOOSE47,03-3114,3301,Unavailable,32.5,32.0,C-17A Globemaster,,,,False,mode_s
ae049b,2026-07-21 03:39:43.364233,UNK C/S,61-0313,1602,21500,27.7,47.2,KC-135R Stratotanker,106,426,0,False,mode_s
ae04cd,2026-07-21 03:39:43.364237,UNK C/S,62-3503,5336,21425,35.4,36.2,KC-135R Stratotanker,285,394,-64,False,mode_s
ae07fa,2026-07-21 03:39:43.364242,RCH899,97-0048,7405,29000,35.0,30.5,C-17A Globemaster,126,492,-64,False,mode_s
ae87fc,2026-07-21 03:39:43.364246,UNK C/S,,5624,19500,38.2,-74.2,E-6B TACAMO,,,,False,mode_s
ae0501,2026-07-21 03:39:43.364250,UNK C/S,59-1504,5735,33000,45.5,-59.9,KC-135R Stratotanker,,,,False,mode_s
ae05ad,2026-07-21 03:39:43.364253,UNK C/S,63-8043,Unavailable,37000,48.3,-76.9,KC-135R Stratotanker,,,,False,mode_s
ae1458,2026-07-21 03:39:43.364258,RCH241,06-6154,2761,36975,35.7,-120.6,C-17A Globemaster,,,,False,mode_s
ae08cf,2026-07-21 03:40:43.935064,WOLF01,00-0185,4206,1125,64.779922,-147.927399,C-17A Globemaster,38,141,-768,False,adsb_icao
ae1458,2026-07-21 03:40:43.935090,RCH241,06-6154,2761,37000,33.977306,-122.266426,C-17A Globemaster,,,78,False,mlat
ae0802,2026-07-21 03:40:43.935096,RCH262,98-0056,4175,1275,38.317226,-121.847816,C-17A Globemaster,230,112,-609,False,mlat
ae11e5,2026-07-21 03:40:43.935109,SNTRY61,78-0577,3652,28025,38.060501,-99.195442,E-3G AWACS,116,365,76,False,mlat
ae0583,2026-07-21 03:40:43.935114,CHILI85,87-0038,0352,1675,29.448242,-98.603584,C-5M Galaxy,163,120,-619,False,mlat
ae2fae,2026-07-21 03:40:43.935123,RCH193,08-8202,4021,37000,38.884972,-88.732529,C-17A Globemaster,74,485,32,False,mlat
ae1242,2026-07-21 03:40:43.935131,RCH339,04-4137,7337,28650,34.090176,-82.089478,C-17A Globemaster,302,454,518,False,mlat
ae07d3,2026-07-21 03:40:43.935137,LIFTR76,90-0534,4260,6000,33.199799,-80.572105,C-17A Globemaster,310,282,0,False,adsb_icao
ae0811,2026-07-21 03:40:43.935146,BEEF22,00-0175,1133,2975,40.146755,-74.427872,C-17A Globemaster,149,290,0,False,mlat
ae05ac,2026-07-21 03:40:43.935150,UNK C/S,63-8029,7271,39000,46.608185,-70.415703,KC-135R Stratotanker,148,520,0,False,mlat
ae0238,2026-07-21 03:40:43.935153,UNK C/S,58-0074,4116,32950,42.521633,-68.870125,KC-135R Stratotanker,83,491,0,False,mlat
ae1233,2026-07-21 03:40:43.935158,MCFAMC,03-3122,Unavailable,33984,54.838257,-42.428513,C-17A Globemaster,79,,,False,adsc
ae07f1,2026-07-21 03:40:43.935161,MCFAMC,96-0007,2000,31004,50.528698,-37.804813,C-17A Globemaster,66,,,False,adsc
ae1172,2026-07-21 03:40:43.935164,RCH305,02-1100,0135,32000,56.001877,-11.679497,C-17A Globemaster,271,443,0,False,adsb_icao
ae058a,2026-07-21 03:40:43.935168,RCH2038,87-0045,0635,30000,55.713402,-7.562175,C-5M Galaxy,282,436,32,False,mlat
ae2fa6,2026-07-21 03:40:43.935171,RCH560,08-8194,2204,3050,52.43409,0.805747,C-17A Globemaster,104,287,1775,False,mlat
ae146d,2026-07-21 03:40:43.935173,RCH044,07-7175,3540,6350,49.776127,6.802965,C-17A Globemaster,256,290,-1124,False,mlat
ae07de,2026-07-21 03:40:43.935176,RCH409,93-0604,2647,32000,49.776428,13.93419,C-17A Globemaster,292,415,0,False,mlat
ae0369,2026-07-21 03:40:43.935181,UNK C/S,63-8024,5331,21000,31.073269,35.858711,KC-135R Stratotanker,266,405,-75,False,mlat
ae07e0,2026-07-21 03:40:43.935202,MOOSE45,94-0066,5406,34000,37.1,25.9,C-17A Globemaster,,,,False,mode_s
800790,2026-07-21 03:40:43.935207,IFC0736,CB-8003,3556,Unavailable,22.4,73.3,C-17A Globemaster,,,,False,mode_s
ae1197,2026-07-21 03:40:43.935211,MOOSE47,03-3114,3301,Unavailable,32.5,32.2,C-17A Globemaster,,,,False,mode_s
ae049b,2026-07-21 03:40:43.935214,UNK C/S,61-0313,1602,21500,27.9,46.8,KC-135R Stratotanker,106,426,64,False,mode_s
ae07fa,2026-07-21 03:40:43.935219,RCH899,97-0048,7405,29000,34.9,31.0,C-17A Globemaster,126,488,0,False,mode_s
ae87fc,2026-07-21 03:40:43.935224,UNK C/S,,5624,19500,38.2,-74.6,E-6B TACAMO,,,,False,mode_s
ae0501,2026-07-21 03:40:43.935228,UNK C/S,59-1504,5735,33000,45.7,-59.9,KC-135R Stratotanker,,,,False,mode_s
ae05ad,2026-07-21 03:40:43.935231,UNK C/S,63-8043,Unavailable,37000,48.3,-76.9,KC-135R Stratotanker,,,,False,mode_s
ae08cf,2026-07-21 03:41:44.407037,WOLF01,00-0185,4206,450,64.809128,-147.873993,C-17A Globemaster,38,135,-64,False,adsb_icao
ae1458,2026-07-21 03:41:44.407061,RCH241,06-6154,2761,37000,33.972012,-122.114433,C-17A Globemaster,,,-77,False,mlat
ae0802,2026-07-21 03:41:44.407066,RCH262,98-0056,4175,550,38.295082,-121.878792,C-17A Globemaster,225,110,-652,False,mlat
ae11e5,2026-07-21 03:41:44.407080,SNTRY61,78-0577,3652,27900,38.018093,-99.08873,E-3G AWACS,116,349,-214,False,mlat
ae0583,2026-07-21 03:41:44.407084,CHILI85,87-0038,0352,1050,29.410898,-98.591217,C-5M Galaxy,161,165,-603,False,mlat
ae2fae,2026-07-21 03:41:44.407094,RCH193,08-8202,4021,37000,38.919586,-88.574883,C-17A Globemaster,72,476,23,False,mlat
ae1242,2026-07-21 03:41:44.407102,RCH339,04-4137,7337,29175,34.149845,-82.216339,C-17A Globemaster,298,434,528,False,mlat
ae07d3,2026-07-21 03:41:44.407107,LIFTR76,90-0534,4260,6000,33.251312,-80.645035,C-17A Globemaster,309,281,64,False,adsb_icao
ae0811,2026-07-21 03:41:44.407114,BEEF22,00-0175,1133,3850,40.098949,-74.366318,C-17A Globemaster,134,250,1014,False,mlat
ae05ac,2026-07-21 03:41:44.407117,UNK C/S,63-8029,7271,38850,46.48613,-70.288628,KC-135R Stratotanker,133,502,-361,False,mlat
ae0238,2026-07-21 03:41:44.407121,UNK C/S,58-0074,4116,32950,42.535393,-68.650642,KC-135R Stratotanker,85,515,58,False,mlat
ae1233,2026-07-21 03:41:44.407126,MCFAMC,03-3122,Unavailable,33984,54.838257,-42.428513,C-17A Globemaster,79,,,False,adsc
ae07f1,2026-07-21 03:41:44.407129,MCFAMC,96-0007,2000,31004,50.528698,-37.804813,C-17A Globemaster,66,,,False,adsc
ae1172,2026-07-21 03:41:44.407132,RCH305,02-1100,0135,32000,56.004532,-11.900082,C-17A Globemaster,271,441,64,False,adsb_icao
ae058a,2026-07-21 03:41:44.407136,RCH2038,87-0045,0635,30025,55.739326,-7.771515,C-5M Galaxy,282,440,-32,False,mlat
ae2fa6,2026-07-21 03:41:44.407140,RCH560,08-8194,2204,5350,52.417477,0.931233,C-17A Globemaster,103,283,2219,False,mlat
ae146d,2026-07-21 03:41:44.407142,RCH044,07-7175,3540,5300,49.762196,6.685534,C-17A Globemaster,263,263,-1008,False,mlat
ae07de,2026-07-21 03:41:44.407145,RCH409,93-0604,2647,32000,49.821354,13.768988,C-17A Globemaster,293,414,0,False,mlat
ae0369,2026-07-21 03:41:44.407150,UNK C/S,63-8024,5331,21000,31.056816,35.734478,KC-135R Stratotanker,263,331,75,False,mlat
896c2d,2026-07-21 03:41:44.407171,GOLD26,1225,1707,4075,2.5,101.9,C-17A Globemaster,,,,False,mode_s
ae0501,2026-07-21 03:41:44.407175,UNK C/S,59-1504,5735,33000,46.2,-59.9,KC-135R Stratotanker,,,,False,mode_s
ae07e0,2026-07-21 03:41:44.407179,MOOSE45,94-0066,5406,34000,37.2,26.3,C-17A Globemaster,,,,False,mode_s
ae05ad,2026-07-21 03:41:44.407182,UNK C/S,63-8043,Unavailable,5829,48.3,-76.8,KC-135R Stratotanker,,,,False,mode_s
ae049b,2026-07-21 03:41:44.407185,UNK C/S,61-0313,1602,21525,28.1,46.5,KC-135R Stratotanker,106,426,0,False,mode_s
ae87fc,2026-07-21 03:41:44.407189,UNK C/S,,5624,19500,38.1,-73.7,E-6B TACAMO,,,,False,mode_s
ae07fa,2026-07-21 03:41:44.407195,RCH899,97-0048,7405,29000,34.8,30.9,C-17A Globemaster,126,490,64,False,mode_s
ae08cf,2026-07-21 03:42:44.904720,WOLF01,00-0185,4206,2225,64.838699,-147.790024,C-17A Globemaster,66,224,1920,False,adsb_icao
ae1458,2026-07-21 03:42:44.904744,RCH241,06-6154,2761,36975,33.944981,-122.014343,C-17A Globemaster,,,24,False,mlat
ae11e5,2026-07-21 03:42:44.904758,SNTRY61,78-0577,3652,27875,37.96833,-98.966408,E-3G AWACS,116,353,-305,False,mlat
ae0583,2026-07-21 03:42:44.904761,CHILI85,87-0038,0352,2850,29.373302,-98.578186,C-5M Galaxy,170,151,2400,False,mlat
ae2fae,2026-07-21 03:42:44.904771,RCH193,08-8202,4021,37025,38.959278,-88.392906,C-17A Globemaster,74,474,63,False,mlat
ae1242,2026-07-21 03:42:44.904779,RCH339,04-4137,7337,29700,34.21389,-82.352142,C-17A Globemaster,300,451,454,False,mlat
ae07d3,2026-07-21 03:42:44.904784,LIFTR76,90-0534,4260,6000,33.301983,-80.716835,C-17A Globemaster,310,283,0,False,adsb_icao
ae0811,2026-07-21 03:42:44.904791,BEEF22,00-0175,1133,4850,40.046452,-74.30085,C-17A Globemaster,138,277,1010,False,mlat
ae05ac,2026-07-21 03:42:44.904795,UNK C/S,63-8029,7271,36675,46.39502,-70.137032,KC-135R Stratotanker,130,503,-2216,False,mlat
ae0238,2026-07-21 03:42:44.904798,UNK C/S,58-0074,4116,32950,42.548279,-68.490021,KC-135R Stratotanker,85,518,75,False,mlat
ae1233,2026-07-21 03:42:44.904802,MCFAMC,03-3122,Unavailable,33984,54.838257,-42.428513,C-17A Globemaster,79,,,False,adsc
ae1172,2026-07-21 03:42:44.904805,RCH305,02-1100,0135,32000,56.006699,-12.117837,C-17A Globemaster,271,444,0,False,adsb_icao
ae058a,2026-07-21 03:42:44.904808,RCH2038,87-0045,0635,30000,55.766033,-7.982027,C-5M Galaxy,282,440,0,False,mlat
ae2fa6,2026-07-21 03:42:44.904811,RCH560,08-8194,2204,7600,52.398247,1.065006,C-17A Globemaster,102,298,2151,False,mlat
ae146d,2026-07-21 03:42:44.904814,RCH044,07-7175,3540,4300,49.777489,6.579078,C-17A Globemaster,294,266,-1007,False,mlat
ae07de,2026-07-21 03:42:44.904817,RCH409,93-0604,2647,32000,49.864925,13.603023,C-17A Globemaster,291,424,0,False,mlat
ae0369,2026-07-21 03:42:44.904821,UNK C/S,63-8024,5331,21000,31.035587,35.60014,KC-135R Stratotanker,257,385,-1,False,mlat
896c2d,2026-07-21 03:42:44.904841,GOLD26,1225,1707,Unavailable,2.7,101.4,C-17A Globemaster,,,,False,mode_s
ae0501,2026-07-21 03:42:44.904845,UNK C/S,59-1504,5735,33000,45.9,-59.7,KC-135R Stratotanker,,,,False,mode_s
ae07e0,2026-07-21 03:42:44.904848,MOOSE45,94-0066,5406,34000,37.2,25.8,C-17A Globemaster,,,,False,mode_s
ae05ad,2026-07-21 03:42:44.904851,UNK C/S,63-8043,Unavailable,Unavailable,48.3,-76.2,KC-135R Stratotanker,,,,False,mode_s
ae049b,2026-07-21 03:42:44.904855,UNK C/S,61-0313,1602,21500,27.7,47.2,KC-135R Stratotanker,106,426,-64,False,mode_s
ae062d,2026-07-21 03:42:44.904859,UNK C/S,62-3571,7235,37000,48.3,-76.2,KC-135R Stratotanker,,,,False,mode_s
ae87fc,2026-07-21 03:42:44.904864,UNK C/S,,5624,19500,38.1,-74.5,E-6B TACAMO,,,,False,mode_s
ae0562,2026-07-21 03:42:44.904866,UNK C/S,85-0005,Unavailable,Unavailable,53.0,9.8,C-5M Galaxy,,,,False,mode_s
ae07fa,2026-07-21 03:42:44.904871,RCH899,97-0048,7405,29000,34.9,31.0,C-17A Globemaster,126,490,0,False,mode_s
ae08cf,2026-07-21 03:43:45.287687,WOLF01,00-0185,4206,6225,64.877106,-147.649506,C-17A Globemaster,20,277,4224,False,adsb_icao
ae1458,2026-07-21 03:43:45.287706,RCH241,06-6154,2761,37000,33.919754,-121.880867,C-17A Globemaster,,,-14,False,mlat
ae11e5,2026-07-21 03:43:45.287721,SNTRY61,78-0577,3652,28050,37.959835,-98.845848,E-3G AWACS,76,366,99,False,mlat
ae0583,2026-07-21 03:43:45.287725,CHILI85,87-0038,0352,3000,29.33004,-98.593773,C-5M Galaxy,252,273,-25,False,mlat
ae2fae,2026-07-21 03:43:45.287735,RCH193,08-8202,4021,37000,38.992966,-88.235474,C-17A Globemaster,75,495,-9,False,mlat
ae1242,2026-07-21 03:43:45.287743,RCH339,04-4137,7337,30225,34.275631,-82.4869,C-17A Globemaster,297,468,507,False,mlat
ae07d3,2026-07-21 03:43:45.287748,LIFTR76,90-0534,4260,5975,33.374882,-80.724403,C-17A Globemaster,9,255,192,False,adsb_icao
ae0811,2026-07-21 03:43:45.287759,BEEF22,00-0175,1133,4975,39.985416,-74.334694,C-17A Globemaster,222,233,76,False,mlat
ae05ac,2026-07-21 03:43:45.287763,UNK C/S,63-8029,7271,34175,46.316959,-69.996407,KC-135R Stratotanker,129,507,-2262,False,mlat
ae1233,2026-07-21 03:43:45.287767,MCFAMC,03-3122,Unavailable,33984,54.838257,-42.428513,C-17A Globemaster,79,,,False,adsc
ae1172,2026-07-21 03:43:45.287771,RCH305,02-1100,0135,32000,56.008621,-12.341642,C-17A Globemaster,270,441,-64,False,adsb_icao
ae058a,2026-07-21 03:43:45.287774,RCH2038,87-0045,0635,30000,55.791969,-8.183689,C-5M Galaxy,282,438,32,False,mlat
ae2fa6,2026-07-21 03:43:45.287778,RCH560,08-8194,2204,9700,52.376289,1.193135,C-17A Globemaster,109,308,1884,False,mlat
ae146d,2026-07-21 03:43:45.287781,RCH044,07-7175,3540,3300,49.814629,6.498449,C-17A Globemaster,330,255,-994,False,mlat
ae07de,2026-07-21 03:43:45.287784,RCH409,93-0604,2647,32000,49.906933,13.4406,C-17A Globemaster,292,415,0,False,mlat
ae0369,2026-07-21 03:43:45.287787,UNK C/S,63-8024,5331,21000,31.023342,35.47987,KC-135R Stratotanker,269,380,-6,False,mlat
ae0238,2026-07-21 03:43:45.287809,UNK C/S,58-0074,4116,32925,42.5,-69.7,KC-135R Stratotanker,,,,False,mode_s
896c2d,2026-07-21 03:43:45.287814,GOLD26,1225,1707,Unavailable,2.8,101.7,C-17A Globemaster,,,,False,mode_s
ae0501,2026-07-21 03:43:45.287818,UNK C/S,59-1504,5735,33000,45.5,-59.6,KC-135R Stratotanker,,,,False,mode_s
ae07e0,2026-07-21 03:43:45.287822,MOOSE45,94-0066,5406,34000,37.0,23.5,C-17A Globemaster,,,,False,mode_s
ae05ad,2026-07-21 03:43:45.287825,UNK C/S,63-8043,Unavailable,Unavailable,48.7,-72.3,KC-135R Stratotanker,,,,False,mode_s
ae049b,2026-07-21 03:43:45.287829,UNK C/S,61-0313,1602,21525,27.1,46.8,KC-135R Stratotanker,106,424,0,False,mode_s
ae062d,2026-07-21 03:43:45.287833,UNK C/S,62-3571,7235,37000,48.3,-76.2,KC-135R Stratotanker,,,,False,mode_s
ae87fc,2026-07-21 03:43:45.287837,UNK C/S,,5624,19500,38.1,-73.4,E-6B TACAMO,,,,False,mode_s
ae07fa,2026-07-21 03:43:45.287842,RCH899,97-0048,7405,29000,34.5,29.9,C-17A Globemaster,126,492,32,False,mode_s
ae08cf,2026-07-21 03:44:45.696028,WOLF01,00-0185,4206,10300,64.934464,-147.75589,C-17A Globemaster,284,302,4224,False,adsb_icao
ae1458,2026-07-21 03:44:45.696049,RCH241,06-6154,2761,36975,33.883228,-121.661148,C-17A Globemaster,97,399,-33,False,mlat
ae11e5,2026-07-21 03:44:45.696060,SNTRY61,78-0577,3652,28025,38.004089,-98.720695,E-3G AWACS,51,361,-70,False,mlat
ae0583,2026-07-21 03:44:45.696063,CHILI85,87-0038,0352,3000,29.307922,-98.655869,C-5M Galaxy,242,230,0,False,mlat
ae2fae,2026-07-21 03:44:45.696072,RCH193,08-8202,4021,37025,39.031143,-88.061699,C-17A Globemaster,72,473,52,False,mlat
ae1242,2026-07-21 03:44:45.696078,RCH339,04-4137,7337,30725,34.336521,-82.61216,C-17A Globemaster,297,439,468,False,mlat
ae07d3,2026-07-21 03:44:45.696083,LIFTR76,90-0534,4260,5875,33.443527,-80.712601,C-17A Globemaster,8,250,0,False,adsb_icao
ae0811,2026-07-21 03:44:45.696091,BEEF22,00-0175,1133,4975,39.931255,-74.380417,C-17A Globemaster,210,250,0,False,mlat
ae05ac,2026-07-21 03:44:45.696093,UNK C/S,63-8029,7271,31275,46.211403,-69.874168,KC-135R Stratotanker,156,501,-3540,False,mlat
ae0238,2026-07-21 03:44:45.696097,UNK C/S,58-0074,4116,32950,42.559814,-68.103653,KC-135R Stratotanker,92,556,0,False,mlat
ae1233,2026-07-21 03:44:45.696101,MCFAMC,03-3122,Unavailable,33984,54.838257,-42.428513,C-17A Globemaster,79,,,False,adsc
ae1172,2026-07-21 03:44:45.696104,RCH305,02-1100,0135,32000,56.01004,-12.559537,C-17A Globemaster,270,440,-128,False,adsb_icao
ae058a,2026-07-21 03:44:45.696106,RCH2038,87-0045,0635,30000,55.817154,-8.396358,C-5M Galaxy,282,438,-32,False,mlat
ae2fa6,2026-07-21 03:44:45.696110,RCH560,08-8194,2204,10725,52.348007,1.334614,C-17A Globemaster,107,353,777,False,mlat
ae146d,2026-07-21 03:44:45.696112,RCH044,07-7175,3540,2750,49.864563,6.518633,C-17A Globemaster,53,205,-80,False,mlat
ae07de,2026-07-21 03:44:45.696115,RCH409,93-0604,2647,32000,49.956268,13.256884,C-17A Globemaster,291,418,0,False,mlat
ae0369,2026-07-21 03:44:45.696119,UNK C/S,63-8024,5331,21025,31.098743,35.372372,KC-135R Stratotanker,337,453,0,False,mlat
896c2d,2026-07-21 03:44:45.696137,GOLD26,1225,1707,2600,2.5,101.9,C-17A Globemaster,,,,False,mode_s
ae0501,2026-07-21 03:44:45.696141,UNK C/S,59-1504,5735,33000,45.8,-59.7,KC-135R Stratotanker,,,,False,mode_s
ae07e0,2026-07-21 03:44:45.696145,MOOSE45,94-0066,5406,34000,36.2,24.8,C-17A Globemaster,,,,False,mode_s
ae05ad,2026-07-21 03:44:45.696148,UNK C/S,63-8043,Unavailable,Unavailable,48.3,-79.2,KC-135R Stratotanker,,,,False,mode_s
ae049b,2026-07-21 03:44:45.696152,UNK C/S,61-0313,1602,21500,27.1,46.8,KC-135R Stratotanker,106,424,96,False,mode_s
ae062d,2026-07-21 03:44:45.696156,UNK C/S,62-3571,7235,37000,48.3,-76.2,KC-135R Stratotanker,,,,False,mode_s
ae87fc,2026-07-21 03:44:45.696159,UNK C/S,,5624,19500,38.1,-72.5,E-6B TACAMO,,,,False,mode_s
ae07fa,2026-07-21 03:44:45.696163,RCH899,97-0048,7405,29000,34.9,31.0,C-17A Globemaster,126,492,-64,False,mode_s
ae08cf,2026-07-21 03:45:46.084267,WOLF01,00-0185,4206,12675,64.898346,-147.948044,C-17A Globemaster,237,367,1152,False,adsb_icao
ae1458,2026-07-21 03:45:46.084288,RCH241,06-6154,2761,36975,33.877033,-121.543442,C-17A Globemaster,91,537,-41,False,mlat
ae0583,2026-07-21 03:45:46.084297,CHILI85,87-0038,0352,3025,29.333609,-98.709641,C-5M Galaxy,353,320,76,False,mlat
ae11e5,2026-07-21 03:45:46.084301,SNTRY61,78-0577,3652,28050,38.088417,-98.641861,E-3G AWACS,20,395,76,False,mlat
ae2fae,2026-07-21 03:45:46.084309,RCH193,08-8202,4021,37025,39.063961,-87.908089,C-17A Globemaster,74,476,74,False,mlat
ae1242,2026-07-21 03:45:46.084317,RCH339,04-4137,7337,31250,34.396931,-82.746048,C-17A Globemaster,300,454,513,False,mlat
ae07d3,2026-07-21 03:45:46.084322,LIFTR76,90-0534,4260,4450,33.511963,-80.699417,C-17A Globemaster,9,243,-1536,False,adsb_icao
ae0811,2026-07-21 03:45:46.084355,BEEF22,00-0175,1133,4950,39.868736,-74.428589,C-17A Globemaster,210,264,-17,False,mlat
ae05ac,2026-07-21 03:45:46.084361,UNK C/S,63-8029,7271,28925,46.08596,-69.77948,KC-135R Stratotanker,154,490,-2372,False,mlat
ae0238,2026-07-21 03:45:46.084365,UNK C/S,58-0074,4116,32925,42.572216,-67.835907,KC-135R Stratotanker,87,594,70,False,mlat
ae1233,2026-07-21 03:45:46.084371,MCFAMC,03-3122,Unavailable,33984,54.838257,-42.428513,C-17A Globemaster,79,,,False,adsc
ae1172,2026-07-21 03:45:46.084375,RCH305,02-1100,0135,32000,56.011139,-12.776101,C-17A Globemaster,270,440,-64,False,adsb_icao
ae058a,2026-07-21 03:45:46.084379,RCH2038,87-0045,0635,30000,55.843681,-8.62172,C-5M Galaxy,278,440,32,False,mlat
ae2fa6,2026-07-21 03:45:46.084382,RCH560,08-8194,2204,12700,52.317432,1.490436,C-17A Globemaster,105,358,1973,False,mlat
ae146d,2026-07-21 03:45:46.084386,RCH044,07-7175,3540,2775,49.891926,6.565963,C-17A Globemaster,37,152,52,False,mlat
ae07de,2026-07-21 03:45:46.084388,RCH409,93-0604,2647,32000,50.000317,13.087491,C-17A Globemaster,293,427,0,False,mlat
ae0369,2026-07-21 03:45:46.084393,UNK C/S,63-8024,5331,21025,31.215443,35.379768,KC-135R Stratotanker,14,403,0,False,mlat
896c2d,2026-07-21 03:45:46.084413,GOLD26,1225,1707,2550,2.8,101.4,C-17A Globemaster,,,,False,mode_s
ae0501,2026-07-21 03:45:46.084418,UNK C/S,59-1504,5735,33000,45.5,-59.6,KC-135R Stratotanker,,,,False,mode_s
ae07e0,2026-07-21 03:45:46.084421,MOOSE45,94-0066,5406,34000,36.2,24.8,C-17A Globemaster,,,,False,mode_s
ae05ad,2026-07-21 03:45:46.084424,UNK C/S,63-8043,Unavailable,Unavailable,48.3,-79.3,KC-135R Stratotanker,,,,False,mode_s
ae049b,2026-07-21 03:45:46.084427,UNK C/S,61-0313,1602,21500,27.7,47.2,KC-135R Stratotanker,106,424,32,False,mode_s
ae062d,2026-07-21 03:45:46.084430,UNK C/S,62-3571,7235,37000,48.3,-76.4,KC-135R Stratotanker,,,,False,mode_s
ae87fc,2026-07-21 03:45:46.084435,UNK C/S,,5624,19500,38.1,-71.9,E-6B TACAMO,,,,False,mode_s
ae1179,2026-07-21 03:45:46.084438,RCH213,02-1107,2153,Unavailable,26.7,-80.0,C-17A Globemaster,,,,False,mode_s
ae07fa,2026-07-21 03:45:46.084443,RCH899,97-0048,7405,29000,34.9,31.0,C-17A Globemaster,126,492,-64,False,mode_s
ae08cf,2026-07-21 03:46:46.479925,WOLF01,00-0185,4206,15950,64.841583,-148.161072,C-17A Globemaster,237,390,3840,False,adsb_icao
ae1458,2026-07-21 03:46:46.479952,RCH241,06-6154,2761,36975,33.848312,-121.379303,C-17A Globemaster,96,458,0,False,mlat
ae0583,2026-07-21 03:46:46.479964,CHILI85,87-0038,0352,3025,29.396883,-98.731033,C-5M Galaxy,342,219,0,False,mlat
ae11e5,2026-07-21 03:46:46.479968,SNTRY61,78-0577,3652,27450,38.192818,-98.635689,E-3G AWACS,337,384,-1248,False,mlat
ae2fae,2026-07-21 03:46:46.479980,RCH193,08-8202,4021,37025,39.101364,-87.730789,C-17A Globemaster,77,487,74,False,mlat
ae1242,2026-07-21 03:46:46.479988,RCH339,04-4137,7337,31775,34.464561,-82.885796,C-17A Globemaster,300,447,510,False,mlat
ae07d3,2026-07-21 03:46:46.479994,LIFTR76,90-0534,4260,2850,33.578781,-80.686226,C-17A Globemaster,4,241,-1664,False,adsb_icao
ae0811,2026-07-21 03:46:46.480005,BEEF22,00-0175,1133,4975,39.801437,-74.47818,C-17A Globemaster,209,272,64,False,mlat
ae05ac,2026-07-21 03:46:46.480009,UNK C/S,63-8029,7271,26700,45.965992,-69.688049,KC-135R Stratotanker,151,455,-2244,False,mlat
ae1233,2026-07-21 03:46:46.480013,MCFAMC,03-3122,Unavailable,33984,54.838257,-42.428513,C-17A Globemaster,79,,,False,adsc
ae1172,2026-07-21 03:46:46.480016,RCH305,02-1100,0135,32000,56.011841,-12.99777,C-17A Globemaster,270,440,0,False,adsb_icao
ae058a,2026-07-21 03:46:46.480020,RCH2038,87-0045,0635,30000,55.845615,-8.832192,C-5M Galaxy,273,442,0,False,mlat
ae2fa6,2026-07-21 03:46:46.480024,RCH560,08-8194,2204,14475,52.285667,1.647134,C-17A Globemaster,111,371,1703,False,mlat
ae146d,2026-07-21 03:46:46.480027,RCH044,07-7175,3540,2275,49.916866,6.604714,C-17A Globemaster,44,114,-576,False,mlat
ae07de,2026-07-21 03:46:46.480031,RCH409,93-0604,2647,32000,50.044037,12.917189,C-17A Globemaster,291,426,0,False,mlat
ae07e0,2026-07-21 03:46:46.480034,MOOSE45,94-0066,5406,34000,37.378769,26.042185,C-17A Globemaster,,,0,False,mlat
ae0369,2026-07-21 03:46:46.480038,UNK C/S,63-8024,5331,21000,31.337406,35.393654,KC-135R Stratotanker,2,446,2,False,mlat
ae0238,2026-07-21 03:46:46.480061,UNK C/S,58-0074,4116,32950,43.1,-69.2,KC-135R Stratotanker,,,,False,mode_s
896c2d,2026-07-21 03:46:46.480065,GOLD26,1225,1707,1800,3.0,101.2,C-17A Globemaster,,,,False,mode_s
ae0501,2026-07-21 03:46:46.480070,UNK C/S,59-1504,5735,33000,45.8,-59.7,KC-135R Stratotanker,,,,False,mode_s
ae05ad,2026-07-21 03:46:46.480074,UNK C/S,63-8043,Unavailable,Unavailable,48.3,-79.1,KC-135R Stratotanker,,,,False,mode_s
ae049b,2026-07-21 03:46:46.480077,UNK C/S,61-0313,1602,21525,27.7,47.2,KC-135R Stratotanker,106,422,64,False,mode_s
ae062d,2026-07-21 03:46:46.480081,UNK C/S,62-3571,7235,37000,48.3,-79.1,KC-135R Stratotanker,,,,False,mode_s
ae123a,2026-07-21 03:46:46.480085,UNK C/S,04-4128,Unavailable,Unavailable,49.6,7.1,C-17A Globemaster,,,,False,mode_s
ae87fc,2026-07-21 03:46:46.480088,UNK C/S,,5624,Unavailable,38.0,-71.2,E-6B TACAMO,,,,False,mode_s
ae1179,2026-07-21 03:46:46.480091,RCH213,02-1107,2153,Unavailable,26.5,-79.6,C-17A Globemaster,,,,False,mode_s
ae07fa,2026-07-21 03:46:46.480096,RCH899,97-0048,7405,29000,31.8,32.7,C-17A Globemaster,127,490,-32,False,mode_s
ae08cf,2026-07-21 03:47:46.871601,WOLF01,00-0185,4206,19500,64.782516,-148.379288,C-17A Globemaster,237,401,2752,False,adsb_icao
ae1458,2026-07-21 03:47:46.871622,RCH241,06-6154,2761,37000,33.823338,-121.202759,C-17A Globemaster,108,459,0,False,mlat
ae0583,2026-07-21 03:47:46.871634,CHILI85,87-0038,0352,3000,29.453604,-98.751968,C-5M Galaxy,344,197,-11,False,mlat
ae11e5,2026-07-21 03:47:46.871637,SNTRY61,78-0577,3652,25900,38.285786,-98.685455,E-3G AWACS,325,378,-1612,False,mlat
ae2fae,2026-07-21 03:47:46.871646,RCH193,08-8202,4021,37000,39.136158,-87.565323,C-17A Globemaster,73,501,35,False,mlat
ae1242,2026-07-21 03:47:46.871652,RCH339,04-4137,7337,32000,34.523857,-83.015671,C-17A Globemaster,300,465,0,False,mlat
ae07d3,2026-07-21 03:47:46.871657,LIFTR76,90-0534,4260,2000,33.605301,-80.74295,C-17A Globemaster,273,215,-1280,False,adsb_icao
ae0811,2026-07-21 03:47:46.871665,BEEF22,00-0175,1133,4975,39.738724,-74.525253,C-17A Globemaster,212,256,66,False,mlat
ae05ac,2026-07-21 03:47:46.871668,UNK C/S,63-8029,7271,24675,45.853157,-69.602921,KC-135R Stratotanker,151,437,-2425,False,mlat
ae1233,2026-07-21 03:47:46.871672,MCFAMC,03-3122,Unavailable,33984,54.838257,-42.428513,C-17A Globemaster,79,,,False,adsc
ae1172,2026-07-21 03:47:46.871676,RCH305,02-1100,0135,32000,56.012146,-13.206648,C-17A Globemaster,270,439,0,False,adsb_icao
ae058a,2026-07-21 03:47:46.871679,RCH2038,87-0045,0635,30000,55.860199,-9.060541,C-5M Galaxy,274,442,0,False,mlat
ae2fa6,2026-07-21 03:47:46.871682,RCH560,08-8194,2204,16250,52.253345,1.809523,C-17A Globemaster,109,374,1755,False,mlat
ae146d,2026-07-21 03:47:46.871685,RCH044,07-7175,3540,1650,49.92532,6.617476,C-17A Globemaster,44,118,-624,False,mlat
ae07de,2026-07-21 03:47:46.871688,RCH409,93-0604,2647,32000,50.081406,12.749253,C-17A Globemaster,282,423,0,False,mlat
ae07e0,2026-07-21 03:47:46.871691,MOOSE45,94-0066,5406,34000,37.457565,26.003235,C-17A Globemaster,,,0,False,mlat
ae0369,2026-07-21 03:47:46.871694,UNK C/S,63-8024,5331,21025,31.45433,35.421898,KC-135R Stratotanker,8,443,11,False,mlat
ae0238,2026-07-21 03:47:46.871714,UNK C/S,58-0074,4116,32925,44.0,-68.2,KC-135R Stratotanker,,,,False,mode_s
896c2d,2026-07-21 03:47:46.871718,GOLD26,1225,1707,1100,2.8,101.7,C-17A Globemaster,,,,False,mode_s
ae1197,2026-07-21 03:47:46.871723,MOOSE47,03-3114,3301,Unavailable,31.8,32.4,C-17A Globemaster,,,,False,mode_s
ae0501,2026-07-21 03:47:46.871726,UNK C/S,59-1504,5735,33000,46.0,-59.8,KC-135R Stratotanker,,,,False,mode_s
ae05ad,2026-07-21 03:47:46.871729,UNK C/S,63-8043,Unavailable,Unavailable,48.7,-72.3,KC-135R Stratotanker,,,,False,mode_s
ae049b,2026-07-21 03:47:46.871732,UNK C/S,61-0313,1602,21500,27.7,47.2,KC-135R Stratotanker,106,422,-96,False,mode_s
ae062d,2026-07-21 03:47:46.871735,UNK C/S,62-3571,7235,37000,48.3,-76.4,KC-135R Stratotanker,,,,False,mode_s
ae87fc,2026-07-21 03:47:46.871740,UNK C/S,,5624,Unavailable,38.0,-71.1,E-6B TACAMO,,,,False,mode_s
ae1179,2026-07-21 03:47:46.871744,RCH213,02-1107,2153,32000,26.5,-79.6,C-17A Globemaster,313,436,,False,mode_s
ae07fa,2026-07-21 03:47:46.871747,RCH899,97-0048,7405,29000,31.8,32.4,C-17A Globemaster,141,482,-96,False,mode_s
ae08cf,2026-07-21 03:48:47.260201,WOLF01,00-0185,4206,21900,64.720367,-148.605881,C-17A Globemaster,237,423,1152,False,adsb_icao
ae1458,2026-07-21 03:48:47.260225,RCH241,06-6154,2761,36975,33.804527,-121.052788,C-17A Globemaster,98,476,-75,False,mlat
ae11e5,2026-07-21 03:48:47.260237,SNTRY61,78-0577,3652,22325,38.353207,-98.799362,E-3G AWACS,294,361,-3864,False,mlat
ae0583,2026-07-21 03:48:47.260240,CHILI85,87-0038,0352,3050,29.506615,-98.768623,C-5M Galaxy,346,208,0,False,mlat
ae2fae,2026-07-21 03:48:47.260252,RCH193,08-8202,4021,37000,39.171299,-87.397179,C-17A Globemaster,73,489,-57,False,mlat
ae1242,2026-07-21 03:48:47.260260,RCH339,04-4137,7337,32000,34.58886,-83.153099,C-17A Globemaster,300,445,0,False,mlat
ae07d3,2026-07-21 03:48:47.260265,LIFTR76,90-0534,1200,2000,33.613091,-80.815887,C-17A Globemaster,282,221,0,False,adsb_icao
ae0811,2026-07-21 03:48:47.260274,BEEF22,00-0175,1133,4950,39.67305,-74.575218,C-17A Globemaster,209,266,-25,False,mlat
ae05ac,2026-07-21 03:48:47.260279,UNK C/S,63-8029,7271,22975,45.764805,-69.535942,KC-135R Stratotanker,152,416,-899,False,mlat
ae1233,2026-07-21 03:48:47.260284,MCFAMC,03-3122,Unavailable,33984,54.838257,-42.428513,C-17A Globemaster,79,,,False,adsc
ae1172,2026-07-21 03:48:47.260288,RCH305,02-1100,0135,32000,56.012146,-13.395247,C-17A Globemaster,269,439,-64,False,adsb_icao
ae058a,2026-07-21 03:48:47.260292,RCH2038,87-0045,0635,30000,55.863323,-9.248185,C-5M Galaxy,274,440,32,False,mlat
ae2fa6,2026-07-21 03:48:47.260296,RCH560,08-8194,2204,17850,52.22253,1.964641,C-17A Globemaster,108,387,1544,False,mlat
ae07de,2026-07-21 03:48:47.260299,RCH409,93-0604,2647,32000,50.065784,12.567654,C-17A Globemaster,258,430,0,False,mlat
ae0369,2026-07-21 03:48:47.260303,UNK C/S,63-8024,5331,21025,31.571552,35.444126,KC-135R Stratotanker,11,447,-76,False,mlat
ae0238,2026-07-21 03:48:47.260348,UNK C/S,58-0074,4116,32925,43.8,-68.9,KC-135R Stratotanker,,,,False,mode_s
896c2d,2026-07-21 03:48:47.260353,GOLD26,1225,1707,450,2.8,101.7,C-17A Globemaster,,,,False,mode_s
ae0501,2026-07-21 03:48:47.260359,UNK C/S,59-1504,5735,Unavailable,46.2,-59.8,KC-135R Stratotanker,,,,False,mode_s
ae07e0,2026-07-21 03:48:47.260363,MOOSE45,94-0066,5406,34000,34.3,29.2,C-17A Globemaster,,,,False,mode_s
ae05ad,2026-07-21 03:48:47.260366,UNK C/S,63-8043,Unavailable,37000,48.7,-72.3,KC-135R Stratotanker,,,,False,mode_s
ae049b,2026-07-21 03:48:47.260371,UNK C/S,61-0313,1602,21500,27.7,47.2,KC-135R Stratotanker,113,422,64,False,mode_s
ae146d,2026-07-21 03:48:47.260375,RCH044,07-7175,3540,1100,50.0,6.3,C-17A Globemaster,,,,False,mode_s
ae062d,2026-07-21 03:48:47.260379,UNK C/S,62-3571,7235,37000,48.3,-76.3,KC-135R Stratotanker,,,,False,mode_s
ae87fc,2026-07-21 03:48:47.260385,UNK C/S,,5624,Unavailable,38.0,-71.0,E-6B TACAMO,,,,False,mode_s
ae07fa,2026-07-21 03:48:47.260391,RCH899,97-0048,7405,29000,31.8,33.1,C-17A Globemaster,139,482,-64,False,mode_s
ae08cf,2026-07-21 03:49:47.859193,WOLF01,00-0185,4206,22000,64.656372,-148.835419,C-17A Globemaster,236,425,128,False,adsb_icao
ae1458,2026-07-21 03:49:47.859217,RCH241,06-6154,2761,37000,33.783382,-120.910439,C-17A Globemaster,100,454,76,False,mlat
ae11e5,2026-07-21 03:49:47.859229,SNTRY61,78-0577,3652,19025,38.398529,-98.921593,E-3G AWACS,292,374,-3092,False,mlat
ae0583,2026-07-21 03:49:47.859232,CHILI85,87-0038,0352,3400,29.560726,-98.786919,C-5M Galaxy,350,231,970,False,mlat
ae2fae,2026-07-21 03:49:47.859242,RCH193,08-8202,4021,37000,39.20438,-87.246765,C-17A Globemaster,74,488,75,False,mlat
ae1242,2026-07-21 03:49:47.859246,RCH339,04-4137,7337,32000,34.649235,-83.287949,C-17A Globemaster,299,461,0,False,mlat
ae07d3,2026-07-21 03:49:47.859251,LIFTR76,90-0534,1200,2000,33.627869,-80.888298,C-17A Globemaster,281,222,0,False,adsb_icao
ae0811,2026-07-21 03:49:47.859258,BEEF22,00-0175,1133,4950,39.611019,-74.621902,C-17A Globemaster,211,277,75,False,mlat
ae05ac,2026-07-21 03:49:47.859261,UNK C/S,63-8029,7271,20625,45.645077,-69.447502,KC-135R Stratotanker,152,409,-2224,False,mlat
ae1233,2026-07-21 03:49:47.859265,MCFAMC,03-3122,Unavailable,33984,54.838257,-42.428513,C-17A Globemaster,79,,,False,adsc
ae058a,2026-07-21 03:49:47.859268,RCH2038,87-0045,0635,30000,55.879261,-9.482736,C-5M Galaxy,274,440,32,False,mlat
ae2fa6,2026-07-21 03:49:47.859272,RCH560,08-8194,2204,19300,52.185997,2.140044,C-17A Globemaster,108,389,1400,False,mlat
ae07de,2026-07-21 03:49:47.859275,RCH409,93-0604,2647,32000,50.045364,12.376147,C-17A Globemaster,260,427,0,False,mlat
ae07e0,2026-07-21 03:49:47.859278,MOOSE45,94-0066,5406,34000,37.653473,25.895893,C-17A Globemaster,,,0,False,mode_s
ae0369,2026-07-21 03:49:47.859282,UNK C/S,63-8024,5331,21000,31.686729,35.4697,KC-135R Stratotanker,9,396,-40,False,mlat
ae210c,2026-07-21 03:49:47.859300,VV166961,166961,1354,3450,36.1,-120.3,F/A-18 Hornet,,,,False,mode_s
ae0238,2026-07-21 03:49:47.859303,UNK C/S,58-0074,4116,32950,43.5,-68.4,KC-135R Stratotanker,,,,False,mode_s
ae1197,2026-07-21 03:49:47.859308,MOOSE47,03-3114,3301,Unavailable,31.8,32.6,C-17A Globemaster,,,,False,mode_s
800790,2026-07-21 03:49:47.859312,IFC0736,CB-8003,3556,Unavailable,22.5,73.5,C-17A Globemaster,,,,False,mode_s
ae05ad,2026-07-21 03:49:47.859314,UNK C/S,63-8043,Unavailable,37000,48.3,-79.3,KC-135R Stratotanker,,,,False,mode_s
ae049b,2026-07-21 03:49:47.859319,UNK C/S,61-0313,1602,21500,27.7,47.2,KC-135R Stratotanker,174,420,0,False,mode_s
ae146d,2026-07-21 03:49:47.859322,RCH044,07-7175,3540,Unavailable,50.0,6.2,C-17A Globemaster,,,,False,mode_s
ae062d,2026-07-21 03:49:47.859342,UNK C/S,62-3571,7235,37000,48.3,-76.3,KC-135R Stratotanker,,,,False,mode_s
ae87fc,2026-07-21 03:49:47.859348,UNK C/S,,5624,Unavailable,38.0,-71.0,E-6B TACAMO,,,,False,mode_s
ae1179,2026-07-21 03:49:47.859351,RCH213,02-1107,2153,Unavailable,26.7,-80.0,C-17A Globemaster,,,,False,mode_s
ae07fa,2026-07-21 03:49:47.859356,RCH899,97-0048,7405,29000,33.1,31.8,C-17A Globemaster,140,480,0,False,mode_s
ae1172,2026-07-21 03:49:47.859360,RCH305,02-1100,0135,Unavailable,53.5,-10.5,C-17A Globemaster,,,,False,mode_s
ae08cf,2026-07-21 03:50:48.190806,WOLF01,00-0185,4206,22000,64.591919,-149.066681,C-17A Globemaster,238,424,-64,False,adsb_icao
ae1458,2026-07-21 03:50:48.190831,RCH241,06-6154,2761,37000,33.76125,-120.753853,C-17A Globemaster,103,445,4,False,mlat
ae210c,2026-07-21 03:50:48.190837,HR41,166961,3666,8675,36.487003,-119.952614,F/A-18 Hornet,,,4922,False,mlat
ae11e5,2026-07-21 03:50:48.190849,SNTRY61,78-0577,3652,16550,38.444149,-99.036942,E-3G AWACS,298,345,-2401,False,mlat
ae0583,2026-07-21 03:50:48.190853,CHILI85,87-0038,0352,4025,29.613924,-98.804726,C-5M Galaxy,341,206,91,False,mlat
ae2fae,2026-07-21 03:50:48.190865,RCH193,08-8202,4021,37025,39.239262,-87.074677,C-17A Globemaster,76,441,5,False,mlat
ae1242,2026-07-21 03:50:48.190871,RCH339,04-4137,7337,32000,34.697964,-83.431297,C-17A Globemaster,284,449,0,False,mlat
ae07d3,2026-07-21 03:50:48.190876,LIFTR76,90-0534,1200,2050,33.639404,-80.959488,C-17A Globemaster,281,197,512,False,adsb_icao
ae0811,2026-07-21 03:50:48.190886,BEEF22,00-0175,1133,4950,39.549252,-74.668877,C-17A Globemaster,210,258,0,False,mlat
ae05ac,2026-07-21 03:50:48.190890,UNK C/S,63-8029,7271,18525,45.546406,-69.372269,KC-135R Stratotanker,151,377,-2040,False,mlat
ae1233,2026-07-21 03:50:48.190895,MCFAMC,03-3122,Unavailable,33984,54.838257,-42.428513,C-17A Globemaster,79,,,False,adsc
ae058a,2026-07-21 03:50:48.190898,RCH2038,87-0045,0635,30000,55.887783,-9.652116,C-5M Galaxy,274,440,0,False,mlat
ae2fa6,2026-07-21 03:50:48.190902,RCH560,08-8194,2204,20700,52.151009,2.312461,C-17A Globemaster,107,427,1427,False,mlat
ae07de,2026-07-21 03:50:48.190905,RCH409,93-0604,2647,32000,50.027222,12.196586,C-17A Globemaster,262,432,0,False,mlat
ae0369,2026-07-21 03:50:48.190911,UNK C/S,63-8024,5331,18975,31.794033,35.440945,KC-135R Stratotanker,309,465,-3812,False,mlat
ae0238,2026-07-21 03:50:48.190936,UNK C/S,58-0074,4116,32950,43.3,-68.9,KC-135R Stratotanker,,,,False,mode_s
ae1197,2026-07-21 03:50:48.190942,MOOSE47,03-3114,3301,Unavailable,31.8,32.6,C-17A Globemaster,,,,False,mode_s
ae07e0,2026-07-21 03:50:48.190948,MOOSE45,94-0066,5406,34000,37.0,25.4,C-17A Globemaster,,,,False,mode_s
ae05ad,2026-07-21 03:50:48.190951,UNK C/S,63-8043,Unavailable,37000,48.3,-79.3,KC-135R Stratotanker,,,,False,mode_s
ae049b,2026-07-21 03:50:48.190955,UNK C/S,61-0313,1602,21500,27.1,46.8,KC-135R Stratotanker,185,420,0,False,mode_s
ae062d,2026-07-21 03:50:48.190959,UNK C/S,62-3571,7235,37000,48.3,-75.4,KC-135R Stratotanker,,,,False,mode_s
ae87fc,2026-07-21 03:50:48.190964,UNK C/S,,5624,Unavailable,38.8,-71.4,E-6B TACAMO,,,,False,mode_s
ae1179,2026-07-21 03:50:48.190968,RCH213,02-1107,2153,Unavailable,26.7,-80.0,C-17A Globemaster,,,,False,mode_s
ae07fa,2026-07-21 03:50:48.190972,RCH899,97-0048,7405,29000,34.9,31.0,C-17A Globemaster,140,482,0,False,mode_s
ae0156,2026-07-21 03:50:48.190975,UNK C/S,57-1456,Unavailable,Unavailable,26.4,50.2,KC-135R Stratotanker,,,,False,mode_s
ae08cf,2026-07-21 03:51:48.534416,WOLF01,00-0185,4206,22000,64.537743,-149.316101,C-17A Globemaster,243,432,0,False,adsb_icao
ae1458,2026-07-21 03:51:48.534441,RCH241,06-6154,2761,36975,33.73946,-120.612961,C-17A Globemaster,100,460,-42,False,mlat
ae210c,2026-07-21 03:51:48.534447,HR41,166961,3666,13100,36.514553,-119.834099,F/A-18 Hornet,90,386,5328,False,mlat
ae11e5,2026-07-21 03:51:48.534459,SNTRY61,78-0577,3652,15425,38.487881,-99.150948,E-3G AWACS,297,354,-838,False,mlat
ae0583,2026-07-21 03:51:48.534463,CHILI85,87-0038,0352,4025,29.662222,-98.807022,C-5M Galaxy,31,198,0,False,mlat
ae2fae,2026-07-21 03:51:48.534477,RCH193,08-8202,4021,37000,39.271954,-86.908943,C-17A Globemaster,74,466,-73,False,mlat
ae1242,2026-07-21 03:51:48.534483,RCH339,04-4137,7337,32000,34.732334,-83.577667,C-17A Globemaster,288,460,0,False,mlat
ae07d3,2026-07-21 03:51:48.534488,LIFTR76,90-0534,1200,1850,33.645905,-81.019966,C-17A Globemaster,254,139,-64,False,adsb_icao
ae0811,2026-07-21 03:51:48.534499,BEEF22,00-0175,1133,4950,39.493229,-74.711548,C-17A Globemaster,212,201,0,False,mlat
ae05ac,2026-07-21 03:51:48.534503,UNK C/S,63-8029,7271,16400,45.450195,-69.300972,KC-135R Stratotanker,153,396,-2157,False,mlat
ae1233,2026-07-21 03:51:48.534507,MCFAMC,03-3122,Unavailable,33984,54.838257,-42.428513,C-17A Globemaster,79,,,False,adsc
ae058a,2026-07-21 03:51:48.534511,RCH2038,87-0045,0635,30000,55.89706,-9.913395,C-5M Galaxy,274,440,0,False,mlat
ae2fa6,2026-07-21 03:51:48.534515,RCH560,08-8194,2204,21800,52.159687,2.493445,C-17A Globemaster,72,434,977,False,mlat
ae07de,2026-07-21 03:51:48.534518,RCH409,93-0604,2647,32000,50.005146,12.011824,C-17A Globemaster,260,441,0,False,mlat
ae07e0,2026-07-21 03:51:48.534522,MOOSE45,94-0066,5406,34000,37.993824,25.714743,C-17A Globemaster,,,0,False,mlat
ae4f14,2026-07-21 03:51:48.534526,X,10-0220,6010,38000,33.70372,30.639189,C-17A Globemaster,310,455,,False,adsb_icao
ae0369,2026-07-21 03:51:48.534529,UNK C/S,63-8024,5331,16500,31.861553,35.336468,KC-135R Stratotanker,309,374,-2388,False,mlat
ae0238,2026-07-21 03:51:48.534553,UNK C/S,58-0074,4116,32950,43.9,-68.2,KC-135R Stratotanker,,,,False,mode_s
ae1197,2026-07-21 03:51:48.534560,MOOSE47,03-3114,3301,Unavailable,31.8,32.6,C-17A Globemaster,,,,False,mode_s
800790,2026-07-21 03:51:48.534565,IFC0736,CB-8003,3556,31025,22.6,73.8,C-17A Globemaster,,,,False,mode_s
ae05ad,2026-07-21 03:51:48.534568,UNK C/S,63-8043,Unavailable,37000,48.7,-72.3,KC-135R Stratotanker,,,,False,mode_s
ae049b,2026-07-21 03:51:48.534572,UNK C/S,61-0313,1602,21500,27.1,46.8,KC-135R Stratotanker,184,420,64,False,mode_s
ae062d,2026-07-21 03:51:48.534575,UNK C/S,62-3571,7235,37250,48.3,-75.8,KC-135R Stratotanker,,,,False,mode_s
ae87fc,2026-07-21 03:51:48.534580,UNK C/S,,5624,Unavailable,38.1,-72.8,E-6B TACAMO,,,,False,mode_s
ae1179,2026-07-21 03:51:48.534585,RCH213,02-1107,2153,32975,26.1,-76.2,C-17A Globemaster,313,440,,False,mode_s
ae07fa,2026-07-21 03:51:48.534589,RCH899,97-0048,7405,29000,31.8,32.7,C-17A Globemaster,140,482,-32,False,mode_s
ae08cf,2026-07-21 03:52:48.866980,WOLF01,00-0185,4206,22000,64.483292,-149.565125,C-17A Globemaster,243,432,64,False,adsb_icao
ae1458,2026-07-21 03:52:48.867006,RCH241,06-6154,2761,37000,33.715443,-120.463837,C-17A Globemaster,99,463,-16,False,mlat
ae210c,2026-07-21 03:52:48.867011,HR41,166961,3666,15025,36.527359,-119.699097,F/A-18 Hornet,82,382,166,False,mlat
ae11e5,2026-07-21 03:52:48.867023,SNTRY61,78-0577,3652,15125,38.531914,-99.26487,E-3G AWACS,292,336,145,False,mlat
ae0583,2026-07-21 03:52:48.867027,CHILI85,87-0038,0352,4025,29.668661,-98.745949,C-5M Galaxy,71,170,-4,False,mlat
ae2fae,2026-07-21 03:52:48.867042,RCH193,08-8202,4021,37025,39.306751,-86.740456,C-17A Globemaster,75,482,21,False,mlat
ae1242,2026-07-21 03:52:48.867047,RCH339,04-4137,7337,32000,34.774147,-83.727203,C-17A Globemaster,287,433,0,False,mlat
ae07d3,2026-07-21 03:52:48.867051,LIFTR76,90-0534,1200,725,33.627289,-81.054558,C-17A Globemaster,233,130,-1472,False,adsb_icao
ae0811,2026-07-21 03:52:48.867061,BEEF22,00-0175,1133,4950,39.439957,-74.754494,C-17A Globemaster,222,189,9,False,mlat
ae05ac,2026-07-21 03:52:48.867065,UNK C/S,63-8029,7271,14750,45.354904,-69.229523,KC-135R Stratotanker,152,362,-1764,False,mlat
ae1233,2026-07-21 03:52:48.867068,MCFAMC,03-3122,Unavailable,33984,54.838257,-42.428513,C-17A Globemaster,79,,,False,adsc
ae058a,2026-07-21 03:52:48.867072,RCH2038,87-0045,0635,30000,55.895473,-10.078569,C-5M Galaxy,274,440,-32,False,mlat
ae2fa6,2026-07-21 03:52:48.867075,RCH560,08-8194,2204,22650,52.182461,2.666103,C-17A Globemaster,78,372,745,False,mlat
ae07de,2026-07-21 03:52:48.867078,RCH409,93-0604,2647,32000,49.989067,11.827904,C-17A Globemaster,265,431,0,False,mlat
ae07e0,2026-07-21 03:52:48.867081,MOOSE45,94-0066,5406,34000,38.122688,25.647867,C-17A Globemaster,,,0,False,mlat
ae0369,2026-07-21 03:52:48.867086,UNK C/S,63-8024,5331,13875,31.924637,35.235958,KC-135R Stratotanker,307,358,-2497,False,mlat
800790,2026-07-21 03:52:48.867089,IFC0736,CB-8003,3556,31000,25.994202,74.865967,C-17A Globemaster,50,452,-64,False,adsb_icao
ae0238,2026-07-21 03:52:48.867110,UNK C/S,58-0074,4116,32950,43.4,-68.1,KC-135R Stratotanker,,,,False,mode_s
ae1197,2026-07-21 03:52:48.867115,MOOSE47,03-3114,3301,Unavailable,31.8,32.6,C-17A Globemaster,,,,False,mode_s
ae05ad,2026-07-21 03:52:48.867119,UNK C/S,63-8043,7213,37000,46.1,-72.7,KC-135R Stratotanker,,,,False,mode_s
ae049b,2026-07-21 03:52:48.867122,UNK C/S,61-0313,1602,21500,27.7,47.2,KC-135R Stratotanker,184,420,0,False,mode_s
ae062d,2026-07-21 03:52:48.867125,UNK C/S,62-3571,7235,37100,48.3,-75.9,KC-135R Stratotanker,,,,False,mode_s
ae87fc,2026-07-21 03:52:48.867130,UNK C/S,,5624,Unavailable,38.2,-72.6,E-6B TACAMO,,,,False,mode_s
ae1179,2026-07-21 03:52:48.867133,RCH213,02-1107,2153,Unavailable,26.0,-78.9,C-17A Globemaster,,,,False,mode_s
ae07fa,2026-07-21 03:52:48.867138,RCH899,97-0048,7405,29000,33.1,31.8,C-17A Globemaster,140,484,0,False,mode_s
ae08cf,2026-07-21 03:53:49.360266,WOLF01,00-0185,4206,22000,64.428085,-149.814621,C-17A Globemaster,242,433,0,False,adsb_icao
ae1458,2026-07-21 03:53:49.360291,RCH241,06-6154,2761,36975,33.69722,-120.299194,C-17A Globemaster,101,455,-73,False,mlat
ae210c,2026-07-21 03:53:49.360296,HR41,166961,3666,16675,36.538788,-119.565384,F/A-18 Hornet,85,390,3305,False,mlat
ae11e5,2026-07-21 03:53:49.360307,SNTRY61,78-0577,3652,15050,38.57309,-99.370041,E-3G AWACS,299,313,24,False,mlat
ae0583,2026-07-21 03:53:49.360311,CHILI85,87-0038,0352,3400,29.660076,-98.695564,C-5M Galaxy,147,198,-558,False,mlat
ae2fae,2026-07-21 03:53:49.360348,RCH193,08-8202,4021,37000,39.339695,-86.57325,C-17A Globemaster,73,480,-9,False,mlat
ae1242,2026-07-21 03:53:49.360353,RCH339,04-4137,7337,32000,34.806126,-83.875839,C-17A Globemaster,285,409,0,False,mlat
ae07d3,2026-07-21 03:53:49.360357,LIFTR76,90-0534,1200,700,33.626732,-81.055412,C-17A Globemaster,232,130,,False,adsb_icao
ae0811,2026-07-21 03:53:49.360366,BEEF22,00-0175,1133,4950,39.387852,-74.796898,C-17A Globemaster,208,215,-76,False,mlat
ae05ac,2026-07-21 03:53:49.360371,UNK C/S,63-8029,7271,12950,45.270489,-69.167442,KC-135R Stratotanker,152,357,-1850,False,mlat
ae1233,2026-07-21 03:53:49.360374,MCFAMC,03-3122,Unavailable,33984,54.838257,-42.428513,C-17A Globemaster,79,,,False,adsc
ae058a,2026-07-21 03:53:49.360378,RCH2038,87-0045,0635,30000,55.905869,-10.253651,C-5M Galaxy,273,440,96,False,mlat
ae2fa6,2026-07-21 03:53:49.360382,RCH560,08-8194,2204,23375,52.205193,2.843477,C-17A Globemaster,77,398,561,False,mlat
ae07de,2026-07-21 03:53:49.360385,RCH409,93-0604,2647,30100,49.96767,11.63312,C-17A Globemaster,262,427,-3015,False,mlat
ae07e0,2026-07-21 03:53:49.360389,MOOSE45,94-0066,5406,34000,38.145554,25.631905,C-17A Globemaster,,,0,False,mode_s
ae0369,2026-07-21 03:53:49.360392,UNK C/S,63-8024,5331,12075,31.981812,35.139183,KC-135R Stratotanker,306,333,-1035,False,mlat
800790,2026-07-21 03:53:49.360397,IFC0736,CB-8003,3556,31025,26.073624,74.974075,C-17A Globemaster,50,449,-128,False,adsb_icao
ae0238,2026-07-21 03:53:49.360417,UNK C/S,58-0074,4116,32950,43.7,-67.2,KC-135R Stratotanker,,,,False,mode_s
ae1197,2026-07-21 03:53:49.360422,MOOSE47,03-3114,3301,Unavailable,31.8,32.6,C-17A Globemaster,,,,False,mode_s
ae05ad,2026-07-21 03:53:49.360426,UNK C/S,63-8043,7213,37000,46.5,-70.9,KC-135R Stratotanker,,,,False,mode_s
ae049b,2026-07-21 03:53:49.360430,UNK C/S,61-0313,1602,21500,27.1,46.8,KC-135R Stratotanker,184,420,128,False,mode_s
ae062d,2026-07-21 03:53:49.360434,UNK C/S,62-3571,7235,37000,48.3,-79.3,KC-135R Stratotanker,,,,False,mode_s
ae87fc,2026-07-21 03:53:49.360439,UNK C/S,,5624,Unavailable,38.3,-73.6,E-6B TACAMO,,,,False,mode_s
ae1179,2026-07-21 03:53:49.360443,RCH213,02-1107,2153,33000,26.0,-78.9,C-17A Globemaster,313,440,-160,False,mode_s
ae07fa,2026-07-21 03:53:49.360448,RCH899,97-0048,7405,29000,31.8,32.6,C-17A Globemaster,140,486,-64,False,mode_s
ae08cf,2026-07-21 03:54:49.707165,WOLF01,00-0185,4206,22000,64.373222,-150.059967,C-17A Globemaster,242,437,-128,False,adsb_icao
ae1458,2026-07-21 03:54:49.707193,RCH241,06-6154,2761,36975,33.673992,-120.16188,C-17A Globemaster,99,462,68,False,mlat
ae210c,2026-07-21 03:54:49.707198,HR41,166961,3666,20875,36.546547,-119.438309,F/A-18 Hornet,85,378,4484,False,mlat
ae11e5,2026-07-21 03:54:49.707209,SNTRY61,78-0577,3652,15050,38.611012,-99.470253,E-3G AWACS,293,332,-21,False,mlat
ae0583,2026-07-21 03:54:49.707213,CHILI85,87-0038,0352,3125,29.619825,-98.669266,C-5M Galaxy,166,184,0,False,mlat
ae2fae,2026-07-21 03:54:49.707229,RCH193,08-8202,4021,37025,39.373985,-86.403801,C-17A Globemaster,77,489,1,False,mlat
ae1242,2026-07-21 03:54:49.707233,RCH339,04-4137,7337,32000,34.862301,-84.002411,C-17A Globemaster,302,437,0,False,mlat
ae07d3,2026-07-21 03:54:49.707238,LIFTR76,90-0534,1200,1400,33.573845,-81.094322,C-17A Globemaster,114,154,1408,False,adsb_icao
ae0811,2026-07-21 03:54:49.707249,BEEF22,00-0175,1133,4950,39.336369,-74.839394,C-17A Globemaster,215,219,-7,False,mlat
ae05ac,2026-07-21 03:54:49.707254,UNK C/S,63-8029,7271,11050,45.192287,-69.085274,KC-135R Stratotanker,136,345,-1656,False,mlat
ae1233,2026-07-21 03:54:49.707257,MCFAMC,03-3122,Unavailable,33984,54.838257,-42.428513,C-17A Globemaster,79,,,False,adsc
ae2fa6,2026-07-21 03:54:49.707261,RCH560,08-8194,2204,24075,52.223148,3.021934,C-17A Globemaster,80,430,780,False,mlat
ae07de,2026-07-21 03:54:49.707264,RCH409,93-0604,2647,27200,49.949036,11.448234,C-17A Globemaster,260,444,-2606,False,mlat
ae0369,2026-07-21 03:54:49.707268,UNK C/S,63-8024,5331,10175,32.03006,35.059925,KC-135R Stratotanker,302,287,-2703,False,mlat
800790,2026-07-21 03:54:49.707272,IFC0736,CB-8003,3556,31025,26.154465,75.081917,C-17A Globemaster,50,456,-96,False,adsb_icao
ae0238,2026-07-21 03:54:49.707294,UNK C/S,58-0074,4116,32950,44.1,-67.3,KC-135R Stratotanker,,,,False,mode_s
ae1197,2026-07-21 03:54:49.707301,MOOSE47,03-3114,3301,Unavailable,31.8,32.6,C-17A Globemaster,,,,False,mode_s
ae07e0,2026-07-21 03:54:49.707305,MOOSE45,94-0066,5406,34000,37.5,25.0,C-17A Globemaster,,,,False,mode_s
ae05ad,2026-07-21 03:54:49.707308,UNK C/S,63-8043,7213,37000,46.5,-70.9,KC-135R Stratotanker,,,,False,mode_s
ae049b,2026-07-21 03:54:49.707312,UNK C/S,61-0313,1602,21500,27.1,46.8,KC-135R Stratotanker,184,420,0,False,mode_s
ae062d,2026-07-21 03:54:49.707315,UNK C/S,62-3571,7235,37000,48.3,-75.8,KC-135R Stratotanker,,,,False,mode_s
ae058a,2026-07-21 03:54:49.707319,RCH2038,87-0045,0635,30000,54.9,-8.8,C-5M Galaxy,273,440,0,False,mode_s
ae87fc,2026-07-21 03:54:49.707323,UNK C/S,,5624,Unavailable,38.4,-73.2,E-6B TACAMO,,,,False,mode_s
ae1179,2026-07-21 03:54:49.707350,RCH213,02-1107,2153,33000,26.1,-76.2,C-17A Globemaster,313,440,-64,False,mode_s
ae07fa,2026-07-21 03:54:49.707357,RCH899,97-0048,7405,29000,32.0,32.9,C-17A Globemaster,140,480,64,False,mode_s
ae1467,2026-07-21 03:54:49.707360,MOOSE43,07-7169,0746,30000,32.5,33.3,C-17A Globemaster,,,,False,mode_s
ae08cf,2026-07-21 03:55:50.158617,WOLF01,00-0185,4206,22000,64.316711,-150.309784,C-17A Globemaster,242,434,-192,False,adsb_icao
ae1458,2026-07-21 03:55:50.158644,RCH241,06-6154,2761,36975,33.651173,-120.009483,C-17A Globemaster,102,445,0,False,mlat
ae210c,2026-07-21 03:55:50.158650,HR41,166961,3666,20975,36.551422,-119.295746,F/A-18 Hornet,88,418,37,False,mlat
ae11e5,2026-07-21 03:55:50.158662,SNTRY61,78-0577,3652,15075,38.61507,-99.587013,E-3G AWACS,260,354,-11,False,mlat
ae0583,2026-07-21 03:55:50.158666,CHILI85,87-0038,0352,3125,29.573744,-98.652969,C-5M Galaxy,163,169,75,False,mlat
ae2fae,2026-07-21 03:55:50.158681,RCH193,08-8202,4021,37000,39.405354,-86.24231,C-17A Globemaster,75,482,-73,False,mlat
ae1242,2026-07-21 03:55:50.158691,RCH339,04-4137,7337,32000,34.92823,-84.133362,C-17A Globemaster,304,459,0,False,mlat
ae07d3,2026-07-21 03:55:50.158696,LIFTR76,90-0534,1200,1250,33.594284,-81.04277,C-17A Globemaster,50,174,-192,False,adsb_icao
ae0811,2026-07-21 03:55:50.158706,BEEF22,00-0175,1133,4975,39.285614,-74.881042,C-17A Globemaster,217,217,-7,False,mlat
ae05ac,2026-07-21 03:55:50.158712,UNK C/S,63-8029,7271,10050,45.120819,-68.99221,KC-135R Stratotanker,136,312,-1204,False,mlat
ae1233,2026-07-21 03:55:50.158716,MCFAMC,03-3122,Unavailable,33984,54.838257,-42.428513,C-17A Globemaster,79,,,False,adsc
ae058a,2026-07-21 03:55:50.158721,RCH2038,87-0045,0635,30000,55.882565,-10.61797,C-5M Galaxy,273,440,-32,False,mlat
ae2fa6,2026-07-21 03:55:50.158725,RCH560,08-8194,2204,24475,52.196751,3.197958,C-17A Globemaster,128,433,605,False,mlat
ae07de,2026-07-21 03:55:50.158728,RCH409,93-0604,2647,25275,49.92598,11.255895,C-17A Globemaster,261,451,-1796,False,mlat
ae07e0,2026-07-21 03:55:50.158731,MOOSE45,94-0066,5406,34000,42.048084,25.894091,C-17A Globemaster,,,0,False,mlat
ae0369,2026-07-21 03:55:50.158736,UNK C/S,63-8024,5331,7150,32.076225,34.982639,KC-135R Stratotanker,304,272,-2167,False,mlat
800790,2026-07-21 03:55:50.158740,IFC0736,CB-8003,3556,31025,26.23494,75.191467,C-17A Globemaster,50,454,-256,False,adsb_icao
ae0238,2026-07-21 03:55:50.158762,UNK C/S,58-0074,4116,32925,44.8,-65.3,KC-135R Stratotanker,,,,False,mode_s
ae05ad,2026-07-21 03:55:50.158768,UNK C/S,63-8043,7213,37000,46.5,-70.9,KC-135R Stratotanker,,,,False,mode_s
ae049b,2026-07-21 03:55:50.158772,UNK C/S,61-0313,1602,21500,27.7,47.2,KC-135R Stratotanker,184,420,32,False,mode_s
ae062d,2026-07-21 03:55:50.158776,UNK C/S,62-3571,7235,37000,48.3,-75.6,KC-135R Stratotanker,,,,False,mode_s
ae87fc,2026-07-21 03:55:50.158782,UNK C/S,,5624,Unavailable,38.7,-73.1,E-6B TACAMO,,,,False,mode_s
ae1179,2026-07-21 03:55:50.158787,RCH213,02-1107,2153,33000,26.0,-78.9,C-17A Globemaster,313,442,,False,mode_s
ae07fa,2026-07-21 03:55:50.158791,RCH899,97-0048,7405,29000,32.0,32.6,C-17A Globemaster,140,482,-64,False,mode_s
ae1467,2026-07-21 03:55:50.158794,MOOSE43,07-7169,0746,30000,32.3,33.7,C-17A Globemaster,,,,False,mode_s
ae08cf,2026-07-21 03:56:50.575315,WOLF01,00-0185,4206,22000,64.260666,-150.55455,C-17A Globemaster,242,426,-64,False,adsb_icao
ae1458,2026-07-21 03:56:50.575362,RCH241,06-6154,2761,36050,33.630959,-119.853294,C-17A Globemaster,100,465,-1418,False,mlat
ae210c,2026-07-21 03:56:50.575368,HR41,166961,3666,20975,36.566917,-119.155655,F/A-18 Hornet,93,434,0,False,mlat
ae11e5,2026-07-21 03:56:50.575381,SNTRY61,78-0577,3652,15075,38.57357,-99.688087,E-3G AWACS,234,396,-124,False,mlat
ae0583,2026-07-21 03:56:50.575385,CHILI85,87-0038,0352,3125,29.525934,-98.63353,C-5M Galaxy,164,167,0,False,mlat
ae2fae,2026-07-21 03:56:50.575399,RCH193,08-8202,4021,37000,39.43795,-86.077095,C-17A Globemaster,78,455,9,False,mlat
ae1242,2026-07-21 03:56:50.575404,RCH339,04-4137,7337,32000,34.987904,-84.261261,C-17A Globemaster,296,409,0,False,mlat
ae07d3,2026-07-21 03:56:50.575409,LIFTR76,90-0534,1200,1275,33.630844,-81.005783,C-17A Globemaster,355,184,64,False,adsb_icao
ae0811,2026-07-21 03:56:50.575418,BEEF22,00-0175,1133,4950,39.231087,-74.925354,C-17A Globemaster,218,230,15,False,mlat
ae05ad,2026-07-21 03:56:50.575424,UNK C/S,63-8043,7213,37000,49.069065,-72.883163,KC-135R Stratotanker,,,0,False,mlat
ae05ac,2026-07-21 03:56:50.575432,UNK C/S,63-8029,7271,6975,45.062431,-68.916359,KC-135R Stratotanker,137,292,-3269,False,mlat
ae1233,2026-07-21 03:56:50.575438,MCFAMC,03-3122,Unavailable,33984,54.838257,-42.428513,C-17A Globemaster,79,,,False,adsc
ae058a,2026-07-21 03:56:50.575442,RCH2038,87-0045,0635,30000,55.892643,-10.725725,C-5M Galaxy,273,442,-160,False,mode_s
ae2fa6,2026-07-21 03:56:50.575446,RCH560,08-8194,2204,25050,52.149517,3.366525,C-17A Globemaster,113,416,599,False,mlat
ae07de,2026-07-21 03:56:50.575450,RCH409,93-0604,2647,23700,49.906174,11.081383,C-17A Globemaster,260,441,-1283,False,mlat
ae07e0,2026-07-21 03:56:50.575453,MOOSE45,94-0066,5406,34000,38.536732,25.416483,C-17A Globemaster,326,484,0,False,mlat
ae0369,2026-07-21 03:56:50.575457,UNK C/S,63-8024,5331,6575,32.107426,34.908321,KC-135R Stratotanker,294,225,-438,False,mlat
800790,2026-07-21 03:56:50.575460,IFC0736,CB-8003,3556,31025,26.314682,75.300446,C-17A Globemaster,51,452,32,False,adsb_icao
ae049b,2026-07-21 03:56:50.575483,UNK C/S,61-0313,1602,21500,27.7,47.2,KC-135R Stratotanker,184,420,0,False,mode_s
ae0238,2026-07-21 03:56:50.575487,UNK C/S,58-0074,4116,32925,44.8,-63.1,KC-135R Stratotanker,,,,False,mode_s
ae062d,2026-07-21 03:56:50.575492,UNK C/S,62-3571,7235,37000,48.7,-72.3,KC-135R Stratotanker,,,,False,mode_s
ae1179,2026-07-21 03:56:50.575495,RCH213,02-1107,2153,33000,26.8,-76.9,C-17A Globemaster,313,442,0,False,mode_s
ae07fa,2026-07-21 03:56:50.575499,RCH899,97-0048,7405,29000,32.1,32.3,C-17A Globemaster,140,480,-32,False,mode_s
ae87fc,2026-07-21 03:56:50.575504,UNK C/S,,5624,Unavailable,38.8,-73.8,E-6B TACAMO,,,,False,mode_s
ae1467,2026-07-21 03:56:50.575510,MOOSE43,07-7169,0746,30000,32.1,33.3,C-17A Globemaster,,,,False,mode_s
ae08cf,2026-07-21 03:57:51.034838,WOLF01,00-0185,4206,22000,64.204895,-150.795258,C-17A Globemaster,241,427,64,False,adsb_icao
ae1458,2026-07-21 03:57:51.034867,RCH241,06-6154,2761,34550,33.606232,-119.711067,C-17A Globemaster,100,457,-1537,False,mlat
ae210c,2026-07-21 03:57:51.034872,HR41,166961,3666,20975,36.559601,-119.016479,F/A-18 Hornet,88,431,0,False,mlat
ae11e5,2026-07-21 03:57:51.034885,SNTRY61,78-0577,3652,15075,38.486774,-99.785027,E-3G AWACS,199,398,-83,False,mlat
ae0583,2026-07-21 03:57:51.034890,CHILI85,87-0038,0352,2400,29.487606,-98.61972,C-5M Galaxy,161,130,-792,False,mlat
ae2fae,2026-07-21 03:57:51.034907,RCH193,08-8202,4021,37000,39.469666,-85.909241,C-17A Globemaster,75,468,-75,False,mlat
ae1242,2026-07-21 03:57:51.034911,RCH339,04-4137,7337,32000,35.047867,-84.381897,C-17A Globemaster,300,436,0,False,mlat
ae07d3,2026-07-21 03:57:51.034918,LIFTR76,90-0534,1200,1000,33.638351,-81.040817,C-17A Globemaster,227,122,-384,False,adsb_icao
ae0811,2026-07-21 03:57:51.034931,BEEF22,00-0175,1133,4975,39.181534,-74.965416,C-17A Globemaster,213,227,0,False,mlat
ae05ad,2026-07-21 03:57:51.034936,UNK C/S,63-8043,7213,37000,48.903816,-72.708115,KC-135R Stratotanker,,,0,False,mlat
ae05ac,2026-07-21 03:57:51.034940,UNK C/S,63-8029,7271,5975,45.001102,-68.837105,KC-135R Stratotanker,135,268,-543,False,mlat
ae1233,2026-07-21 03:57:51.034944,MCFAMC,03-3122,Unavailable,33984,54.838257,-42.428513,C-17A Globemaster,79,,,False,adsc
ae2fa6,2026-07-21 03:57:51.034948,RCH560,08-8194,2204,25600,52.095692,3.55918,C-17A Globemaster,116,436,514,False,mlat
ae07de,2026-07-21 03:57:51.034951,RCH409,93-0604,2647,22075,49.885395,10.902498,C-17A Globemaster,258,420,-1448,False,mlat
ae07e0,2026-07-21 03:57:51.034955,MOOSE45,94-0066,5406,34000,38.721123,25.317932,C-17A Globemaster,346,467,0,False,mlat
ae0369,2026-07-21 03:57:51.034959,UNK C/S,63-8024,5331,5450,32.1329,34.839996,KC-135R Stratotanker,291,210,-1826,False,mlat
800790,2026-07-21 03:57:51.034963,IFC0736,CB-8003,3556,31000,26.393921,75.412025,C-17A Globemaster,51,455,-64,False,adsb_icao
ae049b,2026-07-21 03:57:51.034989,UNK C/S,61-0313,1602,21500,27.9,46.8,KC-135R Stratotanker,184,420,-96,False,mode_s
ae058a,2026-07-21 03:57:51.034993,RCH2038,87-0045,0635,30000,54.9,-9.8,C-5M Galaxy,272,440,32,False,mode_s
ae0238,2026-07-21 03:57:51.034997,UNK C/S,58-0074,4116,32950,44.9,-64.7,KC-135R Stratotanker,,,,False,mode_s
ae062d,2026-07-21 03:57:51.035002,UNK C/S,62-3571,7235,37000,48.3,-78.5,KC-135R Stratotanker,,,,False,mode_s
ae1179,2026-07-21 03:57:51.035006,RCH213,02-1107,2153,33000,26.0,-78.9,C-17A Globemaster,313,442,0,False,mode_s
ae87fc,2026-07-21 03:57:51.035011,UNK C/S,,5624,Unavailable,38.7,-74.2,E-6B TACAMO,,,,False,mode_s
ae1467,2026-07-21 03:57:51.035017,MOOSE43,07-7169,0746,30000,32.1,33.6,C-17A Globemaster,,,,False,mode_s
ae08cf,2026-07-21 03:58:51.413055,WOLF01,00-0185,4206,22000,64.14875,-151.035202,C-17A Globemaster,241,425,-128,False,adsb_icao
ae1458,2026-07-21 03:58:51.413081,RCH241,06-6154,2761,33075,33.585484,-119.563736,C-17A Globemaster,101,458,-1486,False,mlat
ae210c,2026-07-21 03:58:51.413086,HR41,166961,0441,20975,36.56678,-118.860985,F/A-18 Hornet,85,413,0,False,mlat
ae11e5,2026-07-21 03:58:51.413097,SNTRY61,78-0577,3652,15075,38.389835,-99.797844,E-3G AWACS,170,373,-132,False,mlat
ae0583,2026-07-21 03:58:51.413101,CHILI85,87-0038,0352,1875,29.453682,-98.606621,C-5M Galaxy,161,122,-328,False,mlat
ae2fae,2026-07-21 03:58:51.413116,RCH193,08-8202,4021,37000,39.503532,-85.738831,C-17A Globemaster,76,497,-57,False,mlat
ae1242,2026-07-21 03:58:51.413120,RCH339,04-4137,7337,32000,35.116894,-84.519173,C-17A Globemaster,300,445,0,False,mlat
ae07d3,2026-07-21 03:58:51.413125,LIFTR76,90-0534,1200,675,33.625854,-81.057129,C-17A Globemaster,229,125,-640,False,adsb_icao
ae0811,2026-07-21 03:58:51.413135,BEEF22,00-0175,1133,4975,39.127411,-75.008736,C-17A Globemaster,209,223,0,False,mlat
ae05ad,2026-07-21 03:58:51.413140,UNK C/S,63-8043,7213,37000,48.794189,-72.590782,KC-135R Stratotanker,,,0,False,mlat
ae05ac,2026-07-21 03:58:51.413144,UNK C/S,63-8029,7271,5200,44.949776,-68.769295,KC-135R Stratotanker,135,260,-874,False,mlat
ae1233,2026-07-21 03:58:51.413148,MCFAMC,03-3122,Unavailable,33984,54.838257,-42.428513,C-17A Globemaster,79,,,False,adsc
ae2fa6,2026-07-21 03:58:51.413152,RCH560,08-8194,2204,26075,52.044067,3.732371,C-17A Globemaster,118,429,452,False,mlat
ae07de,2026-07-21 03:58:51.413155,RCH409,93-0604,2647,22000,49.864517,10.724976,C-17A Globemaster,262,430,0,False,mlat
ae07e0,2026-07-21 03:58:51.413158,MOOSE45,94-0066,5406,34000,38.831547,25.236315,C-17A Globemaster,329,491,0,False,mlat
ae0369,2026-07-21 03:58:51.413163,UNK C/S,63-8024,5331,3775,32.142567,34.772446,KC-135R Stratotanker,269,223,-1737,False,mlat
800790,2026-07-21 03:58:51.413168,IFC0736,CB-8003,3556,30525,26.472023,75.523506,C-17A Globemaster,52,453,-928,False,adsb_icao
ae049b,2026-07-21 03:58:51.413195,UNK C/S,61-0313,1602,21500,27.9,46.8,KC-135R Stratotanker,184,420,0,False,mode_s
ae058a,2026-07-21 03:58:51.413199,RCH2038,87-0045,0635,30000,54.3,-10.1,C-5M Galaxy,272,440,32,False,mode_s
ae0238,2026-07-21 03:58:51.413203,UNK C/S,58-0074,4116,32950,44.9,-64.4,KC-135R Stratotanker,,,,False,mode_s
ae062d,2026-07-21 03:58:51.413207,UNK C/S,62-3571,7235,37000,48.3,-74.9,KC-135R Stratotanker,,,,False,mode_s
ae1179,2026-07-21 03:58:51.413211,RCH213,02-1107,2153,33000,26.5,-79.6,C-17A Globemaster,313,438,0,False,mode_s
ae87fc,2026-07-21 03:58:51.413216,UNK C/S,,5624,Unavailable,38.4,-74.2,E-6B TACAMO,,,,False,mode_s
ae1467,2026-07-21 03:58:51.413222,MOOSE43,07-7169,0746,30000,32.3,33.7,C-17A Globemaster,,,,False,mode_s
ae08cf,2026-07-21 03:59:51.880836,WOLF01,00-0185,4206,22000,64.091492,-151.27713,C-17A Globemaster,241,431,0,False,adsb_icao
ae1458,2026-07-21 03:59:51.880864,RCH241,06-6154,2761,31575,33.563332,-119.417992,C-17A Globemaster,104,445,-1449,False,mlat
ae210c,2026-07-21 03:59:51.880870,HR41,166961,0441,20975,36.531654,-118.74395,F/A-18 Hornet,138,454,40,False,mlat
ae11e5,2026-07-21 03:59:51.880883,SNTRY61,78-0577,3652,15075,38.305798,-99.728683,E-3G AWACS,140,360,20,False,mlat
ae0583,2026-07-21 03:59:51.880887,CHILI85,87-0038,0352,1200,29.420214,-98.593948,C-5M Galaxy,164,135,-706,False,mlat
ae2fae,2026-07-21 03:59:51.880903,RCH193,08-8202,4021,37000,39.53941,-85.563454,C-17A Globemaster,76,466,-70,False,mlat
ae1242,2026-07-21 03:59:51.880907,RCH339,04-4137,7337,32000,35.179321,-84.648064,C-17A Globemaster,300,455,0,False,mlat
ae07d3,2026-07-21 03:59:51.880913,LIFTR76,90-0534,1200,1200,33.589256,-81.109314,C-17A Globemaster,196,157,,False,adsb_icao
ae0811,2026-07-21 03:59:51.880926,BEEF22,00-0175,1133,4950,39.075954,-75.051987,C-17A Globemaster,213,216,-74,False,mlat
ae05ad,2026-07-21 03:59:51.880932,UNK C/S,63-8043,7213,37000,48.673717,-72.45536,KC-135R Stratotanker,,,0,False,mlat
ae05ac,2026-07-21 03:59:51.880936,UNK C/S,63-8029,7271,4300,44.894604,-68.699028,KC-135R Stratotanker,135,250,-880,False,mlat
ae1233,2026-07-21 03:59:51.880940,MCFAMC,03-3122,Unavailable,33984,54.838257,-42.428513,C-17A Globemaster,79,,,False,adsc
ae2fa6,2026-07-21 03:59:51.880944,RCH560,08-8194,2204,26600,51.99509,3.901346,C-17A Globemaster,116,431,473,False,mlat
ae07de,2026-07-21 03:59:51.880947,RCH409,93-0604,2647,22000,49.844799,10.55265,C-17A Globemaster,261,407,0,False,mlat
ae07e0,2026-07-21 03:59:51.880950,MOOSE45,94-0066,5406,34000,38.936134,25.197414,C-17A Globemaster,337,458,0,False,mlat
ae0369,2026-07-21 03:59:51.880955,UNK C/S,63-8024,5331,2625,32.103561,34.732929,KC-135R Stratotanker,159,278,-130,False,mlat
800790,2026-07-21 03:59:51.880959,IFC0736,CB-8003,3556,29525,26.556107,75.629677,C-17A Globemaster,47,457,-992,False,adsb_icao
ae049b,2026-07-21 03:59:51.880987,UNK C/S,61-0313,1602,21500,27.7,47.2,KC-135R Stratotanker,184,420,64,False,mode_s
ae0156,2026-07-21 03:59:51.880991,UNK C/S,57-1456,Unavailable,Unavailable,26.0,50.5,KC-135R Stratotanker,,,,False,mode_s
ae058a,2026-07-21 03:59:51.880995,RCH2038,87-0045,0635,30000,53.9,-10.7,C-5M Galaxy,272,440,-32,False,mode_s
ae0238,2026-07-21 03:59:51.880998,UNK C/S,58-0074,4116,32925,44.7,-62.9,KC-135R Stratotanker,,,,False,mode_s
ae20d6,2026-07-21 03:59:51.881001,UNK C/S,166911,Unavailable,Unavailable,48.5,17.7,F/A-18 Hornet,,,,False,mode_s
ae062d,2026-07-21 03:59:51.881004,UNK C/S,62-3571,7235,37000,48.3,-74.9,KC-135R Stratotanker,,,,False,mode_s
ae1179,2026-07-21 03:59:51.881007,RCH213,02-1107,2153,33000,26.3,-79.9,C-17A Globemaster,313,440,0,False,mode_s
ae1467,2026-07-21 03:59:51.881014,MOOSE43,07-7169,0746,29975,32.4,33.7,C-17A Globemaster,,,,False,mode_s
ae08cf,2026-07-21 04:00:52.359266,WOLF01,00-0185,4206,22000,64.03363,-151.518677,C-17A Globemaster,241,433,64,False,adsb_icao
ae1458,2026-07-21 04:00:52.359288,RCH241,06-6154,2761,30075,33.540722,-119.266136,C-17A Globemaster,101,461,-1518,False,mlat
ae210c,2026-07-21 04:00:52.359293,HR41,166961,0441,20950,36.456532,-118.685501,F/A-18 Hornet,175,521,-97,False,mlat
ae11e5,2026-07-21 04:00:52.359304,SNTRY61,78-0577,3652,15075,38.240437,-99.653893,E-3G AWACS,116,359,-30,False,mlat
ae0583,2026-07-21 04:00:52.359307,CHILI85,87-0038,0352,725,29.401102,-98.59169,C-5M Galaxy,156,110,-634,False,mlat
ae2fae,2026-07-21 04:00:52.359320,RCH193,08-8202,4021,37025,39.569225,-85.393188,C-17A Globemaster,76,504,0,False,mlat
ae1242,2026-07-21 04:00:52.359322,RCH339,04-4137,7337,32000,35.23613,-84.768768,C-17A Globemaster,302,435,0,False,mlat
ae07d3,2026-07-21 04:00:52.359351,LIFTR76,90-0534,1200,1300,33.577011,-81.069832,C-17A Globemaster,58,183,128,False,adsb_icao
ae0811,2026-07-21 04:00:52.359365,BEEF22,00-0175,1133,4975,39.022739,-75.090813,C-17A Globemaster,202,234,36,False,mlat
ae05ad,2026-07-21 04:00:52.359371,UNK C/S,63-8043,7213,37000,48.542484,-72.328529,KC-135R Stratotanker,144,556,0,False,mlat
ae05ac,2026-07-21 04:00:52.359376,UNK C/S,63-8029,7271,3400,44.850883,-68.636391,KC-135R Stratotanker,135,238,-858,False,mlat
ae1233,2026-07-21 04:00:52.359380,MCFAMC,03-3122,Unavailable,33984,54.838257,-42.428513,C-17A Globemaster,79,,,False,adsc
ae2fa6,2026-07-21 04:00:52.359383,RCH560,08-8194,2204,26975,51.939705,4.096203,C-17A Globemaster,115,441,535,False,mlat
ae07de,2026-07-21 04:00:52.359386,RCH409,93-0604,2647,22000,49.82386,10.379613,C-17A Globemaster,257,383,0,False,mlat
ae07e0,2026-07-21 04:00:52.359389,MOOSE45,94-0066,5406,34000,39.080395,25.116392,C-17A Globemaster,337,466,0,False,mlat
ae0369,2026-07-21 04:00:52.359393,UNK C/S,63-8024,5331,2150,32.065437,34.767384,KC-135R Stratotanker,103,176,-875,False,mlat
800790,2026-07-21 04:00:52.359397,IFC0736,CB-8003,3556,28525,26.643997,75.73555,C-17A Globemaster,47,462,-896,False,adsb_icao
ae049b,2026-07-21 04:00:52.359421,UNK C/S,61-0313,1602,21500,27.9,46.8,KC-135R Stratotanker,184,420,0,False,mode_s
ae0156,2026-07-21 04:00:52.359424,UNK C/S,57-1456,Unavailable,Unavailable,24.1,52.6,KC-135R Stratotanker,104,426,32,False,mode_s
ae058a,2026-07-21 04:00:52.359427,RCH2038,87-0045,0635,30000,54.1,-10.2,C-5M Galaxy,272,440,-32,False,mode_s
ae0238,2026-07-21 04:00:52.359430,UNK C/S,58-0074,4116,32950,44.6,-64.2,KC-135R Stratotanker,,,,False,mode_s
ae062d,2026-07-21 04:00:52.359434,UNK C/S,62-3571,7235,37000,48.3,-78.6,KC-135R Stratotanker,,,,False,mode_s
ae1179,2026-07-21 04:00:52.359438,RCH213,02-1107,2153,33000,26.3,-79.9,C-17A Globemaster,313,442,,False,mode_s
ae1467,2026-07-21 04:00:52.359444,MOOSE43,07-7169,0746,30000,32.3,33.7,C-17A Globemaster,,,,False,mode_s
ae08cf,2026-07-21 04:01:52.709318,WOLF01,00-0185,4206,22000,63.975815,-151.757431,C-17A Globemaster,240,430,128,False,adsb_icao
ae1458,2026-07-21 04:01:52.709367,RCH241,06-6154,2761,29025,33.515682,-119.104446,C-17A Globemaster,103,486,-985,False,mlat
ae210c,2026-07-21 04:01:52.709372,HR41,166961,0441,20950,36.329407,-118.610992,F/A-18 Hornet,170,376,53,False,mlat
ae11e5,2026-07-21 04:01:52.709384,SNTRY61,78-0577,3652,15100,38.194477,-99.556442,E-3G AWACS,110,363,80,False,mlat
ae0583,2026-07-21 04:01:52.709388,CHILI85,87-0038,0352,2550,29.348516,-98.573151,C-5M Galaxy,177,163,1878,False,mlat
ae2fae,2026-07-21 04:01:52.709401,RCH193,08-8202,4021,37025,39.601479,-85.224602,C-17A Globemaster,76,484,51,False,mlat
ae1242,2026-07-21 04:01:52.709404,RCH339,04-4137,7337,32000,35.297256,-84.893044,C-17A Globemaster,301,423,0,False,mlat
ae07d3,2026-07-21 04:01:52.709410,LIFTR76,90-0534,1200,1325,33.60173,-81.01799,C-17A Globemaster,58,176,64,False,adsb_icao
ae0811,2026-07-21 04:01:52.709420,BEEF22,00-0175,1133,4975,38.962219,-75.108536,C-17A Globemaster,192,220,-75,False,mlat
ae05ad,2026-07-21 04:01:52.709424,UNK C/S,63-8043,7213,37000,48.416805,-72.196556,KC-135R Stratotanker,146,532,0,False,mlat
ae05ac,2026-07-21 04:01:52.709428,UNK C/S,63-8029,7271,3000,44.793545,-68.585915,KC-135R Stratotanker,156,220,-133,False,mlat
ae1233,2026-07-21 04:01:52.709432,MCFAMC,03-3122,Unavailable,33984,54.838257,-42.428513,C-17A Globemaster,79,,,False,adsc
ae2fa6,2026-07-21 04:01:52.709439,RCH560,08-8194,2204,27000,51.891785,4.259612,C-17A Globemaster,111,424,0,False,mlat
ae07de,2026-07-21 04:01:52.709443,RCH409,93-0604,2647,22000,49.802757,10.204288,C-17A Globemaster,259,409,0,False,mlat
ae07e0,2026-07-21 04:01:52.709447,MOOSE45,94-0066,5406,34000,39.191002,25.055824,C-17A Globemaster,337,452,0,False,mlat
ae0369,2026-07-21 04:01:52.709453,UNK C/S,63-8024,5331,1325,32.038502,34.809761,KC-135R Stratotanker,140,173,-876,False,mlat
800790,2026-07-21 04:01:52.709457,IFC0736,CB-8003,3556,27550,26.753664,75.791664,C-17A Globemaster,0,457,-960,False,adsb_icao
ae049b,2026-07-21 04:01:52.709483,UNK C/S,61-0313,1602,21500,27.9,46.8,KC-135R Stratotanker,184,420,32,False,mode_s
ae058a,2026-07-21 04:01:52.709489,RCH2038,87-0045,0635,30000,54.1,-10.5,C-5M Galaxy,272,440,0,False,mode_s
ae0238,2026-07-21 04:01:52.709493,UNK C/S,58-0074,4116,32950,44.7,-64.0,KC-135R Stratotanker,,,,False,mode_s
ae062d,2026-07-21 04:01:52.709498,UNK C/S,62-3571,7235,37000,48.7,-72.3,KC-135R Stratotanker,,,,False,mode_s
ae1179,2026-07-21 04:01:52.709502,RCH213,02-1107,2153,33000,26.0,-78.9,C-17A Globemaster,313,442,-32,False,mode_s
ae87fc,2026-07-21 04:01:52.709508,UNK C/S,,5624,Unavailable,38.3,-74.5,E-6B TACAMO,,,,False,mode_s
ae1467,2026-07-21 04:01:52.709514,MOOSE43,07-7169,0746,30150,32.1,33.6,C-17A Globemaster,,,,False,mode_s
ae08cf,2026-07-21 04:02:53.242124,WOLF01,00-0185,4206,22000,63.917404,-151.99617,C-17A Globemaster,240,429,128,False,adsb_icao
ae1458,2026-07-21 04:02:53.242151,RCH241,06-6154,2761,28050,33.490135,-118.939224,C-17A Globemaster,99,468,-1010,False,mlat
ae210c,2026-07-21 04:02:53.242155,HR41,166961,0441,19225,36.272995,-118.573479,F/A-18 Hornet,152,405,-668,False,mlat
ae11e5,2026-07-21 04:02:53.242168,SNTRY61,78-0577,3652,15100,38.150017,-99.44236,E-3G AWACS,121,322,31,False,mlat
ae0583,2026-07-21 04:02:53.242172,CHILI85,87-0038,0352,3050,29.323629,-98.628845,C-5M Galaxy,246,214,91,False,mlat
ae2fae,2026-07-21 04:02:53.242188,RCH193,08-8202,4021,37000,39.633503,-85.052742,C-17A Globemaster,77,489,0,False,mlat
ae1242,2026-07-21 04:02:53.242192,RCH339,04-4137,7337,31700,35.365578,-85.029121,C-17A Globemaster,301,433,-510,False,mlat
ae07d3,2026-07-21 04:02:53.242198,LIFTR76,90-0534,1200,1225,33.640045,-81.019821,C-17A Globemaster,283,153,-192,False,adsb_icao
ae0811,2026-07-21 04:02:53.242207,BEEF22,00-0175,1133,4975,38.911079,-75.087311,C-17A Globemaster,95,298,-25,False,mlat
ae05ad,2026-07-21 04:02:53.242213,UNK C/S,63-8043,7213,37000,48.298702,-72.067245,KC-135R Stratotanker,143,506,0,False,mlat
ae05ac,2026-07-21 04:02:53.242217,UNK C/S,63-8029,7271,3000,44.735214,-68.554001,KC-135R Stratotanker,163,234,0,False,mlat
ae0238,2026-07-21 04:02:53.242221,UNK C/S,58-0074,4116,32950,43.200836,-64.786072,KC-135R Stratotanker,,,0,False,mode_s
ae1233,2026-07-21 04:02:53.242224,MCFAMC,03-3122,Unavailable,33984,54.838257,-42.428513,C-17A Globemaster,79,,,False,adsc
ae2fa6,2026-07-21 04:02:53.242228,RCH560,08-8194,2204,27000,51.833584,4.456998,C-17A Globemaster,117,516,0,False,mlat
ae07de,2026-07-21 04:02:53.242230,RCH409,93-0604,2647,22000,49.781158,10.024714,C-17A Globemaster,258,422,0,False,mlat
ae07e0,2026-07-21 04:02:53.242234,MOOSE45,94-0066,5406,34000,39.313934,24.986841,C-17A Globemaster,337,457,0,False,mlat
ae0369,2026-07-21 04:02:53.242238,UNK C/S,63-8024,5331,600,32.023689,34.848274,KC-135R Stratotanker,127,133,-803,False,mlat
800790,2026-07-21 04:02:53.242242,IFC0736,CB-8003,3556,27000,26.88336,75.794205,C-17A Globemaster,0,462,-256,False,adsb_icao
ae2fa8,2026-07-21 04:02:53.242268,SOUND32,08-8196,Unavailable,Unavailable,46.8,-123.4,C-17A Globemaster,,,,False,mode_s
ae049b,2026-07-21 04:02:53.242271,UNK C/S,61-0313,1602,21500,27.9,46.8,KC-135R Stratotanker,184,418,0,False,mode_s
ae058a,2026-07-21 04:02:53.242274,RCH2038,87-0045,0635,30000,54.0,-9.6,C-5M Galaxy,272,438,32,False,mode_s
ae062d,2026-07-21 04:02:53.242278,UNK C/S,62-3571,7235,37000,48.7,-72.3,KC-135R Stratotanker,,,,False,mode_s
ae1179,2026-07-21 04:02:53.242281,RCH213,02-1107,2153,32975,26.0,-78.9,C-17A Globemaster,313,444,32,False,mode_s
ae2fa4,2026-07-21 04:02:53.242285,UNK C/S,08-8192,Unavailable,Unavailable,52.3,3.9,C-17A Globemaster,,,,False,mode_s
ae1467,2026-07-21 04:02:53.242289,MOOSE43,07-7169,0746,30675,32.3,33.4,C-17A Globemaster,,,,False,mode_s
ae08cf,2026-07-21 04:03:53.653688,WOLF01,00-0185,4206,22000,63.859177,-152.231522,C-17A Globemaster,240,429,0,False,adsb_icao
ae1458,2026-07-21 04:03:53.653715,RCH241,06-6154,2761,27025,33.463573,-118.790192,C-17A Globemaster,103,460,-1102,False,mlat
ae210c,2026-07-21 04:03:53.653720,HR41,166961,0441,17600,36.172039,-118.408424,F/A-18 Hornet,144,416,-2375,False,mlat
ae11e5,2026-07-21 04:03:53.653732,SNTRY61,78-0577,3652,15125,38.110783,-99.32431,E-3G AWACS,115,347,39,False,mlat
ae0583,2026-07-21 04:03:53.653736,CHILI85,87-0038,0352,3050,29.337339,-98.68837,C-5M Galaxy,336,286,75,False,mlat
ae1242,2026-07-21 04:03:53.653751,RCH339,04-4137,7337,31200,35.422127,-85.155235,C-17A Globemaster,300,438,-453,False,mlat
ae2fae,2026-07-21 04:03:53.653755,RCH193,08-8202,4021,37000,39.661194,-84.883568,C-17A Globemaster,77,508,-36,False,mlat
ae07d3,2026-07-21 04:03:53.653760,LIFTR76,90-0534,1200,675,33.624298,-81.05909,C-17A Globemaster,233,128,-192,False,adsb_icao
ae0811,2026-07-21 04:03:53.653768,BEEF22,00-0175,1133,4950,38.961166,-75.064049,C-17A Globemaster,306,298,-73,False,mlat
ae05ad,2026-07-21 04:03:53.653772,UNK C/S,63-8043,7213,37000,48.183846,-71.95858,KC-135R Stratotanker,146,542,0,False,mlat
ae05ac,2026-07-21 04:03:53.653776,UNK C/S,63-8029,7271,3000,44.687889,-68.57312,KC-135R Stratotanker,261,230,-133,False,mlat
ae1233,2026-07-21 04:03:53.653780,MCFAMC,03-3122,Unavailable,33984,54.838257,-42.428513,C-17A Globemaster,79,,,False,adsc
ae2fa6,2026-07-21 04:03:53.653783,RCH560,08-8194,2204,27000,51.77866,4.641511,C-17A Globemaster,116,448,0,False,mlat
ae07de,2026-07-21 04:03:53.653786,RCH409,93-0604,2647,21825,49.760723,9.859965,C-17A Globemaster,259,410,-428,False,mlat
ae07e0,2026-07-21 04:03:53.653790,MOOSE45,94-0066,5406,34000,39.419025,24.92881,C-17A Globemaster,337,443,0,False,mlat
800790,2026-07-21 04:03:53.653795,IFC0736,CB-8003,3556,27000,27.013613,75.796211,C-17A Globemaster,0,465,-256,False,adsb_icao
ae049b,2026-07-21 04:03:53.653817,UNK C/S,61-0313,1602,21500,27.9,46.8,KC-135R Stratotanker,184,418,0,False,mode_s
ae0156,2026-07-21 04:03:53.653821,UNK C/S,57-1456,Unavailable,Unavailable,23.9,52.9,KC-135R Stratotanker,,,,False,mode_s
ae058a,2026-07-21 04:03:53.653824,RCH2038,87-0045,0635,30000,53.9,-9.5,C-5M Galaxy,271,438,-288,False,mode_s
ae0238,2026-07-21 04:03:53.653827,UNK C/S,58-0074,4116,32950,44.6,-64.2,KC-135R Stratotanker,,,,False,mode_s
ae062d,2026-07-21 04:03:53.653831,UNK C/S,62-3571,7235,37000,48.7,-72.3,KC-135R Stratotanker,,,,False,mode_s
ae1179,2026-07-21 04:03:53.653834,RCH213,02-1107,2153,33000,26.0,-78.9,C-17A Globemaster,332,442,32,False,mode_s
ae1467,2026-07-21 04:03:53.653840,MOOSE43,07-7169,0746,31050,32.0,33.5,C-17A Globemaster,,,,False,mode_s
ae08cf,2026-07-21 04:04:54.311543,WOLF01,00-0185,4206,22000,63.799934,-152.468597,C-17A Globemaster,240,421,0,False,adsb_icao
ae1458,2026-07-21 04:04:54.311574,RCH241,06-6154,2761,26975,33.443199,-118.642227,C-17A Globemaster,101,399,0,False,mlat
ae210c,2026-07-21 04:04:54.311578,HR41,166961,0441,16100,36.121635,-118.338379,F/A-18 Hornet,173,351,-2016,False,mlat
ae11e5,2026-07-21 04:04:54.311589,SNTRY61,78-0577,3652,15075,38.065784,-99.212044,E-3G AWACS,116,361,-78,False,mlat
ae0583,2026-07-21 04:04:54.311592,CHILI85,87-0038,0352,3025,29.401108,-98.709778,C-5M Galaxy,340,216,0,False,mlat
ae1242,2026-07-21 04:04:54.311609,RCH339,04-4137,7337,29275,35.482845,-85.28495,C-17A Globemaster,300,436,-1943,False,mlat
ae2fae,2026-07-21 04:04:54.311612,RCH193,08-8202,4021,37025,39.696747,-84.708977,C-17A Globemaster,77,496,34,False,mlat
ae0811,2026-07-21 04:04:54.311622,BEEF22,00-0175,1133,4975,39.028671,-75.077797,C-17A Globemaster,360,269,0,False,mlat
ae05ad,2026-07-21 04:04:54.311627,UNK C/S,63-8043,7213,37000,48.059109,-71.829384,KC-135R Stratotanker,146,531,0,False,mlat
ae05ac,2026-07-21 04:04:54.311631,UNK C/S,63-8029,7271,3000,44.693611,-68.643692,KC-135R Stratotanker,292,159,-115,False,mlat
ae0238,2026-07-21 04:04:54.311635,UNK C/S,58-0074,4116,32925,43.304146,-64.391434,KC-135R Stratotanker,,,75,False,mode_s
ae1233,2026-07-21 04:04:54.311638,MCFAMC,03-3122,Unavailable,33984,54.838257,-42.428513,C-17A Globemaster,79,,,False,adsc
ae2fa6,2026-07-21 04:04:54.311641,RCH560,08-8194,2204,27000,51.723728,4.822977,C-17A Globemaster,116,446,0,False,mlat
ae07de,2026-07-21 04:04:54.311644,RCH409,93-0604,2647,20200,49.739113,9.683846,C-17A Globemaster,257,391,-1623,False,mlat
ae07e0,2026-07-21 04:04:54.311648,MOOSE45,94-0066,5406,34000,39.541718,24.860106,C-17A Globemaster,336,443,0,False,mlat
800790,2026-07-21 04:04:54.311654,IFC0736,CB-8003,3556,25400,27.143829,75.799599,C-17A Globemaster,1,455,-1664,False,adsb_icao
ae049b,2026-07-21 04:04:54.311678,UNK C/S,61-0313,1602,Unavailable,27.9,46.8,KC-135R Stratotanker,,,,False,mode_s
ae0156,2026-07-21 04:04:54.311681,UNK C/S,57-1456,Unavailable,Unavailable,23.2,53.7,KC-135R Stratotanker,,,,False,mode_s
ae058a,2026-07-21 04:04:54.311684,RCH2038,87-0045,0635,30000,53.6,-10.0,C-5M Galaxy,271,438,,False,mode_s
ae062d,2026-07-21 04:04:54.311687,UNK C/S,62-3571,7235,37000,48.7,-72.3,KC-135R Stratotanker,,,,False,mode_s
ae1179,2026-07-21 04:04:54.311690,RCH213,02-1107,2153,33000,26.0,-78.9,C-17A Globemaster,351,444,64,False,mode_s
ae07d3,2026-07-21 04:04:54.311695,LIFTR76,90-0534,1200,Unavailable,33.2,-81.3,C-17A Globemaster,234,141,,False,mode_s
ae1467,2026-07-21 04:04:54.311700,MOOSE43,07-7169,0746,31700,32.2,33.5,C-17A Globemaster,,,,False,mode_s
ae08cf,2026-07-21 04:05:54.712894,WOLF01,00-0185,4206,22000,63.742722,-152.694855,C-17A Globemaster,240,420,192,False,adsb_icao
ae1458,2026-07-21 04:05:54.712923,RCH241,06-6154,2761,25925,33.421455,-118.507401,C-17A Globemaster,100,414,-1209,False,mlat
ae210c,2026-07-21 04:05:54.712928,HR41,166961,0441,15975,35.996925,-118.363853,F/A-18 Hornet,188,466,-212,False,mlat
ae11e5,2026-07-21 04:05:54.712942,SNTRY61,78-0577,3652,15075,38.014999,-99.123116,E-3G AWACS,115,347,-17,False,mlat
ae0583,2026-07-21 04:05:54.712946,CHILI85,87-0038,0352,3025,29.461639,-98.730026,C-5M Galaxy,345,223,0,False,mlat
ae1242,2026-07-21 04:05:54.712964,RCH339,04-4137,7337,28000,35.550018,-85.421524,C-17A Globemaster,301,438,-374,False,mlat
ae2fae,2026-07-21 04:05:54.712968,RCH193,08-8202,4021,37025,39.729031,-84.528069,C-17A Globemaster,75,492,-53,False,mlat
ae07d3,2026-07-21 04:05:54.712973,LIFTR76,90-0534,1200,1275,33.573425,-81.094498,C-17A Globemaster,102,166,128,False,adsb_icao
ae0811,2026-07-21 04:05:54.712981,BEEF22,00-0175,1133,4975,39.062923,-75.024841,C-17A Globemaster,116,320,2,False,mlat
ae05ad,2026-07-21 04:05:54.712986,UNK C/S,63-8043,7213,37000,47.929928,-71.699142,KC-135R Stratotanker,145,507,0,False,mlat
ae05ac,2026-07-21 04:05:54.712990,UNK C/S,63-8029,7271,2425,44.715584,-68.695557,KC-135R Stratotanker,321,139,-953,False,mlat
ae0238,2026-07-21 04:05:54.712995,UNK C/S,58-0074,4116,32950,43.410347,-64.036781,KC-135R Stratotanker,,,58,False,mlat
ae1233,2026-07-21 04:05:54.712998,MCFAMC,03-3122,Unavailable,33984,54.838257,-42.428513,C-17A Globemaster,79,,,False,adsc
ae2fa6,2026-07-21 04:05:54.713001,RCH560,08-8194,2204,27000,51.669849,5.003538,C-17A Globemaster,114,453,0,False,mlat
ae07de,2026-07-21 04:05:54.713004,RCH409,93-0604,2647,18200,49.718197,9.518213,C-17A Globemaster,260,385,-2025,False,mlat
ae07e0,2026-07-21 04:05:54.713008,MOOSE45,94-0066,5406,34000,39.647602,24.799101,C-17A Globemaster,337,451,0,False,mlat
800790,2026-07-21 04:05:54.713012,IFC0736,CB-8003,3556,25000,27.271046,75.800491,C-17A Globemaster,0,459,-160,False,adsb_icao
ae0156,2026-07-21 04:05:54.713037,UNK C/S,57-1456,6106,22000,22.9,53.9,KC-135R Stratotanker,71,418,-64,False,mode_s
ae058a,2026-07-21 04:05:54.713041,RCH2038,87-0045,0635,30000,53.7,-9.4,C-5M Galaxy,271,438,-32,False,mode_s
ae062d,2026-07-21 04:05:54.713046,UNK C/S,62-3571,7235,37000,48.5,-77.7,KC-135R Stratotanker,,,,False,mode_s
ae1179,2026-07-21 04:05:54.713050,RCH213,02-1107,2153,33000,26.0,-78.9,C-17A Globemaster,351,442,-64,False,mode_s
ae07c6,2026-07-21 04:05:54.713057,UNK C/S,64-14831,3226,150,27.1,127.6,WC-135R,,,,False,mode_s
ae1467,2026-07-21 04:05:54.713060,MOOSE43,07-7169,0746,32000,32.3,33.2,C-17A Globemaster,,,,False,mode_s
ae0501,2026-07-21 04:05:54.713063,UNK C/S,59-1504,5735,Unavailable,47.5,-54.4,KC-135R Stratotanker,,,,False,mode_s
ae08cf,2026-07-21 04:06:55.089571,WOLF01,00-0185,4206,22000,63.684067,-152.92485,C-17A Globemaster,239,421,-192,False,adsb_icao
ae210c,2026-07-21 04:06:55.089601,HR41,166961,0441,15950,35.854134,-118.390556,F/A-18 Hornet,187,534,-11,False,mlat
ae1458,2026-07-21 04:06:55.089606,RCH241,06-6154,2761,24700,33.424976,-118.370407,C-17A Globemaster,76,428,-1258,False,mlat
ae11e5,2026-07-21 04:06:55.089616,SNTRY61,78-0577,3652,15075,37.980888,-98.997841,E-3G AWACS,117,326,-59,False,mlat
ae0583,2026-07-21 04:06:55.089620,CHILI85,87-0038,0352,3025,29.523724,-98.752724,C-5M Galaxy,341,200,0,False,mlat
ae1242,2026-07-21 04:06:55.089633,RCH339,04-4137,7337,28000,35.607979,-85.543968,C-17A Globemaster,302,425,31,False,mlat
ae2fae,2026-07-21 04:06:55.089637,RCH193,08-8202,4021,37025,39.760796,-84.353935,C-17A Globemaster,76,497,75,False,mlat
ae07d3,2026-07-21 04:06:55.089641,LIFTR76,90-0534,1200,1350,33.594517,-81.042938,C-17A Globemaster,58,182,0,False,adsb_icao
ae0811,2026-07-21 04:06:55.089649,BEEF22,00-0175,1133,4975,39.003445,-75.022713,C-17A Globemaster,209,213,70,False,mlat
ae05ad,2026-07-21 04:06:55.089654,UNK C/S,63-8043,7213,37000,47.806522,-71.573753,KC-135R Stratotanker,146,535,0,False,mlat
ae05ac,2026-07-21 04:06:55.089659,UNK C/S,63-8029,7271,1625,44.744419,-68.736366,KC-135R Stratotanker,320,169,-757,False,mlat
ae0238,2026-07-21 04:06:55.089663,UNK C/S,58-0074,4116,32925,43.413109,-63.972672,KC-135R Stratotanker,,,-59,False,mode_s
ae2fa6,2026-07-21 04:06:55.089666,RCH560,08-8194,2204,27000,51.613693,5.186963,C-17A Globemaster,114,461,0,False,mlat
ae07de,2026-07-21 04:06:55.089669,RCH409,93-0604,2647,16100,49.698139,9.362708,C-17A Globemaster,260,400,-2000,False,mlat
ae07e0,2026-07-21 04:06:55.089673,MOOSE45,94-0066,5406,34000,39.771023,24.728537,C-17A Globemaster,336,471,0,False,mlat
800790,2026-07-21 04:06:55.089678,IFC0736,CB-8003,3556,25000,27.400085,75.80162,C-17A Globemaster,0,460,96,False,adsb_icao
ae0156,2026-07-21 04:06:55.089701,UNK C/S,57-1456,6106,22000,22.9,53.9,KC-135R Stratotanker,52,416,128,False,mode_s
ae058a,2026-07-21 04:06:55.089704,RCH2038,87-0045,0635,30000,53.9,-9.3,C-5M Galaxy,271,438,0,False,mode_s
ae062d,2026-07-21 04:06:55.089708,UNK C/S,62-3571,7235,37000,46.5,-71.4,KC-135R Stratotanker,,,,False,mode_s
ae1179,2026-07-21 04:06:55.089711,RCH213,02-1107,2153,33000,29.2,-80.7,C-17A Globemaster,351,442,-160,False,mode_s
ae07c6,2026-07-21 04:06:55.089718,UNK C/S,64-14831,3226,1975,26.4,127.9,WC-135R,,,,False,mode_s
ae1467,2026-07-21 04:06:55.089721,MOOSE43,07-7169,0746,32000,32.2,33.3,C-17A Globemaster,,,,False,mode_s
ae08cf,2026-07-21 04:07:55.568896,WOLF01,00-0185,4206,22000,63.624992,-153.153915,C-17A Globemaster,239,421,-192,False,adsb_icao
ae210c,2026-07-21 04:07:55.568923,HR41,166961,0441,15950,35.713799,-118.391701,F/A-18 Hornet,179,469,63,False,mlat
ae1458,2026-07-21 04:07:55.568927,RCH241,06-6154,2761,24000,33.441639,-118.249245,C-17A Globemaster,81,388,-103,False,mlat
ae11e5,2026-07-21 04:07:55.568943,SNTRY61,78-0577,3652,15050,37.960358,-98.873512,E-3G AWACS,88,321,110,False,mlat
ae0583,2026-07-21 04:07:55.568947,CHILI85,87-0038,0352,3025,29.584827,-98.760406,C-5M Galaxy,20,288,-78,False,mlat
ae1242,2026-07-21 04:07:55.568965,RCH339,04-4137,7337,27725,35.673721,-85.682846,C-17A Globemaster,302,435,-463,False,mlat
ae2fae,2026-07-21 04:07:55.568968,RCH193,08-8202,4021,37000,39.793224,-84.174782,C-17A Globemaster,76,498,76,False,mlat
ae07d3,2026-07-21 04:07:55.568974,LIFTR76,90-0534,1200,1375,33.631153,-81.006264,C-17A Globemaster,343,187,64,False,adsb_icao
ae0811,2026-07-21 04:07:55.568984,BEEF22,00-0175,1133,4975,38.971874,-75.072929,C-17A Globemaster,293,312,-1,False,mlat
ae05ad,2026-07-21 04:07:55.568989,UNK C/S,63-8043,7213,37000,47.676842,-71.443802,KC-135R Stratotanker,146,532,0,False,mlat
ae05ac,2026-07-21 04:07:55.568994,UNK C/S,63-8029,7271,875,44.774895,-68.777695,KC-135R Stratotanker,315,157,-681,False,mlat
ae2fa6,2026-07-21 04:07:55.568998,RCH560,08-8194,2204,27000,51.559082,5.364053,C-17A Globemaster,117,436,0,False,mlat
ae07de,2026-07-21 04:07:55.569001,RCH409,93-0604,2647,14300,49.676609,9.19732,C-17A Globemaster,258,359,-1927,False,mlat
ae07e0,2026-07-21 04:07:55.569004,MOOSE45,94-0066,5406,34000,39.876152,24.669483,C-17A Globemaster,338,437,0,False,mlat
800790,2026-07-21 04:07:55.569009,IFC0736,CB-8003,3556,24975,27.529587,75.803749,C-17A Globemaster,1,460,-512,False,adsb_icao
ae07c6,2026-07-21 04:07:55.569019,UNK C/S,64-14831,3226,3575,26.279827,127.662971,WC-135R,232,253,1346,False,mlat
ae87fc,2026-07-21 04:07:55.569033,UNK C/S,,5624,Unavailable,38.9,-73.9,E-6B TACAMO,,,,False,mode_s
ae0156,2026-07-21 04:07:55.569042,UNK C/S,57-1456,0145,22000,22.9,53.9,KC-135R Stratotanker,55,416,0,False,mode_s
ae058a,2026-07-21 04:07:55.569045,RCH2038,87-0045,0635,30000,53.7,-9.9,C-5M Galaxy,271,440,0,False,mode_s
ae0238,2026-07-21 04:07:55.569048,UNK C/S,58-0074,4116,32950,44.4,-63.7,KC-135R Stratotanker,,,,False,mode_s
ae062d,2026-07-21 04:07:55.569052,UNK C/S,62-3571,7235,37000,48.7,-72.3,KC-135R Stratotanker,,,,False,mode_s
ae1179,2026-07-21 04:07:55.569055,RCH213,02-1107,2153,33000,29.1,-80.4,C-17A Globemaster,351,444,96,False,mode_s
ae1467,2026-07-21 04:07:55.569061,MOOSE43,07-7169,0746,32000,31.8,33.4,C-17A Globemaster,,,,False,mode_s
ae08cf,2026-07-21 04:08:56.088587,WOLF01,00-0185,4206,22000,63.565311,-153.38266,C-17A Globemaster,239,427,-320,False,adsb_icao
ae210c,2026-07-21 04:08:56.088613,HR41,166961,0441,14225,35.605236,-118.346817,F/A-18 Hornet,156,367,-522,False,mlat
ae1458,2026-07-21 04:08:56.088618,RCH241,06-6154,2761,22725,33.44315,-118.111137,C-17A Globemaster,93,433,-1705,False,mlat
ae11e5,2026-07-21 04:08:56.088630,SNTRY61,78-0577,3652,15050,37.98251,-98.759911,E-3G AWACS,60,361,-57,False,mlat
ae0583,2026-07-21 04:08:56.088633,CHILI85,87-0038,0352,3025,29.592239,-98.699577,C-5M Galaxy,98,191,11,False,mlat
ae1242,2026-07-21 04:08:56.088648,RCH339,04-4137,7337,25775,35.735321,-85.814919,C-17A Globemaster,299,435,-1947,False,mlat
ae2fae,2026-07-21 04:08:56.088652,RCH193,08-8202,4021,37000,39.822392,-84.009148,C-17A Globemaster,79,487,56,False,mlat
ae07d3,2026-07-21 04:08:56.088656,LIFTR76,90-0534,1200,1025,33.632736,-81.045631,C-17A Globemaster,234,124,-960,False,adsb_icao
ae0811,2026-07-21 04:08:56.088664,BEEF22,00-0175,1133,4950,39.034088,-75.081886,C-17A Globemaster,24,267,-76,False,mlat
ae05ad,2026-07-21 04:08:56.088668,UNK C/S,63-8043,7213,37000,47.554996,-71.324783,KC-135R Stratotanker,145,543,0,False,mlat
ae05ac,2026-07-21 04:08:56.088671,UNK C/S,63-8029,7271,125,44.795898,-68.811821,KC-135R Stratotanker,298,117,-766,False,mlat
ae2fa6,2026-07-21 04:08:56.088675,RCH560,08-8194,2204,27000,51.504639,5.53918,C-17A Globemaster,117,441,0,False,mlat
ae07de,2026-07-21 04:08:56.088678,RCH409,93-0604,2647,12800,49.656284,9.043626,C-17A Globemaster,258,349,-1348,False,mlat
ae07e0,2026-07-21 04:08:56.088681,MOOSE45,94-0066,5406,34000,40.010784,24.592548,C-17A Globemaster,336,487,0,False,mlat
800790,2026-07-21 04:08:56.088686,IFC0736,CB-8003,3556,24000,27.645931,75.85257,C-17A Globemaster,35,456,-1056,False,adsb_icao
ae07c6,2026-07-21 04:08:56.088695,UNK C/S,64-14831,3226,5775,26.220215,127.598099,WC-135R,221,289,2429,False,mlat
ae87fc,2026-07-21 04:08:56.088710,UNK C/S,,5624,Unavailable,38.8,-73.7,E-6B TACAMO,,,,False,mode_s
ae2fa8,2026-07-21 04:08:56.088714,SOUND32,08-8196,Unavailable,350,46.8,-123.4,C-17A Globemaster,,,,False,mode_s
ae0156,2026-07-21 04:08:56.088718,UNK C/S,57-1456,0145,22000,22.9,53.9,KC-135R Stratotanker,60,416,0,False,mode_s
ae058a,2026-07-21 04:08:56.088721,RCH2038,87-0045,0635,30000,53.7,-10.0,C-5M Galaxy,,,,False,mode_s
ae0238,2026-07-21 04:08:56.088724,UNK C/S,58-0074,4116,32950,44.5,-63.7,KC-135R Stratotanker,,,,False,mode_s
ae062d,2026-07-21 04:08:56.088727,UNK C/S,62-3571,7235,37000,48.7,-72.3,KC-135R Stratotanker,,,,False,mode_s
ae0501,2026-07-21 04:08:56.088730,UNK C/S,59-1504,5735,Unavailable,47.5,-54.4,KC-135R Stratotanker,,,,False,mode_s
ae1179,2026-07-21 04:08:56.088733,RCH213,02-1107,2153,33000,26.0,-78.9,C-17A Globemaster,351,440,-64,False,mode_s
ae1467,2026-07-21 04:08:56.088739,MOOSE43,07-7169,0746,32000,31.8,33.6,C-17A Globemaster,,,,False,mode_s
ae08cf,2026-07-21 04:09:56.444618,WOLF01,00-0185,4206,20100,63.506195,-153.609039,C-17A Globemaster,239,407,-1984,False,adsb_icao
ae210c,2026-07-21 04:09:56.444645,HR41,166961,0441,15025,35.535484,-118.256042,F/A-18 Hornet,123,417,818,False,mlat
ae1458,2026-07-21 04:09:56.444650,RCH241,06-6154,2761,20775,33.441261,-117.966621,C-17A Globemaster,90,430,-1971,False,mlat
ae11e5,2026-07-21 04:09:56.444663,SNTRY61,78-0577,3652,15100,38.046764,-98.673164,E-3G AWACS,37,334,128,False,mlat
ae0583,2026-07-21 04:09:56.444667,CHILI85,87-0038,0352,3050,29.565983,-98.662582,C-5M Galaxy,136,159,1,False,mlat
ae1242,2026-07-21 04:09:56.444682,RCH339,04-4137,7337,23775,35.794991,-85.941261,C-17A Globemaster,302,447,-2027,False,mlat
ae2fae,2026-07-21 04:09:56.444685,RCH193,08-8202,4021,37000,39.855431,-83.821777,C-17A Globemaster,77,500,0,False,mlat
ae07d3,2026-07-21 04:09:56.444690,LIFTR76,90-0534,1200,650,33.624634,-81.058617,C-17A Globemaster,232,129,-832,False,adsb_icao
ae0811,2026-07-21 04:09:56.444699,BEEF22,00-0175,1133,4400,39.1022,-75.062515,C-17A Globemaster,11,274,-904,False,mlat
ae05ad,2026-07-21 04:09:56.444704,UNK C/S,63-8043,7213,37000,47.429428,-71.198372,KC-135R Stratotanker,146,525,0,False,mlat
ae2fa6,2026-07-21 04:09:56.444709,RCH560,08-8194,2204,27000,51.449112,5.719103,C-17A Globemaster,116,457,0,False,mlat
ae07de,2026-07-21 04:09:56.444712,RCH409,93-0604,2647,11475,49.644222,8.911864,C-17A Globemaster,262,306,-1352,False,mlat
ae07e0,2026-07-21 04:09:56.444715,MOOSE45,94-0066,5406,34000,40.125515,24.5161,C-17A Globemaster,330,507,0,False,mlat
800790,2026-07-21 04:09:56.444721,IFC0736,CB-8003,3556,22225,27.748346,75.93454,C-17A Globemaster,34,443,-2112,False,adsb_icao
ae07c6,2026-07-21 04:09:56.444730,UNK C/S,64-14831,3226,8200,26.154266,127.577454,WC-135R,200,307,1974,False,mlat
ae87fc,2026-07-21 04:09:56.444747,UNK C/S,,5624,Unavailable,38.9,-72.0,E-6B TACAMO,,,,False,mode_s
ae2fa8,2026-07-21 04:09:56.444751,SOUND32,08-8196,1531,1775,47.2,-122.5,C-17A Globemaster,,,,False,mode_s
ae0156,2026-07-21 04:09:56.444756,UNK C/S,57-1456,0145,22000,22.9,53.9,KC-135R Stratotanker,60,416,0,False,mode_s
ae0238,2026-07-21 04:09:56.444760,UNK C/S,58-0074,4116,32925,43.9,-63.7,KC-135R Stratotanker,,,,False,mode_s
ae062d,2026-07-21 04:09:56.444764,UNK C/S,62-3571,7235,37000,46.5,-71.0,KC-135R Stratotanker,,,,False,mode_s
ae1179,2026-07-21 04:09:56.444768,RCH213,02-1107,2153,33000,29.2,-80.7,C-17A Globemaster,351,442,-64,False,mode_s
ae1467,2026-07-21 04:09:56.444773,MOOSE43,07-7169,0746,32000,32.2,33.1,C-17A Globemaster,,,,False,mode_s
ae08cf,2026-07-21 04:10:56.773617,WOLF01,00-0185,4206,18075,63.45126,-153.82991,C-17A Globemaster,238,398,-1856,False,adsb_icao
ae2fa8,2026-07-21 04:10:56.773641,SOUND32,08-8196,1531,3625,47.028454,-122.472939,C-17A Globemaster,160,184,1742,False,mlat
ae210c,2026-07-21 04:10:56.773650,HR41,166961,0441,15100,35.456982,-118.159927,F/A-18 Hornet,133,391,28,False,mlat
ae1458,2026-07-21 04:10:56.773655,RCH241,06-6154,2761,18750,33.400452,-117.835503,C-17A Globemaster,117,421,-1989,False,mlat
ae0583,2026-07-21 04:10:56.773667,CHILI85,87-0038,0352,2650,29.526308,-98.633949,C-5M Galaxy,171,168,-627,False,mlat
ae11e5,2026-07-21 04:10:56.773672,SNTRY61,78-0577,3652,15075,38.129013,-98.630692,E-3G AWACS,8,325,5,False,mlat
ae1242,2026-07-21 04:10:56.773691,RCH339,04-4137,7337,21750,35.855438,-86.073486,C-17A Globemaster,300,391,-2007,False,mlat
ae2fae,2026-07-21 04:10:56.773695,RCH193,08-8202,4021,37025,39.88559,-83.649422,C-17A Globemaster,78,480,75,False,mlat
ae07d3,2026-07-21 04:10:56.773700,LIFTR76,90-0534,1200,1175,33.589626,-81.114182,C-17A Globemaster,213,140,960,False,adsb_icao
ae0811,2026-07-21 04:10:56.773709,BEEF22,00-0175,1133,3400,39.178261,-75.040207,C-17A Globemaster,11,274,-985,False,mlat
ae05ad,2026-07-21 04:10:56.773714,UNK C/S,63-8043,7213,37000,47.304459,-71.074608,KC-135R Stratotanker,146,541,0,False,mlat
ae2fa6,2026-07-21 04:10:56.773719,RCH560,08-8194,2204,27000,51.390728,5.906569,C-17A Globemaster,117,446,0,False,mlat
ae07de,2026-07-21 04:10:56.773723,RCH409,93-0604,2647,10150,49.633129,8.784102,C-17A Globemaster,263,279,-1272,False,mlat
ae07e0,2026-07-21 04:10:56.773726,MOOSE45,94-0066,5406,34000,40.238274,24.460247,C-17A Globemaster,336,466,0,False,mlat
ae1467,2026-07-21 04:10:56.773731,MOOSE43,07-7169,0746,32000,30.491953,33.578819,C-17A Globemaster,,,0,False,mlat
800790,2026-07-21 04:10:56.773734,IFC0736,CB-8003,3556,20225,27.846359,76.012177,C-17A Globemaster,36,417,-1920,False,adsb_icao
ae07c6,2026-07-21 04:10:56.773744,UNK C/S,64-14831,3226,10300,26.084475,127.548607,WC-135R,197,294,2016,False,mlat
ae87fc,2026-07-21 04:10:56.773760,UNK C/S,,5624,Unavailable,38.5,-71.5,E-6B TACAMO,,,,False,mode_s
ae07ec,2026-07-21 04:10:56.773764,LIFTR75,96-0002,6225,26000,32.7,-78.7,C-17A Globemaster,,,,False,mode_s
ae0156,2026-07-21 04:10:56.773771,UNK C/S,57-1456,0145,22000,22.9,53.9,KC-135R Stratotanker,60,400,32,False,mode_s
ae0238,2026-07-21 04:10:56.773774,UNK C/S,58-0074,4116,32950,45.0,-64.3,KC-135R Stratotanker,,,,False,mode_s
ae062d,2026-07-21 04:10:56.773778,UNK C/S,62-3571,7235,37000,46.5,-71.3,KC-135R Stratotanker,,,,False,mode_s
ae1179,2026-07-21 04:10:56.773783,RCH213,02-1107,2153,33000,28.2,-81.5,C-17A Globemaster,351,442,-32,False,mode_s
ae08cf,2026-07-21 04:11:57.189841,WOLF01,00-0185,4206,16075,63.393311,-154.040359,C-17A Globemaster,238,393,-896,False,adsb_icao
ae2fa8,2026-07-21 04:11:57.189866,SOUND32,08-8196,1531,4750,46.987892,-122.424309,C-17A Globemaster,142,216,1108,False,mlat
ae210c,2026-07-21 04:11:57.189874,HR41,166961,0441,15000,35.37178,-118.058571,F/A-18 Hornet,137,483,-112,False,mlat
ae1458,2026-07-21 04:11:57.189879,RCH241,06-6154,2761,16775,33.352654,-117.710083,C-17A Globemaster,115,409,-1976,False,mlat
ae11e5,2026-07-21 04:11:57.189892,SNTRY61,78-0577,3652,15075,38.227047,-98.64315,E-3G AWACS,342,350,16,False,mlat
ae0583,2026-07-21 04:11:57.189895,CHILI85,87-0038,0352,2400,29.48634,-98.618729,C-5M Galaxy,158,159,-9,False,mlat
ae1242,2026-07-21 04:11:57.189913,RCH339,04-4137,7337,19750,35.9095,-86.191803,C-17A Globemaster,299,430,-1984,False,mlat
ae2fae,2026-07-21 04:11:57.189918,RCH193,08-8202,4021,37000,39.916538,-83.471001,C-17A Globemaster,77,514,7,False,mlat
ae07d3,2026-07-21 04:11:57.189924,LIFTR76,90-0534,1200,1850,33.547256,-81.107803,C-17A Globemaster,165,152,256,False,adsb_icao
ae07ec,2026-07-21 04:11:57.189931,LIFTR75,96-0002,6225,26000,33.023121,-77.859489,C-17A Globemaster,,,72,False,mlat
ae0811,2026-07-21 04:11:57.189937,BEEF22,00-0175,1133,2400,39.245159,-75.005554,C-17A Globemaster,36,293,-1000,False,mlat
ae062d,2026-07-21 04:11:57.189943,UNK C/S,62-3571,7235,37000,48.894264,-72.693008,KC-135R Stratotanker,,,0,False,mlat
ae05ad,2026-07-21 04:11:57.189947,UNK C/S,63-8043,7213,37000,47.183479,-70.955475,KC-135R Stratotanker,145,530,0,False,mlat
ae2fa6,2026-07-21 04:11:57.189952,RCH560,08-8194,2204,27000,51.335155,6.082072,C-17A Globemaster,118,464,0,False,mlat
ae07de,2026-07-21 04:11:57.189955,RCH409,93-0604,2647,10000,49.620998,8.670394,C-17A Globemaster,261,278,0,False,mlat
ae07e0,2026-07-21 04:11:57.189959,MOOSE45,94-0066,5406,34000,40.359192,24.392124,C-17A Globemaster,336,447,0,False,mlat
ae1467,2026-07-21 04:11:57.189963,MOOSE43,07-7169,0746,32000,30.497557,33.559055,C-17A Globemaster,,,0,False,mode_s
800790,2026-07-21 04:11:57.189967,IFC0736,CB-8003,3556,18250,27.937954,76.088242,C-17A Globemaster,36,402,-1728,False,adsb_icao
ae07c6,2026-07-21 04:11:57.189977,UNK C/S,64-14831,3226,11575,26.063641,127.546249,WC-135R,198,281,1414,False,mlat
ae049b,2026-07-21 04:11:57.189994,UNK C/S,61-0313,1602,Unavailable,27.1,48.4,KC-135R Stratotanker,,,,False,mode_s
ae87fc,2026-07-21 04:11:57.189997,UNK C/S,,5624,19500,38.2,-71.1,E-6B TACAMO,,,,False,mode_s
ae0238,2026-07-21 04:11:57.190002,UNK C/S,58-0074,4116,32925,44.4,-63.3,KC-135R Stratotanker,,,,False,mode_s
ae0156,2026-07-21 04:11:57.190008,UNK C/S,57-1456,0145,22000,22.9,53.9,KC-135R Stratotanker,59,392,0,False,mode_s
ae1179,2026-07-21 04:11:57.190012,RCH213,02-1107,2153,33000,28.9,-80.9,C-17A Globemaster,351,444,0,False,mode_s
ae0501,2026-07-21 04:11:57.190019,UNK C/S,59-1504,5735,Unavailable,47.7,-52.3,KC-135R Stratotanker,76,586,,False,mode_s
ae08cf,2026-07-21 04:12:57.655668,WOLF01,00-0185,4206,13825,63.338509,-154.238708,C-17A Globemaster,238,375,-2624,False,adsb_icao
ae2fa8,2026-07-21 04:12:57.655692,SOUND32,08-8196,1531,6025,46.934166,-122.36084,C-17A Globemaster,141,292,1501,False,mlat
ae210c,2026-07-21 04:12:57.655702,HR41,166961,0441,15025,35.308552,-117.930077,F/A-18 Hornet,93,423,14,False,mlat
ae1458,2026-07-21 04:12:57.655706,RCH241,06-6154,2761,15250,33.305775,-117.586411,C-17A Globemaster,115,402,-1493,False,mlat
ae11e5,2026-07-21 04:12:57.655719,SNTRY61,78-0577,3652,15100,38.3041,-98.705322,E-3G AWACS,315,355,50,False,mlat
ae0583,2026-07-21 04:12:57.655722,CHILI85,87-0038,0352,1875,29.454178,-98.60659,C-5M Galaxy,165,125,-572,False,mlat
ae1242,2026-07-21 04:12:57.655738,RCH339,04-4137,7337,17725,35.967033,-86.314346,C-17A Globemaster,299,386,-2021,False,mlat
ae2fae,2026-07-21 04:12:57.655745,RCH193,08-8202,4021,37000,39.944317,-83.302292,C-17A Globemaster,76,494,-76,False,mlat
ae07d3,2026-07-21 04:12:57.655750,LIFTR76,90-0534,1200,1750,33.525925,-81.126892,C-17A Globemaster,311,177,-192,False,adsb_icao
ae07ec,2026-07-21 04:12:57.655759,LIFTR75,96-0002,6225,26000,33.128136,-77.861504,C-17A Globemaster,,,1,False,mlat
ae0811,2026-07-21 04:12:57.655766,BEEF22,00-0175,1133,1950,39.312622,-74.951164,C-17A Globemaster,31,269,-17,False,mlat
ae05ad,2026-07-21 04:12:57.655771,UNK C/S,63-8043,7213,36700,47.064041,-70.839241,KC-135R Stratotanker,147,491,-456,False,mlat
ae2fa6,2026-07-21 04:12:57.655777,RCH560,08-8194,2204,27000,51.278904,6.258399,C-17A Globemaster,117,451,0,False,mlat
ae07de,2026-07-21 04:12:57.655779,RCH409,93-0604,2647,10000,49.609726,8.556819,C-17A Globemaster,260,287,0,False,mlat
ae07e0,2026-07-21 04:12:57.655783,MOOSE45,94-0066,5406,34000,40.467312,24.328234,C-17A Globemaster,337,446,0,False,mlat
800790,2026-07-21 04:12:57.655787,IFC0736,CB-8003,3556,16250,28.028358,76.163795,C-17A Globemaster,36,387,-1472,False,adsb_icao
ae049b,2026-07-21 04:12:57.655811,UNK C/S,61-0313,1602,Unavailable,26.9,48.9,KC-135R Stratotanker,,,,False,mode_s
ae87fc,2026-07-21 04:12:57.655814,UNK C/S,,5624,19500,38.1,-71.3,E-6B TACAMO,,,,False,mode_s
ae0238,2026-07-21 04:12:57.655819,UNK C/S,58-0074,4116,32950,44.3,-64.0,KC-135R Stratotanker,,,,False,mode_s
ae0156,2026-07-21 04:12:57.655825,UNK C/S,57-1456,0145,22000,22.9,53.9,KC-135R Stratotanker,59,390,32,False,mode_s
ae062d,2026-07-21 04:12:57.655829,UNK C/S,62-3571,7235,37000,46.8,-71.6,KC-135R Stratotanker,,,,False,mode_s
ae1179,2026-07-21 04:12:57.655834,RCH213,02-1107,2153,33000,28.9,-80.9,C-17A Globemaster,351,440,0,False,mode_s
ae026d,2026-07-21 04:12:57.655840,UNK C/S,62-3576,3507,28000,33.2,-79.0,KC-135R Stratotanker,,,,False,mode_s
ae1467,2026-07-21 04:12:57.655844,MOOSE43,07-7169,0746,32000,32.3,32.9,C-17A Globemaster,,,,False,mode_s
ae0501,2026-07-21 04:12:57.655848,UNK C/S,59-1504,5735,33000,47.5,-54.4,KC-135R Stratotanker,,,,False,mode_s
ae07c6,2026-07-21 04:12:57.655852,UNK C/S,64-14831,3226,13575,25.8,127.5,WC-135R,,,,False,mode_s
ae08cf,2026-07-21 04:13:58.198461,WOLF01,00-0185,4206,11200,63.284973,-154.433273,C-17A Globemaster,238,348,-1152,False,adsb_icao
ae2fa8,2026-07-21 04:13:58.198486,SOUND32,08-8196,1531,8100,46.872681,-122.28788,C-17A Globemaster,140,261,1933,False,mlat
ae210c,2026-07-21 04:13:58.198500,HR41,166961,0441,15100,35.324585,-117.793159,F/A-18 Hornet,58,391,-253,False,mlat
ae1458,2026-07-21 04:13:58.198506,RCH241,06-6154,2761,14375,33.258869,-117.465286,C-17A Globemaster,115,395,-1354,False,mlat
ae11e5,2026-07-21 04:13:58.198519,SNTRY61,78-0577,3652,15100,38.354439,-98.810921,E-3G AWACS,292,338,-59,False,mlat
ae0583,2026-07-21 04:13:58.198523,CHILI85,87-0038,0352,1200,29.422487,-98.603973,C-5M Galaxy,163,165,-789,False,mlat
ae01cf,2026-07-21 04:13:58.198534,TOPCT32,62-4132,4504,2225,41.140274,-95.945312,RC-135 Rivet Joint,285,166,960,False,adsb_icao
ae1242,2026-07-21 04:13:58.198545,RCH339,04-4137,7337,15725,36.023075,-86.432991,C-17A Globemaster,301,372,-2039,False,mlat
ae2fae,2026-07-21 04:13:58.198551,RCH193,08-8202,4021,37000,39.983028,-83.131218,C-17A Globemaster,64,500,2,False,mlat
ae07d3,2026-07-21 04:13:58.198556,LIFTR76,90-0534,1200,1825,33.556732,-81.097595,C-17A Globemaster,73,174,320,False,adsb_icao
ae07ec,2026-07-21 04:13:58.198562,LIFTR75,96-0002,6225,26000,33.251926,-77.863121,C-17A Globemaster,360,380,0,False,mlat
ae026d,2026-07-21 04:13:58.198567,UNK C/S,62-3576,3507,28000,33.272217,-77.862099,KC-135R Stratotanker,,,0,False,mlat
ae0811,2026-07-21 04:13:58.198574,BEEF22,00-0175,1133,1950,39.377827,-74.900497,C-17A Globemaster,33,272,0,False,mlat
ae062d,2026-07-21 04:13:58.198580,UNK C/S,62-3571,7235,37000,48.681061,-72.471329,KC-135R Stratotanker,,,0,False,mlat
ae05ad,2026-07-21 04:13:58.198584,UNK C/S,63-8043,7213,35025,46.947277,-70.729614,KC-135R Stratotanker,148,489,-1320,False,mlat
ae2fa6,2026-07-21 04:13:58.198589,RCH560,08-8194,2204,27000,51.219292,6.444755,C-17A Globemaster,116,446,0,False,mlat
ae07de,2026-07-21 04:13:58.198592,RCH409,93-0604,2647,10000,49.597111,8.428294,C-17A Globemaster,263,286,0,False,mlat
ae07e0,2026-07-21 04:13:58.198596,MOOSE45,94-0066,5406,34000,40.581657,24.260876,C-17A Globemaster,336,448,0,False,mlat
ae1467,2026-07-21 04:13:58.198600,MOOSE43,07-7169,0746,32000,30.823439,33.429901,C-17A Globemaster,,,0,False,mlat
800790,2026-07-21 04:13:58.198605,IFC0736,CB-8003,3556,14700,28.112823,76.232544,C-17A Globemaster,35,355,-1504,False,adsb_icao
ae87fc,2026-07-21 04:13:58.198633,UNK C/S,,5624,19500,38.1,-72.0,E-6B TACAMO,,,,False,mode_s
ae0238,2026-07-21 04:13:58.198639,UNK C/S,58-0074,4116,32950,44.7,-63.1,KC-135R Stratotanker,,,,False,mode_s
ae0156,2026-07-21 04:13:58.198646,UNK C/S,57-1456,0145,22000,24.2,54.3,KC-135R Stratotanker,59,382,0,False,mode_s
ae1179,2026-07-21 04:13:58.198652,RCH213,02-1107,2153,33000,30.6,-80.5,C-17A Globemaster,351,440,32,False,mode_s
ae0501,2026-07-21 04:13:58.198658,UNK C/S,59-1504,5735,33000,47.5,-54.4,KC-135R Stratotanker,,,0,False,mode_s
ae07c6,2026-07-21 04:13:58.198661,UNK C/S,64-14831,3226,15475,26.0,127.7,WC-135R,,,,False,mode_s
