hex,datetime,callsign,tail number,squawk,altitude,latitude,longitude,type,heading,ground speed,vertical rate,emergency,source
af9b66,2026-08-31 02:31:16.333054,FIST81,22-46106,4152,39000,46.419144,-123.991699,KC-46A Pegasus,169,480,0,False,mlat
c2b3f5,2026-08-31 02:31:16.333071,CFC4093,177704,2165,24025,50.087723,-123.339386,C-17A Globemaster,256,421,-1408,False,adsb_icao
ae330a,2026-08-31 02:31:16.333077,FIST71,22-46105,5770,37000,43.779739,-123.254166,KC-46A Pegasus,169,489,0,False,mlat
ae0414,2026-08-31 02:31:16.333082,UNK C/S,164387,3340,26000,40.527832,-122.094475,E-6B TACAMO,303,305,0,False,mlat
af3bca,2026-08-31 02:31:16.333087,ORCA28,19-46107,1742,6025,38.659435,-121.822914,KC-46A Pegasus,157,273,-1308,False,mlat
ae1462,2026-08-31 02:31:16.333099,GRZLY31,06-6164,7226,38000,36.98259,-116.952385,C-17A Globemaster,317,447,0,False,adsb_icao
ae1460,2026-08-31 02:31:16.333105,BLINR01,06-6162,1745,33000,38.151569,-112.941193,C-17A Globemaster,103,503,0,False,mlat
ae63c8,2026-08-31 02:31:16.333110,PETRO71,21-46092,1403,34025,38.765118,-107.911728,KC-46A Pegasus,261,422,19,False,mlat
ae1198,2026-08-31 02:31:16.333114,RCH162,03-3115,2645,33000,34.299408,-101.047035,C-17A Globemaster,98,459,0,False,adsb_icao
ae0475,2026-08-31 02:31:16.333120,UNK C/S,58-0001,2144,39000,36.457535,-89.961861,KC-135R Stratotanker,143,450,-58,False,mlat
ae63c6,2026-08-31 02:31:16.333124,PETRO61,21-46090,1536,38000,41.461086,-88.058609,KC-46A Pegasus,273,421,-74,False,mlat
ae1177,2026-08-31 02:31:16.333127,VOLT97,02-1105,7251,10875,32.107117,-87.190819,C-17A Globemaster,71,344,-307,False,mlat
ae080f,2026-08-31 02:31:16.333131,VOLT71,99-0169,2723,31975,36.970459,-79.314392,C-17A Globemaster,205,450,0,False,adsb_icao
ae1197,2026-08-31 02:31:16.333134,RCH3260,03-3114,1501,5875,40.113647,-74.719849,C-17A Globemaster,281,257,2688,False,adsb_icao
ae056b,2026-08-31 02:31:16.333137,RCH1876,86-0014,3675,25000,39.918877,-74.149239,C-5M Galaxy,38,468,0,False,mlat
af0f64,2026-08-31 02:31:16.333140,UNK C/S,,7156,25000,43.689087,-74.140106,E-6B TACAMO,72,352,0,False,mlat
ae08e3,2026-08-31 02:31:16.333145,MCFAMC,00-0183,Unavailable,34060,55.630646,-53.359737,C-17A Globemaster,262,,,False,adsc
ae63c7,2026-08-31 02:31:16.333149,FLYER62,21-46091,3275,28025,25.047943,55.954201,KC-46A Pegasus,,,75,False,mlat
afa175,2026-08-31 02:31:16.333152,FLYER63,19-46111,3276,21000,25.094999,56.008377,KC-46A Pegasus,63,260,0,False,mlat
87cc0a,2026-08-31 02:31:16.333157,GALOP61,07-3604,1400,11000,36.758671,141.671097,KC-46A Pegasus,229,280,0,False,adsb_icao
7cf86a,2026-08-31 02:31:16.333164,ASY707,A41-207,1163,29000,-26.23288,156.858902,C-17A Globemaster,78,472,160,False,adsb_icao
ae574d,2026-08-31 02:31:16.333168,UNK C/S,19-46007,0713,22000,28.4,48.3,KC-46A Pegasus,,,,False,mode_s
af3b45,2026-08-31 02:31:16.333176,UNK C/S,22-46100,Unavailable,Unavailable,37.2,-27.6,KC-46A Pegasus,,,,False,mode_s
af9b66,2026-08-31 02:32:16.675048,FIST81,22-46106,4152,39000,46.290112,-123.958076,KC-46A Pegasus,168,485,-21,False,mlat
c2b3f5,2026-08-31 02:32:16.675065,CFC4093,177704,2165,22650,50.060787,-123.513199,C-17A Globemaster,256,410,-1408,False,adsb_icao
ae330a,2026-08-31 02:32:16.675069,FIST71,22-46105,5770,37000,43.649094,-123.219322,KC-46A Pegasus,167,477,0,False,mlat
ae0414,2026-08-31 02:32:16.675074,UNK C/S,164387,3340,26000,40.540695,-122.204353,E-6B TACAMO,254,297,0,False,mlat
af3bca,2026-08-31 02:32:16.675078,ORCA28,19-46107,1742,4650,38.585518,-121.793648,KC-46A Pegasus,164,272,-1324,False,mlat
ae1462,2026-08-31 02:32:16.675082,GRZLY31,06-6164,7226,38000,37.07515,-117.056755,C-17A Globemaster,317,448,0,False,adsb_icao
ae1460,2026-08-31 02:32:16.675085,BLINR01,06-6162,1745,33000,38.118992,-112.767708,C-17A Globemaster,104,492,11,False,mlat
ae63c8,2026-08-31 02:32:16.675089,PETRO71,21-46092,1403,34000,38.747375,-108.068031,KC-46A Pegasus,259,452,-74,False,mlat
ae1198,2026-08-31 02:32:16.675094,RCH162,03-3115,2645,33000,34.281509,-100.895576,C-17A Globemaster,98,458,-64,False,adsb_icao
ae0475,2026-08-31 02:32:16.675100,UNK C/S,58-0001,2144,39000,36.356693,-89.861305,KC-135R Stratotanker,142,457,-11,False,mlat
ae63c6,2026-08-31 02:32:16.675105,PETRO61,21-46090,1536,38025,41.46463,-88.22187,KC-46A Pegasus,269,438,0,False,mlat
ae1177,2026-08-31 02:32:16.675109,VOLT97,02-1105,7251,10450,32.117481,-87.145668,C-17A Globemaster,73,235,-35,False,mlat
ae080f,2026-08-31 02:32:16.675114,VOLT71,99-0169,2723,32000,36.857666,-79.382767,C-17A Globemaster,205,452,0,False,adsb_icao
ae1197,2026-08-31 02:32:16.675117,RCH3260,03-3114,1501,6875,40.127243,-74.813538,C-17A Globemaster,280,264,128,False,adsb_icao
ae056b,2026-08-31 02:32:16.675121,RCH1876,86-0014,3675,25000,40.023109,-74.044914,C-5M Galaxy,37,449,0,False,mlat
af0f64,2026-08-31 02:32:16.675124,UNK C/S,,7156,25000,43.719482,-74.009018,E-6B TACAMO,73,351,0,False,mlat
ae08e3,2026-08-31 02:32:16.675129,MCFAMC,00-0183,Unavailable,34060,55.630646,-53.359737,C-17A Globemaster,262,,,False,adsc
ae63c7,2026-08-31 02:32:16.675133,FLYER62,21-46091,3275,28000,25.104816,55.766621,KC-46A Pegasus,,,0,False,mlat
afa175,2026-08-31 02:32:16.675137,FLYER63,19-46111,3276,21000,25.109217,56.065598,KC-46A Pegasus,85,245,0,False,mlat
87cc0a,2026-08-31 02:32:16.675143,GALOP61,07-3604,1400,11000,36.706207,141.599915,KC-46A Pegasus,227,262,-512,False,adsb_icao
7cf86a,2026-08-31 02:32:16.675150,ASY707,A41-207,1163,29025,-26.207153,157.000793,C-17A Globemaster,78,473,-32,False,adsb_icao
ae574d,2026-08-31 02:32:16.675154,UNK C/S,19-46007,0713,22000,28.4,48.3,KC-46A Pegasus,,,,False,mode_s
af3b45,2026-08-31 02:32:16.675162,UNK C/S,22-46100,Unavailable,Unavailable,37.2,-27.6,KC-46A Pegasus,,,,False,mode_s
af9b66,2026-08-31 02:33:16.994695,FIST81,22-46106,4152,39000,46.16082,-123.919083,KC-46A Pegasus,170,483,0,False,mlat
c2b3f5,2026-08-31 02:33:16.994712,CFC4093,177704,2165,20700,50.033798,-123.6856,C-17A Globemaster,256,407,-2112,False,adsb_icao
ae330a,2026-08-31 02:33:16.994717,FIST71,22-46105,5770,37025,43.511894,-123.182983,KC-46A Pegasus,169,474,35,False,mlat
ae0414,2026-08-31 02:33:16.994721,UNK C/S,164387,3340,26000,40.482494,-122.288322,E-6B TACAMO,204,332,0,False,mlat
af3bca,2026-08-31 02:33:16.994725,ORCA28,19-46107,1742,3475,38.519844,-121.768906,KC-46A Pegasus,163,237,-1218,False,mlat
ae1462,2026-08-31 02:33:16.994730,GRZLY31,06-6164,7226,38000,37.167664,-117.161476,C-17A Globemaster,317,446,0,False,adsb_icao
ae1460,2026-08-31 02:33:16.994734,BLINR01,06-6162,1745,33000,38.087189,-112.599922,C-17A Globemaster,105,468,0,False,mlat
ae63c8,2026-08-31 02:33:16.994738,PETRO71,21-46092,1403,34000,38.729019,-108.218872,KC-46A Pegasus,261,430,0,False,mlat
ae1198,2026-08-31 02:33:16.994742,RCH162,03-3115,2645,33000,34.263287,-100.742058,C-17A Globemaster,98,457,64,False,adsb_icao
ae0475,2026-08-31 02:33:16.994747,UNK C/S,58-0001,2144,39000,36.255825,-89.765457,KC-135R Stratotanker,142,486,0,False,mlat
ae63c6,2026-08-31 02:33:16.994751,PETRO61,21-46090,1536,38025,41.471481,-88.374664,KC-46A Pegasus,271,423,-20,False,mlat
ae1177,2026-08-31 02:33:16.994755,VOLT97,02-1105,7251,9250,32.135139,-87.083359,C-17A Globemaster,76,310,-1170,False,mode_s
ae080f,2026-08-31 02:33:16.994760,VOLT71,99-0169,2723,31975,36.743916,-79.451492,C-17A Globemaster,205,453,0,False,adsb_icao
ae1197,2026-08-31 02:33:16.994763,RCH3260,03-3114,1501,6875,40.139603,-74.906067,C-17A Globemaster,279,257,64,False,adsb_icao
ae056b,2026-08-31 02:33:16.994766,RCH1876,86-0014,3675,25000,40.12566,-73.942055,C-5M Galaxy,35,457,0,False,mlat
af0f64,2026-08-31 02:33:16.994770,UNK C/S,,7156,25000,43.748611,-73.885864,E-6B TACAMO,74,347,0,False,mlat
ae08e3,2026-08-31 02:33:16.994775,MCFAMC,00-0183,Unavailable,34060,55.630646,-53.359737,C-17A Globemaster,262,,,False,adsc
ae63c7,2026-08-31 02:33:16.994779,FLYER62,21-46091,3275,28000,25.101553,55.707539,KC-46A Pegasus,,,0,False,mlat
afa175,2026-08-31 02:33:16.994782,FLYER63,19-46111,3276,21000,25.128731,55.942947,KC-46A Pegasus,,,0,False,mlat
87cc0a,2026-08-31 02:33:16.994789,GALOP61,07-3604,1400,11025,36.654209,141.547562,KC-46A Pegasus,187,259,-64,False,adsb_icao
7cf86a,2026-08-31 02:33:16.994795,ASY707,A41-207,1163,29000,-26.187149,157.110352,C-17A Globemaster,78,474,96,False,adsb_icao
ae574d,2026-08-31 02:33:16.994800,UNK C/S,19-46007,0713,22025,28.4,48.3,KC-46A Pegasus,,,,False,mode_s
af3b45,2026-08-31 02:33:16.994808,UNK C/S,22-46100,4603,9625,37.2,-27.6,KC-46A Pegasus,,,,False,mode_s
ae0676,2026-08-31 02:34:17.445503,RCH749,00-0171,3242,2975,61.038177,-149.755524,C-17A Globemaster,338,253,-64,False,adsb_icao
af9b66,2026-08-31 02:34:17.445523,FIST81,22-46106,4152,39000,46.021667,-123.874611,KC-46A Pegasus,163,475,-55,False,mlat
c2b3f5,2026-08-31 02:34:17.445530,CFC4093,177704,2165,18600,50.007248,-123.85321,C-17A Globemaster,256,389,-2176,False,adsb_icao
ae330a,2026-08-31 02:34:17.445535,FIST71,22-46105,5770,37000,43.380707,-123.146965,KC-46A Pegasus,168,475,0,False,mlat
ae0414,2026-08-31 02:34:17.445540,UNK C/S,164387,3340,26000,40.396122,-122.291176,E-6B TACAMO,163,330,-82,False,mlat
af3bca,2026-08-31 02:34:17.445545,ORCA28,19-46107,1742,2200,38.448296,-121.74176,KC-46A Pegasus,163,254,-1263,False,mlat
ae1462,2026-08-31 02:34:17.445551,GRZLY31,06-6164,7226,38000,37.259991,-117.266518,C-17A Globemaster,317,446,0,False,adsb_icao
ae1460,2026-08-31 02:34:17.445556,BLINR01,06-6162,1745,33000,38.055546,-112.432068,C-17A Globemaster,102,504,0,False,mlat
ae63c8,2026-08-31 02:34:17.445561,PETRO71,21-46092,1403,34025,38.704414,-108.360214,KC-46A Pegasus,245,408,0,False,mlat
ae1198,2026-08-31 02:34:17.445567,RCH162,03-3115,2645,33000,34.24498,-100.589195,C-17A Globemaster,98,456,0,False,adsb_icao
ae0475,2026-08-31 02:34:17.445574,UNK C/S,58-0001,2144,39000,36.150356,-89.663017,KC-135R Stratotanker,141,477,-9,False,mlat
ae63c6,2026-08-31 02:34:17.445579,PETRO61,21-46090,1536,38025,41.475704,-88.538986,KC-46A Pegasus,273,430,0,False,mlat
ae080f,2026-08-31 02:34:17.445585,VOLT71,99-0169,2723,31975,36.629333,-79.520531,C-17A Globemaster,205,454,0,False,adsb_icao
ae1197,2026-08-31 02:34:17.445589,RCH3260,03-3114,1501,6875,40.151596,-74.998779,C-17A Globemaster,279,255,0,False,adsb_icao
ae056b,2026-08-31 02:34:17.445594,RCH1876,86-0014,3675,25000,40.230511,-73.844269,C-5M Galaxy,37,451,0,False,mlat
af0f64,2026-08-31 02:34:17.445598,UNK C/S,,7156,24500,43.781483,-73.755348,E-6B TACAMO,69,349,-571,False,mlat
ae08e3,2026-08-31 02:34:17.445604,MCFAMC,00-0183,Unavailable,34060,55.630646,-53.359737,C-17A Globemaster,262,,,False,adsc
87cc0a,2026-08-31 02:34:17.445614,GALOP61,07-3604,1400,11000,36.58247,141.570755,KC-46A Pegasus,195,259,-192,False,adsb_icao
ae574d,2026-08-31 02:34:17.445624,UNK C/S,19-46007,0713,22000,28.4,48.3,KC-46A Pegasus,,,,False,mode_s
ae1177,2026-08-31 02:34:17.445629,VOLT97,02-1105,7251,7675,31.9,-85.4,C-17A Globemaster,,,,False,mode_s
afa175,2026-08-31 02:34:17.445640,FLYER63,19-46111,3276,21000,25.9,55.3,KC-46A Pegasus,,,,False,mode_s
af3b45,2026-08-31 02:34:17.445644,UNK C/S,22-46100,4603,Unavailable,37.2,-27.6,KC-46A Pegasus,,,,False,mode_s
ae63c7,2026-08-31 02:34:17.445648,FLYER62,21-46091,3275,28000,25.4,56.0,KC-46A Pegasus,,,,False,mode_s
ae0676,2026-08-31 02:35:17.770696,RCH749,00-0171,3242,3600,61.105865,-149.736526,C-17A Globemaster,24,246,64,False,adsb_icao
c2b3f5,2026-08-31 02:35:17.770712,CFC4093,177704,2165,16750,49.981506,-124.014046,C-17A Globemaster,256,380,-1664,False,adsb_icao
af9b66,2026-08-31 02:35:17.770718,FIST81,22-46106,4152,39000,45.882881,-123.835205,KC-46A Pegasus,167,482,0,False,mlat
ae330a,2026-08-31 02:35:17.770722,FIST71,22-46105,5770,37000,43.248436,-123.112968,KC-46A Pegasus,169,486,0,False,mlat
ae0414,2026-08-31 02:35:17.770726,UNK C/S,164387,3340,26000,40.309868,-122.27607,E-6B TACAMO,173,312,0,False,mlat
af3bca,2026-08-31 02:35:17.770730,ORCA28,19-46107,1742,2125,38.39048,-121.74501,KC-46A Pegasus,235,240,75,False,mlat
ae1462,2026-08-31 02:35:17.770734,GRZLY31,06-6164,7226,38000,37.316071,-117.395927,C-17A Globemaster,284,414,0,False,adsb_icao
ae1460,2026-08-31 02:35:17.770738,BLINR01,06-6162,1745,33000,38.020199,-112.245705,C-17A Globemaster,104,488,0,False,mlat
ae63c8,2026-08-31 02:35:17.770742,PETRO71,21-46092,1403,34000,38.654606,-108.499916,KC-46A Pegasus,244,415,-75,False,mlat
ae1198,2026-08-31 02:35:17.770747,RCH162,03-3115,2645,33000,34.226463,-100.435928,C-17A Globemaster,98,458,-64,False,adsb_icao
ae0475,2026-08-31 02:35:17.770753,UNK C/S,58-0001,2144,39000,36.049702,-89.567535,KC-135R Stratotanker,140,442,0,False,mlat
ae63c6,2026-08-31 02:35:17.770757,PETRO61,21-46090,1536,38025,41.477112,-88.694115,KC-46A Pegasus,271,443,0,False,mlat
ae080f,2026-08-31 02:35:17.770762,VOLT71,99-0169,2723,31975,36.514969,-79.589165,C-17A Globemaster,205,455,0,False,adsb_icao
ae1197,2026-08-31 02:35:17.770766,RCH3260,03-3114,1501,6875,40.163361,-75.090942,C-17A Globemaster,279,259,0,False,adsb_icao
ae056b,2026-08-31 02:35:17.770769,RCH1876,86-0014,3675,25000,40.334408,-73.745155,C-5M Galaxy,36,483,0,False,mlat
af0f64,2026-08-31 02:35:17.770774,UNK C/S,,7156,23950,43.81337,-73.621155,E-6B TACAMO,71,350,-530,False,mlat
ae08e3,2026-08-31 02:35:17.770779,MCFAMC,00-0183,Unavailable,34060,55.630646,-53.359737,C-17A Globemaster,262,,,False,adsc
87cc0a,2026-08-31 02:35:17.770788,GALOP61,07-3604,1400,11000,36.534851,141.510254,KC-46A Pegasus,229,232,64,False,adsb_icao
ae574d,2026-08-31 02:35:17.770796,UNK C/S,19-46007,0713,22025,28.4,48.3,KC-46A Pegasus,,,,False,mode_s
ae04b8,2026-08-31 02:35:17.770800,UNK C/S,58-0018,Unavailable,Unavailable,35.1,140.6,KC-135R Stratotanker,,,,False,mode_s
ae1177,2026-08-31 02:35:17.770804,VOLT97,02-1105,7251,6175,31.9,-85.6,C-17A Globemaster,,,,False,mode_s
afde25,2026-08-31 02:35:17.770810,UNK C/S,,Unavailable,Unavailable,38.2,-124.3,E-6B TACAMO,,,,False,mode_s
afa175,2026-08-31 02:35:17.770814,FLYER63,19-46111,3276,21000,25.6,55.5,KC-46A Pegasus,,,,False,mode_s
af3b45,2026-08-31 02:35:17.770817,UNK C/S,22-46100,4603,6000,37.2,-27.6,KC-46A Pegasus,,,,False,mode_s
ae63c7,2026-08-31 02:35:17.770820,FLYER62,21-46091,3275,28000,25.5,55.0,KC-46A Pegasus,,,,False,mode_s
ae0676,2026-08-31 02:36:18.169598,RCH749,00-0171,1200,3525,61.169128,-149.67627,C-17A Globemaster,19,251,-128,False,adsb_icao
c2b3f5,2026-08-31 02:36:18.169615,CFC4093,177704,2165,15025,49.955906,-124.172531,C-17A Globemaster,256,372,-2048,False,adsb_icao
af9b66,2026-08-31 02:36:18.169619,FIST81,22-46106,4152,39000,45.755566,-123.801117,KC-46A Pegasus,169,494,-73,False,mlat
ae330a,2026-08-31 02:36:18.169623,FIST71,22-46105,5770,37000,43.122337,-123.080261,KC-46A Pegasus,170,485,0,False,mlat
ae0414,2026-08-31 02:36:18.169626,UNK C/S,164387,3340,26000,40.214729,-122.25779,E-6B TACAMO,171,325,0,False,mlat
af3bca,2026-08-31 02:36:18.169630,ORCA28,19-46107,1742,2125,38.357651,-121.791977,KC-46A Pegasus,226,176,-73,False,mlat
ae1462,2026-08-31 02:36:18.169634,GRZLY31,06-6164,7226,38000,37.344406,-117.535301,C-17A Globemaster,284,414,0,False,adsb_icao
ae1460,2026-08-31 02:36:18.169637,BLINR01,06-6162,1745,33000,38.011124,-112.202911,C-17A Globemaster,104,503,0,False,mlat
ae63c8,2026-08-31 02:36:18.169641,PETRO71,21-46092,1403,34000,38.606255,-108.626328,KC-46A Pegasus,242,415,-38,False,mlat
ae1198,2026-08-31 02:36:18.169645,RCH162,03-3115,2645,33000,34.20789,-100.284515,C-17A Globemaster,98,457,64,False,adsb_icao
ae0475,2026-08-31 02:36:18.169666,UNK C/S,58-0001,2144,39000,35.949738,-89.470062,KC-135R Stratotanker,145,479,-7,False,mlat
ae63c6,2026-08-31 02:36:18.169676,PETRO61,21-46090,1536,38025,41.484509,-88.859047,KC-46A Pegasus,272,431,0,False,mlat
ae080f,2026-08-31 02:36:18.169683,VOLT71,99-0169,2723,31975,36.400963,-79.657364,C-17A Globemaster,205,455,0,False,adsb_icao
ae1197,2026-08-31 02:36:18.169688,RCH3260,03-3114,1501,9350,40.175537,-75.186218,C-17A Globemaster,279,268,2368,False,adsb_icao
ae056b,2026-08-31 02:36:18.169707,RCH1876,86-0014,3675,23750,40.440998,-73.640945,C-5M Galaxy,37,431,-1713,False,mlat
af0f64,2026-08-31 02:36:18.169710,UNK C/S,,7156,23350,43.842018,-73.492256,E-6B TACAMO,74,335,-571,False,mlat
ae08e3,2026-08-31 02:36:18.169715,MCFAMC,00-0183,Unavailable,34060,55.630646,-53.359737,C-17A Globemaster,262,,,False,adsc
87cc0a,2026-08-31 02:36:18.169723,GALOP61,07-3604,1400,11025,36.498631,141.460785,KC-46A Pegasus,226,154,-128,False,adsb_icao
ae574d,2026-08-31 02:36:18.169730,UNK C/S,19-46007,0713,22000,28.4,48.3,KC-46A Pegasus,,,,False,mode_s
ae1177,2026-08-31 02:36:18.169734,VOLT97,02-1105,7251,4675,31.9,-85.7,C-17A Globemaster,,,,False,mode_s
afa175,2026-08-31 02:36:18.169742,FLYER63,19-46111,3276,21000,25.8,56.0,KC-46A Pegasus,,,,False,mode_s
af3b45,2026-08-31 02:36:18.169746,UNK C/S,22-46100,4603,5325,37.2,-27.6,KC-46A Pegasus,,,,False,mode_s
ae63c7,2026-08-31 02:36:18.169749,FLYER62,21-46091,3275,28000,25.2,55.3,KC-46A Pegasus,,,,False,mode_s
ae0676,2026-08-31 02:37:18.509199,RCH749,00-0171,1200,3250,61.230949,-149.721573,C-17A Globemaster,321,256,-192,False,adsb_icao
c2b3f5,2026-08-31 02:37:18.509215,CFC4093,177704,2165,13025,49.93309,-124.324829,C-17A Globemaster,257,360,-2048,False,adsb_icao
af9b66,2026-08-31 02:37:18.509220,FIST81,22-46106,4152,39000,45.622055,-123.760452,KC-46A Pegasus,167,484,0,False,mlat
ae330a,2026-08-31 02:37:18.509224,FIST71,22-46105,5770,37000,42.994492,-123.047333,KC-46A Pegasus,169,489,32,False,mlat
ae0414,2026-08-31 02:37:18.509229,UNK C/S,164387,3340,26000,40.125786,-122.241318,E-6B TACAMO,172,319,0,False,mlat
af3bca,2026-08-31 02:37:18.509233,ORCA28,19-46107,1742,1400,38.330051,-121.830589,KC-46A Pegasus,228,135,-685,False,mlat
ae1462,2026-08-31 02:37:18.509236,GRZLY31,06-6164,7226,38000,37.372833,-117.675575,C-17A Globemaster,284,414,-64,False,adsb_icao
ae1460,2026-08-31 02:37:18.509240,BLINR01,06-6162,1745,33525,37.957176,-111.923981,C-17A Globemaster,103,483,1049,False,mlat
ae63c8,2026-08-31 02:37:18.509244,PETRO71,21-46092,1403,34000,38.543709,-108.76088,KC-46A Pegasus,236,408,-4,False,mlat
ae1198,2026-08-31 02:37:18.509250,RCH162,03-3115,2645,33000,34.189034,-100.132423,C-17A Globemaster,98,458,64,False,adsb_icao
ae0475,2026-08-31 02:37:18.509256,UNK C/S,58-0001,2144,39000,35.845455,-89.371819,KC-135R Stratotanker,142,486,0,False,mlat
ae63c6,2026-08-31 02:37:18.509260,PETRO61,21-46090,1536,38025,41.487785,-89.014496,KC-46A Pegasus,271,434,-50,False,mlat
ae080f,2026-08-31 02:37:18.509265,VOLT71,99-0169,2723,31975,36.285507,-79.726234,C-17A Globemaster,205,456,0,False,adsb_icao
ae1197,2026-08-31 02:37:18.509268,RCH3260,03-3114,1501,10750,40.188675,-75.290527,C-17A Globemaster,279,315,832,False,adsb_icao
ae056b,2026-08-31 02:37:18.509273,RCH1876,86-0014,3675,22025,40.539116,-73.547516,C-5M Galaxy,36,460,-1667,False,mlat
af0f64,2026-08-31 02:37:18.509277,UNK C/S,,7156,23000,43.87215,-73.370552,E-6B TACAMO,73,347,-97,False,mlat
ae08e3,2026-08-31 02:37:18.509282,MCFAMC,00-0183,Unavailable,34060,55.630646,-53.359737,C-17A Globemaster,262,,,False,adsc
87cc0a,2026-08-31 02:37:18.509290,GALOP61,07-3604,1400,10975,36.46106,141.450226,KC-46A Pegasus,140,185,-192,False,adsb_icao
ae574d,2026-08-31 02:37:18.509298,UNK C/S,19-46007,0713,22000,28.4,48.3,KC-46A Pegasus,,,,False,mode_s
ae1177,2026-08-31 02:37:18.509301,VOLT97,02-1105,7251,3200,31.9,-85.8,C-17A Globemaster,,,,False,mode_s
afa175,2026-08-31 02:37:18.509308,FLYER63,19-46111,3276,21025,25.9,54.9,KC-46A Pegasus,,,,False,mode_s
ae63c7,2026-08-31 02:37:18.509311,FLYER62,21-46091,3275,28000,25.6,55.7,KC-46A Pegasus,,,,False,mode_s
ae0676,2026-08-31 02:38:18.859831,RCH749,00-0171,1200,1850,61.278122,-149.804672,C-17A Globemaster,288,176,-960,False,adsb_icao
c2b3f5,2026-08-31 02:38:18.859848,CFC4093,177704,2165,11575,49.911076,-124.47094,C-17A Globemaster,256,321,-1088,False,adsb_icao
af9b66,2026-08-31 02:38:18.859854,FIST81,22-46106,4152,39000,45.494152,-123.725456,KC-46A Pegasus,172,479,0,False,mlat
ae330a,2026-08-31 02:38:18.859857,FIST71,22-46105,5770,37000,42.850136,-123.009064,KC-46A Pegasus,167,459,62,False,mlat
ae0414,2026-08-31 02:38:18.859861,UNK C/S,164387,3340,26000,40.0438,-122.201378,E-6B TACAMO,137,324,0,False,mlat
af3bca,2026-08-31 02:38:18.859865,ORCA28,19-46107,1742,750,38.306435,-121.863228,KC-46A Pegasus,225,118,-581,False,mlat
ae1462,2026-08-31 02:38:18.859869,GRZLY31,06-6164,7226,38000,37.401398,-117.816971,C-17A Globemaster,284,419,0,False,adsb_icao
ae1460,2026-08-31 02:38:18.859873,BLINR01,06-6162,1745,34325,37.924561,-111.76033,C-17A Globemaster,105,493,745,False,mlat
ae63c8,2026-08-31 02:38:18.859877,PETRO71,21-46092,1403,34025,38.494488,-108.887848,KC-46A Pegasus,256,489,42,False,mlat
ae1198,2026-08-31 02:38:18.859881,RCH162,03-3115,2645,33000,34.169907,-99.979568,C-17A Globemaster,98,457,-64,False,adsb_icao
ae0475,2026-08-31 02:38:18.859887,UNK C/S,58-0001,2144,39000,35.738792,-89.270943,KC-135R Stratotanker,142,463,0,False,mlat
ae63c6,2026-08-31 02:38:18.859890,PETRO61,21-46090,1536,38025,41.492657,-89.187096,KC-46A Pegasus,272,439,0,False,mlat
ae080f,2026-08-31 02:38:18.859896,VOLT71,99-0169,2723,31975,36.170197,-79.794785,C-17A Globemaster,205,458,0,False,adsb_icao
ae1197,2026-08-31 02:38:18.859899,RCH3260,03-3114,1501,12825,40.202793,-75.403976,C-17A Globemaster,279,321,832,False,adsb_icao
ae056b,2026-08-31 02:38:18.859903,RCH1876,86-0014,3675,20325,40.642471,-73.447884,C-5M Galaxy,36,442,-1706,False,mlat
af0f64,2026-08-31 02:38:18.859907,UNK C/S,,7156,23000,43.900833,-73.245544,E-6B TACAMO,71,329,0,False,mlat
ae08e3,2026-08-31 02:38:18.859911,MCFAMC,00-0183,Unavailable,34060,55.630646,-53.359737,C-17A Globemaster,262,,,False,adsc
87cc0a,2026-08-31 02:38:18.859920,GALOP61,07-3604,1400,11000,36.42421,141.432159,KC-46A Pegasus,228,172,320,False,adsb_icao
ae574d,2026-08-31 02:38:18.859927,UNK C/S,19-46007,0713,22000,28.4,48.3,KC-46A Pegasus,,,,False,mode_s
ae1177,2026-08-31 02:38:18.859931,VOLT97,02-1105,7251,1900,32.0,-85.9,C-17A Globemaster,,,,False,mode_s
afa175,2026-08-31 02:38:18.859939,FLYER63,19-46111,3276,21000,26.0,55.3,KC-46A Pegasus,,,,False,mode_s
ae63c7,2026-08-31 02:38:18.859942,FLYER62,21-46091,3275,28000,25.3,55.3,KC-46A Pegasus,,,,False,mode_s
ae0676,2026-08-31 02:39:19.228564,RCH749,00-0171,1200,1275,61.273544,-149.892883,C-17A Globemaster,256,152,-320,False,adsb_icao
c2b3f5,2026-08-31 02:39:19.228582,CFC4093,177704,2165,10575,49.892075,-124.59436,C-17A Globemaster,256,279,-1024,False,adsb_icao
af9b66,2026-08-31 02:39:19.228589,FIST81,22-46106,4152,39000,45.353607,-123.684669,KC-46A Pegasus,169,489,-72,False,mlat
ae330a,2026-08-31 02:39:19.228593,FIST71,22-46105,5770,37000,42.718449,-122.974556,KC-46A Pegasus,169,486,-70,False,mlat
ae0414,2026-08-31 02:39:19.228597,UNK C/S,164387,3340,26000,40.012005,-122.096451,E-6B TACAMO,87,342,0,False,mlat
af3bca,2026-08-31 02:39:19.228601,ORCA28,19-46107,1742,150,38.279331,-121.899666,KC-46A Pegasus,228,130,-678,False,mlat
ae1462,2026-08-31 02:39:19.228606,GRZLY31,06-6164,7226,37900,37.430099,-117.960091,C-17A Globemaster,284,424,-256,False,adsb_icao
ae63c8,2026-08-31 02:39:19.228610,PETRO71,21-46092,1403,34000,38.453506,-109.031487,KC-46A Pegasus,247,398,-75,False,mlat
ae1198,2026-08-31 02:39:19.228615,RCH162,03-3115,2645,33000,34.150818,-99.829063,C-17A Globemaster,98,458,0,False,adsb_icao
ae63c6,2026-08-31 02:39:19.228621,PETRO61,21-46090,1536,38025,41.495529,-89.343452,KC-46A Pegasus,272,438,0,False,mlat
ae0475,2026-08-31 02:39:19.228625,UNK C/S,58-0001,2144,39000,35.633022,-89.170723,KC-135R Stratotanker,147,513,0,False,mlat
ae080f,2026-08-31 02:39:19.228631,VOLT71,99-0169,2723,31975,36.055779,-79.862541,C-17A Globemaster,205,458,0,False,adsb_icao
ae1197,2026-08-31 02:39:19.228634,RCH3260,03-3114,1501,14375,40.217102,-75.519348,C-17A Globemaster,279,322,2496,False,adsb_icao
ae056b,2026-08-31 02:39:19.228639,RCH1876,86-0014,3675,19025,40.731346,-73.388718,C-5M Galaxy,40,399,-956,False,mlat
af0f64,2026-08-31 02:39:19.228642,UNK C/S,,7156,23000,43.930363,-73.123947,E-6B TACAMO,72,347,0,False,mlat
ae08e3,2026-08-31 02:39:19.228647,MCFAMC,00-0183,Unavailable,34060,55.630646,-53.359737,C-17A Globemaster,262,,,False,adsc
87cc0a,2026-08-31 02:39:19.228673,GALOP61,07-3604,1400,11050,36.382324,141.374069,KC-46A Pegasus,228,277,0,False,adsb_icao
ae574d,2026-08-31 02:39:19.228682,UNK C/S,19-46007,0713,22000,28.4,48.3,KC-46A Pegasus,,,,False,mode_s
ae1460,2026-08-31 02:39:19.228686,BLINR01,06-6162,1745,35000,38.6,-111.2,C-17A Globemaster,,,,False,mode_s
ae1177,2026-08-31 02:39:19.228690,VOLT97,02-1105,7251,1900,32.2,-86.1,C-17A Globemaster,,,,False,mode_s
afa175,2026-08-31 02:39:19.228697,FLYER63,19-46111,3276,21000,25.8,56.6,KC-46A Pegasus,,,,False,mode_s
ae63c7,2026-08-31 02:39:19.228700,FLYER62,21-46091,3275,28000,25.6,55.3,KC-46A Pegasus,,,,False,mode_s
ae0676,2026-08-31 02:40:19.652368,RCH749,00-0171,1200,725,61.245667,-149.890106,C-17A Globemaster,105,130,-704,False,adsb_icao
c2b3f5,2026-08-31 02:40:19.652385,CFC4093,177704,2165,9350,49.90329,-124.709862,C-17A Globemaster,282,262,-1280,False,adsb_icao
af9b66,2026-08-31 02:40:19.652391,FIST81,22-46106,4152,39000,45.226585,-123.649666,KC-46A Pegasus,169,480,0,False,mlat
ae330a,2026-08-31 02:40:19.652394,FIST71,22-46105,5770,37000,42.586468,-122.941017,KC-46A Pegasus,169,479,12,False,mlat
ae0414,2026-08-31 02:40:19.652398,UNK C/S,164387,3340,26000,40.05093,-122.001869,E-6B TACAMO,36,328,0,False,mlat
ae1462,2026-08-31 02:40:19.652402,GRZLY31,06-6164,7226,36950,37.459351,-118.104958,C-17A Globemaster,283,426,-1024,False,adsb_icao
ae63c8,2026-08-31 02:40:19.652407,PETRO71,21-46092,1403,34025,38.414146,-109.173187,KC-46A Pegasus,251,422,56,False,mlat
ae1198,2026-08-31 02:40:19.652413,RCH162,03-3115,2645,33000,34.131271,-99.675758,C-17A Globemaster,98,456,64,False,adsb_icao
ae63c6,2026-08-31 02:40:19.652418,PETRO61,21-46090,1536,38025,41.497829,-89.512161,KC-46A Pegasus,274,440,0,False,mlat
ae0475,2026-08-31 02:40:19.652421,UNK C/S,58-0001,2144,39000,35.529289,-89.07383,KC-135R Stratotanker,142,473,75,False,mlat
ae080f,2026-08-31 02:40:19.652426,VOLT71,99-0169,2723,31975,35.940002,-79.930916,C-17A Globemaster,205,459,0,False,adsb_icao
ae1197,2026-08-31 02:40:19.652430,RCH3260,03-3114,1501,16275,40.262566,-75.621704,C-17A Globemaster,311,336,1920,False,adsb_icao
ae056b,2026-08-31 02:40:19.652433,RCH1876,86-0014,3675,19000,40.829624,-73.260696,C-5M Galaxy,40,418,0,False,mlat
af0f64,2026-08-31 02:40:19.652437,UNK C/S,,7156,23000,43.960491,-72.992928,E-6B TACAMO,71,344,0,False,mlat
ae08e3,2026-08-31 02:40:19.652441,MCFAMC,00-0183,Unavailable,34060,55.630646,-53.359737,C-17A Globemaster,262,,,False,adsc
87cc0a,2026-08-31 02:40:19.652450,GALOP61,07-3604,1400,11025,36.325333,141.30661,KC-46A Pegasus,198,294,-64,False,adsb_icao
ae574d,2026-08-31 02:40:19.652458,UNK C/S,19-46007,0713,22000,28.4,48.3,KC-46A Pegasus,,,,False,mode_s
ae1460,2026-08-31 02:40:19.652461,BLINR01,06-6162,1745,35000,38.0,-110.1,C-17A Globemaster,,,,False,mode_s
ae1177,2026-08-31 02:40:19.652464,VOLT97,02-1105,7251,1700,32.1,-86.1,C-17A Globemaster,,,,False,mode_s
afa175,2026-08-31 02:40:19.652471,FLYER63,19-46111,3276,21000,25.9,56.1,KC-46A Pegasus,,,,False,mode_s
ae63c7,2026-08-31 02:40:19.652474,FLYER62,21-46091,3275,28000,25.6,55.1,KC-46A Pegasus,,,,False,mode_s
c2b3f5,2026-08-31 02:41:19.953957,CFC4093,177704,2165,8250,49.91803,-124.811119,C-17A Globemaster,282,227,-960,False,adsb_icao
af9b66,2026-08-31 02:41:19.953974,FIST81,22-46106,4152,39000,45.09763,-123.614555,KC-46A Pegasus,171,469,0,False,mlat
ae330a,2026-08-31 02:41:19.953978,FIST71,22-46105,5770,37000,42.454273,-122.906631,KC-46A Pegasus,169,486,0,False,mlat
ae0414,2026-08-31 02:41:19.953982,UNK C/S,164387,3340,26025,40.13541,-121.975471,E-6B TACAMO,349,329,42,False,mlat
ae1462,2026-08-31 02:41:19.953988,GRZLY31,06-6164,7226,35975,37.488007,-118.251518,C-17A Globemaster,283,438,-960,False,adsb_icao
ae63c8,2026-08-31 02:41:19.953992,PETRO71,21-46092,1403,34025,38.391663,-109.326866,KC-46A Pegasus,263,420,4,False,mlat
ae1198,2026-08-31 02:41:19.953998,RCH162,03-3115,2645,33000,34.111679,-99.524025,C-17A Globemaster,98,456,-64,False,adsb_icao
ae63c6,2026-08-31 02:41:19.954003,PETRO61,21-46090,1536,38025,41.500568,-89.675789,KC-46A Pegasus,271,465,0,False,mlat
ae0475,2026-08-31 02:41:19.954007,UNK C/S,58-0001,2144,39000,35.42347,-88.974327,KC-135R Stratotanker,143,469,0,False,mlat
ae080f,2026-08-31 02:41:19.954013,VOLT71,99-0169,2723,31975,35.824368,-79.998993,C-17A Globemaster,205,458,0,False,adsb_icao
ae1197,2026-08-31 02:41:19.954017,RCH3260,03-3114,1501,16875,40.325272,-75.715775,C-17A Globemaster,310,338,64,False,adsb_icao
ae056b,2026-08-31 02:41:19.954021,RCH1876,86-0014,3675,18050,40.918922,-73.157074,C-5M Galaxy,42,425,-1431,False,mlat
af0f64,2026-08-31 02:41:19.954024,UNK C/S,,7156,22550,43.991215,-72.861572,E-6B TACAMO,72,328,-953,False,mlat
ae08e3,2026-08-31 02:41:19.954029,MCFAMC,00-0183,Unavailable,34060,55.630646,-53.359737,C-17A Globemaster,262,,,False,adsc
87cc0a,2026-08-31 02:41:19.954037,GALOP61,07-3604,1400,11050,36.322266,141.376755,KC-46A Pegasus,28,314,-192,False,adsb_icao
ae574d,2026-08-31 02:41:19.954044,UNK C/S,19-46007,0713,22000,28.4,48.3,KC-46A Pegasus,,,,False,mode_s
ae1460,2026-08-31 02:41:19.954047,BLINR01,06-6162,1745,35000,38.0,-109.3,C-17A Globemaster,,,,False,mode_s
ae1177,2026-08-31 02:41:19.954051,VOLT97,02-1105,7251,925,32.3,-86.2,C-17A Globemaster,,,,False,mode_s
afa175,2026-08-31 02:41:19.954058,FLYER63,19-46111,3276,21000,25.6,56.1,KC-46A Pegasus,,,,False,mode_s
ae63c7,2026-08-31 02:41:19.954061,FLYER62,21-46091,3275,28000,25.4,55.3,KC-46A Pegasus,,,,False,mode_s
c2b3f5,2026-08-31 02:42:20.310542,CFC4093,177704,2165,7350,49.9319,-124.90667,C-17A Globemaster,282,226,-896,False,adsb_icao
af9b66,2026-08-31 02:42:20.310558,FIST81,22-46106,4152,39000,44.963821,-123.576317,KC-46A Pegasus,168,470,0,False,mlat
ae330a,2026-08-31 02:42:20.310563,FIST71,22-46105,5770,37000,42.321892,-122.867409,KC-46A Pegasus,166,482,7,False,mlat
ae0414,2026-08-31 02:42:20.310567,UNK C/S,164387,3340,26000,40.223503,-121.991432,E-6B TACAMO,352,302,0,False,mlat
ae1462,2026-08-31 02:42:20.310572,GRZLY31,06-6164,7226,34975,37.517715,-118.402992,C-17A Globemaster,283,443,-1024,False,adsb_icao
ae1460,2026-08-31 02:42:20.310577,BLINR01,06-6162,1745,35000,37.809383,-111.165092,C-17A Globemaster,,,-25,False,mlat
ae63c8,2026-08-31 02:42:20.310581,PETRO71,21-46092,1403,34025,38.372692,-109.478088,KC-46A Pegasus,260,427,59,False,mlat
ae1198,2026-08-31 02:42:20.310587,RCH162,03-3115,2645,33000,34.091995,-99.372742,C-17A Globemaster,99,453,0,False,adsb_icao
ae63c6,2026-08-31 02:42:20.310592,PETRO61,21-46090,1536,38025,41.503296,-89.837891,KC-46A Pegasus,270,429,0,False,mlat
ae0475,2026-08-31 02:42:20.310596,UNK C/S,58-0001,2144,39000,35.316231,-88.873405,KC-135R Stratotanker,142,479,0,False,mlat
ae080f,2026-08-31 02:42:20.310602,VOLT71,99-0169,2723,31975,35.708862,-80.066757,C-17A Globemaster,205,455,0,False,adsb_icao
ae1197,2026-08-31 02:42:20.310606,RCH3260,03-3114,1501,16875,40.386978,-75.808594,C-17A Globemaster,310,338,0,False,adsb_icao
ae056b,2026-08-31 02:42:20.310610,RCH1876,86-0014,3675,16600,41.006714,-73.053978,C-5M Galaxy,40,448,-1487,False,mlat
af0f64,2026-08-31 02:42:20.310614,UNK C/S,,7156,21550,44.019028,-72.740082,E-6B TACAMO,73,342,-1002,False,mlat
ae08e3,2026-08-31 02:42:20.310618,MCFAMC,00-0183,Unavailable,34060,55.630646,-53.359737,C-17A Globemaster,262,,,False,adsc
87cc0a,2026-08-31 02:42:20.310627,GALOP61,07-3604,1400,11475,36.395737,141.435638,KC-46A Pegasus,58,316,768,False,adsb_icao
ae07f6,2026-08-31 02:42:20.310635,RCH401,97-0044,0515,36000,31.9,33.0,C-17A Globemaster,,,,False,mode_s
ae574d,2026-08-31 02:42:20.310640,UNK C/S,19-46007,0713,22000,28.4,48.3,KC-46A Pegasus,,,,False,mode_s
ae1177,2026-08-31 02:42:20.310643,VOLT97,02-1105,7251,400,32.6,-86.5,C-17A Globemaster,,,,False,mode_s
afde25,2026-08-31 02:42:20.310647,UNK C/S,,Unavailable,Unavailable,37.8,-124.2,E-6B TACAMO,,,,False,mode_s
afa175,2026-08-31 02:42:20.310672,FLYER63,19-46111,3276,21000,25.6,56.2,KC-46A Pegasus,,,,False,mode_s
ae63c7,2026-08-31 02:42:20.310677,FLYER62,21-46091,3275,28000,25.7,55.5,KC-46A Pegasus,,,,False,mode_s
c2b3f5,2026-08-31 02:43:20.684976,CFC4093,177704,2165,6450,49.945679,-125.002373,C-17A Globemaster,282,226,-960,False,adsb_icao
af9b66,2026-08-31 02:43:20.684992,FIST81,22-46106,4152,39000,44.832962,-123.540405,KC-46A Pegasus,168,475,0,False,mlat
ae330a,2026-08-31 02:43:20.684998,FIST71,22-46105,5770,37000,42.191868,-122.8284,KC-46A Pegasus,167,488,-8,False,mlat
ae0414,2026-08-31 02:43:20.685002,UNK C/S,164387,3340,26000,40.307423,-122.006714,E-6B TACAMO,355,308,0,False,mlat
ae1462,2026-08-31 02:43:20.685008,GRZLY31,06-6164,7226,34000,37.547127,-118.554184,C-17A Globemaster,283,445,-1024,False,adsb_icao
ae63c8,2026-08-31 02:43:20.685013,PETRO71,21-46092,1403,34000,38.351711,-109.631706,KC-46A Pegasus,260,431,-7,False,mlat
ae1198,2026-08-31 02:43:20.685020,RCH162,03-3115,2645,33000,34.072357,-99.223473,C-17A Globemaster,99,452,64,False,adsb_icao
ae63c6,2026-08-31 02:43:20.685026,PETRO61,21-46090,1536,38025,41.505795,-90.017044,KC-46A Pegasus,270,461,0,False,mlat
ae0475,2026-08-31 02:43:20.685030,UNK C/S,58-0001,2144,39000,35.216793,-88.78067,KC-135R Stratotanker,143,491,0,False,mlat
ae080f,2026-08-31 02:43:20.685036,VOLT71,99-0169,2723,31975,35.595703,-80.132935,C-17A Globemaster,205,450,0,False,adsb_icao
ae1197,2026-08-31 02:43:20.685039,RCH3260,03-3114,1501,17500,40.442581,-75.907036,C-17A Globemaster,284,337,2304,False,adsb_icao
ae056b,2026-08-31 02:43:20.685044,RCH1876,86-0014,3675,14500,41.093964,-72.951363,C-5M Galaxy,41,391,-2110,False,mlat
af0f64,2026-08-31 02:43:20.685048,UNK C/S,,7156,20525,44.047348,-72.617889,E-6B TACAMO,70,361,-1019,False,mlat
ae08e3,2026-08-31 02:43:20.685053,MCFAMC,00-0183,Unavailable,34060,55.630646,-53.359737,C-17A Globemaster,262,,,False,adsc
87cc0a,2026-08-31 02:43:20.685064,GALOP61,07-3604,1400,11900,36.387558,141.545166,KC-46A Pegasus,84,333,-960,False,adsb_icao
ae07f6,2026-08-31 02:43:20.685072,RCH401,97-0044,0515,36000,31.9,33.0,C-17A Globemaster,,,,False,mode_s
ae574d,2026-08-31 02:43:20.685077,UNK C/S,19-46007,0713,22000,28.4,48.3,KC-46A Pegasus,,,,False,mode_s
ae1460,2026-08-31 02:43:20.685080,BLINR01,06-6162,1745,35000,37.8,-109.7,C-17A Globemaster,,,,False,mode_s
afde25,2026-08-31 02:43:20.685086,UNK C/S,,Unavailable,Unavailable,37.8,-124.8,E-6B TACAMO,,,,False,mode_s
afa175,2026-08-31 02:43:20.685093,FLYER63,19-46111,3276,20500,25.6,56.1,KC-46A Pegasus,,,,False,mode_s
ae63c7,2026-08-31 02:43:20.685096,FLYER62,21-46091,3275,28000,25.4,55.5,KC-46A Pegasus,,,,False,mode_s
c2b3f5,2026-08-31 02:44:21.034278,CFC4093,177704,2165,5450,49.919998,-125.082596,C-17A Globemaster,225,214,-704,False,adsb_icao
af9b66,2026-08-31 02:44:21.034294,FIST81,22-46106,4152,39000,44.697659,-123.501953,KC-46A Pegasus,168,475,0,False,mlat
ae330a,2026-08-31 02:44:21.034298,FIST71,22-46105,5770,37000,42.06205,-122.790657,KC-46A Pegasus,168,483,0,False,mlat
ae0414,2026-08-31 02:44:21.034303,UNK C/S,164387,3340,26000,40.39386,-122.023148,E-6B TACAMO,351,311,0,False,mlat
ae1462,2026-08-31 02:44:21.034307,GRZLY31,06-6164,7226,33000,37.576721,-118.706924,C-17A Globemaster,283,450,-1024,False,adsb_icao
ae1460,2026-08-31 02:44:21.034312,BLINR01,06-6162,1745,35000,37.729588,-110.760315,C-17A Globemaster,,,0,False,mlat
ae63c8,2026-08-31 02:44:21.034316,PETRO71,21-46092,1403,34000,38.328484,-109.770332,KC-46A Pegasus,259,423,0,False,mlat
ae1198,2026-08-31 02:44:21.034321,RCH162,03-3115,2645,33000,34.052216,-99.072128,C-17A Globemaster,99,452,128,False,adsb_icao
ae63c6,2026-08-31 02:44:21.034326,PETRO61,21-46090,1536,38025,41.508148,-90.170067,KC-46A Pegasus,273,451,0,False,mlat
ae0475,2026-08-31 02:44:21.034329,UNK C/S,58-0001,2144,39000,35.108074,-88.679405,KC-135R Stratotanker,142,454,-2,False,mlat
ae080f,2026-08-31 02:44:21.034334,VOLT71,99-0169,2723,31125,35.480942,-80.200027,C-17A Globemaster,205,452,-1024,False,adsb_icao
ae1197,2026-08-31 02:44:21.034337,RCH3260,03-3114,1501,19225,40.462738,-76.028076,C-17A Globemaster,281,346,1344,False,adsb_icao
ae056b,2026-08-31 02:44:21.034341,RCH1876,86-0014,3675,12350,41.17569,-72.855011,C-5M Galaxy,41,380,-2082,False,mlat
af0f64,2026-08-31 02:44:21.034344,UNK C/S,,7156,19500,44.055836,-72.495041,E-6B TACAMO,114,356,-1030,False,mlat
ae08e3,2026-08-31 02:44:21.034348,MCFAMC,00-0183,Unavailable,34060,55.630646,-53.359737,C-17A Globemaster,262,,,False,adsc
87cc0a,2026-08-31 02:44:21.034356,GALOP61,07-3604,1400,11050,36.453735,141.586761,KC-46A Pegasus,337,289,-64,False,adsb_icao
ae07f6,2026-08-31 02:44:21.034362,RCH401,97-0044,0515,36000,31.9,33.0,C-17A Globemaster,,,,False,mode_s
ae574d,2026-08-31 02:44:21.034366,UNK C/S,19-46007,0713,22000,28.4,48.3,KC-46A Pegasus,,,,False,mode_s
afde25,2026-08-31 02:44:21.034371,UNK C/S,,Unavailable,Unavailable,38.4,-123.7,E-6B TACAMO,,,,False,mode_s
afa175,2026-08-31 02:44:21.034376,FLYER63,19-46111,3276,20500,25.7,56.5,KC-46A Pegasus,,,,False,mode_s
ae013d,2026-08-31 02:44:21.034380,UNK C/S,64-14839,5306,275,32.1,33.4,KC-135R Stratotanker,,,,False,mode_s
ae63c7,2026-08-31 02:44:21.034383,FLYER62,21-46091,3275,28000,25.4,55.1,KC-46A Pegasus,,,,False,mode_s
c2b3f5,2026-08-31 02:45:21.479419,CFC4093,177704,2165,4525,49.878387,-125.132545,C-17A Globemaster,174,180,-1152,False,adsb_icao
af9b66,2026-08-31 02:45:21.479436,FIST81,22-46106,4152,39000,44.566845,-123.466629,KC-46A Pegasus,170,476,7,False,mlat
ae330a,2026-08-31 02:45:21.479441,FIST71,22-46105,5770,37000,41.927834,-122.752739,KC-46A Pegasus,169,489,0,False,mlat
ae0414,2026-08-31 02:45:21.479446,UNK C/S,164387,3340,26000,40.478394,-122.041397,E-6B TACAMO,346,317,-2,False,mlat
ae1462,2026-08-31 02:45:21.479450,GRZLY31,06-6164,7226,32025,37.606434,-118.861565,C-17A Globemaster,283,459,-1088,False,adsb_icao
ae1460,2026-08-31 02:45:21.479455,BLINR01,06-6162,1745,35000,37.705502,-110.652802,C-17A Globemaster,,,0,False,mlat
ae63c8,2026-08-31 02:45:21.479458,PETRO71,21-46092,1403,34000,38.304317,-109.911522,KC-46A Pegasus,258,415,21,False,mlat
ae1198,2026-08-31 02:45:21.479463,RCH162,03-3115,2645,33000,34.032154,-98.922897,C-17A Globemaster,99,450,0,False,adsb_icao
ae63c6,2026-08-31 02:45:21.479468,PETRO61,21-46090,1536,38025,41.509441,-90.351913,KC-46A Pegasus,271,452,0,False,mlat
ae0475,2026-08-31 02:45:21.479472,UNK C/S,58-0001,2144,39000,35.011726,-88.59037,KC-135R Stratotanker,141,479,0,False,mlat
ae080f,2026-08-31 02:45:21.479477,VOLT71,99-0169,2723,30125,35.366852,-80.266228,C-17A Globemaster,205,452,-1088,False,adsb_icao
ae1197,2026-08-31 02:45:21.479481,RCH3260,03-3114,1501,20900,40.483063,-76.152954,C-17A Globemaster,282,348,1856,False,adsb_icao
ae056b,2026-08-31 02:45:21.479485,RCH1876,86-0014,3675,10875,41.254669,-72.761986,C-5M Galaxy,40,363,-527,False,mlat
af0f64,2026-08-31 02:45:21.479488,UNK C/S,,7156,19000,43.98061,-72.462013,E-6B TACAMO,195,275,-78,False,mlat
ae08e3,2026-08-31 02:45:21.479492,MCFAMC,00-0183,Unavailable,34060,55.630646,-53.359737,C-17A Globemaster,262,,,False,adsc
ae013d,2026-08-31 02:45:21.479497,UNK C/S,64-14839,5306,1350,32.009129,34.830257,KC-135R Stratotanker,,,2045,False,mlat
87cc0a,2026-08-31 02:45:21.479503,GALOP61,07-3604,1400,10975,36.530228,141.560608,KC-46A Pegasus,15,304,-192,False,adsb_icao
ae07f6,2026-08-31 02:45:21.479510,RCH401,97-0044,0515,36000,32.1,33.4,C-17A Globemaster,,,,False,mode_s
ae574d,2026-08-31 02:45:21.479514,UNK C/S,19-46007,0713,22000,28.4,48.3,KC-46A Pegasus,,,,False,mode_s
afde25,2026-08-31 02:45:21.479519,UNK C/S,,Unavailable,Unavailable,38.4,-123.7,E-6B TACAMO,,,,False,mode_s
afa175,2026-08-31 02:45:21.479524,FLYER63,19-46111,3276,20500,25.9,56.1,KC-46A Pegasus,,,,False,mode_s
ae63c7,2026-08-31 02:45:21.479527,FLYER62,21-46091,3275,28000,25.1,55.5,KC-46A Pegasus,,,,False,mode_s
c2b3f5,2026-08-31 02:46:21.793282,CFC4093,177704,2165,3525,49.841618,-125.085579,C-17A Globemaster,135,169,,False,adsb_icao
af9b66,2026-08-31 02:46:21.793297,FIST81,22-46106,4152,39000,44.433979,-123.428795,KC-46A Pegasus,169,473,0,False,mlat
ae330a,2026-08-31 02:46:21.793302,FIST71,22-46105,5770,37000,41.795006,-122.714798,KC-46A Pegasus,168,478,0,False,mlat
ae0414,2026-08-31 02:46:21.793306,UNK C/S,164387,3340,26000,40.537201,-122.121185,E-6B TACAMO,291,315,0,False,mlat
ae1462,2026-08-31 02:46:21.793310,GRZLY31,06-6164,7226,32000,37.636185,-119.019508,C-17A Globemaster,283,458,0,False,adsb_icao
ae1460,2026-08-31 02:46:21.793314,BLINR01,06-6162,1745,36100,37.651344,-110.395775,C-17A Globemaster,,,910,False,mlat
ae63c8,2026-08-31 02:46:21.793317,PETRO71,21-46092,1403,34025,38.279125,-110.050713,KC-46A Pegasus,257,385,0,False,mlat
ae1198,2026-08-31 02:46:21.793323,RCH162,03-3115,2645,33000,34.011856,-98.772697,C-17A Globemaster,99,452,-64,False,adsb_icao
ae63c6,2026-08-31 02:46:21.793327,PETRO61,21-46090,1536,38025,41.513149,-90.510109,KC-46A Pegasus,274,472,0,False,mlat
ae0475,2026-08-31 02:46:21.793331,UNK C/S,58-0001,2144,39000,34.898342,-88.486839,KC-135R Stratotanker,143,471,-1,False,mlat
ae080f,2026-08-31 02:46:21.793337,VOLT71,99-0169,2723,29150,35.251648,-80.332832,C-17A Globemaster,205,459,-1024,False,adsb_icao
ae1197,2026-08-31 02:46:21.793341,RCH3260,03-3114,1501,22200,40.505264,-76.279602,C-17A Globemaster,282,359,1216,False,adsb_icao
ae056b,2026-08-31 02:46:21.793345,RCH1876,86-0014,3675,10700,41.330276,-72.710892,C-5M Galaxy,4,286,-416,False,mlat
af0f64,2026-08-31 02:46:21.793349,UNK C/S,,7156,19000,43.904289,-72.469131,E-6B TACAMO,188,271,0,False,mlat
ae08e3,2026-08-31 02:46:21.793353,MCFAMC,00-0183,Unavailable,34060,55.630646,-53.359737,C-17A Globemaster,262,,,False,adsc
ae013d,2026-08-31 02:46:21.793357,UNK C/S,64-14839,5306,3200,32.002724,34.75285,KC-135R Stratotanker,276,245,2492,False,mlat
87cc0a,2026-08-31 02:46:21.793363,GALOP61,07-3604,1400,11000,36.605621,141.607071,KC-46A Pegasus,27,313,-64,False,adsb_icao
ae07f6,2026-08-31 02:46:21.793370,RCH401,97-0044,0515,36000,31.9,33.2,C-17A Globemaster,,,,False,mode_s
ae574d,2026-08-31 02:46:21.793373,UNK C/S,19-46007,0713,22000,28.4,48.3,KC-46A Pegasus,,,,False,mode_s
af3b45,2026-08-31 02:46:21.793378,UNK C/S,22-46100,4603,Unavailable,37.2,-27.6,KC-46A Pegasus,,,,False,mode_s
afa175,2026-08-31 02:46:21.793384,FLYER63,19-46111,3276,20500,25.8,58.0,KC-46A Pegasus,,,,False,mode_s
ae63c7,2026-08-31 02:46:21.793387,FLYER62,21-46091,3275,28000,25.1,55.2,KC-46A Pegasus,,,,False,mode_s
c2b3f5,2026-08-31 02:47:22.239171,CFC4093,177704,2165,2650,49.808613,-125.035774,C-17A Globemaster,136,161,,False,adsb_icao
af9b66,2026-08-31 02:47:22.239188,FIST81,22-46106,4152,39000,44.307678,-123.397789,KC-46A Pegasus,168,477,0,False,mlat
ae330a,2026-08-31 02:47:22.239192,FIST71,22-46105,5770,37000,41.663967,-122.675842,KC-46A Pegasus,168,481,-39,False,mlat
ae0414,2026-08-31 02:47:22.239197,UNK C/S,164387,3340,26000,40.532459,-122.226646,E-6B TACAMO,245,333,0,False,mlat
ae1462,2026-08-31 02:47:22.239201,GRZLY31,06-6164,7226,32000,37.66626,-119.177231,C-17A Globemaster,283,462,0,False,adsb_icao
ae1460,2026-08-31 02:47:22.239205,BLINR01,06-6162,1745,36975,37.612701,-110.246277,C-17A Globemaster,103,510,791,False,mlat
ae63c8,2026-08-31 02:47:22.239209,PETRO71,21-46092,1403,34025,38.261932,-110.184769,KC-46A Pegasus,258,435,0,False,mlat
ae1198,2026-08-31 02:47:22.239215,RCH162,03-3115,2645,33000,33.991325,-98.622726,C-17A Globemaster,99,452,0,False,adsb_icao
ae63c6,2026-08-31 02:47:22.239221,PETRO61,21-46090,1536,38025,41.514442,-90.68383,KC-46A Pegasus,268,472,-2,False,mlat
ae0475,2026-08-31 02:47:22.239225,UNK C/S,58-0001,2144,39000,34.791862,-88.387833,KC-135R Stratotanker,146,471,0,False,mlat
ae080f,2026-08-31 02:47:22.239231,VOLT71,99-0169,2723,28150,35.13493,-80.400185,C-17A Globemaster,205,460,-1024,False,adsb_icao
ae1197,2026-08-31 02:47:22.239235,RCH3260,03-3114,1501,23675,40.527538,-76.408165,C-17A Globemaster,282,362,1216,False,adsb_icao
ae056b,2026-08-31 02:47:22.239239,RCH1876,86-0014,3675,9975,41.410622,-72.689201,C-5M Galaxy,9,292,-906,False,mlat
af0f64,2026-08-31 02:47:22.239243,UNK C/S,,7156,19000,43.827019,-72.478584,E-6B TACAMO,184,251,0,False,mlat
ae08e3,2026-08-31 02:47:22.239249,MCFAMC,00-0183,Unavailable,34060,55.630646,-53.359737,C-17A Globemaster,262,,,False,adsc
ae013d,2026-08-31 02:47:22.239254,UNK C/S,64-14839,5306,6175,32.022923,34.671642,KC-135R Stratotanker,285,271,3062,False,mlat
87cc0a,2026-08-31 02:47:22.239263,GALOP61,07-3604,1400,11025,36.687332,141.65921,KC-46A Pegasus,27,314,128,False,adsb_icao
ae07f6,2026-08-31 02:47:22.239271,RCH401,97-0044,0515,36000,31.9,33.2,C-17A Globemaster,,,,False,mode_s
ae574d,2026-08-31 02:47:22.239276,UNK C/S,19-46007,0713,22025,28.4,48.3,KC-46A Pegasus,,,,False,mode_s
afde25,2026-08-31 02:47:22.239281,UNK C/S,,Unavailable,Unavailable,37.8,-125.2,E-6B TACAMO,,,,False,mode_s
afa175,2026-08-31 02:47:22.239285,FLYER63,19-46111,3276,20500,25.7,58.5,KC-46A Pegasus,,,,False,mode_s
ae63c7,2026-08-31 02:47:22.239288,FLYER62,21-46091,3275,28000,25.4,55.4,KC-46A Pegasus,,,,False,mode_s
c2b3f5,2026-08-31 02:48:22.564158,CFC4093,177704,2165,1800,49.781754,-124.994995,C-17A Globemaster,135,117,,False,adsb_icao
af9b66,2026-08-31 02:48:22.564173,FIST81,22-46106,4152,39000,44.176517,-123.360336,KC-46A Pegasus,170,477,18,False,mlat
ae330a,2026-08-31 02:48:22.564178,FIST71,22-46105,5770,37000,41.538143,-122.640099,KC-46A Pegasus,168,465,-11,False,mlat
ae0414,2026-08-31 02:48:22.564183,UNK C/S,164387,3340,26000,40.464863,-122.294975,E-6B TACAMO,194,320,0,False,mlat
ae1462,2026-08-31 02:48:22.564188,GRZLY31,06-6164,7226,30325,37.696373,-119.334747,C-17A Globemaster,283,460,-1984,False,adsb_icao
ae63c8,2026-08-31 02:48:22.564193,PETRO71,21-46092,1403,34025,38.260124,-110.359673,KC-46A Pegasus,280,488,35,False,mlat
ae1460,2026-08-31 02:48:22.564196,BLINR01,06-6162,1745,37000,37.584465,-110.089447,C-17A Globemaster,103,520,0,False,mlat
ae1198,2026-08-31 02:48:22.564201,RCH162,03-3115,2645,33000,33.966656,-98.474403,C-17A Globemaster,102,451,0,False,adsb_icao
ae63c6,2026-08-31 02:48:22.564206,PETRO61,21-46090,1536,38025,41.516106,-90.845741,KC-46A Pegasus,269,475,0,False,mlat
ae0475,2026-08-31 02:48:22.564210,UNK C/S,58-0001,2144,39000,34.685341,-88.291252,KC-135R Stratotanker,144,479,-2,False,mlat
ae080f,2026-08-31 02:48:22.564216,VOLT71,99-0169,2723,27975,35.020039,-80.466209,C-17A Globemaster,205,457,0,False,adsb_icao
ae1197,2026-08-31 02:48:22.564220,RCH3260,03-3114,1501,24900,40.549622,-76.537292,C-17A Globemaster,282,367,1408,False,adsb_icao
ae056b,2026-08-31 02:48:22.564224,RCH1876,86-0014,3675,9900,41.48727,-72.666748,C-5M Galaxy,12,287,0,False,mlat
af0f64,2026-08-31 02:48:22.564228,UNK C/S,,7156,18125,43.752842,-72.48513,E-6B TACAMO,181,282,-1061,False,mlat
ae08e3,2026-08-31 02:48:22.564232,MCFAMC,00-0183,Unavailable,34060,55.630646,-53.359737,C-17A Globemaster,262,,,False,adsc
ae013d,2026-08-31 02:48:22.564237,UNK C/S,64-14839,5306,8900,32.035561,34.585251,KC-135R Stratotanker,273,280,2660,False,mlat
87cc0a,2026-08-31 02:48:22.564243,GALOP61,07-3604,1400,11025,36.762131,141.707092,KC-46A Pegasus,28,281,64,False,adsb_icao
ae07f6,2026-08-31 02:48:22.564250,RCH401,97-0044,0515,36000,31.0,33.9,C-17A Globemaster,,,,False,mode_s
ae574d,2026-08-31 02:48:22.564255,UNK C/S,19-46007,0713,22000,28.4,48.3,KC-46A Pegasus,,,,False,mode_s
afde25,2026-08-31 02:48:22.564260,UNK C/S,,Unavailable,Unavailable,37.5,-126.0,E-6B TACAMO,,,,False,mode_s
c2afc7,2026-08-31 02:48:22.564264,CFC3882,177702,Unavailable,35000,61.9,-115.7,C-17A Globemaster,145,406,-64,False,mode_s
afa175,2026-08-31 02:48:22.564269,FLYER63,19-46111,3276,20500,25.7,59.3,KC-46A Pegasus,,,,False,mode_s
ae63c7,2026-08-31 02:48:22.564272,FLYER62,21-46091,3275,28000,25.3,55.5,KC-46A Pegasus,,,,False,mode_s
c2b3f5,2026-08-31 02:49:23.004505,CFC4093,177704,2165,1050,49.758728,-124.959511,C-17A Globemaster,135,116,,False,adsb_icao
af9b66,2026-08-31 02:49:23.004522,FIST81,22-46106,4152,39000,44.048016,-123.325043,KC-46A Pegasus,169,484,0,False,mlat
ae330a,2026-08-31 02:49:23.004526,FIST71,22-46105,5770,37025,41.398876,-122.600494,KC-46A Pegasus,169,486,80,False,mlat
ae0414,2026-08-31 02:49:23.004531,UNK C/S,164387,3340,26000,40.377556,-122.286392,E-6B TACAMO,167,323,0,False,mlat
ae1462,2026-08-31 02:49:23.004535,GRZLY31,06-6164,7226,28350,37.72435,-119.486351,C-17A Globemaster,282,436,-2112,False,adsb_icao
ae63c8,2026-08-31 02:49:23.004540,PETRO71,21-46092,1403,34000,38.26622,-110.512543,KC-46A Pegasus,268,456,0,False,mlat
ae1460,2026-08-31 02:49:23.004544,BLINR01,06-6162,1745,37000,37.542332,-109.90374,C-17A Globemaster,108,472,59,False,mlat
ae1198,2026-08-31 02:49:23.004549,RCH162,03-3115,2645,33000,33.93924,-98.328026,C-17A Globemaster,102,449,-64,False,adsb_icao
ae63c6,2026-08-31 02:49:23.004554,PETRO61,21-46090,1536,38025,41.517941,-91.018646,KC-46A Pegasus,272,408,0,False,mlat
ae0475,2026-08-31 02:49:23.004559,UNK C/S,58-0001,2144,39000,34.581547,-88.19558,KC-135R Stratotanker,144,448,0,False,mlat
ae080f,2026-08-31 02:49:23.004564,VOLT71,99-0169,2723,27975,34.905613,-80.531845,C-17A Globemaster,205,453,0,False,adsb_icao
ae1197,2026-08-31 02:49:23.004569,RCH3260,03-3114,1501,25975,40.572044,-76.67009,C-17A Globemaster,282,373,1216,False,adsb_icao
ae056b,2026-08-31 02:49:23.004573,RCH1876,86-0014,3675,9900,41.559063,-72.656563,C-5M Galaxy,14,284,0,False,mlat
af0f64,2026-08-31 02:49:23.004577,UNK C/S,,7156,17175,43.680214,-72.494026,E-6B TACAMO,180,259,-564,False,mlat
ae013d,2026-08-31 02:49:23.004582,UNK C/S,64-14839,5306,10800,32.04221,34.497288,KC-135R Stratotanker,275,299,1922,False,mlat
87cc0a,2026-08-31 02:49:23.004588,GALOP61,07-3604,1400,11000,36.823837,141.748749,KC-46A Pegasus,29,238,0,False,adsb_icao
ae07f6,2026-08-31 02:49:23.004597,RCH401,97-0044,0515,36000,32.0,33.1,C-17A Globemaster,,,,False,mode_s
ae574d,2026-08-31 02:49:23.004602,UNK C/S,19-46007,0713,22000,28.4,48.3,KC-46A Pegasus,,,,False,mode_s
afde25,2026-08-31 02:49:23.004607,UNK C/S,,Unavailable,Unavailable,37.5,-126.0,E-6B TACAMO,,,,False,mode_s
c2afc7,2026-08-31 02:49:23.004611,CFC3882,177702,Unavailable,Unavailable,61.9,-115.7,C-17A Globemaster,145,406,-64,False,mode_s
afa175,2026-08-31 02:49:23.004616,FLYER63,19-46111,3276,20500,25.5,58.3,KC-46A Pegasus,,,,False,mode_s
ae63c7,2026-08-31 02:49:23.004620,FLYER62,21-46091,3275,28000,25.5,55.6,KC-46A Pegasus,,,,False,mode_s
c2b3f5,2026-08-31 02:50:23.419587,CFC4093,177704,2165,500,49.738998,-124.929153,C-17A Globemaster,135,116,,False,adsb_icao
af9b66,2026-08-31 02:50:23.419603,FIST81,22-46106,4152,39000,43.910381,-123.288521,KC-46A Pegasus,170,480,0,False,mlat
ae330a,2026-08-31 02:50:23.419608,FIST71,22-46105,5770,37000,41.267265,-122.563789,KC-46A Pegasus,168,474,0,False,mlat
ae0414,2026-08-31 02:50:23.419612,UNK C/S,164387,3340,26000,40.288521,-122.272469,E-6B TACAMO,171,332,0,False,mlat
ae1462,2026-08-31 02:50:23.419616,GRZLY31,06-6164,7226,26300,37.751862,-119.636574,C-17A Globemaster,283,430,-2048,False,adsb_icao
ae1460,2026-08-31 02:50:23.419620,BLINR01,06-6162,1745,37000,37.507988,-109.735344,C-17A Globemaster,104,506,46,False,mlat
ae1198,2026-08-31 02:50:23.419626,RCH162,03-3115,2645,33000,33.911907,-98.179955,C-17A Globemaster,102,449,-64,False,adsb_icao
ae63c6,2026-08-31 02:50:23.419630,PETRO61,21-46090,1536,38025,41.518467,-91.185371,KC-46A Pegasus,271,433,0,False,mlat
ae0475,2026-08-31 02:50:23.419634,UNK C/S,58-0001,2144,39000,34.473625,-88.096985,KC-135R Stratotanker,142,467,0,False,mlat
ae080f,2026-08-31 02:50:23.419638,VOLT71,99-0169,2723,27375,34.788532,-80.599251,C-17A Globemaster,205,467,-896,False,adsb_icao
ae1197,2026-08-31 02:50:23.419642,RCH3260,03-3114,1501,26875,40.595039,-76.806915,C-17A Globemaster,282,385,1024,False,adsb_icao
ae056b,2026-08-31 02:50:23.419646,RCH1876,86-0014,3675,9900,41.647141,-72.61956,C-5M Galaxy,12,276,0,False,mlat
af0f64,2026-08-31 02:50:23.419649,UNK C/S,,7156,16625,43.60297,-72.503426,E-6B TACAMO,185,285,-536,False,mlat
ae013d,2026-08-31 02:50:23.419671,UNK C/S,64-14839,5306,12275,32.050388,34.390152,KC-135R Stratotanker,275,335,1732,False,mlat
87cc0a,2026-08-31 02:50:23.419678,GALOP61,07-3604,1400,10550,36.879753,141.787933,KC-46A Pegasus,28,256,-640,False,adsb_icao
ae07f6,2026-08-31 02:50:23.419685,RCH401,97-0044,0515,36000,31.9,33.0,C-17A Globemaster,,,,False,mode_s
ae574d,2026-08-31 02:50:23.419689,UNK C/S,19-46007,0713,22000,28.4,48.4,KC-46A Pegasus,,,,False,mode_s
afde25,2026-08-31 02:50:23.419694,UNK C/S,,Unavailable,Unavailable,37.5,-126.0,E-6B TACAMO,,,,False,mode_s
ae63c8,2026-08-31 02:50:23.419701,PETRO71,21-46092,1403,34000,38.1,-109.0,KC-46A Pegasus,,,,False,mode_s
afa175,2026-08-31 02:50:23.419704,FLYER63,19-46111,3276,20500,25.6,59.2,KC-46A Pegasus,,,,False,mode_s
ae63c7,2026-08-31 02:50:23.419707,FLYER62,21-46091,3275,28000,25.3,55.0,KC-46A Pegasus,,,,False,mode_s
c2b3f5,2026-08-31 02:51:23.799802,CFC4093,177704,2165,175,49.726589,-124.910248,C-17A Globemaster,135,119,,False,adsb_icao
af9b66,2026-08-31 02:51:23.799818,FIST81,22-46106,4152,39000,43.780281,-123.254738,KC-46A Pegasus,169,469,4,False,mlat
ae330a,2026-08-31 02:51:23.799823,FIST71,22-46105,5770,36325,41.135258,-122.526749,KC-46A Pegasus,168,479,-1078,False,mlat
ae0414,2026-08-31 02:51:23.799827,UNK C/S,164387,3340,26000,40.200302,-122.254028,E-6B TACAMO,171,312,0,False,mlat
c2afc7,2026-08-31 02:51:23.799831,CFC3882,177702,4251,35000,61.200924,-120.473427,C-17A Globemaster,145,409,64,False,adsb_icao
ae1462,2026-08-31 02:51:23.799835,GRZLY31,06-6164,7226,26000,37.778961,-119.785629,C-17A Globemaster,282,449,-128,False,adsb_icao
ae63c8,2026-08-31 02:51:23.799840,PETRO71,21-46092,1403,34025,38.269276,-110.724724,KC-46A Pegasus,,,-2,False,mode_s
ae1460,2026-08-31 02:51:23.799844,BLINR01,06-6162,1745,37000,37.470795,-109.573997,C-17A Globemaster,107,475,0,False,mlat
ae1198,2026-08-31 02:51:23.799849,RCH162,03-3115,2645,33000,33.884678,-98.032089,C-17A Globemaster,102,447,0,False,adsb_icao
ae63c6,2026-08-31 02:51:23.799854,PETRO61,21-46090,1536,38025,41.518337,-91.361336,KC-46A Pegasus,270,453,0,False,mlat
ae0475,2026-08-31 02:51:23.799859,UNK C/S,58-0001,2144,39000,34.365059,-87.998367,KC-135R Stratotanker,142,483,0,False,mlat
ae080f,2026-08-31 02:51:23.799863,VOLT71,99-0169,2723,26125,34.661087,-80.626534,C-17A Globemaster,179,470,-1600,False,adsb_icao
ae1197,2026-08-31 02:51:23.799867,RCH3260,03-3114,1501,27825,40.618225,-76.945557,C-17A Globemaster,282,389,1152,False,adsb_icao
ae056b,2026-08-31 02:51:23.799871,RCH1876,86-0014,3675,9900,41.729153,-72.594254,C-5M Galaxy,12,291,0,False,mlat
af0f64,2026-08-31 02:51:23.799874,UNK C/S,,7156,16075,43.529591,-72.511734,E-6B TACAMO,186,269,-550,False,mlat
ae013d,2026-08-31 02:51:23.799879,UNK C/S,64-14839,5306,14450,32.013,34.301083,KC-135R Stratotanker,218,428,2588,False,mlat
87cc0a,2026-08-31 02:51:23.799886,GALOP61,07-3604,1400,11000,36.940613,141.829346,KC-46A Pegasus,28,268,-64,False,adsb_icao
ae07f6,2026-08-31 02:51:23.799893,RCH401,97-0044,0515,36000,32.0,33.1,C-17A Globemaster,,,,False,mode_s
ae1b94,2026-08-31 02:51:23.799897,UNK C/S,166887,Unavailable,Unavailable,35.4,-78.2,F/A-18 Hornet,,,,False,mode_s
ae574d,2026-08-31 02:51:23.799901,UNK C/S,19-46007,0713,Unavailable,28.4,48.4,KC-46A Pegasus,,,,False,mode_s
afde25,2026-08-31 02:51:23.799906,UNK C/S,,Unavailable,Unavailable,37.5,-126.0,E-6B TACAMO,,,,False,mode_s
afa175,2026-08-31 02:51:23.799912,FLYER63,19-46111,3276,20500,25.7,59.3,KC-46A Pegasus,,,,False,mode_s
ae63c7,2026-08-31 02:51:23.799915,FLYER62,21-46091,3275,28000,25.5,54.9,KC-46A Pegasus,,,,False,mode_s
af9b66,2026-08-31 02:52:24.178099,FIST81,22-46106,4152,39000,43.65181,-123.219398,KC-46A Pegasus,169,481,0,False,mlat
ae330a,2026-08-31 02:52:24.178113,FIST71,22-46105,5770,35200,41.005497,-122.488213,KC-46A Pegasus,168,465,-1178,False,mlat
ae0414,2026-08-31 02:52:24.178118,UNK C/S,164387,3340,26000,40.110996,-122.239128,E-6B TACAMO,174,307,0,False,mlat
c2afc7,2026-08-31 02:52:24.178123,CFC3882,177702,4251,35000,61.113647,-120.351006,C-17A Globemaster,145,409,0,False,adsb_icao
ae1462,2026-08-31 02:52:24.178127,GRZLY31,06-6164,7226,26000,37.808144,-119.945145,C-17A Globemaster,282,468,0,False,adsb_icao
ae1460,2026-08-31 02:52:24.178132,BLINR01,06-6162,1745,37000,37.434956,-109.405479,C-17A Globemaster,105,491,-23,False,mlat
ae1198,2026-08-31 02:52:24.178138,RCH162,03-3115,2645,33000,33.857529,-97.885216,C-17A Globemaster,102,450,0,False,adsb_icao
ae63c6,2026-08-31 02:52:24.178143,PETRO61,21-46090,1536,38025,41.518246,-91.530312,KC-46A Pegasus,270,460,0,False,mlat
ae0475,2026-08-31 02:52:24.178147,UNK C/S,58-0001,2144,39000,34.259193,-87.903938,KC-135R Stratotanker,144,481,0,False,mlat
ae080f,2026-08-31 02:52:24.178151,VOLT71,99-0169,2723,24600,34.530773,-80.626602,C-17A Globemaster,180,457,-1600,False,adsb_icao
ae1197,2026-08-31 02:52:24.178155,RCH3260,03-3114,1501,28800,40.641541,-77.086731,C-17A Globemaster,282,393,704,False,adsb_icao
ae056b,2026-08-31 02:52:24.178160,RCH1876,86-0014,3675,9875,41.805286,-72.571053,C-5M Galaxy,13,254,75,False,mlat
af0f64,2026-08-31 02:52:24.178164,UNK C/S,,7156,15525,43.454033,-72.520905,E-6B TACAMO,184,256,-561,False,mlat
ae013d,2026-08-31 02:52:24.178168,UNK C/S,64-14839,5306,16200,31.915792,34.315105,KC-135R Stratotanker,142,413,1277,False,mlat
87cc0a,2026-08-31 02:52:24.178176,GALOP61,07-3604,1400,11025,37.006256,141.874817,KC-46A Pegasus,29,222,-128,False,adsb_icao
ae07f6,2026-08-31 02:52:24.178184,RCH401,97-0044,0515,36000,33.3,32.3,C-17A Globemaster,,,,False,mode_s
ae574d,2026-08-31 02:52:24.178190,UNK C/S,19-46007,0713,Unavailable,28.4,48.4,KC-46A Pegasus,,,,False,mode_s
afde25,2026-08-31 02:52:24.178195,UNK C/S,,Unavailable,Unavailable,37.5,-126.0,E-6B TACAMO,,,,False,mode_s
ae63c8,2026-08-31 02:52:24.178200,PETRO71,21-46092,1403,34000,39.2,-110.2,KC-46A Pegasus,,,,False,mode_s
afa175,2026-08-31 02:52:24.178203,FLYER63,19-46111,3276,20500,25.5,57.5,KC-46A Pegasus,,,,False,mode_s
ae63c7,2026-08-31 02:52:24.178206,FLYER62,21-46091,3275,28000,25.7,54.9,KC-46A Pegasus,,,,False,mode_s
af9b66,2026-08-31 02:53:24.528772,FIST81,22-46106,4152,39025,43.514744,-123.182869,KC-46A Pegasus,170,473,0,False,mlat
ae330a,2026-08-31 02:53:24.528786,FIST71,22-46105,5770,34000,40.872597,-122.452019,KC-46A Pegasus,168,477,-1274,False,mlat
ae0414,2026-08-31 02:53:24.528790,UNK C/S,164387,3340,26000,40.035378,-122.18663,E-6B TACAMO,129,336,-4,False,mlat
c2afc7,2026-08-31 02:53:24.528796,CFC3882,177702,4251,35000,61.098648,-120.329994,C-17A Globemaster,145,409,-64,False,adsb_icao
ae1462,2026-08-31 02:53:24.528799,GRZLY31,06-6164,7226,24450,37.837521,-120.103851,C-17A Globemaster,282,458,-2048,False,adsb_icao
ae63c8,2026-08-31 02:53:24.528804,PETRO71,21-46092,1403,34025,38.275543,-111.022919,KC-46A Pegasus,,,0,False,mode_s
ae1460,2026-08-31 02:53:24.528808,BLINR01,06-6162,1745,37000,37.400505,-109.235909,C-17A Globemaster,104,514,0,False,mlat
ae1198,2026-08-31 02:53:24.528813,RCH162,03-3115,2645,33000,33.830109,-97.738747,C-17A Globemaster,102,450,0,False,adsb_icao
ae63c6,2026-08-31 02:53:24.528816,PETRO61,21-46090,1536,38025,41.517017,-91.69268,KC-46A Pegasus,267,448,25,False,mlat
ae0475,2026-08-31 02:53:24.528821,UNK C/S,58-0001,2144,39000,34.149967,-87.803345,KC-135R Stratotanker,144,498,0,False,mlat
ae080f,2026-08-31 02:53:24.528826,VOLT71,99-0169,2723,23075,34.405289,-80.627708,C-17A Globemaster,180,444,-1664,False,adsb_icao
ae1197,2026-08-31 02:53:24.528830,RCH3260,03-3114,1501,29525,40.664658,-77.227417,C-17A Globemaster,282,400,640,False,adsb_icao
ae056b,2026-08-31 02:53:24.528835,RCH1876,86-0014,3675,9900,41.875397,-72.548378,C-5M Galaxy,13,281,0,False,mlat
af0f64,2026-08-31 02:53:24.528839,UNK C/S,,7156,14950,43.38121,-72.528282,E-6B TACAMO,184,291,-636,False,mlat
ae013d,2026-08-31 02:53:24.528843,UNK C/S,64-14839,5306,18125,31.83383,34.406094,KC-135R Stratotanker,138,398,1998,False,mlat
87cc0a,2026-08-31 02:53:24.528849,GALOP61,07-3604,1400,11000,37.050247,141.878311,KC-46A Pegasus,290,141,0,False,adsb_icao
ae07f6,2026-08-31 02:53:24.528857,RCH401,97-0044,0515,36000,32.0,33.3,C-17A Globemaster,,,,False,mode_s
ae574d,2026-08-31 02:53:24.528861,UNK C/S,19-46007,0713,22000,28.4,48.4,KC-46A Pegasus,,,,False,mode_s
afde25,2026-08-31 02:53:24.528867,UNK C/S,,Unavailable,Unavailable,37.5,-126.0,E-6B TACAMO,,,,False,mode_s
afa175,2026-08-31 02:53:24.528873,FLYER63,19-46111,3276,20500,25.5,57.0,KC-46A Pegasus,,,,False,mode_s
ae63c7,2026-08-31 02:53:24.528876,FLYER62,21-46091,3275,28000,25.3,55.3,KC-46A Pegasus,,,,False,mode_s
af9b66,2026-08-31 02:54:24.863604,FIST81,22-46106,4152,39000,43.389954,-123.149467,KC-46A Pegasus,167,480,0,False,mlat
ae330a,2026-08-31 02:54:24.863618,FIST71,22-46105,5770,32675,40.74575,-122.415123,KC-46A Pegasus,167,479,-1345,False,mlat
ae0414,2026-08-31 02:54:24.863622,UNK C/S,164387,3340,26000,40.014389,-122.076797,E-6B TACAMO,79,328,0,False,mlat
ae1462,2026-08-31 02:54:24.863627,GRZLY31,06-6164,7226,22475,37.865112,-120.258568,C-17A Globemaster,282,443,-2112,False,adsb_icao
c2afc7,2026-08-31 02:54:24.863631,CFC3882,177702,4251,35000,60.924545,-120.088524,C-17A Globemaster,146,410,-64,False,adsb_icao
ae1460,2026-08-31 02:54:24.863636,BLINR01,06-6162,1745,37000,37.360966,-109.066788,C-17A Globemaster,105,491,48,False,mlat
ae1198,2026-08-31 02:54:24.863642,RCH162,03-3115,2645,33000,33.802322,-97.591331,C-17A Globemaster,102,450,0,False,adsb_icao
ae63c6,2026-08-31 02:54:24.863646,PETRO61,21-46090,1536,38025,41.511768,-91.856781,KC-46A Pegasus,267,472,0,False,mlat
ae0475,2026-08-31 02:54:24.863665,UNK C/S,58-0001,2144,39000,34.045517,-87.71032,KC-135R Stratotanker,144,499,-53,False,mlat
ae080f,2026-08-31 02:54:24.863671,VOLT71,99-0169,2723,21575,34.281532,-80.628838,C-17A Globemaster,180,442,-1536,False,adsb_icao
ae1197,2026-08-31 02:54:24.863675,RCH3260,03-3114,1501,30500,40.688278,-77.372375,C-17A Globemaster,281,399,1280,False,adsb_icao
af0f64,2026-08-31 02:54:24.863679,UNK C/S,,7156,14325,43.296371,-72.537079,E-6B TACAMO,186,310,-506,False,mlat
ae056b,2026-08-31 02:54:24.863683,RCH1876,86-0014,3675,9650,41.953827,-72.523232,C-5M Galaxy,13,259,-687,False,mlat
ae013d,2026-08-31 02:54:24.863687,UNK C/S,64-14839,5306,19000,31.750895,34.492973,KC-135R Stratotanker,138,406,-43,False,mlat
87cc0a,2026-08-31 02:54:24.863694,GALOP61,07-3604,1400,10925,37.013763,141.850266,KC-46A Pegasus,200,191,1088,False,adsb_icao
ae07f6,2026-08-31 02:54:24.863702,RCH401,97-0044,0515,36000,31.9,33.2,C-17A Globemaster,,,,False,mode_s
ae574d,2026-08-31 02:54:24.863706,UNK C/S,19-46007,0713,22025,28.4,48.4,KC-46A Pegasus,,,,False,mode_s
ae5e11,2026-08-31 02:54:24.863709,UNK C/S,17-46036,3266,475,26.2,51.5,KC-46A Pegasus,,,,False,mode_s
ae63c8,2026-08-31 02:54:24.863715,PETRO71,21-46092,1403,34000,38.7,-111.8,KC-46A Pegasus,,,,False,mode_s
afa175,2026-08-31 02:54:24.863718,FLYER63,19-46111,3276,20500,25.6,57.3,KC-46A Pegasus,,,,False,mode_s
ae63c7,2026-08-31 02:54:24.863721,FLYER62,21-46091,3275,28000,25.6,55.0,KC-46A Pegasus,,,,False,mode_s
af9b66,2026-08-31 02:55:25.216953,FIST81,22-46106,4152,39025,43.250374,-123.114555,KC-46A Pegasus,172,472,75,False,mlat
ae330a,2026-08-31 02:55:25.216971,FIST71,22-46105,5770,31300,40.617729,-122.3787,KC-46A Pegasus,167,482,-1296,False,mlat
ae0414,2026-08-31 02:55:25.216976,UNK C/S,164387,3340,26000,40.06736,-121.987656,E-6B TACAMO,28,335,0,False,mlat
ae1462,2026-08-31 02:55:25.216981,GRZLY31,06-6164,7226,22000,37.890404,-120.409317,C-17A Globemaster,279,436,-64,False,adsb_icao
c2afc7,2026-08-31 02:55:25.216986,CFC3882,177702,4251,35000,60.82132,-119.94693,C-17A Globemaster,146,410,-64,False,adsb_icao
ae1460,2026-08-31 02:55:25.216991,BLINR01,06-6162,1745,37000,37.324081,-108.901131,C-17A Globemaster,108,488,-78,False,mlat
ae1198,2026-08-31 02:55:25.216997,RCH162,03-3115,2645,33000,33.7743,-97.443642,C-17A Globemaster,102,451,64,False,adsb_icao
ae63c6,2026-08-31 02:55:25.217002,PETRO61,21-46090,1536,38025,41.504124,-92.01712,KC-46A Pegasus,267,435,0,False,mlat
ae0475,2026-08-31 02:55:25.217006,UNK C/S,58-0001,2144,39000,33.934155,-87.610199,KC-135R Stratotanker,145,503,0,False,mlat
ae080f,2026-08-31 02:55:25.217010,VOLT71,99-0169,2723,20075,34.159103,-80.629951,C-17A Globemaster,180,430,-1600,False,adsb_icao
ae1197,2026-08-31 02:55:25.217014,RCH3260,03-3114,1501,31350,40.72966,-77.507019,C-17A Globemaster,301,402,896,False,adsb_icao
af0f64,2026-08-31 02:55:25.217018,UNK C/S,,7156,13825,43.216942,-72.546585,E-6B TACAMO,184,309,-526,False,mlat
ae056b,2026-08-31 02:55:25.217022,RCH1876,86-0014,3675,8300,42.022606,-72.500687,C-5M Galaxy,12,260,-1521,False,mlat
ae013d,2026-08-31 02:55:25.217026,UNK C/S,64-14839,5306,19000,31.664791,34.578182,KC-135R Stratotanker,132,365,36,False,mlat
87cc0a,2026-08-31 02:55:25.217033,GALOP61,07-3604,1400,11000,36.966248,141.821991,KC-46A Pegasus,206,185,-128,False,adsb_icao
ae07f6,2026-08-31 02:55:25.217042,RCH401,97-0044,0515,36000,32.0,33.3,C-17A Globemaster,,,,False,mode_s
ae574d,2026-08-31 02:55:25.217046,UNK C/S,19-46007,0713,22000,28.4,48.4,KC-46A Pegasus,,,,False,mode_s
ae5e11,2026-08-31 02:55:25.217049,UNK C/S,17-46036,3266,Unavailable,25.8,50.9,KC-46A Pegasus,,,,False,mode_s
ae63c8,2026-08-31 02:55:25.217057,PETRO71,21-46092,1403,34000,39.2,-112.0,KC-46A Pegasus,,,,False,mode_s
afa175,2026-08-31 02:55:25.217060,FLYER63,19-46111,3276,20500,25.6,56.2,KC-46A Pegasus,,,,False,mode_s
ae63c7,2026-08-31 02:55:25.217063,FLYER62,21-46091,3275,28000,25.5,54.9,KC-46A Pegasus,,,,False,mode_s
af9b66,2026-08-31 02:56:25.566366,FIST81,22-46106,4152,39000,43.12038,-123.07814,KC-46A Pegasus,168,483,0,False,mlat
ae330a,2026-08-31 02:56:25.566381,FIST71,22-46105,5770,30375,40.481441,-122.342018,KC-46A Pegasus,166,484,-933,False,mlat
ae0414,2026-08-31 02:56:25.566386,UNK C/S,164387,3340,26000,40.151165,-121.978996,E-6B TACAMO,347,312,0,False,mlat
ae1462,2026-08-31 02:56:25.566390,GRZLY31,06-6164,7226,21175,37.910328,-120.560738,C-17A Globemaster,279,434,-1536,False,adsb_icao
c2afc7,2026-08-31 02:56:25.566394,CFC3882,177702,4251,35000,60.751419,-119.851845,C-17A Globemaster,146,409,0,False,adsb_icao
ae63c8,2026-08-31 02:56:25.566400,PETRO71,21-46092,1403,34025,38.280327,-111.566185,KC-46A Pegasus,,,0,False,mlat
ae1460,2026-08-31 02:56:25.566404,RCH105,06-6162,1745,37000,37.287785,-108.738373,C-17A Globemaster,106,486,0,False,mlat
ae1198,2026-08-31 02:56:25.566409,RCH162,03-3115,2645,33000,33.74651,-97.298012,C-17A Globemaster,102,450,64,False,adsb_icao
ae63c6,2026-08-31 02:56:25.566413,PETRO61,21-46090,1536,38025,41.498371,-92.175652,KC-46A Pegasus,269,441,-72,False,mlat
ae0475,2026-08-31 02:56:25.566417,UNK C/S,58-0001,2144,39000,33.828495,-87.516457,KC-135R Stratotanker,142,496,0,False,mlat
ae080f,2026-08-31 02:56:25.566421,VOLT71,99-0169,2723,18575,34.040627,-80.630951,C-17A Globemaster,180,424,-1600,False,adsb_icao
ae1197,2026-08-31 02:56:25.566424,RCH3260,03-3114,1501,32250,40.787659,-77.634094,C-17A Globemaster,300,404,1024,False,adsb_icao
af0f64,2026-08-31 02:56:25.566428,UNK C/S,,7156,13100,43.125523,-72.557442,E-6B TACAMO,186,319,-701,False,mlat
ae056b,2026-08-31 02:56:25.566431,RCH1876,86-0014,3675,6850,42.093487,-72.478165,C-5M Galaxy,16,244,-1431,False,mlat
ae013d,2026-08-31 02:56:25.566435,UNK C/S,64-14839,5306,19025,31.59623,34.67226,KC-135R Stratotanker,133,359,11,False,mlat
87cc0a,2026-08-31 02:56:25.566442,GALOP61,07-3604,1400,10975,36.921558,141.795761,KC-46A Pegasus,203,163,-64,False,adsb_icao
ae574d,2026-08-31 02:56:25.566450,UNK C/S,19-46007,0713,22000,28.4,48.4,KC-46A Pegasus,,,,False,mode_s
ae5e11,2026-08-31 02:56:25.566454,UNK C/S,17-46036,3266,3275,25.5,50.4,KC-46A Pegasus,,,,False,mode_s
afde25,2026-08-31 02:56:25.566458,UNK C/S,,7000,Unavailable,37.8,-125.2,E-6B TACAMO,,,,False,mode_s
ae07f6,2026-08-31 02:56:25.566461,RCH401,97-0044,0515,36000,31.9,33.2,C-17A Globemaster,,,,False,mode_s
afa175,2026-08-31 02:56:25.566465,FLYER63,19-46111,3276,20500,25.4,56.6,KC-46A Pegasus,,,,False,mode_s
ae63c7,2026-08-31 02:56:25.566471,FLYER62,21-46091,3275,28000,25.4,55.4,KC-46A Pegasus,,,,False,mode_s
af9b66,2026-08-31 02:57:25.905668,FIST81,22-46106,4152,39000,42.992447,-123.046089,KC-46A Pegasus,169,479,0,False,mlat
ae330a,2026-08-31 02:57:25.905684,FIST71,22-46105,5770,29525,40.345631,-122.304878,KC-46A Pegasus,166,498,-884,False,mlat
ae0414,2026-08-31 02:57:25.905688,UNK C/S,164387,3340,26000,40.237713,-121.992905,E-6B TACAMO,353,322,0,False,mlat
ae1462,2026-08-31 02:57:25.905692,GRZLY31,06-6164,7226,19450,37.929924,-120.707504,C-17A Globemaster,279,399,-2240,False,adsb_icao
c2afc7,2026-08-31 02:57:25.905697,CFC3882,177702,4251,35000,60.646591,-119.709869,C-17A Globemaster,146,406,0,False,adsb_icao
ae63c8,2026-08-31 02:57:25.905702,PETRO71,21-46092,1403,34000,38.286259,-111.741005,KC-46A Pegasus,,,53,False,mlat
ae1460,2026-08-31 02:57:25.905706,BLINR01,06-6162,1745,37000,37.249611,-108.568703,C-17A Globemaster,105,510,0,False,mlat
ae1198,2026-08-31 02:57:25.905713,RCH162,03-3115,2645,33000,33.718346,-97.151642,C-17A Globemaster,103,450,-64,False,adsb_icao
ae63c6,2026-08-31 02:57:25.905716,PETRO61,21-46090,1536,38025,41.49371,-92.339378,KC-46A Pegasus,268,444,0,False,mlat
ae0475,2026-08-31 02:57:25.905721,UNK C/S,58-0001,2144,39000,33.719402,-87.418442,KC-135R Stratotanker,144,486,1,False,mlat
ae080f,2026-08-31 02:57:25.905725,VOLT71,99-0169,2723,17075,33.926479,-80.64016,C-17A Globemaster,189,403,-1600,False,adsb_icao
ae1197,2026-08-31 02:57:25.905729,RCH3260,03-3114,1501,33575,40.843956,-77.758362,C-17A Globemaster,300,392,1280,False,adsb_icao
af0f64,2026-08-31 02:57:25.905734,UNK C/S,,7156,12425,43.037258,-72.566368,E-6B TACAMO,183,341,-692,False,mlat
ae056b,2026-08-31 02:57:25.905737,RCH1876,86-0014,3675,5500,42.154152,-72.422287,C-5M Galaxy,41,273,-1163,False,mlat
ae013d,2026-08-31 02:57:25.905742,UNK C/S,64-14839,5306,19025,31.513655,34.753613,KC-135R Stratotanker,160,378,25,False,mlat
87cc0a,2026-08-31 02:57:25.905750,GALOP61,07-3604,1400,10600,36.883289,141.775345,KC-46A Pegasus,204,164,512,False,adsb_icao
ae574d,2026-08-31 02:57:25.905759,UNK C/S,19-46007,0713,22000,28.4,48.4,KC-46A Pegasus,,,,False,mode_s
ae5e11,2026-08-31 02:57:25.905763,UNK C/S,17-46036,3266,Unavailable,25.1,49.8,KC-46A Pegasus,,,,False,mode_s
afde25,2026-08-31 02:57:25.905767,UNK C/S,,7000,Unavailable,38.2,-124.1,E-6B TACAMO,,,,False,mode_s
ae07f6,2026-08-31 02:57:25.905771,RCH401,97-0044,0515,36000,32.0,33.3,C-17A Globemaster,,,,False,mode_s
afa175,2026-08-31 02:57:25.905774,FLYER63,19-46111,3276,20500,25.4,57.0,KC-46A Pegasus,,,,False,mode_s
ae63c7,2026-08-31 02:57:25.905781,FLYER62,21-46091,3275,28000,25.0,55.5,KC-46A Pegasus,,,,False,mode_s
af9b66,2026-08-31 02:58:26.293489,FIST81,22-46106,4152,39000,42.859192,-123.011818,KC-46A Pegasus,168,461,0,False,mlat
ae330a,2026-08-31 02:58:26.293504,FIST71,22-46105,5770,28750,40.219833,-122.269623,KC-46A Pegasus,169,470,-746,False,mlat
ae0414,2026-08-31 02:58:26.293509,UNK C/S,164387,3340,26000,40.323002,-122.009911,E-6B TACAMO,351,325,0,False,mlat
ae1462,2026-08-31 02:58:26.293514,GRZLY31,06-6164,7226,16550,37.947601,-120.838623,C-17A Globemaster,279,372,-2560,False,adsb_icao
c2afc7,2026-08-31 02:58:26.293518,CFC3882,177702,4251,35000,60.537971,-119.563911,C-17A Globemaster,146,409,-64,False,adsb_icao
ae63c8,2026-08-31 02:58:26.293523,PETRO71,21-46092,1403,34000,38.282425,-111.915901,KC-46A Pegasus,269,433,0,False,mlat
ae1460,2026-08-31 02:58:26.293526,BLINR01,06-6162,1745,37000,37.213318,-108.409065,C-17A Globemaster,105,481,4,False,mlat
ae1198,2026-08-31 02:58:26.293532,RCH162,03-3115,2645,33000,33.689808,-97.004295,C-17A Globemaster,103,451,0,False,adsb_icao
ae63c6,2026-08-31 02:58:26.293536,PETRO61,21-46090,1536,38025,41.485634,-92.515953,KC-46A Pegasus,266,444,0,False,mlat
ae0475,2026-08-31 02:58:26.293540,UNK C/S,58-0001,2144,39000,33.609184,-87.320351,KC-135R Stratotanker,145,480,0,False,mlat
ae080f,2026-08-31 02:58:26.293545,VOLT71,99-0169,2723,15575,33.816242,-80.660416,C-17A Globemaster,188,398,-1536,False,adsb_icao
ae1197,2026-08-31 02:58:26.293548,RCH3260,03-3114,1501,34500,40.879383,-77.892067,C-17A Globemaster,280,386,1024,False,adsb_icao
af0f64,2026-08-31 02:58:26.293553,UNK C/S,,7156,11725,42.94249,-72.576454,E-6B TACAMO,183,324,-760,False,mlat
ae056b,2026-08-31 02:58:26.293557,RCH1876,86-0014,3675,4200,42.210033,-72.357513,C-5M Galaxy,35,281,-1343,False,mlat
ae013d,2026-08-31 02:58:26.293562,UNK C/S,64-14839,5306,19025,31.418503,34.849255,KC-135R Stratotanker,135,453,0,False,mlat
87cc0a,2026-08-31 02:58:26.293569,GALOP61,07-3604,1400,11025,36.841164,141.751221,KC-46A Pegasus,205,165,128,False,adsb_icao
ae574d,2026-08-31 02:58:26.293578,UNK C/S,19-46007,0713,22000,28.4,48.4,KC-46A Pegasus,,,,False,mode_s
ae5e11,2026-08-31 02:58:26.293581,UNK C/S,17-46036,3266,6975,25.7,50.8,KC-46A Pegasus,,,,False,mode_s
afde25,2026-08-31 02:58:26.293586,UNK C/S,,7000,Unavailable,38.4,-123.8,E-6B TACAMO,,,,False,mode_s
ae07f6,2026-08-31 02:58:26.293589,RCH401,97-0044,0515,36000,32.0,32.9,C-17A Globemaster,,,,False,mode_s
afa175,2026-08-31 02:58:26.293592,FLYER63,19-46111,3276,20500,25.4,57.6,KC-46A Pegasus,,,,False,mode_s
ae63c7,2026-08-31 02:58:26.293598,FLYER62,21-46091,3275,28025,25.3,54.9,KC-46A Pegasus,,,,False,mode_s
af9b66,2026-08-31 02:59:26.653397,FIST81,22-46106,4152,39000,42.732094,-122.978706,KC-46A Pegasus,170,471,0,False,mlat
ae330a,2026-08-31 02:59:26.653414,FIST71,22-46105,5770,28050,40.090694,-122.234467,KC-46A Pegasus,168,459,-669,False,mlat
ae0414,2026-08-31 02:59:26.653419,UNK C/S,164387,3340,26000,40.410923,-122.026108,E-6B TACAMO,353,314,0,False,mlat
ae1462,2026-08-31 02:59:26.653423,GRZLY31,06-6164,7226,14375,37.963768,-120.965202,C-17A Globemaster,278,358,-2816,False,adsb_icao
c2afc7,2026-08-31 02:59:26.653428,CFC3882,177702,4251,35000,60.444763,-119.439667,C-17A Globemaster,146,407,0,False,adsb_icao
ae63c8,2026-08-31 02:59:26.653432,PETRO71,21-46092,1403,34000,38.282413,-112.065689,KC-46A Pegasus,275,556,25,False,mlat
ae1460,2026-08-31 02:59:26.653435,BLINR01,06-6162,1745,37000,37.176189,-108.245346,C-17A Globemaster,104,487,0,False,mlat
ae1198,2026-08-31 02:59:26.653441,RCH162,03-3115,2645,33000,33.661057,-96.856758,C-17A Globemaster,103,452,0,False,adsb_icao
ae63c6,2026-08-31 02:59:26.653444,PETRO61,21-46090,1536,38025,41.480183,-92.681015,KC-46A Pegasus,265,451,0,False,mlat
ae0475,2026-08-31 02:59:26.653448,UNK C/S,58-0001,2144,39000,33.502071,-87.226868,KC-135R Stratotanker,142,491,0,False,mlat
ae080f,2026-08-31 02:59:26.653452,VOLT71,99-0169,2723,14075,33.706009,-80.680618,C-17A Globemaster,188,392,-1600,False,adsb_icao
ae1197,2026-08-31 02:59:26.653456,RCH3260,03-3114,1501,35225,40.897705,-78.033325,C-17A Globemaster,279,385,0,False,adsb_icao
af0f64,2026-08-31 02:59:26.653460,UNK C/S,,7156,11000,42.85104,-72.586876,E-6B TACAMO,187,315,-736,False,mlat
ae056b,2026-08-31 02:59:26.653463,RCH1876,86-0014,3675,2975,42.262283,-72.297264,C-5M Galaxy,40,261,-1324,False,mlat
ae013d,2026-08-31 02:59:26.653469,UNK C/S,64-14839,5306,19025,31.300093,34.95026,KC-135R Stratotanker,134,512,1,False,mlat
87cc0a,2026-08-31 02:59:26.653475,GALOP61,07-3604,1400,11025,36.788452,141.718948,KC-46A Pegasus,207,251,-64,False,adsb_icao
ae574d,2026-08-31 02:59:26.653485,UNK C/S,19-46007,0713,22000,28.4,48.4,KC-46A Pegasus,,,,False,mode_s
ae5e11,2026-08-31 02:59:26.653488,UNK C/S,17-46036,3266,9100,25.8,50.9,KC-46A Pegasus,,,,False,mode_s
afde25,2026-08-31 02:59:26.653492,UNK C/S,,7000,Unavailable,38.5,-123.6,E-6B TACAMO,,,,False,mode_s
ae07f6,2026-08-31 02:59:26.653495,RCH401,97-0044,0515,36000,32.0,33.7,C-17A Globemaster,,,,False,mode_s
afa175,2026-08-31 02:59:26.653499,FLYER63,19-46111,3276,20500,25.8,55.9,KC-46A Pegasus,,,,False,mode_s
ae63c7,2026-08-31 02:59:26.653505,FLYER62,21-46091,3275,28000,25.3,55.3,KC-46A Pegasus,,,,False,mode_s
af9b66,2026-08-31 03:00:27.014805,FIST81,22-46106,4152,39000,42.597908,-122.943565,KC-46A Pegasus,169,491,-52,False,mlat
ae330a,2026-08-31 03:00:27.014821,FIST71,22-46105,5770,26700,39.970566,-122.215652,KC-46A Pegasus,177,461,-1247,False,mlat
ae0414,2026-08-31 03:00:27.014826,UNK C/S,164387,3340,26000,40.490299,-122.04834,E-6B TACAMO,338,325,75,False,mlat
ae1462,2026-08-31 03:00:27.014831,GRZLY31,06-6164,7226,11600,37.978199,-121.09137,C-17A Globemaster,278,362,-2880,False,adsb_icao
c2afc7,2026-08-31 03:00:27.014835,CFC3882,177702,4251,35000,60.354721,-119.320518,C-17A Globemaster,146,407,0,False,adsb_icao
ae63c8,2026-08-31 03:00:27.014839,PETRO71,21-46092,1403,34000,38.282452,-112.223312,KC-46A Pegasus,268,393,0,False,mlat
ae1460,2026-08-31 03:00:27.014842,BLINR01,06-6162,1745,37000,37.137104,-108.080399,C-17A Globemaster,105,488,1,False,mlat
ae1198,2026-08-31 03:00:27.014848,RCH162,03-3115,2645,33000,33.632034,-96.708946,C-17A Globemaster,103,454,-64,False,adsb_icao
ae63c6,2026-08-31 03:00:27.014851,PETRO61,21-46090,1536,38025,41.473122,-92.849159,KC-46A Pegasus,265,452,0,False,mlat
ae0475,2026-08-31 03:00:27.014856,UNK C/S,58-0001,2144,39000,33.390339,-87.128448,KC-135R Stratotanker,143,511,0,False,mlat
ae080f,2026-08-31 03:00:27.014860,VOLT71,99-0169,2723,12575,33.59959,-80.700012,C-17A Globemaster,188,380,-1600,False,adsb_icao
ae1197,2026-08-31 03:00:27.014864,RCH3260,03-3114,1501,36000,40.915237,-78.171021,C-17A Globemaster,279,381,0,False,adsb_icao
af0f64,2026-08-31 03:00:27.014868,UNK C/S,,7156,10275,42.766014,-72.595779,E-6B TACAMO,185,291,-727,False,mlat
ae056b,2026-08-31 03:00:27.014872,RCH1876,86-0014,3675,2875,42.315968,-72.266991,C-5M Galaxy,343,238,75,False,mlat
ae013d,2026-08-31 03:00:27.014877,UNK C/S,64-14839,5306,19025,31.205755,35.044125,KC-135R Stratotanker,140,339,0,False,mlat
87cc0a,2026-08-31 03:00:27.014884,GALOP61,07-3604,1400,11050,36.718266,141.671387,KC-46A Pegasus,208,293,64,False,adsb_icao
ae574d,2026-08-31 03:00:27.014892,UNK C/S,19-46007,0713,22000,28.4,48.4,KC-46A Pegasus,,,,False,mode_s
ae5e11,2026-08-31 03:00:27.014896,UNK C/S,17-46036,3266,10975,25.9,51.1,KC-46A Pegasus,,,,False,mode_s
afde25,2026-08-31 03:00:27.014901,UNK C/S,,7000,Unavailable,39.8,-124.2,E-6B TACAMO,,,,False,mode_s
ae07f6,2026-08-31 03:00:27.014904,RCH401,97-0044,0515,36000,32.0,33.7,C-17A Globemaster,,,,False,mode_s
afa175,2026-08-31 03:00:27.014907,FLYER63,19-46111,3276,20500,25.5,55.9,KC-46A Pegasus,,,,False,mode_s
ae63c7,2026-08-31 03:00:27.014914,FLYER62,21-46091,3275,28000,25.3,55.0,KC-46A Pegasus,,,,False,mode_s
af9b66,2026-08-31 03:01:27.355809,FIST81,22-46106,4152,39000,42.472679,-122.910782,KC-46A Pegasus,169,482,0,False,mlat
ae330a,2026-08-31 03:01:27.355822,FIST71,22-46105,5770,25125,39.840252,-122.192665,KC-46A Pegasus,173,451,-1447,False,mlat
ae0414,2026-08-31 03:01:27.355827,UNK C/S,164387,3340,26000,40.539516,-122.13372,E-6B TACAMO,281,326,0,False,mlat
ae1462,2026-08-31 03:01:27.355831,GRZLY31,06-6164,7226,10425,37.991913,-121.210815,C-17A Globemaster,278,319,-1472,False,adsb_icao
c2afc7,2026-08-31 03:01:27.355836,CFC3882,177702,4251,35000,60.331375,-119.289749,C-17A Globemaster,146,408,-64,False,adsb_icao
ae63c8,2026-08-31 03:01:27.355840,PETRO71,21-46092,1403,34025,38.282532,-112.362358,KC-46A Pegasus,270,416,129,False,mlat
ae1460,2026-08-31 03:01:27.355844,BLINR01,06-6162,1745,37000,37.099773,-107.922302,C-17A Globemaster,106,467,-49,False,mlat
ae1198,2026-08-31 03:01:27.355850,RCH162,03-3115,2645,33000,33.6026,-96.559906,C-17A Globemaster,103,455,0,False,adsb_icao
ae63c6,2026-08-31 03:01:27.355854,PETRO61,21-46090,1536,38025,41.46513,-93.010086,KC-46A Pegasus,268,434,0,False,mlat
ae0475,2026-08-31 03:01:27.355857,UNK C/S,58-0001,2144,39000,33.274323,-87.026062,KC-135R Stratotanker,145,479,0,False,mlat
ae080f,2026-08-31 03:01:27.355861,VOLT71,99-0169,2723,11075,33.49559,-80.719078,C-17A Globemaster,188,370,-1600,False,adsb_icao
ae1197,2026-08-31 03:01:27.355865,RCH3260,03-3114,1501,36000,40.93301,-78.311356,C-17A Globemaster,279,387,0,False,adsb_icao
af0f64,2026-08-31 03:01:27.355869,UNK C/S,,7156,9900,42.684971,-72.605331,E-6B TACAMO,188,273,-6,False,mlat
ae056b,2026-08-31 03:01:27.355873,RCH1876,86-0014,3675,2900,42.367271,-72.299339,C-5M Galaxy,332,161,2,False,mlat
ae013d,2026-08-31 03:01:27.355879,UNK C/S,64-14839,5306,19000,31.107471,35.142033,KC-135R Stratotanker,140,528,-23,False,mlat
87cc0a,2026-08-31 03:01:27.355886,GALOP61,07-3604,1400,11000,36.707649,141.606522,KC-46A Pegasus,352,294,-64,False,adsb_icao
ae574d,2026-08-31 03:01:27.355894,UNK C/S,19-46007,0713,22000,28.4,48.4,KC-46A Pegasus,,,,False,mode_s
ae5e11,2026-08-31 03:01:27.355898,UNK C/S,17-46036,3266,11975,26.0,51.2,KC-46A Pegasus,,,,False,mode_s
afde25,2026-08-31 03:01:27.355902,UNK C/S,,7000,Unavailable,40.6,-124.6,E-6B TACAMO,,,,False,mode_s
ae07f6,2026-08-31 03:01:27.355906,RCH401,97-0044,0515,36000,32.0,33.7,C-17A Globemaster,,,,False,mode_s
afa175,2026-08-31 03:01:27.355909,FLYER63,19-46111,3276,20500,25.3,56.4,KC-46A Pegasus,,,,False,mode_s
ae08e3,2026-08-31 03:01:27.355914,MCFAMC,00-0183,Unavailable,Unavailable,49.6,-63.2,C-17A Globemaster,,,,False,mode_s
ae63c7,2026-08-31 03:01:27.355918,FLYER62,21-46091,3275,28000,25.3,55.0,KC-46A Pegasus,,,,False,mode_s
af9b66,2026-08-31 03:02:27.690576,FIST81,22-46106,4152,39025,42.342079,-122.872429,KC-46A Pegasus,166,480,62,False,mlat
ae0414,2026-08-31 03:02:27.690593,UNK C/S,164387,3340,26000,40.523922,-122.243645,E-6B TACAMO,237,329,0,False,mlat
ae330a,2026-08-31 03:02:27.690598,FIST71,22-46105,5770,23325,39.713314,-122.171692,KC-46A Pegasus,173,434,-1800,False,mlat
ae1462,2026-08-31 03:02:27.690603,GRZLY31,06-6164,7226,9025,38.005619,-121.317604,C-17A Globemaster,280,299,-1472,False,adsb_icao
c2afc7,2026-08-31 03:02:27.690608,CFC3882,177702,4251,35000,60.238503,-119.167816,C-17A Globemaster,,,,False,adsb_icao
ae63c8,2026-08-31 03:02:27.690612,PETRO71,21-46092,1403,34000,38.283154,-112.5187,KC-46A Pegasus,272,440,-4,False,mlat
ae1460,2026-08-31 03:02:27.690615,BLINR01,06-6162,1745,36975,37.062576,-107.761299,C-17A Globemaster,106,478,-40,False,mlat
ae1198,2026-08-31 03:02:27.690621,RCH162,03-3115,2645,33000,33.573475,-96.413673,C-17A Globemaster,103,455,64,False,adsb_icao
ae63c6,2026-08-31 03:02:27.690625,PETRO61,21-46090,1536,38025,41.460117,-93.171013,KC-46A Pegasus,271,449,0,False,mlat
ae0475,2026-08-31 03:02:27.690629,UNK C/S,58-0001,2144,39000,33.169868,-86.932571,KC-135R Stratotanker,143,520,0,False,mlat
ae080f,2026-08-31 03:02:27.690633,VOLT71,99-0169,2723,10825,33.394501,-80.73732,C-17A Globemaster,188,365,0,False,adsb_icao
ae1197,2026-08-31 03:02:27.690637,RCH3260,03-3114,1501,36000,40.950932,-78.450874,C-17A Globemaster,279,389,0,False,adsb_icao
af0f64,2026-08-31 03:02:27.690641,UNK C/S,,7156,9900,42.613003,-72.611969,E-6B TACAMO,182,248,0,False,mlat
ae056b,2026-08-31 03:02:27.690644,RCH1876,86-0014,3675,2925,42.382202,-72.349968,C-5M Galaxy,249,192,75,False,mlat
ae013d,2026-08-31 03:02:27.690650,UNK C/S,64-14839,5306,19000,31.00404,35.244572,KC-135R Stratotanker,140,607,24,False,mlat
87cc0a,2026-08-31 03:02:27.690681,GALOP61,07-3604,1400,11025,36.772778,141.605057,KC-46A Pegasus,273,275,-320,False,adsb_icao
ae574d,2026-08-31 03:02:27.690707,UNK C/S,19-46007,0713,22000,28.4,48.4,KC-46A Pegasus,,,,False,mode_s
ae5e11,2026-08-31 03:02:27.690711,UNK C/S,17-46036,3266,13550,25.9,51.0,KC-46A Pegasus,,,,False,mode_s
afde25,2026-08-31 03:02:27.690716,UNK C/S,,7000,Unavailable,40.9,-124.8,E-6B TACAMO,,,,False,mode_s
ae07f6,2026-08-31 03:02:27.690720,RCH401,97-0044,6471,36000,32.0,33.7,C-17A Globemaster,,,,False,mode_s
afa175,2026-08-31 03:02:27.690724,FLYER63,19-46111,3276,20525,25.3,57.9,KC-46A Pegasus,,,,False,mode_s
ae08e3,2026-08-31 03:02:27.690731,MCFAMC,00-0183,Unavailable,Unavailable,49.6,-63.2,C-17A Globemaster,,,,False,mode_s
ae63c7,2026-08-31 03:02:27.690735,FLYER62,21-46091,3275,28000,25.2,55.3,KC-46A Pegasus,,,,False,mode_s
af9b66,2026-08-31 03:03:28.116617,FIST81,22-46106,4152,39000,42.205448,-122.833458,KC-46A Pegasus,169,482,0,False,mlat
ae0414,2026-08-31 03:03:28.116634,UNK C/S,164387,3340,26000,40.456356,-122.29702,E-6B TACAMO,186,321,0,False,mlat
ae330a,2026-08-31 03:03:28.116638,FIST71,22-46105,5770,21650,39.592403,-122.150375,KC-46A Pegasus,176,445,-1887,False,mlat
ae1462,2026-08-31 03:03:28.116642,GRZLY31,06-6164,7226,8100,38.020329,-121.420479,C-17A Globemaster,279,292,-128,False,adsb_icao
c2afc7,2026-08-31 03:03:28.116649,CFC3882,177702,4251,35000,60.090748,-118.975754,C-17A Globemaster,147,410,-128,False,adsb_icao
ae63c8,2026-08-31 03:03:28.116671,PETRO71,21-46092,1403,34000,38.280655,-112.671394,KC-46A Pegasus,269,402,-35,False,mlat
ae1460,2026-08-31 03:03:28.116679,BLINR01,06-6162,1745,37000,37.025547,-107.606201,C-17A Globemaster,105,491,0,False,mlat
ae1198,2026-08-31 03:03:28.116689,RCH162,03-3115,2645,33000,33.54364,-96.264618,C-17A Globemaster,103,455,0,False,adsb_icao
ae63c6,2026-08-31 03:03:28.116695,PETRO61,21-46090,1536,38025,41.451424,-93.33728,KC-46A Pegasus,268,443,0,False,mlat
ae0475,2026-08-31 03:03:28.116701,UNK C/S,58-0001,2144,38975,33.057224,-86.836014,KC-135R Stratotanker,144,500,0,False,mlat
ae080f,2026-08-31 03:03:28.116723,VOLT71,99-0169,2723,10850,33.297546,-80.717049,C-17A Globemaster,150,365,-128,False,adsb_icao
ae1197,2026-08-31 03:03:28.116730,RCH3260,03-3114,1501,36000,40.944901,-78.595337,C-17A Globemaster,261,393,0,False,adsb_icao
af0f64,2026-08-31 03:03:28.116735,UNK C/S,,7156,9875,42.541199,-72.619637,E-6B TACAMO,184,245,-56,False,mlat
ae056b,2026-08-31 03:03:28.116738,RCH1876,86-0014,3675,2425,42.348724,-72.390648,C-5M Galaxy,213,161,-633,False,mlat
ae013d,2026-08-31 03:03:28.116745,UNK C/S,64-14839,5306,19000,30.902269,35.336716,KC-135R Stratotanker,142,417,0,False,mlat
87cc0a,2026-08-31 03:03:28.116755,GALOP61,07-3604,1400,11050,36.709606,141.546631,KC-46A Pegasus,208,291,128,False,adsb_icao
ae574d,2026-08-31 03:03:28.116766,UNK C/S,19-46007,0713,22000,28.4,48.4,KC-46A Pegasus,,,,False,mode_s
ae5e11,2026-08-31 03:03:28.116769,UNK C/S,17-46036,3266,14700,26.0,51.3,KC-46A Pegasus,,,,False,mode_s
afde25,2026-08-31 03:03:28.116774,UNK C/S,,7000,Unavailable,39.6,-124.1,E-6B TACAMO,,,,False,mode_s
ae07f6,2026-08-31 03:03:28.116778,RCH401,97-0044,6471,36000,32.0,33.0,C-17A Globemaster,,,,False,mode_s
afa175,2026-08-31 03:03:28.116781,FLYER63,19-46111,3276,20525,25.2,58.9,KC-46A Pegasus,,,,False,mode_s
ae08e3,2026-08-31 03:03:28.116789,MCFAMC,00-0183,0767,Unavailable,49.6,-63.2,C-17A Globemaster,,,,False,mode_s
ae63c7,2026-08-31 03:03:28.116793,FLYER62,21-46091,3275,28000,25.3,55.8,KC-46A Pegasus,,,,False,mode_s
af9b66,2026-08-31 03:04:28.470053,FIST81,22-46106,4152,39000,42.077209,-122.795845,KC-46A Pegasus,168,466,-34,False,mlat
ae0414,2026-08-31 03:04:28.470071,UNK C/S,164387,3340,26000,40.361927,-122.285255,E-6B TACAMO,172,299,0,False,mlat
ae330a,2026-08-31 03:04:28.470076,FIST71,22-46105,5770,19725,39.479671,-122.132271,KC-46A Pegasus,175,414,-1689,False,mlat
ae1462,2026-08-31 03:04:28.470081,GRZLY31,06-6164,7226,7575,38.040939,-121.520012,C-17A Globemaster,289,293,-1024,False,adsb_icao
c2afc7,2026-08-31 03:04:28.470086,CFC3882,177702,4251,35000,60.032593,-118.900581,C-17A Globemaster,147,411,0,False,adsb_icao
ae63c8,2026-08-31 03:04:28.470090,PETRO71,21-46092,1403,33075,38.283623,-112.815392,KC-46A Pegasus,270,403,-991,False,mlat
ae1460,2026-08-31 03:04:28.470093,BLINR01,06-6162,1745,37000,36.986229,-107.443886,C-17A Globemaster,105,496,0,False,mlat
ae1198,2026-08-31 03:04:28.470101,RCH162,03-3115,2645,33000,33.517914,-96.115372,C-17A Globemaster,100,454,0,False,adsb_icao
ae63c6,2026-08-31 03:04:28.470104,PETRO61,21-46090,1536,38050,41.445576,-93.507538,KC-46A Pegasus,270,446,30,False,mlat
ae0475,2026-08-31 03:04:28.470108,UNK C/S,58-0001,2144,39000,32.935753,-86.743996,KC-135R Stratotanker,148,487,73,False,mlat
ae080f,2026-08-31 03:04:28.470112,VOLT71,99-0169,2723,10850,33.221786,-80.64003,C-17A Globemaster,111,364,64,False,adsb_icao
ae1197,2026-08-31 03:04:28.470116,RCH3260,03-3114,1501,36000,40.928741,-78.73877,C-17A Globemaster,261,395,0,False,adsb_icao
af0f64,2026-08-31 03:04:28.470120,UNK C/S,,7156,9450,42.474209,-72.599815,E-6B TACAMO,167,252,-988,False,mlat
ae056b,2026-08-31 03:04:28.470124,RCH1876,86-0014,3675,2175,42.310104,-72.426849,C-5M Galaxy,215,152,-87,False,mlat
ae013d,2026-08-31 03:04:28.470131,UNK C/S,64-14839,5306,19025,30.858829,35.367634,KC-135R Stratotanker,151,374,-75,False,mlat
87cc0a,2026-08-31 03:04:28.470138,GALOP61,07-3604,1400,11075,36.638763,141.495148,KC-46A Pegasus,212,289,512,False,adsb_icao
ae63bc,2026-08-31 03:04:28.470149,UNK C/S,20-46080,1200,Unavailable,25.9,51.1,KC-46A Pegasus,,,,False,mode_s
ae574d,2026-08-31 03:04:28.470152,UNK C/S,19-46007,0713,22000,28.4,48.4,KC-46A Pegasus,,,,False,mode_s
ae5e11,2026-08-31 03:04:28.470154,UNK C/S,17-46036,3266,17375,26.0,51.6,KC-46A Pegasus,,,,False,mode_s
ae07f6,2026-08-31 03:04:28.470159,RCH401,97-0044,6471,36000,31.9,33.2,C-17A Globemaster,,,,False,mode_s
afa175,2026-08-31 03:04:28.470163,FLYER63,19-46111,3276,20500,25.0,59.9,KC-46A Pegasus,,,,False,mode_s
ae08e3,2026-08-31 03:04:28.470169,MCFAMC,00-0183,0767,Unavailable,49.6,-63.2,C-17A Globemaster,,,,False,mode_s
ae63c7,2026-08-31 03:04:28.470173,FLYER62,21-46091,3275,28000,25.4,55.2,KC-46A Pegasus,,,,False,mode_s
af9b66,2026-08-31 03:05:28.890983,FIST81,22-46106,4152,39000,41.947819,-122.756569,KC-46A Pegasus,169,490,16,False,mlat
ae0414,2026-08-31 03:05:28.890999,UNK C/S,164387,3340,26000,40.272846,-122.27005,E-6B TACAMO,170,326,0,False,mlat
ae330a,2026-08-31 03:05:28.891004,FIST71,22-46105,5770,18075,39.364552,-122.112785,KC-46A Pegasus,175,397,-1602,False,mlat
ae1462,2026-08-31 03:05:28.891008,GRZLY31,06-6164,7226,6575,38.067486,-121.618118,C-17A Globemaster,288,288,-1024,False,adsb_icao
c2afc7,2026-08-31 03:05:28.891014,CFC3882,177702,4251,35000,59.868923,-118.690887,C-17A Globemaster,147,411,64,False,adsb_icao
ae63c8,2026-08-31 03:05:28.891017,PETRO71,21-46092,1403,33000,38.279514,-112.964226,KC-46A Pegasus,271,362,16,False,mlat
ae1460,2026-08-31 03:05:28.891020,BLINR01,06-6162,1745,37000,36.943645,-107.26899,C-17A Globemaster,111,497,0,False,mlat
ae1198,2026-08-31 03:05:28.891027,RCH162,03-3115,2645,33000,33.495358,-95.966866,C-17A Globemaster,100,452,0,False,adsb_icao
ae63c6,2026-08-31 03:05:28.891031,PETRO61,21-46090,1536,38000,41.437729,-93.675255,KC-46A Pegasus,268,437,-76,False,mlat
ae0475,2026-08-31 03:05:28.891035,UNK C/S,58-0001,2144,39000,32.827389,-86.656784,KC-135R Stratotanker,146,477,75,False,mlat
ae080f,2026-08-31 03:05:28.891039,VOLT71,99-0169,2723,10650,33.184799,-80.531052,C-17A Globemaster,112,322,-832,False,adsb_icao
ae1197,2026-08-31 03:05:28.891044,RCH3260,03-3114,1501,36000,40.912354,-78.88324,C-17A Globemaster,261,396,0,False,adsb_icao
af0f64,2026-08-31 03:05:28.891048,UNK C/S,,7156,8600,42.405975,-72.574936,E-6B TACAMO,168,246,-957,False,mlat
ae056b,2026-08-31 03:05:28.891052,RCH1876,86-0014,3675,2000,42.282593,-72.452515,C-5M Galaxy,215,116,-431,False,mlat
87cc0a,2026-08-31 03:05:28.891062,GALOP61,07-3604,1400,10650,36.5686,141.44342,KC-46A Pegasus,221,280,-1664,False,adsb_icao
ae574d,2026-08-31 03:05:28.891072,UNK C/S,19-46007,0713,22000,28.4,48.4,KC-46A Pegasus,,,,False,mode_s
ae5e11,2026-08-31 03:05:28.891076,UNK C/S,17-46036,3266,19025,25.9,51.1,KC-46A Pegasus,,,,False,mode_s
afde25,2026-08-31 03:05:28.891081,UNK C/S,,7000,Unavailable,40.0,-124.3,E-6B TACAMO,,,,False,mode_s
ae07f6,2026-08-31 03:05:28.891085,RCH401,97-0044,6471,36000,32.0,32.9,C-17A Globemaster,,,,False,mode_s
afa175,2026-08-31 03:05:28.891087,FLYER63,19-46111,3276,20500,25.0,59.6,KC-46A Pegasus,,,,False,mode_s
ae63c7,2026-08-31 03:05:28.891094,FLYER62,21-46091,3275,28025,25.4,55.0,KC-46A Pegasus,,,,False,mode_s
af9b66,2026-08-31 03:06:29.204312,FIST81,22-46106,4152,39000,41.819683,-122.720779,KC-46A Pegasus,168,480,0,False,mlat
ae0414,2026-08-31 03:06:29.204327,UNK C/S,164387,3340,26000,40.185043,-122.251038,E-6B TACAMO,171,322,0,False,mlat
ae330a,2026-08-31 03:06:29.204332,FIST71,22-46105,5770,16175,39.261307,-122.094826,KC-46A Pegasus,170,395,-1629,False,mlat
ae1462,2026-08-31 03:06:29.204336,GRZLY31,06-6164,7226,5800,38.096256,-121.714005,C-17A Globemaster,293,288,-832,False,adsb_icao
c2afc7,2026-08-31 03:06:29.204341,CFC3882,177702,4251,35000,59.868134,-118.689941,C-17A Globemaster,147,413,0,False,adsb_icao
ae63c8,2026-08-31 03:06:29.204344,PETRO71,21-46092,1403,33025,38.279339,-113.108414,KC-46A Pegasus,267,367,-1,False,mlat
ae1460,2026-08-31 03:06:29.204348,BLINR01,06-6162,1745,37000,36.906033,-107.10421,C-17A Globemaster,108,500,0,False,mlat
ae1198,2026-08-31 03:06:29.204354,RCH162,03-3115,2645,33000,33.471863,-95.817863,C-17A Globemaster,100,453,-128,False,adsb_icao
ae63c6,2026-08-31 03:06:29.204357,PETRO61,21-46090,1536,38025,41.435528,-93.841972,KC-46A Pegasus,270,439,0,False,mlat
ae0475,2026-08-31 03:06:29.204361,UNK C/S,58-0001,2144,39000,32.715096,-86.559891,KC-135R Stratotanker,143,495,39,False,mlat
ae080f,2026-08-31 03:06:29.204365,VOLT71,99-0169,2723,9625,33.15303,-80.438049,C-17A Globemaster,112,290,-1024,False,adsb_icao
ae1197,2026-08-31 03:06:29.204368,RCH3260,03-3114,1501,36000,40.896141,-79.026527,C-17A Globemaster,261,393,0,False,adsb_icao
af0f64,2026-08-31 03:06:29.204372,UNK C/S,,7156,7700,42.343842,-72.554092,E-6B TACAMO,165,239,-790,False,mlat
ae056b,2026-08-31 03:06:29.204375,RCH1876,86-0014,3675,1500,42.254864,-72.478142,C-5M Galaxy,211,121,-664,False,mlat
87cc0a,2026-08-31 03:06:29.204385,GALOP61,07-3604,1200,9150,36.530891,141.360321,KC-46A Pegasus,241,276,-1600,False,adsb_icao
ae574d,2026-08-31 03:06:29.204394,UNK C/S,19-46007,0713,22000,28.4,48.4,KC-46A Pegasus,,,,False,mode_s
ae5e11,2026-08-31 03:06:29.204397,UNK C/S,17-46036,3266,20200,25.9,51.1,KC-46A Pegasus,,,,False,mode_s
ae07f6,2026-08-31 03:06:29.204402,RCH401,97-0044,6471,36000,32.1,32.9,C-17A Globemaster,,,,False,mode_s
afa175,2026-08-31 03:06:29.204405,FLYER63,19-46111,3276,20500,25.0,59.4,KC-46A Pegasus,,,,False,mode_s
ae08e3,2026-08-31 03:06:29.204413,MCFAMC,00-0183,0767,Unavailable,49.6,-63.2,C-17A Globemaster,,,,False,mode_s
ae63c7,2026-08-31 03:06:29.204416,FLYER62,21-46091,3275,28000,25.3,55.1,KC-46A Pegasus,,,,False,mode_s
af9b66,2026-08-31 03:07:29.574723,FIST81,22-46106,4152,39000,41.685764,-122.682228,KC-46A Pegasus,168,478,-72,False,mlat
ae0414,2026-08-31 03:07:29.574740,UNK C/S,164387,3340,25975,40.095516,-122.234222,E-6B TACAMO,172,312,-77,False,mlat
ae330a,2026-08-31 03:07:29.574746,FIST71,22-46105,5770,14650,39.150269,-122.076202,KC-46A Pegasus,172,378,-1311,False,mlat
ae1462,2026-08-31 03:07:29.574750,GRZLY31,06-6164,7226,4750,38.140366,-121.79332,C-17A Globemaster,319,278,-1472,False,adsb_icao
c2afc7,2026-08-31 03:07:29.574755,CFC3882,177702,4251,35000,59.674896,-118.445709,C-17A Globemaster,147,416,-64,False,adsb_icao
ae63c8,2026-08-31 03:07:29.574759,PETRO71,21-46092,1403,33025,38.28228,-113.27562,KC-46A Pegasus,271,444,64,False,mlat
ae1460,2026-08-31 03:07:29.574762,BLINR01,06-6162,1745,37000,36.868347,-106.945076,C-17A Globemaster,107,498,0,False,mlat
ae1198,2026-08-31 03:07:29.574768,RCH162,03-3115,2645,33000,33.448059,-95.670044,C-17A Globemaster,100,452,64,False,adsb_icao
ae63c6,2026-08-31 03:07:29.574771,PETRO61,21-46090,1536,38025,41.432079,-94.00621,KC-46A Pegasus,271,455,0,False,mlat
ae0475,2026-08-31 03:07:29.574775,UNK C/S,58-0001,2144,39000,32.597225,-86.456429,KC-135R Stratotanker,143,509,-52,False,mlat
ae080f,2026-08-31 03:07:29.574779,VOLT71,99-0169,2723,8450,33.108837,-80.362358,C-17A Globemaster,141,286,-1280,False,adsb_icao
ae1197,2026-08-31 03:07:29.574783,RCH3260,03-3114,1501,36000,40.87999,-79.168762,C-17A Globemaster,261,389,0,False,adsb_icao
af0f64,2026-08-31 03:07:29.574787,UNK C/S,,7156,6075,42.281414,-72.531616,E-6B TACAMO,165,215,-1550,False,mlat
ae056b,2026-08-31 03:07:29.574790,RCH1876,86-0014,3675,800,42.229679,-72.501022,C-5M Galaxy,212,107,-597,False,mlat
87cc0a,2026-08-31 03:07:29.574800,GALOP61,07-3604,1200,8000,36.493469,141.275711,KC-46A Pegasus,241,281,-64,False,adsb_icao
ae574d,2026-08-31 03:07:29.574810,UNK C/S,19-46007,0713,22000,28.4,48.4,KC-46A Pegasus,,,,False,mode_s
ae5e11,2026-08-31 03:07:29.574813,UNK C/S,17-46036,3266,21500,26.5,52.5,KC-46A Pegasus,,,,False,mode_s
ae07f6,2026-08-31 03:07:29.574817,RCH401,97-0044,6471,36000,32.0,32.9,C-17A Globemaster,,,,False,mode_s
afa175,2026-08-31 03:07:29.574820,FLYER63,19-46111,3276,20500,25.0,59.2,KC-46A Pegasus,,,,False,mode_s
ae08e3,2026-08-31 03:07:29.574826,MCFAMC,00-0183,0767,Unavailable,49.6,-63.2,C-17A Globemaster,,,,False,mode_s
ae63c7,2026-08-31 03:07:29.574830,FLYER62,21-46091,3275,28000,25.4,55.4,KC-46A Pegasus,,,,False,mode_s
af9b66,2026-08-31 03:08:30.043917,FIST81,22-46106,4152,39025,41.555119,-122.645355,KC-46A Pegasus,167,478,61,False,mlat
ae0414,2026-08-31 03:08:30.043933,UNK C/S,164387,3340,26000,40.025036,-122.171242,E-6B TACAMO,119,343,0,False,mlat
ae330a,2026-08-31 03:08:30.043938,FIST71,22-46105,5770,12675,39.045582,-122.059891,KC-46A Pegasus,172,369,-1840,False,mlat
ae1462,2026-08-31 03:08:30.043943,GRZLY31,06-6164,7226,3200,38.211548,-121.831306,C-17A Globemaster,342,272,-1920,False,adsb_icao
c2afc7,2026-08-31 03:08:30.043948,CFC3882,177702,4251,35000,59.665329,-118.433716,C-17A Globemaster,147,417,-64,False,adsb_icao
ae63c8,2026-08-31 03:08:30.043951,PETRO71,21-46092,1403,33000,38.282547,-113.42157,KC-46A Pegasus,271,427,78,False,mlat
ae1460,2026-08-31 03:08:30.043955,BLINR01,06-6162,1745,37000,36.825653,-106.774345,C-17A Globemaster,107,485,0,False,mlat
ae1198,2026-08-31 03:08:30.043962,RCH162,03-3115,2645,33000,33.423901,-95.521416,C-17A Globemaster,101,452,64,False,adsb_icao
ae63c6,2026-08-31 03:08:30.043965,PETRO61,21-46090,1536,38025,41.430202,-94.17057,KC-46A Pegasus,269,445,0,False,mlat
ae0475,2026-08-31 03:08:30.043969,UNK C/S,58-0001,2144,39000,32.486629,-86.359261,KC-135R Stratotanker,143,512,7,False,mlat
ae080f,2026-08-31 03:08:30.043973,VOLT71,99-0169,2723,7250,33.0466,-80.303024,C-17A Globemaster,141,278,-1280,False,adsb_icao
ae1197,2026-08-31 03:08:30.043976,RCH3260,03-3114,1501,36000,40.863743,-79.310242,C-17A Globemaster,261,392,-64,False,adsb_icao
ae056b,2026-08-31 03:08:30.043981,RCH1876,86-0014,3675,150,42.208843,-72.530411,C-5M Galaxy,225,126,-681,False,mlat
af0f64,2026-08-31 03:08:30.043985,UNK C/S,,7156,4575,42.219685,-72.510506,E-6B TACAMO,168,221,-1377,False,mlat
87cc0a,2026-08-31 03:08:30.043993,GALOP61,07-3604,5343,8025,36.455429,141.189865,KC-46A Pegasus,241,283,-64,False,adsb_icao
ae574d,2026-08-31 03:08:30.044003,UNK C/S,19-46007,0713,22000,28.4,48.4,KC-46A Pegasus,,,,False,mode_s
ae5e11,2026-08-31 03:08:30.044006,UNK C/S,17-46036,3266,22625,26.5,52.1,KC-46A Pegasus,,,,False,mode_s
afde25,2026-08-31 03:08:30.044010,UNK C/S,,7000,Unavailable,39.6,-123.9,E-6B TACAMO,,,,False,mode_s
ae07f6,2026-08-31 03:08:30.044013,RCH401,97-0044,6471,36000,32.6,32.4,C-17A Globemaster,,,,False,mode_s
afa175,2026-08-31 03:08:30.044016,FLYER63,19-46111,3276,20525,25.0,58.2,KC-46A Pegasus,,,,False,mode_s
ae08e3,2026-08-31 03:08:30.044022,MCFAMC,00-0183,0767,34000,49.6,-63.2,C-17A Globemaster,,,,False,mode_s
ae63c7,2026-08-31 03:08:30.044027,FLYER62,21-46091,3275,28000,25.5,55.9,KC-46A Pegasus,,,,False,mode_s
af9b66,2026-08-31 03:09:30.369476,FIST81,22-46106,4152,39000,41.422066,-122.607544,KC-46A Pegasus,168,488,0,False,mlat
ae0414,2026-08-31 03:09:30.369493,UNK C/S,164387,3340,26000,40.018211,-122.057114,E-6B TACAMO,72,337,0,False,mlat
ae330a,2026-08-31 03:09:30.369498,FIST71,22-46105,5770,11025,38.946545,-122.04319,KC-46A Pegasus,172,345,-1655,False,mlat
ae1462,2026-08-31 03:09:30.369502,GRZLY31,06-6164,7226,1950,38.26878,-121.854736,C-17A Globemaster,335,163,-1216,False,adsb_icao
ae63c8,2026-08-31 03:09:30.369507,PETRO71,21-46092,1403,33000,38.280041,-113.576729,KC-46A Pegasus,266,404,73,False,mlat
ae1460,2026-08-31 03:09:30.369510,BLINR01,06-6162,1745,37000,36.785324,-106.608742,C-17A Globemaster,107,492,0,False,mlat
ae1198,2026-08-31 03:09:30.369516,RCH162,03-3115,2645,33000,33.399879,-95.37439,C-17A Globemaster,101,449,-64,False,adsb_icao
ae63c6,2026-08-31 03:09:30.369520,PETRO61,21-46090,1536,38025,41.427055,-94.337509,KC-46A Pegasus,268,448,0,False,mlat
ae0475,2026-08-31 03:09:30.369524,UNK C/S,58-0001,2144,39000,32.373634,-86.259918,KC-135R Stratotanker,144,511,59,False,mlat
ae080f,2026-08-31 03:09:30.369528,VOLT71,99-0169,2723,6050,32.985146,-80.246101,C-17A Globemaster,142,278,-1280,False,adsb_icao
ae1197,2026-08-31 03:09:30.369532,RCH3260,03-3114,1501,36000,40.846985,-79.453857,C-17A Globemaster,261,395,0,False,adsb_icao
af0f64,2026-08-31 03:09:30.369536,UNK C/S,,7156,3125,42.160168,-72.48938,E-6B TACAMO,164,208,-1370,False,mlat
87cc0a,2026-08-31 03:09:30.369546,GALOP61,07-3604,5343,8000,36.417068,141.103256,KC-46A Pegasus,241,281,0,False,adsb_icao
ae574d,2026-08-31 03:09:30.369555,UNK C/S,19-46007,0713,Unavailable,28.4,48.4,KC-46A Pegasus,,,,False,mode_s
ae5e11,2026-08-31 03:09:30.369559,UNK C/S,17-46036,3266,23850,26.1,53.6,KC-46A Pegasus,,,,False,mode_s
afde25,2026-08-31 03:09:30.369563,UNK C/S,,7000,Unavailable,40.3,-124.3,E-6B TACAMO,,,,False,mode_s
ae07f6,2026-08-31 03:09:30.369566,RCH401,97-0044,6471,36000,33.8,31.4,C-17A Globemaster,,,,False,mode_s
afa175,2026-08-31 03:09:30.369569,FLYER63,19-46111,3276,20500,25.2,56.9,KC-46A Pegasus,,,,False,mode_s
ae08e3,2026-08-31 03:09:30.369574,MCFAMC,00-0183,0767,34000,49.6,-63.2,C-17A Globemaster,,,,False,mode_s
ae63c7,2026-08-31 03:09:30.369578,FLYER62,21-46091,3275,28000,25.6,55.0,KC-46A Pegasus,,,,False,mode_s
af9b66,2026-08-31 03:10:30.695203,FIST81,22-46106,4152,39000,41.297741,-122.571617,KC-46A Pegasus,170,499,0,False,mlat
ae330a,2026-08-31 03:10:30.695220,FIST71,22-46105,5770,10075,38.852047,-122.027626,KC-46A Pegasus,173,314,-86,False,mlat
ae0414,2026-08-31 03:10:30.695225,UNK C/S,164387,3340,26000,40.080563,-121.980667,E-6B TACAMO,21,337,0,False,mlat
ae1462,2026-08-31 03:10:30.695229,GRZLY31,06-6164,7226,925,38.289635,-121.889847,C-17A Globemaster,249,120,-704,False,adsb_icao
ae63c8,2026-08-31 03:10:30.695234,PETRO71,21-46092,1403,33025,38.278965,-113.700638,KC-46A Pegasus,270,415,-75,False,mlat
ae1460,2026-08-31 03:10:30.695237,BLINR01,06-6162,1745,37000,36.746479,-106.454391,C-17A Globemaster,106,483,0,False,mlat
ae1198,2026-08-31 03:10:30.695244,RCH162,03-3115,2645,33000,33.375595,-95.226471,C-17A Globemaster,101,450,-64,False,adsb_icao
ae63c6,2026-08-31 03:10:30.695247,PETRO61,21-46090,1536,38025,41.423401,-94.503624,KC-46A Pegasus,269,459,0,False,mlat
ae0475,2026-08-31 03:10:30.695251,UNK C/S,58-0001,2144,39000,32.260925,-86.161911,KC-135R Stratotanker,144,499,36,False,mlat
ae080f,2026-08-31 03:10:30.695256,VOLT71,99-0169,2723,4900,32.925838,-80.19162,C-17A Globemaster,142,247,-1280,False,adsb_icao
ae1197,2026-08-31 03:10:30.695259,RCH3260,03-3114,1501,36000,40.829819,-79.598816,C-17A Globemaster,261,397,0,False,adsb_icao
af0f64,2026-08-31 03:10:30.695263,UNK C/S,,7156,2375,42.106388,-72.47261,E-6B TACAMO,171,189,-110,False,mlat
87cc0a,2026-08-31 03:10:30.695273,GALOP61,07-3604,5343,7800,36.370697,141.02623,KC-46A Pegasus,219,279,-1216,False,adsb_icao
ae574d,2026-08-31 03:10:30.695282,UNK C/S,19-46007,0713,22000,28.4,48.4,KC-46A Pegasus,,,,False,mode_s
ae5e11,2026-08-31 03:10:30.695285,UNK C/S,17-46036,3266,24925,26.0,54.3,KC-46A Pegasus,,,,False,mode_s
afde25,2026-08-31 03:10:30.695290,UNK C/S,,7000,Unavailable,40.9,-124.7,E-6B TACAMO,,,,False,mode_s
ae07f6,2026-08-31 03:10:30.695293,RCH401,97-0044,6471,36000,34.6,30.7,C-17A Globemaster,,,,False,mode_s
afa175,2026-08-31 03:10:30.695297,FLYER63,19-46111,3276,20500,25.3,56.6,KC-46A Pegasus,,,,False,mode_s
ae08e3,2026-08-31 03:10:30.695302,MCFAMC,00-0183,0767,Unavailable,49.6,-63.2,C-17A Globemaster,,,,False,mode_s
ae63c7,2026-08-31 03:10:30.695305,FLYER62,21-46091,3275,28000,25.5,55.0,KC-46A Pegasus,,,,False,mode_s
af9b66,2026-08-31 03:11:31.030380,FIST81,22-46106,4152,39000,41.159069,-122.532143,KC-46A Pegasus,167,483,-50,False,mlat
ae330a,2026-08-31 03:11:31.030394,FIST71,22-46105,5770,9625,38.771832,-122.013931,KC-46A Pegasus,174,273,-919,False,mlat
ae0414,2026-08-31 03:11:31.030399,UNK C/S,164387,3340,26000,40.164219,-121.981293,E-6B TACAMO,345,321,-37,False,mlat
ae1462,2026-08-31 03:11:31.030403,GRZLY31,06-6164,7226,350,38.268871,-121.921432,C-17A Globemaster,227,115,-576,False,adsb_icao
ae63c8,2026-08-31 03:11:31.030409,PETRO71,21-46092,1403,33000,38.279625,-113.870705,KC-46A Pegasus,271,395,-9,False,mlat
ae1460,2026-08-31 03:11:31.030413,BLINR01,06-6162,1745,37000,36.703495,-106.285042,C-17A Globemaster,107,493,0,False,mlat
ae1198,2026-08-31 03:11:31.030420,RCH162,03-3115,2645,33000,33.351467,-95.080841,C-17A Globemaster,101,449,-64,False,adsb_icao
ae63c6,2026-08-31 03:11:31.030423,PETRO61,21-46090,1536,38025,41.41964,-94.661201,KC-46A Pegasus,266,434,0,False,mlat
ae0475,2026-08-31 03:11:31.030428,UNK C/S,58-0001,2144,39000,32.152225,-86.072044,KC-135R Stratotanker,143,512,7,False,mlat
ae080f,2026-08-31 03:11:31.030432,VOLT71,99-0169,2723,4825,32.87505,-80.144531,C-17A Globemaster,141,226,0,False,adsb_icao
ae1197,2026-08-31 03:11:31.030436,RCH3260,03-3114,1501,36000,40.812653,-79.742493,C-17A Globemaster,261,398,0,False,adsb_icao
af0f64,2026-08-31 03:11:31.030441,UNK C/S,,7156,2400,42.073078,-72.509254,E-6B TACAMO,225,150,28,False,mlat
87cc0a,2026-08-31 03:11:31.030453,GALOP61,07-3604,5343,6300,36.330811,140.94664,KC-46A Pegasus,241,277,-1280,False,adsb_icao
ae574d,2026-08-31 03:11:31.030462,UNK C/S,19-46007,0713,22000,28.4,48.4,KC-46A Pegasus,,,,False,mode_s
ae5e11,2026-08-31 03:11:31.030466,UNK C/S,17-46036,3266,25900,28.4,48.4,KC-46A Pegasus,,,,False,mode_s
afde25,2026-08-31 03:11:31.030471,UNK C/S,,7000,Unavailable,40.5,-124.5,E-6B TACAMO,,,,False,mode_s
ae07f6,2026-08-31 03:11:31.030474,RCH401,97-0044,6471,36000,34.9,30.2,C-17A Globemaster,,,,False,mode_s
afa175,2026-08-31 03:11:31.030477,FLYER63,19-46111,3276,20500,25.4,57.2,KC-46A Pegasus,,,,False,mode_s
ae08e3,2026-08-31 03:11:31.030484,MCFAMC,00-0183,0767,Unavailable,49.6,-63.2,C-17A Globemaster,,,,False,mode_s
ae63c7,2026-08-31 03:11:31.030487,FLYER62,21-46091,3275,28275,25.5,54.9,KC-46A Pegasus,,,,False,mode_s
af9b66,2026-08-31 03:12:31.344129,FIST81,22-46106,4152,37800,41.032887,-122.496559,KC-46A Pegasus,167,464,-2094,False,mlat
ae330a,2026-08-31 03:12:31.344145,FIST71,22-46105,5770,9075,38.696678,-122.001808,KC-46A Pegasus,173,269,-25,False,mlat
ae0414,2026-08-31 03:12:31.344150,UNK C/S,164387,3340,26000,40.25069,-121.996193,E-6B TACAMO,352,312,0,False,mlat
ae63c8,2026-08-31 03:12:31.344155,PETRO71,21-46092,1403,33000,38.275879,-113.99955,KC-46A Pegasus,268,399,24,False,mlat
ae1460,2026-08-31 03:12:31.344160,BLINR01,06-6162,1745,37000,36.663399,-106.129158,C-17A Globemaster,107,493,0,False,mlat
ae1198,2026-08-31 03:12:31.344166,RCH162,03-3115,2645,33000,33.326843,-94.933304,C-17A Globemaster,101,448,0,False,adsb_icao
ae63c6,2026-08-31 03:12:31.344170,PETRO61,21-46090,1536,38025,41.416294,-94.828423,KC-46A Pegasus,269,443,0,False,mlat
ae0475,2026-08-31 03:12:31.344174,UNK C/S,58-0001,2144,39000,32.040657,-85.971001,KC-135R Stratotanker,145,474,-77,False,mlat
ae080f,2026-08-31 03:12:31.344178,VOLT71,99-0169,2723,4150,32.824631,-80.09742,C-17A Globemaster,142,225,-1024,False,adsb_icao
ae1197,2026-08-31 03:12:31.344181,RCH3260,03-3114,1501,36000,40.795166,-79.88739,C-17A Globemaster,260,401,0,False,adsb_icao
af0f64,2026-08-31 03:12:31.344186,UNK C/S,,7156,2375,42.041451,-72.550217,E-6B TACAMO,227,154,-10,False,mlat
87cc0a,2026-08-31 03:12:31.344197,GALOP61,07-3604,5343,5000,36.294125,140.863312,KC-46A Pegasus,238,269,-1280,False,adsb_icao
ae574d,2026-08-31 03:12:31.344208,UNK C/S,19-46007,0713,22000,28.4,48.4,KC-46A Pegasus,,,,False,mode_s
ae5e11,2026-08-31 03:12:31.344212,UNK C/S,17-46036,3266,26100,26.8,52.5,KC-46A Pegasus,,,,False,mode_s
afde25,2026-08-31 03:12:31.344216,UNK C/S,,7000,Unavailable,40.7,-124.5,E-6B TACAMO,,,,False,mode_s
ae07f6,2026-08-31 03:12:31.344219,RCH401,97-0044,6471,36000,34.1,29.5,C-17A Globemaster,,,,False,mode_s
afa175,2026-08-31 03:12:31.344222,FLYER63,19-46111,3276,20500,25.5,56.5,KC-46A Pegasus,,,,False,mode_s
ae08e3,2026-08-31 03:12:31.344228,MCFAMC,00-0183,0767,Unavailable,49.6,-63.2,C-17A Globemaster,,,,False,mode_s
ae63c7,2026-08-31 03:12:31.344232,FLYER62,21-46091,3275,28200,25.1,55.8,KC-46A Pegasus,,,,False,mode_s
af9b66,2026-08-31 03:13:31.707028,FIST81,22-46106,4152,35825,40.899162,-122.45816,KC-46A Pegasus,167,470,-1738,False,mlat
ae0414,2026-08-31 03:13:31.707044,UNK C/S,164387,3340,26000,40.334656,-122.012215,E-6B TACAMO,353,301,0,False,mlat
ae330a,2026-08-31 03:13:31.707049,FIST71,22-46105,5770,9100,38.623039,-121.989685,KC-46A Pegasus,172,258,0,False,mlat
ae1460,2026-08-31 03:13:31.707055,BLINR01,06-6162,1745,37000,36.626884,-105.956429,C-17A Globemaster,107,512,0,False,mlat
ae63c6,2026-08-31 03:13:31.707061,PETRO61,21-46090,1536,38025,41.412762,-94.978691,KC-46A Pegasus,268,429,0,False,mlat
ae1198,2026-08-31 03:13:31.707065,RCH162,03-3115,2645,33000,33.302307,-94.787292,C-17A Globemaster,101,448,-64,False,adsb_icao
ae0475,2026-08-31 03:13:31.707070,UNK C/S,58-0001,2144,39000,31.931688,-85.875023,KC-135R Stratotanker,147,501,17,False,mlat
ae080f,2026-08-31 03:13:31.707074,VOLT71,99-0169,2723,3150,32.774963,-80.052155,C-17A Globemaster,142,223,-1024,False,adsb_icao
ae1197,2026-08-31 03:13:31.707077,RCH3260,03-3114,1501,36000,40.777359,-80.033508,C-17A Globemaster,260,402,0,False,adsb_icao
af0f64,2026-08-31 03:13:31.707082,UNK C/S,,7156,1775,42.013851,-72.585625,E-6B TACAMO,202,149,-698,False,mlat
87cc0a,2026-08-31 03:13:31.707092,GALOP61,07-3604,5343,3550,36.25544,140.784012,KC-46A Pegasus,239,271,-1472,False,adsb_icao
ae574d,2026-08-31 03:13:31.707102,UNK C/S,19-46007,0713,22000,28.4,48.4,KC-46A Pegasus,,,,False,mode_s
ae5e11,2026-08-31 03:13:31.707106,UNK C/S,17-46036,3266,26800,26.6,52.0,KC-46A Pegasus,,,,False,mode_s
afde25,2026-08-31 03:13:31.707111,UNK C/S,,7000,Unavailable,40.5,-124.7,E-6B TACAMO,,,,False,mode_s
ae07f6,2026-08-31 03:13:31.707114,RCH401,97-0044,6471,36000,34.6,28.8,C-17A Globemaster,,,,False,mode_s
afa175,2026-08-31 03:13:31.707117,FLYER63,19-46111,3276,20525,25.6,55.8,KC-46A Pegasus,,,,False,mode_s
ae63c8,2026-08-31 03:13:31.707121,PETRO71,21-46092,1403,33025,36.7,-114.1,KC-46A Pegasus,,,,False,mode_s
ae08e3,2026-08-31 03:13:31.707126,MCFAMC,00-0183,0767,34000,49.6,-63.2,C-17A Globemaster,,,,False,mode_s
ae63c7,2026-08-31 03:13:31.707130,FLYER62,21-46091,3275,28075,25.8,55.3,KC-46A Pegasus,,,,False,mode_s
af9b66,2026-08-31 03:14:32.065166,FIST81,22-46106,4152,32825,40.77589,-122.42469,KC-46A Pegasus,169,483,-2846,False,mlat
ae0414,2026-08-31 03:14:32.065184,UNK C/S,164387,3340,26000,40.419594,-122.028267,E-6B TACAMO,351,302,0,False,mlat
ae330a,2026-08-31 03:14:32.065188,FIST71,22-46105,5770,8025,38.544231,-121.975967,KC-46A Pegasus,168,268,-1282,False,mlat
ae1460,2026-08-31 03:14:32.065195,BLINR01,06-6162,1745,37000,36.584187,-105.799667,C-17A Globemaster,110,460,0,False,mlat
ae63c6,2026-08-31 03:14:32.065201,PETRO61,21-46090,1536,38025,41.409706,-95.146248,KC-46A Pegasus,267,433,0,False,mlat
ae1198,2026-08-31 03:14:32.065205,RCH162,03-3115,2645,33000,33.277679,-94.641891,C-17A Globemaster,101,450,-64,False,adsb_icao
ae0475,2026-08-31 03:14:32.065209,UNK C/S,58-0001,2144,39000,31.815767,-85.774658,KC-135R Stratotanker,143,491,9,False,mlat
ae1197,2026-08-31 03:14:32.065213,RCH3260,03-3114,1501,36000,40.759552,-80.178223,C-17A Globemaster,260,403,0,False,adsb_icao
ae080f,2026-08-31 03:14:32.065217,VOLT71,99-0169,2723,2825,32.727081,-80.007935,C-17A Globemaster,141,217,0,False,adsb_icao
af0f64,2026-08-31 03:14:32.065221,UNK C/S,,7156,1125,41.988689,-72.619637,E-6B TACAMO,236,107,-649,False,mlat
87cc0a,2026-08-31 03:14:32.065234,GALOP61,07-3604,5343,1950,36.216843,140.702255,KC-46A Pegasus,239,280,-1664,False,adsb_icao
ae574d,2026-08-31 03:14:32.065245,UNK C/S,19-46007,0713,22000,28.4,48.4,KC-46A Pegasus,,,,False,mode_s
ae5e11,2026-08-31 03:14:32.065249,UNK C/S,17-46036,3266,27600,25.8,52.7,KC-46A Pegasus,,,,False,mode_s
afde25,2026-08-31 03:14:32.065253,UNK C/S,,7000,Unavailable,40.3,-124.6,E-6B TACAMO,,,,False,mode_s
ae07f6,2026-08-31 03:14:32.065257,RCH401,97-0044,6471,36000,35.7,28.0,C-17A Globemaster,,,,False,mode_s
afa175,2026-08-31 03:14:32.065261,FLYER63,19-46111,3276,20500,25.6,56.3,KC-46A Pegasus,,,,False,mode_s
ae63c8,2026-08-31 03:14:32.065265,PETRO71,21-46092,1403,33000,36.9,-114.7,KC-46A Pegasus,,,,False,mode_s
ae08e3,2026-08-31 03:14:32.065270,MCFAMC,00-0183,0767,34000,49.6,-63.2,C-17A Globemaster,,,,False,mode_s
ae63c7,2026-08-31 03:14:32.065274,FLYER62,21-46091,3275,28075,25.5,55.2,KC-46A Pegasus,,,,False,mode_s
af9b66,2026-08-31 03:15:32.378183,FIST81,22-46106,4152,29650,40.645233,-122.388016,KC-46A Pegasus,168,472,-3447,False,mlat
ae0414,2026-08-31 03:15:32.378196,UNK C/S,164387,3340,26000,40.500992,-122.057137,E-6B TACAMO,328,315,2,False,mlat
ae330a,2026-08-31 03:15:32.378202,FIST71,22-46105,5770,6700,38.512238,-121.900673,KC-46A Pegasus,95,267,-1187,False,mlat
ae63c8,2026-08-31 03:15:32.378208,PETRO71,21-46092,1403,33000,38.271046,-114.451462,KC-46A Pegasus,270,453,-75,False,mlat
ae1460,2026-08-31 03:15:32.378212,BLINR01,06-6162,1745,37000,36.543476,-105.640533,C-17A Globemaster,106,502,0,False,mlat
ae63c6,2026-08-31 03:15:32.378217,PETRO61,21-46090,1536,38025,41.404369,-95.288757,KC-46A Pegasus,267,422,0,False,mlat
ae1198,2026-08-31 03:15:32.378221,RCH162,03-3115,2645,33000,33.252216,-94.494751,C-17A Globemaster,101,453,0,False,adsb_icao
ae0475,2026-08-31 03:15:32.378226,UNK C/S,58-0001,2144,39000,31.706333,-85.669998,KC-135R Stratotanker,143,513,0,False,mlat
ae1197,2026-08-31 03:15:32.378230,RCH3260,03-3114,1501,36000,40.741215,-80.325226,C-17A Globemaster,260,406,0,False,adsb_icao
ae080f,2026-08-31 03:15:32.378234,VOLT71,99-0169,2723,2875,32.706299,-79.954514,C-17A Globemaster,60,188,576,False,adsb_icao
af0f64,2026-08-31 03:15:32.378238,UNK C/S,,7156,425,41.964485,-72.653267,E-6B TACAMO,221,131,-734,False,mlat
87cc0a,2026-08-31 03:15:32.378249,GALOP61,07-3604,5343,1375,36.178757,140.62265,KC-46A Pegasus,239,246,192,False,adsb_icao
ae574d,2026-08-31 03:15:32.378261,UNK C/S,19-46007,0713,22000,28.4,48.4,KC-46A Pegasus,,,,False,mode_s
ae5e11,2026-08-31 03:15:32.378264,UNK C/S,17-46036,3266,28000,25.9,52.8,KC-46A Pegasus,,,,False,mode_s
afde25,2026-08-31 03:15:32.378269,UNK C/S,,7000,Unavailable,39.9,-124.6,E-6B TACAMO,,,,False,mode_s
ae07f6,2026-08-31 03:15:32.378273,RCH401,97-0044,6471,36000,36.3,27.1,C-17A Globemaster,,,,False,mode_s
afa175,2026-08-31 03:15:32.378276,FLYER63,19-46111,3276,20500,25.6,56.9,KC-46A Pegasus,,,,False,mode_s
ae08e3,2026-08-31 03:15:32.378283,MCFAMC,00-0183,0767,34000,49.6,-63.2,C-17A Globemaster,,,,False,mode_s
ae63c7,2026-08-31 03:15:32.378287,FLYER62,21-46091,3275,28075,25.3,55.2,KC-46A Pegasus,,,,False,mode_s
af9b66,2026-08-31 03:16:32.728804,FIST81,22-46106,4152,27175,40.509129,-122.351555,KC-46A Pegasus,169,492,-1425,False,mlat
ae0414,2026-08-31 03:16:32.728818,UNK C/S,164387,3340,26000,40.543205,-122.149467,E-6B TACAMO,278,296,0,False,mlat
ae330a,2026-08-31 03:16:32.728823,FIST71,22-46105,5770,5425,38.468609,-121.825821,KC-46A Pegasus,132,246,-1323,False,mlat
ae1460,2026-08-31 03:16:32.728830,BLINR01,06-6162,1745,37000,36.502174,-105.473831,C-17A Globemaster,110,474,0,False,mlat
ae63c6,2026-08-31 03:16:32.728835,PETRO61,21-46090,1536,38025,41.400448,-95.461739,KC-46A Pegasus,268,423,4,False,mlat
ae1198,2026-08-31 03:16:32.728839,RCH162,03-3115,2645,33000,33.226822,-94.346298,C-17A Globemaster,101,451,64,False,adsb_icao
ae0475,2026-08-31 03:16:32.728843,UNK C/S,58-0001,2144,39000,31.598883,-85.567337,KC-135R Stratotanker,140,477,0,False,mlat
ae1197,2026-08-31 03:16:32.728847,RCH3260,03-3114,1501,36000,40.722595,-80.472984,C-17A Globemaster,260,406,0,False,adsb_icao
ae080f,2026-08-31 03:16:32.728851,VOLT71,99-0169,2723,2525,32.742096,-79.919823,C-17A Globemaster,348,191,-896,False,adsb_icao
af0f64,2026-08-31 03:16:32.728855,UNK C/S,,7156,475,41.936718,-72.690109,E-6B TACAMO,224,131,854,False,mlat
ae63c7,2026-08-31 03:16:32.728861,FLYER62,21-46091,3275,28075,25.162319,55.164932,KC-46A Pegasus,,,-17,False,mlat
87cc0a,2026-08-31 03:16:32.728870,GALOP61,07-3604,5343,1425,36.147675,140.557678,KC-46A Pegasus,239,203,-64,False,adsb_icao
ae574d,2026-08-31 03:16:32.728881,UNK C/S,19-46007,0713,22000,28.4,48.4,KC-46A Pegasus,,,,False,mode_s
ae5e11,2026-08-31 03:16:32.728884,UNK C/S,17-46036,3266,28000,26.1,52.3,KC-46A Pegasus,,,,False,mode_s
ae07f6,2026-08-31 03:16:32.728888,RCH401,97-0044,6471,36000,36.3,27.9,C-17A Globemaster,,,,False,mode_s
afa175,2026-08-31 03:16:32.728891,FLYER63,19-46111,3276,20500,25.3,57.1,KC-46A Pegasus,,,,False,mode_s
ae013e,2026-08-31 03:16:32.728894,UNK C/S,63-7981,5376,21025,31.4,35.2,KC-135R Stratotanker,262,432,0,False,mode_s
ae63c8,2026-08-31 03:16:32.728898,PETRO71,21-46092,1403,33000,37.2,-115.3,KC-46A Pegasus,,,,False,mode_s
ae08e3,2026-08-31 03:16:32.728904,MCFAMC,00-0183,0767,34000,49.6,-63.2,C-17A Globemaster,,,,False,mode_s
af9b66,2026-08-31 03:17:33.047333,FIST81,22-46106,4152,27125,40.376221,-122.314301,KC-46A Pegasus,168,508,-204,False,mlat
ae0414,2026-08-31 03:17:33.047347,UNK C/S,164387,3340,26000,40.520126,-122.250519,E-6B TACAMO,226,330,0,False,mlat
ae330a,2026-08-31 03:17:33.047350,FIST71,22-46105,5770,4575,38.427452,-121.772011,KC-46A Pegasus,136,202,-638,False,mlat
ae1460,2026-08-31 03:17:33.047357,BLINR01,06-6162,1745,36975,36.459827,-105.313568,C-17A Globemaster,106,525,0,False,mlat
ae63c6,2026-08-31 03:17:33.047362,PETRO61,21-46090,1536,38025,41.39716,-95.620903,KC-46A Pegasus,269,451,0,False,mlat
ae1198,2026-08-31 03:17:33.047366,RCH162,03-3115,2645,33000,33.201599,-94.199799,C-17A Globemaster,101,453,0,False,adsb_icao
ae0475,2026-08-31 03:17:33.047370,UNK C/S,58-0001,2144,39000,31.495142,-85.467522,KC-135R Stratotanker,142,468,0,False,mlat
ae1197,2026-08-31 03:17:33.047373,RCH3260,03-3114,1501,36000,40.703972,-80.619301,C-17A Globemaster,260,405,0,False,adsb_icao
ae080f,2026-08-31 03:17:33.047377,VOLT71,99-0169,2723,2500,32.786316,-79.951904,C-17A Globemaster,321,172,576,False,adsb_icao
af0f64,2026-08-31 03:17:33.047382,UNK C/S,,7156,2175,41.896729,-72.714729,E-6B TACAMO,196,178,1220,False,mlat
ae013e,2026-08-31 03:17:33.047388,UNK C/S,63-7981,5376,21025,31.058994,35.926952,KC-135R Stratotanker,262,432,0,False,mlat
ae63c7,2026-08-31 03:17:33.047392,FLYER62,21-46091,3275,28050,25.188446,55.037312,KC-46A Pegasus,,,0,False,mlat
87cc0a,2026-08-31 03:17:33.047399,GALOP61,07-3604,5343,1400,36.114716,140.502579,KC-46A Pegasus,211,201,64,False,adsb_icao
ae574d,2026-08-31 03:17:33.047410,UNK C/S,19-46007,0713,22000,28.4,48.4,KC-46A Pegasus,,,,False,mode_s
ae5e11,2026-08-31 03:17:33.047412,UNK C/S,17-46036,0716,28000,27.7,49.7,KC-46A Pegasus,,,,False,mode_s
afde25,2026-08-31 03:17:33.047417,UNK C/S,,7000,Unavailable,40.0,-124.7,E-6B TACAMO,,,,False,mode_s
ae07f6,2026-08-31 03:17:33.047421,RCH401,97-0044,6471,36000,37.0,26.7,C-17A Globemaster,,,,False,mode_s
afa175,2026-08-31 03:17:33.047424,FLYER63,19-46111,3276,20500,25.3,58.0,KC-46A Pegasus,,,,False,mode_s
ae63c8,2026-08-31 03:17:33.047427,PETRO71,21-46092,1403,33025,36.9,-115.4,KC-46A Pegasus,,,,False,mode_s
ae08e3,2026-08-31 03:17:33.047432,MCFAMC,00-0183,0767,34000,49.6,-63.2,C-17A Globemaster,,,,False,mode_s
ae0414,2026-08-31 03:18:33.397885,UNK C/S,164387,3340,26000,40.442238,-122.29921,E-6B TACAMO,179,330,0,False,mlat
af9b66,2026-08-31 03:18:33.397902,FIST81,22-46106,4152,25100,40.234615,-122.274887,KC-46A Pegasus,167,494,-2888,False,mlat
ae330a,2026-08-31 03:18:33.397907,FIST71,22-46105,5770,3400,38.382282,-121.776627,KC-46A Pegasus,193,151,-1262,False,mlat
ae1460,2026-08-31 03:18:33.397912,BLINR01,06-6162,1745,37000,36.417614,-105.151764,C-17A Globemaster,108,480,0,False,mlat
ae63c6,2026-08-31 03:18:33.397917,PETRO61,21-46090,1536,38025,41.391308,-95.789627,KC-46A Pegasus,268,445,0,False,mlat
ae1198,2026-08-31 03:18:33.397921,RCH162,03-3115,2645,33000,33.175873,-94.052216,C-17A Globemaster,101,451,-64,False,adsb_icao
ae0475,2026-08-31 03:18:33.397926,UNK C/S,58-0001,2144,39000,31.388039,-85.365356,KC-135R Stratotanker,145,497,0,False,mlat
ae1197,2026-08-31 03:18:33.397930,RCH3260,03-3114,1501,36000,40.685074,-80.765991,C-17A Globemaster,260,406,0,False,adsb_icao
ae080f,2026-08-31 03:18:33.397933,VOLT71,99-0169,2723,1700,32.818069,-79.97699,C-17A Globemaster,328,128,-1024,False,adsb_icao
af0f64,2026-08-31 03:18:33.397939,UNK C/S,,7156,2900,41.842045,-72.720055,E-6B TACAMO,153,244,238,False,mlat
ae013e,2026-08-31 03:18:33.397945,UNK C/S,63-7981,5376,21025,31.054558,35.75816,KC-135R Stratotanker,262,432,-96,False,mlat
87cc0a,2026-08-31 03:18:33.397953,GALOP61,07-3604,5343,1400,36.061386,140.477081,KC-46A Pegasus,206,196,-256,False,adsb_icao
ae574d,2026-08-31 03:18:33.397963,UNK C/S,19-46007,0713,22000,28.4,48.4,KC-46A Pegasus,,,,False,mode_s
ae5e11,2026-08-31 03:18:33.397967,UNK C/S,17-46036,0716,28000,26.6,50.5,KC-46A Pegasus,,,,False,mode_s
afde25,2026-08-31 03:18:33.397972,UNK C/S,,7000,Unavailable,40.5,-124.8,E-6B TACAMO,,,,False,mode_s
ae07f6,2026-08-31 03:18:33.397975,RCH401,97-0044,6471,36000,37.2,26.2,C-17A Globemaster,,,,False,mode_s
afa175,2026-08-31 03:18:33.397978,FLYER63,19-46111,3276,20500,25.2,58.5,KC-46A Pegasus,,,,False,mode_s
ae63c8,2026-08-31 03:18:33.397982,PETRO71,21-46092,1403,33000,36.5,-114.9,KC-46A Pegasus,,,,False,mode_s
ae08e3,2026-08-31 03:18:33.397987,MCFAMC,00-0183,0767,34000,49.6,-63.2,C-17A Globemaster,,,,False,mode_s
ae63c7,2026-08-31 03:18:33.397991,FLYER62,21-46091,3275,28075,25.4,55.3,KC-46A Pegasus,,,,False,mode_s
ae0414,2026-08-31 03:19:35.487223,UNK C/S,164387,3340,26000,40.348957,-122.281792,E-6B TACAMO,173,310,0,False,mlat
af9b66,2026-08-31 03:19:35.487240,FIST81,22-46106,4152,24025,40.094608,-122.23703,KC-46A Pegasus,169,482,-236,False,mlat
ae330a,2026-08-31 03:19:35.487245,FIST71,22-46105,5770,2025,38.345036,-121.809776,KC-46A Pegasus,235,152,-1299,False,mlat
ae1460,2026-08-31 03:19:35.487251,BLINR01,06-6162,1745,37000,36.374546,-104.991524,C-17A Globemaster,109,485,0,False,mlat
ae63c6,2026-08-31 03:19:35.487256,PETRO61,21-46090,1536,38025,41.385811,-95.944321,KC-46A Pegasus,267,434,0,False,mlat
ae1198,2026-08-31 03:19:35.487260,RCH162,03-3115,2645,33000,33.137932,-93.904572,C-17A Globemaster,109,453,0,False,adsb_icao
ae0475,2026-08-31 03:19:35.487264,UNK C/S,58-0001,2144,38450,31.282068,-85.262978,KC-135R Stratotanker,143,482,-995,False,mlat
ae1197,2026-08-31 03:19:35.487268,RCH3260,03-3114,1501,36000,40.665382,-80.917427,C-17A Globemaster,260,406,-64,False,adsb_icao
ae080f,2026-08-31 03:19:35.487271,VOLT71,99-0169,2723,925,32.849945,-80.000626,C-17A Globemaster,327,127,-832,False,adsb_icao
af0f64,2026-08-31 03:19:35.487277,UNK C/S,,7156,2900,41.813946,-72.647842,E-6B TACAMO,78,203,145,False,mlat
ae013e,2026-08-31 03:19:35.487284,UNK C/S,63-7981,5376,20800,31.029449,35.619884,KC-135R Stratotanker,262,424,-1440,False,mlat
87cc0a,2026-08-31 03:19:35.487292,GALOP61,07-3604,5343,1400,36.044792,140.42485,KC-46A Pegasus,285,156,-192,False,adsb_icao
ae574d,2026-08-31 03:19:35.487304,UNK C/S,19-46007,0713,22000,28.4,48.4,KC-46A Pegasus,,,,False,mode_s
ae5e11,2026-08-31 03:19:35.487307,UNK C/S,17-46036,0716,28000,26.2,50.8,KC-46A Pegasus,,,,False,mode_s
ae07f6,2026-08-31 03:19:35.487311,RCH401,97-0044,6471,36000,37.5,25.9,C-17A Globemaster,,,,False,mode_s
afa175,2026-08-31 03:19:35.487314,FLYER63,19-46111,3276,20500,25.2,58.6,KC-46A Pegasus,,,,False,mode_s
ae63c8,2026-08-31 03:19:35.487318,PETRO71,21-46092,1403,33000,36.9,-115.1,KC-46A Pegasus,,,,False,mode_s
ae07be,2026-08-31 03:19:35.487322,UNK C/S,62-3578,Unavailable,18975,26.1,54.7,KC-135R Stratotanker,,,,False,mode_s
ae08e3,2026-08-31 03:19:35.487326,MCFAMC,00-0183,0767,34000,49.6,-63.2,C-17A Globemaster,,,,False,mode_s
ae63c7,2026-08-31 03:19:35.487330,FLYER62,21-46091,3275,28075,25.5,54.8,KC-46A Pegasus,,,,False,mode_s
ae0414,2026-08-31 03:20:35.859666,UNK C/S,164387,3340,26000,40.259773,-122.266571,E-6B TACAMO,173,324,0,False,mlat
af9b66,2026-08-31 03:20:35.859683,FIST81,22-46106,4152,24000,39.95734,-122.208939,KC-46A Pegasus,172,502,-77,False,mlat
ae330a,2026-08-31 03:20:35.859688,FIST71,22-46105,5770,1150,38.316853,-121.847725,KC-46A Pegasus,226,132,-689,False,mlat
ae1460,2026-08-31 03:20:35.859695,BLINR01,06-6162,1745,37000,36.333317,-104.84967,C-17A Globemaster,108,484,0,False,mlat
ae63c6,2026-08-31 03:20:35.859701,PETRO61,21-46090,1536,38025,41.380726,-96.109688,KC-46A Pegasus,268,425,0,False,mlat
ae1198,2026-08-31 03:20:35.859705,RCH162,03-3115,2645,33000,33.09494,-93.762489,C-17A Globemaster,109,457,-64,False,adsb_icao
ae0475,2026-08-31 03:20:35.859709,UNK C/S,58-0001,2144,37575,31.173988,-85.16143,KC-135R Stratotanker,141,485,-1242,False,mlat
ae1197,2026-08-31 03:20:35.859712,RCH3260,03-3114,1501,36000,40.646061,-81.064308,C-17A Globemaster,260,407,0,False,adsb_icao
ae080f,2026-08-31 03:20:35.859715,VOLT71,99-0169,2723,200,32.880497,-80.023514,C-17A Globemaster,327,130,-704,False,adsb_icao
af0f64,2026-08-31 03:20:35.859719,UNK C/S,,7156,2900,41.854259,-72.581573,E-6B TACAMO,49,222,45,False,mlat
ae013e,2026-08-31 03:20:35.859725,UNK C/S,63-7981,5376,20025,31.034164,35.479637,KC-135R Stratotanker,287,424,-96,False,mlat
87cc0a,2026-08-31 03:20:35.859732,GALOP61,07-3604,5343,1375,36.061203,140.377289,KC-46A Pegasus,315,145,-192,False,adsb_icao
ae574d,2026-08-31 03:20:35.859742,UNK C/S,19-46007,0713,22000,28.4,48.4,KC-46A Pegasus,,,,False,mode_s
ae5e11,2026-08-31 03:20:35.859745,UNK C/S,17-46036,0716,28000,25.8,51.0,KC-46A Pegasus,,,,False,mode_s
afde25,2026-08-31 03:20:35.859750,UNK C/S,,7000,Unavailable,41.0,-125.0,E-6B TACAMO,,,,False,mode_s
ae07f6,2026-08-31 03:20:35.859754,RCH401,97-0044,6471,36000,37.4,26.0,C-17A Globemaster,,,,False,mode_s
afa175,2026-08-31 03:20:35.859757,FLYER63,19-46111,3276,20500,25.2,57.4,KC-46A Pegasus,,,,False,mode_s
ae63c8,2026-08-31 03:20:35.859761,PETRO71,21-46092,1403,33000,37.0,-115.1,KC-46A Pegasus,,,,False,mode_s
ae07be,2026-08-31 03:20:35.859765,UNK C/S,62-3578,1143,19000,25.4,57.4,KC-135R Stratotanker,284,408,64,False,mode_s
ae08e3,2026-08-31 03:20:35.859769,MCFAMC,00-0183,0767,34000,49.6,-63.2,C-17A Globemaster,,,,False,mode_s
ae63c7,2026-08-31 03:20:35.859774,FLYER62,21-46091,3275,28075,25.7,54.7,KC-46A Pegasus,,,,False,mode_s
ae0414,2026-08-31 03:21:36.223479,UNK C/S,164387,3340,26000,40.174095,-122.250168,E-6B TACAMO,174,307,0,False,mlat
af9b66,2026-08-31 03:21:36.223493,FIST81,22-46106,4152,24000,39.831642,-122.181648,KC-46A Pegasus,167,487,0,False,mlat
ae330a,2026-08-31 03:21:36.223498,FIST71,22-46105,5770,475,38.292698,-121.881897,KC-46A Pegasus,229,140,-723,False,mlat
ae1460,2026-08-31 03:21:36.223504,BLINR01,06-6162,1745,37000,36.280273,-104.675285,C-17A Globemaster,105,494,0,False,mlat
ae63c6,2026-08-31 03:21:36.223509,PETRO61,21-46090,1536,38025,41.375698,-96.261581,KC-46A Pegasus,267,415,0,False,mlat
ae1198,2026-08-31 03:21:36.223513,RCH162,03-3115,2645,33000,33.051205,-93.618706,C-17A Globemaster,109,458,64,False,adsb_icao
ae0475,2026-08-31 03:21:36.223518,UNK C/S,58-0001,2144,36750,31.071735,-85.063126,KC-135R Stratotanker,140,485,-596,False,mlat
ae1197,2026-08-31 03:21:36.223521,RCH3260,03-3114,1501,36000,40.626511,-81.211807,C-17A Globemaster,260,409,0,False,adsb_icao
ae080f,2026-08-31 03:21:36.223524,VOLT71,99-0169,2723,0,32.889542,-80.03035,C-17A Globemaster,327,127,-704,False,adsb_icao
af0f64,2026-08-31 03:21:36.223529,UNK C/S,,7156,2900,41.895054,-72.518204,E-6B TACAMO,51,223,30,False,mlat
ae013e,2026-08-31 03:21:36.223535,UNK C/S,63-7981,5376,18650,31.111313,35.397537,KC-135R Stratotanker,343,436,-1600,False,mlat
87cc0a,2026-08-31 03:21:36.223542,GALOP61,07-3604,5343,1225,36.096279,140.375061,KC-46A Pegasus,19,130,-192,False,adsb_icao
ae574d,2026-08-31 03:21:36.223552,UNK C/S,19-46007,0713,22000,28.4,48.4,KC-46A Pegasus,,,,False,mode_s
ae5e11,2026-08-31 03:21:36.223555,UNK C/S,17-46036,0716,28000,25.6,50.7,KC-46A Pegasus,,,,False,mode_s
afde25,2026-08-31 03:21:36.223559,UNK C/S,,7000,Unavailable,41.0,-125.0,E-6B TACAMO,,,,False,mode_s
ae07f6,2026-08-31 03:21:36.223563,RCH401,97-0044,6471,36000,37.3,26.1,C-17A Globemaster,,,,False,mode_s
afa175,2026-08-31 03:21:36.223566,FLYER63,19-46111,3276,20500,25.2,58.0,KC-46A Pegasus,,,,False,mode_s
ae63c8,2026-08-31 03:21:36.223570,PETRO71,21-46092,1403,33000,37.1,-115.6,KC-46A Pegasus,,,,False,mode_s
ae07be,2026-08-31 03:21:36.223574,UNK C/S,62-3578,1143,19000,25.3,56.6,KC-135R Stratotanker,321,400,128,False,mode_s
ae08e3,2026-08-31 03:21:36.223578,MCFAMC,00-0183,0767,34000,49.6,-63.2,C-17A Globemaster,,,,False,mode_s
ae63c7,2026-08-31 03:21:36.223582,FLYER62,21-46091,3275,28075,25.7,54.8,KC-46A Pegasus,,,,False,mode_s
ae0414,2026-08-31 03:22:36.528372,UNK C/S,164387,3340,26000,40.089264,-122.234123,E-6B TACAMO,170,314,-80,False,mlat
af9b66,2026-08-31 03:22:36.528388,FIST81,22-46106,4152,23875,39.686356,-122.154167,KC-46A Pegasus,173,488,-174,False,mlat
ae1460,2026-08-31 03:22:36.528396,BLINR01,06-6162,1745,37000,36.248005,-104.52446,C-17A Globemaster,105,465,0,False,mlat
ae63c6,2026-08-31 03:22:36.528402,PETRO61,21-46090,1536,38025,41.369991,-96.42141,KC-46A Pegasus,268,415,0,False,mlat
ae1198,2026-08-31 03:22:36.528405,RCH162,03-3115,2645,33000,33.007736,-93.476295,C-17A Globemaster,109,457,-128,False,adsb_icao
ae0475,2026-08-31 03:22:36.528410,UNK C/S,58-0001,2144,35075,30.961823,-84.958755,KC-135R Stratotanker,140,501,-2152,False,mlat
ae1197,2026-08-31 03:22:36.528414,RCH3260,03-3114,1501,36000,40.606705,-81.359314,C-17A Globemaster,259,412,0,False,adsb_icao
af0f64,2026-08-31 03:22:36.528418,UNK C/S,,7156,2900,41.936436,-72.456535,E-6B TACAMO,49,223,0,False,mlat
ae013e,2026-08-31 03:22:36.528424,UNK C/S,63-7981,5376,17575,31.234694,35.38892,KC-135R Stratotanker,8,430,-2880,False,mlat
87cc0a,2026-08-31 03:22:36.528432,GALOP61,07-3604,5343,925,36.131752,140.391022,KC-46A Pegasus,20,136,-704,False,adsb_icao
ae574d,2026-08-31 03:22:36.528442,UNK C/S,19-46007,0713,22000,28.4,48.4,KC-46A Pegasus,,,,False,mode_s
ae5e11,2026-08-31 03:22:36.528446,UNK C/S,17-46036,0716,28000,25.7,50.9,KC-46A Pegasus,,,,False,mode_s
ae07f6,2026-08-31 03:22:36.528450,RCH401,97-0044,6471,36000,37.5,25.9,C-17A Globemaster,,,,False,mode_s
afa175,2026-08-31 03:22:36.528454,FLYER63,19-46111,3276,20525,25.6,56.5,KC-46A Pegasus,,,,False,mode_s
ae63c8,2026-08-31 03:22:36.528458,PETRO71,21-46092,1403,33025,36.7,-114.8,KC-46A Pegasus,,,,False,mode_s
ae07be,2026-08-31 03:22:36.528461,UNK C/S,62-3578,1143,19000,25.3,56.2,KC-135R Stratotanker,325,402,256,False,mode_s
ae08e3,2026-08-31 03:22:36.528466,MCFAMC,00-0183,0767,34000,49.6,-63.2,C-17A Globemaster,,,,False,mode_s
ae63c7,2026-08-31 03:22:36.528470,FLYER62,21-46091,3275,28075,25.5,54.8,KC-46A Pegasus,,,,False,mode_s
ae0414,2026-08-31 03:23:36.832541,UNK C/S,164387,3340,26000,40.019886,-122.1567,E-6B TACAMO,115,337,0,False,mlat
af9b66,2026-08-31 03:23:36.832557,FIST81,22-46106,4152,21225,39.55521,-122.125473,KC-46A Pegasus,170,463,-1989,False,mlat
ae1460,2026-08-31 03:23:36.832564,BLINR01,06-6162,1745,37000,36.193401,-104.349106,C-17A Globemaster,115,535,0,False,mlat
ae63c6,2026-08-31 03:23:36.832569,PETRO61,21-46090,1536,38025,41.363087,-96.578339,KC-46A Pegasus,266,421,71,False,mlat
ae1198,2026-08-31 03:23:36.832572,RCH162,03-3115,2645,33000,32.963825,-93.333229,C-17A Globemaster,110,457,0,False,adsb_icao
ae0475,2026-08-31 03:23:36.832576,UNK C/S,58-0001,2144,32675,30.853971,-84.857292,KC-135R Stratotanker,142,500,-2066,False,mlat
ae1197,2026-08-31 03:23:36.832580,RCH3260,03-3114,1501,36000,40.586571,-81.508316,C-17A Globemaster,259,412,-64,False,adsb_icao
af0f64,2026-08-31 03:23:36.832585,UNK C/S,,7156,2575,41.97842,-72.394913,E-6B TACAMO,45,247,-688,False,mlat
ae013e,2026-08-31 03:23:36.832592,UNK C/S,63-7981,5376,14600,31.346317,35.421696,KC-135R Stratotanker,9,414,-3616,False,mlat
87cc0a,2026-08-31 03:23:36.832602,GALOP61,07-3604,5343,200,36.166168,140.406418,KC-46A Pegasus,20,130,-448,False,adsb_icao
ae574d,2026-08-31 03:23:36.832613,UNK C/S,19-46007,0713,22000,28.4,48.4,KC-46A Pegasus,,,,False,mode_s
ae5e11,2026-08-31 03:23:36.832617,UNK C/S,17-46036,0716,28025,25.8,51.0,KC-46A Pegasus,,,,False,mode_s
ae07f6,2026-08-31 03:23:36.832621,RCH401,97-0044,6471,36000,37.4,26.0,C-17A Globemaster,,,,False,mode_s
afa175,2026-08-31 03:23:36.832624,FLYER63,19-46111,3276,20500,25.6,56.3,KC-46A Pegasus,,,,False,mode_s
ae63c8,2026-08-31 03:23:36.832628,PETRO71,21-46092,1403,33000,37.1,-114.8,KC-46A Pegasus,,,,False,mode_s
ae07be,2026-08-31 03:23:36.832631,UNK C/S,62-3578,1143,19000,25.5,55.7,KC-135R Stratotanker,325,402,0,False,mode_s
ae08e3,2026-08-31 03:23:36.832636,MCFAMC,00-0183,0767,Unavailable,49.6,-63.2,C-17A Globemaster,,,,False,mode_s
ae63c7,2026-08-31 03:23:36.832640,FLYER62,21-46091,3275,28075,25.6,54.7,KC-46A Pegasus,,,,False,mode_s
af9b66,2026-08-31 03:24:37.198174,FIST81,22-46106,4152,19300,39.431007,-122.09996,KC-46A Pegasus,170,449,-3612,False,mlat
ae0414,2026-08-31 03:24:37.198188,UNK C/S,164387,3340,26000,40.022991,-122.046402,E-6B TACAMO,63,317,0,False,mlat
ae1460,2026-08-31 03:24:37.198196,BLINR01,06-6162,1745,37000,36.163193,-104.20578,C-17A Globemaster,106,481,0,False,mlat
ae63c6,2026-08-31 03:24:37.198202,PETRO61,21-46090,1536,38025,41.356339,-96.737556,KC-46A Pegasus,266,426,0,False,mlat
ae1198,2026-08-31 03:24:37.198206,RCH162,03-3115,2645,33000,32.920029,-93.191147,C-17A Globemaster,110,459,0,False,adsb_icao
ae0475,2026-08-31 03:24:37.198211,UNK C/S,58-0001,2144,29825,30.752781,-84.761292,KC-135R Stratotanker,142,483,-2362,False,mlat
ae1197,2026-08-31 03:24:37.198215,RCH3260,03-3114,1501,36000,40.566147,-81.657349,C-17A Globemaster,259,415,0,False,adsb_icao
af0f64,2026-08-31 03:24:37.198220,UNK C/S,,7156,2400,42.028294,-72.402023,E-6B TACAMO,317,276,0,False,mlat
ae013e,2026-08-31 03:24:37.198227,UNK C/S,63-7981,5376,11775,31.469601,35.432755,KC-135R Stratotanker,9,390,-2624,False,mlat
87cc0a,2026-08-31 03:24:37.198238,GALOP61,07-3604,5343,1750,36.202698,140.429001,KC-46A Pegasus,62,173,1600,False,adsb_icao
ae574d,2026-08-31 03:24:37.198251,UNK C/S,19-46007,0713,22000,28.4,48.4,KC-46A Pegasus,,,,False,mode_s
ae5e11,2026-08-31 03:24:37.198255,UNK C/S,17-46036,0716,28000,26.1,50.5,KC-46A Pegasus,,,,False,mode_s
ae07f6,2026-08-31 03:24:37.198260,RCH401,97-0044,6471,36000,37.3,26.1,C-17A Globemaster,,,,False,mode_s
afa175,2026-08-31 03:24:37.198263,FLYER63,19-46111,3276,20500,25.5,57.4,KC-46A Pegasus,,,,False,mode_s
ae63c8,2026-08-31 03:24:37.198267,PETRO71,21-46092,1403,33000,36.7,-115.2,KC-46A Pegasus,,,,False,mode_s
ae07be,2026-08-31 03:24:37.198272,UNK C/S,62-3578,1143,18975,25.6,55.0,KC-135R Stratotanker,289,404,0,False,mode_s
ae08e3,2026-08-31 03:24:37.198278,MCFAMC,00-0183,0767,Unavailable,49.6,-63.2,C-17A Globemaster,,,,False,mode_s
ae63c7,2026-08-31 03:24:37.198282,FLYER62,21-46091,3275,28075,25.6,54.8,KC-46A Pegasus,,,,False,mode_s
af9b66,2026-08-31 03:25:37.530115,FIST81,22-46106,4152,16800,39.31163,-122.076134,KC-46A Pegasus,174,422,-1700,False,mlat
ae0414,2026-08-31 03:25:37.530130,UNK C/S,164387,3340,26000,40.085419,-121.978447,E-6B TACAMO,16,317,0,False,mlat
ae1460,2026-08-31 03:25:37.530137,BLINR01,06-6162,1745,37000,36.122673,-104.049255,C-17A Globemaster,105,449,-7,False,mlat
ae63c6,2026-08-31 03:25:37.530143,PETRO61,21-46090,1536,38025,41.351082,-96.894409,KC-46A Pegasus,267,422,0,False,mlat
ae1198,2026-08-31 03:25:37.530147,RCH162,03-3115,2645,33000,32.875946,-93.048813,C-17A Globemaster,110,460,-64,False,adsb_icao
ae0475,2026-08-31 03:25:37.530151,UNK C/S,58-0001,2144,27075,30.638132,-84.653603,KC-135R Stratotanker,141,513,-2207,False,mlat
ae1197,2026-08-31 03:25:37.530155,RCH3260,03-3114,1501,36000,40.545509,-81.80632,C-17A Globemaster,259,416,0,False,adsb_icao
af0f64,2026-08-31 03:25:37.530159,UNK C/S,,7156,2375,42.066067,-72.443024,E-6B TACAMO,322,156,-16,False,mlat
ae013e,2026-08-31 03:25:37.530164,UNK C/S,63-7981,5376,10125,31.571972,35.449429,KC-135R Stratotanker,9,390,224,False,mlat
87cc0a,2026-08-31 03:25:37.530173,GALOP61,07-3604,5343,2000,36.186871,140.483704,KC-46A Pegasus,120,177,0,False,adsb_icao
ae574d,2026-08-31 03:25:37.530186,UNK C/S,19-46007,0713,Unavailable,28.4,48.4,KC-46A Pegasus,,,,False,mode_s
ae5e11,2026-08-31 03:25:37.530189,UNK C/S,17-46036,0716,28000,25.7,50.7,KC-46A Pegasus,,,,False,mode_s
ae07f6,2026-08-31 03:25:37.530193,RCH401,97-0044,6471,36000,37.8,25.6,C-17A Globemaster,,,,False,mode_s
afa175,2026-08-31 03:25:37.530197,FLYER63,19-46111,3276,20500,25.3,56.9,KC-46A Pegasus,,,,False,mode_s
ae63c8,2026-08-31 03:25:37.530200,PETRO71,21-46092,1403,33025,36.9,-115.3,KC-46A Pegasus,,,,False,mode_s
ae07be,2026-08-31 03:25:37.530204,UNK C/S,62-3578,1143,19000,25.4,56.0,KC-135R Stratotanker,286,404,-160,False,mode_s
ae035f,2026-08-31 03:25:37.530208,RATS49,58-0085,Unavailable,Unavailable,31.7,-122.3,KC-135R Stratotanker,,,,False,mode_s
ae08e3,2026-08-31 03:25:37.530212,MCFAMC,00-0183,0767,Unavailable,49.6,-63.2,C-17A Globemaster,,,,False,mode_s
ae63c7,2026-08-31 03:25:37.530216,FLYER62,21-46091,3275,28075,25.8,54.8,KC-46A Pegasus,,,,False,mode_s
af9b66,2026-08-31 03:26:37.865081,FIST81,22-46106,4152,15200,39.203491,-122.053284,KC-46A Pegasus,172,389,-1733,False,mlat
ae0414,2026-08-31 03:26:37.865096,UNK C/S,164387,3340,26000,40.174557,-121.98288,E-6B TACAMO,348,309,-17,False,mlat
ae1460,2026-08-31 03:26:37.865103,BLINR01,06-6162,1745,37000,36.083656,-103.921875,C-17A Globemaster,107,474,0,False,mlat
ae63c6,2026-08-31 03:26:37.865108,PETRO61,21-46090,1536,38025,41.3461,-97.045235,KC-46A Pegasus,268,454,0,False,mlat
ae1198,2026-08-31 03:26:37.865112,RCH162,03-3115,2645,33000,32.8312,-92.905151,C-17A Globemaster,110,460,64,False,adsb_icao
ae0475,2026-08-31 03:26:37.865117,UNK C/S,58-0001,2144,26100,30.535433,-84.557693,KC-135R Stratotanker,141,469,-329,False,mlat
ae1197,2026-08-31 03:26:37.865120,RCH3260,03-3114,1501,36000,40.524399,-81.957764,C-17A Globemaster,259,415,0,False,adsb_icao
af0f64,2026-08-31 03:26:37.865124,UNK C/S,,7156,2400,42.07465,-72.491447,E-6B TACAMO,299,122,0,False,mlat
ae013e,2026-08-31 03:26:37.865130,UNK C/S,63-7981,5376,10125,31.68071,35.470997,KC-135R Stratotanker,9,398,-32,False,mlat
87cc0a,2026-08-31 03:26:37.865140,GALOP61,07-3604,5343,2000,36.158981,140.532761,KC-46A Pegasus,157,186,0,False,adsb_icao
ae07f6,2026-08-31 03:26:37.865150,RCH401,97-0044,6471,36175,37.5,25.8,C-17A Globemaster,,,,False,mode_s
ae574d,2026-08-31 03:26:37.865155,UNK C/S,19-46007,0713,Unavailable,28.4,48.4,KC-46A Pegasus,,,,False,mode_s
ae5e11,2026-08-31 03:26:37.865158,UNK C/S,17-46036,0716,28000,28.4,48.4,KC-46A Pegasus,,,,False,mode_s
ae08e3,2026-08-31 03:26:37.865162,MCFAMC,00-0183,0767,Unavailable,49.6,-63.2,C-17A Globemaster,,,,False,mode_s
ae63c7,2026-08-31 03:26:37.865167,FLYER62,21-46091,3275,28075,25.5,54.9,KC-46A Pegasus,,,,False,mode_s
ae07be,2026-08-31 03:26:37.865171,UNK C/S,62-3578,1143,19000,25.3,55.1,KC-135R Stratotanker,286,406,-32,False,mode_s
ae63c8,2026-08-31 03:26:37.865175,PETRO71,21-46092,1403,33025,36.6,-115.3,KC-46A Pegasus,,,,False,mode_s
ae035f,2026-08-31 03:26:37.865178,RATS49,58-0085,Unavailable,Unavailable,31.9,-122.3,KC-135R Stratotanker,,,,False,mode_s
afa175,2026-08-31 03:26:37.865182,FLYER63,19-46111,3276,20500,25.7,57.5,KC-46A Pegasus,,,,False,mode_s
af9b66,2026-08-31 03:27:38.267647,FIST81,22-46106,4152,13325,39.0947,-122.031837,KC-46A Pegasus,170,368,-2135,False,mlat
ae0414,2026-08-31 03:27:38.267677,UNK C/S,164387,3340,26000,40.254749,-121.99794,E-6B TACAMO,348,306,0,False,mlat
ae1460,2026-08-31 03:27:38.267686,BLINR01,06-6162,1745,37000,36.041889,-103.758217,C-17A Globemaster,107,470,0,False,mlat
ae63c6,2026-08-31 03:27:38.267691,PETRO61,21-46090,1536,38025,41.337898,-97.205002,KC-46A Pegasus,266,380,-19,False,mlat
ae1198,2026-08-31 03:27:38.267695,RCH162,03-3115,2645,33000,32.786316,-92.761635,C-17A Globemaster,110,460,-64,False,adsb_icao
ae0475,2026-08-31 03:27:38.267700,UNK C/S,58-0001,2144,25525,30.436317,-84.463585,KC-135R Stratotanker,139,424,-828,False,mlat
ae1197,2026-08-31 03:27:38.267703,RCH3260,03-3114,4044,36000,40.503387,-82.106628,C-17A Globemaster,259,416,64,False,adsb_icao
af0f64,2026-08-31 03:27:38.267708,UNK C/S,,7156,2400,42.050228,-72.543167,E-6B TACAMO,226,152,30,False,mlat
ae013e,2026-08-31 03:27:38.267713,UNK C/S,63-7981,5376,10125,31.792921,35.480927,KC-135R Stratotanker,333,378,-64,False,mlat
ae07be,2026-08-31 03:27:38.267717,UNK C/S,62-3578,1143,19000,25.263512,56.211971,KC-135R Stratotanker,286,406,-32,False,mlat
87cc0a,2026-08-31 03:27:38.267726,GALOP61,07-3604,5343,2000,36.105778,140.509872,KC-46A Pegasus,205,204,0,False,adsb_icao
ae07f6,2026-08-31 03:27:38.267736,RCH401,97-0044,6471,37125,37.5,25.8,C-17A Globemaster,,,,False,mode_s
ae1177,2026-08-31 03:27:38.267740,VOLT97,02-1105,7251,2275,32.4,-86.3,C-17A Globemaster,,,,False,mode_s
ae574d,2026-08-31 03:27:38.267744,UNK C/S,19-46007,0713,22000,28.4,48.4,KC-46A Pegasus,,,,False,mode_s
ae5e11,2026-08-31 03:27:38.267747,UNK C/S,17-46036,0716,28025,27.9,48.8,KC-46A Pegasus,,,,False,mode_s
ae08e3,2026-08-31 03:27:38.267751,MCFAMC,00-0183,0767,Unavailable,49.6,-63.2,C-17A Globemaster,,,,False,mode_s
ae63c7,2026-08-31 03:27:38.267756,FLYER62,21-46091,3275,28025,25.7,54.8,KC-46A Pegasus,,,,False,mode_s
ae63c8,2026-08-31 03:27:38.267761,PETRO71,21-46092,1403,33025,36.8,-115.7,KC-46A Pegasus,,,,False,mode_s
ae035f,2026-08-31 03:27:38.267764,RATS49,58-0085,Unavailable,Unavailable,33.3,-120.8,KC-135R Stratotanker,,,,False,mode_s
afa175,2026-08-31 03:27:38.267767,FLYER63,19-46111,3276,20500,25.8,57.7,KC-46A Pegasus,,,,False,mode_s
af9b66,2026-08-31 03:28:38.584206,FIST81,22-46106,4152,11650,38.994419,-122.01902,KC-46A Pegasus,176,340,-1604,False,mlat
ae0414,2026-08-31 03:28:38.584220,UNK C/S,164387,3340,26000,40.345295,-122.012993,E-6B TACAMO,354,316,0,False,mlat
ae1460,2026-08-31 03:28:38.584227,BLINR01,06-6162,1745,37000,36.007111,-103.604263,C-17A Globemaster,109,424,0,False,mlat
ae63c6,2026-08-31 03:28:38.584233,PETRO61,21-46090,1536,38000,41.331104,-97.366165,KC-46A Pegasus,266,427,-37,False,mlat
ae1198,2026-08-31 03:28:38.584237,RCH162,03-3115,2645,33000,32.741959,-92.620346,C-17A Globemaster,110,461,64,False,adsb_icao
ae0475,2026-08-31 03:28:38.584242,UNK C/S,58-0001,2144,23775,30.349174,-84.382629,KC-135R Stratotanker,140,397,-1603,False,mlat
ae1197,2026-08-31 03:28:38.584245,RCH3260,03-3114,4044,36000,40.482056,-82.256287,C-17A Globemaster,259,416,-64,False,adsb_icao
af0f64,2026-08-31 03:28:38.584249,UNK C/S,,7156,1950,42.023613,-72.577164,E-6B TACAMO,216,164,-803,False,mlat
ae013e,2026-08-31 03:28:38.584256,UNK C/S,63-7981,5376,10125,31.861605,35.388599,KC-135R Stratotanker,306,382,-64,False,mlat
ae07be,2026-08-31 03:28:38.584259,UNK C/S,62-3578,1143,18975,25.294622,56.086632,KC-135R Stratotanker,286,406,0,False,mlat
87cc0a,2026-08-31 03:28:38.584267,GALOP61,07-3604,5343,2000,36.054153,140.480057,KC-46A Pegasus,204,203,64,False,adsb_icao
ae07f6,2026-08-31 03:28:38.584277,RCH401,97-0044,6471,37800,37.4,26.0,C-17A Globemaster,,,,False,mode_s
ae1177,2026-08-31 03:28:38.584282,VOLT97,02-1105,7251,4550,32.2,-85.8,C-17A Globemaster,,,,False,mode_s
ae574d,2026-08-31 03:28:38.584286,UNK C/S,19-46007,0713,22025,28.4,48.4,KC-46A Pegasus,,,,False,mode_s
ae5e11,2026-08-31 03:28:38.584289,UNK C/S,17-46036,0716,28000,26.3,50.5,KC-46A Pegasus,,,,False,mode_s
ae08e3,2026-08-31 03:28:38.584293,MCFAMC,00-0183,0767,Unavailable,49.6,-63.2,C-17A Globemaster,,,,False,mode_s
ae63c7,2026-08-31 03:28:38.584297,FLYER62,21-46091,3275,28000,25.9,53.8,KC-46A Pegasus,,,,False,mode_s
ae63c8,2026-08-31 03:28:38.584303,PETRO71,21-46092,1403,33025,36.9,-115.7,KC-46A Pegasus,,,,False,mode_s
ae035f,2026-08-31 03:28:38.584307,RATS49,58-0085,Unavailable,Unavailable,31.9,-122.3,KC-135R Stratotanker,,,,False,mode_s
afa175,2026-08-31 03:28:38.584309,FLYER63,19-46111,3276,20475,25.7,58.5,KC-46A Pegasus,,,,False,mode_s
ae0414,2026-08-31 03:29:38.988926,UNK C/S,164387,3340,26000,40.429962,-122.028587,E-6B TACAMO,352,318,0,False,mlat
af9b66,2026-08-31 03:29:38.988943,FIST81,22-46106,4152,11600,38.90416,-122.01152,KC-46A Pegasus,176,277,0,False,mlat
ae1460,2026-08-31 03:29:38.988951,BLINR01,06-6162,1745,37000,35.939133,-103.402916,C-17A Globemaster,103,506,0,False,mlat
ae63c6,2026-08-31 03:29:38.988957,PETRO61,21-46090,1536,38025,41.324436,-97.522865,KC-46A Pegasus,265,436,0,False,mlat
ae1198,2026-08-31 03:29:38.988961,RCH162,03-3115,2645,32450,32.696617,-92.476746,C-17A Globemaster,110,462,-1216,False,adsb_icao
ae0475,2026-08-31 03:29:38.988966,UNK C/S,58-0001,2144,22975,30.26672,-84.304993,KC-135R Stratotanker,138,384,-497,False,mlat
ae1197,2026-08-31 03:29:38.988970,RCH3260,03-3114,4044,36000,40.460541,-82.405945,C-17A Globemaster,259,418,0,False,adsb_icao
af0f64,2026-08-31 03:29:38.988974,UNK C/S,,7156,1250,42.001408,-72.612434,E-6B TACAMO,227,129,-792,False,mlat
ae013e,2026-08-31 03:29:38.988981,UNK C/S,63-7981,5376,8000,31.919333,35.294155,KC-135R Stratotanker,304,366,-3840,False,mlat
ae07be,2026-08-31 03:29:38.988984,UNK C/S,62-3578,1143,19000,25.272232,55.86425,KC-135R Stratotanker,284,406,-64,False,mlat
87cc0a,2026-08-31 03:29:38.988993,GALOP61,07-3604,5343,2000,36.002522,140.450333,KC-46A Pegasus,206,203,-64,False,adsb_icao
ae07f6,2026-08-31 03:29:38.989004,RCH401,97-0044,6471,38000,37.6,25.7,C-17A Globemaster,,,,False,mode_s
ae1177,2026-08-31 03:29:38.989008,VOLT97,02-1105,7251,7900,32.0,-85.5,C-17A Globemaster,,,,False,mode_s
ae574d,2026-08-31 03:29:38.989012,UNK C/S,19-46007,0713,22025,28.4,48.4,KC-46A Pegasus,,,,False,mode_s
ae5e11,2026-08-31 03:29:38.989015,UNK C/S,17-46036,0716,28000,26.6,50.2,KC-46A Pegasus,,,,False,mode_s
ae08e3,2026-08-31 03:29:38.989018,MCFAMC,00-0183,0767,34000,49.6,-63.2,C-17A Globemaster,,,,False,mode_s
ae63c7,2026-08-31 03:29:38.989022,FLYER62,21-46091,3275,28000,25.8,53.4,KC-46A Pegasus,,,,False,mode_s
ae63c8,2026-08-31 03:29:38.989027,PETRO71,21-46092,1403,33000,37.0,-116.1,KC-46A Pegasus,,,,False,mode_s
afa175,2026-08-31 03:29:38.989030,FLYER63,19-46111,3276,20525,25.7,58.9,KC-46A Pegasus,,,,False,mode_s
ae0414,2026-08-31 03:30:39.355240,UNK C/S,164387,3340,26000,40.506916,-122.064087,E-6B TACAMO,320,324,0,False,mlat
af9b66,2026-08-31 03:30:39.355255,FIST81,22-46106,4152,10450,38.824142,-122.002419,KC-46A Pegasus,177,287,-1361,False,mlat
c2afc7,2026-08-31 03:30:39.355262,CFC3882,177702,4251,35000,57.433273,-115.571449,C-17A Globemaster,144,430,0,False,adsb_icao
ae1460,2026-08-31 03:30:39.355267,BLINR01,06-6162,1745,37000,35.895428,-103.256439,C-17A Globemaster,109,479,0,False,mlat
ae63c6,2026-08-31 03:30:39.355271,PETRO61,21-46090,1536,38025,41.315929,-97.679337,KC-46A Pegasus,265,425,0,False,mlat
ae1198,2026-08-31 03:30:39.355275,RCH162,03-3115,2645,31150,32.650955,-92.332947,C-17A Globemaster,110,460,-1216,False,adsb_icao
ae1177,2026-08-31 03:30:39.355279,VOLT97,02-1105,1112,10550,32.222363,-86.478348,C-17A Globemaster,,,,False,mlat
ae0475,2026-08-31 03:30:39.355283,UNK C/S,58-0001,2144,23000,30.169943,-84.216248,KC-135R Stratotanker,141,430,0,False,mlat
ae1197,2026-08-31 03:30:39.355286,RCH3260,03-3114,4044,36000,40.438705,-82.55658,C-17A Globemaster,259,419,64,False,adsb_icao
af0f64,2026-08-31 03:30:39.355290,UNK C/S,,7156,575,41.970261,-72.646393,E-6B TACAMO,226,127,-746,False,mlat
ae013e,2026-08-31 03:30:39.355296,UNK C/S,63-7981,5376,6125,31.976505,35.201073,KC-135R Stratotanker,305,324,-32,False,mlat
ae07be,2026-08-31 03:30:39.355300,UNK C/S,62-3578,1143,19000,25.333708,55.956913,KC-135R Stratotanker,244,414,256,False,mlat
87cc0a,2026-08-31 03:30:39.355307,GALOP61,07-3604,5343,1475,35.998627,140.390564,KC-46A Pegasus,289,186,0,False,adsb_icao
ae07f6,2026-08-31 03:30:39.355317,RCH401,97-0044,6471,38000,37.6,25.8,C-17A Globemaster,,,,False,mode_s
ae574d,2026-08-31 03:30:39.355322,UNK C/S,19-46007,0713,22000,28.4,48.4,KC-46A Pegasus,,,,False,mode_s
ae5e11,2026-08-31 03:30:39.355325,UNK C/S,17-46036,0716,28000,27.1,49.5,KC-46A Pegasus,,,,False,mode_s
ae08e3,2026-08-31 03:30:39.355328,MCFAMC,00-0183,0767,34000,49.6,-63.2,C-17A Globemaster,,,,False,mode_s
ae63c7,2026-08-31 03:30:39.355332,FLYER62,21-46091,3275,28000,26.0,54.7,KC-46A Pegasus,,,,False,mode_s
ae63c8,2026-08-31 03:30:39.355338,PETRO71,21-46092,1403,33000,37.1,-116.2,KC-46A Pegasus,,,,False,mode_s
afa175,2026-08-31 03:30:39.355341,FLYER63,19-46111,3276,20500,25.7,59.0,KC-46A Pegasus,,,,False,mode_s
ae0414,2026-08-31 03:31:39.699074,UNK C/S,164387,3340,26000,40.54388,-122.160973,E-6B TACAMO,273,328,0,False,mlat
af9b66,2026-08-31 03:31:39.699090,FIST81,22-46106,4152,9600,38.742188,-121.992043,KC-46A Pegasus,169,294,-108,False,mlat
ae1460,2026-08-31 03:31:39.699099,BLINR01,06-6162,1745,37000,35.845108,-103.096405,C-17A Globemaster,113,485,0,False,mlat
ae63c6,2026-08-31 03:31:39.699104,PETRO61,21-46090,1536,38025,41.309322,-97.836159,KC-46A Pegasus,265,434,0,False,mlat
ae1198,2026-08-31 03:31:39.699108,RCH162,03-3115,2645,29925,32.606304,-92.19239,C-17A Globemaster,110,455,-1280,False,adsb_icao
ae1177,2026-08-31 03:31:39.699113,VOLT97,02-1105,1112,11575,32.198578,-86.577759,C-17A Globemaster,,,684,False,mlat
ae0475,2026-08-31 03:31:39.699117,UNK C/S,58-0001,2144,22650,30.075512,-84.128937,KC-135R Stratotanker,141,444,-1039,False,mlat
ae1197,2026-08-31 03:31:39.699121,RCH3260,03-3114,4044,36000,40.416504,-82.708069,C-17A Globemaster,259,421,0,False,adsb_icao
af0f64,2026-08-31 03:31:39.699125,UNK C/S,,7156,50,41.944939,-72.679695,E-6B TACAMO,224,140,-526,False,mlat
ae013e,2026-08-31 03:31:39.699131,UNK C/S,63-7981,5376,6125,32.02166,35.12434,KC-135R Stratotanker,306,252,64,False,mlat
ae07be,2026-08-31 03:31:39.699135,UNK C/S,62-3578,1143,18975,25.280355,55.834526,KC-135R Stratotanker,250,414,-32,False,mlat
87cc0a,2026-08-31 03:31:39.699144,GALOP61,07-3604,5343,1500,36.032318,140.355606,KC-46A Pegasus,5,170,-64,False,adsb_icao
ae07f6,2026-08-31 03:31:39.699155,RCH401,97-0044,6471,38000,37.6,25.6,C-17A Globemaster,,,,False,mode_s
ae574d,2026-08-31 03:31:39.699159,UNK C/S,19-46007,0713,22000,28.4,48.4,KC-46A Pegasus,,,,False,mode_s
ae5e11,2026-08-31 03:31:39.699162,UNK C/S,17-46036,0716,28000,28.2,48.7,KC-46A Pegasus,,,,False,mode_s
ae08e3,2026-08-31 03:31:39.699167,MCFAMC,00-0183,0767,Unavailable,49.6,-63.2,C-17A Globemaster,,,,False,mode_s
c2afc7,2026-08-31 03:31:39.699170,CFC3882,177702,4251,Unavailable,55.0,-118.4,C-17A Globemaster,144,435,64,False,mode_s
ae63c7,2026-08-31 03:31:39.699175,FLYER62,21-46091,3275,28000,26.0,53.1,KC-46A Pegasus,,,,False,mode_s
ae63c8,2026-08-31 03:31:39.699180,PETRO71,21-46092,1403,33000,36.5,-115.7,KC-46A Pegasus,,,,False,mode_s
afa175,2026-08-31 03:31:39.699184,FLYER63,19-46111,3276,20500,25.7,59.0,KC-46A Pegasus,,,,False,mode_s
ae0414,2026-08-31 03:32:40.120931,UNK C/S,164387,3340,26000,40.510406,-122.26368,E-6B TACAMO,224,322,0,False,mlat
af9b66,2026-08-31 03:32:40.120949,FIST81,22-46106,4152,9600,38.661747,-121.97937,KC-46A Pegasus,175,281,0,False,mlat
c2afc7,2026-08-31 03:32:40.120957,CFC3882,177702,4251,35000,57.317184,-115.420563,C-17A Globemaster,145,435,-64,False,adsb_icao
ae1460,2026-08-31 03:32:40.120962,BLINR01,06-6162,1745,37000,35.798584,-102.930603,C-17A Globemaster,,,0,False,mlat
ae63c6,2026-08-31 03:32:40.120967,PETRO61,21-46090,1536,38025,41.299732,-97.980904,KC-46A Pegasus,268,424,0,False,mlat
ae1198,2026-08-31 03:32:40.120972,RCH162,03-3115,2645,28450,32.560963,-92.050911,C-17A Globemaster,110,462,-1408,False,adsb_icao
ae1177,2026-08-31 03:32:40.120976,VOLT97,02-1105,1112,13900,32.156963,-86.746155,C-17A Globemaster,,,2075,False,mlat
ae0475,2026-08-31 03:32:40.120981,UNK C/S,58-0001,2144,21425,29.98525,-84.045006,KC-135R Stratotanker,141,457,-1154,False,mlat
ae1197,2026-08-31 03:32:40.120984,RCH3260,03-3114,4044,36000,40.39426,-82.8582,C-17A Globemaster,258,423,-64,False,adsb_icao
af0f64,2026-08-31 03:32:40.120988,UNK C/S,,7156,1675,41.922207,-72.729744,E-6B TACAMO,270,204,2066,False,mlat
ae013e,2026-08-31 03:32:40.120994,UNK C/S,63-7981,5376,6125,32.062412,35.059219,KC-135R Stratotanker,306,224,0,False,mlat
ae07be,2026-08-31 03:32:40.120998,UNK C/S,62-3578,1143,19000,25.237497,55.699177,KC-135R Stratotanker,247,418,224,False,mlat
87cc0a,2026-08-31 03:32:40.121007,GALOP61,07-3604,5343,1475,36.072769,140.367294,KC-46A Pegasus,17,132,-64,False,adsb_icao
ae07f6,2026-08-31 03:32:40.121018,RCH401,97-0044,6471,38000,37.5,25.8,C-17A Globemaster,,,,False,mode_s
ae574d,2026-08-31 03:32:40.121023,UNK C/S,19-46007,0713,22000,28.4,48.4,KC-46A Pegasus,,,,False,mode_s
ae5e11,2026-08-31 03:32:40.121026,UNK C/S,17-46036,0716,28000,27.8,49.1,KC-46A Pegasus,,,,False,mode_s
ae08e3,2026-08-31 03:32:40.121030,MCFAMC,00-0183,0767,Unavailable,47.0,-64.9,C-17A Globemaster,,,,False,mode_s
ae2fb0,2026-08-31 03:32:40.121033,LIFTR71,08-8204,1662,400,32.6,-80.0,C-17A Globemaster,,,,False,mode_s
ae63c7,2026-08-31 03:32:40.121038,FLYER62,21-46091,3275,28000,28.2,49.0,KC-46A Pegasus,,,,False,mode_s
ae63c8,2026-08-31 03:32:40.121043,PETRO71,21-46092,1403,33000,36.8,-116.3,KC-46A Pegasus,,,,False,mode_s
afa175,2026-08-31 03:32:40.121046,FLYER63,19-46111,3276,20500,25.7,59.0,KC-46A Pegasus,,,,False,mode_s
ae0414,2026-08-31 03:33:40.452807,UNK C/S,164387,3340,26000,40.429222,-122.29744,E-6B TACAMO,175,320,0,False,mlat
af9b66,2026-08-31 03:33:40.452826,FIST81,22-46106,4152,9575,38.587257,-121.96817,KC-46A Pegasus,171,287,0,False,mlat
ae63c8,2026-08-31 03:33:40.452834,PETRO71,21-46092,1403,33000,38.192902,-117.235008,KC-46A Pegasus,,,0,False,mlat
c2afc7,2026-08-31 03:33:40.452839,CFC3882,177702,4251,35000,57.12886,-115.17836,C-17A Globemaster,145,434,128,False,adsb_icao
ae1460,2026-08-31 03:33:40.452844,BLINR01,06-6162,1745,37000,35.75909,-102.775131,C-17A Globemaster,,,0,False,mlat
ae63c6,2026-08-31 03:33:40.452848,PETRO61,21-46090,1536,38025,41.295246,-98.126236,KC-46A Pegasus,266,430,-1,False,mlat
ae1198,2026-08-31 03:33:40.452853,RCH162,03-3115,2645,27025,32.515228,-91.908493,C-17A Globemaster,110,465,-1408,False,adsb_icao
ae1177,2026-08-31 03:33:40.452857,VOLT97,02-1105,1112,15650,32.12719,-86.875504,C-17A Globemaster,263,413,1634,False,mlat
ae0475,2026-08-31 03:33:40.452862,UNK C/S,58-0001,2144,20275,29.876934,-83.946632,KC-135R Stratotanker,141,455,-1130,False,mlat
ae1197,2026-08-31 03:33:40.452865,RCH3260,03-3114,4044,36000,40.371635,-83.009949,C-17A Globemaster,258,422,0,False,adsb_icao
ae2fb0,2026-08-31 03:33:40.452869,LIFTR71,08-8204,1662,1825,32.980389,-80.098816,C-17A Globemaster,335,218,1182,False,mlat
af0f64,2026-08-31 03:33:40.452874,UNK C/S,,7156,2875,41.928551,-72.802505,E-6B TACAMO,302,203,736,False,mlat
ae013e,2026-08-31 03:33:40.452881,UNK C/S,63-7981,5376,6125,32.099709,35.000507,KC-135R Stratotanker,306,220,-64,False,mlat
ae07be,2026-08-31 03:33:40.452884,UNK C/S,62-3578,1143,18975,25.220594,55.61414,KC-135R Stratotanker,247,418,0,False,mode_s
87cc0a,2026-08-31 03:33:40.452893,GALOP61,07-3604,5343,1275,36.107758,140.382507,KC-46A Pegasus,18,133,-704,False,adsb_icao
ae07f6,2026-08-31 03:33:40.452903,RCH401,97-0044,6471,38000,37.6,25.7,C-17A Globemaster,,,,False,mode_s
ae574d,2026-08-31 03:33:40.452907,UNK C/S,19-46007,0713,22000,28.4,48.4,KC-46A Pegasus,,,,False,mode_s
ae5e11,2026-08-31 03:33:40.452910,UNK C/S,17-46036,0716,28000,28.0,49.0,KC-46A Pegasus,,,,False,mode_s
ae08e3,2026-08-31 03:33:40.452915,MCFAMC,00-0183,0767,Unavailable,47.0,-64.9,C-17A Globemaster,,,,False,mode_s
ae63c7,2026-08-31 03:33:40.452920,FLYER62,21-46091,3275,28025,26.8,52.4,KC-46A Pegasus,,,,False,mode_s
afa175,2026-08-31 03:33:40.452926,FLYER63,19-46111,3276,20500,25.6,57.7,KC-46A Pegasus,,,,False,mode_s
ae0414,2026-08-31 03:34:40.905131,UNK C/S,164387,3340,26000,40.345413,-122.2817,E-6B TACAMO,172,320,0,False,mlat
af9b66,2026-08-31 03:34:40.905150,FIST81,22-46106,4152,9600,38.509495,-121.957161,KC-46A Pegasus,169,270,36,False,mlat
ae63c8,2026-08-31 03:34:40.905157,PETRO71,21-46092,1403,33000,38.185825,-117.425171,KC-46A Pegasus,269,454,56,False,mlat
c2afc7,2026-08-31 03:34:40.905162,CFC3882,177702,4251,35000,57.026817,-115.04821,C-17A Globemaster,145,431,-128,False,adsb_icao
ae1460,2026-08-31 03:34:40.905167,BLINR01,06-6162,1745,37000,35.725273,-102.63134,C-17A Globemaster,113,490,0,False,mlat
ae63c6,2026-08-31 03:34:40.905172,PETRO61,21-46090,1536,38025,41.285267,-98.293793,KC-46A Pegasus,266,411,0,False,mlat
ae1198,2026-08-31 03:34:40.905178,RCH162,03-3115,2645,25375,32.46907,-91.765434,C-17A Globemaster,110,458,-2048,False,adsb_icao
ae1177,2026-08-31 03:34:40.905182,VOLT97,02-1105,1112,17250,32.094437,-87.009758,C-17A Globemaster,261,465,1728,False,mlat
ae0475,2026-08-31 03:34:40.905186,UNK C/S,58-0001,2144,19250,29.781826,-83.869415,KC-135R Stratotanker,151,422,-845,False,mlat
ae1197,2026-08-31 03:34:40.905190,RCH3260,03-3114,4044,36000,40.34864,-83.162445,C-17A Globemaster,258,429,0,False,adsb_icao
ae2fb0,2026-08-31 03:34:40.905193,LIFTR71,08-8204,1662,3000,33.03986,-80.060379,C-17A Globemaster,44,286,1284,False,mlat
af0f64,2026-08-31 03:34:40.905198,UNK C/S,,7156,2875,41.984989,-72.784302,E-6B TACAMO,41,315,-82,False,mlat
ae013e,2026-08-31 03:34:40.905204,UNK C/S,63-7981,5376,5300,32.135021,34.943516,KC-135R Stratotanker,306,212,-1504,False,mlat
87cc0a,2026-08-31 03:34:40.905212,GALOP61,07-3604,5343,600,36.141899,140.398254,KC-46A Pegasus,17,133,-640,False,adsb_icao
ae07f6,2026-08-31 03:34:40.905222,RCH401,97-0044,6471,38000,37.7,25.5,C-17A Globemaster,,,,False,mode_s
ae574d,2026-08-31 03:34:40.905227,UNK C/S,19-46007,0713,22025,28.4,48.4,KC-46A Pegasus,,,,False,mode_s
ae5e11,2026-08-31 03:34:40.905230,UNK C/S,17-46036,0716,28000,27.5,49.2,KC-46A Pegasus,,,,False,mode_s
ae08e3,2026-08-31 03:34:40.905234,MCFAMC,00-0183,0767,Unavailable,49.6,-63.2,C-17A Globemaster,,,,False,mode_s
ae63c7,2026-08-31 03:34:40.905239,FLYER62,21-46091,3275,28000,26.8,52.0,KC-46A Pegasus,,,,False,mode_s
ae07be,2026-08-31 03:34:40.905243,UNK C/S,62-3578,1143,18975,25.4,54.9,KC-135R Stratotanker,247,418,0,False,mode_s
afa175,2026-08-31 03:34:40.905248,FLYER63,19-46111,3276,20500,25.6,57.4,KC-46A Pegasus,,,,False,mode_s
ae0414,2026-08-31 03:35:41.243350,UNK C/S,164387,3340,26000,40.258389,-122.265594,E-6B TACAMO,169,310,0,False,mlat
af9b66,2026-08-31 03:35:41.243365,FIST81,22-46106,4152,9625,38.44191,-121.944176,KC-46A Pegasus,170,254,35,False,mlat
ae63c8,2026-08-31 03:35:41.243370,PETRO71,21-46092,1403,33000,38.177509,-117.591766,KC-46A Pegasus,267,469,-75,False,mlat
c2afc7,2026-08-31 03:35:41.243375,CFC3882,177702,4251,35000,56.92836,-114.923637,C-17A Globemaster,145,426,-128,False,adsb_icao
ae1460,2026-08-31 03:35:41.243379,BLINR01,06-6162,1745,37000,35.644653,-102.465935,C-17A Globemaster,117,517,0,False,mlat
ae63c6,2026-08-31 03:35:41.243383,PETRO61,21-46090,1536,38025,41.276276,-98.455467,KC-46A Pegasus,266,413,0,False,mlat
ae1198,2026-08-31 03:35:41.243388,RCH162,03-3115,2645,23650,32.42466,-91.627213,C-17A Globemaster,107,436,-1920,False,adsb_icao
ae1177,2026-08-31 03:35:41.243391,VOLT97,02-1105,1112,18900,32.062805,-87.148338,C-17A Globemaster,257,446,1793,False,mlat
ae0475,2026-08-31 03:35:41.243396,UNK C/S,58-0001,2144,19000,29.67577,-83.801826,KC-135R Stratotanker,149,424,0,False,mlat
ae1197,2026-08-31 03:35:41.243399,RCH3260,03-3114,4044,36000,40.325043,-83.3172,C-17A Globemaster,258,428,0,False,adsb_icao
ae2fb0,2026-08-31 03:35:41.243403,LIFTR71,08-8204,1662,5275,33.093609,-80.005898,C-17A Globemaster,41,267,2306,False,mlat
af0f64,2026-08-31 03:35:41.243407,UNK C/S,,7156,2900,42.022652,-72.731415,E-6B TACAMO,64,208,0,False,mlat
ae10bd,2026-08-31 03:35:41.243412,RCH329,01-0194,2214,33000,55.823723,-12.976828,C-17A Globemaster,99,518,0,False,adsb_icao
ae013e,2026-08-31 03:35:41.243416,UNK C/S,63-7981,5376,4125,32.152782,34.879776,KC-135R Stratotanker,274,204,-96,False,mlat
87cc0a,2026-08-31 03:35:41.243424,GALOP61,07-3604,5343,200,36.166573,140.409073,KC-46A Pegasus,19,136,-1088,False,adsb_icao
ae07f6,2026-08-31 03:35:41.243433,RCH401,97-0044,6471,38000,37.5,25.3,C-17A Globemaster,,,,False,mode_s
ae574d,2026-08-31 03:35:41.243437,UNK C/S,19-46007,0713,22000,28.4,48.4,KC-46A Pegasus,,,,False,mode_s
ae5e11,2026-08-31 03:35:41.243441,UNK C/S,17-46036,0716,28025,28.2,48.7,KC-46A Pegasus,,,,False,mode_s
ae08e3,2026-08-31 03:35:41.243445,MCFAMC,00-0183,0767,Unavailable,47.0,-64.9,C-17A Globemaster,,,,False,mode_s
ae035f,2026-08-31 03:35:41.243449,RATS49,58-0085,Unavailable,39000,31.9,-122.4,KC-135R Stratotanker,,,,False,mode_s
ae63c7,2026-08-31 03:35:41.243454,FLYER62,21-46091,3275,28000,26.0,52.6,KC-46A Pegasus,,,,False,mode_s
ae07be,2026-08-31 03:35:41.243459,UNK C/S,62-3578,1143,19000,25.5,54.9,KC-135R Stratotanker,247,416,0,False,mode_s
afde25,2026-08-31 03:35:41.243464,UNK C/S,,7000,Unavailable,37.5,-126.0,E-6B TACAMO,,,,False,mode_s
afa175,2026-08-31 03:35:41.243467,FLYER63,19-46111,3276,20525,25.5,57.7,KC-46A Pegasus,,,,False,mode_s
ae0414,2026-08-31 03:36:41.702133,UNK C/S,164387,3340,26000,40.165222,-122.249138,E-6B TACAMO,173,325,0,False,mlat
af9b66,2026-08-31 03:36:41.702150,FIST81,22-46106,4152,9600,38.367096,-121.92897,KC-46A Pegasus,173,266,0,False,mlat
ae63c8,2026-08-31 03:36:41.702156,PETRO71,21-46092,1403,33000,38.169727,-117.75,KC-46A Pegasus,266,451,0,False,mlat
c2afc7,2026-08-31 03:36:41.702162,CFC3882,177702,4251,35000,56.830765,-114.800949,C-17A Globemaster,145,416,-128,False,adsb_icao
ae1460,2026-08-31 03:36:41.702166,BLINR01,06-6162,1745,37000,35.596134,-102.321831,C-17A Globemaster,106,421,0,False,mlat
ae63c6,2026-08-31 03:36:41.702170,PETRO61,21-46090,1536,38025,41.270241,-98.60144,KC-46A Pegasus,268,392,-9,False,mlat
ae1198,2026-08-31 03:36:41.702176,RCH162,03-3115,2645,21750,32.405182,-91.488319,C-17A Globemaster,98,423,-2240,False,adsb_icao
ae1177,2026-08-31 03:36:41.702179,VOLT97,02-1105,1112,20475,32.035072,-87.291397,C-17A Globemaster,255,432,1333,False,mlat
ae0475,2026-08-31 03:36:41.702184,UNK C/S,58-0001,2144,19000,29.583324,-83.743469,KC-135R Stratotanker,150,409,0,False,mlat
ae1197,2026-08-31 03:36:41.702187,RCH3260,03-3114,4044,36000,40.301762,-83.469002,C-17A Globemaster,258,424,64,False,adsb_icao
ae2fb0,2026-08-31 03:36:41.702190,LIFTR71,08-8204,1662,7325,33.156502,-79.938934,C-17A Globemaster,42,314,1962,False,mlat
af0f64,2026-08-31 03:36:41.702195,UNK C/S,,7156,2900,42.069077,-72.665054,E-6B TACAMO,46,225,0,False,mlat
ae10bd,2026-08-31 03:36:41.702200,RCH329,01-0194,2214,33000,55.799282,-12.724657,C-17A Globemaster,99,518,-64,False,adsb_icao
ae013e,2026-08-31 03:36:41.702204,UNK C/S,63-7981,5376,4125,32.158768,34.814144,KC-135R Stratotanker,275,208,-32,False,mlat
87cc0a,2026-08-31 03:36:41.702214,GALOP61,07-3604,5343,2000,36.200317,140.450882,KC-46A Pegasus,111,170,320,False,adsb_icao
ae07f6,2026-08-31 03:36:41.702224,RCH401,97-0044,6471,38000,37.3,25.1,C-17A Globemaster,,,,False,mode_s
ae574d,2026-08-31 03:36:41.702227,UNK C/S,19-46007,0713,22025,28.4,48.4,KC-46A Pegasus,,,,False,mode_s
ae5e11,2026-08-31 03:36:41.702230,UNK C/S,17-46036,0716,28000,28.4,48.4,KC-46A Pegasus,,,,False,mode_s
ae08e3,2026-08-31 03:36:41.702235,MCFAMC,00-0183,0767,Unavailable,47.0,-64.9,C-17A Globemaster,,,,False,mode_s
ae035f,2026-08-31 03:36:41.702238,RATS49,58-0085,Unavailable,39000,33.3,-123.4,KC-135R Stratotanker,,,,False,mode_s
ae63c7,2026-08-31 03:36:41.702243,FLYER62,21-46091,3275,28000,25.8,52.2,KC-46A Pegasus,,,,False,mode_s
ae07be,2026-08-31 03:36:41.702247,UNK C/S,62-3578,1143,19000,25.4,55.0,KC-135R Stratotanker,247,416,256,False,mode_s
afde25,2026-08-31 03:36:41.702252,UNK C/S,,7000,Unavailable,37.5,-126.0,E-6B TACAMO,,,,False,mode_s
afa175,2026-08-31 03:36:41.702255,FLYER63,19-46111,3276,20500,25.7,57.5,KC-46A Pegasus,,,,False,mode_s
ae0414,2026-08-31 03:37:42.068767,UNK C/S,164387,3340,26000,40.082829,-122.230766,E-6B TACAMO,171,323,-18,False,mlat
af9b66,2026-08-31 03:37:42.068783,FIST81,22-46106,4152,6300,38.299267,-121.913826,KC-46A Pegasus,170,249,-3941,False,mlat
ae63c8,2026-08-31 03:37:42.068788,PETRO71,21-46092,1403,33000,38.164993,-117.903145,KC-46A Pegasus,267,452,0,False,mlat
c2afc7,2026-08-31 03:37:42.068794,CFC3882,177702,4251,35000,56.736877,-114.683701,C-17A Globemaster,145,415,-64,False,adsb_icao
ae1460,2026-08-31 03:37:42.068799,BLINR01,06-6162,1745,37000,35.537254,-102.172668,C-17A Globemaster,114,500,0,False,mlat
ae63c6,2026-08-31 03:37:42.068802,PETRO61,21-46090,1536,38025,41.260025,-98.766563,KC-46A Pegasus,262,483,0,False,mlat
ae1198,2026-08-31 03:37:42.068807,RCH162,03-3115,2645,19800,32.388069,-91.352219,C-17A Globemaster,98,416,-1920,False,adsb_icao
ae1177,2026-08-31 03:37:42.068811,VOLT97,02-1105,1112,21625,32.002213,-87.425392,C-17A Globemaster,251,473,1175,False,mlat
ae0475,2026-08-31 03:37:42.068817,UNK C/S,58-0001,2144,19000,29.480488,-83.674072,KC-135R Stratotanker,151,420,0,False,mlat
ae1197,2026-08-31 03:37:42.068820,RCH3260,03-3114,4044,36000,40.278259,-83.620483,C-17A Globemaster,258,427,0,False,adsb_icao
ae2fb0,2026-08-31 03:37:42.068823,LIFTR71,08-8204,1662,9100,33.213474,-79.878319,C-17A Globemaster,40,282,1766,False,mlat
af0f64,2026-08-31 03:37:42.068827,UNK C/S,,7156,2900,42.111668,-72.60006,E-6B TACAMO,47,217,79,False,mlat
ae10bd,2026-08-31 03:37:42.068832,RCH329,01-0194,2214,33000,55.774422,-12.473946,C-17A Globemaster,100,516,0,False,adsb_icao
ae013e,2026-08-31 03:37:42.068837,UNK C/S,63-7981,5376,3950,32.142826,34.75444,KC-135R Stratotanker,224,186,-1920,False,mlat
87cc0a,2026-08-31 03:37:42.068844,GALOP61,07-3604,5343,2000,36.176769,140.50473,KC-46A Pegasus,119,176,-64,False,adsb_icao
ae07f6,2026-08-31 03:37:42.068854,RCH401,97-0044,6471,38000,37.3,25.2,C-17A Globemaster,,,,False,mode_s
ae574d,2026-08-31 03:37:42.068858,UNK C/S,19-46007,0713,22000,28.4,48.4,KC-46A Pegasus,,,,False,mode_s
ae5e11,2026-08-31 03:37:42.068861,UNK C/S,17-46036,0716,28025,28.4,48.4,KC-46A Pegasus,,,,False,mode_s
ae08e3,2026-08-31 03:37:42.068865,MCFAMC,00-0183,0767,Unavailable,47.0,-64.9,C-17A Globemaster,,,,False,mode_s
ae035f,2026-08-31 03:37:42.068869,RATS49,58-0085,Unavailable,39000,33.3,-123.4,KC-135R Stratotanker,,,,False,mode_s
ae63c7,2026-08-31 03:37:42.068873,FLYER62,21-46091,3275,28000,25.8,53.2,KC-46A Pegasus,,,,False,mode_s
ae07be,2026-08-31 03:37:42.068878,UNK C/S,62-3578,1143,19800,25.1,54.9,KC-135R Stratotanker,284,418,1440,False,mode_s
afa175,2026-08-31 03:37:42.068882,FLYER63,19-46111,3276,20500,25.7,56.6,KC-46A Pegasus,,,,False,mode_s
ae0414,2026-08-31 03:38:42.434808,UNK C/S,164387,3340,26000,40.0191,-122.155045,E-6B TACAMO,117,305,0,False,mlat
af9b66,2026-08-31 03:38:42.434825,FIST81,22-46106,4152,2550,38.252674,-121.867622,KC-46A Pegasus,92,273,-3589,False,mlat
ae63c8,2026-08-31 03:38:42.434831,PETRO71,21-46092,1403,31450,38.160851,-118.048325,KC-46A Pegasus,268,480,-1973,False,mlat
c2afc7,2026-08-31 03:38:42.434838,CFC3882,177702,4251,35000,56.640289,-114.563629,C-17A Globemaster,145,414,-64,False,adsb_icao
ae1460,2026-08-31 03:38:42.434842,BLINR01,06-6162,1745,37000,35.481182,-102.021156,C-17A Globemaster,113,456,0,False,mlat
ae63c6,2026-08-31 03:38:42.434846,PETRO61,21-46090,1536,38025,41.25275,-98.879341,KC-46A Pegasus,267,403,0,False,mlat
ae1198,2026-08-31 03:38:42.434852,RCH162,03-3115,2645,17925,32.371033,-91.217613,C-17A Globemaster,98,410,-1600,False,adsb_icao
ae1177,2026-08-31 03:38:42.434855,VOLT97,02-1105,1112,23000,31.967884,-87.57988,C-17A Globemaster,257,456,1281,False,mlat
ae1197,2026-08-31 03:38:42.434861,RCH3260,03-3114,4044,36000,40.273739,-83.773247,C-17A Globemaster,271,419,-64,False,adsb_icao
ae0475,2026-08-31 03:38:42.434864,UNK C/S,58-0001,2144,19000,29.37686,-83.621033,KC-135R Stratotanker,161,406,0,False,mlat
ae2fb0,2026-08-31 03:38:42.434868,LIFTR71,08-8204,1662,10300,33.291653,-79.823433,C-17A Globemaster,35,332,1435,False,mlat
af0f64,2026-08-31 03:38:42.434873,UNK C/S,,7156,2450,42.103931,-72.533127,E-6B TACAMO,99,203,-582,False,mlat
ae10bd,2026-08-31 03:38:42.434878,RCH329,01-0194,2214,33000,55.748978,-12.22229,C-17A Globemaster,100,515,-32,False,adsb_icao
ae013e,2026-08-31 03:38:42.434883,UNK C/S,63-7981,5376,2625,32.103474,34.728271,KC-135R Stratotanker,164,168,0,False,mlat
87cc0a,2026-08-31 03:38:42.434893,GALOP61,07-3604,5343,2025,36.144974,140.54953,KC-46A Pegasus,173,193,0,False,adsb_icao
ae07f6,2026-08-31 03:38:42.434903,RCH401,97-0044,6471,38000,37.3,25.0,C-17A Globemaster,,,,False,mode_s
ae574d,2026-08-31 03:38:42.434907,UNK C/S,19-46007,0713,22000,28.4,48.4,KC-46A Pegasus,,,,False,mode_s
ae5e11,2026-08-31 03:38:42.434910,UNK C/S,17-46036,0716,28000,28.4,48.4,KC-46A Pegasus,,,,False,mode_s
ae08e3,2026-08-31 03:38:42.434914,MCFAMC,00-0183,0767,34000,48.1,-76.2,C-17A Globemaster,,,,False,mode_s
ae035f,2026-08-31 03:38:42.434918,RATS49,58-0085,Unavailable,39000,33.3,-123.4,KC-135R Stratotanker,,,,False,mode_s
ae63c7,2026-08-31 03:38:42.434923,FLYER62,21-46091,3275,28000,25.9,51.3,KC-46A Pegasus,,,,False,mode_s
ae07be,2026-08-31 03:38:42.434928,UNK C/S,62-3578,1143,21825,25.1,55.0,KC-135R Stratotanker,277,424,2112,False,mode_s
afa175,2026-08-31 03:38:42.434933,FLYER63,19-46111,3276,20500,25.7,56.4,KC-46A Pegasus,,,,False,mode_s
ae0414,2026-08-31 03:39:42.884589,UNK C/S,164387,3340,26000,40.023544,-122.043449,E-6B TACAMO,60,332,0,False,mlat
af9b66,2026-08-31 03:39:42.884607,FIST81,22-46106,4152,1625,38.291306,-121.820457,KC-46A Pegasus,356,178,-388,False,mlat
ae63c8,2026-08-31 03:39:42.884613,PETRO71,21-46092,1403,30375,38.14983,-118.221237,KC-46A Pegasus,265,483,-1065,False,mlat
c2afc7,2026-08-31 03:39:42.884619,CFC3882,177702,4251,35000,56.548492,-114.445091,C-17A Globemaster,136,401,64,False,adsb_icao
ae1460,2026-08-31 03:39:42.884623,BLINR01,06-6162,1745,37000,35.424824,-101.874626,C-17A Globemaster,114,444,0,False,mlat
ae63c6,2026-08-31 03:39:42.884628,PETRO61,21-46090,1536,38025,41.242138,-99.074959,KC-46A Pegasus,254,399,-1,False,mlat
ae1198,2026-08-31 03:39:42.884633,RCH162,03-3115,2645,16500,32.361237,-91.086929,C-17A Globemaster,90,394,-1984,False,adsb_icao
ae1177,2026-08-31 03:39:42.884637,VOLT97,02-1105,1112,24175,31.931799,-87.722221,C-17A Globemaster,254,461,1167,False,mlat
ae1197,2026-08-31 03:39:42.884642,RCH3260,03-3114,4044,36000,40.277161,-83.926025,C-17A Globemaster,271,422,0,False,adsb_icao
ae0475,2026-08-31 03:39:42.884646,UNK C/S,58-0001,2144,19000,29.27429,-83.571426,KC-135R Stratotanker,158,429,0,False,mlat
ae2fb0,2026-08-31 03:39:42.884649,LIFTR71,08-8204,1662,11350,33.361935,-79.733818,C-17A Globemaster,41,362,1184,False,mlat
af0f64,2026-08-31 03:39:42.884670,UNK C/S,,7156,2400,42.058624,-72.538712,E-6B TACAMO,208,155,79,False,mlat
ae10bd,2026-08-31 03:39:42.884676,RCH329,01-0194,2214,33000,55.7234,-11.975098,C-17A Globemaster,100,513,0,False,adsb_icao
ae013e,2026-08-31 03:39:42.884682,UNK C/S,63-7981,5376,2125,32.065044,34.767311,KC-135R Stratotanker,119,184,-1344,False,mlat
87cc0a,2026-08-31 03:39:42.884691,GALOP61,07-3604,5343,2000,36.093018,140.522339,KC-46A Pegasus,205,205,0,False,adsb_icao
ae07f6,2026-08-31 03:39:42.884703,RCH401,97-0044,6471,38000,37.6,25.5,C-17A Globemaster,,,,False,mode_s
ae574d,2026-08-31 03:39:42.884707,UNK C/S,19-46007,0713,22000,28.4,48.4,KC-46A Pegasus,,,,False,mode_s
ae5e11,2026-08-31 03:39:42.884710,UNK C/S,17-46036,0716,28025,28.4,48.4,KC-46A Pegasus,,,,False,mode_s
ae08e3,2026-08-31 03:39:42.884713,MCFAMC,00-0183,0767,34000,47.0,-64.9,C-17A Globemaster,,,,False,mode_s
ae035f,2026-08-31 03:39:42.884718,RATS49,58-0085,Unavailable,39000,31.9,-122.4,KC-135R Stratotanker,,,,False,mode_s
ae63c7,2026-08-31 03:39:42.884723,FLYER62,21-46091,3275,28000,26.6,50.3,KC-46A Pegasus,,,,False,mode_s
ae07be,2026-08-31 03:39:42.884728,UNK C/S,62-3578,1143,23475,25.5,54.8,KC-135R Stratotanker,277,436,1184,False,mode_s
afde25,2026-08-31 03:39:42.884733,UNK C/S,,7000,Unavailable,37.5,-126.0,E-6B TACAMO,,,,False,mode_s
afa175,2026-08-31 03:39:42.884736,FLYER63,19-46111,3276,20500,25.8,57.0,KC-46A Pegasus,,,,False,mode_s
ae0414,2026-08-31 03:40:43.205279,UNK C/S,164387,3340,26000,40.092743,-121.976051,E-6B TACAMO,14,322,0,False,mlat
af9b66,2026-08-31 03:40:43.205295,FIST81,22-46106,4152,900,38.304348,-121.865189,KC-46A Pegasus,241,154,-536,False,mlat
ae63c8,2026-08-31 03:40:43.205301,PETRO71,21-46092,1403,30000,38.142696,-118.400742,KC-46A Pegasus,268,451,0,False,mlat
c2afc7,2026-08-31 03:40:43.205307,CFC3882,177702,4251,35000,56.474121,-114.290108,C-17A Globemaster,130,404,-64,False,adsb_icao
ae1460,2026-08-31 03:40:43.205310,BLINR01,06-6162,1745,37000,35.368629,-101.72644,C-17A Globemaster,115,493,0,False,mlat
ae63c6,2026-08-31 03:40:43.205315,PETRO61,21-46090,1536,38025,41.232212,-99.200104,KC-46A Pegasus,273,379,0,False,mlat
ae1198,2026-08-31 03:40:43.205321,RCH162,03-3115,2645,14875,32.361904,-90.956818,C-17A Globemaster,89,385,-1344,False,adsb_icao
ae1177,2026-08-31 03:40:43.205325,VOLT97,02-1105,1112,25325,31.899755,-87.869217,C-17A Globemaster,255,472,1024,False,mlat
ae1197,2026-08-31 03:40:43.205330,RCH3260,03-3114,4044,36000,40.280548,-84.081848,C-17A Globemaster,271,421,0,False,adsb_icao
ae0475,2026-08-31 03:40:43.205334,UNK C/S,58-0001,2144,18975,29.162842,-83.519913,KC-135R Stratotanker,157,415,0,False,mlat
ae2fb0,2026-08-31 03:40:43.205337,LIFTR71,08-8204,1662,12850,33.439487,-79.652618,C-17A Globemaster,45,395,1657,False,mlat
af0f64,2026-08-31 03:40:43.205342,UNK C/S,,7156,2075,42.022102,-72.566635,E-6B TACAMO,206,154,-627,False,mlat
ae10bd,2026-08-31 03:40:43.205347,RCH329,01-0194,2214,33000,55.696838,-11.723078,C-17A Globemaster,100,513,0,False,adsb_icao
ae013e,2026-08-31 03:40:43.205352,UNK C/S,63-7981,5376,1225,32.038639,34.814983,KC-135R Stratotanker,121,162,-768,False,mlat
87cc0a,2026-08-31 03:40:43.205361,GALOP61,07-3604,5343,2000,36.040604,140.492188,KC-46A Pegasus,204,205,0,False,adsb_icao
ae07f6,2026-08-31 03:40:43.205372,RCH401,97-0044,6471,38000,37.6,25.6,C-17A Globemaster,,,,False,mode_s
ae574d,2026-08-31 03:40:43.205377,UNK C/S,19-46007,0713,22000,28.4,48.4,KC-46A Pegasus,,,,False,mode_s
ae5e11,2026-08-31 03:40:43.205380,UNK C/S,17-46036,5213,28000,28.2,48.7,KC-46A Pegasus,,,,False,mode_s
ae08e3,2026-08-31 03:40:43.205383,MCFAMC,00-0183,0767,34000,48.1,-76.0,C-17A Globemaster,,,,False,mode_s
ae035f,2026-08-31 03:40:43.205387,RATS49,58-0085,Unavailable,39000,33.3,-123.4,KC-135R Stratotanker,,,,False,mode_s
ae63c7,2026-08-31 03:40:43.205392,FLYER62,21-46091,3275,28000,25.6,50.6,KC-46A Pegasus,,,,False,mode_s
ae07be,2026-08-31 03:40:43.205396,UNK C/S,62-3578,1143,23975,25.2,54.8,KC-135R Stratotanker,277,444,0,False,mode_s
afde25,2026-08-31 03:40:43.205401,UNK C/S,,7000,Unavailable,37.5,-126.0,E-6B TACAMO,,,,False,mode_s
afa175,2026-08-31 03:40:43.205404,FLYER63,19-46111,3276,20500,25.7,57.1,KC-46A Pegasus,,,,False,mode_s
ae0414,2026-08-31 03:41:43.608763,UNK C/S,164387,3340,26000,40.173176,-121.984711,E-6B TACAMO,349,287,0,False,mlat
af9b66,2026-08-31 03:41:43.608780,FIST81,22-46106,4152,125,38.280056,-121.899773,KC-46A Pegasus,225,138,-768,False,mlat
ae63c8,2026-08-31 03:41:43.608786,PETRO71,21-46092,1403,30025,38.132477,-118.563194,KC-46A Pegasus,266,477,0,False,mlat
c2afc7,2026-08-31 03:41:43.608792,CFC3882,177702,4251,35000,56.400192,-114.1343,C-17A Globemaster,130,417,-128,False,adsb_icao
ae1460,2026-08-31 03:41:43.608796,BLINR01,06-6162,1745,37000,35.314159,-101.583672,C-17A Globemaster,114,489,0,False,mlat
ae63c6,2026-08-31 03:41:43.608800,PETRO61,21-46090,1536,38025,41.252178,-99.371696,KC-46A Pegasus,280,443,0,False,mlat
ae1198,2026-08-31 03:41:43.608805,RCH162,03-3115,2645,13325,32.363068,-90.832161,C-17A Globemaster,89,379,-1472,False,adsb_icao
ae1177,2026-08-31 03:41:43.608809,VOLT97,02-1105,1112,26750,31.857929,-88.021179,C-17A Globemaster,254,478,1496,False,mlat
ae1197,2026-08-31 03:41:43.608814,RCH3260,03-3114,4044,36000,40.283653,-84.234299,C-17A Globemaster,271,419,0,False,adsb_icao
ae0475,2026-08-31 03:41:43.608818,UNK C/S,58-0001,2144,18325,29.063498,-83.47213,KC-135R Stratotanker,155,348,-460,False,mlat
ae2fb0,2026-08-31 03:41:43.608821,LIFTR71,08-8204,1662,14150,33.522842,-79.568687,C-17A Globemaster,40,390,1388,False,mlat
af0f64,2026-08-31 03:41:43.608826,UNK C/S,,7156,1425,41.998737,-72.605843,E-6B TACAMO,227,125,-603,False,mlat
ae10bd,2026-08-31 03:41:43.608830,RCH329,01-0194,2214,33000,55.670197,-11.475303,C-17A Globemaster,100,512,-64,False,adsb_icao
ae013e,2026-08-31 03:41:43.608835,UNK C/S,63-7981,5376,450,32.019863,34.864674,KC-135R Stratotanker,105,201,-764,False,mlat
87cc0a,2026-08-31 03:41:43.608844,GALOP61,07-3604,5343,1850,35.99707,140.452942,KC-46A Pegasus,258,198,-448,False,adsb_icao
ae07f6,2026-08-31 03:41:43.608855,RCH401,97-0044,6471,38000,37.7,25.4,C-17A Globemaster,,,,False,mode_s
ae574d,2026-08-31 03:41:43.608859,UNK C/S,19-46007,0713,22000,28.4,48.4,KC-46A Pegasus,,,,False,mode_s
ae5e11,2026-08-31 03:41:43.608862,UNK C/S,17-46036,5213,28000,28.4,48.4,KC-46A Pegasus,,,,False,mode_s
ae08e3,2026-08-31 03:41:43.608865,RCH277,00-0183,0767,34000,46.4,-71.3,C-17A Globemaster,,,,False,mode_s
ae035f,2026-08-31 03:41:43.608869,RATS49,58-0085,Unavailable,39000,31.9,-122.4,KC-135R Stratotanker,,,,False,mode_s
ae63c7,2026-08-31 03:41:43.608874,FLYER62,21-46091,3275,28000,25.5,50.5,KC-46A Pegasus,,,,False,mode_s
ae07be,2026-08-31 03:41:43.608878,UNK C/S,62-3578,1143,23975,25.5,54.7,KC-135R Stratotanker,277,434,0,False,mode_s
afde25,2026-08-31 03:41:43.608882,UNK C/S,,7000,Unavailable,37.5,-126.0,E-6B TACAMO,,,,False,mode_s
afa175,2026-08-31 03:41:43.608885,FLYER63,19-46111,3276,20525,25.4,56.8,KC-46A Pegasus,,,,False,mode_s
ae0414,2026-08-31 03:42:43.975967,UNK C/S,164387,3340,26000,40.26318,-121.998695,E-6B TACAMO,351,306,0,False,mlat
ae63c8,2026-08-31 03:42:43.975999,PETRO71,21-46092,1403,30000,38.125324,-118.71946,KC-46A Pegasus,266,475,2,False,mlat
c2afc7,2026-08-31 03:42:43.976008,CFC3882,177702,4251,35000,56.324345,-113.975433,C-17A Globemaster,130,418,-384,False,adsb_icao
ae1460,2026-08-31 03:42:43.976013,BLINR01,06-6162,1745,37000,35.262413,-101.443527,C-17A Globemaster,114,481,0,False,mlat
ae1198,2026-08-31 03:42:43.976021,RCH162,03-3115,2645,11775,32.365398,-90.708229,C-17A Globemaster,88,364,-1216,False,adsb_icao
ae1177,2026-08-31 03:42:43.976025,VOLT97,02-1105,1112,28275,31.827879,-88.17202,C-17A Globemaster,254,473,1499,False,mlat
ae1197,2026-08-31 03:42:43.976030,RCH3260,03-3114,4044,36000,40.286633,-84.386986,C-17A Globemaster,271,418,-64,False,adsb_icao
ae0475,2026-08-31 03:42:43.976034,UNK C/S,58-0001,2144,17425,28.974478,-83.432137,KC-135R Stratotanker,157,330,-1345,False,mlat
ae2fb0,2026-08-31 03:42:43.976038,LIFTR71,08-8204,1662,15625,33.606064,-79.481796,C-17A Globemaster,40,380,1398,False,mlat
af0f64,2026-08-31 03:42:43.976043,UNK C/S,,7156,775,41.976814,-72.638527,E-6B TACAMO,224,126,-592,False,mlat
ae10bd,2026-08-31 03:42:43.976050,RCH329,01-0194,2214,33000,55.643005,-11.228199,C-17A Globemaster,101,510,32,False,adsb_icao
87cc0a,2026-08-31 03:42:43.976064,GALOP61,07-3604,5343,1500,36.004898,140.386963,KC-46A Pegasus,279,186,64,False,adsb_icao
ae07f6,2026-08-31 03:42:43.976077,RCH401,97-0044,6471,38000,37.7,25.5,C-17A Globemaster,,,,False,mode_s
ae574d,2026-08-31 03:42:43.976082,UNK C/S,19-46007,0713,Unavailable,28.4,48.4,KC-46A Pegasus,,,,False,mode_s
ae5e11,2026-08-31 03:42:43.976086,UNK C/S,17-46036,5213,28000,28.4,48.4,KC-46A Pegasus,,,,False,mode_s
ae08e3,2026-08-31 03:42:43.976089,RCH277,00-0183,0767,34000,48.1,-76.0,C-17A Globemaster,,,,False,mode_s
ae035f,2026-08-31 03:42:43.976094,RATS49,58-0085,2000,39000,32.7,-122.1,KC-135R Stratotanker,,,,False,mode_s
ae63c7,2026-08-31 03:42:43.976098,FLYER62,21-46091,3275,28000,25.3,50.1,KC-46A Pegasus,,,,False,mode_s
ae63c6,2026-08-31 03:42:43.976102,PETRO61,21-46090,1536,38025,40.3,-98.6,KC-46A Pegasus,,,,False,mode_s
ae07be,2026-08-31 03:42:43.976107,UNK C/S,62-3578,1143,24725,25.5,54.7,KC-135R Stratotanker,277,436,1696,False,mode_s
afde25,2026-08-31 03:42:43.976112,UNK C/S,,7000,Unavailable,37.6,-125.8,E-6B TACAMO,,,,False,mode_s
afa175,2026-08-31 03:42:43.976116,FLYER63,19-46111,3276,20525,25.5,57.3,KC-46A Pegasus,,,,False,mode_s
ae0414,2026-08-31 03:43:44.372375,UNK C/S,164387,3340,26000,40.344582,-122.014099,E-6B TACAMO,350,313,0,False,mlat
ae63c8,2026-08-31 03:43:44.372394,PETRO71,21-46092,1403,30000,38.102596,-118.891731,KC-46A Pegasus,258,463,-77,False,mlat
c2afc7,2026-08-31 03:43:44.372400,CFC3882,177702,4251,35000,56.248169,-113.817276,C-17A Globemaster,130,405,64,False,adsb_icao
ae1460,2026-08-31 03:43:44.372405,BLINR01,06-6162,1745,37000,35.200645,-101.285706,C-17A Globemaster,116,474,0,False,mlat
ae1198,2026-08-31 03:43:44.372411,RCH162,03-3115,2645,10550,32.368515,-90.59584,C-17A Globemaster,88,320,-1280,False,adsb_icao
ae1177,2026-08-31 03:43:44.372415,VOLT97,02-1105,1112,30000,31.794022,-88.316292,C-17A Globemaster,255,472,1772,False,mlat
ae1197,2026-08-31 03:43:44.372420,RCH3260,03-3114,4044,36000,40.2892,-84.539734,C-17A Globemaster,271,422,0,False,adsb_icao
ae0475,2026-08-31 03:43:44.372424,UNK C/S,58-0001,2144,16150,28.894627,-83.392059,KC-135R Stratotanker,155,315,-1218,False,mlat
ae2fb0,2026-08-31 03:43:44.372427,LIFTR71,08-8204,1662,17000,33.687489,-79.39769,C-17A Globemaster,42,418,1174,False,mlat
af0f64,2026-08-31 03:43:44.372431,UNK C/S,,7156,25,41.95092,-72.671288,E-6B TACAMO,224,145,-749,False,mlat
ae10bd,2026-08-31 03:43:44.372435,RCH329,01-0194,2214,33000,55.615444,-10.981865,C-17A Globemaster,101,508,-32,False,adsb_icao
87cc0a,2026-08-31 03:43:44.372446,GALOP61,07-3604,5343,1475,36.038681,140.359329,KC-46A Pegasus,357,137,-192,False,adsb_icao
ae07f6,2026-08-31 03:43:44.372456,RCH401,97-0044,6471,38000,37.7,25.6,C-17A Globemaster,,,,False,mode_s
ae574d,2026-08-31 03:43:44.372460,UNK C/S,19-46007,0713,22000,28.4,48.4,KC-46A Pegasus,,,,False,mode_s
ae5e11,2026-08-31 03:43:44.372463,UNK C/S,17-46036,5213,28025,28.4,48.4,KC-46A Pegasus,,,,False,mode_s
ae08e3,2026-08-31 03:43:44.372465,RCH277,00-0183,0767,34000,46.6,-67.9,C-17A Globemaster,,,,False,mode_s
ae035f,2026-08-31 03:43:44.372470,RATS49,58-0085,2646,39000,33.3,-123.4,KC-135R Stratotanker,,,,False,mode_s
ae63c7,2026-08-31 03:43:44.372474,FLYER62,21-46091,3275,28025,25.1,49.8,KC-46A Pegasus,,,,False,mode_s
ae63c6,2026-08-31 03:43:44.372478,PETRO61,21-46090,1536,38025,40.4,-99.9,KC-46A Pegasus,,,,False,mode_s
ae07be,2026-08-31 03:43:44.372482,UNK C/S,62-3578,1143,26075,25.5,54.7,KC-135R Stratotanker,277,444,1696,False,mode_s
afde25,2026-08-31 03:43:44.372487,UNK C/S,,7000,Unavailable,38.4,-123.9,E-6B TACAMO,,,,False,mode_s
afa175,2026-08-31 03:43:44.372490,FLYER63,19-46111,3276,20500,25.7,58.1,KC-46A Pegasus,,,,False,mode_s
ae0414,2026-08-31 03:44:44.719959,UNK C/S,164387,3340,26000,40.432335,-122.028221,E-6B TACAMO,352,326,0,False,mlat
ae63c8,2026-08-31 03:44:44.719977,PETRO71,21-46092,1403,30000,38.081509,-119.039772,KC-46A Pegasus,258,465,0,False,mlat
c2afc7,2026-08-31 03:44:44.719984,CFC3882,177702,4251,35000,56.176075,-113.668839,C-17A Globemaster,131,399,128,False,adsb_icao
ae1460,2026-08-31 03:44:44.719988,BLINR01,06-6162,1745,37000,35.14679,-101.145691,C-17A Globemaster,115,473,0,False,mlat
ae1198,2026-08-31 03:44:44.719994,RCH162,03-3115,2645,9250,32.370518,-90.495895,C-17A Globemaster,88,290,-1728,False,adsb_icao
ae1177,2026-08-31 03:44:44.719998,VOLT97,02-1105,1112,31800,31.763741,-88.451706,C-17A Globemaster,254,451,1748,False,mlat
ae1197,2026-08-31 03:44:44.720003,RCH3260,03-3114,4044,36000,40.291672,-84.691711,C-17A Globemaster,271,420,0,False,adsb_icao
ae0475,2026-08-31 03:44:44.720006,UNK C/S,58-0001,2144,14650,28.814301,-83.352783,KC-135R Stratotanker,157,303,-1495,False,mlat
ae2fb0,2026-08-31 03:44:44.720009,LIFTR71,08-8204,1662,18075,33.776363,-79.305817,C-17A Globemaster,40,437,1235,False,mlat
af0f64,2026-08-31 03:44:44.720013,UNK C/S,,7156,1325,41.91843,-72.70816,E-6B TACAMO,211,141,1762,False,mlat
ae10bd,2026-08-31 03:44:44.720018,RCH329,01-0194,2214,33000,55.587662,-10.739136,C-17A Globemaster,101,507,32,False,adsb_icao
87cc0a,2026-08-31 03:44:44.720029,GALOP61,07-3604,5343,1500,36.075165,140.368484,KC-46A Pegasus,18,129,-256,False,adsb_icao
ae07f6,2026-08-31 03:44:44.720039,RCH401,97-0044,6471,38000,37.4,24.9,C-17A Globemaster,,,,False,mode_s
ae574d,2026-08-31 03:44:44.720043,UNK C/S,19-46007,0713,22000,28.4,48.4,KC-46A Pegasus,,,,False,mode_s
ae5e11,2026-08-31 03:44:44.720047,UNK C/S,17-46036,5213,28000,28.4,48.4,KC-46A Pegasus,,,,False,mode_s
ae08e3,2026-08-31 03:44:44.720050,RCH277,00-0183,0767,34000,46.2,-71.4,C-17A Globemaster,,,,False,mode_s
ae035f,2026-08-31 03:44:44.720054,RATS49,58-0085,2646,39000,35.8,-119.9,KC-135R Stratotanker,,,,False,mode_s
ae63c7,2026-08-31 03:44:44.720059,FLYER62,21-46091,3275,28000,25.2,50.0,KC-46A Pegasus,,,,False,mode_s
ae63c6,2026-08-31 03:44:44.720062,PETRO61,21-46090,1536,38025,40.1,-100.4,KC-46A Pegasus,,,,False,mode_s
ae07be,2026-08-31 03:44:44.720066,UNK C/S,62-3578,1143,27125,25.6,54.8,KC-135R Stratotanker,277,456,704,False,mode_s
afde25,2026-08-31 03:44:44.720071,UNK C/S,,7000,Unavailable,38.4,-123.8,E-6B TACAMO,,,,False,mode_s
afa175,2026-08-31 03:44:44.720074,FLYER63,19-46111,3276,20500,25.7,57.1,KC-46A Pegasus,,,,False,mode_s
ae0414,2026-08-31 03:45:45.149025,UNK C/S,164387,3340,26000,40.509525,-122.066368,E-6B TACAMO,322,307,0,False,mlat
ae63c8,2026-08-31 03:45:45.149041,PETRO71,21-46092,1403,30000,38.056877,-119.2108,KC-46A Pegasus,260,481,0,False,mlat
c2afc7,2026-08-31 03:45:45.149048,CFC3882,177702,4251,35000,56.102337,-113.517776,C-17A Globemaster,131,398,384,False,adsb_icao
ae1460,2026-08-31 03:45:45.149052,BLINR01,06-6162,1745,37000,35.091908,-101.00264,C-17A Globemaster,115,445,0,False,mlat
ae1198,2026-08-31 03:45:45.149059,RCH162,03-3115,2645,7500,32.373543,-90.402122,C-17A Globemaster,84,281,-2304,False,adsb_icao
ae1177,2026-08-31 03:45:45.149062,VOLT97,02-1105,1112,32025,31.72364,-88.596214,C-17A Globemaster,251,458,0,False,mlat
ae1197,2026-08-31 03:45:45.149067,RCH3260,03-3114,4044,36000,40.293961,-84.845398,C-17A Globemaster,271,419,0,False,adsb_icao
ae0475,2026-08-31 03:45:45.149070,UNK C/S,58-0001,2144,13325,28.735569,-83.319923,KC-135R Stratotanker,158,292,-1203,False,mlat
ae2fb0,2026-08-31 03:45:45.149073,LIFTR71,08-8204,1662,19250,33.861687,-79.218544,C-17A Globemaster,42,427,1364,False,mlat
af0f64,2026-08-31 03:45:45.149077,UNK C/S,,7156,2750,41.869259,-72.721977,E-6B TACAMO,169,234,1464,False,mlat
ae10bd,2026-08-31 03:45:45.149082,RCH329,01-0194,2214,33000,55.559353,-10.495548,C-17A Globemaster,101,503,32,False,adsb_icao
87cc0a,2026-08-31 03:45:45.149093,GALOP61,07-3604,5343,1200,36.110825,140.383698,KC-46A Pegasus,19,131,-960,False,adsb_icao
ae07f6,2026-08-31 03:45:45.149103,RCH401,97-0044,6471,38000,37.5,25.4,C-17A Globemaster,,,,False,mode_s
ae574d,2026-08-31 03:45:45.149107,UNK C/S,19-46007,0713,22000,28.4,48.4,KC-46A Pegasus,,,,False,mode_s
ae5e11,2026-08-31 03:45:45.149110,UNK C/S,17-46036,5213,28025,28.4,48.4,KC-46A Pegasus,,,,False,mode_s
ae08e3,2026-08-31 03:45:45.149113,RCH277,00-0183,0767,34000,46.2,-71.4,C-17A Globemaster,,,,False,mode_s
ae035f,2026-08-31 03:45:45.149117,RATS49,58-0085,2646,39000,33.3,-123.4,KC-135R Stratotanker,,,,False,mode_s
ae63c7,2026-08-31 03:45:45.149121,FLYER62,21-46091,3275,28025,25.4,50.2,KC-46A Pegasus,,,,False,mode_s
ae63c6,2026-08-31 03:45:45.149125,PETRO61,21-46090,1536,38025,39.4,-100.5,KC-46A Pegasus,,,,False,mode_s
ae07be,2026-08-31 03:45:45.149129,UNK C/S,62-3578,1143,27950,25.3,54.7,KC-135R Stratotanker,277,466,448,False,mode_s
afa175,2026-08-31 03:45:45.149133,FLYER63,19-46111,3276,20500,25.4,56.8,KC-46A Pegasus,,,,False,mode_s
ae0414,2026-08-31 03:46:45.516250,UNK C/S,164387,3340,26000,40.543564,-122.159698,E-6B TACAMO,271,319,0,False,mlat
ae63c8,2026-08-31 03:46:45.516266,PETRO71,21-46092,1403,30000,38.031708,-119.381271,KC-46A Pegasus,259,459,-4,False,mlat
c2afc7,2026-08-31 03:46:45.516272,CFC3882,177702,4251,35000,56.02911,-113.368607,C-17A Globemaster,131,402,64,False,adsb_icao
ae1460,2026-08-31 03:46:45.516276,BLINR01,06-6162,1745,37000,35.0368,-100.860382,C-17A Globemaster,114,450,0,False,mlat
ae1198,2026-08-31 03:46:45.516282,RCH162,03-3115,2645,5475,32.383118,-90.310585,C-17A Globemaster,82,273,-2048,False,adsb_icao
ae1177,2026-08-31 03:46:45.516286,VOLT97,02-1105,1112,32000,31.691372,-88.735275,C-17A Globemaster,255,439,0,False,mlat
ae1197,2026-08-31 03:46:45.516290,RCH3260,03-3114,4044,36000,40.296036,-84.998657,C-17A Globemaster,270,418,0,False,adsb_icao
ae0475,2026-08-31 03:46:45.516294,UNK C/S,58-0001,2144,11825,28.657106,-83.283386,KC-135R Stratotanker,159,296,-1460,False,mlat
ae2fb0,2026-08-31 03:46:45.516297,LIFTR71,08-8204,1662,20175,33.954182,-79.122673,C-17A Globemaster,39,408,854,False,mlat
af0f64,2026-08-31 03:46:45.516301,UNK C/S,,7156,2875,41.825878,-72.652321,E-6B TACAMO,115,222,-81,False,mlat
ae10bd,2026-08-31 03:46:45.516305,RCH329,01-0194,2214,33000,55.566284,-10.255488,C-17A Globemaster,83,483,96,False,adsb_icao
87cc0a,2026-08-31 03:46:45.516316,GALOP61,07-3604,5343,600,36.144241,140.398239,KC-46A Pegasus,18,135,-640,False,adsb_icao
ae07f6,2026-08-31 03:46:45.516326,RCH401,97-0044,6471,38000,37.7,24.9,C-17A Globemaster,,,,False,mode_s
ae574d,2026-08-31 03:46:45.516330,UNK C/S,19-46007,0713,22000,28.4,48.4,KC-46A Pegasus,,,,False,mode_s
ae5e11,2026-08-31 03:46:45.516334,UNK C/S,17-46036,5213,28000,28.4,48.4,KC-46A Pegasus,,,,False,mode_s
ae08e3,2026-08-31 03:46:45.516337,RCH277,00-0183,0767,34000,46.2,-71.4,C-17A Globemaster,,,,False,mode_s
ae035f,2026-08-31 03:46:45.516342,RATS49,58-0085,2646,39000,33.1,-118.8,KC-135R Stratotanker,,,,False,mode_s
ae63c7,2026-08-31 03:46:45.516347,FLYER62,21-46091,3275,28000,25.5,50.5,KC-46A Pegasus,,,,False,mode_s
ae63c6,2026-08-31 03:46:45.516350,PETRO61,21-46090,1536,38025,39.9,-99.6,KC-46A Pegasus,,,,False,mode_s
ae07be,2026-08-31 03:46:45.516353,UNK C/S,62-3578,1143,28000,25.6,54.6,KC-135R Stratotanker,277,470,-32,False,mode_s
afde25,2026-08-31 03:46:45.516358,UNK C/S,,7000,Unavailable,38.5,-123.6,E-6B TACAMO,,,,False,mode_s
afa175,2026-08-31 03:46:45.516361,FLYER63,19-46111,3276,20525,25.7,57.4,KC-46A Pegasus,,,,False,mode_s
ae0414,2026-08-31 03:47:45.954858,UNK C/S,164387,3340,26000,40.510513,-122.265984,E-6B TACAMO,224,330,0,False,mlat
ae63c8,2026-08-31 03:47:45.954875,PETRO71,21-46092,1403,30000,38.006962,-119.54557,KC-46A Pegasus,259,480,-13,False,mlat
c2afc7,2026-08-31 03:47:45.954881,CFC3882,177702,4251,35000,55.955139,-113.219002,C-17A Globemaster,131,402,-64,False,adsb_icao
ae1460,2026-08-31 03:47:45.954886,BLINR01,06-6162,1745,37000,34.976711,-100.710632,C-17A Globemaster,117,470,0,False,mlat
ae63c6,2026-08-31 03:47:45.954890,PETRO61,21-46090,1536,38025,41.311676,-100.190727,KC-46A Pegasus,,,0,False,mode_s
ae1198,2026-08-31 03:47:45.954897,RCH162,03-3115,2645,3375,32.392677,-90.221855,C-17A Globemaster,83,259,-1984,False,adsb_icao
ae1177,2026-08-31 03:47:45.954901,VOLT97,02-1105,1112,32000,31.654507,-88.881104,C-17A Globemaster,253,452,0,False,mlat
ae1197,2026-08-31 03:47:45.954905,RCH3260,03-3114,4044,36000,40.297993,-85.151657,C-17A Globemaster,270,419,0,False,adsb_icao
ae0475,2026-08-31 03:47:45.954910,UNK C/S,58-0001,2144,10575,28.578676,-83.246986,KC-135R Stratotanker,160,280,-1438,False,mlat
ae2fb0,2026-08-31 03:47:45.954913,RCH163,08-8204,1662,21250,34.043617,-79.029114,C-17A Globemaster,45,490,1085,False,mlat
af0f64,2026-08-31 03:47:45.954917,UNK C/S,,7156,2875,41.860367,-72.586464,E-6B TACAMO,37,241,-4,False,mlat
ae10bd,2026-08-31 03:47:45.954922,RCH329,01-0194,2214,33000,55.581882,-10.021162,C-17A Globemaster,83,481,32,False,adsb_icao
ae07f6,2026-08-31 03:47:45.954926,RCH401,97-0044,6471,38000,38.217041,25.543859,C-17A Globemaster,,,0,False,mlat
87cc0a,2026-08-31 03:47:45.954935,GALOP61,07-3604,5343,175,36.166809,140.409164,KC-46A Pegasus,19,127,-704,False,adsb_icao
ae574d,2026-08-31 03:47:45.954946,UNK C/S,19-46007,0713,22000,28.4,48.4,KC-46A Pegasus,,,,False,mode_s
ae5e11,2026-08-31 03:47:45.954949,UNK C/S,17-46036,5213,28000,28.4,48.4,KC-46A Pegasus,,,,False,mode_s
ae08e3,2026-08-31 03:47:45.954952,RCH277,00-0183,0767,34000,46.1,-69.8,C-17A Globemaster,,,,False,mode_s
ae035f,2026-08-31 03:47:45.954956,RATS49,58-0085,2646,39000,33.3,-123.4,KC-135R Stratotanker,,,,False,mode_s
ae63c7,2026-08-31 03:47:45.954961,FLYER62,21-46091,3275,28025,25.7,50.7,KC-46A Pegasus,,,,False,mode_s
ae07be,2026-08-31 03:47:45.954966,UNK C/S,62-3578,1143,28000,25.6,54.6,KC-135R Stratotanker,291,466,96,False,mode_s
afde25,2026-08-31 03:47:45.954971,UNK C/S,,7000,Unavailable,38.5,-123.5,E-6B TACAMO,,,,False,mode_s
afa175,2026-08-31 03:47:45.954974,FLYER63,19-46111,3276,20500,25.7,55.9,KC-46A Pegasus,,,,False,mode_s
ae0414,2026-08-31 03:48:46.315793,UNK C/S,164387,3340,26025,40.428005,-122.296608,E-6B TACAMO,171,318,0,False,mlat
ae63c8,2026-08-31 03:48:46.315809,PETRO71,21-46092,1403,30000,37.978916,-119.721848,KC-46A Pegasus,256,480,0,False,mlat
c2afc7,2026-08-31 03:48:46.315816,CFC3882,177702,4251,34825,55.880936,-113.06974,C-17A Globemaster,131,398,-832,False,adsb_icao
ae1460,2026-08-31 03:48:46.315822,BLINR01,06-6162,1745,37000,34.922714,-100.569695,C-17A Globemaster,118,476,0,False,mlat
ae63c6,2026-08-31 03:48:46.315825,PETRO61,21-46090,1536,38025,41.330051,-100.49614,KC-46A Pegasus,275,438,-2,False,mlat
ae1198,2026-08-31 03:48:46.315832,RCH162,03-3115,2645,2525,32.394817,-90.149773,C-17A Globemaster,93,186,-832,False,adsb_icao
ae1177,2026-08-31 03:48:46.315836,VOLT97,02-1105,1112,32000,31.616924,-89.021355,C-17A Globemaster,251,460,0,False,mlat
ae1197,2026-08-31 03:48:46.315841,RCH3260,03-3114,4044,36000,40.299622,-85.304657,C-17A Globemaster,270,419,-128,False,adsb_icao
ae0475,2026-08-31 03:48:46.315846,UNK C/S,58-0001,2144,9475,28.504768,-83.211426,KC-135R Stratotanker,155,280,-929,False,mlat
ae2fb0,2026-08-31 03:48:46.315849,RCH163,08-8204,1662,22000,34.135269,-78.933044,C-17A Globemaster,41,443,859,False,mlat
af0f64,2026-08-31 03:48:46.315853,UNK C/S,,7156,2900,41.910633,-72.532906,E-6B TACAMO,26,220,0,False,mlat
ae08e3,2026-08-31 03:48:46.315857,RCH277,00-0183,0767,34000,48.202293,-68.91201,C-17A Globemaster,,,0,False,mlat
ae10bd,2026-08-31 03:48:46.315861,RCH329,01-0194,2214,33000,55.597569,-9.786329,C-17A Globemaster,83,480,32,False,adsb_icao
ae07f6,2026-08-31 03:48:46.315865,RCH401,97-0044,6471,38000,38.352997,25.472134,C-17A Globemaster,,,0,False,mlat
87cc0a,2026-08-31 03:48:46.315875,GALOP61,07-3604,5343,1900,36.196365,140.451385,KC-46A Pegasus,127,177,576,False,adsb_icao
ae574d,2026-08-31 03:48:46.315886,UNK C/S,19-46007,0713,22000,28.4,48.4,KC-46A Pegasus,,,,False,mode_s
ae5e11,2026-08-31 03:48:46.315889,UNK C/S,17-46036,5213,28000,28.4,48.4,KC-46A Pegasus,,,,False,mode_s
ae035f,2026-08-31 03:48:46.315894,RATS49,58-0085,2646,39000,34.6,-121.9,KC-135R Stratotanker,,,,False,mode_s
ae63c7,2026-08-31 03:48:46.315899,FLYER62,21-46091,3275,28025,25.2,49.9,KC-46A Pegasus,,,,False,mode_s
ae07be,2026-08-31 03:48:46.315903,UNK C/S,62-3578,1143,28000,25.8,54.8,KC-135R Stratotanker,317,460,32,False,mode_s
afa175,2026-08-31 03:48:46.315907,FLYER63,19-46111,3276,20500,25.7,57.1,KC-46A Pegasus,,,,False,mode_s
ae0414,2026-08-31 03:49:46.677205,UNK C/S,164387,3340,26000,40.344955,-122.281464,E-6B TACAMO,173,293,0,False,mlat
ae63c8,2026-08-31 03:49:46.677223,PETRO71,21-46092,1403,29225,37.956169,-119.872635,KC-46A Pegasus,261,492,-1109,False,mlat
c2afc7,2026-08-31 03:49:46.677229,CFC3882,177702,4251,33850,55.806244,-112.920563,C-17A Globemaster,131,410,-1088,False,adsb_icao
ae63c6,2026-08-31 03:49:46.677234,PETRO61,21-46090,1536,38025,41.34127,-100.650734,KC-46A Pegasus,277,415,-6,False,mlat
ae1460,2026-08-31 03:49:46.677237,BLINR01,06-6162,1745,37000,34.868233,-100.433243,C-17A Globemaster,116,449,0,False,mlat
ae1198,2026-08-31 03:49:46.677243,RCH162,03-3115,2645,1475,32.376896,-90.105659,C-17A Globemaster,135,124,-832,False,adsb_icao
ae1177,2026-08-31 03:49:46.677246,VOLT97,02-1105,1112,32000,31.583267,-89.160591,C-17A Globemaster,256,446,0,False,mlat
ae1197,2026-08-31 03:49:46.677250,RCH3260,03-3114,4044,36000,40.301064,-85.455902,C-17A Globemaster,270,418,0,False,adsb_icao
ae0475,2026-08-31 03:49:46.677254,UNK C/S,58-0001,2144,8900,28.430311,-83.17498,KC-135R Stratotanker,159,264,-11,False,mlat
ae2fb0,2026-08-31 03:49:46.677258,RCH163,08-8204,1662,22675,34.232162,-78.839958,C-17A Globemaster,34,435,571,False,mlat
af0f64,2026-08-31 03:49:46.677261,UNK C/S,,7156,2900,41.959221,-72.480301,E-6B TACAMO,37,225,0,False,mlat
ae08e3,2026-08-31 03:49:46.677264,RCH277,00-0183,0767,34000,48.079266,-69.101479,C-17A Globemaster,,,0,False,mlat
ae10bd,2026-08-31 03:49:46.677268,RCH329,01-0194,2214,33000,55.613159,-9.551946,C-17A Globemaster,83,481,64,False,adsb_icao
ae07f6,2026-08-31 03:49:46.677272,RCH401,97-0044,6471,38000,38.482086,25.403719,C-17A Globemaster,,,0,False,mlat
87cc0a,2026-08-31 03:49:46.677280,GALOP61,07-3604,5343,1975,36.148232,140.477737,KC-46A Pegasus,159,191,64,False,adsb_icao
ae574d,2026-08-31 03:49:46.677288,UNK C/S,19-46007,0713,22000,28.4,48.4,KC-46A Pegasus,,,,False,mode_s
ae5e11,2026-08-31 03:49:46.677291,UNK C/S,17-46036,5213,28000,28.4,48.4,KC-46A Pegasus,,,,False,mode_s
ae035f,2026-08-31 03:49:46.677296,RATS49,58-0085,2646,39000,33.3,-120.8,KC-135R Stratotanker,,,,False,mode_s
ae63c7,2026-08-31 03:49:46.677300,FLYER62,21-46091,3275,28000,28.0,49.0,KC-46A Pegasus,,,,False,mode_s
ae07be,2026-08-31 03:49:46.677305,UNK C/S,62-3578,1143,28000,25.7,54.8,KC-135R Stratotanker,300,462,96,False,mode_s
afde25,2026-08-31 03:49:46.677309,UNK C/S,,7000,Unavailable,38.5,-123.6,E-6B TACAMO,,,,False,mode_s
afa175,2026-08-31 03:49:46.677312,FLYER63,19-46111,3276,20525,25.5,57.1,KC-46A Pegasus,,,,False,mode_s
ae0414,2026-08-31 03:50:47.073364,UNK C/S,164387,3340,26000,40.25502,-122.264801,E-6B TACAMO,170,324,0,False,mlat
ae63c8,2026-08-31 03:50:47.073380,PETRO71,21-46092,1403,26375,37.929901,-120.044914,KC-46A Pegasus,256,454,-3561,False,mlat
c2afc7,2026-08-31 03:50:47.073386,CFC3882,177702,4251,32725,55.729313,-112.767792,C-17A Globemaster,131,417,-1216,False,adsb_icao
ae63c6,2026-08-31 03:50:47.073391,PETRO61,21-46090,1536,38000,41.349419,-100.788528,KC-46A Pegasus,275,503,-74,False,mlat
ae1460,2026-08-31 03:50:47.073394,BLINR01,06-6162,1745,37000,34.810146,-100.285393,C-17A Globemaster,116,463,0,False,mlat
ae1198,2026-08-31 03:50:47.073400,RCH162,03-3115,2645,825,32.347382,-90.087051,C-17A Globemaster,158,117,-768,False,adsb_icao
ae1177,2026-08-31 03:50:47.073404,VOLT97,02-1105,1112,31975,31.54715,-89.305885,C-17A Globemaster,256,462,4,False,mlat
ae1197,2026-08-31 03:50:47.073408,RCH3260,03-3114,4044,36000,40.302414,-85.608276,C-17A Globemaster,270,419,0,False,adsb_icao
ae0475,2026-08-31 03:50:47.073412,UNK C/S,58-0001,2144,8900,28.359324,-83.145203,KC-135R Stratotanker,157,275,0,False,mlat
ae2fb0,2026-08-31 03:50:47.073415,RCH163,08-8204,1662,23425,34.335564,-78.754868,C-17A Globemaster,35,463,814,False,mlat
af0f64,2026-08-31 03:50:47.073419,UNK C/S,,7156,2875,42.009514,-72.428101,E-6B TACAMO,36,259,0,False,mlat
ae08e3,2026-08-31 03:50:47.073423,RCH277,00-0183,0767,34000,47.987366,-69.240341,C-17A Globemaster,,,0,False,mlat
ae10b8,2026-08-31 03:50:47.073427,ELVIS63,01-0189,7644,35000,55.965427,-13.391819,C-17A Globemaster,92,501,,False,adsb_icao
ae10bd,2026-08-31 03:50:47.073430,RCH329,01-0194,2214,33000,55.628082,-9.317571,C-17A Globemaster,83,479,-32,False,adsb_icao
ae07f6,2026-08-31 03:50:47.073434,RCH401,97-0044,6471,38000,38.583668,25.349997,C-17A Globemaster,,,0,False,mlat
87cc0a,2026-08-31 03:50:47.073444,GALOP61,07-3604,5343,2000,36.097488,140.501114,KC-46A Pegasus,159,193,-64,False,adsb_icao
ae574d,2026-08-31 03:50:47.073454,UNK C/S,19-46007,0713,22025,28.4,48.4,KC-46A Pegasus,,,,False,mode_s
ae5e11,2026-08-31 03:50:47.073457,UNK C/S,17-46036,5213,28000,27.9,47.5,KC-46A Pegasus,,,,False,mode_s
ae035f,2026-08-31 03:50:47.073462,RATS49,58-0085,2646,39000,35.5,-119.9,KC-135R Stratotanker,,,,False,mode_s
ae63c7,2026-08-31 03:50:47.073467,FLYER62,21-46091,3275,28000,28.0,49.0,KC-46A Pegasus,,,,False,mode_s
ae07be,2026-08-31 03:50:47.073471,UNK C/S,62-3578,1143,28000,25.7,54.8,KC-135R Stratotanker,300,464,0,False,mode_s
afde25,2026-08-31 03:50:47.073475,UNK C/S,,7000,Unavailable,38.5,-123.6,E-6B TACAMO,,,,False,mode_s
afa175,2026-08-31 03:50:47.073479,FLYER63,19-46111,3276,20500,25.6,56.7,KC-46A Pegasus,,,,False,mode_s
ae0414,2026-08-31 03:51:47.564379,UNK C/S,164387,3340,26000,40.165878,-122.247902,E-6B TACAMO,172,316,0,False,mlat
ae63c8,2026-08-31 03:51:47.564395,PETRO71,21-46092,1403,23800,37.904404,-120.209648,KC-46A Pegasus,261,480,-2080,False,mlat
c2afc7,2026-08-31 03:51:47.564401,CFC3882,177702,4251,31550,55.651337,-112.614021,C-17A Globemaster,132,420,-1216,False,adsb_icao
ae63c6,2026-08-31 03:51:47.564406,PETRO61,21-46090,1536,38025,41.359245,-100.951004,KC-46A Pegasus,274,408,0,False,mlat
ae1460,2026-08-31 03:51:47.564410,BLINR01,06-6162,1745,37000,34.752537,-100.136734,C-17A Globemaster,116,472,0,False,mlat
ae1177,2026-08-31 03:51:47.564415,VOLT97,02-1105,1112,32000,31.514515,-89.443542,C-17A Globemaster,249,431,0,False,mlat
ae1197,2026-08-31 03:51:47.564420,RCH3260,03-3114,4044,36000,40.303528,-85.761597,C-17A Globemaster,270,419,0,False,adsb_icao
ae0475,2026-08-31 03:51:47.564424,UNK C/S,58-0001,2144,8875,28.287575,-83.108521,KC-135R Stratotanker,149,295,0,False,mlat
ae2fb0,2026-08-31 03:51:47.564427,RCH163,08-8204,1662,24100,34.435478,-78.670349,C-17A Globemaster,35,436,482,False,mlat
af0f64,2026-08-31 03:51:47.564431,UNK C/S,,7156,2875,42.052578,-72.439484,E-6B TACAMO,315,215,-81,False,mlat
ae10b8,2026-08-31 03:51:47.564435,ELVIS63,01-0189,7644,35000,55.958118,-13.143854,C-17A Globemaster,93,502,0,False,adsb_icao
ae10bd,2026-08-31 03:51:47.564438,RCH329,01-0194,2214,33000,55.642731,-9.082697,C-17A Globemaster,83,478,0,False,adsb_icao
ae07f6,2026-08-31 03:51:47.564443,RCH401,97-0044,6471,38000,38.688374,25.29265,C-17A Globemaster,337,412,0,False,mlat
87cc0a,2026-08-31 03:51:47.564452,GALOP61,07-3604,5343,2000,36.044746,140.483292,KC-46A Pegasus,205,205,64,False,adsb_icao
ae574d,2026-08-31 03:51:47.564463,UNK C/S,19-46007,0713,22000,28.4,48.4,KC-46A Pegasus,,,,False,mode_s
ae5e11,2026-08-31 03:51:47.564466,UNK C/S,17-46036,5213,28000,28.4,48.4,KC-46A Pegasus,,,,False,mode_s
ae08e3,2026-08-31 03:51:47.564469,RCH277,00-0183,0767,34000,46.6,-71.8,C-17A Globemaster,,,,False,mode_s
ae035f,2026-08-31 03:51:47.564473,RATS49,58-0085,2646,39000,33.1,-118.8,KC-135R Stratotanker,,,,False,mode_s
ae63c7,2026-08-31 03:51:47.564478,FLYER62,21-46091,3275,28000,25.2,49.9,KC-46A Pegasus,,,,False,mode_s
ae07be,2026-08-31 03:51:47.564482,UNK C/S,62-3578,1143,28000,25.9,53.5,KC-135R Stratotanker,300,464,32,False,mode_s
afde25,2026-08-31 03:51:47.564486,UNK C/S,,7000,Unavailable,38.5,-123.6,E-6B TACAMO,,,,False,mode_s
afa175,2026-08-31 03:51:47.564490,FLYER63,19-46111,3276,20500,25.6,58.7,KC-46A Pegasus,,,,False,mode_s
ae0414,2026-08-31 03:52:47.924209,UNK C/S,164387,3340,26000,40.077503,-122.229057,E-6B TACAMO,167,318,0,False,mlat
ae63c8,2026-08-31 03:52:47.924226,PETRO71,21-46092,1403,22400,37.885254,-120.356453,KC-46A Pegasus,260,407,-1264,False,mlat
c2afc7,2026-08-31 03:52:47.924232,CFC3882,177702,4251,30350,55.57206,-112.458717,C-17A Globemaster,132,427,-1344,False,adsb_icao
ae63c6,2026-08-31 03:52:47.924236,PETRO61,21-46090,1536,38025,41.367802,-101.106842,KC-46A Pegasus,275,431,15,False,mlat
ae1460,2026-08-31 03:52:47.924239,BLINR01,06-6162,1745,37000,34.698429,-100.004974,C-17A Globemaster,117,474,0,False,mlat
ae1177,2026-08-31 03:52:47.924245,VOLT97,02-1105,1112,32000,31.48538,-89.582077,C-17A Globemaster,259,440,0,False,mlat
ae1197,2026-08-31 03:52:47.924249,RCH3260,03-3114,4044,36000,40.304306,-85.915894,C-17A Globemaster,270,419,64,False,adsb_icao
ae0475,2026-08-31 03:52:47.924254,UNK C/S,58-0001,2144,7675,28.224554,-83.063477,KC-135R Stratotanker,143,280,-1292,False,mlat
ae2fb0,2026-08-31 03:52:47.924258,RCH163,08-8204,1662,25400,34.537903,-78.573898,C-17A Globemaster,39,440,1049,False,mlat
af0f64,2026-08-31 03:52:47.924261,UNK C/S,,7156,2725,42.085728,-72.481621,E-6B TACAMO,277,142,-410,False,mlat
ae08e3,2026-08-31 03:52:47.924264,RCH277,00-0183,0767,34000,47.795113,-69.530891,C-17A Globemaster,225,469,0,False,mlat
ae10b8,2026-08-31 03:52:47.924269,ELVIS63,01-0189,7644,35000,55.950249,-12.893486,C-17A Globemaster,93,499,0,False,adsb_icao
ae10bd,2026-08-31 03:52:47.924273,RCH329,01-0194,2214,33000,55.656879,-8.84717,C-17A Globemaster,84,481,-32,False,adsb_icao
ae07f6,2026-08-31 03:52:47.924277,RCH401,97-0044,6471,38000,38.79388,25.235973,C-17A Globemaster,336,412,0,False,mlat
87cc0a,2026-08-31 03:52:47.924288,GALOP61,07-3604,5343,2000,35.993683,140.452316,KC-46A Pegasus,216,202,-64,False,adsb_icao
ae574d,2026-08-31 03:52:47.924297,UNK C/S,19-46007,0713,22000,28.4,48.4,KC-46A Pegasus,,,,False,mode_s
ae5e11,2026-08-31 03:52:47.924300,UNK C/S,17-46036,5213,28025,28.4,48.4,KC-46A Pegasus,,,,False,mode_s
ae035f,2026-08-31 03:52:47.924305,RATS49,58-0085,2646,39025,35.5,-120.2,KC-135R Stratotanker,,,,False,mode_s
ae63c7,2026-08-31 03:52:47.924309,FLYER62,21-46091,3275,28025,28.4,48.4,KC-46A Pegasus,,,,False,mode_s
ae07be,2026-08-31 03:52:47.924314,UNK C/S,62-3578,1143,28000,25.9,54.2,KC-135R Stratotanker,300,464,0,False,mode_s
afde25,2026-08-31 03:52:47.924318,UNK C/S,,7000,Unavailable,38.5,-123.7,E-6B TACAMO,,,,False,mode_s
afa175,2026-08-31 03:52:47.924321,FLYER63,19-46111,3276,20525,25.6,59.6,KC-46A Pegasus,,,,False,mode_s
ae0414,2026-08-31 03:53:48.310071,UNK C/S,164387,3340,26000,40.016811,-122.146469,E-6B TACAMO,108,330,0,False,mlat
ae63c8,2026-08-31 03:53:48.310089,PETRO71,21-46092,1403,20250,37.901981,-120.498817,KC-46A Pegasus,280,407,-2133,False,mlat
c2afc7,2026-08-31 03:53:48.310096,CFC3882,177702,4251,29175,55.490524,-112.299919,C-17A Globemaster,132,443,-1280,False,adsb_icao
ae63c6,2026-08-31 03:53:48.310101,PETRO61,21-46090,1536,38025,41.377583,-101.277557,KC-46A Pegasus,275,441,0,False,mlat
ae1460,2026-08-31 03:53:48.310104,BLINR01,06-6162,1745,37000,34.637173,-99.852783,C-17A Globemaster,115,467,0,False,mlat
ae1177,2026-08-31 03:53:48.310110,VOLT97,02-1105,1112,31950,31.441113,-89.727493,C-17A Globemaster,252,464,0,False,mlat
ae1197,2026-08-31 03:53:48.310115,RCH3260,03-3114,4044,36000,40.304947,-86.068115,C-17A Globemaster,270,416,0,False,adsb_icao
ae0475,2026-08-31 03:53:48.310120,UNK C/S,58-0001,2144,6475,28.160057,-83.012169,KC-135R Stratotanker,145,273,-1139,False,mlat
ae2fb0,2026-08-31 03:53:48.310125,RCH163,08-8204,1662,26200,34.634361,-78.48365,C-17A Globemaster,38,465,723,False,mlat
af0f64,2026-08-31 03:53:48.310129,UNK C/S,,7156,2400,42.053539,-72.535294,E-6B TACAMO,213,144,-84,False,mlat
ae08e3,2026-08-31 03:53:48.310132,RCH277,00-0183,0767,34000,47.677422,-69.652275,C-17A Globemaster,205,478,0,False,mlat
ae10b8,2026-08-31 03:53:48.310137,ELVIS63,01-0189,7644,35000,55.942017,-12.645347,C-17A Globemaster,93,500,-32,False,adsb_icao
ae10bd,2026-08-31 03:53:48.310141,RCH329,01-0194,2214,33000,55.670654,-8.610035,C-17A Globemaster,84,479,64,False,adsb_icao
ae07f6,2026-08-31 03:53:48.310145,RCH401,97-0044,6471,38000,38.873039,25.194971,C-17A Globemaster,338,402,0,False,mlat
87cc0a,2026-08-31 03:53:48.310158,GALOP61,07-3604,5343,2000,35.992516,140.387802,KC-46A Pegasus,280,189,64,False,adsb_icao
ae574d,2026-08-31 03:53:48.310169,UNK C/S,19-46007,0713,22025,28.4,48.4,KC-46A Pegasus,,,,False,mode_s
ae5e11,2026-08-31 03:53:48.310172,UNK C/S,17-46036,5213,28000,28.4,48.4,KC-46A Pegasus,,,,False,mode_s
ae035f,2026-08-31 03:53:48.310176,RATS49,58-0085,2646,37300,34.6,-121.9,KC-135R Stratotanker,,,,False,mode_s
ae63c7,2026-08-31 03:53:48.310181,FLYER62,21-46091,3275,28000,28.2,48.7,KC-46A Pegasus,,,,False,mode_s
ae07be,2026-08-31 03:53:48.310186,UNK C/S,62-3578,1143,28000,25.7,54.0,KC-135R Stratotanker,300,464,32,False,mode_s
afde25,2026-08-31 03:53:48.310192,UNK C/S,,7000,Unavailable,38.5,-124.1,E-6B TACAMO,,,,False,mode_s
afa175,2026-08-31 03:53:48.310196,FLYER63,19-46111,3276,20500,25.6,59.8,KC-46A Pegasus,,,,False,mode_s
ae0414,2026-08-31 03:54:48.642154,UNK C/S,164387,3340,26000,40.02655,-122.037323,E-6B TACAMO,60,335,0,False,mlat
ae63c8,2026-08-31 03:54:48.642172,PETRO71,21-46092,1403,18125,37.919708,-120.632301,KC-46A Pegasus,279,381,-2118,False,mlat
c2afc7,2026-08-31 03:54:48.642179,CFC3882,177702,4251,28000,55.408428,-112.134872,C-17A Globemaster,130,449,-1152,False,adsb_icao
ae63c6,2026-08-31 03:54:48.642184,PETRO61,21-46090,1536,38025,41.383812,-101.38134,KC-46A Pegasus,276,409,0,False,mlat
ae1460,2026-08-31 03:54:48.642188,BLINR01,06-6162,1745,37000,34.582378,-99.714767,C-17A Globemaster,115,454,0,False,mlat
ae1177,2026-08-31 03:54:48.642195,VOLT97,02-1105,1112,30175,31.428846,-89.878822,C-17A Globemaster,277,462,-1939,False,mlat
ae1197,2026-08-31 03:54:48.642200,RCH3260,03-3114,4044,36000,40.305405,-86.218628,C-17A Globemaster,270,413,-64,False,adsb_icao
ae0475,2026-08-31 03:54:48.642205,UNK C/S,58-0001,2144,5925,28.098198,-82.961449,KC-135R Stratotanker,140,275,-2,False,mlat
ae2fb0,2026-08-31 03:54:48.642209,RCH163,08-8204,1662,26775,34.734062,-78.392853,C-17A Globemaster,39,488,588,False,mlat
af0f64,2026-08-31 03:54:48.642212,UNK C/S,,7156,2050,42.030746,-72.571136,E-6B TACAMO,219,146,-738,False,mlat
ae08e3,2026-08-31 03:54:48.642216,RCH277,00-0183,0767,34000,47.558247,-69.750427,C-17A Globemaster,209,459,0,False,mlat
ae10b8,2026-08-31 03:54:48.642221,ELVIS63,01-0189,7644,35000,55.933411,-12.400568,C-17A Globemaster,93,497,-64,False,adsb_icao
ae10bd,2026-08-31 03:54:48.642224,RCH329,01-0194,2214,33000,55.683746,-8.377658,C-17A Globemaster,84,478,-64,False,adsb_icao
ae07f6,2026-08-31 03:54:48.642228,RCH401,97-0044,6471,38000,38.98484,25.134422,C-17A Globemaster,338,402,0,False,mlat
87cc0a,2026-08-31 03:54:48.642239,GALOP61,07-3604,5343,1500,36.018723,140.345428,KC-46A Pegasus,4,163,192,False,adsb_icao
ae574d,2026-08-31 03:54:48.642249,UNK C/S,19-46007,0713,22000,28.4,48.4,KC-46A Pegasus,,,,False,mode_s
ae5e11,2026-08-31 03:54:48.642252,UNK C/S,17-46036,5213,28025,28.4,48.4,KC-46A Pegasus,,,,False,mode_s
ae035f,2026-08-31 03:54:48.642257,RATS49,58-0085,2646,35075,36.3,-119.5,KC-135R Stratotanker,,,,False,mode_s
ae63c7,2026-08-31 03:54:48.642262,FLYER62,21-46091,3275,28000,28.2,48.7,KC-46A Pegasus,,,,False,mode_s
ae07be,2026-08-31 03:54:48.642266,UNK C/S,62-3578,1143,28000,25.5,54.7,KC-135R Stratotanker,300,464,0,False,mode_s
afde25,2026-08-31 03:54:48.642271,UNK C/S,,7000,Unavailable,38.3,-124.7,E-6B TACAMO,,,,False,mode_s
afa175,2026-08-31 03:54:48.642274,FLYER63,19-46111,3276,20500,25.6,59.7,KC-46A Pegasus,,,,False,mode_s
ae0414,2026-08-31 03:55:49.072516,UNK C/S,164387,3340,26000,40.090553,-121.976357,E-6B TACAMO,12,306,0,False,mlat
ae63c8,2026-08-31 03:55:49.072534,PETRO71,21-46092,1403,16450,37.936543,-120.761742,KC-46A Pegasus,279,360,-1422,False,mlat
c2afc7,2026-08-31 03:55:49.072540,CFC3882,177702,4251,26800,55.326279,-111.967247,C-17A Globemaster,130,457,-1216,False,adsb_icao
ae63c6,2026-08-31 03:55:49.072545,PETRO61,21-46090,1536,38025,41.394588,-101.574692,KC-46A Pegasus,270,487,0,False,mlat
ae1460,2026-08-31 03:55:49.072549,BLINR01,06-6162,1745,37000,34.529785,-99.586159,C-17A Globemaster,116,448,0,False,mlat
ae1177,2026-08-31 03:55:49.072555,VOLT97,02-1105,1112,28175,31.423922,-90.025986,C-17A Globemaster,268,474,-2002,False,mlat
ae1197,2026-08-31 03:55:49.072560,RCH3260,03-3114,4044,36000,40.305717,-86.368828,C-17A Globemaster,270,412,0,False,adsb_icao
ae0475,2026-08-31 03:55:49.072564,UNK C/S,58-0001,2144,5325,28.038887,-82.913345,KC-135R Stratotanker,130,381,-1012,False,mlat
ae2fb0,2026-08-31 03:55:49.072568,RCH163,08-8204,1662,27000,34.838978,-78.296318,C-17A Globemaster,41,472,-35,False,mlat
af0f64,2026-08-31 03:55:49.072571,UNK C/S,,7156,1400,42.004307,-72.60601,E-6B TACAMO,228,132,-693,False,mlat
ae08e3,2026-08-31 03:55:49.072574,RCH277,00-0183,0767,34000,47.445404,-69.844635,C-17A Globemaster,213,463,0,False,mlat
ae10b8,2026-08-31 03:55:49.072579,ELVIS63,01-0189,7644,35000,55.92421,-12.153459,C-17A Globemaster,93,497,-32,False,adsb_icao
ae10bd,2026-08-31 03:55:49.072583,RCH329,01-0194,2214,33000,55.6964,-8.141985,C-17A Globemaster,84,478,32,False,adsb_icao
ae07f6,2026-08-31 03:55:49.072587,RCH401,97-0044,6471,38000,39.105045,25.069313,C-17A Globemaster,337,418,0,False,mlat
87cc0a,2026-08-31 03:55:49.072596,GALOP61,07-3604,5343,1500,36.062668,140.362671,KC-46A Pegasus,19,165,-64,False,adsb_icao
ae574d,2026-08-31 03:55:49.072606,UNK C/S,19-46007,0713,22000,28.4,48.4,KC-46A Pegasus,,,,False,mode_s
ae5e11,2026-08-31 03:55:49.072610,UNK C/S,17-46036,5213,28000,28.4,48.4,KC-46A Pegasus,,,,False,mode_s
ae035f,2026-08-31 03:55:49.072615,RATS49,58-0085,2646,34050,36.3,-119.5,KC-135R Stratotanker,,,,False,mode_s
ae63c7,2026-08-31 03:55:49.072621,FLYER62,21-46091,3275,28000,28.4,48.4,KC-46A Pegasus,,,,False,mode_s
ae07be,2026-08-31 03:55:49.072625,UNK C/S,62-3578,1143,28000,25.8,54.7,KC-135R Stratotanker,300,462,0,False,mode_s
afa175,2026-08-31 03:55:49.072629,FLYER63,19-46111,3276,20500,25.6,60.1,KC-46A Pegasus,,,,False,mode_s
ae0414,2026-08-31 03:56:49.408317,UNK C/S,164387,3340,26000,40.177563,-121.982773,E-6B TACAMO,352,297,-4,False,mlat
ae035f,2026-08-31 03:56:49.408335,RATS49,58-0085,2646,33300,32.821007,-121.331169,KC-135R Stratotanker,,,-829,False,mlat
ae63c8,2026-08-31 03:56:49.408340,PETRO71,21-46092,1403,15050,37.954575,-120.888779,KC-46A Pegasus,281,343,-1396,False,mlat
c2afc7,2026-08-31 03:56:49.408347,CFC3882,177702,4251,23750,55.243542,-111.800369,C-17A Globemaster,131,443,-4224,False,adsb_icao
ae1460,2026-08-31 03:56:49.408352,BLINR01,06-6162,1745,37000,34.473137,-99.446518,C-17A Globemaster,116,457,0,False,mlat
ae1177,2026-08-31 03:56:49.408358,VOLT97,02-1105,1112,26200,31.418539,-90.180588,C-17A Globemaster,265,448,-1983,False,mlat
ae1197,2026-08-31 03:56:49.408363,RCH3260,03-3114,4044,36000,40.305817,-86.520081,C-17A Globemaster,270,414,0,False,adsb_icao
ae0475,2026-08-31 03:56:49.408368,UNK C/S,58-0001,2144,4200,27.977015,-82.870567,KC-135R Stratotanker,157,245,-1036,False,mlat
ae2fb0,2026-08-31 03:56:49.408372,RCH163,08-8204,1662,27000,34.944122,-78.196526,C-17A Globemaster,37,481,75,False,mlat
af0f64,2026-08-31 03:56:49.408375,UNK C/S,,7156,725,41.975559,-72.639244,E-6B TACAMO,219,138,-752,False,mlat
ae08e3,2026-08-31 03:56:49.408379,RCH277,00-0183,0767,34000,47.333004,-69.934906,C-17A Globemaster,211,479,0,False,mlat
ae10b8,2026-08-31 03:56:49.408384,ELVIS63,01-0189,7644,35000,55.914551,-11.907349,C-17A Globemaster,94,494,-128,False,adsb_icao
ae10bd,2026-08-31 03:56:49.408388,RCH329,01-0194,2214,33000,55.708736,-7.905092,C-17A Globemaster,84,479,96,False,adsb_icao
ae07f6,2026-08-31 03:56:49.408392,RCH401,97-0044,6471,38000,39.220558,25.005892,C-17A Globemaster,337,418,0,False,mlat
87cc0a,2026-08-31 03:56:49.408405,GALOP61,07-3604,5343,1275,36.103592,140.381012,KC-46A Pegasus,19,133,-640,False,adsb_icao
ae07be,2026-08-31 03:56:49.408416,UNK C/S,62-3578,1143,28000,25.8,54.7,KC-135R Stratotanker,303,462,-32,False,mode_s
ae63c6,2026-08-31 03:56:49.408420,PETRO61,21-46090,1536,38025,40.4,-102.6,KC-46A Pegasus,,,,False,mode_s
afde25,2026-08-31 03:56:49.408425,UNK C/S,,7000,Unavailable,38.3,-124.2,E-6B TACAMO,,,,False,mode_s
ae5e11,2026-08-31 03:56:49.408429,UNK C/S,17-46036,5213,28000,28.4,48.4,KC-46A Pegasus,,,,False,mode_s
afa175,2026-08-31 03:56:49.408434,FLYER63,19-46111,3276,20500,25.6,59.9,KC-46A Pegasus,,,,False,mode_s
ae574d,2026-08-31 03:56:49.408438,UNK C/S,19-46007,0713,22000,28.4,48.4,KC-46A Pegasus,,,,False,mode_s
ae63c7,2026-08-31 03:56:49.408441,FLYER62,21-46091,3275,28000,28.4,48.4,KC-46A Pegasus,,,,False,mode_s
ae0414,2026-08-31 03:57:49.886083,UNK C/S,164387,3340,26000,40.264027,-121.998093,E-6B TACAMO,353,325,0,False,mlat
ae035f,2026-08-31 03:57:49.886100,RATS49,58-0085,2646,32425,32.844479,-121.230042,KC-135R Stratotanker,,,-804,False,mlat
ae63c8,2026-08-31 03:57:49.886105,PETRO71,21-46092,1403,13700,37.967575,-121.004738,KC-46A Pegasus,279,325,-1381,False,mlat
c2afc7,2026-08-31 03:57:49.886112,CFC3882,177702,4251,20275,55.166565,-111.647186,C-17A Globemaster,131,403,-2368,False,adsb_icao
ae63c6,2026-08-31 03:57:49.886116,PETRO61,21-46090,1536,38025,41.407085,-101.797714,KC-46A Pegasus,276,367,0,False,mlat
ae1460,2026-08-31 03:57:49.886120,BLINR01,06-6162,1745,37000,34.417011,-99.30677,C-17A Globemaster,117,454,0,False,mlat
ae1177,2026-08-31 03:57:49.886125,VOLT97,02-1105,1112,24200,31.415224,-90.34549,C-17A Globemaster,268,473,-1957,False,mlat
ae1197,2026-08-31 03:57:49.886129,RCH3260,03-3114,4044,36000,40.305634,-86.671814,C-17A Globemaster,269,415,64,False,adsb_icao
ae0475,2026-08-31 03:57:49.886135,UNK C/S,58-0001,2144,3050,27.916557,-82.824364,KC-135R Stratotanker,146,270,-1075,False,mlat
ae2fb0,2026-08-31 03:57:49.886139,RCH163,08-8204,1662,27000,35.052517,-78.093315,C-17A Globemaster,39,485,-4,False,mlat
af0f64,2026-08-31 03:57:49.886143,UNK C/S,,7156,0,41.949741,-72.672455,E-6B TACAMO,225,140,-751,False,mlat
ae08e3,2026-08-31 03:57:49.886147,RCH277,00-0183,0767,34000,47.211208,-70.027443,C-17A Globemaster,210,484,0,False,mlat
ae10b8,2026-08-31 03:57:49.886151,ELVIS63,01-0189,7644,35000,55.904526,-11.663153,C-17A Globemaster,94,489,-64,False,adsb_icao
ae10bd,2026-08-31 03:57:49.886155,RCH329,01-0194,2214,33000,55.715347,-7.669401,C-17A Globemaster,98,485,32,False,adsb_icao
ae07f6,2026-08-31 03:57:49.886159,RCH401,97-0044,6471,38000,39.332863,24.946234,C-17A Globemaster,337,413,0,False,mlat
87cc0a,2026-08-31 03:57:49.886169,GALOP61,07-3604,5343,700,36.137421,140.396057,KC-46A Pegasus,20,131,-768,False,adsb_icao
ae07be,2026-08-31 03:57:49.886178,UNK C/S,62-3578,1143,28000,25.9,52.8,KC-135R Stratotanker,303,462,0,False,mode_s
afde25,2026-08-31 03:57:49.886183,UNK C/S,,7000,Unavailable,38.5,-123.7,E-6B TACAMO,,,,False,mode_s
ae5e11,2026-08-31 03:57:49.886187,UNK C/S,17-46036,5213,28000,28.4,48.4,KC-46A Pegasus,,,,False,mode_s
afa175,2026-08-31 03:57:49.886192,FLYER63,19-46111,3276,20500,25.6,58.9,KC-46A Pegasus,,,,False,mode_s
ae574d,2026-08-31 03:57:49.886196,UNK C/S,19-46007,0713,22000,28.4,48.4,KC-46A Pegasus,,,,False,mode_s
ae63c7,2026-08-31 03:57:49.886200,FLYER62,21-46091,3275,28025,28.4,48.4,KC-46A Pegasus,,,,False,mode_s
ae0414,2026-08-31 03:58:50.301940,UNK C/S,164387,3340,26000,40.348499,-122.016426,E-6B TACAMO,354,309,0,False,mlat
ae63c8,2026-08-31 03:58:50.301958,PETRO71,21-46092,1403,12400,37.98122,-121.119171,KC-46A Pegasus,278,312,-1259,False,mlat
ae035f,2026-08-31 03:58:50.301963,RATS49,58-0085,2646,31475,32.893982,-120.969009,KC-135R Stratotanker,,,-970,False,mlat
c2afc7,2026-08-31 03:58:50.301971,CFC3882,177702,4251,17900,55.093967,-111.503242,C-17A Globemaster,131,381,-2624,False,adsb_icao
ae1460,2026-08-31 03:58:50.301974,BLINR01,06-6162,1745,37000,34.358852,-99.165665,C-17A Globemaster,118,482,0,False,mlat
ae1177,2026-08-31 03:58:50.301980,VOLT97,02-1105,1112,24000,31.410051,-90.498512,C-17A Globemaster,269,515,-46,False,mlat
ae1197,2026-08-31 03:58:50.301985,RCH3260,03-3114,4044,36000,40.305252,-86.824142,C-17A Globemaster,269,418,64,False,adsb_icao
ae0475,2026-08-31 03:58:50.301990,UNK C/S,58-0001,2144,2500,27.856478,-82.778198,KC-135R Stratotanker,144,248,-66,False,mlat
ae2fb0,2026-08-31 03:58:50.301993,RCH163,08-8204,1662,26975,35.163734,-77.990135,C-17A Globemaster,37,492,7,False,mlat
af0f64,2026-08-31 03:58:50.301997,UNK C/S,,7156,1150,41.915958,-72.709938,E-6B TACAMO,203,170,1076,False,mlat
ae08e3,2026-08-31 03:58:50.302000,RCH277,00-0183,0767,34000,47.099949,-70.116547,C-17A Globemaster,209,472,0,False,mlat
ae10b8,2026-08-31 03:58:50.302005,ELVIS63,01-0189,7644,35000,55.894154,-11.421747,C-17A Globemaster,94,488,-64,False,adsb_icao
ae10bd,2026-08-31 03:58:50.302009,RCH329,01-0194,2214,33000,55.684113,-7.434397,C-17A Globemaster,103,483,0,False,adsb_icao
ae07f6,2026-08-31 03:58:50.302012,RCH401,97-0044,6471,38000,39.396626,24.9098,C-17A Globemaster,336,411,0,False,mlat
87cc0a,2026-08-31 03:58:50.302024,GALOP61,07-3604,5343,175,36.166759,140.409134,KC-46A Pegasus,19,129,-960,False,adsb_icao
ae07be,2026-08-31 03:58:50.302033,UNK C/S,62-3578,1143,28000,25.9,53.0,KC-135R Stratotanker,303,460,0,False,mode_s
ae63c6,2026-08-31 03:58:50.302037,PETRO61,21-46090,1536,38025,41.3,-103.4,KC-46A Pegasus,,,,False,mode_s
afde25,2026-08-31 03:58:50.302041,UNK C/S,,7000,Unavailable,38.5,-123.6,E-6B TACAMO,,,,False,mode_s
ae5e11,2026-08-31 03:58:50.302046,UNK C/S,17-46036,5213,28025,28.4,48.4,KC-46A Pegasus,,,,False,mode_s
afa175,2026-08-31 03:58:50.302051,FLYER63,19-46111,3276,20500,25.5,58.4,KC-46A Pegasus,,,,False,mode_s
ae574d,2026-08-31 03:58:50.302055,UNK C/S,19-46007,0713,22000,28.4,48.4,KC-46A Pegasus,,,,False,mode_s
ae63c7,2026-08-31 03:58:50.302058,FLYER62,21-46091,3275,28000,28.2,48.7,KC-46A Pegasus,,,,False,mode_s
ae0414,2026-08-31 03:59:50.721109,UNK C/S,164387,3340,26000,40.434807,-122.030212,E-6B TACAMO,349,289,0,False,mlat
ae63c8,2026-08-31 03:59:50.721127,PETRO71,21-46092,1403,11125,37.993458,-121.224503,KC-46A Pegasus,277,308,-1254,False,mlat
c2afc7,2026-08-31 03:59:50.721134,CFC3882,177702,4251,15500,55.025528,-111.368568,C-17A Globemaster,131,364,-2368,False,adsb_icao
ae1460,2026-08-31 03:59:50.721139,BLINR01,06-6162,1745,37000,34.304214,-99.028564,C-17A Globemaster,116,464,0,False,mlat
ae1177,2026-08-31 03:59:50.721145,VOLT97,02-1105,1112,24000,31.404379,-90.650192,C-17A Globemaster,269,482,43,False,mlat
ae1197,2026-08-31 03:59:50.721149,RCH3260,03-3114,4044,36000,40.304672,-86.975891,C-17A Globemaster,269,419,0,False,adsb_icao
ae0475,2026-08-31 03:59:50.721154,UNK C/S,58-0001,2144,2500,27.804176,-82.736778,KC-135R Stratotanker,140,203,0,False,mlat
ae2fb0,2026-08-31 03:59:50.721158,RCH163,08-8204,1662,27000,35.264938,-77.893661,C-17A Globemaster,37,463,75,False,mlat
af0f64,2026-08-31 03:59:50.721162,UNK C/S,,7156,2825,41.86298,-72.7286,E-6B TACAMO,178,215,974,False,mlat
ae08e3,2026-08-31 03:59:50.721165,RCH277,00-0183,0767,34000,46.983204,-70.208565,C-17A Globemaster,209,457,-52,False,mlat
ae10b8,2026-08-31 03:59:50.721170,ELVIS63,01-0189,7644,35000,55.883148,-11.179171,C-17A Globemaster,94,488,0,False,adsb_icao
ae10bd,2026-08-31 03:59:50.721174,RCH329,01-0194,2214,33000,55.653339,-7.204199,C-17A Globemaster,103,481,-32,False,adsb_icao
ae07f6,2026-08-31 03:59:50.721178,RCH401,97-0044,6471,38000,39.530586,24.835596,C-17A Globemaster,335,401,0,False,mlat
87cc0a,2026-08-31 03:59:50.721189,GALOP61,07-3604,5343,1950,36.206375,140.435608,KC-46A Pegasus,70,160,832,False,adsb_icao
ae07be,2026-08-31 03:59:50.721199,UNK C/S,62-3578,1143,28000,25.9,53.0,KC-135R Stratotanker,303,458,0,False,mode_s
ae63c6,2026-08-31 03:59:50.721203,PETRO61,21-46090,1536,38025,41.0,-103.1,KC-46A Pegasus,,,,False,mode_s
ae5e11,2026-08-31 03:59:50.721209,UNK C/S,17-46036,5213,28000,28.4,48.4,KC-46A Pegasus,,,,False,mode_s
ae035f,2026-08-31 03:59:50.721214,RATS49,58-0085,2646,30425,34.2,-119.6,KC-135R Stratotanker,,,,False,mode_s
afa175,2026-08-31 03:59:50.721217,FLYER63,19-46111,3276,20500,25.6,56.7,KC-46A Pegasus,,,,False,mode_s
ae574d,2026-08-31 03:59:50.721222,UNK C/S,19-46007,0713,Unavailable,28.4,48.4,KC-46A Pegasus,,,,False,mode_s
ae63c7,2026-08-31 03:59:50.721225,FLYER62,21-46091,3275,28025,28.4,48.4,KC-46A Pegasus,,,,False,mode_s
ae0414,2026-08-31 04:00:51.216721,UNK C/S,164387,3340,26000,40.510345,-122.069313,E-6B TACAMO,315,305,-75,False,mlat
ae63c8,2026-08-31 04:00:51.216738,PETRO71,21-46092,1403,10075,38.008499,-121.333481,KC-46A Pegasus,280,300,-427,False,mlat
ae035f,2026-08-31 04:00:51.216744,RATS49,58-0085,2646,29700,32.938812,-120.722252,KC-135R Stratotanker,,,-771,False,mlat
c2afc7,2026-08-31 04:00:51.216750,CFC3882,177702,4251,13700,54.959663,-111.239151,C-17A Globemaster,131,336,-1280,False,adsb_icao
ae63c6,2026-08-31 04:00:51.216756,PETRO61,21-46090,1536,38025,41.432919,-102.315918,KC-46A Pegasus,255,435,0,False,mlat
ae1460,2026-08-31 04:00:51.216760,BLINR01,06-6162,1745,37000,34.24596,-98.8908,C-17A Globemaster,117,468,0,False,mlat
ae1177,2026-08-31 04:00:51.216766,VOLT97,02-1105,1112,24000,31.398136,-90.80191,C-17A Globemaster,266,461,0,False,mlat
ae1197,2026-08-31 04:00:51.216770,RCH3260,03-3114,4044,36000,40.303986,-87.129761,C-17A Globemaster,269,417,0,False,adsb_icao
ae0475,2026-08-31 04:00:51.216776,UNK C/S,58-0001,2144,1850,27.755743,-82.697563,KC-135R Stratotanker,140,205,-593,False,mlat
ae2fb0,2026-08-31 04:00:51.216780,RCH163,08-8204,1662,27025,35.365452,-77.797928,C-17A Globemaster,36,469,75,False,mlat
af0f64,2026-08-31 04:00:51.216783,UNK C/S,,7156,2900,41.831001,-72.6549,E-6B TACAMO,74,246,-35,False,mlat
ae08e3,2026-08-31 04:00:51.216786,RCH277,00-0183,0767,34000,46.869022,-70.298698,C-17A Globemaster,208,469,0,False,mlat
ae10b8,2026-08-31 04:00:51.216792,ELVIS63,01-0189,7644,35000,55.871902,-10.940409,C-17A Globemaster,94,478,-96,False,adsb_icao
ae10bd,2026-08-31 04:00:51.216796,RCH329,01-0194,2214,33000,55.621628,-6.972739,C-17A Globemaster,103,483,0,False,adsb_icao
ae07f6,2026-08-31 04:00:51.216799,RCH401,97-0044,6471,38000,39.654648,24.77084,C-17A Globemaster,339,410,0,False,mlat
87cc0a,2026-08-31 04:00:51.216811,GALOP61,07-3604,5343,2000,36.187241,140.489899,KC-46A Pegasus,120,178,-64,False,adsb_icao
ae07be,2026-08-31 04:00:51.216820,UNK C/S,62-3578,1143,28000,26.6,50.9,KC-135R Stratotanker,303,458,,False,mode_s
ae5e11,2026-08-31 04:00:51.216825,UNK C/S,17-46036,5213,28025,28.4,48.4,KC-46A Pegasus,,,,False,mode_s
afa175,2026-08-31 04:00:51.216830,FLYER63,19-46111,3276,20500,25.7,56.7,KC-46A Pegasus,,,,False,mode_s
ae574d,2026-08-31 04:00:51.216834,UNK C/S,19-46007,0713,22000,28.4,48.4,KC-46A Pegasus,,,,False,mode_s
ae63c7,2026-08-31 04:00:51.216837,FLYER62,21-46091,5121,28025,28.4,48.4,KC-46A Pegasus,,,,False,mode_s
ae0414,2026-08-31 04:01:51.550814,UNK C/S,164387,3340,26000,40.544216,-122.165306,E-6B TACAMO,271,326,0,False,mlat
ae63c8,2026-08-31 04:01:51.550832,PETRO71,21-46092,1403,9150,38.022633,-121.437881,KC-46A Pegasus,281,274,-1183,False,mlat
ae035f,2026-08-31 04:01:51.550839,RATS49,58-0085,2646,28450,32.979916,-120.560188,KC-135R Stratotanker,,,-1313,False,mlat
c2afc7,2026-08-31 04:01:51.550845,CFC3882,177702,4251,12375,54.900284,-111.123077,C-17A Globemaster,131,310,-1472,False,adsb_icao
ae63c6,2026-08-31 04:01:51.550849,PETRO61,21-46090,1536,38025,41.437912,-102.400635,KC-46A Pegasus,302,522,0,False,mode_s
ae1460,2026-08-31 04:01:51.550854,BLINR01,06-6162,1745,37000,34.187859,-98.756027,C-17A Globemaster,121,437,0,False,mlat
ae1177,2026-08-31 04:01:51.550861,VOLT97,02-1105,1112,22900,31.388224,-90.955856,C-17A Globemaster,264,464,-1837,False,mlat
ae1197,2026-08-31 04:01:51.550865,RCH3260,03-3114,4044,36000,40.303112,-87.280319,C-17A Globemaster,269,420,0,False,adsb_icao
ae0475,2026-08-31 04:01:51.550871,UNK C/S,58-0001,2144,1500,27.730026,-82.652718,KC-135R Stratotanker,69,236,1,False,mlat
ae2fb0,2026-08-31 04:01:51.550876,RCH163,08-8204,1662,26975,35.469097,-77.700249,C-17A Globemaster,39,463,12,False,mlat
af0f64,2026-08-31 04:01:51.550879,UNK C/S,,7156,2875,41.871696,-72.588196,E-6B TACAMO,53,220,0,False,mlat
ae08e3,2026-08-31 04:01:51.550883,RCH277,00-0183,0767,34000,46.75658,-70.386787,C-17A Globemaster,208,457,0,False,mlat
ae10b8,2026-08-31 04:01:51.550889,ELVIS63,01-0189,7644,35000,55.860397,-10.705594,C-17A Globemaster,95,479,-64,False,adsb_icao
ae10bd,2026-08-31 04:01:51.550893,RCH329,01-0194,2214,33000,55.589493,-6.742609,C-17A Globemaster,104,483,0,False,adsb_icao
ae07f6,2026-08-31 04:01:51.550896,RCH401,97-0044,6471,38000,39.737492,24.722815,C-17A Globemaster,337,404,0,False,mlat
87cdf4,2026-08-31 04:01:51.550906,HARGR51,54-3616,7340,3025,35.461395,133.159332,KC-46A Pegasus,244,222,1728,False,adsb_icao
87cc0a,2026-08-31 04:01:51.550912,GALOP61,07-3604,5343,2000,36.158569,140.539398,KC-46A Pegasus,155,187,128,False,adsb_icao
ae07be,2026-08-31 04:01:51.550922,UNK C/S,62-3578,1143,28000,26.0,51.5,KC-135R Stratotanker,303,460,0,False,mode_s
ae5e11,2026-08-31 04:01:51.550928,UNK C/S,17-46036,5213,28000,28.4,48.4,KC-46A Pegasus,,,,False,mode_s
afa175,2026-08-31 04:01:51.550935,FLYER63,19-46111,3276,20500,25.8,57.2,KC-46A Pegasus,,,,False,mode_s
ae574d,2026-08-31 04:01:51.550938,UNK C/S,19-46007,0713,22000,28.4,48.4,KC-46A Pegasus,,,,False,mode_s
ae63c7,2026-08-31 04:01:51.550942,FLYER62,21-46091,5121,28025,28.4,48.4,KC-46A Pegasus,,,,False,mode_s
ae0414,2026-08-31 04:02:51.915262,UNK C/S,164387,3340,26000,40.509903,-122.264923,E-6B TACAMO,221,335,0,False,mlat
ae63c8,2026-08-31 04:02:51.915279,PETRO71,21-46092,1403,7950,38.035999,-121.535904,KC-46A Pegasus,280,280,-1240,False,mlat
ae035f,2026-08-31 04:02:51.915284,RATS49,58-0085,2646,27125,33.001469,-120.401253,KC-135R Stratotanker,81,444,-1243,False,mlat
c2afc7,2026-08-31 04:02:51.915291,CFC3882,177702,4251,10950,54.843609,-111.013016,C-17A Globemaster,131,302,-1408,False,adsb_icao
ae63c6,2026-08-31 04:02:51.915295,PETRO61,21-46090,1536,38025,41.447392,-102.633812,KC-46A Pegasus,260,482,39,False,mlat
ae1460,2026-08-31 04:02:51.915300,BLINR01,06-6162,1745,37000,34.132832,-98.618706,C-17A Globemaster,117,449,0,False,mlat
ae1177,2026-08-31 04:02:51.915305,VOLT97,02-1105,1112,20900,31.388582,-91.110397,C-17A Globemaster,266,464,-2047,False,mlat
ae1197,2026-08-31 04:02:51.915309,RCH3260,03-3114,4044,36000,40.301949,-87.435814,C-17A Globemaster,269,428,0,False,adsb_icao
ae0475,2026-08-31 04:02:51.915316,UNK C/S,58-0001,2144,1525,27.756535,-82.601837,KC-135R Stratotanker,30,218,39,False,mlat
ae2fb0,2026-08-31 04:02:51.915320,RCH163,08-8204,1662,27000,35.570522,-77.602943,C-17A Globemaster,37,457,0,False,mlat
af0f64,2026-08-31 04:02:51.915324,UNK C/S,,7156,2875,41.91328,-72.526581,E-6B TACAMO,43,233,0,False,mlat
ae08e3,2026-08-31 04:02:51.915328,RCH277,00-0183,0767,34000,46.643909,-70.474686,C-17A Globemaster,208,462,0,False,mlat
ae10b8,2026-08-31 04:02:51.915333,ELVIS63,01-0189,7644,35000,55.848347,-10.470228,C-17A Globemaster,95,476,-64,False,adsb_icao
ae10bd,2026-08-31 04:02:51.915336,RCH329,01-0194,2214,33000,55.556835,-6.512833,C-17A Globemaster,104,479,320,False,adsb_icao
ae07f6,2026-08-31 04:02:51.915340,RCH401,97-0044,6471,38000,39.832382,24.670023,C-17A Globemaster,337,404,0,False,mlat
87cdf4,2026-08-31 04:02:51.915350,HARGR51,54-3616,7340,5650,35.420761,133.092697,KC-46A Pegasus,217,264,3264,False,adsb_icao
87cc0a,2026-08-31 04:02:51.915356,GALOP61,07-3604,5343,2000,36.106018,140.517136,KC-46A Pegasus,204,203,0,False,adsb_icao
ae07be,2026-08-31 04:02:51.915366,UNK C/S,62-3578,1143,28000,25.1,49.7,KC-135R Stratotanker,303,462,-32,False,mode_s
ae5e11,2026-08-31 04:02:51.915372,UNK C/S,17-46036,5213,28025,28.4,48.4,KC-46A Pegasus,,,,False,mode_s
afa175,2026-08-31 04:02:51.915378,FLYER63,19-46111,3276,20500,25.9,56.7,KC-46A Pegasus,,,,False,mode_s
800791,2026-08-31 04:02:51.915381,TITAN,CB-8004,Unavailable,Unavailable,29.6,75.7,C-17A Globemaster,,,,False,mode_s
ae574d,2026-08-31 04:02:51.915385,UNK C/S,19-46007,0713,22000,28.4,48.4,KC-46A Pegasus,,,,False,mode_s
ae63c7,2026-08-31 04:02:51.915389,FLYER62,21-46091,5121,28000,28.4,48.4,KC-46A Pegasus,,,,False,mode_s
ae0414,2026-08-31 04:03:52.270202,UNK C/S,164387,3340,26025,40.426678,-122.298805,E-6B TACAMO,174,324,75,False,mlat
ae63c8,2026-08-31 04:03:52.270220,PETRO71,21-46092,1403,6925,38.050182,-121.6315,KC-46A Pegasus,283,264,-875,False,mlat
ae035f,2026-08-31 04:03:52.270226,RATS49,58-0085,2646,27000,33.024361,-120.237999,KC-135R Stratotanker,69,341,-17,False,mlat
c2afc7,2026-08-31 04:03:52.270233,CFC3882,177702,4251,9150,54.788589,-110.906418,C-17A Globemaster,131,279,-1920,False,adsb_icao
ae63c6,2026-08-31 04:03:52.270238,PETRO61,21-46090,1536,38025,41.454769,-102.796638,KC-46A Pegasus,,,-4,False,mlat
ae1460,2026-08-31 04:03:52.270242,BLINR01,06-6162,1745,37000,34.079952,-98.492577,C-17A Globemaster,117,458,0,False,mlat
ae1177,2026-08-31 04:03:52.270247,VOLT97,02-1105,1112,18975,31.382872,-91.251541,C-17A Globemaster,269,440,-2040,False,mlat
ae1197,2026-08-31 04:03:52.270251,RCH3260,03-3114,4044,36000,40.300552,-87.591614,C-17A Globemaster,269,427,0,False,adsb_icao
ae0475,2026-08-31 04:03:52.270256,UNK C/S,58-0001,2144,800,27.800785,-82.565826,KC-135R Stratotanker,32,161,-935,False,mlat
ae2fb0,2026-08-31 04:03:52.270261,RCH163,08-8204,1662,27000,35.670811,-77.505173,C-17A Globemaster,41,459,-76,False,mlat
af0f64,2026-08-31 04:03:52.270264,UNK C/S,,7156,2875,41.955036,-72.46328,E-6B TACAMO,40,288,0,False,mlat
ae08e3,2026-08-31 04:03:52.270268,RCH277,00-0183,0767,34000,46.534813,-70.558838,C-17A Globemaster,209,459,0,False,mlat
ae10b8,2026-08-31 04:03:52.270273,ELVIS63,01-0189,7644,35000,55.835907,-10.234597,C-17A Globemaster,95,478,0,False,adsb_icao
ae10bd,2026-08-31 04:03:52.270277,RCH329,01-0194,2214,33000,55.523666,-6.283514,C-17A Globemaster,104,483,-320,False,adsb_icao
ae07f6,2026-08-31 04:03:52.270280,RCH401,97-0044,6471,38000,39.961601,24.597841,C-17A Globemaster,338,404,0,False,mlat
87cdf4,2026-08-31 04:03:52.270289,HARGR51,54-3616,7340,8925,35.359497,133.034943,KC-46A Pegasus,217,276,3072,False,adsb_icao
87cc0a,2026-08-31 04:03:52.270295,GALOP61,07-3604,5343,2025,36.048706,140.484756,KC-46A Pegasus,204,261,-64,False,adsb_icao
ae07be,2026-08-31 04:03:52.270304,UNK C/S,62-3578,1143,28000,25.5,50.4,KC-135R Stratotanker,303,460,32,False,mode_s
ae5e11,2026-08-31 04:03:52.270310,UNK C/S,17-46036,5213,28000,28.4,48.4,KC-46A Pegasus,,,,False,mode_s
afa175,2026-08-31 04:03:52.270316,FLYER63,19-46111,3276,20500,25.9,57.1,KC-46A Pegasus,,,,False,mode_s
800791,2026-08-31 04:03:52.270320,TITAN,CB-8004,5100,3400,29.8,75.6,C-17A Globemaster,,,,False,mode_s
ae574d,2026-08-31 04:03:52.270323,UNK C/S,19-46007,0713,22000,28.4,48.4,KC-46A Pegasus,,,,False,mode_s
ae63c7,2026-08-31 04:03:52.270327,FLYER62,21-46091,5121,28000,28.4,48.4,KC-46A Pegasus,,,,False,mode_s
ae0414,2026-08-31 04:04:52.787950,UNK C/S,164387,3340,26000,40.33728,-122.282249,E-6B TACAMO,173,336,0,False,mlat
ae63c8,2026-08-31 04:04:52.787970,PETRO71,21-46092,1403,5700,38.100506,-121.701103,KC-46A Pegasus,314,271,-1246,False,mlat
ae035f,2026-08-31 04:04:52.787976,RATS49,58-0085,2646,27000,33.067188,-120.079704,KC-135R Stratotanker,71,546,0,False,mlat
c2afc7,2026-08-31 04:04:52.787983,CFC3882,177702,4251,7250,54.739986,-110.812851,C-17A Globemaster,131,250,-1984,False,adsb_icao
ae63c6,2026-08-31 04:04:52.787987,PETRO61,21-46090,1536,38025,41.460716,-102.941643,KC-46A Pegasus,,,0,False,mlat
ae1460,2026-08-31 04:04:52.787993,BLINR01,06-6162,1745,37000,34.024746,-98.362366,C-17A Globemaster,118,444,0,False,mlat
ae1177,2026-08-31 04:04:52.787998,VOLT97,02-1105,1112,16975,31.375475,-91.394928,C-17A Globemaster,265,418,-1983,False,mlat
ae1197,2026-08-31 04:04:52.788002,RCH3260,03-3114,4044,36000,40.298969,-87.747299,C-17A Globemaster,269,430,0,False,adsb_icao
ae0475,2026-08-31 04:04:52.788007,UNK C/S,58-0001,2144,-50,27.836946,-82.533051,KC-135R Stratotanker,36,157,-811,False,mlat
ae2fb0,2026-08-31 04:04:52.788012,RCH163,08-8204,1662,27000,35.764603,-77.415619,C-17A Globemaster,40,456,0,False,mlat
af0f64,2026-08-31 04:04:52.788015,UNK C/S,,7156,2875,42.001381,-72.400841,E-6B TACAMO,40,239,-25,False,mlat
ae08e3,2026-08-31 04:04:52.788018,RCH277,00-0183,0767,34000,46.420738,-70.647903,C-17A Globemaster,210,471,0,False,mlat
ae10b8,2026-08-31 04:04:52.788024,ELVIS63,01-0189,7644,35000,55.822975,-9.99979,C-17A Globemaster,95,476,-32,False,adsb_icao
ae10bd,2026-08-31 04:04:52.788027,RCH329,01-0194,2214,33000,55.49036,-6.055355,C-17A Globemaster,104,483,32,False,adsb_icao
ae07f6,2026-08-31 04:04:52.788031,RCH401,97-0044,6471,38000,40.063763,24.54081,C-17A Globemaster,337,401,0,False,mlat
87cdf4,2026-08-31 04:04:52.788041,HARGR51,54-3616,7340,12700,35.300262,132.978867,KC-46A Pegasus,217,259,3456,False,adsb_icao
87cc0a,2026-08-31 04:04:52.788046,GALOP61,07-3604,5343,1775,35.994564,140.433319,KC-46A Pegasus,257,251,-576,False,adsb_icao
ae07be,2026-08-31 04:04:52.788056,UNK C/S,62-3578,1143,28000,25.1,49.7,KC-135R Stratotanker,303,458,0,False,mode_s
ae5e11,2026-08-31 04:04:52.788062,UNK C/S,17-46036,5213,28000,28.4,48.4,KC-46A Pegasus,,,,False,mode_s
afa175,2026-08-31 04:04:52.788068,FLYER63,19-46111,3276,20500,25.6,56.7,KC-46A Pegasus,,,,False,mode_s
800791,2026-08-31 04:04:52.788071,TITAN,CB-8004,5100,5950,30.1,75.4,C-17A Globemaster,,,,False,mode_s
ae574d,2026-08-31 04:04:52.788075,UNK C/S,19-46007,0713,22000,28.4,48.4,KC-46A Pegasus,,,,False,mode_s
ae63c7,2026-08-31 04:04:52.788078,FLYER62,21-46091,5121,28000,28.4,48.4,KC-46A Pegasus,,,,False,mode_s
ae0414,2026-08-31 04:05:53.110204,UNK C/S,164387,3340,26000,40.248886,-122.264359,E-6B TACAMO,171,322,0,False,mlat
ae63c8,2026-08-31 04:05:53.110223,PETRO71,21-46092,1403,4650,38.153896,-121.77092,KC-46A Pegasus,315,263,-1109,False,mlat
ae035f,2026-08-31 04:05:53.110228,RATS49,58-0085,2646,27000,33.099831,-119.899254,KC-135R Stratotanker,83,423,0,False,mlat
c2afc7,2026-08-31 04:05:53.110235,CFC3882,177702,4251,6975,54.733887,-110.801193,C-17A Globemaster,132,249,-2048,False,adsb_icao
ae63c6,2026-08-31 04:05:53.110240,PETRO61,21-46090,1536,38025,41.466812,-103.113396,KC-46A Pegasus,,,0,False,mlat
ae1460,2026-08-31 04:05:53.110245,BLINR01,06-6162,1745,37000,33.965771,-98.221695,C-17A Globemaster,117,444,0,False,mlat
ae1177,2026-08-31 04:05:53.110251,VOLT97,02-1105,1112,14975,31.372213,-91.520729,C-17A Globemaster,269,408,-2004,False,mlat
ae1197,2026-08-31 04:05:53.110255,RCH3260,03-3114,4044,36000,40.297153,-87.904671,C-17A Globemaster,269,431,0,False,adsb_icao
ae2fb0,2026-08-31 04:05:53.110261,RCH163,08-8204,1662,27000,35.872807,-77.312195,C-17A Globemaster,37,447,0,False,mlat
af0f64,2026-08-31 04:05:53.110265,UNK C/S,,7156,2875,42.049744,-72.424118,E-6B TACAMO,323,229,-72,False,mlat
ae08e3,2026-08-31 04:05:53.110268,RCH277,00-0183,0767,34000,46.308216,-70.733185,C-17A Globemaster,209,437,0,False,mlat
ae10b8,2026-08-31 04:05:53.110273,ELVIS63,01-0189,7644,35000,55.80899,-9.768011,C-17A Globemaster,96,471,0,False,adsb_icao
ae10bd,2026-08-31 04:05:53.110278,RCH329,01-0194,2214,33000,55.456329,-5.8255,C-17A Globemaster,104,481,96,False,adsb_icao
ae07f6,2026-08-31 04:05:53.110282,RCH401,97-0044,6471,38000,40.172497,24.479044,C-17A Globemaster,337,402,0,False,mlat
87cdf4,2026-08-31 04:05:53.110291,HARGR51,54-3616,7340,15225,35.240417,132.92218,KC-46A Pegasus,217,292,1472,False,adsb_icao
87cc0a,2026-08-31 04:05:53.110297,GALOP61,07-3604,5343,1500,36.011856,140.362305,KC-46A Pegasus,325,183,192,False,adsb_icao
ae07be,2026-08-31 04:05:53.110306,UNK C/S,62-3578,1143,28000,25.6,50.5,KC-135R Stratotanker,302,454,0,False,mode_s
ae5e11,2026-08-31 04:05:53.110312,UNK C/S,17-46036,5213,28000,28.4,48.4,KC-46A Pegasus,,,,False,mode_s
afa175,2026-08-31 04:05:53.110317,FLYER63,19-46111,3276,20500,25.7,57.3,KC-46A Pegasus,,,,False,mode_s
800791,2026-08-31 04:05:53.110320,TITAN,CB-8004,5100,8275,30.0,75.5,C-17A Globemaster,,,,False,mode_s
ae574d,2026-08-31 04:05:53.110324,UNK C/S,19-46007,0713,22000,28.4,48.4,KC-46A Pegasus,,,,False,mode_s
ae63c7,2026-08-31 04:05:53.110328,FLYER62,21-46091,5121,28000,28.4,48.4,KC-46A Pegasus,,,,False,mode_s
ae0414,2026-08-31 04:06:53.496616,UNK C/S,164387,3340,26000,40.158802,-122.246368,E-6B TACAMO,172,321,0,False,mlat
ae63c8,2026-08-31 04:06:53.496634,PETRO71,21-46092,1403,3575,38.221283,-121.781685,KC-46A Pegasus,35,304,-777,False,mlat
ae035f,2026-08-31 04:06:53.496640,RATS49,58-0085,2646,27000,33.129536,-119.756157,KC-135R Stratotanker,75,472,0,False,mlat
ae63c6,2026-08-31 04:06:53.496646,PETRO61,21-46090,1536,38025,41.472797,-103.261292,KC-46A Pegasus,270,458,-9,False,mlat
ae1460,2026-08-31 04:06:53.496650,BLINR01,06-6162,1745,37000,33.906403,-98.083801,C-17A Globemaster,119,422,0,False,mlat
ae1177,2026-08-31 04:06:53.496673,VOLT97,02-1105,1112,12875,31.366562,-91.658508,C-17A Globemaster,272,388,-2006,False,mlat
ae1197,2026-08-31 04:06:53.496678,RCH3260,03-3114,4044,36000,40.295151,-88.062035,C-17A Globemaster,269,433,64,False,adsb_icao
ae2fb0,2026-08-31 04:06:53.496684,RCH163,08-8204,1662,27000,35.973366,-77.219391,C-17A Globemaster,33,458,-4,False,mlat
af0f64,2026-08-31 04:06:53.496688,UNK C/S,,7156,2675,42.074574,-72.467003,E-6B TACAMO,265,159,-391,False,mlat
ae08e3,2026-08-31 04:06:53.496692,RCH277,00-0183,0767,34000,46.193024,-70.821609,C-17A Globemaster,208,450,0,False,mlat
ae10b8,2026-08-31 04:06:53.496697,ELVIS63,01-0189,7644,35000,55.794159,-9.533386,C-17A Globemaster,96,474,-96,False,adsb_icao
ae10bd,2026-08-31 04:06:53.496702,RCH329,01-0194,2214,33000,55.40424,-5.614097,C-17A Globemaster,139,480,32,False,adsb_icao
ae07f6,2026-08-31 04:06:53.496706,RCH401,97-0044,6471,38000,40.280838,24.418556,C-17A Globemaster,337,411,0,False,mlat
87cdf4,2026-08-31 04:06:53.496717,HARGR51,54-3616,7340,16675,35.167145,132.856918,KC-46A Pegasus,209,358,1792,False,adsb_icao
87cc0a,2026-08-31 04:06:53.496723,GALOP61,07-3604,5343,1475,36.058571,140.363434,KC-46A Pegasus,12,165,-192,False,adsb_icao
ae07be,2026-08-31 04:06:53.496734,UNK C/S,62-3578,1143,28000,25.3,50.1,KC-135R Stratotanker,302,452,-32,False,mode_s
ae5e11,2026-08-31 04:06:53.496740,UNK C/S,17-46036,5213,28025,28.4,48.4,KC-46A Pegasus,,,,False,mode_s
ae058a,2026-08-31 04:06:53.496746,RCH1812,87-0045,Unavailable,Unavailable,39.0,-8.7,C-5M Galaxy,,,,False,mode_s
afa175,2026-08-31 04:06:53.496750,FLYER63,19-46111,3276,20500,25.5,56.3,KC-46A Pegasus,,,,False,mode_s
800791,2026-08-31 04:06:53.496753,TITAN,CB-8004,5100,10875,30.0,75.5,C-17A Globemaster,,,,False,mode_s
ae574d,2026-08-31 04:06:53.496757,UNK C/S,19-46007,0713,22000,28.4,48.4,KC-46A Pegasus,,,,False,mode_s
ae63c7,2026-08-31 04:06:53.496760,FLYER62,21-46091,5121,28025,28.4,48.4,KC-46A Pegasus,,,,False,mode_s
ae0414,2026-08-31 04:07:53.863972,UNK C/S,164387,3340,26000,40.069763,-122.224937,E-6B TACAMO,164,320,0,False,mlat
ae63c8,2026-08-31 04:07:53.863987,PETRO71,21-46092,1403,2700,38.28109,-121.739914,KC-46A Pegasus,45,263,-1230,False,mlat
ae035f,2026-08-31 04:07:53.863993,RATS49,58-0085,2646,27000,33.155117,-119.610359,KC-135R Stratotanker,79,471,0,False,mlat
ae63c6,2026-08-31 04:07:53.863999,PETRO61,21-46090,1536,38000,41.478241,-103.387962,KC-46A Pegasus,275,407,28,False,mlat
ae1460,2026-08-31 04:07:53.864003,BLINR01,06-6162,1745,37000,33.853546,-97.954102,C-17A Globemaster,117,429,0,False,mlat
ae1177,2026-08-31 04:07:53.864008,VOLT97,02-1105,1112,11625,31.361261,-91.778137,C-17A Globemaster,270,329,-1100,False,mlat
ae1197,2026-08-31 04:07:53.864013,RCH3260,03-3114,4044,36000,40.292915,-88.220032,C-17A Globemaster,268,434,64,False,adsb_icao
ae2fb0,2026-08-31 04:07:53.864018,RCH163,08-8204,1662,27000,36.076214,-77.130341,C-17A Globemaster,34,455,0,False,mlat
af0f64,2026-08-31 04:07:53.864021,UNK C/S,,7156,2375,42.061687,-72.517975,E-6B TACAMO,225,196,-97,False,mlat
ae08e3,2026-08-31 04:07:53.864025,RCH277,00-0183,0767,34000,46.080772,-70.907455,C-17A Globemaster,209,446,0,False,mlat
ae10b8,2026-08-31 04:07:53.864029,ELVIS63,01-0189,7644,35000,55.77919,-9.301342,C-17A Globemaster,96,476,0,False,adsb_icao
ae10bd,2026-08-31 04:07:53.864033,RCH329,01-0194,2214,33000,55.302383,-5.463921,C-17A Globemaster,139,478,-448,False,adsb_icao
ae07f6,2026-08-31 04:07:53.864036,RCH401,97-0044,6471,38000,40.381008,24.362057,C-17A Globemaster,337,408,0,False,mlat
87cdf4,2026-08-31 04:07:53.864044,HARGR51,54-3616,7340,19225,35.075775,132.796295,KC-46A Pegasus,208,377,2816,False,adsb_icao
87cc0a,2026-08-31 04:07:53.864050,GALOP61,07-3604,5343,1475,36.096931,140.37822,KC-46A Pegasus,21,127,-128,False,adsb_icao
ae07be,2026-08-31 04:07:53.864058,UNK C/S,62-3578,1143,28000,25.2,50.0,KC-135R Stratotanker,302,450,-256,False,mode_s
ae5e11,2026-08-31 04:07:53.864064,UNK C/S,17-46036,5213,28025,28.4,48.4,KC-46A Pegasus,,,,False,mode_s
afa175,2026-08-31 04:07:53.864070,FLYER63,19-46111,3276,20525,25.7,57.0,KC-46A Pegasus,,,,False,mode_s
800791,2026-08-31 04:07:53.864073,TITAN,CB-8004,5100,13025,29.8,75.6,C-17A Globemaster,,,,False,mode_s
ae574d,2026-08-31 04:07:53.864077,UNK C/S,19-46007,0713,22000,28.4,48.4,KC-46A Pegasus,,,,False,mode_s
ae63c7,2026-08-31 04:07:53.864080,FLYER62,21-46091,5121,28000,28.4,48.4,KC-46A Pegasus,,,,False,mode_s
ae0414,2026-08-31 04:08:54.206121,UNK C/S,164387,3340,26000,40.01437,-122.136475,E-6B TACAMO,103,347,0,False,mlat
ae63c8,2026-08-31 04:08:54.206137,PETRO71,21-46092,1403,2125,38.331272,-121.678482,KC-46A Pegasus,40,256,67,False,mlat
ae035f,2026-08-31 04:08:54.206144,RATS49,58-0085,2646,27000,33.184406,-119.451416,KC-135R Stratotanker,78,457,0,False,mlat
ae63c6,2026-08-31 04:08:54.206149,PETRO61,21-46090,1536,38025,41.484364,-103.565819,KC-46A Pegasus,272,399,0,False,mlat
ae1460,2026-08-31 04:08:54.206154,BLINR01,06-6162,1745,37000,33.797077,-97.822762,C-17A Globemaster,119,400,0,False,mlat
ae1177,2026-08-31 04:08:54.206160,VOLT97,02-1105,1112,10575,31.357351,-91.886482,C-17A Globemaster,269,304,,False,mlat
ae1197,2026-08-31 04:08:54.206165,RCH3260,03-3114,4044,36000,40.29039,-88.379395,C-17A Globemaster,268,432,0,False,adsb_icao
ae2fb0,2026-08-31 04:08:54.206171,RCH163,08-8204,1662,27000,36.178795,-77.040321,C-17A Globemaster,35,460,0,False,mlat
af0f64,2026-08-31 04:08:54.206175,UNK C/S,,7156,2300,42.036133,-72.561295,E-6B TACAMO,220,147,-180,False,mlat
ae08e3,2026-08-31 04:08:54.206178,RCH277,00-0183,0767,34000,45.969116,-70.993469,C-17A Globemaster,206,466,0,False,mlat
ae10b8,2026-08-31 04:08:54.206184,ELVIS63,01-0189,7644,35000,55.763535,-9.065801,C-17A Globemaster,96,477,-32,False,adsb_icao
ae10bd,2026-08-31 04:08:54.206188,RCH329,01-0194,2214,33000,55.199734,-5.313388,C-17A Globemaster,140,475,32,False,adsb_icao
ae07f6,2026-08-31 04:08:54.206191,RCH401,97-0044,6471,38000,40.486549,24.302156,C-17A Globemaster,337,404,0,False,mlat
87cdf4,2026-08-31 04:08:54.206203,HARGR51,54-3616,7340,21850,34.983913,132.730515,KC-46A Pegasus,219,381,2560,False,adsb_icao
87cc0a,2026-08-31 04:08:54.206208,GALOP61,07-3604,5343,775,36.131927,140.392746,KC-46A Pegasus,19,135,-576,False,adsb_icao
ae07be,2026-08-31 04:08:54.206218,UNK C/S,62-3578,1143,28000,25.3,50.0,KC-135R Stratotanker,302,452,64,False,mode_s
ae5e11,2026-08-31 04:08:54.206224,UNK C/S,17-46036,5213,28000,28.4,48.4,KC-46A Pegasus,,,,False,mode_s
afa175,2026-08-31 04:08:54.206230,FLYER63,19-46111,3276,20500,25.6,56.4,KC-46A Pegasus,,,,False,mode_s
800791,2026-08-31 04:08:54.206233,TITAN,CB-8004,5100,15125,29.7,75.8,C-17A Globemaster,,,,False,mode_s
ae574d,2026-08-31 04:08:54.206237,UNK C/S,19-46007,0713,22000,28.4,48.4,KC-46A Pegasus,,,,False,mode_s
ae63c7,2026-08-31 04:08:54.206240,FLYER62,21-46091,5121,28000,28.4,48.4,KC-46A Pegasus,,,,False,mode_s
ae0414,2026-08-31 04:09:54.664540,UNK C/S,164387,3340,26000,40.031414,-122.026512,E-6B TACAMO,55,332,0,False,mlat
ae63c8,2026-08-31 04:09:54.664555,PETRO71,21-46092,1403,2125,38.381538,-121.697105,KC-46A Pegasus,301,214,0,False,mlat
ae035f,2026-08-31 04:09:54.664561,RATS49,58-0085,2646,27000,33.21526,-119.298401,KC-135R Stratotanker,76,497,0,False,mlat
ae63c6,2026-08-31 04:09:54.664567,PETRO61,21-46090,1536,38025,41.490395,-103.707596,KC-46A Pegasus,261,362,0,False,mlat
ae1460,2026-08-31 04:09:54.664571,BLINR01,06-6162,1745,37000,33.739109,-97.684624,C-17A Globemaster,115,445,0,False,mlat
ae1177,2026-08-31 04:09:54.664576,VOLT97,02-1105,1112,9275,31.381514,-91.934654,C-17A Globemaster,271,288,-961,False,mlat
ae1197,2026-08-31 04:09:54.664580,RCH3260,03-3114,4044,36000,40.287796,-88.535263,C-17A Globemaster,268,430,0,False,adsb_icao
ae2fb0,2026-08-31 04:09:54.664586,RCH163,08-8204,1662,27000,36.267429,-76.962563,C-17A Globemaster,38,453,0,False,mlat
af0f64,2026-08-31 04:09:54.664590,UNK C/S,,7156,1550,42.002556,-72.589455,E-6B TACAMO,225,121,-689,False,mlat
ae08e3,2026-08-31 04:09:54.664593,RCH277,00-0183,0767,34000,45.855793,-71.075691,C-17A Globemaster,208,464,0,False,mlat
ae10b8,2026-08-31 04:09:54.664598,ELVIS63,01-0189,7644,35000,55.7477,-8.834896,C-17A Globemaster,97,475,-32,False,adsb_icao
ae10bd,2026-08-31 04:09:54.664602,RCH329,01-0194,2214,33000,55.099457,-5.168179,C-17A Globemaster,140,470,128,False,adsb_icao
ae07f6,2026-08-31 04:09:54.664605,RCH401,97-0044,6471,38000,40.584175,24.246853,C-17A Globemaster,337,402,0,False,mlat
87cdf4,2026-08-31 04:09:54.664615,HARGR51,54-3616,7340,24000,34.911896,132.634048,KC-46A Pegasus,229,392,2048,False,adsb_icao
87cc0a,2026-08-31 04:09:54.664621,GALOP61,07-3604,5343,200,36.165848,140.408707,KC-46A Pegasus,19,131,-640,False,adsb_icao
ae07be,2026-08-31 04:09:54.664630,UNK C/S,62-3578,1143,28000,25.2,50.0,KC-135R Stratotanker,302,454,0,False,mode_s
ae5e11,2026-08-31 04:09:54.664636,UNK C/S,17-46036,5213,28000,28.4,48.4,KC-46A Pegasus,,,,False,mode_s
ae058a,2026-08-31 04:09:54.664641,RCH1812,87-0045,Unavailable,Unavailable,34.9,-12.0,C-5M Galaxy,,,,False,mode_s
afa175,2026-08-31 04:09:54.664645,FLYER63,19-46111,3276,20500,25.6,59.4,KC-46A Pegasus,,,,False,mode_s
800791,2026-08-31 04:09:54.664648,TITAN,CB-8004,5100,16325,29.9,75.6,C-17A Globemaster,,,,False,mode_s
ae574d,2026-08-31 04:09:54.664670,UNK C/S,19-46007,0713,22000,28.4,48.4,KC-46A Pegasus,,,,False,mode_s
ae63c7,2026-08-31 04:09:54.664676,FLYER62,21-46091,5121,28025,28.4,48.4,KC-46A Pegasus,,,,False,mode_s
ae0414,2026-08-31 04:10:55.150937,UNK C/S,164387,3340,26000,40.102222,-121.973961,E-6B TACAMO,5,308,0,False,mlat
ae63c8,2026-08-31 04:10:55.150952,PETRO71,21-46092,1403,2125,38.374611,-121.763046,KC-46A Pegasus,250,172,0,False,mlat
ae035f,2026-08-31 04:10:55.150958,RATS49,58-0085,2646,27000,33.244705,-119.156029,KC-135R Stratotanker,78,436,0,False,mlat
ae63c6,2026-08-31 04:10:55.150963,PETRO61,21-46090,1536,38025,41.489555,-103.850449,KC-46A Pegasus,277,387,37,False,mlat
ae1460,2026-08-31 04:10:55.150968,BLINR01,06-6162,1745,37000,33.683651,-97.553421,C-17A Globemaster,116,438,0,False,mlat
ae1177,2026-08-31 04:10:55.150973,VOLT97,02-1105,1112,7850,31.353064,-92.05162,C-17A Globemaster,269,291,-1389,False,mlat
ae1197,2026-08-31 04:10:55.150978,RCH3260,03-3114,4044,36000,40.284943,-88.692139,C-17A Globemaster,268,432,0,False,adsb_icao
ae2fb0,2026-08-31 04:10:55.150984,RCH163,08-8204,1662,27000,36.386471,-76.859581,C-17A Globemaster,34,452,0,False,mlat
af0f64,2026-08-31 04:10:55.150988,UNK C/S,,7156,850,41.948715,-72.612244,E-6B TACAMO,214,182,-628,False,mlat
ae08e3,2026-08-31 04:10:55.150991,RCH277,00-0183,0767,34000,45.745686,-71.161072,C-17A Globemaster,210,455,0,False,mlat
ae10b8,2026-08-31 04:10:55.150996,ELVIS63,01-0189,7644,35000,55.731129,-8.59972,C-17A Globemaster,97,477,0,False,adsb_icao
ae10bd,2026-08-31 04:10:55.150999,RCH329,01-0194,2214,33000,54.998535,-5.023332,C-17A Globemaster,140,470,-160,False,adsb_icao
ae07f6,2026-08-31 04:10:55.151002,RCH401,97-0044,6471,38000,40.691872,24.185484,C-17A Globemaster,337,392,0,False,mlat
87cdf4,2026-08-31 04:10:55.151014,HARGR51,54-3616,7340,25875,34.838718,132.530884,KC-46A Pegasus,229,406,1920,False,adsb_icao
87cc0a,2026-08-31 04:10:55.151020,GALOP61,07-3604,5343,1675,36.202972,140.42691,KC-46A Pegasus,39,157,2112,False,adsb_icao
ae07be,2026-08-31 04:10:55.151029,UNK C/S,62-3578,1143,28000,25.4,50.2,KC-135R Stratotanker,302,454,0,False,mode_s
ae5e11,2026-08-31 04:10:55.151035,UNK C/S,17-46036,5213,28025,28.4,48.4,KC-46A Pegasus,,,,False,mode_s
ae058a,2026-08-31 04:10:55.151041,RCH1812,87-0045,3304,38000,34.9,-12.0,C-5M Galaxy,,,,False,mode_s
afa175,2026-08-31 04:10:55.151044,FLYER63,19-46111,3276,20500,25.7,60.7,KC-46A Pegasus,,,,False,mode_s
800791,2026-08-31 04:10:55.151048,TITAN,CB-8004,5100,16300,29.8,75.6,C-17A Globemaster,,,,False,mode_s
ae574d,2026-08-31 04:10:55.151051,UNK C/S,19-46007,0713,22025,28.4,48.4,KC-46A Pegasus,,,,False,mode_s
ae63c7,2026-08-31 04:10:55.151054,FLYER62,21-46091,5121,28000,28.4,48.4,KC-46A Pegasus,,,,False,mode_s
ae0414,2026-08-31 04:11:55.477432,UNK C/S,164387,3340,26000,40.190239,-121.985153,E-6B TACAMO,350,302,0,False,mlat
ae63c8,2026-08-31 04:11:55.477449,PETRO71,21-46092,1403,1800,38.34766,-121.806839,KC-46A Pegasus,222,145,-772,False,mlat
ae035f,2026-08-31 04:11:55.477456,RATS49,58-0085,2646,27000,33.26897,-119.002151,KC-135R Stratotanker,80,441,0,False,mlat
ae63c6,2026-08-31 04:11:55.477461,PETRO61,21-46090,1536,38025,41.498951,-103.997841,KC-46A Pegasus,270,397,0,False,mlat
ae1460,2026-08-31 04:11:55.477466,BLINR01,06-6162,1745,37000,33.618996,-97.412354,C-17A Globemaster,118,447,0,False,mlat
ae1197,2026-08-31 04:11:55.477472,RCH3260,03-3114,4044,36000,40.281792,-88.850746,C-17A Globemaster,268,435,0,False,adsb_icao
ae2fb0,2026-08-31 04:11:55.477478,RCH163,08-8204,1662,27000,36.484146,-76.775673,C-17A Globemaster,35,449,0,False,mlat
af0f64,2026-08-31 04:11:55.477482,UNK C/S,,7156,125,41.952606,-72.667625,E-6B TACAMO,220,151,-791,False,mlat
ae08e3,2026-08-31 04:11:55.477485,RCH277,00-0183,0767,34000,45.631676,-71.24501,C-17A Globemaster,207,449,0,False,mlat
ae10b8,2026-08-31 04:11:55.477490,ELVIS63,01-0189,7644,34425,55.714138,-8.363857,C-17A Globemaster,97,484,-1920,False,adsb_icao
ae10bd,2026-08-31 04:11:55.477494,RCH329,01-0194,2214,33000,54.896759,-4.878253,C-17A Globemaster,140,469,-96,False,adsb_icao
ae07f6,2026-08-31 04:11:55.477498,RCH401,97-0044,6471,38000,40.785564,24.131161,C-17A Globemaster,336,398,0,False,mlat
87cdf4,2026-08-31 04:11:55.477509,HARGR51,54-3616,7340,27725,34.76358,132.425308,KC-46A Pegasus,229,414,1472,False,adsb_icao
87cc0a,2026-08-31 04:11:55.477516,GALOP61,07-3604,5343,1975,36.191853,140.479553,KC-46A Pegasus,122,179,-64,False,adsb_icao
ae574d,2026-08-31 04:11:55.477526,UNK C/S,19-46007,0713,22000,28.4,48.4,KC-46A Pegasus,,,,False,mode_s
ae5e11,2026-08-31 04:11:55.477530,UNK C/S,17-46036,5213,28000,28.4,48.4,KC-46A Pegasus,,,,False,mode_s
afa175,2026-08-31 04:11:55.477535,FLYER63,19-46111,3276,20500,25.0,60.1,KC-46A Pegasus,,,,False,mode_s
ae1177,2026-08-31 04:11:55.477541,VOLT97,02-1105,1112,6325,31.5,-92.6,C-17A Globemaster,,,,False,mode_s
ae058a,2026-08-31 04:11:55.477545,RCH1812,87-0045,3304,38000,34.9,-12.0,C-5M Galaxy,,,,False,mode_s
ae07be,2026-08-31 04:11:55.477549,UNK C/S,62-3578,1143,28000,25.1,49.7,KC-135R Stratotanker,309,452,0,False,mode_s
800791,2026-08-31 04:11:55.477554,TITAN,CB-8004,5100,16300,29.0,76.5,C-17A Globemaster,,,,False,mode_s
ae63c7,2026-08-31 04:11:55.477557,FLYER62,21-46091,5121,28025,28.4,48.4,KC-46A Pegasus,,,,False,mode_s
ae0414,2026-08-31 04:12:55.893133,UNK C/S,164387,3340,26000,40.275845,-122.000984,E-6B TACAMO,351,314,0,False,mlat
ae63c8,2026-08-31 04:12:55.893148,PETRO71,21-46092,1403,1175,38.320702,-121.843918,KC-46A Pegasus,224,126,-616,False,mlat
ae035f,2026-08-31 04:12:55.893155,RATS49,58-0085,2646,27000,33.297668,-118.853348,KC-135R Stratotanker,76,511,0,False,mlat
ae63c6,2026-08-31 04:12:55.893160,PETRO61,21-46090,1536,38025,41.486324,-104.169037,KC-46A Pegasus,264,402,56,False,mlat
ae1460,2026-08-31 04:12:55.893165,BLINR01,06-6162,1745,37000,33.565853,-97.285576,C-17A Globemaster,117,445,0,False,mlat
ae1177,2026-08-31 04:12:55.893170,VOLT97,02-1105,1112,4850,31.357134,-92.230171,C-17A Globemaster,271,279,-1516,False,mlat
ae1197,2026-08-31 04:12:55.893174,RCH3260,03-3114,4044,36000,40.278488,-89.008179,C-17A Globemaster,268,437,0,False,adsb_icao
ae2fb0,2026-08-31 04:12:55.893182,RCH163,08-8204,1662,27000,36.593807,-76.681847,C-17A Globemaster,34,443,0,False,mlat
ae08e3,2026-08-31 04:12:55.893185,RCH277,00-0183,0767,33975,45.52346,-71.324699,C-17A Globemaster,206,461,-76,False,mlat
ae10b8,2026-08-31 04:12:55.893190,ELVIS63,01-0189,7644,32525,55.696865,-8.132029,C-17A Globemaster,97,474,-2016,False,adsb_icao
ae10bd,2026-08-31 04:12:55.893193,RCH329,01-0194,2214,33000,54.796829,-4.736642,C-17A Globemaster,140,462,-96,False,adsb_icao
ae07f6,2026-08-31 04:12:55.893197,RCH401,97-0044,6471,38000,40.897266,24.067415,C-17A Globemaster,338,420,0,False,mlat
87cdf4,2026-08-31 04:12:55.893209,HARGR51,54-3616,7340,28000,34.68877,132.320831,KC-46A Pegasus,229,410,0,False,adsb_icao
87cc0a,2026-08-31 04:12:55.893216,GALOP61,07-3604,5343,1975,36.16555,140.531387,KC-46A Pegasus,138,183,0,False,adsb_icao
ae574d,2026-08-31 04:12:55.893226,UNK C/S,19-46007,0713,22000,28.4,48.4,KC-46A Pegasus,,,,False,mode_s
ae5e11,2026-08-31 04:12:55.893230,UNK C/S,17-46036,0716,27325,28.4,48.4,KC-46A Pegasus,,,,False,mode_s
afa175,2026-08-31 04:12:55.893235,FLYER63,19-46111,3276,20500,25.0,59.6,KC-46A Pegasus,,,,False,mode_s
ae058a,2026-08-31 04:12:55.893242,RCH1812,87-0045,3304,38000,34.9,-12.0,C-5M Galaxy,,,,False,mode_s
ae07be,2026-08-31 04:12:55.893246,UNK C/S,62-3578,1143,28000,25.1,49.7,KC-135R Stratotanker,311,454,-32,False,mode_s
800791,2026-08-31 04:12:55.893252,TITAN,CB-8004,5100,16275,29.6,75.9,C-17A Globemaster,,,,False,mode_s
ae63c7,2026-08-31 04:12:55.893255,FLYER62,21-46091,5121,28000,28.4,48.4,KC-46A Pegasus,,,,False,mode_s
ae0414,2026-08-31 04:13:56.259685,UNK C/S,164387,3340,26000,40.358013,-122.016418,E-6B TACAMO,352,309,0,False,mlat
ae63c8,2026-08-31 04:13:56.259701,PETRO71,21-46092,1403,550,38.298382,-121.875488,KC-46A Pegasus,223,126,-573,False,mlat
ae035f,2026-08-31 04:13:56.259707,RATS49,58-0085,2646,27000,33.323246,-118.704002,KC-135R Stratotanker,79,453,0,False,mlat
ae63c6,2026-08-31 04:13:56.259713,PETRO61,21-46090,1536,38025,41.476032,-104.305405,KC-46A Pegasus,263,404,76,False,mlat
ae1460,2026-08-31 04:13:56.259717,BLINR01,06-6162,1745,37000,33.511379,-97.160446,C-17A Globemaster,117,444,0,False,mlat
ae1197,2026-08-31 04:13:56.259722,RCH3260,03-3114,4044,36000,40.274918,-89.167114,C-17A Globemaster,268,436,64,False,adsb_icao
ae2fb0,2026-08-31 04:13:56.259728,RCH163,08-8204,1662,27000,36.696949,-76.592583,C-17A Globemaster,35,447,0,False,mlat
ae08e3,2026-08-31 04:13:56.259731,RCH277,00-0183,0767,34000,45.387978,-71.340927,C-17A Globemaster,181,490,4,False,mlat
ae10b8,2026-08-31 04:13:56.259735,ELVIS63,01-0189,7644,30575,55.679077,-7.89892,C-17A Globemaster,97,478,-1760,False,adsb_icao
ae10bd,2026-08-31 04:13:56.259738,RCH329,01-0194,2214,33000,54.697266,-4.596405,C-17A Globemaster,140,455,96,False,adsb_icao
ae07f6,2026-08-31 04:13:56.259741,RCH401,97-0044,6471,38000,40.99548,24.010628,C-17A Globemaster,336,402,0,False,mlat
87cdf4,2026-08-31 04:13:56.259753,HARGR51,54-3616,7340,28000,34.613708,132.215866,KC-46A Pegasus,228,408,0,False,adsb_icao
87cc0a,2026-08-31 04:13:56.259759,GALOP61,07-3604,5343,1975,36.113457,140.51619,KC-46A Pegasus,205,203,-64,False,adsb_icao
ae574d,2026-08-31 04:13:56.259770,UNK C/S,19-46007,0713,22000,28.4,48.4,KC-46A Pegasus,,,,False,mode_s
ae5e11,2026-08-31 04:13:56.259773,UNK C/S,17-46036,0716,26150,28.4,48.4,KC-46A Pegasus,,,,False,mode_s
afa175,2026-08-31 04:13:56.259779,FLYER63,19-46111,3276,20500,25.4,57.3,KC-46A Pegasus,,,,False,mode_s
ae1177,2026-08-31 04:13:56.259784,VOLT97,02-1105,1112,4075,32.0,-92.4,C-17A Globemaster,,,,False,mode_s
ae058a,2026-08-31 04:13:56.259788,RCH1812,87-0045,3304,38000,34.9,-12.0,C-5M Galaxy,96,480,32,False,mode_s
ae07be,2026-08-31 04:13:56.259792,UNK C/S,62-3578,1143,28000,27.4,49.6,KC-135R Stratotanker,311,454,64,False,mode_s
800791,2026-08-31 04:13:56.259797,TITAN,CB-8004,5100,16125,29.9,75.6,C-17A Globemaster,,,,False,mode_s
ae63c7,2026-08-31 04:13:56.259801,FLYER62,21-46091,5121,28025,28.4,48.4,KC-46A Pegasus,,,,False,mode_s
ae0414,2026-08-31 04:14:56.723252,UNK C/S,164387,3340,26000,40.450802,-122.032967,E-6B TACAMO,352,319,0,False,mlat
ae035f,2026-08-31 04:14:56.723267,RATS49,58-0085,2646,27000,33.3755,-118.566193,KC-135R Stratotanker,49,451,-43,False,mlat
ae63c6,2026-08-31 04:14:56.723275,PETRO61,21-46090,1536,38000,41.464535,-104.46286,KC-46A Pegasus,263,392,0,False,mlat
ae1460,2026-08-31 04:14:56.723280,BLINR01,06-6162,1745,37000,33.451275,-97.020073,C-17A Globemaster,116,464,0,False,mlat
ae1197,2026-08-31 04:14:56.723287,RCH3260,03-3114,4044,36000,40.271084,-89.327965,C-17A Globemaster,268,436,64,False,adsb_icao
ae2fb0,2026-08-31 04:14:56.723293,RCH163,08-8204,1662,27000,36.805992,-76.49868,C-17A Globemaster,34,454,0,False,mlat
ae08e3,2026-08-31 04:14:56.723297,RCH277,00-0183,0767,34000,45.248787,-71.348282,C-17A Globemaster,182,476,-25,False,mlat
ae10b8,2026-08-31 04:14:56.723303,ELVIS63,01-0189,7644,29200,55.660492,-7.661799,C-17A Globemaster,97,476,-1248,False,adsb_icao
ae10bd,2026-08-31 04:14:56.723306,RCH329,01-0194,2214,33000,54.597839,-4.45738,C-17A Globemaster,141,457,192,False,adsb_icao
ae07f6,2026-08-31 04:14:56.723309,RCH401,97-0044,6471,38000,41.113655,23.941628,C-17A Globemaster,337,409,0,False,mlat
87cdf4,2026-08-31 04:14:56.723323,HARGR51,54-3616,7340,28000,34.538498,132.111328,KC-46A Pegasus,228,408,0,False,adsb_icao
87cc0a,2026-08-31 04:14:56.723330,GALOP61,07-3604,5343,1950,36.060993,140.486389,KC-46A Pegasus,204,201,-512,False,adsb_icao
ae574d,2026-08-31 04:14:56.723341,UNK C/S,19-46007,0713,22000,28.4,48.4,KC-46A Pegasus,,,,False,mode_s
ae5e11,2026-08-31 04:14:56.723345,UNK C/S,17-46036,0716,24975,28.4,48.4,KC-46A Pegasus,,,,False,mode_s
afa175,2026-08-31 04:14:56.723351,FLYER63,19-46111,3276,20500,25.4,57.4,KC-46A Pegasus,,,,False,mode_s
ae1177,2026-08-31 04:14:56.723356,VOLT97,02-1105,1112,2950,31.7,-92.5,C-17A Globemaster,,,,False,mode_s
ae058a,2026-08-31 04:14:56.723360,RCH1812,87-0045,3304,38000,38.6,-9.6,C-5M Galaxy,96,480,-32,False,mode_s
ae07be,2026-08-31 04:14:56.723364,UNK C/S,62-3578,1143,28000,25.1,49.7,KC-135R Stratotanker,311,454,0,False,mode_s
800791,2026-08-31 04:14:56.723369,TITAN,CB-8004,5100,16100,29.9,75.6,C-17A Globemaster,,,,False,mode_s
ae63c7,2026-08-31 04:14:56.723373,FLYER62,21-46091,5121,28000,28.4,48.4,KC-46A Pegasus,,,,False,mode_s
ae0414,2026-08-31 04:15:57.160305,UNK C/S,164387,3340,26000,40.522072,-122.083855,E-6B TACAMO,309,324,0,False,mlat
ae035f,2026-08-31 04:15:57.160322,RATS49,58-0085,2646,27000,33.458225,-118.438866,KC-135R Stratotanker,54,467,0,False,mlat
ae63c6,2026-08-31 04:15:57.160328,PETRO61,21-46090,1536,38025,41.451324,-104.612801,KC-46A Pegasus,259,438,0,False,mlat
ae1460,2026-08-31 04:15:57.160334,BLINR01,06-6162,1745,37000,33.392925,-96.887451,C-17A Globemaster,117,437,0,False,mlat
ae1197,2026-08-31 04:15:57.160339,RCH3260,03-3114,4044,36000,40.267044,-89.485291,C-17A Globemaster,268,432,0,False,adsb_icao
ae2fb0,2026-08-31 04:15:57.160344,RCH163,08-8204,1662,27000,36.906834,-76.410538,C-17A Globemaster,35,454,0,False,mlat
ae08e3,2026-08-31 04:15:57.160348,RCH277,00-0183,0767,34025,45.126659,-71.355545,C-17A Globemaster,184,482,-69,False,mlat
ae10b8,2026-08-31 04:15:57.160353,ELVIS63,01-0189,7644,28000,55.642044,-7.431668,C-17A Globemaster,98,477,-1696,False,adsb_icao
ae10bd,2026-08-31 04:15:57.160356,RCH329,01-0194,2214,33000,54.49855,-4.319404,C-17A Globemaster,141,462,0,False,adsb_icao
ae07f6,2026-08-31 04:15:57.160359,RCH401,97-0044,6471,38000,41.211197,23.885733,C-17A Globemaster,336,411,0,False,mlat
87cdf4,2026-08-31 04:15:57.160370,HARGR51,54-3616,7340,28000,34.463791,132.007568,KC-46A Pegasus,228,408,0,False,adsb_icao
87cc0a,2026-08-31 04:15:57.160376,GALOP61,07-3604,5343,1500,36.011181,140.457642,KC-46A Pegasus,206,198,-128,False,adsb_icao
ae574d,2026-08-31 04:15:57.160386,UNK C/S,19-46007,0713,22000,28.4,48.4,KC-46A Pegasus,,,,False,mode_s
ae5e11,2026-08-31 04:15:57.160389,UNK C/S,17-46036,0716,25025,28.4,48.4,KC-46A Pegasus,,,,False,mode_s
afa175,2026-08-31 04:15:57.160395,FLYER63,19-46111,3276,20525,25.2,58.2,KC-46A Pegasus,,,,False,mode_s
ae1177,2026-08-31 04:15:57.160401,VOLT97,02-1105,1112,Unavailable,31.5,-92.5,C-17A Globemaster,,,,False,mode_s
ae058a,2026-08-31 04:15:57.160405,RCH1812,87-0045,3304,38000,38.2,-9.8,C-5M Galaxy,96,478,0,False,mode_s
ae07be,2026-08-31 04:15:57.160408,UNK C/S,62-3578,1143,28000,28.4,48.4,KC-135R Stratotanker,311,456,128,False,mode_s
800791,2026-08-31 04:15:57.160413,TITAN,CB-8004,5100,16125,30.0,75.5,C-17A Globemaster,,,,False,mode_s
ae63c7,2026-08-31 04:15:57.160417,FLYER62,21-46091,5121,28000,28.4,48.4,KC-46A Pegasus,,,,False,mode_s
ae0414,2026-08-31 04:16:57.697406,UNK C/S,164387,3340,26000,40.542953,-122.188019,E-6B TACAMO,260,323,0,False,mlat
ae035f,2026-08-31 04:16:57.697422,RATS49,58-0085,2646,27000,33.536003,-118.313568,KC-135R Stratotanker,52,459,0,False,mlat
ae63c6,2026-08-31 04:16:57.697429,PETRO61,21-46090,1536,38025,41.442394,-104.749802,KC-46A Pegasus,262,401,81,False,mlat
ae1460,2026-08-31 04:16:57.697435,BLINR01,06-6162,1745,37000,33.336182,-96.758423,C-17A Globemaster,116,422,0,False,mlat
ae1197,2026-08-31 04:16:57.697441,RCH3260,03-3114,4044,36000,40.262878,-89.643677,C-17A Globemaster,267,435,0,False,adsb_icao
ae2fb0,2026-08-31 04:16:57.697448,RCH163,08-8204,1662,27000,37.010689,-76.31929,C-17A Globemaster,35,470,0,False,mlat
ae08e3,2026-08-31 04:16:57.697452,RCH277,00-0183,0767,34025,44.981674,-71.364319,C-17A Globemaster,182,478,78,False,mlat
ae10b8,2026-08-31 04:16:57.697458,ELVIS63,01-0189,7644,26300,55.622803,-7.198963,C-17A Globemaster,98,474,-1728,False,adsb_icao
ae10bd,2026-08-31 04:16:57.697462,RCH329,01-0194,2214,33000,54.402573,-4.172641,C-17A Globemaster,120,464,-32,False,adsb_icao
ae07f6,2026-08-31 04:16:57.697466,RCH401,97-0044,2643,38000,41.313736,23.826084,C-17A Globemaster,337,420,0,False,mlat
87cdf4,2026-08-31 04:16:57.697481,HARGR51,54-3616,7340,28000,34.388535,131.903488,KC-46A Pegasus,228,411,0,False,adsb_icao
87cc0a,2026-08-31 04:16:57.697488,GALOP61,07-3604,5343,1475,36.002617,140.398209,KC-46A Pegasus,279,188,64,False,adsb_icao
ae574d,2026-08-31 04:16:57.697501,UNK C/S,19-46007,0713,Unavailable,28.4,48.4,KC-46A Pegasus,,,,False,mode_s
ae5e11,2026-08-31 04:16:57.697504,UNK C/S,17-46036,0716,25000,28.4,48.4,KC-46A Pegasus,,,,False,mode_s
ae5e12,2026-08-31 04:16:57.697511,FLYER59,17-46037,1530,975,26.1,50.2,KC-46A Pegasus,,,,False,mode_s
afa175,2026-08-31 04:16:57.697515,FLYER63,19-46111,3276,20500,25.3,57.6,KC-46A Pegasus,,,,False,mode_s
ae1177,2026-08-31 04:16:57.697520,VOLT97,02-1105,1112,Unavailable,31.4,-92.5,C-17A Globemaster,,,,False,mode_s
ae058a,2026-08-31 04:16:57.697523,RCH1812,87-0045,3304,38000,34.9,-12.0,C-5M Galaxy,96,478,0,False,mode_s
ae07be,2026-08-31 04:16:57.697527,UNK C/S,62-3578,1143,28000,25.1,49.7,KC-135R Stratotanker,311,454,-32,False,mode_s
800791,2026-08-31 04:16:57.697532,TITAN,CB-8004,5100,16125,29.9,75.5,C-17A Globemaster,,,,False,mode_s
ae63c7,2026-08-31 04:16:57.697536,FLYER62,21-46091,5121,28000,28.4,48.4,KC-46A Pegasus,,,,False,mode_s
ae0414,2026-08-31 04:17:58.099061,UNK C/S,164387,3340,26000,40.493893,-122.280167,E-6B TACAMO,210,338,0,False,mlat
ae035f,2026-08-31 04:17:58.099081,RATS49,58-0085,2646,26600,33.54892,-118.164421,KC-135R Stratotanker,106,419,-890,False,mlat
ae63c6,2026-08-31 04:17:58.099088,PETRO61,21-46090,1536,38025,41.429932,-104.903046,KC-46A Pegasus,265,394,0,False,mlat
ae1460,2026-08-31 04:17:58.099095,BLINR01,06-6162,1745,37000,33.276985,-96.623207,C-17A Globemaster,124,455,0,False,mlat
ae1197,2026-08-31 04:17:58.099101,RCH3260,03-3114,4044,36000,40.258469,-89.802307,C-17A Globemaster,267,435,0,False,adsb_icao
ae2fb0,2026-08-31 04:17:58.099108,RCH163,08-8204,1662,27000,37.113213,-76.229645,C-17A Globemaster,35,460,0,False,mlat
ae08e3,2026-08-31 04:17:58.099112,RCH277,00-0183,0767,34025,44.863777,-71.371391,C-17A Globemaster,181,469,-16,False,mlat
ae10b8,2026-08-31 04:17:58.099118,ELVIS63,01-0189,7644,24600,55.603249,-6.966619,C-17A Globemaster,98,475,-1760,False,adsb_icao
ae10bd,2026-08-31 04:17:58.099122,RCH329,01-0194,2214,33000,54.355774,-3.966064,C-17A Globemaster,111,460,0,False,adsb_icao
ae07f6,2026-08-31 04:17:58.099126,RCH401,97-0044,2643,38000,41.424545,23.76955,C-17A Globemaster,345,440,0,False,mlat
87cdf4,2026-08-31 04:17:58.099140,HARGR51,54-3616,7340,28000,34.312538,131.798798,KC-46A Pegasus,228,413,0,False,adsb_icao
87cc0a,2026-08-31 04:17:58.099148,GALOP61,07-3604,5343,1500,36.026917,140.352036,KC-46A Pegasus,352,168,-256,False,adsb_icao
ae574d,2026-08-31 04:17:58.099160,UNK C/S,19-46007,0713,22000,28.4,48.4,KC-46A Pegasus,,,,False,mode_s
ae5e11,2026-08-31 04:17:58.099164,UNK C/S,17-46036,0716,25000,28.4,48.4,KC-46A Pegasus,,,,False,mode_s
ae5e12,2026-08-31 04:17:58.099170,FLYER59,17-46037,1530,Unavailable,25.9,50.3,KC-46A Pegasus,,,,False,mode_s
afa175,2026-08-31 04:17:58.099174,FLYER63,19-46111,3276,20525,25.4,57.0,KC-46A Pegasus,,,,False,mode_s
ae1177,2026-08-31 04:17:58.099179,VOLT97,02-1105,1112,1550,31.4,-92.5,C-17A Globemaster,,,,False,mode_s
ae058a,2026-08-31 04:17:58.099183,RCH1812,87-0045,3304,38000,34.9,-12.0,C-5M Galaxy,96,478,0,False,mode_s
ae07be,2026-08-31 04:17:58.099188,UNK C/S,62-3578,1143,28000,28.2,48.7,KC-135R Stratotanker,312,446,0,False,mode_s
800791,2026-08-31 04:17:58.099193,TITAN,CB-8004,5100,16125,30.1,75.5,C-17A Globemaster,,,,False,mode_s
ae63c7,2026-08-31 04:17:58.099197,FLYER62,21-46091,5121,27950,28.4,48.4,KC-46A Pegasus,,,,False,mode_s
ae0414,2026-08-31 04:18:58.515940,UNK C/S,164387,3340,26000,40.409328,-122.294495,E-6B TACAMO,166,322,0,False,mlat
ae035f,2026-08-31 04:18:58.515956,RATS49,58-0085,2646,24650,33.495846,-118.038307,KC-135R Stratotanker,117,409,-1934,False,mlat
ae63c6,2026-08-31 04:18:58.515963,PETRO61,21-46090,1536,38000,41.41811,-105.044395,KC-46A Pegasus,263,404,-77,False,mlat
ae1460,2026-08-31 04:18:58.515969,BLINR01,06-6162,1745,37000,33.217396,-96.49044,C-17A Globemaster,117,454,0,False,mlat
ae1197,2026-08-31 04:18:58.515974,RCH3260,03-3114,4044,36000,40.253815,-89.961609,C-17A Globemaster,267,435,0,False,adsb_icao
ae2fb0,2026-08-31 04:18:58.515980,RCH163,08-8204,1662,26975,37.22084,-76.135666,C-17A Globemaster,37,450,-74,False,mlat
ae08e3,2026-08-31 04:18:58.515983,RCH277,00-0183,0767,34025,44.722675,-71.380875,C-17A Globemaster,183,477,51,False,mlat
ae10b8,2026-08-31 04:18:58.515988,ELVIS63,01-0189,7644,22850,55.584255,-6.744661,C-17A Globemaster,98,443,-2112,False,adsb_icao
ae10bd,2026-08-31 04:18:58.515991,RCH329,01-0194,2214,33000,54.309563,-3.760737,C-17A Globemaster,111,464,-128,False,adsb_icao
ae07f6,2026-08-31 04:18:58.515994,RCH401,97-0044,2643,38000,41.538639,23.746225,C-17A Globemaster,352,414,0,False,mlat
87cdf4,2026-08-31 04:18:58.516004,HARGR51,54-3616,7340,28000,34.236053,131.693512,KC-46A Pegasus,228,414,0,False,adsb_icao
87cc0a,2026-08-31 04:18:58.516010,GALOP61,07-3604,5343,1475,36.070816,140.366302,KC-46A Pegasus,20,163,-64,False,adsb_icao
ae574d,2026-08-31 04:18:58.516021,UNK C/S,19-46007,0713,22025,28.4,48.4,KC-46A Pegasus,,,,False,mode_s
ae5e11,2026-08-31 04:18:58.516024,UNK C/S,17-46036,0716,25000,28.4,48.4,KC-46A Pegasus,,,,False,mode_s
ae5e12,2026-08-31 04:18:58.516029,FLYER59,17-46037,1530,3575,26.1,50.9,KC-46A Pegasus,,,,False,mode_s
afa175,2026-08-31 04:18:58.516033,FLYER63,19-46111,3276,20500,25.5,56.4,KC-46A Pegasus,,,,False,mode_s
ae1177,2026-08-31 04:18:58.516038,VOLT97,02-1105,1112,650,31.3,-92.5,C-17A Globemaster,,,,False,mode_s
ae058a,2026-08-31 04:18:58.516041,RCH1812,87-0045,3304,38000,35.6,-7.5,C-5M Galaxy,96,476,32,False,mode_s
ae07be,2026-08-31 04:18:58.516045,UNK C/S,62-3578,1143,28000,27.5,49.6,KC-135R Stratotanker,311,440,0,False,mode_s
800791,2026-08-31 04:18:58.516049,TITAN,CB-8004,5100,16125,29.9,75.6,C-17A Globemaster,,,,False,mode_s
ae63c7,2026-08-31 04:18:58.516053,FLYER62,21-46091,5121,26825,28.4,48.4,KC-46A Pegasus,,,,False,mode_s
ae0414,2026-08-31 04:19:58.857645,UNK C/S,164387,3340,26000,40.318661,-122.27758,E-6B TACAMO,170,314,0,False,mlat
ae035f,2026-08-31 04:19:58.857683,RATS49,58-0085,2646,24000,33.450634,-117.926064,KC-135R Stratotanker,117,363,52,False,mlat
ae63c6,2026-08-31 04:19:58.857693,PETRO61,21-46090,1536,38025,41.406986,-105.194908,KC-46A Pegasus,265,408,18,False,mlat
ae1460,2026-08-31 04:19:58.857713,BLINR01,06-6162,1745,37000,33.160339,-96.3619,C-17A Globemaster,118,502,0,False,mlat
ae1197,2026-08-31 04:19:58.857718,RCH3260,03-3114,4044,36000,40.248974,-90.119286,C-17A Globemaster,267,432,0,False,adsb_icao
ae2fb0,2026-08-31 04:19:58.857724,RCH163,08-8204,1662,27000,37.318539,-76.049263,C-17A Globemaster,35,444,0,False,mlat
ae08e3,2026-08-31 04:19:58.857728,RCH277,00-0183,0767,34025,44.587627,-71.387802,C-17A Globemaster,182,480,-11,False,mlat
ae10b8,2026-08-31 04:19:58.857733,ELVIS63,01-0189,7644,19775,55.559509,-6.532621,C-17A Globemaster,104,431,-3200,False,adsb_icao
ae10bd,2026-08-31 04:19:58.857737,RCH329,01-0194,2214,33000,54.263336,-3.555047,C-17A Globemaster,111,459,-128,False,adsb_icao
ae07f6,2026-08-31 04:19:58.857740,RCH401,97-0044,2643,38000,41.657925,23.721201,C-17A Globemaster,350,412,0,False,mlat
87cdf4,2026-08-31 04:19:58.857754,HARGR51,54-3616,7340,28000,34.15966,131.588867,KC-46A Pegasus,228,413,0,False,adsb_icao
87cc0a,2026-08-31 04:19:58.857762,GALOP61,07-3604,5343,1200,36.10762,140.382782,KC-46A Pegasus,20,131,-832,False,adsb_icao
ae574d,2026-08-31 04:19:58.857773,UNK C/S,19-46007,0713,22000,28.4,48.4,KC-46A Pegasus,,,,False,mode_s
ae5e11,2026-08-31 04:19:58.857777,UNK C/S,17-46036,0716,25000,28.4,48.4,KC-46A Pegasus,,,,False,mode_s
ae5e12,2026-08-31 04:19:58.857782,FLYER59,17-46037,1530,Unavailable,26.0,51.0,KC-46A Pegasus,,,,False,mode_s
afa175,2026-08-31 04:19:58.857786,FLYER63,19-46111,3276,20500,25.6,57.1,KC-46A Pegasus,,,,False,mode_s
ae058a,2026-08-31 04:19:58.857791,RCH1812,87-0045,3304,38000,35.6,-7.4,C-5M Galaxy,96,474,-32,False,mode_s
ae07be,2026-08-31 04:19:58.857795,UNK C/S,62-3578,1143,28000,28.2,48.7,KC-135R Stratotanker,312,438,0,False,mode_s
800791,2026-08-31 04:19:58.857800,TITAN,CB-8004,5100,16125,30.0,75.5,C-17A Globemaster,,,,False,mode_s
ae63c7,2026-08-31 04:19:58.857804,FLYER62,21-46091,5121,24825,28.4,48.4,KC-46A Pegasus,,,,False,mode_s
ae0414,2026-08-31 04:20:59.513320,UNK C/S,164387,3340,26000,40.23407,-122.260735,E-6B TACAMO,172,308,0,False,mlat
ae035f,2026-08-31 04:20:59.513339,RATS49,58-0085,2646,23900,33.403618,-117.809486,KC-135R Stratotanker,115,386,-174,False,mlat
ae63c6,2026-08-31 04:20:59.513345,PETRO61,21-46090,1536,38025,41.393414,-105.336174,KC-46A Pegasus,262,371,77,False,mlat
ae1460,2026-08-31 04:20:59.513352,BLINR01,06-6162,1745,37000,33.102085,-96.226227,C-17A Globemaster,118,450,0,False,mlat
ae1197,2026-08-31 04:20:59.513356,RCH3260,03-3114,4044,36000,40.243927,-90.275452,C-17A Globemaster,267,430,0,False,adsb_icao
ae2fb0,2026-08-31 04:20:59.513361,RCH163,08-8204,1662,26925,37.431507,-75.947716,C-17A Globemaster,35,462,-116,False,mlat
ae08e3,2026-08-31 04:20:59.513365,RCH277,00-0183,0767,34000,44.460339,-71.396072,C-17A Globemaster,183,491,-16,False,mlat
ae10b8,2026-08-31 04:20:59.513370,ELVIS63,01-0189,7644,17075,55.540604,-6.332037,C-17A Globemaster,85,411,-2688,False,adsb_icao
ae10bd,2026-08-31 04:20:59.513374,RCH329,01-0194,2214,33000,54.217201,-3.351315,C-17A Globemaster,111,458,0,False,adsb_icao
ae07f6,2026-08-31 04:20:59.513377,RCH401,97-0044,2643,38000,41.768776,23.698996,C-17A Globemaster,351,414,0,False,mlat
87cdf4,2026-08-31 04:20:59.513387,HARGR51,54-3616,7340,28000,34.083824,131.485123,KC-46A Pegasus,228,413,0,False,adsb_icao
87cc0a,2026-08-31 04:20:59.513394,GALOP61,07-3604,5343,600,36.141853,140.398026,KC-46A Pegasus,19,128,-448,False,adsb_icao
ae574d,2026-08-31 04:20:59.513404,UNK C/S,19-46007,0713,22000,28.4,48.4,KC-46A Pegasus,,,,False,mode_s
ae5e11,2026-08-31 04:20:59.513407,UNK C/S,17-46036,0716,25000,28.4,48.4,KC-46A Pegasus,,,,False,mode_s
ae5e12,2026-08-31 04:20:59.513413,FLYER59,17-46037,1530,7475,25.9,51.1,KC-46A Pegasus,,,,False,mode_s
afa175,2026-08-31 04:20:59.513417,FLYER63,19-46111,3276,20500,25.3,57.8,KC-46A Pegasus,,,,False,mode_s
ae058a,2026-08-31 04:20:59.513423,RCH1812,87-0045,3304,38000,34.9,-12.0,C-5M Galaxy,97,474,0,False,mode_s
ae07be,2026-08-31 04:20:59.513426,UNK C/S,62-3578,1143,28000,28.4,48.4,KC-135R Stratotanker,312,442,0,False,mode_s
800791,2026-08-31 04:20:59.513431,TITAN,CB-8004,5100,16125,29.9,75.6,C-17A Globemaster,,,,False,mode_s
ae63c7,2026-08-31 04:20:59.513435,FLYER62,21-46091,5121,22650,28.4,48.4,KC-46A Pegasus,,,,False,mode_s
ae0414,2026-08-31 04:21:59.990210,UNK C/S,164387,3340,26000,40.148506,-122.243431,E-6B TACAMO,170,309,0,False,mlat
ae035f,2026-08-31 04:21:59.990227,RATS49,58-0085,2646,22100,33.35915,-117.702835,KC-135R Stratotanker,117,355,-1799,False,mlat
ae63c6,2026-08-31 04:21:59.990233,PETRO61,21-46090,1536,38025,41.37553,-105.485977,KC-46A Pegasus,263,388,-7,False,mlat
ae1460,2026-08-31 04:21:59.990240,BLINR01,06-6162,1745,37000,33.036224,-96.085106,C-17A Globemaster,117,489,0,False,mlat
ae1197,2026-08-31 04:21:59.990244,RCH3260,03-3114,4044,36000,40.238663,-90.433655,C-17A Globemaster,267,429,0,False,adsb_icao
ae2fb0,2026-08-31 04:21:59.990250,RCH163,08-8204,1662,25925,37.535969,-75.871841,C-17A Globemaster,32,398,-990,False,mlat
ae08e3,2026-08-31 04:21:59.990254,RCH277,00-0183,0767,34025,44.321148,-71.402794,C-17A Globemaster,182,485,75,False,mlat
ae10b8,2026-08-31 04:21:59.990258,ELVIS63,01-0189,7644,14725,55.552692,-6.132431,C-17A Globemaster,83,390,-1184,False,adsb_icao
ae10bd,2026-08-31 04:21:59.990262,RCH329,01-0194,2214,33000,54.170059,-3.1457,C-17A Globemaster,111,465,-64,False,adsb_icao
ae07f6,2026-08-31 04:21:59.990265,RCH401,97-0044,2643,38000,41.891964,23.672434,C-17A Globemaster,350,426,0,False,mlat
87cdf4,2026-08-31 04:21:59.990276,HARGR51,54-3616,7340,28000,34.005711,131.378799,KC-46A Pegasus,228,415,0,False,adsb_icao
87cc0a,2026-08-31 04:21:59.990283,GALOP61,07-3604,5343,175,36.166855,140.409195,KC-46A Pegasus,19,131,-448,False,adsb_icao
ae574d,2026-08-31 04:21:59.990293,UNK C/S,19-46007,0713,22000,28.4,48.4,KC-46A Pegasus,,,,False,mode_s
ae5e11,2026-08-31 04:21:59.990297,UNK C/S,17-46036,0716,25025,28.4,48.4,KC-46A Pegasus,,,,False,mode_s
ae5e12,2026-08-31 04:21:59.990302,FLYER59,17-46037,1530,Unavailable,25.7,50.9,KC-46A Pegasus,,,,False,mode_s
afa175,2026-08-31 04:21:59.990305,FLYER63,19-46111,3276,20500,25.6,56.4,KC-46A Pegasus,,,,False,mode_s
ae058a,2026-08-31 04:21:59.990310,RCH1812,87-0045,3304,38000,38.2,-9.8,C-5M Galaxy,97,474,32,False,mode_s
ae07be,2026-08-31 04:21:59.990314,UNK C/S,62-3578,1143,28000,27.9,48.9,KC-135R Stratotanker,312,444,0,False,mode_s
800791,2026-08-31 04:21:59.990318,TITAN,CB-8004,5100,16125,30.0,75.5,C-17A Globemaster,,,,False,mode_s
ae63c7,2026-08-31 04:21:59.990322,FLYER62,21-46091,5121,22000,28.2,48.7,KC-46A Pegasus,,,,False,mode_s
ae0414,2026-08-31 04:23:00.351901,UNK C/S,164387,3340,26000,40.06184,-122.218925,E-6B TACAMO,154,296,19,False,mlat
ae035f,2026-08-31 04:23:00.351919,RATS49,58-0085,2646,20550,33.313255,-117.592064,KC-135R Stratotanker,116,351,-1696,False,mlat
ae63c6,2026-08-31 04:23:00.351925,PETRO61,21-46090,1536,38025,41.368038,-105.629814,KC-46A Pegasus,262,395,74,False,mlat
ae1460,2026-08-31 04:23:00.351931,BLINR01,06-6162,1745,37000,32.981693,-95.960991,C-17A Globemaster,118,446,0,False,mlat
ae1197,2026-08-31 04:23:00.351936,RCH3260,03-3114,4044,36000,40.233261,-90.590149,C-17A Globemaster,267,432,0,False,adsb_icao
ae2fb0,2026-08-31 04:23:00.351941,RCH163,08-8204,1662,24925,37.653118,-75.820663,C-17A Globemaster,18,442,-946,False,mlat
ae08e3,2026-08-31 04:23:00.351945,RCH277,00-0183,0767,34025,44.190971,-71.410507,C-17A Globemaster,181,476,26,False,mlat
ae10b8,2026-08-31 04:23:00.351950,ELVIS63,01-0189,7644,13525,55.562981,-5.963688,C-17A Globemaster,83,315,-2720,False,adsb_icao
ae10bd,2026-08-31 04:23:00.351953,RCH329,01-0194,2214,33000,54.122562,-2.940539,C-17A Globemaster,111,461,-128,False,adsb_icao
ae07f6,2026-08-31 04:23:00.351956,RCH401,97-0044,2643,38000,42.003162,23.649351,C-17A Globemaster,353,412,0,False,mlat
87cdf4,2026-08-31 04:23:00.351967,HARGR51,54-3616,7340,28000,33.933975,131.269745,KC-46A Pegasus,241,419,0,False,adsb_icao
87cc0a,2026-08-31 04:23:00.351974,GALOP61,07-3604,5343,2025,36.204048,140.445709,KC-46A Pegasus,101,169,128,False,adsb_icao
ae574d,2026-08-31 04:23:00.351985,UNK C/S,19-46007,0713,22000,28.4,48.4,KC-46A Pegasus,,,,False,mode_s
ae5e11,2026-08-31 04:23:00.351988,UNK C/S,17-46036,0716,25000,28.4,48.4,KC-46A Pegasus,,,,False,mode_s
ae5e12,2026-08-31 04:23:00.351993,FLYER59,17-46037,1530,11325,25.4,50.3,KC-46A Pegasus,,,,False,mode_s
afa175,2026-08-31 04:23:00.351996,FLYER63,19-46111,3276,20525,25.4,57.1,KC-46A Pegasus,,,,False,mode_s
ae058a,2026-08-31 04:23:00.352001,RCH1812,87-0045,3304,38000,39.0,-9.5,C-5M Galaxy,97,476,-64,False,mode_s
ae07be,2026-08-31 04:23:00.352006,UNK C/S,62-3578,1143,28000,28.4,48.4,KC-135R Stratotanker,312,448,0,False,mode_s
800791,2026-08-31 04:23:00.352010,TITAN,CB-8004,5100,16125,29.8,75.6,C-17A Globemaster,,,,False,mode_s
ae63c7,2026-08-31 04:23:00.352013,FLYER62,21-46091,5121,22025,27.7,49.1,KC-46A Pegasus,,,,False,mode_s
ae0414,2026-08-31 04:24:00.795018,UNK C/S,164387,3340,26000,40.013977,-122.122078,E-6B TACAMO,97,357,0,False,mlat
ae035f,2026-08-31 04:24:00.795036,RATS49,58-0085,2646,19025,33.269814,-117.492249,KC-135R Stratotanker,117,337,-1454,False,mlat
ae63c6,2026-08-31 04:24:00.795042,PETRO61,21-46090,1536,38025,41.35532,-105.785133,KC-46A Pegasus,264,392,0,False,mlat
ae1460,2026-08-31 04:24:00.795048,BLINR01,06-6162,1745,37000,32.921268,-95.8284,C-17A Globemaster,117,441,0,False,mlat
ae1197,2026-08-31 04:24:00.795053,RCH3260,03-3114,4044,36000,40.227558,-90.748695,C-17A Globemaster,267,432,64,False,adsb_icao
ae2fb0,2026-08-31 04:24:00.795058,RCH163,08-8204,1662,24025,37.773819,-75.767021,C-17A Globemaster,22,413,-852,False,mlat
ae08e3,2026-08-31 04:24:00.795062,RCH277,00-0183,0767,34025,44.060253,-71.418594,C-17A Globemaster,183,478,-19,False,mlat
ae10b8,2026-08-31 04:24:00.795067,ELVIS63,01-0189,7644,11300,55.588631,-5.816746,C-17A Globemaster,71,307,-2080,False,adsb_icao
ae10bd,2026-08-31 04:24:00.795070,RCH329,01-0194,2214,33000,54.074661,-2.735596,C-17A Globemaster,111,463,-64,False,adsb_icao
ae07f6,2026-08-31 04:24:00.795073,RCH401,97-0044,2643,38000,42.118118,23.624594,C-17A Globemaster,350,406,0,False,mlat
87cdf4,2026-08-31 04:24:00.795083,HARGR51,54-3616,7340,28000,33.890263,131.137726,KC-46A Pegasus,249,422,0,False,adsb_icao
87cc0a,2026-08-31 04:24:00.795089,GALOP61,07-3604,5343,2000,36.172253,140.491241,KC-46A Pegasus,160,194,-128,False,adsb_icao
7cf86c,2026-08-31 04:24:00.795096,STAL22,A41-209,4507,2425,-27.678818,152.711716,C-17A Globemaster,217,176,3456,False,adsb_icao
ae574d,2026-08-31 04:24:00.795102,UNK C/S,19-46007,0713,22000,28.4,48.4,KC-46A Pegasus,,,,False,mode_s
ae5e11,2026-08-31 04:24:00.795106,UNK C/S,17-46036,0716,25025,28.4,48.4,KC-46A Pegasus,,,,False,mode_s
ae5e12,2026-08-31 04:24:00.795110,FLYER59,17-46037,1530,13000,25.5,50.3,KC-46A Pegasus,,,,False,mode_s
afa175,2026-08-31 04:24:00.795114,FLYER63,19-46111,3276,20500,25.4,57.1,KC-46A Pegasus,,,,False,mode_s
ae058a,2026-08-31 04:24:00.795120,RCH1812,87-0045,3304,38000,34.9,-12.0,C-5M Galaxy,97,478,0,False,mode_s
ae07be,2026-08-31 04:24:00.795123,UNK C/S,62-3578,1143,28000,28.4,48.4,KC-135R Stratotanker,307,446,-32,False,mode_s
800791,2026-08-31 04:24:00.795129,TITAN,CB-8004,5100,16125,29.7,75.7,C-17A Globemaster,,,,False,mode_s
ae63c7,2026-08-31 04:24:00.795133,FLYER62,21-46091,5121,22000,25.1,49.7,KC-46A Pegasus,,,,False,mode_s
ae0414,2026-08-31 04:25:01.210783,UNK C/S,164387,3340,26000,40.03936,-122.014473,E-6B TACAMO,47,344,0,False,mlat
ae035f,2026-08-31 04:25:01.210802,RATS49,58-0085,2646,19000,33.241928,-117.38356,KC-135R Stratotanker,91,357,0,False,mlat
ae63c6,2026-08-31 04:25:01.210809,PETRO61,21-46090,1536,38025,41.34304,-105.92791,KC-46A Pegasus,264,403,0,False,mlat
ae1460,2026-08-31 04:25:01.210815,BLINR01,06-6162,1745,37000,32.865391,-95.701294,C-17A Globemaster,118,477,0,False,mlat
ae1197,2026-08-31 04:25:01.210819,RCH3260,03-3114,4044,36000,40.221588,-90.90509,C-17A Globemaster,267,433,0,False,adsb_icao
ae2fb0,2026-08-31 04:25:01.210825,RCH163,08-8204,1662,23975,37.894676,-75.712181,C-17A Globemaster,21,438,-55,False,mlat
ae08e3,2026-08-31 04:25:01.210829,RCH277,00-0183,0767,34000,43.922932,-71.426826,C-17A Globemaster,183,475,-66,False,mlat
ae10b8,2026-08-31 04:25:01.210834,ELVIS63,01-0189,7644,9375,55.614609,-5.675383,C-17A Globemaster,72,292,-1792,False,adsb_icao
ae10bd,2026-08-31 04:25:01.210837,RCH329,01-0194,2214,33000,54.027328,-2.534624,C-17A Globemaster,111,460,0,False,adsb_icao
ae07f6,2026-08-31 04:25:01.210840,RCH401,97-0044,2643,38000,42.234921,23.599075,C-17A Globemaster,351,413,0,False,mlat
87cdf4,2026-08-31 04:25:01.210853,HARGR51,54-3616,7340,28000,33.849808,131.005493,KC-46A Pegasus,251,426,0,False,adsb_icao
87cc0a,2026-08-31 04:25:01.210860,GALOP61,07-3604,5343,1975,36.121929,140.514023,KC-46A Pegasus,161,193,-64,False,adsb_icao
7cf86c,2026-08-31 04:25:01.210867,STAL22,A41-209,4507,4125,-27.693924,152.647461,C-17A Globemaster,262,256,2912,False,adsb_icao
ae574d,2026-08-31 04:25:01.210874,UNK C/S,19-46007,0713,22000,28.4,48.4,KC-46A Pegasus,,,,False,mode_s
ae5e11,2026-08-31 04:25:01.210878,UNK C/S,17-46036,0716,25000,28.4,48.4,KC-46A Pegasus,,,,False,mode_s
ae63c8,2026-08-31 04:25:01.210882,PETRO71,21-46092,1403,Unavailable,38.2,-122.1,KC-46A Pegasus,,,,False,mode_s
ae5e12,2026-08-31 04:25:01.210886,FLYER59,17-46037,1530,15250,25.6,50.6,KC-46A Pegasus,,,,False,mode_s
afa175,2026-08-31 04:25:01.210890,FLYER63,19-46111,3276,20500,25.2,57.8,KC-46A Pegasus,,,,False,mode_s
ae058a,2026-08-31 04:25:01.210896,RCH1812,87-0045,3304,38000,38.6,-9.6,C-5M Galaxy,97,478,-32,False,mode_s
ae07be,2026-08-31 04:25:01.210900,UNK C/S,62-3578,1143,28000,28.4,48.4,KC-135R Stratotanker,306,446,0,False,mode_s
ae63c7,2026-08-31 04:25:01.210905,FLYER62,21-46091,5121,22000,28.2,48.7,KC-46A Pegasus,,,,False,mode_s
ae0414,2026-08-31 04:26:01.555418,UNK C/S,164387,3340,26000,40.113331,-121.974129,E-6B TACAMO,355,314,0,False,mlat
ae035f,2026-08-31 04:26:01.555437,RATS49,58-0085,2646,18425,33.242924,-117.265717,KC-135R Stratotanker,89,355,-1538,False,mlat
ae63c6,2026-08-31 04:26:01.555443,PETRO61,21-46090,1536,38025,41.327801,-106.073708,KC-46A Pegasus,263,405,67,False,mlat
ae1460,2026-08-31 04:26:01.555449,BLINR01,06-6162,1745,37000,32.804543,-95.568954,C-17A Globemaster,113,436,0,False,mlat
ae1197,2026-08-31 04:26:01.555454,RCH3260,03-3114,4044,36000,40.215454,-91.064049,C-17A Globemaster,266,435,0,False,adsb_icao
ae2fb0,2026-08-31 04:26:01.555459,RCH163,08-8204,1662,23000,38.014545,-75.657059,C-17A Globemaster,24,443,-1495,False,mlat
ae08e3,2026-08-31 04:26:01.555463,RCH277,00-0183,0767,34025,43.791882,-71.432312,C-17A Globemaster,183,465,7,False,mlat
ae10b8,2026-08-31 04:26:01.555468,ELVIS63,01-0189,7644,7400,55.63829,-5.539689,C-17A Globemaster,72,284,-2112,False,adsb_icao
ae10bd,2026-08-31 04:26:01.555471,RCH329,01-0194,2214,33000,53.978897,-2.33122,C-17A Globemaster,112,462,-96,False,adsb_icao
ae07f6,2026-08-31 04:26:01.555474,RCH401,97-0044,2643,38000,42.344334,23.575317,C-17A Globemaster,351,418,0,False,mlat
87cdf4,2026-08-31 04:26:01.555486,HARGR51,54-3616,7340,28000,33.811844,130.869247,KC-46A Pegasus,251,426,0,False,adsb_icao
87cc0a,2026-08-31 04:26:01.555493,GALOP61,07-3604,5343,1700,36.069305,140.490997,KC-46A Pegasus,204,199,-1024,False,adsb_icao
7cf86c,2026-08-31 04:26:01.555501,STAL22,A41-209,4507,7200,-27.693693,152.566132,C-17A Globemaster,297,278,2912,False,adsb_icao
ae574d,2026-08-31 04:26:01.555508,UNK C/S,19-46007,0713,22000,28.4,48.4,KC-46A Pegasus,,,,False,mode_s
ae5e11,2026-08-31 04:26:01.555511,UNK C/S,17-46036,0716,25025,28.4,48.4,KC-46A Pegasus,,,,False,mode_s
ae5e12,2026-08-31 04:26:01.555516,FLYER59,17-46037,1530,16625,25.8,50.9,KC-46A Pegasus,,,,False,mode_s
afa175,2026-08-31 04:26:01.555519,FLYER63,19-46111,3276,20500,25.1,59.7,KC-46A Pegasus,,,,False,mode_s
ae058a,2026-08-31 04:26:01.555525,RCH1812,87-0045,3304,38000,35.6,-7.4,C-5M Galaxy,97,478,64,False,mode_s
ae07be,2026-08-31 04:26:01.555529,UNK C/S,62-3578,1143,28000,28.2,48.7,KC-135R Stratotanker,303,446,0,False,mode_s
ae63c7,2026-08-31 04:26:01.555534,FLYER62,21-46091,5121,22000,27.1,50.1,KC-46A Pegasus,,,,False,mode_s
ae0414,2026-08-31 04:27:02.009761,UNK C/S,164387,3340,26000,40.200012,-121.986137,E-6B TACAMO,352,316,0,False,mlat
ae035f,2026-08-31 04:27:02.009781,RATS49,58-0085,2646,16875,33.245625,-117.151459,KC-135R Stratotanker,89,344,-1553,False,mlat
ae63c6,2026-08-31 04:27:02.009787,PETRO61,21-46090,1536,38025,41.315746,-106.213974,KC-46A Pegasus,261,403,-74,False,mlat
ae1460,2026-08-31 04:27:02.009792,BLINR01,06-6162,1745,37000,32.739964,-95.429619,C-17A Globemaster,118,458,0,False,mlat
ae1197,2026-08-31 04:27:02.009796,RCH3260,03-3114,4044,36000,40.209171,-91.221733,C-17A Globemaster,266,433,-64,False,adsb_icao
ae2fb0,2026-08-31 04:27:02.009803,RCH163,08-8204,1662,21575,38.133572,-75.604805,C-17A Globemaster,19,448,-1270,False,mlat
ae08e3,2026-08-31 04:27:02.009808,RCH277,00-0183,0767,34000,43.660442,-71.441681,C-17A Globemaster,183,463,-75,False,mlat
ae10b8,2026-08-31 04:27:02.009813,ELVIS63,01-0189,7644,5600,55.661812,-5.406818,C-17A Globemaster,72,277,-1024,False,adsb_icao
ae10bd,2026-08-31 04:27:02.009816,RCH329,01-0194,2214,33025,53.924622,-2.131671,C-17A Globemaster,128,465,352,False,adsb_icao
ae07f6,2026-08-31 04:27:02.009819,RCH401,97-0044,2643,38000,42.464691,23.550314,C-17A Globemaster,353,405,0,False,mlat
87cdf4,2026-08-31 04:27:02.009832,HARGR51,54-3616,7340,28000,33.773712,130.733444,KC-46A Pegasus,251,427,0,False,adsb_icao
87cc0a,2026-08-31 04:27:02.009839,GALOP61,07-3604,5343,1500,36.018677,140.461868,KC-46A Pegasus,205,200,0,False,adsb_icao
7cf86c,2026-08-31 04:27:02.009847,STAL22,A41-209,4507,7575,-27.64064,152.502213,C-17A Globemaster,315,270,-64,False,adsb_icao
ae574d,2026-08-31 04:27:02.009853,UNK C/S,19-46007,0713,22025,28.4,48.4,KC-46A Pegasus,,,,False,mode_s
ae5e11,2026-08-31 04:27:02.009856,UNK C/S,17-46036,0716,25000,28.4,48.4,KC-46A Pegasus,,,,False,mode_s
ae5e12,2026-08-31 04:27:02.009861,FLYER59,17-46037,1530,Unavailable,25.9,51.0,KC-46A Pegasus,,,,False,mode_s
afa175,2026-08-31 04:27:02.009865,FLYER63,19-46111,3276,20525,25.2,58.5,KC-46A Pegasus,,,,False,mode_s
ae058a,2026-08-31 04:27:02.009871,RCH1812,87-0045,3304,38000,37.9,-8.1,C-5M Galaxy,97,476,0,False,mode_s
ae07be,2026-08-31 04:27:02.009874,UNK C/S,62-3578,1143,28000,28.4,48.4,KC-135R Stratotanker,249,442,0,False,mode_s
800791,2026-08-31 04:27:02.009880,TITAN,CB-8004,5100,Unavailable,29.7,75.7,C-17A Globemaster,,,,False,mode_s
ae63c7,2026-08-31 04:27:02.009884,FLYER62,21-46091,5121,22000,27.3,49.8,KC-46A Pegasus,,,,False,mode_s
ae0414,2026-08-31 04:28:02.399895,UNK C/S,164387,3340,26000,40.291988,-122.003456,E-6B TACAMO,354,310,0,False,mlat
ae035f,2026-08-31 04:28:02.399914,RATS49,58-0085,2646,15450,33.246128,-117.044418,KC-135R Stratotanker,88,347,-1475,False,mlat
ae63c6,2026-08-31 04:28:02.399920,PETRO61,21-46090,1536,38025,41.299259,-106.367813,KC-46A Pegasus,263,388,0,False,mlat
ae1460,2026-08-31 04:28:02.399926,BLINR01,06-6162,1745,37000,32.680874,-95.298279,C-17A Globemaster,117,433,0,False,mlat
ae1197,2026-08-31 04:28:02.399931,RCH3260,03-3114,4044,36000,40.202591,-91.37915,C-17A Globemaster,266,431,0,False,adsb_icao
ae2fb0,2026-08-31 04:28:02.399938,RCH163,08-8204,1662,19500,38.248306,-75.553467,C-17A Globemaster,17,423,-2284,False,mlat
ae08e3,2026-08-31 04:28:02.399942,RCH277,00-0183,0767,34000,43.528931,-71.447968,C-17A Globemaster,181,483,-75,False,mlat
ae058a,2026-08-31 04:28:02.399947,RCH1812,87-0045,3304,38000,37.717567,-11.894843,C-5M Galaxy,97,478,-32,False,mlat
ae10b8,2026-08-31 04:28:02.399950,ELVIS63,01-0189,7644,5300,55.674225,-5.277932,C-17A Globemaster,105,275,96,False,adsb_icao
ae10bd,2026-08-31 04:28:02.399954,RCH329,01-0194,2214,33000,53.841064,-1.963571,C-17A Globemaster,130,467,96,False,adsb_icao
ae07f6,2026-08-31 04:28:02.399957,RCH401,97-0044,2643,38000,42.576443,23.526304,C-17A Globemaster,350,412,0,False,mlat
87cdf4,2026-08-31 04:28:02.399970,HARGR51,54-3616,7340,28000,33.735443,130.597961,KC-46A Pegasus,251,427,0,False,adsb_icao
87cc0a,2026-08-31 04:28:02.399976,GALOP61,07-3604,5343,1475,36.000183,140.407104,KC-46A Pegasus,279,190,-64,False,adsb_icao
7cf86c,2026-08-31 04:28:02.399985,STAL22,A41-209,4507,7600,-27.587814,152.443024,C-17A Globemaster,314,267,-32,False,adsb_icao
ae574d,2026-08-31 04:28:02.399992,UNK C/S,19-46007,0713,22000,28.4,48.4,KC-46A Pegasus,,,,False,mode_s
ae5e11,2026-08-31 04:28:02.399995,UNK C/S,17-46036,0716,25000,28.4,48.4,KC-46A Pegasus,,,,False,mode_s
ae5e12,2026-08-31 04:28:02.400000,FLYER59,17-46037,1530,Unavailable,25.6,50.7,KC-46A Pegasus,,,,False,mode_s
afa175,2026-08-31 04:28:02.400004,FLYER63,19-46111,3276,20500,25.4,57.0,KC-46A Pegasus,,,,False,mode_s
ae07be,2026-08-31 04:28:02.400009,UNK C/S,62-3578,1143,28000,28.4,48.4,KC-135R Stratotanker,222,442,0,False,mode_s
ae63c7,2026-08-31 04:28:02.400015,FLYER62,21-46091,5121,22025,25.2,49.9,KC-46A Pegasus,,,,False,mode_s
af0f64,2026-08-31 04:28:02.400018,UNK C/S,,7156,950,41.8,-72.6,E-6B TACAMO,,,,False,mode_s
ae0414,2026-08-31 04:29:02.854985,UNK C/S,164387,3340,26000,40.377567,-122.019264,E-6B TACAMO,353,305,0,False,mlat
ae035f,2026-08-31 04:29:02.855003,RATS49,58-0085,2646,14050,33.256001,-116.937592,KC-135R Stratotanker,61,343,-1301,False,mlat
ae63c6,2026-08-31 04:29:02.855008,PETRO61,21-46090,1536,38025,41.285553,-106.522499,KC-46A Pegasus,263,404,0,False,mlat
ae1460,2026-08-31 04:29:02.855015,BLINR01,06-6162,1745,36150,32.625458,-95.173569,C-17A Globemaster,119,438,-1520,False,mlat
ae1197,2026-08-31 04:29:02.855018,RCH3260,03-3114,4044,36000,40.195808,-91.536652,C-17A Globemaster,266,431,0,False,adsb_icao
ae2fb0,2026-08-31 04:29:02.855024,RCH163,08-8204,1662,17400,38.358009,-75.508904,C-17A Globemaster,14,415,-2212,False,mlat
af0f64,2026-08-31 04:29:02.855028,UNK C/S,,7156,3475,41.917263,-72.772057,E-6B TACAMO,270,206,2568,False,mlat
ae08e3,2026-08-31 04:29:02.855031,RCH277,00-0183,0767,34025,43.392982,-71.45385,C-17A Globemaster,174,476,48,False,mlat
ae058a,2026-08-31 04:29:02.855036,RCH1812,87-0045,3304,38000,37.696983,-11.794735,C-5M Galaxy,97,478,0,False,mlat
ae10b8,2026-08-31 04:29:02.855040,ELVIS63,01-0189,7644,5275,55.653992,-5.144182,C-17A Globemaster,104,280,0,False,adsb_icao
ae10bd,2026-08-31 04:29:02.855043,RCH329,01-0194,2214,33000,53.756104,-1.795872,C-17A Globemaster,130,466,0,False,adsb_icao
ae07f6,2026-08-31 04:29:02.855047,RCH401,97-0044,2643,38000,42.692661,23.500578,C-17A Globemaster,353,421,0,False,mlat
87cdf4,2026-08-31 04:29:02.855057,HARGR51,54-3616,7340,28000,33.696651,130.461441,KC-46A Pegasus,251,428,0,False,adsb_icao
87cc0a,2026-08-31 04:29:02.855063,GALOP61,07-3604,5343,1500,36.019699,140.353851,KC-46A Pegasus,346,168,64,False,adsb_icao
7cf86c,2026-08-31 04:29:02.855071,STAL22,A41-209,4507,7600,-27.534256,152.38208,C-17A Globemaster,314,270,-32,False,adsb_icao
ae574d,2026-08-31 04:29:02.855077,UNK C/S,19-46007,0713,22000,28.4,48.4,KC-46A Pegasus,,,,False,mode_s
ae5e11,2026-08-31 04:29:02.855080,UNK C/S,17-46036,0716,25000,28.4,48.4,KC-46A Pegasus,,,,False,mode_s
ae5e12,2026-08-31 04:29:02.855084,FLYER59,17-46037,1530,18025,25.8,50.9,KC-46A Pegasus,,,,False,mode_s
afa175,2026-08-31 04:29:02.855088,FLYER63,19-46111,3276,20500,25.2,58.2,KC-46A Pegasus,,,,False,mode_s
ae07be,2026-08-31 04:29:02.855093,UNK C/S,62-3578,1143,28000,28.4,48.4,KC-135R Stratotanker,270,432,32,False,mode_s
ae63c7,2026-08-31 04:29:02.855098,FLYER62,21-46091,5121,22025,25.1,49.7,KC-46A Pegasus,,,,False,mode_s
ae0414,2026-08-31 04:30:03.244978,UNK C/S,164387,3340,26000,40.466183,-122.036377,E-6B TACAMO,352,321,-53,False,mlat
ae035f,2026-08-31 04:30:03.244998,RATS49,58-0085,2646,12875,33.341389,-116.906494,KC-135R Stratotanker,342,315,-1044,False,mlat
ae63c6,2026-08-31 04:30:03.245004,PETRO61,21-46090,1536,38025,41.271198,-106.664604,KC-46A Pegasus,262,392,11,False,mlat
ae1460,2026-08-31 04:30:03.245010,BLINR01,06-6162,1745,34175,32.563377,-95.041077,C-17A Globemaster,118,433,-1962,False,mlat
ae1197,2026-08-31 04:30:03.245014,RCH3260,03-3114,4044,36000,40.188858,-91.69342,C-17A Globemaster,266,428,0,False,adsb_icao
ae2fb0,2026-08-31 04:30:03.245020,RCH163,08-8204,1662,15050,38.468285,-75.504181,C-17A Globemaster,1,392,-2289,False,mlat
af0f64,2026-08-31 04:30:03.245024,UNK C/S,,3512,7100,41.917934,-72.858376,E-6B TACAMO,271,254,3788,False,mlat
ae08e3,2026-08-31 04:30:03.245028,RCH277,00-0183,0767,34025,43.264744,-71.463722,C-17A Globemaster,180,474,-28,False,mlat
ae058a,2026-08-31 04:30:03.245032,RCH1812,87-0045,3304,38000,38.343983,-9.480988,C-5M Galaxy,97,478,96,False,mlat
ae10b8,2026-08-31 04:30:03.245035,ELVIS63,01-0189,7644,4350,55.633881,-5.010796,C-17A Globemaster,105,274,-928,False,adsb_icao
ae10bd,2026-08-31 04:30:03.245039,RCH329,01-0194,2214,33000,53.672562,-1.630763,C-17A Globemaster,130,458,64,False,adsb_icao
ae07f6,2026-08-31 04:30:03.245042,RCH401,97-0044,2643,38000,42.800377,23.482052,C-17A Globemaster,351,418,0,False,mlat
87cdf4,2026-08-31 04:30:03.245053,HARGR51,54-3616,7340,28000,33.642464,130.336639,KC-46A Pegasus,233,423,64,False,adsb_icao
87cc0a,2026-08-31 04:30:03.245064,GALOP61,07-3604,5343,1475,36.064671,140.363434,KC-46A Pegasus,19,164,-64,False,adsb_icao
7cf86c,2026-08-31 04:30:03.245073,STAL22,A41-209,4507,7600,-27.481276,152.321426,C-17A Globemaster,314,270,-64,False,adsb_icao
ae574d,2026-08-31 04:30:03.245078,UNK C/S,19-46007,0713,22000,28.4,48.4,KC-46A Pegasus,,,,False,mode_s
ae5e11,2026-08-31 04:30:03.245082,UNK C/S,17-46036,0716,25000,28.4,48.4,KC-46A Pegasus,,,,False,mode_s
ae5e12,2026-08-31 04:30:03.245086,FLYER59,17-46037,1530,18025,25.5,50.5,KC-46A Pegasus,,,,False,mode_s
afa175,2026-08-31 04:30:03.245089,FLYER63,19-46111,3276,20525,25.3,57.0,KC-46A Pegasus,,,,False,mode_s
ae07be,2026-08-31 04:30:03.245095,UNK C/S,62-3578,1143,28000,28.4,48.4,KC-135R Stratotanker,289,432,0,False,mode_s
ae63c7,2026-08-31 04:30:03.245101,FLYER62,21-46091,5121,22000,25.1,49.7,KC-46A Pegasus,,,,False,mode_s
ae0414,2026-08-31 04:31:04.048679,UNK C/S,164387,3340,26000,40.533241,-122.103851,E-6B TACAMO,300,324,0,False,mlat
ae035f,2026-08-31 04:31:04.048698,RATS49,58-0085,2646,10925,33.415417,-116.946136,KC-135R Stratotanker,332,291,-2972,False,mlat
ae63c6,2026-08-31 04:31:04.048703,PETRO61,21-46090,1536,38025,41.256165,-106.81356,KC-46A Pegasus,262,391,0,False,mlat
ae1460,2026-08-31 04:31:04.048708,BLINR01,06-6162,1745,32175,32.502594,-94.912056,C-17A Globemaster,117,420,-1986,False,mlat
ae1197,2026-08-31 04:31:04.048712,RCH3260,03-3114,4044,36000,40.181705,-91.850319,C-17A Globemaster,266,431,0,False,adsb_icao
ae2fb0,2026-08-31 04:31:04.048718,RCH163,08-8204,1662,12825,38.576248,-75.497803,C-17A Globemaster,1,347,-2144,False,mlat
af0f64,2026-08-31 04:31:04.048722,UNK C/S,,3512,10350,41.916893,-72.960045,E-6B TACAMO,273,270,2526,False,mlat
ae08e3,2026-08-31 04:31:04.048725,RCH277,00-0183,0767,34025,43.136631,-71.468796,C-17A Globemaster,185,477,75,False,mlat
ae058a,2026-08-31 04:31:04.048730,RCH1812,87-0045,3304,38000,37.655128,-11.427636,C-5M Galaxy,98,478,32,False,mlat
ae10b8,2026-08-31 04:31:04.048733,ELVIS63,01-0189,7644,3900,55.61554,-4.906394,C-17A Globemaster,116,201,-1088,False,adsb_icao
ae10bd,2026-08-31 04:31:04.048737,RCH329,01-0194,2214,33000,53.589867,-1.464413,C-17A Globemaster,130,459,32,False,adsb_icao
ae07f6,2026-08-31 04:31:04.048741,RCH401,97-0044,2643,38000,42.919888,23.452169,C-17A Globemaster,351,430,0,False,mlat
87cdf4,2026-08-31 04:31:04.048751,HARGR51,54-3616,7340,28025,33.571144,130.223175,KC-46A Pegasus,232,421,0,False,adsb_icao
87cc0a,2026-08-31 04:31:04.048757,GALOP61,07-3604,5343,1300,36.102722,140.380722,KC-46A Pegasus,19,126,-832,False,adsb_icao
7cf86c,2026-08-31 04:31:04.048766,STAL22,A41-209,4507,7575,-27.427917,152.260513,C-17A Globemaster,314,269,-64,False,adsb_icao
ae574d,2026-08-31 04:31:04.048773,UNK C/S,19-46007,0713,22000,28.4,48.4,KC-46A Pegasus,,,,False,mode_s
ae10b9,2026-08-31 04:31:04.048776,UNK C/S,01-0190,Unavailable,Unavailable,52.1,-2.7,C-17A Globemaster,,,,False,mode_s
ae5e11,2026-08-31 04:31:04.048779,UNK C/S,17-46036,0716,25000,28.4,48.4,KC-46A Pegasus,,,,False,mode_s
ae5e12,2026-08-31 04:31:04.048784,FLYER59,17-46037,1530,18025,25.4,52.3,KC-46A Pegasus,,,,False,mode_s
afa175,2026-08-31 04:31:04.048787,FLYER63,19-46111,3276,20500,25.5,56.6,KC-46A Pegasus,,,,False,mode_s
ae07be,2026-08-31 04:31:04.048793,UNK C/S,62-3578,1143,28000,28.4,48.4,KC-135R Stratotanker,286,432,0,False,mode_s
ae63c7,2026-08-31 04:31:04.048799,FLYER62,21-46091,5121,22025,25.1,49.7,KC-46A Pegasus,,,,False,mode_s
ae0414,2026-08-31 04:32:04.427150,UNK C/S,164387,3340,26000,40.538094,-122.210342,E-6B TACAMO,248,328,0,False,mlat
ae035f,2026-08-31 04:32:04.427169,RATS49,58-0085,2646,8350,33.487865,-116.992271,KC-135R Stratotanker,332,282,-2534,False,mlat
ae63c6,2026-08-31 04:32:04.427175,PETRO61,21-46090,1536,38025,41.243359,-106.947174,KC-46A Pegasus,263,387,0,False,mlat
ae1460,2026-08-31 04:32:04.427181,BLINR01,06-6162,1745,30325,32.447266,-94.784897,C-17A Globemaster,120,424,-1617,False,mlat
ae1197,2026-08-31 04:32:04.427184,RCH3260,03-3114,4044,36000,40.174255,-92.00647,C-17A Globemaster,266,428,0,False,adsb_icao
ae2fb0,2026-08-31 04:32:04.427192,LIFTR71,08-8204,1662,10800,38.680775,-75.492844,C-17A Globemaster,2,378,-1742,False,mlat
af0f64,2026-08-31 04:32:04.427196,UNK C/S,,3512,12975,41.911636,-73.083069,E-6B TACAMO,268,349,4054,False,mlat
ae08e3,2026-08-31 04:32:04.427200,RCH277,00-0183,0767,34025,43.002068,-71.477699,C-17A Globemaster,183,459,-4,False,mlat
ae058a,2026-08-31 04:32:04.427206,RCH1812,87-0045,3304,38000,37.644894,-11.238156,C-5M Galaxy,98,478,0,False,mlat
ae10b8,2026-08-31 04:32:04.427209,ELVIS63,01-0189,7644,2425,55.587662,-4.822582,C-17A Globemaster,121,192,-1536,False,adsb_icao
ae10bd,2026-08-31 04:32:04.427212,RCH329,01-0194,2214,33000,53.506817,-1.29986,C-17A Globemaster,129,460,-32,False,adsb_icao
ae07f6,2026-08-31 04:32:04.427216,RCH401,97-0044,2643,38000,43.035553,23.427055,C-17A Globemaster,350,429,0,False,mlat
87cdf4,2026-08-31 04:32:04.427230,HARGR51,54-3616,7340,28000,33.499363,130.110413,KC-46A Pegasus,232,421,0,False,adsb_icao
87cc0a,2026-08-31 04:32:04.427237,GALOP61,07-3604,5343,675,36.137619,140.396042,KC-46A Pegasus,19,135,-1024,False,adsb_icao
7cf86c,2026-08-31 04:32:04.427247,STAL22,A41-209,4507,7600,-27.375092,152.200287,C-17A Globemaster,314,269,-64,False,adsb_icao
ae574d,2026-08-31 04:32:04.427254,UNK C/S,19-46007,0713,22000,28.4,48.4,KC-46A Pegasus,,,,False,mode_s
ae5e11,2026-08-31 04:32:04.427257,UNK C/S,17-46036,0716,25000,28.4,48.4,KC-46A Pegasus,,,,False,mode_s
ae5e12,2026-08-31 04:32:04.427262,FLYER59,17-46037,1530,18025,25.3,53.3,KC-46A Pegasus,,,,False,mode_s
80078e,2026-08-31 04:32:04.427265,VUAUA,CB-8001,Unavailable,Unavailable,28.4,77.1,C-17A Globemaster,,,,False,mode_s
afa175,2026-08-31 04:32:04.427268,FLYER63,19-46111,3276,20500,25.7,56.1,KC-46A Pegasus,,,,False,mode_s
ae07be,2026-08-31 04:32:04.427274,UNK C/S,62-3578,1143,28000,28.4,48.4,KC-135R Stratotanker,286,438,0,False,mode_s
ae63c7,2026-08-31 04:32:04.427279,FLYER62,21-46091,5121,22000,25.9,51.1,KC-46A Pegasus,,,,False,mode_s
ae0414,2026-08-31 04:33:04.854605,UNK C/S,164387,3340,26000,40.475861,-122.291534,E-6B TACAMO,199,327,0,False,mlat
ae035f,2026-08-31 04:33:04.854624,RATS49,58-0085,2646,6125,33.553581,-117.03344,KC-135R Stratotanker,332,270,-2031,False,mlat
ae63c6,2026-08-31 04:33:04.854631,PETRO61,21-46090,1536,38025,41.228298,-107.095078,KC-46A Pegasus,262,385,0,False,mlat
ae1460,2026-08-31 04:33:04.854638,BLINR01,06-6162,1745,28750,32.390598,-94.668404,C-17A Globemaster,120,457,-1567,False,mlat
ae1197,2026-08-31 04:33:04.854642,RCH3260,03-3114,4044,36000,40.166794,-92.161377,C-17A Globemaster,266,427,0,False,adsb_icao
ae2fb0,2026-08-31 04:33:04.854648,RCH163,08-8204,1662,10375,38.767399,-75.48793,C-17A Globemaster,3,285,-540,False,mlat
af0f64,2026-08-31 04:33:04.854672,UNK C/S,,3512,16250,41.911297,-73.208466,E-6B TACAMO,270,352,2651,False,mlat
ae08e3,2026-08-31 04:33:04.854678,RCH277,00-0183,0767,34025,42.869156,-71.484413,C-17A Globemaster,182,472,0,False,mlat
ae058a,2026-08-31 04:33:04.854685,RCH1812,87-0045,3304,38000,37.623283,-11.120884,C-5M Galaxy,98,476,64,False,mlat
ae10b8,2026-08-31 04:33:04.854690,ELVIS63,01-0189,7644,2075,55.561249,-4.745261,C-17A Globemaster,120,163,-704,False,adsb_icao
ae10bd,2026-08-31 04:33:04.854708,RCH329,01-0194,2214,33000,53.44746,-1.111719,C-17A Globemaster,110,466,-64,False,adsb_icao
ae07f6,2026-08-31 04:33:04.854713,RCH401,97-0044,2643,38000,43.149014,23.402857,C-17A Globemaster,352,417,0,False,mlat
87cdf4,2026-08-31 04:33:04.854725,HARGR51,54-3616,7340,28000,33.428463,129.999084,KC-46A Pegasus,232,421,0,False,adsb_icao
87cc0a,2026-08-31 04:33:04.854733,GALOP61,07-3604,5343,250,36.162663,140.407318,KC-46A Pegasus,19,135,-960,False,adsb_icao
7cf86c,2026-08-31 04:33:04.854742,STAL22,A41-209,4507,7575,-27.322632,152.140594,C-17A Globemaster,314,270,-128,False,adsb_icao
ae574d,2026-08-31 04:33:04.854749,UNK C/S,19-46007,0713,Unavailable,28.4,48.4,KC-46A Pegasus,,,,False,mode_s
ae5e11,2026-08-31 04:33:04.854753,UNK C/S,17-46036,0716,25025,28.4,48.4,KC-46A Pegasus,,,,False,mode_s
ae5e12,2026-08-31 04:33:04.854758,FLYER59,17-46037,1530,Unavailable,25.4,53.1,KC-46A Pegasus,,,,False,mode_s
80078e,2026-08-31 04:33:04.854762,VUAUA,CB-8001,3652,Unavailable,28.9,77.2,C-17A Globemaster,342,158,1952,False,mode_s
afa175,2026-08-31 04:33:04.854765,FLYER63,19-46111,3276,20500,25.3,56.5,KC-46A Pegasus,,,,False,mode_s
ae07be,2026-08-31 04:33:04.854770,UNK C/S,62-3578,1143,28000,28.4,48.4,KC-135R Stratotanker,286,444,-64,False,mode_s
ae63c7,2026-08-31 04:33:04.854776,FLYER62,21-46091,5121,22000,25.1,49.7,KC-46A Pegasus,,,,False,mode_s
ae0414,2026-08-31 04:34:05.191846,UNK C/S,164387,3340,26000,40.385952,-122.28994,E-6B TACAMO,165,336,-33,False,mlat
ae035f,2026-08-31 04:34:05.191865,RATS49,58-0085,2646,6075,33.613991,-117.07135,KC-135R Stratotanker,334,242,0,False,mlat
ae63c6,2026-08-31 04:34:05.191871,PETRO61,21-46090,1536,38000,41.212662,-107.235855,KC-46A Pegasus,266,374,-75,False,mlat
ae1460,2026-08-31 04:34:05.191878,BLINR01,06-6162,1745,27450,32.324341,-94.527336,C-17A Globemaster,119,442,-1297,False,mlat
ae1197,2026-08-31 04:34:05.191882,RCH3260,03-3114,4044,36000,40.159081,-92.317863,C-17A Globemaster,266,431,0,False,adsb_icao
ae2fb0,2026-08-31 04:34:05.191889,RCH163,08-8204,1662,8650,38.850315,-75.482346,C-17A Globemaster,4,274,-1393,False,mlat
af0f64,2026-08-31 04:34:05.191893,UNK C/S,,3512,18950,41.88496,-73.344238,E-6B TACAMO,233,378,2739,False,mlat
ae08e3,2026-08-31 04:34:05.191897,RCH277,00-0183,0767,34000,42.737358,-71.490036,C-17A Globemaster,182,476,76,False,mlat
ae058a,2026-08-31 04:34:05.191902,RCH1812,87-0045,3304,38000,37.596909,-10.960679,C-5M Galaxy,98,474,0,False,mlat
ae10b8,2026-08-31 04:34:05.191905,ELVIS63,01-0189,7644,1300,55.540684,-4.685326,C-17A Globemaster,121,136,-768,False,adsb_icao
ae10bd,2026-08-31 04:34:05.191909,RCH329,01-0194,2214,33000,53.402069,-0.910453,C-17A Globemaster,110,456,-192,False,adsb_icao
ae07f6,2026-08-31 04:34:05.191912,RCH401,97-0044,2643,38000,43.26366,23.376921,C-17A Globemaster,350,398,0,False,mlat
87cdf4,2026-08-31 04:34:05.191924,HARGR51,54-3616,7340,28000,33.356918,129.887238,KC-46A Pegasus,232,422,0,False,adsb_icao
87cc0a,2026-08-31 04:34:05.191931,GALOP61,07-3604,5343,1800,36.203629,140.439697,KC-46A Pegasus,87,165,1088,False,adsb_icao
7cf86c,2026-08-31 04:34:05.191940,STAL22,A41-209,4507,7575,-27.269302,152.080063,C-17A Globemaster,314,268,-64,False,adsb_icao
ae574d,2026-08-31 04:34:05.191946,UNK C/S,19-46007,0713,Unavailable,28.4,48.4,KC-46A Pegasus,,,,False,mode_s
ae5e11,2026-08-31 04:34:05.191950,UNK C/S,17-46036,0716,25000,28.4,48.4,KC-46A Pegasus,,,,False,mode_s
ae5e12,2026-08-31 04:34:05.191954,FLYER59,17-46037,1530,Unavailable,25.4,53.2,KC-46A Pegasus,,,,False,mode_s
80078e,2026-08-31 04:34:05.191958,VUAUA,CB-8001,3652,Unavailable,28.6,77.1,C-17A Globemaster,4,226,1152,False,mode_s
afa175,2026-08-31 04:34:05.191961,FLYER63,19-46111,3276,20500,25.6,56.0,KC-46A Pegasus,,,,False,mode_s
ae07be,2026-08-31 04:34:05.191967,UNK C/S,62-3578,1143,28000,28.4,48.4,KC-135R Stratotanker,286,446,0,False,mode_s
ae63c7,2026-08-31 04:34:05.191973,FLYER62,21-46091,5121,22000,25.4,50.2,KC-46A Pegasus,,,,False,mode_s
ae0414,2026-08-31 04:35:05.490494,UNK C/S,164387,3340,26000,40.301422,-122.274483,E-6B TACAMO,170,340,0,False,mlat
ae035f,2026-08-31 04:35:05.490513,RATS49,58-0085,2646,5925,33.671158,-117.110886,KC-135R Stratotanker,328,221,-327,False,mlat
ae63c6,2026-08-31 04:35:05.490519,PETRO61,21-46090,1536,38025,41.200535,-107.371979,KC-46A Pegasus,263,384,-76,False,mlat
ae1460,2026-08-31 04:35:05.490526,BLINR01,06-6162,1745,26150,32.2635,-94.395081,C-17A Globemaster,116,469,-1316,False,mlat
ae1197,2026-08-31 04:35:05.490530,RCH3260,03-3114,4044,36000,40.151047,-92.474304,C-17A Globemaster,266,429,0,False,adsb_icao
ae2fb0,2026-08-31 04:35:05.490537,RCH163,08-8204,1662,7250,38.926373,-75.460564,C-17A Globemaster,27,293,-1352,False,mlat
af0f64,2026-08-31 04:35:05.490541,UNK C/S,,3512,21550,41.828678,-73.470261,E-6B TACAMO,241,382,2586,False,mlat
ae08e3,2026-08-31 04:35:05.490545,RCH277,00-0183,0767,34000,42.609028,-71.498802,C-17A Globemaster,183,470,-28,False,mlat
ae058a,2026-08-31 04:35:05.490551,RCH1812,87-0045,3304,38000,37.578453,-10.761957,C-5M Galaxy,98,474,0,False,mlat
ae10b8,2026-08-31 04:35:05.490554,ELVIS63,01-0189,7644,575,55.521038,-4.628334,C-17A Globemaster,121,134,-704,False,adsb_icao
ae10bd,2026-08-31 04:35:05.490558,RCH329,01-0194,2214,33025,53.356686,-0.711688,C-17A Globemaster,110,458,-64,False,adsb_icao
ae07f6,2026-08-31 04:35:05.490561,RCH401,97-0044,2643,38000,43.374931,23.352131,C-17A Globemaster,351,405,0,False,mlat
87cdf4,2026-08-31 04:35:05.490573,HARGR51,54-3616,7340,28000,33.284897,129.774658,KC-46A Pegasus,232,423,0,False,adsb_icao
87cc0a,2026-08-31 04:35:05.490581,GALOP61,07-3604,5343,2000,36.176537,140.488892,KC-46A Pegasus,162,193,192,False,adsb_icao
7cf86c,2026-08-31 04:35:05.490591,STAL22,A41-209,4507,7575,-27.216476,152.020096,C-17A Globemaster,314,269,-64,False,adsb_icao
ae574d,2026-08-31 04:35:05.490599,UNK C/S,19-46007,0713,22000,28.4,48.4,KC-46A Pegasus,,,,False,mode_s
ae5e11,2026-08-31 04:35:05.490603,UNK C/S,17-46036,0716,25000,28.4,48.4,KC-46A Pegasus,,,,False,mode_s
80078e,2026-08-31 04:35:05.490609,VUAUA,CB-8001,3652,5800,28.7,77.2,C-17A Globemaster,2,270,2560,False,mode_s
afa175,2026-08-31 04:35:05.490613,FLYER63,19-46111,3276,20500,25.2,58.5,KC-46A Pegasus,,,,False,mode_s
ae07be,2026-08-31 04:35:05.490619,UNK C/S,62-3578,1143,28000,28.4,48.4,KC-135R Stratotanker,286,444,0,False,mode_s
ae63c7,2026-08-31 04:35:05.490626,FLYER62,21-46091,5121,22000,25.2,49.9,KC-46A Pegasus,,,,False,mode_s
ae0414,2026-08-31 04:36:05.884526,UNK C/S,164387,3340,26000,40.206909,-122.255363,E-6B TACAMO,174,315,0,False,mlat
ae035f,2026-08-31 04:36:05.884545,RATS49,58-0085,2646,4750,33.721241,-117.146629,KC-135R Stratotanker,330,196,-1230,False,mlat
ae63c6,2026-08-31 04:36:05.884551,PETRO61,21-46090,1536,38000,41.185837,-107.524216,KC-46A Pegasus,265,391,-61,False,mlat
ae1460,2026-08-31 04:36:05.884558,BLINR01,06-6162,1745,24875,32.198261,-94.259865,C-17A Globemaster,118,373,-1353,False,mlat
ae1197,2026-08-31 04:36:05.884562,RCH3260,03-3114,4044,36000,40.142879,-92.630852,C-17A Globemaster,266,433,0,False,adsb_icao
ae2fb0,2026-08-31 04:36:05.884569,RCH163,08-8204,1662,5975,38.996696,-75.424416,C-17A Globemaster,23,280,-1303,False,mlat
af0f64,2026-08-31 04:36:05.884573,UNK C/S,,3512,23700,41.77298,-73.589668,E-6B TACAMO,236,397,1915,False,mlat
ae08e3,2026-08-31 04:36:05.884577,RCH277,00-0183,0767,34000,42.478436,-71.50502,C-17A Globemaster,182,478,14,False,mlat
ae058a,2026-08-31 04:36:05.884583,RCH1812,87-0045,3304,38000,37.560772,-10.583035,C-5M Galaxy,98,476,-64,False,mlat
ae10bd,2026-08-31 04:36:05.884586,RCH329,01-0194,2214,33000,53.310333,-0.510001,C-17A Globemaster,111,462,192,False,adsb_icao
ae07f6,2026-08-31 04:36:05.884590,RCH401,97-0044,2643,38000,43.485634,23.327999,C-17A Globemaster,350,403,0,False,mlat
87cdf4,2026-08-31 04:36:05.884603,HARGR51,54-3616,7340,28000,33.212833,129.662552,KC-46A Pegasus,232,425,0,False,adsb_icao
87cc0a,2026-08-31 04:36:05.884610,GALOP61,07-3604,5343,1975,36.122627,140.501572,KC-46A Pegasus,172,198,64,False,adsb_icao
7cf86c,2026-08-31 04:36:05.884617,STAL22,A41-209,4507,7600,-27.163101,151.959671,C-17A Globemaster,314,270,32,False,adsb_icao
ae574d,2026-08-31 04:36:05.884625,UNK C/S,19-46007,0713,22025,28.4,48.4,KC-46A Pegasus,,,,False,mode_s
ae5e11,2026-08-31 04:36:05.884629,UNK C/S,17-46036,0716,25000,28.4,48.4,KC-46A Pegasus,,,,False,mode_s
80078e,2026-08-31 04:36:05.884634,VUAUA,CB-8001,3652,8350,28.8,77.2,C-17A Globemaster,287,292,1664,False,mode_s
afa175,2026-08-31 04:36:05.884637,FLYER63,19-46111,3276,20500,25.0,59.3,KC-46A Pegasus,,,,False,mode_s
ae07be,2026-08-31 04:36:05.884643,UNK C/S,62-3578,1143,28000,28.4,48.4,KC-135R Stratotanker,286,428,-96,False,mode_s
ae63c7,2026-08-31 04:36:05.884649,FLYER62,21-46091,5121,22025,25.3,50.0,KC-46A Pegasus,,,,False,mode_s
ae0414,2026-08-31 04:37:06.274463,UNK C/S,164387,3340,26000,40.119518,-122.239197,E-6B TACAMO,170,326,0,False,mlat
ae035f,2026-08-31 04:37:06.274482,RATS49,58-0085,2646,3850,33.760712,-117.174469,KC-135R Stratotanker,333,156,-753,False,mlat
ae63c6,2026-08-31 04:37:06.274488,PETRO61,21-46090,1536,38025,41.169052,-107.665878,KC-46A Pegasus,264,392,0,False,mlat
ae1460,2026-08-31 04:37:06.274495,BLINR01,06-6162,1745,23550,32.142658,-94.142189,C-17A Globemaster,119,385,-1281,False,mlat
ae1197,2026-08-31 04:37:06.274499,RCH3260,03-3114,4044,36000,40.134315,-92.788345,C-17A Globemaster,265,432,0,False,adsb_icao
ae2fb0,2026-08-31 04:37:06.274507,RCH163,08-8204,1662,4650,39.071232,-75.385483,C-17A Globemaster,22,288,-1301,False,mlat
af0f64,2026-08-31 04:37:06.274511,UNK C/S,,3512,25000,41.67511,-73.680954,E-6B TACAMO,209,452,500,False,mlat
ae08e3,2026-08-31 04:37:06.274514,RCH277,00-0183,0767,34025,42.346405,-71.512558,C-17A Globemaster,182,465,0,False,mlat
ae058a,2026-08-31 04:37:06.274520,RCH1812,87-0045,3304,38000,37.540241,-10.443212,C-5M Galaxy,98,474,0,False,mlat
ae10bd,2026-08-31 04:37:06.274524,RCH329,01-0194,2214,33000,53.263641,-0.308402,C-17A Globemaster,111,461,96,False,adsb_icao
ae07f6,2026-08-31 04:37:06.274527,RCH401,97-0044,2643,38000,43.598217,23.304354,C-17A Globemaster,353,403,0,False,mlat
87cdf4,2026-08-31 04:37:06.274539,HARGR51,54-3616,7340,28000,33.140442,129.550293,KC-46A Pegasus,232,425,0,False,adsb_icao
87cc0a,2026-08-31 04:37:06.274545,GALOP61,07-3604,5343,1950,36.071236,140.476044,KC-46A Pegasus,205,198,-320,False,adsb_icao
7cf86c,2026-08-31 04:37:06.274552,STAL22,A41-209,4507,7600,-27.138016,151.885727,C-17A Globemaster,265,262,-64,False,adsb_icao
ae574d,2026-08-31 04:37:06.274559,UNK C/S,19-46007,0713,22000,28.4,48.4,KC-46A Pegasus,,,,False,mode_s
ae5e11,2026-08-31 04:37:06.274562,UNK C/S,17-46036,0716,25000,28.4,48.4,KC-46A Pegasus,,,,False,mode_s
80078e,2026-08-31 04:37:06.274567,VUAUA,CB-8001,3652,10125,28.9,77.2,C-17A Globemaster,270,298,2496,False,mode_s
afa175,2026-08-31 04:37:06.274570,FLYER63,19-46111,3276,20500,25.0,59.9,KC-46A Pegasus,,,,False,mode_s
ae07be,2026-08-31 04:37:06.274576,UNK C/S,62-3578,1143,28000,28.4,48.4,KC-135R Stratotanker,278,412,-96,False,mode_s
ae63c7,2026-08-31 04:37:06.274582,FLYER62,21-46091,5121,22000,25.2,49.8,KC-46A Pegasus,,,,False,mode_s
ae0414,2026-08-31 04:38:06.682742,UNK C/S,164387,3340,26000,40.037979,-122.192352,E-6B TACAMO,130,335,0,False,mlat
ae035f,2026-08-31 04:38:06.682760,RATS49,58-0085,2646,2975,33.801182,-117.202759,KC-135R Stratotanker,329,160,-807,False,mlat
ae63c6,2026-08-31 04:38:06.682766,PETRO61,21-46090,1536,38025,41.157703,-107.802177,KC-46A Pegasus,264,376,0,False,mlat
ae1460,2026-08-31 04:38:06.682772,BLINR01,06-6162,1745,22250,32.08511,-94.024132,C-17A Globemaster,124,472,-1298,False,mlat
ae1197,2026-08-31 04:38:06.682776,RCH3260,03-3114,4044,36000,40.125702,-92.944771,C-17A Globemaster,265,438,0,False,adsb_icao
ae2fb0,2026-08-31 04:38:06.682783,RCH163,08-8204,1662,3375,39.140141,-75.351608,C-17A Globemaster,22,267,-1306,False,mlat
af0f64,2026-08-31 04:38:06.682787,UNK C/S,,3512,24850,41.593689,-73.746574,E-6B TACAMO,209,330,-289,False,mlat
ae08e3,2026-08-31 04:38:06.682791,RCH277,00-0183,0767,34000,42.219536,-71.526375,C-17A Globemaster,190,441,-46,False,mlat
ae058a,2026-08-31 04:38:06.682796,RCH1812,87-0045,3304,38000,37.517036,-10.254628,C-5M Galaxy,98,474,0,False,mlat
ae10bd,2026-08-31 04:38:06.682799,RCH329,01-0194,2214,33000,53.217728,-0.11164,C-17A Globemaster,111,462,-96,False,adsb_icao
ae07f6,2026-08-31 04:38:06.682802,RCH401,97-0044,2643,38000,43.712486,23.276928,C-17A Globemaster,350,410,0,False,mlat
87cdf4,2026-08-31 04:38:06.682814,HARGR51,54-3616,7340,28000,33.068573,129.439209,KC-46A Pegasus,232,421,0,False,adsb_icao
87cc0a,2026-08-31 04:38:06.682823,GALOP61,07-3604,5343,1475,36.021103,140.447266,KC-46A Pegasus,204,199,-128,False,adsb_icao
7cf86c,2026-08-31 04:38:06.682831,STAL22,A41-209,4507,7575,-27.166443,151.815399,C-17A Globemaster,211,244,32,False,adsb_icao
ae574d,2026-08-31 04:38:06.682838,UNK C/S,19-46007,0713,22000,28.4,48.4,KC-46A Pegasus,,,,False,mode_s
ae5e11,2026-08-31 04:38:06.682842,UNK C/S,17-46036,0716,25000,28.4,48.4,KC-46A Pegasus,,,,False,mode_s
80078e,2026-08-31 04:38:06.682848,VUAUA,CB-8001,3652,11200,28.8,77.2,C-17A Globemaster,269,346,736,False,mode_s
afa175,2026-08-31 04:38:06.682851,FLYER63,19-46111,3276,20500,24.9,59.9,KC-46A Pegasus,,,,False,mode_s
ae07be,2026-08-31 04:38:06.682857,UNK C/S,62-3578,1143,28000,28.4,48.4,KC-135R Stratotanker,250,402,0,False,mode_s
ae63c7,2026-08-31 04:38:06.682862,FLYER62,21-46091,5121,22000,26.0,51.2,KC-46A Pegasus,,,,False,mode_s
ae0414,2026-08-31 04:39:07.101872,UNK C/S,164387,3340,26000,40.012386,-122.08625,E-6B TACAMO,81,342,0,False,mlat
ae035f,2026-08-31 04:39:07.101893,RATS49,58-0085,2646,2150,33.839039,-117.229912,KC-135R Stratotanker,330,150,-763,False,mlat
ae63c6,2026-08-31 04:39:07.101899,PETRO61,21-46090,1536,38025,41.138294,-107.944939,KC-46A Pegasus,262,386,0,False,mlat
ae1460,2026-08-31 04:39:07.101906,BLINR01,06-6162,1745,20950,32.028576,-93.896065,C-17A Globemaster,114,425,-1329,False,mlat
ae1197,2026-08-31 04:39:07.101911,RCH3260,03-3114,4044,36000,40.116714,-93.103821,C-17A Globemaster,265,435,0,False,adsb_icao
ae2fb0,2026-08-31 04:39:07.101918,RCH163,08-8204,1662,2075,39.209938,-75.317131,C-17A Globemaster,20,279,-1281,False,mlat
af0f64,2026-08-31 04:39:07.101922,UNK C/S,,3512,24100,41.523579,-73.804886,E-6B TACAMO,213,278,-1143,False,mlat
ae08e3,2026-08-31 04:39:07.101926,RCH277,00-0183,0767,34025,42.120056,-71.611092,C-17A Globemaster,219,383,57,False,mlat
ae058a,2026-08-31 04:39:07.101931,RCH1812,87-0045,3304,38000,37.49995,-10.095941,C-5M Galaxy,98,474,0,False,mlat
ae10bd,2026-08-31 04:39:07.101935,RCH329,01-0194,2214,33000,53.17012,0.090088,C-17A Globemaster,111,466,-32,False,adsb_icao
ae07f6,2026-08-31 04:39:07.101939,RCH401,97-0044,2643,38000,43.818687,23.253393,C-17A Globemaster,351,409,0,False,mlat
87cdf4,2026-08-31 04:39:07.101951,HARGR51,54-3616,7340,28000,32.996227,129.327637,KC-46A Pegasus,232,421,0,False,adsb_icao
87cc0a,2026-08-31 04:39:07.101958,GALOP61,07-3604,5343,1500,35.999451,140.395401,KC-46A Pegasus,279,186,-64,False,adsb_icao
7cf86c,2026-08-31 04:39:07.101966,STAL22,A41-209,4507,7600,-27.22348,151.834427,C-17A Globemaster,116,241,32,False,adsb_icao
ae574d,2026-08-31 04:39:07.101972,UNK C/S,19-46007,0713,22025,28.4,48.4,KC-46A Pegasus,,,,False,mode_s
ae5e11,2026-08-31 04:39:07.101975,UNK C/S,17-46036,0716,Unavailable,28.4,48.4,KC-46A Pegasus,,,,False,mode_s
80078e,2026-08-31 04:39:07.101981,VUAUA,CB-8001,3652,12425,28.6,77.1,C-17A Globemaster,269,382,1728,False,mode_s
afa175,2026-08-31 04:39:07.101983,FLYER63,19-46111,3276,20500,25.0,59.8,KC-46A Pegasus,,,,False,mode_s
ae07be,2026-08-31 04:39:07.101989,UNK C/S,62-3578,1143,28000,28.4,48.4,KC-135R Stratotanker,330,450,96,False,mode_s
ae63c7,2026-08-31 04:39:07.101994,FLYER62,21-46091,5121,21350,25.7,50.6,KC-46A Pegasus,,,,False,mode_s
ae0414,2026-08-31 04:40:07.414136,UNK C/S,164387,3340,26000,40.061935,-121.990616,E-6B TACAMO,32,348,0,False,mlat
ae035f,2026-08-31 04:40:07.414154,RATS49,58-0085,2646,1575,33.868652,-117.252075,KC-135R Stratotanker,328,144,-766,False,mlat
ae63c6,2026-08-31 04:40:07.414160,PETRO61,21-46090,1536,38025,41.123158,-108.086861,KC-46A Pegasus,262,381,0,False,mlat
ae1460,2026-08-31 04:40:07.414167,BLINR01,06-6162,1745,19700,31.964024,-93.774826,C-17A Globemaster,119,356,-1298,False,mlat
ae1197,2026-08-31 04:40:07.414171,RCH3260,03-3114,4044,36000,40.107513,-93.261719,C-17A Globemaster,265,432,0,False,adsb_icao
ae2fb0,2026-08-31 04:40:07.414179,RCH163,08-8204,1662,1800,39.284527,-75.281471,C-17A Globemaster,18,278,-76,False,mlat
af0f64,2026-08-31 04:40:07.414183,UNK C/S,,3512,24000,41.441498,-73.872841,E-6B TACAMO,215,340,0,False,mlat
ae08e3,2026-08-31 04:40:07.414187,RCH277,00-0183,0767,34025,42.022152,-71.697937,C-17A Globemaster,213,420,0,False,mlat
ae058a,2026-08-31 04:40:07.414192,RCH1812,87-0045,3304,38000,37.479542,-9.94501,C-5M Galaxy,98,472,0,False,mlat
ae10bd,2026-08-31 04:40:07.414196,RCH329,01-0194,2214,33000,53.122238,0.290981,C-17A Globemaster,111,468,0,False,adsb_icao
ae07f6,2026-08-31 04:40:07.414199,RCH401,97-0044,2643,38000,43.928638,23.194393,C-17A Globemaster,334,408,0,False,mlat
80078e,2026-08-31 04:40:07.414204,VUAUA,CB-8001,3652,14275,28.911314,76.866295,C-17A Globemaster,271,390,1408,False,mlat
87cdf4,2026-08-31 04:40:07.414216,HARGR51,54-3616,7340,28000,32.924881,129.218002,KC-46A Pegasus,232,419,0,False,adsb_icao
87cc0a,2026-08-31 04:40:07.414222,GALOP61,07-3604,5343,1500,36.027893,140.354965,KC-46A Pegasus,351,169,64,False,adsb_icao
7cf86c,2026-08-31 04:40:07.414230,STAL22,A41-209,4507,6675,-27.208155,151.906006,C-17A Globemaster,41,257,-1504,False,adsb_icao
ae574d,2026-08-31 04:40:07.414237,UNK C/S,19-46007,0713,22000,28.4,48.4,KC-46A Pegasus,,,,False,mode_s
ae5e11,2026-08-31 04:40:07.414240,UNK C/S,17-46036,0716,25000,28.4,48.4,KC-46A Pegasus,,,,False,mode_s
ae5e12,2026-08-31 04:40:07.414247,FLYER59,17-46037,1530,Unavailable,25.3,52.5,KC-46A Pegasus,,,,False,mode_s
afa175,2026-08-31 04:40:07.414250,FLYER63,19-46111,3276,20500,25.0,59.4,KC-46A Pegasus,,,,False,mode_s
ae07be,2026-08-31 04:40:07.414257,UNK C/S,62-3578,1143,28000,28.4,48.4,KC-135R Stratotanker,39,498,64,False,mode_s
ae63c7,2026-08-31 04:40:07.414263,FLYER62,21-46091,5121,20300,26.1,51.4,KC-46A Pegasus,,,,False,mode_s
ae0414,2026-08-31 04:41:07.748560,UNK C/S,164387,3340,26000,40.145794,-121.979027,E-6B TACAMO,345,318,0,False,mlat
ae63c6,2026-08-31 04:41:07.748580,PETRO61,21-46090,1536,38025,41.105923,-108.230469,KC-46A Pegasus,258,383,0,False,mlat
ae1460,2026-08-31 04:41:07.748589,BLINR01,06-6162,1745,18350,31.938326,-93.652634,C-17A Globemaster,,,-1259,False,mlat
ae1197,2026-08-31 04:41:07.748593,RCH3260,03-3114,4044,36000,40.098221,-93.418152,C-17A Globemaster,265,428,64,False,adsb_icao
ae2fb0,2026-08-31 04:41:07.748601,RCH163,08-8204,1662,1800,39.328133,-75.346474,C-17A Globemaster,274,323,-76,False,mlat
af0f64,2026-08-31 04:41:07.748604,UNK C/S,,3512,24025,41.356377,-73.943825,E-6B TACAMO,210,373,4,False,mlat
ae08e3,2026-08-31 04:41:07.748609,RCH277,00-0183,0767,34000,41.925526,-71.784203,C-17A Globemaster,214,415,29,False,mlat
ae058a,2026-08-31 04:41:07.748614,RCH1812,87-0045,3304,38000,37.455906,-9.765198,C-5M Galaxy,98,472,128,False,mlat
ae10bd,2026-08-31 04:41:07.748618,RCH329,01-0194,2214,33000,53.073509,0.493129,C-17A Globemaster,111,468,96,False,adsb_icao
ae07f6,2026-08-31 04:41:07.748621,RCH401,97-0044,2643,38000,44.027924,23.137249,C-17A Globemaster,337,400,0,False,mlat
80078e,2026-08-31 04:41:07.748626,VUAUA,CB-8001,3652,15775,28.912453,76.732811,C-17A Globemaster,271,400,1408,False,mlat
87cdf4,2026-08-31 04:41:07.748637,HARGR51,54-3616,7340,28000,32.852798,129.107452,KC-46A Pegasus,232,417,0,False,adsb_icao
87cc0a,2026-08-31 04:41:07.748644,GALOP61,07-3604,5343,1475,36.072052,140.36676,KC-46A Pegasus,20,162,384,False,adsb_icao
7cf86c,2026-08-31 04:41:07.748667,STAL22,A41-209,4507,5350,-27.154339,151.955658,C-17A Globemaster,39,240,-1120,False,adsb_icao
ae574d,2026-08-31 04:41:07.748675,UNK C/S,19-46007,0713,22000,28.4,48.4,KC-46A Pegasus,,,,False,mode_s
ae5e11,2026-08-31 04:41:07.748678,UNK C/S,17-46036,0716,25000,28.4,48.4,KC-46A Pegasus,,,,False,mode_s
afa175,2026-08-31 04:41:07.748683,FLYER63,19-46111,3276,20500,25.1,58.7,KC-46A Pegasus,,,,False,mode_s
ae07be,2026-08-31 04:41:07.748689,UNK C/S,62-3578,1143,28000,28.4,48.4,KC-135R Stratotanker,106,510,224,False,mode_s
ae63c7,2026-08-31 04:41:07.748694,FLYER62,21-46091,5121,19550,26.0,51.3,KC-46A Pegasus,,,,False,mode_s
ae0414,2026-08-31 04:42:08.104072,UNK C/S,164387,3340,26000,40.230602,-121.992783,E-6B TACAMO,346,324,0,False,mlat
ae63c6,2026-08-31 04:42:08.104092,PETRO61,21-46090,1536,38025,41.102131,-108.372559,KC-46A Pegasus,275,397,-1,False,mlat
ae1197,2026-08-31 04:42:08.104100,RCH3260,03-3114,4044,36000,40.088974,-93.570923,C-17A Globemaster,265,426,-64,False,adsb_icao
ae1460,2026-08-31 04:42:08.104104,BLINR01,06-6162,1745,17025,31.858286,-93.54599,C-17A Globemaster,120,390,-1331,False,mlat
ae2fb0,2026-08-31 04:42:08.104110,RCH163,08-8204,1662,1825,39.314301,-75.429634,C-17A Globemaster,243,240,0,False,mlat
af0f64,2026-08-31 04:42:08.104114,UNK C/S,,3512,24000,41.276814,-74.013458,E-6B TACAMO,213,364,0,False,mlat
ae08e3,2026-08-31 04:42:08.104118,RCH277,00-0183,0767,33500,41.826672,-71.872452,C-17A Globemaster,213,411,-673,False,mlat
ae058a,2026-08-31 04:42:08.104123,RCH1812,87-0045,3304,38000,37.438019,-9.618415,C-5M Galaxy,99,472,0,False,mlat
ae10bd,2026-08-31 04:42:08.104126,RCH329,01-0194,2214,33000,53.025375,0.691757,C-17A Globemaster,112,468,32,False,adsb_icao
ae07f6,2026-08-31 04:42:08.104129,RCH401,97-0044,2643,38000,44.132278,23.07519,C-17A Globemaster,337,408,0,False,mlat
80078e,2026-08-31 04:42:08.104133,VUAUA,CB-8001,3652,17225,28.945435,76.614662,C-17A Globemaster,289,408,1408,False,mlat
87cdf4,2026-08-31 04:42:08.104144,HARGR51,54-3616,7340,28000,32.782013,128.999207,KC-46A Pegasus,232,416,0,False,adsb_icao
87cc0a,2026-08-31 04:42:08.104150,GALOP61,07-3604,5343,1175,36.109131,140.38353,KC-46A Pegasus,19,122,-512,False,adsb_icao
7cf86c,2026-08-31 04:42:08.104157,STAL22,A41-209,4507,4300,-27.103683,152.002899,C-17A Globemaster,39,234,-672,False,adsb_icao
ae574d,2026-08-31 04:42:08.104162,UNK C/S,19-46007,0713,22000,28.4,48.4,KC-46A Pegasus,,,,False,mode_s
ae5e11,2026-08-31 04:42:08.104166,UNK C/S,17-46036,0716,25000,28.4,48.4,KC-46A Pegasus,,,,False,mode_s
ae5e12,2026-08-31 04:42:08.104170,FLYER59,17-46037,1530,Unavailable,25.3,52.9,KC-46A Pegasus,,,,False,mode_s
ae63c7,2026-08-31 04:42:08.104177,FLYER62,21-46091,5121,18600,26.0,51.3,KC-46A Pegasus,,,,False,mode_s
ae07be,2026-08-31 04:42:08.104182,UNK C/S,62-3578,1143,28000,28.4,48.4,KC-135R Stratotanker,152,494,512,False,mode_s
afa175,2026-08-31 04:42:08.104186,FLYER63,19-46111,3276,20500,25.6,59.1,KC-46A Pegasus,,,,False,mode_s
ae0414,2026-08-31 04:43:08.484466,UNK C/S,164387,3340,26000,40.318398,-122.009995,E-6B TACAMO,351,309,0,False,mlat
ae63c6,2026-08-31 04:43:08.484487,PETRO61,21-46090,1536,38025,41.139938,-108.520218,KC-46A Pegasus,295,463,0,False,mlat
ae1197,2026-08-31 04:43:08.484497,RCH3260,03-3114,4044,36000,40.079361,-93.725647,C-17A Globemaster,265,424,0,False,adsb_icao
ae1460,2026-08-31 04:43:08.484500,BLINR01,06-6162,1745,15350,31.813929,-93.445625,C-17A Globemaster,119,361,-1976,False,mlat
ae2fb0,2026-08-31 04:43:08.484507,RCH163,08-8204,1662,1825,39.260727,-75.455162,C-17A Globemaster,172,206,46,False,mlat
af0f64,2026-08-31 04:43:08.484511,UNK C/S,,3512,24000,41.197659,-74.090408,E-6B TACAMO,228,358,0,False,mlat
ae08e3,2026-08-31 04:43:08.484514,RCH277,00-0183,0767,32925,41.733711,-71.958267,C-17A Globemaster,214,407,-575,False,mlat
ae058a,2026-08-31 04:43:08.484519,RCH1812,87-0045,3304,38000,37.413845,-9.437449,C-5M Galaxy,99,474,-32,False,mlat
ae10bd,2026-08-31 04:43:08.484523,RCH329,01-0194,2214,33000,52.976398,0.891541,C-17A Globemaster,112,468,32,False,adsb_icao
ae07f6,2026-08-31 04:43:08.484526,RCH401,97-0044,2643,38000,44.235607,23.0145,C-17A Globemaster,337,410,0,False,mlat
80078e,2026-08-31 04:43:08.484530,VUAUA,CB-8001,3652,18575,28.98527,76.491531,C-17A Globemaster,289,422,1440,False,mlat
87cdf4,2026-08-31 04:43:08.484540,HARGR51,54-3616,7340,28000,32.710487,128.890305,KC-46A Pegasus,232,415,0,False,adsb_icao
87cc0a,2026-08-31 04:43:08.484545,GALOP61,07-3604,5343,625,36.141201,140.397736,KC-46A Pegasus,20,130,-512,False,adsb_icao
7cf86c,2026-08-31 04:43:08.484552,STAL22,A41-209,4507,2875,-27.052576,152.050735,C-17A Globemaster,39,238,-1120,False,adsb_icao
ae574d,2026-08-31 04:43:08.484557,UNK C/S,19-46007,0713,22000,28.4,48.4,KC-46A Pegasus,,,,False,mode_s
ae5e11,2026-08-31 04:43:08.484560,UNK C/S,17-46036,0716,25000,28.4,48.4,KC-46A Pegasus,,,,False,mode_s
ae5e12,2026-08-31 04:43:08.484565,FLYER59,17-46037,1530,Unavailable,25.2,53.3,KC-46A Pegasus,,,,False,mode_s
ae63c7,2026-08-31 04:43:08.484572,FLYER62,21-46091,5121,18025,26.0,51.3,KC-46A Pegasus,,,,False,mode_s
ae07be,2026-08-31 04:43:08.484577,UNK C/S,62-3578,1143,28000,28.4,48.4,KC-135R Stratotanker,133,502,64,False,mode_s
afa175,2026-08-31 04:43:08.484581,FLYER63,19-46111,3276,20525,25.7,58.9,KC-46A Pegasus,,,,False,mode_s
ae0414,2026-08-31 04:44:08.891162,UNK C/S,164387,3340,26000,40.401581,-122.025162,E-6B TACAMO,352,315,0,False,mlat
ae63c6,2026-08-31 04:44:08.891182,PETRO61,21-46090,1536,38025,41.167477,-108.685883,KC-46A Pegasus,284,411,0,False,mlat
ae1197,2026-08-31 04:44:08.891190,RCH3260,03-3114,4044,36000,40.069653,-93.879547,C-17A Globemaster,265,426,0,False,adsb_icao
ae1460,2026-08-31 04:44:08.891194,BLINR01,06-6162,1745,13475,31.763039,-93.34304,C-17A Globemaster,124,331,-1747,False,mlat
ae2fb0,2026-08-31 04:44:08.891201,RCH163,08-8204,1662,1200,39.217087,-75.455429,C-17A Globemaster,181,116,-690,False,mlat
af0f64,2026-08-31 04:44:08.891204,UNK C/S,,3512,24000,41.182011,-74.210068,E-6B TACAMO,264,332,0,False,mlat
ae08e3,2026-08-31 04:44:08.891208,RCH277,00-0183,0767,32325,41.641926,-72.039345,C-17A Globemaster,214,400,-588,False,mlat
ae058a,2026-08-31 04:44:08.891213,RCH1812,87-0045,3304,38000,37.392193,-9.281346,C-5M Galaxy,99,474,-32,False,mlat
ae10bd,2026-08-31 04:44:08.891218,RCH329,01-0194,2214,33000,52.926727,1.092529,C-17A Globemaster,112,468,-64,False,adsb_icao
ae07f6,2026-08-31 04:44:08.891221,RCH401,97-0044,2643,38000,44.338387,22.953926,C-17A Globemaster,337,394,0,False,mlat
80078e,2026-08-31 04:44:08.891226,VUAUA,CB-8001,3652,19825,29.026278,76.360306,C-17A Globemaster,289,434,1376,False,mlat
87cdf4,2026-08-31 04:44:08.891235,HARGR51,54-3616,7340,28000,32.65686,128.769104,KC-46A Pegasus,255,423,64,False,adsb_icao
87cc0a,2026-08-31 04:44:08.891241,GALOP61,07-3604,5343,175,36.166481,140.409012,KC-46A Pegasus,20,132,-448,False,adsb_icao
7cf86c,2026-08-31 04:44:08.891249,STAL22,A41-209,4507,1500,-27.004852,152.095551,C-17A Globemaster,40,215,-1664,False,adsb_icao
ae574d,2026-08-31 04:44:08.891254,UNK C/S,19-46007,0713,22025,28.4,48.4,KC-46A Pegasus,,,,False,mode_s
ae5e11,2026-08-31 04:44:08.891258,UNK C/S,17-46036,0716,25025,28.4,48.4,KC-46A Pegasus,,,,False,mode_s
ae5e12,2026-08-31 04:44:08.891264,FLYER59,17-46037,1530,Unavailable,25.2,53.8,KC-46A Pegasus,,,,False,mode_s
afde25,2026-08-31 04:44:08.891269,UNK C/S,,7000,Unavailable,35.4,-122.6,E-6B TACAMO,,,,False,mode_s
ae63c7,2026-08-31 04:44:08.891273,FLYER62,21-46091,5121,18025,26.0,51.3,KC-46A Pegasus,,,,False,mode_s
ae04dc,2026-08-31 04:44:08.891423,UNK C/S,57-1461,5310,200,32.3,33.9,KC-135R Stratotanker,,,,False,mode_s
ae07be,2026-08-31 04:44:08.891427,UNK C/S,62-3578,1143,28000,27.9,47.5,KC-135R Stratotanker,108,510,0,False,mode_s
afa175,2026-08-31 04:44:08.891432,FLYER63,19-46111,3276,20500,25.7,58.4,KC-46A Pegasus,,,,False,mode_s
ae0414,2026-08-31 04:45:09.329297,UNK C/S,164387,3340,26000,40.491447,-122.048615,E-6B TACAMO,337,322,0,False,mlat
ae63c6,2026-08-31 04:45:09.329317,PETRO61,21-46090,1536,38025,41.19051,-108.792046,KC-46A Pegasus,286,423,0,False,mlat
ae1197,2026-08-31 04:45:09.329324,RCH3260,03-3114,4044,36000,40.059586,-94.034546,C-17A Globemaster,265,428,0,False,adsb_icao
ae1460,2026-08-31 04:45:09.329328,BLINR01,06-6162,1745,12025,31.712147,-93.253136,C-17A Globemaster,106,305,-1437,False,mlat
ae2fb0,2026-08-31 04:45:09.329334,RCH163,08-8204,1662,575,39.186153,-75.464081,C-17A Globemaster,202,90,-677,False,mlat
af0f64,2026-08-31 04:45:09.329338,UNK C/S,,3512,24000,41.171574,-74.325394,E-6B TACAMO,265,326,0,False,mlat
ae08e3,2026-08-31 04:45:09.329342,RCH277,00-0183,0767,31725,41.544483,-72.125618,C-17A Globemaster,211,419,-591,False,mlat
ae058a,2026-08-31 04:45:09.329346,RCH1812,87-0045,3304,37625,37.370975,-9.106872,C-5M Galaxy,99,474,-1088,False,mlat
ae10bd,2026-08-31 04:45:09.329350,RCH329,01-0194,2214,33000,52.876869,1.292385,C-17A Globemaster,112,473,128,False,adsb_icao
ae07f6,2026-08-31 04:45:09.329353,RCH401,97-0044,2643,38000,44.443165,22.89147,C-17A Globemaster,336,402,0,False,mlat
ae04dc,2026-08-31 04:45:09.329359,UNK C/S,57-1461,5310,1875,31.994528,34.795258,KC-135R Stratotanker,240,344,1682,False,mlat
80078e,2026-08-31 04:45:09.329363,VUAUA,CB-8001,3652,21025,29.065571,76.238007,C-17A Globemaster,289,440,1216,False,mlat
87cdf4,2026-08-31 04:45:09.329372,HARGR51,54-3616,7340,28000,32.62772,128.633484,KC-46A Pegasus,255,423,0,False,adsb_icao
87cc0a,2026-08-31 04:45:09.329377,GALOP61,07-3604,2022,3125,36.21785,140.433426,KC-46A Pegasus,24,164,3968,False,adsb_icao
7cf86c,2026-08-31 04:45:09.329385,STAL22,A41-209,4507,1200,-26.960587,152.141205,C-17A Globemaster,45,218,,False,adsb_icao
ae574d,2026-08-31 04:45:09.329391,UNK C/S,19-46007,0713,22000,28.4,48.4,KC-46A Pegasus,,,,False,mode_s
ae5e11,2026-08-31 04:45:09.329394,UNK C/S,17-46036,0716,25000,28.4,48.4,KC-46A Pegasus,,,,False,mode_s
ae5e12,2026-08-31 04:45:09.329399,FLYER59,17-46037,1530,Unavailable,25.2,53.8,KC-46A Pegasus,,,,False,mode_s
ae63c7,2026-08-31 04:45:09.329405,FLYER62,21-46091,5121,16150,26.0,51.3,KC-46A Pegasus,,,,False,mode_s
ae07be,2026-08-31 04:45:09.329409,UNK C/S,62-3578,1143,28000,28.4,48.4,KC-135R Stratotanker,104,512,0,False,mode_s
afa175,2026-08-31 04:45:09.329414,FLYER63,19-46111,3276,20500,25.7,57.5,KC-46A Pegasus,,,,False,mode_s
ae0414,2026-08-31 04:46:09.809093,UNK C/S,164387,3340,26000,40.540813,-122.134644,E-6B TACAMO,285,328,0,False,mlat
ae63c6,2026-08-31 04:46:09.809115,PETRO61,21-46090,1536,38025,41.242466,-108.989777,KC-46A Pegasus,284,430,0,False,mlat
ae1197,2026-08-31 04:46:09.809124,RCH3260,03-3114,4044,36000,40.049286,-94.189819,C-17A Globemaster,265,425,-64,False,adsb_icao
ae1460,2026-08-31 04:46:09.809128,BLINR01,06-6162,1745,10525,31.675182,-93.165573,C-17A Globemaster,119,258,-1583,False,mlat
ae2fb0,2026-08-31 04:46:09.809135,RCH163,08-8204,1662,75,39.163784,-75.457809,C-17A Globemaster,181,137,-628,False,mlat
af0f64,2026-08-31 04:46:09.809138,UNK C/S,,3512,24000,41.179272,-74.453087,E-6B TACAMO,296,334,0,False,mlat
ae08e3,2026-08-31 04:46:09.809142,RCH277,00-0183,0767,31150,41.452412,-72.210251,C-17A Globemaster,216,417,-558,False,mlat
ae058a,2026-08-31 04:46:09.809147,RCH1812,87-0045,3304,36175,37.350246,-8.953071,C-5M Galaxy,99,472,-1440,False,mlat
ae10bd,2026-08-31 04:46:09.809151,RCH329,01-0194,2214,33000,52.825989,1.494533,C-17A Globemaster,112,468,-64,False,adsb_icao
ae07f6,2026-08-31 04:46:09.809154,RCH401,97-0044,2643,38000,44.54163,22.832972,C-17A Globemaster,337,403,0,False,mlat
ae04dc,2026-08-31 04:46:09.809159,UNK C/S,57-1461,5310,4375,32.006966,34.717018,KC-135R Stratotanker,284,301,2825,False,mlat
80078e,2026-08-31 04:46:09.809162,VUAUA,CB-8001,3652,22125,29.161528,76.139442,C-17A Globemaster,332,448,1088,False,mlat
87cdf4,2026-08-31 04:46:09.809172,HARGR51,54-3616,7340,28000,32.598995,128.496826,KC-46A Pegasus,255,424,0,False,adsb_icao
87cc0a,2026-08-31 04:46:09.809178,GALOP61,07-3604,2022,6375,36.268204,140.4617,KC-46A Pegasus,24,234,3584,False,adsb_icao
7cf86c,2026-08-31 04:46:09.809186,STAL22,A41-209,4507,1125,-26.915199,152.184891,C-17A Globemaster,28,217,,False,adsb_icao
ae574d,2026-08-31 04:46:09.809192,UNK C/S,19-46007,0713,22000,28.4,48.4,KC-46A Pegasus,,,,False,mode_s
ae5e11,2026-08-31 04:46:09.809196,UNK C/S,17-46036,0716,25000,28.4,48.4,KC-46A Pegasus,,,,False,mode_s
ae5e12,2026-08-31 04:46:09.809201,FLYER59,17-46037,1530,18075,25.2,54.3,KC-46A Pegasus,,,,False,mode_s
ae63c7,2026-08-31 04:46:09.809208,FLYER62,21-46091,5121,13775,26.1,51.4,KC-46A Pegasus,,,,False,mode_s
ae07be,2026-08-31 04:46:09.809212,UNK C/S,62-3578,1143,27525,28.4,48.4,KC-135R Stratotanker,105,502,-1408,False,mode_s
afa175,2026-08-31 04:46:09.809217,FLYER63,19-46111,3276,20500,25.7,57.7,KC-46A Pegasus,,,,False,mode_s
ae0414,2026-08-31 04:47:10.330939,UNK C/S,164387,3340,26000,40.529671,-122.234169,E-6B TACAMO,237,305,0,False,mlat
ae1197,2026-08-31 04:47:10.330959,RCH3260,03-3114,4044,36000,40.038879,-94.344215,C-17A Globemaster,264,425,0,False,adsb_icao
ae1460,2026-08-31 04:47:10.330964,BLINR01,06-6162,1745,8925,31.635445,-93.08744,C-17A Globemaster,122,278,-1568,False,mlat
af0f64,2026-08-31 04:47:10.330971,UNK C/S,,3512,24000,41.211311,-74.566963,E-6B TACAMO,284,328,0,False,mlat
ae08e3,2026-08-31 04:47:10.330975,RCH277,00-0183,0767,30550,41.352776,-72.296761,C-17A Globemaster,217,406,-597,False,mlat
ae058a,2026-08-31 04:47:10.330980,RCH1812,87-0045,3304,34725,37.327579,-8.783751,C-5M Galaxy,99,474,-1504,False,mlat
ae10bd,2026-08-31 04:47:10.330984,RCH329,01-0194,2214,33000,52.766449,1.686794,C-17A Globemaster,117,467,0,False,adsb_icao
ae07f6,2026-08-31 04:47:10.330987,RCH401,97-0044,2643,38000,44.641132,22.772243,C-17A Globemaster,337,410,0,False,mlat
ae04dc,2026-08-31 04:47:10.330992,UNK C/S,57-1461,5310,7125,32.026741,34.635288,KC-135R Stratotanker,290,269,2620,False,mlat
80078e,2026-08-31 04:47:10.330996,VUAUA,CB-8001,3652,23125,29.226587,76.100586,C-17A Globemaster,332,454,1120,False,mlat
87cdf4,2026-08-31 04:47:10.331006,HARGR51,54-3616,7340,28000,32.575058,128.38414,KC-46A Pegasus,255,424,0,False,adsb_icao
87cc0a,2026-08-31 04:47:10.331012,GALOP61,07-3604,2022,9350,36.339432,140.494186,KC-46A Pegasus,16,287,2560,False,adsb_icao
7cf86c,2026-08-31 04:47:10.331020,STAL22,A41-209,4507,875,-26.892483,152.228088,C-17A Globemaster,100,215,,False,adsb_icao
ae574d,2026-08-31 04:47:10.331026,UNK C/S,19-46007,0713,22025,28.4,48.4,KC-46A Pegasus,,,,False,mode_s
ae5e11,2026-08-31 04:47:10.331030,UNK C/S,17-46036,0716,25000,28.4,48.4,KC-46A Pegasus,,,,False,mode_s
ae5e12,2026-08-31 04:47:10.331035,FLYER59,17-46037,1530,19650,25.2,54.4,KC-46A Pegasus,,,,False,mode_s
ae63c7,2026-08-31 04:47:10.331041,FLYER62,21-46091,5121,11700,26.1,51.3,KC-46A Pegasus,,,,False,mode_s
ae63c6,2026-08-31 04:47:10.331044,PETRO61,21-46090,1536,38025,40.5,-108.0,KC-46A Pegasus,,,,False,mode_s
ae07be,2026-08-31 04:47:10.331050,UNK C/S,62-3578,1143,25650,28.4,48.4,KC-135R Stratotanker,106,492,-1856,False,mode_s
afa175,2026-08-31 04:47:10.331054,FLYER63,19-46111,3276,20500,25.6,56.7,KC-46A Pegasus,,,,False,mode_s
ae0414,2026-08-31 04:48:10.657186,UNK C/S,164387,3340,26000,40.45483,-122.296204,E-6B TACAMO,188,338,0,False,mlat
ae1197,2026-08-31 04:48:10.657209,RCH3260,03-3114,4044,36000,40.028408,-94.496468,C-17A Globemaster,264,420,64,False,adsb_icao
ae1460,2026-08-31 04:48:10.657214,BLINR01,06-6162,1745,7325,31.596571,-93.005188,C-17A Globemaster,124,267,-1577,False,mlat
af0f64,2026-08-31 04:48:10.657221,UNK C/S,,3512,24000,41.243095,-74.672165,E-6B TACAMO,291,330,0,False,mlat
ae08e3,2026-08-31 04:48:10.657224,RCH277,00-0183,0767,30000,41.257313,-72.379768,C-17A Globemaster,214,410,-488,False,mlat
ae058a,2026-08-31 04:48:10.657229,RCH1812,87-0045,3304,33275,37.305618,-8.623779,C-5M Galaxy,99,478,-1824,False,mlat
ae10bd,2026-08-31 04:48:10.657233,RCH329,01-0194,2214,33000,52.705933,1.875366,C-17A Globemaster,118,468,-256,False,adsb_icao
ae07f6,2026-08-31 04:48:10.657236,RCH401,97-0044,2643,38000,44.746052,22.708639,C-17A Globemaster,333,407,0,False,mlat
ae04dc,2026-08-31 04:48:10.657241,UNK C/S,57-1461,5310,9600,32.047424,34.548164,KC-135R Stratotanker,286,287,2548,False,mlat
87cdf4,2026-08-31 04:48:10.657250,HARGR51,54-3616,7340,28000,32.558308,128.305847,KC-46A Pegasus,255,424,0,False,adsb_icao
87cc0a,2026-08-31 04:48:10.657255,GALOP61,07-3604,2022,9950,36.420273,140.52298,KC-46A Pegasus,15,346,-192,False,adsb_icao
7cf86c,2026-08-31 04:48:10.657264,STAL22,A41-209,4507,900,-26.87726,152.296707,C-17A Globemaster,30,219,,False,adsb_icao
ae574d,2026-08-31 04:48:10.657269,UNK C/S,19-46007,0713,22000,28.4,48.4,KC-46A Pegasus,,,,False,mode_s
ae5e11,2026-08-31 04:48:10.657273,UNK C/S,17-46036,0716,25000,28.4,48.4,KC-46A Pegasus,,,,False,mode_s
ae5e12,2026-08-31 04:48:10.657278,FLYER59,17-46037,1530,20025,25.2,54.4,KC-46A Pegasus,,,,False,mode_s
afde25,2026-08-31 04:48:10.657283,UNK C/S,,7000,Unavailable,35.4,-122.6,E-6B TACAMO,,,,False,mode_s
ae63c7,2026-08-31 04:48:10.657287,FLYER62,21-46091,5121,9450,26.1,51.4,KC-46A Pegasus,,,,False,mode_s
ae63c6,2026-08-31 04:48:10.657292,PETRO61,21-46090,1536,38025,40.3,-108.0,KC-46A Pegasus,,,,False,mode_s
80078e,2026-08-31 04:48:10.657296,VUAUA,CB-8001,3652,24000,29.3,76.3,C-17A Globemaster,332,460,320,False,mode_s
ae07be,2026-08-31 04:48:10.657300,UNK C/S,62-3578,1143,23625,28.4,48.4,KC-135R Stratotanker,106,486,-1984,False,mode_s
ae123b,2026-08-31 04:48:10.657303,RCH197,04-4130,7711,2275,49.8,6.1,C-17A Globemaster,,,,False,mode_s
afa175,2026-08-31 04:48:10.657307,FLYER63,19-46111,3276,20500,25.7,58.0,KC-46A Pegasus,,,,False,mode_s
ae0414,2026-08-31 04:49:11.136239,UNK C/S,164387,3340,26000,40.366856,-122.286987,E-6B TACAMO,171,323,0,False,mlat
ae63c6,2026-08-31 04:49:11.136259,PETRO61,21-46090,1536,38025,41.229328,-109.288414,KC-46A Pegasus,,,-57,False,mode_s
ae1197,2026-08-31 04:49:11.136268,RCH3260,03-3114,4044,36000,40.017746,-94.647766,C-17A Globemaster,264,420,0,False,adsb_icao
ae1460,2026-08-31 04:49:11.136271,BLINR01,06-6162,1745,5750,31.561619,-92.932961,C-17A Globemaster,119,282,-1587,False,mlat
af0f64,2026-08-31 04:49:11.136277,UNK C/S,,3512,24000,41.277313,-74.790688,E-6B TACAMO,286,307,0,False,mlat
ae08e3,2026-08-31 04:49:11.136280,RCH277,00-0183,0767,30000,41.158894,-72.465431,C-17A Globemaster,214,415,-2,False,mlat
ae058a,2026-08-31 04:49:11.136286,RCH1812,87-0045,3304,31550,37.281624,-8.450981,C-5M Galaxy,99,482,-1664,False,mlat
ae10bd,2026-08-31 04:49:11.136289,RCH329,01-0194,2214,33000,52.644623,2.064331,C-17A Globemaster,118,471,-224,False,adsb_icao
ae123b,2026-08-31 04:49:11.136292,RCH197,04-4130,7711,3450,49.90736,6.619279,C-17A Globemaster,,,1179,False,mlat
ae07f6,2026-08-31 04:49:11.136295,RCH401,97-0044,2643,38000,44.84734,22.648764,C-17A Globemaster,337,410,0,False,mlat
ae04dc,2026-08-31 04:49:11.136300,UNK C/S,57-1461,5310,11325,32.070087,34.456558,KC-135R Stratotanker,277,354,1626,False,mlat
87cc0a,2026-08-31 04:49:11.136312,GALOP61,07-3604,2022,11650,36.517017,140.557205,KC-46A Pegasus,15,364,4224,False,adsb_icao
7cf86c,2026-08-31 04:49:11.136320,STAL22,A41-209,4507,1275,-26.81637,152.29686,C-17A Globemaster,20,221,,False,adsb_icao
ae574d,2026-08-31 04:49:11.136325,UNK C/S,19-46007,0713,22000,28.4,48.4,KC-46A Pegasus,,,,False,mode_s
ae5e11,2026-08-31 04:49:11.136329,UNK C/S,17-46036,0716,25000,28.4,48.4,KC-46A Pegasus,,,,False,mode_s
ae5e12,2026-08-31 04:49:11.136334,FLYER59,17-46037,1530,20025,25.2,54.4,KC-46A Pegasus,,,,False,mode_s
ae63c7,2026-08-31 04:49:11.136340,FLYER62,21-46091,5121,7050,25.8,50.9,KC-46A Pegasus,,,,False,mode_s
80078e,2026-08-31 04:49:11.136346,VUAUA,CB-8001,3652,24825,28.9,76.7,C-17A Globemaster,332,466,1280,False,mode_s
ae07be,2026-08-31 04:49:11.136350,UNK C/S,62-3578,1143,23000,28.4,48.4,KC-135R Stratotanker,108,460,0,False,mode_s
afa175,2026-08-31 04:49:11.136354,FLYER63,19-46111,3276,20500,25.7,55.8,KC-46A Pegasus,,,,False,mode_s
ae0414,2026-08-31 04:50:11.560810,UNK C/S,164387,3340,26000,40.281918,-122.268341,E-6B TACAMO,170,315,0,False,mlat
ae1197,2026-08-31 04:50:11.560834,RCH3260,03-3114,4044,36000,40.006851,-94.800476,C-17A Globemaster,264,420,-64,False,adsb_icao
ae1460,2026-08-31 04:50:11.560838,BLINR01,06-6162,1745,4525,31.552917,-92.914352,C-17A Globemaster,119,283,-1520,False,mode_s
af0f64,2026-08-31 04:50:11.560846,UNK C/S,,3512,24000,41.310898,-74.903961,E-6B TACAMO,300,336,0,False,mlat
ae08e3,2026-08-31 04:50:11.560849,RCH277,00-0183,0767,30000,41.060646,-72.552231,C-17A Globemaster,215,432,0,False,mlat
ae058a,2026-08-31 04:50:11.560855,RCH1812,87-0045,3304,29750,37.259758,-8.289351,C-5M Galaxy,100,486,-1888,False,mlat
ae10bd,2026-08-31 04:50:11.560859,RCH329,01-0194,2214,33000,52.582802,2.253217,C-17A Globemaster,118,467,-32,False,adsb_icao
ae123b,2026-08-31 04:50:11.560862,RCH197,04-4130,7711,4975,49.893307,6.520099,C-17A Globemaster,292,350,1957,False,mlat
ae07f6,2026-08-31 04:50:11.560865,RCH401,97-0044,2643,38000,44.942974,22.590401,C-17A Globemaster,338,383,0,False,mlat
ae04dc,2026-08-31 04:50:11.560870,UNK C/S,57-1461,5310,13400,32.09399,34.352676,KC-135R Stratotanker,289,322,2045,False,mlat
87cc0a,2026-08-31 04:50:11.560883,GALOP61,07-3604,2022,14825,36.62265,140.573898,KC-46A Pegasus,7,391,1408,False,adsb_icao
7cf86c,2026-08-31 04:50:11.560892,STAL22,A41-209,4507,1175,-26.797192,152.310547,C-17A Globemaster,38,219,,False,adsb_icao
ae574d,2026-08-31 04:50:11.560897,UNK C/S,19-46007,0713,22000,28.4,48.4,KC-46A Pegasus,,,,False,mode_s
ae5e11,2026-08-31 04:50:11.560901,UNK C/S,17-46036,0716,25000,28.4,48.4,KC-46A Pegasus,,,,False,mode_s
ae5e12,2026-08-31 04:50:11.560905,FLYER59,17-46037,1530,20025,25.2,54.4,KC-46A Pegasus,,,,False,mode_s
87cdf4,2026-08-31 04:50:11.560912,HARGR51,54-3616,7340,Unavailable,33.1,129.7,KC-46A Pegasus,,,,False,mode_s
ae63c7,2026-08-31 04:50:11.560916,FLYER62,21-46091,5121,6400,26.1,51.4,KC-46A Pegasus,,,,False,mode_s
ae63c6,2026-08-31 04:50:11.560920,PETRO61,21-46090,1536,38025,40.1,-108.8,KC-46A Pegasus,,,,False,mode_s
80078e,2026-08-31 04:50:11.560925,VUAUA,CB-8001,3652,25600,29.4,76.2,C-17A Globemaster,332,466,896,False,mode_s
ae07be,2026-08-31 04:50:11.560928,UNK C/S,62-3578,1143,23000,28.4,48.4,KC-135R Stratotanker,83,478,-256,False,mode_s
afa175,2026-08-31 04:50:11.560933,FLYER63,19-46111,3276,20500,25.6,56.8,KC-46A Pegasus,,,,False,mode_s
ae0414,2026-08-31 04:51:11.946438,UNK C/S,164387,3340,26000,40.195824,-122.253532,E-6B TACAMO,172,330,0,False,mlat
ae1197,2026-08-31 04:51:11.946459,RCH3260,03-3114,4044,36000,39.995728,-94.953186,C-17A Globemaster,264,417,0,False,adsb_icao
af0f64,2026-08-31 04:51:11.946466,UNK C/S,,3512,24000,41.342014,-75.010803,E-6B TACAMO,286,328,0,False,mlat
ae08e3,2026-08-31 04:51:11.946470,RCH277,00-0183,0767,30000,40.964676,-72.634315,C-17A Globemaster,212,440,0,False,mlat
ae058a,2026-08-31 04:51:11.946476,RCH1812,87-0045,3304,27800,37.236641,-8.126895,C-5M Galaxy,100,478,-1856,False,mlat
ae10bd,2026-08-31 04:51:11.946480,RCH329,01-0194,2214,33000,52.520737,2.441483,C-17A Globemaster,118,464,0,False,adsb_icao
ae123b,2026-08-31 04:51:11.946483,RCH197,04-4130,7711,6925,49.909107,6.41234,C-17A Globemaster,285,260,1832,False,mlat
ae07f6,2026-08-31 04:51:11.946487,RCH401,97-0044,2643,38000,45.050972,22.525045,C-17A Globemaster,335,418,0,False,mlat
ae04dc,2026-08-31 04:51:11.946492,UNK C/S,57-1461,5310,15100,32.093952,34.255749,KC-135R Stratotanker,241,326,503,False,mlat
87cc0a,2026-08-31 04:51:11.946502,GALOP61,07-3604,2022,14975,36.731438,140.58223,KC-46A Pegasus,342,376,-64,False,adsb_icao
7cf86c,2026-08-31 04:51:11.946510,STAL22,A41-209,4507,1325,-26.742142,152.396805,C-17A Globemaster,33,218,,False,adsb_icao
ae574d,2026-08-31 04:51:11.946515,UNK C/S,19-46007,0713,22000,28.4,48.4,KC-46A Pegasus,,,,False,mode_s
ae1460,2026-08-31 04:51:11.946519,BLINR01,06-6162,1745,3350,32.3,-92.5,C-17A Globemaster,,,,False,mode_s
ae5e11,2026-08-31 04:51:11.946522,UNK C/S,17-46036,0716,25000,28.4,48.4,KC-46A Pegasus,,,,False,mode_s
ae5e12,2026-08-31 04:51:11.946528,FLYER59,17-46037,1530,20025,25.2,54.4,KC-46A Pegasus,,,,False,mode_s
ae63c7,2026-08-31 04:51:11.946535,FLYER62,21-46091,5121,Unavailable,25.4,50.2,KC-46A Pegasus,,,,False,mode_s
ae63c6,2026-08-31 04:51:11.946539,PETRO61,21-46090,1536,38025,40.4,-109.9,KC-46A Pegasus,,,,False,mode_s
80078e,2026-08-31 04:51:11.946543,VUAUA,CB-8001,3652,26625,28.9,76.7,C-17A Globemaster,332,460,1088,False,mode_s
ae07be,2026-08-31 04:51:11.946546,UNK C/S,62-3578,1143,23000,28.4,48.4,KC-135R Stratotanker,45,470,64,False,mode_s
afa175,2026-08-31 04:51:11.946551,FLYER63,19-46111,3276,20525,25.6,56.0,KC-46A Pegasus,,,,False,mode_s
ae0414,2026-08-31 04:52:12.412364,UNK C/S,164387,3340,26000,40.106525,-122.238632,E-6B TACAMO,173,324,0,False,mlat
ae63c6,2026-08-31 04:52:12.412384,PETRO61,21-46090,1536,38000,41.203316,-109.79747,KC-46A Pegasus,,,-41,False,mlat
ae1197,2026-08-31 04:52:12.412391,RCH3260,03-3114,4044,36000,39.984554,-95.104332,C-17A Globemaster,264,421,0,False,adsb_icao
af0f64,2026-08-31 04:52:12.412398,UNK C/S,,3512,26450,41.374897,-75.124542,E-6B TACAMO,290,321,2849,False,mlat
ae08e3,2026-08-31 04:52:12.412402,RCH277,00-0183,0767,30000,40.865452,-72.724213,C-17A Globemaster,213,410,0,False,mlat
ae058a,2026-08-31 04:52:12.412407,RCH1812,87-0045,3304,25850,37.213482,-7.960355,C-5M Galaxy,100,470,-1920,False,mlat
ae10bd,2026-08-31 04:52:12.412412,RCH329,01-0194,2214,33000,52.459625,2.628008,C-17A Globemaster,118,463,160,False,adsb_icao
ae123b,2026-08-31 04:52:12.412416,RCH197,04-4130,7711,8750,49.98333,6.387546,C-17A Globemaster,20,367,2175,False,mlat
ae07f6,2026-08-31 04:52:12.412419,RCH401,97-0044,2643,38000,45.164043,22.456429,C-17A Globemaster,336,407,0,False,mlat
ae04dc,2026-08-31 04:52:12.412424,UNK C/S,57-1461,5310,15100,31.996632,34.230682,KC-135R Stratotanker,159,426,75,False,mlat
87cc0a,2026-08-31 04:52:12.412438,GALOP61,07-3604,2022,15775,36.786697,140.482758,KC-46A Pegasus,275,359,3520,False,adsb_icao
7cf86c,2026-08-31 04:52:12.412447,STAL22,A41-209,4507,1275,-26.692961,152.387192,C-17A Globemaster,296,227,,False,adsb_icao
ae574d,2026-08-31 04:52:12.412453,UNK C/S,19-46007,0713,22000,28.4,48.4,KC-46A Pegasus,,,,False,mode_s
ae1460,2026-08-31 04:52:12.412456,BLINR01,06-6162,1745,2725,32.1,-92.5,C-17A Globemaster,,,,False,mode_s
ae5e11,2026-08-31 04:52:12.412459,UNK C/S,17-46036,0716,25000,28.4,48.4,KC-46A Pegasus,,,,False,mode_s
ae5e12,2026-08-31 04:52:12.412464,FLYER59,17-46037,1530,20025,25.0,54.4,KC-46A Pegasus,,,,False,mode_s
ae63c7,2026-08-31 04:52:12.412469,FLYER62,21-46091,5121,4250,25.6,50.6,KC-46A Pegasus,,,,False,mode_s
80078e,2026-08-31 04:52:12.412474,VUAUA,CB-8001,3652,28850,29.1,76.4,C-17A Globemaster,332,422,2080,False,mode_s
ae07be,2026-08-31 04:52:12.412478,UNK C/S,62-3578,1143,23000,28.4,48.4,KC-135R Stratotanker,70,478,-224,False,mode_s
afa175,2026-08-31 04:52:12.412482,FLYER63,19-46111,3276,20500,25.7,57.4,KC-46A Pegasus,,,,False,mode_s
ae0414,2026-08-31 04:53:12.921295,UNK C/S,164387,3340,26000,40.030266,-122.181419,E-6B TACAMO,123,335,0,False,mlat
ae1197,2026-08-31 04:53:12.921318,RCH3260,03-3114,4044,36000,39.97316,-95.255127,C-17A Globemaster,264,416,64,False,adsb_icao
af0f64,2026-08-31 04:53:12.921326,UNK C/S,,3512,28025,41.4105,-75.234947,E-6B TACAMO,289,315,867,False,mlat
ae08e3,2026-08-31 04:53:12.921330,RCH277,00-0183,0767,28750,40.765617,-72.811188,C-17A Globemaster,216,439,-1986,False,mlat
ae058a,2026-08-31 04:53:12.921336,RCH1812,87-0045,3304,23950,37.189514,-7.794384,C-5M Galaxy,100,462,-2048,False,mlat
ae10bd,2026-08-31 04:53:12.921340,RCH329,01-0194,2214,33000,52.399933,2.81311,C-17A Globemaster,117,459,-32,False,adsb_icao
ae123b,2026-08-31 04:53:12.921344,RCH197,04-4130,7711,10325,50.065254,6.428218,C-17A Globemaster,32,340,1231,False,mlat
ae07f6,2026-08-31 04:53:12.921348,RCH401,97-0044,2643,38000,45.265095,22.394869,C-17A Globemaster,340,379,0,False,mlat
ae04dc,2026-08-31 04:53:12.921354,UNK C/S,57-1461,5310,16375,31.913824,34.303261,KC-135R Stratotanker,129,390,2524,False,mlat
87cc0a,2026-08-31 04:53:12.921365,GALOP61,07-3604,2022,19375,36.751175,140.36525,KC-46A Pegasus,240,380,3264,False,adsb_icao
ae574d,2026-08-31 04:53:12.921375,UNK C/S,19-46007,0713,22000,28.4,48.4,KC-46A Pegasus,,,,False,mode_s
ae1460,2026-08-31 04:53:12.921379,BLINR01,06-6162,1745,1650,31.5,-92.5,C-17A Globemaster,,,,False,mode_s
ae5e11,2026-08-31 04:53:12.921382,UNK C/S,17-46036,0716,25000,28.4,48.4,KC-46A Pegasus,,,,False,mode_s
afde25,2026-08-31 04:53:12.921386,UNK C/S,,7000,Unavailable,38.3,-124.5,E-6B TACAMO,,,,False,mode_s
ae5e12,2026-08-31 04:53:12.921390,FLYER59,17-46037,1530,20025,24.9,54.4,KC-46A Pegasus,,,,False,mode_s
7cf86c,2026-08-31 04:53:12.921397,STAL22,A41-209,4507,Unavailable,-27.2,152.3,C-17A Globemaster,,,,False,mode_s
ae63c7,2026-08-31 04:53:12.921400,FLYER62,21-46091,5121,Unavailable,25.1,49.7,KC-46A Pegasus,,,,False,mode_s
ae63c6,2026-08-31 04:53:12.921404,PETRO61,21-46090,1536,38025,40.6,-109.7,KC-46A Pegasus,,,,False,mode_s
80078e,2026-08-31 04:53:12.921409,VUAUA,CB-8001,3652,30300,29.0,76.5,C-17A Globemaster,332,410,480,False,mode_s
ae07be,2026-08-31 04:53:12.921412,UNK C/S,62-3578,1143,23000,28.4,48.4,KC-135R Stratotanker,155,428,0,False,mode_s
afa175,2026-08-31 04:53:12.921417,FLYER63,19-46111,3276,20500,25.7,57.9,KC-46A Pegasus,,,,False,mode_s
ae0414,2026-08-31 04:54:13.320639,UNK C/S,164387,3340,26000,40.014996,-122.071625,E-6B TACAMO,75,330,0,False,mlat
ae1197,2026-08-31 04:54:13.320682,RCH3260,03-3114,4044,36000,39.961514,-95.406586,C-17A Globemaster,264,418,0,False,adsb_icao
af0f64,2026-08-31 04:54:13.320698,UNK C/S,,3512,28000,41.441666,-75.352539,E-6B TACAMO,293,352,0,False,mlat
ae08e3,2026-08-31 04:54:13.320703,RCH277,00-0183,0767,26650,40.663914,-72.909882,C-17A Globemaster,214,430,-2073,False,mlat
ae058a,2026-08-31 04:54:13.320709,RCH1812,87-0045,3304,22000,37.167519,-7.641995,C-5M Galaxy,100,444,-1920,False,mlat
ae10bd,2026-08-31 04:54:13.320714,RCH329,01-0194,2214,33000,52.33992,3.001175,C-17A Globemaster,117,460,-256,False,adsb_icao
ae123b,2026-08-31 04:54:13.320718,RCH197,04-4130,7711,11775,50.076523,6.570664,C-17A Globemaster,89,317,1415,False,mlat
ae07f6,2026-08-31 04:54:13.320722,RCH401,97-0044,2643,38000,45.357086,22.337784,C-17A Globemaster,335,394,0,False,mlat
ae04dc,2026-08-31 04:54:13.320727,UNK C/S,57-1461,5310,18150,31.838236,34.381691,KC-135R Stratotanker,141,382,1978,False,mlat
87cc0a,2026-08-31 04:54:13.320739,GALOP61,07-3604,2022,22500,36.690472,140.247726,KC-46A Pegasus,236,407,3648,False,adsb_icao
7cf86c,2026-08-31 04:54:13.320747,STAL22,A41-209,4507,1500,-26.616196,152.344879,C-17A Globemaster,350,224,,False,adsb_icao
ae574d,2026-08-31 04:54:13.320753,UNK C/S,19-46007,0713,22025,28.4,48.4,KC-46A Pegasus,,,,False,mode_s
ae5e11,2026-08-31 04:54:13.320756,UNK C/S,17-46036,0716,25000,28.4,48.4,KC-46A Pegasus,,,,False,mode_s
afde25,2026-08-31 04:54:13.320760,UNK C/S,,7000,Unavailable,38.4,-124.5,E-6B TACAMO,,,,False,mode_s
ae0568,2026-08-31 04:54:13.320764,RCH5051,86-0011,7354,625,41.9,-72.2,C-5M Galaxy,,,,False,mode_s
ae5e12,2026-08-31 04:54:13.320768,FLYER59,17-46037,1530,20050,24.9,54.4,KC-46A Pegasus,,,,False,mode_s
ae63c7,2026-08-31 04:54:13.320773,FLYER62,21-46091,5121,2825,25.1,49.7,KC-46A Pegasus,,,,False,mode_s
ae63c6,2026-08-31 04:54:13.320777,PETRO61,21-46090,1536,38025,40.7,-110.8,KC-46A Pegasus,,,,False,mode_s
80078e,2026-08-31 04:54:13.320781,VUAUA,CB-8001,3652,30650,29.5,75.6,C-17A Globemaster,332,426,864,False,mode_s
ae07be,2026-08-31 04:54:13.320785,UNK C/S,62-3578,1143,23000,28.4,48.4,KC-135R Stratotanker,154,452,32,False,mode_s
afa175,2026-08-31 04:54:13.320789,FLYER63,19-46111,3276,20525,25.7,57.5,KC-46A Pegasus,,,,False,mode_s
ae0414,2026-08-31 04:55:13.691254,UNK C/S,164387,3340,26000,40.069836,-121.984535,E-6B TACAMO,27,332,0,False,mlat
ae63c6,2026-08-31 04:55:13.691276,PETRO61,21-46090,1536,38025,41.16383,-110.20015,KC-46A Pegasus,,,0,False,mlat
ae1197,2026-08-31 04:55:13.691283,RCH3260,03-3114,4044,36000,39.949814,-95.556396,C-17A Globemaster,264,416,0,False,adsb_icao
af0f64,2026-08-31 04:55:13.691291,UNK C/S,,3512,28000,41.476891,-75.474304,E-6B TACAMO,241,339,0,False,mlat
ae08e3,2026-08-31 04:55:13.691294,RCH277,00-0183,0767,24225,40.562416,-72.985832,C-17A Globemaster,213,433,-2951,False,mlat
ae0568,2026-08-31 04:55:13.691298,RCH5051,86-0011,7354,2050,42.159279,-72.509033,C-5M Galaxy,86,200,1447,False,mlat
ae058a,2026-08-31 04:55:13.691303,RCH1812,87-0045,3304,20100,37.145287,-7.493126,C-5M Galaxy,100,430,-1888,False,mlat
ae10bd,2026-08-31 04:55:13.691308,RCH329,01-0194,2214,33000,52.280399,3.186192,C-17A Globemaster,117,466,32,False,adsb_icao
ae123b,2026-08-31 04:55:13.691311,RCH197,04-4130,7711,13075,50.078323,6.724374,C-17A Globemaster,89,362,849,False,mlat
ae07f6,2026-08-31 04:55:13.691314,RCH401,97-0044,2643,38000,45.457741,22.275326,C-17A Globemaster,336,400,0,False,mlat
ae04dc,2026-08-31 04:55:13.691319,UNK C/S,57-1461,5310,19025,31.755478,34.469872,KC-135R Stratotanker,137,394,347,False,mlat
87cc0a,2026-08-31 04:55:13.691331,GALOP61,07-3604,2022,25525,36.627811,140.12851,KC-46A Pegasus,236,415,2048,False,adsb_icao
7cf86c,2026-08-31 04:55:13.691341,STAL22,A41-209,4507,1775,-26.524384,152.331345,C-17A Globemaster,355,226,,False,adsb_icao
ae574d,2026-08-31 04:55:13.691346,UNK C/S,19-46007,0713,23425,28.4,48.4,KC-46A Pegasus,,,,False,mode_s
ae1460,2026-08-31 04:55:13.691350,BLINR01,06-6162,1745,Unavailable,31.4,-92.5,C-17A Globemaster,,,,False,mode_s
ae5e11,2026-08-31 04:55:13.691354,UNK C/S,17-46036,0716,25000,28.4,48.4,KC-46A Pegasus,,,,False,mode_s
afde25,2026-08-31 04:55:13.691358,UNK C/S,,7000,Unavailable,38.5,-124.6,E-6B TACAMO,,,,False,mode_s
ae5e12,2026-08-31 04:55:13.691363,FLYER59,17-46037,1530,20025,24.9,54.4,KC-46A Pegasus,,,,False,mode_s
ae63c7,2026-08-31 04:55:13.691369,FLYER62,21-46091,5121,2175,25.1,49.7,KC-46A Pegasus,,,,False,mode_s
80078e,2026-08-31 04:55:13.691375,VUAUA,CB-8001,3652,31650,29.4,76.1,C-17A Globemaster,332,422,992,False,mode_s
ae07be,2026-08-31 04:55:13.691378,UNK C/S,62-3578,1143,23000,27.7,49.1,KC-135R Stratotanker,131,482,0,False,mode_s
afa175,2026-08-31 04:55:13.691383,FLYER63,19-46111,3276,20500,25.7,56.5,KC-46A Pegasus,,,,False,mode_s
ae0414,2026-08-31 04:56:14.137619,UNK C/S,164387,3340,26000,40.153835,-121.978027,E-6B TACAMO,346,308,0,False,mlat
ae63c6,2026-08-31 04:56:14.137639,PETRO61,21-46090,1536,38025,41.149807,-110.365097,KC-46A Pegasus,,,2,False,mlat
ae1197,2026-08-31 04:56:14.137647,RCH3260,03-3114,4044,36000,39.937862,-95.706398,C-17A Globemaster,264,416,-64,False,adsb_icao
af0f64,2026-08-31 04:56:14.137670,UNK C/S,,3512,28000,41.511642,-75.601479,E-6B TACAMO,286,342,0,False,mlat
ae08e3,2026-08-31 04:56:14.137674,RCH277,00-0183,0767,21275,40.461426,-73.067474,C-17A Globemaster,213,404,-3094,False,mlat
ae0568,2026-08-31 04:56:14.137678,RCH5051,86-0011,7354,4225,42.171871,-72.418434,C-5M Galaxy,80,264,2482,False,mlat
ae058a,2026-08-31 04:56:14.137683,RCH1812,87-0045,3304,18125,37.119053,-7.347185,C-5M Galaxy,126,406,-1920,False,mlat
ae10bd,2026-08-31 04:56:14.137686,RCH329,01-0194,2214,33000,52.229279,3.386002,C-17A Globemaster,111,479,32,False,adsb_icao
ae123b,2026-08-31 04:56:14.137689,RCH197,04-4130,7711,13675,50.077774,6.893623,C-17A Globemaster,90,402,525,False,mlat
ae07f6,2026-08-31 04:56:14.137692,RCH401,97-0044,2643,38000,45.567959,22.207724,C-17A Globemaster,337,389,0,False,mlat
ae04dc,2026-08-31 04:56:14.137697,UNK C/S,57-1461,5310,19025,31.664568,34.562489,KC-135R Stratotanker,140,399,52,False,mlat
87cc0a,2026-08-31 04:56:14.137708,GALOP61,07-3604,2022,26000,36.567715,140.00322,KC-46A Pegasus,239,417,64,False,adsb_icao
7cf86c,2026-08-31 04:56:14.137717,STAL22,A41-209,4507,2000,-26.47677,152.319412,C-17A Globemaster,337,229,,False,adsb_icao
ae574d,2026-08-31 04:56:14.137722,UNK C/S,19-46007,6726,24000,28.4,48.4,KC-46A Pegasus,,,,False,mode_s
ae1460,2026-08-31 04:56:14.137726,BLINR01,06-6162,1745,Unavailable,31.4,-92.5,C-17A Globemaster,,,,False,mode_s
ae5e11,2026-08-31 04:56:14.137729,UNK C/S,17-46036,0716,25000,28.4,48.4,KC-46A Pegasus,,,,False,mode_s
afde25,2026-08-31 04:56:14.137734,UNK C/S,,7000,Unavailable,38.5,-124.1,E-6B TACAMO,,,,False,mode_s
ae5e12,2026-08-31 04:56:14.137739,FLYER59,17-46037,1530,20025,24.9,54.4,KC-46A Pegasus,,,,False,mode_s
ae63c7,2026-08-31 04:56:14.137744,FLYER62,21-46091,5121,1275,25.8,51.1,KC-46A Pegasus,,,,False,mode_s
80078e,2026-08-31 04:56:14.137750,VUAUA,CB-8001,3652,32025,29.1,75.9,C-17A Globemaster,332,434,0,False,mode_s
ae07be,2026-08-31 04:56:14.137754,UNK C/S,62-3578,1143,23000,27.0,49.9,KC-135R Stratotanker,130,496,-256,False,mode_s
afa175,2026-08-31 04:56:14.137758,FLYER63,19-46111,3276,20525,25.7,56.1,KC-46A Pegasus,,,,False,mode_s
ae0414,2026-08-31 04:57:14.581253,UNK C/S,164387,3340,26000,40.24044,-121.993111,E-6B TACAMO,351,317,0,False,mlat
ae63c6,2026-08-31 04:57:14.581273,PETRO61,21-46090,1536,38025,41.133255,-110.524101,KC-46A Pegasus,264,421,0,False,mlat
ae1197,2026-08-31 04:57:14.581282,RCH3260,03-3114,4044,36000,39.92569,-95.857605,C-17A Globemaster,263,417,-64,False,adsb_icao
af0f64,2026-08-31 04:57:14.581290,UNK C/S,,3512,28000,41.548012,-75.722694,E-6B TACAMO,295,350,0,False,mlat
ae08e3,2026-08-31 04:57:14.581293,RCH277,00-0183,0767,18275,40.368286,-73.149925,C-17A Globemaster,211,398,-2797,False,mlat
ae0568,2026-08-31 04:57:14.581297,RCH5051,86-0011,7354,7200,42.164242,-72.313889,C-5M Galaxy,115,323,3339,False,mlat
ae058a,2026-08-31 04:57:14.581302,RCH1812,87-0045,3304,16325,37.03846,-7.253891,C-5M Galaxy,133,398,-1888,False,mlat
ae10bd,2026-08-31 04:57:14.581306,RCH329,01-0194,2214,33000,52.179749,3.589096,C-17A Globemaster,111,485,32,False,adsb_icao
ae123b,2026-08-31 04:57:14.581310,RCH197,04-4130,7711,14225,50.077465,7.073571,C-17A Globemaster,90,424,537,False,mlat
ae07f6,2026-08-31 04:57:14.581313,RCH401,97-0044,2643,38000,45.665386,22.146809,C-17A Globemaster,336,385,0,False,mlat
ae04dc,2026-08-31 04:57:14.581318,UNK C/S,57-1461,5310,19025,31.581818,34.649609,KC-135R Stratotanker,140,411,0,False,mlat
87cc0a,2026-08-31 04:57:14.581333,GALOP61,07-3604,2022,26025,36.509525,139.878983,KC-46A Pegasus,239,415,0,False,adsb_icao
ae574d,2026-08-31 04:57:14.581347,UNK C/S,19-46007,6726,24000,28.4,48.4,KC-46A Pegasus,,,,False,mode_s
ae5e11,2026-08-31 04:57:14.581351,UNK C/S,17-46036,0716,25000,28.4,48.4,KC-46A Pegasus,,,,False,mode_s
ae5e12,2026-08-31 04:57:14.581355,FLYER59,17-46037,1530,20025,25.0,54.4,KC-46A Pegasus,,,,False,mode_s
80078e,2026-08-31 04:57:14.581359,VUAUA,CB-8001,3652,32025,29.2,76.2,C-17A Globemaster,332,452,32,False,mode_s
afa175,2026-08-31 04:57:14.581362,FLYER63,19-46111,3276,20500,25.4,56.3,KC-46A Pegasus,,,,False,mode_s
afde25,2026-08-31 04:57:14.581366,UNK C/S,,7000,Unavailable,38.5,-124.1,E-6B TACAMO,,,,False,mode_s
ae07be,2026-08-31 04:57:14.581373,UNK C/S,62-3578,1143,23000,28.2,48.7,KC-135R Stratotanker,131,500,0,False,mode_s
ae63c7,2026-08-31 04:57:14.581378,FLYER62,21-46091,5121,475,25.9,52.4,KC-46A Pegasus,,,,False,mode_s
ae0414,2026-08-31 04:58:14.980309,UNK C/S,164387,3340,26000,40.326305,-122.01078,E-6B TACAMO,352,316,0,False,mlat
ae63c6,2026-08-31 04:58:14.980329,PETRO61,21-46090,1536,38025,41.11961,-110.671738,KC-46A Pegasus,263,443,0,False,mlat
ae1197,2026-08-31 04:58:14.980336,RCH3260,03-3114,4044,36000,39.913239,-96.008507,C-17A Globemaster,263,418,-64,False,adsb_icao
af0f64,2026-08-31 04:58:14.980342,UNK C/S,,3512,28000,41.581146,-75.842957,E-6B TACAMO,290,314,0,False,mlat
ae08e3,2026-08-31 04:58:14.980346,RCH277,00-0183,0767,15900,40.277191,-73.225151,C-17A Globemaster,212,379,-1879,False,mlat
ae0568,2026-08-31 04:58:14.980349,RCH5051,86-0011,7354,10700,42.121902,-72.213058,C-5M Galaxy,104,338,2971,False,mlat
ae058a,2026-08-31 04:58:14.980353,RCH1812,87-0045,3304,14425,36.964687,-7.152278,C-5M Galaxy,131,388,-1888,False,mlat
ae10bd,2026-08-31 04:58:14.980357,RCH329,01-0194,2214,33000,52.129707,3.792951,C-17A Globemaster,111,481,-352,False,adsb_icao
ae123b,2026-08-31 04:58:14.980360,RCH197,04-4130,7711,15025,50.075901,7.255145,C-17A Globemaster,91,426,1212,False,mlat
ae07f6,2026-08-31 04:58:14.980364,RCH401,97-0044,2643,38000,45.767059,22.084265,C-17A Globemaster,337,398,0,False,mlat
ae04dc,2026-08-31 04:58:14.980368,UNK C/S,57-1461,5310,19025,31.496031,34.733391,KC-135R Stratotanker,139,406,-48,False,mlat
87cc0a,2026-08-31 04:58:14.980379,GALOP61,07-3604,2022,26025,36.450912,139.754211,KC-46A Pegasus,239,416,-64,False,adsb_icao
ae574d,2026-08-31 04:58:14.980389,UNK C/S,19-46007,6726,24000,28.4,48.4,KC-46A Pegasus,,,,False,mode_s
ae5e11,2026-08-31 04:58:14.980393,UNK C/S,17-46036,0716,25025,28.4,48.4,KC-46A Pegasus,,,,False,mode_s
ae5e12,2026-08-31 04:58:14.980397,FLYER59,17-46037,1530,20025,25.0,54.4,KC-46A Pegasus,,,,False,mode_s
80078e,2026-08-31 04:58:14.980401,VUAUA,CB-8001,3652,32025,29.2,76.2,C-17A Globemaster,332,454,0,False,mode_s
afa175,2026-08-31 04:58:14.980404,FLYER63,19-46111,3276,20500,25.7,56.6,KC-46A Pegasus,,,,False,mode_s
afde25,2026-08-31 04:58:14.980408,UNK C/S,,7000,Unavailable,38.5,-124.1,E-6B TACAMO,,,,False,mode_s
ae07be,2026-08-31 04:58:14.980413,UNK C/S,62-3578,1143,23000,25.3,50.1,KC-135R Stratotanker,131,498,-64,False,mode_s
ae63c7,2026-08-31 04:58:14.980419,FLYER62,21-46091,5121,425,26.1,52.9,KC-46A Pegasus,,,,False,mode_s
ae0414,2026-08-31 04:59:15.475073,UNK C/S,164387,3340,26000,40.406567,-122.024879,E-6B TACAMO,353,309,0,False,mlat
ae63c6,2026-08-31 04:59:15.475092,PETRO61,21-46090,1536,38000,41.100525,-110.841858,KC-46A Pegasus,265,417,0,False,mlat
ae1197,2026-08-31 04:59:15.475100,RCH3260,03-3114,4044,36000,39.900696,-96.159088,C-17A Globemaster,263,419,64,False,adsb_icao
af0f64,2026-08-31 04:59:15.475106,UNK C/S,,3512,28000,41.612728,-75.956367,E-6B TACAMO,284,313,0,False,mlat
ae08e3,2026-08-31 04:59:15.475109,RCH277,00-0183,0767,15325,40.190964,-73.301491,C-17A Globemaster,216,390,-1194,False,mlat
ae0568,2026-08-31 04:59:15.475112,RCH5051,86-0011,7354,13425,42.100395,-72.076431,C-5M Galaxy,103,381,3258,False,mlat
ae058a,2026-08-31 04:59:15.475117,RCH1812,87-0045,3304,12525,36.922112,-7.016541,C-5M Galaxy,119,382,-1760,False,mlat
ae10bd,2026-08-31 04:59:15.475120,RCH329,01-0194,2214,33000,52.07991,3.994751,C-17A Globemaster,111,477,-384,False,adsb_icao
ae123b,2026-08-31 04:59:15.475123,RCH197,04-4130,7711,16300,50.075474,7.438873,C-17A Globemaster,90,435,1425,False,mlat
ae07f6,2026-08-31 04:59:15.475126,RCH401,97-0044,2643,38000,45.869263,22.019722,C-17A Globemaster,337,390,0,False,mlat
ae04dc,2026-08-31 04:59:15.475130,UNK C/S,57-1461,5310,19025,31.408525,34.829395,KC-135R Stratotanker,136,421,36,False,mlat
87cc0a,2026-08-31 04:59:15.475141,GALOP61,07-3604,2022,26025,36.391933,139.629272,KC-46A Pegasus,239,415,-64,False,adsb_icao
ae574d,2026-08-31 04:59:15.475152,UNK C/S,19-46007,6726,24025,28.4,48.4,KC-46A Pegasus,,,,False,mode_s
ae5e11,2026-08-31 04:59:15.475155,UNK C/S,17-46036,0716,25000,28.4,48.4,KC-46A Pegasus,,,,False,mode_s
ae5e12,2026-08-31 04:59:15.475161,FLYER59,17-46037,1530,20025,25.0,54.4,KC-46A Pegasus,,,,False,mode_s
80078e,2026-08-31 04:59:15.475165,VUAUA,CB-8001,3652,32000,29.6,76.0,C-17A Globemaster,2,462,0,False,mode_s
afa175,2026-08-31 04:59:15.475168,FLYER63,19-46111,3276,20500,25.1,55.6,KC-46A Pegasus,,,,False,mode_s
afde25,2026-08-31 04:59:15.475172,UNK C/S,,7000,Unavailable,38.5,-124.1,E-6B TACAMO,,,,False,mode_s
ae07be,2026-08-31 04:59:15.475179,UNK C/S,62-3578,1143,23000,27.1,50.1,KC-135R Stratotanker,129,498,0,False,mode_s
ae0414,2026-08-31 05:00:15.950871,UNK C/S,164387,3340,26000,40.497066,-122.052727,E-6B TACAMO,330,318,37,False,mlat
ae63c6,2026-08-31 05:00:15.950890,PETRO61,21-46090,1536,38025,41.090298,-110.987915,KC-46A Pegasus,263,416,0,False,mlat
ae1197,2026-08-31 05:00:15.950898,RCH3260,03-3114,4044,36000,39.887878,-96.309853,C-17A Globemaster,263,416,64,False,adsb_icao
af0f64,2026-08-31 05:00:15.950904,UNK C/S,,3512,28000,41.653824,-76.091728,E-6B TACAMO,301,370,0,False,mlat
ae08e3,2026-08-31 05:00:15.950907,RCH277,00-0183,0767,13975,40.106567,-73.372688,C-17A Globemaster,212,323,-1514,False,mlat
ae0568,2026-08-31 05:00:15.950911,RCH5051,86-0011,7354,16275,42.082375,-71.929016,C-5M Galaxy,99,409,3060,False,mlat
ae058a,2026-08-31 05:00:15.950916,RCH1812,87-0045,3304,11275,36.865723,-6.920626,C-5M Galaxy,120,346,-1184,False,mlat
ae10bd,2026-08-31 05:00:15.950920,RCH329,01-0194,2214,33000,52.029388,4.197641,C-17A Globemaster,111,477,192,False,adsb_icao
ae123b,2026-08-31 05:00:15.950922,RCH197,04-4130,7711,17650,50.073467,7.638014,C-17A Globemaster,90,443,1512,False,mlat
ae07f6,2026-08-31 05:00:15.950926,RCH401,97-0044,2643,38000,45.974205,21.95438,C-17A Globemaster,337,398,0,False,mlat
ae04dc,2026-08-31 05:00:15.950931,UNK C/S,57-1461,3435,19000,31.34919,34.890663,KC-135R Stratotanker,136,415,-75,False,mlat
87cc0a,2026-08-31 05:00:15.950944,GALOP61,07-3604,2022,26025,36.333324,139.505676,KC-46A Pegasus,239,416,-64,False,adsb_icao
ae574d,2026-08-31 05:00:15.950955,UNK C/S,19-46007,6726,24000,28.4,48.4,KC-46A Pegasus,,,,False,mode_s
ae5e11,2026-08-31 05:00:15.950959,UNK C/S,17-46036,0716,25000,28.4,48.4,KC-46A Pegasus,,,,False,mode_s
ae5e12,2026-08-31 05:00:15.950964,FLYER59,17-46037,1530,20025,25.0,54.4,KC-46A Pegasus,,,,False,mode_s
80078e,2026-08-31 05:00:15.950968,VUAUA,CB-8001,3652,32025,29.4,76.1,C-17A Globemaster,9,458,0,False,mode_s
afa175,2026-08-31 05:00:15.950970,FLYER63,19-46111,3276,20500,25.4,56.2,KC-46A Pegasus,,,,False,mode_s
afde25,2026-08-31 05:00:15.950974,UNK C/S,,7000,Unavailable,38.5,-124.2,E-6B TACAMO,,,,False,mode_s
ae07be,2026-08-31 05:00:15.950981,UNK C/S,62-3578,1143,23000,27.7,49.1,KC-135R Stratotanker,130,496,0,False,mode_s
ae0414,2026-08-31 05:01:16.378476,UNK C/S,164387,3340,26000,40.54229,-122.139969,E-6B TACAMO,278,315,0,False,mlat
ae63c6,2026-08-31 05:01:16.378494,PETRO61,21-46090,1536,38025,41.076077,-111.144455,KC-46A Pegasus,264,438,0,False,mlat
ae1197,2026-08-31 05:01:16.378502,RCH3260,03-3114,4044,36000,39.874878,-96.46106,C-17A Globemaster,263,415,0,False,adsb_icao
af0f64,2026-08-31 05:01:16.378508,UNK C/S,,3512,27975,41.682293,-76.212006,E-6B TACAMO,286,367,-75,False,mlat
ae08e3,2026-08-31 05:01:16.378512,RCH277,00-0183,0767,10775,40.039165,-73.427147,C-17A Globemaster,214,287,-2338,False,mlat
ae0568,2026-08-31 05:01:16.378516,RCH5051,86-0011,7354,19000,42.060162,-71.775772,C-5M Galaxy,101,432,2237,False,mlat
ae058a,2026-08-31 05:01:16.378520,RCH1812,87-0045,3304,10125,36.814877,-6.821295,C-5M Galaxy,121,314,-1120,False,mlat
ae10bd,2026-08-31 05:01:16.378524,RCH329,01-0194,2214,33000,51.978554,4.399632,C-17A Globemaster,112,483,96,False,adsb_icao
ae123b,2026-08-31 05:01:16.378528,RCH197,04-4130,7711,18750,50.071125,7.825183,C-17A Globemaster,93,417,956,False,mlat
ae07f6,2026-08-31 05:01:16.378531,RCH401,97-0044,2643,38000,46.072887,21.891098,C-17A Globemaster,337,385,0,False,mlat
87cc0a,2026-08-31 05:01:16.378543,GALOP61,07-3604,2022,26025,36.274155,139.381088,KC-46A Pegasus,239,416,0,False,adsb_icao
7cf86c,2026-08-31 05:01:16.378552,STAL22,A41-209,4507,700,-26.21434,152.49205,C-17A Globemaster,52,215,-384,False,adsb_icao
ae574d,2026-08-31 05:01:16.378559,UNK C/S,19-46007,6726,24025,28.4,48.4,KC-46A Pegasus,,,,False,mode_s
ae5e11,2026-08-31 05:01:16.378562,UNK C/S,17-46036,0716,25000,28.4,48.4,KC-46A Pegasus,,,,False,mode_s
ae5e12,2026-08-31 05:01:16.378568,FLYER59,17-46037,1530,20025,25.0,54.4,KC-46A Pegasus,,,,False,mode_s
80078e,2026-08-31 05:01:16.378571,VUAUA,CB-8001,3652,32025,29.6,75.0,C-17A Globemaster,9,458,-32,False,mode_s
afa175,2026-08-31 05:01:16.378574,FLYER63,19-46111,3276,20525,25.3,56.9,KC-46A Pegasus,,,,False,mode_s
ae07be,2026-08-31 05:01:16.378581,UNK C/S,62-3578,1143,23000,26.9,50.2,KC-135R Stratotanker,130,496,-256,False,mode_s
ae0414,2026-08-31 05:02:16.799465,UNK C/S,164387,3340,26000,40.521114,-122.249794,E-6B TACAMO,231,320,0,False,mlat
ae63c6,2026-08-31 05:02:16.799483,PETRO61,21-46090,1536,38025,41.060726,-111.297424,KC-46A Pegasus,261,395,-75,False,mlat
ae1197,2026-08-31 05:02:16.799491,RCH3260,03-3114,4044,36000,39.861923,-96.609947,C-17A Globemaster,263,416,0,False,adsb_icao
af0f64,2026-08-31 05:02:16.799497,UNK C/S,,3512,28000,41.659641,-76.329491,E-6B TACAMO,244,365,0,False,mlat
ae08e3,2026-08-31 05:02:16.799500,RCH277,00-0183,0767,8175,39.968376,-73.483185,C-17A Globemaster,214,284,-2657,False,mlat
ae0568,2026-08-31 05:02:16.799503,RCH5051,86-0011,7354,21375,42.059402,-71.615585,C-5M Galaxy,77,428,2374,False,mlat
ae058a,2026-08-31 05:02:16.799508,RCH1812,87-0045,3304,9625,36.794136,-6.730722,C-5M Galaxy,120,268,-96,False,mlat
ae10bd,2026-08-31 05:02:16.799512,RCH329,01-0194,2214,33000,51.927979,4.599228,C-17A Globemaster,112,478,0,False,adsb_icao
ae123b,2026-08-31 05:02:16.799515,RCH197,04-4130,7711,19775,50.069824,8.017027,C-17A Globemaster,89,467,935,False,mlat
ae07f6,2026-08-31 05:02:16.799518,RCH401,97-0044,2643,38000,46.172955,21.827539,C-17A Globemaster,335,405,0,False,mlat
87cc0a,2026-08-31 05:02:16.799528,GALOP61,07-3604,2022,26025,36.214848,139.256851,KC-46A Pegasus,239,417,0,False,adsb_icao
7cf86c,2026-08-31 05:02:16.799536,STAL22,A41-209,4507,650,-26.178139,152.545059,C-17A Globemaster,52,214,320,False,adsb_icao
ae574d,2026-08-31 05:02:16.799542,UNK C/S,19-46007,6726,24000,28.4,48.4,KC-46A Pegasus,,,,False,mode_s
ae5e11,2026-08-31 05:02:16.799546,UNK C/S,17-46036,0716,25000,28.4,48.4,KC-46A Pegasus,,,,False,mode_s
ae5e12,2026-08-31 05:02:16.799551,FLYER59,17-46037,1530,20025,25.0,54.4,KC-46A Pegasus,,,,False,mode_s
80078e,2026-08-31 05:02:16.799554,VUAUA,CB-8001,3652,32025,29.8,75.7,C-17A Globemaster,9,458,-32,False,mode_s
afa175,2026-08-31 05:02:16.799557,FLYER63,19-46111,3276,20525,25.3,57.3,KC-46A Pegasus,,,,False,mode_s
ae07be,2026-08-31 05:02:16.799564,UNK C/S,62-3578,1143,23000,28.2,48.8,KC-135R Stratotanker,130,500,160,False,mode_s
ae0414,2026-08-31 05:03:17.218883,UNK C/S,164387,3340,26000,40.444412,-122.299812,E-6B TACAMO,183,323,0,False,mlat
ae63c6,2026-08-31 05:03:17.218902,PETRO61,21-46090,1536,38025,41.045582,-111.45047,KC-46A Pegasus,263,432,0,False,mlat
ae1197,2026-08-31 05:03:17.218910,RCH3260,03-3114,4044,36000,39.848465,-96.760651,C-17A Globemaster,263,414,0,False,adsb_icao
af0f64,2026-08-31 05:03:17.218917,UNK C/S,,3512,28000,41.628845,-76.463348,E-6B TACAMO,252,344,0,False,mlat
ae08e3,2026-08-31 05:03:17.218921,RCH277,00-0183,0767,6825,39.907372,-73.536461,C-17A Globemaster,209,266,-228,False,mlat
ae0568,2026-08-31 05:03:17.218924,RCH5051,86-0011,7354,23450,42.083694,-71.450516,C-5M Galaxy,79,476,1765,False,mlat
ae058a,2026-08-31 05:03:17.218929,RCH1812,87-0045,3304,8975,36.754131,-6.635141,C-5M Galaxy,120,240,-1120,False,mlat
ae10bd,2026-08-31 05:03:17.218933,RCH329,01-0194,2214,33000,51.876526,4.799689,C-17A Globemaster,112,483,-256,False,adsb_icao
ae123b,2026-08-31 05:03:17.218936,RCH197,04-4130,7711,20800,50.066078,8.222991,C-17A Globemaster,92,458,963,False,mlat
ae07f6,2026-08-31 05:03:17.218939,RCH401,97-0044,2643,38000,46.278652,21.75972,C-17A Globemaster,335,397,0,False,mlat
87cc0a,2026-08-31 05:03:17.218952,GALOP61,07-3604,2022,26025,36.155136,139.132111,KC-46A Pegasus,239,418,-64,False,adsb_icao
7cf86c,2026-08-31 05:03:17.218960,STAL22,A41-209,4507,525,-26.139359,152.597092,C-17A Globemaster,48,213,-448,False,adsb_icao
ae574d,2026-08-31 05:03:17.218966,UNK C/S,19-46007,6726,24000,28.4,49.1,KC-46A Pegasus,,,,False,mode_s
ae5e11,2026-08-31 05:03:17.218970,UNK C/S,17-46036,0716,25000,28.4,49.2,KC-46A Pegasus,,,,False,mode_s
ae5e12,2026-08-31 05:03:17.218975,FLYER59,17-46037,1530,20050,25.0,54.4,KC-46A Pegasus,,,,False,mode_s
80078e,2026-08-31 05:03:17.218979,VUAUA,CB-8001,3652,32025,29.5,76.0,C-17A Globemaster,9,458,0,False,mode_s
afa175,2026-08-31 05:03:17.218982,FLYER63,19-46111,3276,20475,25.3,56.7,KC-46A Pegasus,,,,False,mode_s
ae07be,2026-08-31 05:03:17.218989,UNK C/S,62-3578,1143,23000,28.4,49.4,KC-135R Stratotanker,130,500,0,False,mode_s
ae0414,2026-08-31 05:04:17.646977,UNK C/S,164387,3340,26000,40.357292,-122.284065,E-6B TACAMO,171,327,0,False,mlat
ae63c6,2026-08-31 05:04:17.646997,PETRO61,21-46090,1536,38025,41.028984,-111.614624,KC-46A Pegasus,263,435,0,False,mlat
ae1197,2026-08-31 05:04:17.647004,RCH3260,03-3114,4044,36000,39.835217,-96.90802,C-17A Globemaster,263,414,0,False,adsb_icao
af0f64,2026-08-31 05:04:17.647011,UNK C/S,,3512,28000,41.600967,-76.58342,E-6B TACAMO,255,356,0,False,mlat
ae08e3,2026-08-31 05:04:17.647015,RCH277,00-0183,0767,6825,39.857853,-73.613258,C-17A Globemaster,235,262,0,False,mlat
ae0568,2026-08-31 05:04:17.647018,RCH5051,86-0011,7354,24550,42.109833,-71.274208,C-5M Galaxy,79,492,2383,False,mlat
ae058a,2026-08-31 05:04:17.647024,RCH1812,87-0045,3304,8200,36.66045,-6.474607,C-5M Galaxy,120,198,-1984,False,mlat
ae10bd,2026-08-31 05:04:17.647027,RCH329,01-0194,2214,33000,51.824928,4.999695,C-17A Globemaster,112,484,0,False,adsb_icao
ae123b,2026-08-31 05:04:17.647030,RCH197,04-4130,7711,21700,50.019634,8.382797,C-17A Globemaster,136,455,724,False,mlat
ae07f6,2026-08-31 05:04:17.647033,RCH401,97-0044,2643,38000,46.375053,21.698269,C-17A Globemaster,336,402,0,False,mlat
87cc0a,2026-08-31 05:04:17.647046,GALOP61,07-3604,2022,26025,36.095993,139.009262,KC-46A Pegasus,239,421,-64,False,adsb_icao
7cf86c,2026-08-31 05:04:17.647054,STAL22,A41-209,4507,500,-26.103004,152.649277,C-17A Globemaster,51,214,-64,False,adsb_icao
ae574d,2026-08-31 05:04:17.647061,UNK C/S,19-46007,6726,24025,28.4,49.4,KC-46A Pegasus,,,,False,mode_s
ae5e11,2026-08-31 05:04:17.647064,UNK C/S,17-46036,0716,25000,28.4,49.4,KC-46A Pegasus,,,,False,mode_s
ae5e12,2026-08-31 05:04:17.647069,FLYER59,17-46037,1530,20025,25.0,54.4,KC-46A Pegasus,,,,False,mode_s
80078e,2026-08-31 05:04:17.647073,VUAUA,CB-8001,3652,32025,29.4,76.0,C-17A Globemaster,10,458,0,False,mode_s
afa175,2026-08-31 05:04:17.647076,FLYER63,19-46111,3276,20525,25.4,57.0,KC-46A Pegasus,,,,False,mode_s
ae07be,2026-08-31 05:04:17.647083,UNK C/S,62-3578,1143,23000,25.2,50.4,KC-135R Stratotanker,130,498,96,False,mode_s
ae0414,2026-08-31 05:05:18.030163,UNK C/S,164387,3340,26000,40.268513,-122.267365,E-6B TACAMO,172,333,0,False,mlat
ae63c6,2026-08-31 05:05:18.030183,PETRO61,21-46090,1536,38025,41.012665,-111.771683,KC-46A Pegasus,262,419,0,False,mlat
ae1197,2026-08-31 05:05:18.030191,RCH3260,03-3114,4044,36000,39.821503,-97.058121,C-17A Globemaster,263,412,0,False,adsb_icao
af0f64,2026-08-31 05:05:18.030199,UNK C/S,,3512,28000,41.565842,-76.714676,E-6B TACAMO,248,351,0,False,mlat
ae08e3,2026-08-31 05:05:18.030203,RCH277,00-0183,0767,6850,39.814079,-73.689621,C-17A Globemaster,236,262,75,False,mlat
ae0568,2026-08-31 05:05:18.030206,RCH5051,86-0011,7354,26150,42.135994,-71.088707,C-5M Galaxy,80,521,1676,False,mlat
ae058a,2026-08-31 05:05:18.030211,RCH1812,87-0045,3304,6925,36.646709,-6.403616,C-5M Galaxy,120,152,-1728,False,mlat
ae10bd,2026-08-31 05:05:18.030214,RCH329,01-0194,2214,33000,51.772705,5.199874,C-17A Globemaster,112,478,-32,False,adsb_icao
ae123b,2026-08-31 05:05:18.030217,RCH197,04-4130,7711,23700,49.947357,8.535456,C-17A Globemaster,126,409,1756,False,mlat
ae07f6,2026-08-31 05:05:18.030220,RCH401,97-0044,2643,38000,46.479214,21.63176,C-17A Globemaster,331,388,0,False,mlat
87cc0a,2026-08-31 05:05:18.030235,GALOP61,07-3604,2022,26025,36.035339,138.88356,KC-46A Pegasus,239,421,64,False,adsb_icao
7cf86c,2026-08-31 05:05:18.030244,STAL22,A41-209,4507,750,-26.066647,152.703415,C-17A Globemaster,55,217,320,False,adsb_icao
ae574d,2026-08-31 05:05:18.030250,UNK C/S,19-46007,6726,23675,28.4,50.0,KC-46A Pegasus,,,,False,mode_s
ae5e11,2026-08-31 05:05:18.030253,UNK C/S,17-46036,0716,25000,28.4,50.0,KC-46A Pegasus,,,,False,mode_s
ae5e12,2026-08-31 05:05:18.030259,FLYER59,17-46037,1530,20025,25.0,54.4,KC-46A Pegasus,,,,False,mode_s
80078e,2026-08-31 05:05:18.030262,VUAUA,CB-8001,3652,32025,29.4,76.1,C-17A Globemaster,10,458,-32,False,mode_s
afa175,2026-08-31 05:05:18.030266,FLYER63,19-46111,3276,20500,25.1,56.4,KC-46A Pegasus,,,,False,mode_s
ae07be,2026-08-31 05:05:18.030273,UNK C/S,62-3578,1143,23000,27.4,50.5,KC-135R Stratotanker,128,500,-32,False,mode_s
ae0414,2026-08-31 05:06:18.562304,UNK C/S,164387,3340,26000,40.178837,-122.250572,E-6B TACAMO,172,324,0,False,mlat
ae63c6,2026-08-31 05:06:18.562324,PETRO61,21-46090,1536,38025,40.996902,-111.929314,KC-46A Pegasus,264,439,0,False,mlat
ae1197,2026-08-31 05:06:18.562332,RCH3260,03-3114,4044,36000,39.807796,-97.205933,C-17A Globemaster,263,413,0,False,adsb_icao
af0f64,2026-08-31 05:06:18.562338,UNK C/S,,3512,28000,41.538425,-76.83857,E-6B TACAMO,254,347,0,False,mlat
ae08e3,2026-08-31 05:06:18.562342,RCH277,00-0183,0767,6850,39.815376,-73.788574,C-17A Globemaster,270,278,0,False,mlat
ae0568,2026-08-31 05:06:18.562346,RCH5051,86-0011,7354,27575,42.162304,-70.886208,C-5M Galaxy,79,528,1342,False,mlat
ae058a,2026-08-31 05:06:18.562351,RCH1812,87-0045,3304,5250,36.640587,-6.394819,C-5M Galaxy,118,140,-1664,False,mlat
ae10bd,2026-08-31 05:06:18.562354,RCH329,01-0194,2214,33000,51.720375,5.398712,C-17A Globemaster,113,481,-96,False,adsb_icao
ae123b,2026-08-31 05:06:18.562357,RCH197,04-4130,7711,24500,49.880836,8.677649,C-17A Globemaster,125,407,773,False,mlat
ae07f6,2026-08-31 05:06:18.562361,RCH401,97-0044,2643,38000,46.583145,21.565737,C-17A Globemaster,338,376,0,False,mlat
87cc0a,2026-08-31 05:06:18.562374,GALOP61,07-3604,2022,26025,35.974915,138.758865,KC-46A Pegasus,239,421,-128,False,adsb_icao
7cf86c,2026-08-31 05:06:18.562383,STAL22,A41-209,4507,500,-26.058105,152.757278,C-17A Globemaster,84,213,-704,False,adsb_icao
ae574d,2026-08-31 05:06:18.562389,UNK C/S,19-46007,6726,22825,28.4,50.1,KC-46A Pegasus,,,,False,mode_s
ae5e11,2026-08-31 05:06:18.562392,UNK C/S,17-46036,0716,25000,28.4,50.1,KC-46A Pegasus,,,,False,mode_s
ae5e12,2026-08-31 05:06:18.562398,FLYER59,17-46037,1530,20025,25.0,54.4,KC-46A Pegasus,,,,False,mode_s
80078e,2026-08-31 05:06:18.562402,VUAUA,CB-8001,3652,32025,29.2,76.3,C-17A Globemaster,10,460,-192,False,mode_s
afa175,2026-08-31 05:06:18.562405,FLYER63,19-46111,3276,20525,25.2,57.4,KC-46A Pegasus,,,,False,mode_s
ae07be,2026-08-31 05:06:18.562413,UNK C/S,62-3578,1143,23000,27.6,50.5,KC-135R Stratotanker,122,496,-64,False,mode_s
ae0414,2026-08-31 05:07:19.018396,UNK C/S,164387,3340,26000,40.089836,-122.233543,E-6B TACAMO,172,318,-66,False,mlat
ae63c6,2026-08-31 05:07:19.018413,PETRO61,21-46090,1536,38025,40.981232,-112.090012,KC-46A Pegasus,262,424,0,False,mlat
ae1197,2026-08-31 05:07:19.018421,RCH3260,03-3114,4044,36000,39.793785,-97.354614,C-17A Globemaster,263,411,0,False,adsb_icao
af0f64,2026-08-31 05:07:19.018428,UNK C/S,,3512,28000,41.509014,-76.966415,E-6B TACAMO,253,345,0,False,mlat
ae08e3,2026-08-31 05:07:19.018432,RCH277,00-0183,0767,6850,39.816162,-73.881859,C-17A Globemaster,273,255,0,False,mlat
ae0568,2026-08-31 05:07:19.018435,RCH5051,86-0011,7354,29075,42.191525,-70.692795,C-5M Galaxy,81,546,1233,False,mlat
ae058a,2026-08-31 05:07:19.018441,RCH1812,87-0045,3304,3525,36.638138,-6.372107,C-5M Galaxy,121,140,-1632,False,mlat
ae10bd,2026-08-31 05:07:19.018444,RCH329,01-0194,2214,33000,51.667397,5.598602,C-17A Globemaster,113,482,32,False,adsb_icao
ae123b,2026-08-31 05:07:19.018447,RCH197,04-4130,7711,25225,49.811138,8.824698,C-17A Globemaster,126,424,469,False,mlat
ae07f6,2026-08-31 05:07:19.018450,RCH401,97-0044,2643,38000,46.683132,21.498512,C-17A Globemaster,335,384,0,False,mlat
87cc0a,2026-08-31 05:07:19.018463,GALOP61,07-3604,2022,26025,35.914307,138.634018,KC-46A Pegasus,238,422,0,False,adsb_icao
ae574d,2026-08-31 05:07:19.018474,UNK C/S,19-46007,6726,22075,28.2,48.8,KC-46A Pegasus,,,,False,mode_s
ae5e11,2026-08-31 05:07:19.018478,UNK C/S,17-46036,0716,25000,28.4,50.0,KC-46A Pegasus,,,,False,mode_s
ae5e12,2026-08-31 05:07:19.018484,FLYER59,17-46037,1530,20025,25.0,54.4,KC-46A Pegasus,,,,False,mode_s
80078e,2026-08-31 05:07:19.018488,VUAUA,CB-8001,3652,32025,29.7,75.8,C-17A Globemaster,9,460,0,False,mode_s
afa175,2026-08-31 05:07:19.018491,FLYER63,19-46111,3276,20525,25.2,57.4,KC-46A Pegasus,,,,False,mode_s
ae07be,2026-08-31 05:07:19.018498,UNK C/S,62-3578,1143,23000,25.7,51.3,KC-135R Stratotanker,122,496,-32,False,mode_s
afead2,2026-08-31 05:07:19.018504,UNK C/S,23-46117,Unavailable,Unavailable,37.7,-97.1,KC-46A Pegasus,,,,False,mode_s
ae0414,2026-08-31 05:08:19.429701,UNK C/S,164387,3340,26000,40.024689,-122.169464,E-6B TACAMO,116,336,0,False,mlat
ae63c6,2026-08-31 05:08:19.429719,PETRO61,21-46090,1536,38025,40.96291,-112.241112,KC-46A Pegasus,262,432,69,False,mlat
ae1197,2026-08-31 05:08:19.429726,RCH3260,03-3114,4044,36000,39.779678,-97.503357,C-17A Globemaster,262,413,0,False,adsb_icao
af0f64,2026-08-31 05:08:19.429734,UNK C/S,,3512,28000,41.479786,-77.084274,E-6B TACAMO,253,357,0,False,mlat
ae08e3,2026-08-31 05:08:19.429738,RCH277,00-0183,0767,6275,39.816288,-73.984032,C-17A Globemaster,269,264,-1239,False,mlat
ae0568,2026-08-31 05:08:19.429742,RCH5051,86-0011,7354,31300,42.217773,-70.489891,C-5M Galaxy,80,530,1962,False,mlat
ae058a,2026-08-31 05:08:19.429747,RCH1812,87-0045,3304,1900,36.597649,-6.46998,C-5M Galaxy,252,138,288,False,mlat
ae10bd,2026-08-31 05:08:19.429751,RCH329,01-0194,2214,33000,51.61409,5.797589,C-17A Globemaster,113,479,64,False,adsb_icao
ae123b,2026-08-31 05:08:19.429754,RCH197,04-4130,7711,26000,49.753983,8.981931,C-17A Globemaster,101,449,474,False,mlat
ae07f6,2026-08-31 05:08:19.429757,RCH401,97-0044,2643,38000,46.762825,21.387613,C-17A Globemaster,311,399,0,False,mlat
87cc0a,2026-08-31 05:08:19.429772,GALOP61,07-3604,2022,25750,35.861282,138.505219,KC-46A Pegasus,244,410,-1408,False,adsb_icao
ae574d,2026-08-31 05:08:19.429790,UNK C/S,19-46007,6726,22000,28.1,48.6,KC-46A Pegasus,,,,False,mode_s
ae5e11,2026-08-31 05:08:19.429793,UNK C/S,17-46036,0716,25000,28.4,49.8,KC-46A Pegasus,,,,False,mode_s
ae5e12,2026-08-31 05:08:19.429800,FLYER59,17-46037,1530,20050,25.0,54.4,KC-46A Pegasus,,,,False,mode_s
80078e,2026-08-31 05:08:19.429804,VUAUA,CB-8001,3652,32025,30.4,75.6,C-17A Globemaster,10,460,-64,False,mode_s
afa175,2026-08-31 05:08:19.429807,FLYER63,19-46111,3276,20525,25.0,59.6,KC-46A Pegasus,,,,False,mode_s
ae07be,2026-08-31 05:08:19.429816,UNK C/S,62-3578,1143,23000,25.8,51.3,KC-135R Stratotanker,122,494,-32,False,mode_s
afead2,2026-08-31 05:08:19.429822,UNK C/S,23-46117,1200,Unavailable,37.7,-97.1,KC-46A Pegasus,,,,False,mode_s
ae0414,2026-08-31 05:09:19.908387,UNK C/S,164387,3340,26000,40.00909,-122.072426,E-6B TACAMO,71,337,0,False,mlat
ae63c6,2026-08-31 05:09:19.908404,PETRO61,21-46090,1536,38025,40.94912,-112.393494,KC-46A Pegasus,263,421,0,False,mlat
ae1197,2026-08-31 05:09:19.908412,RCH3260,03-3114,4044,36000,39.765247,-97.651917,C-17A Globemaster,262,411,0,False,adsb_icao
af0f64,2026-08-31 05:09:19.908420,UNK C/S,,3512,28000,41.44799,-77.214172,E-6B TACAMO,250,351,0,False,mlat
ae08e3,2026-08-31 05:09:19.908424,RCH277,00-0183,0767,4975,39.817848,-74.077827,C-17A Globemaster,275,257,-1359,False,mlat
ae0568,2026-08-31 05:09:19.908428,RCH5051,86-0011,7354,32975,42.243366,-70.284691,C-5M Galaxy,81,525,1471,False,mlat
ae058a,2026-08-31 05:09:19.908433,RCH1812,87-0045,3304,1925,36.615005,-6.492637,C-5M Galaxy,357,132,0,False,mlat
ae10bd,2026-08-31 05:09:19.908437,RCH329,01-0194,2214,33000,51.561264,5.993339,C-17A Globemaster,113,477,-128,False,adsb_icao
ae123b,2026-08-31 05:09:19.908440,RCH197,04-4130,7711,26525,49.793079,9.171234,C-17A Globemaster,65,475,314,False,mlat
ae07f6,2026-08-31 05:09:19.908443,RCH401,97-0044,2643,38000,46.840981,21.274694,C-17A Globemaster,315,378,0,False,mlat
87cc0a,2026-08-31 05:09:19.908455,GALOP61,07-3604,2022,23625,35.814034,138.381912,KC-46A Pegasus,245,390,-2240,False,adsb_icao
ae574d,2026-08-31 05:09:19.908468,UNK C/S,19-46007,6726,22000,27.9,47.5,KC-46A Pegasus,,,,False,mode_s
ae5e11,2026-08-31 05:09:19.908472,UNK C/S,17-46036,0716,25000,28.4,49.8,KC-46A Pegasus,,,,False,mode_s
ae5e12,2026-08-31 05:09:19.908477,FLYER59,17-46037,1530,20025,25.0,54.4,KC-46A Pegasus,,,,False,mode_s
80078e,2026-08-31 05:09:19.908481,VUAUA,CB-8001,3652,32025,30.9,75.2,C-17A Globemaster,10,462,0,False,mode_s
afa175,2026-08-31 05:09:19.908484,FLYER63,19-46111,3276,20500,25.0,59.9,KC-46A Pegasus,,,,False,mode_s
ae07be,2026-08-31 05:09:19.908490,UNK C/S,62-3578,1143,23000,25.8,51.3,KC-135R Stratotanker,122,494,96,False,mode_s
ae0414,2026-08-31 05:10:20.248564,UNK C/S,164387,3340,26000,40.079983,-121.979706,E-6B TACAMO,19,326,0,False,mlat
ae63c6,2026-08-31 05:10:20.248581,PETRO61,21-46090,1536,38025,40.930134,-112.552277,KC-46A Pegasus,263,436,0,False,mlat
ae1197,2026-08-31 05:10:20.248588,RCH3260,03-3114,4044,36000,39.750725,-97.799744,C-17A Globemaster,262,412,0,False,adsb_icao
af0f64,2026-08-31 05:10:20.248596,UNK C/S,,3512,28000,41.416077,-77.342049,E-6B TACAMO,254,348,0,False,mlat
ae08e3,2026-08-31 05:10:20.248599,RCH277,00-0183,0767,3675,39.81992,-74.171303,C-17A Globemaster,273,251,-1281,False,mlat
ae0568,2026-08-31 05:10:20.248603,RCH5051,86-0011,7354,33000,42.269825,-70.092918,C-5M Galaxy,81,533,0,False,mlat
ae058a,2026-08-31 05:10:20.248608,RCH1812,87-0045,3304,1500,36.623928,-6.480621,C-5M Galaxy,62,118,-800,False,mode_s
ae10bd,2026-08-31 05:10:20.248612,RCH329,01-0194,2214,33000,51.507862,6.189423,C-17A Globemaster,113,480,0,False,adsb_icao
ae123b,2026-08-31 05:10:20.248614,RCH197,04-4130,7711,27000,49.843376,9.360918,C-17A Globemaster,68,467,536,False,mlat
ae07f6,2026-08-31 05:10:20.248617,RCH401,97-0044,2643,38000,46.915886,21.162472,C-17A Globemaster,315,376,0,False,mlat
87cc0a,2026-08-31 05:10:20.248630,GALOP61,07-3604,2022,21300,35.767853,138.261307,KC-46A Pegasus,244,378,-2240,False,adsb_icao
ae574d,2026-08-31 05:10:20.248643,UNK C/S,19-46007,6726,22000,28.2,48.3,KC-46A Pegasus,,,,False,mode_s
ae5e11,2026-08-31 05:10:20.248646,UNK C/S,17-46036,0716,25000,28.4,49.1,KC-46A Pegasus,,,,False,mode_s
ae5e12,2026-08-31 05:10:20.248672,FLYER59,17-46037,1530,20025,25.0,54.4,KC-46A Pegasus,,,,False,mode_s
80078e,2026-08-31 05:10:20.248677,VUAUA,CB-8001,3652,32025,32.0,74.8,C-17A Globemaster,10,464,-32,False,mode_s
afa175,2026-08-31 05:10:20.248680,FLYER63,19-46111,3276,20500,25.0,60.0,KC-46A Pegasus,,,,False,mode_s
ae07be,2026-08-31 05:10:20.248686,UNK C/S,62-3578,1143,23000,25.7,51.3,KC-135R Stratotanker,122,492,0,False,mode_s
ae0414,2026-08-31 05:11:20.728618,UNK C/S,164387,3340,26000,40.171616,-121.980927,E-6B TACAMO,350,303,-2,False,mlat
ae63c6,2026-08-31 05:11:20.728635,PETRO61,21-46090,1536,38025,40.912113,-112.715004,KC-46A Pegasus,261,438,75,False,mlat
ae1197,2026-08-31 05:11:20.728641,RCH3260,03-3114,4044,36000,39.736057,-97.947449,C-17A Globemaster,262,411,-64,False,adsb_icao
af0f64,2026-08-31 05:11:20.728649,UNK C/S,,3512,28000,41.385605,-77.459038,E-6B TACAMO,253,367,0,False,mlat
ae08e3,2026-08-31 05:11:20.728669,RCH277,00-0183,0767,2375,39.82267,-74.254326,C-17A Globemaster,274,235,-1305,False,mlat
ae0568,2026-08-31 05:11:20.728673,RCH5051,86-0011,7354,33025,42.294472,-69.89698,C-5M Galaxy,79,533,75,False,mlat
ae10bd,2026-08-31 05:11:20.728678,RCH329,01-0194,2214,33000,51.457214,6.390381,C-17A Globemaster,110,488,-128,False,adsb_icao
ae123b,2026-08-31 05:11:20.728682,RCH197,04-4130,7711,27675,49.893696,9.553771,C-17A Globemaster,62,487,723,False,mlat
ae07f6,2026-08-31 05:11:20.728685,RCH401,97-0044,2643,38000,46.991661,21.048706,C-17A Globemaster,315,383,0,False,mlat
87cc0a,2026-08-31 05:11:20.728696,GALOP61,07-3604,2022,19100,35.723255,138.145248,KC-46A Pegasus,244,367,-1984,False,adsb_icao
7cf86c,2026-08-31 05:11:20.728706,STAL22,A41-209,4507,100,-25.985552,153.016464,C-17A Globemaster,50,213,,False,adsb_icao
ae574d,2026-08-31 05:11:20.728713,UNK C/S,19-46007,6726,22000,28.4,48.9,KC-46A Pegasus,,,,False,mode_s
ae5e11,2026-08-31 05:11:20.728717,UNK C/S,17-46036,0716,25000,28.4,49.1,KC-46A Pegasus,,,,False,mode_s
ae5e12,2026-08-31 05:11:20.728722,FLYER59,17-46037,1530,20025,25.0,54.4,KC-46A Pegasus,,,,False,mode_s
80078e,2026-08-31 05:11:20.728726,VUAUA,CB-8001,3652,32025,31.8,74.9,C-17A Globemaster,10,462,-96,False,mode_s
afa175,2026-08-31 05:11:20.728729,FLYER63,19-46111,3276,20500,25.1,59.2,KC-46A Pegasus,,,,False,mode_s
ae058a,2026-08-31 05:11:20.728735,RCH1812,87-0045,3304,975,36.4,-6.9,C-5M Galaxy,92,126,-768,False,mode_s
ae07be,2026-08-31 05:11:20.728739,UNK C/S,62-3578,1143,23000,25.9,51.4,KC-135R Stratotanker,122,492,0,False,mode_s
ae0414,2026-08-31 05:12:21.145635,UNK C/S,164387,3340,26000,40.253727,-121.995567,E-6B TACAMO,351,304,0,False,mlat
ae63c6,2026-08-31 05:12:21.145667,PETRO61,21-46090,1536,38025,40.894997,-112.874916,KC-46A Pegasus,263,434,0,False,mlat
ae1197,2026-08-31 05:12:21.145675,RCH3260,03-3114,4044,36000,39.721252,-98.094772,C-17A Globemaster,262,412,0,False,adsb_icao
af0f64,2026-08-31 05:12:21.145684,UNK C/S,,3512,28000,41.356464,-77.582565,E-6B TACAMO,250,352,0,False,mlat
ae08e3,2026-08-31 05:12:21.145688,RCH277,00-0183,0767,1825,39.824715,-74.345848,C-17A Globemaster,262,219,-75,False,mlat
ae0568,2026-08-31 05:12:21.145692,RCH5051,86-0011,7354,32975,42.323551,-69.689369,C-5M Galaxy,80,557,7,False,mlat
ae10bd,2026-08-31 05:12:21.145698,RCH329,01-0194,2214,33000,51.408054,6.592331,C-17A Globemaster,111,487,0,False,adsb_icao
ae123b,2026-08-31 05:12:21.145701,RCH197,04-4130,7711,28100,49.944794,9.747711,C-17A Globemaster,67,481,490,False,mlat
ae07f6,2026-08-31 05:12:21.145704,RCH401,97-0044,2643,38000,47.067028,20.936951,C-17A Globemaster,315,388,0,False,mlat
87cc0a,2026-08-31 05:12:21.145716,GALOP61,07-3604,2022,16975,35.680115,138.034286,KC-46A Pegasus,244,358,-1984,False,adsb_icao
7cf86c,2026-08-31 05:12:21.145726,STAL22,A41-209,4507,525,-26.003708,153.089249,C-17A Globemaster,227,220,,False,adsb_icao
ae07be,2026-08-31 05:12:21.145731,UNK C/S,62-3578,1143,23000,25.9,51.3,KC-135R Stratotanker,123,490,-32,False,mode_s
ae5e11,2026-08-31 05:12:21.145738,UNK C/S,17-46036,0716,25000,28.4,49.0,KC-46A Pegasus,,,,False,mode_s
80078e,2026-08-31 05:12:21.145744,VUAUA,CB-8001,3652,32000,31.7,74.9,C-17A Globemaster,343,458,128,False,mode_s
ae058a,2026-08-31 05:12:21.145748,RCH1812,87-0045,3304,350,36.5,-6.7,C-5M Galaxy,96,134,-672,False,mode_s
afa175,2026-08-31 05:12:21.145752,FLYER63,19-46111,3276,20500,25.7,57.6,KC-46A Pegasus,,,,False,mode_s
ae574d,2026-08-31 05:12:21.145755,UNK C/S,19-46007,6726,22025,28.0,47.9,KC-46A Pegasus,,,,False,mode_s
ae5e12,2026-08-31 05:12:21.145761,FLYER59,17-46037,1530,20025,24.9,54.4,KC-46A Pegasus,,,,False,mode_s
ae05a9,2026-08-31 05:12:21.145765,UNK C/S,63-8015,7716,21100,28.4,49.0,KC-135R Stratotanker,,,,False,mode_s
ae0414,2026-08-31 05:13:21.505186,UNK C/S,164387,3340,26000,40.339031,-122.012794,E-6B TACAMO,353,317,0,False,mlat
ae63c6,2026-08-31 05:13:21.505205,PETRO61,21-46090,1536,38025,40.876167,-113.03186,KC-46A Pegasus,261,442,81,False,mlat
ae1197,2026-08-31 05:13:21.505212,RCH3260,03-3114,4044,36000,39.706192,-98.242073,C-17A Globemaster,262,407,0,False,adsb_icao
af0f64,2026-08-31 05:13:21.505221,UNK C/S,,3512,28000,41.323704,-77.707626,E-6B TACAMO,250,359,0,False,mlat
ae08e3,2026-08-31 05:13:21.505225,RCH277,00-0183,0767,1900,39.821739,-74.424332,C-17A Globemaster,265,199,143,False,mlat
ae0568,2026-08-31 05:13:21.505228,RCH5051,86-0011,7354,33000,42.34671,-69.497566,C-5M Galaxy,80,532,0,False,mlat
ae10bd,2026-08-31 05:13:21.505234,RCH329,01-0194,2214,31500,51.337574,6.772308,C-17A Globemaster,125,473,-2080,False,adsb_icao
ae123b,2026-08-31 05:13:21.505237,RCH197,04-4130,7711,28500,49.997913,9.944302,C-17A Globemaster,67,481,294,False,mlat
ae07f6,2026-08-31 05:13:21.505240,RCH401,97-0044,2643,38000,47.141777,20.825075,C-17A Globemaster,314,379,0,False,mlat
87cc0a,2026-08-31 05:13:21.505252,GALOP61,07-3604,2022,14925,35.639648,137.923996,KC-46A Pegasus,246,347,-2240,False,adsb_icao
ae07be,2026-08-31 05:13:21.505263,UNK C/S,62-3578,1143,23000,27.6,49.8,KC-135R Stratotanker,123,490,-64,False,mode_s
ae5e11,2026-08-31 05:13:21.505268,UNK C/S,17-46036,0716,25000,28.4,49.0,KC-46A Pegasus,,,,False,mode_s
80078e,2026-08-31 05:13:21.505275,VUAUA,CB-8001,3652,32025,32.2,74.7,C-17A Globemaster,344,454,0,False,mode_s
afa175,2026-08-31 05:13:21.505280,FLYER63,19-46111,3276,20500,25.7,58.5,KC-46A Pegasus,,,,False,mode_s
ae574d,2026-08-31 05:13:21.505284,UNK C/S,19-46007,6726,22000,28.1,48.2,KC-46A Pegasus,,,,False,mode_s
ae5e12,2026-08-31 05:13:21.505289,FLYER59,17-46037,1530,20050,24.9,54.4,KC-46A Pegasus,,,,False,mode_s
ae05a9,2026-08-31 05:13:21.505293,UNK C/S,63-8015,7716,21100,28.4,49.0,KC-135R Stratotanker,,,,False,mode_s
ae0414,2026-08-31 05:14:21.869198,UNK C/S,164387,3340,26000,40.424484,-122.028,E-6B TACAMO,351,318,0,False,mlat
ae63c6,2026-08-31 05:14:21.869220,PETRO61,21-46090,1536,38025,40.859364,-113.187065,KC-46A Pegasus,262,430,-7,False,mlat
ae1197,2026-08-31 05:14:21.869227,RCH3260,03-3114,4044,36000,39.691181,-98.387573,C-17A Globemaster,262,409,0,False,adsb_icao
af0f64,2026-08-31 05:14:21.869236,UNK C/S,,3512,28000,41.294571,-77.831871,E-6B TACAMO,254,350,0,False,mlat
ae08e3,2026-08-31 05:14:21.869239,RCH277,00-0183,0767,1825,39.81842,-74.495689,C-17A Globemaster,266,199,-75,False,mlat
ae0568,2026-08-31 05:14:21.869244,RCH5051,86-0011,7354,33000,42.371284,-69.295097,C-5M Galaxy,80,533,0,False,mlat
ae10bd,2026-08-31 05:14:21.869249,RCH329,01-0194,2214,29475,51.263046,6.943054,C-17A Globemaster,125,465,-1952,False,adsb_icao
ae123b,2026-08-31 05:14:21.869252,RCH197,04-4130,7711,28875,50.047173,10.139367,C-17A Globemaster,68,483,291,False,mlat
ae07f6,2026-08-31 05:14:21.869255,RCH401,97-0044,2643,38000,47.218273,20.710386,C-17A Globemaster,311,413,0,False,mlat
87cc0a,2026-08-31 05:14:21.869268,GALOP61,07-3604,2022,13075,35.601242,137.81691,KC-46A Pegasus,246,338,-1152,False,adsb_icao
ae07be,2026-08-31 05:14:21.869280,UNK C/S,62-3578,1143,23000,26.2,51.6,KC-135R Stratotanker,123,490,0,False,mode_s
ae5e11,2026-08-31 05:14:21.869287,UNK C/S,17-46036,0716,25000,28.4,49.0,KC-46A Pegasus,,,,False,mode_s
80078e,2026-08-31 05:14:21.869294,VUAUA,CB-8001,3652,31925,31.5,74.7,C-17A Globemaster,344,458,-1760,False,mode_s
afa175,2026-08-31 05:14:21.869299,FLYER63,19-46111,3276,20500,25.6,58.9,KC-46A Pegasus,,,,False,mode_s
ae574d,2026-08-31 05:14:21.869303,UNK C/S,19-46007,6726,22000,28.4,49.0,KC-46A Pegasus,,,,False,mode_s
ae5e12,2026-08-31 05:14:21.869307,FLYER59,17-46037,1530,20025,24.9,54.4,KC-46A Pegasus,,,,False,mode_s
ae05a9,2026-08-31 05:14:21.869311,UNK C/S,63-8015,7716,21100,28.4,49.0,KC-135R Stratotanker,,,,False,mode_s
ae0414,2026-08-31 05:15:22.366412,UNK C/S,164387,3340,26000,40.504002,-122.062714,E-6B TACAMO,323,331,2,False,mlat
ae63c6,2026-08-31 05:15:22.366431,PETRO61,21-46090,1536,38025,40.840553,-113.338036,KC-46A Pegasus,261,442,6,False,mlat
ae1197,2026-08-31 05:15:22.366437,RCH3260,03-3114,4044,36000,39.675934,-98.53363,C-17A Globemaster,262,408,0,False,adsb_icao
af0f64,2026-08-31 05:15:22.366446,UNK C/S,,3512,28000,41.261589,-77.957619,E-6B TACAMO,250,343,0,False,mlat
ae08e3,2026-08-31 05:15:22.366449,RCH277,00-0183,0767,1825,39.823864,-74.563721,C-17A Globemaster,301,179,0,False,mlat
ae0568,2026-08-31 05:15:22.366453,RCH5051,86-0011,7354,33000,42.396915,-69.095314,C-5M Galaxy,80,548,0,False,mlat
ae10bd,2026-08-31 05:15:22.366458,RCH329,01-0194,2214,27650,51.18544,7.102661,C-17A Globemaster,144,435,-1568,False,adsb_icao
ae123b,2026-08-31 05:15:22.366461,RCH197,04-4130,7711,29250,50.073689,10.328779,C-17A Globemaster,92,497,455,False,mlat
ae07f6,2026-08-31 05:15:22.366464,RCH401,97-0044,2643,38000,47.293243,20.597422,C-17A Globemaster,322,342,0,False,mlat
87cc0a,2026-08-31 05:15:22.366476,GALOP61,07-3604,2022,12950,35.574188,137.706863,KC-46A Pegasus,267,339,-1344,False,adsb_icao
ae07be,2026-08-31 05:15:22.366487,UNK C/S,62-3578,1143,23000,28.2,49.2,KC-135R Stratotanker,123,490,0,False,mode_s
ae5e11,2026-08-31 05:15:22.366492,UNK C/S,17-46036,0716,25000,28.4,49.0,KC-46A Pegasus,,,,False,mode_s
80078e,2026-08-31 05:15:22.366499,VUAUA,CB-8001,3652,29725,31.7,74.4,C-17A Globemaster,344,462,-2336,False,mode_s
afa175,2026-08-31 05:15:22.366503,FLYER63,19-46111,3276,20500,25.7,57.3,KC-46A Pegasus,,,,False,mode_s
ae574d,2026-08-31 05:15:22.366508,UNK C/S,19-46007,6726,22000,28.0,47.9,KC-46A Pegasus,,,,False,mode_s
ae5e12,2026-08-31 05:15:22.366512,FLYER59,17-46037,1530,20025,24.9,54.4,KC-46A Pegasus,,,,False,mode_s
ae05a9,2026-08-31 05:15:22.366516,UNK C/S,63-8015,7716,21100,28.4,49.0,KC-135R Stratotanker,,,,False,mode_s
ae0414,2026-08-31 05:16:22.772022,UNK C/S,164387,3340,26000,40.543159,-122.150429,E-6B TACAMO,275,301,0,False,mlat
ae63c6,2026-08-31 05:16:22.772039,PETRO61,21-46090,1536,38025,40.820179,-113.507378,KC-46A Pegasus,261,448,0,False,mlat
ae1197,2026-08-31 05:16:22.772044,RCH3260,03-3114,4044,36000,39.660366,-98.681152,C-17A Globemaster,262,410,0,False,adsb_icao
af0f64,2026-08-31 05:16:22.772053,UNK C/S,,3512,28000,41.228714,-78.085999,E-6B TACAMO,251,357,0,False,mlat
ae08e3,2026-08-31 05:16:22.772056,RCH277,00-0183,0767,1825,39.873394,-74.577362,C-17A Globemaster,354,168,0,False,mlat
ae0568,2026-08-31 05:16:22.772060,RCH5051,86-0011,7354,33000,42.420742,-68.891602,C-5M Galaxy,82,541,0,False,mlat
ae10bd,2026-08-31 05:16:22.772065,RCH329,01-0194,2214,26100,51.076813,7.167094,C-17A Globemaster,161,412,-1568,False,adsb_icao
ae123b,2026-08-31 05:16:22.772068,RCH197,04-4130,7711,29750,50.07486,10.533504,C-17A Globemaster,89,466,523,False,mlat
ae07f6,2026-08-31 05:16:22.772071,RCH401,97-0044,2643,38000,47.367519,20.485168,C-17A Globemaster,312,406,0,False,mlat
87cc0a,2026-08-31 05:16:22.772084,GALOP61,07-3604,2022,12025,35.573265,137.591599,KC-46A Pegasus,269,327,-192,False,adsb_icao
ae07be,2026-08-31 05:16:22.772093,UNK C/S,62-3578,1143,23000,26.5,50.9,KC-135R Stratotanker,123,490,32,False,mode_s
ae5e11,2026-08-31 05:16:22.772099,UNK C/S,17-46036,0716,25000,28.4,49.0,KC-46A Pegasus,,,,False,mode_s
ae0587,2026-08-31 05:16:22.772103,RCH2022,87-0042,1716,1175,26.9,128.1,C-5M Galaxy,56,134,1792,False,mode_s
80078e,2026-08-31 05:16:22.772110,VUAUA,CB-8001,3652,27325,31.6,74.9,C-17A Globemaster,344,476,-2272,False,mode_s
afa175,2026-08-31 05:16:22.772114,FLYER63,19-46111,3276,20500,25.8,56.8,KC-46A Pegasus,,,,False,mode_s
ae574d,2026-08-31 05:16:22.772118,UNK C/S,19-46007,6726,22000,28.4,49.0,KC-46A Pegasus,,,,False,mode_s
ae5e12,2026-08-31 05:16:22.772123,FLYER59,17-46037,1530,20025,24.9,54.4,KC-46A Pegasus,,,,False,mode_s
ae05a9,2026-08-31 05:16:22.772127,UNK C/S,63-8015,7716,21100,28.4,49.0,KC-135R Stratotanker,,,,False,mode_s
ae0414,2026-08-31 05:17:23.245134,UNK C/S,164387,3340,26000,40.516438,-122.255394,E-6B TACAMO,227,309,0,False,mlat
ae63c6,2026-08-31 05:17:23.245152,PETRO61,21-46090,1536,38025,40.803207,-113.662109,KC-46A Pegasus,262,439,0,False,mlat
ae1197,2026-08-31 05:17:23.245158,RCH3260,03-3114,4044,36000,39.644714,-98.826736,C-17A Globemaster,262,405,0,False,adsb_icao
af0f64,2026-08-31 05:17:23.245166,UNK C/S,,3512,28000,41.149776,-78.167412,E-6B TACAMO,187,446,6,False,mlat
ae08e3,2026-08-31 05:17:23.245170,RCH277,00-0183,0767,1825,39.92091,-74.585815,C-17A Globemaster,353,182,0,False,mlat
ae0568,2026-08-31 05:17:23.245174,RCH5051,86-0011,7354,33050,42.444859,-68.690742,C-5M Galaxy,83,580,0,False,mlat
ae10bd,2026-08-31 05:17:23.245180,RCH329,01-0194,2214,24600,50.967453,7.224624,C-17A Globemaster,161,407,-1440,False,adsb_icao
ae123b,2026-08-31 05:17:23.245183,RCH197,04-4130,7711,30250,50.07357,10.732664,C-17A Globemaster,90,443,482,False,mlat
ae07f6,2026-08-31 05:17:23.245187,RCH401,97-0044,2643,38000,47.444042,20.368486,C-17A Globemaster,316,377,0,False,mlat
ae0587,2026-08-31 05:17:23.245197,RCH2022,87-0042,1716,2775,26.38965,127.814583,C-5M Galaxy,46,166,1376,False,mlat
87cc0a,2026-08-31 05:17:23.245203,GALOP61,07-3604,2022,11250,35.572243,137.486237,KC-46A Pegasus,269,291,-768,False,adsb_icao
ae07be,2026-08-31 05:17:23.245214,UNK C/S,62-3578,1143,23000,26.0,53.7,KC-135R Stratotanker,123,492,,False,mode_s
ae5e11,2026-08-31 05:17:23.245220,UNK C/S,17-46036,0716,25025,28.4,49.0,KC-46A Pegasus,,,,False,mode_s
80078e,2026-08-31 05:17:23.245228,VUAUA,CB-8001,3652,24975,32.1,74.8,C-17A Globemaster,344,466,-2368,False,mode_s
afa175,2026-08-31 05:17:23.245232,FLYER63,19-46111,3276,20500,25.8,56.8,KC-46A Pegasus,,,,False,mode_s
ae574d,2026-08-31 05:17:23.245235,UNK C/S,19-46007,6726,22000,28.4,49.0,KC-46A Pegasus,,,,False,mode_s
ae5e12,2026-08-31 05:17:23.245240,FLYER59,17-46037,1530,20050,24.9,54.4,KC-46A Pegasus,,,,False,mode_s
ae05a9,2026-08-31 05:17:23.245244,UNK C/S,63-8015,7716,21100,28.4,49.0,KC-135R Stratotanker,,,,False,mode_s
afde25,2026-08-31 05:17:23.245248,UNK C/S,,7000,Unavailable,38.5,-123.5,E-6B TACAMO,,,,False,mode_s
ae0414,2026-08-31 05:18:23.778269,UNK C/S,164387,3340,26000,40.440666,-122.299484,E-6B TACAMO,180,310,0,False,mlat
ae63c6,2026-08-31 05:18:23.778289,PETRO61,21-46090,1536,38025,40.782597,-113.817238,KC-46A Pegasus,260,454,11,False,mlat
ae1197,2026-08-31 05:18:23.778295,RCH3260,03-3114,4044,36000,39.628849,-98.973022,C-17A Globemaster,261,408,0,False,adsb_icao
af0f64,2026-08-31 05:18:23.778303,UNK C/S,,3512,28000,41.050018,-78.205811,E-6B TACAMO,197,365,0,False,mlat
ae08e3,2026-08-31 05:18:23.778306,RCH277,00-0183,0767,1125,39.964973,-74.593475,C-17A Globemaster,353,114,-855,False,mlat
ae0568,2026-08-31 05:18:23.778310,RCH5051,86-0011,7354,35000,42.461922,-68.533417,C-5M Galaxy,88,552,1980,False,mlat
ae10bd,2026-08-31 05:18:23.778314,RCH329,01-0194,2214,23100,50.861347,7.280121,C-17A Globemaster,161,397,-1504,False,adsb_icao
ae123b,2026-08-31 05:18:23.778317,RCH197,04-4130,7711,30550,50.035465,10.919382,C-17A Globemaster,109,448,199,False,mlat
ae07f6,2026-08-31 05:18:23.778320,RCH401,97-0044,2643,38000,47.514194,20.263012,C-17A Globemaster,313,392,0,False,mlat
ae0587,2026-08-31 05:18:23.778328,RCH2022,87-0042,1716,4650,26.426476,127.864075,C-5M Galaxy,66,222,1632,False,mlat
87cc0a,2026-08-31 05:18:23.778333,GALOP61,07-3604,2022,10150,35.570892,137.390106,KC-46A Pegasus,269,274,-896,False,adsb_icao
ae07be,2026-08-31 05:18:23.778343,UNK C/S,62-3578,1143,23000,25.9,53.0,KC-135R Stratotanker,,,,False,mode_s
ae5e11,2026-08-31 05:18:23.778349,UNK C/S,17-46036,0716,25000,28.4,49.0,KC-46A Pegasus,,,,False,mode_s
80078e,2026-08-31 05:18:23.778355,VUAUA,CB-8001,3652,22625,31.2,75.1,C-17A Globemaster,344,458,-2272,False,mode_s
afa175,2026-08-31 05:18:23.778359,FLYER63,19-46111,3276,20500,25.9,56.1,KC-46A Pegasus,,,,False,mode_s
ae574d,2026-08-31 05:18:23.778363,UNK C/S,19-46007,6726,22000,28.4,49.0,KC-46A Pegasus,,,,False,mode_s
ae5e12,2026-08-31 05:18:23.778369,FLYER59,17-46037,1530,20025,24.9,54.4,KC-46A Pegasus,,,,False,mode_s
ae05a9,2026-08-31 05:18:23.778372,UNK C/S,63-8015,7716,21100,25.9,51.1,KC-135R Stratotanker,,,,False,mode_s
ae0414,2026-08-31 05:19:24.260133,UNK C/S,164387,3340,26000,40.3526,-122.287369,E-6B TACAMO,176,310,0,False,mlat
ae63c6,2026-08-31 05:19:24.260152,PETRO61,21-46090,1536,38025,40.763134,-113.99472,KC-46A Pegasus,262,444,-39,False,mlat
ae1197,2026-08-31 05:19:24.260158,RCH3260,03-3114,4044,36000,39.612698,-99.119995,C-17A Globemaster,261,406,0,False,adsb_icao
af0f64,2026-08-31 05:19:24.260165,UNK C/S,,3512,28000,40.945084,-78.245346,E-6B TACAMO,197,371,0,False,mlat
ae08e3,2026-08-31 05:19:24.260168,RCH277,00-0183,0767,200,40.001507,-74.599434,C-17A Globemaster,341,130,-902,False,mlat
ae0568,2026-08-31 05:19:24.260171,RCH5051,86-0011,7354,36000,42.482231,-68.359695,C-5M Galaxy,86,543,1436,False,mlat
ae10bd,2026-08-31 05:19:24.260176,RCH329,01-0194,2214,21550,50.755299,7.335129,C-17A Globemaster,161,392,-2560,False,adsb_icao
ae123b,2026-08-31 05:19:24.260178,RCH197,04-4130,7711,30700,49.995731,11.104208,C-17A Globemaster,109,442,84,False,mlat
ae07f6,2026-08-31 05:19:24.260181,RCH401,97-0044,2643,38000,47.592155,20.145683,C-17A Globemaster,313,394,0,False,mlat
ae0587,2026-08-31 05:19:24.260190,RCH2022,87-0042,1716,7225,26.439262,127.921875,C-5M Galaxy,74,262,2720,False,mlat
87cc0a,2026-08-31 05:19:24.260195,GALOP61,07-3604,2022,10025,35.570007,137.295853,KC-46A Pegasus,269,272,-576,False,adsb_icao
ae07be,2026-08-31 05:19:24.260204,UNK C/S,62-3578,1143,23000,28.0,50.1,KC-135R Stratotanker,123,492,192,False,mode_s
ae5e11,2026-08-31 05:19:24.260210,UNK C/S,17-46036,0716,25000,28.4,49.0,KC-46A Pegasus,,,,False,mode_s
80078e,2026-08-31 05:19:24.260218,VUAUA,CB-8001,3652,20300,31.8,74.9,C-17A Globemaster,344,444,-2144,False,mode_s
afa175,2026-08-31 05:19:24.260222,FLYER63,19-46111,3276,20500,25.8,57.1,KC-46A Pegasus,,,,False,mode_s
ae574d,2026-08-31 05:19:24.260226,UNK C/S,19-46007,6726,22025,28.4,49.0,KC-46A Pegasus,,,,False,mode_s
ae5e12,2026-08-31 05:19:24.260230,FLYER59,17-46037,1530,20025,24.9,54.4,KC-46A Pegasus,,,,False,mode_s
ae05a9,2026-08-31 05:19:24.260234,UNK C/S,63-8015,7716,21100,25.9,51.1,KC-135R Stratotanker,,,,False,mode_s
ae0414,2026-08-31 05:20:24.757996,UNK C/S,164387,3340,26000,40.263298,-122.265312,E-6B TACAMO,170,323,0,False,mlat
ae63c6,2026-08-31 05:20:24.758016,PETRO61,21-46090,1536,38025,40.748478,-114.116287,KC-46A Pegasus,261,461,76,False,mlat
ae1197,2026-08-31 05:20:24.758021,RCH3260,03-3114,4044,36000,39.596729,-99.26416,C-17A Globemaster,261,409,64,False,adsb_icao
af0f64,2026-08-31 05:20:24.758029,UNK C/S,,3512,28000,40.847393,-78.282997,E-6B TACAMO,200,416,0,False,mlat
ae0568,2026-08-31 05:20:24.758033,RCH5051,86-0011,7354,36000,42.493896,-68.253059,C-5M Galaxy,80,572,457,False,mode_s
ae10bd,2026-08-31 05:20:24.758038,RCH329,01-0194,2214,20075,50.654373,7.387341,C-17A Globemaster,161,365,-1504,False,adsb_icao
ae123b,2026-08-31 05:20:24.758041,RCH197,04-4130,7711,30800,49.959454,11.294129,C-17A Globemaster,107,444,141,False,mlat
ae07f6,2026-08-31 05:20:24.758044,RCH401,97-0044,2643,38000,47.663105,20.032768,C-17A Globemaster,314,392,0,False,mlat
ae0587,2026-08-31 05:20:24.758053,RCH2022,87-0042,1716,10100,26.452423,127.987312,C-5M Galaxy,73,284,2176,False,mlat
87cc0a,2026-08-31 05:20:24.758059,GALOP61,07-3604,2022,8775,35.568844,137.204453,KC-46A Pegasus,269,265,-1280,False,adsb_icao
7cf86c,2026-08-31 05:20:24.758067,STAL22,A41-209,4507,250,-25.934097,153.183716,C-17A Globemaster,49,216,,False,adsb_icao
ae07be,2026-08-31 05:20:24.758073,UNK C/S,62-3578,1143,23000,26.2,54.1,KC-135R Stratotanker,120,492,0,False,mode_s
ae5e11,2026-08-31 05:20:24.758078,UNK C/S,17-46036,0716,25000,28.4,49.0,KC-46A Pegasus,,,,False,mode_s
80078e,2026-08-31 05:20:24.758086,VUAUA,CB-8001,3652,18900,32.0,74.8,C-17A Globemaster,344,436,-1024,False,mode_s
afa175,2026-08-31 05:20:24.758090,FLYER63,19-46111,3276,20500,25.7,57.5,KC-46A Pegasus,,,,False,mode_s
ae574d,2026-08-31 05:20:24.758093,UNK C/S,19-46007,6726,22000,28.4,49.0,KC-46A Pegasus,,,,False,mode_s
ae5e12,2026-08-31 05:20:24.758098,FLYER59,17-46037,1530,20025,24.9,54.4,KC-46A Pegasus,,,,False,mode_s
ae05a9,2026-08-31 05:20:24.758103,UNK C/S,63-8015,7716,21100,28.4,49.0,KC-135R Stratotanker,,,,False,mode_s
ae0414,2026-08-31 05:21:25.201145,UNK C/S,164387,3340,26000,40.179379,-122.252907,E-6B TACAMO,176,302,0,False,mlat
ae63c6,2026-08-31 05:21:25.201163,PETRO61,21-46090,1536,38000,40.723858,-114.302742,KC-46A Pegasus,259,489,0,False,mlat
ae1197,2026-08-31 05:21:25.201170,RCH3260,03-3114,4044,36000,39.580078,-99.412056,C-17A Globemaster,261,408,0,False,adsb_icao
af0f64,2026-08-31 05:21:25.201179,UNK C/S,,3512,28000,40.742458,-78.322151,E-6B TACAMO,196,401,0,False,mlat
ae10bd,2026-08-31 05:21:25.201184,RCH329,01-0194,2214,18825,50.562195,7.434925,C-17A Globemaster,161,321,-608,False,adsb_icao
ae123b,2026-08-31 05:21:25.201188,RCH197,04-4130,7711,30900,49.925251,11.486242,C-17A Globemaster,106,466,77,False,mlat
ae07f6,2026-08-31 05:21:25.201191,RCH401,97-0044,2643,38000,47.741138,19.913069,C-17A Globemaster,315,371,0,False,mlat
ae0587,2026-08-31 05:21:25.201201,RCH2022,87-0042,1716,11975,26.483706,128.099426,C-5M Galaxy,72,336,1248,False,mlat
87cc0a,2026-08-31 05:21:25.201207,GALOP61,07-3604,2022,7725,35.567596,137.113098,KC-46A Pegasus,268,268,-768,False,adsb_icao
7cf86c,2026-08-31 05:21:25.201217,STAL22,A41-209,4507,200,-25.927921,153.198532,C-17A Globemaster,81,215,,False,adsb_icao
ae07be,2026-08-31 05:21:25.201222,UNK C/S,62-3578,1143,23000,25.9,53.9,KC-135R Stratotanker,133,492,96,False,mode_s
ae5e11,2026-08-31 05:21:25.201228,UNK C/S,17-46036,0716,25000,28.4,49.0,KC-46A Pegasus,,,,False,mode_s
ae0568,2026-08-31 05:21:25.201232,RCH5051,86-0011,7354,36000,42.9,-68.8,C-5M Galaxy,,,,False,mode_s
80078e,2026-08-31 05:21:25.201239,VUAUA,CB-8001,3652,18300,32.5,74.6,C-17A Globemaster,344,394,128,False,mode_s
afa175,2026-08-31 05:21:25.201243,FLYER63,19-46111,3276,20500,25.8,56.9,KC-46A Pegasus,,,,False,mode_s
ae574d,2026-08-31 05:21:25.201247,UNK C/S,19-46007,6726,22000,28.4,49.0,KC-46A Pegasus,,,,False,mode_s
ae5e12,2026-08-31 05:21:25.201252,FLYER59,17-46037,1530,20025,24.9,54.4,KC-46A Pegasus,,,,False,mode_s
ae05a9,2026-08-31 05:21:25.201257,UNK C/S,63-8015,7716,21100,26.2,51.8,KC-135R Stratotanker,,,,False,mode_s
ae0414,2026-08-31 05:22:25.571154,UNK C/S,164387,3340,25975,40.093582,-122.235352,E-6B TACAMO,171,327,0,False,mlat
ae63c6,2026-08-31 05:22:25.571171,PETRO61,21-46090,1536,38025,40.707619,-114.447937,KC-46A Pegasus,260,459,0,False,mlat
ae1197,2026-08-31 05:22:25.571177,RCH3260,03-3114,4044,36000,39.563725,-99.55542,C-17A Globemaster,261,403,64,False,adsb_icao
af0f64,2026-08-31 05:22:25.571185,UNK C/S,,3512,28000,40.645775,-78.364632,E-6B TACAMO,197,372,0,False,mlat
ae10bd,2026-08-31 05:22:25.571190,RCH329,01-0194,2214,18275,50.482407,7.475618,C-17A Globemaster,161,300,-544,False,adsb_icao
ae123b,2026-08-31 05:22:25.571193,RCH197,04-4130,7711,31000,49.888836,11.683387,C-17A Globemaster,106,473,0,False,mlat
ae07f6,2026-08-31 05:22:25.571196,RCH401,97-0044,2643,38000,47.814587,19.800003,C-17A Globemaster,312,374,0,False,mlat
87cc0a,2026-08-31 05:22:25.571206,GALOP61,07-3604,2022,7000,35.56636,137.022171,KC-46A Pegasus,268,266,-768,False,adsb_icao
ae07be,2026-08-31 05:22:25.571215,UNK C/S,62-3578,1143,23000,26.0,54.0,KC-135R Stratotanker,141,492,0,False,mode_s
ae5e11,2026-08-31 05:22:25.571221,UNK C/S,17-46036,0716,25000,28.4,49.0,KC-46A Pegasus,,,,False,mode_s
ae0568,2026-08-31 05:22:25.571226,RCH5051,86-0011,7354,36000,43.3,-68.5,C-5M Galaxy,,,,False,mode_s
ae0587,2026-08-31 05:22:25.571229,RCH2022,87-0042,1716,14950,27.0,128.6,C-5M Galaxy,72,336,3904,False,mode_s
80078e,2026-08-31 05:22:25.571236,VUAUA,CB-8001,3652,18300,32.5,74.6,C-17A Globemaster,344,306,160,False,mode_s
afa175,2026-08-31 05:22:25.571239,FLYER63,19-46111,3276,20500,25.4,56.9,KC-46A Pegasus,,,,False,mode_s
ae574d,2026-08-31 05:22:25.571243,UNK C/S,19-46007,6726,22000,28.4,49.0,KC-46A Pegasus,,,,False,mode_s
ae5e12,2026-08-31 05:22:25.571248,FLYER59,17-46037,1530,20050,24.9,54.4,KC-46A Pegasus,,,,False,mode_s
ae05a9,2026-08-31 05:22:25.571252,UNK C/S,63-8015,7716,21100,25.9,51.1,KC-135R Stratotanker,,,,False,mode_s
ae0414,2026-08-31 05:23:26.032030,UNK C/S,164387,3340,26000,40.024773,-122.169144,E-6B TACAMO,117,350,0,False,mlat
ae63c6,2026-08-31 05:23:26.032048,PETRO61,21-46090,1536,38025,40.67329,-114.63752,KC-46A Pegasus,256,457,-40,False,mlat
ae1197,2026-08-31 05:23:26.032055,RCH3260,03-3114,4044,36000,39.547195,-99.699402,C-17A Globemaster,261,403,0,False,adsb_icao
af0f64,2026-08-31 05:23:26.032062,UNK C/S,,3512,28000,40.541946,-78.396751,E-6B TACAMO,193,377,0,False,mlat
ae10bd,2026-08-31 05:23:26.032068,RCH329,01-0194,2214,17800,50.401783,7.516801,C-17A Globemaster,161,303,-672,False,adsb_icao
ae123b,2026-08-31 05:23:26.032070,RCH197,04-4130,7711,31025,49.855122,11.87826,C-17A Globemaster,106,486,24,False,mlat
ae07f6,2026-08-31 05:23:26.032074,RCH401,97-0044,2643,38000,47.886463,19.689199,C-17A Globemaster,313,382,0,False,mlat
87cc0a,2026-08-31 05:23:26.032088,GALOP61,07-3604,2022,6250,35.565025,136.931137,KC-46A Pegasus,268,262,-768,False,adsb_icao
7cf86c,2026-08-31 05:23:26.032097,STAL22,A41-209,4507,-25,-26.03648,153.139801,C-17A Globemaster,198,211,,False,adsb_icao
ae07be,2026-08-31 05:23:26.032103,UNK C/S,62-3578,1143,23000,26.0,54.7,KC-135R Stratotanker,141,496,0,False,mode_s
ae5e11,2026-08-31 05:23:26.032109,UNK C/S,17-46036,0716,25000,28.4,49.0,KC-46A Pegasus,,,,False,mode_s
ae0568,2026-08-31 05:23:26.032114,RCH5051,86-0011,7354,36000,43.7,-68.4,C-5M Galaxy,,,,False,mode_s
ae0587,2026-08-31 05:23:26.032118,RCH2022,87-0042,1716,16225,26.8,128.4,C-5M Galaxy,46,340,1152,False,mode_s
80078e,2026-08-31 05:23:26.032125,VUAUA,CB-8001,3652,18000,32.1,74.8,C-17A Globemaster,344,258,-1472,False,mode_s
afa175,2026-08-31 05:23:26.032129,FLYER63,19-46111,3276,20500,25.8,58.4,KC-46A Pegasus,,,,False,mode_s
ae574d,2026-08-31 05:23:26.032133,UNK C/S,19-46007,6726,22000,28.4,49.0,KC-46A Pegasus,,,,False,mode_s
ae5e12,2026-08-31 05:23:26.032138,FLYER59,17-46037,1530,20025,24.9,54.4,KC-46A Pegasus,,,,False,mode_s
ae05a9,2026-08-31 05:23:26.032142,UNK C/S,63-8015,7716,21100,26.2,51.8,KC-135R Stratotanker,,,,False,mode_s
ae0414,2026-08-31 05:24:26.424479,UNK C/S,164387,3340,26000,40.018009,-122.058952,E-6B TACAMO,68,335,0,False,mlat
ae63c6,2026-08-31 05:24:26.424496,PETRO61,21-46090,1536,38025,40.644112,-114.781982,KC-46A Pegasus,254,452,0,False,mlat
ae1197,2026-08-31 05:24:26.424502,RCH3260,03-3114,4044,36000,39.530437,-99.843567,C-17A Globemaster,261,404,64,False,adsb_icao
af0f64,2026-08-31 05:24:26.424509,UNK C/S,,3512,28000,40.456627,-78.438728,E-6B TACAMO,196,311,0,False,mlat
ae10bd,2026-08-31 05:24:26.424514,RCH329,01-0194,2214,16700,50.320271,7.558223,C-17A Globemaster,162,313,-2368,False,adsb_icao
ae123b,2026-08-31 05:24:26.424518,RCH197,04-4130,7711,31000,49.817879,12.081333,C-17A Globemaster,106,475,0,False,mlat
ae07f6,2026-08-31 05:24:26.424521,RCH401,97-0044,2643,38000,47.962456,19.569437,C-17A Globemaster,315,373,0,False,mlat
87cc0a,2026-08-31 05:24:26.424532,GALOP61,07-3604,2022,5275,35.534271,136.852173,KC-46A Pegasus,234,252,-1088,False,adsb_icao
7cf86c,2026-08-31 05:24:26.424541,STAL22,A41-209,4507,-25,-26.050415,153.134644,C-17A Globemaster,198,210,,False,adsb_icao
ae07be,2026-08-31 05:24:26.424546,UNK C/S,62-3578,1143,23000,25.8,54.8,KC-135R Stratotanker,141,496,32,False,mode_s
ae5e11,2026-08-31 05:24:26.424551,UNK C/S,17-46036,0716,25000,28.4,49.0,KC-46A Pegasus,,,,False,mode_s
ae0568,2026-08-31 05:24:26.424555,RCH5051,86-0011,7354,36000,44.1,-68.5,C-5M Galaxy,,,,False,mode_s
ae0587,2026-08-31 05:24:26.424559,RCH2022,87-0042,1716,16650,27.1,128.5,C-5M Galaxy,42,372,480,False,mode_s
80078e,2026-08-31 05:24:26.424565,VUAUA,CB-8001,3652,16600,32.1,74.8,C-17A Globemaster,338,250,-1408,False,mode_s
afa175,2026-08-31 05:24:26.424570,FLYER63,19-46111,3276,20525,25.6,58.9,KC-46A Pegasus,,,,False,mode_s
ae574d,2026-08-31 05:24:26.424574,UNK C/S,19-46007,0713,22025,28.4,49.0,KC-46A Pegasus,,,,False,mode_s
ae5e12,2026-08-31 05:24:26.424578,FLYER59,17-46037,1530,20025,24.9,54.4,KC-46A Pegasus,,,,False,mode_s
ae05a9,2026-08-31 05:24:26.424583,UNK C/S,63-8015,7716,21100,26.2,51.8,KC-135R Stratotanker,,,,False,mode_s
ae0414,2026-08-31 05:25:26.817121,UNK C/S,164387,3340,26000,40.077835,-121.982269,E-6B TACAMO,19,322,0,False,mlat
ae63c6,2026-08-31 05:25:26.817138,PETRO61,21-46090,1536,38025,40.589993,-114.946587,KC-46A Pegasus,251,509,0,False,mlat
ae1197,2026-08-31 05:25:26.817147,RCH3260,03-3114,4044,36000,39.513351,-99.988586,C-17A Globemaster,261,405,,False,adsb_icao
af0f64,2026-08-31 05:25:26.817154,UNK C/S,,3512,28000,40.34502,-78.481133,E-6B TACAMO,214,394,35,False,mlat
ae10bd,2026-08-31 05:25:26.817161,RCH329,01-0194,2214,12825,50.230145,7.603875,C-17A Globemaster,161,359,-3552,False,adsb_icao
ae123b,2026-08-31 05:25:26.817164,RCH197,04-4130,7711,31000,49.782619,12.277683,C-17A Globemaster,110,504,0,False,mlat
ae07f6,2026-08-31 05:25:26.817169,RCH401,97-0044,2643,38000,48.033405,19.45672,C-17A Globemaster,315,394,0,False,mlat
ae05a9,2026-08-31 05:25:26.817175,UNK C/S,63-8015,7716,21100,27.139404,50.438847,KC-135R Stratotanker,130,442,0,False,mlat
ae0587,2026-08-31 05:25:26.817186,RCH2022,87-0042,1716,18850,26.64646,128.398163,C-5M Galaxy,40,398,1696,False,mode_s
87cc0a,2026-08-31 05:25:26.817191,GALOP61,07-3604,2022,4325,35.49408,136.791245,KC-46A Pegasus,209,205,-832,False,adsb_icao
7cf86c,2026-08-31 05:25:26.817204,STAL22,A41-209,4507,-50,-26.152489,153.099136,C-17A Globemaster,195,207,,False,adsb_icao
ae07be,2026-08-31 05:25:26.817210,UNK C/S,62-3578,1143,23000,25.8,54.8,KC-135R Stratotanker,141,496,0,False,mode_s
ae5e11,2026-08-31 05:25:26.817215,UNK C/S,17-46036,0716,25000,28.4,49.0,KC-46A Pegasus,,,,False,mode_s
ae0568,2026-08-31 05:25:26.817220,RCH5051,86-0011,7354,36025,43.6,-68.2,C-5M Galaxy,,,,False,mode_s
80078e,2026-08-31 05:25:26.817229,VUAUA,CB-8001,3652,15625,32.4,74.7,C-17A Globemaster,327,242,-1504,False,mode_s
afa175,2026-08-31 05:25:26.817234,FLYER63,19-46111,3276,20500,25.7,59.9,KC-46A Pegasus,,,,False,mode_s
ae574d,2026-08-31 05:25:26.817238,UNK C/S,19-46007,0713,22000,28.4,49.0,KC-46A Pegasus,,,,False,mode_s
ae5e12,2026-08-31 05:25:26.817244,FLYER59,17-46037,1530,20150,24.9,54.4,KC-46A Pegasus,,,,False,mode_s
ae0414,2026-08-31 05:26:27.235325,UNK C/S,164387,3340,26000,40.158222,-121.97966,E-6B TACAMO,344,289,0,False,mlat
ae63c6,2026-08-31 05:26:27.235343,PETRO61,21-46090,1536,38025,40.57513,-115.115005,KC-46A Pegasus,256,438,-53,False,mlat
ae1197,2026-08-31 05:26:27.235350,RCH3260,03-3114,4044,36000,39.496037,-100.134216,C-17A Globemaster,261,408,,False,adsb_icao
ae20c7,2026-08-31 05:26:27.235356,VOLT91,07-7186,4614,2525,31.260944,-92.481979,C-17A Globemaster,138,205,,False,adsb_icao
af0f64,2026-08-31 05:26:27.235360,UNK C/S,,3512,28000,40.249695,-78.542389,E-6B TACAMO,202,371,0,False,mlat
ae10bd,2026-08-31 05:26:27.235365,RCH329,01-0194,2214,10125,50.13295,7.653351,C-17A Globemaster,161,357,-1376,False,adsb_icao
ae123b,2026-08-31 05:26:27.235368,RCH197,04-4130,7711,31000,49.745319,12.484482,C-17A Globemaster,106,495,0,False,mlat
ae07f6,2026-08-31 05:26:27.235371,RCH401,97-0044,2643,38000,48.107796,19.332499,C-17A Globemaster,307,385,0,False,mlat
ae05a9,2026-08-31 05:26:27.235376,UNK C/S,63-8015,7716,21100,27.052794,50.537491,KC-135R Stratotanker,137,412,0,False,mlat
87cc0a,2026-08-31 05:26:27.235386,GALOP61,07-3604,2022,3525,35.443523,136.803925,KC-46A Pegasus,152,186,-768,False,adsb_icao
7cf86c,2026-08-31 05:26:27.235394,STAL22,A41-209,4507,-100,-26.205233,153.084503,C-17A Globemaster,194,207,,False,adsb_icao
ae07be,2026-08-31 05:26:27.235399,UNK C/S,62-3578,1143,23000,25.5,54.8,KC-135R Stratotanker,141,496,64,False,mode_s
ae5e11,2026-08-31 05:26:27.235404,UNK C/S,17-46036,0716,25000,28.4,49.0,KC-46A Pegasus,,,,False,mode_s
ae0568,2026-08-31 05:26:27.235409,RCH5051,86-0011,7354,36000,44.0,-67.8,C-5M Galaxy,,,,False,mode_s
ae0587,2026-08-31 05:26:27.235413,RCH2022,87-0042,1716,20650,27.0,128.1,C-5M Galaxy,40,414,1504,False,mode_s
afa175,2026-08-31 05:26:27.235420,FLYER63,19-46111,3276,20525,25.7,59.1,KC-46A Pegasus,,,,False,mode_s
ae574d,2026-08-31 05:26:27.235423,UNK C/S,19-46007,0713,22000,28.4,49.0,KC-46A Pegasus,,,,False,mode_s
ae5e12,2026-08-31 05:26:27.235429,FLYER59,17-46037,1530,20975,24.9,54.4,KC-46A Pegasus,,,,False,mode_s
afde25,2026-08-31 05:26:27.235433,UNK C/S,,7000,Unavailable,39.4,-124.4,E-6B TACAMO,,,,False,mode_s
ae0414,2026-08-31 05:27:27.658422,UNK C/S,164387,3340,26000,40.244007,-121.994537,E-6B TACAMO,350,312,0,False,mlat
ae63c6,2026-08-31 05:27:27.658441,PETRO61,21-46090,1536,38025,40.54034,-115.279831,KC-46A Pegasus,256,456,0,False,mlat
ae1197,2026-08-31 05:27:27.658449,RCH3260,03-3114,4044,36000,39.478729,-100.276993,C-17A Globemaster,258,403,64,False,adsb_icao
ae20c7,2026-08-31 05:27:27.658456,VOLT91,07-7186,4614,3550,31.216461,-92.435249,C-17A Globemaster,137,230,,False,adsb_icao
af0f64,2026-08-31 05:27:27.658460,UNK C/S,,3512,28000,40.15366,-78.601212,E-6B TACAMO,201,364,0,False,mlat
ae10bd,2026-08-31 05:27:27.658465,RCH329,01-0194,2214,10000,50.039558,7.700303,C-17A Globemaster,162,357,0,False,adsb_icao
ae123b,2026-08-31 05:27:27.658469,RCH197,04-4130,7711,31000,49.70623,12.684855,C-17A Globemaster,106,495,0,False,mlat
ae07f6,2026-08-31 05:27:27.658472,RCH401,97-0044,2643,38000,48.170486,19.201561,C-17A Globemaster,307,384,0,False,mlat
87cc0a,2026-08-31 05:27:27.658483,GALOP61,07-3604,2022,2775,35.399254,136.832672,KC-46A Pegasus,152,177,-768,False,adsb_icao
7cf86c,2026-08-31 05:27:27.658494,STAL22,A41-209,4507,-125,-26.27022,153.069717,C-17A Globemaster,195,208,,False,adsb_icao
ae07be,2026-08-31 05:27:27.658499,UNK C/S,62-3578,1143,22975,25.5,54.7,KC-135R Stratotanker,141,482,-384,False,mode_s
ae5e11,2026-08-31 05:27:27.658506,UNK C/S,17-46036,0716,25000,28.4,49.0,KC-46A Pegasus,,,,False,mode_s
ae026f,2026-08-31 05:27:27.658510,UNK C/S,63-8012,Unavailable,Unavailable,24.9,54.4,KC-135R Stratotanker,,,,False,mode_s
ae0568,2026-08-31 05:27:27.658515,RCH5051,86-0011,7354,36000,43.9,-67.9,C-5M Galaxy,,,,False,mode_s
ae0587,2026-08-31 05:27:27.658518,RCH2022,87-0042,1716,22350,27.0,128.2,C-5M Galaxy,39,418,1376,False,mode_s
afa175,2026-08-31 05:27:27.658526,FLYER63,19-46111,3276,20525,25.6,56.7,KC-46A Pegasus,,,,False,mode_s
ae574d,2026-08-31 05:27:27.658529,UNK C/S,19-46007,0713,22000,28.4,49.0,KC-46A Pegasus,,,,False,mode_s
ae5e12,2026-08-31 05:27:27.658535,FLYER59,17-46037,1530,22675,24.9,54.4,KC-46A Pegasus,,,,False,mode_s
afde25,2026-08-31 05:27:27.658539,UNK C/S,,7000,Unavailable,40.0,-124.6,E-6B TACAMO,,,,False,mode_s
ae05a9,2026-08-31 05:27:27.658543,UNK C/S,63-8015,7716,21100,26.3,51.0,KC-135R Stratotanker,138,411,0,False,mode_s
ae0414,2026-08-31 05:28:28.092230,UNK C/S,164387,3340,26000,40.329323,-122.009933,E-6B TACAMO,352,310,0,False,mlat
ae63c6,2026-08-31 05:28:28.092248,PETRO61,21-46090,1536,38025,40.511272,-115.42234,KC-46A Pegasus,254,458,0,False,mlat
ae1197,2026-08-31 05:28:28.092256,RCH3260,03-3114,4044,36000,39.444317,-100.416382,C-17A Globemaster,251,401,64,False,adsb_icao
ae20c7,2026-08-31 05:28:28.092262,VOLT91,07-7186,4614,4000,31.165878,-92.3815,C-17A Globemaster,137,243,,False,adsb_icao
af0f64,2026-08-31 05:28:28.092267,UNK C/S,,3512,28000,40.050774,-78.637123,E-6B TACAMO,198,384,0,False,mlat
ae10bd,2026-08-31 05:28:28.092273,RCH329,01-0194,2214,9975,49.946781,7.746846,C-17A Globemaster,162,323,32,False,adsb_icao
ae123b,2026-08-31 05:28:28.092276,RCH197,04-4130,7711,31000,49.669262,12.887511,C-17A Globemaster,106,500,0,False,mlat
ae07f6,2026-08-31 05:28:28.092280,RCH401,97-0044,2643,38000,48.231583,19.074036,C-17A Globemaster,305,389,0,False,mlat
87cdf4,2026-08-31 05:28:28.092291,HARGR51,54-3616,7340,27000,30.74752,129.159729,KC-46A Pegasus,52,453,0,False,adsb_icao
87cc0a,2026-08-31 05:28:28.092297,GALOP61,07-3604,2022,2125,35.357124,136.859604,KC-46A Pegasus,153,154,-640,False,adsb_icao
7cf86c,2026-08-31 05:28:28.092307,STAL22,A41-209,4507,-100,-26.328873,153.063019,C-17A Globemaster,176,210,,False,adsb_icao
ae07be,2026-08-31 05:28:28.092312,UNK C/S,62-3578,1143,20950,25.6,53.9,KC-135R Stratotanker,141,440,-2112,False,mode_s
ae5e11,2026-08-31 05:28:28.092318,UNK C/S,17-46036,0716,25000,28.4,49.0,KC-46A Pegasus,,,,False,mode_s
ae026f,2026-08-31 05:28:28.092322,UNK C/S,63-8012,1135,2150,24.9,54.6,KC-135R Stratotanker,,,,False,mode_s
ae0568,2026-08-31 05:28:28.092327,RCH5051,86-0011,7354,36025,43.7,-68.6,C-5M Galaxy,,,,False,mode_s
ae0587,2026-08-31 05:28:28.092331,RCH2022,87-0042,1716,23850,27.0,128.2,C-5M Galaxy,,,,False,mode_s
afa175,2026-08-31 05:28:28.092337,FLYER63,19-46111,3276,20525,25.7,58.7,KC-46A Pegasus,,,,False,mode_s
ae574d,2026-08-31 05:28:28.092341,UNK C/S,19-46007,0713,22025,28.3,49.2,KC-46A Pegasus,,,,False,mode_s
ae5e12,2026-08-31 05:28:28.092346,FLYER59,17-46037,1530,23050,24.9,54.4,KC-46A Pegasus,,,,False,mode_s
ae05a9,2026-08-31 05:28:28.092351,UNK C/S,63-8015,7716,21100,25.7,51.2,KC-135R Stratotanker,,,,False,mode_s
ae0414,2026-08-31 05:29:28.533625,UNK C/S,164387,3340,26000,40.412018,-122.025497,E-6B TACAMO,353,302,0,False,mlat
ae63c6,2026-08-31 05:29:28.533644,PETRO61,21-46090,1536,38025,40.472115,-115.597931,KC-46A Pegasus,254,458,53,False,mlat
ae1197,2026-08-31 05:29:28.533650,RCH3260,03-3114,4044,36000,39.409542,-100.553406,C-17A Globemaster,251,400,0,False,adsb_icao
ae20c7,2026-08-31 05:29:28.533675,VOLT91,07-7186,4614,3975,31.114771,-92.327179,C-17A Globemaster,137,244,,False,adsb_icao
af0f64,2026-08-31 05:29:28.533683,UNK C/S,,3512,28000,39.949001,-78.672546,E-6B TACAMO,194,368,0,False,mlat
ae10bd,2026-08-31 05:29:28.533700,RCH329,01-0194,2214,9200,49.867722,7.78591,C-17A Globemaster,162,283,-1440,False,adsb_icao
ae123b,2026-08-31 05:29:28.533704,RCH197,04-4130,7711,31000,49.628967,13.097057,C-17A Globemaster,107,496,0,False,mlat
ae07f6,2026-08-31 05:29:28.533707,RCH401,97-0044,2643,38000,48.297569,18.933731,C-17A Globemaster,306,390,0,False,mlat
87cdf4,2026-08-31 05:29:28.533719,HARGR51,54-3616,7340,27000,30.802731,129.243164,KC-46A Pegasus,51,451,0,False,adsb_icao
87cc0a,2026-08-31 05:29:28.533724,GALOP61,07-3604,2022,1350,35.322304,136.881409,KC-46A Pegasus,152,136,-768,False,adsb_icao
7cf86c,2026-08-31 05:29:28.533733,STAL22,A41-209,4507,-25,-26.378082,153.090332,C-17A Globemaster,95,211,,False,adsb_icao
ae07be,2026-08-31 05:29:28.533738,UNK C/S,62-3578,1143,18825,25.4,54.7,KC-135R Stratotanker,141,406,-2112,False,mode_s
ae5e11,2026-08-31 05:29:28.533744,UNK C/S,17-46036,0716,25000,28.4,49.0,KC-46A Pegasus,,,,False,mode_s
ae026f,2026-08-31 05:29:28.533747,UNK C/S,63-8012,1135,3925,25.1,54.5,KC-135R Stratotanker,,,,False,mode_s
ae0568,2026-08-31 05:29:28.533751,RCH5051,86-0011,7354,36000,44.3,-67.4,C-5M Galaxy,,,,False,mode_s
ae0587,2026-08-31 05:29:28.533754,RCH2022,87-0042,1716,25175,26.9,128.4,C-5M Galaxy,,,928,False,mode_s
afa175,2026-08-31 05:29:28.533761,FLYER63,19-46111,3276,20500,25.8,56.3,KC-46A Pegasus,,,,False,mode_s
ae574d,2026-08-31 05:29:28.533764,UNK C/S,19-46007,0713,22000,27.3,50.0,KC-46A Pegasus,,,,False,mode_s
ae5e12,2026-08-31 05:29:28.533770,FLYER59,17-46037,1530,23025,24.9,54.4,KC-46A Pegasus,,,,False,mode_s
ae05a9,2026-08-31 05:29:28.533774,UNK C/S,63-8015,7716,21100,25.7,51.0,KC-135R Stratotanker,,,,False,mode_s
ae0414,2026-08-31 05:30:28.964970,UNK C/S,164387,3340,26000,40.496765,-122.052895,E-6B TACAMO,329,313,4,False,mlat
ae63c6,2026-08-31 05:30:28.964987,PETRO61,21-46090,1536,38025,40.43758,-115.758934,KC-46A Pegasus,254,446,0,False,mlat
ae1197,2026-08-31 05:30:28.964994,RCH3260,03-3114,4044,36000,39.36974,-100.688232,C-17A Globemaster,246,399,128,False,adsb_icao
ae20c7,2026-08-31 05:30:28.965000,VOLT91,07-7186,4614,3975,31.063522,-92.272827,C-17A Globemaster,137,243,,False,adsb_icao
af0f64,2026-08-31 05:30:28.965005,UNK C/S,,3512,28000,39.839222,-78.712044,E-6B TACAMO,193,374,0,False,mlat
ae10bd,2026-08-31 05:30:28.965010,RCH329,01-0194,2214,7550,49.792923,7.823205,C-17A Globemaster,161,280,-1504,False,adsb_icao
ae123b,2026-08-31 05:30:28.965013,RCH197,04-4130,7711,31000,49.59021,13.298101,C-17A Globemaster,106,505,0,False,mlat
ae07f6,2026-08-31 05:30:28.965017,RCH401,97-0044,2643,38000,48.359715,18.802044,C-17A Globemaster,300,370,0,False,mlat
87cdf4,2026-08-31 05:30:28.965028,HARGR51,54-3616,7340,27000,30.835281,129.290771,KC-46A Pegasus,,,,False,adsb_icao
87cc0a,2026-08-31 05:30:28.965034,GALOP61,07-3604,2022,600,35.288452,136.903549,KC-46A Pegasus,152,138,-576,False,adsb_icao
7cf86c,2026-08-31 05:30:28.965044,STAL22,A41-209,4507,200,-26.354507,153.148071,C-17A Globemaster,21,228,704,False,adsb_icao
ae07be,2026-08-31 05:30:28.965049,UNK C/S,62-3578,1143,16700,25.5,54.8,KC-135R Stratotanker,141,384,-2176,False,mode_s
ae5e11,2026-08-31 05:30:28.965056,UNK C/S,17-46036,0716,25000,28.4,49.0,KC-46A Pegasus,,,,False,mode_s
ae026f,2026-08-31 05:30:28.965059,UNK C/S,63-8012,1135,6200,25.1,54.5,KC-135R Stratotanker,,,,False,mode_s
ae0568,2026-08-31 05:30:28.965063,RCH5051,86-0011,7354,36000,43.5,-65.1,C-5M Galaxy,,,,False,mode_s
ae0587,2026-08-31 05:30:28.965067,RCH2022,87-0042,1716,26200,26.9,128.4,C-5M Galaxy,,,,False,mode_s
afa175,2026-08-31 05:30:28.965074,FLYER63,19-46111,3276,20500,25.7,57.5,KC-46A Pegasus,,,,False,mode_s
ae574d,2026-08-31 05:30:28.965078,UNK C/S,19-46007,0713,22000,27.8,49.5,KC-46A Pegasus,,,,False,mode_s
ae5e12,2026-08-31 05:30:28.965083,FLYER59,17-46037,1530,23050,24.9,54.4,KC-46A Pegasus,,,,False,mode_s
ae05a9,2026-08-31 05:30:28.965088,UNK C/S,63-8015,7716,21100,26.0,51.4,KC-135R Stratotanker,,,,False,mode_s
ae0414,2026-08-31 05:31:29.373074,UNK C/S,164387,3340,26000,40.542522,-122.145844,E-6B TACAMO,278,307,0,False,mlat
ae63c6,2026-08-31 05:31:29.373092,PETRO61,21-46090,1536,38025,40.403816,-115.919022,KC-46A Pegasus,254,451,0,False,mlat
ae1197,2026-08-31 05:31:29.373099,RCH3260,03-3114,4044,36000,39.324585,-100.819031,C-17A Globemaster,246,395,,False,adsb_icao
ae20c7,2026-08-31 05:31:29.373106,VOLT91,07-7186,4614,3975,31.012802,-92.219131,C-17A Globemaster,137,245,,False,adsb_icao
af0f64,2026-08-31 05:31:29.373111,UNK C/S,,3512,28000,39.740532,-78.745987,E-6B TACAMO,195,387,0,False,mlat
ae0568,2026-08-31 05:31:29.373116,RCH5051,86-0011,7354,36000,43.053635,-65.981972,C-5M Galaxy,,,0,False,mlat
ae10bd,2026-08-31 05:31:29.373122,RCH329,01-0194,2214,6100,49.718906,7.860124,C-17A Globemaster,162,277,-1440,False,adsb_icao
ae123b,2026-08-31 05:31:29.373125,RCH197,04-4130,7711,31000,49.547859,13.511791,C-17A Globemaster,108,510,0,False,mlat
ae07f6,2026-08-31 05:31:29.373128,RCH401,97-0044,2643,38000,48.424999,18.667049,C-17A Globemaster,305,399,0,False,mlat
87cdf4,2026-08-31 05:31:29.373140,HARGR51,54-3616,7340,27000,30.979797,129.504044,KC-46A Pegasus,52,451,0,False,adsb_icao
7cf86c,2026-08-31 05:31:29.373151,STAL22,A41-209,4507,1125,-26.290005,153.148087,C-17A Globemaster,357,230,896,False,adsb_icao
ae07be,2026-08-31 05:31:29.373155,UNK C/S,62-3578,1143,16000,25.1,54.7,KC-135R Stratotanker,141,362,-32,False,mode_s
ae5e11,2026-08-31 05:31:29.373161,UNK C/S,17-46036,0716,25000,28.4,49.0,KC-46A Pegasus,,,,False,mode_s
ae026f,2026-08-31 05:31:29.373164,UNK C/S,63-8012,1135,8550,25.4,54.8,KC-135R Stratotanker,,,,False,mode_s
ae0587,2026-08-31 05:31:29.373169,RCH2022,87-0042,1716,Unavailable,26.9,128.4,C-5M Galaxy,,,,False,mode_s
afa175,2026-08-31 05:31:29.373175,FLYER63,19-46111,3276,20500,25.4,56.5,KC-46A Pegasus,,,,False,mode_s
ae574d,2026-08-31 05:31:29.373179,UNK C/S,19-46007,0713,22000,27.4,49.9,KC-46A Pegasus,,,,False,mode_s
ae5e12,2026-08-31 05:31:29.373185,FLYER59,17-46037,1530,23025,24.9,54.4,KC-46A Pegasus,,,,False,mode_s
afde25,2026-08-31 05:31:29.373189,UNK C/S,,7000,Unavailable,40.9,-124.9,E-6B TACAMO,,,,False,mode_s
ae05a9,2026-08-31 05:31:29.373192,UNK C/S,63-8015,7716,21100,25.8,51.2,KC-135R Stratotanker,,,,False,mode_s
ae0414,2026-08-31 05:32:29.730878,UNK C/S,164387,3340,26000,40.522598,-122.247444,E-6B TACAMO,233,321,0,False,mlat
ae63c6,2026-08-31 05:32:29.730895,PETRO61,21-46090,1536,38025,40.367115,-116.087105,KC-46A Pegasus,253,460,-25,False,mlat
ae1197,2026-08-31 05:32:29.730902,RCH3260,03-3114,4044,36000,39.281021,-100.949608,C-17A Globemaster,246,399,,False,adsb_icao
ae20c7,2026-08-31 05:32:29.730909,VOLT91,07-7186,4614,3975,30.961853,-92.165329,C-17A Globemaster,137,244,,False,adsb_icao
af0f64,2026-08-31 05:32:29.730914,UNK C/S,,3512,28000,39.636234,-78.783051,E-6B TACAMO,193,374,0,False,mlat
ae0568,2026-08-31 05:32:29.730919,RCH5051,86-0011,7354,36000,43.133781,-65.809219,C-5M Galaxy,,,0,False,mlat
ae10bd,2026-08-31 05:32:29.730923,RCH329,01-0194,2214,4800,49.646027,7.896062,C-17A Globemaster,162,270,-1280,False,adsb_icao
ae123b,2026-08-31 05:32:29.730927,RCH197,04-4130,7711,31000,49.509045,13.714052,C-17A Globemaster,105,536,0,False,mlat
ae07f6,2026-08-31 05:32:29.730930,RCH401,97-0044,2643,38000,48.486595,18.533588,C-17A Globemaster,306,401,0,False,mlat
87cdf4,2026-08-31 05:32:29.730941,HARGR51,54-3616,7340,27000,31.058853,129.621597,KC-46A Pegasus,52,450,0,False,adsb_icao
7cf86c,2026-08-31 05:32:29.730952,STAL22,A41-209,4507,2075,-26.227066,153.136414,C-17A Globemaster,319,239,320,False,adsb_icao
ae07be,2026-08-31 05:32:29.730957,UNK C/S,62-3578,1143,16000,25.1,54.7,KC-135R Stratotanker,141,376,-32,False,mode_s
ae5e11,2026-08-31 05:32:29.730962,UNK C/S,17-46036,0716,25000,28.4,49.0,KC-46A Pegasus,,,,False,mode_s
ae026f,2026-08-31 05:32:29.730965,UNK C/S,63-8012,1135,10300,25.3,54.7,KC-135R Stratotanker,,,,False,mode_s
ae0587,2026-08-31 05:32:29.730969,RCH2022,87-0042,1716,Unavailable,26.9,128.4,C-5M Galaxy,,,,False,mode_s
afa175,2026-08-31 05:32:29.730976,FLYER63,19-46111,3276,20500,25.7,61.1,KC-46A Pegasus,,,,False,mode_s
ae574d,2026-08-31 05:32:29.730979,UNK C/S,19-46007,0713,22000,27.0,50.2,KC-46A Pegasus,,,,False,mode_s
ae5e12,2026-08-31 05:32:29.730985,FLYER59,17-46037,1530,23025,24.9,54.4,KC-46A Pegasus,,,,False,mode_s
afde25,2026-08-31 05:32:29.730989,UNK C/S,,7000,Unavailable,41.4,-125.1,E-6B TACAMO,,,,False,mode_s
ae05a9,2026-08-31 05:32:29.730993,UNK C/S,63-8015,7716,21100,26.0,51.5,KC-135R Stratotanker,,,,False,mode_s
ae0414,2026-08-31 05:33:30.139843,UNK C/S,164387,3340,26000,40.449326,-122.299156,E-6B TACAMO,183,318,0,False,mlat
ae63c6,2026-08-31 05:33:30.139860,PETRO61,21-46090,1536,38025,40.334751,-116.247345,KC-46A Pegasus,256,464,0,False,mlat
ae1197,2026-08-31 05:33:30.139868,RCH3260,03-3114,4044,36000,39.237488,-101.081863,C-17A Globemaster,247,403,,False,adsb_icao
ae20c7,2026-08-31 05:33:30.139874,VOLT91,07-7186,4614,3975,30.91185,-92.112617,C-17A Globemaster,137,241,,False,adsb_icao
af0f64,2026-08-31 05:33:30.139881,UNK C/S,,3512,28000,39.533352,-78.818748,E-6B TACAMO,198,390,0,False,mlat
ae0568,2026-08-31 05:33:30.139886,RCH5051,86-0011,7354,36000,43.152973,-65.741425,C-5M Galaxy,,,0,False,mlat
ae10bd,2026-08-31 05:33:30.139891,RCH329,01-0194,2214,4000,49.574131,7.931461,C-17A Globemaster,162,271,-320,False,adsb_icao
ae123b,2026-08-31 05:33:30.139894,RCH197,04-4130,7711,31000,49.466221,13.928849,C-17A Globemaster,107,511,0,False,mlat
ae07f6,2026-08-31 05:33:30.139898,RCH401,97-0044,2643,38000,48.544399,18.393925,C-17A Globemaster,303,383,0,False,mlat
87cdf4,2026-08-31 05:33:30.139911,HARGR51,54-3616,7340,27000,31.134796,129.734741,KC-46A Pegasus,52,450,0,False,adsb_icao
7cf86c,2026-08-31 05:33:30.139923,STAL22,A41-209,4507,2100,-26.225739,153.070435,C-17A Globemaster,225,236,-64,False,adsb_icao
ae07be,2026-08-31 05:33:30.139929,UNK C/S,62-3578,1143,14600,25.1,54.7,KC-135R Stratotanker,141,382,-2208,False,mode_s
ae5e11,2026-08-31 05:33:30.139935,UNK C/S,17-46036,0716,25000,28.4,49.0,KC-46A Pegasus,,,,False,mode_s
ae026f,2026-08-31 05:33:30.139938,UNK C/S,63-8012,1135,12650,25.7,54.7,KC-135R Stratotanker,,,,False,mode_s
ae0587,2026-08-31 05:33:30.139943,RCH2022,87-0042,1716,Unavailable,26.9,128.4,C-5M Galaxy,,,,False,mode_s
afa175,2026-08-31 05:33:30.139949,FLYER63,19-46111,3276,20500,25.7,61.1,KC-46A Pegasus,,,,False,mode_s
ae574d,2026-08-31 05:33:30.139953,UNK C/S,19-46007,0713,22025,26.4,50.7,KC-46A Pegasus,,,,False,mode_s
ae5e12,2026-08-31 05:33:30.139959,FLYER59,17-46037,1530,23025,24.9,54.4,KC-46A Pegasus,,,,False,mode_s
afde25,2026-08-31 05:33:30.139963,UNK C/S,,7000,Unavailable,41.4,-125.1,E-6B TACAMO,,,,False,mode_s
ae05a9,2026-08-31 05:33:30.139967,UNK C/S,63-8015,7716,21100,25.8,51.2,KC-135R Stratotanker,,,,False,mode_s
ae0414,2026-08-31 05:34:30.508235,UNK C/S,164387,3340,26000,40.358997,-122.28495,E-6B TACAMO,170,301,0,False,mlat
ae63c6,2026-08-31 05:34:30.508253,PETRO61,21-46090,1536,38025,40.30051,-116.397453,KC-46A Pegasus,254,470,0,False,mlat
ae1197,2026-08-31 05:34:30.508260,RCH3260,03-3114,4044,36000,39.202515,-101.219604,C-17A Globemaster,256,402,,False,adsb_icao
ae20c7,2026-08-31 05:34:30.508266,VOLT91,07-7186,4614,3975,30.861328,-92.059509,C-17A Globemaster,137,244,,False,adsb_icao
af0f64,2026-08-31 05:34:30.508271,UNK C/S,,3512,28000,39.432274,-78.854538,E-6B TACAMO,194,373,0,False,mlat
ae10bd,2026-08-31 05:34:30.508276,RCH329,01-0194,2214,3975,49.500229,7.958005,C-17A Globemaster,180,262,-160,False,adsb_icao
ae123b,2026-08-31 05:34:30.508279,RCH197,04-4130,7711,31000,49.425262,14.131707,C-17A Globemaster,107,506,0,False,mlat
ae07f6,2026-08-31 05:34:30.508282,RCH401,97-0044,2643,38000,48.607613,18.272766,C-17A Globemaster,307,417,0,False,mlat
87cdf4,2026-08-31 05:34:30.508293,HARGR51,54-3616,7340,27000,31.212662,129.851074,KC-46A Pegasus,52,450,0,False,adsb_icao
7cf86c,2026-08-31 05:34:30.508302,STAL22,A41-209,4507,3200,-26.288561,153.064423,C-17A Globemaster,148,257,3392,False,adsb_icao
ae07be,2026-08-31 05:34:30.508306,UNK C/S,62-3578,1143,12425,24.9,54.7,KC-135R Stratotanker,129,360,-3168,False,mode_s
ae5e11,2026-08-31 05:34:30.508311,UNK C/S,17-46036,0716,25000,28.4,49.0,KC-46A Pegasus,,,,False,mode_s
ae026f,2026-08-31 05:34:30.508314,UNK C/S,63-8012,1135,13900,25.1,54.8,KC-135R Stratotanker,,,,False,mode_s
ae0568,2026-08-31 05:34:30.508318,RCH5051,86-0011,7354,36000,44.7,-64.2,C-5M Galaxy,,,,False,mode_s
ae0587,2026-08-31 05:34:30.508321,RCH2022,87-0042,1716,31875,26.8,128.4,C-5M Galaxy,,,,False,mode_s
afa175,2026-08-31 05:34:30.508327,FLYER63,19-46111,3276,20525,25.7,61.1,KC-46A Pegasus,,,,False,mode_s
ae574d,2026-08-31 05:34:30.508331,UNK C/S,19-46007,0713,22000,26.6,50.7,KC-46A Pegasus,,,,False,mode_s
ae5e12,2026-08-31 05:34:30.508336,FLYER59,17-46037,1530,23050,24.9,54.5,KC-46A Pegasus,,,,False,mode_s
afde25,2026-08-31 05:34:30.508340,UNK C/S,,7000,Unavailable,40.9,-125.0,E-6B TACAMO,,,,False,mode_s
ae05a9,2026-08-31 05:34:30.508343,UNK C/S,63-8015,7716,21075,25.7,51.1,KC-135R Stratotanker,,,,False,mode_s
ae0414,2026-08-31 05:35:30.966749,UNK C/S,164387,3340,26000,40.276268,-122.271484,E-6B TACAMO,173,312,0,False,mlat
ae63c6,2026-08-31 05:35:30.966767,PETRO61,21-46090,1536,38000,40.261772,-116.577965,KC-46A Pegasus,254,463,-70,False,mlat
ae1197,2026-08-31 05:35:30.966774,RCH3260,03-3114,4044,36000,39.186401,-101.363029,C-17A Globemaster,262,405,,False,adsb_icao
ae20c7,2026-08-31 05:35:30.966780,VOLT91,07-7186,4614,3975,30.845373,-91.989845,C-17A Globemaster,78,239,,False,adsb_icao
af0f64,2026-08-31 05:35:30.966786,UNK C/S,,3512,28000,39.328602,-78.888168,E-6B TACAMO,196,372,0,False,mlat
ae10bd,2026-08-31 05:35:30.966791,RCH329,01-0194,2214,4000,49.461147,7.899467,C-17A Globemaster,252,179,-288,False,adsb_icao
ae123b,2026-08-31 05:35:30.966795,RCH197,04-4130,7711,31000,49.380901,14.349227,C-17A Globemaster,108,519,0,False,mlat
ae07f6,2026-08-31 05:35:30.966799,RCH401,97-0044,2643,38000,48.667862,18.140802,C-17A Globemaster,307,379,0,False,mlat
87cdf4,2026-08-31 05:35:30.966809,HARGR51,54-3616,7340,27000,31.287552,129.963303,KC-46A Pegasus,52,451,0,False,adsb_icao
7cf86c,2026-08-31 05:35:30.966818,STAL22,A41-209,4507,5375,-26.344986,153.113922,C-17A Globemaster,140,260,2784,False,adsb_icao
ae07be,2026-08-31 05:35:30.966822,UNK C/S,62-3578,1143,10050,25.3,54.7,KC-135R Stratotanker,160,306,-3328,False,mode_s
ae5e11,2026-08-31 05:35:30.966827,UNK C/S,17-46036,0716,25000,28.4,49.0,KC-46A Pegasus,,,,False,mode_s
ae026f,2026-08-31 05:35:30.966830,UNK C/S,63-8012,1135,14800,25.1,54.8,KC-135R Stratotanker,,,,False,mode_s
ae0568,2026-08-31 05:35:30.966834,RCH5051,86-0011,7354,36000,44.6,-64.4,C-5M Galaxy,,,,False,mode_s
ae0587,2026-08-31 05:35:30.966837,RCH2022,87-0042,1716,32100,26.8,128.4,C-5M Galaxy,,,,False,mode_s
afa175,2026-08-31 05:35:30.966843,FLYER63,19-46111,3276,20500,25.7,61.1,KC-46A Pegasus,,,,False,mode_s
ae574d,2026-08-31 05:35:30.966847,UNK C/S,19-46007,0713,22000,26.4,51.2,KC-46A Pegasus,,,,False,mode_s
ae5e12,2026-08-31 05:35:30.966852,FLYER59,17-46037,1530,23025,25.0,54.5,KC-46A Pegasus,,,,False,mode_s
ae05a9,2026-08-31 05:35:30.966856,UNK C/S,63-8015,7716,19550,26.0,51.2,KC-135R Stratotanker,,,,False,mode_s
ae0414,2026-08-31 05:36:31.445083,UNK C/S,164387,3340,26000,40.188065,-122.252731,E-6B TACAMO,174,315,0,False,mlat
ae63c6,2026-08-31 05:36:31.445101,PETRO61,21-46090,1536,38000,40.229118,-116.715302,KC-46A Pegasus,252,433,62,False,mlat
ae1197,2026-08-31 05:36:31.445109,RCH3260,03-3114,4044,36000,39.171333,-101.507935,C-17A Globemaster,262,405,,False,adsb_icao
ae20c7,2026-08-31 05:36:31.445117,VOLT91,07-7186,4614,3975,30.860733,-91.914047,C-17A Globemaster,76,238,,False,adsb_icao
af0f64,2026-08-31 05:36:31.445123,UNK C/S,,3512,28000,39.226406,-78.925491,E-6B TACAMO,194,391,0,False,mlat
ae10bd,2026-08-31 05:36:31.445129,RCH329,01-0194,2214,3375,49.454632,7.82954,C-17A Globemaster,262,158,-928,False,adsb_icao
ae123b,2026-08-31 05:36:31.445133,RCH197,04-4130,7711,31000,49.337223,14.559749,C-17A Globemaster,108,510,0,False,mlat
ae07f6,2026-08-31 05:36:31.445137,RCH401,97-0044,2643,38000,48.73365,17.99848,C-17A Globemaster,305,396,0,False,mlat
87cdf4,2026-08-31 05:36:31.445151,HARGR51,54-3616,7340,27000,31.358612,130.071045,KC-46A Pegasus,52,452,0,False,adsb_icao
7cf86c,2026-08-31 05:36:31.445162,STAL22,A41-209,4507,7425,-26.403305,153.166672,C-17A Globemaster,141,271,1952,False,adsb_icao
ae07be,2026-08-31 05:36:31.445167,UNK C/S,62-3578,1143,6925,25.1,54.6,KC-135R Stratotanker,95,288,-4416,False,mode_s
ae5e11,2026-08-31 05:36:31.445173,UNK C/S,17-46036,0716,25000,28.4,49.0,KC-46A Pegasus,,,,False,mode_s
ae026f,2026-08-31 05:36:31.445177,UNK C/S,63-8012,1135,16525,25.0,57.8,KC-135R Stratotanker,,,,False,mode_s
ae0568,2026-08-31 05:36:31.445181,RCH5051,86-0011,7354,36025,44.2,-63.8,C-5M Galaxy,,,,False,mode_s
ae0587,2026-08-31 05:36:31.445185,RCH2022,87-0042,1716,Unavailable,26.8,128.4,C-5M Galaxy,,,,False,mode_s
afa175,2026-08-31 05:36:31.445190,FLYER63,19-46111,3276,20500,25.6,59.8,KC-46A Pegasus,,,,False,mode_s
ae574d,2026-08-31 05:36:31.445194,UNK C/S,19-46007,0713,22000,26.5,50.7,KC-46A Pegasus,,,,False,mode_s
ae5e12,2026-08-31 05:36:31.445200,FLYER59,17-46037,1530,23050,25.0,54.5,KC-46A Pegasus,,,,False,mode_s
ae01cc,2026-08-31 05:36:31.445203,UNK C/S,62-4131,Unavailable,Unavailable,51.2,13.5,RC-135 Rivet Joint,,,,False,mode_s
afde25,2026-08-31 05:36:31.445207,UNK C/S,,7000,Unavailable,41.1,-125.0,E-6B TACAMO,,,,False,mode_s
ae05a9,2026-08-31 05:36:31.445210,UNK C/S,63-8015,7716,17650,26.3,51.0,KC-135R Stratotanker,,,,False,mode_s
ae0414,2026-08-31 05:37:31.849902,UNK C/S,164387,3340,26000,40.097355,-122.235443,E-6B TACAMO,171,322,0,False,mlat
ae1197,2026-08-31 05:37:31.849920,RCH3260,03-3114,4044,36000,39.156345,-101.650574,C-17A Globemaster,262,401,,False,adsb_icao
ae20c7,2026-08-31 05:37:31.849929,VOLT91,07-7186,0343,3975,30.902573,-91.873657,C-17A Globemaster,330,256,0,False,adsb_icao
af0f64,2026-08-31 05:37:31.849933,UNK C/S,,3512,28000,39.126999,-78.959679,E-6B TACAMO,194,366,0,False,mlat
ae0568,2026-08-31 05:37:31.849938,RCH5051,86-0011,7354,36000,43.46154,-64.968002,C-5M Galaxy,,,0,False,mlat
ae10bd,2026-08-31 05:37:31.849943,RCH329,01-0194,2214,2575,49.448997,7.766295,C-17A Globemaster,262,121,-864,False,adsb_icao
ae123b,2026-08-31 05:37:31.849947,RCH197,04-4130,7711,31000,49.294353,14.768492,C-17A Globemaster,108,513,0,False,mlat
ae07f6,2026-08-31 05:37:31.849949,RCH401,97-0044,2643,38000,48.793976,17.866297,C-17A Globemaster,308,374,0,False,mlat
87cdf4,2026-08-31 05:37:31.849962,HARGR51,54-3616,7340,27000,31.44548,130.202255,KC-46A Pegasus,52,453,0,False,adsb_icao
7cf86c,2026-08-31 05:37:31.849971,STAL22,A41-209,4507,9425,-26.46286,153.219116,C-17A Globemaster,141,274,1984,False,adsb_icao
ae07be,2026-08-31 05:37:31.849976,UNK C/S,62-3578,1143,3350,24.9,54.5,KC-135R Stratotanker,25,260,-992,False,mode_s
ae63c6,2026-08-31 05:37:31.849980,PETRO61,21-46090,1536,38025,40.5,-117.5,KC-46A Pegasus,,,,False,mode_s
ae5e11,2026-08-31 05:37:31.849984,UNK C/S,17-46036,0716,25000,28.4,49.0,KC-46A Pegasus,,,,False,mode_s
ae026f,2026-08-31 05:37:31.849988,UNK C/S,63-8012,1135,18500,25.0,56.9,KC-135R Stratotanker,117,452,,False,mode_s
ae07e9,2026-08-31 05:37:31.849992,UNK C/S,95-0106,Unavailable,4950,30.2,-91.7,C-17A Globemaster,,,,False,mode_s
afa175,2026-08-31 05:37:31.849998,FLYER63,19-46111,3276,20525,25.8,57.8,KC-46A Pegasus,,,,False,mode_s
ae574d,2026-08-31 05:37:31.850002,UNK C/S,19-46007,0713,22000,26.2,50.9,KC-46A Pegasus,,,,False,mode_s
ae5e12,2026-08-31 05:37:31.850007,FLYER59,17-46037,1530,23025,25.0,54.5,KC-46A Pegasus,,,,False,mode_s
ae05a9,2026-08-31 05:37:31.850010,UNK C/S,63-8015,7716,17575,26.0,51.3,KC-135R Stratotanker,,,,False,mode_s
ae0414,2026-08-31 05:38:32.208379,UNK C/S,164387,3340,26000,40.027576,-122.175652,E-6B TACAMO,121,344,0,False,mlat
ae1197,2026-08-31 05:38:32.208396,RCH3260,03-3114,4044,36000,39.141037,-101.793648,C-17A Globemaster,262,397,,False,adsb_icao
ae20c7,2026-08-31 05:38:32.208403,VOLT91,07-7186,0343,3975,30.903423,-91.95018,C-17A Globemaster,242,263,,False,adsb_icao
af0f64,2026-08-31 05:38:32.208409,UNK C/S,,3512,28000,39.023315,-78.996124,E-6B TACAMO,195,363,0,False,mlat
ae0568,2026-08-31 05:38:32.208414,RCH5051,86-0011,7354,36000,43.54277,-64.75573,C-5M Galaxy,,,0,False,mlat
ae10bd,2026-08-31 05:38:32.208419,RCH329,01-0194,2214,2000,49.444946,7.7199,C-17A Globemaster,262,107,-320,False,adsb_icao
ae123b,2026-08-31 05:38:32.208422,RCH197,04-4130,7711,31000,49.249352,14.979631,C-17A Globemaster,108,517,0,False,mlat
ae07f6,2026-08-31 05:38:32.208425,RCH401,97-0044,2643,38000,48.852119,17.737352,C-17A Globemaster,305,376,0,False,mlat
87cdf4,2026-08-31 05:38:32.208436,HARGR51,54-3616,7340,27025,31.5235,130.319763,KC-46A Pegasus,52,454,-64,False,adsb_icao
7cf86c,2026-08-31 05:38:32.208445,STAL22,A41-209,4507,11475,-26.525419,153.273911,C-17A Globemaster,141,289,1952,False,adsb_icao
ae07be,2026-08-31 05:38:32.208450,UNK C/S,62-3578,1143,3300,24.9,54.4,KC-135R Stratotanker,25,236,0,False,mode_s
ae63c6,2026-08-31 05:38:32.208454,PETRO61,21-46090,1536,38025,40.0,-117.5,KC-46A Pegasus,,,,False,mode_s
ae5e11,2026-08-31 05:38:32.208458,UNK C/S,17-46036,0716,25000,28.4,49.0,KC-46A Pegasus,,,,False,mode_s
ae026f,2026-08-31 05:38:32.208461,UNK C/S,63-8012,1135,20025,25.4,54.9,KC-135R Stratotanker,,,,False,mode_s
ae07e9,2026-08-31 05:38:32.208465,UNK C/S,95-0106,0344,4950,29.8,-91.9,C-17A Globemaster,,,,False,mode_s
afa175,2026-08-31 05:38:32.208471,FLYER63,19-46111,3276,20500,25.8,57.4,KC-46A Pegasus,,,,False,mode_s
ae574d,2026-08-31 05:38:32.208475,UNK C/S,19-46007,0713,22025,25.8,51.1,KC-46A Pegasus,,,,False,mode_s
ae5e12,2026-08-31 05:38:32.208479,FLYER59,17-46037,1530,23050,25.0,54.5,KC-46A Pegasus,,,,False,mode_s
af37a5,2026-08-31 05:38:32.208483,UNK C/S,23-46119,1200,Unavailable,48.3,-121.5,KC-46A Pegasus,,,,False,mode_s
afde25,2026-08-31 05:38:32.208487,UNK C/S,,7000,Unavailable,39.3,-124.3,E-6B TACAMO,,,,False,mode_s
ae05a9,2026-08-31 05:38:32.208490,UNK C/S,63-8015,7716,17900,26.1,51.2,KC-135R Stratotanker,,,,False,mode_s
ae0414,2026-08-31 05:39:32.588766,UNK C/S,164387,3340,26000,40.016479,-122.063911,E-6B TACAMO,73,305,0,False,mlat
ae63c6,2026-08-31 05:39:32.588784,PETRO61,21-46090,1536,38025,40.114765,-117.229675,KC-46A Pegasus,258,402,0,False,mlat
ae1197,2026-08-31 05:39:32.588792,RCH3260,03-3114,4044,36000,39.125931,-101.933121,C-17A Globemaster,261,394,,False,adsb_icao
ae20c7,2026-08-31 05:39:32.588800,VOLT91,07-7186,0343,3975,30.868649,-92.024834,C-17A Globemaster,240,262,,False,adsb_icao
ae07e9,2026-08-31 05:39:32.588804,UNK C/S,95-0106,0344,4950,30.930445,-91.951706,C-17A Globemaster,,,0,False,mlat
af0f64,2026-08-31 05:39:32.588809,UNK C/S,,3512,28000,38.933346,-79.026161,E-6B TACAMO,197,383,0,False,mlat
ae0568,2026-08-31 05:39:32.588814,RCH5051,86-0011,7354,36000,43.611237,-64.572716,C-5M Galaxy,,,0,False,mlat
ae10bd,2026-08-31 05:39:32.588818,RCH329,01-0194,2214,1425,49.440849,7.673208,C-17A Globemaster,262,118,-800,False,adsb_icao
ae123b,2026-08-31 05:39:32.588821,RCH197,04-4130,7711,31000,49.207527,15.178102,C-17A Globemaster,109,507,0,False,mlat
ae07f6,2026-08-31 05:39:32.588824,RCH401,97-0044,2643,38000,48.905659,17.584743,C-17A Globemaster,296,384,0,False,mlat
87cdf4,2026-08-31 05:39:32.588834,HARGR51,54-3616,7340,27000,31.600388,130.435928,KC-46A Pegasus,52,454,0,False,adsb_icao
7cf86c,2026-08-31 05:39:32.588843,STAL22,A41-209,4507,13475,-26.590759,153.3311,C-17A Globemaster,141,301,2016,False,adsb_icao
ae07be,2026-08-31 05:39:32.588847,UNK C/S,62-3578,1143,3300,24.9,54.4,KC-135R Stratotanker,44,232,0,False,mode_s
ae5e11,2026-08-31 05:39:32.588852,UNK C/S,17-46036,0716,25000,28.4,49.0,KC-46A Pegasus,,,,False,mode_s
ae026f,2026-08-31 05:39:32.588856,UNK C/S,63-8012,1135,21725,25.5,54.7,KC-135R Stratotanker,,,,False,mode_s
afa175,2026-08-31 05:39:32.588862,FLYER63,19-46111,3276,20500,25.9,57.0,KC-46A Pegasus,,,,False,mode_s
ae574d,2026-08-31 05:39:32.588866,UNK C/S,19-46007,0713,22000,26.1,51.1,KC-46A Pegasus,,,,False,mode_s
ae5e12,2026-08-31 05:39:32.588871,FLYER59,17-46037,1530,23025,25.2,54.6,KC-46A Pegasus,,,,False,mode_s
afde25,2026-08-31 05:39:32.588876,UNK C/S,,7000,Unavailable,38.7,-124.1,E-6B TACAMO,,,,False,mode_s
ae05a9,2026-08-31 05:39:32.588880,UNK C/S,63-8015,7716,17900,26.0,51.4,KC-135R Stratotanker,,,,False,mode_s
ae0414,2026-08-31 05:40:33.080613,UNK C/S,164387,3340,26000,40.073402,-121.984116,E-6B TACAMO,22,315,0,False,mlat
ae63c6,2026-08-31 05:40:33.080630,PETRO61,21-46090,1536,38025,40.071606,-117.392929,KC-46A Pegasus,252,494,0,False,mlat
ae1197,2026-08-31 05:40:33.080637,RCH3260,03-3114,4044,36000,39.110367,-102.07505,C-17A Globemaster,261,398,0,False,adsb_icao
ae20c7,2026-08-31 05:40:33.080643,VOLT91,07-7186,0343,3975,30.858948,-92.100113,C-17A Globemaster,323,258,-128,False,adsb_icao
ae07e9,2026-08-31 05:40:33.080648,UNK C/S,95-0106,0344,4950,30.865952,-92.044235,C-17A Globemaster,229,278,0,False,mlat
af0f64,2026-08-31 05:40:33.080671,UNK C/S,,3512,28000,38.826015,-79.056885,E-6B TACAMO,186,386,74,False,mlat
ae0568,2026-08-31 05:40:33.080676,RCH5051,86-0011,7354,36000,43.690044,-64.372986,C-5M Galaxy,,,0,False,mlat
ae10bd,2026-08-31 05:40:33.080680,RCH329,01-0194,2214,750,49.436417,7.622994,C-17A Globemaster,262,126,-608,False,adsb_icao
ae123b,2026-08-31 05:40:33.080683,RCH197,04-4130,7711,31000,49.163979,15.3815,C-17A Globemaster,109,514,0,False,mlat
ae07f6,2026-08-31 05:40:33.080686,RCH401,97-0044,2643,38000,48.956818,17.434235,C-17A Globemaster,297,395,0,False,mlat
87cdf4,2026-08-31 05:40:33.080694,HARGR51,54-3616,7340,27000,31.678799,130.554993,KC-46A Pegasus,52,455,0,False,adsb_icao
7cf86c,2026-08-31 05:40:33.080703,STAL22,A41-209,4507,15500,-26.659117,153.39122,C-17A Globemaster,141,319,2016,False,adsb_icao
ae07be,2026-08-31 05:40:33.080708,UNK C/S,62-3578,1143,3300,24.9,54.4,KC-135R Stratotanker,106,192,-32,False,mode_s
ae5e11,2026-08-31 05:40:33.080712,UNK C/S,17-46036,0716,25000,28.4,49.0,KC-46A Pegasus,,,,False,mode_s
ae026f,2026-08-31 05:40:33.080715,UNK C/S,63-8012,1135,23100,25.2,54.9,KC-135R Stratotanker,,,,False,mode_s
afa175,2026-08-31 05:40:33.080722,FLYER63,19-46111,3276,20500,25.7,57.2,KC-46A Pegasus,,,,False,mode_s
ae574d,2026-08-31 05:40:33.080726,UNK C/S,19-46007,0713,22000,25.8,51.0,KC-46A Pegasus,,,,False,mode_s
ae5e12,2026-08-31 05:40:33.080731,FLYER59,17-46037,1530,23050,25.3,54.6,KC-46A Pegasus,,,,False,mode_s
afde25,2026-08-31 05:40:33.080736,UNK C/S,,7000,Unavailable,38.6,-124.1,E-6B TACAMO,,,,False,mode_s
ae05a9,2026-08-31 05:40:33.080739,UNK C/S,63-8015,7716,17900,26.1,51.4,KC-135R Stratotanker,,,,False,mode_s
ae0414,2026-08-31 05:41:33.406966,UNK C/S,164387,3340,26000,40.16003,-121.980721,E-6B TACAMO,341,288,-11,False,mlat
ae63c6,2026-08-31 05:41:33.406982,PETRO61,21-46090,1536,38025,40.030788,-117.537865,KC-46A Pegasus,250,467,17,False,mlat
ae1197,2026-08-31 05:41:33.406990,RCH3260,03-3114,4044,36000,39.094711,-102.216263,C-17A Globemaster,261,403,64,False,adsb_icao
ae07e9,2026-08-31 05:41:33.406997,UNK C/S,95-0106,0344,4950,30.868887,-92.109253,C-17A Globemaster,268,302,0,False,mlat
ae20c7,2026-08-31 05:41:33.407000,VOLT91,07-7186,0343,3975,30.909531,-92.067963,C-17A Globemaster,78,242,0,False,adsb_icao
af0f64,2026-08-31 05:41:33.407006,UNK C/S,,3512,28000,38.707767,-79.040741,E-6B TACAMO,174,385,0,False,mlat
ae0568,2026-08-31 05:41:33.407011,RCH5051,86-0011,7354,36000,43.758442,-64.201813,C-5M Galaxy,,,0,False,mlat
ae123b,2026-08-31 05:41:33.407015,RCH197,04-4130,7711,31000,49.118771,15.589201,C-17A Globemaster,109,514,0,False,mlat
ae07f6,2026-08-31 05:41:33.407018,RCH401,97-0044,2643,38000,49.000763,17.299416,C-17A Globemaster,296,388,0,False,mlat
87cdf4,2026-08-31 05:41:33.407028,HARGR51,54-3616,7340,27000,31.74202,130.683929,KC-46A Pegasus,62,452,0,False,adsb_icao
7cf86c,2026-08-31 05:41:33.407037,STAL22,A41-209,4507,17550,-26.729416,153.453201,C-17A Globemaster,141,321,2016,False,adsb_icao
ae574d,2026-08-31 05:41:33.407043,UNK C/S,19-46007,0713,22000,25.7,51.2,KC-46A Pegasus,,,,False,mode_s
ae5e11,2026-08-31 05:41:33.407047,UNK C/S,17-46036,0716,25000,28.4,48.6,KC-46A Pegasus,,,,False,mode_s
ae5e12,2026-08-31 05:41:33.407052,FLYER59,17-46037,1530,23050,25.4,54.6,KC-46A Pegasus,,,,False,mode_s
afa175,2026-08-31 05:41:33.407059,FLYER63,19-46111,3276,20525,25.8,58.7,KC-46A Pegasus,,,,False,mode_s
ae026f,2026-08-31 05:41:33.407062,UNK C/S,63-8012,1135,24350,25.4,55.3,KC-135R Stratotanker,,,,False,mode_s
ae05a9,2026-08-31 05:41:33.407065,UNK C/S,63-8015,7716,17900,26.0,51.3,KC-135R Stratotanker,,,,False,mode_s
ae07be,2026-08-31 05:41:33.407071,UNK C/S,62-3578,1143,3300,24.9,54.4,KC-135R Stratotanker,126,198,-64,False,mode_s
ae0414,2026-08-31 05:42:33.786772,UNK C/S,164387,3340,26000,40.246243,-121.994049,E-6B TACAMO,353,316,0,False,mlat
ae63c6,2026-08-31 05:42:33.786789,PETRO61,21-46090,1536,38025,39.984585,-117.713364,KC-46A Pegasus,251,464,76,False,mlat
ae1197,2026-08-31 05:42:33.786796,RCH3260,03-3114,4044,36000,39.078873,-102.357651,C-17A Globemaster,261,398,0,False,adsb_icao
ae07e9,2026-08-31 05:42:33.786802,UNK C/S,95-0106,0344,4950,30.898132,-92.080009,C-17A Globemaster,56,553,0,False,mlat
ae20c7,2026-08-31 05:42:33.786806,VOLT91,07-7186,0343,3975,30.924362,-91.99192,C-17A Globemaster,77,240,,False,adsb_icao
af0f64,2026-08-31 05:42:33.786811,UNK C/S,,3512,28000,38.601429,-79.034004,E-6B TACAMO,174,373,0,False,mlat
ae0568,2026-08-31 05:42:33.786816,RCH5051,86-0011,7354,36000,43.830544,-64.022636,C-5M Galaxy,63,539,0,False,mlat
ae123b,2026-08-31 05:42:33.786819,RCH197,04-4130,7711,31000,49.072556,15.801893,C-17A Globemaster,110,517,0,False,mlat
ae07f6,2026-08-31 05:42:33.786822,RCH401,97-0044,2643,38000,49.043736,17.142,C-17A Globemaster,287,384,0,False,mlat
87cdf4,2026-08-31 05:42:33.786831,HARGR51,54-3616,7340,27000,31.799646,130.814209,KC-46A Pegasus,62,450,0,False,adsb_icao
7cf86c,2026-08-31 05:42:33.786841,STAL22,A41-209,4507,19600,-26.802567,153.517822,C-17A Globemaster,141,338,1984,False,adsb_icao
ae574d,2026-08-31 05:42:33.786846,UNK C/S,19-46007,0713,22000,25.7,51.0,KC-46A Pegasus,,,,False,mode_s
ae5e11,2026-08-31 05:42:33.786850,UNK C/S,17-46036,0716,25000,28.4,48.6,KC-46A Pegasus,,,,False,mode_s
ae5e12,2026-08-31 05:42:33.786855,FLYER59,17-46037,1530,23025,25.2,54.7,KC-46A Pegasus,,,,False,mode_s
ae0587,2026-08-31 05:42:33.786861,RCH2022,87-0042,1716,35000,27.3,128.9,C-5M Galaxy,,,,False,mode_s
afa175,2026-08-31 05:42:33.786866,FLYER63,19-46111,3276,20500,25.8,58.5,KC-46A Pegasus,,,,False,mode_s
ae026f,2026-08-31 05:42:33.786869,UNK C/S,63-8012,1135,25450,24.9,55.0,KC-135R Stratotanker,,,,False,mode_s
ae05a9,2026-08-31 05:42:33.786873,UNK C/S,63-8015,7716,17900,25.9,51.1,KC-135R Stratotanker,,,,False,mode_s
ae07be,2026-08-31 05:42:33.786879,UNK C/S,62-3578,1143,2925,25.0,54.5,KC-135R Stratotanker,127,178,-1216,False,mode_s
ae0414,2026-08-31 05:43:34.237642,UNK C/S,164387,3340,26000,40.329594,-122.011192,E-6B TACAMO,352,314,0,False,mlat
ae63c6,2026-08-31 05:43:34.237676,PETRO61,21-46090,1536,38025,39.942085,-117.874817,KC-46A Pegasus,252,475,0,False,mlat
ae1197,2026-08-31 05:43:34.237683,RCH3260,03-3114,4044,36000,39.062622,-102.50119,C-17A Globemaster,261,401,64,False,adsb_icao
ae07e9,2026-08-31 05:43:34.237691,UNK C/S,95-0106,0344,4950,30.913738,-92.005249,C-17A Globemaster,85,212,0,False,mlat
ae20c7,2026-08-31 05:43:34.237695,VOLT91,07-7186,0343,3975,30.938141,-91.914421,C-17A Globemaster,78,238,,False,adsb_icao
af0f64,2026-08-31 05:43:34.237702,UNK C/S,,3512,28000,38.499809,-79.042435,E-6B TACAMO,195,384,0,False,mlat
ae0568,2026-08-31 05:43:34.237707,RCH5051,86-0011,7354,36000,43.901505,-63.841778,C-5M Galaxy,63,534,0,False,mlat
ae123b,2026-08-31 05:43:34.237710,RCH197,04-4130,7711,31000,49.026852,16.012028,C-17A Globemaster,108,522,0,False,mlat
ae07f6,2026-08-31 05:43:34.237713,RCH401,97-0044,2643,38000,49.081322,16.987368,C-17A Globemaster,291,387,0,False,mlat
87cdf4,2026-08-31 05:43:34.237724,HARGR51,54-3616,7340,27000,31.858164,130.94722,KC-46A Pegasus,62,449,0,False,adsb_icao
7cf86c,2026-08-31 05:43:34.237734,STAL22,A41-209,4507,20025,-26.877308,153.584274,C-17A Globemaster,141,338,32,False,adsb_icao
ae574d,2026-08-31 05:43:34.237740,UNK C/S,19-46007,0713,22000,25.6,51.1,KC-46A Pegasus,,,,False,mode_s
ae5e11,2026-08-31 05:43:34.237743,UNK C/S,17-46036,0716,25025,28.4,48.6,KC-46A Pegasus,,,,False,mode_s
ae5e12,2026-08-31 05:43:34.237748,FLYER59,17-46037,1530,23025,25.1,54.7,KC-46A Pegasus,,,,False,mode_s
ae0587,2026-08-31 05:43:34.237754,RCH2022,87-0042,1716,35000,28.2,129.8,C-5M Galaxy,27,456,0,False,mode_s
afa175,2026-08-31 05:43:34.237758,FLYER63,19-46111,3276,20500,25.7,59.4,KC-46A Pegasus,,,,False,mode_s
ae026f,2026-08-31 05:43:34.237761,UNK C/S,63-8012,1135,26750,25.7,60.1,KC-135R Stratotanker,,,,False,mode_s
ae05a9,2026-08-31 05:43:34.237764,UNK C/S,63-8015,7716,17900,25.9,51.1,KC-135R Stratotanker,,,,False,mode_s
ae07be,2026-08-31 05:43:34.237769,UNK C/S,62-3578,1143,2025,25.0,54.5,KC-135R Stratotanker,126,148,-960,False,mode_s
ae0414,2026-08-31 05:44:34.596344,UNK C/S,164387,3340,26000,40.416355,-122.025505,E-6B TACAMO,352,317,0,False,mlat
ae63c6,2026-08-31 05:44:34.596361,PETRO61,21-46090,3606,38025,39.895054,-118.038429,KC-46A Pegasus,251,466,37,False,mlat
ae1197,2026-08-31 05:44:34.596369,RCH3260,03-3114,4044,36000,39.046482,-102.641785,C-17A Globemaster,261,404,0,False,adsb_icao
ae07e9,2026-08-31 05:44:34.596374,UNK C/S,95-0106,0344,4950,30.935349,-91.929077,C-17A Globemaster,73,271,0,False,mlat
ae20c7,2026-08-31 05:44:34.596378,VOLT91,07-7186,0343,3975,30.899326,-91.87542,C-17A Globemaster,170,249,0,False,adsb_icao
af0f64,2026-08-31 05:44:34.596383,UNK C/S,,3512,28000,38.396992,-79.086678,E-6B TACAMO,197,377,0,False,mlat
ae0568,2026-08-31 05:44:34.596388,RCH5051,86-0011,7354,36000,43.96883,-63.650482,C-5M Galaxy,62,539,0,False,mlat
ae123b,2026-08-31 05:44:34.596392,RCH197,04-4130,7711,31000,48.981422,16.212427,C-17A Globemaster,110,515,0,False,mlat
ae07f6,2026-08-31 05:44:34.596395,RCH401,97-0044,2643,38000,49.117401,16.835669,C-17A Globemaster,290,377,0,False,mlat
87cdf4,2026-08-31 05:44:34.596404,HARGR51,54-3616,7340,27000,31.915051,131.076874,KC-46A Pegasus,62,450,0,False,adsb_icao
7cf86c,2026-08-31 05:44:34.596415,STAL22,A41-209,4507,20025,-26.950161,153.649933,C-17A Globemaster,134,337,-32,False,adsb_icao
ae574d,2026-08-31 05:44:34.596421,UNK C/S,19-46007,0713,22000,25.9,51.2,KC-46A Pegasus,,,,False,mode_s
ae5e11,2026-08-31 05:44:34.596424,UNK C/S,17-46036,0716,25000,28.4,48.6,KC-46A Pegasus,,,,False,mode_s
ae5e12,2026-08-31 05:44:34.596429,FLYER59,17-46037,1530,23025,25.2,54.6,KC-46A Pegasus,,,,False,mode_s
ae0587,2026-08-31 05:44:34.596435,RCH2022,87-0042,1716,35000,28.3,129.9,C-5M Galaxy,,,,False,mode_s
afa175,2026-08-31 05:44:34.596440,FLYER63,19-46111,3276,20500,25.7,60.3,KC-46A Pegasus,,,,False,mode_s
ae026f,2026-08-31 05:44:34.596443,UNK C/S,63-8012,1135,27200,25.5,55.8,KC-135R Stratotanker,,,,False,mode_s
ae05a9,2026-08-31 05:44:34.596446,UNK C/S,63-8015,7716,17925,25.9,51.1,KC-135R Stratotanker,,,,False,mode_s
ae07be,2026-08-31 05:44:34.596450,UNK C/S,62-3578,1143,1350,25.2,54.6,KC-135R Stratotanker,117,144,-768,False,mode_s
ae0414,2026-08-31 05:45:35.033699,UNK C/S,164387,3340,26000,40.499557,-122.055519,E-6B TACAMO,326,319,0,False,mlat
ae63c6,2026-08-31 05:45:35.033718,PETRO61,21-46090,3606,38025,39.854355,-118.200905,KC-46A Pegasus,253,485,0,False,mlat
ae1197,2026-08-31 05:45:35.033725,RCH3260,03-3114,4044,36000,39.029755,-102.785576,C-17A Globemaster,261,399,-64,False,adsb_icao
ae20c7,2026-08-31 05:45:35.033731,VOLT91,07-7186,0343,3975,30.87377,-91.957108,C-17A Globemaster,257,264,320,False,adsb_icao
ae07e9,2026-08-31 05:45:35.033735,UNK C/S,95-0106,0344,4950,30.923908,-91.90992,C-17A Globemaster,83,312,0,False,mode_s
af0f64,2026-08-31 05:45:35.033742,UNK C/S,,3512,28000,38.300503,-79.121284,E-6B TACAMO,197,365,0,False,mlat
ae0568,2026-08-31 05:45:35.033747,RCH5051,86-0011,7354,36000,44.042339,-63.457794,C-5M Galaxy,59,545,0,False,mlat
ae123b,2026-08-31 05:45:35.033750,RCH197,04-4130,7711,31000,48.93502,16.418016,C-17A Globemaster,110,516,0,False,mlat
ae07f6,2026-08-31 05:45:35.033754,RCH401,97-0044,2643,38000,49.153809,16.679842,C-17A Globemaster,289,386,0,False,mlat
87cdf4,2026-08-31 05:45:35.033764,HARGR51,54-3616,7340,27000,31.978174,131.205399,KC-46A Pegasus,52,454,0,False,adsb_icao
7cf86c,2026-08-31 05:45:35.033774,STAL22,A41-209,4507,20000,-26.993042,153.742935,C-17A Globemaster,113,332,-32,False,adsb_icao
ae574d,2026-08-31 05:45:35.033780,UNK C/S,19-46007,0713,22000,26.2,51.3,KC-46A Pegasus,,,,False,mode_s
ae5e11,2026-08-31 05:45:35.033784,UNK C/S,17-46036,0716,25000,28.4,48.8,KC-46A Pegasus,,,,False,mode_s
ae5e12,2026-08-31 05:45:35.033788,FLYER59,17-46037,1530,23025,25.5,54.7,KC-46A Pegasus,,,,False,mode_s
ae0587,2026-08-31 05:45:35.033794,RCH2022,87-0042,1716,Unavailable,28.3,129.9,C-5M Galaxy,,,,False,mode_s
afa175,2026-08-31 05:45:35.033798,FLYER63,19-46111,3276,20500,25.5,60.0,KC-46A Pegasus,,,,False,mode_s
ae026f,2026-08-31 05:45:35.033801,UNK C/S,63-8012,1135,27500,25.5,54.9,KC-135R Stratotanker,,,,False,mode_s
ae05a9,2026-08-31 05:45:35.033804,UNK C/S,63-8015,7716,17900,25.9,51.1,KC-135R Stratotanker,,,,False,mode_s
ae07be,2026-08-31 05:45:35.033810,UNK C/S,62-3578,1143,575,24.9,54.5,KC-135R Stratotanker,127,128,-704,False,mode_s
ae0414,2026-08-31 05:46:35.380320,UNK C/S,164387,3340,26000,40.544216,-122.145622,E-6B TACAMO,278,318,0,False,mlat
ae63c6,2026-08-31 05:46:35.380336,PETRO61,21-46090,3606,38025,39.81144,-118.345779,KC-46A Pegasus,251,468,0,False,mlat
ae1197,2026-08-31 05:46:35.380343,RCH3260,03-3114,4044,36000,39.01329,-102.926636,C-17A Globemaster,261,394,0,False,adsb_icao
ae20c7,2026-08-31 05:46:35.380350,VOLT91,07-7186,0343,3975,30.85743,-92.040932,C-17A Globemaster,257,263,128,False,adsb_icao
ae07e9,2026-08-31 05:46:35.380354,UNK C/S,95-0106,0344,4975,30.848173,-91.998932,C-17A Globemaster,255,543,0,False,mlat
af0f64,2026-08-31 05:46:35.380360,UNK C/S,,3512,28000,38.196869,-79.162094,E-6B TACAMO,197,375,0,False,mlat
ae0568,2026-08-31 05:46:35.380365,RCH5051,86-0011,7354,36000,44.118702,-63.275299,C-5M Galaxy,59,546,0,False,mlat
ae07f6,2026-08-31 05:46:35.380369,RCH401,97-0044,2643,38000,49.189293,16.528769,C-17A Globemaster,291,379,0,False,mlat
ae123b,2026-08-31 05:46:35.380372,RCH197,04-4130,7711,31000,48.886723,16.631111,C-17A Globemaster,109,520,0,False,mlat
87cdf4,2026-08-31 05:46:35.380382,HARGR51,54-3616,7340,27000,32.056618,131.323959,KC-46A Pegasus,52,455,0,False,adsb_icao
7cf86c,2026-08-31 05:46:35.380393,STAL22,A41-209,4507,20000,-27.029579,153.83786,C-17A Globemaster,113,333,-32,False,adsb_icao
ae574d,2026-08-31 05:46:35.380399,UNK C/S,19-46007,0713,22000,25.7,51.1,KC-46A Pegasus,,,,False,mode_s
ae5e11,2026-08-31 05:46:35.380402,UNK C/S,17-46036,0716,25000,28.4,48.7,KC-46A Pegasus,,,,False,mode_s
ae5e12,2026-08-31 05:46:35.380407,FLYER59,17-46037,1530,23025,25.6,54.7,KC-46A Pegasus,,,,False,mode_s
afa175,2026-08-31 05:46:35.380414,FLYER63,19-46111,3276,20500,25.7,60.2,KC-46A Pegasus,,,,False,mode_s
ae026f,2026-08-31 05:46:35.380417,UNK C/S,63-8012,1135,27500,25.4,54.8,KC-135R Stratotanker,,,,False,mode_s
ae05a9,2026-08-31 05:46:35.380420,UNK C/S,63-8015,7716,Unavailable,25.9,51.1,KC-135R Stratotanker,,,,False,mode_s
ae07be,2026-08-31 05:46:35.380425,UNK C/S,62-3578,1143,575,24.9,54.5,KC-135R Stratotanker,,,,False,mode_s
ae0414,2026-08-31 05:47:35.868227,UNK C/S,164387,3340,26000,40.520718,-122.252747,E-6B TACAMO,230,331,0,False,mlat
ae63c6,2026-08-31 05:47:35.868244,PETRO61,21-46090,3606,37700,39.760857,-118.525772,KC-46A Pegasus,251,476,-727,False,mlat
ae1197,2026-08-31 05:47:35.868252,RCH3260,03-3114,4044,36000,38.996716,-103.066162,C-17A Globemaster,261,397,0,False,adsb_icao
ae20c7,2026-08-31 05:47:35.868258,VOLT91,07-7186,0343,3975,30.870209,-92.121597,C-17A Globemaster,297,259,,False,adsb_icao
ae07e9,2026-08-31 05:47:35.868262,UNK C/S,95-0106,0344,4975,30.857101,-92.102859,C-17A Globemaster,279,275,42,False,mlat
af0f64,2026-08-31 05:47:35.868269,UNK C/S,,3512,28000,38.097191,-79.197083,E-6B TACAMO,197,375,0,False,mlat
ae0568,2026-08-31 05:47:35.868274,RCH5051,86-0011,7354,36000,44.182091,-63.090626,C-5M Galaxy,65,539,0,False,mlat
ae07f6,2026-08-31 05:47:35.868277,RCH401,97-0044,2643,38000,49.226402,16.372168,C-17A Globemaster,290,382,0,False,mlat
ae123b,2026-08-31 05:47:35.868280,RCH197,04-4130,7711,31000,48.839573,16.835011,C-17A Globemaster,109,515,0,False,mlat
87cdf4,2026-08-31 05:47:35.868289,HARGR51,54-3616,7340,27000,32.134689,131.442291,KC-46A Pegasus,52,454,0,False,adsb_icao
7cf86c,2026-08-31 05:47:35.868300,STAL22,A41-209,4507,20000,-27.066788,153.934265,C-17A Globemaster,113,334,0,False,adsb_icao
ae574d,2026-08-31 05:47:35.868305,UNK C/S,19-46007,0713,22000,25.6,51.0,KC-46A Pegasus,,,,False,mode_s
ae5e11,2026-08-31 05:47:35.868309,UNK C/S,17-46036,0716,25000,28.4,48.7,KC-46A Pegasus,,,,False,mode_s
ae5e12,2026-08-31 05:47:35.868313,FLYER59,17-46037,1530,23050,25.5,54.7,KC-46A Pegasus,,,,False,mode_s
afa175,2026-08-31 05:47:35.868320,FLYER63,19-46111,3276,20500,25.5,57.9,KC-46A Pegasus,,,,False,mode_s
ae026f,2026-08-31 05:47:35.868323,UNK C/S,63-8012,1135,27500,25.2,54.9,KC-135R Stratotanker,,,,False,mode_s
ae05a9,2026-08-31 05:47:35.868326,UNK C/S,63-8015,7716,17900,25.9,51.5,KC-135R Stratotanker,,,,False,mode_s
ae0414,2026-08-31 05:48:36.349204,UNK C/S,164387,3340,26000,40.440868,-122.301109,E-6B TACAMO,183,343,0,False,mlat
ae63c6,2026-08-31 05:48:36.349220,PETRO61,21-46090,3606,36425,39.71759,-118.678421,KC-46A Pegasus,255,463,-1259,False,mlat
ae1197,2026-08-31 05:48:36.349227,RCH3260,03-3114,4044,36000,38.979767,-103.207893,C-17A Globemaster,261,398,0,False,adsb_icao
ae20c7,2026-08-31 05:48:36.349233,VOLT91,07-7186,0343,3975,30.900583,-92.199409,C-17A Globemaster,291,261,,False,adsb_icao
ae07e9,2026-08-31 05:48:36.349238,UNK C/S,95-0106,0344,4950,30.895741,-92.053284,C-17A Globemaster,60,553,-75,False,mlat
ae07cb,2026-08-31 05:48:36.349242,UNK C/S,88-0265,0345,5950,30.935513,-92.001411,C-17A Globemaster,,,0,False,mlat
af0f64,2026-08-31 05:48:36.349247,UNK C/S,,3512,28000,37.995148,-79.241333,E-6B TACAMO,195,350,0,False,mlat
ae0568,2026-08-31 05:48:36.349252,RCH5051,86-0011,7354,36000,44.250633,-62.904594,C-5M Galaxy,62,541,0,False,mlat
ae07f6,2026-08-31 05:48:36.349255,RCH401,97-0044,2643,38000,49.257282,16.227081,C-17A Globemaster,285,385,0,False,mlat
ae123b,2026-08-31 05:48:36.349258,RCH197,04-4130,7711,31000,48.794575,17.027414,C-17A Globemaster,110,512,0,False,mlat
87cdf4,2026-08-31 05:48:36.349268,HARGR51,54-3616,7340,27000,32.212704,131.56105,KC-46A Pegasus,52,455,0,False,adsb_icao
7cf86c,2026-08-31 05:48:36.349278,STAL22,A41-209,4507,20000,-27.103867,154.030548,C-17A Globemaster,113,334,-32,False,adsb_icao
ae574d,2026-08-31 05:48:36.349283,UNK C/S,19-46007,0713,22000,25.9,51.3,KC-46A Pegasus,,,,False,mode_s
ae5e11,2026-08-31 05:48:36.349287,UNK C/S,17-46036,0716,25025,28.4,48.5,KC-46A Pegasus,,,,False,mode_s
ae5e12,2026-08-31 05:48:36.349292,FLYER59,17-46037,1530,23025,25.6,54.7,KC-46A Pegasus,,,,False,mode_s
afa175,2026-08-31 05:48:36.349299,FLYER63,19-46111,3276,20500,25.4,59.6,KC-46A Pegasus,,,,False,mode_s
ae026f,2026-08-31 05:48:36.349302,UNK C/S,63-8012,1135,27500,25.0,54.9,KC-135R Stratotanker,,,,False,mode_s
ae05a9,2026-08-31 05:48:36.349306,UNK C/S,63-8015,7716,17925,26.0,52.0,KC-135R Stratotanker,,,,False,mode_s
ae0414,2026-08-31 05:49:36.810069,UNK C/S,164387,3340,26000,40.353188,-122.2845,E-6B TACAMO,174,320,0,False,mlat
ae63c6,2026-08-31 05:49:36.810086,PETRO61,21-46090,3606,35275,39.667953,-118.847893,KC-46A Pegasus,250,484,-1046,False,mlat
ae1197,2026-08-31 05:49:36.810094,RCH3260,03-3114,4044,36000,38.962688,-103.349182,C-17A Globemaster,261,397,0,False,adsb_icao
ae20c7,2026-08-31 05:49:36.810101,VOLT91,07-7186,0343,3975,30.926281,-92.277412,C-17A Globemaster,290,262,,False,adsb_icao
ae07e9,2026-08-31 05:49:36.810105,UNK C/S,95-0106,0344,4975,30.908283,-92.005608,C-17A Globemaster,81,456,31,False,mlat
ae07cb,2026-08-31 05:49:36.810109,UNK C/S,88-0265,0345,5950,30.911999,-91.941887,C-17A Globemaster,138,251,0,False,mlat
af0f64,2026-08-31 05:49:36.810114,UNK C/S,,3512,28000,37.897579,-79.277946,E-6B TACAMO,196,397,0,False,mlat
ae0568,2026-08-31 05:49:36.810119,RCH5051,86-0011,7354,36000,44.310593,-62.701233,C-5M Galaxy,65,538,0,False,mlat
ae07f6,2026-08-31 05:49:36.810122,RCH401,97-0044,2643,38000,49.288345,16.066784,C-17A Globemaster,287,374,0,False,mlat
ae123b,2026-08-31 05:49:36.810126,RCH197,04-4130,7711,31000,48.727463,17.23247,C-17A Globemaster,119,516,0,False,mlat
87cdf4,2026-08-31 05:49:36.810137,HARGR51,54-3616,7340,27000,32.290543,131.680054,KC-46A Pegasus,52,455,0,False,adsb_icao
7cf86c,2026-08-31 05:49:36.810146,STAL22,A41-209,4507,20000,-27.140606,154.126251,C-17A Globemaster,113,334,0,False,adsb_icao
ae0587,2026-08-31 05:49:36.810150,RCH2022,87-0042,1716,Unavailable,28.5,130.0,C-5M Galaxy,,,,False,mode_s
ae574d,2026-08-31 05:49:36.810155,UNK C/S,19-46007,0713,22000,26.9,50.2,KC-46A Pegasus,,,,False,mode_s
ae5e11,2026-08-31 05:49:36.810158,UNK C/S,17-46036,0716,25000,28.4,48.5,KC-46A Pegasus,,,,False,mode_s
ae5e12,2026-08-31 05:49:36.810163,FLYER59,17-46037,1530,23050,25.6,54.7,KC-46A Pegasus,,,,False,mode_s
afa175,2026-08-31 05:49:36.810171,FLYER63,19-46111,3276,20500,25.7,59.5,KC-46A Pegasus,,,,False,mode_s
ae026f,2026-08-31 05:49:36.810173,UNK C/S,63-8012,1135,27500,25.4,54.9,KC-135R Stratotanker,,,,False,mode_s
ae05a9,2026-08-31 05:49:36.810177,UNK C/S,63-8015,7716,17900,25.8,51.7,KC-135R Stratotanker,,,,False,mode_s
ae0414,2026-08-31 05:50:37.103933,UNK C/S,164387,3340,25850,40.266197,-122.266296,E-6B TACAMO,172,320,-359,False,mlat
ae63c6,2026-08-31 05:50:37.103948,PETRO61,21-46090,3606,34175,39.622154,-119.01535,KC-46A Pegasus,251,477,-1096,False,mlat
ae1197,2026-08-31 05:50:37.103956,RCH3260,03-3114,4044,36000,38.945709,-103.487686,C-17A Globemaster,261,396,0,False,adsb_icao
ae20c7,2026-08-31 05:50:37.103962,VOLT91,07-7186,0343,3975,30.952011,-92.358398,C-17A Globemaster,290,261,,False,adsb_icao
ae07e9,2026-08-31 05:50:37.103966,UNK C/S,95-0106,0344,4600,30.861279,-92.109444,C-17A Globemaster,293,316,-909,False,mlat
ae07cb,2026-08-31 05:50:37.103971,UNK C/S,88-0265,0345,5950,30.867483,-91.99398,C-17A Globemaster,244,377,0,False,mlat
af0f64,2026-08-31 05:50:37.103976,UNK C/S,,3512,28000,37.794708,-79.317848,E-6B TACAMO,198,384,0,False,mlat
ae0568,2026-08-31 05:50:37.103981,RCH5051,86-0011,7354,36000,44.390446,-62.528103,C-5M Galaxy,62,546,0,False,mlat
ae07f6,2026-08-31 05:50:37.103985,RCH401,97-0044,2643,38000,49.31781,15.907586,C-17A Globemaster,284,368,0,False,mlat
ae123b,2026-08-31 05:50:37.103988,RCH197,04-4130,7711,31000,48.659386,17.424391,C-17A Globemaster,119,500,0,False,mlat
87cdf4,2026-08-31 05:50:37.103998,HARGR51,54-3616,7340,27000,32.36721,131.797546,KC-46A Pegasus,52,455,0,False,adsb_icao
7cf86c,2026-08-31 05:50:37.104007,STAL22,A41-209,4507,20000,-27.177063,154.221832,C-17A Globemaster,112,334,0,False,adsb_icao
ae0587,2026-08-31 05:50:37.104012,RCH2022,87-0042,1716,35000,29.9,132.0,C-5M Galaxy,26,466,-64,False,mode_s
ae574d,2026-08-31 05:50:37.104016,UNK C/S,19-46007,0713,22000,27.1,50.2,KC-46A Pegasus,,,,False,mode_s
ae5e11,2026-08-31 05:50:37.104021,UNK C/S,17-46036,0716,25000,28.4,48.5,KC-46A Pegasus,,,,False,mode_s
ae5e12,2026-08-31 05:50:37.104025,FLYER59,17-46037,1530,23050,25.5,54.9,KC-46A Pegasus,,,,False,mode_s
afa175,2026-08-31 05:50:37.104031,FLYER63,19-46111,3276,20500,25.9,56.9,KC-46A Pegasus,,,,False,mode_s
ae026f,2026-08-31 05:50:37.104034,UNK C/S,63-8012,1135,27500,24.7,54.9,KC-135R Stratotanker,,,,False,mode_s
ae05a9,2026-08-31 05:50:37.104037,UNK C/S,63-8015,7716,17900,26.0,54.1,KC-135R Stratotanker,,,,False,mode_s
ae0414,2026-08-31 05:51:37.492802,UNK C/S,164387,3340,25225,40.177059,-122.253021,E-6B TACAMO,173,313,-667,False,mlat
ae63c6,2026-08-31 05:51:37.492820,PETRO61,21-46090,3606,33100,39.576077,-119.171745,KC-46A Pegasus,248,504,-1100,False,mlat
ae1197,2026-08-31 05:51:37.492826,RCH3260,03-3114,4044,36000,38.928379,-103.628418,C-17A Globemaster,260,395,0,False,adsb_icao
ae20c7,2026-08-31 05:51:37.492832,VOLT91,07-7186,0343,3975,30.977188,-92.438423,C-17A Globemaster,290,261,,False,adsb_icao
ae07e9,2026-08-31 05:51:37.492836,UNK C/S,95-0106,0344,3950,30.888201,-92.186813,C-17A Globemaster,311,262,-220,False,mlat
ae07cb,2026-08-31 05:51:37.492839,UNK C/S,88-0265,0345,5950,30.861015,-92.082947,C-17A Globemaster,285,246,-2,False,mlat
af0f64,2026-08-31 05:51:37.492844,UNK C/S,,3512,28000,37.692577,-79.358093,E-6B TACAMO,203,372,0,False,mlat
ae0568,2026-08-31 05:51:37.492848,RCH5051,86-0011,7354,36000,44.45908,-62.346573,C-5M Galaxy,61,539,0,False,mlat
ae07f6,2026-08-31 05:51:37.492851,RCH401,97-0044,2643,38000,49.344589,15.765439,C-17A Globemaster,287,378,0,False,mlat
ae123b,2026-08-31 05:51:37.492854,RCH197,04-4130,7711,31000,48.582302,17.592974,C-17A Globemaster,139,503,0,False,mlat
87cdf4,2026-08-31 05:51:37.492865,HARGR51,54-3616,7340,27000,32.445374,131.917496,KC-46A Pegasus,52,455,0,False,adsb_icao
7cf86c,2026-08-31 05:51:37.492874,STAL22,A41-209,4507,20000,-27.213821,154.31868,C-17A Globemaster,113,334,-32,False,adsb_icao
ae0587,2026-08-31 05:51:37.492878,RCH2022,87-0042,1716,35000,30.1,132.6,C-5M Galaxy,26,468,-32,False,mode_s
ae574d,2026-08-31 05:51:37.492882,UNK C/S,19-46007,0713,22000,26.0,51.2,KC-46A Pegasus,,,,False,mode_s
ae5e11,2026-08-31 05:51:37.492886,UNK C/S,17-46036,0716,25000,28.4,48.5,KC-46A Pegasus,,,,False,mode_s
ae5e12,2026-08-31 05:51:37.492891,FLYER59,17-46037,1530,23050,25.5,57.4,KC-46A Pegasus,,,,False,mode_s
afa175,2026-08-31 05:51:37.492897,FLYER63,19-46111,3276,20500,25.7,58.1,KC-46A Pegasus,,,,False,mode_s
ae026f,2026-08-31 05:51:37.492901,UNK C/S,63-8012,1135,27500,25.1,55.8,KC-135R Stratotanker,,,,False,mode_s
ae05a9,2026-08-31 05:51:37.492904,UNK C/S,63-8015,7716,17900,26.0,54.7,KC-135R Stratotanker,,,,False,mode_s
ae0414,2026-08-31 05:52:37.831454,UNK C/S,164387,3340,24600,40.086411,-122.235619,E-6B TACAMO,172,313,-640,False,mlat
ae63c6,2026-08-31 05:52:37.831474,PETRO61,21-46090,3606,32250,39.523972,-119.348427,KC-46A Pegasus,249,485,-664,False,mlat
ae1197,2026-08-31 05:52:37.831483,RCH3260,03-3114,4044,36000,38.910828,-103.769035,C-17A Globemaster,260,399,128,False,adsb_icao
ae20c7,2026-08-31 05:52:37.831491,VOLT91,07-7186,0343,3975,31.002439,-92.518944,C-17A Globemaster,290,261,,False,adsb_icao
ae07e9,2026-08-31 05:52:37.831496,UNK C/S,95-0106,0344,3925,30.913572,-92.249825,C-17A Globemaster,292,258,-129,False,mlat
ae07cb,2026-08-31 05:52:37.831500,UNK C/S,88-0265,0345,5950,30.91296,-92.075829,C-17A Globemaster,42,418,0,False,mlat
af0f64,2026-08-31 05:52:37.831507,UNK C/S,,3512,28000,37.591072,-79.397972,E-6B TACAMO,199,406,0,False,mlat
ae0568,2026-08-31 05:52:37.831513,RCH5051,86-0011,7354,36000,44.517246,-62.15786,C-5M Galaxy,64,540,0,False,mlat
ae10bd,2026-08-31 05:52:37.831518,RCH329,01-0194,2214,32850,51.74514,5.304489,C-17A Globemaster,112,258,0,False,other
ae07f6,2026-08-31 05:52:37.831558,RCH401,97-0044,2643,38000,49.374142,15.603387,C-17A Globemaster,287,381,0,False,mlat
ae123b,2026-08-31 05:52:37.831562,RCH197,04-4130,7711,31000,48.486626,17.736639,C-17A Globemaster,133,491,0,False,mlat
87cdf4,2026-08-31 05:52:37.831579,HARGR51,54-3616,7340,27000,32.522369,132.036163,KC-46A Pegasus,52,455,0,False,adsb_icao
7cf86c,2026-08-31 05:52:37.831591,STAL22,A41-209,4507,20000,-27.250469,154.415161,C-17A Globemaster,112,335,0,False,adsb_icao
ae0587,2026-08-31 05:52:37.831600,RCH2022,87-0042,1716,35000,30.7,131.8,C-5M Galaxy,27,470,0,False,mode_s
ae574d,2026-08-31 05:52:37.831608,UNK C/S,19-46007,0713,22000,25.9,51.2,KC-46A Pegasus,,,,False,mode_s
ae5e11,2026-08-31 05:52:37.831615,UNK C/S,17-46036,0716,25000,28.4,48.5,KC-46A Pegasus,,,,False,mode_s
ae5e12,2026-08-31 05:52:37.831627,FLYER59,17-46037,1530,23050,25.7,59.6,KC-46A Pegasus,,,,False,mode_s
afa175,2026-08-31 05:52:37.831637,FLYER63,19-46111,3276,20500,25.7,56.6,KC-46A Pegasus,,,,False,mode_s
ae026f,2026-08-31 05:52:37.831644,UNK C/S,63-8012,1135,27500,24.9,54.8,KC-135R Stratotanker,,,,False,mode_s
ae05a9,2026-08-31 05:52:37.831649,UNK C/S,63-8015,7716,17900,26.2,54.7,KC-135R Stratotanker,,,,False,mode_s
ae0414,2026-08-31 05:53:38.179047,UNK C/S,164387,3340,23775,40.008881,-122.222519,E-6B TACAMO,170,301,-911,False,mlat
ae63c6,2026-08-31 05:53:38.179063,PETRO61,21-46090,3606,31325,39.47858,-119.506104,KC-46A Pegasus,248,474,-1000,False,mlat
ae1197,2026-08-31 05:53:38.179070,RCH3260,03-3114,4044,36000,38.892883,-103.911201,C-17A Globemaster,260,399,0,False,adsb_icao
ae20c7,2026-08-31 05:53:38.179076,VOLT91,07-7186,0343,3950,31.022272,-92.59964,C-17A Globemaster,265,262,,False,adsb_icao
ae07e9,2026-08-31 05:53:38.179080,UNK C/S,95-0106,0344,4000,30.923491,-92.336594,C-17A Globemaster,277,203,226,False,mlat
ae07cb,2026-08-31 05:53:38.179083,UNK C/S,88-0265,0345,5950,30.909666,-91.998932,C-17A Globemaster,100,289,36,False,mlat
af0f64,2026-08-31 05:53:38.179089,UNK C/S,,3512,28000,37.490021,-79.436401,E-6B TACAMO,196,383,0,False,mlat
ae0568,2026-08-31 05:53:38.179093,RCH5051,86-0011,7354,36000,44.582329,-61.968819,C-5M Galaxy,65,543,0,False,mlat
ae07f6,2026-08-31 05:53:38.179097,RCH401,97-0044,2643,38000,49.403156,15.444031,C-17A Globemaster,285,381,0,False,mlat
ae123b,2026-08-31 05:53:38.179100,RCH197,04-4130,7711,31000,48.385838,17.886702,C-17A Globemaster,135,500,0,False,mlat
87cdf4,2026-08-31 05:53:38.179111,HARGR51,54-3616,7340,27000,32.600006,132.156128,KC-46A Pegasus,52,455,0,False,adsb_icao
7cf86c,2026-08-31 05:53:38.179121,STAL22,A41-209,4507,20000,-27.311592,154.492233,C-17A Globemaster,161,343,0,False,adsb_icao
ae0587,2026-08-31 05:53:38.179125,RCH2022,87-0042,1716,35000,30.5,132.1,C-5M Galaxy,27,470,0,False,mode_s
ae574d,2026-08-31 05:53:38.179130,UNK C/S,19-46007,0713,22000,25.9,51.2,KC-46A Pegasus,,,,False,mode_s
ae5e11,2026-08-31 05:53:38.179134,UNK C/S,17-46036,0716,25000,28.4,48.5,KC-46A Pegasus,,,,False,mode_s
ae5e12,2026-08-31 05:53:38.179139,FLYER59,17-46037,1530,23025,25.6,57.4,KC-46A Pegasus,,,,False,mode_s
afa175,2026-08-31 05:53:38.179145,FLYER63,19-46111,3276,20500,25.8,57.0,KC-46A Pegasus,,,,False,mode_s
ae026f,2026-08-31 05:53:38.179149,UNK C/S,63-8012,1135,27500,25.4,55.5,KC-135R Stratotanker,,,,False,mode_s
ae05a9,2026-08-31 05:53:38.179152,UNK C/S,63-8015,7716,17900,26.0,54.8,KC-135R Stratotanker,,,,False,mode_s
ae0414,2026-08-31 05:54:38.526391,UNK C/S,164387,3340,22875,39.921574,-122.208038,E-6B TACAMO,176,298,-906,False,mlat
ae63c6,2026-08-31 05:54:38.526407,PETRO61,21-46090,3606,30200,39.432331,-119.667099,KC-46A Pegasus,249,466,-1175,False,mlat
ae1197,2026-08-31 05:54:38.526414,RCH3260,03-3114,4044,36000,38.875351,-104.049065,C-17A Globemaster,260,395,0,False,adsb_icao
ae20c7,2026-08-31 05:54:38.526420,VOLT91,07-7186,0343,3025,31.01413,-92.684219,C-17A Globemaster,263,256,,False,adsb_icao
ae07e9,2026-08-31 05:54:38.526424,UNK C/S,95-0106,0344,3950,30.956558,-92.390472,C-17A Globemaster,295,200,-7,False,mlat
ae07cb,2026-08-31 05:54:38.526427,UNK C/S,88-0265,0345,5950,30.861633,-92.042877,C-17A Globemaster,255,376,0,False,mlat
af0f64,2026-08-31 05:54:38.526433,UNK C/S,,3512,28000,37.386196,-79.475937,E-6B TACAMO,198,385,0,False,mlat
ae0568,2026-08-31 05:54:38.526438,RCH5051,86-0011,7354,36000,44.64584,-61.794971,C-5M Galaxy,60,540,0,False,mlat
ae07f6,2026-08-31 05:54:38.526441,RCH401,97-0044,2643,38000,49.430672,15.290184,C-17A Globemaster,285,378,0,False,mlat
ae123b,2026-08-31 05:54:38.526444,RCH197,04-4130,7711,31000,48.289936,18.028824,C-17A Globemaster,136,504,0,False,mlat
87cdf4,2026-08-31 05:54:38.526456,HARGR51,54-3616,7340,27000,32.676411,132.274948,KC-46A Pegasus,52,456,0,False,adsb_icao
7cf86c,2026-08-31 05:54:38.526466,STAL22,A41-209,4507,20000,-27.399765,154.46637,C-17A Globemaster,227,349,-32,False,adsb_icao
ae0587,2026-08-31 05:54:38.526470,RCH2022,87-0042,1716,35000,30.6,131.8,C-5M Galaxy,27,472,-32,False,mode_s
ae574d,2026-08-31 05:54:38.526474,UNK C/S,19-46007,0713,22000,26.0,51.3,KC-46A Pegasus,,,,False,mode_s
ae5e11,2026-08-31 05:54:38.526478,UNK C/S,17-46036,0716,25000,28.4,48.5,KC-46A Pegasus,,,,False,mode_s
ae5e12,2026-08-31 05:54:38.526482,FLYER59,17-46037,1530,23050,25.5,54.9,KC-46A Pegasus,,,,False,mode_s
afa175,2026-08-31 05:54:38.526489,FLYER63,19-46111,3276,20500,25.9,56.6,KC-46A Pegasus,,,,False,mode_s
ae026f,2026-08-31 05:54:38.526492,UNK C/S,63-8012,1135,27500,25.2,55.2,KC-135R Stratotanker,,,,False,mode_s
ae05a9,2026-08-31 05:54:38.526495,UNK C/S,63-8015,7716,17925,26.2,54.6,KC-135R Stratotanker,,,,False,mode_s
ae0414,2026-08-31 05:55:38.883216,UNK C/S,164387,3340,21975,39.840141,-122.194923,E-6B TACAMO,176,301,-879,False,mlat
ae63c6,2026-08-31 05:55:38.883231,PETRO61,21-46090,3606,28800,39.387615,-119.818771,KC-46A Pegasus,249,461,-1623,False,mlat
ae1197,2026-08-31 05:55:38.883238,RCH3260,03-3114,4044,36000,38.857269,-104.189682,C-17A Globemaster,260,399,0,False,adsb_icao
ae20c7,2026-08-31 05:55:38.883245,VOLT91,07-7186,0343,2950,31.006351,-92.767235,C-17A Globemaster,264,259,,False,adsb_icao
ae07e9,2026-08-31 05:55:38.883248,UNK C/S,95-0106,0344,3950,30.976217,-92.448143,C-17A Globemaster,291,211,0,False,mlat
ae07cb,2026-08-31 05:55:38.883252,UNK C/S,88-0265,0345,5300,30.871889,-92.122757,C-17A Globemaster,316,287,-979,False,mlat
af0f64,2026-08-31 05:55:38.883258,UNK C/S,,3512,28000,37.288471,-79.512733,E-6B TACAMO,199,380,0,False,mlat
ae0568,2026-08-31 05:55:38.883262,RCH5051,86-0011,7354,36000,44.721333,-61.580265,C-5M Galaxy,63,530,-76,False,mlat
ae07f6,2026-08-31 05:55:38.883266,RCH401,97-0044,2643,38000,49.456982,15.146661,C-17A Globemaster,285,367,0,False,mlat
ae123b,2026-08-31 05:55:38.883269,RCH197,04-4130,7711,31000,48.196709,18.168407,C-17A Globemaster,135,496,0,False,mlat
87cdf4,2026-08-31 05:55:38.883281,HARGR51,54-3616,7340,27000,32.753365,132.394669,KC-46A Pegasus,52,457,0,False,adsb_icao
7cf86c,2026-08-31 05:55:38.883291,STAL22,A41-209,4507,20000,-27.436445,154.365723,C-17A Globemaster,252,348,0,False,adsb_icao
ae0587,2026-08-31 05:55:38.883295,RCH2022,87-0042,1716,35000,30.5,132.0,C-5M Galaxy,27,476,32,False,mode_s
ae574d,2026-08-31 05:55:38.883300,UNK C/S,19-46007,0713,22000,25.9,51.1,KC-46A Pegasus,,,,False,mode_s
ae5e11,2026-08-31 05:55:38.883304,UNK C/S,17-46036,0716,25025,28.4,48.5,KC-46A Pegasus,,,,False,mode_s
afde25,2026-08-31 05:55:38.883307,UNK C/S,,7000,Unavailable,35.3,-125.8,E-6B TACAMO,,,,False,mode_s
ae5e12,2026-08-31 05:55:38.883312,FLYER59,17-46037,1530,23025,25.3,54.9,KC-46A Pegasus,,,,False,mode_s
afa175,2026-08-31 05:55:38.883318,FLYER63,19-46111,3276,20500,25.9,56.5,KC-46A Pegasus,,,,False,mode_s
ae026f,2026-08-31 05:55:38.883321,UNK C/S,63-8012,1135,27500,25.0,55.3,KC-135R Stratotanker,,,,False,mode_s
ae05a9,2026-08-31 05:55:38.883324,UNK C/S,63-8015,7716,18675,26.0,54.7,KC-135R Stratotanker,,,,False,mode_s
ae0414,2026-08-31 05:56:39.233797,UNK C/S,164387,3340,21075,39.75293,-122.179298,E-6B TACAMO,170,301,-903,False,mlat
ae63c6,2026-08-31 05:56:39.233813,PETRO61,21-46090,3606,27650,39.339851,-119.981148,KC-46A Pegasus,249,466,-828,False,mlat
ae1197,2026-08-31 05:56:39.233821,RCH3260,03-3114,4044,36000,38.839005,-104.330467,C-17A Globemaster,260,395,0,False,adsb_icao
ae20c7,2026-08-31 05:56:39.233828,VOLT91,07-7186,0343,2975,31.034409,-92.83474,C-17A Globemaster,300,195,,False,adsb_icao
ae07e9,2026-08-31 05:56:39.233832,UNK C/S,95-0106,0344,3950,31.00523,-92.509605,C-17A Globemaster,293,202,0,False,mlat
ae07cb,2026-08-31 05:56:39.233836,UNK C/S,88-0265,0345,4350,30.919725,-92.200859,C-17A Globemaster,315,298,-984,False,mlat
af0f64,2026-08-31 05:56:39.233841,UNK C/S,,3512,28000,37.185577,-79.552132,E-6B TACAMO,197,379,0,False,mlat
ae0568,2026-08-31 05:56:39.233846,RCH5051,86-0011,7354,36000,44.78775,-61.388645,C-5M Galaxy,65,541,0,False,mlat
ae07f6,2026-08-31 05:56:39.233849,RCH401,97-0044,2643,38000,49.485672,14.984141,C-17A Globemaster,285,375,0,False,mlat
ae123b,2026-08-31 05:56:39.233852,RCH197,04-4130,7711,31000,48.092377,18.321386,C-17A Globemaster,136,503,0,False,mlat
87cdf4,2026-08-31 05:56:39.233866,HARGR51,54-3616,7340,27000,32.832001,132.517426,KC-46A Pegasus,52,459,0,False,adsb_icao
7cf86c,2026-08-31 05:56:39.233876,STAL22,A41-209,4507,20000,-27.465317,154.261154,C-17A Globemaster,253,348,0,False,adsb_icao
ae5e11,2026-08-31 05:56:39.233882,UNK C/S,17-46036,0716,25025,28.4,48.5,KC-46A Pegasus,,,,False,mode_s
afa175,2026-08-31 05:56:39.233889,FLYER63,19-46111,3276,20500,25.8,57.2,KC-46A Pegasus,,,,False,mode_s
ae574d,2026-08-31 05:56:39.233893,UNK C/S,19-46007,0713,21700,25.9,51.1,KC-46A Pegasus,,,,False,mode_s
afde25,2026-08-31 05:56:39.233897,UNK C/S,,7000,Unavailable,35.3,-125.5,E-6B TACAMO,,,,False,mode_s
ae5e12,2026-08-31 05:56:39.233901,FLYER59,17-46037,1530,23050,25.4,54.9,KC-46A Pegasus,,,,False,mode_s
ae0587,2026-08-31 05:56:39.233905,RCH2022,87-0042,1716,35000,30.4,132.1,C-5M Galaxy,27,476,-64,False,mode_s
ae05a9,2026-08-31 05:56:39.233911,UNK C/S,63-8015,7716,19375,25.5,54.6,KC-135R Stratotanker,,,,False,mode_s
ae0414,2026-08-31 05:57:39.664393,UNK C/S,164387,3340,20150,39.676334,-122.169624,E-6B TACAMO,175,265,-921,False,mlat
ae63c6,2026-08-31 05:57:39.664411,PETRO61,21-46090,3606,26225,39.292259,-120.138046,KC-46A Pegasus,250,452,-1696,False,mlat
ae1197,2026-08-31 05:57:39.664419,RCH3260,03-3114,4044,36000,38.82061,-104.470459,C-17A Globemaster,260,395,0,False,adsb_icao
ae20c7,2026-08-31 05:57:39.664425,VOLT91,07-7186,0343,1725,31.060072,-92.888412,C-17A Globemaster,302,174,,False,adsb_icao
ae07e9,2026-08-31 05:57:39.664429,UNK C/S,95-0106,0344,3925,31.033464,-92.581223,C-17A Globemaster,295,231,-109,False,mlat
ae07cb,2026-08-31 05:57:39.664433,UNK C/S,88-0265,0345,3925,30.923435,-92.289986,C-17A Globemaster,269,256,-52,False,mlat
af0f64,2026-08-31 05:57:39.664438,UNK C/S,,3512,28000,37.081985,-79.591522,E-6B TACAMO,194,363,0,False,mlat
ae0568,2026-08-31 05:57:39.664443,RCH5051,86-0011,7354,36000,44.85442,-61.195038,C-5M Galaxy,65,536,0,False,mlat
ae07f6,2026-08-31 05:57:39.664446,RCH401,97-0044,2643,38000,49.512653,14.832812,C-17A Globemaster,284,379,0,False,mlat
ae123b,2026-08-31 05:57:39.664449,RCH197,04-4130,7711,31000,47.989567,18.471046,C-17A Globemaster,134,482,0,False,mlat
87cdf4,2026-08-31 05:57:39.664461,HARGR51,54-3616,7340,27000,32.909359,132.63855,KC-46A Pegasus,52,459,0,False,adsb_icao
7cf86c,2026-08-31 05:57:39.664471,STAL22,A41-209,4507,20000,-27.493519,154.156616,C-17A Globemaster,253,347,0,False,adsb_icao
ae5e11,2026-08-31 05:57:39.664476,UNK C/S,17-46036,0716,25025,28.4,48.5,KC-46A Pegasus,,,,False,mode_s
afa175,2026-08-31 05:57:39.664483,FLYER63,19-46111,3276,20500,25.4,55.8,KC-46A Pegasus,,,,False,mode_s
ae574d,2026-08-31 05:57:39.664486,UNK C/S,19-46007,0713,21100,28.2,48.8,KC-46A Pegasus,,,,False,mode_s
ae5e12,2026-08-31 05:57:39.664490,FLYER59,17-46037,1530,23025,24.8,54.7,KC-46A Pegasus,,,,False,mode_s
ae0587,2026-08-31 05:57:39.664493,RCH2022,87-0042,1716,35075,30.4,132.1,C-5M Galaxy,27,476,192,False,mode_s
ae05a9,2026-08-31 05:57:39.664499,UNK C/S,63-8015,7716,19800,25.9,54.7,KC-135R Stratotanker,,,,False,mode_s
ae0414,2026-08-31 05:58:40.109886,UNK C/S,164387,3340,19250,39.597679,-122.152565,E-6B TACAMO,173,270,-905,False,mlat
ae63c6,2026-08-31 05:58:40.109903,PETRO61,21-46090,3606,24425,39.246532,-120.294006,KC-46A Pegasus,250,466,-1821,False,mlat
ae1197,2026-08-31 05:58:40.109909,RCH3260,03-3114,4044,36000,38.802475,-104.607933,C-17A Globemaster,260,396,-64,False,adsb_icao
ae20c7,2026-08-31 05:58:40.109915,VOLT91,07-7186,0343,1650,31.062195,-92.892097,C-17A Globemaster,305,162,,False,adsb_icao
ae07e9,2026-08-31 05:58:40.109919,UNK C/S,95-0106,0344,3625,31.015751,-92.666328,C-17A Globemaster,259,279,-838,False,mlat
ae07cb,2026-08-31 05:58:40.109923,UNK C/S,88-0265,0345,3950,30.95192,-92.358566,C-17A Globemaster,294,241,80,False,mlat
af0f64,2026-08-31 05:58:40.109929,UNK C/S,,3512,28000,36.980083,-79.628883,E-6B TACAMO,185,306,0,False,mlat
ae0568,2026-08-31 05:58:40.109933,RCH5051,86-0011,7354,36025,44.918564,-61.008167,C-5M Galaxy,64,546,78,False,mlat
ae07f6,2026-08-31 05:58:40.109937,RCH401,97-0044,2643,38000,49.538643,14.680882,C-17A Globemaster,285,380,0,False,mlat
ae123b,2026-08-31 05:58:40.109940,RCH197,04-4130,7711,31000,47.886917,18.61911,C-17A Globemaster,135,506,0,False,mlat
87cdf4,2026-08-31 05:58:40.109952,HARGR51,54-3616,7340,27000,32.991478,132.754868,KC-46A Pegasus,42,463,0,False,adsb_icao
7cf86c,2026-08-31 05:58:40.109962,STAL22,A41-209,4507,20000,-27.516842,154.05188,C-17A Globemaster,271,345,32,False,adsb_icao
ae5e11,2026-08-31 05:58:40.109967,UNK C/S,17-46036,0716,25000,28.4,48.5,KC-46A Pegasus,,,,False,mode_s
afa175,2026-08-31 05:58:40.109974,FLYER63,19-46111,3276,20500,25.5,56.0,KC-46A Pegasus,,,,False,mode_s
ae574d,2026-08-31 05:58:40.109978,UNK C/S,19-46007,0713,20025,26.2,50.8,KC-46A Pegasus,,,,False,mode_s
ae5e12,2026-08-31 05:58:40.109983,FLYER59,17-46037,1530,23050,25.5,54.7,KC-46A Pegasus,,,,False,mode_s
ae0587,2026-08-31 05:58:40.109986,RCH2022,87-0042,1716,35000,30.7,131.9,C-5M Galaxy,26,476,-32,False,mode_s
ae05a9,2026-08-31 05:58:40.109991,UNK C/S,63-8015,7716,19800,26.0,54.7,KC-135R Stratotanker,,,,False,mode_s
ae0414,2026-08-31 05:59:40.539814,UNK C/S,164387,3340,18350,39.52494,-122.141792,E-6B TACAMO,172,273,-879,False,mlat
ae63c6,2026-08-31 05:59:40.539829,PETRO61,21-46090,3606,22575,39.201176,-120.442223,KC-46A Pegasus,248,452,-1521,False,mlat
ae1197,2026-08-31 05:59:40.539836,RCH3260,03-3114,4044,36000,38.783741,-104.747803,C-17A Globemaster,260,393,-64,False,adsb_icao
ae07e9,2026-08-31 05:59:40.539842,UNK C/S,95-0106,0344,2925,31.007689,-92.751022,C-17A Globemaster,266,240,-243,False,mlat
ae07cb,2026-08-31 05:59:40.539845,UNK C/S,88-0265,0345,3950,30.976065,-92.435539,C-17A Globemaster,290,249,0,False,mlat
af0f64,2026-08-31 05:59:40.539852,UNK C/S,,3512,28000,36.879208,-79.666809,E-6B TACAMO,198,356,0,False,mlat
ae0568,2026-08-31 05:59:40.539857,RCH5051,86-0011,7354,36000,44.980625,-60.819065,C-5M Galaxy,66,544,0,False,mlat
ae07f6,2026-08-31 05:59:40.539862,RCH401,97-0044,2643,38000,49.565285,14.530605,C-17A Globemaster,285,375,0,False,mlat
ae123b,2026-08-31 05:59:40.539865,RCH197,04-4130,7711,31000,47.785454,18.76874,C-17A Globemaster,134,508,0,False,mlat
87cdf4,2026-08-31 05:59:40.539878,HARGR51,54-3616,7340,27000,33.089844,132.855362,KC-46A Pegasus,40,463,0,False,adsb_icao
7cf86c,2026-08-31 05:59:40.539889,STAL22,A41-209,4507,20000,-27.500702,153.944931,C-17A Globemaster,280,346,0,False,adsb_icao
ae5e11,2026-08-31 05:59:40.539894,UNK C/S,17-46036,0716,25000,28.4,48.5,KC-46A Pegasus,,,,False,mode_s
afa175,2026-08-31 05:59:40.539901,FLYER63,19-46111,3276,20500,25.6,56.8,KC-46A Pegasus,,,,False,mode_s
ae574d,2026-08-31 05:59:40.539905,UNK C/S,19-46007,0713,18700,25.9,51.2,KC-46A Pegasus,,,,False,mode_s
ae5e12,2026-08-31 05:59:40.539909,FLYER59,17-46037,1530,23025,25.1,54.8,KC-46A Pegasus,,,,False,mode_s
ae0587,2026-08-31 05:59:40.539913,RCH2022,87-0042,1716,35000,30.7,131.5,C-5M Galaxy,26,476,0,False,mode_s
ae05a9,2026-08-31 05:59:40.539918,UNK C/S,63-8015,7716,19800,26.0,54.7,KC-135R Stratotanker,,,,False,mode_s
ae0414,2026-08-31 06:00:40.956359,UNK C/S,164387,3340,17450,39.450684,-122.128365,E-6B TACAMO,172,258,-910,False,mlat
ae63c6,2026-08-31 06:00:40.956377,PETRO61,21-46090,3606,20700,39.156849,-120.594048,KC-46A Pegasus,250,423,-2300,False,mlat
ae1197,2026-08-31 06:00:40.956384,RCH3260,03-3114,4044,36000,38.765167,-104.885696,C-17A Globemaster,260,394,-64,False,adsb_icao
ae20c7,2026-08-31 06:00:40.956389,VOLT91,07-7186,0343,1250,31.143028,-93.002182,C-17A Globemaster,311,156,0,False,adsb_icao
ae07e9,2026-08-31 06:00:40.956393,UNK C/S,95-0106,0344,2475,31.001801,-92.807716,C-17A Globemaster,262,182,-766,False,mlat
ae07cb,2026-08-31 06:00:40.956396,UNK C/S,88-0265,0345,3950,31.008394,-92.512062,C-17A Globemaster,288,253,0,False,mlat
af0f64,2026-08-31 06:00:40.956402,UNK C/S,,3512,28000,36.781837,-79.703232,E-6B TACAMO,187,406,0,False,mlat
ae0568,2026-08-31 06:00:40.956407,RCH5051,86-0011,7354,36000,45.0229,-60.675167,C-5M Galaxy,67,532,0,False,mlat
ae07f6,2026-08-31 06:00:40.956411,RCH401,97-0044,2643,38000,49.593079,14.368666,C-17A Globemaster,285,365,0,False,mlat
ae123b,2026-08-31 06:00:40.956414,RCH197,04-4130,7711,31000,47.691055,18.922209,C-17A Globemaster,133,495,0,False,mlat
87cdf4,2026-08-31 06:00:40.956428,HARGR51,54-3616,7340,27000,33.188625,132.956268,KC-46A Pegasus,40,464,0,False,adsb_icao
7cf86c,2026-08-31 06:00:40.956438,STAL22,A41-209,4507,20000,-27.483261,153.837769,C-17A Globemaster,280,346,0,False,adsb_icao
ae5e11,2026-08-31 06:00:40.956444,UNK C/S,17-46036,0716,25000,28.4,48.5,KC-46A Pegasus,,,,False,mode_s
afa175,2026-08-31 06:00:40.956452,FLYER63,19-46111,3276,20500,25.8,56.6,KC-46A Pegasus,,,,False,mode_s
ae574d,2026-08-31 06:00:40.956456,UNK C/S,19-46007,0713,16475,25.9,51.2,KC-46A Pegasus,,,,False,mode_s
ae5e12,2026-08-31 06:00:40.956461,FLYER59,17-46037,1530,23025,25.2,55.4,KC-46A Pegasus,,,,False,mode_s
ae0587,2026-08-31 06:00:40.956466,RCH2022,87-0042,1716,35000,30.4,131.8,C-5M Galaxy,33,476,96,False,mode_s
ae05a9,2026-08-31 06:00:40.956471,UNK C/S,63-8015,7716,19800,25.9,54.7,KC-135R Stratotanker,,,,False,mode_s
ae0414,2026-08-31 06:01:41.365290,UNK C/S,164387,3340,16525,39.373634,-122.115921,E-6B TACAMO,169,272,-879,False,mlat
ae63c6,2026-08-31 06:01:41.365308,PETRO61,21-46090,3606,18025,39.111038,-120.741829,KC-46A Pegasus,248,434,-2629,False,mlat
ae1197,2026-08-31 06:01:41.365315,RCH3260,03-3114,4044,36000,38.746078,-105.025635,C-17A Globemaster,260,395,0,False,adsb_icao
ae20c7,2026-08-31 06:01:41.365321,VOLT91,07-7186,0343,1575,31.177917,-93.043968,C-17A Globemaster,315,176,,False,adsb_icao
ae07e9,2026-08-31 06:01:41.365325,UNK C/S,95-0106,0344,1725,31.012012,-92.836571,C-17A Globemaster,264,151,-1015,False,mlat
ae07cb,2026-08-31 06:01:41.365328,UNK C/S,88-0265,0345,3950,31.014681,-92.585999,C-17A Globemaster,292,250,0,False,mlat
af0f64,2026-08-31 06:01:41.365334,UNK C/S,,3512,28000,36.679092,-79.738777,E-6B TACAMO,191,368,-52,False,mlat
ae07f6,2026-08-31 06:01:41.365338,RCH401,97-0044,2643,38000,49.618786,14.214634,C-17A Globemaster,283,375,0,False,mlat
ae123b,2026-08-31 06:01:41.365341,RCH197,04-4130,7711,31000,47.595982,19.071684,C-17A Globemaster,133,496,0,False,mlat
87cdf4,2026-08-31 06:01:41.365355,HARGR51,54-3616,7340,27000,33.286854,133.057053,KC-46A Pegasus,40,462,0,False,adsb_icao
7cf86c,2026-08-31 06:01:41.365366,STAL22,A41-209,4507,20000,-27.4655,153.730453,C-17A Globemaster,280,345,-32,False,adsb_icao
ae5e11,2026-08-31 06:01:41.365371,UNK C/S,17-46036,0716,25000,28.4,48.5,KC-46A Pegasus,,,,False,mode_s
ae0568,2026-08-31 06:01:41.365376,RCH5051,86-0011,7354,36000,45.9,-61.7,C-5M Galaxy,,,,False,mode_s
afde25,2026-08-31 06:01:41.365383,UNK C/S,,7000,Unavailable,36.8,-124.6,E-6B TACAMO,,,,False,mode_s
afa175,2026-08-31 06:01:41.365386,FLYER63,19-46111,3276,20500,25.7,58.5,KC-46A Pegasus,,,,False,mode_s
ae574d,2026-08-31 06:01:41.365390,UNK C/S,19-46007,0713,13900,26.0,51.4,KC-46A Pegasus,,,,False,mode_s
ae5e12,2026-08-31 06:01:41.365395,FLYER59,17-46037,1530,23025,25.3,55.5,KC-46A Pegasus,,,,False,mode_s
ae0587,2026-08-31 06:01:41.365399,RCH2022,87-0042,1716,35000,30.4,132.1,C-5M Galaxy,33,476,-64,False,mode_s
ae0414,2026-08-31 06:02:41.731825,UNK C/S,164387,3340,15625,39.302837,-122.102242,E-6B TACAMO,171,267,-896,False,mlat
ae63c6,2026-08-31 06:02:41.731844,PETRO61,21-46090,3606,16125,39.068584,-120.879288,KC-46A Pegasus,248,409,-1114,False,mlat
ae1197,2026-08-31 06:02:41.731851,RCH3260,03-3114,4044,36000,38.726761,-105.166451,C-17A Globemaster,260,405,-64,False,adsb_icao
ae20c7,2026-08-31 06:02:41.731856,VOLT91,07-7186,0343,2675,31.237656,-93.062653,C-17A Globemaster,22,249,,False,adsb_icao
ae07cb,2026-08-31 06:02:41.731860,UNK C/S,88-0265,0345,3450,31.016018,-92.678825,C-17A Globemaster,262,278,-934,False,mlat
af0f64,2026-08-31 06:02:41.731866,UNK C/S,,3512,28000,36.606907,-79.653778,E-6B TACAMO,96,411,0,False,mlat
ae07f6,2026-08-31 06:02:41.731871,RCH401,97-0044,2643,38000,49.646049,14.059732,C-17A Globemaster,283,366,0,False,mlat
ae123b,2026-08-31 06:02:41.731873,RCH197,04-4130,7711,31000,47.502934,19.217892,C-17A Globemaster,132,498,0,False,mlat
87cdf4,2026-08-31 06:02:41.731886,HARGR51,54-3616,7340,27000,33.385544,133.158722,KC-46A Pegasus,40,462,0,False,adsb_icao
7cf86c,2026-08-31 06:02:41.731896,STAL22,A41-209,4507,20000,-27.447805,153.624252,C-17A Globemaster,280,346,-64,False,adsb_icao
ae5e11,2026-08-31 06:02:41.731901,UNK C/S,17-46036,0716,25000,28.4,48.5,KC-46A Pegasus,,,,False,mode_s
ae0568,2026-08-31 06:02:41.731905,RCH5051,86-0011,7354,36000,46.7,-61.2,C-5M Galaxy,,,,False,mode_s
afde25,2026-08-31 06:02:41.731912,UNK C/S,,7000,Unavailable,37.4,-124.3,E-6B TACAMO,,,,False,mode_s
afa175,2026-08-31 06:02:41.731916,FLYER63,19-46111,3276,20500,25.5,59.0,KC-46A Pegasus,,,,False,mode_s
ae574d,2026-08-31 06:02:41.731920,UNK C/S,19-46007,0713,11425,26.1,51.4,KC-46A Pegasus,,,,False,mode_s
ae5e12,2026-08-31 06:02:41.731924,FLYER59,17-46037,1530,23025,25.7,59.8,KC-46A Pegasus,,,,False,mode_s
ae0587,2026-08-31 06:02:41.731928,RCH2022,87-0042,1716,35000,30.8,131.7,C-5M Galaxy,33,476,-32,False,mode_s
ae0414,2026-08-31 06:03:42.095475,UNK C/S,164387,3340,14725,39.231113,-122.090302,E-6B TACAMO,173,284,-922,False,mlat
ae63c6,2026-08-31 06:03:42.095492,PETRO61,21-46090,3606,15850,39.027122,-121.013466,KC-46A Pegasus,248,369,-668,False,mlat
ae1197,2026-08-31 06:03:42.095499,RCH3260,03-3114,4044,36000,38.70726,-105.307358,C-17A Globemaster,260,397,-64,False,adsb_icao
ae20c7,2026-08-31 06:03:42.095505,VOLT91,07-7186,0343,2950,31.278763,-93.002068,C-17A Globemaster,77,238,,False,adsb_icao
ae07cb,2026-08-31 06:03:42.095508,UNK C/S,88-0265,0345,2950,31.008551,-92.764473,C-17A Globemaster,265,250,-200,False,mlat
af0f64,2026-08-31 06:03:42.095514,UNK C/S,,3512,28000,36.653549,-79.550545,E-6B TACAMO,28,394,14,False,mlat
ae07f6,2026-08-31 06:03:42.095518,RCH401,97-0044,2643,38000,49.669662,13.91032,C-17A Globemaster,284,373,0,False,mlat
ae123b,2026-08-31 06:03:42.095521,RCH197,04-4130,7711,31000,47.40778,19.370138,C-17A Globemaster,131,504,0,False,mlat
87cdf4,2026-08-31 06:03:42.095534,HARGR51,54-3616,7340,27000,33.482483,133.258774,KC-46A Pegasus,40,462,0,False,adsb_icao
7cf86c,2026-08-31 06:03:42.095543,STAL22,A41-209,4507,20000,-27.430023,153.518021,C-17A Globemaster,280,346,0,False,adsb_icao
ae5e11,2026-08-31 06:03:42.095549,UNK C/S,17-46036,0716,25000,28.4,48.5,KC-46A Pegasus,,,,False,mode_s
ae0568,2026-08-31 06:03:42.095553,RCH5051,86-0011,7354,36000,46.2,-60.3,C-5M Galaxy,,,,False,mode_s
afde25,2026-08-31 06:03:42.095561,UNK C/S,,7000,Unavailable,37.4,-124.2,E-6B TACAMO,,,,False,mode_s
afa175,2026-08-31 06:03:42.095565,FLYER63,19-46111,3276,20500,25.5,59.3,KC-46A Pegasus,,,,False,mode_s
ae574d,2026-08-31 06:03:42.095569,UNK C/S,19-46007,0713,9100,26.1,51.5,KC-46A Pegasus,,,,False,mode_s
ae5e12,2026-08-31 06:03:42.095574,FLYER59,17-46037,1530,23025,25.0,54.6,KC-46A Pegasus,,,,False,mode_s
ae0587,2026-08-31 06:03:42.095578,RCH2022,87-0042,1716,35000,30.8,131.5,C-5M Galaxy,33,476,32,False,mode_s
ae0414,2026-08-31 06:04:42.411678,UNK C/S,164387,3340,13625,39.162121,-122.077934,E-6B TACAMO,167,214,-1296,False,mlat
ae63c6,2026-08-31 06:04:42.411710,PETRO61,21-46090,3606,14075,38.98959,-121.13578,KC-46A Pegasus,250,359,-1922,False,mlat
ae1197,2026-08-31 06:04:42.411717,RCH3260,03-3114,4044,36000,38.687748,-105.446228,C-17A Globemaster,259,399,0,False,adsb_icao
ae20c7,2026-08-31 06:04:42.411723,VOLT91,07-7186,0343,2975,31.256424,-92.932487,C-17A Globemaster,125,233,,False,adsb_icao
ae07cb,2026-08-31 06:04:42.411727,UNK C/S,88-0265,0345,2925,31.002518,-92.820862,C-17A Globemaster,264,157,0,False,mlat
af0f64,2026-08-31 06:04:42.411732,UNK C/S,,3512,28000,36.738506,-79.464363,E-6B TACAMO,39,375,0,False,mlat
ae07f6,2026-08-31 06:04:42.411737,RCH401,97-0044,2643,38000,49.696159,13.757742,C-17A Globemaster,284,363,0,False,mlat
ae123b,2026-08-31 06:04:42.411740,RCH197,04-4130,7711,31000,47.316544,19.510921,C-17A Globemaster,132,494,0,False,mlat
87cdf4,2026-08-31 06:04:42.411756,HARGR51,54-3616,7340,27000,33.580551,133.360352,KC-46A Pegasus,40,464,0,False,adsb_icao
7cf86c,2026-08-31 06:04:42.411765,STAL22,A41-209,4507,20000,-27.4121,153.411179,C-17A Globemaster,280,346,-64,False,adsb_icao
ae5e11,2026-08-31 06:04:42.411771,UNK C/S,17-46036,0716,25025,28.4,48.5,KC-46A Pegasus,,,,False,mode_s
ae0568,2026-08-31 06:04:42.411775,RCH5051,86-0011,7354,36000,45.9,-59.9,C-5M Galaxy,,,,False,mode_s
ae07e9,2026-08-31 06:04:42.411779,UNK C/S,95-0106,0344,Unavailable,30.7,-92.7,C-17A Globemaster,,,,False,mode_s
afde25,2026-08-31 06:04:42.411786,UNK C/S,,7000,Unavailable,37.6,-124.1,E-6B TACAMO,,,,False,mode_s
afa175,2026-08-31 06:04:42.411790,FLYER63,19-46111,3276,20500,25.4,59.3,KC-46A Pegasus,,,,False,mode_s
ae574d,2026-08-31 06:04:42.411794,UNK C/S,19-46007,0713,6900,25.8,51.4,KC-46A Pegasus,,,,False,mode_s
ae5e12,2026-08-31 06:04:42.411798,FLYER59,17-46037,1530,23050,25.5,58.4,KC-46A Pegasus,,,,False,mode_s
ae0587,2026-08-31 06:04:42.411803,RCH2022,87-0042,1716,35000,30.4,132.3,C-5M Galaxy,34,476,0,False,mode_s
ae0414,2026-08-31 06:05:42.775675,UNK C/S,164387,3340,12675,39.090382,-122.066872,E-6B TACAMO,171,248,-961,False,mlat
ae63c6,2026-08-31 06:05:42.775691,PETRO61,21-46090,3606,12200,38.953896,-121.251656,KC-46A Pegasus,248,355,-1752,False,mlat
ae1197,2026-08-31 06:05:42.775699,RCH3260,03-3114,4044,36000,38.667984,-105.586258,C-17A Globemaster,259,398,0,False,adsb_icao
ae20c7,2026-08-31 06:05:42.775704,VOLT91,07-7186,0343,2950,31.218582,-92.871277,C-17A Globemaster,125,234,,False,adsb_icao
ae07cb,2026-08-31 06:05:42.775708,UNK C/S,88-0265,0345,2950,31.034267,-92.864906,C-17A Globemaster,317,191,0,False,mlat
af0f64,2026-08-31 06:05:42.775713,UNK C/S,,3512,28000,36.818096,-79.384644,E-6B TACAMO,39,370,0,False,mlat
ae07f6,2026-08-31 06:05:42.775717,RCH401,97-0044,2643,38000,49.718349,13.610096,C-17A Globemaster,284,387,0,False,mlat
ae123b,2026-08-31 06:05:42.775720,RCH197,04-4130,7711,31000,47.226048,19.650192,C-17A Globemaster,133,493,0,False,mlat
87cdf4,2026-08-31 06:05:42.775733,HARGR51,54-3616,7340,27000,33.679367,133.463028,KC-46A Pegasus,40,465,0,False,adsb_icao
7cf86c,2026-08-31 06:05:42.775742,STAL22,A41-209,4507,20000,-27.394037,153.304062,C-17A Globemaster,280,346,0,False,adsb_icao
ae5e11,2026-08-31 06:05:42.775748,UNK C/S,17-46036,0716,25000,28.4,48.5,KC-46A Pegasus,,,,False,mode_s
ae0568,2026-08-31 06:05:42.775753,RCH5051,86-0011,7354,36000,45.7,-59.2,C-5M Galaxy,,,,False,mode_s
ae07e9,2026-08-31 06:05:42.775756,UNK C/S,95-0106,0344,1350,31.3,-92.7,C-17A Globemaster,,,,False,mode_s
afde25,2026-08-31 06:05:42.775762,UNK C/S,,7000,Unavailable,37.7,-124.0,E-6B TACAMO,,,,False,mode_s
afa175,2026-08-31 06:05:42.775766,FLYER63,19-46111,3276,20525,25.6,58.6,KC-46A Pegasus,,,,False,mode_s
ae574d,2026-08-31 06:05:42.775770,UNK C/S,19-46007,0713,6375,26.0,51.3,KC-46A Pegasus,,,,False,mode_s
ae5e12,2026-08-31 06:05:42.775775,FLYER59,17-46037,1530,23025,25.2,57.6,KC-46A Pegasus,,,,False,mode_s
ae0587,2026-08-31 06:05:42.775779,RCH2022,87-0042,1716,35000,31.1,131.6,C-5M Galaxy,34,478,0,False,mode_s
ae0414,2026-08-31 06:06:43.090924,UNK C/S,164387,3340,11725,39.022758,-122.055687,E-6B TACAMO,171,235,-958,False,mlat
ae63c6,2026-08-31 06:06:43.090939,PETRO61,21-46090,3606,10900,38.92049,-121.358223,KC-46A Pegasus,248,296,-1643,False,mlat
ae1197,2026-08-31 06:06:43.090947,RCH3260,03-3114,4044,36000,38.648132,-105.725647,C-17A Globemaster,259,400,0,False,adsb_icao
ae07cb,2026-08-31 06:06:43.090952,UNK C/S,88-0265,0345,2925,31.067059,-92.906166,C-17A Globemaster,312,141,69,False,mlat
ae20c7,2026-08-31 06:06:43.090955,VOLT91,07-7186,0343,2950,31.18148,-92.811234,C-17A Globemaster,125,234,,False,adsb_icao
af0f64,2026-08-31 06:06:43.090962,UNK C/S,,3512,28000,36.899254,-79.302925,E-6B TACAMO,39,376,0,False,mlat
ae07f6,2026-08-31 06:06:43.090966,RCH401,97-0044,2643,38025,49.745697,13.451179,C-17A Globemaster,285,374,0,False,mlat
ae123b,2026-08-31 06:06:43.090969,RCH197,04-4130,7711,31000,47.131031,19.79809,C-17A Globemaster,134,483,0,False,mlat
87cdf4,2026-08-31 06:06:43.090985,HARGR51,54-3616,7340,27000,33.7771,133.56488,KC-46A Pegasus,41,465,0,False,adsb_icao
7cf86c,2026-08-31 06:06:43.090999,STAL22,A41-209,4507,20000,-27.37602,153.197845,C-17A Globemaster,280,347,-32,False,adsb_icao
ae5e11,2026-08-31 06:06:43.091004,UNK C/S,17-46036,0716,25000,28.4,48.5,KC-46A Pegasus,,,,False,mode_s
ae0568,2026-08-31 06:06:43.091009,RCH5051,86-0011,7354,36000,46.1,-59.5,C-5M Galaxy,,,,False,mode_s
ae07e9,2026-08-31 06:06:43.091012,UNK C/S,95-0106,0344,2125,31.5,-92.8,C-17A Globemaster,,,,False,mode_s
afde25,2026-08-31 06:06:43.091018,UNK C/S,,7000,Unavailable,37.7,-124.0,E-6B TACAMO,,,,False,mode_s
afa175,2026-08-31 06:06:43.091022,FLYER63,19-46111,3276,20500,25.7,59.2,KC-46A Pegasus,,,,False,mode_s
ae574d,2026-08-31 06:06:43.091026,UNK C/S,19-46007,0713,6375,25.8,51.1,KC-46A Pegasus,,,,False,mode_s
ae5e12,2026-08-31 06:06:43.091031,FLYER59,17-46037,1530,23050,25.7,59.8,KC-46A Pegasus,,,,False,mode_s
ae0587,2026-08-31 06:06:43.091036,RCH2022,87-0042,1716,35000,31.9,131.9,C-5M Galaxy,33,478,0,False,mode_s
ae0414,2026-08-31 06:07:43.461611,UNK C/S,164387,3340,11125,38.954327,-122.044922,E-6B TACAMO,172,232,-94,False,mlat
ae63c6,2026-08-31 06:07:43.461627,PETRO61,21-46090,3606,9750,38.888069,-121.462357,KC-46A Pegasus,248,303,-1212,False,mlat
ae1197,2026-08-31 06:07:43.461634,RCH3260,03-3114,4044,36000,38.628021,-105.865631,C-17A Globemaster,259,395,-64,False,adsb_icao
ae07cb,2026-08-31 06:07:43.461639,UNK C/S,88-0265,0345,2950,31.096359,-92.943497,C-17A Globemaster,312,151,0,False,mlat
ae20c7,2026-08-31 06:07:43.461643,VOLT91,07-7186,0343,2950,31.141632,-92.746475,C-17A Globemaster,125,235,,False,adsb_icao
af0f64,2026-08-31 06:07:43.461649,UNK C/S,,3512,28000,36.977676,-79.223534,E-6B TACAMO,40,371,0,False,mlat
ae07f6,2026-08-31 06:07:43.461670,RCH401,97-0044,2643,38000,49.770988,13.289027,C-17A Globemaster,284,381,-17,False,mlat
ae123b,2026-08-31 06:07:43.461676,RCH197,04-4130,7711,31000,47.037975,19.942368,C-17A Globemaster,132,502,0,False,mlat
87cdf4,2026-08-31 06:07:43.461705,HARGR51,54-3616,7340,27000,33.875412,133.66774,KC-46A Pegasus,41,467,0,False,adsb_icao
7cf86c,2026-08-31 06:07:43.461718,STAL22,A41-209,4507,20000,-27.396561,153.095001,C-17A Globemaster,232,351,-64,False,adsb_icao
ae5e11,2026-08-31 06:07:43.461724,UNK C/S,17-46036,0716,25000,28.4,48.5,KC-46A Pegasus,,,,False,mode_s
ae0568,2026-08-31 06:07:43.461728,RCH5051,86-0011,7354,36000,46.1,-59.5,C-5M Galaxy,,,,False,mode_s
ae07e9,2026-08-31 06:07:43.461731,UNK C/S,95-0106,0344,2975,31.2,-92.7,C-17A Globemaster,,,,False,mode_s
afa175,2026-08-31 06:07:43.461738,FLYER63,19-46111,3276,20525,25.7,59.0,KC-46A Pegasus,,,,False,mode_s
ae574d,2026-08-31 06:07:43.461743,UNK C/S,19-46007,0713,6375,26.1,51.5,KC-46A Pegasus,,,,False,mode_s
ae5e12,2026-08-31 06:07:43.461748,FLYER59,17-46037,1530,23025,25.7,59.2,KC-46A Pegasus,,,,False,mode_s
ae0587,2026-08-31 06:07:43.461752,RCH2022,87-0042,1716,35000,32.4,131.7,C-5M Galaxy,33,478,-32,False,mode_s
ae0414,2026-08-31 06:08:43.892860,UNK C/S,164387,3340,10725,38.890095,-122.033478,E-6B TACAMO,170,239,-919,False,mlat
ae63c6,2026-08-31 06:08:43.892877,PETRO61,21-46090,3606,8300,38.858173,-121.556641,KC-46A Pegasus,248,287,-1492,False,mlat
ae1197,2026-08-31 06:08:43.892883,RCH3260,03-3114,4044,36000,38.60791,-106.004333,C-17A Globemaster,259,396,-64,False,adsb_icao
ae07cb,2026-08-31 06:08:43.892888,UNK C/S,88-0265,0345,2950,31.12586,-92.979385,C-17A Globemaster,315,154,0,False,mlat
ae20c7,2026-08-31 06:08:43.892892,VOLT91,07-7186,0343,2900,31.103319,-92.685608,C-17A Globemaster,133,239,,False,adsb_icao
af0f64,2026-08-31 06:08:43.892897,UNK C/S,,3512,28000,37.062557,-79.137177,E-6B TACAMO,38,389,0,False,mlat
ae07f6,2026-08-31 06:08:43.892902,RCH401,97-0044,2643,38000,49.794991,13.139845,C-17A Globemaster,285,367,0,False,mlat
ae123b,2026-08-31 06:08:43.892905,RCH197,04-4130,7711,31000,46.938881,20.090006,C-17A Globemaster,135,487,0,False,mlat
87cdf4,2026-08-31 06:08:43.892916,HARGR51,54-3616,7340,27000,33.974396,133.7715,KC-46A Pegasus,41,469,0,False,adsb_icao
7cf86c,2026-08-31 06:08:43.892927,STAL22,A41-209,4507,20000,-27.456024,153.007584,C-17A Globemaster,232,351,0,False,adsb_icao
ae5e11,2026-08-31 06:08:43.892932,UNK C/S,17-46036,0716,25000,28.4,48.5,KC-46A Pegasus,,,,False,mode_s
ae0568,2026-08-31 06:08:43.892936,RCH5051,86-0011,7354,36000,45.7,-59.3,C-5M Galaxy,,,,False,mode_s
ae07e9,2026-08-31 06:08:43.892940,UNK C/S,95-0106,0344,2950,31.1,-92.8,C-17A Globemaster,,,,False,mode_s
afa175,2026-08-31 06:08:43.892946,FLYER63,19-46111,3276,20500,25.7,56.9,KC-46A Pegasus,,,,False,mode_s
ae574d,2026-08-31 06:08:43.892950,UNK C/S,19-46007,0713,6375,26.0,51.3,KC-46A Pegasus,,,,False,mode_s
ae5e12,2026-08-31 06:08:43.892955,FLYER59,17-46037,1530,23025,25.7,57.5,KC-46A Pegasus,,,,False,mode_s
ae0587,2026-08-31 06:08:43.892958,RCH2022,87-0042,1716,35000,32.2,131.6,C-5M Galaxy,34,478,-32,False,mode_s
ae0414,2026-08-31 06:09:44.305204,UNK C/S,164387,3340,9725,38.82711,-122.023529,E-6B TACAMO,174,231,-987,False,mlat
ae63c6,2026-08-31 06:09:44.305219,PETRO61,21-46090,3606,8125,38.828075,-121.650467,KC-46A Pegasus,247,289,36,False,mlat
ae1197,2026-08-31 06:09:44.305226,RCH3260,03-3114,4044,36000,38.587418,-106.144173,C-17A Globemaster,259,402,0,False,adsb_icao
ae07cb,2026-08-31 06:09:44.305230,UNK C/S,88-0265,0345,2950,31.153494,-93.011757,C-17A Globemaster,313,150,0,False,mlat
ae20c7,2026-08-31 06:09:44.305234,VOLT91,07-7186,0343,1750,31.040863,-92.680931,C-17A Globemaster,214,247,,False,adsb_icao
af0f64,2026-08-31 06:09:44.305240,UNK C/S,,3512,27350,37.141907,-79.055984,E-6B TACAMO,40,356,-986,False,mlat
ae07f6,2026-08-31 06:09:44.305243,RCH401,97-0044,2643,36375,49.821018,12.976711,C-17A Globemaster,283,354,-1963,False,mlat
ae123b,2026-08-31 06:09:44.305246,RCH197,04-4130,7711,31000,46.843861,20.237274,C-17A Globemaster,134,489,0,False,mlat
87cdf4,2026-08-31 06:09:44.305259,HARGR51,54-3616,7340,27000,34.073586,133.876022,KC-46A Pegasus,41,470,-64,False,adsb_icao
7cf86c,2026-08-31 06:09:44.305269,STAL22,A41-209,4507,20000,-27.516357,152.919174,C-17A Globemaster,229,352,32,False,adsb_icao
ae5e11,2026-08-31 06:09:44.305274,UNK C/S,17-46036,0716,25000,28.4,48.5,KC-46A Pegasus,,,,False,mode_s
ae0568,2026-08-31 06:09:44.305278,RCH5051,86-0011,7354,36000,45.8,-59.3,C-5M Galaxy,,,,False,mode_s
ae07e9,2026-08-31 06:09:44.305281,UNK C/S,95-0106,0344,2950,31.2,-92.7,C-17A Globemaster,,,,False,mode_s
afa175,2026-08-31 06:09:44.305289,FLYER63,19-46111,3276,20500,25.7,57.0,KC-46A Pegasus,,,,False,mode_s
ae574d,2026-08-31 06:09:44.305292,UNK C/S,19-46007,0713,6350,25.9,51.4,KC-46A Pegasus,,,,False,mode_s
ae5e12,2026-08-31 06:09:44.305297,FLYER59,17-46037,1530,23025,25.8,57.1,KC-46A Pegasus,,,,False,mode_s
ae0587,2026-08-31 06:09:44.305300,RCH2022,87-0042,1716,35000,32.0,132.0,C-5M Galaxy,33,476,0,False,mode_s
ae0414,2026-08-31 06:10:44.691448,UNK C/S,164387,3340,8750,38.75684,-122.012161,E-6B TACAMO,170,241,-964,False,mlat
ae63c6,2026-08-31 06:10:44.691465,PETRO61,21-46090,3606,8125,38.798916,-121.74511,KC-46A Pegasus,248,280,0,False,mlat
ae1197,2026-08-31 06:10:44.691471,RCH3260,03-3114,4044,36000,38.566956,-106.28299,C-17A Globemaster,259,396,0,False,adsb_icao
ae07cb,2026-08-31 06:10:44.691477,UNK C/S,88-0265,0345,2950,31.166147,-93.028999,C-17A Globemaster,311,166,0,False,mlat
ae20c7,2026-08-31 06:10:44.691481,VOLT91,07-7186,0343,1550,31.032257,-92.691544,C-17A Globemaster,226,249,,False,adsb_icao
af0f64,2026-08-31 06:10:44.691486,UNK C/S,,3512,26300,37.215977,-78.979515,E-6B TACAMO,41,342,-1216,False,mlat
ae07f6,2026-08-31 06:10:44.691490,RCH401,97-0044,2643,36000,49.843613,12.827846,C-17A Globemaster,282,349,0,False,mlat
ae123b,2026-08-31 06:10:44.691493,RCH197,04-4130,7711,31000,46.746845,20.383167,C-17A Globemaster,132,501,0,False,mlat
87cdf4,2026-08-31 06:10:44.691504,HARGR51,54-3616,7340,27000,34.171856,133.978043,KC-46A Pegasus,35,468,-128,False,adsb_icao
7cf86c,2026-08-31 06:10:44.691515,STAL22,A41-209,4507,20000,-27.597656,152.85936,C-17A Globemaster,209,353,-64,False,adsb_icao
ae5e11,2026-08-31 06:10:44.691521,UNK C/S,17-46036,0716,25000,28.4,48.5,KC-46A Pegasus,,,,False,mode_s
ae0568,2026-08-31 06:10:44.691525,RCH5051,86-0011,7354,36025,45.6,-59.3,C-5M Galaxy,,,,False,mode_s
ae07e9,2026-08-31 06:10:44.691528,UNK C/S,95-0106,0344,2950,31.1,-92.6,C-17A Globemaster,,,,False,mode_s
afa175,2026-08-31 06:10:44.691535,FLYER63,19-46111,3276,20500,25.9,56.3,KC-46A Pegasus,,,,False,mode_s
ae574d,2026-08-31 06:10:44.691539,UNK C/S,19-46007,0713,5350,26.1,51.5,KC-46A Pegasus,,,,False,mode_s
ae5e12,2026-08-31 06:10:44.691543,FLYER59,17-46037,1530,23025,25.5,57.0,KC-46A Pegasus,,,,False,mode_s
ae0587,2026-08-31 06:10:44.691547,RCH2022,87-0042,1716,35000,32.3,131.6,C-5M Galaxy,34,476,-64,False,mode_s
ae0414,2026-08-31 06:11:45.142871,UNK C/S,164387,3340,7725,38.689827,-122.000229,E-6B TACAMO,168,253,-1018,False,mlat
ae63c6,2026-08-31 06:11:45.142888,PETRO61,21-46090,3606,8125,38.771587,-121.834854,KC-46A Pegasus,246,291,0,False,mlat
ae1197,2026-08-31 06:11:45.142896,RCH3260,03-3114,4044,36000,38.54623,-106.422302,C-17A Globemaster,259,397,0,False,adsb_icao
af0f64,2026-08-31 06:11:45.142902,UNK C/S,,3512,23575,37.296555,-78.897659,E-6B TACAMO,40,376,-2114,False,mlat
ae07f6,2026-08-31 06:11:45.142907,RCH401,97-0044,0620,36000,49.898449,12.706168,C-17A Globemaster,319,401,0,False,mlat
ae123b,2026-08-31 06:11:45.142910,RCH197,04-4130,7711,31000,46.658417,20.51679,C-17A Globemaster,134,497,0,False,mlat
87cdf4,2026-08-31 06:11:45.142923,HARGR51,54-3616,7340,27000,34.293869,133.993805,KC-46A Pegasus,344,443,128,False,adsb_icao
7cf86c,2026-08-31 06:11:45.142934,STAL22,A41-209,4507,20000,-27.683544,152.803711,C-17A Globemaster,210,351,-32,False,adsb_icao
ae0568,2026-08-31 06:11:45.142940,RCH5051,86-0011,7354,36000,46.0,-60.0,C-5M Galaxy,,,,False,mode_s
ae574d,2026-08-31 06:11:45.142945,UNK C/S,19-46007,0713,4700,25.9,51.5,KC-46A Pegasus,,,,False,mode_s
ae5e11,2026-08-31 06:11:45.142949,UNK C/S,17-46036,0716,25000,28.4,48.5,KC-46A Pegasus,,,,False,mode_s
ae07cb,2026-08-31 06:11:45.142954,UNK C/S,88-0265,0345,3000,31.1,-92.8,C-17A Globemaster,,,,False,mode_s
ae5e12,2026-08-31 06:11:45.142959,FLYER59,17-46037,1530,22825,25.7,55.3,KC-46A Pegasus,,,,False,mode_s
afa175,2026-08-31 06:11:45.142961,FLYER63,19-46111,3276,20500,25.1,58.3,KC-46A Pegasus,,,,False,mode_s
ae0587,2026-08-31 06:11:45.142968,RCH2022,87-0042,1716,35000,32.4,131.5,C-5M Galaxy,34,478,0,False,mode_s
ae07e9,2026-08-31 06:11:45.142971,UNK C/S,95-0106,0344,2950,30.7,-92.7,C-17A Globemaster,,,,False,mode_s
ae0414,2026-08-31 06:12:45.509498,UNK C/S,164387,3340,6725,38.61787,-121.988785,E-6B TACAMO,166,255,-994,False,mlat
ae63c6,2026-08-31 06:12:45.509516,PETRO61,21-46090,3606,8125,38.74049,-121.932899,KC-46A Pegasus,245,264,0,False,mlat
ae1197,2026-08-31 06:12:45.509523,RCH3260,03-3114,4044,36000,38.525757,-106.558609,C-17A Globemaster,259,385,-128,False,adsb_icao
af0f64,2026-08-31 06:12:45.509531,UNK C/S,,3512,21850,37.372627,-78.819778,E-6B TACAMO,46,306,-1559,False,mlat
ae07f6,2026-08-31 06:12:45.509535,RCH401,97-0044,0620,36000,49.975574,12.588613,C-17A Globemaster,315,373,0,False,mlat
ae123b,2026-08-31 06:12:45.509538,RCH197,04-4130,7711,31000,46.559963,20.666765,C-17A Globemaster,134,474,0,False,mlat
87cdf4,2026-08-31 06:12:45.509552,HARGR51,54-3616,7340,27000,34.41309,133.953445,KC-46A Pegasus,343,442,0,False,adsb_icao
7cf86c,2026-08-31 06:12:45.509562,STAL22,A41-209,4507,20000,-27.771063,152.75354,C-17A Globemaster,204,355,-32,False,adsb_icao
ae0568,2026-08-31 06:12:45.509568,RCH5051,86-0011,7354,36000,45.6,-59.7,C-5M Galaxy,,,,False,mode_s
ae574d,2026-08-31 06:12:45.509573,UNK C/S,19-46007,0713,Unavailable,25.7,51.3,KC-46A Pegasus,,,,False,mode_s
ae5e11,2026-08-31 06:12:45.509577,UNK C/S,17-46036,0716,25000,28.4,48.5,KC-46A Pegasus,,,,False,mode_s
ae07cb,2026-08-31 06:12:45.509582,UNK C/S,88-0265,0345,2950,31.1,-92.7,C-17A Globemaster,,,,False,mode_s
ae5e12,2026-08-31 06:12:45.509587,FLYER59,17-46037,1530,22550,25.0,57.2,KC-46A Pegasus,,,,False,mode_s
afa175,2026-08-31 06:12:45.509590,FLYER63,19-46111,3276,20500,25.5,55.0,KC-46A Pegasus,,,,False,mode_s
ae0587,2026-08-31 06:12:45.509597,RCH2022,87-0042,1716,35000,32.6,131.4,C-5M Galaxy,34,480,-64,False,mode_s
ae07e9,2026-08-31 06:12:45.509601,UNK C/S,95-0106,0344,2950,30.7,-92.6,C-17A Globemaster,,,,False,mode_s
ae63c6,2026-08-31 06:13:45.957169,PETRO61,21-46090,3606,7600,38.690125,-122.005325,KC-46A Pegasus,189,376,-1031,False,mlat
ae0414,2026-08-31 06:13:45.957186,UNK C/S,164387,3340,5700,38.546867,-121.977287,E-6B TACAMO,177,274,-1005,False,mlat
ae1197,2026-08-31 06:13:45.957193,RCH3260,03-3114,4044,36000,38.505032,-106.695679,C-17A Globemaster,259,397,128,False,adsb_icao
ae07e9,2026-08-31 06:13:45.957199,UNK C/S,95-0106,0344,2950,31.130257,-92.727577,C-17A Globemaster,,,0,False,mode_s
af0f64,2026-08-31 06:13:45.957205,UNK C/S,,3512,20275,37.442139,-78.728043,E-6B TACAMO,68,365,-1514,False,mlat
ae07f6,2026-08-31 06:13:45.957209,RCH401,97-0044,0620,36000,50.048717,12.476524,C-17A Globemaster,316,381,0,False,mlat
ae123b,2026-08-31 06:13:45.957213,RCH197,04-4130,7711,31000,46.456863,20.818062,C-17A Globemaster,134,497,0,False,mlat
ae0587,2026-08-31 06:13:45.957227,RCH2022,87-0042,1716,35000,31.892591,132.206528,C-5M Galaxy,34,480,0,False,mlat
87cdf4,2026-08-31 06:13:45.957231,HARGR51,54-3616,7340,27000,34.532452,133.911377,KC-46A Pegasus,343,442,0,False,adsb_icao
7cf86c,2026-08-31 06:13:45.957240,STAL22,A41-209,4507,20000,-27.834887,152.677475,C-17A Globemaster,270,347,0,False,adsb_icao
ae0568,2026-08-31 06:13:45.957246,RCH5051,86-0011,7354,36000,45.6,-59.6,C-5M Galaxy,,,,False,mode_s
ae574d,2026-08-31 06:13:45.957250,UNK C/S,19-46007,0713,Unavailable,25.5,51.1,KC-46A Pegasus,,,,False,mode_s
ae5e11,2026-08-31 06:13:45.957254,UNK C/S,17-46036,0716,25000,28.4,48.5,KC-46A Pegasus,,,,False,mode_s
ae07cb,2026-08-31 06:13:45.957259,UNK C/S,88-0265,0345,2975,31.0,-92.7,C-17A Globemaster,,,,False,mode_s
ae5e12,2026-08-31 06:13:45.957263,FLYER59,17-46037,1530,22525,25.0,58.9,KC-46A Pegasus,,,,False,mode_s
afa175,2026-08-31 06:13:45.957266,FLYER63,19-46111,3276,20525,25.1,55.9,KC-46A Pegasus,,,,False,mode_s
ae63c6,2026-08-31 06:14:46.361203,PETRO61,21-46090,3606,6225,38.613022,-122.029724,KC-46A Pegasus,194,268,-1165,False,mlat
ae0414,2026-08-31 06:14:46.361220,UNK C/S,164387,3340,5100,38.4823,-121.95546,E-6B TACAMO,129,243,-82,False,mlat
ae1197,2026-08-31 06:14:46.361226,RCH3260,03-3114,4044,36000,38.48378,-106.834816,C-17A Globemaster,258,399,0,False,adsb_icao
ae07e9,2026-08-31 06:14:46.361232,UNK C/S,95-0106,0344,2775,31.032679,-92.790253,C-17A Globemaster,233,208,-418,False,mlat
af0f64,2026-08-31 06:14:46.361237,UNK C/S,,3512,18575,37.485649,-78.612236,E-6B TACAMO,65,336,-1507,False,mlat
ae07f6,2026-08-31 06:14:46.361241,RCH401,97-0044,0620,36000,50.126865,12.359567,C-17A Globemaster,315,375,0,False,mlat
ae123b,2026-08-31 06:14:46.361245,RCH197,04-4130,7711,31000,46.366791,20.952259,C-17A Globemaster,134,476,0,False,mlat
87cdf4,2026-08-31 06:14:46.361257,HARGR51,54-3616,7340,27000,34.651932,133.869583,KC-46A Pegasus,343,443,0,False,adsb_icao
7cf86c,2026-08-31 06:14:46.361267,STAL22,A41-209,4507,20000,-27.77474,152.604263,C-17A Globemaster,348,330,32,False,adsb_icao
ae0568,2026-08-31 06:14:46.361272,RCH5051,86-0011,7354,36000,45.6,-59.6,C-5M Galaxy,,,,False,mode_s
ae5e11,2026-08-31 06:14:46.361277,UNK C/S,17-46036,0716,25000,28.4,48.5,KC-46A Pegasus,,,,False,mode_s
ae07cb,2026-08-31 06:14:46.361281,UNK C/S,88-0265,0345,2975,31.2,-92.9,C-17A Globemaster,,,,False,mode_s
ae5e12,2026-08-31 06:14:46.361285,FLYER59,17-46037,1530,22525,25.0,58.9,KC-46A Pegasus,,,,False,mode_s
afa175,2026-08-31 06:14:46.361288,FLYER63,19-46111,3276,20500,25.2,56.1,KC-46A Pegasus,,,,False,mode_s
ae0587,2026-08-31 06:14:46.361295,RCH2022,87-0042,1716,35000,32.2,131.9,C-5M Galaxy,34,480,-32,False,mode_s
ae63c6,2026-08-31 06:15:46.822550,PETRO61,21-46090,3606,6125,38.548531,-122.050758,KC-46A Pegasus,194,148,75,False,mlat
ae0414,2026-08-31 06:15:46.822567,UNK C/S,164387,3340,4975,38.483047,-121.888214,E-6B TACAMO,91,168,-415,False,mlat
ae1197,2026-08-31 06:15:46.822574,RCH3260,03-3114,4044,36000,38.462624,-106.972046,C-17A Globemaster,258,396,64,False,adsb_icao
ae20c7,2026-08-31 06:15:46.822579,VOLT91,07-7186,0343,1225,31.132004,-92.988876,C-17A Globemaster,313,157,,False,adsb_icao
ae07e9,2026-08-31 06:15:46.822583,UNK C/S,95-0106,0344,1875,31.015076,-92.808868,C-17A Globemaster,227,171,-926,False,mlat
af0f64,2026-08-31 06:15:46.822589,UNK C/S,,3512,17000,37.52454,-78.507553,E-6B TACAMO,65,335,-1612,False,mlat
ae07f6,2026-08-31 06:15:46.822593,RCH401,97-0044,0620,35575,50.202709,12.241009,C-17A Globemaster,317,388,-1099,False,mlat
ae123b,2026-08-31 06:15:46.822596,RCH197,04-4130,7711,31000,46.268803,21.071836,C-17A Globemaster,145,470,0,False,mlat
87cdf4,2026-08-31 06:15:46.822610,HARGR51,54-3616,7340,27000,34.765724,133.817825,KC-46A Pegasus,328,435,0,False,adsb_icao
7cf86c,2026-08-31 06:15:46.822618,STAL22,A41-209,4507,20000,-27.701157,152.649277,C-17A Globemaster,68,329,-32,False,adsb_icao
ae5e11,2026-08-31 06:15:46.822625,UNK C/S,17-46036,0716,25000,28.4,48.5,KC-46A Pegasus,,,,False,mode_s
ae07cb,2026-08-31 06:15:46.822629,UNK C/S,88-0265,0345,2950,31.1,-92.7,C-17A Globemaster,,,,False,mode_s
ae5e12,2026-08-31 06:15:46.822634,FLYER59,17-46037,1530,22525,25.1,58.3,KC-46A Pegasus,,,,False,mode_s
afa175,2026-08-31 06:15:46.822637,FLYER63,19-46111,3276,20525,25.4,57.1,KC-46A Pegasus,,,,False,mode_s
ae0587,2026-08-31 06:15:46.822645,RCH2022,87-0042,1716,35000,32.3,132.0,C-5M Galaxy,55,478,0,False,mode_s
ae63c6,2026-08-31 06:16:47.255759,PETRO61,21-46090,3606,6125,38.510494,-122.019005,KC-46A Pegasus,87,273,0,False,mlat
ae0414,2026-08-31 06:16:47.255776,UNK C/S,164387,3340,4350,38.485523,-121.824982,E-6B TACAMO,88,171,-607,False,mlat
ae1197,2026-08-31 06:16:47.255782,RCH3260,03-3114,4044,36000,38.461411,-107.113647,C-17A Globemaster,279,406,-320,False,adsb_icao
ae20c7,2026-08-31 06:16:47.255787,VOLT91,07-7186,0343,1250,31.162857,-93.027275,C-17A Globemaster,315,156,,False,adsb_icao
af0f64,2026-08-31 06:16:47.255793,UNK C/S,,3512,16775,37.563175,-78.400581,E-6B TACAMO,68,371,0,False,mlat
ae10bd,2026-08-31 06:16:47.255797,RCH329,01-0194,2214,0,51.444458,6.440353,C-17A Globemaster,162,167,-384,False,other
ae07f6,2026-08-31 06:16:47.255800,RCH401,97-0044,0620,33600,50.286053,12.123562,C-17A Globemaster,315,419,-2021,False,mlat
ae123b,2026-08-31 06:16:47.255804,RCH197,04-4130,7711,31000,46.148472,21.212015,C-17A Globemaster,141,482,0,False,mlat
87cdf4,2026-08-31 06:16:47.255816,HARGR51,54-3616,7340,27000,34.863235,133.729172,KC-46A Pegasus,322,432,0,False,adsb_icao
7cf86c,2026-08-31 06:16:47.255825,STAL22,A41-209,4507,20000,-27.731369,152.741425,C-17A Globemaster,148,344,0,False,adsb_icao
ae5e11,2026-08-31 06:16:47.255832,UNK C/S,17-46036,0716,25000,28.4,48.5,KC-46A Pegasus,,,,False,mode_s
ae07cb,2026-08-31 06:16:47.255837,UNK C/S,88-0265,0345,2950,30.8,-92.7,C-17A Globemaster,,,,False,mode_s
ae5e12,2026-08-31 06:16:47.255842,FLYER59,17-46037,1530,22525,25.1,58.3,KC-46A Pegasus,,,,False,mode_s
afa175,2026-08-31 06:16:47.255845,FLYER63,19-46111,3276,20525,25.0,58.7,KC-46A Pegasus,,,,False,mode_s
ae0587,2026-08-31 06:16:47.255853,RCH2022,87-0042,1716,35000,33.3,131.7,C-5M Galaxy,58,478,-32,False,mode_s
ae07e9,2026-08-31 06:16:47.255857,UNK C/S,95-0106,0344,1650,30.4,-92.7,C-17A Globemaster,,,,False,mode_s
ae63c6,2026-08-31 06:17:47.687913,PETRO61,21-46090,3606,6100,38.508648,-121.94725,KC-46A Pegasus,92,208,-75,False,mlat
ae0414,2026-08-31 06:17:47.687929,UNK C/S,164387,3340,3500,38.463459,-121.775436,E-6B TACAMO,151,191,-915,False,mlat
ae1197,2026-08-31 06:17:47.687936,RCH3260,03-3114,4044,36000,38.479752,-107.25618,C-17A Globemaster,279,409,0,False,adsb_icao
ae20c7,2026-08-31 06:17:47.687941,VOLT91,07-7186,0343,1250,31.193724,-93.061943,C-17A Globemaster,316,158,,False,adsb_icao
af0f64,2026-08-31 06:17:47.687948,UNK C/S,,3512,16825,37.606129,-78.289169,E-6B TACAMO,66,347,75,False,mlat
ae07f6,2026-08-31 06:17:47.687952,RCH401,97-0044,0620,31600,50.352383,11.980676,C-17A Globemaster,305,420,-1975,False,mlat
ae123b,2026-08-31 06:17:47.687956,RCH197,04-4130,7711,31000,46.043823,21.332108,C-17A Globemaster,142,503,0,False,mlat
87cdf4,2026-08-31 06:17:47.687975,HARGR51,54-3616,7340,27000,34.958221,133.639603,KC-46A Pegasus,322,431,0,False,adsb_icao
7cf86c,2026-08-31 06:17:47.687987,STAL22,A41-209,4507,20000,-27.82077,152.726746,C-17A Globemaster,226,354,-32,False,adsb_icao
ae574d,2026-08-31 06:17:47.687995,UNK C/S,19-46007,0713,1275,26.1,52.1,KC-46A Pegasus,,,,False,mode_s
ae5e11,2026-08-31 06:17:47.687999,UNK C/S,17-46036,0716,25000,28.4,48.5,KC-46A Pegasus,,,,False,mode_s
ae07cb,2026-08-31 06:17:47.688004,UNK C/S,88-0265,0345,2925,30.5,-92.6,C-17A Globemaster,,,,False,mode_s
ae5e12,2026-08-31 06:17:47.688009,FLYER59,17-46037,1530,22525,25.1,58.4,KC-46A Pegasus,,,,False,mode_s
afa175,2026-08-31 06:17:47.688012,FLYER63,19-46111,3276,20500,25.0,58.9,KC-46A Pegasus,,,,False,mode_s
ae0587,2026-08-31 06:17:47.688020,RCH2022,87-0042,1716,35000,32.2,132.5,C-5M Galaxy,58,478,-64,False,mode_s
ae63c6,2026-08-31 06:18:48.131142,PETRO61,21-46090,3606,5150,38.505505,-121.879028,KC-46A Pegasus,101,220,-961,False,mlat
ae0414,2026-08-31 06:18:48.131159,UNK C/S,164387,3340,3000,38.424107,-121.739975,E-6B TACAMO,148,188,-531,False,mlat
ae1197,2026-08-31 06:18:48.131167,RCH3260,03-3114,4044,36000,38.498474,-107.40139,C-17A Globemaster,279,412,0,False,adsb_icao
ae20c7,2026-08-31 06:18:48.131173,VOLT91,07-7186,0343,1925,31.234039,-93.052795,C-17A Globemaster,40,172,,False,adsb_icao
af0f64,2026-08-31 06:18:48.131179,UNK C/S,,3512,16825,37.648949,-78.174416,E-6B TACAMO,67,348,0,False,mlat
ae07f6,2026-08-31 06:18:48.131183,RCH401,97-0044,0620,29625,50.41066,11.830109,C-17A Globemaster,300,425,-2011,False,mlat
ae123b,2026-08-31 06:18:48.131186,RCH197,04-4130,7711,31000,45.93882,21.453672,C-17A Globemaster,142,506,0,False,mlat
87cdf4,2026-08-31 06:18:48.131200,HARGR51,54-3616,7340,27000,35.054443,133.550034,KC-46A Pegasus,322,430,0,False,adsb_icao
7cf86c,2026-08-31 06:18:48.131211,STAL22,A41-209,4507,20000,-27.829348,152.625717,C-17A Globemaster,303,339,0,False,adsb_icao
ae574d,2026-08-31 06:18:48.131219,UNK C/S,19-46007,0713,450,25.8,52.3,KC-46A Pegasus,,,,False,mode_s
ae5e11,2026-08-31 06:18:48.131222,UNK C/S,17-46036,0716,25000,28.4,48.5,KC-46A Pegasus,,,,False,mode_s
ae07cb,2026-08-31 06:18:48.131227,UNK C/S,88-0265,0345,2950,30.6,-92.7,C-17A Globemaster,,,,False,mode_s
ae5e12,2026-08-31 06:18:48.131232,FLYER59,17-46037,1530,22525,25.0,58.9,KC-46A Pegasus,,,,False,mode_s
afa175,2026-08-31 06:18:48.131235,FLYER63,19-46111,3276,20500,25.4,56.6,KC-46A Pegasus,,,,False,mode_s
ae0587,2026-08-31 06:18:48.131243,RCH2022,87-0042,1716,35000,32.5,132.2,C-5M Galaxy,58,478,0,False,mode_s
ae63c6,2026-08-31 06:19:48.596603,PETRO61,21-46090,3606,4250,38.496052,-121.809738,KC-46A Pegasus,130,242,-1005,False,mlat
ae0414,2026-08-31 06:19:48.596621,UNK C/S,164387,3340,2500,38.385155,-121.753227,E-6B TACAMO,239,174,-430,False,mlat
ae1197,2026-08-31 06:19:48.596627,RCH3260,03-3114,4044,36000,38.516876,-107.546356,C-17A Globemaster,279,416,64,False,adsb_icao
ae20c7,2026-08-31 06:19:48.596632,VOLT91,07-7186,0343,2900,31.271484,-93.016014,C-17A Globemaster,40,178,,False,adsb_icao
af0f64,2026-08-31 06:19:48.596637,UNK C/S,,3512,16825,37.689323,-78.066483,E-6B TACAMO,64,354,0,False,mlat
ae07f6,2026-08-31 06:19:48.596641,RCH401,97-0044,0620,28075,50.477104,11.670023,C-17A Globemaster,303,414,-887,False,mlat
ae123b,2026-08-31 06:19:48.596645,RCH197,04-4130,7711,31000,45.82642,21.581152,C-17A Globemaster,141,497,0,False,mlat
87cdf4,2026-08-31 06:19:48.596682,HARGR51,54-3616,7340,27000,35.148567,133.462936,KC-46A Pegasus,322,427,0,False,adsb_icao
7cf86c,2026-08-31 06:19:48.596700,STAL22,A41-209,4507,20000,-27.73978,152.582031,C-17A Globemaster,349,394,-64,False,adsb_icao
ae5e11,2026-08-31 06:19:48.596709,UNK C/S,17-46036,0716,25025,28.4,48.5,KC-46A Pegasus,,,,False,mode_s
ae07cb,2026-08-31 06:19:48.596714,UNK C/S,88-0265,0345,2950,30.6,-92.7,C-17A Globemaster,,,,False,mode_s
ae5e12,2026-08-31 06:19:48.596719,FLYER59,17-46037,1530,22525,25.0,58.9,KC-46A Pegasus,,,,False,mode_s
afa175,2026-08-31 06:19:48.596722,FLYER63,19-46111,3276,20500,24.9,56.5,KC-46A Pegasus,,,,False,mode_s
ae0587,2026-08-31 06:19:48.596731,RCH2022,87-0042,1716,35000,32.9,132.2,C-5M Galaxy,58,478,0,False,mode_s
ae0414,2026-08-31 06:20:48.957628,UNK C/S,164387,3340,2125,38.357616,-121.791664,E-6B TACAMO,231,141,-210,False,mlat
ae63c6,2026-08-31 06:20:48.957645,PETRO61,21-46090,3606,3350,38.460442,-121.76255,KC-46A Pegasus,133,194,-741,False,mlat
ae1197,2026-08-31 06:20:48.957668,RCH3260,03-3114,4044,36000,38.534966,-107.69281,C-17A Globemaster,278,416,0,False,adsb_icao
ae20c7,2026-08-31 06:20:48.957675,VOLT91,07-7186,0343,2975,31.278728,-92.969162,C-17A Globemaster,124,158,,False,adsb_icao
ae07cb,2026-08-31 06:20:48.957679,UNK C/S,88-0265,0345,2400,31.051058,-92.882515,C-17A Globemaster,317,184,-841,False,mlat
af0f64,2026-08-31 06:20:48.957685,UNK C/S,,3512,16025,37.729717,-77.958961,E-6B TACAMO,64,338,-1695,False,mlat
ae07f6,2026-08-31 06:20:48.957689,RCH401,97-0044,0620,27275,50.536907,11.522095,C-17A Globemaster,304,426,-776,False,mlat
ae123b,2026-08-31 06:20:48.957693,RCH197,04-4130,7711,31000,45.718361,21.704344,C-17A Globemaster,141,500,0,False,mlat
ae0587,2026-08-31 06:20:48.957705,RCH2022,87-0042,1716,35000,32.463017,133.040894,C-5M Galaxy,58,480,-32,False,mlat
87cdf4,2026-08-31 06:20:48.957709,HARGR51,54-3616,7340,26850,35.261318,133.416397,KC-46A Pegasus,9,458,-1664,False,adsb_icao
7cf86c,2026-08-31 06:20:48.957720,STAL22,A41-209,4507,14500,-27.635876,152.564438,C-17A Globemaster,352,361,-9088,False,adsb_icao
ae5e11,2026-08-31 06:20:48.957728,UNK C/S,17-46036,0716,25000,28.4,48.5,KC-46A Pegasus,,,,False,mode_s
ae5e12,2026-08-31 06:20:48.957733,FLYER59,17-46037,1530,22525,25.0,58.9,KC-46A Pegasus,,,,False,mode_s
afa175,2026-08-31 06:20:48.957736,FLYER63,19-46111,3276,20500,25.3,56.7,KC-46A Pegasus,,,,False,mode_s
ae07e9,2026-08-31 06:20:48.957742,UNK C/S,95-0106,0344,Unavailable,31.2,-92.8,C-17A Globemaster,,,,False,mode_s
ae0414,2026-08-31 06:21:49.286532,UNK C/S,164387,3340,1600,38.330879,-121.829803,E-6B TACAMO,227,141,-1184,False,mlat
ae63c6,2026-08-31 06:21:49.286550,PETRO61,21-46090,3606,2550,38.416073,-121.741783,KC-46A Pegasus,208,216,-782,False,mlat
ae1197,2026-08-31 06:21:49.286556,RCH3260,03-3114,4044,36000,38.553074,-107.8396,C-17A Globemaster,278,414,128,False,adsb_icao
ae20c7,2026-08-31 06:21:49.286561,VOLT91,07-7186,0343,2975,31.252899,-92.92662,C-17A Globemaster,125,159,,False,adsb_icao
af0f64,2026-08-31 06:21:49.286568,UNK C/S,,3512,14525,37.769306,-77.851036,E-6B TACAMO,63,332,-1445,False,mlat
ae07f6,2026-08-31 06:21:49.286572,RCH401,97-0044,0620,26425,50.556923,11.346337,C-17A Globemaster,241,430,-943,False,mlat
ae123b,2026-08-31 06:21:49.286575,RCH197,04-4130,7711,31000,45.61673,21.819542,C-17A Globemaster,141,508,0,False,mlat
ae0587,2026-08-31 06:21:49.286588,RCH2022,87-0042,1716,35000,32.52375,133.161484,C-5M Galaxy,58,480,32,False,mlat
87cdf4,2026-08-31 06:21:49.286591,HARGR51,54-3616,7340,24450,35.385891,133.466354,KC-46A Pegasus,19,463,-1984,False,adsb_icao
7cf86c,2026-08-31 06:21:49.286601,STAL22,A41-209,4507,6100,-27.536951,152.546585,C-17A Globemaster,333,344,-7232,False,adsb_icao
ae5e11,2026-08-31 06:21:49.286608,UNK C/S,17-46036,0716,25000,28.4,48.5,KC-46A Pegasus,,,,False,mode_s
ae07cb,2026-08-31 06:21:49.286613,UNK C/S,88-0265,0345,1825,31.0,-92.6,C-17A Globemaster,,,,False,mode_s
ae5e12,2026-08-31 06:21:49.286618,FLYER59,17-46037,1530,22525,25.0,58.9,KC-46A Pegasus,,,,False,mode_s
afa175,2026-08-31 06:21:49.286621,FLYER63,19-46111,3276,20500,25.3,57.6,KC-46A Pegasus,,,,False,mode_s
ae07e9,2026-08-31 06:21:49.286626,UNK C/S,95-0106,0344,2400,31.4,-92.9,C-17A Globemaster,,,,False,mode_s
ae0414,2026-08-31 06:22:49.733738,UNK C/S,164387,3340,800,38.307716,-121.863243,E-6B TACAMO,232,122,-571,False,mlat
ae63c6,2026-08-31 06:22:49.733757,PETRO61,21-46090,3606,2125,38.374329,-121.768829,KC-46A Pegasus,232,170,147,False,mlat
ae1197,2026-08-31 06:22:49.733762,RCH3260,03-3114,4044,36000,38.570576,-107.983276,C-17A Globemaster,278,415,-64,False,adsb_icao
ae20c7,2026-08-31 06:22:49.733768,VOLT91,07-7186,0343,2950,31.226898,-92.884773,C-17A Globemaster,125,159,,False,adsb_icao
af0f64,2026-08-31 06:22:49.733775,UNK C/S,,3512,13025,37.805576,-77.7509,E-6B TACAMO,67,328,-1517,False,mlat
ae07f6,2026-08-31 06:22:49.733780,RCH401,97-0044,0620,25450,50.509422,11.190546,C-17A Globemaster,247,405,-984,False,mlat
ae123b,2026-08-31 06:22:49.733783,RCH197,04-4130,7711,31000,45.499813,21.949413,C-17A Globemaster,141,497,0,False,mlat
87cdf4,2026-08-31 06:22:49.733798,HARGR51,54-3616,7340,22400,35.504974,133.516205,KC-46A Pegasus,18,449,-2048,False,adsb_icao
7cf86c,2026-08-31 06:22:49.733807,STAL22,A41-209,4507,800,-27.453506,152.505112,C-17A Globemaster,350,327,-1664,False,adsb_icao
ae5e11,2026-08-31 06:22:49.733815,UNK C/S,17-46036,0716,25000,28.4,48.5,KC-46A Pegasus,,,,False,mode_s
ae07cb,2026-08-31 06:22:49.733819,UNK C/S,88-0265,0345,Unavailable,31.1,-92.7,C-17A Globemaster,,,,False,mode_s
ae5e12,2026-08-31 06:22:49.733824,FLYER59,17-46037,1530,22525,25.0,58.9,KC-46A Pegasus,,,,False,mode_s
afa175,2026-08-31 06:22:49.733827,FLYER63,19-46111,3276,20525,25.3,57.2,KC-46A Pegasus,,,,False,mode_s
ae07e9,2026-08-31 06:22:49.733833,UNK C/S,95-0106,0344,2950,31.1,-92.8,C-17A Globemaster,,,,False,mode_s
ae0587,2026-08-31 06:22:49.733839,RCH2022,87-0042,1716,35000,33.2,132.6,C-5M Galaxy,58,480,-64,False,mode_s
ae0414,2026-08-31 06:23:50.125942,UNK C/S,164387,3340,200,38.285488,-121.893486,E-6B TACAMO,229,114,-546,False,mlat
ae63c6,2026-08-31 06:23:50.125960,PETRO61,21-46090,3606,1825,38.34642,-121.808495,KC-46A Pegasus,224,138,-708,False,mlat
ae1197,2026-08-31 06:23:50.125965,RCH3260,03-3114,4044,36000,38.588287,-108.13031,C-17A Globemaster,278,419,0,False,adsb_icao
ae20c7,2026-08-31 06:23:50.125970,VOLT91,07-7186,0343,2950,31.20108,-92.843033,C-17A Globemaster,125,157,,False,adsb_icao
af0f64,2026-08-31 06:23:50.125975,UNK C/S,,3512,12825,37.842598,-77.648766,E-6B TACAMO,65,335,0,False,mlat
ae07f6,2026-08-31 06:23:50.125979,RCH401,97-0044,0620,24475,50.46273,11.04064,C-17A Globemaster,244,404,-984,False,mlat
ae123b,2026-08-31 06:23:50.125982,RCH197,04-4130,7711,31000,45.407631,22.053537,C-17A Globemaster,141,509,0,False,mlat
87cdf4,2026-08-31 06:23:50.125996,HARGR51,54-3616,7340,20275,35.622192,133.56459,KC-46A Pegasus,18,434,-2112,False,adsb_icao
7cf86c,2026-08-31 06:23:50.126004,STAL22,A41-209,4507,175,-27.415787,152.569153,C-17A Globemaster,118,307,,False,adsb_icao
ae5e11,2026-08-31 06:23:50.126012,UNK C/S,17-46036,0716,25000,28.4,48.5,KC-46A Pegasus,,,,False,mode_s
ae07cb,2026-08-31 06:23:50.126017,UNK C/S,88-0265,0345,Unavailable,31.3,-92.8,C-17A Globemaster,,,,False,mode_s
ae5e12,2026-08-31 06:23:50.126021,FLYER59,17-46037,1530,22525,24.8,58.5,KC-46A Pegasus,,,,False,mode_s
afa175,2026-08-31 06:23:50.126024,FLYER63,19-46111,3276,20500,25.6,55.7,KC-46A Pegasus,,,,False,mode_s
ae07e9,2026-08-31 06:23:50.126030,UNK C/S,95-0106,0344,2950,30.9,-92.7,C-17A Globemaster,,,,False,mode_s
ae0587,2026-08-31 06:23:50.126037,RCH2022,87-0042,1716,35000,33.2,133.5,C-5M Galaxy,59,480,-32,False,mode_s
ae63c6,2026-08-31 06:24:50.489759,PETRO61,21-46090,3606,1200,38.321171,-121.843178,KC-46A Pegasus,227,126,-598,False,mlat
ae1197,2026-08-31 06:24:50.489778,RCH3260,03-3114,4044,36000,38.605865,-108.277771,C-17A Globemaster,278,412,-64,False,adsb_icao
ae20c7,2026-08-31 06:24:50.489784,VOLT91,07-7186,0343,2950,31.175171,-92.800972,C-17A Globemaster,125,158,,False,adsb_icao
af0f64,2026-08-31 06:24:50.489790,UNK C/S,,3512,12125,37.881737,-77.543182,E-6B TACAMO,67,316,-1628,False,mlat
ae07f6,2026-08-31 06:24:50.489794,RCH401,97-0044,0620,24000,50.410294,10.878001,C-17A Globemaster,245,397,-29,False,mlat
ae123b,2026-08-31 06:24:50.489797,RCH197,04-4130,7711,31000,45.335423,22.138643,C-17A Globemaster,143,502,0,False,mlat
87cdf4,2026-08-31 06:24:50.489812,HARGR51,54-3616,1400,18175,35.735458,133.611603,KC-46A Pegasus,18,419,-2048,False,adsb_icao
7cf86c,2026-08-31 06:24:50.489821,STAL22,A41-209,4507,300,-27.446222,152.628204,C-17A Globemaster,163,313,512,False,adsb_icao
ae5e11,2026-08-31 06:24:50.489828,UNK C/S,17-46036,0716,25000,28.4,48.5,KC-46A Pegasus,,,,False,mode_s
ae07cb,2026-08-31 06:24:50.489833,UNK C/S,88-0265,0345,1250,31.5,-92.9,C-17A Globemaster,,,,False,mode_s
ae5e12,2026-08-31 06:24:50.489837,FLYER59,17-46037,1530,22525,25.0,58.9,KC-46A Pegasus,,,,False,mode_s
afa175,2026-08-31 06:24:50.489841,FLYER63,19-46111,3276,20500,25.4,55.6,KC-46A Pegasus,,,,False,mode_s
ae07e9,2026-08-31 06:24:50.489846,UNK C/S,95-0106,0344,2950,31.0,-92.8,C-17A Globemaster,,,,False,mode_s
afde25,2026-08-31 06:24:50.489851,UNK C/S,,7000,Unavailable,37.5,-126.0,E-6B TACAMO,,,,False,mode_s
ae0587,2026-08-31 06:24:50.489856,RCH2022,87-0042,1716,35000,33.4,133.8,C-5M Galaxy,59,480,96,False,mode_s
ae63c6,2026-08-31 06:25:50.838369,PETRO61,21-46090,3606,575,38.298843,-121.8769,KC-46A Pegasus,235,117,-591,False,mlat
ae1197,2026-08-31 06:25:50.838387,RCH3260,03-3114,4044,36000,38.622993,-108.422729,C-17A Globemaster,278,410,-64,False,adsb_icao
ae20c7,2026-08-31 06:25:50.838393,VOLT91,07-7186,0343,2950,31.14922,-92.75872,C-17A Globemaster,125,158,,False,adsb_icao
af0f64,2026-08-31 06:25:50.838399,UNK C/S,,3512,11825,37.919315,-77.442619,E-6B TACAMO,64,319,0,False,mlat
ae07f6,2026-08-31 06:25:50.838404,RCH401,97-0044,0620,24000,50.362328,10.728769,C-17A Globemaster,244,405,0,False,mlat
ae123b,2026-08-31 06:25:50.838408,RCH197,04-4130,7711,31000,45.182205,22.304222,C-17A Globemaster,141,508,0,False,mlat
87cdf4,2026-08-31 06:25:50.838424,HARGR51,54-3616,1400,16075,35.839371,133.672379,KC-46A Pegasus,40,413,-2240,False,adsb_icao
7cf86c,2026-08-31 06:25:50.838436,STAL22,A41-209,4507,200,-27.549591,152.674103,C-17A Globemaster,155,297,352,False,adsb_icao
ae5e11,2026-08-31 06:25:50.838443,UNK C/S,17-46036,0716,25000,28.4,48.5,KC-46A Pegasus,,,,False,mode_s
ae07cb,2026-08-31 06:25:50.838448,UNK C/S,88-0265,0345,1400,31.6,-93.0,C-17A Globemaster,,,,False,mode_s
ae5e12,2026-08-31 06:25:50.838452,FLYER59,17-46037,1530,22525,25.0,58.9,KC-46A Pegasus,,,,False,mode_s
afa175,2026-08-31 06:25:50.838456,FLYER63,19-46111,3276,20525,25.6,55.6,KC-46A Pegasus,,,,False,mode_s
ae07e9,2026-08-31 06:25:50.838461,UNK C/S,95-0106,0344,2950,31.3,-92.7,C-17A Globemaster,,,,False,mode_s
ae0587,2026-08-31 06:25:50.838468,RCH2022,87-0042,1716,35000,33.3,133.8,C-5M Galaxy,59,480,32,False,mode_s
ae1197,2026-08-31 06:26:51.205123,RCH3260,03-3114,4044,36000,38.639988,-108.568176,C-17A Globemaster,278,413,-64,False,adsb_icao
ae20c7,2026-08-31 06:26:51.205141,VOLT91,07-7186,0343,2950,31.123672,-92.717285,C-17A Globemaster,125,156,,False,adsb_icao
af0f64,2026-08-31 06:26:51.205148,UNK C/S,,3512,11450,37.953003,-77.346603,E-6B TACAMO,65,303,-649,False,mlat
ae07f6,2026-08-31 06:26:51.205151,RCH401,97-0044,0620,24000,50.311806,10.570352,C-17A Globemaster,246,459,0,False,mlat
ae123b,2026-08-31 06:26:51.205155,RCH197,04-4130,7711,31000,45.052013,22.446186,C-17A Globemaster,143,488,0,False,mlat
87cdf4,2026-08-31 06:26:51.205170,HARGR51,54-3616,1400,14250,35.926117,133.760483,KC-46A Pegasus,42,396,-1472,False,adsb_icao
ae0587,2026-08-31 06:26:51.205174,RCH2022,87-0042,1716,35000,32.886482,133.874741,C-5M Galaxy,59,482,32,False,mlat
7cf86c,2026-08-31 06:26:51.205184,STAL22,A41-209,4507,0,-27.628241,152.698242,C-17A Globemaster,216,335,224,False,adsb_icao
ae5e11,2026-08-31 06:26:51.205191,UNK C/S,17-46036,0716,25000,28.4,48.5,KC-46A Pegasus,,,,False,mode_s
ae0568,2026-08-31 06:26:51.205195,RCH5051,86-0011,7354,39000,48.3,-52.9,C-5M Galaxy,,,,False,mode_s
ae07cb,2026-08-31 06:26:51.205198,UNK C/S,88-0265,0345,2325,31.4,-92.7,C-17A Globemaster,,,,False,mode_s
ae5e12,2026-08-31 06:26:51.205203,FLYER59,17-46037,1530,22525,25.0,59.6,KC-46A Pegasus,,,,False,mode_s
afa175,2026-08-31 06:26:51.205207,FLYER63,19-46111,3276,20525,25.3,56.8,KC-46A Pegasus,,,,False,mode_s
ae07e9,2026-08-31 06:26:51.205212,UNK C/S,95-0106,0344,2950,31.0,-93.0,C-17A Globemaster,,,,False,mode_s
ae1197,2026-08-31 06:27:51.697913,RCH3260,03-3114,4044,36000,38.656677,-108.712944,C-17A Globemaster,278,405,64,False,adsb_icao
ae20c7,2026-08-31 06:27:51.697931,VOLT91,07-7186,0343,2900,31.092937,-92.682915,C-17A Globemaster,169,165,,False,adsb_icao
af0f64,2026-08-31 06:27:51.697939,UNK C/S,,3512,9950,37.990185,-77.241997,E-6B TACAMO,66,304,-1407,False,mlat
ae07f6,2026-08-31 06:27:51.697943,RCH401,97-0044,0620,24000,50.261772,10.413317,C-17A Globemaster,243,407,0,False,mlat
ae123b,2026-08-31 06:27:51.697946,RCH197,04-4130,7711,31000,44.968048,22.541166,C-17A Globemaster,141,490,0,False,mlat
87cdf4,2026-08-31 06:27:51.697964,HARGR51,54-3616,1400,12950,35.986462,133.843109,KC-46A Pegasus,50,381,-1472,False,adsb_icao
ae0587,2026-08-31 06:27:51.697967,RCH2022,87-0042,1716,35000,32.971741,134.046173,C-5M Galaxy,59,484,64,False,mlat
7cf86c,2026-08-31 06:27:51.697977,STAL22,A41-209,4507,950,-27.598028,152.665588,C-17A Globemaster,57,171,640,False,adsb_icao
ae5e11,2026-08-31 06:27:51.697984,UNK C/S,17-46036,0716,25025,28.4,48.5,KC-46A Pegasus,,,,False,mode_s
ae0568,2026-08-31 06:27:51.697989,RCH5051,86-0011,7354,39000,48.3,-52.9,C-5M Galaxy,,,,False,mode_s
ae07cb,2026-08-31 06:27:51.697992,UNK C/S,88-0265,0345,2950,31.2,-92.7,C-17A Globemaster,,,,False,mode_s
ae5e12,2026-08-31 06:27:51.697997,FLYER59,17-46037,1530,22525,24.9,57.8,KC-46A Pegasus,,,,False,mode_s
afa175,2026-08-31 06:27:51.698000,FLYER63,19-46111,3276,20950,25.8,54.3,KC-46A Pegasus,,,,False,mode_s
ae07e9,2026-08-31 06:27:51.698005,UNK C/S,95-0106,0344,2950,31.0,-92.7,C-17A Globemaster,,,,False,mode_s
ae1197,2026-08-31 06:28:52.126128,RCH3260,03-3114,4044,36000,38.672993,-108.85675,C-17A Globemaster,278,415,0,False,adsb_icao
ae20c7,2026-08-31 06:28:52.126145,VOLT91,07-7186,0343,1925,31.059448,-92.718636,C-17A Globemaster,239,175,,False,adsb_icao
af0f64,2026-08-31 06:28:52.126151,UNK C/S,,3512,9825,38.022636,-77.153877,E-6B TACAMO,66,323,0,False,mlat
ae07f6,2026-08-31 06:28:52.126155,RCH401,97-0044,0620,24000,50.213436,10.262865,C-17A Globemaster,246,400,-1,False,mlat
ae123b,2026-08-31 06:28:52.126159,RCH197,04-4130,7711,31000,44.851997,22.664261,C-17A Globemaster,143,494,0,False,mlat
ae0587,2026-08-31 06:28:52.126174,RCH2022,87-0042,1716,35000,33.042732,134.204529,C-5M Galaxy,62,482,0,False,mlat
7cf86c,2026-08-31 06:28:52.126185,STAL22,A41-209,4507,250,-27.60997,152.700165,C-17A Globemaster,162,122,-1024,False,adsb_icao
ae5e11,2026-08-31 06:28:52.126192,UNK C/S,17-46036,0716,25000,28.4,48.5,KC-46A Pegasus,,,,False,mode_s
ae0568,2026-08-31 06:28:52.126196,RCH5051,86-0011,7354,39000,48.3,-52.9,C-5M Galaxy,,,,False,mode_s
ae07cb,2026-08-31 06:28:52.126200,UNK C/S,88-0265,0345,2950,31.1,-92.8,C-17A Globemaster,,,,False,mode_s
ae5e12,2026-08-31 06:28:52.126204,FLYER59,17-46037,1530,22525,25.2,58.5,KC-46A Pegasus,,,,False,mode_s
afa175,2026-08-31 06:28:52.126207,FLYER63,19-46111,3276,21350,25.1,54.7,KC-46A Pegasus,,,,False,mode_s
ae07e9,2026-08-31 06:28:52.126212,UNK C/S,95-0106,0344,2950,30.6,-92.7,C-17A Globemaster,,,,False,mode_s
afde25,2026-08-31 06:28:52.126217,UNK C/S,,7000,Unavailable,37.6,-125.8,E-6B TACAMO,,,,False,mode_s
ae1197,2026-08-31 06:29:52.557748,RCH3260,03-3114,4044,36000,38.689518,-109.002441,C-17A Globemaster,278,407,0,False,adsb_icao
ae20c7,2026-08-31 06:29:52.557765,VOLT91,07-7186,0343,1750,31.054962,-92.727196,C-17A Globemaster,238,173,,False,adsb_icao
af0f64,2026-08-31 06:29:52.557773,UNK C/S,,3512,9850,38.060249,-77.045296,E-6B TACAMO,68,298,-16,False,mlat
ae07f6,2026-08-31 06:29:52.557777,RCH401,97-0044,0620,24000,50.163773,10.110644,C-17A Globemaster,244,377,0,False,mlat
ae123b,2026-08-31 06:29:52.557782,RCH197,04-4130,7711,31000,44.726326,22.800419,C-17A Globemaster,143,499,0,False,mlat
ae0587,2026-08-31 06:29:52.557796,RCH2022,87-0042,1716,35000,33.088486,134.333755,C-5M Galaxy,73,478,0,False,mlat
7cf86c,2026-08-31 06:29:52.557807,STAL22,A41-209,4507,-125,-27.620701,152.704834,C-17A Globemaster,158,124,-1216,False,adsb_icao
ae5e11,2026-08-31 06:29:52.557813,UNK C/S,17-46036,0716,25025,28.4,48.5,KC-46A Pegasus,,,,False,mode_s
ae0568,2026-08-31 06:29:52.557818,RCH5051,86-0011,7354,39000,48.3,-52.9,C-5M Galaxy,68,542,-96,False,mode_s
ae07cb,2026-08-31 06:29:52.557822,UNK C/S,88-0265,0345,2950,31.1,-92.7,C-17A Globemaster,,,,False,mode_s
ae5e12,2026-08-31 06:29:52.557826,FLYER59,17-46037,1530,22525,25.0,59.6,KC-46A Pegasus,,,,False,mode_s
afa175,2026-08-31 06:29:52.557830,FLYER63,19-46111,3276,21725,25.5,55.5,KC-46A Pegasus,,,,False,mode_s
ae07e9,2026-08-31 06:29:52.557834,UNK C/S,95-0106,0344,2950,30.8,-92.7,C-17A Globemaster,,,,False,mode_s
afde25,2026-08-31 06:29:52.557840,UNK C/S,,7000,Unavailable,37.7,-125.5,E-6B TACAMO,,,,False,mode_s
ae1197,2026-08-31 06:30:52.953967,RCH3260,03-3114,4044,36000,38.705441,-109.145386,C-17A Globemaster,278,405,0,False,adsb_icao
ae07e9,2026-08-31 06:30:52.953985,UNK C/S,95-0106,0344,2950,31.127823,-92.726173,C-17A Globemaster,,,,False,mlat
af0f64,2026-08-31 06:30:52.953992,UNK C/S,,3512,9825,38.095436,-76.950127,E-6B TACAMO,62,309,0,False,mlat
ae07f6,2026-08-31 06:30:52.953997,RCH401,97-0044,0620,24000,50.11293,9.95627,C-17A Globemaster,243,408,0,False,mlat
ae123b,2026-08-31 06:30:52.954001,RCH197,04-4130,7711,31000,44.626987,22.908318,C-17A Globemaster,143,497,0,False,mlat
ae0587,2026-08-31 06:30:52.954016,RCH2022,87-0042,1716,35000,33.128872,134.49675,C-5M Galaxy,73,478,-32,False,mlat
ae5e11,2026-08-31 06:30:52.954027,UNK C/S,17-46036,0716,25000,28.4,48.5,KC-46A Pegasus,,,,False,mode_s
ae0568,2026-08-31 06:30:52.954032,RCH5051,86-0011,7354,39000,47.6,-52.1,C-5M Galaxy,69,540,-32,False,mode_s
ae07cb,2026-08-31 06:30:52.954036,UNK C/S,88-0265,0345,2950,30.9,-92.7,C-17A Globemaster,,,,False,mode_s
ae5e12,2026-08-31 06:30:52.954040,FLYER59,17-46037,1530,22525,25.0,59.6,KC-46A Pegasus,,,,False,mode_s
afa175,2026-08-31 06:30:52.954043,FLYER63,19-46111,3276,22175,25.3,54.6,KC-46A Pegasus,,,,False,mode_s
87cdf4,2026-08-31 06:30:52.954048,HARGR51,54-3616,1400,Unavailable,35.6,133.7,KC-46A Pegasus,89,322,0,False,mode_s
afde25,2026-08-31 06:30:52.954054,UNK C/S,,7000,Unavailable,38.3,-124.4,E-6B TACAMO,,,,False,mode_s
ae1197,2026-08-31 06:31:53.431963,RCH3260,03-3114,4044,36000,38.721313,-109.289673,C-17A Globemaster,277,407,0,False,adsb_icao
ae20c7,2026-08-31 06:31:53.431982,VOLT91,07-7186,0343,1250,31.012403,-92.832878,C-17A Globemaster,293,192,0,False,adsb_icao
af0f64,2026-08-31 06:31:53.431989,UNK C/S,,3512,9825,38.144894,-76.862297,E-6B TACAMO,53,301,4,False,mlat
ae07f6,2026-08-31 06:31:53.431993,RCH401,97-0044,0620,23250,50.062542,9.800899,C-17A Globemaster,244,400,-1788,False,mlat
ae123b,2026-08-31 06:31:53.431997,RCH197,04-4130,7711,31000,44.51881,23.023258,C-17A Globemaster,143,488,0,False,mlat
87cdf4,2026-08-31 06:31:53.432012,HARGR51,54-3616,1400,12075,36.031387,134.27034,KC-46A Pegasus,89,321,0,False,adsb_icao
ae0587,2026-08-31 06:31:53.432016,RCH2022,87-0042,1716,35000,33.166401,134.657516,C-5M Galaxy,73,476,0,False,mlat
ae5e11,2026-08-31 06:31:53.432029,UNK C/S,17-46036,0716,25000,28.4,48.5,KC-46A Pegasus,,,,False,mode_s
ae0568,2026-08-31 06:31:53.432033,RCH5051,86-0011,7354,39000,47.6,-52.1,C-5M Galaxy,68,536,32,False,mode_s
ae07cb,2026-08-31 06:31:53.432037,UNK C/S,88-0265,0345,2950,30.7,-92.6,C-17A Globemaster,,,,False,mode_s
ae5e12,2026-08-31 06:31:53.432041,FLYER59,17-46037,1530,22525,25.0,59.7,KC-46A Pegasus,,,,False,mode_s
afa175,2026-08-31 06:31:53.432044,FLYER63,19-46111,3276,22650,25.4,55.1,KC-46A Pegasus,,,,False,mode_s
ae07e9,2026-08-31 06:31:53.432048,UNK C/S,95-0106,0344,2950,30.7,-92.5,C-17A Globemaster,,,,False,mode_s
afde25,2026-08-31 06:31:53.432053,UNK C/S,,7000,Unavailable,38.3,-124.3,E-6B TACAMO,,,,False,mode_s
ae1197,2026-08-31 06:32:53.923294,RCH3260,03-3114,4044,36000,38.736969,-109.432907,C-17A Globemaster,277,401,-64,False,adsb_icao
af0f64,2026-08-31 06:32:53.923315,UNK C/S,,3512,9675,38.195099,-76.774384,E-6B TACAMO,49,290,-233,False,mlat
ae07f6,2026-08-31 06:32:53.923321,RCH401,97-0044,0620,21250,50.005951,9.635008,C-17A Globemaster,247,400,-2017,False,mlat
ae123b,2026-08-31 06:32:53.923325,RCH197,04-4130,7711,31000,44.401669,23.149467,C-17A Globemaster,143,495,0,False,mlat
87cdf4,2026-08-31 06:32:53.923341,HARGR51,54-3616,1400,12075,36.031631,134.379669,KC-46A Pegasus,90,323,0,False,adsb_icao
ae0587,2026-08-31 06:32:53.923345,RCH2022,87-0042,1716,35000,33.2061,134.810013,C-5M Galaxy,74,476,0,False,mlat
ae5e11,2026-08-31 06:32:53.923357,UNK C/S,17-46036,0716,25000,28.4,48.5,KC-46A Pegasus,,,,False,mode_s
ae0568,2026-08-31 06:32:53.923361,RCH5051,86-0011,7354,39000,48.3,-52.9,C-5M Galaxy,69,534,-32,False,mode_s
ae07cb,2026-08-31 06:32:53.923366,UNK C/S,88-0265,0345,2950,30.7,-92.7,C-17A Globemaster,,,,False,mode_s
ae5e12,2026-08-31 06:32:53.923370,FLYER59,17-46037,1530,22525,25.0,59.7,KC-46A Pegasus,,,,False,mode_s
afa175,2026-08-31 06:32:53.923373,FLYER63,19-46111,3276,23600,25.2,54.3,KC-46A Pegasus,,,,False,mode_s
ae07e9,2026-08-31 06:32:53.923378,UNK C/S,95-0106,0344,2625,30.5,-92.6,C-17A Globemaster,,,,False,mode_s
ae1197,2026-08-31 06:33:54.367832,RCH3260,03-3114,4044,36000,38.752304,-109.575668,C-17A Globemaster,277,402,0,False,adsb_icao
af0f64,2026-08-31 06:33:54.367853,UNK C/S,,3512,8200,38.242767,-76.689499,E-6B TACAMO,57,294,-1405,False,mlat
ae07f6,2026-08-31 06:33:54.367859,RCH401,97-0044,0620,19250,49.957733,9.484984,C-17A Globemaster,243,356,-1940,False,mlat
ae123b,2026-08-31 06:33:54.367862,RCH197,04-4130,7711,31000,44.286259,23.272316,C-17A Globemaster,142,500,0,False,mlat
87cdf4,2026-08-31 06:33:54.367880,HARGR51,54-3616,1400,12075,36.031757,134.439117,KC-46A Pegasus,,,,False,adsb_icao
ae0587,2026-08-31 06:33:54.367884,RCH2022,87-0042,1716,35000,33.243145,134.964279,C-5M Galaxy,74,476,64,False,mlat
ae5e11,2026-08-31 06:33:54.367897,UNK C/S,17-46036,0716,25025,28.4,48.5,KC-46A Pegasus,,,,False,mode_s
ae0568,2026-08-31 06:33:54.367902,RCH5051,86-0011,7354,39000,48.3,-52.9,C-5M Galaxy,69,534,64,False,mode_s
ae07cb,2026-08-31 06:33:54.367906,UNK C/S,88-0265,0345,2950,30.8,-92.6,C-17A Globemaster,,,,False,mode_s
ae5e12,2026-08-31 06:33:54.367911,FLYER59,17-46037,1530,22525,25.0,59.6,KC-46A Pegasus,,,,False,mode_s
afa175,2026-08-31 06:33:54.367914,FLYER63,19-46111,3276,24275,25.1,55.3,KC-46A Pegasus,,,,False,mode_s
ae07e9,2026-08-31 06:33:54.367920,UNK C/S,95-0106,0344,1775,30.6,-92.6,C-17A Globemaster,,,,False,mode_s
ae1197,2026-08-31 06:34:54.746667,RCH3260,03-3114,4044,36000,38.767399,-109.717407,C-17A Globemaster,277,399,0,False,adsb_icao
ae20c7,2026-08-31 06:34:54.746685,VOLT91,07-7186,0343,1300,31.11264,-92.959953,C-17A Globemaster,313,161,0,False,adsb_icao
ae07cb,2026-08-31 06:34:54.746690,UNK C/S,88-0265,0345,2950,31.12817,-92.724854,C-17A Globemaster,,,0,False,mlat
af0f64,2026-08-31 06:34:54.746696,UNK C/S,,3512,6800,38.29269,-76.605019,E-6B TACAMO,55,284,-1361,False,mlat
ae07f6,2026-08-31 06:34:54.746700,RCH401,97-0044,0620,17200,49.912029,9.351849,C-17A Globemaster,246,325,-2030,False,mlat
ae123b,2026-08-31 06:34:54.746704,RCH197,04-4130,7711,31000,44.173103,23.393173,C-17A Globemaster,143,509,0,False,mlat
87cdf4,2026-08-31 06:34:54.746717,HARGR51,54-3616,1400,12075,36.031803,134.577499,KC-46A Pegasus,90,321,0,False,adsb_icao
ae0587,2026-08-31 06:34:54.746721,RCH2022,87-0042,1716,35000,33.279514,135.1185,C-5M Galaxy,72,476,0,False,mlat
ae5e11,2026-08-31 06:34:54.746733,UNK C/S,17-46036,0716,23050,28.4,48.5,KC-46A Pegasus,,,,False,mode_s
ae0568,2026-08-31 06:34:54.746737,RCH5051,86-0011,7354,39000,48.3,-52.9,C-5M Galaxy,69,536,-96,False,mode_s
ae5e12,2026-08-31 06:34:54.746741,FLYER59,17-46037,1530,22525,25.0,59.6,KC-46A Pegasus,,,,False,mode_s
afa175,2026-08-31 06:34:54.746744,FLYER63,19-46111,3276,24500,25.7,54.2,KC-46A Pegasus,,,,False,mode_s
ae07e9,2026-08-31 06:34:54.746749,UNK C/S,95-0106,0344,1400,30.8,-92.6,C-17A Globemaster,,,,False,mode_s
afde25,2026-08-31 06:34:54.746756,UNK C/S,,7000,Unavailable,38.1,-123.8,E-6B TACAMO,,,,False,mode_s
ae1197,2026-08-31 06:35:55.136563,RCH3260,03-3114,4044,36000,38.782158,-109.857849,C-17A Globemaster,277,402,0,False,adsb_icao
ae20c7,2026-08-31 06:35:55.136581,VOLT91,07-7186,0343,1300,31.155552,-93.011795,C-17A Globemaster,314,162,,False,adsb_icao
ae07cb,2026-08-31 06:35:55.136586,UNK C/S,88-0265,0345,2950,31.091551,-92.720657,C-17A Globemaster,,,0,False,mlat
af0f64,2026-08-31 06:35:55.136592,UNK C/S,,3512,5500,38.338783,-76.526299,E-6B TACAMO,53,270,-1364,False,mlat
ae07f6,2026-08-31 06:35:55.136596,RCH401,97-0044,0620,16000,49.86718,9.217563,C-17A Globemaster,243,339,-246,False,mlat
ae123b,2026-08-31 06:35:55.136600,RCH197,04-4130,7711,31000,44.06525,23.505472,C-17A Globemaster,143,490,0,False,mlat
87cdf4,2026-08-31 06:35:55.136614,HARGR51,54-3616,1400,12075,36.032043,134.73822,KC-46A Pegasus,86,319,0,False,adsb_icao
ae0587,2026-08-31 06:35:55.136618,RCH2022,87-0042,1716,35000,33.320854,135.267487,C-5M Galaxy,72,476,0,False,mlat
ae5e11,2026-08-31 06:35:55.136629,UNK C/S,17-46036,0716,22050,28.4,48.5,KC-46A Pegasus,,,,False,mode_s
ae0568,2026-08-31 06:35:55.136633,RCH5051,86-0011,7354,39000,47.5,-52.6,C-5M Galaxy,69,538,-32,False,mode_s
ae5e12,2026-08-31 06:35:55.136638,FLYER59,17-46037,1530,22525,25.0,59.3,KC-46A Pegasus,,,,False,mode_s
afa175,2026-08-31 06:35:55.136641,FLYER63,19-46111,3276,24500,25.1,54.9,KC-46A Pegasus,,,,False,mode_s
ae1197,2026-08-31 06:36:55.493290,RCH3260,03-3114,4044,36000,38.796963,-110.000183,C-17A Globemaster,277,402,0,False,adsb_icao
ae20c7,2026-08-31 06:36:55.493308,VOLT91,07-7186,0343,1275,31.190186,-93.054581,C-17A Globemaster,312,161,,False,adsb_icao
ae07cb,2026-08-31 06:36:55.493312,UNK C/S,88-0265,0345,2950,31.061268,-92.758751,C-17A Globemaster,230,175,0,False,mlat
af0f64,2026-08-31 06:36:55.493318,UNK C/S,,3512,4475,38.394699,-76.459076,E-6B TACAMO,44,284,-1419,False,mlat
ae07f6,2026-08-31 06:36:55.493323,RCH401,97-0044,0620,16000,49.82357,9.088857,C-17A Globemaster,243,332,0,False,mlat
ae123b,2026-08-31 06:36:55.493326,RCH197,04-4130,7711,31000,43.954353,23.622061,C-17A Globemaster,144,500,0,False,mlat
87cdf4,2026-08-31 06:36:55.493341,HARGR51,54-3616,1400,12075,36.085434,134.797928,KC-46A Pegasus,21,318,0,False,adsb_icao
ae0587,2026-08-31 06:36:55.493344,RCH2022,87-0042,1716,35000,33.361755,135.423279,C-5M Galaxy,72,478,0,False,mlat
ae5e11,2026-08-31 06:36:55.493355,UNK C/S,17-46036,0716,22050,28.4,48.5,KC-46A Pegasus,,,,False,mode_s
ae0568,2026-08-31 06:36:55.493359,RCH5051,86-0011,7354,39000,48.3,-52.9,C-5M Galaxy,69,540,96,False,mode_s
ae5e12,2026-08-31 06:36:55.493364,FLYER59,17-46037,1530,22525,25.0,59.3,KC-46A Pegasus,,,,False,mode_s
afa175,2026-08-31 06:36:55.493367,FLYER63,19-46111,3276,24525,24.9,54.6,KC-46A Pegasus,,,,False,mode_s
ae1197,2026-08-31 06:37:55.871414,RCH3260,03-3114,4044,36000,38.811584,-110.142776,C-17A Globemaster,277,400,0,False,adsb_icao
ae20c7,2026-08-31 06:37:55.871433,VOLT91,07-7186,0343,1825,31.230743,-93.057487,C-17A Globemaster,38,174,0,False,adsb_icao
ae07cb,2026-08-31 06:37:55.871438,UNK C/S,88-0265,0345,2575,31.033014,-92.792717,C-17A Globemaster,224,178,-398,False,mlat
af0f64,2026-08-31 06:37:55.871444,UNK C/S,,3512,2850,38.453175,-76.392151,E-6B TACAMO,41,279,-1080,False,mlat
ae07f6,2026-08-31 06:37:55.871448,RCH401,97-0044,0620,14500,49.777721,8.953644,C-17A Globemaster,241,341,-1980,False,mlat
ae123b,2026-08-31 06:37:55.871452,RCH197,04-4130,7711,31225,43.821823,23.691034,C-17A Globemaster,181,524,464,False,mlat
87cdf4,2026-08-31 06:37:55.871465,HARGR51,54-3616,1400,12075,36.131012,134.763687,KC-46A Pegasus,279,292,64,False,adsb_icao
ae0587,2026-08-31 06:37:55.871469,RCH2022,87-0042,1716,35000,33.39719,135.575409,C-5M Galaxy,74,478,0,False,mlat
ae5e11,2026-08-31 06:37:55.871480,UNK C/S,17-46036,0716,22000,28.4,48.5,KC-46A Pegasus,,,,False,mode_s
ae0568,2026-08-31 06:37:55.871484,RCH5051,86-0011,7354,39000,47.6,-52.1,C-5M Galaxy,69,540,32,False,mode_s
ae5e12,2026-08-31 06:37:55.871488,FLYER59,17-46037,1530,22525,25.0,59.3,KC-46A Pegasus,,,,False,mode_s
afa175,2026-08-31 06:37:55.871492,FLYER63,19-46111,3276,24525,25.3,55.0,KC-46A Pegasus,,,,False,mode_s
ae1197,2026-08-31 06:38:56.487207,RCH3260,03-3114,4044,36000,38.825867,-110.283684,C-17A Globemaster,277,400,0,False,adsb_icao
ae20c7,2026-08-31 06:38:56.487227,VOLT91,07-7186,0343,2825,31.26741,-93.020485,C-17A Globemaster,41,175,,False,adsb_icao
ae07cb,2026-08-31 06:38:56.487232,UNK C/S,88-0265,0345,1425,31.022308,-92.806946,C-17A Globemaster,227,166,-959,False,mlat
af0f64,2026-08-31 06:38:56.487239,UNK C/S,,3512,2825,38.501694,-76.327469,E-6B TACAMO,66,218,7,False,mlat
ae0568,2026-08-31 06:38:56.487243,RCH5051,86-0011,7354,39000,47.312687,-52.998653,C-5M Galaxy,70,542,0,False,mlat
ae07f6,2026-08-31 06:38:56.487247,RCH401,97-0044,0620,12675,49.735607,8.831388,C-17A Globemaster,242,336,-1597,False,mlat
ae123b,2026-08-31 06:38:56.487251,RCH197,04-4130,7711,31725,43.688362,23.719629,C-17A Globemaster,171,477,506,False,mlat
ae0587,2026-08-31 06:38:56.487263,RCH2022,87-0042,1716,35000,33.436424,135.729614,C-5M Galaxy,74,478,-32,False,mlat
ae5e11,2026-08-31 06:38:56.487273,UNK C/S,17-46036,5213,22000,28.4,48.5,KC-46A Pegasus,,,,False,mode_s
afde25,2026-08-31 06:38:56.487279,UNK C/S,,7000,Unavailable,38.1,-123.7,E-6B TACAMO,,,,False,mode_s
ae5e12,2026-08-31 06:38:56.487283,FLYER59,17-46037,1530,22525,25.0,59.3,KC-46A Pegasus,,,,False,mode_s
afa175,2026-08-31 06:38:56.487286,FLYER63,19-46111,3276,24500,25.1,54.4,KC-46A Pegasus,,,,False,mode_s
ae07e9,2026-08-31 06:38:56.487292,UNK C/S,95-0106,0344,Unavailable,31.1,-92.8,C-17A Globemaster,,,,False,mode_s
ae1197,2026-08-31 06:39:56.821232,RCH3260,03-3114,4044,36000,38.840256,-110.427246,C-17A Globemaster,277,401,-64,False,adsb_icao
ae20c7,2026-08-31 06:39:56.821252,VOLT91,07-7186,0343,2975,31.281242,-92.973778,C-17A Globemaster,121,163,,False,adsb_icao
af0f64,2026-08-31 06:39:56.821260,UNK C/S,,3512,2575,38.500912,-76.24617,E-6B TACAMO,103,216,-583,False,mlat
ae0568,2026-08-31 06:39:56.821265,RCH5051,86-0011,7354,39000,47.340569,-52.797112,C-5M Galaxy,70,544,0,False,mlat
ae07f6,2026-08-31 06:39:56.821269,RCH401,97-0044,0620,11600,49.695892,8.718574,C-17A Globemaster,240,267,-1049,False,mlat
ae123b,2026-08-31 06:39:56.821273,RCH197,04-4130,7711,32250,43.554462,23.746836,C-17A Globemaster,172,490,498,False,mlat
ae0587,2026-08-31 06:39:56.821290,RCH2022,87-0042,1716,35000,33.50499,135.846588,C-5M Galaxy,37,484,-32,False,mlat
ae5e11,2026-08-31 06:39:56.821303,UNK C/S,17-46036,5213,22000,28.4,48.5,KC-46A Pegasus,,,,False,mode_s
afde25,2026-08-31 06:39:56.821309,UNK C/S,,7000,Unavailable,38.1,-123.5,E-6B TACAMO,,,,False,mode_s
ae5e12,2026-08-31 06:39:56.821314,FLYER59,17-46037,1530,22525,25.0,59.3,KC-46A Pegasus,,,,False,mode_s
afa175,2026-08-31 06:39:56.821318,FLYER63,19-46111,3276,24500,25.2,54.3,KC-46A Pegasus,,,,False,mode_s
ae07e9,2026-08-31 06:39:56.821324,UNK C/S,95-0106,0344,1550,31.4,-92.9,C-17A Globemaster,,,,False,mode_s
ae1197,2026-08-31 06:40:57.285357,RCH3260,03-3114,4044,36000,38.854294,-110.569153,C-17A Globemaster,277,398,0,False,adsb_icao
ae20c7,2026-08-31 06:40:57.285375,VOLT91,07-7186,0343,2975,31.254614,-92.929672,C-17A Globemaster,125,164,,False,adsb_icao
af0f64,2026-08-31 06:40:57.285381,UNK C/S,,3512,2325,38.447536,-76.22718,E-6B TACAMO,166,164,-76,False,mlat
ae07f6,2026-08-31 06:40:57.285386,RCH401,97-0044,0620,10550,49.662193,8.618937,C-17A Globemaster,242,234,-1023,False,mlat
ae123b,2026-08-31 06:40:57.285390,RCH197,04-4130,7711,32750,43.426022,23.770861,C-17A Globemaster,173,486,497,False,mlat
87cdf4,2026-08-31 06:40:57.285403,HARGR51,54-3616,1400,12075,36.135956,134.412918,KC-46A Pegasus,,,,False,adsb_icao
ae0587,2026-08-31 06:40:57.285407,RCH2022,87-0042,1716,35000,33.619152,135.951019,C-5M Galaxy,37,484,0,False,mlat
ae5e11,2026-08-31 06:40:57.285419,UNK C/S,17-46036,5213,22000,28.4,48.5,KC-46A Pegasus,,,,False,mode_s
ae0568,2026-08-31 06:40:57.285423,RCH5051,86-0011,7354,39000,47.6,-53.5,C-5M Galaxy,70,540,0,False,mode_s
afde25,2026-08-31 06:40:57.285428,UNK C/S,,7000,Unavailable,38.1,-123.5,E-6B TACAMO,,,,False,mode_s
ae5e12,2026-08-31 06:40:57.285432,FLYER59,17-46037,1530,22525,25.0,59.3,KC-46A Pegasus,,,,False,mode_s
afa175,2026-08-31 06:40:57.285436,FLYER63,19-46111,3276,24500,25.1,53.8,KC-46A Pegasus,,,,False,mode_s
ae07e9,2026-08-31 06:40:57.285441,UNK C/S,95-0106,0344,2425,31.4,-92.8,C-17A Globemaster,,,,False,mode_s
ae1197,2026-08-31 06:41:57.722350,RCH3260,03-3114,4044,36000,38.868118,-110.711021,C-17A Globemaster,277,398,0,False,adsb_icao
ae20c7,2026-08-31 06:41:57.722369,VOLT91,07-7186,0343,2950,31.227894,-92.88649,C-17A Globemaster,125,164,,False,adsb_icao
af0f64,2026-08-31 06:41:57.722376,UNK C/S,,3512,2275,38.406963,-76.229637,E-6B TACAMO,217,147,-47,False,mlat
ae07f6,2026-08-31 06:41:57.722380,RCH401,97-0044,0620,9300,49.630959,8.529296,C-17A Globemaster,241,241,-1390,False,mlat
ae123b,2026-08-31 06:41:57.722384,RCH197,04-4130,7711,33000,43.28907,23.797684,C-17A Globemaster,171,478,1,False,mlat
87cdf4,2026-08-31 06:41:57.722399,HARGR51,54-3616,1400,12075,36.078869,134.360565,KC-46A Pegasus,171,300,64,False,adsb_icao
ae0587,2026-08-31 06:41:57.722404,RCH2022,87-0042,1716,35000,33.731125,136.053741,C-5M Galaxy,37,484,-32,False,mlat
ae0568,2026-08-31 06:41:57.722415,RCH5051,86-0011,7354,39000,47.7,-53.3,C-5M Galaxy,70,540,0,False,mode_s
ae5e11,2026-08-31 06:41:57.722419,UNK C/S,17-46036,5213,22000,28.4,48.5,KC-46A Pegasus,,,,False,mode_s
ae07e9,2026-08-31 06:41:57.722425,UNK C/S,95-0106,0344,3025,31.4,-92.8,C-17A Globemaster,,,,False,mode_s
afa175,2026-08-31 06:41:57.722429,FLYER63,19-46111,3276,24525,25.5,54.5,KC-46A Pegasus,,,,False,mode_s
ae5e12,2026-08-31 06:41:57.722435,FLYER59,17-46037,1530,22525,25.7,58.2,KC-46A Pegasus,,,,False,mode_s
ae1197,2026-08-31 06:42:58.140711,RCH3260,03-3114,4044,36000,38.881577,-110.850861,C-17A Globemaster,276,397,0,False,adsb_icao
ae20c7,2026-08-31 06:42:58.140731,VOLT91,07-7186,0343,2950,31.201172,-92.843262,C-17A Globemaster,125,164,,False,adsb_icao
af0f64,2026-08-31 06:42:58.140738,UNK C/S,,3512,1550,38.381615,-76.269028,E-6B TACAMO,234,136,-801,False,mlat
ae07f6,2026-08-31 06:42:58.140743,RCH401,97-0044,0620,8025,49.598461,8.438081,C-17A Globemaster,240,230,-1014,False,mlat
ae123b,2026-08-31 06:42:58.140747,RCH197,04-4130,7711,33000,43.151337,23.823629,C-17A Globemaster,172,498,0,False,mlat
87cdf4,2026-08-31 06:42:58.140763,HARGR51,54-3616,1400,12075,36.036301,134.398895,KC-46A Pegasus,115,315,0,False,adsb_icao
ae0587,2026-08-31 06:42:58.140766,RCH2022,87-0042,1716,35000,33.826351,136.14357,C-5M Galaxy,37,484,-64,False,mlat
ae0568,2026-08-31 06:42:58.140779,RCH5051,86-0011,7354,39000,47.7,-52.8,C-5M Galaxy,70,540,64,False,mode_s
ae5e11,2026-08-31 06:42:58.140783,UNK C/S,17-46036,5213,22000,28.4,48.5,KC-46A Pegasus,,,,False,mode_s
ae07e9,2026-08-31 06:42:58.140790,UNK C/S,95-0106,0344,2975,31.2,-92.7,C-17A Globemaster,,,,False,mode_s
afa175,2026-08-31 06:42:58.140794,FLYER63,19-46111,3276,24525,25.4,54.7,KC-46A Pegasus,,,,False,mode_s
ae07cb,2026-08-31 06:42:58.140800,UNK C/S,88-0265,0345,1225,30.8,-92.8,C-17A Globemaster,,,,False,mode_s
ae5e12,2026-08-31 06:42:58.140804,FLYER59,17-46037,1530,22525,25.8,57.8,KC-46A Pegasus,,,,False,mode_s
ae1197,2026-08-31 06:43:58.573318,RCH3260,03-3114,4044,36000,38.895035,-110.99189,C-17A Globemaster,276,395,0,False,adsb_icao
ae20c7,2026-08-31 06:43:58.573339,VOLT91,07-7186,0343,2950,31.174217,-92.799423,C-17A Globemaster,125,162,,False,adsb_icao
af0f64,2026-08-31 06:43:58.573345,UNK C/S,,3512,1425,38.360313,-76.298454,E-6B TACAMO,226,114,1,False,mlat
ae10b8,2026-08-31 06:43:58.573349,ELVIS63,01-0189,6011,325,55.513184,-4.605602,C-17A Globemaster,121,101,,False,adsb_icao
ae10bd,2026-08-31 06:43:58.573353,RCH329,01-0194,2214,33000,51.74707,5.297563,C-17A Globemaster,113,479,0,False,other
ae07f6,2026-08-31 06:43:58.573356,RCH401,97-0044,0620,8000,49.569538,8.353019,C-17A Globemaster,241,233,0,False,mlat
ae123b,2026-08-31 06:43:58.573360,RCH197,04-4130,7711,33000,43.014954,23.84918,C-17A Globemaster,172,498,0,False,mlat
87cdf4,2026-08-31 06:43:58.573375,HARGR51,54-3616,1400,12075,36.031631,134.546585,KC-46A Pegasus,,,,False,adsb_icao
ae0587,2026-08-31 06:43:58.573378,RCH2022,87-0042,1716,35000,33.934742,136.243103,C-5M Galaxy,37,486,0,False,mlat
ae0568,2026-08-31 06:43:58.573389,RCH5051,86-0011,7354,39000,47.6,-53.9,C-5M Galaxy,69,540,160,False,mode_s
ae5e11,2026-08-31 06:43:58.573394,UNK C/S,17-46036,5213,22025,28.4,48.4,KC-46A Pegasus,,,,False,mode_s
ae07e9,2026-08-31 06:43:58.573400,UNK C/S,95-0106,0344,2950,30.9,-92.8,C-17A Globemaster,,,,False,mode_s
afa175,2026-08-31 06:43:58.573404,FLYER63,19-46111,3276,24525,25.2,53.8,KC-46A Pegasus,,,,False,mode_s
ae07cb,2026-08-31 06:43:58.573408,UNK C/S,88-0265,0345,1650,31.4,-92.9,C-17A Globemaster,,,,False,mode_s
ae5e12,2026-08-31 06:43:58.573413,FLYER59,17-46037,1530,22525,25.7,59.3,KC-46A Pegasus,,,,False,mode_s
ae1197,2026-08-31 06:44:58.948309,RCH3260,03-3114,4044,36000,38.908173,-111.131905,C-17A Globemaster,276,394,0,False,adsb_icao
ae20c7,2026-08-31 06:44:58.948327,VOLT91,07-7186,0343,2950,31.147963,-92.756744,C-17A Globemaster,125,161,,False,adsb_icao
af0f64,2026-08-31 06:44:58.948333,UNK C/S,,3512,1175,38.338165,-76.330589,E-6B TACAMO,231,124,-636,False,mlat
ae10b8,2026-08-31 06:44:58.948337,ELVIS63,01-0189,6011,1350,55.487961,-4.532443,C-17A Globemaster,120,196,1856,False,adsb_icao
ae07f6,2026-08-31 06:44:58.948341,RCH401,97-0044,0620,8000,49.539555,8.266292,C-17A Globemaster,243,238,0,False,mlat
ae123b,2026-08-31 06:44:58.948345,RCH197,04-4130,7711,33000,42.887131,23.872572,C-17A Globemaster,171,484,0,False,mlat
87cdf4,2026-08-31 06:44:58.948358,HARGR51,54-3616,1400,12075,36.031898,134.660706,KC-46A Pegasus,89,322,0,False,adsb_icao
ae0587,2026-08-31 06:44:58.948361,RCH2022,87-0042,1716,35000,34.049004,136.348755,C-5M Galaxy,37,488,64,False,mlat
ae0568,2026-08-31 06:44:58.948373,RCH5051,86-0011,7354,39000,47.8,-53.8,C-5M Galaxy,68,542,0,False,mode_s
ae5e11,2026-08-31 06:44:58.948377,UNK C/S,17-46036,5213,22000,28.4,48.4,KC-46A Pegasus,,,,False,mode_s
896c2c,2026-08-31 06:44:58.948381,SOUL11,1224,Unavailable,33975,25.7,59.3,C-17A Globemaster,,,,False,mode_s
ae07e9,2026-08-31 06:44:58.948386,UNK C/S,95-0106,0344,2950,31.0,-92.8,C-17A Globemaster,,,,False,mode_s
afa175,2026-08-31 06:44:58.948390,FLYER63,19-46111,3276,24525,25.0,53.8,KC-46A Pegasus,,,,False,mode_s
ae07cb,2026-08-31 06:44:58.948395,UNK C/S,88-0265,0345,2625,31.1,-92.7,C-17A Globemaster,,,,False,mode_s
ae5e12,2026-08-31 06:44:58.948399,FLYER59,17-46037,1530,22525,25.8,57.8,KC-46A Pegasus,,,,False,mode_s
adff10,2026-08-31 06:44:58.948403,UNK C/S,63-7995,Unavailable,Unavailable,35.1,140.6,KC-135R Stratotanker,,,,False,mode_s
ae1197,2026-08-31 06:45:59.348078,RCH3260,03-3114,4044,36000,38.921207,-111.272644,C-17A Globemaster,276,395,0,False,adsb_icao
ae20c7,2026-08-31 06:45:59.348097,VOLT91,07-7186,0343,2950,31.121567,-92.713837,C-17A Globemaster,125,161,,False,adsb_icao
af0f64,2026-08-31 06:45:59.348103,UNK C/S,,3512,375,38.317886,-76.361504,E-6B TACAMO,233,125,-880,False,mlat
ae10b8,2026-08-31 06:45:59.348107,ELVIS63,01-0189,6011,2675,55.455772,-4.438391,C-17A Globemaster,121,257,1024,False,adsb_icao
ae07f6,2026-08-31 06:45:59.348111,RCH401,97-0044,0620,8000,49.508137,8.177116,C-17A Globemaster,245,238,0,False,mlat
ae123b,2026-08-31 06:45:59.348115,RCH197,04-4130,7711,33000,42.743011,23.901123,C-17A Globemaster,171,489,0,False,mlat
ae0587,2026-08-31 06:45:59.348129,RCH2022,87-0042,1716,35000,34.160854,136.452515,C-5M Galaxy,37,490,0,False,mlat
ae0568,2026-08-31 06:45:59.348140,RCH5051,86-0011,7354,39000,47.7,-53.7,C-5M Galaxy,69,540,-32,False,mode_s
ae5e11,2026-08-31 06:45:59.348145,UNK C/S,17-46036,5213,22000,28.4,48.4,KC-46A Pegasus,,,,False,mode_s
896c2c,2026-08-31 06:45:59.348149,SOUL11,1224,4014,34000,25.7,59.3,C-17A Globemaster,,,,False,mode_s
afa175,2026-08-31 06:45:59.348155,FLYER63,19-46111,3276,24525,24.6,53.7,KC-46A Pegasus,,,,False,mode_s
ae07cb,2026-08-31 06:45:59.348160,UNK C/S,88-0265,0345,2950,31.1,-92.7,C-17A Globemaster,,,,False,mode_s
87cdf4,2026-08-31 06:45:59.348165,HARGR51,54-3616,1400,Unavailable,35.5,134.0,KC-46A Pegasus,85,319,-64,False,mode_s
ae5e12,2026-08-31 06:45:59.348169,FLYER59,17-46037,1530,22525,25.7,59.3,KC-46A Pegasus,,,,False,mode_s
ae1197,2026-08-31 06:46:59.746011,RCH3260,03-3114,4044,36000,38.93399,-111.412354,C-17A Globemaster,276,392,0,False,adsb_icao
ae20c7,2026-08-31 06:46:59.746032,VOLT91,07-7186,0343,2950,31.099457,-92.668221,C-17A Globemaster,112,162,,False,adsb_icao
af0f64,2026-08-31 06:46:59.746038,UNK C/S,,3512,-100,38.300323,-76.407379,E-6B TACAMO,237,194,-610,False,mlat
ae10b8,2026-08-31 06:46:59.746043,ELVIS63,01-0189,6011,4875,55.417366,-4.322538,C-17A Globemaster,119,279,2528,False,adsb_icao
ae07f6,2026-08-31 06:46:59.746047,RCH401,97-0044,0620,8000,49.477844,8.091713,C-17A Globemaster,241,221,0,False,mlat
ae123b,2026-08-31 06:46:59.746051,RCH197,04-4130,7711,33000,42.61274,23.926559,C-17A Globemaster,171,476,0,False,mlat
87cdf4,2026-08-31 06:46:59.746068,HARGR51,54-3616,1400,12075,36.120953,134.780151,KC-46A Pegasus,18,316,0,False,adsb_icao
ae0587,2026-08-31 06:46:59.746072,RCH2022,87-0042,1716,34775,34.277588,136.518631,C-5M Galaxy,6,482,-768,False,mlat
ae0568,2026-08-31 06:46:59.746085,RCH5051,86-0011,7354,39000,47.7,-54.1,C-5M Galaxy,69,540,64,False,mode_s
ae5e11,2026-08-31 06:46:59.746089,UNK C/S,17-46036,5213,22000,28.4,49.1,KC-46A Pegasus,,,,False,mode_s
896c2c,2026-08-31 06:46:59.746094,SOUL11,1224,4014,34000,25.7,59.3,C-17A Globemaster,,,,False,mode_s
afa175,2026-08-31 06:46:59.746100,FLYER63,19-46111,3276,24500,25.6,53.7,KC-46A Pegasus,,,,False,mode_s
ae07cb,2026-08-31 06:46:59.746106,UNK C/S,88-0265,0345,2950,31.3,-92.7,C-17A Globemaster,,,,False,mode_s
ae5e12,2026-08-31 06:46:59.746110,FLYER59,17-46037,1530,22525,25.7,59.3,KC-46A Pegasus,,,,False,mode_s
ae1197,2026-08-31 06:48:00.087569,RCH3260,03-3114,4044,36000,38.946671,-111.552727,C-17A Globemaster,276,397,-64,False,adsb_icao
ae20c7,2026-08-31 06:48:00.087589,VOLT91,07-7186,0343,2950,31.076086,-92.623428,C-17A Globemaster,127,163,,False,adsb_icao
ae10b8,2026-08-31 06:48:00.087595,ELVIS63,01-0189,6011,7175,55.37775,-4.201521,C-17A Globemaster,120,291,2496,False,adsb_icao
ae07f6,2026-08-31 06:48:00.087599,RCH401,97-0044,0620,8000,49.449165,8.003685,C-17A Globemaster,242,237,0,False,mlat
ae123b,2026-08-31 06:48:00.087603,RCH197,04-4130,7711,33000,42.475716,23.951359,C-17A Globemaster,173,492,0,False,mlat
ae0587,2026-08-31 06:48:00.087614,RCH2022,87-0042,1716,33850,34.410778,136.555908,C-5M Galaxy,23,494,-832,False,mlat
ae0568,2026-08-31 06:48:00.087626,RCH5051,86-0011,7354,39000,48.3,-52.9,C-5M Galaxy,69,540,192,False,mode_s
ae5e11,2026-08-31 06:48:00.087632,UNK C/S,17-46036,5213,22000,28.4,49.1,KC-46A Pegasus,,,,False,mode_s
896c2c,2026-08-31 06:48:00.087635,SOUL11,1224,4014,33975,25.7,59.3,C-17A Globemaster,,,,False,mode_s
afa175,2026-08-31 06:48:00.087641,FLYER63,19-46111,3276,24500,25.7,53.7,KC-46A Pegasus,,,,False,mode_s
ae07cb,2026-08-31 06:48:00.087646,UNK C/S,88-0265,0345,2950,31.2,-92.8,C-17A Globemaster,,,,False,mode_s
87cdf4,2026-08-31 06:48:00.087671,HARGR51,54-3616,1400,Unavailable,35.4,134.3,KC-46A Pegasus,,,,False,mode_s
ae5e12,2026-08-31 06:48:00.087676,FLYER59,17-46037,1530,22525,25.7,59.3,KC-46A Pegasus,,,,False,mode_s
ae1197,2026-08-31 06:49:00.458067,RCH3260,03-3114,4044,36000,38.959194,-111.69397,C-17A Globemaster,276,395,-64,False,adsb_icao
ae20c7,2026-08-31 06:49:00.458088,VOLT91,07-7186,0343,2950,31.061934,-92.576843,C-17A Globemaster,60,168,,False,adsb_icao
ae10b8,2026-08-31 06:49:00.458095,ELVIS63,01-0189,6011,9400,55.336597,-4.075928,C-17A Globemaster,117,298,1760,False,adsb_icao
ae07f6,2026-08-31 06:49:00.458099,RCH401,97-0044,0620,8000,49.499062,7.957893,C-17A Globemaster,0,280,0,False,mlat
ae123b,2026-08-31 06:49:00.458103,RCH197,04-4130,7711,33000,42.343025,23.975971,C-17A Globemaster,171,489,0,False,mlat
ae0587,2026-08-31 06:49:00.458118,RCH2022,87-0042,1716,33000,34.530766,136.624817,C-5M Galaxy,24,492,-192,False,mlat
ae0568,2026-08-31 06:49:00.458133,RCH5051,86-0011,7354,Unavailable,48.3,-52.8,C-5M Galaxy,,,,False,mode_s
ae5e11,2026-08-31 06:49:00.458139,UNK C/S,17-46036,5213,22000,28.4,49.1,KC-46A Pegasus,,,,False,mode_s
896c2c,2026-08-31 06:49:00.458143,SOUL11,1224,4014,33975,25.7,59.3,C-17A Globemaster,,,,False,mode_s
afa175,2026-08-31 06:49:00.458150,FLYER63,19-46111,3276,24500,25.4,53.6,KC-46A Pegasus,,,,False,mode_s
ae07cb,2026-08-31 06:49:00.458154,UNK C/S,88-0265,0345,2950,31.1,-92.7,C-17A Globemaster,,,,False,mode_s
ae5e12,2026-08-31 06:49:00.458158,FLYER59,17-46037,1530,22550,25.7,59.3,KC-46A Pegasus,,,,False,mode_s
ae1197,2026-08-31 06:50:00.874763,RCH3260,03-3114,4044,36000,38.971573,-111.834549,C-17A Globemaster,276,394,0,False,adsb_icao
ae20c7,2026-08-31 06:50:00.874782,VOLT91,07-7186,0343,3000,31.102478,-92.526482,C-17A Globemaster,45,260,,False,adsb_icao
ae10b8,2026-08-31 06:50:00.874788,ELVIS63,01-0189,6011,10875,55.346142,-3.931441,C-17A Globemaster,77,320,640,False,adsb_icao
ae07f6,2026-08-31 06:50:00.874792,RCH401,97-0044,0620,8000,49.526291,8.072605,C-17A Globemaster,92,300,0,False,mlat
ae123b,2026-08-31 06:50:00.874796,RCH197,04-4130,7711,33000,42.209633,23.99929,C-17A Globemaster,172,495,0,False,mlat
ae0587,2026-08-31 06:50:00.874810,RCH2022,87-0042,1716,33000,34.657654,136.698807,C-5M Galaxy,24,488,128,False,mlat
ae0568,2026-08-31 06:50:00.874823,RCH5051,86-0011,7354,39000,48.3,-52.7,C-5M Galaxy,69,538,0,False,mode_s
ae5e11,2026-08-31 06:50:00.874830,UNK C/S,17-46036,5213,22000,28.4,49.1,KC-46A Pegasus,,,,False,mode_s
896c2c,2026-08-31 06:50:00.874835,SOUL11,1224,4014,34000,25.7,59.3,C-17A Globemaster,,,,False,mode_s
afa175,2026-08-31 06:50:00.874842,FLYER63,19-46111,3276,24500,25.7,53.6,KC-46A Pegasus,,,,False,mode_s
ae07cb,2026-08-31 06:50:00.874848,UNK C/S,88-0265,0345,2950,31.1,-92.7,C-17A Globemaster,,,,False,mode_s
ae5e12,2026-08-31 06:50:00.874852,FLYER59,17-46037,1530,22550,25.7,59.3,KC-46A Pegasus,,,,False,mode_s
ae1197,2026-08-31 06:51:01.246138,RCH3260,03-3114,4044,36000,38.983727,-111.974731,C-17A Globemaster,276,396,0,False,adsb_icao
ae20c7,2026-08-31 06:51:01.246159,VOLT91,07-7186,0343,2950,31.154341,-92.465004,C-17A Globemaster,45,260,,False,adsb_icao
ae10b8,2026-08-31 06:51:01.246164,ELVIS63,01-0189,6011,11650,55.366577,-3.764648,C-17A Globemaster,77,370,1184,False,adsb_icao
ae07f6,2026-08-31 06:51:01.246167,RCH401,97-0044,0620,7425,49.531895,8.198064,C-17A Globemaster,89,284,-1192,False,mlat
ae123b,2026-08-31 06:51:01.246171,RCH197,04-4130,7711,33000,42.067677,24.025988,C-17A Globemaster,173,484,0,False,mlat
87cdf4,2026-08-31 06:51:01.246186,HARGR51,54-3616,1400,12075,36.127304,134.38826,KC-46A Pegasus,235,287,0,False,adsb_icao
ae0587,2026-08-31 06:51:01.246191,RCH2022,87-0042,1716,33000,34.781891,136.76329,C-5M Galaxy,24,490,32,False,mlat
ae0568,2026-08-31 06:51:01.246204,RCH5051,86-0011,7354,39000,48.3,-52.7,C-5M Galaxy,,,,False,mode_s
ae5e11,2026-08-31 06:51:01.246209,UNK C/S,17-46036,5213,22000,28.4,49.1,KC-46A Pegasus,,,,False,mode_s
896c2c,2026-08-31 06:51:01.246214,SOUL11,1224,4014,34000,25.6,59.3,C-17A Globemaster,,,,False,mode_s
afa175,2026-08-31 06:51:01.246220,FLYER63,19-46111,3276,24500,25.9,52.3,KC-46A Pegasus,,,,False,mode_s
ae07cb,2026-08-31 06:51:01.246225,UNK C/S,88-0265,0345,2950,31.0,-92.6,C-17A Globemaster,,,,False,mode_s
ae5e12,2026-08-31 06:51:01.246229,FLYER59,17-46037,1530,22525,25.7,58.7,KC-46A Pegasus,,,,False,mode_s
ae1197,2026-08-31 06:52:01.611102,RCH3260,03-3114,4044,36000,38.995697,-112.115242,C-17A Globemaster,276,394,0,False,adsb_icao
ae20c7,2026-08-31 06:52:01.611121,VOLT91,07-7186,0343,2975,31.199589,-92.4104,C-17A Globemaster,46,261,,False,adsb_icao
ae10b8,2026-08-31 06:52:01.611127,ELVIS63,01-0189,6011,13200,55.389015,-3.583957,C-17A Globemaster,77,388,1632,False,adsb_icao
ae07f6,2026-08-31 06:52:01.611131,RCH401,97-0044,0620,5925,49.4786,8.237146,C-17A Globemaster,209,258,-1469,False,mlat
ae123b,2026-08-31 06:52:01.611134,RCH197,04-4130,7711,33000,41.939732,24.049906,C-17A Globemaster,172,488,0,False,mlat
87cdf4,2026-08-31 06:52:01.611147,HARGR51,54-3616,1400,12075,36.056808,134.36972,KC-46A Pegasus,150,306,0,False,adsb_icao
ae0587,2026-08-31 06:52:01.611151,RCH2022,87-0042,1716,33000,34.895512,136.859741,C-5M Galaxy,56,498,-96,False,mlat
ae1453,2026-08-31 06:52:01.611155,TREK590,05-5149,3273,600,35.761623,139.345566,C-17A Globemaster,351,157,459,False,mlat
ae0568,2026-08-31 06:52:01.611168,RCH5051,86-0011,7354,Unavailable,48.3,-52.7,C-5M Galaxy,,,,False,mode_s
ae5e11,2026-08-31 06:52:01.611173,UNK C/S,17-46036,5213,22000,28.4,49.1,KC-46A Pegasus,,,,False,mode_s
896c2c,2026-08-31 06:52:01.611177,SOUL11,1224,4014,34000,25.4,58.3,C-17A Globemaster,,,,False,mode_s
afa175,2026-08-31 06:52:01.611184,FLYER63,19-46111,3276,24525,26.0,52.5,KC-46A Pegasus,,,,False,mode_s
ae07cb,2026-08-31 06:52:01.611188,UNK C/S,88-0265,0345,2950,31.0,-92.7,C-17A Globemaster,,,,False,mode_s
ae5e12,2026-08-31 06:52:01.611193,FLYER59,17-46037,1530,22525,25.7,57.4,KC-46A Pegasus,,,,False,mode_s
ae1197,2026-08-31 06:53:01.993296,RCH3260,03-3114,4044,36000,39.00737,-112.254356,C-17A Globemaster,276,392,0,False,adsb_icao
ae20c7,2026-08-31 06:53:01.993317,VOLT91,07-7186,0343,2950,31.211014,-92.396637,C-17A Globemaster,46,261,,False,adsb_icao
ae10b8,2026-08-31 06:53:01.993323,ELVIS63,01-0189,6011,15175,55.389202,-3.394609,C-17A Globemaster,95,391,1280,False,adsb_icao
ae07f6,2026-08-31 06:53:01.993326,RCH401,97-0044,0620,5000,49.458042,8.152228,C-17A Globemaster,241,440,-182,False,mlat
ae123b,2026-08-31 06:53:01.993329,RCH197,04-4130,7711,33000,41.80426,24.075708,C-17A Globemaster,173,489,0,False,mlat
87cdf4,2026-08-31 06:53:01.993342,HARGR51,54-3616,1400,12075,36.035576,134.400665,KC-46A Pegasus,112,316,0,False,adsb_icao
ae0587,2026-08-31 06:53:01.993345,RCH2022,87-0042,1716,33000,34.953224,137.006149,C-5M Galaxy,61,498,96,False,mlat
ae1453,2026-08-31 06:53:01.993348,TREK590,05-5149,3273,2750,35.807278,139.334274,C-17A Globemaster,350,160,2335,False,mlat
ae0568,2026-08-31 06:53:01.993360,RCH5051,86-0011,7354,Unavailable,48.3,-52.7,C-5M Galaxy,,,,False,mode_s
ae5e11,2026-08-31 06:53:01.993366,UNK C/S,17-46036,5213,22000,28.4,49.1,KC-46A Pegasus,,,,False,mode_s
896c2c,2026-08-31 06:53:01.993370,SOUL11,1224,4014,34000,25.7,55.5,C-17A Globemaster,,,,False,mode_s
afa175,2026-08-31 06:53:01.993375,FLYER63,19-46111,3276,24525,25.8,53.3,KC-46A Pegasus,,,,False,mode_s
ae07cb,2026-08-31 06:53:01.993380,UNK C/S,88-0265,0345,2950,30.9,-92.6,C-17A Globemaster,,,,False,mode_s
ae5e12,2026-08-31 06:53:01.993385,FLYER59,17-46037,1530,22525,25.7,59.3,KC-46A Pegasus,,,,False,mode_s
ae07a8,2026-08-31 06:54:02.410560,UNK C/S,59-1508,Unavailable,1500,61.262508,-149.750229,KC-135R Stratotanker,62,198,2169,False,mlat
ae1197,2026-08-31 06:54:02.410580,RCH3260,03-3114,4044,36000,39.020004,-112.395096,C-17A Globemaster,281,401,0,False,adsb_icao
ae20c7,2026-08-31 06:54:02.410589,VOLT91,07-7186,0343,2975,31.264111,-92.353928,C-17A Globemaster,10,273,,False,adsb_icao
ae10b8,2026-08-31 06:54:02.410594,ELVIS63,01-0189,6011,16450,55.377796,-3.197937,C-17A Globemaster,95,410,1632,False,adsb_icao
ae07f6,2026-08-31 06:54:02.410597,RCH401,97-0044,0620,4975,49.455536,8.060086,C-17A Globemaster,272,211,0,False,mlat
ae123b,2026-08-31 06:54:02.410601,RCH197,04-4130,7711,33000,41.667965,24.101803,C-17A Globemaster,173,471,0,False,mlat
87cdf4,2026-08-31 06:54:02.410614,HARGR51,54-3616,1400,12075,36.031803,134.577026,KC-46A Pegasus,89,321,0,False,adsb_icao
ae0587,2026-08-31 06:54:02.410617,RCH2022,87-0042,1716,32975,35.022831,137.155106,C-5M Galaxy,59,498,-352,False,mlat
ae1453,2026-08-31 06:54:02.410621,TREK590,05-5149,3273,4500,35.856556,139.322067,C-17A Globemaster,343,193,1298,False,mlat
ae5e11,2026-08-31 06:54:02.410635,UNK C/S,17-46036,5213,22000,28.4,49.1,KC-46A Pegasus,,,,False,mode_s
896c2c,2026-08-31 06:54:02.410640,SOUL11,1224,4014,34000,25.7,56.2,C-17A Globemaster,,,,False,mode_s
afa175,2026-08-31 06:54:02.410645,FLYER63,19-46111,3276,24525,25.9,52.7,KC-46A Pegasus,,,,False,mode_s
ae07cb,2026-08-31 06:54:02.410649,UNK C/S,88-0265,0345,2950,30.7,-92.5,C-17A Globemaster,,,,False,mode_s
ae5e12,2026-08-31 06:54:02.410671,FLYER59,17-46037,1530,22525,25.5,57.5,KC-46A Pegasus,,,,False,mode_s
ae07a8,2026-08-31 06:55:02.795350,UNK C/S,59-1508,2233,3800,61.311054,-149.766769,KC-135R Stratotanker,305,263,2787,False,mlat
ae1197,2026-08-31 06:55:02.795370,RCH3260,03-3114,4044,36000,39.046902,-112.536255,C-17A Globemaster,283,402,0,False,adsb_icao
ae07cb,2026-08-31 06:55:02.795378,UNK C/S,88-0265,0345,2950,31.115051,-92.707153,C-17A Globemaster,,,-52,False,mlat
ae20c7,2026-08-31 06:55:02.795381,VOLT91,07-7186,0343,2950,31.370481,-92.426224,C-17A Globemaster,309,284,0,False,adsb_icao
ae10b8,2026-08-31 06:55:02.795386,ELVIS63,01-0189,6011,18025,55.366299,-2.996687,C-17A Globemaster,95,416,1408,False,adsb_icao
ae07f6,2026-08-31 06:55:02.795389,RCH401,97-0044,0620,4475,49.462227,7.966103,C-17A Globemaster,293,231,-967,False,mlat
ae123b,2026-08-31 06:55:02.795393,RCH197,04-4130,7711,33000,41.532936,24.12817,C-17A Globemaster,169,469,0,False,mlat
87cdf4,2026-08-31 06:55:02.795406,HARGR51,54-3616,1400,12075,36.031906,134.679459,KC-46A Pegasus,90,319,0,False,adsb_icao
ae0587,2026-08-31 06:55:02.795409,RCH2022,87-0042,1716,31475,35.093658,137.301331,C-5M Galaxy,59,500,-1856,False,mlat
ae1453,2026-08-31 06:55:02.795413,TREK590,05-5149,3273,5700,35.920563,139.306168,C-17A Globemaster,348,285,1224,False,mlat
ae5e11,2026-08-31 06:55:02.795426,UNK C/S,17-46036,5213,22000,28.4,49.1,KC-46A Pegasus,,,,False,mode_s
896c2c,2026-08-31 06:55:02.795430,SOUL11,1224,4014,33975,25.7,58.3,C-17A Globemaster,,,,False,mode_s
afa175,2026-08-31 06:55:02.795435,FLYER63,19-46111,3276,24525,25.9,52.4,KC-46A Pegasus,,,,False,mode_s
ae5e12,2026-08-31 06:55:02.795441,FLYER59,17-46037,1530,22550,25.7,59.3,KC-46A Pegasus,,,,False,mode_s
ae07a8,2026-08-31 06:56:03.320203,UNK C/S,59-1508,2233,5400,61.355293,-149.859467,KC-135R Stratotanker,331,275,1366,False,mlat
ae1197,2026-08-31 06:56:03.320224,RCH3260,03-3114,4044,36000,39.073437,-112.675293,C-17A Globemaster,283,402,0,False,adsb_icao
ae07cb,2026-08-31 06:56:03.320231,UNK C/S,88-0265,0345,2950,31.081209,-92.731796,C-17A Globemaster,,,0,False,mlat
ae10b8,2026-08-31 06:56:03.320237,ELVIS63,01-0189,6011,19500,55.354752,-2.794001,C-17A Globemaster,95,421,1440,False,adsb_icao
ae07f6,2026-08-31 06:56:03.320241,RCH401,97-0044,0620,4075,49.458622,7.880968,C-17A Globemaster,303,172,-17,False,mlat
ae123b,2026-08-31 06:56:03.320245,RCH197,04-4130,7422,33000,41.40527,24.192915,C-17A Globemaster,159,493,0,False,mlat
87cdf4,2026-08-31 06:56:03.320258,HARGR51,54-3616,1400,12075,36.059875,134.790115,KC-46A Pegasus,31,319,0,False,adsb_icao
ae0587,2026-08-31 06:56:03.320262,RCH2022,87-0042,1716,29525,35.162361,137.441071,C-5M Galaxy,59,504,-2016,False,mlat
ae1453,2026-08-31 06:56:03.320266,TREK590,05-5149,3273,8275,35.973682,139.242706,C-17A Globemaster,282,340,2791,False,mlat
ae20c7,2026-08-31 06:56:03.320280,VOLT91,07-7186,0343,Unavailable,31.0,-92.5,C-17A Globemaster,,,,False,mode_s
ae5e11,2026-08-31 06:56:03.320284,UNK C/S,17-46036,5213,22000,28.4,49.1,KC-46A Pegasus,,,,False,mode_s
896c2c,2026-08-31 06:56:03.320288,SOUL11,1224,4014,33975,25.3,55.9,C-17A Globemaster,,,,False,mode_s
afa175,2026-08-31 06:56:03.320294,FLYER63,19-46111,3276,24500,26.0,52.8,KC-46A Pegasus,,,,False,mode_s
ae5e12,2026-08-31 06:56:03.320299,FLYER59,17-46037,1530,22525,25.7,59.3,KC-46A Pegasus,,,,False,mode_s
ae07fd,2026-08-31 06:56:03.320304,RCH472,98-0051,Unavailable,Unavailable,42.3,144.5,C-17A Globemaster,,,,False,mode_s
ae07a8,2026-08-31 06:57:03.715628,UNK C/S,59-1508,2233,8275,61.426991,-149.816666,KC-135R Stratotanker,41,296,2293,False,mlat
ae01d0,2026-08-31 06:57:03.715647,UNK C/S,62-4139,5721,1600,61.260971,-149.748505,RC-135 Rivet Joint,,,2073,False,mlat
ae1197,2026-08-31 06:57:03.715670,RCH3260,03-3114,4044,36000,39.10025,-112.817444,C-17A Globemaster,283,402,-64,False,adsb_icao
ae07cb,2026-08-31 06:57:03.715677,UNK C/S,88-0265,0345,2950,31.044926,-92.778259,C-17A Globemaster,238,207,0,False,mlat
ae20c7,2026-08-31 06:57:03.715681,VOLT91,07-7186,0343,2225,31.413757,-92.590569,C-17A Globemaster,221,266,0,False,adsb_icao
ae10b8,2026-08-31 06:57:03.715686,ELVIS63,01-0189,6011,20800,55.333618,-2.58778,C-17A Globemaster,109,429,960,False,adsb_icao
ae07f6,2026-08-31 06:57:03.715689,RCH401,97-0044,0620,3175,49.453472,7.815829,C-17A Globemaster,263,141,-751,False,mlat
ae123b,2026-08-31 06:57:03.715693,RCH197,04-4130,7422,33000,41.283024,24.253267,C-17A Globemaster,159,488,0,False,mlat
87cdf4,2026-08-31 06:57:03.715705,HARGR51,54-3616,1400,12075,36.130821,134.763092,KC-46A Pegasus,329,304,0,False,adsb_icao
ae0587,2026-08-31 06:57:03.715709,RCH2022,87-0042,1716,28350,35.229717,137.58461,C-5M Galaxy,59,510,-1824,False,mlat
ae1453,2026-08-31 06:57:03.715712,TREK590,05-5149,3273,10325,36.004616,139.153427,C-17A Globemaster,293,287,1142,False,mlat
896c2c,2026-08-31 06:57:03.715723,SOUL11,1224,4014,33975,25.0,56.6,C-17A Globemaster,,,,False,mode_s
ae07fd,2026-08-31 06:57:03.715726,RCH472,98-0051,2000,29975,42.3,144.5,C-17A Globemaster,,,,False,mode_s
ae5e11,2026-08-31 06:57:03.715730,UNK C/S,17-46036,5213,22000,28.1,48.2,KC-46A Pegasus,,,,False,mode_s
ae5e12,2026-08-31 06:57:03.715736,FLYER59,17-46037,1530,22525,24.9,58.8,KC-46A Pegasus,,,,False,mode_s
afa175,2026-08-31 06:57:03.715740,FLYER63,19-46111,3276,24500,28.0,49.8,KC-46A Pegasus,,,,False,mode_s
ae01d0,2026-08-31 06:58:04.120840,UNK C/S,62-4139,5721,3650,61.309258,-149.73558,RC-135 Rivet Joint,331,209,2028,False,mlat
ae07a8,2026-08-31 06:58:04.120858,UNK C/S,59-1508,2233,10600,61.491421,-149.707703,KC-135R Stratotanker,40,322,1030,False,mlat
ae1197,2026-08-31 06:58:04.120865,RCH3260,03-3114,4044,36000,39.126133,-112.955811,C-17A Globemaster,283,399,64,False,adsb_icao
ae07cb,2026-08-31 06:58:04.120870,UNK C/S,88-0265,0345,1800,31.035219,-92.790344,C-17A Globemaster,226,172,-552,False,mlat
ae20c7,2026-08-31 06:58:04.120874,VOLT91,07-7186,0343,2175,31.354328,-92.57283,C-17A Globemaster,143,256,,False,adsb_icao
ae10b8,2026-08-31 06:58:04.120879,ELVIS63,01-0189,6011,21925,55.295059,-2.389365,C-17A Globemaster,108,436,960,False,adsb_icao
ae07f6,2026-08-31 06:58:04.120882,RCH401,97-0044,0620,2625,49.448555,7.767953,C-17A Globemaster,271,98,-504,False,mlat
ae123b,2026-08-31 06:58:04.120886,RCH197,04-4130,7422,33000,41.147461,24.320276,C-17A Globemaster,158,502,0,False,mlat
87cdf4,2026-08-31 06:58:04.120898,HARGR51,54-3616,1400,12075,36.136047,134.742798,KC-46A Pegasus,279,293,0,False,adsb_icao
ae0587,2026-08-31 06:58:04.120902,RCH2022,87-0042,1716,26350,35.302917,137.748672,C-5M Galaxy,66,490,-1728,False,mlat
ae1453,2026-08-31 06:58:04.120906,TREK590,05-5149,3273,11925,35.970413,139.06105,C-17A Globemaster,229,335,3078,False,mlat
896c2c,2026-08-31 06:58:04.120916,SOUL11,1224,4014,33975,25.2,55.7,C-17A Globemaster,,,,False,mode_s
ae07fd,2026-08-31 06:58:04.120919,RCH472,98-0051,2000,29975,42.3,144.5,C-17A Globemaster,,,,False,mode_s
ae5e11,2026-08-31 06:58:04.120923,UNK C/S,17-46036,5213,22000,28.3,49.1,KC-46A Pegasus,,,,False,mode_s
ae5e12,2026-08-31 06:58:04.120929,FLYER59,17-46037,1530,22525,25.0,59.3,KC-46A Pegasus,,,,False,mode_s
afa175,2026-08-31 06:58:04.120933,FLYER63,19-46111,3276,24500,28.4,49.8,KC-46A Pegasus,,,,False,mode_s
ae01d0,2026-08-31 06:59:04.465916,UNK C/S,62-4139,5721,5325,61.342915,-149.821716,RC-135 Rivet Joint,307,240,1541,False,mlat
ae07a8,2026-08-31 06:59:04.465935,UNK C/S,59-1508,2233,14000,61.562984,-149.58548,KC-135R Stratotanker,39,317,4035,False,mlat
ae1197,2026-08-31 06:59:04.465942,RCH3260,03-3114,4044,36000,39.152061,-113.095215,C-17A Globemaster,283,399,0,False,adsb_icao
ae20c7,2026-08-31 06:59:04.465948,VOLT91,07-7186,0343,2050,31.315783,-92.584091,C-17A Globemaster,304,199,,False,adsb_icao
ae10b8,2026-08-31 06:59:04.465955,ELVIS63,01-0189,6011,23025,55.255085,-2.185863,C-17A Globemaster,109,443,864,False,adsb_icao
ae07f6,2026-08-31 06:59:04.465959,RCH401,97-0044,0620,2100,49.444141,7.726488,C-17A Globemaster,252,105,-500,False,mlat
ae123b,2026-08-31 06:59:04.465964,RCH197,04-4130,7422,33000,41.024605,24.380133,C-17A Globemaster,159,490,0,False,mlat
ae0587,2026-08-31 06:59:04.465978,RCH2022,87-0042,1716,23675,35.348804,137.896286,C-5M Galaxy,69,472,-2432,False,mlat
ae1453,2026-08-31 06:59:04.465982,TREK590,05-5149,3273,14250,35.913498,138.975189,C-17A Globemaster,227,319,2200,False,mlat
896c2c,2026-08-31 06:59:04.465995,SOUL11,1224,4014,33975,25.2,54.9,C-17A Globemaster,,,,False,mode_s
ae07fd,2026-08-31 06:59:04.465998,RCH472,98-0051,2000,29975,42.3,144.5,C-17A Globemaster,,,,False,mode_s
ae5e11,2026-08-31 06:59:04.466003,UNK C/S,17-46036,5213,22000,27.9,47.7,KC-46A Pegasus,,,,False,mode_s
ae07cb,2026-08-31 06:59:04.466008,UNK C/S,88-0265,0345,1600,30.3,-92.7,C-17A Globemaster,,,,False,mode_s
ae5e12,2026-08-31 06:59:04.466012,FLYER59,17-46037,1530,22525,25.0,58.7,KC-46A Pegasus,,,,False,mode_s
afa175,2026-08-31 06:59:04.466016,FLYER63,19-46111,3276,24525,28.4,49.8,KC-46A Pegasus,,,,False,mode_s
ae01d0,2026-08-31 07:00:04.856972,UNK C/S,62-4139,5721,7225,61.406494,-149.795135,RC-135 Rivet Joint,50,313,2619,False,mlat
ae07a8,2026-08-31 07:00:04.856990,UNK C/S,59-1508,2233,16275,61.632439,-149.467224,KC-135R Stratotanker,42,327,2401,False,mlat
ae1197,2026-08-31 07:00:04.856998,RCH3260,03-3114,4044,36000,39.177898,-113.236084,C-17A Globemaster,283,403,0,False,adsb_icao
ae20c7,2026-08-31 07:00:04.857005,VOLT91,07-7186,0343,1675,31.359833,-92.616142,C-17A Globemaster,10,175,,False,adsb_icao
ae10b8,2026-08-31 07:00:04.857012,ELVIS63,01-0189,6011,23925,55.213943,-1.979235,C-17A Globemaster,109,451,960,False,adsb_icao
ae07f6,2026-08-31 07:00:04.857015,RCH401,97-0044,0620,1575,49.44194,7.685045,C-17A Globemaster,260,114,-568,False,mlat
ae123b,2026-08-31 07:00:04.857020,RCH197,04-4130,7422,33000,40.892334,24.44343,C-17A Globemaster,162,475,0,False,mlat
87cd02,2026-08-31 07:00:04.857033,HARGR52,24-3612,4665,1375,35.506531,133.270401,KC-46A Pegasus,53,172,,False,adsb_icao
ae0587,2026-08-31 07:00:04.857038,RCH2022,87-0042,1716,21150,35.395676,138.046783,C-5M Galaxy,69,456,-2048,False,mlat
ae1453,2026-08-31 07:00:04.857041,TREK590,05-5149,3273,16125,35.873425,138.874313,C-17A Globemaster,268,334,1680,False,mlat
896c2c,2026-08-31 07:00:04.857053,SOUL11,1224,4014,33975,25.4,54.9,C-17A Globemaster,,,,False,mode_s
ae07fd,2026-08-31 07:00:04.857056,RCH472,98-0051,2000,29975,42.3,144.5,C-17A Globemaster,,,,False,mode_s
ae5e11,2026-08-31 07:00:04.857062,UNK C/S,17-46036,5213,22025,28.1,48.3,KC-46A Pegasus,,,,False,mode_s
ae5e12,2026-08-31 07:00:04.857069,FLYER59,17-46037,1530,22525,25.0,58.7,KC-46A Pegasus,,,,False,mode_s
afa175,2026-08-31 07:00:04.857073,FLYER63,19-46111,3276,Unavailable,27.6,50.2,KC-46A Pegasus,,,,False,mode_s
ae01d0,2026-08-31 07:01:05.227161,UNK C/S,62-4139,5721,9925,61.470676,-149.689331,RC-135 Rivet Joint,35,302,3013,False,mlat
ae07a8,2026-08-31 07:01:05.227179,UNK C/S,59-1508,2233,18425,61.704838,-149.341446,KC-135R Stratotanker,40,371,1170,False,mlat
ae1197,2026-08-31 07:01:05.227185,RCH3260,03-3114,4044,36000,39.20369,-113.376831,C-17A Globemaster,283,403,0,False,adsb_icao
ae20c7,2026-08-31 07:01:05.227192,VOLT91,07-7186,0343,1150,31.370499,-92.588409,C-17A Globemaster,125,111,,False,adsb_icao
ae10b8,2026-08-31 07:01:05.227198,ELVIS63,01-0189,6011,24750,55.1716,-1.769687,C-17A Globemaster,109,460,512,False,adsb_icao
ae07f6,2026-08-31 07:01:05.227202,RCH401,97-0044,0620,975,49.440952,7.632853,C-17A Globemaster,235,104,-625,False,mlat
ae123b,2026-08-31 07:01:05.227207,RCH197,04-4130,7422,33000,40.766666,24.507988,C-17A Globemaster,158,494,0,False,mlat
87cd02,2026-08-31 07:01:05.227220,HARGR52,24-3612,4665,2900,35.542728,133.328156,KC-46A Pegasus,53,259,1728,False,adsb_icao
ae0587,2026-08-31 07:01:05.227225,RCH2022,87-0042,1716,18725,35.440189,138.19812,C-5M Galaxy,69,438,-1536,False,mlat
ae1453,2026-08-31 07:01:05.227228,TREK590,05-5149,3273,17850,35.857735,138.767105,C-17A Globemaster,259,339,1781,False,mlat
896c2c,2026-08-31 07:01:05.227240,SOUL11,1224,4014,32750,25.3,55.6,C-17A Globemaster,,,,False,mode_s
ae07fd,2026-08-31 07:01:05.227244,RCH472,98-0051,2000,30000,42.3,144.5,C-17A Globemaster,,,,False,mode_s
ae5e11,2026-08-31 07:01:05.227249,UNK C/S,17-46036,5213,22000,28.0,47.8,KC-46A Pegasus,,,,False,mode_s
ae5e12,2026-08-31 07:01:05.227256,FLYER59,17-46037,1530,22550,25.0,58.3,KC-46A Pegasus,,,,False,mode_s
afa175,2026-08-31 07:01:05.227259,FLYER63,19-46111,3276,27500,26.0,51.5,KC-46A Pegasus,,,,False,mode_s
ae01d0,2026-08-31 07:02:05.581867,UNK C/S,62-4139,5721,12175,61.54174,-149.57373,RC-135 Rivet Joint,36,392,2673,False,mlat
ae07a8,2026-08-31 07:02:05.581886,UNK C/S,59-1508,2233,20625,61.795799,-149.186829,KC-135R Stratotanker,38,391,1766,False,mlat
ae1197,2026-08-31 07:02:05.581892,RCH3260,03-3114,4044,36000,39.229248,-113.517906,C-17A Globemaster,283,408,0,False,adsb_icao
ae10b8,2026-08-31 07:02:05.581898,ELVIS63,01-0189,6011,25675,55.128891,-1.559816,C-17A Globemaster,109,461,1056,False,adsb_icao
ae123b,2026-08-31 07:02:05.581902,RCH197,04-4130,7422,33000,40.644157,24.56595,C-17A Globemaster,158,476,0,False,mlat
87cd02,2026-08-31 07:02:05.581915,HARGR52,24-3612,4665,5775,35.599731,133.386551,KC-46A Pegasus,2,288,,False,adsb_icao
87cdf4,2026-08-31 07:02:05.581919,HARGR51,54-3616,1400,12075,36.045319,134.381683,KC-46A Pegasus,132,310,0,False,adsb_icao
ae0587,2026-08-31 07:02:05.581924,RCH2022,87-0042,1716,16375,35.480469,138.329514,C-5M Galaxy,69,424,-1760,False,mlat
ae1453,2026-08-31 07:02:05.581927,TREK590,05-5149,3273,19400,35.839615,138.65036,C-17A Globemaster,260,339,1422,False,mlat
896c2c,2026-08-31 07:02:05.581937,SOUL11,1224,4014,31250,25.6,55.2,C-17A Globemaster,,,,False,mode_s
ae07fd,2026-08-31 07:02:05.581941,RCH472,98-0051,2000,Unavailable,42.3,144.5,C-17A Globemaster,,,,False,mode_s
ae5e11,2026-08-31 07:02:05.581947,UNK C/S,17-46036,5213,22000,28.4,49.1,KC-46A Pegasus,,,,False,mode_s
ae04dc,2026-08-31 07:02:05.581952,UNK C/S,57-1461,3435,21025,25.9,51.1,KC-135R Stratotanker,,,,False,mode_s
ae07cb,2026-08-31 07:02:05.581956,UNK C/S,88-0265,0345,1275,30.9,-92.6,C-17A Globemaster,,,,False,mode_s
ae5e12,2026-08-31 07:02:05.581961,FLYER59,17-46037,1530,22525,25.0,58.7,KC-46A Pegasus,,,,False,mode_s
afa175,2026-08-31 07:02:05.581964,FLYER63,19-46111,3276,27500,26.0,52.0,KC-46A Pegasus,,,,False,mode_s
ae01d0,2026-08-31 07:03:05.959356,UNK C/S,62-4139,5721,15375,61.610313,-149.45694,RC-135 Rivet Joint,38,326,2822,False,mlat
ae07a8,2026-08-31 07:03:05.959374,UNK C/S,59-1508,2233,23050,61.877289,-149.045273,KC-135R Stratotanker,39,409,2787,False,mlat
ae1197,2026-08-31 07:03:05.959380,RCH3260,03-3114,4044,36000,39.255203,-113.661682,C-17A Globemaster,282,410,0,False,adsb_icao
ae10b8,2026-08-31 07:03:05.959387,ELVIS63,01-0189,6011,26475,55.085129,-1.347279,C-17A Globemaster,109,464,736,False,adsb_icao
ae10bd,2026-08-31 07:03:05.959391,RCH329,01-0194,2214,33000,53.197384,-0.025527,C-17A Globemaster,111,462,0,False,other
ae123b,2026-08-31 07:03:05.959396,RCH197,04-4130,7422,33000,40.511116,24.630333,C-17A Globemaster,159,476,0,False,mlat
87cd02,2026-08-31 07:03:05.959411,HARGR52,24-3612,4665,8900,35.657524,133.328033,KC-46A Pegasus,279,280,3136,False,adsb_icao
87cdf4,2026-08-31 07:03:05.959415,HARGR51,54-3616,1400,12075,36.035522,134.400909,KC-46A Pegasus,113,317,0,False,adsb_icao
ae0587,2026-08-31 07:03:05.959420,RCH2022,87-0042,1716,14975,35.525215,138.465134,C-5M Galaxy,67,382,0,False,mlat
ae1453,2026-08-31 07:03:05.959424,TREK590,05-5149,3273,20650,35.823967,138.537003,C-17A Globemaster,266,334,1211,False,mlat
896c2c,2026-08-31 07:03:05.959434,SOUL11,1224,4014,29750,25.4,55.3,C-17A Globemaster,,,,False,mode_s
ae5e11,2026-08-31 07:03:05.959440,UNK C/S,17-46036,5213,22000,28.4,49.5,KC-46A Pegasus,,,,False,mode_s
ae04dc,2026-08-31 07:03:05.959445,UNK C/S,57-1461,3435,21025,25.9,51.1,KC-135R Stratotanker,130,434,-32,False,mode_s
ae07cb,2026-08-31 07:03:05.959450,UNK C/S,88-0265,0345,1250,31.4,-92.7,C-17A Globemaster,,,,False,mode_s
ae5e12,2026-08-31 07:03:05.959455,FLYER59,17-46037,1530,22525,25.0,58.7,KC-46A Pegasus,,,,False,mode_s
afa175,2026-08-31 07:03:05.959458,FLYER63,19-46111,3276,27525,25.9,51.2,KC-46A Pegasus,,,,False,mode_s
ae01d0,2026-08-31 07:04:06.452599,UNK C/S,62-4139,5721,17650,61.686653,-149.330399,RC-135 Rivet Joint,39,343,1954,False,mlat
ae07a8,2026-08-31 07:04:06.452618,UNK C/S,59-1508,2233,24875,61.964401,-148.894485,KC-135R Stratotanker,39,401,2081,False,mlat
ae1197,2026-08-31 07:04:06.452626,RCH3260,03-3114,4044,36000,39.280975,-113.805405,C-17A Globemaster,282,408,0,False,adsb_icao
ae10b8,2026-08-31 07:04:06.452634,ELVIS63,01-0189,6011,27925,55.041595,-1.138084,C-17A Globemaster,110,449,1056,False,adsb_icao
ae123b,2026-08-31 07:04:06.452639,RCH197,04-4130,7422,33000,40.38414,24.689701,C-17A Globemaster,162,487,0,False,mlat
87cd02,2026-08-31 07:04:06.452672,HARGR52,24-3612,4665,11175,35.624542,133.242188,KC-46A Pegasus,232,317,1440,False,adsb_icao
87cdf4,2026-08-31 07:04:06.452677,HARGR51,54-3616,1400,12075,36.031757,134.571365,KC-46A Pegasus,89,319,0,False,adsb_icao
ae1453,2026-08-31 07:04:06.452682,TREK590,05-5149,3273,22000,35.803436,138.411377,C-17A Globemaster,262,367,1341,False,mlat
ae0587,2026-08-31 07:04:06.452686,RCH2022,87-0042,1716,14950,35.559544,138.570328,C-5M Galaxy,69,328,-32,False,mlat
896c2c,2026-08-31 07:04:06.452699,SOUL11,1224,4014,28150,25.0,55.1,C-17A Globemaster,,,,False,mode_s
ae5e11,2026-08-31 07:04:06.452704,UNK C/S,17-46036,5213,22000,28.4,49.6,KC-46A Pegasus,,,,False,mode_s
ae04dc,2026-08-31 07:04:06.452710,UNK C/S,57-1461,3435,21025,27.1,49.9,KC-135R Stratotanker,130,434,96,False,mode_s
ae07cb,2026-08-31 07:04:06.452713,UNK C/S,88-0265,0345,2175,31.1,-92.8,C-17A Globemaster,,,,False,mode_s
ae5e12,2026-08-31 07:04:06.452717,FLYER59,17-46037,1530,22550,25.0,59.3,KC-46A Pegasus,,,,False,mode_s
afa175,2026-08-31 07:04:06.452721,FLYER63,19-46111,3276,27500,25.9,51.1,KC-46A Pegasus,,,,False,mode_s
ae01d0,2026-08-31 07:05:06.881072,UNK C/S,62-4139,5721,19425,61.765255,-149.19574,RC-135 Rivet Joint,40,384,1850,False,mlat
ae07a8,2026-08-31 07:05:06.881091,UNK C/S,59-1508,2233,24975,62.05846,-148.727417,KC-135R Stratotanker,39,423,25,False,mlat
ae1197,2026-08-31 07:05:06.881098,RCH3260,03-3114,4044,36000,39.306656,-113.949959,C-17A Globemaster,282,413,0,False,adsb_icao
ae10b8,2026-08-31 07:05:06.881106,ELVIS63,01-0189,6011,28725,54.998585,-0.933422,C-17A Globemaster,110,449,832,False,adsb_icao
ae123b,2026-08-31 07:05:06.881111,RCH197,04-4130,7422,33000,40.256008,24.753437,C-17A Globemaster,159,482,0,False,mlat
87cd02,2026-08-31 07:05:06.881126,HARGR52,24-3612,4665,14350,35.566681,133.150696,KC-46A Pegasus,232,351,3904,False,adsb_icao
87cdf4,2026-08-31 07:05:06.881130,HARGR51,54-3616,1400,12075,36.031853,134.673859,KC-46A Pegasus,90,318,0,False,adsb_icao
ae1453,2026-08-31 07:05:06.881134,TREK590,05-5149,3273,23175,35.796726,138.287048,C-17A Globemaster,277,381,1136,False,mlat
ae0587,2026-08-31 07:05:06.881138,RCH2022,87-0042,1716,14050,35.590012,138.678864,C-5M Galaxy,70,322,-1408,False,mlat
896c2c,2026-08-31 07:05:06.881149,SOUL11,1224,4014,26350,25.1,55.9,C-17A Globemaster,,,,False,mode_s
ae5e11,2026-08-31 07:05:06.881154,UNK C/S,17-46036,5213,22000,28.4,49.7,KC-46A Pegasus,,,,False,mode_s
ae04dc,2026-08-31 07:05:06.881159,UNK C/S,57-1461,1557,21025,25.1,50.8,KC-135R Stratotanker,130,434,0,False,mode_s
ae07cb,2026-08-31 07:05:06.881164,UNK C/S,88-0265,0345,2975,31.2,-92.8,C-17A Globemaster,,,,False,mode_s
ae5e12,2026-08-31 07:05:06.881167,FLYER59,17-46037,1530,22525,25.0,59.6,KC-46A Pegasus,,,,False,mode_s
afa175,2026-08-31 07:05:06.881171,FLYER63,19-46111,3276,27500,25.9,51.2,KC-46A Pegasus,,,,False,mode_s
ae01d0,2026-08-31 07:06:07.256974,UNK C/S,62-4139,5721,21350,61.846825,-149.04808,RC-135 Rivet Joint,41,395,2133,False,mlat
ae07a8,2026-08-31 07:06:07.256992,UNK C/S,59-1508,2233,24975,62.128849,-148.598709,KC-135R Stratotanker,42,413,0,False,mlat
ae1197,2026-08-31 07:06:07.256999,RCH3260,03-3114,4044,36000,39.33194,-114.093628,C-17A Globemaster,282,413,0,False,adsb_icao
ae10b8,2026-08-31 07:06:07.257006,ELVIS63,01-0189,6011,29525,54.955521,-0.730674,C-17A Globemaster,110,449,480,False,adsb_icao
ae123b,2026-08-31 07:06:07.257011,RCH197,04-4130,7422,33000,40.149349,24.803722,C-17A Globemaster,159,490,0,False,mlat
87cd02,2026-08-31 07:06:07.257023,HARGR52,24-3612,4665,16025,35.493706,133.069504,KC-46A Pegasus,208,360,32,False,adsb_icao
87cdf4,2026-08-31 07:06:07.257027,HARGR51,54-3616,1400,12075,36.081573,134.797318,KC-46A Pegasus,1,313,0,False,adsb_icao
ae1453,2026-08-31 07:06:07.257031,TREK590,05-5149,3273,24350,35.801392,138.168106,C-17A Globemaster,273,374,1193,False,mlat
ae0587,2026-08-31 07:06:07.257034,RCH2022,87-0042,1716,12775,35.609634,138.780701,C-5M Galaxy,87,295,-1627,False,mlat
896c2c,2026-08-31 07:06:07.257045,SOUL11,1224,4014,24525,25.2,55.2,C-17A Globemaster,,,,False,mode_s
ae5e11,2026-08-31 07:06:07.257050,UNK C/S,17-46036,5213,22000,28.4,49.1,KC-46A Pegasus,,,,False,mode_s
ae04dc,2026-08-31 07:06:07.257055,UNK C/S,57-1461,1557,21025,25.9,51.1,KC-135R Stratotanker,130,436,0,False,mode_s
ae07cb,2026-08-31 07:06:07.257060,UNK C/S,88-0265,0345,2975,31.3,-92.8,C-17A Globemaster,,,,False,mode_s
ae5e12,2026-08-31 07:06:07.257064,FLYER59,17-46037,1530,22525,25.0,59.6,KC-46A Pegasus,,,,False,mode_s
afa175,2026-08-31 07:06:07.257067,FLYER63,19-46111,3276,27500,25.2,50.8,KC-46A Pegasus,,,,False,mode_s
ae01d0,2026-08-31 07:07:07.732057,UNK C/S,62-4139,5721,22975,61.924229,-148.921738,RC-135 Rivet Joint,35,382,1720,False,mlat
ae07a8,2026-08-31 07:07:07.732075,UNK C/S,59-1508,2233,24975,62.22184,-148.442322,KC-135R Stratotanker,38,428,74,False,mlat
ae1197,2026-08-31 07:07:07.732082,RCH3260,03-3114,4044,36000,39.357265,-114.238586,C-17A Globemaster,282,413,-64,False,adsb_icao
ae10b8,2026-08-31 07:07:07.732089,ELVIS63,01-0189,6011,30175,54.911865,-0.527021,C-17A Globemaster,110,449,672,False,adsb_icao
ae123b,2026-08-31 07:07:07.732094,RCH197,04-4130,7422,33000,40.009235,24.872103,C-17A Globemaster,160,485,0,False,mlat
87cd02,2026-08-31 07:07:07.732105,HARGR52,24-3612,4665,16000,35.406143,133.012238,KC-46A Pegasus,208,355,128,False,adsb_icao
87cdf4,2026-08-31 07:07:07.732109,HARGR51,54-3616,1400,12075,36.117142,134.782959,KC-46A Pegasus,285,295,0,False,adsb_icao
ae1453,2026-08-31 07:07:07.732114,TREK590,05-5149,3273,25525,35.807209,138.033813,C-17A Globemaster,276,372,1246,False,mlat
ae0587,2026-08-31 07:07:07.732117,RCH2022,87-0042,1716,11575,35.582073,138.873856,C-5M Galaxy,111,294,-1198,False,mlat
896c2c,2026-08-31 07:07:07.732131,SOUL11,1224,4014,22725,25.3,55.3,C-17A Globemaster,,,,False,mode_s
ae5e11,2026-08-31 07:07:07.732135,UNK C/S,17-46036,5213,22000,28.4,49.0,KC-46A Pegasus,,,,False,mode_s
ae04dc,2026-08-31 07:07:07.732143,UNK C/S,57-1461,1557,21025,26.2,51.8,KC-135R Stratotanker,130,436,-32,False,mode_s
ae07cb,2026-08-31 07:07:07.732148,UNK C/S,88-0265,0345,2950,31.4,-92.8,C-17A Globemaster,,,,False,mode_s
ae5e12,2026-08-31 07:07:07.732152,FLYER59,17-46037,1530,22525,25.0,60.3,KC-46A Pegasus,,,,False,mode_s
afa175,2026-08-31 07:07:07.732156,FLYER63,19-46111,3276,27525,25.1,50.8,KC-46A Pegasus,,,,False,mode_s
ae01d0,2026-08-31 07:08:08.212139,UNK C/S,62-4139,5721,23000,62.017075,-148.764771,RC-135 Rivet Joint,39,388,0,False,mlat
ae07a8,2026-08-31 07:08:08.212158,UNK C/S,59-1508,2233,24975,62.246689,-148.394943,KC-135R Stratotanker,39,413,-60,False,mode_s
ae1197,2026-08-31 07:08:08.212165,RCH3260,03-3114,4044,36000,39.382633,-114.384644,C-17A Globemaster,282,410,0,False,adsb_icao
ae10b8,2026-08-31 07:08:08.212173,ELVIS63,01-0189,6011,31200,54.867912,-0.324013,C-17A Globemaster,110,440,1120,False,adsb_icao
ae123b,2026-08-31 07:08:08.212178,RCH197,04-4130,7422,33000,39.990345,24.869961,C-17A Globemaster,161,484,0,False,mode_s
87cd02,2026-08-31 07:08:08.212190,HARGR52,24-3612,4665,17200,35.31665,132.953964,KC-46A Pegasus,208,363,2752,False,adsb_icao
ae1453,2026-08-31 07:08:08.212195,TREK590,05-5149,3273,26550,35.809341,137.907455,C-17A Globemaster,270,385,970,False,mlat
ae0587,2026-08-31 07:08:08.212198,RCH2022,87-0042,1716,10200,35.536777,138.950821,C-5M Galaxy,144,278,-1381,False,mlat
896c2c,2026-08-31 07:08:08.212212,SOUL11,1224,4014,20875,25.0,54.5,C-17A Globemaster,,,,False,mode_s
ae5e11,2026-08-31 07:08:08.212216,UNK C/S,17-46036,5213,22000,28.4,48.9,KC-46A Pegasus,,,,False,mode_s
ae04dc,2026-08-31 07:08:08.212222,UNK C/S,57-1461,1557,21000,25.9,51.1,KC-135R Stratotanker,130,434,-32,False,mode_s
ae07cb,2026-08-31 07:08:08.212226,UNK C/S,88-0265,0345,2950,31.2,-92.6,C-17A Globemaster,,,,False,mode_s
ae5e12,2026-08-31 07:08:08.212231,FLYER59,17-46037,1530,22525,25.0,60.1,KC-46A Pegasus,,,,False,mode_s
afa175,2026-08-31 07:08:08.212234,FLYER63,19-46111,3276,27525,25.2,50.8,KC-46A Pegasus,,,,False,mode_s
ae01d0,2026-08-31 07:09:08.692956,UNK C/S,62-4139,5721,23000,62.067337,-148.684113,RC-135 Rivet Joint,40,410,0,False,mlat
ae1197,2026-08-31 07:09:08.692976,RCH3260,03-3114,4044,36000,39.407318,-114.528885,C-17A Globemaster,282,412,,False,adsb_icao
ae10b8,2026-08-31 07:09:08.692985,ELVIS63,01-0189,6011,32150,54.824848,-0.127425,C-17A Globemaster,111,430,1056,False,adsb_icao
87cd02,2026-08-31 07:09:08.693000,HARGR52,24-3612,4665,20200,35.225555,132.894714,KC-46A Pegasus,207,378,3040,False,adsb_icao
ae1453,2026-08-31 07:09:08.693006,TREK590,05-5149,3273,27400,35.813507,137.783661,C-17A Globemaster,272,378,745,False,mlat
ae0587,2026-08-31 07:09:08.693009,RCH2022,87-0042,1716,8900,35.485149,139.023712,C-5M Galaxy,133,278,-1376,False,mlat
896c2c,2026-08-31 07:09:08.693021,SOUL11,1224,4014,19075,25.3,53.9,C-17A Globemaster,,,,False,mode_s
ae5e11,2026-08-31 07:09:08.693026,UNK C/S,17-46036,5213,22000,28.4,48.9,KC-46A Pegasus,,,,False,mode_s
ae04dc,2026-08-31 07:09:08.693031,UNK C/S,57-1461,1557,21025,25.9,51.1,KC-135R Stratotanker,123,434,0,False,mode_s
ae123b,2026-08-31 07:09:08.693035,RCH197,04-4130,7422,33000,38.8,24.9,C-17A Globemaster,,,,False,mode_s
ae07cb,2026-08-31 07:09:08.693039,UNK C/S,88-0265,0345,2950,30.6,-92.5,C-17A Globemaster,,,,False,mode_s
ae5e12,2026-08-31 07:09:08.693044,FLYER59,17-46037,1530,22525,25.0,60.1,KC-46A Pegasus,,,,False,mode_s
afa175,2026-08-31 07:09:08.693047,FLYER63,19-46111,3276,27525,25.1,50.8,KC-46A Pegasus,,,,False,mode_s
afde25,2026-08-31 07:09:08.693054,UNK C/S,,7000,Unavailable,37.8,-123.4,E-6B TACAMO,,,,False,mode_s
ae07a8,2026-08-31 07:09:08.693061,UNK C/S,59-1508,2233,24975,61.7,-150.0,KC-135R Stratotanker,,,,False,mode_s
ae1197,2026-08-31 07:10:09.113594,RCH3260,03-3114,4044,36000,39.432121,-114.673645,C-17A Globemaster,282,411,,False,adsb_icao
ae10b8,2026-08-31 07:10:09.113618,ELVIS63,01-0189,6011,32675,54.781998,0.06713,C-17A Globemaster,110,432,352,False,adsb_icao
87cd02,2026-08-31 07:10:09.113633,HARGR52,24-3612,4665,22900,35.129929,132.832275,KC-46A Pegasus,208,389,2272,False,adsb_icao
ae1453,2026-08-31 07:10:09.113638,TREK590,05-5149,3273,28200,35.817463,137.651627,C-17A Globemaster,273,393,752,False,mlat
ae0587,2026-08-31 07:10:09.113642,RCH2022,87-0042,1716,7625,35.42942,139.095963,C-5M Galaxy,132,274,-1056,False,mlat
896c2c,2026-08-31 07:10:09.113674,SOUL11,1224,4014,17275,25.2,53.9,C-17A Globemaster,,,,False,mode_s
ae5e11,2026-08-31 07:10:09.113679,UNK C/S,17-46036,5213,22000,28.4,48.9,KC-46A Pegasus,,,,False,mode_s
ae04dc,2026-08-31 07:10:09.113686,UNK C/S,57-1461,1557,21000,25.1,50.8,KC-135R Stratotanker,122,436,-96,False,mode_s
ae123b,2026-08-31 07:10:09.113689,RCH197,04-4130,7422,33000,38.4,24.6,C-17A Globemaster,,,,False,mode_s
ae07cb,2026-08-31 07:10:09.113694,UNK C/S,88-0265,0345,2950,31.0,-92.6,C-17A Globemaster,,,,False,mode_s
ae01d0,2026-08-31 07:10:09.113699,UNK C/S,62-4139,5721,23000,61.4,-150.4,RC-135 Rivet Joint,,,,False,mode_s
ae5e12,2026-08-31 07:10:09.113702,FLYER59,17-46037,1530,22525,25.0,60.1,KC-46A Pegasus,,,,False,mode_s
afa175,2026-08-31 07:10:09.113705,FLYER63,19-46111,3276,27500,27.1,50.4,KC-46A Pegasus,,,,False,mode_s
afde25,2026-08-31 07:10:09.113711,UNK C/S,,7000,Unavailable,37.8,-123.4,E-6B TACAMO,,,,False,mode_s
ae07a8,2026-08-31 07:10:09.113718,UNK C/S,59-1508,2233,24975,61.8,-149.9,KC-135R Stratotanker,,,,False,mode_s
ae01d0,2026-08-31 07:11:09.529770,UNK C/S,62-4139,5721,23000,62.228779,-148.389801,RC-135 Rivet Joint,,,72,False,mlat
ae1197,2026-08-31 07:11:09.529790,RCH3260,03-3114,4044,36000,39.456932,-114.820129,C-17A Globemaster,282,414,,False,adsb_icao
ae07cb,2026-08-31 07:11:09.529797,UNK C/S,88-0265,0345,2950,31.086617,-92.661377,C-17A Globemaster,,,0,False,mlat
ae10b8,2026-08-31 07:11:09.529802,ELVIS63,01-0189,6011,33000,54.738464,0.262299,C-17A Globemaster,111,436,192,False,adsb_icao
ae123b,2026-08-31 07:11:09.529807,RCH197,04-4130,7422,33000,39.510792,25.103727,C-17A Globemaster,166,419,0,False,mlat
87cd02,2026-08-31 07:11:09.529821,HARGR52,24-3612,4665,25200,35.031601,132.767258,KC-46A Pegasus,208,403,2112,False,adsb_icao
ae1453,2026-08-31 07:11:09.529826,TREK590,05-5149,3273,29075,35.822617,137.514618,C-17A Globemaster,273,405,892,False,mlat
ae0587,2026-08-31 07:11:09.529829,RCH2022,87-0042,1716,6950,35.377155,139.163361,C-5M Galaxy,133,264,-96,False,mlat
896c2c,2026-08-31 07:11:09.529840,SOUL11,1224,4014,15975,25.1,53.7,C-17A Globemaster,,,,False,mode_s
ae5e11,2026-08-31 07:11:09.529845,UNK C/S,17-46036,3266,22000,28.4,48.8,KC-46A Pegasus,,,,False,mode_s
ae04dc,2026-08-31 07:11:09.529850,UNK C/S,57-1461,1557,21025,25.9,51.1,KC-135R Stratotanker,122,436,0,False,mode_s
ae5e12,2026-08-31 07:11:09.529856,FLYER59,17-46037,1530,22550,24.9,59.5,KC-46A Pegasus,,,,False,mode_s
afa175,2026-08-31 07:11:09.529859,FLYER63,19-46111,3276,27525,28.4,48.8,KC-46A Pegasus,,,,False,mode_s
afde25,2026-08-31 07:11:09.529864,UNK C/S,,7000,25500,37.8,-123.4,E-6B TACAMO,,,,False,mode_s
ae07a8,2026-08-31 07:11:09.529871,UNK C/S,59-1508,2233,24975,61.8,-150.3,KC-135R Stratotanker,,,,False,mode_s
ae1197,2026-08-31 07:12:09.976339,RCH3260,03-3114,4044,36000,39.481651,-114.966797,C-17A Globemaster,282,418,-64,False,adsb_icao
ae10b8,2026-08-31 07:12:09.976360,ELVIS63,01-0189,6011,33000,54.694016,0.461668,C-17A Globemaster,111,445,-192,False,adsb_icao
ae123b,2026-08-31 07:12:09.976365,RCH197,04-4130,7422,33000,39.380638,25.166603,C-17A Globemaster,156,615,0,False,mlat
87cd02,2026-08-31 07:12:09.976379,HARGR52,24-3612,4665,26975,34.931217,132.701279,KC-46A Pegasus,208,413,864,False,adsb_icao
87cdf4,2026-08-31 07:12:09.976383,HARGR51,54-3616,1400,12075,36.035248,134.401703,KC-46A Pegasus,110,315,-64,False,adsb_icao
ae1453,2026-08-31 07:12:09.976388,TREK590,05-5149,3273,29925,35.826542,137.38237,C-17A Globemaster,277,393,876,False,mlat
ae0587,2026-08-31 07:12:09.976392,RCH2022,87-0042,1716,6900,35.356918,139.237854,C-5M Galaxy,83,242,-64,False,mlat
896c2c,2026-08-31 07:12:09.976404,SOUL11,1224,4014,15825,25.1,53.8,C-17A Globemaster,,,,False,mode_s
ae5e11,2026-08-31 07:12:09.976409,UNK C/S,17-46036,3266,22025,28.4,48.8,KC-46A Pegasus,,,,False,mode_s
ae04dc,2026-08-31 07:12:09.976415,UNK C/S,57-1461,1557,21025,25.1,50.8,KC-135R Stratotanker,122,436,-64,False,mode_s
ae07cb,2026-08-31 07:12:09.976420,UNK C/S,88-0265,0345,2950,30.4,-92.4,C-17A Globemaster,,,,False,mode_s
ae01d0,2026-08-31 07:12:09.976425,UNK C/S,62-4139,5721,23025,61.9,-150.1,RC-135 Rivet Joint,,,,False,mode_s
ae5e12,2026-08-31 07:12:09.976428,FLYER59,17-46037,1530,22525,24.9,58.4,KC-46A Pegasus,,,,False,mode_s
afa175,2026-08-31 07:12:09.976431,FLYER63,19-46111,3276,27500,27.1,50.3,KC-46A Pegasus,,,,False,mode_s
afde25,2026-08-31 07:12:09.976437,UNK C/S,,7000,Unavailable,37.8,-123.4,E-6B TACAMO,,,,False,mode_s
af37a5,2026-08-31 07:12:09.976440,UNK C/S,23-46119,1200,Unavailable,48.3,-121.5,KC-46A Pegasus,,,,False,mode_s
ae07a8,2026-08-31 07:12:09.976447,UNK C/S,59-1508,2233,24975,62.1,-150.5,KC-135R Stratotanker,,,,False,mode_s
ae1197,2026-08-31 07:13:10.427165,RCH3260,03-3114,4044,36000,39.505951,-115.113525,C-17A Globemaster,282,424,0,False,adsb_icao
ae10b8,2026-08-31 07:13:10.427188,ELVIS63,01-0189,6011,33000,54.647781,0.663623,C-17A Globemaster,111,454,-32,False,adsb_icao
ae123b,2026-08-31 07:13:10.427193,RCH197,04-4130,7422,33000,39.238411,25.234282,C-17A Globemaster,160,488,0,False,mlat
87cd02,2026-08-31 07:13:10.427206,HARGR52,24-3612,4665,27000,34.831879,132.6362,KC-46A Pegasus,208,402,0,False,adsb_icao
ae1453,2026-08-31 07:13:10.427211,TREK590,05-5149,3273,30700,35.830917,137.236481,C-17A Globemaster,268,429,794,False,mlat
ae0587,2026-08-31 07:13:10.427216,RCH2022,87-0042,1716,6650,35.367203,139.313202,C-5M Galaxy,75,202,-992,False,mlat
896c2c,2026-08-31 07:13:10.427229,SOUL11,1224,4014,14050,25.2,54.0,C-17A Globemaster,,,,False,mode_s
87cdf4,2026-08-31 07:13:10.427234,HARGR51,54-3616,1400,Unavailable,35.4,134.3,KC-46A Pegasus,91,320,0,False,mode_s
ae5e11,2026-08-31 07:13:10.427240,UNK C/S,17-46036,3266,22000,28.4,48.8,KC-46A Pegasus,,,,False,mode_s
ae04dc,2026-08-31 07:13:10.427246,UNK C/S,57-1461,1557,21025,26.2,51.8,KC-135R Stratotanker,122,436,-128,False,mode_s
ae07cb,2026-08-31 07:13:10.427251,UNK C/S,88-0265,0345,2950,30.4,-92.4,C-17A Globemaster,,,,False,mode_s
ae01d0,2026-08-31 07:13:10.427256,UNK C/S,62-4139,5721,23825,61.9,-150.2,RC-135 Rivet Joint,,,,False,mode_s
ae5e12,2026-08-31 07:13:10.427259,FLYER59,17-46037,1530,22525,24.8,59.5,KC-46A Pegasus,,,,False,mode_s
afa175,2026-08-31 07:13:10.427262,FLYER63,19-46111,3276,27525,25.4,50.9,KC-46A Pegasus,,,,False,mode_s
ae07a8,2026-08-31 07:13:10.427271,UNK C/S,59-1508,2233,24950,62.6,-149.7,KC-135R Stratotanker,,,,False,mode_s
ae1197,2026-08-31 07:14:10.846908,RCH3260,03-3114,4044,36000,39.530998,-115.265198,C-17A Globemaster,282,424,0,False,adsb_icao
ae10b8,2026-08-31 07:14:10.846929,ELVIS63,01-0189,6011,33000,54.60154,0.864424,C-17A Globemaster,111,452,0,False,adsb_icao
ae123b,2026-08-31 07:14:10.846935,RCH197,04-4130,7422,33000,39.106506,25.294147,C-17A Globemaster,165,463,0,False,mlat
87cd02,2026-08-31 07:14:10.846948,HARGR52,24-3612,4665,27000,34.732719,132.571274,KC-46A Pegasus,208,407,0,False,adsb_icao
87cdf4,2026-08-31 07:14:10.846952,HARGR51,54-3616,1400,12075,36.031815,134.588242,KC-46A Pegasus,89,319,0,False,adsb_icao
ae1453,2026-08-31 07:14:10.846956,TREK590,05-5149,3273,31375,35.831566,137.098923,C-17A Globemaster,271,382,620,False,mlat
ae0587,2026-08-31 07:14:10.846960,RCH2022,87-0042,1716,5125,35.410038,139.351593,C-5M Galaxy,24,188,-1568,False,mlat
896c2c,2026-08-31 07:14:10.846971,SOUL11,1224,4014,12275,25.2,54.2,C-17A Globemaster,,,,False,mode_s
ae5e11,2026-08-31 07:14:10.846975,UNK C/S,17-46036,3266,22000,28.4,48.8,KC-46A Pegasus,,,,False,mode_s
ae04dc,2026-08-31 07:14:10.846981,UNK C/S,57-1461,1557,21000,25.9,51.1,KC-135R Stratotanker,122,438,32,False,mode_s
ae07cb,2026-08-31 07:14:10.846987,UNK C/S,88-0265,0345,2950,30.5,-92.3,C-17A Globemaster,,,,False,mode_s
ae01d0,2026-08-31 07:14:10.846992,UNK C/S,62-4139,5721,24000,62.3,-149.8,RC-135 Rivet Joint,,,,False,mode_s
ae5e12,2026-08-31 07:14:10.846995,FLYER59,17-46037,1530,22525,24.7,59.7,KC-46A Pegasus,,,,False,mode_s
afa175,2026-08-31 07:14:10.846998,FLYER63,19-46111,3276,27525,25.3,50.9,KC-46A Pegasus,,,,False,mode_s
ae07a8,2026-08-31 07:14:10.847006,UNK C/S,59-1508,2233,24975,62.9,-149.3,KC-135R Stratotanker,,,,False,mode_s
ae1197,2026-08-31 07:15:11.326525,RCH3260,03-3114,4044,36000,39.555763,-115.416016,C-17A Globemaster,281,427,0,False,adsb_icao
ae10b8,2026-08-31 07:15:11.326548,ELVIS63,01-0189,6011,33000,54.554718,1.067128,C-17A Globemaster,111,449,160,False,adsb_icao
ae123b,2026-08-31 07:15:11.326554,RCH197,04-4130,7422,33000,38.999744,25.339579,C-17A Globemaster,157,526,0,False,mlat
87cd02,2026-08-31 07:15:11.326569,HARGR52,24-3612,4665,27000,34.62973,132.504135,KC-46A Pegasus,208,408,-32,False,adsb_icao
87cdf4,2026-08-31 07:15:11.326574,HARGR51,54-3616,1400,12075,36.031998,134.736328,KC-46A Pegasus,86,319,-64,False,adsb_icao
ae1453,2026-08-31 07:15:11.326578,TREK590,05-5149,3273,31975,35.835823,136.953964,C-17A Globemaster,269,404,552,False,mlat
ae0587,2026-08-31 07:15:11.326583,RCH2022,87-0042,1716,3925,35.453255,139.376602,C-5M Galaxy,25,178,-256,False,mlat
896c2c,2026-08-31 07:15:11.326595,SOUL11,1224,4014,11300,24.7,53.9,C-17A Globemaster,,,,False,mode_s
800791,2026-08-31 07:15:11.326599,TITAN,CB-8004,5100,23075,30.0,75.6,C-17A Globemaster,,,,False,mode_s
ae5e11,2026-08-31 07:15:11.326604,UNK C/S,17-46036,3266,22000,28.4,48.8,KC-46A Pegasus,,,,False,mode_s
ae04dc,2026-08-31 07:15:11.326612,UNK C/S,57-1461,1557,21025,26.2,51.8,KC-135R Stratotanker,122,438,0,False,mode_s
ae07cb,2026-08-31 07:15:11.326617,UNK C/S,88-0265,0345,2950,30.7,-92.5,C-17A Globemaster,,,,False,mode_s
ae01d0,2026-08-31 07:15:11.326622,UNK C/S,62-4139,5721,24000,61.9,-150.3,RC-135 Rivet Joint,,,,False,mode_s
ae5e12,2026-08-31 07:15:11.326625,FLYER59,17-46037,1530,22525,24.7,59.1,KC-46A Pegasus,,,,False,mode_s
afa175,2026-08-31 07:15:11.326629,FLYER63,19-46111,3276,27500,28.4,48.8,KC-46A Pegasus,,,,False,mode_s
ae07a8,2026-08-31 07:15:11.326638,UNK C/S,59-1508,2233,24975,63.5,-149.0,KC-135R Stratotanker,,,,False,mode_s
ae1197,2026-08-31 07:16:11.733440,RCH3260,03-3114,4044,36000,39.580482,-115.568054,C-17A Globemaster,281,432,-64,False,adsb_icao
ae10b8,2026-08-31 07:16:11.733464,ELVIS63,01-0189,6011,33250,54.508202,1.26684,C-17A Globemaster,111,447,352,False,adsb_icao
ae123b,2026-08-31 07:16:11.733469,RCH197,04-4130,7422,33000,38.858212,25.408596,C-17A Globemaster,161,489,0,False,mlat
87cd02,2026-08-31 07:16:11.733484,HARGR52,24-3612,4665,27000,34.529434,132.438889,KC-46A Pegasus,208,409,0,False,adsb_icao
87cdf4,2026-08-31 07:16:11.733489,HARGR51,54-3616,1400,12075,36.079243,134.797226,KC-46A Pegasus,336,308,0,False,adsb_icao
ae1453,2026-08-31 07:16:11.733493,TREK590,05-5149,3273,32000,35.839489,136.810257,C-17A Globemaster,270,430,0,False,mlat
ae0587,2026-08-31 07:16:11.733498,RCH2022,87-0042,1716,3925,35.499622,139.397949,C-5M Galaxy,1,170,0,False,mlat
896c2c,2026-08-31 07:16:11.733507,SOUL11,1224,4014,9850,25.1,53.9,C-17A Globemaster,,,,False,mode_s
800791,2026-08-31 07:16:11.733511,TITAN,CB-8004,5100,23000,30.0,75.6,C-17A Globemaster,,,,False,mode_s
ae5e11,2026-08-31 07:16:11.733516,UNK C/S,17-46036,3266,22000,28.4,48.4,KC-46A Pegasus,,,,False,mode_s
ae04dc,2026-08-31 07:16:11.733522,UNK C/S,57-1461,1557,21025,26.2,51.8,KC-135R Stratotanker,123,438,0,False,mode_s
ae07cb,2026-08-31 07:16:11.733527,UNK C/S,88-0265,0345,2950,31.0,-92.6,C-17A Globemaster,,,,False,mode_s
ae01d0,2026-08-31 07:16:11.733531,UNK C/S,62-4139,5721,24000,62.6,-149.6,RC-135 Rivet Joint,,,,False,mode_s
ae5e12,2026-08-31 07:16:11.733534,FLYER59,17-46037,1530,22525,24.5,59.7,KC-46A Pegasus,,,,False,mode_s
afa175,2026-08-31 07:16:11.733538,FLYER63,19-46111,3276,27500,28.2,48.7,KC-46A Pegasus,,,,False,mode_s
ae07a8,2026-08-31 07:16:11.733546,UNK C/S,59-1508,2233,26000,63.4,-146.3,KC-135R Stratotanker,,,,False,mode_s
ae1197,2026-08-31 07:17:12.144579,RCH3260,03-3114,4044,36000,39.604828,-115.720154,C-17A Globemaster,281,437,0,False,adsb_icao
ae10b8,2026-08-31 07:17:12.144601,ELVIS63,01-0189,6011,33725,54.464581,1.465093,C-17A Globemaster,109,444,384,False,adsb_icao
ae123b,2026-08-31 07:17:12.144606,RCH197,04-4130,7422,33000,38.814178,25.428646,C-17A Globemaster,160,492,0,False,mode_s
87cd02,2026-08-31 07:17:12.144621,HARGR52,24-3612,4665,27000,34.429195,132.373871,KC-46A Pegasus,208,409,32,False,adsb_icao
87cdf4,2026-08-31 07:17:12.144625,HARGR51,54-3616,1400,12075,36.135757,134.741699,KC-46A Pegasus,297,298,0,False,adsb_icao
ae1453,2026-08-31 07:17:12.144630,TREK590,05-5149,3273,32000,35.842785,136.667831,C-17A Globemaster,274,442,0,False,mlat
ae0587,2026-08-31 07:17:12.144635,RCH2022,87-0042,1716,3400,35.543919,139.39151,C-5M Galaxy,350,152,-864,False,mlat
896c2c,2026-08-31 07:17:12.144644,SOUL11,1224,4014,8325,25.1,53.7,C-17A Globemaster,,,,False,mode_s
800791,2026-08-31 07:17:12.144647,TITAN,CB-8004,5100,23000,30.5,75.4,C-17A Globemaster,,,,False,mode_s
ae5e11,2026-08-31 07:17:12.144669,UNK C/S,17-46036,3266,22025,28.4,48.8,KC-46A Pegasus,,,,False,mode_s
ae04dc,2026-08-31 07:17:12.144676,UNK C/S,57-1461,1557,21000,26.2,51.8,KC-135R Stratotanker,123,438,0,False,mode_s
ae07cb,2026-08-31 07:17:12.144681,UNK C/S,88-0265,0345,2950,31.0,-92.5,C-17A Globemaster,,,,False,mode_s
ae01d0,2026-08-31 07:17:12.144686,UNK C/S,62-4139,5721,24000,62.5,-143.5,RC-135 Rivet Joint,,,,False,mode_s
ae5e12,2026-08-31 07:17:12.144689,FLYER59,17-46037,1530,22525,23.6,59.7,KC-46A Pegasus,,,,False,mode_s
afa175,2026-08-31 07:17:12.144692,FLYER63,19-46111,3276,27525,25.2,50.9,KC-46A Pegasus,,,,False,mode_s
ae07a8,2026-08-31 07:17:12.144702,UNK C/S,59-1508,2233,26025,63.7,-145.7,KC-135R Stratotanker,,,,False,mode_s
ae1197,2026-08-31 07:18:12.548057,RCH3260,03-3114,4044,36000,39.629883,-115.877045,C-17A Globemaster,281,443,-64,False,adsb_icao
ae10b8,2026-08-31 07:18:12.548079,ELVIS63,01-0189,6011,34225,54.413235,1.65777,C-17A Globemaster,118,439,256,False,adsb_icao
ae123b,2026-08-31 07:18:12.548084,RCH197,04-4130,7422,33000,38.703972,25.479866,C-17A Globemaster,159,506,0,False,mode_s
87cd02,2026-08-31 07:18:12.548101,HARGR52,24-3612,4665,27000,34.327606,132.307907,KC-46A Pegasus,208,407,0,False,adsb_icao
ae1453,2026-08-31 07:18:12.548105,TREK590,05-5149,3273,32000,35.847637,136.513611,C-17A Globemaster,275,450,0,False,mlat
ae0587,2026-08-31 07:18:12.548111,RCH2022,87-0042,1716,2825,35.582878,139.383606,C-5M Galaxy,350,144,-672,False,mlat
896c2c,2026-08-31 07:18:12.548121,SOUL11,1224,4014,7475,24.9,53.6,C-17A Globemaster,,,,False,mode_s
ae2fb0,2026-08-31 07:18:12.548125,RCH163,08-8204,1662,Unavailable,39.1,-75.6,C-17A Globemaster,,,,False,mode_s
800791,2026-08-31 07:18:12.548129,TITAN,CB-8004,5100,23000,30.4,75.4,C-17A Globemaster,,,,False,mode_s
ae5e11,2026-08-31 07:18:12.548133,UNK C/S,17-46036,3266,22000,28.4,48.8,KC-46A Pegasus,,,,False,mode_s
ae04dc,2026-08-31 07:18:12.548139,UNK C/S,57-1461,1557,21025,25.9,51.1,KC-135R Stratotanker,124,438,96,False,mode_s
ae07cb,2026-08-31 07:18:12.548144,UNK C/S,88-0265,0345,2950,31.2,-92.5,C-17A Globemaster,,,,False,mode_s
ae01d0,2026-08-31 07:18:12.548148,UNK C/S,62-4139,5721,24275,63.9,-147.9,RC-135 Rivet Joint,,,,False,mode_s
ae5e12,2026-08-31 07:18:12.548152,FLYER59,17-46037,1530,22525,23.5,59.7,KC-46A Pegasus,,,,False,mode_s
afa175,2026-08-31 07:18:12.548155,FLYER63,19-46111,3276,27500,28.4,48.8,KC-46A Pegasus,,,,False,mode_s
ae07a8,2026-08-31 07:18:12.548164,UNK C/S,59-1508,2233,26000,62.6,-143.4,KC-135R Stratotanker,,,,False,mode_s
ae1197,2026-08-31 07:19:12.930931,RCH3260,03-3114,4044,36000,39.654922,-116.035507,C-17A Globemaster,281,447,0,False,adsb_icao
ae2fb0,2026-08-31 07:19:12.930951,RCH163,08-8204,5623,1875,39.053486,-75.463646,C-17A Globemaster,183,128,949,False,mlat
ae10b8,2026-08-31 07:19:12.930958,ELVIS63,01-0189,6011,34725,54.354446,1.840291,C-17A Globemaster,118,436,608,False,adsb_icao
87cd02,2026-08-31 07:19:12.930976,HARGR52,24-3612,4665,27000,34.228317,132.243378,KC-46A Pegasus,208,404,0,False,adsb_icao
ae1453,2026-08-31 07:19:12.930981,TREK590,05-5149,3273,32000,35.84914,136.355499,C-17A Globemaster,271,435,0,False,mlat
ae0587,2026-08-31 07:19:12.930986,RCH2022,87-0042,1716,2175,35.621883,139.374008,C-5M Galaxy,350,142,-608,False,mlat
896c2c,2026-08-31 07:19:12.930996,SOUL11,1224,4014,6400,25.1,53.6,C-17A Globemaster,,,,False,mode_s
800791,2026-08-31 07:19:12.931001,TITAN,CB-8004,5100,23000,29.8,75.6,C-17A Globemaster,,,,False,mode_s
ae5e11,2026-08-31 07:19:12.931005,UNK C/S,17-46036,3266,22000,27.9,49.2,KC-46A Pegasus,,,,False,mode_s
ae04dc,2026-08-31 07:19:12.931011,UNK C/S,57-1461,1557,21025,25.9,51.1,KC-135R Stratotanker,122,438,0,False,mode_s
ae123b,2026-08-31 07:19:12.931015,RCH197,04-4130,7422,33000,38.2,25.4,C-17A Globemaster,,,,False,mode_s
ae07cb,2026-08-31 07:19:12.931020,UNK C/S,88-0265,0345,2950,31.4,-92.5,C-17A Globemaster,,,,False,mode_s
ae01d0,2026-08-31 07:19:12.931025,UNK C/S,62-4139,5721,25000,64.0,-147.2,RC-135 Rivet Joint,,,,False,mode_s
ae5e12,2026-08-31 07:19:12.931029,FLYER59,17-46037,1530,22525,23.4,59.7,KC-46A Pegasus,,,,False,mode_s
afa175,2026-08-31 07:19:12.931032,FLYER63,19-46111,3276,27525,27.4,49.8,KC-46A Pegasus,,,,False,mode_s
ae07a8,2026-08-31 07:19:12.931041,UNK C/S,59-1508,2233,25975,63.4,-144.5,KC-135R Stratotanker,,,,False,mode_s
ae1197,2026-08-31 07:20:13.411306,RCH3260,03-3114,4044,36000,39.679729,-116.193726,C-17A Globemaster,281,449,0,False,adsb_icao
ae2fb0,2026-08-31 07:20:13.411327,RCH163,08-8204,5623,2975,38.997608,-75.418373,C-17A Globemaster,111,305,1068,False,mlat
ae10b8,2026-08-31 07:20:13.411334,ELVIS63,01-0189,6011,35000,54.304024,2.032055,C-17A Globemaster,111,444,192,False,adsb_icao
ae123b,2026-08-31 07:20:13.411338,RCH197,04-4130,7422,33000,38.453224,25.591248,C-17A Globemaster,164,470,0,False,mode_s
87cd02,2026-08-31 07:20:13.411353,HARGR52,24-3612,4665,27000,34.125412,132.194,KC-46A Pegasus,180,405,64,False,adsb_icao
ae1453,2026-08-31 07:20:13.411358,TREK590,05-5149,3273,32000,35.85252,136.210373,C-17A Globemaster,274,443,0,False,mlat
ae0587,2026-08-31 07:20:13.411363,RCH2022,87-0042,1716,1550,35.661957,139.366623,C-5M Galaxy,349,134,-608,False,mlat
896c2c,2026-08-31 07:20:13.411373,SOUL11,1224,4014,6300,25.0,54.1,C-17A Globemaster,,,,False,mode_s
800791,2026-08-31 07:20:13.411378,TITAN,CB-8004,5100,23000,29.8,75.6,C-17A Globemaster,,,,False,mode_s
ae5e11,2026-08-31 07:20:13.411382,UNK C/S,17-46036,3266,22000,28.4,48.8,KC-46A Pegasus,,,,False,mode_s
ae04dc,2026-08-31 07:20:13.411388,UNK C/S,57-1461,1557,21025,25.9,51.1,KC-135R Stratotanker,121,438,32,False,mode_s
ae07cb,2026-08-31 07:20:13.411394,UNK C/S,88-0265,0345,2950,31.4,-92.5,C-17A Globemaster,,,,False,mode_s
ae01d0,2026-08-31 07:20:13.411398,UNK C/S,62-4139,5721,25000,63.0,-144.2,RC-135 Rivet Joint,,,,False,mode_s
ae5e12,2026-08-31 07:20:13.411402,FLYER59,17-46037,1530,22525,23.4,59.7,KC-46A Pegasus,,,,False,mode_s
afa175,2026-08-31 07:20:13.411404,FLYER63,19-46111,3276,27500,28.4,48.8,KC-46A Pegasus,,,,False,mode_s
ae07a8,2026-08-31 07:20:13.411414,UNK C/S,59-1508,2233,26000,63.6,-142.0,KC-135R Stratotanker,,,,False,mode_s
ae1197,2026-08-31 07:21:13.971208,RCH3260,03-3114,4044,36000,39.704178,-116.351601,C-17A Globemaster,281,445,0,False,adsb_icao
ae2fb0,2026-08-31 07:21:13.971228,RCH163,08-8204,5623,5575,39.008911,-75.319847,C-17A Globemaster,77,284,2499,False,mlat
ae10b8,2026-08-31 07:21:13.971233,ELVIS63,01-0189,6011,35000,54.258545,2.228498,C-17A Globemaster,111,453,0,False,adsb_icao
87cd02,2026-08-31 07:21:13.971247,HARGR52,24-3612,4665,27000,34.027634,132.261597,KC-46A Pegasus,120,434,0,False,adsb_icao
87cdf4,2026-08-31 07:21:13.971251,HARGR51,54-3616,1400,12075,36.062668,134.366287,KC-46A Pegasus,160,302,0,False,adsb_icao
ae1453,2026-08-31 07:21:13.971255,TREK590,05-5149,3273,32000,35.853161,136.062027,C-17A Globemaster,270,440,0,False,mlat
ae0587,2026-08-31 07:21:13.971259,RCH2022,87-0042,1716,950,35.702156,139.359222,C-5M Galaxy,351,140,-736,False,mlat
896c2c,2026-08-31 07:21:13.971270,SOUL11,1224,4014,6300,25.2,53.3,C-17A Globemaster,,,,False,mode_s
800791,2026-08-31 07:21:13.971274,TITAN,CB-8004,5100,23025,30.6,75.3,C-17A Globemaster,,,,False,mode_s
afde25,2026-08-31 07:21:13.971278,UNK C/S,,7000,Unavailable,37.8,-123.4,E-6B TACAMO,,,,False,mode_s
ae5e11,2026-08-31 07:21:13.971281,UNK C/S,17-46036,3266,22000,27.6,49.6,KC-46A Pegasus,,,,False,mode_s
ae04dc,2026-08-31 07:21:13.971287,UNK C/S,57-1461,1557,21025,25.9,51.1,KC-135R Stratotanker,111,434,0,False,mode_s
ae123b,2026-08-31 07:21:13.971291,RCH197,04-4130,7422,33000,37.6,24.9,C-17A Globemaster,,,,False,mode_s
ae07cb,2026-08-31 07:21:13.971295,UNK C/S,88-0265,0345,2500,31.5,-92.6,C-17A Globemaster,,,,False,mode_s
ae01d0,2026-08-31 07:21:13.971299,UNK C/S,62-4139,5721,25000,62.9,-143.9,RC-135 Rivet Joint,,,,False,mode_s
ae5e12,2026-08-31 07:21:13.971303,FLYER59,17-46037,1530,22550,23.3,59.7,KC-46A Pegasus,,,,False,mode_s
afa175,2026-08-31 07:21:13.971306,FLYER63,19-46111,3276,27500,28.4,48.8,KC-46A Pegasus,,,,False,mode_s
ae07a8,2026-08-31 07:21:13.971313,UNK C/S,59-1508,2233,26000,62.1,-142.3,KC-135R Stratotanker,,,,False,mode_s
ae1197,2026-08-31 07:22:14.346875,RCH3260,03-3114,4044,36000,39.704086,-116.515625,C-17A Globemaster,266,451,64,False,adsb_icao
ae2fb0,2026-08-31 07:22:14.346895,RCH163,08-8204,5623,6875,39.0261,-75.216461,C-17A Globemaster,74,306,262,False,mlat
ae10b8,2026-08-31 07:22:14.346901,ELVIS63,01-0189,6011,35000,54.210079,2.432341,C-17A Globemaster,111,461,0,False,adsb_icao
87cd02,2026-08-31 07:22:14.346920,HARGR52,24-3612,4665,27000,33.969131,132.388229,KC-46A Pegasus,118,433,0,False,adsb_icao
87cdf4,2026-08-31 07:22:14.346924,HARGR51,54-3616,1400,12075,36.0359,134.399429,KC-46A Pegasus,115,315,0,False,adsb_icao
ae1453,2026-08-31 07:22:14.346929,TREK590,05-5149,3273,32000,35.857754,135.906403,C-17A Globemaster,271,438,0,False,mlat
ae0587,2026-08-31 07:22:14.346935,RCH2022,87-0042,1716,375,35.738564,139.350723,C-5M Galaxy,355,119,-532,False,mlat
896c2c,2026-08-31 07:22:14.346947,SOUL11,1224,4014,6300,27.6,50.2,C-17A Globemaster,,,,False,mode_s
800791,2026-08-31 07:22:14.346951,TITAN,CB-8004,5100,23025,30.3,75.5,C-17A Globemaster,,,,False,mode_s
ae5e11,2026-08-31 07:22:14.346956,UNK C/S,17-46036,3266,22000,27.1,50.0,KC-46A Pegasus,,,,False,mode_s
ae04dc,2026-08-31 07:22:14.346962,UNK C/S,57-1461,1557,21025,26.2,51.8,KC-135R Stratotanker,,,,False,mode_s
ae123b,2026-08-31 07:22:14.346966,RCH197,04-4130,7422,33000,37.7,25.1,C-17A Globemaster,,,,False,mode_s
ae07cb,2026-08-31 07:22:14.346971,UNK C/S,88-0265,0345,2200,31.4,-92.5,C-17A Globemaster,,,,False,mode_s
ae01d0,2026-08-31 07:22:14.346975,UNK C/S,62-4139,5721,25000,62.4,-142.8,RC-135 Rivet Joint,,,,False,mode_s
ae5e12,2026-08-31 07:22:14.346978,FLYER59,17-46037,1530,22525,23.2,59.7,KC-46A Pegasus,,,,False,mode_s
afa175,2026-08-31 07:22:14.346981,FLYER63,19-46111,3276,27525,27.8,49.6,KC-46A Pegasus,,,,False,mode_s
ae07a8,2026-08-31 07:22:14.346991,UNK C/S,59-1508,2233,26000,62.3,-143.0,KC-135R Stratotanker,,,,False,mode_s
ae1197,2026-08-31 07:23:14.741188,RCH3260,03-3114,4044,36000,39.697422,-116.678528,C-17A Globemaster,266,451,0,False,adsb_icao
ae2fb0,2026-08-31 07:23:14.741209,RCH163,08-8204,5623,7450,39.04493,-75.102928,C-17A Globemaster,78,308,832,False,mlat
ae10b8,2026-08-31 07:23:14.741214,ELVIS63,01-0189,6011,35000,54.161133,2.637582,C-17A Globemaster,112,465,288,False,adsb_icao
87cd02,2026-08-31 07:23:14.741231,HARGR52,24-3612,4665,27000,33.910583,132.517151,KC-46A Pegasus,118,431,0,False,adsb_icao
87cdf4,2026-08-31 07:23:14.741235,HARGR51,54-3616,1400,12075,36.031586,134.536118,KC-46A Pegasus,89,319,0,False,adsb_icao
ae1453,2026-08-31 07:23:14.741240,TREK590,05-5149,3273,32000,35.858646,135.769669,C-17A Globemaster,268,416,0,False,mlat
896c2c,2026-08-31 07:23:14.741252,SOUL11,1224,4014,6300,26.8,50.7,C-17A Globemaster,,,,False,mode_s
800791,2026-08-31 07:23:14.741256,TITAN,CB-8004,5100,23000,30.1,75.5,C-17A Globemaster,,,,False,mode_s
ae5e11,2026-08-31 07:23:14.741260,UNK C/S,17-46036,3266,22000,26.9,50.5,KC-46A Pegasus,,,,False,mode_s
ae04dc,2026-08-31 07:23:14.741266,UNK C/S,57-1461,1557,Unavailable,25.9,51.1,KC-135R Stratotanker,,,,False,mode_s
ae123b,2026-08-31 07:23:14.741269,RCH197,04-4130,7422,33000,37.8,25.1,C-17A Globemaster,,,,False,mode_s
ae07cb,2026-08-31 07:23:14.741274,UNK C/S,88-0265,0345,2200,31.4,-92.5,C-17A Globemaster,,,,False,mode_s
ae01d0,2026-08-31 07:23:14.741278,UNK C/S,62-4139,5721,25000,62.6,-143.5,RC-135 Rivet Joint,,,,False,mode_s
ae5e12,2026-08-31 07:23:14.741281,FLYER59,17-46037,1530,22525,23.1,59.7,KC-46A Pegasus,,,,False,mode_s
afa175,2026-08-31 07:23:14.741285,FLYER63,19-46111,3276,27500,28.4,48.7,KC-46A Pegasus,,,,False,mode_s
ae07a8,2026-08-31 07:23:14.741295,UNK C/S,59-1508,2233,26000,63.8,-143.1,KC-135R Stratotanker,,,,False,mode_s
ae1197,2026-08-31 07:24:15.139331,RCH3260,03-3114,4044,36000,39.690437,-116.840942,C-17A Globemaster,266,455,0,False,adsb_icao
ae2fb0,2026-08-31 07:24:15.139352,RCH163,08-8204,5623,8250,39.063034,-74.994209,C-17A Globemaster,77,300,821,False,mlat
ae10b8,2026-08-31 07:24:15.139358,ELVIS63,01-0189,6011,35000,54.112747,2.839024,C-17A Globemaster,112,450,-64,False,adsb_icao
87cd02,2026-08-31 07:24:15.139373,HARGR52,24-3612,4665,27025,33.852741,132.643204,KC-46A Pegasus,118,431,0,False,adsb_icao
87cdf4,2026-08-31 07:24:15.139377,HARGR51,54-3616,1400,12075,36.031906,134.624069,KC-46A Pegasus,89,319,0,False,adsb_icao
ae1453,2026-08-31 07:24:15.139381,TREK590,05-5149,3273,32000,35.860664,135.608246,C-17A Globemaster,268,452,0,False,mlat
896c2c,2026-08-31 07:24:15.139393,SOUL11,1224,4014,6225,25.1,53.7,C-17A Globemaster,,,,False,mode_s
800791,2026-08-31 07:24:15.139397,TITAN,CB-8004,5100,23000,30.1,75.5,C-17A Globemaster,,,,False,mode_s
ae5e11,2026-08-31 07:24:15.139401,UNK C/S,17-46036,3266,22000,28.2,49.0,KC-46A Pegasus,,,,False,mode_s
ae04dc,2026-08-31 07:24:15.139407,UNK C/S,57-1461,1557,Unavailable,24.8,53.8,KC-135R Stratotanker,,,,False,mode_s
ae123b,2026-08-31 07:24:15.139411,RCH197,04-4130,7422,33000,38.2,25.8,C-17A Globemaster,,,,False,mode_s
ae07fd,2026-08-31 07:24:15.139414,RCH472,98-0051,2000,29975,38.4,141.5,C-17A Globemaster,,,,False,mode_s
ae07cb,2026-08-31 07:24:15.139419,UNK C/S,88-0265,0345,2200,31.4,-92.5,C-17A Globemaster,,,,False,mode_s
ae01d0,2026-08-31 07:24:15.139423,UNK C/S,62-4139,5721,25000,62.1,-142.3,RC-135 Rivet Joint,,,,False,mode_s
ae5e12,2026-08-31 07:24:15.139427,FLYER59,17-46037,1530,22525,23.0,59.7,KC-46A Pegasus,,,,False,mode_s
afa175,2026-08-31 07:24:15.139430,FLYER63,19-46111,3276,27500,28.4,48.6,KC-46A Pegasus,,,,False,mode_s
ae07a8,2026-08-31 07:24:15.139439,UNK C/S,59-1508,2233,25975,62.8,-143.7,KC-135R Stratotanker,,,,False,mode_s
ae07a8,2026-08-31 07:25:15.583009,UNK C/S,59-1508,2233,26000,63.855236,-145.664551,KC-135R Stratotanker,,,-32,False,mode_s
ae1197,2026-08-31 07:25:15.583028,RCH3260,03-3114,4044,36000,39.682983,-117.006363,C-17A Globemaster,266,455,0,False,adsb_icao
ae2fb0,2026-08-31 07:25:15.583036,RCH163,08-8204,5623,9825,39.082207,-74.882881,C-17A Globemaster,76,323,1944,False,mlat
ae10b8,2026-08-31 07:25:15.583042,ELVIS63,01-0189,6011,35000,54.064957,3.036464,C-17A Globemaster,112,455,160,False,adsb_icao
87cd02,2026-08-31 07:25:15.583058,HARGR52,24-3612,4665,27000,33.80603,132.776215,KC-46A Pegasus,109,436,-32,False,adsb_icao
87cdf4,2026-08-31 07:25:15.583062,HARGR51,54-3616,1400,12075,36.047447,134.778641,KC-46A Pegasus,43,319,-64,False,adsb_icao
ae1453,2026-08-31 07:25:15.583067,TREK590,05-5149,3273,32000,35.862282,135.459183,C-17A Globemaster,270,447,0,False,mlat
896c2c,2026-08-31 07:25:15.583082,SOUL11,1224,4014,4775,25.0,53.7,C-17A Globemaster,,,,False,mode_s
800791,2026-08-31 07:25:15.583086,TITAN,CB-8004,5100,23000,30.4,75.4,C-17A Globemaster,,,,False,mode_s
ae5e11,2026-08-31 07:25:15.583090,UNK C/S,17-46036,3266,22000,28.0,49.1,KC-46A Pegasus,,,,False,mode_s
ae04dc,2026-08-31 07:25:15.583095,UNK C/S,57-1461,1557,21025,25.8,53.6,KC-135R Stratotanker,,,0,False,mode_s
ae123b,2026-08-31 07:25:15.583099,RCH197,04-4130,7422,33000,37.9,25.5,C-17A Globemaster,,,,False,mode_s
ae07fd,2026-08-31 07:25:15.583102,RCH472,98-0051,2000,Unavailable,38.4,141.5,C-17A Globemaster,,,,False,mode_s
ae07cb,2026-08-31 07:25:15.583106,UNK C/S,88-0265,0345,2000,31.4,-92.5,C-17A Globemaster,,,,False,mode_s
ae01d0,2026-08-31 07:25:15.583110,UNK C/S,62-4139,5721,25000,63.8,-143.5,RC-135 Rivet Joint,,,,False,mode_s
ae5e12,2026-08-31 07:25:15.583114,FLYER59,17-46037,1530,22525,23.0,59.7,KC-46A Pegasus,,,,False,mode_s
afa175,2026-08-31 07:25:15.583117,FLYER63,19-46111,3276,27500,28.4,48.5,KC-46A Pegasus,,,,False,mode_s
ae01d0,2026-08-31 07:26:15.947690,UNK C/S,62-4139,5721,25000,63.762367,-145.703278,RC-135 Rivet Joint,,,31,False,mlat
ae07a8,2026-08-31 07:26:15.947709,UNK C/S,59-1508,2233,26000,63.909458,-145.34935,KC-135R Stratotanker,,,12,False,mlat
ae1197,2026-08-31 07:26:15.947716,RCH3260,03-3114,4044,36000,39.672516,-117.170349,C-17A Globemaster,258,456,0,False,adsb_icao
ae2fb0,2026-08-31 07:26:15.947723,RCH163,08-8204,5623,9875,39.119541,-74.763573,C-17A Globemaster,42,377,-35,False,mlat
ae10b8,2026-08-31 07:26:15.947729,ELVIS63,01-0189,6011,35000,54.015911,3.237008,C-17A Globemaster,112,457,160,False,adsb_icao
87cd02,2026-08-31 07:26:15.947745,HARGR52,24-3612,4665,27000,33.765736,132.915634,KC-46A Pegasus,109,436,0,False,adsb_icao
87cdf4,2026-08-31 07:26:15.947749,HARGR51,54-3616,1400,12075,36.125656,134.772034,KC-46A Pegasus,305,300,0,False,adsb_icao
ae1453,2026-08-31 07:26:15.947753,TREK590,05-5149,3273,32000,35.863529,135.302094,C-17A Globemaster,269,468,0,False,mlat
896c2c,2026-08-31 07:26:15.947769,SOUL11,1224,4014,3250,25.0,53.6,C-17A Globemaster,,,,False,mode_s
800791,2026-08-31 07:26:15.947774,TITAN,CB-8004,5100,23000,30.1,75.5,C-17A Globemaster,,,,False,mode_s
ae5e11,2026-08-31 07:26:15.947779,UNK C/S,17-46036,3266,22025,27.7,48.9,KC-46A Pegasus,,,,False,mode_s
ae04dc,2026-08-31 07:26:15.947786,UNK C/S,57-1461,1557,21025,25.9,51.1,KC-135R Stratotanker,139,436,96,False,mode_s
ae123b,2026-08-31 07:26:15.947790,RCH197,04-4130,7422,33000,38.0,25.5,C-17A Globemaster,,,,False,mode_s
ae07fd,2026-08-31 07:26:15.947793,RCH472,98-0051,2000,Unavailable,38.4,141.5,C-17A Globemaster,,,,False,mode_s
ae07cb,2026-08-31 07:26:15.947798,UNK C/S,88-0265,0345,1700,31.4,-92.5,C-17A Globemaster,,,,False,mode_s
ae5e12,2026-08-31 07:26:15.947801,FLYER59,17-46037,1530,22525,23.9,56.7,KC-46A Pegasus,,,,False,mode_s
afa175,2026-08-31 07:26:15.947805,FLYER63,19-46111,5122,27475,28.4,48.1,KC-46A Pegasus,,,,False,mode_s
afde25,2026-08-31 07:26:15.947816,UNK C/S,,7000,Unavailable,37.8,-123.4,E-6B TACAMO,,,,False,mode_s
ae07a8,2026-08-31 07:27:16.357708,UNK C/S,59-1508,2233,26000,64.05513,-145.159378,KC-135R Stratotanker,,,-1,False,mlat
ae1197,2026-08-31 07:27:16.357728,RCH3260,03-3114,4044,36000,39.644531,-117.332191,C-17A Globemaster,257,458,0,False,adsb_icao
ae2fb0,2026-08-31 07:27:16.357735,RCH163,08-8204,5623,11700,39.190769,-74.654312,C-17A Globemaster,51,383,1828,False,mlat
ae10b8,2026-08-31 07:27:16.357740,ELVIS63,01-0189,6011,35000,53.967133,3.437622,C-17A Globemaster,111,459,-64,False,adsb_icao
87cd02,2026-08-31 07:27:16.357754,HARGR52,24-3612,4665,27000,33.72607,133.052612,KC-46A Pegasus,109,436,0,False,adsb_icao
87cdf4,2026-08-31 07:27:16.357758,HARGR51,54-3616,1400,12075,36.129517,134.764847,KC-46A Pegasus,,,,False,adsb_icao
ae1453,2026-08-31 07:27:16.357762,TREK590,05-5149,3273,32000,35.861099,135.165421,C-17A Globemaster,270,419,0,False,mlat
ae07fd,2026-08-31 07:27:16.357775,RCH472,98-0051,2000,29975,40.0,141.2,C-17A Globemaster,,,,False,mode_s
ae5e11,2026-08-31 07:27:16.357781,UNK C/S,17-46036,3266,22000,28.4,48.9,KC-46A Pegasus,,,,False,mode_s
ae01d0,2026-08-31 07:27:16.357784,UNK C/S,62-4139,5721,25000,64.3,-146.4,RC-135 Rivet Joint,,,,False,mode_s
ae04dc,2026-08-31 07:27:16.357788,UNK C/S,57-1461,1557,21050,25.8,53.6,KC-135R Stratotanker,139,436,-224,False,mode_s
ae123b,2026-08-31 07:27:16.357791,RCH197,04-4130,7422,33000,38.1,25.9,C-17A Globemaster,,,,False,mode_s
896c2c,2026-08-31 07:27:16.357794,SOUL11,1224,4014,2800,25.0,53.5,C-17A Globemaster,,,,False,mode_s
800791,2026-08-31 07:27:16.357800,TITAN,CB-8004,5100,22850,30.1,75.6,C-17A Globemaster,,,,False,mode_s
afa175,2026-08-31 07:27:16.357805,FLYER63,19-46111,3276,27525,28.4,48.9,KC-46A Pegasus,,,,False,mode_s
ae07cb,2026-08-31 07:27:16.357811,UNK C/S,88-0265,0345,950,31.4,-92.5,C-17A Globemaster,,,,False,mode_s
ae5e12,2026-08-31 07:27:16.357815,FLYER59,17-46037,1530,22525,23.0,58.9,KC-46A Pegasus,,,,False,mode_s
afde25,2026-08-31 07:27:16.357820,UNK C/S,,7000,Unavailable,37.8,-123.6,E-6B TACAMO,,,,False,mode_s
ae01d0,2026-08-31 07:28:16.758870,UNK C/S,62-4139,5721,25000,63.99371,-145.253387,RC-135 Rivet Joint,,,0,False,mlat
ae07a8,2026-08-31 07:28:16.758888,UNK C/S,59-1508,2233,26000,64.176376,-144.999908,KC-135R Stratotanker,,,21,False,mlat
ae1197,2026-08-31 07:28:16.758894,RCH3260,03-3114,4044,36000,39.616791,-117.493896,C-17A Globemaster,257,458,0,False,adsb_icao
ae2fb0,2026-08-31 07:28:16.758899,RCH163,08-8204,5623,13700,39.260094,-74.546944,C-17A Globemaster,48,397,2093,False,mlat
ae10b8,2026-08-31 07:28:16.758904,ELVIS63,01-0189,6011,35000,53.920525,3.638575,C-17A Globemaster,111,456,-32,False,adsb_icao
87cd02,2026-08-31 07:28:16.758919,HARGR52,24-3612,4665,27000,33.685593,133.191681,KC-46A Pegasus,109,435,-32,False,adsb_icao
ae1453,2026-08-31 07:28:16.758923,TREK590,05-5149,3273,32000,35.871349,135.008728,C-17A Globemaster,281,414,0,False,mlat
ae07fd,2026-08-31 07:28:16.758937,RCH472,98-0051,2000,Unavailable,38.4,141.5,C-17A Globemaster,,,,False,mode_s
ae5e11,2026-08-31 07:28:16.758942,UNK C/S,17-46036,3266,22000,26.6,50.7,KC-46A Pegasus,,,,False,mode_s
ae04dc,2026-08-31 07:28:16.758946,UNK C/S,57-1461,1557,23000,25.8,53.6,KC-135R Stratotanker,139,430,2176,False,mode_s
ae123b,2026-08-31 07:28:16.758949,RCH197,04-4130,7422,33000,37.4,25.1,C-17A Globemaster,,,,False,mode_s
896c2c,2026-08-31 07:28:16.758953,SOUL11,1224,4014,2825,24.9,53.5,C-17A Globemaster,,,,False,mode_s
800791,2026-08-31 07:28:16.758958,TITAN,CB-8004,5100,20750,29.8,75.6,C-17A Globemaster,,,,False,mode_s
afa175,2026-08-31 07:28:16.758963,FLYER63,19-46111,3276,27500,28.4,48.9,KC-46A Pegasus,,,,False,mode_s
ae5e12,2026-08-31 07:28:16.758969,FLYER59,17-46037,1530,22525,23.7,56.2,KC-46A Pegasus,,,,False,mode_s
afde25,2026-08-31 07:28:16.758973,UNK C/S,,7000,Unavailable,37.8,-123.6,E-6B TACAMO,,,,False,mode_s
ae01d0,2026-08-31 07:29:17.076225,UNK C/S,62-4139,5721,25000,64.10762,-145.091431,RC-135 Rivet Joint,,,0,False,mlat
ae07a8,2026-08-31 07:29:17.076243,UNK C/S,59-1508,2233,26000,64.248734,-144.902023,KC-135R Stratotanker,,,0,False,mlat
ae1197,2026-08-31 07:29:17.076249,RCH3260,03-3114,4044,36000,39.588821,-117.654617,C-17A Globemaster,257,458,0,False,adsb_icao
ae2fb0,2026-08-31 07:29:17.076254,RCH163,08-8204,5623,15500,39.312016,-74.423393,C-17A Globemaster,71,442,1937,False,mlat
ae10b8,2026-08-31 07:29:17.076259,ELVIS63,01-0189,6011,35000,53.873787,3.837137,C-17A Globemaster,111,457,0,False,adsb_icao
87cd02,2026-08-31 07:29:17.076277,HARGR52,24-3612,4665,27000,33.646282,133.328308,KC-46A Pegasus,108,435,0,False,adsb_icao
ae1453,2026-08-31 07:29:17.076281,TREK590,05-5149,3273,32000,35.862892,134.853821,C-17A Globemaster,264,474,0,False,mlat
ae07fd,2026-08-31 07:29:17.076294,RCH472,98-0051,2000,29975,38.6,141.3,C-17A Globemaster,,,,False,mode_s
ae5e11,2026-08-31 07:29:17.076300,UNK C/S,17-46036,3266,22000,26.9,50.0,KC-46A Pegasus,,,,False,mode_s
ae04dc,2026-08-31 07:29:17.076305,UNK C/S,57-1461,1557,24525,25.8,53.6,KC-135R Stratotanker,139,438,1088,False,mode_s
ae123b,2026-08-31 07:29:17.076308,RCH197,04-4130,7422,33000,37.9,25.5,C-17A Globemaster,,,,False,mode_s
896c2c,2026-08-31 07:29:17.076312,SOUL11,1224,4014,2600,26.3,52.0,C-17A Globemaster,,,,False,mode_s
800791,2026-08-31 07:29:17.076318,TITAN,CB-8004,5100,17875,30.0,75.6,C-17A Globemaster,,,,False,mode_s
afa175,2026-08-31 07:29:17.076324,FLYER63,19-46111,3276,27525,28.4,48.9,KC-46A Pegasus,,,,False,mode_s
ae5e12,2026-08-31 07:29:17.076330,FLYER59,17-46037,1530,22525,22.1,59.8,KC-46A Pegasus,,,,False,mode_s
afde25,2026-08-31 07:29:17.076335,UNK C/S,,7000,Unavailable,37.9,-123.3,E-6B TACAMO,,,,False,mode_s
ae01d0,2026-08-31 07:30:17.467818,UNK C/S,62-4139,5721,25000,64.158661,-145.027557,RC-135 Rivet Joint,,,0,False,mlat
ae07a8,2026-08-31 07:30:17.467834,UNK C/S,59-1508,2233,26000,64.272331,-144.869202,KC-135R Stratotanker,,,0,False,mode_s
ae1197,2026-08-31 07:30:17.467841,RCH3260,03-3114,4044,35950,39.56028,-117.816895,C-17A Globemaster,257,461,0,False,adsb_icao
ae2fb0,2026-08-31 07:30:17.467846,RCH163,08-8204,5623,16825,39.360004,-74.285362,C-17A Globemaster,66,435,1238,False,mlat
ae10b8,2026-08-31 07:30:17.467851,ELVIS63,01-0189,6011,35000,53.826096,4.036691,C-17A Globemaster,112,454,0,False,adsb_icao
87cd02,2026-08-31 07:30:17.467870,HARGR52,24-3612,4665,27000,33.606354,133.467346,KC-46A Pegasus,109,435,-32,False,adsb_icao
ae1453,2026-08-31 07:30:17.467874,TREK590,05-5149,3273,32000,35.871258,134.717957,C-17A Globemaster,272,451,0,False,mlat
ae07fd,2026-08-31 07:30:17.467890,RCH472,98-0051,2000,29975,38.0,141.6,C-17A Globemaster,,,,False,mode_s
ae5e11,2026-08-31 07:30:17.467896,UNK C/S,17-46036,3266,22000,28.1,49.1,KC-46A Pegasus,,,,False,mode_s
ae04dc,2026-08-31 07:30:17.467901,UNK C/S,57-1461,1557,25650,25.4,53.6,KC-135R Stratotanker,139,450,1184,False,mode_s
ae123b,2026-08-31 07:30:17.467905,RCH197,04-4130,7422,33000,38.0,25.9,C-17A Globemaster,,,,False,mode_s
896c2c,2026-08-31 07:30:17.467910,SOUL11,1224,4014,1900,25.0,53.4,C-17A Globemaster,,,,False,mode_s
800791,2026-08-31 07:30:17.467916,TITAN,CB-8004,5100,15050,30.0,75.6,C-17A Globemaster,,,,False,mode_s
afa175,2026-08-31 07:30:17.467922,FLYER63,19-46111,3276,27525,28.4,48.9,KC-46A Pegasus,,,,False,mode_s
ae5e12,2026-08-31 07:30:17.467929,FLYER59,17-46037,1530,22525,22.1,59.8,KC-46A Pegasus,,,,False,mode_s
afde25,2026-08-31 07:30:17.467934,UNK C/S,,6672,Unavailable,37.8,-123.9,E-6B TACAMO,,,,False,mode_s
87cdf4,2026-08-31 07:30:17.467938,HARGR51,54-3616,1400,Unavailable,35.4,134.5,KC-46A Pegasus,,,,False,mode_s
ae1197,2026-08-31 07:31:17.836901,RCH3260,03-3114,4044,35175,39.531555,-117.978882,C-17A Globemaster,257,459,-832,False,adsb_icao
ae2fb0,2026-08-31 07:31:17.836921,RCH163,08-8204,5623,16875,39.408512,-74.142204,C-17A Globemaster,67,436,-27,False,mlat
ae10b8,2026-08-31 07:31:17.836926,ELVIS63,01-0189,6011,35000,53.778122,4.235465,C-17A Globemaster,112,452,0,False,adsb_icao
87cd02,2026-08-31 07:31:17.836943,HARGR52,24-3612,4665,27000,33.580902,133.608215,KC-46A Pegasus,81,448,0,False,adsb_icao
87cdf4,2026-08-31 07:31:17.836947,HARGR51,54-3616,1400,12075,36.044312,134.383224,KC-46A Pegasus,131,312,-64,False,adsb_icao
ae1453,2026-08-31 07:31:17.836950,TREK590,05-5149,3273,32000,35.87077,134.565186,C-17A Globemaster,270,390,0,False,mlat
ae07fd,2026-08-31 07:31:17.836967,RCH472,98-0051,2000,30000,38.4,141.5,C-17A Globemaster,,,,False,mode_s
ae5e11,2026-08-31 07:31:17.836973,UNK C/S,17-46036,3266,22000,25.8,51.2,KC-46A Pegasus,,,,False,mode_s
ae01d0,2026-08-31 07:31:17.836977,UNK C/S,62-4139,5721,25000,64.4,-146.7,RC-135 Rivet Joint,,,,False,mode_s
ae04dc,2026-08-31 07:31:17.836980,UNK C/S,57-1461,1557,26950,25.8,53.6,KC-135R Stratotanker,136,458,1888,False,mode_s
ae123b,2026-08-31 07:31:17.836983,RCH197,04-4130,7422,33000,38.0,25.9,C-17A Globemaster,,,,False,mode_s
896c2c,2026-08-31 07:31:17.836988,SOUL11,1224,4014,1175,24.9,53.5,C-17A Globemaster,,,,False,mode_s
800791,2026-08-31 07:31:17.836994,TITAN,CB-8004,5100,13000,30.3,76.4,C-17A Globemaster,,,,False,mode_s
ae07a8,2026-08-31 07:31:17.837000,UNK C/S,59-1508,2233,26000,64.5,-146.7,KC-135R Stratotanker,,,,False,mode_s
afa175,2026-08-31 07:31:17.837004,FLYER63,19-46111,3276,27525,28.4,48.9,KC-46A Pegasus,,,,False,mode_s
ae5e12,2026-08-31 07:31:17.837010,FLYER59,17-46037,1530,22525,22.1,59.8,KC-46A Pegasus,,,,False,mode_s
afde25,2026-08-31 07:31:17.837015,UNK C/S,,6672,Unavailable,37.8,-124.1,E-6B TACAMO,,,,False,mode_s
ae1197,2026-08-31 07:32:18.364127,RCH3260,03-3114,4044,34400,39.50267,-118.140167,C-17A Globemaster,256,463,-768,False,adsb_icao
ae2fb0,2026-08-31 07:32:18.364147,RCH163,08-8204,5623,16850,39.457752,-73.996704,C-17A Globemaster,67,441,0,False,mlat
ae10b8,2026-08-31 07:32:18.364152,ELVIS63,01-0189,6011,35000,53.730331,4.431649,C-17A Globemaster,112,457,0,False,adsb_icao
87cd02,2026-08-31 07:32:18.364167,HARGR52,24-3612,4665,27025,33.655884,133.722229,KC-46A Pegasus,27,460,96,False,adsb_icao
87cdf4,2026-08-31 07:32:18.364170,HARGR51,54-3616,1400,12075,36.034927,134.403076,KC-46A Pegasus,110,315,0,False,adsb_icao
ae1453,2026-08-31 07:32:18.364174,TREK590,05-5149,3273,32000,35.869072,134.405243,C-17A Globemaster,268,452,0,False,mlat
ae07fd,2026-08-31 07:32:18.364187,RCH472,98-0051,3155,29975,38.0,141.6,C-17A Globemaster,,,,False,mode_s
ae5e11,2026-08-31 07:32:18.364191,UNK C/S,17-46036,3266,22000,25.8,51.1,KC-46A Pegasus,,,,False,mode_s
ae01d0,2026-08-31 07:32:18.364195,UNK C/S,62-4139,5721,25000,64.5,-147.1,RC-135 Rivet Joint,,,,False,mode_s
ae04dc,2026-08-31 07:32:18.364199,UNK C/S,57-1461,1557,28000,24.8,53.8,KC-135R Stratotanker,123,458,32,False,mode_s
ae123b,2026-08-31 07:32:18.364202,RCH197,04-4130,7422,33000,38.0,26.2,C-17A Globemaster,,,,False,mode_s
896c2c,2026-08-31 07:32:18.364207,SOUL11,1224,4014,625,26.1,51.8,C-17A Globemaster,,,,False,mode_s
800791,2026-08-31 07:32:18.364211,TITAN,CB-8004,5100,11450,30.3,76.6,C-17A Globemaster,,,,False,mode_s
ae07a8,2026-08-31 07:32:18.364216,UNK C/S,59-1508,2233,26000,64.4,-146.5,KC-135R Stratotanker,,,,False,mode_s
afa175,2026-08-31 07:32:18.364220,FLYER63,19-46111,3276,27500,28.4,49.2,KC-46A Pegasus,,,,False,mode_s
ae5e12,2026-08-31 07:32:18.364226,FLYER59,17-46037,1530,22525,22.1,59.8,KC-46A Pegasus,,,,False,mode_s
afde25,2026-08-31 07:32:18.364231,UNK C/S,,6672,Unavailable,37.7,-124.5,E-6B TACAMO,,,,False,mode_s
06a27c,2026-08-31 07:32:18.364235,UNK C/S,A7-MAO,Unavailable,Unavailable,26.6,54.4,C-17A Globemaster,,,,False,mode_s
ae1197,2026-08-31 07:33:18.733720,RCH3260,03-3114,4044,33600,39.473053,-118.304245,C-17A Globemaster,256,462,-768,False,adsb_icao
ae2fb0,2026-08-31 07:33:18.733740,RCH163,08-8204,5623,17400,39.508171,-73.846809,C-17A Globemaster,67,458,1390,False,mlat
ae10b8,2026-08-31 07:33:18.733745,ELVIS63,01-0189,6011,35000,53.680969,4.632595,C-17A Globemaster,112,462,-96,False,adsb_icao
87cd02,2026-08-31 07:33:18.733765,HARGR52,24-3612,4665,27025,33.771652,133.793411,KC-46A Pegasus,26,460,32,False,adsb_icao
ae1453,2026-08-31 07:33:18.733769,TREK590,05-5149,3273,32000,35.875126,134.248306,C-17A Globemaster,272,433,0,False,mlat
87cdf4,2026-08-31 07:33:18.733773,HARGR51,54-3616,1400,12075,36.031723,134.56163,KC-46A Pegasus,89,319,0,False,adsb_icao
ae07fd,2026-08-31 07:33:18.733789,RCH472,98-0051,3155,29975,38.6,141.3,C-17A Globemaster,,,,False,mode_s
ae5e11,2026-08-31 07:33:18.733794,UNK C/S,17-46036,3266,22000,25.6,51.2,KC-46A Pegasus,,,,False,mode_s
ae01d0,2026-08-31 07:33:18.733798,UNK C/S,62-4139,5721,25025,64.4,-146.6,RC-135 Rivet Joint,,,,False,mode_s
ae04dc,2026-08-31 07:33:18.733802,UNK C/S,57-1461,1557,28025,24.9,53.5,KC-135R Stratotanker,123,450,0,False,mode_s
ae123b,2026-08-31 07:33:18.733805,RCH197,04-4130,7422,33000,37.9,25.8,C-17A Globemaster,,,,False,mode_s
800791,2026-08-31 07:33:18.733810,TITAN,CB-8004,5100,10125,30.4,76.8,C-17A Globemaster,,,,False,mode_s
ae07a8,2026-08-31 07:33:18.733816,UNK C/S,59-1508,2233,26500,64.4,-146.4,KC-135R Stratotanker,,,,False,mode_s
afa175,2026-08-31 07:33:18.733820,FLYER63,19-46111,3276,27525,28.4,49.1,KC-46A Pegasus,,,,False,mode_s
ae5e12,2026-08-31 07:33:18.733826,FLYER59,17-46037,1530,22525,22.1,59.8,KC-46A Pegasus,,,,False,mode_s
afde25,2026-08-31 07:33:18.733830,UNK C/S,,6672,25500,38.4,-124.3,E-6B TACAMO,,,,False,mode_s
ae1197,2026-08-31 07:34:19.154799,RCH3260,03-3114,4044,32825,39.443897,-118.464722,C-17A Globemaster,256,461,-832,False,adsb_icao
ae2fb0,2026-08-31 07:34:19.154818,RCH163,08-8204,5623,19050,39.556061,-73.703491,C-17A Globemaster,65,449,1590,False,mlat
ae10b8,2026-08-31 07:34:19.154823,ELVIS63,01-0189,1000,35000,53.632927,4.8335,C-17A Globemaster,106,467,160,False,adsb_icao
87cd02,2026-08-31 07:34:19.154839,HARGR52,24-3612,4665,27000,33.888306,133.855759,KC-46A Pegasus,18,459,-64,False,adsb_icao
ae1453,2026-08-31 07:34:19.154842,TREK590,05-5149,3273,32000,35.877125,134.093903,C-17A Globemaster,272,444,0,False,mlat
87cdf4,2026-08-31 07:34:19.154846,HARGR51,54-3616,1400,12075,36.031898,134.651245,KC-46A Pegasus,,,,False,adsb_icao
ae07fd,2026-08-31 07:34:19.154860,RCH472,98-0051,3155,29975,38.6,141.3,C-17A Globemaster,,,,False,mode_s
ae5e11,2026-08-31 07:34:19.154865,UNK C/S,17-46036,3266,22000,25.7,51.2,KC-46A Pegasus,,,,False,mode_s
ae01d0,2026-08-31 07:34:19.154869,UNK C/S,62-4139,5721,25500,64.5,-146.8,RC-135 Rivet Joint,,,,False,mode_s
ae04dc,2026-08-31 07:34:19.154874,UNK C/S,57-1461,1557,28000,24.9,53.8,KC-135R Stratotanker,123,446,-160,False,mode_s
ae123b,2026-08-31 07:34:19.154877,RCH197,04-4130,7422,33000,38.3,26.4,C-17A Globemaster,,,,False,mode_s
800791,2026-08-31 07:34:19.154884,TITAN,CB-8004,5100,9150,30.0,76.0,C-17A Globemaster,,,,False,mode_s
ae07a8,2026-08-31 07:34:19.154889,UNK C/S,59-1508,2233,26500,64.2,-145.8,KC-135R Stratotanker,,,,False,mode_s
afa175,2026-08-31 07:34:19.154893,FLYER63,19-46111,3276,27500,28.4,49.0,KC-46A Pegasus,,,,False,mode_s
ae5e12,2026-08-31 07:34:19.154899,FLYER59,17-46037,1530,22525,22.1,59.8,KC-46A Pegasus,,,,False,mode_s
afde25,2026-08-31 07:34:19.154903,UNK C/S,,6672,25500,38.6,-124.5,E-6B TACAMO,,,,False,mode_s
ae1197,2026-08-31 07:35:19.560115,RCH3260,03-3114,4044,32025,39.414001,-118.626907,C-17A Globemaster,256,463,-832,False,adsb_icao
ae2fb0,2026-08-31 07:35:19.560135,RCH163,08-8204,5623,20425,39.597374,-73.543159,C-17A Globemaster,77,460,1660,False,mlat
ae10b8,2026-08-31 07:35:19.560139,ELVIS63,01-0189,1000,35000,53.604763,5.04951,C-17A Globemaster,102,474,0,False,adsb_icao
87cd02,2026-08-31 07:35:19.560156,HARGR52,24-3612,4665,27025,34.013855,133.868134,KC-46A Pegasus,358,455,-32,False,adsb_icao
ae1453,2026-08-31 07:35:19.560159,TREK590,05-5149,3273,32000,35.871044,133.94902,C-17A Globemaster,271,426,0,False,mlat
87cdf4,2026-08-31 07:35:19.560166,HARGR51,54-3616,1400,12075,36.074863,134.796524,KC-46A Pegasus,11,315,0,False,adsb_icao
ae07fd,2026-08-31 07:35:19.560180,RCH472,98-0051,3155,29975,39.0,139.4,C-17A Globemaster,,,,False,mode_s
ae5e11,2026-08-31 07:35:19.560186,UNK C/S,17-46036,3266,22000,25.7,51.2,KC-46A Pegasus,,,,False,mode_s
ae04dc,2026-08-31 07:35:19.560191,UNK C/S,57-1461,1557,28025,24.9,53.5,KC-135R Stratotanker,123,444,0,False,mode_s
ae123b,2026-08-31 07:35:19.560194,RCH197,04-4130,7422,33000,38.3,26.7,C-17A Globemaster,,,,False,mode_s
800791,2026-08-31 07:35:19.560199,TITAN,CB-8004,5100,7775,30.3,76.2,C-17A Globemaster,,,,False,mode_s
ae07a8,2026-08-31 07:35:19.560205,UNK C/S,59-1508,2233,Unavailable,64.4,-146.9,KC-135R Stratotanker,,,,False,mode_s
afa175,2026-08-31 07:35:19.560209,FLYER63,19-46111,3276,27500,28.4,49.0,KC-46A Pegasus,,,,False,mode_s
ae5e12,2026-08-31 07:35:19.560214,FLYER59,17-46037,1530,22525,22.1,59.8,KC-46A Pegasus,,,,False,mode_s
afde25,2026-08-31 07:35:19.560218,UNK C/S,,6672,25500,38.7,-125.0,E-6B TACAMO,,,,False,mode_s
ae1197,2026-08-31 07:36:19.975913,RCH3260,03-3114,4044,31250,39.383835,-118.790512,C-17A Globemaster,256,465,-832,False,adsb_icao
ae2fb0,2026-08-31 07:36:19.975932,RCH163,08-8204,5623,21825,39.633156,-73.395393,C-17A Globemaster,73,457,1276,False,mlat
ae10b8,2026-08-31 07:36:19.975938,ELVIS63,01-0189,1000,35000,53.574829,5.26716,C-17A Globemaster,107,472,192,False,adsb_icao
ae1453,2026-08-31 07:36:19.975953,TREK590,05-5149,3273,32000,35.872654,133.799881,C-17A Globemaster,267,444,0,False,mlat
87cd02,2026-08-31 07:36:19.975958,HARGR52,24-3612,4665,27000,34.14212,133.862518,KC-46A Pegasus,357,454,0,False,adsb_icao
87cdf4,2026-08-31 07:36:19.975961,HARGR51,54-3616,1400,12075,36.119843,134.780441,KC-46A Pegasus,309,300,0,False,adsb_icao
ae07fd,2026-08-31 07:36:19.975976,RCH472,98-0051,3155,29975,36.0,140.5,C-17A Globemaster,,,,False,mode_s
ae5e11,2026-08-31 07:36:19.975981,UNK C/S,17-46036,3266,22000,26.0,51.3,KC-46A Pegasus,,,,False,mode_s
ae04dc,2026-08-31 07:36:19.975986,UNK C/S,57-1461,1557,28025,25.8,53.6,KC-135R Stratotanker,123,444,0,False,mode_s
ae123b,2026-08-31 07:36:19.975989,RCH197,04-4130,7422,33000,38.2,26.8,C-17A Globemaster,,,,False,mode_s
800791,2026-08-31 07:36:19.975995,TITAN,CB-8004,5100,6325,30.2,76.1,C-17A Globemaster,,,,False,mode_s
ae07a8,2026-08-31 07:36:19.976000,UNK C/S,59-1508,2233,Unavailable,64.4,-146.6,KC-135R Stratotanker,,,,False,mode_s
afa175,2026-08-31 07:36:19.976004,FLYER63,19-46111,3276,27525,28.4,48.9,KC-46A Pegasus,,,,False,mode_s
ae5e12,2026-08-31 07:36:19.976010,FLYER59,17-46037,1530,22525,22.1,59.8,KC-46A Pegasus,,,,False,mode_s
afde25,2026-08-31 07:36:19.976013,UNK C/S,,6672,25500,38.4,-124.5,E-6B TACAMO,,,,False,mode_s
ae1197,2026-08-31 07:37:20.386709,RCH3260,03-3114,4044,30450,39.35321,-118.954529,C-17A Globemaster,256,469,-832,False,adsb_icao
ae2fb0,2026-08-31 07:37:20.386728,RCH163,08-8204,5623,22725,39.676373,-73.229218,C-17A Globemaster,66,472,624,False,mlat
ae10b8,2026-08-31 07:37:20.386733,ELVIS63,01-0189,1000,35000,53.527161,5.471353,C-17A Globemaster,114,466,0,False,adsb_icao
ae1453,2026-08-31 07:37:20.386749,TREK590,05-5149,3273,32000,35.872192,133.653366,C-17A Globemaster,271,430,0,False,mlat
87cd02,2026-08-31 07:37:20.386753,HARGR52,24-3612,4665,27000,34.268032,133.856796,KC-46A Pegasus,357,454,-32,False,adsb_icao
ae07fd,2026-08-31 07:37:20.386766,RCH472,98-0051,3155,29975,38.4,141.5,C-17A Globemaster,,,,False,mode_s
ae5e11,2026-08-31 07:37:20.386772,UNK C/S,17-46036,3266,22050,25.9,51.2,KC-46A Pegasus,,,,False,mode_s
ae04dc,2026-08-31 07:37:20.386776,UNK C/S,57-1461,1557,28025,25.8,53.6,KC-135R Stratotanker,123,442,32,False,mode_s
ae123b,2026-08-31 07:37:20.386780,RCH197,04-4130,7422,33000,38.3,27.0,C-17A Globemaster,,,,False,mode_s
800791,2026-08-31 07:37:20.386786,TITAN,CB-8004,5100,4800,30.2,75.9,C-17A Globemaster,,,,False,mode_s
ae07a8,2026-08-31 07:37:20.386792,UNK C/S,59-1508,2233,Unavailable,64.4,-147.0,KC-135R Stratotanker,,,,False,mode_s
afa175,2026-08-31 07:37:20.386796,FLYER63,19-46111,3276,27500,28.4,48.3,KC-46A Pegasus,,,,False,mode_s
ae5e12,2026-08-31 07:37:20.386802,FLYER59,17-46037,1530,22525,22.5,58.7,KC-46A Pegasus,,,,False,mode_s
afde25,2026-08-31 07:37:20.386806,UNK C/S,,3301,25500,38.1,-124.5,E-6B TACAMO,,,,False,mode_s
ae1197,2026-08-31 07:38:20.822054,RCH3260,03-3114,4044,29500,39.322628,-119.117004,C-17A Globemaster,256,471,-1024,False,adsb_icao
ae2fb0,2026-08-31 07:38:20.822074,RCH163,08-8204,5623,23000,39.736389,-73.090721,C-17A Globemaster,55,452,96,False,mlat
ae10b8,2026-08-31 07:38:20.822079,ELVIS63,01-0189,1000,35000,53.475037,5.670593,C-17A Globemaster,113,468,0,False,adsb_icao
ae1453,2026-08-31 07:38:20.822095,TREK590,05-5149,3273,32000,35.871334,133.507706,C-17A Globemaster,272,452,0,False,mlat
87cd02,2026-08-31 07:38:20.822100,HARGR52,24-3612,4665,27000,34.396191,133.851013,KC-46A Pegasus,357,454,-32,False,adsb_icao
ae07fd,2026-08-31 07:38:20.822108,RCH472,98-0051,3155,29975,38.304756,142.446655,C-17A Globemaster,,,0,False,mlat
ae5e11,2026-08-31 07:38:20.822120,UNK C/S,17-46036,3266,22000,26.1,51.5,KC-46A Pegasus,,,,False,mode_s
ae04dc,2026-08-31 07:38:20.822125,UNK C/S,57-1461,1557,28025,25.4,53.6,KC-135R Stratotanker,123,444,0,False,mode_s
ae123b,2026-08-31 07:38:20.822128,RCH197,04-4130,7422,33000,38.2,26.9,C-17A Globemaster,,,,False,mode_s
800791,2026-08-31 07:38:20.822134,TITAN,CB-8004,5100,3650,30.2,76.4,C-17A Globemaster,,,,False,mode_s
ae07a8,2026-08-31 07:38:20.822139,UNK C/S,59-1508,2233,Unavailable,64.2,-146.5,KC-135R Stratotanker,,,,False,mode_s
afa175,2026-08-31 07:38:20.822144,FLYER63,19-46111,3276,27500,28.4,48.3,KC-46A Pegasus,,,,False,mode_s
ae5e12,2026-08-31 07:38:20.822150,FLYER59,17-46037,1530,22550,22.6,58.6,KC-46A Pegasus,,,,False,mode_s
afde25,2026-08-31 07:38:20.822153,UNK C/S,,3301,25500,37.4,-125.3,E-6B TACAMO,,,,False,mode_s
ae1197,2026-08-31 07:39:21.199881,RCH3260,03-3114,4044,28500,39.290817,-119.284416,C-17A Globemaster,256,474,-1024,False,adsb_icao
ae2fb0,2026-08-31 07:39:21.199902,RCH163,08-8204,5623,23450,39.798557,-72.946381,C-17A Globemaster,62,486,717,False,mlat
ae10b8,2026-08-31 07:39:21.199909,ELVIS63,01-0189,1000,35000,53.420792,5.873056,C-17A Globemaster,114,469,32,False,adsb_icao
ae1453,2026-08-31 07:39:21.199926,TREK590,05-5149,3273,32000,35.869831,133.364197,C-17A Globemaster,267,424,0,False,mlat
87cd02,2026-08-31 07:39:21.199931,HARGR52,24-3612,4665,26400,34.522114,133.845352,KC-46A Pegasus,357,450,-608,False,adsb_icao
ae07fd,2026-08-31 07:39:21.199938,RCH472,98-0051,3155,29975,40.351704,140.899384,C-17A Globemaster,,,0,False,mlat
ae5e11,2026-08-31 07:39:21.199950,UNK C/S,17-46036,3266,22000,26.0,51.2,KC-46A Pegasus,,,,False,mode_s
ae04dc,2026-08-31 07:39:21.199955,UNK C/S,57-1461,1557,28025,24.9,53.8,KC-135R Stratotanker,123,444,-160,False,mode_s
ae123b,2026-08-31 07:39:21.199959,RCH197,04-4130,7422,33000,38.2,26.6,C-17A Globemaster,,,,False,mode_s
800791,2026-08-31 07:39:21.199964,TITAN,CB-8004,5100,3200,30.1,76.4,C-17A Globemaster,,,,False,mode_s
ae07a8,2026-08-31 07:39:21.199970,UNK C/S,59-1508,2233,Unavailable,64.4,-147.4,KC-135R Stratotanker,,,,False,mode_s
afa175,2026-08-31 07:39:21.199974,FLYER63,19-46111,3276,27500,28.4,48.2,KC-46A Pegasus,,,,False,mode_s
ae5e12,2026-08-31 07:39:21.199980,FLYER59,17-46037,1530,22525,22.4,59.2,KC-46A Pegasus,,,,False,mode_s
afde25,2026-08-31 07:39:21.199984,UNK C/S,,3301,25125,37.5,-124.6,E-6B TACAMO,,,,False,mode_s
ae1197,2026-08-31 07:40:21.709164,RCH3260,03-3114,4044,27525,39.25914,-119.450104,C-17A Globemaster,256,471,-1024,False,adsb_icao
ae2fb0,2026-08-31 07:40:21.709185,RCH163,08-8204,5623,25000,39.861256,-72.799591,C-17A Globemaster,62,467,1840,False,mlat
ae10b8,2026-08-31 07:40:21.709190,ELVIS63,01-0189,1000,35000,53.367645,6.071594,C-17A Globemaster,113,468,-480,False,adsb_icao
ae1453,2026-08-31 07:40:21.709204,TREK590,05-5149,3273,32000,35.870892,133.206558,C-17A Globemaster,269,439,0,False,mlat
87cd02,2026-08-31 07:40:21.709209,HARGR52,24-3612,4665,25575,34.647446,133.839706,KC-46A Pegasus,357,439,-896,False,adsb_icao
ae07fd,2026-08-31 07:40:21.709215,RCH472,98-0051,3155,29975,38.091206,142.170166,C-17A Globemaster,,,76,False,mlat
ae5e11,2026-08-31 07:40:21.709228,UNK C/S,17-46036,3266,19525,25.9,51.2,KC-46A Pegasus,,,,False,mode_s
ae04dc,2026-08-31 07:40:21.709232,UNK C/S,57-1461,1557,28025,25.8,53.6,KC-135R Stratotanker,123,440,0,False,mode_s
ae123b,2026-08-31 07:40:21.709235,RCH197,04-4130,7422,33000,38.2,26.9,C-17A Globemaster,,,,False,mode_s
800791,2026-08-31 07:40:21.709242,TITAN,CB-8004,5100,2650,30.4,76.8,C-17A Globemaster,,,,False,mode_s
ae07a8,2026-08-31 07:40:21.709247,UNK C/S,59-1508,2233,Unavailable,64.3,-147.1,KC-135R Stratotanker,,,,False,mode_s
afa175,2026-08-31 07:40:21.709252,FLYER63,19-46111,3276,27525,28.4,48.2,KC-46A Pegasus,,,,False,mode_s
ae5e12,2026-08-31 07:40:21.709257,FLYER59,17-46037,1530,22525,22.4,59.2,KC-46A Pegasus,,,,False,mode_s
afde25,2026-08-31 07:40:21.709261,UNK C/S,,3301,25000,37.4,-124.4,E-6B TACAMO,,,,False,mode_s
87cdf4,2026-08-31 07:40:21.709264,HARGR51,54-3616,1400,Unavailable,35.5,134.4,KC-46A Pegasus,,,,False,mode_s
ae1197,2026-08-31 07:41:22.139341,RCH3260,03-3114,4044,26525,39.2276,-119.613464,C-17A Globemaster,255,471,-1024,False,adsb_icao
ae2fb0,2026-08-31 07:41:22.139361,RCH163,08-8204,5623,25675,39.934223,-72.653717,C-17A Globemaster,54,458,413,False,mlat
ae10b8,2026-08-31 07:41:22.139367,ELVIS63,01-0189,1000,35000,53.31488,6.268185,C-17A Globemaster,114,466,32,False,adsb_icao
ae1453,2026-08-31 07:41:22.139383,TREK590,05-5149,3273,32000,35.897655,133.065689,C-17A Globemaster,271,422,0,False,mlat
87cd02,2026-08-31 07:41:22.139387,HARGR52,24-3612,4665,24475,34.766468,133.819199,KC-46A Pegasus,336,426,-896,False,adsb_icao
87cdf4,2026-08-31 07:41:22.139391,HARGR51,54-3616,1400,12075,36.042374,134.34053,KC-46A Pegasus,225,289,-64,False,adsb_icao
ae07fd,2026-08-31 07:41:22.139397,RCH472,98-0051,3155,29975,38.011032,142.068558,C-17A Globemaster,,,0,False,mlat
ae5e11,2026-08-31 07:41:22.139408,UNK C/S,17-46036,3266,16400,26.0,51.4,KC-46A Pegasus,,,,False,mode_s
ae04dc,2026-08-31 07:41:22.139412,UNK C/S,57-1461,1557,28025,25.4,53.6,KC-135R Stratotanker,91,434,0,False,mode_s
ae123b,2026-08-31 07:41:22.139415,RCH197,04-4130,7422,33025,37.3,27.6,C-17A Globemaster,,,,False,mode_s
800791,2026-08-31 07:41:22.139421,TITAN,CB-8004,5100,2000,30.4,76.8,C-17A Globemaster,,,,False,mode_s
ae07a8,2026-08-31 07:41:22.139426,UNK C/S,59-1508,2233,Unavailable,64.3,-147.1,KC-135R Stratotanker,,,,False,mode_s
afa175,2026-08-31 07:41:22.139430,FLYER63,19-46111,3276,27500,28.4,48.2,KC-46A Pegasus,,,,False,mode_s
ae5e12,2026-08-31 07:41:22.139435,FLYER59,17-46037,1530,22525,22.7,58.6,KC-46A Pegasus,,,,False,mode_s
afde25,2026-08-31 07:41:22.139438,UNK C/S,,3301,25000,37.0,-124.2,E-6B TACAMO,,,,False,mode_s
ae1197,2026-08-31 07:42:22.518460,RCH3260,03-3114,4044,26000,39.195694,-119.777489,C-17A Globemaster,255,465,0,False,adsb_icao
ae2fb0,2026-08-31 07:42:22.518480,RCH163,08-8204,5623,26375,39.996124,-72.532402,C-17A Globemaster,57,447,671,False,mlat
ae10b8,2026-08-31 07:42:22.518486,ELVIS63,01-0189,1000,35000,53.260975,6.466989,C-17A Globemaster,114,468,-64,False,adsb_icao
ae1453,2026-08-31 07:42:22.518501,TREK590,05-5149,3273,32000,35.876873,132.904343,C-17A Globemaster,273,437,0,False,mlat
87cd02,2026-08-31 07:42:22.518506,HARGR52,24-3612,4665,23525,34.86665,133.746643,KC-46A Pegasus,327,417,-832,False,adsb_icao
ae07fd,2026-08-31 07:42:22.518512,RCH472,98-0051,3155,29975,37.9268,141.955353,C-17A Globemaster,,,0,False,mlat
ae5e11,2026-08-31 07:42:22.518524,UNK C/S,17-46036,3266,16025,26.0,51.3,KC-46A Pegasus,,,,False,mode_s
ae04dc,2026-08-31 07:42:22.518529,UNK C/S,57-1461,1557,28025,25.8,53.6,KC-135R Stratotanker,91,432,0,False,mode_s
ae123b,2026-08-31 07:42:22.518532,RCH197,04-4130,7422,33000,36.5,28.3,C-17A Globemaster,,,,False,mode_s
800791,2026-08-31 07:42:22.518538,TITAN,CB-8004,5100,1725,30.5,76.9,C-17A Globemaster,,,,False,mode_s
ae07a8,2026-08-31 07:42:22.518544,UNK C/S,59-1508,2233,Unavailable,64.2,-146.5,KC-135R Stratotanker,,,,False,mode_s
afa175,2026-08-31 07:42:22.518549,FLYER63,19-46111,3276,27525,28.4,48.2,KC-46A Pegasus,,,,False,mode_s
ae5e12,2026-08-31 07:42:22.518554,FLYER59,17-46037,1530,22525,22.1,59.8,KC-46A Pegasus,,,,False,mode_s
afde25,2026-08-31 07:42:22.518558,UNK C/S,,3301,25000,36.9,-124.8,E-6B TACAMO,,,,False,mode_s
06a249,2026-08-31 07:42:22.518562,UNK C/S,A7-MAB,Unavailable,Unavailable,35.1,140.6,C-17A Globemaster,,,,False,mode_s
ae1197,2026-08-31 07:43:23.004576,RCH3260,03-3114,4044,26000,39.164108,-119.938698,C-17A Globemaster,255,467,0,False,adsb_icao
ae2fb0,2026-08-31 07:43:23.004596,RCH163,08-8204,5623,27025,40.07571,-72.38028,C-17A Globemaster,51,418,789,False,mlat
ae10b8,2026-08-31 07:43:23.004601,ELVIS63,01-0189,1000,35000,53.206043,6.666116,C-17A Globemaster,114,467,-64,False,adsb_icao
ae1453,2026-08-31 07:43:23.004618,TREK590,05-5149,3273,32000,35.86047,132.747452,C-17A Globemaster,264,422,0,False,mlat
87cd02,2026-08-31 07:43:23.004623,HARGR52,24-3612,4665,22650,34.965637,133.670715,KC-46A Pegasus,327,410,-832,False,adsb_icao
87cdf4,2026-08-31 07:43:23.004627,HARGR51,54-3616,1400,10050,35.939575,134.205383,KC-46A Pegasus,226,279,-1216,False,adsb_icao
ae07fd,2026-08-31 07:43:23.004634,RCH472,98-0051,3155,29975,37.839176,141.845276,C-17A Globemaster,223,420,25,False,mlat
ae5e11,2026-08-31 07:43:23.004647,UNK C/S,17-46036,3266,15150,26.0,51.4,KC-46A Pegasus,,,,False,mode_s
ae04dc,2026-08-31 07:43:23.004669,UNK C/S,57-1461,1557,28025,24.9,53.8,KC-135R Stratotanker,91,432,0,False,mode_s
ae123b,2026-08-31 07:43:23.004673,RCH197,04-4130,7422,33000,36.2,28.7,C-17A Globemaster,,,,False,mode_s
ae07a8,2026-08-31 07:43:23.004683,UNK C/S,59-1508,2233,Unavailable,64.2,-147.0,KC-135R Stratotanker,,,,False,mode_s
afa175,2026-08-31 07:43:23.004688,FLYER63,19-46111,3276,27525,28.4,48.2,KC-46A Pegasus,,,,False,mode_s
87cc09,2026-08-31 07:43:23.004693,UNK C/S,97-3603,1200,Unavailable,34.9,136.3,KC-46A Pegasus,,,,False,mode_s
ae5e12,2026-08-31 07:43:23.004697,FLYER59,17-46037,1530,22525,22.1,59.8,KC-46A Pegasus,,,,False,mode_s
afde25,2026-08-31 07:43:23.004702,UNK C/S,,3301,25000,36.3,-125.0,E-6B TACAMO,,,,False,mode_s
ae1197,2026-08-31 07:44:23.367581,RCH3260,03-3114,4044,25900,39.131763,-120.102173,C-17A Globemaster,255,467,0,False,adsb_icao
ae2fb0,2026-08-31 07:44:23.367601,RCH163,08-8204,5623,27800,40.145592,-72.245811,C-17A Globemaster,57,450,632,False,mlat
ae10b8,2026-08-31 07:44:23.367607,ELVIS63,01-0189,1000,35000,53.151531,6.862578,C-17A Globemaster,114,467,32,False,adsb_icao
ae1453,2026-08-31 07:44:23.367624,TREK590,05-5149,3273,32000,35.914665,132.637115,C-17A Globemaster,276,451,0,False,mlat
87cd02,2026-08-31 07:44:23.367630,HARGR52,24-3612,4665,22000,35.061264,133.597336,KC-46A Pegasus,327,404,0,False,adsb_icao
87cdf4,2026-08-31 07:44:23.367634,HARGR51,54-3616,1400,10075,35.874161,134.120697,KC-46A Pegasus,226,281,0,False,adsb_icao
ae07fd,2026-08-31 07:44:23.367641,RCH472,98-0051,3155,29975,37.772541,141.761765,C-17A Globemaster,228,430,0,False,mlat
ae5e11,2026-08-31 07:44:23.367676,UNK C/S,17-46036,3266,11050,27.4,49.5,KC-46A Pegasus,,,,False,mode_s
ae04dc,2026-08-31 07:44:23.367681,UNK C/S,57-1461,1557,28025,25.2,55.3,KC-135R Stratotanker,83,428,64,False,mode_s
ae123b,2026-08-31 07:44:23.367684,RCH197,04-4130,7422,33000,35.8,29.0,C-17A Globemaster,,,,False,mode_s
ae07a8,2026-08-31 07:44:23.367694,UNK C/S,59-1508,2233,Unavailable,64.2,-146.7,KC-135R Stratotanker,,,,False,mode_s
afa175,2026-08-31 07:44:23.367699,FLYER63,19-46111,3276,27525,28.4,48.2,KC-46A Pegasus,,,,False,mode_s
ae5e12,2026-08-31 07:44:23.367706,FLYER59,17-46037,1530,22525,22.1,59.8,KC-46A Pegasus,,,,False,mode_s
afde25,2026-08-31 07:44:23.367710,UNK C/S,,3301,25000,36.5,-124.7,E-6B TACAMO,,,,False,mode_s
afde25,2026-08-31 07:45:23.726850,UNK C/S,,3301,25000,39.072918,-125.85537,E-6B TACAMO,,,0,False,mlat
ae1197,2026-08-31 07:45:23.726869,RCH3260,03-3114,4044,23975,39.099876,-120.262268,C-17A Globemaster,255,451,-2112,False,adsb_icao
ae2fb0,2026-08-31 07:45:23.726877,RCH163,08-8204,5623,28350,40.216133,-72.111107,C-17A Globemaster,59,455,361,False,mlat
ae10b8,2026-08-31 07:45:23.726883,ELVIS63,01-0189,1000,35000,53.096512,7.059422,C-17A Globemaster,114,472,-64,False,adsb_icao
87cd02,2026-08-31 07:45:23.726899,HARGR52,24-3612,4665,22000,35.157852,133.523071,KC-46A Pegasus,327,404,-96,False,adsb_icao
87cdf4,2026-08-31 07:45:23.726902,HARGR51,54-3616,1400,10075,35.824646,134.057571,KC-46A Pegasus,,,,False,adsb_icao
ae07fd,2026-08-31 07:45:23.726909,RCH472,98-0051,3155,29975,37.680859,141.647522,C-17A Globemaster,230,438,-75,False,mlat
ae1453,2026-08-31 07:45:23.726921,TREK590,05-5149,3273,32000,35.0,132.8,C-17A Globemaster,,,,False,mode_s
ae5e11,2026-08-31 07:45:23.726925,UNK C/S,17-46036,3266,7275,28.0,48.9,KC-46A Pegasus,,,,False,mode_s
ae04dc,2026-08-31 07:45:23.726929,UNK C/S,57-1461,1557,28025,25.4,53.6,KC-135R Stratotanker,83,428,-32,False,mode_s
ae123b,2026-08-31 07:45:23.726932,RCH197,04-4130,7422,33000,36.5,28.2,C-17A Globemaster,,,,False,mode_s
afa175,2026-08-31 07:45:23.726944,FLYER63,19-46111,3276,27650,28.4,48.2,KC-46A Pegasus,,,,False,mode_s
ae5e12,2026-08-31 07:45:23.726949,FLYER59,17-46037,1530,22525,22.1,59.8,KC-46A Pegasus,,,,False,mode_s
afde25,2026-08-31 07:46:24.117112,UNK C/S,,3301,25000,39.072723,-125.82238,E-6B TACAMO,,,,False,mode_s
ae1197,2026-08-31 07:46:24.117134,RCH3260,03-3114,4044,21975,39.06926,-120.414452,C-17A Globemaster,255,435,-2048,False,adsb_icao
ae2fb0,2026-08-31 07:46:24.117141,RCH163,08-8204,5623,29000,40.285023,-71.972855,C-17A Globemaster,54,449,482,False,mlat
ae10b8,2026-08-31 07:46:24.117147,ELVIS63,01-0189,1000,35000,53.040874,7.256627,C-17A Globemaster,115,473,32,False,adsb_icao
87cd02,2026-08-31 07:46:24.117165,HARGR52,24-3612,4665,22025,35.253479,133.449326,KC-46A Pegasus,327,408,0,False,adsb_icao
87cdf4,2026-08-31 07:46:24.117169,HARGR51,54-3616,5330,10100,35.755829,133.969238,KC-46A Pegasus,226,282,0,False,adsb_icao
87cc0a,2026-08-31 07:46:24.117176,GALOP62,07-3604,2256,1450,35.229664,136.940903,KC-46A Pegasus,151,177,2496,False,adsb_icao
ae07fd,2026-08-31 07:46:24.117184,RCH472,98-0051,3155,30000,37.594536,141.538757,C-17A Globemaster,226,437,75,False,mlat
ae1453,2026-08-31 07:46:24.117196,TREK590,05-5149,3273,32000,34.9,133.0,C-17A Globemaster,,,,False,mode_s
ae5e11,2026-08-31 07:46:24.117200,UNK C/S,17-46036,3266,6375,28.2,48.5,KC-46A Pegasus,,,,False,mode_s
ae04dc,2026-08-31 07:46:24.117204,UNK C/S,57-1461,1557,28025,26.6,54.4,KC-135R Stratotanker,83,426,0,False,mode_s
ae123b,2026-08-31 07:46:24.117207,RCH197,04-4130,7422,33000,35.5,29.5,C-17A Globemaster,,,,False,mode_s
afa175,2026-08-31 07:46:24.117217,FLYER63,19-46111,3276,28025,28.4,48.2,KC-46A Pegasus,,,,False,mode_s
ae5e12,2026-08-31 07:46:24.117222,FLYER59,17-46037,1530,22525,22.1,59.8,KC-46A Pegasus,,,,False,mode_s
ae1197,2026-08-31 07:47:24.541511,RCH3260,03-3114,4044,19975,39.039368,-120.562828,C-17A Globemaster,255,421,-2112,False,adsb_icao
ae2fb0,2026-08-31 07:47:24.541531,RCH163,08-8204,5623,29000,40.359863,-71.820152,C-17A Globemaster,59,475,0,False,mlat
ae10b8,2026-08-31 07:47:24.541537,ELVIS63,01-0189,1000,35000,52.98468,7.454605,C-17A Globemaster,115,473,-64,False,adsb_icao
87cd02,2026-08-31 07:47:24.541552,HARGR52,24-3612,4665,22025,35.34972,133.374847,KC-46A Pegasus,327,412,64,False,adsb_icao
87cdf4,2026-08-31 07:47:24.541555,HARGR51,54-3616,5330,10100,35.700584,133.8974,KC-46A Pegasus,227,285,0,False,adsb_icao
87cc0a,2026-08-31 07:47:24.541560,GALOP62,07-3604,2256,3475,35.184036,136.954895,KC-46A Pegasus,211,187,1344,False,adsb_icao
ae07fd,2026-08-31 07:47:24.541566,RCH472,98-0051,3155,29975,37.50724,141.425812,C-17A Globemaster,225,433,0,False,mlat
ae1453,2026-08-31 07:47:24.541576,TREK590,05-5149,3273,32000,34.8,132.4,C-17A Globemaster,,,,False,mode_s
ae5e11,2026-08-31 07:47:24.541580,UNK C/S,17-46036,3266,6350,27.4,49.5,KC-46A Pegasus,,,,False,mode_s
ae04dc,2026-08-31 07:47:24.541585,UNK C/S,57-1461,1557,28025,24.9,53.5,KC-135R Stratotanker,83,426,0,False,mode_s
ae123b,2026-08-31 07:47:24.541588,RCH197,04-4130,7422,33000,35.6,29.5,C-17A Globemaster,,,,False,mode_s
afa175,2026-08-31 07:47:24.541597,FLYER63,19-46111,3276,27975,28.4,48.2,KC-46A Pegasus,,,,False,mode_s
ae5e12,2026-08-31 07:47:24.541602,FLYER59,17-46037,1530,22525,22.1,59.8,KC-46A Pegasus,,,,False,mode_s
afde25,2026-08-31 07:47:24.541607,UNK C/S,,3301,25000,36.9,-124.7,E-6B TACAMO,,,,False,mode_s
ae1197,2026-08-31 07:48:24.883810,RCH3260,03-3114,4044,17975,39.009796,-120.707504,C-17A Globemaster,255,409,-2112,False,adsb_icao
ae2fb0,2026-08-31 07:48:24.883829,RCH163,08-8204,5623,29000,40.425262,-71.697166,C-17A Globemaster,56,479,0,False,mlat
ae10b8,2026-08-31 07:48:24.883835,ELVIS63,01-0189,1000,35000,52.928009,7.65213,C-17A Globemaster,115,474,0,False,adsb_icao
87cd02,2026-08-31 07:48:24.883851,HARGR52,24-3612,4665,22000,35.448166,133.298492,KC-46A Pegasus,327,410,0,False,adsb_icao
87cdf4,2026-08-31 07:48:24.883855,HARGR51,54-3616,5330,10100,35.648586,133.823471,KC-46A Pegasus,229,286,-64,False,adsb_icao
87cc0a,2026-08-31 07:48:24.883860,GALOP62,07-3604,2256,4800,35.193771,136.888962,KC-46A Pegasus,317,258,1792,False,adsb_icao
ae07fd,2026-08-31 07:48:24.883866,RCH472,98-0051,3155,29625,37.450653,141.353104,C-17A Globemaster,224,399,-76,False,mlat
ae1453,2026-08-31 07:48:24.883877,TREK590,05-5149,3273,32000,34.8,132.5,C-17A Globemaster,,,,False,mode_s
ae5e11,2026-08-31 07:48:24.883881,UNK C/S,17-46036,3266,6350,26.2,51.4,KC-46A Pegasus,,,,False,mode_s
ae04dc,2026-08-31 07:48:24.883886,UNK C/S,57-1461,1557,28025,25.4,53.6,KC-135R Stratotanker,83,424,0,False,mode_s
ae123b,2026-08-31 07:48:24.883890,RCH197,04-4130,7422,33000,35.1,29.9,C-17A Globemaster,,,,False,mode_s
afa175,2026-08-31 07:48:24.883900,FLYER63,19-46111,3276,28025,28.4,48.2,KC-46A Pegasus,,,,False,mode_s
ae5e12,2026-08-31 07:48:24.883906,FLYER59,17-46037,1530,22525,22.4,60.0,KC-46A Pegasus,,,,False,mode_s
afde25,2026-08-31 07:48:24.883911,UNK C/S,,3301,25000,37.5,-124.5,E-6B TACAMO,,,,False,mode_s
ae1197,2026-08-31 07:49:25.311730,RCH3260,03-3114,4044,16150,38.981121,-120.847595,C-17A Globemaster,255,399,-832,False,adsb_icao
ae2fb0,2026-08-31 07:49:25.311750,RCH163,08-8204,5623,29000,40.503429,-71.543343,C-17A Globemaster,57,479,0,False,mlat
ae10b8,2026-08-31 07:49:25.311756,ELVIS63,01-0189,1000,35000,52.870605,7.850189,C-17A Globemaster,115,475,0,False,adsb_icao
87cd02,2026-08-31 07:49:25.311772,HARGR52,24-3612,4665,22025,35.557949,133.263107,KC-46A Pegasus,4,428,64,False,adsb_icao
87cdf4,2026-08-31 07:49:25.311775,HARGR51,54-3616,5330,10100,35.594959,133.746979,KC-46A Pegasus,229,283,64,False,adsb_icao
87cc0a,2026-08-31 07:49:25.311780,GALOP62,07-3604,2256,7425,35.255493,136.830261,KC-46A Pegasus,322,284,2880,False,adsb_icao
ae07fd,2026-08-31 07:49:25.311787,RCH472,98-0051,3155,27350,37.358398,141.216064,C-17A Globemaster,228,423,-2309,False,mlat
ae1453,2026-08-31 07:49:25.311798,TREK590,05-5149,3273,32000,34.8,132.4,C-17A Globemaster,,,,False,mode_s
ae5e11,2026-08-31 07:49:25.311802,UNK C/S,17-46036,3266,6325,26.3,51.3,KC-46A Pegasus,,,,False,mode_s
ae04dc,2026-08-31 07:49:25.311806,UNK C/S,57-1461,1557,28025,24.9,53.8,KC-135R Stratotanker,83,424,0,False,mode_s
ae123b,2026-08-31 07:49:25.311810,RCH197,04-4130,7422,33000,35.9,29.5,C-17A Globemaster,,,,False,mode_s
afa175,2026-08-31 07:49:25.311820,FLYER63,19-46111,3276,28000,28.4,48.2,KC-46A Pegasus,,,,False,mode_s
ae5e12,2026-08-31 07:49:25.311825,FLYER59,17-46037,1530,22550,22.7,59.3,KC-46A Pegasus,,,,False,mode_s
afde25,2026-08-31 07:49:25.311830,UNK C/S,,3301,25000,37.0,-125.3,E-6B TACAMO,,,,False,mode_s
ae1197,2026-08-31 07:50:25.919829,RCH3260,03-3114,4044,15725,38.952347,-120.987175,C-17A Globemaster,255,403,-1792,False,adsb_icao
ae2fb0,2026-08-31 07:50:25.919849,RCH163,08-8204,5623,29000,40.582802,-71.388618,C-17A Globemaster,56,505,0,False,mlat
ae10b8,2026-08-31 07:50:25.919855,ELVIS63,01-0189,1000,35000,52.812817,8.048506,C-17A Globemaster,115,474,-32,False,adsb_icao
87cd02,2026-08-31 07:50:25.919871,HARGR52,24-3612,4665,22025,35.678146,133.274033,KC-46A Pegasus,4,426,0,False,adsb_icao
87cdf4,2026-08-31 07:50:25.919876,HARGR51,54-3616,5330,9175,35.543335,133.673859,KC-46A Pegasus,229,279,-1728,False,adsb_icao
87cc0a,2026-08-31 07:50:25.919881,GALOP62,07-3604,2256,10325,35.319229,136.769852,KC-46A Pegasus,321,292,2688,False,adsb_icao
ae07fd,2026-08-31 07:50:25.919887,RCH472,98-0051,3155,25225,37.272739,141.092117,C-17A Globemaster,230,418,-2004,False,mlat
ae07db,2026-08-31 07:50:25.919899,RCH161,93-0601,0636,2850,49.7,6.0,C-17A Globemaster,,,,False,mode_s
ae1453,2026-08-31 07:50:25.919905,TREK590,05-5149,3273,32000,34.6,131.5,C-17A Globemaster,,,,False,mode_s
ae5e11,2026-08-31 07:50:25.919908,UNK C/S,17-46036,3266,6350,26.4,51.0,KC-46A Pegasus,,,,False,mode_s
ae04dc,2026-08-31 07:50:25.919913,UNK C/S,57-1461,1557,28000,25.8,53.6,KC-135R Stratotanker,83,422,-32,False,mode_s
ae123b,2026-08-31 07:50:25.919916,RCH197,04-4130,7422,33000,35.8,29.5,C-17A Globemaster,,,,False,mode_s
afa175,2026-08-31 07:50:25.919924,FLYER63,19-46111,3276,28000,28.4,48.2,KC-46A Pegasus,,,,False,mode_s
ae5e12,2026-08-31 07:50:25.919929,FLYER59,17-46037,1530,22525,23.0,58.8,KC-46A Pegasus,,,,False,mode_s
afde25,2026-08-31 07:50:25.919934,UNK C/S,,3301,25000,37.0,-124.3,E-6B TACAMO,,,,False,mode_s
ae1197,2026-08-31 07:51:26.374214,RCH3260,03-3114,4044,13775,38.92392,-121.123909,C-17A Globemaster,254,389,-2112,False,adsb_icao
ae2fb0,2026-08-31 07:51:26.374234,RCH163,08-8204,5623,29000,40.669163,-71.225555,C-17A Globemaster,57,520,0,False,mlat
ae07db,2026-08-31 07:51:26.374240,RCH161,93-0601,0636,4000,49.891247,6.601666,C-17A Globemaster,217,238,1600,False,mlat
ae10b8,2026-08-31 07:51:26.374245,ELVIS63,01-0189,1000,35000,52.755554,8.243042,C-17A Globemaster,115,469,0,False,adsb_icao
87cd02,2026-08-31 07:51:26.374262,HARGR52,24-3612,4665,22000,35.793961,133.285446,KC-46A Pegasus,4,425,-32,False,adsb_icao
87cdf4,2026-08-31 07:51:26.374265,HARGR51,54-3616,5330,8050,35.503876,133.59404,KC-46A Pegasus,246,274,-640,False,adsb_icao
87cc0a,2026-08-31 07:51:26.374270,GALOP62,07-3604,2256,12025,35.390259,136.701111,KC-46A Pegasus,321,345,2368,False,adsb_icao
ae07fd,2026-08-31 07:51:26.374276,RCH472,98-0051,3155,23275,37.192635,140.978973,C-17A Globemaster,230,436,-2031,False,mlat
ae1453,2026-08-31 07:51:26.374288,TREK590,05-5149,3273,32000,34.8,132.3,C-17A Globemaster,,,,False,mode_s
ae5e11,2026-08-31 07:51:26.374292,UNK C/S,17-46036,3266,6350,26.7,50.7,KC-46A Pegasus,,,,False,mode_s
ae04dc,2026-08-31 07:51:26.374297,UNK C/S,57-1461,1557,28025,24.8,53.8,KC-135R Stratotanker,13,418,0,False,mode_s
ae123b,2026-08-31 07:51:26.374300,RCH197,04-4130,7422,33000,36.5,29.0,C-17A Globemaster,,,,False,mode_s
afa175,2026-08-31 07:51:26.374308,FLYER63,19-46111,3276,27450,28.4,48.2,KC-46A Pegasus,,,,False,mode_s
ae5e12,2026-08-31 07:51:26.374312,FLYER59,17-46037,1530,22525,22.7,59.3,KC-46A Pegasus,,,,False,mode_s
afde25,2026-08-31 07:51:26.374317,UNK C/S,,3301,25000,36.8,-124.9,E-6B TACAMO,,,,False,mode_s
afde25,2026-08-31 07:52:26.889098,UNK C/S,,3301,25000,39.071087,-125.089333,E-6B TACAMO,,,0,False,mlat
ae1197,2026-08-31 07:52:26.889117,RCH3260,03-3114,4044,12125,38.895977,-121.257019,C-17A Globemaster,255,375,-448,False,adsb_icao
ae2fb0,2026-08-31 07:52:26.889124,RCH163,08-8204,5623,29000,40.742249,-71.072166,C-17A Globemaster,57,524,0,False,mlat
ae07db,2026-08-31 07:52:26.889130,RCH161,93-0601,0636,6025,49.896206,6.495086,C-17A Globemaster,282,250,2112,False,mlat
ae10b8,2026-08-31 07:52:26.889134,ELVIS63,01-0189,1000,35000,52.698112,8.436872,C-17A Globemaster,116,470,-128,False,adsb_icao
87cd02,2026-08-31 07:52:26.889153,HARGR52,24-3612,4665,22000,35.915096,133.297241,KC-46A Pegasus,4,423,-32,False,adsb_icao
87cdf4,2026-08-31 07:52:26.889157,HARGR51,54-3616,5330,7250,35.474716,133.509003,KC-46A Pegasus,247,269,-512,False,adsb_icao
87cc0a,2026-08-31 07:52:26.889162,GALOP62,07-3604,2256,14475,35.459015,136.617615,KC-46A Pegasus,291,356,2240,False,adsb_icao
ae07fd,2026-08-31 07:52:26.889168,RCH472,98-0051,3155,21175,37.111439,140.863541,C-17A Globemaster,230,440,-1988,False,mlat
ae1453,2026-08-31 07:52:26.889179,TREK590,05-5149,3273,32000,34.7,131.3,C-17A Globemaster,,,,False,mode_s
ae5e11,2026-08-31 07:52:26.889184,UNK C/S,17-46036,3266,6350,28.4,48.2,KC-46A Pegasus,,,,False,mode_s
ae04dc,2026-08-31 07:52:26.889188,UNK C/S,57-1461,1557,28000,25.4,53.6,KC-135R Stratotanker,308,420,32,False,mode_s
ae123b,2026-08-31 07:52:26.889191,RCH197,04-4130,7422,33000,36.4,28.9,C-17A Globemaster,,,,False,mode_s
afa175,2026-08-31 07:52:26.889201,FLYER63,19-46111,3276,26000,28.4,48.2,KC-46A Pegasus,,,,False,mode_s
ae5e12,2026-08-31 07:52:26.889206,FLYER59,17-46037,1530,22525,22.7,59.3,KC-46A Pegasus,,,,False,mode_s
