hex,callsign,datetime,operator,tail number,squawk,altitude,latitude,longitude,type,heading,ground speed,degraded
ae07ea,RCH312,2025-06-17 09:13:56.732500,United States Air Force,95-0107,5143,33000,54.414493,-4.227805,C-17A Globemaster,311,427,False
896c2b,UAF1225,2025-06-17 09:13:56.732528,United Arab Emirates Air Force,1223,1000,34000,44.995058,7.510205,C-17A Globemaster,303,486,False
ae2fad,RCH263,2025-06-17 09:13:56.732534,United States Air Force,08-8201,7651,9125,49.510455,7.928188,C-17A Globemaster,119,298,False
ae0687,RCH038,2025-06-17 09:13:56.732540,,60-0349,3457,35000,50.690426,8.277948,KC-135R Stratotanker,115,492,False
ae63b8,GOLD81,2025-06-17 09:13:56.732548,,20-46076,6637,30000,50.105809,11.407987,KC-46A Pegasus,265,503,False
477ff2,BRK60,2025-06-17 09:13:56.732553,SAC Heavy Airlift Wing,02,2542,35000,48.705744,13.3627,C-17A Globemaster,119,421,False
ae1235,RCH579,2025-06-17 09:13:56.732558,United States Air Force,03-3124,2351,34000,43.249613,13.647314,C-17A Globemaster,,,False
ae5e0c,GOLD52,2025-06-17 09:13:56.732568,,17-46031,6016,29025,43.5,24.7,KC-46A Pegasus,,,True
ae63b6,GOLD91,2025-06-17 09:13:56.732577,,20-46074,0456,30000,43.8,24.1,KC-46A Pegasus,336,484,True
ae05b1,UNKNOWN CALLSIGN,2025-06-17 09:13:56.732582,,63-8878,1222,36050,35.9,16.0,KC-135R Stratotanker,,,True
ae023d,RCH037,2025-06-17 09:13:56.732589,,58-0121,2160,35000,46.8,21.5,KC-135R Stratotanker,133,498,True
ae0386,UNKNOWN CALLSIGN,2025-06-17 09:13:56.732593,,59-1468,5307,36025,37.1,15.6,KC-135R Stratotanker,,,True
ae035c,UNKNOWN CALLSIGN,2025-06-17 09:13:56.732597,,58-0062,5301,27025,35.3,20.3,KC-135R Stratotanker,,,True
ae0650,UNKNOWN CALLSIGN,2025-06-17 09:13:56.732601,,58-0049,5305,26000,37.0,16.7,KC-135R Stratotanker,,,True
ae0659,UNKNOWN CALLSIGN,2025-06-17 09:13:56.732605,,59-1464,1233,27000,37.0,16.7,KC-135R Stratotanker,,,True
ae0391,RCH035,2025-06-17 09:13:56.732609,,63-8039,4623,34950,43.4,25.4,KC-135R Stratotanker,142,478,True
adff0c,UNKNOWN CALLSIGN,2025-06-17 09:13:56.732613,,60-0335,0215,27025,37.0,16.7,KC-135R Stratotanker,106,488,True
ae05a5,UNKNOWN CALLSIGN,2025-06-17 09:13:56.732620,,62-3508,5171,25400,44.6,13.3,KC-135R Stratotanker,62,432,True
ae5fa6,GOLD42,2025-06-17 09:13:56.732625,,21-46059,7016,31000,39.9,23.3,KC-46A Pegasus,,,True
ae07ea,RCH312,2025-06-17 09:14:57.503714,United States Air Force,95-0107,5143,33000,54.466281,-4.329809,C-17A Globemaster,307,342,False
896c2b,UAF1225,2025-06-17 09:14:57.503739,United Arab Emirates Air Force,1223,1000,34000,45.073993,7.366306,C-17A Globemaster,312,450,False
ae2fad,RCH263,2025-06-17 09:14:57.503746,United States Air Force,08-8201,7651,10900,49.500202,8.050264,C-17A Globemaster,77,347,False
ae0687,RCH038,2025-06-17 09:14:57.503751,,60-0349,3457,35000,50.626867,8.475648,KC-135R Stratotanker,115,490,False
ae63b8,GOLD81,2025-06-17 09:14:57.503758,,20-46076,6637,27850,50.093498,11.2416,KC-46A Pegasus,264,484,False
477ff2,BRK60,2025-06-17 09:14:57.503764,SAC Heavy Airlift Wing,02,2542,35000,48.648578,13.516002,C-17A Globemaster,119,420,False
ae5e0c,GOLD52,2025-06-17 09:14:57.503775,,17-46031,6016,29000,43.4,23.9,KC-46A Pegasus,,,True
ae63b6,GOLD91,2025-06-17 09:14:57.503784,,20-46074,0456,30000,43.9,24.2,KC-46A Pegasus,336,484,True
ae05b1,UNKNOWN CALLSIGN,2025-06-17 09:14:57.503789,,63-8878,1222,36050,37.0,14.5,KC-135R Stratotanker,,,True
ae023d,RCH037,2025-06-17 09:14:57.503796,,58-0121,2160,35000,46.7,21.5,KC-135R Stratotanker,134,496,True
ae0386,UNKNOWN CALLSIGN,2025-06-17 09:14:57.503800,,59-1468,5307,36025,37.1,15.6,KC-135R Stratotanker,,,True
ae035c,UNKNOWN CALLSIGN,2025-06-17 09:14:57.503805,,58-0062,5301,27025,38.0,24.7,KC-135R Stratotanker,,,True
ae0650,UNKNOWN CALLSIGN,2025-06-17 09:14:57.503809,,58-0049,5305,26000,36.1,16.0,KC-135R Stratotanker,,,True
ae0659,UNKNOWN CALLSIGN,2025-06-17 09:14:57.503813,,59-1464,1233,27000,36.1,16.0,KC-135R Stratotanker,,,True
ae1235,RCH579,2025-06-17 09:14:57.503818,United States Air Force,03-3124,2351,34000,44.1,13.6,C-17A Globemaster,,,True
ae0391,RCH035,2025-06-17 09:14:57.503822,,63-8039,4623,34950,43.1,26.3,KC-135R Stratotanker,142,480,True
adff0c,UNKNOWN CALLSIGN,2025-06-17 09:14:57.503827,,60-0335,0215,27000,37.0,17.1,KC-135R Stratotanker,106,492,True
ae05a5,UNKNOWN CALLSIGN,2025-06-17 09:14:57.503834,,62-3508,5171,25675,44.5,13.4,KC-135R Stratotanker,342,460,True
ae5fa6,GOLD42,2025-06-17 09:14:57.503839,,21-46059,7016,31000,39.9,23.3,KC-46A Pegasus,,,True
ae07ea,RCH312,2025-06-17 09:15:58.275321,United States Air Force,95-0107,5143,33000,54.541072,-4.477788,C-17A Globemaster,309,349,False
896c2b,UAF1225,2025-06-17 09:15:58.275345,United Arab Emirates Air Force,1223,1000,34000,45.159482,7.200527,C-17A Globemaster,304,488,False
ae2fad,RCH263,2025-06-17 09:15:58.275351,United States Air Force,08-8201,7651,11825,49.51985,8.207883,C-17A Globemaster,79,401,False
ae0687,RCH038,2025-06-17 09:15:58.275357,,60-0349,3457,35000,50.570706,8.666659,KC-135R Stratotanker,115,490,False
ae63b8,GOLD81,2025-06-17 09:15:58.275364,,20-46076,6637,24700,50.080898,11.0164,KC-46A Pegasus,264,484,False
477ff2,BRK60,2025-06-17 09:15:58.275370,SAC Heavy Airlift Wing,02,2542,35000,48.59024,13.671852,C-17A Globemaster,119,420,False
ae5e0c,GOLD52,2025-06-17 09:15:58.275379,,17-46031,6016,29025,43.3,25.7,KC-46A Pegasus,,,True
ae63b6,GOLD91,2025-06-17 09:15:58.275389,,20-46074,0456,30000,44.6,24.2,KC-46A Pegasus,336,484,True
ae05b1,UNKNOWN CALLSIGN,2025-06-17 09:15:58.275394,,63-8878,1222,36050,37.0,14.5,KC-135R Stratotanker,,,True
ae023d,RCH037,2025-06-17 09:15:58.275402,,58-0121,2160,35000,46.9,21.2,KC-135R Stratotanker,134,494,True
ae0386,UNKNOWN CALLSIGN,2025-06-17 09:15:58.275407,,59-1468,5307,36025,37.0,16.9,KC-135R Stratotanker,,,True
ae035c,UNKNOWN CALLSIGN,2025-06-17 09:15:58.275411,,58-0062,5301,27000,35.3,20.3,KC-135R Stratotanker,,,True
ae0650,UNKNOWN CALLSIGN,2025-06-17 09:15:58.275416,,58-0049,5305,27000,36.1,16.0,KC-135R Stratotanker,,,True
ae0659,UNKNOWN CALLSIGN,2025-06-17 09:15:58.275420,,59-1464,1233,27000,37.0,16.9,KC-135R Stratotanker,,,True
ae1235,RCH579,2025-06-17 09:15:58.275425,United States Air Force,03-3124,2351,34000,44.0,13.7,C-17A Globemaster,,,True
ae0391,RCH035,2025-06-17 09:15:58.275429,,63-8039,4623,34950,43.2,26.1,KC-135R Stratotanker,142,480,True
adff0c,UNKNOWN CALLSIGN,2025-06-17 09:15:58.275434,,60-0335,0215,27075,37.0,16.9,KC-135R Stratotanker,110,494,True
ae05a5,UNKNOWN CALLSIGN,2025-06-17 09:15:58.275441,,62-3508,5171,26000,44.1,13.6,KC-135R Stratotanker,266,484,True
ae5fa6,GOLD42,2025-06-17 09:15:58.275446,,21-46059,7016,31000,38.0,24.7,KC-46A Pegasus,,,True
ae07ea,RCH312,2025-06-17 09:16:59.252707,United States Air Force,95-0107,5143,33000,54.622279,-4.639079,C-17A Globemaster,311,396,False
896c2b,UAF1225,2025-06-17 09:16:59.252731,United Arab Emirates Air Force,1223,1000,34000,45.20781,7.02539,C-17A Globemaster,286,450,False
ae2fad,RCH263,2025-06-17 09:16:59.252738,United States Air Force,08-8201,7651,14275,49.535099,8.329,C-17A Globemaster,79,405,False
ae0687,RCH038,2025-06-17 09:16:59.252743,,60-0349,3457,35000,50.506533,8.874466,KC-135R Stratotanker,115,490,False
ae63b8,GOLD81,2025-06-17 09:16:59.252750,,20-46076,6637,22525,50.066502,10.7867,KC-46A Pegasus,264,477,False
477ff2,BRK60,2025-06-17 09:16:59.252756,SAC Heavy Airlift Wing,02,2542,35000,48.532058,13.826294,C-17A Globemaster,119,420,False
ae05a5,UNKNOWN CALLSIGN,2025-06-17 09:16:59.252766,,62-3508,5171,25975,44.3,13.4,KC-135R Stratotanker,263,500,True
ae0659,UNKNOWN CALLSIGN,2025-06-17 09:16:59.252771,,59-1464,1233,26975,37.0,16.1,KC-135R Stratotanker,,,True
adff0c,UNKNOWN CALLSIGN,2025-06-17 09:16:59.252778,,60-0335,0215,27000,37.0,16.1,KC-135R Stratotanker,111,496,True
ae5e0c,GOLD52,2025-06-17 09:16:59.252785,,17-46031,6016,29000,43.2,26.1,KC-46A Pegasus,,,True
ae05b1,UNKNOWN CALLSIGN,2025-06-17 09:16:59.252790,,63-8878,1222,36050,37.0,14.5,KC-135R Stratotanker,,,True
ae0386,UNKNOWN CALLSIGN,2025-06-17 09:16:59.252794,,59-1468,5307,36025,37.0,16.1,KC-135R Stratotanker,,,True
ae023d,RCH037,2025-06-17 09:16:59.252799,,58-0121,2160,35000,46.6,21.9,KC-135R Stratotanker,134,494,True
ae1235,RCH579,2025-06-17 09:16:59.252803,United States Air Force,03-3124,2351,34000,44.7,13.5,C-17A Globemaster,,,True
ae63b6,GOLD91,2025-06-17 09:16:59.252811,,20-46074,0456,30000,44.9,24.1,KC-46A Pegasus,336,482,True
ae0391,RCH035,2025-06-17 09:16:59.252816,,63-8039,4623,34950,43.4,25.3,KC-135R Stratotanker,142,482,True
ae035c,UNKNOWN CALLSIGN,2025-06-17 09:16:59.252821,,58-0062,5301,27000,35.3,20.3,KC-135R Stratotanker,,,True
ae5fa6,GOLD42,2025-06-17 09:16:59.252826,,21-46059,7016,31000,38.5,22.9,KC-46A Pegasus,,,True
ae0650,UNKNOWN CALLSIGN,2025-06-17 09:16:59.252831,,58-0049,5305,26000,37.0,16.1,KC-135R Stratotanker,,,True
ae07ea,RCH312,2025-06-17 09:18:21.963500,United States Air Force,95-0107,5143,33525,54.683273,-4.766172,C-17A Globemaster,310,379,False
ae2fad,RCH263,2025-06-17 09:18:21.963527,United States Air Force,08-8201,7651,16700,49.559968,8.543659,C-17A Globemaster,81,407,False
ae0687,RCH038,2025-06-17 09:18:21.963534,,60-0349,3457,35000,50.448428,9.062771,KC-135R Stratotanker,115,488,False
ae63b8,GOLD81,2025-06-17 09:18:21.963541,,20-46076,6637,22025,50.05082,10.550703,KC-46A Pegasus,264,452,False
ae1235,RCH579,2025-06-17 09:18:21.963547,United States Air Force,03-3124,2351,34000,43.790844,13.283784,C-17A Globemaster,,,False
477ff2,BRK60,2025-06-17 09:18:21.963552,SAC Heavy Airlift Wing,02,2542,34025,48.452407,14.036263,C-17A Globemaster,119,423,False
ae5e0c,GOLD52,2025-06-17 09:18:21.963561,,17-46031,6016,29000,43.4,24.2,KC-46A Pegasus,,,True
ae63b6,GOLD91,2025-06-17 09:18:21.963569,,20-46074,0456,30000,45.0,24.1,KC-46A Pegasus,336,482,True
ae05b1,UNKNOWN CALLSIGN,2025-06-17 09:18:21.963574,,63-8878,1222,36050,37.0,14.5,KC-135R Stratotanker,,,True
ae023d,RCH037,2025-06-17 09:18:21.963582,,58-0121,2160,35000,48.0,18.6,KC-135R Stratotanker,134,496,True
ae0386,UNKNOWN CALLSIGN,2025-06-17 09:18:21.963586,,59-1468,5307,36025,37.0,16.1,KC-135R Stratotanker,,,True
ae035c,UNKNOWN CALLSIGN,2025-06-17 09:18:21.963590,,58-0062,5301,27025,35.3,20.3,KC-135R Stratotanker,,,True
896c2b,UAF1225,2025-06-17 09:18:21.963595,United Arab Emirates Air Force,1223,1000,34000,46.0,6.6,C-17A Globemaster,,,True
ae0650,UNKNOWN CALLSIGN,2025-06-17 09:18:21.963599,,58-0049,5305,26000,37.0,16.3,KC-135R Stratotanker,,,True
ae0659,UNKNOWN CALLSIGN,2025-06-17 09:18:21.963603,,59-1464,1233,27000,36.0,16.0,KC-135R Stratotanker,,,True
ae0391,RCH035,2025-06-17 09:18:21.963608,,63-8039,4623,34950,43.5,23.9,KC-135R Stratotanker,142,480,True
adff0c,UNKNOWN CALLSIGN,2025-06-17 09:18:21.963612,,60-0335,0215,27025,37.0,16.3,KC-135R Stratotanker,112,494,True
ae05a5,UNKNOWN CALLSIGN,2025-06-17 09:18:21.963619,,62-3508,5171,25975,44.4,13.4,KC-135R Stratotanker,259,484,True
ae5fa6,GOLD42,2025-06-17 09:18:21.963625,,21-46059,7016,31000,38.0,24.4,KC-46A Pegasus,,,True
ae07ea,RCH312,2025-06-17 09:19:22.735389,United States Air Force,95-0107,5143,34525,54.772401,-4.946716,C-17A Globemaster,310,384,False
896c2b,UAF1225,2025-06-17 09:19:22.735421,United Arab Emirates Air Force,1223,1000,34025,45.291115,6.687401,C-17A Globemaster,286,485,False
ae2fad,RCH263,2025-06-17 09:19:22.735430,United States Air Force,08-8201,7651,18600,49.582199,8.7291,C-17A Globemaster,79,441,False
ae0687,RCH038,2025-06-17 09:19:22.735438,,60-0349,3457,35000,50.361025,9.338173,KC-135R Stratotanker,116,488,False
ae63b8,GOLD81,2025-06-17 09:19:22.735446,,20-46076,6637,22025,50.035301,10.3461,KC-46A Pegasus,264,465,False
ae1235,RCH579,2025-06-17 09:19:22.735453,United States Air Force,03-3124,2351,34000,43.949754,13.171125,C-17A Globemaster,331,450,False
477ff2,BRK60,2025-06-17 09:19:22.735461,SAC Heavy Airlift Wing,02,2542,33025,48.392401,14.193179,C-17A Globemaster,119,424,False
ae05a5,UNKNOWN CALLSIGN,2025-06-17 09:19:22.735473,,62-3508,5171,26000,44.6,13.2,KC-135R Stratotanker,206,450,True
ae0659,UNKNOWN CALLSIGN,2025-06-17 09:19:22.735480,,59-1464,1233,27000,37.0,16.7,KC-135R Stratotanker,,,True
adff0c,UNKNOWN CALLSIGN,2025-06-17 09:19:22.735489,,60-0335,0215,27050,37.0,16.7,KC-135R Stratotanker,114,492,True
ae5e0c,GOLD52,2025-06-17 09:19:22.735499,,17-46031,6016,29025,43.2,23.7,KC-46A Pegasus,,,True
ae05b1,UNKNOWN CALLSIGN,2025-06-17 09:19:22.735505,,63-8878,1222,36050,37.1,15.6,KC-135R Stratotanker,,,True
ae0386,UNKNOWN CALLSIGN,2025-06-17 09:19:22.735510,,59-1468,5307,36025,37.0,16.7,KC-135R Stratotanker,,,True
ae023d,RCH037,2025-06-17 09:19:22.735515,,58-0121,2160,35025,46.1,22.9,KC-135R Stratotanker,139,492,True
ae63b6,GOLD91,2025-06-17 09:19:22.735523,,20-46074,0456,30000,45.3,24.1,KC-46A Pegasus,342,484,True
ae0391,RCH035,2025-06-17 09:19:22.735529,,63-8039,4623,34950,43.3,25.0,KC-135R Stratotanker,143,480,True
ae035c,UNKNOWN CALLSIGN,2025-06-17 09:19:22.735534,,58-0062,5301,27000,35.3,20.3,KC-135R Stratotanker,,,True
ae5fa6,GOLD42,2025-06-17 09:19:22.735540,,21-46059,7016,31000,38.5,22.9,KC-46A Pegasus,,,True
ae0650,UNKNOWN CALLSIGN,2025-06-17 09:19:22.735545,,58-0049,5305,26000,36.0,17.7,KC-135R Stratotanker,,,True
ae07ea,RCH312,2025-06-17 09:20:23.690349,United States Air Force,95-0107,5143,35000,54.838229,-5.081621,C-17A Globemaster,310,344,False
896c2b,UAF1225,2025-06-17 09:20:23.690383,United Arab Emirates Air Force,1223,1000,34000,45.32656,6.511225,C-17A Globemaster,287,439,False
ae2fad,RCH263,2025-06-17 09:20:23.690391,United States Air Force,08-8201,7651,20650,49.603199,8.9122,C-17A Globemaster,79,425,False
ae0687,RCH038,2025-06-17 09:20:23.690397,,60-0349,3457,35000,50.302781,9.526689,KC-135R Stratotanker,116,486,False
ae63b8,GOLD81,2025-06-17 09:20:23.690404,,20-46076,6637,22025,50.018002,10.1397,KC-46A Pegasus,248,458,False
ae1235,RCH579,2025-06-17 09:20:23.690412,United States Air Force,03-3124,2351,34000,44.051956,13.084369,C-17A Globemaster,329,499,False
ae05a5,UNKNOWN CALLSIGN,2025-06-17 09:20:23.690418,,62-3508,5171,26000,44.071287,13.572599,KC-135R Stratotanker,145,424,False
477ff2,BRK60,2025-06-17 09:20:23.690424,SAC Heavy Airlift Wing,02,2542,32025,48.332907,14.348145,C-17A Globemaster,119,434,False
ae0659,UNKNOWN CALLSIGN,2025-06-17 09:20:23.690436,,59-1464,1233,27425,36.0,17.6,KC-135R Stratotanker,,,True
adff0c,UNKNOWN CALLSIGN,2025-06-17 09:20:23.690445,,60-0335,0215,26975,37.0,14.5,KC-135R Stratotanker,117,494,True
ae5e0c,GOLD52,2025-06-17 09:20:23.690453,,17-46031,6016,29000,43.1,23.5,KC-46A Pegasus,,,True
ae05b1,UNKNOWN CALLSIGN,2025-06-17 09:20:23.690459,,63-8878,1222,36050,37.1,15.6,KC-135R Stratotanker,,,True
ae0386,UNKNOWN CALLSIGN,2025-06-17 09:20:23.690463,,59-1468,5307,35125,36.0,17.6,KC-135R Stratotanker,,,True
ae023d,RCH037,2025-06-17 09:20:23.690468,,58-0121,2160,35025,46.8,21.1,KC-135R Stratotanker,141,488,True
ae63b6,GOLD91,2025-06-17 09:20:23.690477,,20-46074,0456,30025,45.5,24.0,KC-46A Pegasus,348,486,True
ae0391,RCH035,2025-06-17 09:20:23.690482,,63-8039,4623,34950,43.1,25.3,KC-135R Stratotanker,143,480,True
ae035c,UNKNOWN CALLSIGN,2025-06-17 09:20:23.690486,,58-0062,5301,27025,35.3,20.3,KC-135R Stratotanker,,,True
ae5fa6,GOLD42,2025-06-17 09:20:23.690493,,21-46059,7016,31000,39.9,23.3,KC-46A Pegasus,,,True
ae0650,UNKNOWN CALLSIGN,2025-06-17 09:20:23.690497,,58-0049,5305,26000,37.0,16.7,KC-135R Stratotanker,,,True
ae07ea,RCH312,2025-06-17 09:21:24.597359,United States Air Force,95-0107,5143,35000,54.905987,-5.2216,C-17A Globemaster,309,337,False
896c2b,UAF1225,2025-06-17 09:21:24.597385,United Arab Emirates Air Force,1223,1000,34000,45.354235,6.362783,C-17A Globemaster,285,460,False
ae2fad,RCH263,2025-06-17 09:21:24.597391,United States Air Force,08-8201,7651,22425,49.627571,9.124369,C-17A Globemaster,82,453,False
ae0687,RCH038,2025-06-17 09:21:24.597396,,60-0349,3457,35000,50.244287,9.716776,KC-135R Stratotanker,116,486,False
ae63b8,GOLD81,2025-06-17 09:21:24.597401,,20-46076,6637,22000,49.962281,9.903159,KC-46A Pegasus,252,470,False
ae1235,RCH579,2025-06-17 09:21:24.597407,United States Air Force,03-3124,2351,33525,44.156421,13.007894,C-17A Globemaster,332,451,False
ae05a5,UNKNOWN CALLSIGN,2025-06-17 09:21:24.597412,,62-3508,5171,26000,43.982981,13.645823,KC-135R Stratotanker,89,426,False
477ff2,BRK60,2025-06-17 09:21:24.597416,SAC Heavy Airlift Wing,02,2542,31050,48.271225,14.507728,C-17A Globemaster,120,439,False
ae5e0c,GOLD52,2025-06-17 09:21:24.597424,,17-46031,6016,29025,43.1,23.5,KC-46A Pegasus,,,True
ae63b6,GOLD91,2025-06-17 09:21:24.597433,,20-46074,0456,30000,45.5,24.0,KC-46A Pegasus,348,486,True
ae05b1,UNKNOWN CALLSIGN,2025-06-17 09:21:24.597437,,63-8878,1222,36050,37.0,14.5,KC-135R Stratotanker,,,True
ae023d,RCH037,2025-06-17 09:21:24.597445,,58-0121,2160,35000,45.9,23.2,KC-135R Stratotanker,141,486,True
ae0386,UNKNOWN CALLSIGN,2025-06-17 09:21:24.597449,,59-1468,5307,32250,36.0,17.6,KC-135R Stratotanker,,,True
ae035c,UNKNOWN CALLSIGN,2025-06-17 09:21:24.597452,,58-0062,5301,27000,35.3,20.3,KC-135R Stratotanker,,,True
ae0650,UNKNOWN CALLSIGN,2025-06-17 09:21:24.597456,,58-0049,5305,26000,36.0,17.7,KC-135R Stratotanker,,,True
ae0659,UNKNOWN CALLSIGN,2025-06-17 09:21:24.597460,,59-1464,1233,27975,36.0,17.6,KC-135R Stratotanker,,,True
ae0391,RCH035,2025-06-17 09:21:24.597464,,63-8039,4623,34950,43.2,25.8,KC-135R Stratotanker,143,480,True
adff0c,UNKNOWN CALLSIGN,2025-06-17 09:21:24.597468,,60-0335,0215,27000,37.0,14.5,KC-135R Stratotanker,117,490,True
ae5fa6,GOLD42,2025-06-17 09:21:24.597476,,21-46059,7016,31000,38.5,22.9,KC-46A Pegasus,,,True
ae07ea,RCH312,2025-06-17 09:22:25.618821,United States Air Force,95-0107,5143,35000,54.97268,-5.357056,C-17A Globemaster,310,375,False
896c2b,UAF1225,2025-06-17 09:22:25.618847,United Arab Emirates Air Force,1223,1000,34000,45.376464,6.246392,C-17A Globemaster,286,434,False
ae2fad,RCH263,2025-06-17 09:22:25.618854,United States Air Force,08-8201,7651,24100,49.647805,9.307602,C-17A Globemaster,79,461,False
ae63b8,GOLD81,2025-06-17 09:22:25.618859,,20-46076,6637,22000,49.920009,9.713591,KC-46A Pegasus,251,436,False
ae0687,RCH038,2025-06-17 09:22:25.618864,,60-0349,3457,35000,50.179536,9.913158,KC-135R Stratotanker,116,486,False
ae1235,RCH579,2025-06-17 09:22:25.618870,United States Air Force,03-3124,2351,32500,44.26715,12.923634,C-17A Globemaster,333,455,False
477ff2,BRK60,2025-06-17 09:22:25.618875,SAC Heavy Airlift Wing,02,2542,30050,48.208427,14.669278,C-17A Globemaster,120,443,False
ae5e0c,GOLD52,2025-06-17 09:22:25.618883,,17-46031,6016,29025,43.0,23.3,KC-46A Pegasus,,,True
ae63b6,GOLD91,2025-06-17 09:22:25.618891,,20-46074,0456,30000,45.5,24.0,KC-46A Pegasus,348,486,True
ae05b1,UNKNOWN CALLSIGN,2025-06-17 09:22:25.618895,,63-8878,1222,36050,37.1,15.6,KC-135R Stratotanker,,,True
ae023d,RCH037,2025-06-17 09:22:25.618903,,58-0121,2160,35000,44.9,23.9,KC-135R Stratotanker,141,486,True
ae0386,UNKNOWN CALLSIGN,2025-06-17 09:22:25.618907,,59-1468,5307,29750,36.0,17.6,KC-135R Stratotanker,,,True
ae035c,UNKNOWN CALLSIGN,2025-06-17 09:22:25.618910,,58-0062,Unavailable,27000,35.3,20.3,KC-135R Stratotanker,,,True
ae0650,UNKNOWN CALLSIGN,2025-06-17 09:22:25.618914,,58-0049,5305,26000,36.0,17.6,KC-135R Stratotanker,,,True
ae0659,UNKNOWN CALLSIGN,2025-06-17 09:22:25.618918,,59-1464,1233,28000,36.0,17.6,KC-135R Stratotanker,,,True
ae0391,RCH035,2025-06-17 09:22:25.618923,,63-8039,4623,34950,43.2,25.6,KC-135R Stratotanker,161,476,True
adff0c,UNKNOWN CALLSIGN,2025-06-17 09:22:25.618927,,60-0335,0215,27050,37.0,14.5,KC-135R Stratotanker,118,488,True
ae05a5,UNKNOWN CALLSIGN,2025-06-17 09:22:25.618934,,62-3508,5171,26000,44.5,13.4,KC-135R Stratotanker,80,436,True
ae5fa6,GOLD42,2025-06-17 09:22:25.618940,,21-46059,7016,31000,38.5,22.9,KC-46A Pegasus,,,True
ae07ea,RCH312,2025-06-17 09:23:26.326304,United States Air Force,95-0107,5143,35000,55.041609,-5.503073,C-17A Globemaster,312,375,False
ae2fad,RCH263,2025-06-17 09:23:26.326332,United States Air Force,08-8201,7651,25575,49.6665,9.4729,C-17A Globemaster,79,443,False
ae63b8,GOLD81,2025-06-17 09:23:26.326338,,20-46076,6637,20500,49.8857,9.5516,KC-46A Pegasus,255,461,False
ae0687,RCH038,2025-06-17 09:23:26.326343,,60-0349,3457,35000,50.122135,10.096841,KC-135R Stratotanker,116,484,False
ae1235,RCH579,2025-06-17 09:23:26.326349,United States Air Force,03-3124,2351,31500,44.386546,12.832901,C-17A Globemaster,332,483,False
477ff2,BRK60,2025-06-17 09:23:26.326354,SAC Heavy Airlift Wing,02,2542,29050,48.144836,14.831955,C-17A Globemaster,120,449,False
ae05a5,UNKNOWN CALLSIGN,2025-06-17 09:23:26.326363,,62-3508,5171,26000,44.1,13.7,KC-135R Stratotanker,86,440,True
ae0659,UNKNOWN CALLSIGN,2025-06-17 09:23:26.326368,,59-1464,1233,29800,37.0,16.5,KC-135R Stratotanker,,,True
adff0c,UNKNOWN CALLSIGN,2025-06-17 09:23:26.326375,,60-0335,0215,27025,37.0,16.5,KC-135R Stratotanker,110,488,True
ae5e0c,GOLD52,2025-06-17 09:23:26.326381,,17-46031,6016,29025,43.4,24.0,KC-46A Pegasus,,,True
ae63b6,GOLD91,2025-06-17 09:23:26.326387,,20-46074,0456,30000,45.5,24.0,KC-46A Pegasus,349,484,True
ae05b1,UNKNOWN CALLSIGN,2025-06-17 09:23:26.326391,,63-8878,1222,36025,37.0,16.5,KC-135R Stratotanker,,,True
ae0386,UNKNOWN CALLSIGN,2025-06-17 09:23:26.326395,,59-1468,5307,27975,37.0,16.5,KC-135R Stratotanker,,,True
ae023d,RCH037,2025-06-17 09:23:26.326399,,58-0121,2160,35000,44.7,24.1,KC-135R Stratotanker,141,484,True
ae0391,RCH035,2025-06-17 09:23:26.326405,,63-8039,4623,34950,43.3,24.6,KC-135R Stratotanker,173,476,True
896c2b,UAF1225,2025-06-17 09:23:26.326410,United Arab Emirates Air Force,1223,1000,34000,46.6,5.3,C-17A Globemaster,,,True
ae035c,UNKNOWN CALLSIGN,2025-06-17 09:23:26.326414,,58-0062,5301,27000,35.3,20.3,KC-135R Stratotanker,,,True
ae5fa6,GOLD42,2025-06-17 09:23:26.326419,,21-46059,7016,31000,39.8,22.9,KC-46A Pegasus,,,True
ae0650,UNKNOWN CALLSIGN,2025-06-17 09:23:26.326423,,58-0049,5305,26000,37.0,16.5,KC-135R Stratotanker,,,True
ae07ea,RCH312,2025-06-17 09:24:27.553484,United States Air Force,95-0107,5143,35000,55.104444,-5.634819,C-17A Globemaster,310,393,False
896c2b,UAF1225,2025-06-17 09:24:27.553510,United Arab Emirates Air Force,1223,1000,34000,45.467365,5.798081,C-17A Globemaster,,,False
ae63b8,GOLD81,2025-06-17 09:24:27.553517,,20-46076,6637,20000,49.841067,9.341233,KC-46A Pegasus,251,443,False
ae2fad,RCH263,2025-06-17 09:24:27.553522,United States Air Force,08-8201,7651,27350,49.688202,9.6555,C-17A Globemaster,83,449,False
ae0687,RCH038,2025-06-17 09:24:27.553527,,60-0349,3457,35000,50.078736,10.299509,KC-135R Stratotanker,90,474,False
ae1235,RCH579,2025-06-17 09:24:27.553533,United States Air Force,03-3124,2351,29575,44.491014,12.749926,C-17A Globemaster,331,427,False
477ff2,BRK60,2025-06-17 09:24:27.553538,SAC Heavy Airlift Wing,02,2542,27825,48.080978,14.993935,C-17A Globemaster,120,451,False
ae05a5,UNKNOWN CALLSIGN,2025-06-17 09:24:27.553547,,62-3508,5171,26000,44.3,13.6,KC-135R Stratotanker,53,448,True
ae0659,UNKNOWN CALLSIGN,2025-06-17 09:24:27.553551,,59-1464,1233,31425,37.0,16.7,KC-135R Stratotanker,,,True
adff0c,UNKNOWN CALLSIGN,2025-06-17 09:24:27.553557,,60-0335,0215,26975,37.1,15.6,KC-135R Stratotanker,107,486,True
ae5e0c,GOLD52,2025-06-17 09:24:27.553563,,17-46031,6016,29025,43.6,24.2,KC-46A Pegasus,,,True
ae63b6,GOLD91,2025-06-17 09:24:27.553569,,20-46074,0456,30000,45.5,24.0,KC-46A Pegasus,319,470,True
ae05b1,UNKNOWN CALLSIGN,2025-06-17 09:24:27.553573,,63-8878,1222,36050,37.0,16.7,KC-135R Stratotanker,,,True
ae0386,UNKNOWN CALLSIGN,2025-06-17 09:24:27.553577,,59-1468,5307,26325,37.0,16.7,KC-135R Stratotanker,,,True
ae023d,RCH037,2025-06-17 09:24:27.553582,,58-0121,2160,35000,44.7,24.2,KC-135R Stratotanker,141,482,True
ae0391,RCH035,2025-06-17 09:24:27.553588,,63-8039,4623,34950,43.4,24.2,KC-135R Stratotanker,174,474,True
ae035c,UNKNOWN CALLSIGN,2025-06-17 09:24:27.553592,,58-0062,5301,27025,35.3,20.3,KC-135R Stratotanker,,,True
ae5fa6,GOLD42,2025-06-17 09:24:27.553597,,21-46059,7016,31000,39.8,22.9,KC-46A Pegasus,,,True
ae0650,UNKNOWN CALLSIGN,2025-06-17 09:24:27.553601,,58-0049,5305,26000,37.0,16.7,KC-135R Stratotanker,,,True
ae07ea,RCH312,2025-06-17 09:25:28.261287,United States Air Force,95-0107,5143,35000,55.173997,-5.783532,C-17A Globemaster,307,388,False
896c2b,UAF1225,2025-06-17 09:25:28.261315,United Arab Emirates Air Force,1223,1000,34000,45.49884,5.646572,C-17A Globemaster,,,False
ae63b8,GOLD81,2025-06-17 09:25:28.261322,,20-46076,6637,20025,49.802601,9.1698,KC-46A Pegasus,251,445,False
ae2fad,RCH263,2025-06-17 09:25:28.261327,United States Air Force,08-8201,7651,29025,49.704899,9.857,C-17A Globemaster,76,450,False
ae0687,RCH038,2025-06-17 09:25:28.261332,,60-0349,3457,35000,50.074455,10.487655,KC-135R Stratotanker,89,474,False
ae1235,RCH579,2025-06-17 09:25:28.261338,United States Air Force,03-3124,2351,27550,44.541672,12.713992,C-17A Globemaster,330,448,False
477ff2,BRK60,2025-06-17 09:25:28.261343,SAC Heavy Airlift Wing,02,2542,26250,48.01584,15.158457,C-17A Globemaster,120,453,False
ae5e0c,GOLD52,2025-06-17 09:25:28.261351,,17-46031,6016,29025,43.6,24.2,KC-46A Pegasus,,,True
ae05b1,UNKNOWN CALLSIGN,2025-06-17 09:25:28.261359,,63-8878,1222,36050,37.0,14.5,KC-135R Stratotanker,,,True
ae023d,RCH037,2025-06-17 09:25:28.261367,,58-0121,2160,35000,44.7,24.1,KC-135R Stratotanker,142,480,True
ae0386,UNKNOWN CALLSIGN,2025-06-17 09:25:28.261371,,59-1468,5307,26025,36.0,17.6,KC-135R Stratotanker,,,True
ae035c,UNKNOWN CALLSIGN,2025-06-17 09:25:28.261375,,58-0062,5301,27000,35.3,20.3,KC-135R Stratotanker,,,True
ae0650,UNKNOWN CALLSIGN,2025-06-17 09:25:28.261378,,58-0049,5305,26000,36.0,17.0,KC-135R Stratotanker,,,True
ae0659,UNKNOWN CALLSIGN,2025-06-17 09:25:28.261382,,59-1464,1233,32925,36.0,17.6,KC-135R Stratotanker,,,True
ae0391,RCH035,2025-06-17 09:25:28.261387,,63-8039,4623,34950,43.3,24.2,KC-135R Stratotanker,173,474,True
adff0c,UNKNOWN CALLSIGN,2025-06-17 09:25:28.261391,,60-0335,0215,27025,37.0,14.5,KC-135R Stratotanker,115,488,True
ae05a5,UNKNOWN CALLSIGN,2025-06-17 09:25:28.261398,,62-3508,5171,26000,44.5,13.4,KC-135R Stratotanker,337,474,True
ae63b6,GOLD91,2025-06-17 09:25:28.261403,,20-46074,0456,30000,45.5,24.0,KC-46A Pegasus,312,466,True
ae5fa6,GOLD42,2025-06-17 09:25:28.261408,,21-46059,7016,31025,38.5,22.9,KC-46A Pegasus,,,True
ae07ea,RCH312,2025-06-17 09:26:29.464456,United States Air Force,95-0107,5143,35000,55.249133,-5.939693,C-17A Globemaster,311,377,False
896c2b,UAF1225,2025-06-17 09:26:29.464487,United Arab Emirates Air Force,1223,1000,34000,45.549052,5.39754,C-17A Globemaster,,,False
ae63b8,GOLD81,2025-06-17 09:26:29.464495,,20-46076,6637,20000,49.756699,8.9722,KC-46A Pegasus,251,450,False
ae2fad,RCH263,2025-06-17 09:26:29.464500,United States Air Force,08-8201,7651,30800,49.727501,10.0616,C-17A Globemaster,78,430,False
ae0687,RCH038,2025-06-17 09:26:29.464505,,60-0349,3457,35000,50.062926,10.714769,KC-135R Stratotanker,101,478,False
477ff2,BRK60,2025-06-17 09:26:29.464512,SAC Heavy Airlift Wing,02,2542,24525,47.951294,15.320503,C-17A Globemaster,120,441,False
ae5e0c,GOLD52,2025-06-17 09:26:29.464520,,17-46031,6016,29000,43.7,24.3,KC-46A Pegasus,,,True
ae05b1,UNKNOWN CALLSIGN,2025-06-17 09:26:29.464527,,63-8878,1222,36050,37.1,15.6,KC-135R Stratotanker,,,True
ae023d,RCH037,2025-06-17 09:26:29.464535,,58-0121,2160,35000,44.4,23.9,KC-135R Stratotanker,142,480,True
ae035c,UNKNOWN CALLSIGN,2025-06-17 09:26:29.464539,,58-0062,5301,27000,35.3,20.3,KC-135R Stratotanker,,,True
ae0650,UNKNOWN CALLSIGN,2025-06-17 09:26:29.464543,,58-0049,5305,26000,36.0,17.3,KC-135R Stratotanker,,,True
ae1235,RCH579,2025-06-17 09:26:29.464548,United States Air Force,03-3124,2351,26025,44.9,13.2,C-17A Globemaster,,,True
ae0391,RCH035,2025-06-17 09:26:29.464552,,63-8039,4623,34950,43.3,24.8,KC-135R Stratotanker,173,472,True
adff0c,UNKNOWN CALLSIGN,2025-06-17 09:26:29.464556,,60-0335,0215,27000,37.0,14.5,KC-135R Stratotanker,115,490,True
ae05a5,UNKNOWN CALLSIGN,2025-06-17 09:26:29.464562,,62-3508,5171,26000,44.5,13.4,KC-135R Stratotanker,313,484,True
ae63b6,GOLD91,2025-06-17 09:26:29.464567,,20-46074,0456,30000,45.5,24.0,KC-46A Pegasus,312,466,True
ae5fa6,GOLD42,2025-06-17 09:26:29.464573,,21-46059,7016,31000,38.0,23.9,KC-46A Pegasus,,,True
ae07ea,RCH312,2025-06-17 09:27:30.167381,United States Air Force,95-0107,5143,34975,55.296919,-6.044648,C-17A Globemaster,309,362,False
896c2b,UAF1225,2025-06-17 09:27:30.167409,United Arab Emirates Air Force,1223,1000,34000,45.564592,5.294045,C-17A Globemaster,,,False
ae63b8,GOLD81,2025-06-17 09:27:30.167418,,20-46076,6637,17550,49.723301,8.8182,KC-46A Pegasus,250,467,False
ae2fad,RCH263,2025-06-17 09:27:30.167423,United States Air Force,08-8201,7651,31000,49.739201,10.1764,C-17A Globemaster,81,432,False
ae0687,RCH038,2025-06-17 09:27:30.167428,,60-0349,3457,35000,50.034661,10.914458,KC-135R Stratotanker,101,478,False
477ff2,BRK60,2025-06-17 09:27:30.167436,SAC Heavy Airlift Wing,02,2542,22800,47.888306,15.477608,C-17A Globemaster,120,435,False
ae05a5,UNKNOWN CALLSIGN,2025-06-17 09:27:30.167444,,62-3508,5171,26000,44.5,13.4,KC-135R Stratotanker,262,490,True
ae0659,UNKNOWN CALLSIGN,2025-06-17 09:27:30.167449,,59-1464,1233,33975,37.0,17.0,KC-135R Stratotanker,,,True
adff0c,UNKNOWN CALLSIGN,2025-06-17 09:27:30.167455,,60-0335,0215,27000,37.1,15.6,KC-135R Stratotanker,115,492,True
ae5e0c,GOLD52,2025-06-17 09:27:30.167461,,17-46031,6016,29025,43.7,24.3,KC-46A Pegasus,,,True
ae63b6,GOLD91,2025-06-17 09:27:30.167466,,20-46074,0456,30000,45.5,24.0,KC-46A Pegasus,312,468,True
ae05b1,UNKNOWN CALLSIGN,2025-06-17 09:27:30.167471,,63-8878,1222,36025,37.1,15.6,KC-135R Stratotanker,,,True
ae0386,UNKNOWN CALLSIGN,2025-06-17 09:27:30.167475,,59-1468,5307,26025,36.0,17.3,KC-135R Stratotanker,,,True
ae023d,RCH037,2025-06-17 09:27:30.167479,,58-0121,2160,35025,44.4,24.2,KC-135R Stratotanker,142,480,True
ae1235,RCH579,2025-06-17 09:27:30.167483,United States Air Force,03-3124,2351,26000,44.9,12.9,C-17A Globemaster,,,True
ae0391,RCH035,2025-06-17 09:27:30.167490,,63-8039,4623,34950,43.2,25.2,KC-135R Stratotanker,173,472,True
ae035c,UNKNOWN CALLSIGN,2025-06-17 09:27:30.167494,,58-0062,5301,27000,35.3,20.3,KC-135R Stratotanker,,,True
ae5fa6,GOLD42,2025-06-17 09:27:30.167499,,21-46059,7016,31000,38.5,22.9,KC-46A Pegasus,,,True
ae0650,UNKNOWN CALLSIGN,2025-06-17 09:27:30.167503,,58-0049,5305,26000,37.0,17.0,KC-135R Stratotanker,,,True
ae07ea,RCH312,2025-06-17 09:28:30.742095,United States Air Force,95-0107,5143,34975,55.374781,-6.212486,C-17A Globemaster,310,348,False
896c2b,UAF1225,2025-06-17 09:28:30.742124,United Arab Emirates Air Force,1223,1000,34000,45.60839,5.057708,C-17A Globemaster,285,450,False
ae63b8,GOLD81,2025-06-17 09:28:30.742132,,20-46076,6637,14625,49.682201,8.6412,KC-46A Pegasus,250,408,False
ae2fad,RCH263,2025-06-17 09:28:30.742137,United States Air Force,08-8201,7651,31150,49.765202,10.4209,C-17A Globemaster,80,424,False
ae0687,RCH038,2025-06-17 09:28:30.742142,,60-0349,3457,35000,50.004602,11.111826,KC-135R Stratotanker,102,478,False
ae1235,RCH579,2025-06-17 09:28:30.742148,United States Air Force,03-3124,2351,26000,44.886763,12.566824,C-17A Globemaster,346,457,False
477ff2,BRK60,2025-06-17 09:28:30.742153,SAC Heavy Airlift Wing,02,2542,21075,47.82637,15.631142,C-17A Globemaster,120,423,False
ae05a5,UNKNOWN CALLSIGN,2025-06-17 09:28:30.742161,,62-3508,5171,26000,44.5,13.4,KC-135R Stratotanker,253,490,True
ae0659,UNKNOWN CALLSIGN,2025-06-17 09:28:30.742166,,59-1464,1233,34025,37.0,16.7,KC-135R Stratotanker,,,True
adff0c,UNKNOWN CALLSIGN,2025-06-17 09:28:30.742172,,60-0335,0215,27000,36.0,17.3,KC-135R Stratotanker,105,492,True
ae5e0c,GOLD52,2025-06-17 09:28:30.742178,,17-46031,6016,29000,43.4,24.2,KC-46A Pegasus,,,True
ae63b6,GOLD91,2025-06-17 09:28:30.742183,,20-46074,0456,30000,45.5,24.0,KC-46A Pegasus,312,468,True
ae05b1,UNKNOWN CALLSIGN,2025-06-17 09:28:30.742187,,63-8878,1222,36050,37.1,15.6,KC-135R Stratotanker,,,True
ae0386,UNKNOWN CALLSIGN,2025-06-17 09:28:30.742191,,59-1468,5307,26025,37.0,16.7,KC-135R Stratotanker,,,True
ae023d,RCH037,2025-06-17 09:28:30.742195,,58-0121,2160,35000,44.4,24.2,KC-135R Stratotanker,142,480,True
ae0391,RCH035,2025-06-17 09:28:30.742202,,63-8039,4623,34950,43.1,25.5,KC-135R Stratotanker,173,472,True
ae5fa6,GOLD42,2025-06-17 09:28:30.742207,,21-46059,7016,31000,38.3,24.0,KC-46A Pegasus,,,True
ae0650,UNKNOWN CALLSIGN,2025-06-17 09:28:30.742211,,58-0049,5305,26475,37.0,16.7,KC-135R Stratotanker,,,True
ae07ea,RCH312,2025-06-17 09:29:31.465880,United States Air Force,95-0107,5143,35000,55.443361,-6.361773,C-17A Globemaster,308,395,False
896c2b,UAF1225,2025-06-17 09:29:31.465907,United Arab Emirates Air Force,1223,1000,34000,45.646744,4.874502,C-17A Globemaster,284,457,False
ae63b8,GOLD81,2025-06-17 09:29:31.465914,,20-46076,6637,14000,49.644901,8.4797,KC-46A Pegasus,250,404,False
ae2fad,RCH263,2025-06-17 09:29:31.465919,United States Air Force,08-8201,7651,32725,49.780201,10.5764,C-17A Globemaster,81,406,False
ae0687,RCH038,2025-06-17 09:29:31.465924,,60-0349,3457,35000,49.977195,11.303203,KC-135R Stratotanker,102,478,False
ae1235,RCH579,2025-06-17 09:29:31.465929,United States Air Force,03-3124,2351,24725,45.058725,12.684975,C-17A Globemaster,32,452,False
477ff2,BRK60,2025-06-17 09:29:31.465934,SAC Heavy Airlift Wing,02,2542,19375,47.766495,15.778908,C-17A Globemaster,121,410,False
ae5e0c,GOLD52,2025-06-17 09:29:31.465941,,17-46031,7031,29000,41.7,26.3,KC-46A Pegasus,,,True
ae05b1,UNKNOWN CALLSIGN,2025-06-17 09:29:31.465948,,63-8878,1222,36025,37.0,14.5,KC-135R Stratotanker,,,True
ae023d,RCH037,2025-06-17 09:29:31.465955,,58-0121,2160,35025,43.9,23.8,KC-135R Stratotanker,142,480,True
ae0386,UNKNOWN CALLSIGN,2025-06-17 09:29:31.465959,,59-1468,5307,26025,36.0,17.3,KC-135R Stratotanker,,,True
ae0650,UNKNOWN CALLSIGN,2025-06-17 09:29:31.465963,,58-0049,5305,26900,36.0,17.3,KC-135R Stratotanker,,,True
ae0659,UNKNOWN CALLSIGN,2025-06-17 09:29:31.465967,,59-1464,1233,34000,36.0,17.3,KC-135R Stratotanker,,,True
ae0391,RCH035,2025-06-17 09:29:31.465971,,63-8039,4623,34950,43.3,24.1,KC-135R Stratotanker,173,472,True
adff0c,UNKNOWN CALLSIGN,2025-06-17 09:29:31.465975,,60-0335,0215,27000,37.0,14.5,KC-135R Stratotanker,105,496,True
ae05a5,UNKNOWN CALLSIGN,2025-06-17 09:29:31.465981,,62-3508,5171,26000,44.7,13.2,KC-135R Stratotanker,248,490,True
ae63b6,GOLD91,2025-06-17 09:29:31.465986,,20-46074,0456,30000,48.6,17.9,KC-46A Pegasus,311,470,True
ae5fa6,GOLD42,2025-06-17 09:29:31.465990,,21-46059,7016,31000,38.0,23.6,KC-46A Pegasus,,,True
ae07ea,RCH312,2025-06-17 09:30:32.523426,United States Air Force,95-0107,5143,35000,55.50398,-6.490758,C-17A Globemaster,309,362,False
896c2b,UAF1225,2025-06-17 09:30:32.523454,United Arab Emirates Air Force,1223,1000,34000,45.682034,4.676675,C-17A Globemaster,288,443,False
ae63b8,GOLD81,2025-06-17 09:30:32.523462,,20-46076,6637,12475,49.601501,8.2932,KC-46A Pegasus,252,372,False
ae2fad,RCH263,2025-06-17 09:30:32.523468,United States Air Force,08-8201,7651,34175,49.799702,10.7777,C-17A Globemaster,81,415,False
ae0687,RCH038,2025-06-17 09:30:32.523473,,60-0349,3457,35000,49.949623,11.523937,KC-135R Stratotanker,102,476,False
ae05a5,UNKNOWN CALLSIGN,2025-06-17 09:30:32.523479,,62-3508,5171,26000,44.168048,13.577772,KC-135R Stratotanker,199,468,False
477ff2,BRK60,2025-06-17 09:30:32.523484,SAC Heavy Airlift Wing,02,2542,17725,47.707489,15.923378,C-17A Globemaster,121,399,False
ae5e0c,GOLD52,2025-06-17 09:30:32.523491,,17-46031,7031,29000,42.8,25.3,KC-46A Pegasus,,,True
ae05b1,UNKNOWN CALLSIGN,2025-06-17 09:30:32.523499,,63-8878,1222,36025,37.1,15.6,KC-135R Stratotanker,,,True
ae023d,RCH037,2025-06-17 09:30:32.523506,,58-0121,2160,35000,43.7,23.9,KC-135R Stratotanker,142,480,True
ae0386,UNKNOWN CALLSIGN,2025-06-17 09:30:32.523511,,59-1468,5307,26025,36.0,17.3,KC-135R Stratotanker,,,True
ae0650,UNKNOWN CALLSIGN,2025-06-17 09:30:32.523515,,58-0049,5305,27000,36.0,17.3,KC-135R Stratotanker,,,True
ae0659,UNKNOWN CALLSIGN,2025-06-17 09:30:32.523519,,59-1464,1233,33975,36.0,17.3,KC-135R Stratotanker,,,True
ae1235,RCH579,2025-06-17 09:30:32.523523,United States Air Force,03-3124,2351,22700,44.9,13.1,C-17A Globemaster,,,True
ae0391,RCH035,2025-06-17 09:30:32.523528,,63-8039,4623,34950,43.3,24.1,KC-135R Stratotanker,173,472,True
adff0c,UNKNOWN CALLSIGN,2025-06-17 09:30:32.523532,,60-0335,0215,27000,36.0,17.1,KC-135R Stratotanker,105,490,True
ae63b6,GOLD91,2025-06-17 09:30:32.523539,,20-46074,0456,30025,49.1,18.0,KC-46A Pegasus,311,470,True
ae5fa6,GOLD42,2025-06-17 09:30:32.523545,,21-46059,7016,31000,38.0,23.6,KC-46A Pegasus,,,True
ae07ea,RCH312,2025-06-17 09:31:32.981109,United States Air Force,95-0107,5143,35000,55.56266,-6.623288,C-17A Globemaster,309,352,False
896c2b,UAF1225,2025-06-17 09:31:32.981137,United Arab Emirates Air Force,1223,1000,34000,45.71609,4.50546,C-17A Globemaster,283,457,False
ae63b8,GOLD81,2025-06-17 09:31:32.981144,,20-46076,6637,10825,49.567232,8.141339,KC-46A Pegasus,248,319,False
ae2fad,RCH263,2025-06-17 09:31:32.981150,United States Air Force,08-8201,7651,35325,49.818401,10.9788,C-17A Globemaster,81,408,False
ae0687,RCH038,2025-06-17 09:31:32.981155,,60-0349,3457,35000,49.920794,11.713605,KC-135R Stratotanker,105,476,False
ae1235,RCH579,2025-06-17 09:31:32.981160,United States Air Force,03-3124,2351,20625,45.264021,12.827712,C-17A Globemaster,27,364,False
ae05a5,UNKNOWN CALLSIGN,2025-06-17 09:31:32.981164,,62-3508,5171,26025,44.026098,13.537161,KC-135R Stratotanker,161,448,False
477ff2,BRK60,2025-06-17 09:31:32.981170,SAC Heavy Airlift Wing,02,2542,16200,47.649948,16.063934,C-17A Globemaster,121,393,False
ae5e0c,GOLD52,2025-06-17 09:31:32.981176,,17-46031,7031,29025,42.7,24.9,KC-46A Pegasus,,,True
ae05b1,UNKNOWN CALLSIGN,2025-06-17 09:31:32.981184,,63-8878,1222,36025,37.1,15.6,KC-135R Stratotanker,,,True
ae023d,RCH037,2025-06-17 09:31:32.981191,,58-0121,2160,35000,43.8,23.7,KC-135R Stratotanker,142,480,True
ae0386,UNKNOWN CALLSIGN,2025-06-17 09:31:32.981195,,59-1468,5307,26025,36.0,17.1,KC-135R Stratotanker,,,True
ae0650,UNKNOWN CALLSIGN,2025-06-17 09:31:32.981199,,58-0049,5305,27000,36.0,17.1,KC-135R Stratotanker,,,True
ae0659,UNKNOWN CALLSIGN,2025-06-17 09:31:32.981203,,59-1464,1233,34000,36.0,17.1,KC-135R Stratotanker,346,438,True
ae0391,RCH035,2025-06-17 09:31:32.981208,,63-8039,4623,34950,43.3,23.8,KC-135R Stratotanker,173,472,True
adff0c,UNKNOWN CALLSIGN,2025-06-17 09:31:32.981212,,60-0335,0215,26975,37.0,14.5,KC-135R Stratotanker,108,488,True
ae63b6,GOLD91,2025-06-17 09:31:32.981219,,20-46074,0456,30000,48.6,17.8,KC-46A Pegasus,311,470,True
ae5fa6,GOLD42,2025-06-17 09:31:32.981224,,21-46059,7016,31025,38.3,24.0,KC-46A Pegasus,,,True
ae07ea,RCH312,2025-06-17 09:32:34.003494,United States Air Force,95-0107,5143,35000,55.640637,-6.791701,C-17A Globemaster,311,386,False
896c2b,UAF1225,2025-06-17 09:32:34.003601,United Arab Emirates Air Force,1223,1000,34000,45.747206,4.316415,C-17A Globemaster,286,464,False
ae63b8,GOLD81,2025-06-17 09:32:34.003621,,20-46076,6637,9425,49.553182,8.014961,KC-46A Pegasus,274,300,False
ae2fad,RCH263,2025-06-17 09:32:34.003637,United States Air Force,08-8201,7651,36575,49.830898,11.1299,C-17A Globemaster,82,430,False
ae0687,RCH038,2025-06-17 09:32:34.003651,,60-0349,3457,35000,49.884208,11.91496,KC-135R Stratotanker,106,476,False
ae1235,RCH579,2025-06-17 09:32:34.003662,United States Air Force,03-3124,2351,18975,45.354283,12.845714,C-17A Globemaster,342,359,False
477ff2,BRK60,2025-06-17 09:32:34.003674,SAC Heavy Airlift Wing,02,2542,14400,47.592316,16.203804,C-17A Globemaster,121,384,False
ae5e0c,GOLD52,2025-06-17 09:32:34.003692,,17-46031,7031,29025,41.5,24.2,KC-46A Pegasus,,,True
ae05b1,UNKNOWN CALLSIGN,2025-06-17 09:32:34.003711,,63-8878,1222,36050,37.1,15.6,KC-135R Stratotanker,,,True
ae023d,RCH037,2025-06-17 09:32:34.003727,,58-0121,2160,35000,43.1,26.3,KC-135R Stratotanker,142,466,True
ae0386,UNKNOWN CALLSIGN,2025-06-17 09:32:34.003736,,59-1468,5307,26025,36.0,16.4,KC-135R Stratotanker,,,True
ae0650,UNKNOWN CALLSIGN,2025-06-17 09:32:34.003746,,58-0049,5305,27000,36.0,17.1,KC-135R Stratotanker,,,True
ae0659,UNKNOWN CALLSIGN,2025-06-17 09:32:34.003755,,59-1464,1233,33975,36.0,16.9,KC-135R Stratotanker,,,True
ae0391,RCH035,2025-06-17 09:32:34.003765,,63-8039,4623,34950,43.3,24.1,KC-135R Stratotanker,174,474,True
adff0c,UNKNOWN CALLSIGN,2025-06-17 09:32:34.003775,,60-0335,0215,26975,37.1,15.6,KC-135R Stratotanker,109,486,True
ae05a5,UNKNOWN CALLSIGN,2025-06-17 09:32:34.003790,,62-3508,5171,26000,44.6,13.3,KC-135R Stratotanker,90,436,True
ae63b6,GOLD91,2025-06-17 09:32:34.003816,,20-46074,0456,30000,49.1,18.0,KC-46A Pegasus,311,470,True
ae5fa6,GOLD42,2025-06-17 09:32:34.003828,,21-46059,7016,31000,38.0,23.8,KC-46A Pegasus,,,True
ae07ea,RCH312,2025-06-17 09:33:34.993644,United States Air Force,95-0107,5143,35000,55.688543,-6.900151,C-17A Globemaster,308,360,False
896c2b,UAF1225,2025-06-17 09:33:34.993672,United Arab Emirates Air Force,1223,1000,34000,45.769249,4.187174,C-17A Globemaster,294,459,False
ae63b8,GOLD81,2025-06-17 09:33:34.993679,,20-46076,6637,8125,49.551102,7.921,KC-46A Pegasus,267,279,False
ae2fad,RCH263,2025-06-17 09:33:34.993686,United States Air Force,08-8201,7651,36975,49.835499,11.3178,C-17A Globemaster,91,437,False
ae0687,RCH038,2025-06-17 09:33:34.993691,,60-0349,3457,35000,49.854253,12.074613,KC-135R Stratotanker,106,476,False
ae1235,RCH579,2025-06-17 09:33:34.993696,United States Air Force,03-3124,2351,17000,45.447409,12.809259,C-17A Globemaster,346,306,False
477ff2,BRK60,2025-06-17 09:33:34.993702,SAC Heavy Airlift Wing,02,2542,12575,47.555439,16.347868,C-17A Globemaster,101,371,False
ae023d,RCH037,2025-06-17 09:33:34.993714,,58-0121,2160,35000,43.1,26.3,KC-135R Stratotanker,142,464,True
ae0386,UNKNOWN CALLSIGN,2025-06-17 09:33:34.993719,,59-1468,5307,26025,36.0,16.4,KC-135R Stratotanker,,,True
ae0650,UNKNOWN CALLSIGN,2025-06-17 09:33:34.993723,,58-0049,5305,27000,35.3,20.3,KC-135R Stratotanker,,,True
ae0659,UNKNOWN CALLSIGN,2025-06-17 09:33:34.993727,,59-1464,1233,34000,36.0,16.7,KC-135R Stratotanker,,,True
ae0391,RCH035,2025-06-17 09:33:34.993732,,63-8039,4623,34950,43.2,23.7,KC-135R Stratotanker,174,474,True
adff0c,UNKNOWN CALLSIGN,2025-06-17 09:33:34.993737,,60-0335,0215,27000,37.1,15.6,KC-135R Stratotanker,109,484,True
ae05a5,UNKNOWN CALLSIGN,2025-06-17 09:33:34.993743,,62-3508,5171,25975,44.7,13.3,KC-135R Stratotanker,81,438,True
ae63b6,GOLD91,2025-06-17 09:33:34.993748,,20-46074,0456,30025,49.1,18.0,KC-46A Pegasus,311,470,True
ae5fa6,GOLD42,2025-06-17 09:33:34.993754,,21-46059,7016,31000,38.0,24.2,KC-46A Pegasus,,,True
ae5e0c,GOLD52,2025-06-17 09:33:34.993759,,17-46031,7031,29000,41.3,26.9,KC-46A Pegasus,,,True
ae07ea,RCH312,2025-06-17 09:34:35.737292,United States Air Force,95-0107,5143,35000,55.757569,-7.05441,C-17A Globemaster,308,349,False
896c2b,UAF1225,2025-06-17 09:34:35.737323,United Arab Emirates Air Force,1223,1000,34000,45.821349,3.973668,C-17A Globemaster,278,450,False
ae63b8,GOLD81,2025-06-17 09:34:35.737331,,20-46076,6637,6900,49.548937,7.761624,KC-46A Pegasus,273,301,False
ae2fad,RCH263,2025-06-17 09:34:35.737339,United States Air Force,08-8201,7651,37000,49.792,11.5055,C-17A Globemaster,103,399,False
ae0687,RCH038,2025-06-17 09:34:35.737345,,60-0349,3457,35025,49.810799,12.306818,KC-135R Stratotanker,106,472,False
ae1235,RCH579,2025-06-17 09:34:35.737350,United States Air Force,03-3124,2351,15000,45.535771,12.775489,C-17A Globemaster,344,366,False
477ff2,BRK60,2025-06-17 09:34:35.737356,SAC Heavy Airlift Wing,02,2542,10750,47.533093,16.497803,C-17A Globemaster,102,363,False
ae023d,RCH037,2025-06-17 09:34:35.737370,,58-0121,2160,35000,43.6,24.3,KC-135R Stratotanker,142,466,True
ae0386,UNKNOWN CALLSIGN,2025-06-17 09:34:35.737375,,59-1468,5307,26025,36.0,16.9,KC-135R Stratotanker,,,True
ae0650,UNKNOWN CALLSIGN,2025-06-17 09:34:35.737379,,58-0049,5305,27000,35.3,20.3,KC-135R Stratotanker,,,True
ae0659,UNKNOWN CALLSIGN,2025-06-17 09:34:35.737383,,59-1464,1233,33975,36.0,16.6,KC-135R Stratotanker,,,True
ae0391,RCH035,2025-06-17 09:34:35.737388,,63-8039,4623,34950,43.5,24.1,KC-135R Stratotanker,174,474,True
adff0c,UNKNOWN CALLSIGN,2025-06-17 09:34:35.737393,,60-0335,0215,27000,37.1,15.6,KC-135R Stratotanker,118,482,True
ae05a5,UNKNOWN CALLSIGN,2025-06-17 09:34:35.737400,,62-3508,5171,26025,44.5,13.3,KC-135R Stratotanker,77,438,True
ae63b6,GOLD91,2025-06-17 09:34:35.737404,,20-46074,0456,30025,47.8,17.9,KC-46A Pegasus,311,470,True
ae5fa6,GOLD42,2025-06-17 09:34:35.737410,,21-46059,7016,31000,38.5,22.9,KC-46A Pegasus,,,True
ae5e0c,GOLD52,2025-06-17 09:34:35.737415,,17-46031,7031,29000,39.8,22.9,KC-46A Pegasus,,,True
896c2b,UAF1225,2025-06-17 09:35:36.818935,United Arab Emirates Air Force,1223,1000,34025,45.847856,3.859082,C-17A Globemaster,280,451,False
ae63b8,GOLD81,2025-06-17 09:35:36.818952,,20-46076,6637,6000,49.54224,7.638318,KC-46A Pegasus,269,295,False
ae2fad,RCH263,2025-06-17 09:35:36.818961,United States Air Force,08-8201,7651,37000,49.766899,11.6635,C-17A Globemaster,103,372,False
ae0687,RCH038,2025-06-17 09:35:36.818967,,60-0349,3457,35000,49.77013,12.518916,KC-135R Stratotanker,106,472,False
ae1235,RCH579,2025-06-17 09:35:36.818972,United States Air Force,03-3124,2351,12975,45.626832,12.738808,C-17A Globemaster,345,326,False
477ff2,BRK60,2025-06-17 09:35:36.818977,SAC Heavy Airlift Wing,02,2542,9725,47.511912,16.638864,C-17A Globemaster,102,316,False
ae05a5,UNKNOWN CALLSIGN,2025-06-17 09:35:36.818985,,62-3508,5171,26000,44.5,13.5,KC-135R Stratotanker,58,442,True
ae07ea,RCH312,2025-06-17 09:35:36.818991,United States Air Force,95-0107,5143,34975,54.5,-5.0,C-17A Globemaster,,,True
ae0659,UNKNOWN CALLSIGN,2025-06-17 09:35:36.818995,,59-1464,1233,33975,36.6,16.8,KC-135R Stratotanker,,,True
adff0c,UNKNOWN CALLSIGN,2025-06-17 09:35:36.819001,,60-0335,0215,27000,37.1,15.6,KC-135R Stratotanker,118,484,True
ae2fa2,UNKNOWN CALLSIGN,2025-06-17 09:35:36.819006,United States Air Force,08-8190,0254,Unavailable,44.9,13.2,C-17A Globemaster,,,True
ae63b6,GOLD91,2025-06-17 09:35:36.819012,,20-46074,0456,30025,47.7,19.4,KC-46A Pegasus,310,470,True
ae05b1,UNKNOWN CALLSIGN,2025-06-17 09:35:36.819017,,63-8878,1222,36050,37.0,17.0,KC-135R Stratotanker,,,True
ae0386,UNKNOWN CALLSIGN,2025-06-17 09:35:36.819021,,59-1468,5307,26025,36.0,16.4,KC-135R Stratotanker,,,True
ae023d,RCH037,2025-06-17 09:35:36.819025,,58-0121,2160,35025,43.6,24.4,KC-135R Stratotanker,142,466,True
ae5e0c,GOLD52,2025-06-17 09:35:36.819030,,17-46031,7031,29000,39.9,23.3,KC-46A Pegasus,,,True
ae0391,RCH035,2025-06-17 09:35:36.819036,,63-8039,4623,34950,43.6,24.2,KC-135R Stratotanker,174,474,True
ae5fa6,GOLD42,2025-06-17 09:35:36.819041,,21-46059,7016,31000,38.5,22.9,KC-46A Pegasus,,,True
ae0650,UNKNOWN CALLSIGN,2025-06-17 09:35:36.819044,,58-0049,5305,27000,35.3,20.3,KC-135R Stratotanker,,,True
ae07ea,RCH312,2025-06-17 09:36:37.855177,United States Air Force,95-0107,5143,35000,55.860475,-7.283575,C-17A Globemaster,309,363,False
896c2b,UAF1225,2025-06-17 09:36:37.855206,United Arab Emirates Air Force,1223,1000,34000,45.886384,3.706882,C-17A Globemaster,294,433,False
ae63b8,GOLD81,2025-06-17 09:36:37.855215,,20-46076,6637,5950,49.539465,7.515138,KC-46A Pegasus,267,245,False
ae2fad,RCH263,2025-06-17 09:36:37.855222,United States Air Force,08-8201,7651,37000,49.7421,11.8183,C-17A Globemaster,103,372,False
ae1235,RCH579,2025-06-17 09:36:37.855227,United States Air Force,03-3124,2351,11400,45.712625,12.704776,C-17A Globemaster,344,299,False
ae0687,RCH038,2025-06-17 09:36:37.855232,,60-0349,3457,35000,49.730978,12.714618,KC-135R Stratotanker,106,472,False
ae05a5,UNKNOWN CALLSIGN,2025-06-17 09:36:37.855236,,62-3508,5171,26000,44.042583,14.251143,KC-135R Stratotanker,356,464,False
477ff2,BRK60,2025-06-17 09:36:37.855241,SAC Heavy Airlift Wing,02,2542,9750,47.494125,16.758133,C-17A Globemaster,102,282,False
ae63b6,GOLD91,2025-06-17 09:36:37.855246,,20-46074,0456,30000,47.70914,20.025391,KC-46A Pegasus,310,472,False
ae023d,RCH037,2025-06-17 09:36:37.855257,,58-0121,2160,35000,43.3,25.6,KC-135R Stratotanker,142,466,True
ae0386,UNKNOWN CALLSIGN,2025-06-17 09:36:37.855261,,59-1468,5307,26000,36.0,16.4,KC-135R Stratotanker,,,True
ae0650,UNKNOWN CALLSIGN,2025-06-17 09:36:37.855265,,58-0049,5305,27000,35.3,20.3,KC-135R Stratotanker,,,True
ae2fa2,UNKNOWN CALLSIGN,2025-06-17 09:36:37.855269,United States Air Force,08-8190,0254,Unavailable,45.2,12.6,C-17A Globemaster,,,True
ae0659,UNKNOWN CALLSIGN,2025-06-17 09:36:37.855273,,59-1464,1233,34000,36.0,16.5,KC-135R Stratotanker,,,True
ae0391,RCH035,2025-06-17 09:36:37.855278,,63-8039,4623,34950,43.6,24.2,KC-135R Stratotanker,174,474,True
adff0c,UNKNOWN CALLSIGN,2025-06-17 09:36:37.855282,,60-0335,0215,27025,37.1,15.6,KC-135R Stratotanker,111,488,True
ae5fa6,GOLD42,2025-06-17 09:36:37.855292,,21-46059,7016,31000,38.5,22.9,KC-46A Pegasus,,,True
ae5e0c,GOLD52,2025-06-17 09:36:37.855296,,17-46031,7031,29000,39.8,22.9,KC-46A Pegasus,,,True
896c2b,UAF1225,2025-06-17 09:37:38.822693,United Arab Emirates Air Force,1223,1000,34025,45.943129,3.453858,C-17A Globemaster,289,416,False
ae63b8,GOLD81,2025-06-17 09:37:38.822711,,20-46076,6637,4975,49.499306,7.438174,KC-46A Pegasus,209,340,False
ae2fad,RCH263,2025-06-17 09:37:38.822720,United States Air Force,08-8201,7651,37000,49.705011,12.053814,C-17A Globemaster,107,406,False
ae1235,RCH579,2025-06-17 09:37:38.822725,United States Air Force,03-3124,2351,9100,45.777636,12.678408,C-17A Globemaster,343,284,False
ae0687,RCH038,2025-06-17 09:37:38.822730,,60-0349,3457,35000,49.6982,12.889598,KC-135R Stratotanker,106,470,False
477ff2,BRK60,2025-06-17 09:37:38.822736,SAC Heavy Airlift Wing,02,2542,9625,47.466943,16.868239,C-17A Globemaster,118,290,False
ae023d,RCH037,2025-06-17 09:37:38.822748,,58-0121,2160,35000,43.5,25.1,KC-135R Stratotanker,142,472,True
ae0386,UNKNOWN CALLSIGN,2025-06-17 09:37:38.822753,,59-1468,5307,26025,36.0,16.4,KC-135R Stratotanker,,,True
ae0650,UNKNOWN CALLSIGN,2025-06-17 09:37:38.822757,,58-0049,5305,27000,35.3,20.3,KC-135R Stratotanker,,,True
ae2fa2,RCH798,2025-06-17 09:37:38.822761,United States Air Force,08-8190,0254,5350,44.3,13.7,C-17A Globemaster,232,292,True
ae0659,UNKNOWN CALLSIGN,2025-06-17 09:37:38.822764,,59-1464,1233,35025,36.0,16.5,KC-135R Stratotanker,,,True
ae0391,RCH035,2025-06-17 09:37:38.822769,,63-8039,4623,34950,43.6,24.3,KC-135R Stratotanker,174,474,True
adff0c,UNKNOWN CALLSIGN,2025-06-17 09:37:38.822774,,60-0335,0215,27025,37.1,15.6,KC-135R Stratotanker,108,496,True
ae05a5,UNKNOWN CALLSIGN,2025-06-17 09:37:38.822781,,62-3508,5171,26000,44.6,13.3,KC-135R Stratotanker,271,486,True
ae07ea,RCH312,2025-06-17 09:37:38.822785,United States Air Force,95-0107,5143,35000,54.8,-4.9,C-17A Globemaster,,,True
ae63b6,GOLD91,2025-06-17 09:37:38.822790,,20-46074,0456,30000,48.1,19.0,KC-46A Pegasus,310,474,True
ae5fa6,GOLD42,2025-06-17 09:37:38.822794,,21-46059,7016,31000,38.0,24.2,KC-46A Pegasus,,,True
ae5e0c,GOLD52,2025-06-17 09:37:38.822799,,17-46031,7031,29025,39.8,22.9,KC-46A Pegasus,,,True
896c2b,UAF1225,2025-06-17 09:38:39.783254,United Arab Emirates Air Force,1223,1000,34025,45.985267,3.267533,C-17A Globemaster,288,459,False
ae63b8,GOLD81,2025-06-17 09:38:39.783272,,20-46076,6637,3425,49.465347,7.431149,KC-46A Pegasus,176,316,False
ae2fad,RCH263,2025-06-17 09:38:39.783281,United States Air Force,08-8201,7651,37000,49.68593,12.175922,C-17A Globemaster,103,373,False
ae2fa2,RCH798,2025-06-17 09:38:39.783285,United States Air Force,08-8190,0254,7575,45.835248,12.359866,C-17A Globemaster,168,304,False
ae1235,RCH579,2025-06-17 09:38:39.783290,United States Air Force,03-3124,2351,6150,45.864395,12.644399,C-17A Globemaster,347,280,False
ae0687,RCH038,2025-06-17 09:38:39.783294,,60-0349,3457,35000,49.657034,13.093928,KC-135R Stratotanker,107,470,False
477ff2,BRK60,2025-06-17 09:38:39.783300,SAC Heavy Airlift Wing,02,2542,7650,47.429235,16.972468,C-17A Globemaster,119,277,False
ae63b6,GOLD91,2025-06-17 09:38:39.783305,,20-46074,0456,30000,47.895049,19.701142,KC-46A Pegasus,310,472,False
ae023d,RCH037,2025-06-17 09:38:39.783316,,58-0121,2160,35000,43.1,26.3,KC-135R Stratotanker,142,478,True
ae0650,UNKNOWN CALLSIGN,2025-06-17 09:38:39.783320,,58-0049,Unavailable,27000,35.3,20.3,KC-135R Stratotanker,,,True
ae0659,UNKNOWN CALLSIGN,2025-06-17 09:38:39.783325,,59-1464,1233,36000,36.4,15.9,KC-135R Stratotanker,,,True
ae0391,RCH035,2025-06-17 09:38:39.783329,,63-8039,4623,34950,41.2,26.2,KC-135R Stratotanker,174,476,True
adff0c,UNKNOWN CALLSIGN,2025-06-17 09:38:39.783333,,60-0335,0215,27000,36.0,17.0,KC-135R Stratotanker,108,496,True
ae05a5,UNKNOWN CALLSIGN,2025-06-17 09:38:39.783340,,62-3508,5171,26000,44.4,13.4,KC-135R Stratotanker,259,486,True
ae07ea,RCH312,2025-06-17 09:38:39.783344,United States Air Force,95-0107,5143,35000,54.6,-5.0,C-17A Globemaster,,,True
ae5fa6,GOLD42,2025-06-17 09:38:39.783349,,21-46059,7016,31000,38.0,24.2,KC-46A Pegasus,,,True
ae5e0c,GOLD52,2025-06-17 09:38:39.783354,,17-46031,7031,29000,39.8,22.9,KC-46A Pegasus,,,True
896c2b,UAF1225,2025-06-17 09:39:40.799115,United Arab Emirates Air Force,1223,1000,32675,46.03911,3.081834,C-17A Globemaster,285,470,False
ae2fad,RCH263,2025-06-17 09:39:40.799135,United States Air Force,08-8201,7651,37000,49.65426,12.37523,C-17A Globemaster,105,429,False
ae2fa2,RCH798,2025-06-17 09:39:40.799141,United States Air Force,08-8190,0254,10150,45.72009,12.392123,C-17A Globemaster,166,299,False
ae1235,RCH579,2025-06-17 09:39:40.799145,United States Air Force,03-3124,2351,3550,45.870738,12.643006,C-17A Globemaster,346,276,False
ae0687,RCH038,2025-06-17 09:39:40.799150,,60-0349,3457,35000,49.616903,13.296924,KC-135R Stratotanker,107,468,False
477ff2,BRK60,2025-06-17 09:39:40.799155,SAC Heavy Airlift Wing,02,2542,5525,47.391861,17.071999,C-17A Globemaster,118,268,False
ae63b6,GOLD91,2025-06-17 09:39:40.799160,,20-46074,0456,30000,48.000497,19.524323,KC-46A Pegasus,310,470,False
ae05a5,UNKNOWN CALLSIGN,2025-06-17 09:39:40.799167,,62-3508,5171,26000,44.2,13.5,KC-135R Stratotanker,260,484,True
ae07ea,RCH312,2025-06-17 09:39:40.799172,United States Air Force,95-0107,5143,35000,55.2,-4.6,C-17A Globemaster,,,True
ae0659,UNKNOWN CALLSIGN,2025-06-17 09:39:40.799176,,59-1464,1233,36000,36.7,16.7,KC-135R Stratotanker,,,True
adff0c,UNKNOWN CALLSIGN,2025-06-17 09:39:40.799182,,60-0335,0215,27000,37.1,15.6,KC-135R Stratotanker,108,496,True
ae63b8,GOLD81,2025-06-17 09:39:40.799188,,20-46076,6637,1125,49.1,8.6,KC-46A Pegasus,,,True
ae05b1,UNKNOWN CALLSIGN,2025-06-17 09:39:40.799192,,63-8878,1222,36050,37.0,16.8,KC-135R Stratotanker,,,True
ae0386,UNKNOWN CALLSIGN,2025-06-17 09:39:40.799196,,59-1468,5307,26025,37.0,16.8,KC-135R Stratotanker,,,True
ae023d,RCH037,2025-06-17 09:39:40.799201,,58-0121,2160,35000,43.2,26.1,KC-135R Stratotanker,143,480,True
ae5e0c,GOLD52,2025-06-17 09:39:40.799205,,17-46031,7031,29000,39.9,23.3,KC-46A Pegasus,,,True
ae0391,RCH035,2025-06-17 09:39:40.799211,,63-8039,4623,34950,42.0,24.3,KC-135R Stratotanker,166,472,True
ae0650,UNKNOWN CALLSIGN,2025-06-17 09:39:40.799216,,58-0049,5305,27000,35.3,20.3,KC-135R Stratotanker,,,True
896c2b,UAF1225,2025-06-17 09:40:41.512527,United Arab Emirates Air Force,1223,1000,31225,46.0624,2.918024,C-17A Globemaster,283,509,False
ae2fa2,RCH798,2025-06-17 09:40:41.512549,United States Air Force,08-8190,0254,11750,45.629498,12.382312,C-17A Globemaster,191,322,False
ae2fad,RCH263,2025-06-17 09:40:41.512554,United States Air Force,08-8201,7651,37000,49.625146,12.554038,C-17A Globemaster,103,426,False
ae0687,RCH038,2025-06-17 09:40:41.512560,,60-0349,3457,35000,49.57919,13.484725,KC-135R Stratotanker,107,468,False
477ff2,BRK60,2025-06-17 09:40:41.512565,SAC Heavy Airlift Wing,02,2542,3350,47.357666,17.169708,C-17A Globemaster,117,265,False
ae63b6,GOLD91,2025-06-17 09:40:41.512570,,20-46074,0456,30000,48.079577,19.387079,KC-46A Pegasus,305,470,False
ae05a5,UNKNOWN CALLSIGN,2025-06-17 09:40:41.512577,,62-3508,5171,26000,44.6,13.2,KC-135R Stratotanker,243,478,True
ae07ea,RCH312,2025-06-17 09:40:41.512581,United States Air Force,95-0107,5143,35000,54.4,-4.5,C-17A Globemaster,,,True
ae0659,UNKNOWN CALLSIGN,2025-06-17 09:40:41.512585,,59-1464,1233,36000,36.9,16.8,KC-135R Stratotanker,,,True
adff0c,UNKNOWN CALLSIGN,2025-06-17 09:40:41.512591,,60-0335,0215,27000,37.0,14.5,KC-135R Stratotanker,108,494,True
ae63b8,GOLD81,2025-06-17 09:40:41.512597,,20-46076,6637,650,49.0,8.7,KC-46A Pegasus,,,True
ae05b1,UNKNOWN CALLSIGN,2025-06-17 09:40:41.512601,,63-8878,1222,36050,37.0,16.8,KC-135R Stratotanker,,,True
ae0386,UNKNOWN CALLSIGN,2025-06-17 09:40:41.512605,,59-1468,5307,26025,37.0,16.8,KC-135R Stratotanker,,,True
ae023d,RCH037,2025-06-17 09:40:41.512610,,58-0121,2160,35000,43.2,24.0,KC-135R Stratotanker,143,480,True
ae1235,RCH579,2025-06-17 09:40:41.512614,United States Air Force,03-3124,2351,2825,45.0,13.0,C-17A Globemaster,,,True
ae5e0c,GOLD52,2025-06-17 09:40:41.512619,,17-46031,7031,29000,39.8,22.9,KC-46A Pegasus,,,True
ae0391,RCH035,2025-06-17 09:40:41.512624,,63-8039,4623,34950,41.7,25.5,KC-135R Stratotanker,165,472,True
ae0650,UNKNOWN CALLSIGN,2025-06-17 09:40:41.512629,,58-0049,5305,27000,35.3,20.3,KC-135R Stratotanker,,,True
896c2b,UAF1225,2025-06-17 09:41:42.196834,United Arab Emirates Air Force,1223,1000,29675,46.083161,2.832051,C-17A Globemaster,286,490,False
ae2fa2,RCH798,2025-06-17 09:41:42.196855,United States Air Force,08-8190,0254,13500,45.530894,12.364356,C-17A Globemaster,187,379,False
ae2fad,RCH263,2025-06-17 09:41:42.196861,United States Air Force,08-8201,7651,37000,49.587211,12.77118,C-17A Globemaster,106,482,False
ae0687,RCH038,2025-06-17 09:41:42.196866,,60-0349,3457,35000,49.538199,13.686891,KC-135R Stratotanker,107,468,False
477ff2,BRK60,2025-06-17 09:41:42.196871,SAC Heavy Airlift Wing,02,2542,2750,47.3379,17.264451,C-17A Globemaster,80,251,False
ae63b6,GOLD91,2025-06-17 09:41:42.196876,,20-46074,0456,30000,48.159884,19.219867,KC-46A Pegasus,305,468,False
ae05a5,UNKNOWN CALLSIGN,2025-06-17 09:41:42.196883,,62-3508,5171,26000,44.7,13.3,KC-135R Stratotanker,167,440,True
ae07ea,RCH312,2025-06-17 09:41:42.196888,United States Air Force,95-0107,5143,35000,54.9,-4.5,C-17A Globemaster,,,True
ae0659,UNKNOWN CALLSIGN,2025-06-17 09:41:42.196893,,59-1464,1233,36000,36.7,16.6,KC-135R Stratotanker,,,True
adff0c,UNKNOWN CALLSIGN,2025-06-17 09:41:42.196898,,60-0335,0215,27000,37.1,15.6,KC-135R Stratotanker,,,True
ae05b1,UNKNOWN CALLSIGN,2025-06-17 09:41:42.196904,,63-8878,1222,36050,42.8,14.5,KC-135R Stratotanker,,,True
ae0386,UNKNOWN CALLSIGN,2025-06-17 09:41:42.196908,,59-1468,5307,26025,36.0,17.5,KC-135R Stratotanker,,,True
ae023d,RCH037,2025-06-17 09:41:42.196913,,58-0121,2160,35000,43.4,23.9,KC-135R Stratotanker,148,478,True
ae1235,RCH579,2025-06-17 09:41:42.196918,United States Air Force,03-3124,2351,2800,45.0,13.0,C-17A Globemaster,,,True
ae5e0c,GOLD52,2025-06-17 09:41:42.196922,,17-46031,7031,29025,39.8,22.9,KC-46A Pegasus,,,True
ae0391,RCH035,2025-06-17 09:41:42.196928,,63-8039,6773,34950,42.1,24.3,KC-135R Stratotanker,165,472,True
ae0650,UNKNOWN CALLSIGN,2025-06-17 09:41:42.196932,,58-0049,5305,27000,35.3,20.3,KC-135R Stratotanker,,,True
896c2b,UAF1225,2025-06-17 09:42:43.167322,United Arab Emirates Air Force,1223,1000,27850,46.113722,2.689721,C-17A Globemaster,286,490,False
ae2fa2,RCH798,2025-06-17 09:42:43.167387,United States Air Force,08-8190,0254,15475,45.429556,12.347348,C-17A Globemaster,187,364,False
ae2fad,RCH263,2025-06-17 09:42:43.167395,United States Air Force,08-8201,7651,37000,49.56646,12.909006,C-17A Globemaster,105,408,False
ae0687,RCH038,2025-06-17 09:42:43.167401,,60-0349,3457,35025,49.499108,13.8747,KC-135R Stratotanker,107,468,False
477ff2,BRK60,2025-06-17 09:42:43.167427,SAC Heavy Airlift Wing,02,2542,1900,47.349119,17.376216,C-17A Globemaster,82,254,False
ae63b6,GOLD91,2025-06-17 09:42:43.167448,,20-46074,0456,30000,48.195172,19.148547,KC-46A Pegasus,305,468,False
ae05a5,UNKNOWN CALLSIGN,2025-06-17 09:42:43.167472,,62-3508,5171,26000,44.9,13.1,KC-135R Stratotanker,103,424,True
ae07ea,RCH312,2025-06-17 09:42:43.167478,United States Air Force,95-0107,5143,35000,54.8,-4.8,C-17A Globemaster,,,True
ae0659,UNKNOWN CALLSIGN,2025-06-17 09:42:43.167482,,59-1464,1233,36000,36.8,15.8,KC-135R Stratotanker,,,True
adff0c,UNKNOWN CALLSIGN,2025-06-17 09:42:43.167507,,60-0335,0215,27000,37.0,16.6,KC-135R Stratotanker,,,True
ae05b1,UNKNOWN CALLSIGN,2025-06-17 09:42:43.167514,,63-8878,1222,36050,42.8,14.5,KC-135R Stratotanker,,,True
ae0386,UNKNOWN CALLSIGN,2025-06-17 09:42:43.167519,,59-1468,5307,26025,36.0,17.5,KC-135R Stratotanker,,,True
ae023d,RCH037,2025-06-17 09:42:43.167549,,58-0121,2160,35000,43.2,26.1,KC-135R Stratotanker,172,476,True
ae1235,RCH579,2025-06-17 09:42:43.167555,United States Air Force,03-3124,2351,2800,45.0,13.0,C-17A Globemaster,,,True
ae5e0c,GOLD52,2025-06-17 09:42:43.167560,,17-46031,7031,29000,39.9,23.3,KC-46A Pegasus,,,True
ae0391,RCH035,2025-06-17 09:42:43.167568,,63-8039,6773,34950,40.0,24.4,KC-135R Stratotanker,165,470,True
ae0650,UNKNOWN CALLSIGN,2025-06-17 09:42:43.167588,,58-0049,5305,27000,35.3,20.3,KC-135R Stratotanker,,,True
ae2fa2,RCH798,2025-06-17 09:43:44.109676,United States Air Force,08-8190,0254,17175,45.335542,12.329518,C-17A Globemaster,187,374,False
ae2fad,RCH263,2025-06-17 09:43:44.109691,United States Air Force,08-8201,7651,37000,49.533021,13.106249,C-17A Globemaster,105,459,False
ae05a5,UNKNOWN CALLSIGN,2025-06-17 09:43:44.109697,,62-3508,5171,26000,43.928361,13.626359,KC-135R Stratotanker,58,428,False
ae0687,RCH038,2025-06-17 09:43:44.109702,,60-0349,3457,35000,49.457972,14.072967,KC-135R Stratotanker,107,470,False
477ff2,BRK60,2025-06-17 09:43:44.109707,SAC Heavy Airlift Wing,02,2542,1425,47.351167,17.400865,C-17A Globemaster,83,255,False
ae63b6,GOLD91,2025-06-17 09:43:44.109711,,20-46074,0456,30000,48.31644,18.892248,KC-46A Pegasus,304,470,False
ae07ea,RCH312,2025-06-17 09:43:44.109718,United States Air Force,95-0107,5143,35000,54.3,-6.6,C-17A Globemaster,,,True
ae0659,UNKNOWN CALLSIGN,2025-06-17 09:43:44.109723,,59-1464,1233,36000,36.8,15.7,KC-135R Stratotanker,,,True
adff0c,UNKNOWN CALLSIGN,2025-06-17 09:43:44.109728,,60-0335,0215,27000,36.0,17.5,KC-135R Stratotanker,,,True
ae05b1,UNKNOWN CALLSIGN,2025-06-17 09:43:44.109734,,63-8878,1222,36025,42.8,14.5,KC-135R Stratotanker,,,True
ae0386,UNKNOWN CALLSIGN,2025-06-17 09:43:44.109737,,59-1468,5307,26025,36.0,17.5,KC-135R Stratotanker,,,True
ae023d,RCH037,2025-06-17 09:43:44.109742,,58-0121,2160,35000,43.2,26.1,KC-135R Stratotanker,172,476,True
ae1235,RCH579,2025-06-17 09:43:44.109747,United States Air Force,03-3124,2351,2775,45.1,12.9,C-17A Globemaster,,,True
ae5e0c,GOLD52,2025-06-17 09:43:44.109751,,17-46031,7031,29000,39.8,22.9,KC-46A Pegasus,,,True
ae0391,RCH035,2025-06-17 09:43:44.109757,,63-8039,6773,34950,41.3,26.9,KC-135R Stratotanker,165,472,True
896c2b,UAF1225,2025-06-17 09:43:44.109761,United Arab Emirates Air Force,1223,1000,26025,45.9,4.3,C-17A Globemaster,,,True
ae0650,UNKNOWN CALLSIGN,2025-06-17 09:43:44.109766,,58-0049,Unavailable,27025,35.3,20.3,KC-135R Stratotanker,,,True
ae2fa2,RCH798,2025-06-17 09:44:45.214336,United States Air Force,08-8190,0254,19050,45.223966,12.310119,C-17A Globemaster,187,382,False
ae2fad,RCH263,2025-06-17 09:44:45.214353,United States Air Force,08-8201,7651,37000,49.498505,13.305775,C-17A Globemaster,106,459,False
ae0687,RCH038,2025-06-17 09:44:45.214358,,60-0349,3457,35000,49.418142,14.260079,KC-135R Stratotanker,107,468,False
477ff2,BRK60,2025-06-17 09:44:45.214363,SAC Heavy Airlift Wing,02,2542,1650,47.352402,17.559242,C-17A Globemaster,141,172,False
ae63b6,GOLD91,2025-06-17 09:44:45.214368,,20-46074,0456,30000,48.393643,18.732304,KC-46A Pegasus,304,476,False
ae05b1,UNKNOWN CALLSIGN,2025-06-17 09:44:45.214378,,63-8878,1222,36050,42.8,14.5,KC-135R Stratotanker,312,418,True
ae023d,RCH037,2025-06-17 09:44:45.214385,,58-0121,2160,35000,43.1,25.2,KC-135R Stratotanker,172,474,True
ae0386,UNKNOWN CALLSIGN,2025-06-17 09:44:45.214390,,59-1468,5307,26025,36.0,16.7,KC-135R Stratotanker,,,True
896c2b,UAF1225,2025-06-17 09:44:45.214394,United Arab Emirates Air Force,1223,1000,23775,47.8,-2.2,C-17A Globemaster,,,True
ae0650,UNKNOWN CALLSIGN,2025-06-17 09:44:45.214398,,58-0049,5305,27000,35.3,20.3,KC-135R Stratotanker,,,True
ae0659,UNKNOWN CALLSIGN,2025-06-17 09:44:45.214401,,59-1464,1233,36000,36.8,15.0,KC-135R Stratotanker,,,True
ae1235,RCH579,2025-06-17 09:44:45.214406,United States Air Force,03-3124,2351,1950,45.1,12.8,C-17A Globemaster,,,True
ae0391,RCH035,2025-06-17 09:44:45.214410,,63-8039,6773,34950,41.0,26.2,KC-135R Stratotanker,165,472,True
adff0c,UNKNOWN CALLSIGN,2025-06-17 09:44:45.214414,,60-0335,0215,26975,36.0,16.7,KC-135R Stratotanker,,,True
ae05a5,UNKNOWN CALLSIGN,2025-06-17 09:44:45.214420,,62-3508,5171,26000,44.5,13.4,KC-135R Stratotanker,85,424,True
ae07ea,RCH312,2025-06-17 09:44:45.214424,United States Air Force,95-0107,5143,35000,54.3,-6.1,C-17A Globemaster,,,True
ae5e0c,GOLD52,2025-06-17 09:44:45.214430,,17-46031,7031,29000,38.5,22.9,KC-46A Pegasus,,,True
ae2fa2,RCH798,2025-06-17 09:45:45.931483,United States Air Force,08-8190,0254,20975,45.111739,12.288626,C-17A Globemaster,186,382,False
ae2fad,RCH263,2025-06-17 09:45:45.931500,United States Air Force,08-8201,7651,37000,49.475399,13.4496,C-17A Globemaster,104,429,False
ae0687,RCH038,2025-06-17 09:45:45.931505,,60-0349,3457,35000,49.377227,14.453976,KC-135R Stratotanker,108,468,False
477ff2,BRK60,2025-06-17 09:45:45.931510,SAC Heavy Airlift Wing,02,2542,1725,47.308013,17.558758,C-17A Globemaster,242,165,False
ae63b6,GOLD91,2025-06-17 09:45:45.931515,,20-46074,0456,30000,48.473661,18.56184,KC-46A Pegasus,304,480,False
ae05b1,UNKNOWN CALLSIGN,2025-06-17 09:45:45.931525,,63-8878,1222,36050,42.8,14.5,KC-135R Stratotanker,312,418,True
ae023d,RCH037,2025-06-17 09:45:45.931532,,58-0121,2160,35000,43.4,24.3,KC-135R Stratotanker,172,474,True
ae0386,UNKNOWN CALLSIGN,2025-06-17 09:45:45.931537,,59-1468,Unavailable,Unavailable,36.0,16.7,KC-135R Stratotanker,,,True
896c2b,UAF1225,2025-06-17 09:45:45.931541,United Arab Emirates Air Force,1223,1000,21500,46.8,1.5,C-17A Globemaster,,,True
ae0650,UNKNOWN CALLSIGN,2025-06-17 09:45:45.931545,,58-0049,5305,27000,38.0,23.8,KC-135R Stratotanker,,,True
ae0659,UNKNOWN CALLSIGN,2025-06-17 09:45:45.931549,,59-1464,1233,36000,36.8,15.3,KC-135R Stratotanker,,,True
ae1235,RCH579,2025-06-17 09:45:45.931553,United States Air Force,03-3124,2351,1375,45.1,12.7,C-17A Globemaster,,,True
ae0391,RCH035,2025-06-17 09:45:45.931557,,63-8039,6773,34950,40.6,25.7,KC-135R Stratotanker,165,474,True
adff0c,UNKNOWN CALLSIGN,2025-06-17 09:45:45.931561,,60-0335,0215,27000,36.0,16.7,KC-135R Stratotanker,,,True
ae05a5,UNKNOWN CALLSIGN,2025-06-17 09:45:45.931567,,62-3508,5171,26000,44.0,13.7,KC-135R Stratotanker,85,428,True
ae07ea,RCH312,2025-06-17 09:45:45.931571,United States Air Force,95-0107,5143,35000,54.5,-5.9,C-17A Globemaster,,,True
ae5e0c,GOLD52,2025-06-17 09:45:45.931577,,17-46031,7031,29025,39.8,23.1,KC-46A Pegasus,,,True
ae2fa2,RCH798,2025-06-17 09:46:46.827698,United States Air Force,08-8190,0254,22275,45.021344,12.333307,C-17A Globemaster,143,368,False
ae2fad,RCH263,2025-06-17 09:46:46.827714,United States Air Force,08-8201,7651,37000,49.440601,13.6451,C-17A Globemaster,105,439,False
ae0687,RCH038,2025-06-17 09:46:46.827720,,60-0349,3457,35000,49.338656,14.632748,KC-135R Stratotanker,108,466,False
477ff2,BRK60,2025-06-17 09:46:46.827725,SAC Heavy Airlift Wing,02,2542,1100,47.328781,17.518936,C-17A Globemaster,340,116,False
ae63b6,GOLD91,2025-06-17 09:46:46.827729,,20-46074,0456,30025,48.549751,18.398268,KC-46A Pegasus,304,482,False
ae05b1,UNKNOWN CALLSIGN,2025-06-17 09:46:46.827739,,63-8878,1222,36025,42.8,14.5,KC-135R Stratotanker,312,420,True
ae023d,RCH037,2025-06-17 09:46:46.827745,,58-0121,2160,35000,43.2,25.4,KC-135R Stratotanker,172,472,True
ae0386,UNKNOWN CALLSIGN,2025-06-17 09:46:46.827750,,59-1468,5307,26025,36.0,16.7,KC-135R Stratotanker,,,True
896c2b,UAF1225,2025-06-17 09:46:46.827754,United Arab Emirates Air Force,1223,1000,19150,46.5,2.7,C-17A Globemaster,,,True
ae0650,UNKNOWN CALLSIGN,2025-06-17 09:46:46.827758,,58-0049,5305,27000,35.3,20.3,KC-135R Stratotanker,,,True
ae0659,UNKNOWN CALLSIGN,2025-06-17 09:46:46.827762,,59-1464,1233,36000,36.7,15.5,KC-135R Stratotanker,,,True
ae1235,RCH579,2025-06-17 09:46:46.827766,United States Air Force,03-3124,2351,825,45.1,12.8,C-17A Globemaster,,,True
adff0c,UNKNOWN CALLSIGN,2025-06-17 09:46:46.827770,,60-0335,0215,27025,36.0,16.7,KC-135R Stratotanker,,,True
ae05a5,UNKNOWN CALLSIGN,2025-06-17 09:46:46.827776,,62-3508,5171,25975,44.4,13.5,KC-135R Stratotanker,63,434,True
ae07ea,RCH312,2025-06-17 09:46:46.827780,United States Air Force,95-0107,5143,35000,54.5,-6.5,C-17A Globemaster,,,True
ae0391,RCH035,2025-06-17 09:46:46.827786,,63-8039,6773,34950,41.3,26.9,KC-135R Stratotanker,,,True
ae5e0c,GOLD52,2025-06-17 09:46:46.827790,,17-46031,7031,29000,38.0,23.6,KC-46A Pegasus,,,True
ae2fa2,RCH798,2025-06-17 09:47:47.589245,United States Air Force,08-8190,0254,23625,44.934561,12.423121,C-17A Globemaster,143,370,False
ae2fad,RCH263,2025-06-17 09:47:47.589263,United States Air Force,08-8201,7651,37000,49.4128,13.8108,C-17A Globemaster,105,444,False
ae0687,RCH038,2025-06-17 09:47:47.589271,,60-0349,3457,35000,49.29862,14.821121,KC-135R Stratotanker,108,466,False
ae63b6,GOLD91,2025-06-17 09:47:47.589276,,20-46074,0456,30000,48.616474,18.254392,KC-46A Pegasus,304,482,False
ae05b1,UNKNOWN CALLSIGN,2025-06-17 09:47:47.589290,,63-8878,1222,36025,42.8,14.5,KC-135R Stratotanker,312,420,True
477ff2,BRK60,2025-06-17 09:47:47.589298,SAC Heavy Airlift Wing,02,2542,Unavailable,47.6,18.2,C-17A Globemaster,340,117,True
ae023d,RCH037,2025-06-17 09:47:47.589306,,58-0121,2160,35000,43.3,23.9,KC-135R Stratotanker,172,472,True
896c2b,UAF1225,2025-06-17 09:47:47.589312,United Arab Emirates Air Force,1223,1000,17450,46.3,3.4,C-17A Globemaster,,,True
ae0650,UNKNOWN CALLSIGN,2025-06-17 09:47:47.589317,,58-0049,5305,27000,35.3,20.3,KC-135R Stratotanker,,,True
ae0659,UNKNOWN CALLSIGN,2025-06-17 09:47:47.589322,,59-1464,1233,36000,36.8,15.4,KC-135R Stratotanker,,,True
adff0c,UNKNOWN CALLSIGN,2025-06-17 09:47:47.589327,,60-0335,0215,27000,36.0,16.6,KC-135R Stratotanker,,,True
ae05a5,UNKNOWN CALLSIGN,2025-06-17 09:47:47.589336,,62-3508,5171,26000,44.5,13.4,KC-135R Stratotanker,352,458,True
ae07ea,RCH312,2025-06-17 09:47:47.589341,United States Air Force,95-0107,5143,35000,54.5,-5.7,C-17A Globemaster,,,True
ae0391,RCH035,2025-06-17 09:47:47.589348,,63-8039,6773,34950,39.8,23.1,KC-135R Stratotanker,166,476,True
ae5e0c,GOLD52,2025-06-17 09:47:47.589355,,17-46031,7031,29000,38.5,22.9,KC-46A Pegasus,,,True
ae2fa2,RCH798,2025-06-17 09:48:48.605803,United States Air Force,08-8190,0254,24350,44.886213,12.473073,C-17A Globemaster,143,380,False
ae2fad,RCH263,2025-06-17 09:48:48.605818,United States Air Force,08-8201,7651,37000,49.376999,14.005,C-17A Globemaster,105,439,False
ae0687,RCH038,2025-06-17 09:48:48.605824,,60-0349,3457,35000,49.261534,14.984795,KC-135R Stratotanker,108,466,False
ae63b6,GOLD91,2025-06-17 09:48:48.605829,,20-46074,0456,30000,48.698926,18.077154,KC-46A Pegasus,304,482,False
ae05a5,UNKNOWN CALLSIGN,2025-06-17 09:48:48.605837,,62-3508,5171,26000,44.5,13.4,KC-135R Stratotanker,270,482,True
ae0659,UNKNOWN CALLSIGN,2025-06-17 09:48:48.605842,,59-1464,1233,36000,36.9,15.6,KC-135R Stratotanker,,,True
ae0391,RCH035,2025-06-17 09:48:48.605848,,63-8039,6773,34950,39.8,23.1,KC-135R Stratotanker,182,480,True
adff0c,UNKNOWN CALLSIGN,2025-06-17 09:48:48.605853,,60-0335,0215,27000,37.0,16.5,KC-135R Stratotanker,,,True
ae05b1,UNKNOWN CALLSIGN,2025-06-17 09:48:48.605860,,63-8878,1222,36050,42.8,14.5,KC-135R Stratotanker,312,424,True
ae0386,UNKNOWN CALLSIGN,2025-06-17 09:48:48.605864,,59-1468,5307,26025,37.0,16.5,KC-135R Stratotanker,,,True
ae023d,RCH037,2025-06-17 09:48:48.605869,,58-0121,2160,35000,43.2,25.9,KC-135R Stratotanker,172,472,True
ae5e0c,GOLD52,2025-06-17 09:48:48.605874,,17-46031,7031,29000,39.8,23.1,KC-46A Pegasus,,,True
ae0650,UNKNOWN CALLSIGN,2025-06-17 09:48:48.605881,,58-0049,5305,27000,35.3,20.3,KC-135R Stratotanker,,,True
ae2fa2,RCH798,2025-06-17 09:49:49.293919,United States Air Force,08-8190,0254,24875,44.84233,12.518659,C-17A Globemaster,143,394,False
ae2fad,RCH263,2025-06-17 09:49:49.293934,United States Air Force,08-8201,7651,37000,49.3461,14.1818,C-17A Globemaster,105,436,False
ae0687,RCH038,2025-06-17 09:49:49.293939,,60-0349,3457,35000,49.210633,15.2241,KC-135R Stratotanker,108,466,False
ae63b6,GOLD91,2025-06-17 09:49:49.293944,,20-46074,0456,30000,48.779541,17.898218,KC-46A Pegasus,303,482,False
ae05a5,UNKNOWN CALLSIGN,2025-06-17 09:49:49.293952,,62-3508,5171,26000,44.3,13.5,KC-135R Stratotanker,265,482,True
ae0659,UNKNOWN CALLSIGN,2025-06-17 09:49:49.293957,,59-1464,1233,36000,37.0,15.5,KC-135R Stratotanker,,,True
ae0391,RCH035,2025-06-17 09:49:49.293964,,63-8039,6773,34950,39.9,23.3,KC-135R Stratotanker,182,480,True
adff0c,UNKNOWN CALLSIGN,2025-06-17 09:49:49.293969,,60-0335,0215,27000,37.0,16.5,KC-135R Stratotanker,,,True
ae05b1,UNKNOWN CALLSIGN,2025-06-17 09:49:49.293975,,63-8878,1222,36025,42.8,14.5,KC-135R Stratotanker,312,426,True
ae0386,UNKNOWN CALLSIGN,2025-06-17 09:49:49.293979,,59-1468,5307,26025,37.0,16.5,KC-135R Stratotanker,,,True
ae023d,RCH037,2025-06-17 09:49:49.293984,,58-0121,2160,35000,43.2,25.3,KC-135R Stratotanker,172,470,True
ae5e0c,GOLD52,2025-06-17 09:49:49.293989,,17-46031,7031,29000,39.8,23.1,KC-46A Pegasus,,,True
ae0650,UNKNOWN CALLSIGN,2025-06-17 09:49:49.293995,,58-0049,5305,27000,35.3,20.3,KC-135R Stratotanker,,,True
ae2fad,RCH263,2025-06-17 09:50:49.973133,United States Air Force,08-8201,7651,36975,49.307526,14.397252,C-17A Globemaster,105,454,False
ae0687,RCH038,2025-06-17 09:50:49.973148,,60-0349,3457,35000,49.176661,15.370147,KC-135R Stratotanker,108,466,False
ae63b6,GOLD91,2025-06-17 09:50:49.973154,,20-46074,0456,30000,48.853206,17.73807,KC-46A Pegasus,300,482,False
ae023d,RCH037,2025-06-17 09:50:49.973160,,58-0121,2160,35000,42.799674,23.895173,KC-135R Stratotanker,172,470,False
ae05b1,UNKNOWN CALLSIGN,2025-06-17 09:50:49.973169,,63-8878,1222,36050,42.8,14.5,KC-135R Stratotanker,312,426,True
ae0386,UNKNOWN CALLSIGN,2025-06-17 09:50:49.973176,,59-1468,5307,26025,36.0,16.5,KC-135R Stratotanker,,,True
ae0650,UNKNOWN CALLSIGN,2025-06-17 09:50:49.973180,,58-0049,5305,27000,35.3,20.3,KC-135R Stratotanker,,,True
ae2fa2,RCH798,2025-06-17 09:50:49.973185,United States Air Force,08-8190,0254,25425,44.8,13.0,C-17A Globemaster,143,404,True
ae0659,UNKNOWN CALLSIGN,2025-06-17 09:50:49.973189,,59-1464,1233,36000,36.9,15.5,KC-135R Stratotanker,,,True
adff0c,UNKNOWN CALLSIGN,2025-06-17 09:50:49.973193,,60-0335,0215,27025,36.0,18.8,KC-135R Stratotanker,,,True
ae05a5,UNKNOWN CALLSIGN,2025-06-17 09:50:49.973199,,62-3508,5171,26000,44.5,13.3,KC-135R Stratotanker,265,484,True
ae0391,RCH035,2025-06-17 09:50:49.973205,,63-8039,6773,34950,38.0,23.8,KC-135R Stratotanker,187,480,True
ae5e0c,GOLD52,2025-06-17 09:50:49.973210,,17-46031,7031,29000,39.9,23.3,KC-46A Pegasus,,,True
ae2fa2,RCH798,2025-06-17 09:51:50.707318,United States Air Force,08-8190,0254,25800,44.637147,12.728105,C-17A Globemaster,158,420,False
ae2fad,RCH263,2025-06-17 09:51:50.707333,United States Air Force,08-8201,7651,37000,49.283501,14.528564,C-17A Globemaster,107,444,False
ae0687,RCH038,2025-06-17 09:51:50.707338,,60-0349,3457,35000,49.130727,15.580693,KC-135R Stratotanker,108,466,False
ae63b6,GOLD91,2025-06-17 09:51:50.707343,,20-46074,1445,30000,48.916514,17.556264,KC-46A Pegasus,296,482,False
ae5e0c,GOLD52,2025-06-17 09:51:50.707350,,17-46031,7031,29000,38.698698,24.104905,KC-46A Pegasus,,,False
ae05b1,UNKNOWN CALLSIGN,2025-06-17 09:51:50.707359,,63-8878,1222,36025,42.8,14.5,KC-135R Stratotanker,312,428,True
ae023d,RCH037,2025-06-17 09:51:50.707365,,58-0121,2160,35000,43.2,23.6,KC-135R Stratotanker,172,470,True
ae0386,UNKNOWN CALLSIGN,2025-06-17 09:51:50.707369,,59-1468,5307,26025,37.8,16.7,KC-135R Stratotanker,,,True
ae0650,UNKNOWN CALLSIGN,2025-06-17 09:51:50.707374,,58-0049,5305,27000,35.3,20.3,KC-135R Stratotanker,,,True
ae0659,UNKNOWN CALLSIGN,2025-06-17 09:51:50.707377,,59-1464,1233,36000,36.9,15.9,KC-135R Stratotanker,,,True
adff0c,UNKNOWN CALLSIGN,2025-06-17 09:51:50.707382,,60-0335,0215,27075,36.0,18.8,KC-135R Stratotanker,,,True
ae05a5,UNKNOWN CALLSIGN,2025-06-17 09:51:50.707388,,62-3508,5171,25975,44.7,13.3,KC-135R Stratotanker,257,484,True
ae0391,RCH035,2025-06-17 09:51:50.707394,,63-8039,6773,34950,38.0,23.8,KC-135R Stratotanker,188,482,True
ae2fa2,RCH798,2025-06-17 09:52:51.938076,United States Air Force,08-8190,0254,26400,44.499935,12.820917,C-17A Globemaster,159,426,False
ae05a5,UNKNOWN CALLSIGN,2025-06-17 09:52:51.938091,,62-3508,5171,26000,44.119162,13.580911,KC-135R Stratotanker,179,452,False
ae2fad,RCH263,2025-06-17 09:52:51.938097,United States Air Force,08-8201,7651,37000,49.240706,14.756845,C-17A Globemaster,105,414,False
ae0687,RCH038,2025-06-17 09:52:51.938102,,60-0349,3457,35000,49.085202,15.774167,KC-135R Stratotanker,108,466,False
ae63b6,GOLD91,2025-06-17 09:52:51.938107,,20-46074,1445,30000,48.980845,17.36717,KC-46A Pegasus,295,480,False
ae0659,UNKNOWN CALLSIGN,2025-06-17 09:52:51.938114,,59-1464,1233,36000,36.8,16.2,KC-135R Stratotanker,,,True
ae0391,RCH035,2025-06-17 09:52:51.938119,,63-8039,6773,34950,38.0,24.2,KC-135R Stratotanker,187,486,True
adff0c,UNKNOWN CALLSIGN,2025-06-17 09:52:51.938125,,60-0335,0215,27050,36.0,18.4,KC-135R Stratotanker,,,True
ae05b1,UNKNOWN CALLSIGN,2025-06-17 09:52:51.938132,,63-8878,1222,36025,42.7,10.8,KC-135R Stratotanker,312,428,True
ae0386,UNKNOWN CALLSIGN,2025-06-17 09:52:51.938136,,59-1468,5307,26025,37.0,16.9,KC-135R Stratotanker,,,True
ae023d,RCH037,2025-06-17 09:52:51.938141,,58-0121,2160,35000,43.3,23.8,KC-135R Stratotanker,172,470,True
ae5e0c,GOLD52,2025-06-17 09:52:51.938146,,17-46031,7031,29000,38.4,23.6,KC-46A Pegasus,,,True
ae0650,UNKNOWN CALLSIGN,2025-06-17 09:52:51.938153,,58-0049,5305,27000,35.3,20.3,KC-135R Stratotanker,,,True
ae2fa2,RCH798,2025-06-17 09:53:52.649975,United States Air Force,08-8190,0254,27050,44.369221,12.890872,C-17A Globemaster,149,420,False
ae2fad,RCH263,2025-06-17 09:53:52.649990,United States Air Force,08-8201,7651,37000,49.213912,14.898889,C-17A Globemaster,107,441,False
ae0687,RCH038,2025-06-17 09:53:52.649995,,60-0349,3457,35000,49.043494,15.974308,KC-135R Stratotanker,109,466,False
ae63b6,GOLD91,2025-06-17 09:53:52.650000,,20-46074,1445,30000,49.034095,17.190436,KC-46A Pegasus,291,478,False
ae05a5,UNKNOWN CALLSIGN,2025-06-17 09:53:52.650007,,62-3508,5171,26000,44.8,13.3,KC-135R Stratotanker,94,430,True
ae0659,UNKNOWN CALLSIGN,2025-06-17 09:53:52.650011,,59-1464,1233,36000,37.0,16.0,KC-135R Stratotanker,,,True
ae0391,RCH035,2025-06-17 09:53:52.650017,,63-8039,6773,34950,38.5,22.9,KC-135R Stratotanker,186,490,True
adff0c,UNKNOWN CALLSIGN,2025-06-17 09:53:52.650022,,60-0335,0215,27025,37.0,17.7,KC-135R Stratotanker,,,True
ae05b1,UNKNOWN CALLSIGN,2025-06-17 09:53:52.650029,,63-8878,1222,36050,42.8,14.5,KC-135R Stratotanker,312,430,True
ae0386,UNKNOWN CALLSIGN,2025-06-17 09:53:52.650033,,59-1468,5307,26025,36.0,18.3,KC-135R Stratotanker,,,True
ae023d,RCH037,2025-06-17 09:53:52.650038,,58-0121,2160,35000,43.3,23.7,KC-135R Stratotanker,172,472,True
ae5e0c,GOLD52,2025-06-17 09:53:52.650043,,17-46031,7031,29025,38.3,23.6,KC-46A Pegasus,,,True
ae0650,UNKNOWN CALLSIGN,2025-06-17 09:53:52.650050,,58-0049,5305,26975,35.3,20.3,KC-135R Stratotanker,,,True
ae05a5,UNKNOWN CALLSIGN,2025-06-17 09:54:53.628540,,62-3508,5171,26025,43.955934,13.619676,KC-135R Stratotanker,75,432,False
ae2fad,RCH263,2025-06-17 09:54:53.628557,United States Air Force,08-8201,7651,36975,49.172565,15.130029,C-17A Globemaster,106,442,False
ae0687,RCH038,2025-06-17 09:54:53.628563,,60-0349,3457,35000,48.998719,16.157894,KC-135R Stratotanker,109,468,False
ae63b6,GOLD91,2025-06-17 09:54:53.628568,,20-46074,1445,30000,49.082386,16.994685,KC-46A Pegasus,291,476,False
ae5e0c,GOLD52,2025-06-17 09:54:53.628574,,17-46031,7031,29000,38.223919,24.135244,KC-46A Pegasus,,,False
ae05b1,UNKNOWN CALLSIGN,2025-06-17 09:54:53.628585,,63-8878,1222,36050,42.8,14.5,KC-135R Stratotanker,312,432,True
ae023d,RCH037,2025-06-17 09:54:53.628594,,58-0121,2160,35000,43.6,24.0,KC-135R Stratotanker,172,472,True
ae0386,UNKNOWN CALLSIGN,2025-06-17 09:54:53.628598,,59-1468,Unavailable,Unavailable,37.3,17.6,KC-135R Stratotanker,,,True
ae0650,UNKNOWN CALLSIGN,2025-06-17 09:54:53.628602,,58-0049,5305,27000,35.3,20.3,KC-135R Stratotanker,,,True
ae2fa2,RCH798,2025-06-17 09:54:53.628607,United States Air Force,08-8190,0254,27375,44.7,13.0,C-17A Globemaster,142,424,True
ae0659,UNKNOWN CALLSIGN,2025-06-17 09:54:53.628611,,59-1464,1233,36000,37.1,16.1,KC-135R Stratotanker,,,True
adff0c,UNKNOWN CALLSIGN,2025-06-17 09:54:53.628615,,60-0335,0215,27000,37.3,17.6,KC-135R Stratotanker,,,True
ae0391,RCH035,2025-06-17 09:54:53.628624,,63-8039,6773,34950,38.0,24.1,KC-135R Stratotanker,186,494,True
ae2fad,RCH263,2025-06-17 09:55:54.337696,United States Air Force,08-8201,7651,37000,49.135729,15.295143,C-17A Globemaster,109,465,False
ae0687,RCH038,2025-06-17 09:55:54.337712,,60-0349,3457,35000,48.952256,16.353827,KC-135R Stratotanker,109,464,False
ae63b6,GOLD91,2025-06-17 09:55:54.337718,,20-46074,1445,30000,49.129154,16.825363,KC-46A Pegasus,290,472,False
ae5e0c,GOLD52,2025-06-17 09:55:54.337724,,17-46031,7031,29000,38.067333,24.145735,KC-46A Pegasus,,,False
ae05b1,UNKNOWN CALLSIGN,2025-06-17 09:55:54.337735,,63-8878,1222,36025,42.7,10.8,KC-135R Stratotanker,312,432,True
ae023d,RCH037,2025-06-17 09:55:54.337743,,58-0121,2160,35000,43.6,24.2,KC-135R Stratotanker,172,472,True
ae0386,UNKNOWN CALLSIGN,2025-06-17 09:55:54.337747,,59-1468,5307,26025,37.7,18.0,KC-135R Stratotanker,,,True
ae0650,UNKNOWN CALLSIGN,2025-06-17 09:55:54.337752,,58-0049,Unavailable,27000,35.3,20.3,KC-135R Stratotanker,,,True
ae2fa2,RCH798,2025-06-17 09:55:54.337756,United States Air Force,08-8190,0254,27825,45.0,13.2,C-17A Globemaster,142,428,True
ae0659,UNKNOWN CALLSIGN,2025-06-17 09:55:54.337760,,59-1464,1233,36000,37.1,16.0,KC-135R Stratotanker,,,True
adff0c,UNKNOWN CALLSIGN,2025-06-17 09:55:54.337764,,60-0335,0215,26950,37.7,18.0,KC-135R Stratotanker,,,True
ae05a5,UNKNOWN CALLSIGN,2025-06-17 09:55:54.337770,,62-3508,5171,26000,44.4,13.5,KC-135R Stratotanker,79,434,True
ae0391,RCH035,2025-06-17 09:55:54.337777,,63-8039,6773,34950,38.5,22.9,KC-135R Stratotanker,186,494,True
ae2fa2,RCH798,2025-06-17 09:56:55.564646,United States Air Force,08-8190,0254,28600,44.071225,13.196657,C-17A Globemaster,142,424,False
ae2fad,RCH263,2025-06-17 09:56:55.564662,United States Air Force,08-8201,7651,37000,49.105381,15.453572,C-17A Globemaster,114,479,False
ae0687,RCH038,2025-06-17 09:56:55.564668,,60-0349,3457,35000,48.921337,16.485763,KC-135R Stratotanker,109,464,False
ae63b6,GOLD91,2025-06-17 09:56:55.564673,,20-46074,1445,30000,49.175916,16.64869,KC-46A Pegasus,290,470,False
ae5e0c,GOLD52,2025-06-17 09:56:55.564679,,17-46031,7031,29000,37.96143,24.106709,KC-46A Pegasus,,,False
ae05a5,UNKNOWN CALLSIGN,2025-06-17 09:56:55.564684,,62-3508,5171,26000,44.5,13.4,KC-135R Stratotanker,41,440,True
ae0659,UNKNOWN CALLSIGN,2025-06-17 09:56:55.564689,,59-1464,1233,36000,37.1,15.4,KC-135R Stratotanker,,,True
ae0391,RCH035,2025-06-17 09:56:55.564694,,63-8039,6773,34950,38.5,22.9,KC-135R Stratotanker,185,494,True
adff0c,UNKNOWN CALLSIGN,2025-06-17 09:56:55.564700,,60-0335,0215,26975,37.2,16.7,KC-135R Stratotanker,,,True
ae05b1,UNKNOWN CALLSIGN,2025-06-17 09:56:55.564707,,63-8878,1222,36050,42.7,10.8,KC-135R Stratotanker,312,434,True
ae0386,UNKNOWN CALLSIGN,2025-06-17 09:56:55.564711,,59-1468,5307,26025,37.2,16.7,KC-135R Stratotanker,,,True
ae023d,RCH037,2025-06-17 09:56:55.564717,,58-0121,2160,35000,43.5,24.3,KC-135R Stratotanker,172,472,True
ae0650,UNKNOWN CALLSIGN,2025-06-17 09:56:55.564724,,58-0049,Unavailable,27000,35.3,20.3,KC-135R Stratotanker,,,True
ae035c,UNKNOWN CALLSIGN,2025-06-17 09:56:55.564729,,58-0062,Unavailable,Unavailable,32.2,29.9,KC-135R Stratotanker,,,True
ae2fa2,RCH798,2025-06-17 09:57:56.591259,United States Air Force,08-8190,0254,29125,43.970025,13.303004,C-17A Globemaster,142,422,False
ae2fad,RCH263,2025-06-17 09:57:56.591273,United States Air Force,08-8201,7651,37000,49.069171,15.651677,C-17A Globemaster,106,471,False
ae63b6,GOLD91,2025-06-17 09:57:56.591279,,20-46074,1445,30000,49.226767,16.464561,KC-46A Pegasus,290,470,False
ae0687,RCH038,2025-06-17 09:57:56.591284,,60-0349,3457,35000,48.874233,16.707214,KC-135R Stratotanker,109,464,False
ae5e0c,GOLD52,2025-06-17 09:57:56.591290,,17-46031,7031,29000,37.906477,24.091976,KC-46A Pegasus,,,False
ae05a5,UNKNOWN CALLSIGN,2025-06-17 09:57:56.591295,,62-3508,5171,26000,44.6,13.4,KC-135R Stratotanker,329,470,True
ae0659,UNKNOWN CALLSIGN,2025-06-17 09:57:56.591299,,59-1464,1233,36000,37.2,15.8,KC-135R Stratotanker,,,True
ae0391,RCH035,2025-06-17 09:57:56.591304,,63-8039,6773,34950,38.5,22.9,KC-135R Stratotanker,185,494,True
adff0c,UNKNOWN CALLSIGN,2025-06-17 09:57:56.591309,,60-0335,0215,27000,37.5,17.4,KC-135R Stratotanker,,,True
ae05b1,UNKNOWN CALLSIGN,2025-06-17 09:57:56.591316,,63-8878,1222,36025,42.7,10.8,KC-135R Stratotanker,312,434,True
ae0386,UNKNOWN CALLSIGN,2025-06-17 09:57:56.591320,,59-1468,5307,26025,37.5,17.4,KC-135R Stratotanker,,,True
ae023d,RCH037,2025-06-17 09:57:56.591326,,58-0121,2160,35000,43.6,24.3,KC-135R Stratotanker,172,472,True
ae0650,UNKNOWN CALLSIGN,2025-06-17 09:57:56.591333,,58-0049,Unavailable,27000,35.3,20.3,KC-135R Stratotanker,,,True
ae035c,UNKNOWN CALLSIGN,2025-06-17 09:57:56.591338,,58-0062,Unavailable,Unavailable,32.2,30.7,KC-135R Stratotanker,,,True
ae2fa2,RCH798,2025-06-17 09:58:57.325604,United States Air Force,08-8190,0254,29000,43.880623,13.39681,C-17A Globemaster,142,430,False
ae2fad,RCH263,2025-06-17 09:58:57.325619,United States Air Force,08-8201,7651,37000,49.029444,15.830629,C-17A Globemaster,113,432,False
ae63b6,GOLD91,2025-06-17 09:58:57.325625,,20-46074,1445,30000,49.271265,16.267185,KC-46A Pegasus,290,468,False
ae0687,RCH038,2025-06-17 09:58:57.325629,,60-0349,3457,35025,48.823937,16.907508,KC-135R Stratotanker,109,466,False
ae5e0c,GOLD52,2025-06-17 09:58:57.325636,,17-46031,7031,29025,37.870286,24.06737,KC-46A Pegasus,,,False
ae05b1,UNKNOWN CALLSIGN,2025-06-17 09:58:57.325645,,63-8878,1222,36025,42.7,10.8,KC-135R Stratotanker,311,434,True
ae023d,RCH037,2025-06-17 09:58:57.325654,,58-0121,2160,35000,43.1,23.7,KC-135R Stratotanker,172,474,True
ae0386,UNKNOWN CALLSIGN,2025-06-17 09:58:57.325658,,59-1468,5307,26050,37.7,17.7,KC-135R Stratotanker,,,True
ae0659,UNKNOWN CALLSIGN,2025-06-17 09:58:57.325662,,59-1464,1233,36000,37.1,15.3,KC-135R Stratotanker,,,True
adff0c,UNKNOWN CALLSIGN,2025-06-17 09:58:57.325666,,60-0335,Unavailable,26975,37.7,17.7,KC-135R Stratotanker,,,True
ae05a5,UNKNOWN CALLSIGN,2025-06-17 09:58:57.325672,,62-3508,5171,26000,44.3,13.5,KC-135R Stratotanker,257,482,True
ae0391,RCH035,2025-06-17 09:58:57.325678,,63-8039,6773,34950,39.9,23.3,KC-135R Stratotanker,180,496,True
ae2fa2,RCH798,2025-06-17 09:59:58.040986,United States Air Force,08-8190,0254,29000,43.782751,13.503255,C-17A Globemaster,142,440,False
ae2fad,RCH263,2025-06-17 09:59:58.041000,United States Air Force,08-8201,7651,37000,49.003558,15.991004,C-17A Globemaster,106,476,False
ae63b6,GOLD91,2025-06-17 09:59:58.041006,,20-46074,1445,30000,49.324954,16.065747,KC-46A Pegasus,290,468,False
ae0687,RCH038,2025-06-17 09:59:58.041010,,60-0349,3457,35000,48.781316,17.075167,KC-135R Stratotanker,117,470,False
ae05b1,UNKNOWN CALLSIGN,2025-06-17 09:59:58.041022,,63-8878,1222,36050,42.7,10.8,KC-135R Stratotanker,315,434,True
ae023d,RCH037,2025-06-17 09:59:58.041030,,58-0121,2160,35025,42.9,23.7,KC-135R Stratotanker,168,472,True
ae0659,UNKNOWN CALLSIGN,2025-06-17 09:59:58.041034,,59-1464,1233,36000,37.1,15.2,KC-135R Stratotanker,,,True
ae035c,UNKNOWN CALLSIGN,2025-06-17 09:59:58.041041,,58-0062,Unavailable,Unavailable,32.2,30.0,KC-135R Stratotanker,,,True
ae05a5,UNKNOWN CALLSIGN,2025-06-17 09:59:58.041046,,62-3508,5171,26000,44.7,13.2,KC-135R Stratotanker,258,486,True
ae119b,UNKNOWN CALLSIGN,2025-06-17 09:59:58.041050,United States Air Force,03-3118,Unavailable,Unavailable,6.4,2.6,C-17A Globemaster,,,True
ae0391,RCH035,2025-06-17 09:59:58.041056,,63-8039,6773,34950,38.5,22.9,KC-135R Stratotanker,180,496,True
ae5e0c,GOLD52,2025-06-17 09:59:58.041062,,17-46031,7031,29000,38.4,23.2,KC-46A Pegasus,,,True
ae2fa2,RCH798,2025-06-17 10:00:59.061537,United States Air Force,08-8190,0254,29000,43.728758,13.568967,C-17A Globemaster,142,450,False
ae05a5,UNKNOWN CALLSIGN,2025-06-17 10:00:59.061552,,62-3508,5171,26025,44.163677,13.779807,KC-135R Stratotanker,229,478,False
ae63b6,GOLD91,2025-06-17 10:00:59.061559,,20-46074,1445,29300,49.374799,15.865247,KC-46A Pegasus,290,460,False
ae2fad,RCH263,2025-06-17 10:00:59.061564,United States Air Force,08-8201,7651,37000,48.967297,16.160972,C-17A Globemaster,110,445,False
ae0687,RCH038,2025-06-17 10:00:59.061569,,60-0349,3457,35000,48.716904,17.262632,KC-135R Stratotanker,118,470,False
ae05b1,UNKNOWN CALLSIGN,2025-06-17 10:00:59.061582,,63-8878,1222,36025,41.4,12.3,KC-135R Stratotanker,315,434,True
ae023d,RCH037,2025-06-17 10:00:59.061590,,58-0121,2160,35000,43.0,23.9,KC-135R Stratotanker,165,472,True
ae0659,UNKNOWN CALLSIGN,2025-06-17 10:00:59.061595,,59-1464,1233,35975,37.1,15.1,KC-135R Stratotanker,,,True
ae119b,UNKNOWN CALLSIGN,2025-06-17 10:00:59.061602,United States Air Force,03-3118,6665,Unavailable,6.4,2.6,C-17A Globemaster,,,True
ae0391,RCH035,2025-06-17 10:00:59.061609,,63-8039,6773,34950,39.9,23.3,KC-135R Stratotanker,180,496,True
ae5e0c,GOLD52,2025-06-17 10:00:59.061614,,17-46031,7031,29000,38.3,23.4,KC-46A Pegasus,,,True
ae63b6,GOLD91,2025-06-17 10:01:59.849373,,20-46074,1445,28200,49.417099,15.703441,KC-46A Pegasus,290,452,False
ae2fad,RCH263,2025-06-17 10:01:59.849389,United States Air Force,08-8201,7651,36975,48.932497,16.351306,C-17A Globemaster,106,439,False
ae0687,RCH038,2025-06-17 10:01:59.849395,,60-0349,3457,35000,48.650172,17.450676,KC-135R Stratotanker,118,470,False
ae05a5,UNKNOWN CALLSIGN,2025-06-17 10:01:59.849402,,62-3508,5171,26000,44.7,13.3,KC-135R Stratotanker,149,442,True
ae0659,UNKNOWN CALLSIGN,2025-06-17 10:01:59.849407,,59-1464,1233,36000,37.1,15.1,KC-135R Stratotanker,,,True
ae0391,RCH035,2025-06-17 10:01:59.849411,,63-8039,6773,34950,38.5,23.0,KC-135R Stratotanker,180,496,True
ae2fa2,RCH798,2025-06-17 10:01:59.849419,United States Air Force,08-8190,0254,29000,44.5,13.4,C-17A Globemaster,142,458,True
ae05b1,UNKNOWN CALLSIGN,2025-06-17 10:01:59.849424,,63-8878,1222,36025,42.7,10.8,KC-135R Stratotanker,315,434,True
ae023d,RCH037,2025-06-17 10:01:59.849429,,58-0121,2160,35000,42.4,23.9,KC-135R Stratotanker,165,470,True
ae5e0c,GOLD52,2025-06-17 10:01:59.849434,,17-46031,7031,29000,38.3,23.5,KC-46A Pegasus,,,True
ae119b,UNKNOWN CALLSIGN,2025-06-17 10:01:59.849441,United States Air Force,03-3118,6665,Unavailable,6.4,2.6,C-17A Globemaster,,,True
ae63b6,GOLD91,2025-06-17 10:03:00.588813,,20-46074,1445,26900,49.4619,15.51065,KC-46A Pegasus,289,440,False
ae2fad,RCH263,2025-06-17 10:03:00.588828,United States Air Force,08-8201,7651,37000,48.901594,16.506021,C-17A Globemaster,108,439,False
ae0687,RCH038,2025-06-17 10:03:00.588834,,60-0349,3457,35000,48.577632,17.599169,KC-135R Stratotanker,134,476,False
ae05b1,UNKNOWN CALLSIGN,2025-06-17 10:03:00.588847,,63-8878,1222,36025,42.7,10.8,KC-135R Stratotanker,315,436,True
ae023d,RCH037,2025-06-17 10:03:00.588854,,58-0121,2160,35000,41.4,24.4,KC-135R Stratotanker,165,470,True
ae2fa2,RCH798,2025-06-17 10:03:00.588859,United States Air Force,08-8190,0254,29000,44.0,13.7,C-17A Globemaster,142,462,True
ae0659,UNKNOWN CALLSIGN,2025-06-17 10:03:00.588863,,59-1464,1233,36000,37.1,15.2,KC-135R Stratotanker,,,True
ae035c,UNKNOWN CALLSIGN,2025-06-17 10:03:00.588870,,58-0062,Unavailable,Unavailable,32.2,30.0,KC-135R Stratotanker,,,True
ae05a5,UNKNOWN CALLSIGN,2025-06-17 10:03:00.588874,,62-3508,5171,26000,44.7,13.3,KC-135R Stratotanker,82,432,True
ae119b,UNKNOWN CALLSIGN,2025-06-17 10:03:00.588879,United States Air Force,03-3118,6665,3000,6.4,2.6,C-17A Globemaster,,,True
ae0391,RCH035,2025-06-17 10:03:00.588885,,63-8039,6773,34950,38.4,23.0,KC-135R Stratotanker,180,494,True
ae5e0c,GOLD52,2025-06-17 10:03:00.588890,,17-46031,7031,29025,38.2,23.7,KC-46A Pegasus,,,True
ae63b6,GOLD91,2025-06-17 10:04:01.304959,,20-46074,1445,25425,49.506777,15.336427,KC-46A Pegasus,289,432,False
ae2fad,RCH263,2025-06-17 10:04:01.304974,United States Air Force,08-8201,7651,37000,48.856835,16.720122,C-17A Globemaster,105,471,False
ae0687,RCH038,2025-06-17 10:04:01.304980,,60-0349,3457,35000,48.489471,17.73391,KC-135R Stratotanker,135,478,False
ae05a5,UNKNOWN CALLSIGN,2025-06-17 10:04:01.304989,,62-3508,5171,26000,44.4,13.4,KC-135R Stratotanker,84,434,True
ae0659,UNKNOWN CALLSIGN,2025-06-17 10:04:01.304995,,59-1464,1233,36000,37.1,15.2,KC-135R Stratotanker,,,True
ae0391,RCH035,2025-06-17 10:04:01.305000,,63-8039,6773,34950,38.4,23.1,KC-135R Stratotanker,180,494,True
ae2fa2,RCH798,2025-06-17 10:04:01.305007,United States Air Force,08-8190,0254,29000,43.9,13.6,C-17A Globemaster,142,466,True
ae05b1,UNKNOWN CALLSIGN,2025-06-17 10:04:01.305012,,63-8878,1222,36025,42.7,10.8,KC-135R Stratotanker,315,436,True
ae023d,RCH037,2025-06-17 10:04:01.305018,,58-0121,2160,35000,41.1,24.1,KC-135R Stratotanker,165,470,True
ae5e0c,GOLD52,2025-06-17 10:04:01.305023,,17-46031,7031,Unavailable,38.2,23.7,KC-46A Pegasus,,,True
ae119b,UNKNOWN CALLSIGN,2025-06-17 10:04:01.305029,United States Air Force,03-3118,6665,2175,6.4,2.6,C-17A Globemaster,,,True
ae035c,UNKNOWN CALLSIGN,2025-06-17 10:04:01.305036,,58-0062,Unavailable,28000,32.2,30.0,KC-135R Stratotanker,,,True
ae63b6,GOLD91,2025-06-17 10:05:02.355210,,20-46074,1445,24000,49.549599,15.15945,KC-46A Pegasus,289,446,False
ae2fad,RCH263,2025-06-17 10:05:02.355226,United States Air Force,08-8201,7651,37000,48.822772,16.882506,C-17A Globemaster,107,420,False
ae0687,RCH038,2025-06-17 10:05:02.355232,,60-0349,3457,35000,48.385151,17.887946,KC-135R Stratotanker,135,476,False
ae0391,RCH035,2025-06-17 10:05:02.355240,,63-8039,6773,34950,38.24178,24.318085,KC-135R Stratotanker,180,494,False
ae05b1,UNKNOWN CALLSIGN,2025-06-17 10:05:02.355249,,63-8878,1222,36025,42.7,10.8,KC-135R Stratotanker,315,436,True
ae023d,RCH037,2025-06-17 10:05:02.355256,,58-0121,2160,35000,40.4,23.8,KC-135R Stratotanker,165,470,True
ae2fa2,RCH798,2025-06-17 10:05:02.355261,United States Air Force,08-8190,0254,29000,43.9,13.7,C-17A Globemaster,142,464,True
adff0c,UNKNOWN CALLSIGN,2025-06-17 10:05:02.355267,,60-0335,0215,28150,35.3,20.3,KC-135R Stratotanker,,,True
ae035c,UNKNOWN CALLSIGN,2025-06-17 10:05:02.355272,,58-0062,Unavailable,28000,31.5,31.3,KC-135R Stratotanker,,,True
ae63c3,UNKNOWN CALLSIGN,2025-06-17 10:05:02.355277,United States Air Force,21-46087,Unavailable,Unavailable,31.8,32.0,KC-46A Pegasus,,,True
ae5e0c,GOLD52,2025-06-17 10:05:02.355281,,17-46031,7031,Unavailable,38.1,23.9,KC-46A Pegasus,,,True
ae05a5,UNKNOWN CALLSIGN,2025-06-17 10:05:02.355286,,62-3508,5171,26025,44.3,13.6,KC-135R Stratotanker,86,440,True
ae119b,UNKNOWN CALLSIGN,2025-06-17 10:05:02.355290,United States Air Force,03-3118,6665,1600,6.4,2.6,C-17A Globemaster,,,True
ae63b6,GOLD91,2025-06-17 10:06:03.351629,,20-46074,1445,24025,49.593261,14.98037,KC-46A Pegasus,289,450,False
ae2fad,RCH263,2025-06-17 10:06:03.351646,United States Air Force,08-8201,7651,37000,48.790319,17.048225,C-17A Globemaster,107,443,False
ae0687,RCH038,2025-06-17 10:06:03.351653,,60-0349,3457,35000,48.288759,18.031427,KC-135R Stratotanker,135,476,False
ae0391,RCH035,2025-06-17 10:06:03.351660,,63-8039,6773,34950,38.110476,24.323347,KC-135R Stratotanker,178,492,False
ae05a5,UNKNOWN CALLSIGN,2025-06-17 10:06:03.351666,,62-3508,5171,26000,44.4,13.5,KC-135R Stratotanker,86,442,True
ae63c3,UNKNOWN CALLSIGN,2025-06-17 10:06:03.351671,United States Air Force,21-46087,3306,Unavailable,31.8,32.0,KC-46A Pegasus,,,True
adff0c,UNKNOWN CALLSIGN,2025-06-17 10:06:03.351677,,60-0335,0215,27975,35.3,20.3,KC-135R Stratotanker,,,True
ae2fa2,RCH798,2025-06-17 10:06:03.351683,United States Air Force,08-8190,0254,29000,43.6,13.9,C-17A Globemaster,142,468,True
ae05b1,UNKNOWN CALLSIGN,2025-06-17 10:06:03.351688,,63-8878,1222,36025,41.4,12.3,KC-135R Stratotanker,315,436,True
ae0386,UNKNOWN CALLSIGN,2025-06-17 10:06:03.351692,,59-1468,5307,27550,35.3,20.3,KC-135R Stratotanker,,,True
ae023d,RCH037,2025-06-17 10:06:03.351698,,58-0121,2160,35000,39.4,24.3,KC-135R Stratotanker,165,474,True
ae119b,UNKNOWN CALLSIGN,2025-06-17 10:06:03.351705,United States Air Force,03-3118,6665,1600,6.4,2.6,C-17A Globemaster,,,True
ae035c,UNKNOWN CALLSIGN,2025-06-17 10:06:03.351711,,58-0062,Unavailable,Unavailable,32.2,30.1,KC-135R Stratotanker,,,True
ae2fa2,RCH798,2025-06-17 10:07:04.078641,United States Air Force,08-8190,0254,29000,43.118327,14.169082,C-17A Globemaster,142,468,False
ae63b6,GOLD91,2025-06-17 10:07:04.078658,,20-46074,1445,24000,49.639887,14.788579,KC-46A Pegasus,289,448,False
ae2fad,RCH263,2025-06-17 10:07:04.078664,United States Air Force,08-8201,7651,36975,48.725032,17.242392,C-17A Globemaster,119,401,False
ae0687,RCH038,2025-06-17 10:07:04.078669,,60-0349,3457,35000,48.18791,18.180609,KC-135R Stratotanker,135,480,False
ae0391,RCH035,2025-06-17 10:07:04.078677,,63-8039,6773,34950,37.894738,24.294415,KC-135R Stratotanker,178,490,False
ae05b1,UNKNOWN CALLSIGN,2025-06-17 10:07:04.078687,,63-8878,1222,36025,42.7,10.8,KC-135R Stratotanker,315,436,True
ae023d,RCH037,2025-06-17 10:07:04.078694,,58-0121,2160,35000,39.2,23.8,KC-135R Stratotanker,165,474,True
ae0386,UNKNOWN CALLSIGN,2025-06-17 10:07:04.078698,,59-1468,5307,27500,35.3,20.3,KC-135R Stratotanker,,,True
adff0c,UNKNOWN CALLSIGN,2025-06-17 10:07:04.078704,,60-0335,0215,27975,35.3,20.3,KC-135R Stratotanker,,,True
ae035c,UNKNOWN CALLSIGN,2025-06-17 10:07:04.078710,,58-0062,Unavailable,30425,31.5,30.6,KC-135R Stratotanker,,,True
ae05a5,UNKNOWN CALLSIGN,2025-06-17 10:07:04.078714,,62-3508,5171,26000,44.7,13.3,KC-135R Stratotanker,23,454,True
ae119b,UNKNOWN CALLSIGN,2025-06-17 10:07:04.078719,United States Air Force,03-3118,6665,1575,6.4,2.6,C-17A Globemaster,,,True
ae63b6,GOLD91,2025-06-17 10:08:04.812649,,20-46074,1445,24025,49.683075,14.607326,KC-46A Pegasus,289,454,False
ae2fad,RCH263,2025-06-17 10:08:04.812663,United States Air Force,08-8201,7651,37000,48.664148,17.410615,C-17A Globemaster,123,437,False
ae0687,RCH038,2025-06-17 10:08:04.812668,,60-0349,3457,35000,48.104139,18.302603,KC-135R Stratotanker,135,486,False
ae0391,RCH035,2025-06-17 10:08:04.812675,,63-8039,6773,34950,37.854731,24.172707,KC-135R Stratotanker,178,488,False
ae07ef,UNKNOWN CALLSIGN,2025-06-17 10:08:04.812682,United States Air Force,96-0005,0323,Unavailable,31.5,30.6,C-17A Globemaster,,,True
ae05b1,UNKNOWN CALLSIGN,2025-06-17 10:08:04.812688,,63-8878,1222,36025,42.0,13.2,KC-135R Stratotanker,315,436,True
ae574f,UNKNOWN CALLSIGN,2025-06-17 10:08:04.812694,,15-46009,Unavailable,Unavailable,32.2,30.2,KC-46A Pegasus,,,True
ae023d,RCH037,2025-06-17 10:08:04.812699,,58-0121,2160,35000,39.5,24.5,KC-135R Stratotanker,165,476,True
ae0386,UNKNOWN CALLSIGN,2025-06-17 10:08:04.812703,,59-1468,5307,27525,35.3,20.3,KC-135R Stratotanker,,,True
ae2fa2,RCH798,2025-06-17 10:08:04.812707,United States Air Force,08-8190,0254,29000,43.2,14.1,C-17A Globemaster,142,468,True
adff0c,UNKNOWN CALLSIGN,2025-06-17 10:08:04.812712,,60-0335,0215,28000,35.3,20.3,KC-135R Stratotanker,,,True
ae035c,UNKNOWN CALLSIGN,2025-06-17 10:08:04.812717,,58-0062,5301,32700,31.5,30.6,KC-135R Stratotanker,,,True
ae05a5,UNKNOWN CALLSIGN,2025-06-17 10:08:04.812721,,62-3508,5171,26000,44.3,13.5,KC-135R Stratotanker,301,486,True
ae119b,UNKNOWN CALLSIGN,2025-06-17 10:08:04.812725,United States Air Force,03-3118,6665,1000,6.4,2.6,C-17A Globemaster,,,True
ae05a5,UNKNOWN CALLSIGN,2025-06-17 10:09:05.775402,,62-3508,5171,26000,44.182966,14.123071,KC-135R Stratotanker,257,488,False
ae63b6,GOLD91,2025-06-17 10:09:05.775417,,20-46074,1445,24000,49.720075,14.453247,KC-46A Pegasus,288,464,False
ae2fad,RCH263,2025-06-17 10:09:05.775422,United States Air Force,08-8201,7651,36975,48.603105,17.564354,C-17A Globemaster,122,456,False
ae0687,RCH038,2025-06-17 10:09:05.775427,,60-0349,3457,35000,48.012833,18.436728,KC-135R Stratotanker,135,492,False
ae0391,RCH035,2025-06-17 10:09:05.775433,,63-8039,6773,34950,37.858123,24.111351,KC-135R Stratotanker,178,490,False
ae574f,UNKNOWN CALLSIGN,2025-06-17 10:09:05.775440,,15-46009,Unavailable,Unavailable,32.2,30.1,KC-46A Pegasus,,,True
ae2fa2,RCH798,2025-06-17 10:09:05.775447,United States Air Force,08-8190,0254,28975,42.9,14.3,C-17A Globemaster,142,468,True
ae05b1,UNKNOWN CALLSIGN,2025-06-17 10:09:05.775453,,63-8878,1222,36025,44.0,13.6,KC-135R Stratotanker,315,436,True
ae0386,UNKNOWN CALLSIGN,2025-06-17 10:09:05.775457,,59-1468,5307,27525,35.3,20.3,KC-135R Stratotanker,,,True
ae07ef,UNKNOWN CALLSIGN,2025-06-17 10:09:05.775461,United States Air Force,96-0005,0323,28000,31.5,30.6,C-17A Globemaster,,,True
ae023d,RCH037,2025-06-17 10:09:05.775465,,58-0121,6752,35000,39.4,23.9,KC-135R Stratotanker,165,478,True
ae119b,UNKNOWN CALLSIGN,2025-06-17 10:09:05.775472,United States Air Force,03-3118,6665,400,6.4,2.6,C-17A Globemaster,,,True
ae035c,UNKNOWN CALLSIGN,2025-06-17 10:09:05.775491,,58-0062,5301,33550,32.2,30.1,KC-135R Stratotanker,,,True
ae63b6,GOLD91,2025-06-17 10:10:06.994541,,20-46074,1445,24025,49.76973,14.23273,KC-46A Pegasus,288,462,False
ae2fad,RCH263,2025-06-17 10:10:06.994557,United States Air Force,08-8201,7651,37000,48.504535,17.709661,C-17A Globemaster,135,468,False
ae0687,RCH038,2025-06-17 10:10:06.994564,,60-0349,3457,35000,47.900151,18.59787,KC-135R Stratotanker,135,498,False
ae07ef,UNKNOWN CALLSIGN,2025-06-17 10:10:06.994575,United States Air Force,96-0005,0323,28000,31.5,31.3,C-17A Globemaster,,,True
ae05b1,UNKNOWN CALLSIGN,2025-06-17 10:10:06.994582,,63-8878,1222,36025,41.4,12.3,KC-135R Stratotanker,315,438,True
ae574f,UNKNOWN CALLSIGN,2025-06-17 10:10:06.994588,,15-46009,7021,Unavailable,32.2,30.2,KC-46A Pegasus,,,True
ae023d,RCH037,2025-06-17 10:10:06.994594,,58-0121,6752,35000,38.9,23.7,KC-135R Stratotanker,170,478,True
ae0386,UNKNOWN CALLSIGN,2025-06-17 10:10:06.994599,,59-1468,5307,27550,35.3,20.3,KC-135R Stratotanker,,,True
ae2fa2,RCH798,2025-06-17 10:10:06.994604,United States Air Force,08-8190,0254,29000,42.9,14.3,C-17A Globemaster,143,468,True
ae035c,UNKNOWN CALLSIGN,2025-06-17 10:10:06.994611,,58-0062,5301,35900,32.2,30.2,KC-135R Stratotanker,,,True
ae05a5,UNKNOWN CALLSIGN,2025-06-17 10:10:06.994616,,62-3508,5171,26000,44.5,13.3,KC-135R Stratotanker,261,490,True
ae0391,RCH035,2025-06-17 10:10:06.994622,,63-8039,6773,34950,38.4,23.2,KC-135R Stratotanker,178,490,True
ae05a5,UNKNOWN CALLSIGN,2025-06-17 10:11:07.985879,,62-3508,5171,26000,44.141985,13.809036,KC-135R Stratotanker,267,490,False
ae63b6,GOLD91,2025-06-17 10:11:07.985895,,20-46074,1445,24025,49.809391,14.06291,KC-46A Pegasus,288,462,False
ae2fad,RCH263,2025-06-17 10:11:07.985902,United States Air Force,08-8201,7651,37000,48.416195,17.84144,C-17A Globemaster,137,506,False
ae0687,RCH038,2025-06-17 10:11:07.985907,,60-0349,3457,35000,47.798365,18.745294,KC-135R Stratotanker,132,502,False
ae05b1,UNKNOWN CALLSIGN,2025-06-17 10:11:07.985919,,63-8878,1222,36025,44.0,13.6,KC-135R Stratotanker,315,438,True
ae023d,RCH037,2025-06-17 10:11:07.985925,,58-0121,6752,35000,39.4,23.4,KC-135R Stratotanker,184,480,True
ae0386,UNKNOWN CALLSIGN,2025-06-17 10:11:07.985930,,59-1468,Unavailable,27400,35.3,20.3,KC-135R Stratotanker,,,True
ae2fa2,RCH798,2025-06-17 10:11:07.985935,United States Air Force,08-8190,0254,29000,42.8,14.3,C-17A Globemaster,143,460,True
ae117d,RCH826,2025-06-17 10:11:07.985941,United States Air Force,02-1111,1452,Unavailable,35.1,-5.9,C-17A Globemaster,,,True
ae0391,RCH035,2025-06-17 10:11:07.985947,,63-8039,6773,34950,38.3,23.3,KC-135R Stratotanker,178,490,True
ae63b6,GOLD91,2025-06-17 10:12:08.709696,,20-46074,1445,24000,49.858738,13.860608,KC-46A Pegasus,288,462,False
ae2fad,RCH263,2025-06-17 10:12:08.709713,United States Air Force,08-8201,7651,37000,48.32164,17.984984,C-17A Globemaster,134,450,False
ae0687,RCH038,2025-06-17 10:12:08.709720,,60-0349,3457,35000,47.700933,18.899107,KC-135R Stratotanker,132,504,False
ae05a5,UNKNOWN CALLSIGN,2025-06-17 10:12:08.709729,,62-3508,5171,26000,44.9,13.1,KC-135R Stratotanker,225,478,True
ae0659,UNKNOWN CALLSIGN,2025-06-17 10:12:08.709734,,59-1464,1233,36000,38.6,15.0,KC-135R Stratotanker,,,True
ae0391,RCH035,2025-06-17 10:12:08.709739,,63-8039,6773,34700,38.4,23.0,KC-135R Stratotanker,178,454,True
ae2fa2,RCH798,2025-06-17 10:12:08.709747,United States Air Force,08-8190,0254,29000,42.8,14.3,C-17A Globemaster,127,456,True
ae05b1,UNKNOWN CALLSIGN,2025-06-17 10:12:08.709753,,63-8878,1222,36025,45.0,13.1,KC-135R Stratotanker,315,438,True
ae0386,UNKNOWN CALLSIGN,2025-06-17 10:12:08.709758,,59-1468,Unavailable,27125,35.3,20.3,KC-135R Stratotanker,,,True
ae07ef,UNKNOWN CALLSIGN,2025-06-17 10:12:08.709762,United States Air Force,96-0005,0323,28000,32.2,30.6,C-17A Globemaster,,,True
ae023d,RCH037,2025-06-17 10:12:08.709766,,58-0121,6752,35000,39.2,23.4,KC-135R Stratotanker,184,482,True
ae117d,RCH826,2025-06-17 10:12:08.709773,United States Air Force,02-1111,1452,7900,35.1,-5.9,C-17A Globemaster,,,True
ae63b6,GOLD91,2025-06-17 10:13:09.895405,,20-46074,1445,24025,49.903785,13.650037,KC-46A Pegasus,288,464,False
ae2fad,RCH263,2025-06-17 10:13:09.895423,United States Air Force,08-8201,7651,37000,48.229519,18.120007,C-17A Globemaster,134,482,False
ae0687,RCH038,2025-06-17 10:13:09.895430,,60-0349,3457,35000,47.643668,18.995774,KC-135R Stratotanker,133,502,False
ae07ef,UNKNOWN CALLSIGN,2025-06-17 10:13:09.895441,United States Air Force,96-0005,0323,28000,32.2,30.6,C-17A Globemaster,,,True
ae05b1,UNKNOWN CALLSIGN,2025-06-17 10:13:09.895448,,63-8878,1222,36025,42.7,10.8,KC-135R Stratotanker,314,438,True
ae023d,RCH037,2025-06-17 10:13:09.895455,,58-0121,6752,35000,38.8,23.4,KC-135R Stratotanker,184,482,True
ae0386,UNKNOWN CALLSIGN,2025-06-17 10:13:09.895460,,59-1468,Unavailable,27025,35.3,20.3,KC-135R Stratotanker,,,True
ae2fa2,RCH798,2025-06-17 10:13:09.895465,United States Air Force,08-8190,0254,28975,42.8,14.3,C-17A Globemaster,126,460,True
ae0659,UNKNOWN CALLSIGN,2025-06-17 10:13:09.895469,,59-1464,1233,36000,40.6,14.8,KC-135R Stratotanker,,,True
ae117d,RCH826,2025-06-17 10:13:09.895477,United States Air Force,02-1111,1452,9825,35.1,-5.9,C-17A Globemaster,,,True
ae05a5,UNKNOWN CALLSIGN,2025-06-17 10:13:09.895482,,62-3508,5171,26000,44.7,13.3,KC-135R Stratotanker,134,438,True
ae0391,RCH035,2025-06-17 10:13:09.895488,,63-8039,6773,33425,38.4,23.1,KC-135R Stratotanker,178,410,True
ae63b6,GOLD91,2025-06-17 10:14:10.738566,,20-46074,1445,24000,49.935501,13.5086,KC-46A Pegasus,288,464,False
ae2fad,RCH263,2025-06-17 10:14:10.738583,United States Air Force,08-8201,7651,37000,48.141884,18.248041,C-17A Globemaster,135,444,False
ae0687,RCH038,2025-06-17 10:14:10.738589,,60-0349,3457,35000,47.499541,19.221698,KC-135R Stratotanker,133,498,False
ae05a5,UNKNOWN CALLSIGN,2025-06-17 10:14:10.738598,,62-3508,5171,26000,44.6,13.3,KC-135R Stratotanker,77,432,True
ae0659,UNKNOWN CALLSIGN,2025-06-17 10:14:10.738603,,59-1464,1233,36000,42.0,14.6,KC-135R Stratotanker,,,True
ae0391,RCH035,2025-06-17 10:14:10.738609,,63-8039,6773,29525,38.2,23.7,KC-135R Stratotanker,178,398,True
ae2fa2,RCH798,2025-06-17 10:14:10.738615,United States Air Force,08-8190,0254,29225,42.7,14.3,C-17A Globemaster,127,464,True
ae0681,UNKNOWN CALLSIGN,2025-06-17 10:14:10.738620,,58-0086,Unavailable,Unavailable,46.9,17.9,KC-135R Stratotanker,,,True
ae05b1,UNKNOWN CALLSIGN,2025-06-17 10:14:10.738626,,63-8878,1222,36025,42.7,10.8,KC-135R Stratotanker,314,436,True
ae0386,UNKNOWN CALLSIGN,2025-06-17 10:14:10.738631,,59-1468,Unavailable,27025,35.3,20.3,KC-135R Stratotanker,,,True
ae07ef,UNKNOWN CALLSIGN,2025-06-17 10:14:10.738635,United States Air Force,96-0005,0323,28000,32.2,30.6,C-17A Globemaster,,,True
ae023d,RCH037,2025-06-17 10:14:10.738640,,58-0121,6752,35000,39.0,23.2,KC-135R Stratotanker,184,482,True
ae117d,RCH826,2025-06-17 10:14:10.738647,United States Air Force,02-1111,1452,10875,35.1,-5.9,C-17A Globemaster,,,True
ae63b6,GOLD91,2025-06-17 10:15:11.716538,,20-46074,1445,24000,49.9729,13.3401,KC-46A Pegasus,288,464,False
ae2fad,RCH263,2025-06-17 10:15:11.716553,United States Air Force,08-8201,7651,37000,48.054639,18.375135,C-17A Globemaster,138,441,False
ae0687,RCH038,2025-06-17 10:15:11.716560,,60-0349,3457,35000,47.469916,19.28321,KC-135R Stratotanker,133,494,False
ae07ef,UNKNOWN CALLSIGN,2025-06-17 10:15:11.716569,United States Air Force,96-0005,0323,28000,32.2,30.6,C-17A Globemaster,,,True
ae05b1,UNKNOWN CALLSIGN,2025-06-17 10:15:11.716575,,63-8878,1222,36025,41.5,6.1,KC-135R Stratotanker,314,436,True
ae023d,RCH037,2025-06-17 10:15:11.716581,,58-0121,6752,35000,39.0,23.3,KC-135R Stratotanker,184,486,True
ae0386,UNKNOWN CALLSIGN,2025-06-17 10:15:11.716586,,59-1468,Unavailable,27025,38.0,24.7,KC-135R Stratotanker,,,True
ae2fa2,RCH798,2025-06-17 10:15:11.716590,United States Air Force,08-8190,0254,29950,42.8,14.3,C-17A Globemaster,127,456,True
ae0659,UNKNOWN CALLSIGN,2025-06-17 10:15:11.716594,,59-1464,1233,36000,42.5,14.5,KC-135R Stratotanker,,,True
ae117d,RCH826,2025-06-17 10:15:11.716600,United States Air Force,02-1111,1452,11450,35.1,-5.9,C-17A Globemaster,,,True
ae05a5,UNKNOWN CALLSIGN,2025-06-17 10:15:11.716604,,62-3508,5171,26000,44.3,13.5,KC-135R Stratotanker,88,432,True
ae0391,RCH035,2025-06-17 10:15:11.716610,,63-8039,6773,28950,38.2,23.9,KC-135R Stratotanker,,,True
ae63b6,GOLD91,2025-06-17 10:16:12.902196,,20-46074,1445,24000,50.026001,13.1036,KC-46A Pegasus,288,466,False
ae2fad,RCH263,2025-06-17 10:16:12.902212,United States Air Force,08-8201,7651,37000,47.942831,18.537292,C-17A Globemaster,136,490,False
ae05a5,UNKNOWN CALLSIGN,2025-06-17 10:16:12.902223,,62-3508,5171,26025,44.5,13.4,KC-135R Stratotanker,83,434,True
ae0659,UNKNOWN CALLSIGN,2025-06-17 10:16:12.902228,,59-1464,1233,36000,42.7,14.5,KC-135R Stratotanker,314,438,True
ae2fa2,RCH798,2025-06-17 10:16:12.902236,United States Air Force,08-8190,0254,30325,42.8,14.4,C-17A Globemaster,127,458,True
ae05b1,UNKNOWN CALLSIGN,2025-06-17 10:16:12.902243,,63-8878,1222,36050,45.0,13.1,KC-135R Stratotanker,314,436,True
ae0386,UNKNOWN CALLSIGN,2025-06-17 10:16:12.902248,,59-1468,5307,27050,38.0,24.6,KC-135R Stratotanker,,,True
ae07ef,RCH860,2025-06-17 10:16:12.902252,United States Air Force,96-0005,0323,28000,32.2,30.6,C-17A Globemaster,,,True
ae023d,RCH037,2025-06-17 10:16:12.902258,,58-0121,6752,35000,38.9,23.3,KC-135R Stratotanker,184,490,True
ae117d,RCH826,2025-06-17 10:16:12.902264,United States Air Force,02-1111,1452,12825,35.1,-5.9,C-17A Globemaster,,,True
ae0687,RCH038,2025-06-17 10:16:12.902270,,60-0349,3457,35000,48.3,18.6,KC-135R Stratotanker,133,494,True
896c2c,UNKNOWN CALLSIGN,2025-06-17 10:16:12.902276,United Arab Emirates Air Force,1224,Unavailable,Unavailable,25.2,54.7,C-17A Globemaster,,,True
ae63b6,GOLD91,2025-06-17 10:17:13.627998,,20-46074,1445,24000,50.07201,12.894201,KC-46A Pegasus,288,466,False
ae2fad,RCH263,2025-06-17 10:17:13.628015,United States Air Force,08-8201,7651,37000,47.847843,18.67434,C-17A Globemaster,133,485,False
ae05a5,UNKNOWN CALLSIGN,2025-06-17 10:17:13.628039,,62-3508,5171,26000,44.3,13.5,KC-135R Stratotanker,83,434,True
ae0659,UNKNOWN CALLSIGN,2025-06-17 10:17:13.628044,,59-1464,1233,36000,41.8,12.9,KC-135R Stratotanker,314,440,True
ae2fa2,RCH798,2025-06-17 10:17:13.628052,United States Air Force,08-8190,0254,30875,42.8,14.3,C-17A Globemaster,127,458,True
ae05b1,UNKNOWN CALLSIGN,2025-06-17 10:17:13.628059,,63-8878,1222,36025,45.1,11.6,KC-135R Stratotanker,314,438,True
ae0386,UNKNOWN CALLSIGN,2025-06-17 10:17:13.628064,,59-1468,5307,27050,38.0,24.6,KC-135R Stratotanker,,,True
ae07ef,RCH860,2025-06-17 10:17:13.628069,United States Air Force,96-0005,0323,28000,32.2,30.7,C-17A Globemaster,,,True
ae023d,RCH037,2025-06-17 10:17:13.628075,,58-0121,6752,35000,38.8,23.5,KC-135R Stratotanker,184,492,True
ae117d,RCH826,2025-06-17 10:17:13.628081,United States Air Force,02-1111,1452,14075,35.1,-5.9,C-17A Globemaster,,,True
ae0687,RCH038,2025-06-17 10:17:13.628087,,60-0349,3457,35000,48.1,18.3,KC-135R Stratotanker,133,496,True
896c2c,UNKNOWN CALLSIGN,2025-06-17 10:17:13.628093,United Arab Emirates Air Force,1224,Unavailable,Unavailable,25.2,54.7,C-17A Globemaster,,,True
ae63b6,GOLD91,2025-06-17 10:18:14.846119,,20-46074,1445,24025,50.112911,12.697654,KC-46A Pegasus,288,466,False
ae2fad,RCH263,2025-06-17 10:18:14.846134,United States Air Force,08-8201,7651,37000,47.766395,18.802034,C-17A Globemaster,131,406,False
ae07ef,RCH860,2025-06-17 10:18:14.846144,United States Air Force,96-0005,0323,28000,32.2,30.7,C-17A Globemaster,,,True
ae05b1,UNKNOWN CALLSIGN,2025-06-17 10:18:14.846151,,63-8878,1222,36025,42.7,10.8,KC-135R Stratotanker,314,438,True
ae023d,RCH037,2025-06-17 10:18:14.846158,,58-0121,6752,35000,38.9,23.2,KC-135R Stratotanker,184,494,True
ae0386,UNKNOWN CALLSIGN,2025-06-17 10:18:14.846162,,59-1468,5307,27025,35.3,20.3,KC-135R Stratotanker,,,True
ae2fa2,RCH798,2025-06-17 10:18:14.846167,United States Air Force,08-8190,0254,31000,42.8,14.3,C-17A Globemaster,127,458,True
ae0659,UNKNOWN CALLSIGN,2025-06-17 10:18:14.846171,,59-1464,1233,36000,41.7,12.7,KC-135R Stratotanker,314,442,True
adff0c,UNKNOWN CALLSIGN,2025-06-17 10:18:14.846175,,60-0335,Unavailable,28000,37.1,15.6,KC-135R Stratotanker,,,True
ae117d,RCH826,2025-06-17 10:18:14.846181,United States Air Force,02-1111,1452,15575,35.2,-5.8,C-17A Globemaster,,,True
ae05a5,UNKNOWN CALLSIGN,2025-06-17 10:18:14.846185,,62-3508,5171,26000,44.4,13.5,KC-135R Stratotanker,20,448,True
ae0687,RCH038,2025-06-17 10:18:14.846190,,60-0349,3457,35000,48.6,18.0,KC-135R Stratotanker,133,498,True
ae63b6,GOLD91,2025-06-17 10:19:15.830406,,20-46074,1445,24000,50.154755,12.50934,KC-46A Pegasus,287,466,False
ae2fad,RCH263,2025-06-17 10:19:15.830425,United States Air Force,08-8201,7651,37000,47.690654,18.918835,C-17A Globemaster,136,496,False
896c2c,UNKNOWN CALLSIGN,2025-06-17 10:19:15.830436,United Arab Emirates Air Force,1224,1765,Unavailable,25.2,54.7,C-17A Globemaster,,,True
ae07ef,RCH860,2025-06-17 10:19:15.830442,United States Air Force,96-0005,0323,28000,32.2,30.8,C-17A Globemaster,,,True
ae05b1,UNKNOWN CALLSIGN,2025-06-17 10:19:15.830449,,63-8878,1222,36025,44.3,10.4,KC-135R Stratotanker,314,440,True
ae023d,RCH037,2025-06-17 10:19:15.830457,,58-0121,6752,35000,38.7,23.4,KC-135R Stratotanker,184,498,True
ae0386,UNKNOWN CALLSIGN,2025-06-17 10:19:15.830462,,59-1468,5307,27025,35.3,20.3,KC-135R Stratotanker,,,True
ae0659,UNKNOWN CALLSIGN,2025-06-17 10:19:15.830467,,59-1464,1233,36000,42.4,13.8,KC-135R Stratotanker,314,442,True
adff0c,UNKNOWN CALLSIGN,2025-06-17 10:19:15.830472,,60-0335,0215,28000,37.1,15.6,KC-135R Stratotanker,,,True
ae117d,RCH826,2025-06-17 10:19:15.830481,United States Air Force,02-1111,1452,17200,35.2,-5.6,C-17A Globemaster,,,True
ae05a5,UNKNOWN CALLSIGN,2025-06-17 10:19:15.830486,,62-3508,5171,26000,44.4,13.4,KC-135R Stratotanker,311,476,True
ae0687,RCH038,2025-06-17 10:19:15.830492,,60-0349,3457,35000,47.8,18.8,KC-135R Stratotanker,133,500,True
ae63b6,GOLD91,2025-06-17 10:20:16.781147,,20-46074,1445,24000,50.19046,12.298794,KC-46A Pegasus,272,470,False
ae2fad,RCH263,2025-06-17 10:20:16.781162,United States Air Force,08-8201,7651,36975,47.583621,19.091938,C-17A Globemaster,133,462,False
896c2c,UNKNOWN CALLSIGN,2025-06-17 10:20:16.781170,United Arab Emirates Air Force,1224,Unavailable,6025,25.2,54.7,C-17A Globemaster,,,True
ae07ef,RCH860,2025-06-17 10:20:16.781175,United States Air Force,96-0005,0323,28000,32.2,30.1,C-17A Globemaster,,,True
ae05b1,UNKNOWN CALLSIGN,2025-06-17 10:20:16.781180,,63-8878,1222,36050,41.5,6.1,KC-135R Stratotanker,314,442,True
ae035c,UNKNOWN CALLSIGN,2025-06-17 10:20:16.781185,,58-0062,Unavailable,38000,35.3,20.3,KC-135R Stratotanker,,,True
ae023d,RCH037,2025-06-17 10:20:16.781191,,58-0121,6752,35000,38.6,23.4,KC-135R Stratotanker,184,498,True
ae0386,UNKNOWN CALLSIGN,2025-06-17 10:20:16.781195,,59-1468,5307,27025,35.3,20.3,KC-135R Stratotanker,,,True
ae0659,UNKNOWN CALLSIGN,2025-06-17 10:20:16.781199,,59-1464,1233,36000,42.6,14.1,KC-135R Stratotanker,314,444,True
ae117d,RCH826,2025-06-17 10:20:16.781205,United States Air Force,02-1111,1452,18300,35.1,-5.9,C-17A Globemaster,,,True
ae05a5,UNKNOWN CALLSIGN,2025-06-17 10:20:16.781209,,62-3508,5171,26000,44.2,13.5,KC-135R Stratotanker,255,484,True
ae0687,RCH038,2025-06-17 10:20:16.781214,,60-0349,3457,35000,47.0,21.1,KC-135R Stratotanker,133,498,True
ae63b6,GOLD91,2025-06-17 10:21:17.915344,,20-46074,1445,24000,50.189801,12.097463,KC-46A Pegasus,269,468,False
ae05a5,UNKNOWN CALLSIGN,2025-06-17 10:21:17.915360,,62-3508,5171,26000,44.142992,13.969692,KC-135R Stratotanker,268,486,False
ae2fad,RCH263,2025-06-17 10:21:17.915368,United States Air Force,08-8201,7651,37000,47.476152,19.271865,C-17A Globemaster,130,541,False
896c2c,UNKNOWN CALLSIGN,2025-06-17 10:21:17.915377,United Arab Emirates Air Force,1224,1765,8650,25.2,54.7,C-17A Globemaster,,,True
ae07ef,RCH860,2025-06-17 10:21:17.915383,United States Air Force,96-0005,0323,28000,32.2,30.1,C-17A Globemaster,,,True
ae05b1,UNKNOWN CALLSIGN,2025-06-17 10:21:17.915389,,63-8878,1222,36025,42.7,10.8,KC-135R Stratotanker,314,444,True
ae035c,UNKNOWN CALLSIGN,2025-06-17 10:21:17.915393,,58-0062,Unavailable,38000,35.3,20.3,KC-135R Stratotanker,,,True
ae023d,RCH037,2025-06-17 10:21:17.915400,,58-0121,6752,35000,38.7,23.2,KC-135R Stratotanker,184,498,True
ae0386,UNKNOWN CALLSIGN,2025-06-17 10:21:17.915404,,59-1468,5307,27025,35.3,20.3,KC-135R Stratotanker,,,True
ae0659,UNKNOWN CALLSIGN,2025-06-17 10:21:17.915408,,59-1464,1233,36000,42.7,14.3,KC-135R Stratotanker,314,444,True
adff0c,UNKNOWN CALLSIGN,2025-06-17 10:21:17.915413,,60-0335,0215,28475,37.1,15.6,KC-135R Stratotanker,,,True
ae117d,RCH826,2025-06-17 10:21:17.915420,United States Air Force,02-1111,1452,19425,35.2,-5.6,C-17A Globemaster,,,True
ae0687,RCH038,2025-06-17 10:21:17.915425,,60-0349,3457,35000,47.0,21.1,KC-135R Stratotanker,133,498,True
ae05b1,UNKNOWN CALLSIGN,2025-06-17 10:22:18.668033,,63-8878,1222,36025,43.090225,10.027602,KC-135R Stratotanker,314,444,False
ae63b6,GOLD91,2025-06-17 10:22:18.668050,,20-46074,1445,24000,50.188282,11.899521,KC-46A Pegasus,269,468,False
ae2fad,RCH263,2025-06-17 10:22:18.668059,United States Air Force,08-8201,7651,37000,47.380637,19.426795,C-17A Globemaster,132,524,False
896c2c,UNKNOWN CALLSIGN,2025-06-17 10:22:18.668067,United Arab Emirates Air Force,1224,1765,9300,25.2,54.7,C-17A Globemaster,,,True
ae07ef,RCH860,2025-06-17 10:22:18.668073,United States Air Force,96-0005,0323,28000,32.2,29.5,C-17A Globemaster,,,True
ae035c,UNKNOWN CALLSIGN,2025-06-17 10:22:18.668080,,58-0062,5301,38000,35.3,20.3,KC-135R Stratotanker,,,True
ae023d,RCH037,2025-06-17 10:22:18.668086,,58-0121,6752,35000,38.8,23.0,KC-135R Stratotanker,184,496,True
ae0386,UNKNOWN CALLSIGN,2025-06-17 10:22:18.668090,,59-1468,5307,27025,35.3,20.3,KC-135R Stratotanker,,,True
ae0659,UNKNOWN CALLSIGN,2025-06-17 10:22:18.668095,,59-1464,1233,36000,41.4,12.3,KC-135R Stratotanker,314,446,True
adff0c,UNKNOWN CALLSIGN,2025-06-17 10:22:18.668099,,60-0335,0215,30850,37.1,15.6,KC-135R Stratotanker,,,True
ae117d,RCH826,2025-06-17 10:22:18.668106,United States Air Force,02-1111,1452,20400,35.3,-5.6,C-17A Globemaster,,,True
ae05a5,UNKNOWN CALLSIGN,2025-06-17 10:22:18.668110,,62-3508,5171,25975,44.8,13.1,KC-135R Stratotanker,252,486,True
ae0687,RCH038,2025-06-17 10:22:18.668115,,60-0349,3457,35000,47.0,21.0,KC-135R Stratotanker,133,496,True
ae117d,RCH826,2025-06-17 10:23:19.652111,United States Air Force,02-1111,1452,21500,36.635252,-4.866116,C-17A Globemaster,68,440,False
ae63b6,GOLD91,2025-06-17 10:23:19.652137,,20-46074,1445,24025,50.188702,11.7121,KC-46A Pegasus,271,466,False
ae05a5,UNKNOWN CALLSIGN,2025-06-17 10:23:19.652148,,62-3508,5171,26000,44.8,13.1,KC-135R Stratotanker,173,452,True
ae0659,UNKNOWN CALLSIGN,2025-06-17 10:23:19.652153,,59-1464,1233,36000,41.4,12.3,KC-135R Stratotanker,314,446,True
adff0c,UNKNOWN CALLSIGN,2025-06-17 10:23:19.652158,,60-0335,0215,34050,37.0,14.5,KC-135R Stratotanker,,,True
ae05b1,UNKNOWN CALLSIGN,2025-06-17 10:23:19.652165,,63-8878,1222,36050,43.0,9.4,KC-135R Stratotanker,316,442,True
ae0386,UNKNOWN CALLSIGN,2025-06-17 10:23:19.652169,,59-1468,5307,27025,35.3,20.3,KC-135R Stratotanker,,,True
ae07ef,RCH860,2025-06-17 10:23:19.652174,United States Air Force,96-0005,0323,28000,32.2,29.3,C-17A Globemaster,,,True
ae023d,RCH037,2025-06-17 10:23:19.652179,,58-0121,6752,35000,38.5,23.2,KC-135R Stratotanker,184,496,True
ae0687,RCH038,2025-06-17 10:23:19.652187,,60-0349,3457,35000,47.3,20.1,KC-135R Stratotanker,134,494,True
ae035c,UNKNOWN CALLSIGN,2025-06-17 10:23:19.652191,,58-0062,5301,38000,35.3,20.3,KC-135R Stratotanker,,,True
ae574f,UNKNOWN CALLSIGN,2025-06-17 10:23:19.652196,,15-46009,7021,Unavailable,31.8,32.0,KC-46A Pegasus,,,True
896c2c,UNKNOWN CALLSIGN,2025-06-17 10:23:19.652201,United Arab Emirates Air Force,1224,1765,Unavailable,25.2,54.7,C-17A Globemaster,,,True
ae2fad,RCH263,2025-06-17 10:23:19.652205,United States Air Force,08-8201,7651,37000,48.3,18.7,C-17A Globemaster,,,True
ae117d,RCH826,2025-06-17 10:24:20.404281,United States Air Force,02-1111,1452,22450,36.685366,-4.726304,C-17A Globemaster,66,451,False
ae63b6,GOLD91,2025-06-17 10:24:20.404325,,20-46074,1445,24000,50.191601,11.5082,KC-46A Pegasus,270,464,False
ae2fad,RCH263,2025-06-17 10:24:20.404333,United States Air Force,08-8201,7651,37000,47.257508,19.592653,C-17A Globemaster,138,409,False
ae05a5,UNKNOWN CALLSIGN,2025-06-17 10:24:20.404342,,62-3508,5171,26275,44.9,13.2,KC-135R Stratotanker,91,414,True
ae0659,UNKNOWN CALLSIGN,2025-06-17 10:24:20.404346,,59-1464,1233,36000,42.7,11.5,KC-135R Stratotanker,314,448,True
adff0c,UNKNOWN CALLSIGN,2025-06-17 10:24:20.404352,,60-0335,0215,34975,37.0,14.5,KC-135R Stratotanker,,,True
ae05b1,UNKNOWN CALLSIGN,2025-06-17 10:24:20.404360,,63-8878,1222,36025,42.3,8.5,KC-135R Stratotanker,316,440,True
ae0386,UNKNOWN CALLSIGN,2025-06-17 10:24:20.404364,,59-1468,5307,27025,35.3,20.3,KC-135R Stratotanker,,,True
ae07ef,RCH860,2025-06-17 10:24:20.404369,United States Air Force,96-0005,0323,28000,32.2,29.3,C-17A Globemaster,,,True
ae023d,RCH037,2025-06-17 10:24:20.404374,,58-0121,6752,35000,38.3,23.5,KC-135R Stratotanker,184,494,True
ae0687,RCH038,2025-06-17 10:24:20.404382,,60-0349,3457,35000,46.7,21.7,KC-135R Stratotanker,134,494,True
ae035c,UNKNOWN CALLSIGN,2025-06-17 10:24:20.404387,,58-0062,5301,38000,35.3,20.3,KC-135R Stratotanker,,,True
ae574f,UNKNOWN CALLSIGN,2025-06-17 10:24:20.404393,,15-46009,Unavailable,Unavailable,31.8,31.7,KC-46A Pegasus,,,True
896c2c,UAF1223,2025-06-17 10:24:20.404398,United Arab Emirates Air Force,1224,1765,12525,25.2,54.7,C-17A Globemaster,,,True
ae117d,RCH826,2025-06-17 10:25:21.113241,United States Air Force,02-1111,1452,23400,36.733398,-4.594583,C-17A Globemaster,66,454,False
ae63b6,GOLD91,2025-06-17 10:25:21.113272,,20-46074,1445,24000,50.188819,11.262103,KC-46A Pegasus,258,468,False
896c2c,UAF1223,2025-06-17 10:25:21.113286,United Arab Emirates Air Force,1224,1765,14000,25.2,52.8,C-17A Globemaster,,,True
ae07ef,RCH860,2025-06-17 10:25:21.113292,United States Air Force,96-0005,0323,28000,32.2,29.3,C-17A Globemaster,,,True
ae05b1,UNKNOWN CALLSIGN,2025-06-17 10:25:21.113300,,63-8878,1222,36025,42.5,8.7,KC-135R Stratotanker,316,438,True
ae035c,UNKNOWN CALLSIGN,2025-06-17 10:25:21.113305,,58-0062,5301,38000,35.4,20.3,KC-135R Stratotanker,,,True
ae2fad,RCH263,2025-06-17 10:25:21.113312,United States Air Force,08-8201,7651,37000,48.1,18.0,C-17A Globemaster,,,True
ae023d,RCH037,2025-06-17 10:25:21.113318,,58-0121,6752,35025,38.3,23.4,KC-135R Stratotanker,184,490,True
ae0386,UNKNOWN CALLSIGN,2025-06-17 10:25:21.113322,,59-1468,5307,27025,35.4,20.3,KC-135R Stratotanker,,,True
ae0659,UNKNOWN CALLSIGN,2025-06-17 10:25:21.113327,,59-1464,1233,36000,41.6,12.5,KC-135R Stratotanker,314,450,True
adff0c,UNKNOWN CALLSIGN,2025-06-17 10:25:21.113332,,60-0335,0215,36750,37.0,14.5,KC-135R Stratotanker,,,True
ae05a5,UNKNOWN CALLSIGN,2025-06-17 10:25:21.113339,,62-3508,5171,27275,44.8,13.0,KC-135R Stratotanker,8,420,True
ae0687,RCH038,2025-06-17 10:25:21.113344,,60-0349,3457,35000,47.4,19.3,KC-135R Stratotanker,134,492,True
ae117d,RCH826,2025-06-17 10:26:22.079722,United States Air Force,02-1111,1452,24100,36.789647,-4.437589,C-17A Globemaster,67,484,False
ae63b6,GOLD91,2025-06-17 10:26:22.079749,,20-46074,1445,24025,50.166199,11.1292,KC-46A Pegasus,253,470,False
ae023d,RCH037,2025-06-17 10:26:22.079759,,58-0121,6752,35000,38.063707,24.364199,KC-135R Stratotanker,179,488,False
896c2c,UAF1223,2025-06-17 10:26:22.079767,United Arab Emirates Air Force,1224,1765,15650,25.2,52.8,C-17A Globemaster,,,True
ae07ef,RCH860,2025-06-17 10:26:22.079773,United States Air Force,96-0005,0323,28000,32.2,29.4,C-17A Globemaster,,,True
ae05b1,UNKNOWN CALLSIGN,2025-06-17 10:26:22.079779,,63-8878,1222,36025,42.1,7.8,KC-135R Stratotanker,316,438,True
ae035c,UNKNOWN CALLSIGN,2025-06-17 10:26:22.079784,,58-0062,5301,38000,35.4,20.3,KC-135R Stratotanker,,,True
ae2fad,RCH263,2025-06-17 10:26:22.079790,United States Air Force,08-8201,7651,37000,48.1,18.5,C-17A Globemaster,,,True
ae0386,UNKNOWN CALLSIGN,2025-06-17 10:26:22.079794,,59-1468,5307,27025,35.4,20.3,KC-135R Stratotanker,,,True
ae0659,UNKNOWN CALLSIGN,2025-06-17 10:26:22.079799,,59-1464,1233,36000,41.4,12.3,KC-135R Stratotanker,314,450,True
adff0c,UNKNOWN CALLSIGN,2025-06-17 10:26:22.079803,,60-0335,0215,38025,37.0,14.5,KC-135R Stratotanker,,,True
ae05a5,UNKNOWN CALLSIGN,2025-06-17 10:26:22.079810,,62-3508,5171,28000,44.8,12.9,KC-135R Stratotanker,331,440,True
ae0687,RCH038,2025-06-17 10:26:22.079815,,60-0349,3457,35000,47.4,19.5,KC-135R Stratotanker,134,492,True
ae117d,RCH826,2025-06-17 10:27:22.814255,United States Air Force,02-1111,1452,25025,36.849217,-4.280352,C-17A Globemaster,63,482,False
ae63b6,GOLD91,2025-06-17 10:27:22.814287,,20-46074,1445,24000,50.124298,10.913,KC-46A Pegasus,253,470,False
ae023d,RCH037,2025-06-17 10:27:22.814298,,58-0121,6752,35000,37.953536,24.379284,KC-135R Stratotanker,179,486,False
ae05a5,UNKNOWN CALLSIGN,2025-06-17 10:27:22.814306,,62-3508,5171,28000,44.7,13.2,KC-135R Stratotanker,330,462,True
ae0659,UNKNOWN CALLSIGN,2025-06-17 10:27:22.814311,,59-1464,1233,36000,42.7,10.8,KC-135R Stratotanker,313,452,True
adff0c,UNKNOWN CALLSIGN,2025-06-17 10:27:22.814317,,60-0335,0215,38000,37.0,14.5,KC-135R Stratotanker,,,True
ae05b1,UNKNOWN CALLSIGN,2025-06-17 10:27:22.814324,,63-8878,1222,36025,42.3,7.8,KC-135R Stratotanker,316,436,True
ae0386,UNKNOWN CALLSIGN,2025-06-17 10:27:22.814328,,59-1468,5307,27050,35.4,20.3,KC-135R Stratotanker,,,True
ae07ef,RCH860,2025-06-17 10:27:22.814333,United States Air Force,96-0005,0323,28000,32.2,29.5,C-17A Globemaster,,,True
ae0687,RCH038,2025-06-17 10:27:22.814342,,60-0349,3457,35000,46.0,23.0,KC-135R Stratotanker,140,492,True
ae035c,UNKNOWN CALLSIGN,2025-06-17 10:27:22.814347,,58-0062,5301,38000,35.4,20.3,KC-135R Stratotanker,,,True
896c2c,UAF1223,2025-06-17 10:27:22.814367,United Arab Emirates Air Force,1224,1765,17350,25.2,52.8,C-17A Globemaster,,,True
ae2fad,RCH263,2025-06-17 10:27:22.814372,United States Air Force,08-8201,7651,37000,47.0,21.1,C-17A Globemaster,,,True
ae117d,RCH826,2025-06-17 10:28:23.576548,United States Air Force,02-1111,1452,25925,36.893114,-4.175284,C-17A Globemaster,63,513,False
ae63b6,GOLD91,2025-06-17 10:28:23.576574,,20-46074,1445,24000,50.079864,10.68336,KC-46A Pegasus,253,470,False
ae023d,RCH037,2025-06-17 10:28:23.576585,,58-0121,6752,35000,37.88246,24.361636,KC-135R Stratotanker,179,486,False
ae05a5,UNKNOWN CALLSIGN,2025-06-17 10:28:23.576592,,62-3508,5171,28075,44.9,13.3,KC-135R Stratotanker,322,482,True
ae0659,UNKNOWN CALLSIGN,2025-06-17 10:28:23.576597,,59-1464,1233,36000,42.7,10.8,KC-135R Stratotanker,313,452,True
adff0c,UNKNOWN CALLSIGN,2025-06-17 10:28:23.576602,,60-0335,0215,38000,37.0,14.5,KC-135R Stratotanker,,,True
ae05b1,UNKNOWN CALLSIGN,2025-06-17 10:28:23.576609,,63-8878,1222,36025,42.0,7.7,KC-135R Stratotanker,315,436,True
ae0386,UNKNOWN CALLSIGN,2025-06-17 10:28:23.576613,,59-1468,5307,27050,35.4,20.3,KC-135R Stratotanker,,,True
ae07ef,RCH860,2025-06-17 10:28:23.576618,United States Air Force,96-0005,0323,28000,32.2,29.5,C-17A Globemaster,,,True
ae0687,RCH038,2025-06-17 10:28:23.576627,,60-0349,3457,35000,46.1,22.1,KC-135R Stratotanker,141,490,True
ae035c,UNKNOWN CALLSIGN,2025-06-17 10:28:23.576631,,58-0062,5301,38000,35.4,20.3,KC-135R Stratotanker,,,True
896c2c,UAF1223,2025-06-17 10:28:23.576637,United Arab Emirates Air Force,1224,1765,17800,25.2,52.8,C-17A Globemaster,,,True
ae2fad,RCH263,2025-06-17 10:28:23.576641,United States Air Force,08-8201,7651,37000,47.5,19.9,C-17A Globemaster,,,True
ae117d,RCH826,2025-06-17 10:29:24.571541,United States Air Force,02-1111,1452,27100,36.943239,-4.045332,C-17A Globemaster,63,507,False
ae63b6,GOLD91,2025-06-17 10:29:24.571570,,20-46074,1445,24025,50.047798,10.5125,KC-46A Pegasus,253,470,False
ae05a5,UNKNOWN CALLSIGN,2025-06-17 10:29:24.571579,,62-3508,5171,29250,44.369564,13.52539,KC-135R Stratotanker,276,492,False
ae0659,UNKNOWN CALLSIGN,2025-06-17 10:29:24.571589,,59-1464,1233,36000,41.4,12.3,KC-135R Stratotanker,313,454,True
adff0c,UNKNOWN CALLSIGN,2025-06-17 10:29:24.571595,,60-0335,0215,39375,37.1,15.6,KC-135R Stratotanker,,,True
ae05b1,UNKNOWN CALLSIGN,2025-06-17 10:29:24.571602,,63-8878,1222,36025,42.5,8.8,KC-135R Stratotanker,315,430,True
ae0386,UNKNOWN CALLSIGN,2025-06-17 10:29:24.571607,,59-1468,5307,27025,35.4,20.3,KC-135R Stratotanker,,,True
ae07ef,RCH860,2025-06-17 10:29:24.571612,United States Air Force,96-0005,0323,28000,32.2,30.3,C-17A Globemaster,,,True
ae023d,RCH037,2025-06-17 10:29:24.571618,,58-0121,6752,35000,38.3,23.6,KC-135R Stratotanker,179,486,True
ae0687,RCH038,2025-06-17 10:29:24.571627,,60-0349,3457,35000,44.6,24.2,KC-135R Stratotanker,141,488,True
ae035c,UNKNOWN CALLSIGN,2025-06-17 10:29:24.571632,,58-0062,5301,38000,35.4,20.3,KC-135R Stratotanker,,,True
896c2c,UAF1223,2025-06-17 10:29:24.571638,United Arab Emirates Air Force,1224,1765,18025,25.2,52.8,C-17A Globemaster,,,True
ae2fad,RCH263,2025-06-17 10:29:24.571643,United States Air Force,08-8201,7651,37000,47.2,20.6,C-17A Globemaster,,,True
ae117d,RCH826,2025-06-17 10:30:25.552242,United States Air Force,02-1111,1452,28450,36.978657,-3.962498,C-17A Globemaster,,,False
ae63b6,GOLD91,2025-06-17 10:30:25.552271,,20-46074,1445,24000,50.012699,10.3364,KC-46A Pegasus,253,470,False
ae05a5,UNKNOWN CALLSIGN,2025-06-17 10:30:25.552281,,62-3508,5171,30300,44.428658,13.279719,KC-135R Stratotanker,275,494,False
ae0659,UNKNOWN CALLSIGN,2025-06-17 10:30:25.552290,,59-1464,1233,36000,42.7,10.8,KC-135R Stratotanker,315,454,True
adff0c,UNKNOWN CALLSIGN,2025-06-17 10:30:25.552296,,60-0335,0215,39900,37.0,14.5,KC-135R Stratotanker,,,True
ae05b1,UNKNOWN CALLSIGN,2025-06-17 10:30:25.552303,,63-8878,1222,36025,43.5,10.2,KC-135R Stratotanker,315,426,True
ae0386,UNKNOWN CALLSIGN,2025-06-17 10:30:25.552308,,59-1468,5307,27025,35.4,20.3,KC-135R Stratotanker,,,True
ae07ef,RCH860,2025-06-17 10:30:25.552313,United States Air Force,96-0005,0323,28000,32.2,30.3,C-17A Globemaster,,,True
ae023d,RCH037,2025-06-17 10:30:25.552319,,58-0121,6752,35000,38.5,23.2,KC-135R Stratotanker,179,486,True
ae0687,RCH038,2025-06-17 10:30:25.552328,,60-0349,3457,35000,43.7,24.3,KC-135R Stratotanker,141,486,True
ae035c,UNKNOWN CALLSIGN,2025-06-17 10:30:25.552333,,58-0062,5301,38000,35.4,20.3,KC-135R Stratotanker,,,True
896c2c,UAF1223,2025-06-17 10:30:25.552339,United Arab Emirates Air Force,1224,1765,18000,25.2,52.8,C-17A Globemaster,,,True
ae2fad,RCH263,2025-06-17 10:30:25.552344,United States Air Force,08-8201,7651,37000,46.8,21.2,C-17A Globemaster,,,True
ae63b6,GOLD91,2025-06-17 10:31:26.261481,,20-46074,1445,24025,49.9748,10.1397,KC-46A Pegasus,252,442,False
ae05a5,UNKNOWN CALLSIGN,2025-06-17 10:31:26.261499,,62-3508,5171,31400,44.442734,13.033461,KC-135R Stratotanker,274,500,False
ae0659,UNKNOWN CALLSIGN,2025-06-17 10:31:26.261509,,59-1464,1233,36000,41.4,12.3,KC-135R Stratotanker,315,454,True
adff0c,UNKNOWN CALLSIGN,2025-06-17 10:31:26.261515,,60-0335,0215,40075,37.1,15.6,KC-135R Stratotanker,,,True
ae05b1,UNKNOWN CALLSIGN,2025-06-17 10:31:26.261521,,63-8878,1222,36025,42.3,8.2,KC-135R Stratotanker,315,430,True
ae07ef,RCH860,2025-06-17 10:31:26.261526,United States Air Force,96-0005,0323,28000,32.2,30.4,C-17A Globemaster,,,True
ae023d,RCH037,2025-06-17 10:31:26.261532,,58-0121,6752,35000,38.4,23.1,KC-135R Stratotanker,179,486,True
ae117d,RCH826,2025-06-17 10:31:26.261553,United States Air Force,02-1111,1452,29400,35.7,-4.4,C-17A Globemaster,,,True
ae0687,RCH038,2025-06-17 10:31:26.261559,,60-0349,3457,35025,43.7,24.3,KC-135R Stratotanker,141,484,True
ae035c,UNKNOWN CALLSIGN,2025-06-17 10:31:26.261564,,58-0062,5301,38000,35.4,20.3,KC-135R Stratotanker,,,True
896c2c,UAF1223,2025-06-17 10:31:26.261570,United Arab Emirates Air Force,1224,1765,18000,25.2,52.8,C-17A Globemaster,,,True
ae2fad,RCH263,2025-06-17 10:31:26.261574,United States Air Force,08-8201,7651,37000,46.8,21.6,C-17A Globemaster,,,True
ae63b6,GOLD91,2025-06-17 10:32:26.942476,,20-46074,1445,22625,49.933498,9.932,KC-46A Pegasus,252,418,False
ae05a5,UNKNOWN CALLSIGN,2025-06-17 10:32:26.942495,,62-3508,5171,32775,44.454199,12.863819,KC-135R Stratotanker,274,510,False
ae0659,UNKNOWN CALLSIGN,2025-06-17 10:32:26.942505,,59-1464,1233,36000,42.7,10.8,KC-135R Stratotanker,315,452,True
adff0c,UNKNOWN CALLSIGN,2025-06-17 10:32:26.942511,,60-0335,0215,40000,37.0,14.5,KC-135R Stratotanker,,,True
ae05b1,UNKNOWN CALLSIGN,2025-06-17 10:32:26.942518,,63-8878,1222,36050,42.4,8.0,KC-135R Stratotanker,315,434,True
ae07ef,RCH860,2025-06-17 10:32:26.942524,United States Air Force,96-0005,0323,28000,32.2,31.1,C-17A Globemaster,,,True
ae023d,RCH037,2025-06-17 10:32:26.942529,,58-0121,6752,35025,38.4,23.0,KC-135R Stratotanker,179,488,True
ae117d,RCH826,2025-06-17 10:32:26.942536,United States Air Force,02-1111,1452,30150,35.7,-4.5,C-17A Globemaster,,,True
ae0687,RCH038,2025-06-17 10:32:26.942542,,60-0349,3457,35025,43.7,24.3,KC-135R Stratotanker,141,482,True
ae035c,UNKNOWN CALLSIGN,2025-06-17 10:32:26.942547,,58-0062,5301,38000,35.4,20.3,KC-135R Stratotanker,,,True
896c2c,UAF1223,2025-06-17 10:32:26.942552,United Arab Emirates Air Force,1224,1765,18000,25.2,52.8,C-17A Globemaster,,,True
ae2fad,RCH263,2025-06-17 10:32:26.942556,United States Air Force,08-8201,7651,37000,46.5,22.0,C-17A Globemaster,,,True
ae63b6,GOLD91,2025-06-17 10:33:27.840838,,20-46074,1445,21025,49.904701,9.7901,KC-46A Pegasus,250,410,False
ae05a5,UNKNOWN CALLSIGN,2025-06-17 10:33:27.840854,,62-3508,5171,34000,44.469613,12.601718,KC-135R Stratotanker,274,522,False
ae07ef,RCH860,2025-06-17 10:33:27.840864,United States Air Force,96-0005,0323,28000,32.2,30.5,C-17A Globemaster,,,True
ae05b1,UNKNOWN CALLSIGN,2025-06-17 10:33:27.840870,,63-8878,1222,36050,43.2,9.0,KC-135R Stratotanker,315,442,True
ae035c,UNKNOWN CALLSIGN,2025-06-17 10:33:27.840874,,58-0062,5301,38000,35.4,20.3,KC-135R Stratotanker,,,True
ae2fad,RCH263,2025-06-17 10:33:27.840880,United States Air Force,08-8201,7651,36975,47.9,18.5,C-17A Globemaster,,,True
ae023d,RCH037,2025-06-17 10:33:27.840884,,58-0121,6752,33600,38.3,23.1,KC-135R Stratotanker,179,480,True
ae0659,UNKNOWN CALLSIGN,2025-06-17 10:33:27.840888,,59-1464,1233,36000,41.4,12.3,KC-135R Stratotanker,315,454,True
adff0c,UNKNOWN CALLSIGN,2025-06-17 10:33:27.840892,,60-0335,0215,40000,37.1,15.6,KC-135R Stratotanker,,,True
ae117d,RCH826,2025-06-17 10:33:27.840898,United States Air Force,02-1111,1452,30675,35.7,-3.8,C-17A Globemaster,,,True
ae0687,RCH038,2025-06-17 10:33:27.840902,,60-0349,3457,35000,43.7,24.3,KC-135R Stratotanker,142,482,True
ae63b6,GOLD91,2025-06-17 10:34:28.601176,,20-46074,1445,19625,49.860981,9.571916,KC-46A Pegasus,252,396,False
ae05a5,UNKNOWN CALLSIGN,2025-06-17 10:34:28.601195,,62-3508,5171,34000,44.479796,12.424708,KC-135R Stratotanker,274,526,False
ae07ef,RCH860,2025-06-17 10:34:28.601207,United States Air Force,96-0005,0323,28000,32.2,30.5,C-17A Globemaster,,,True
ae05b1,UNKNOWN CALLSIGN,2025-06-17 10:34:28.601214,,63-8878,1222,36025,43.3,8.5,KC-135R Stratotanker,315,454,True
ae035c,UNKNOWN CALLSIGN,2025-06-17 10:34:28.601220,,58-0062,5301,38000,35.4,20.3,KC-135R Stratotanker,,,True
ae2fad,RCH263,2025-06-17 10:34:28.601226,United States Air Force,08-8201,7651,37000,46.9,21.0,C-17A Globemaster,,,True
ae023d,RCH037,2025-06-17 10:34:28.601232,,58-0121,6752,31525,38.2,23.5,KC-135R Stratotanker,179,462,True
ae0659,UNKNOWN CALLSIGN,2025-06-17 10:34:28.601237,,59-1464,1233,36000,41.4,12.3,KC-135R Stratotanker,315,454,True
adff0c,UNKNOWN CALLSIGN,2025-06-17 10:34:28.601241,,60-0335,0215,40000,37.0,14.5,KC-135R Stratotanker,,,True
ae117d,RCH826,2025-06-17 10:34:28.601248,United States Air Force,02-1111,1452,31200,35.6,-4.1,C-17A Globemaster,,,True
ae0687,RCH038,2025-06-17 10:34:28.601253,,60-0349,3457,35000,43.9,24.3,KC-135R Stratotanker,142,482,True
ae63b6,GOLD91,2025-06-17 10:35:29.775256,,20-46074,1445,18125,49.829102,9.42,KC-46A Pegasus,252,386,False
ae05a5,UNKNOWN CALLSIGN,2025-06-17 10:35:29.775274,,62-3508,5171,34000,44.493233,12.189444,KC-135R Stratotanker,275,515,False
ae05b1,UNKNOWN CALLSIGN,2025-06-17 10:35:29.775289,,63-8878,1222,36025,43.8,7.0,KC-135R Stratotanker,315,464,True
ae035c,UNKNOWN CALLSIGN,2025-06-17 10:35:29.775295,,58-0062,5301,38000,35.4,20.3,KC-135R Stratotanker,,,True
ae2fad,RCH263,2025-06-17 10:35:29.775302,United States Air Force,08-8201,7651,37000,47.1,20.1,C-17A Globemaster,,,True
ae023d,RCH037,2025-06-17 10:35:29.775308,,58-0121,6752,30600,36.9,15.0,KC-135R Stratotanker,179,454,True
ae0659,UNKNOWN CALLSIGN,2025-06-17 10:35:29.775313,,59-1464,1233,36000,41.4,12.3,KC-135R Stratotanker,315,454,True
adff0c,UNKNOWN CALLSIGN,2025-06-17 10:35:29.775317,,60-0335,0215,40025,37.0,14.5,KC-135R Stratotanker,,,True
ae117d,RCH826,2025-06-17 10:35:29.775324,United States Air Force,02-1111,1452,31725,35.8,-3.9,C-17A Globemaster,,,True
ae0687,RCH038,2025-06-17 10:35:29.775330,,60-0349,3457,35000,44.1,24.3,KC-135R Stratotanker,142,478,True
ae63b6,GOLD91,2025-06-17 10:36:30.462679,,20-46074,1445,16725,49.799702,9.2747,KC-46A Pegasus,252,378,False
ae05a5,UNKNOWN CALLSIGN,2025-06-17 10:36:30.462698,,62-3508,5171,34000,44.500707,12.056226,KC-135R Stratotanker,274,460,False
ae07ef,RCH860,2025-06-17 10:36:30.462712,United States Air Force,96-0005,0323,28000,31.0,34.0,C-17A Globemaster,,,True
ae05b1,UNKNOWN CALLSIGN,2025-06-17 10:36:30.462719,,63-8878,1222,36025,43.3,5.1,KC-135R Stratotanker,315,470,True
ae035c,UNKNOWN CALLSIGN,2025-06-17 10:36:30.462724,,58-0062,5301,38000,35.4,20.3,KC-135R Stratotanker,,,True
ae2fad,RCH263,2025-06-17 10:36:30.462730,United States Air Force,08-8201,7651,37000,46.7,21.0,C-17A Globemaster,,,True
ae023d,RCH037,2025-06-17 10:36:30.462736,,58-0121,6752,Unavailable,36.9,15.7,KC-135R Stratotanker,,,True
ae0659,UNKNOWN CALLSIGN,2025-06-17 10:36:30.462741,,59-1464,1233,36000,41.4,12.3,KC-135R Stratotanker,315,454,True
adff0c,UNKNOWN CALLSIGN,2025-06-17 10:36:30.462746,,60-0335,0215,40000,36.9,16.2,KC-135R Stratotanker,,,True
ae117d,RCH826,2025-06-17 10:36:30.462752,United States Air Force,02-1111,1452,32225,35.8,-3.7,C-17A Globemaster,,,True
ae0687,RCH038,2025-06-17 10:36:30.462758,,60-0349,3457,35000,43.7,24.3,KC-135R Stratotanker,142,478,True
ae63b6,GOLD91,2025-06-17 10:37:31.604217,,20-46074,1445,16000,49.7756,9.1596,KC-46A Pegasus,251,368,False
ae05a5,UNKNOWN CALLSIGN,2025-06-17 10:37:31.604237,,62-3508,5171,34000,44.512298,11.799534,KC-135R Stratotanker,274,582,False
ae0659,UNKNOWN CALLSIGN,2025-06-17 10:37:31.604250,,59-1464,1233,36000,42.7,10.8,KC-135R Stratotanker,315,456,True
adff0c,UNKNOWN CALLSIGN,2025-06-17 10:37:31.604256,,60-0335,0215,40025,37.1,15.6,KC-135R Stratotanker,,,True
ae05b1,UNKNOWN CALLSIGN,2025-06-17 10:37:31.604264,,63-8878,1222,36025,45.8,5.9,KC-135R Stratotanker,315,466,True
ae07ef,RCH860,2025-06-17 10:37:31.604270,United States Air Force,96-0005,0323,28000,32.2,30.0,C-17A Globemaster,,,True
ae023d,RCH037,2025-06-17 10:37:31.604276,,58-0121,6752,Unavailable,37.0,17.6,KC-135R Stratotanker,,,True
ae117d,RCH826,2025-06-17 10:37:31.604283,United States Air Force,02-1111,1452,32725,35.9,-3.6,C-17A Globemaster,,,True
ae0687,RCH038,2025-06-17 10:37:31.604290,,60-0349,3457,35000,43.7,24.3,KC-135R Stratotanker,142,478,True
ae035c,UNKNOWN CALLSIGN,2025-06-17 10:37:31.604295,,58-0062,5301,38000,38.0,24.1,KC-135R Stratotanker,,,True
ae2fad,RCH263,2025-06-17 10:37:31.604301,United States Air Force,08-8201,7651,37000,46.0,22.8,C-17A Globemaster,,,True
ae63b6,GOLD91,2025-06-17 10:38:32.895966,,20-46074,1445,16000,49.730453,8.945014,KC-46A Pegasus,252,340,False
ae05a5,UNKNOWN CALLSIGN,2025-06-17 10:38:32.895986,,62-3508,5171,32350,44.520183,11.638747,KC-135R Stratotanker,269,442,False
ae07ef,RCH860,2025-06-17 10:38:32.896001,United States Air Force,96-0005,0323,28000,32.2,30.0,C-17A Globemaster,,,True
ae05b1,UNKNOWN CALLSIGN,2025-06-17 10:38:32.896008,,63-8878,1222,36025,43.0,4.3,KC-135R Stratotanker,315,458,True
ae035c,UNKNOWN CALLSIGN,2025-06-17 10:38:32.896014,,58-0062,5301,38000,35.4,20.3,KC-135R Stratotanker,,,True
ae2fad,RCH263,2025-06-17 10:38:32.896020,United States Air Force,08-8201,7651,37000,45.3,23.6,C-17A Globemaster,,,True
ae0659,UNKNOWN CALLSIGN,2025-06-17 10:38:32.896026,,59-1464,1233,36000,44.0,13.6,KC-135R Stratotanker,315,456,True
adff0c,UNKNOWN CALLSIGN,2025-06-17 10:38:32.896031,,60-0335,0215,40025,37.1,17.6,KC-135R Stratotanker,,,True
ae117d,RCH826,2025-06-17 10:38:32.896037,United States Air Force,02-1111,1452,33225,36.5,-1.7,C-17A Globemaster,,,True
ae0687,RCH038,2025-06-17 10:38:32.896043,,60-0349,3457,35000,43.7,24.3,KC-135R Stratotanker,142,478,True
ae63b6,GOLD91,2025-06-17 10:39:33.821721,,20-46074,1445,16000,49.700284,8.803701,KC-46A Pegasus,252,340,False
ae05a5,UNKNOWN CALLSIGN,2025-06-17 10:39:33.821739,,62-3508,5171,30800,44.537006,11.399165,KC-135R Stratotanker,273,485,False
ae0659,UNKNOWN CALLSIGN,2025-06-17 10:39:33.821752,,59-1464,1233,36000,44.0,13.6,KC-135R Stratotanker,315,458,True
adff0c,UNKNOWN CALLSIGN,2025-06-17 10:39:33.821757,,60-0335,0215,40025,37.1,17.6,KC-135R Stratotanker,,,True
ae05b1,UNKNOWN CALLSIGN,2025-06-17 10:39:33.821765,,63-8878,1222,36025,44.0,5.4,KC-135R Stratotanker,315,454,True
ae07ef,RCH860,2025-06-17 10:39:33.821771,United States Air Force,96-0005,0323,28000,32.2,30.0,C-17A Globemaster,,,True
ae117d,RCH826,2025-06-17 10:39:33.821779,United States Air Force,02-1111,1452,33775,37.1,-0.8,C-17A Globemaster,,,True
ae0687,RCH038,2025-06-17 10:39:33.821786,,60-0349,3457,35000,43.7,24.3,KC-135R Stratotanker,142,480,True
ae035c,UNKNOWN CALLSIGN,2025-06-17 10:39:33.821791,,58-0062,5301,38000,35.4,20.3,KC-135R Stratotanker,,,True
ae2fad,RCH263,2025-06-17 10:39:33.821796,United States Air Force,08-8201,7651,37000,45.3,23.5,C-17A Globemaster,,,True
ae05b1,UNKNOWN CALLSIGN,2025-06-17 10:40:34.508572,,63-8878,1222,36025,44.757694,7.76606,KC-135R Stratotanker,315,450,False
ae63b6,GOLD91,2025-06-17 10:40:34.508589,,20-46074,1445,15150,49.67121,8.659735,KC-46A Pegasus,252,336,False
ae05a5,UNKNOWN CALLSIGN,2025-06-17 10:40:34.508597,,62-3508,5171,29525,44.535149,11.232297,KC-135R Stratotanker,266,473,False
ae07ef,RCH860,2025-06-17 10:40:34.508610,United States Air Force,96-0005,0323,28000,32.2,30.0,C-17A Globemaster,,,True
ae035c,UNKNOWN CALLSIGN,2025-06-17 10:40:34.508617,,58-0062,5301,38000,38.0,24.2,KC-135R Stratotanker,,,True
ae2fad,RCH263,2025-06-17 10:40:34.508623,United States Air Force,08-8201,7651,37000,44.9,24.1,C-17A Globemaster,,,True
ae023d,RCH037,2025-06-17 10:40:34.508628,,58-0121,6752,Unavailable,37.1,17.5,KC-135R Stratotanker,,,True
ae0659,UNKNOWN CALLSIGN,2025-06-17 10:40:34.508634,,59-1464,1233,36000,44.0,13.6,KC-135R Stratotanker,315,458,True
adff0c,UNKNOWN CALLSIGN,2025-06-17 10:40:34.508639,,60-0335,0215,40025,37.3,17.5,KC-135R Stratotanker,,,True
ae117d,RCH826,2025-06-17 10:40:34.508646,United States Air Force,02-1111,1452,34000,37.6,-0.7,C-17A Globemaster,,,True
ae0687,RCH038,2025-06-17 10:40:34.508652,,60-0349,3457,35000,43.7,24.3,KC-135R Stratotanker,142,480,True
ae5fa6,GOLD42,2025-06-17 10:40:34.508658,,21-46059,7016,Unavailable,32.2,30.0,KC-46A Pegasus,,,True
ae05b1,UNKNOWN CALLSIGN,2025-06-17 10:41:35.441835,,63-8878,5744,36050,44.858285,7.624215,KC-135R Stratotanker,314,450,False
ae63b6,GOLD91,2025-06-17 10:41:35.441853,,20-46074,1445,14000,49.647202,8.5536,KC-46A Pegasus,252,326,False
ae05a5,UNKNOWN CALLSIGN,2025-06-17 10:41:35.441862,,62-3508,0467,28025,44.52763,11.055242,KC-135R Stratotanker,267,492,False
ae0659,UNKNOWN CALLSIGN,2025-06-17 10:41:35.441873,,59-1464,1233,36000,45.0,13.1,KC-135R Stratotanker,315,460,True
adff0c,UNKNOWN CALLSIGN,2025-06-17 10:41:35.441880,,60-0335,0215,40000,37.1,15.6,KC-135R Stratotanker,,,True
ae07ef,RCH860,2025-06-17 10:41:35.441888,United States Air Force,96-0005,0323,28000,32.2,30.3,C-17A Globemaster,,,True
ae117d,RCH826,2025-06-17 10:41:35.441896,United States Air Force,02-1111,1452,34000,37.7,-0.5,C-17A Globemaster,,,True
ae5fa6,GOLD42,2025-06-17 10:41:35.441902,,21-46059,3316,Unavailable,32.2,30.3,KC-46A Pegasus,,,True
ae0687,RCH038,2025-06-17 10:41:35.441908,,60-0349,3457,35000,43.7,24.3,KC-135R Stratotanker,142,482,True
ae035c,UNKNOWN CALLSIGN,2025-06-17 10:41:35.441913,,58-0062,5301,38000,35.4,20.3,KC-135R Stratotanker,,,True
ae2fad,RCH263,2025-06-17 10:41:35.441918,United States Air Force,08-8201,7651,37000,44.8,24.1,C-17A Globemaster,,,True
ae05b1,UNKNOWN CALLSIGN,2025-06-17 10:42:36.448732,,63-8878,5744,36025,44.946161,7.50119,KC-135R Stratotanker,314,452,False
ae63b6,GOLD91,2025-06-17 10:42:36.448751,,20-46074,1445,14000,49.622101,8.4343,KC-46A Pegasus,250,330,False
ae05a5,UNKNOWN CALLSIGN,2025-06-17 10:42:36.448761,,62-3508,0467,28000,44.518444,10.851464,KC-135R Stratotanker,266,475,False
ae0659,UNKNOWN CALLSIGN,2025-06-17 10:42:36.448773,,59-1464,1233,36000,42.7,10.8,KC-135R Stratotanker,314,456,True
adff0c,UNKNOWN CALLSIGN,2025-06-17 10:42:36.448780,,60-0335,0215,40025,37.6,16.8,KC-135R Stratotanker,,,True
ae0650,UNKNOWN CALLSIGN,2025-06-17 10:42:36.448786,,58-0049,Unavailable,Unavailable,32.2,30.3,KC-135R Stratotanker,,,True
ae07ef,RCH860,2025-06-17 10:42:36.448795,United States Air Force,96-0005,0323,28000,32.2,30.3,C-17A Globemaster,,,True
ae2fa2,RCH798,2025-06-17 10:42:36.448801,United States Air Force,08-8190,0254,31000,37.2,17.3,C-17A Globemaster,129,468,True
ae117d,RCH826,2025-06-17 10:42:36.448807,United States Air Force,02-1111,1452,34000,37.6,-0.5,C-17A Globemaster,,,True
ae5fa6,GOLD42,2025-06-17 10:42:36.448814,,21-46059,3316,Unavailable,32.2,30.3,KC-46A Pegasus,,,True
ae0687,RCH038,2025-06-17 10:42:36.448820,,60-0349,3457,35000,43.7,24.3,KC-135R Stratotanker,142,482,True
ae035c,UNKNOWN CALLSIGN,2025-06-17 10:42:36.448825,,58-0062,Unavailable,38000,35.4,20.3,KC-135R Stratotanker,,,True
ae2fad,RCH263,2025-06-17 10:42:36.448831,United States Air Force,08-8201,7651,37000,44.9,24.1,C-17A Globemaster,,,True
ae05b1,UNKNOWN CALLSIGN,2025-06-17 10:43:37.116625,,63-8878,5744,36025,45.044326,7.395994,KC-135R Stratotanker,314,452,False
ae63b6,GOLD91,2025-06-17 10:43:37.116641,,20-46074,1445,14000,49.59,8.2862,KC-46A Pegasus,251,330,False
ae05a5,UNKNOWN CALLSIGN,2025-06-17 10:43:37.116649,,62-3508,0467,28000,44.556421,10.701094,KC-135R Stratotanker,313,469,False
ae0650,UNKNOWN CALLSIGN,2025-06-17 10:43:37.116661,,58-0049,Unavailable,Unavailable,32.2,30.3,KC-135R Stratotanker,,,True
ae07ef,RCH860,2025-06-17 10:43:37.116667,United States Air Force,96-0005,0323,28000,32.2,31.1,C-17A Globemaster,,,True
ae5e0c,GOLD52,2025-06-17 10:43:37.116672,,17-46031,7031,Unavailable,32.2,30.3,KC-46A Pegasus,,,True
ae035c,UNKNOWN CALLSIGN,2025-06-17 10:43:37.116678,,58-0062,Unavailable,38000,35.4,20.3,KC-135R Stratotanker,,,True
ae2fad,RCH263,2025-06-17 10:43:37.116683,United States Air Force,08-8201,7651,37000,44.7,24.1,C-17A Globemaster,,,True
ae0659,UNKNOWN CALLSIGN,2025-06-17 10:43:37.116689,,59-1464,1233,36000,42.7,10.8,KC-135R Stratotanker,314,454,True
adff0c,UNKNOWN CALLSIGN,2025-06-17 10:43:37.116693,,60-0335,0215,40000,37.6,16.2,KC-135R Stratotanker,,,True
ae117d,RCH826,2025-06-17 10:43:37.116699,United States Air Force,02-1111,1452,34000,38.0,-0.3,C-17A Globemaster,,,True
ae0687,RCH038,2025-06-17 10:43:37.116705,,60-0349,3457,35000,43.1,26.3,KC-135R Stratotanker,142,484,True
ae5fa6,GOLD42,2025-06-17 10:43:37.116709,,21-46059,7016,Unavailable,32.2,30.3,KC-46A Pegasus,,,True
ae05b1,UNKNOWN CALLSIGN,2025-06-17 10:44:38.080979,,63-8878,5744,36025,45.112656,7.263276,KC-135R Stratotanker,314,452,False
ae63b6,GOLD91,2025-06-17 10:44:38.080995,,20-46074,1445,12675,49.567084,8.10791,KC-46A Pegasus,261,328,False
ae05a5,UNKNOWN CALLSIGN,2025-06-17 10:44:38.081003,,62-3508,0467,28000,44.661289,10.662337,KC-135R Stratotanker,5,464,False
ae0659,UNKNOWN CALLSIGN,2025-06-17 10:44:38.081014,,59-1464,1233,36000,41.5,5.7,KC-135R Stratotanker,314,456,True
adff0c,UNKNOWN CALLSIGN,2025-06-17 10:44:38.081019,,60-0335,0215,40025,37.0,14.5,KC-135R Stratotanker,,,True
ae07ef,RCH860,2025-06-17 10:44:38.081026,United States Air Force,96-0005,0323,28000,32.2,31.1,C-17A Globemaster,,,True
ae117d,RCH826,2025-06-17 10:44:38.081032,United States Air Force,02-1111,1452,34000,38.3,-0.2,C-17A Globemaster,,,True
ae0687,RCH038,2025-06-17 10:44:38.081038,,60-0349,3457,35000,43.7,24.3,KC-135R Stratotanker,142,484,True
ae035c,UNKNOWN CALLSIGN,2025-06-17 10:44:38.081043,,58-0062,5301,38000,35.4,20.3,KC-135R Stratotanker,,,True
ae2fad,RCH263,2025-06-17 10:44:38.081048,United States Air Force,08-8201,7651,36975,44.7,24.1,C-17A Globemaster,,,True
ae05b1,UNKNOWN CALLSIGN,2025-06-17 10:45:39.004477,,63-8878,5744,36025,45.184175,7.149295,KC-135R Stratotanker,292,456,False
ae63b6,GOLD91,2025-06-17 10:45:39.004497,,20-46074,1445,11525,49.55234,7.975624,KC-46A Pegasus,261,310,False
ae05a5,UNKNOWN CALLSIGN,2025-06-17 10:45:39.004508,,62-3508,0467,28000,44.783422,10.699713,KC-135R Stratotanker,19,385,False
ae0659,UNKNOWN CALLSIGN,2025-06-17 10:45:39.004514,,59-1464,1233,36000,42.580495,10.743924,KC-135R Stratotanker,314,456,False
ae0650,UNKNOWN CALLSIGN,2025-06-17 10:45:39.004527,,58-0049,3311,Unavailable,32.2,30.4,KC-135R Stratotanker,,,True
ae07ef,RCH860,2025-06-17 10:45:39.004534,United States Air Force,96-0005,0323,28000,31.2,33.0,C-17A Globemaster,,,True
ae035c,UNKNOWN CALLSIGN,2025-06-17 10:45:39.004542,,58-0062,Unavailable,38000,35.4,20.3,KC-135R Stratotanker,,,True
ae2fad,RCH263,2025-06-17 10:45:39.004548,United States Air Force,08-8201,7651,37000,44.2,23.8,C-17A Globemaster,,,True
adff0c,UNKNOWN CALLSIGN,2025-06-17 10:45:39.004555,,60-0335,0215,40025,37.6,16.2,KC-135R Stratotanker,,,True
ae117d,RCH826,2025-06-17 10:45:39.004561,United States Air Force,02-1111,1452,34000,38.1,-0.3,C-17A Globemaster,,,True
ae0687,RCH038,2025-06-17 10:45:39.004567,,60-0349,3457,35000,43.7,24.3,KC-135R Stratotanker,142,484,True
ae63b6,GOLD91,2025-06-17 10:46:40.118207,,20-46074,1445,10450,49.539299,7.8557,KC-46A Pegasus,261,280,False
ae05a5,UNKNOWN CALLSIGN,2025-06-17 10:46:40.118226,,62-3508,0467,28000,44.889495,10.737571,KC-135R Stratotanker,14,410,False
ae0659,UNKNOWN CALLSIGN,2025-06-17 10:46:40.118238,,59-1464,1233,36000,42.2,7.4,KC-135R Stratotanker,314,456,True
adff0c,UNKNOWN CALLSIGN,2025-06-17 10:46:40.118244,,60-0335,0215,40025,37.6,16.2,KC-135R Stratotanker,,,True
ae05b1,UNKNOWN CALLSIGN,2025-06-17 10:46:40.118252,,63-8878,5744,36025,45.7,6.5,KC-135R Stratotanker,292,456,True
ae07ef,RCH860,2025-06-17 10:46:40.118257,United States Air Force,96-0005,0323,28000,32.2,29.7,C-17A Globemaster,,,True
ae2fa2,RCH798,2025-06-17 10:46:40.118263,United States Air Force,08-8190,0254,Unavailable,37.3,17.1,C-17A Globemaster,,,True
ae117d,RCH826,2025-06-17 10:46:40.118269,United States Air Force,02-1111,1452,34000,39.0,1.7,C-17A Globemaster,,,True
ae0687,RCH038,2025-06-17 10:46:40.118275,,60-0349,3457,35000,43.1,25.3,KC-135R Stratotanker,143,484,True
ae035c,UNKNOWN CALLSIGN,2025-06-17 10:46:40.118280,,58-0062,5301,38000,35.4,20.3,KC-135R Stratotanker,,,True
ae2fad,RCH263,2025-06-17 10:46:40.118285,United States Air Force,08-8201,7651,36975,44.2,24.0,C-17A Globemaster,,,True
ae63b6,GOLD91,2025-06-17 10:47:40.827771,,20-46074,1445,9150,49.5289,7.7514,KC-46A Pegasus,261,278,False
ae05a5,UNKNOWN CALLSIGN,2025-06-17 10:47:40.827790,,62-3508,0245,28000,45.005722,10.783926,KC-135R Stratotanker,16,414,False
ae2fa2,RCH798,2025-06-17 10:47:40.827801,United States Air Force,08-8190,0254,Unavailable,37.3,17.0,C-17A Globemaster,,,True
ae07ef,RCH860,2025-06-17 10:47:40.827806,United States Air Force,96-0005,0323,28000,32.2,29.8,C-17A Globemaster,,,True
ae05b1,UNKNOWN CALLSIGN,2025-06-17 10:47:40.827812,,63-8878,5744,36025,46.0,6.3,KC-135R Stratotanker,287,456,True
ae035c,UNKNOWN CALLSIGN,2025-06-17 10:47:40.827817,,58-0062,5301,38000,35.4,20.3,KC-135R Stratotanker,,,True
ae2fad,RCH263,2025-06-17 10:47:40.827823,United States Air Force,08-8201,7651,37000,43.7,24.2,C-17A Globemaster,,,True
ae0659,UNKNOWN CALLSIGN,2025-06-17 10:47:40.827828,,59-1464,1233,36000,41.5,5.5,KC-135R Stratotanker,314,458,True
adff0c,UNKNOWN CALLSIGN,2025-06-17 10:47:40.827832,,60-0335,0215,40025,37.6,16.6,KC-135R Stratotanker,,,True
ae117d,RCH826,2025-06-17 10:47:40.827838,United States Air Force,02-1111,1452,34000,39.1,1.9,C-17A Globemaster,,,True
ae0687,RCH038,2025-06-17 10:47:40.827843,,60-0349,3457,35000,43.1,25.9,KC-135R Stratotanker,143,482,True
ae05b1,UNKNOWN CALLSIGN,2025-06-17 10:48:41.958450,,63-8878,5744,36025,45.32436,6.611154,KC-135R Stratotanker,287,456,False
ae63b6,GOLD91,2025-06-17 10:48:41.958470,,20-46074,1445,7975,49.509021,7.611266,KC-46A Pegasus,261,272,False
ae0659,UNKNOWN CALLSIGN,2025-06-17 10:48:41.958479,,59-1464,1233,36000,42.825681,10.395871,KC-135R Stratotanker,314,458,False
ae05a5,UNKNOWN CALLSIGN,2025-06-17 10:48:41.958485,,62-3508,0245,28000,45.094305,10.816951,KC-135R Stratotanker,15,382,False
ae07ef,RCH860,2025-06-17 10:48:41.958499,United States Air Force,96-0005,0323,28000,32.2,29.8,C-17A Globemaster,,,True
ae035c,UNKNOWN CALLSIGN,2025-06-17 10:48:41.958505,,58-0062,5301,38000,35.4,20.3,KC-135R Stratotanker,,,True
ae2fad,RCH263,2025-06-17 10:48:41.958512,United States Air Force,08-8201,7651,36975,45.2,24.6,C-17A Globemaster,,,True
adff0c,UNKNOWN CALLSIGN,2025-06-17 10:48:41.958517,,60-0335,0215,40025,37.6,16.3,KC-135R Stratotanker,,,True
ae117d,RCH826,2025-06-17 10:48:41.958524,United States Air Force,02-1111,1452,34000,39.0,2.3,C-17A Globemaster,,,True
ae0687,RCH038,2025-06-17 10:48:41.958530,,60-0349,3457,35000,43.7,24.3,KC-135R Stratotanker,143,480,True
ae63b6,GOLD91,2025-06-17 10:49:43.078441,,20-46074,1445,6800,49.499024,7.495356,KC-46A Pegasus,261,266,False
ae0659,UNKNOWN CALLSIGN,2025-06-17 10:49:43.078459,,59-1464,1233,36000,42.947102,10.227224,KC-135R Stratotanker,314,462,False
ae05a5,UNKNOWN CALLSIGN,2025-06-17 10:49:43.078466,,62-3508,0245,28000,45.229748,10.869008,KC-135R Stratotanker,15,407,False
adff0c,UNKNOWN CALLSIGN,2025-06-17 10:49:43.078479,,60-0335,0215,40000,37.6,16.5,KC-135R Stratotanker,,,True
ae05b1,UNKNOWN CALLSIGN,2025-06-17 10:49:43.078486,,63-8878,5744,36025,46.3,6.7,KC-135R Stratotanker,287,456,True
ae07ef,RCH860,2025-06-17 10:49:43.078492,United States Air Force,96-0005,0323,28000,32.2,29.8,C-17A Globemaster,,,True
ae117d,RCH826,2025-06-17 10:49:43.078499,United States Air Force,02-1111,1452,34000,39.0,1.6,C-17A Globemaster,,,True
ae0687,RCH038,2025-06-17 10:49:43.078505,,60-0349,3457,35000,43.6,24.1,KC-135R Stratotanker,143,478,True
ae035c,UNKNOWN CALLSIGN,2025-06-17 10:49:43.078510,,58-0062,5301,38000,35.4,20.3,KC-135R Stratotanker,,,True
ae2fad,RCH263,2025-06-17 10:49:43.078515,United States Air Force,08-8201,7651,37000,45.0,24.4,C-17A Globemaster,,,True
ae05b1,UNKNOWN CALLSIGN,2025-06-17 10:50:44.178713,,63-8878,5744,36025,45.370941,6.38363,KC-135R Stratotanker,287,456,False
ae63b6,GOLD91,2025-06-17 10:50:44.178730,,20-46074,1445,5575,49.485161,7.378613,KC-46A Pegasus,261,264,False
ae05a5,UNKNOWN CALLSIGN,2025-06-17 10:50:44.178739,,62-3508,0245,28000,45.333195,10.913774,KC-135R Stratotanker,20,401,False
ae0659,UNKNOWN CALLSIGN,2025-06-17 10:50:44.178750,,59-1464,1233,36000,42.8,8.7,KC-135R Stratotanker,314,462,True
adff0c,UNKNOWN CALLSIGN,2025-06-17 10:50:44.178757,,60-0335,0215,40025,37.6,17.1,KC-135R Stratotanker,,,True
ae07ef,RCH860,2025-06-17 10:50:44.178766,United States Air Force,96-0005,0323,28000,32.2,29.9,C-17A Globemaster,,,True
ae2fa2,RCH798,2025-06-17 10:50:44.178772,United States Air Force,08-8190,0254,31000,38.0,23.7,C-17A Globemaster,126,454,True
ae117d,RCH826,2025-06-17 10:50:44.178778,United States Air Force,02-1111,1452,34000,39.0,1.4,C-17A Globemaster,,,True
ae0687,RCH038,2025-06-17 10:50:44.178785,,60-0349,3457,35000,43.6,24.1,KC-135R Stratotanker,166,472,True
ae035c,UNKNOWN CALLSIGN,2025-06-17 10:50:44.178790,,58-0062,5301,38000,37.6,17.1,KC-135R Stratotanker,,,True
ae2fad,RCH263,2025-06-17 10:50:44.178795,United States Air Force,08-8201,7651,37000,46.6,25.1,C-17A Globemaster,,,True
ae05b1,UNKNOWN CALLSIGN,2025-06-17 10:51:44.832956,,63-8878,5744,36025,45.433635,6.121471,KC-135R Stratotanker,286,454,False
ae63b6,GOLD91,2025-06-17 10:51:44.832973,,20-46074,1445,4400,49.513254,7.308585,KC-46A Pegasus,272,264,False
ae05a5,UNKNOWN CALLSIGN,2025-06-17 10:51:44.832982,,62-3508,0245,28000,45.443739,10.947412,KC-135R Stratotanker,8,417,False
ae2fa2,RCH798,2025-06-17 10:51:44.832993,United States Air Force,08-8190,0254,30975,38.0,23.7,C-17A Globemaster,,,True
ae07ef,RCH860,2025-06-17 10:51:44.832999,United States Air Force,96-0005,0323,28000,32.2,30.1,C-17A Globemaster,,,True
ae035c,UNKNOWN CALLSIGN,2025-06-17 10:51:44.833006,,58-0062,5301,38000,35.4,20.3,KC-135R Stratotanker,,,True
ae2fad,RCH263,2025-06-17 10:51:44.833012,United States Air Force,08-8201,7651,37000,44.7,24.5,C-17A Globemaster,,,True
ae0659,UNKNOWN CALLSIGN,2025-06-17 10:51:44.833018,,59-1464,1233,36000,42.7,8.8,KC-135R Stratotanker,315,458,True
adff0c,UNKNOWN CALLSIGN,2025-06-17 10:51:44.833022,,60-0335,0215,40025,37.6,16.6,KC-135R Stratotanker,,,True
ae117d,RCH826,2025-06-17 10:51:44.833028,United States Air Force,02-1111,1452,34000,38.5,0.4,C-17A Globemaster,,,True
ae0687,RCH038,2025-06-17 10:51:44.833034,,60-0349,3457,35000,43.7,24.3,KC-135R Stratotanker,173,472,True
ae05b1,UNKNOWN CALLSIGN,2025-06-17 10:52:45.697056,,63-8878,5744,36025,45.480314,5.914888,KC-135R Stratotanker,286,454,False
ae05a5,UNKNOWN CALLSIGN,2025-06-17 10:52:45.697075,,62-3508,0245,28000,45.568102,10.985477,KC-135R Stratotanker,11,419,False
ae0659,UNKNOWN CALLSIGN,2025-06-17 10:52:45.697088,,59-1464,1233,36000,43.1,9.7,KC-135R Stratotanker,316,456,True
adff0c,UNKNOWN CALLSIGN,2025-06-17 10:52:45.697094,,60-0335,0215,40025,37.6,16.9,KC-135R Stratotanker,,,True
ae63b6,GOLD91,2025-06-17 10:52:45.697103,,20-46074,1445,3725,49.3,8.1,KC-46A Pegasus,181,224,True
ae07ef,RCH860,2025-06-17 10:52:45.697109,United States Air Force,96-0005,0323,28000,32.2,30.1,C-17A Globemaster,,,True
ae2fa2,RCH798,2025-06-17 10:52:45.697115,United States Air Force,08-8190,0254,31000,38.0,23.4,C-17A Globemaster,126,456,True
ae117d,RCH826,2025-06-17 10:52:45.697120,United States Air Force,02-1111,1452,34000,38.6,-0.3,C-17A Globemaster,,,True
ae0687,RCH038,2025-06-17 10:52:45.697128,,60-0349,3457,35000,43.7,24.3,KC-135R Stratotanker,173,472,True
ae035c,UNKNOWN CALLSIGN,2025-06-17 10:52:45.697133,,58-0062,5301,38000,37.6,16.9,KC-135R Stratotanker,,,True
ae2fad,RCH263,2025-06-17 10:52:45.697138,United States Air Force,08-8201,7651,36825,43.9,24.2,C-17A Globemaster,,,True
ae05b1,UNKNOWN CALLSIGN,2025-06-17 10:53:46.356195,,63-8878,5744,36025,45.528441,5.73118,KC-135R Stratotanker,313,444,False
ae05a5,UNKNOWN CALLSIGN,2025-06-17 10:53:46.356219,,62-3508,0245,28000,45.0,12.5,KC-135R Stratotanker,,,True
ae0659,UNKNOWN CALLSIGN,2025-06-17 10:53:46.356225,,59-1464,1233,36000,42.4,8.4,KC-135R Stratotanker,316,454,True
adff0c,UNKNOWN CALLSIGN,2025-06-17 10:53:46.356231,,60-0335,0215,40025,37.6,17.0,KC-135R Stratotanker,,,True
ae63b6,GOLD91,2025-06-17 10:53:46.356240,,20-46074,1445,3725,49.1,8.5,KC-46A Pegasus,86,192,True
ae07ef,RCH860,2025-06-17 10:53:46.356247,United States Air Force,96-0005,0323,Unavailable,32.2,30.1,C-17A Globemaster,,,True
ae2fa2,RCH798,2025-06-17 10:53:46.356253,United States Air Force,08-8190,0254,31000,37.9,22.8,C-17A Globemaster,127,456,True
ae117d,RCH826,2025-06-17 10:53:46.356258,United States Air Force,02-1111,1452,34000,39.0,2.6,C-17A Globemaster,,,True
ae0687,RCH038,2025-06-17 10:53:46.356265,,60-0349,3457,35000,43.7,24.3,KC-135R Stratotanker,173,472,True
ae035c,UNKNOWN CALLSIGN,2025-06-17 10:53:46.356269,,58-0062,5301,38000,36.9,16.7,KC-135R Stratotanker,,,True
ae2fad,RCH263,2025-06-17 10:53:46.356274,United States Air Force,08-8201,7651,36325,46.9,25.4,C-17A Globemaster,,,True
ae05b1,UNKNOWN CALLSIGN,2025-06-17 10:54:47.519891,,63-8878,5744,36025,45.627904,5.61835,KC-135R Stratotanker,323,442,False
ae05a5,UNKNOWN CALLSIGN,2025-06-17 10:54:47.519908,,62-3508,0245,28000,45.777247,11.149758,KC-135R Stratotanker,27,435,False
ae0659,UNKNOWN CALLSIGN,2025-06-17 10:54:47.519918,,59-1464,1233,36000,42.4,8.4,KC-135R Stratotanker,316,452,True
adff0c,UNKNOWN CALLSIGN,2025-06-17 10:54:47.519923,,60-0335,0215,40025,37.5,17.0,KC-135R Stratotanker,,,True
ae63b6,GOLD91,2025-06-17 10:54:47.519930,,20-46074,1445,3700,49.1,8.5,KC-46A Pegasus,85,162,True
ae07ef,RCH860,2025-06-17 10:54:47.519936,United States Air Force,96-0005,0323,28000,31.8,31.7,C-17A Globemaster,,,True
ae2fa2,RCH798,2025-06-17 10:54:47.519941,United States Air Force,08-8190,0254,31000,38.5,22.9,C-17A Globemaster,127,458,True
ae117d,RCH826,2025-06-17 10:54:47.519945,United States Air Force,02-1111,1452,34000,39.4,3.1,C-17A Globemaster,,,True
ae0687,RCH038,2025-06-17 10:54:47.519951,,60-0349,3457,35000,43.7,24.3,KC-135R Stratotanker,173,472,True
ae2fad,RCH263,2025-06-17 10:54:47.519956,United States Air Force,08-8201,7651,35850,43.4,25.2,C-17A Globemaster,,,True
ae05b1,UNKNOWN CALLSIGN,2025-06-17 10:55:48.462508,,63-8878,5744,36025,45.724778,5.514652,KC-135R Stratotanker,323,442,False
ae05a5,UNKNOWN CALLSIGN,2025-06-17 10:55:48.462524,,62-3508,0245,28000,45.868556,11.231898,KC-135R Stratotanker,33,426,False
ae0659,UNKNOWN CALLSIGN,2025-06-17 10:55:48.462534,,59-1464,1233,36000,43.1,9.3,KC-135R Stratotanker,316,452,True
adff0c,UNKNOWN CALLSIGN,2025-06-17 10:55:48.462539,,60-0335,0215,40025,37.5,17.0,KC-135R Stratotanker,,,True
ae63b6,GOLD91,2025-06-17 10:55:48.462546,,20-46074,1445,2825,49.1,8.5,KC-46A Pegasus,84,154,True
ae07ef,RCH860,2025-06-17 10:55:48.462551,United States Air Force,96-0005,0323,28000,31.8,31.7,C-17A Globemaster,,,True
ae2fa2,RCH798,2025-06-17 10:55:48.462557,United States Air Force,08-8190,0254,31000,38.0,24.2,C-17A Globemaster,127,458,True
ae117d,RCH826,2025-06-17 10:55:48.462562,United States Air Force,02-1111,1452,34000,39.4,3.0,C-17A Globemaster,,,True
ae0687,RCH038,2025-06-17 10:55:48.462567,,60-0349,3457,35000,43.7,24.3,KC-135R Stratotanker,173,470,True
ae035c,UNKNOWN CALLSIGN,2025-06-17 10:55:48.462571,,58-0062,5301,38000,37.5,17.0,KC-135R Stratotanker,,,True
ae2fad,RCH263,2025-06-17 10:55:48.462575,United States Air Force,08-8201,7651,34800,44.6,24.3,C-17A Globemaster,,,True
ae05b1,UNKNOWN CALLSIGN,2025-06-17 10:56:49.405667,,63-8878,5744,36025,45.835096,5.405227,KC-135R Stratotanker,323,444,False
ae05a5,UNKNOWN CALLSIGN,2025-06-17 10:56:49.405685,,62-3508,0245,28000,45.943748,11.301078,KC-135R Stratotanker,32,439,False
ae0659,UNKNOWN CALLSIGN,2025-06-17 10:56:49.405712,,59-1464,1233,36000,43.3,9.3,KC-135R Stratotanker,316,450,True
adff0c,UNKNOWN CALLSIGN,2025-06-17 10:56:49.405717,,60-0335,0215,40025,36.5,16.9,KC-135R Stratotanker,,,True
ae63b6,GOLD91,2025-06-17 10:56:49.405724,,20-46074,1445,2025,49.0,8.7,KC-46A Pegasus,85,152,True
ae07ef,RCH860,2025-06-17 10:56:49.405730,United States Air Force,96-0005,0323,28000,32.1,29.4,C-17A Globemaster,,,True
ae2fa2,RCH798,2025-06-17 10:56:49.405736,United States Air Force,08-8190,0254,31000,38.5,22.9,C-17A Globemaster,127,460,True
ae117d,RCH826,2025-06-17 10:56:49.405741,United States Air Force,02-1111,1452,34000,39.0,2.5,C-17A Globemaster,,,True
ae0687,RCH038,2025-06-17 10:56:49.405747,,60-0349,3457,35000,43.8,24.1,KC-135R Stratotanker,173,468,True
ae035c,UNKNOWN CALLSIGN,2025-06-17 10:56:49.405751,,58-0062,5301,38000,36.5,16.9,KC-135R Stratotanker,,,True
ae2fad,RCH263,2025-06-17 10:56:49.405755,United States Air Force,08-8201,7651,33700,43.1,26.3,C-17A Globemaster,,,True
ae05b1,UNKNOWN CALLSIGN,2025-06-17 10:57:50.079641,,63-8878,5744,36025,45.929784,5.302697,KC-135R Stratotanker,323,444,False
ae05a5,UNKNOWN CALLSIGN,2025-06-17 10:57:50.079659,,62-3508,0245,28000,46.044671,11.393728,KC-135R Stratotanker,33,385,False
ae0659,UNKNOWN CALLSIGN,2025-06-17 10:57:50.079672,,59-1464,1233,36000,43.4,9.9,KC-135R Stratotanker,315,450,True
adff0c,UNKNOWN CALLSIGN,2025-06-17 10:57:50.079679,,60-0335,0215,40000,36.6,17.4,KC-135R Stratotanker,,,True
ae63b6,GOLD91,2025-06-17 10:57:50.079686,,20-46074,1445,1225,48.9,8.8,KC-46A Pegasus,,,True
ae07ef,RCH860,2025-06-17 10:57:50.079692,United States Air Force,96-0005,0323,28000,31.8,31.7,C-17A Globemaster,,,True
ae2fa2,RCH798,2025-06-17 10:57:50.079698,United States Air Force,08-8190,0254,31000,38.0,24.0,C-17A Globemaster,127,458,True
ae117d,RCH826,2025-06-17 10:57:50.079703,United States Air Force,02-1111,1452,34000,39.4,2.9,C-17A Globemaster,,,True
ae0687,RCH038,2025-06-17 10:57:50.079710,,60-0349,3457,35000,43.6,24.1,KC-135R Stratotanker,174,468,True
ae035c,UNKNOWN CALLSIGN,2025-06-17 10:57:50.079715,,58-0062,5301,38000,36.6,17.4,KC-135R Stratotanker,,,True
ae2fad,RCH263,2025-06-17 10:57:50.079720,United States Air Force,08-8201,7651,32600,45.4,24.6,C-17A Globemaster,,,True
ae0650,UNKNOWN CALLSIGN,2025-06-17 10:57:50.079724,,58-0049,Unavailable,36000,35.4,20.3,KC-135R Stratotanker,,,True
ae05b1,UNKNOWN CALLSIGN,2025-06-17 10:58:50.997455,,63-8878,5744,36025,46.030814,5.194541,KC-135R Stratotanker,323,444,False
ae05a5,UNKNOWN CALLSIGN,2025-06-17 10:58:50.997472,,62-3508,0245,28000,46.160943,11.502595,KC-135R Stratotanker,34,412,False
ae0659,UNKNOWN CALLSIGN,2025-06-17 10:58:50.997484,,59-1464,1233,36000,43.2,9.5,KC-135R Stratotanker,315,448,True
adff0c,UNKNOWN CALLSIGN,2025-06-17 10:58:50.997491,,60-0335,0215,40025,36.6,17.3,KC-135R Stratotanker,,,True
ae5fa6,GOLD42,2025-06-17 10:58:50.997497,,21-46059,7016,Unavailable,31.8,31.7,KC-46A Pegasus,,,True
ae63b6,GOLD91,2025-06-17 10:58:50.997503,,20-46074,1445,575,48.9,8.8,KC-46A Pegasus,,,True
ae2fa2,RCH798,2025-06-17 10:58:50.997510,United States Air Force,08-8190,0254,31000,38.5,22.9,C-17A Globemaster,127,458,True
ae117d,RCH826,2025-06-17 10:58:50.997515,United States Air Force,02-1111,1452,34000,39.0,1.9,C-17A Globemaster,,,True
ae0687,RCH038,2025-06-17 10:58:50.997521,,60-0349,3457,35000,43.6,24.1,KC-135R Stratotanker,173,468,True
ae035c,UNKNOWN CALLSIGN,2025-06-17 10:58:50.997526,,58-0062,5301,38000,36.6,17.3,KC-135R Stratotanker,,,True
ae2fad,RCH263,2025-06-17 10:58:50.997530,United States Air Force,08-8201,7651,31500,43.2,25.9,C-17A Globemaster,,,True
ae0650,UNKNOWN CALLSIGN,2025-06-17 10:58:50.997535,,58-0049,5512,36000,35.4,20.3,KC-135R Stratotanker,,,True
ae05b1,UNKNOWN CALLSIGN,2025-06-17 10:59:05.612505,,63-8878,5744,36025,46.051944,5.172889,KC-135R Stratotanker,323,444,False
ae05a5,UNKNOWN CALLSIGN,2025-06-17 10:59:05.612523,,62-3508,0245,28000,46.160943,11.502595,KC-135R Stratotanker,34,412,False
ae0659,UNKNOWN CALLSIGN,2025-06-17 10:59:05.612536,,59-1464,1233,36000,43.0,9.3,KC-135R Stratotanker,315,448,True
adff0c,UNKNOWN CALLSIGN,2025-06-17 10:59:05.612542,,60-0335,0215,40025,36.6,17.3,KC-135R Stratotanker,,,True
ae5fa6,UNKNOWN CALLSIGN,2025-06-17 10:59:05.612548,,21-46059,Unavailable,Unavailable,31.8,31.7,KC-46A Pegasus,,,True
ae63b6,GOLD91,2025-06-17 10:59:05.612554,,20-46074,1445,575,48.9,8.8,KC-46A Pegasus,,,True
ae07ef,UNKNOWN CALLSIGN,2025-06-17 10:59:05.612559,United States Air Force,96-0005,Unavailable,Unavailable,31.8,31.7,C-17A Globemaster,,,True
ae2fa2,RCH798,2025-06-17 10:59:05.612564,United States Air Force,08-8190,0254,31000,38.0,24.1,C-17A Globemaster,127,458,True
ae117d,RCH826,2025-06-17 10:59:05.612569,United States Air Force,02-1111,1452,34000,38.9,1.6,C-17A Globemaster,,,True
ae0687,RCH038,2025-06-17 10:59:05.612574,,60-0349,3457,35000,43.7,24.3,KC-135R Stratotanker,174,468,True
ae035c,UNKNOWN CALLSIGN,2025-06-17 10:59:05.612578,,58-0062,5301,38000,36.6,17.3,KC-135R Stratotanker,,,True
ae2fad,RCH263,2025-06-17 10:59:05.612583,United States Air Force,08-8201,7651,31250,47.2,25.5,C-17A Globemaster,,,True
ae0650,UNKNOWN CALLSIGN,2025-06-17 10:59:05.612587,,58-0049,5512,36000,35.4,20.3,KC-135R Stratotanker,,,True
ae05b1,UNKNOWN CALLSIGN,2025-06-17 11:00:06.882427,,63-8878,5744,36025,46.15372,5.064913,KC-135R Stratotanker,323,444,False
ae05a5,UNKNOWN CALLSIGN,2025-06-17 11:00:06.882445,,62-3508,0245,28000,46.265457,11.59923,KC-135R Stratotanker,33,406,False
ae0659,UNKNOWN CALLSIGN,2025-06-17 11:00:06.882458,,59-1464,1233,35975,43.0,9.3,KC-135R Stratotanker,315,452,True
adff0c,UNKNOWN CALLSIGN,2025-06-17 11:00:06.882465,,60-0335,0215,40025,42.8,14.5,KC-135R Stratotanker,313,414,True
ae5fa6,UNKNOWN CALLSIGN,2025-06-17 11:00:06.882471,,21-46059,Unavailable,Unavailable,31.8,31.7,KC-46A Pegasus,,,True
ae07ef,UNKNOWN CALLSIGN,2025-06-17 11:00:06.882478,United States Air Force,96-0005,0323,28000,31.8,31.7,C-17A Globemaster,,,True
ae2fa2,RCH798,2025-06-17 11:00:06.882486,United States Air Force,08-8190,0254,31000,38.0,24.0,C-17A Globemaster,127,460,True
ae117d,RCH826,2025-06-17 11:00:06.882492,United States Air Force,02-1111,1452,34000,39.4,2.7,C-17A Globemaster,,,True
ae0687,RCH038,2025-06-17 11:00:06.882499,,60-0349,3457,35000,43.7,24.3,KC-135R Stratotanker,174,468,True
ae035c,UNKNOWN CALLSIGN,2025-06-17 11:00:06.882504,,58-0062,5301,38000,36.8,16.4,KC-135R Stratotanker,,,True
ae2fad,RCH263,2025-06-17 11:00:06.882511,United States Air Force,08-8201,7651,30975,43.1,26.3,C-17A Globemaster,,,True
ae0650,UNKNOWN CALLSIGN,2025-06-17 11:00:06.882516,,58-0049,5512,36000,35.4,20.3,KC-135R Stratotanker,,,True
ae05b1,UNKNOWN CALLSIGN,2025-06-17 11:01:07.807866,,63-8878,5744,36025,46.253378,4.961074,KC-135R Stratotanker,333,440,False
ae2fa2,RCH798,2025-06-17 11:01:07.807901,United States Air Force,08-8190,0254,31000,38.5,22.9,C-17A Globemaster,127,462,True
ae5fa6,UNKNOWN CALLSIGN,2025-06-17 11:01:07.807911,,21-46059,Unavailable,Unavailable,31.8,31.7,KC-46A Pegasus,,,True
ae07ef,UNKNOWN CALLSIGN,2025-06-17 11:01:07.807920,United States Air Force,96-0005,0323,28000,32.1,29.7,C-17A Globemaster,,,True
ae035c,UNKNOWN CALLSIGN,2025-06-17 11:01:07.807930,,58-0062,5301,38000,36.8,16.4,KC-135R Stratotanker,,,True
ae0650,UNKNOWN CALLSIGN,2025-06-17 11:01:07.807937,,58-0049,5512,36000,35.4,20.3,KC-135R Stratotanker,,,True
ae2fad,RCH263,2025-06-17 11:01:07.807944,United States Air Force,08-8201,7651,31000,43.1,26.3,C-17A Globemaster,,,True
ae0659,UNKNOWN CALLSIGN,2025-06-17 11:01:07.807952,,59-1464,1233,36000,43.0,9.3,KC-135R Stratotanker,315,456,True
adff0c,UNKNOWN CALLSIGN,2025-06-17 11:01:07.807959,,60-0335,0215,40025,42.8,14.5,KC-135R Stratotanker,312,416,True
ae117d,RCH826,2025-06-17 11:01:07.807966,United States Air Force,02-1111,1452,34000,39.4,2.6,C-17A Globemaster,,,True
ae05a5,UNKNOWN CALLSIGN,2025-06-17 11:01:07.807973,,62-3508,0245,28000,45.4,11.9,KC-135R Stratotanker,,,True
ae0687,RCH038,2025-06-17 11:01:07.807982,,60-0349,3457,35000,43.5,24.0,KC-135R Stratotanker,174,468,True
ae05b1,UNKNOWN CALLSIGN,2025-06-17 11:02:08.785785,,63-8878,5744,36025,46.362787,4.889482,KC-135R Stratotanker,335,440,False
ae05a5,UNKNOWN CALLSIGN,2025-06-17 11:02:08.785804,,62-3508,0245,28000,46.430425,11.825921,KC-135R Stratotanker,49,394,False
ae2fa2,RCH798,2025-06-17 11:02:08.785818,United States Air Force,08-8190,0254,31000,38.5,23.0,C-17A Globemaster,127,464,True
ae07ef,UNKNOWN CALLSIGN,2025-06-17 11:02:08.785825,United States Air Force,96-0005,Unavailable,28000,32.1,30.4,C-17A Globemaster,,,True
ae035c,UNKNOWN CALLSIGN,2025-06-17 11:02:08.785832,,58-0062,5301,38000,36.8,16.4,KC-135R Stratotanker,,,True
ae0650,UNKNOWN CALLSIGN,2025-06-17 11:02:08.785838,,58-0049,5512,36000,35.4,20.3,KC-135R Stratotanker,,,True
ae2fad,RCH263,2025-06-17 11:02:08.785844,United States Air Force,08-8201,7651,31000,46.9,25.4,C-17A Globemaster,,,True
ae0659,UNKNOWN CALLSIGN,2025-06-17 11:02:08.785851,,59-1464,1233,36000,43.4,6.5,KC-135R Stratotanker,315,458,True
adff0c,UNKNOWN CALLSIGN,2025-06-17 11:02:08.785856,,60-0335,0215,40025,42.8,14.5,KC-135R Stratotanker,312,414,True
ae117d,RCH826,2025-06-17 11:02:08.785862,United States Air Force,02-1111,1452,34000,39.0,2.1,C-17A Globemaster,,,True
ae0687,RCH038,2025-06-17 11:02:08.785869,,60-0349,3457,35000,43.6,24.1,KC-135R Stratotanker,174,470,True
ae05b1,UNKNOWN CALLSIGN,2025-06-17 11:03:09.825748,,63-8878,5744,36025,46.4768,4.816009,KC-135R Stratotanker,335,440,False
ae05a5,UNKNOWN CALLSIGN,2025-06-17 11:03:09.825766,,62-3508,0245,28000,46.43846,11.852611,KC-135R Stratotanker,57,382,False
ae0659,UNKNOWN CALLSIGN,2025-06-17 11:03:09.825780,,59-1464,1233,36000,43.3,7.3,KC-135R Stratotanker,315,460,True
adff0c,UNKNOWN CALLSIGN,2025-06-17 11:03:09.825787,,60-0335,0215,40000,42.8,14.5,KC-135R Stratotanker,312,412,True
ae07ef,UNKNOWN CALLSIGN,2025-06-17 11:03:09.825795,United States Air Force,96-0005,0323,Unavailable,32.1,29.6,C-17A Globemaster,,,True
ae2fa2,RCH798,2025-06-17 11:03:09.825802,United States Air Force,08-8190,0254,31000,38.5,23.0,C-17A Globemaster,127,462,True
ae117d,RCH826,2025-06-17 11:03:09.825808,United States Air Force,02-1111,1452,34000,39.4,2.3,C-17A Globemaster,,,True
ae0687,RCH038,2025-06-17 11:03:09.825816,,60-0349,3457,35000,43.7,24.3,KC-135R Stratotanker,174,472,True
ae035c,UNKNOWN CALLSIGN,2025-06-17 11:03:09.825821,,58-0062,5301,38000,36.8,16.4,KC-135R Stratotanker,,,True
ae2fad,RCH263,2025-06-17 11:03:09.825829,United States Air Force,08-8201,7651,30875,43.3,25.7,C-17A Globemaster,,,True
ae0650,UNKNOWN CALLSIGN,2025-06-17 11:03:09.825834,,58-0049,5512,36000,35.4,20.3,KC-135R Stratotanker,,,True
ae05b1,UNKNOWN CALLSIGN,2025-06-17 11:04:10.592863,,63-8878,0640,36025,46.593847,4.74178,KC-135R Stratotanker,335,442,False
ae05a5,UNKNOWN CALLSIGN,2025-06-17 11:04:10.592888,,62-3508,0245,28000,46.1,12.3,KC-135R Stratotanker,,,True
ae0659,UNKNOWN CALLSIGN,2025-06-17 11:04:10.592896,,59-1464,1233,36000,43.6,7.5,KC-135R Stratotanker,315,464,True
adff0c,UNKNOWN CALLSIGN,2025-06-17 11:04:10.592903,,60-0335,0215,40025,42.8,14.5,KC-135R Stratotanker,312,412,True
ae07ef,UNKNOWN CALLSIGN,2025-06-17 11:04:10.592909,United States Air Force,96-0005,0323,28000,32.1,29.6,C-17A Globemaster,,,True
ae2fa2,RCH798,2025-06-17 11:04:10.592916,United States Air Force,08-8190,0254,30975,38.0,24.1,C-17A Globemaster,,,True
ae117d,RCH826,2025-06-17 11:04:10.592923,United States Air Force,02-1111,1452,34000,39.1,2.7,C-17A Globemaster,,,True
ae0687,RCH038,2025-06-17 11:04:10.592932,,60-0349,3457,35000,43.7,24.3,KC-135R Stratotanker,174,474,True
ae035c,UNKNOWN CALLSIGN,2025-06-17 11:04:10.592937,,58-0062,5301,38000,36.8,16.4,KC-135R Stratotanker,,,True
ae2fad,RCH263,2025-06-17 11:04:10.592944,United States Air Force,08-8201,7651,29375,46.3,25.2,C-17A Globemaster,,,True
ae0650,UNKNOWN CALLSIGN,2025-06-17 11:04:10.592949,,58-0049,Unavailable,36000,35.4,20.3,KC-135R Stratotanker,,,True
ae05b1,UNKNOWN CALLSIGN,2025-06-17 11:05:11.605106,,63-8878,0640,36025,46.698334,4.673973,KC-135R Stratotanker,335,442,False
ae05a5,UNKNOWN CALLSIGN,2025-06-17 11:05:11.605124,,62-3508,0245,28000,46.623826,12.196564,KC-135R Stratotanker,46,486,False
ae2fa2,RCH798,2025-06-17 11:05:11.605138,United States Air Force,08-8190,0254,31000,39.8,23.1,C-17A Globemaster,127,468,True
ae07ef,RCH860,2025-06-17 11:05:11.605144,United States Air Force,96-0005,0323,28000,31.8,30.5,C-17A Globemaster,,,True
ae035c,UNKNOWN CALLSIGN,2025-06-17 11:05:11.605150,,58-0062,5301,38000,36.8,16.4,KC-135R Stratotanker,,,True
ae0650,UNKNOWN CALLSIGN,2025-06-17 11:05:11.605155,,58-0049,5512,36000,35.4,20.3,KC-135R Stratotanker,,,True
ae2fad,RCH263,2025-06-17 11:05:11.605160,United States Air Force,08-8201,7651,28450,43.4,25.3,C-17A Globemaster,,,True
ae0659,UNKNOWN CALLSIGN,2025-06-17 11:05:11.605165,,59-1464,1233,36000,44.4,8.9,KC-135R Stratotanker,315,466,True
adff0c,UNKNOWN CALLSIGN,2025-06-17 11:05:11.605170,,60-0335,0215,40000,42.8,14.5,KC-135R Stratotanker,,,True
ae117d,RCH826,2025-06-17 11:05:11.605175,United States Air Force,02-1111,1452,34000,39.4,2.1,C-17A Globemaster,,,True
ae0687,RCH038,2025-06-17 11:05:11.605181,,60-0349,3457,35000,43.7,24.3,KC-135R Stratotanker,174,474,True
ae05b1,UNKNOWN CALLSIGN,2025-06-17 11:06:12.510932,,63-8878,0640,36025,46.825557,4.59042,KC-135R Stratotanker,335,442,False
ae05a5,UNKNOWN CALLSIGN,2025-06-17 11:06:12.510951,,62-3508,0245,28000,46.652767,12.246858,KC-135R Stratotanker,50,427,False
ae2fa2,RCH798,2025-06-17 11:06:12.510963,United States Air Force,08-8190,0254,31000,38.5,23.0,C-17A Globemaster,128,468,True
ae07ef,RCH860,2025-06-17 11:06:12.510970,United States Air Force,96-0005,0323,28000,31.8,31.7,C-17A Globemaster,,,True
ae035c,UNKNOWN CALLSIGN,2025-06-17 11:06:12.510976,,58-0062,5301,38000,36.8,16.4,KC-135R Stratotanker,,,True
ae0650,UNKNOWN CALLSIGN,2025-06-17 11:06:12.510981,,58-0049,Unavailable,36000,35.4,20.3,KC-135R Stratotanker,,,True
ae2fad,RCH263,2025-06-17 11:06:12.510986,United States Air Force,08-8201,7651,27950,43.2,25.9,C-17A Globemaster,,,True
ae0659,UNKNOWN CALLSIGN,2025-06-17 11:06:12.510991,,59-1464,1233,36000,43.3,4.7,KC-135R Stratotanker,315,468,True
adff0c,UNKNOWN CALLSIGN,2025-06-17 11:06:12.510996,,60-0335,0215,40025,42.8,14.5,KC-135R Stratotanker,312,416,True
ae117d,RCH826,2025-06-17 11:06:12.511001,United States Air Force,02-1111,1452,34000,39.4,2.4,C-17A Globemaster,,,True
ae0687,RCH038,2025-06-17 11:06:12.511007,,60-0349,3457,35000,43.7,24.3,KC-135R Stratotanker,174,472,True
ae05b1,UNKNOWN CALLSIGN,2025-06-17 11:07:13.110048,,63-8878,0640,35675,46.937221,4.518333,KC-135R Stratotanker,335,444,False
ae05a5,UNKNOWN CALLSIGN,2025-06-17 11:07:13.110068,,62-3508,0245,28000,46.820032,12.47605,KC-135R Stratotanker,45,421,False
ae0659,UNKNOWN CALLSIGN,2025-06-17 11:07:13.110081,,59-1464,1233,36000,45.1,7.8,KC-135R Stratotanker,315,468,True
adff0c,UNKNOWN CALLSIGN,2025-06-17 11:07:13.110088,,60-0335,0215,40025,42.8,14.5,KC-135R Stratotanker,312,416,True
ae07ef,RCH860,2025-06-17 11:07:13.110095,United States Air Force,96-0005,0323,28000,32.1,29.6,C-17A Globemaster,,,True
ae117d,RCH826,2025-06-17 11:07:13.110104,United States Air Force,02-1111,1452,34000,39.4,2.7,C-17A Globemaster,,,True
ae2fa2,RCH798,2025-06-17 11:07:13.110111,United States Air Force,08-8190,0254,31000,38.5,23.0,C-17A Globemaster,128,468,True
ae0687,RCH038,2025-06-17 11:07:13.110118,,60-0349,3457,35000,43.6,24.1,KC-135R Stratotanker,174,472,True
ae035c,UNKNOWN CALLSIGN,2025-06-17 11:07:13.110122,,58-0062,5301,38000,37.1,15.6,KC-135R Stratotanker,,,True
ae2fad,RCH263,2025-06-17 11:07:13.110128,United States Air Force,08-8201,7651,27450,43.1,26.3,C-17A Globemaster,,,True
ae0650,UNKNOWN CALLSIGN,2025-06-17 11:07:13.110133,,58-0049,5512,36000,35.4,20.3,KC-135R Stratotanker,,,True
ae05b1,UNKNOWN CALLSIGN,2025-06-17 11:08:13.995954,,63-8878,0640,34650,47.050727,4.445872,KC-135R Stratotanker,335,450,False
ae0659,UNKNOWN CALLSIGN,2025-06-17 11:08:13.995971,,59-1464,1233,36000,44.658002,7.905734,KC-135R Stratotanker,315,466,False
ae05a5,UNKNOWN CALLSIGN,2025-06-17 11:08:13.995979,,62-3508,0245,28000,46.905504,12.578153,KC-135R Stratotanker,40,395,False
ae5e0c,UNKNOWN CALLSIGN,2025-06-17 11:08:13.995991,,17-46031,Unavailable,Unavailable,32.1,29.5,KC-46A Pegasus,,,True
ae07ef,RCH860,2025-06-17 11:08:13.995997,United States Air Force,96-0005,0323,28000,32.1,29.5,C-17A Globemaster,,,True
ae035c,UNKNOWN CALLSIGN,2025-06-17 11:08:13.996003,,58-0062,5301,38000,37.1,15.6,KC-135R Stratotanker,,,True
ae0650,UNKNOWN CALLSIGN,2025-06-17 11:08:13.996008,,58-0049,5512,36000,35.4,20.3,KC-135R Stratotanker,,,True
ae2fad,RCH263,2025-06-17 11:08:13.996013,United States Air Force,08-8201,7651,26950,43.3,25.5,C-17A Globemaster,,,True
adff0c,UNKNOWN CALLSIGN,2025-06-17 11:08:13.996018,,60-0335,0215,40025,41.1,12.0,KC-135R Stratotanker,312,418,True
ae117d,RCH826,2025-06-17 11:08:13.996025,United States Air Force,02-1111,1452,34000,39.4,2.6,C-17A Globemaster,,,True
ae0687,RCH038,2025-06-17 11:08:13.996030,,60-0349,1442,35000,43.7,24.3,KC-135R Stratotanker,166,470,True
ae2fa2,RCH798,2025-06-17 11:08:13.996038,United States Air Force,08-8190,0254,31000,38.5,23.0,C-17A Globemaster,128,468,True
ae05b1,UNKNOWN CALLSIGN,2025-06-17 11:09:14.571928,,63-8878,0640,34000,47.169684,4.364875,KC-135R Stratotanker,332,466,False
ae0659,UNKNOWN CALLSIGN,2025-06-17 11:09:14.571942,,59-1464,1233,36000,44.753665,7.771451,KC-135R Stratotanker,314,464,False
ae05a5,UNKNOWN CALLSIGN,2025-06-17 11:09:14.571949,,62-3508,0245,28000,46.975127,12.673794,KC-135R Stratotanker,43,414,False
ae5e0c,UNKNOWN CALLSIGN,2025-06-17 11:09:14.571960,,17-46031,7031,Unavailable,32.1,29.5,KC-46A Pegasus,,,True
ae07ef,RCH860,2025-06-17 11:09:14.571965,United States Air Force,96-0005,0323,28000,32.1,29.5,C-17A Globemaster,,,True
ae035c,UNKNOWN CALLSIGN,2025-06-17 11:09:14.571971,,58-0062,5301,38000,37.1,15.6,KC-135R Stratotanker,,,True
ae0650,UNKNOWN CALLSIGN,2025-06-17 11:09:14.571976,,58-0049,5512,36000,35.4,20.3,KC-135R Stratotanker,,,True
ae2fad,RCH263,2025-06-17 11:09:14.571980,United States Air Force,08-8201,7651,26325,43.2,26.1,C-17A Globemaster,,,True
adff0c,UNKNOWN CALLSIGN,2025-06-17 11:09:14.571985,,60-0335,0215,40025,42.8,14.5,KC-135R Stratotanker,312,420,True
ae117d,RCH826,2025-06-17 11:09:14.571991,United States Air Force,02-1111,1452,34000,39.4,2.6,C-17A Globemaster,,,True
ae0687,RCH038,2025-06-17 11:09:14.571996,,60-0349,1442,35000,43.7,24.3,KC-135R Stratotanker,165,470,True
ae2fa2,RCH798,2025-06-17 11:09:14.572002,United States Air Force,08-8190,0254,31000,38.5,22.9,C-17A Globemaster,128,468,True
ae05b1,UNKNOWN CALLSIGN,2025-06-17 11:10:15.127960,,63-8878,0640,34025,47.278274,4.281032,KC-135R Stratotanker,332,462,False
ae0659,UNKNOWN CALLSIGN,2025-06-17 11:10:15.127977,,59-1464,1233,36000,44.847311,7.638918,KC-135R Stratotanker,314,466,False
ae05a5,UNKNOWN CALLSIGN,2025-06-17 11:10:15.127985,,62-3508,0245,28000,47.060552,12.786764,KC-135R Stratotanker,41,412,False
ae5e0c,UNKNOWN CALLSIGN,2025-06-17 11:10:15.127996,,17-46031,7031,Unavailable,32.1,29.5,KC-46A Pegasus,,,True
adff0c,UNKNOWN CALLSIGN,2025-06-17 11:10:15.128001,,60-0335,0215,40025,42.8,14.5,KC-135R Stratotanker,312,420,True
ae07ef,RCH860,2025-06-17 11:10:15.128008,United States Air Force,96-0005,0323,Unavailable,32.1,29.5,C-17A Globemaster,,,True
ae117d,RCH826,2025-06-17 11:10:15.128014,United States Air Force,02-1111,1452,34000,39.4,2.7,C-17A Globemaster,,,True
ae2fa2,RCH798,2025-06-17 11:10:15.128019,United States Air Force,08-8190,0254,31000,38.5,23.0,C-17A Globemaster,128,466,True
ae0687,RCH038,2025-06-17 11:10:15.128025,,60-0349,1442,35000,43.7,24.3,KC-135R Stratotanker,165,468,True
ae035c,UNKNOWN CALLSIGN,2025-06-17 11:10:15.128029,,58-0062,5301,38000,37.1,15.6,KC-135R Stratotanker,,,True
ae2fad,RCH263,2025-06-17 11:10:15.128035,United States Air Force,08-8201,7651,23975,43.1,26.3,C-17A Globemaster,,,True
ae0650,UNKNOWN CALLSIGN,2025-06-17 11:10:15.128039,,58-0049,5512,36000,38.0,23.6,KC-135R Stratotanker,,,True
ae0386,UNKNOWN CALLSIGN,2025-06-17 11:10:15.128043,,59-1468,Unavailable,Unavailable,32.1,29.5,KC-135R Stratotanker,,,True
ae05b1,UNKNOWN CALLSIGN,2025-06-17 11:11:16.303959,,63-8878,0640,34025,47.390675,4.193062,KC-135R Stratotanker,332,460,False
ae0659,UNKNOWN CALLSIGN,2025-06-17 11:11:16.303974,,59-1464,1233,36000,44.929128,7.523684,KC-135R Stratotanker,314,468,False
ae05a5,UNKNOWN CALLSIGN,2025-06-17 11:11:16.303981,,62-3508,0245,28000,47.166545,12.929965,KC-135R Stratotanker,41,407,False
ae5e0c,UNKNOWN CALLSIGN,2025-06-17 11:11:16.303991,,17-46031,7031,Unavailable,32.1,29.5,KC-46A Pegasus,,,True
adff0c,UNKNOWN CALLSIGN,2025-06-17 11:11:16.303996,,60-0335,0215,40025,42.7,10.8,KC-135R Stratotanker,312,420,True
ae07ef,RCH860,2025-06-17 11:11:16.304002,United States Air Force,96-0005,0323,Unavailable,32.1,29.5,C-17A Globemaster,,,True
ae117d,RCH826,2025-06-17 11:11:16.304009,United States Air Force,02-1111,1452,34000,39.4,2.7,C-17A Globemaster,,,True
ae2fa2,RCH798,2025-06-17 11:11:16.304014,United States Air Force,08-8190,0254,31000,38.5,22.9,C-17A Globemaster,128,468,True
ae0687,RCH038,2025-06-17 11:11:16.304019,,60-0349,1442,35000,43.7,24.3,KC-135R Stratotanker,165,468,True
ae0386,UNKNOWN CALLSIGN,2025-06-17 11:11:16.304023,,59-1468,Unavailable,Unavailable,32.1,29.5,KC-135R Stratotanker,,,True
ae035c,UNKNOWN CALLSIGN,2025-06-17 11:11:16.304027,,58-0062,5301,38000,36.7,16.5,KC-135R Stratotanker,,,True
ae2fad,RCH263,2025-06-17 11:11:16.304032,United States Air Force,08-8201,7651,21600,43.1,26.3,C-17A Globemaster,,,True
ae0650,UNKNOWN CALLSIGN,2025-06-17 11:11:16.304037,,58-0049,Unavailable,36000,35.4,20.3,KC-135R Stratotanker,,,True
ae05b1,UNKNOWN CALLSIGN,2025-06-17 11:12:16.887243,,63-8878,0640,34025,47.518249,4.093215,KC-135R Stratotanker,331,460,False
ae0659,UNKNOWN CALLSIGN,2025-06-17 11:12:16.887260,,59-1464,5772,35950,45.037182,7.368393,KC-135R Stratotanker,304,470,False
ae05a5,UNKNOWN CALLSIGN,2025-06-17 11:12:16.887268,,62-3508,0245,28000,47.241992,13.031502,KC-135R Stratotanker,42,411,False
adff0c,UNKNOWN CALLSIGN,2025-06-17 11:12:16.887278,,60-0335,0215,40025,42.8,14.5,KC-135R Stratotanker,312,420,True
ae07ef,RCH860,2025-06-17 11:12:16.887285,United States Air Force,96-0005,0323,Unavailable,32.1,29.5,C-17A Globemaster,,,True
ae117d,RCH826,2025-06-17 11:12:16.887293,United States Air Force,02-1111,1452,34000,39.4,2.7,C-17A Globemaster,,,True
ae2fa2,RCH798,2025-06-17 11:12:16.887298,United States Air Force,08-8190,0254,31000,38.0,23.7,C-17A Globemaster,128,468,True
ae0687,RCH038,2025-06-17 11:12:16.887304,,60-0349,1442,35000,41.0,26.2,KC-135R Stratotanker,165,468,True
ae035c,UNKNOWN CALLSIGN,2025-06-17 11:12:16.887309,,58-0062,5301,38000,36.7,16.5,KC-135R Stratotanker,,,True
ae2fad,RCH263,2025-06-17 11:12:16.887314,United States Air Force,08-8201,7651,19400,43.1,28.9,C-17A Globemaster,,,True
ae0650,UNKNOWN CALLSIGN,2025-06-17 11:12:16.887318,,58-0049,5512,36000,35.4,20.3,KC-135R Stratotanker,,,True
ae0659,UNKNOWN CALLSIGN,2025-06-17 11:13:17.481823,,59-1464,5772,36000,45.096978,7.203275,KC-135R Stratotanker,294,470,False
ae05a5,UNKNOWN CALLSIGN,2025-06-17 11:13:17.481841,,62-3508,0245,28000,47.32431,13.141059,KC-135R Stratotanker,44,390,False
ae5e0c,UNKNOWN CALLSIGN,2025-06-17 11:13:17.481853,,17-46031,7031,Unavailable,32.1,29.5,KC-46A Pegasus,,,True
ae07ef,RCH860,2025-06-17 11:13:17.481858,United States Air Force,96-0005,7030,28000,32.1,29.5,C-17A Globemaster,,,True
ae05b1,UNKNOWN CALLSIGN,2025-06-17 11:13:17.481865,,63-8878,0640,34025,47.6,5.2,KC-135R Stratotanker,331,462,True
ae035c,UNKNOWN CALLSIGN,2025-06-17 11:13:17.481870,,58-0062,5301,38000,37.1,15.6,KC-135R Stratotanker,,,True
ae0650,UNKNOWN CALLSIGN,2025-06-17 11:13:17.481875,,58-0049,5512,36000,35.4,20.3,KC-135R Stratotanker,,,True
ae2fad,RCH263,2025-06-17 11:13:17.481880,United States Air Force,08-8201,7651,17225,43.1,26.3,C-17A Globemaster,,,True
adff0c,UNKNOWN CALLSIGN,2025-06-17 11:13:17.481885,,60-0335,0215,40025,42.7,10.8,KC-135R Stratotanker,312,418,True
ae117d,RCH826,2025-06-17 11:13:17.481891,United States Air Force,02-1111,1452,34000,39.0,2.1,C-17A Globemaster,,,True
ae0687,RCH038,2025-06-17 11:13:17.481897,,60-0349,1442,35000,41.3,26.9,KC-135R Stratotanker,165,470,True
ae2fa2,RCH798,2025-06-17 11:13:17.481904,United States Air Force,08-8190,0254,31000,35.4,20.3,C-17A Globemaster,128,472,True
ae0659,UNKNOWN CALLSIGN,2025-06-17 11:14:18.479250,,59-1464,5772,36000,45.140237,7.06596,KC-135R Stratotanker,293,470,False
ae05a5,UNKNOWN CALLSIGN,2025-06-17 11:14:18.479267,,62-3508,0245,28000,47.417341,13.27141,KC-135R Stratotanker,45,399,False
ae5e0c,UNKNOWN CALLSIGN,2025-06-17 11:14:18.479277,,17-46031,7031,28025,32.1,29.5,KC-46A Pegasus,,,True
adff0c,UNKNOWN CALLSIGN,2025-06-17 11:14:18.479283,,60-0335,0215,40025,42.7,10.8,KC-135R Stratotanker,311,416,True
ae05b1,UNKNOWN CALLSIGN,2025-06-17 11:14:18.479289,,63-8878,0640,34025,48.0,5.2,KC-135R Stratotanker,331,462,True
ae07ef,RCH860,2025-06-17 11:14:18.479294,United States Air Force,96-0005,7030,28000,32.1,29.5,C-17A Globemaster,,,True
ae117d,RCH826,2025-06-17 11:14:18.479301,United States Air Force,02-1111,1452,34025,39.4,2.5,C-17A Globemaster,,,True
ae2fa2,RCH798,2025-06-17 11:14:18.479306,United States Air Force,08-8190,0254,31000,38.0,23.8,C-17A Globemaster,128,470,True
ae0687,RCH038,2025-06-17 11:14:18.479312,,60-0349,1442,35000,41.1,26.5,KC-135R Stratotanker,165,472,True
ae035c,UNKNOWN CALLSIGN,2025-06-17 11:14:18.479316,,58-0062,5301,38000,37.1,15.6,KC-135R Stratotanker,282,438,True
ae2fad,RCH263,2025-06-17 11:14:18.479321,United States Air Force,08-8201,7651,15225,43.1,26.3,C-17A Globemaster,,,True
ae0650,UNKNOWN CALLSIGN,2025-06-17 11:14:18.479326,,58-0049,Unavailable,36000,35.4,20.3,KC-135R Stratotanker,,,True
ae05a5,UNKNOWN CALLSIGN,2025-06-17 11:15:19.203691,,62-3508,0245,28000,47.497082,13.385607,KC-135R Stratotanker,45,395,False
ae5e0c,UNKNOWN CALLSIGN,2025-06-17 11:15:19.203712,,17-46031,7031,28000,32.1,29.5,KC-46A Pegasus,,,True
ae0659,UNKNOWN CALLSIGN,2025-06-17 11:15:19.203718,,59-1464,5772,36000,46.6,6.3,KC-135R Stratotanker,293,470,True
adff0c,UNKNOWN CALLSIGN,2025-06-17 11:15:19.203724,,60-0335,0215,40025,41.3,12.0,KC-135R Stratotanker,311,414,True
ae05b1,UNKNOWN CALLSIGN,2025-06-17 11:15:19.203731,,63-8878,0640,34025,48.3,4.6,KC-135R Stratotanker,331,462,True
ae0687,RCH038,2025-06-17 11:15:19.203737,,60-0349,1442,35000,39.8,23.1,KC-135R Stratotanker,,,True
ae117d,RCH826,2025-06-17 11:15:19.203743,United States Air Force,02-1111,1452,34550,39.4,2.3,C-17A Globemaster,,,True
ae2fa2,RCH798,2025-06-17 11:15:19.203749,United States Air Force,08-8190,0254,31000,38.0,24.0,C-17A Globemaster,128,474,True
ae0386,UNKNOWN CALLSIGN,2025-06-17 11:15:19.203754,,59-1468,Unavailable,Unavailable,32.1,29.5,KC-135R Stratotanker,,,True
ae035c,UNKNOWN CALLSIGN,2025-06-17 11:15:19.203759,,58-0062,5301,38000,36.7,16.5,KC-135R Stratotanker,281,434,True
ae2fad,RCH263,2025-06-17 11:15:19.203764,United States Air Force,08-8201,7651,13225,43.0,29.4,C-17A Globemaster,,,True
ae0650,UNKNOWN CALLSIGN,2025-06-17 11:15:19.203769,,58-0049,Unavailable,36000,35.4,20.3,KC-135R Stratotanker,,,True
ae0659,UNKNOWN CALLSIGN,2025-06-17 11:16:20.180578,,59-1464,5772,36000,45.254223,6.699653,KC-135R Stratotanker,293,470,False
ae05a5,UNKNOWN CALLSIGN,2025-06-17 11:16:20.180593,,62-3508,0245,28000,47.57727,13.492905,KC-135R Stratotanker,43,413,False
ae5e0c,UNKNOWN CALLSIGN,2025-06-17 11:16:20.180603,,17-46031,7031,28025,32.1,29.5,KC-46A Pegasus,,,True
ae05b1,UNKNOWN CALLSIGN,2025-06-17 11:16:20.180609,,63-8878,0640,34025,48.3,5.4,KC-135R Stratotanker,331,464,True
ae035c,UNKNOWN CALLSIGN,2025-06-17 11:16:20.180614,,58-0062,5301,38000,37.0,14.5,KC-135R Stratotanker,281,430,True
ae0650,UNKNOWN CALLSIGN,2025-06-17 11:16:20.180618,,58-0049,Unavailable,36000,35.4,20.3,KC-135R Stratotanker,,,True
ae2fad,RCH263,2025-06-17 11:16:20.180623,United States Air Force,08-8201,7651,11400,43.1,26.3,C-17A Globemaster,,,True
ae0386,UNKNOWN CALLSIGN,2025-06-17 11:16:20.180628,,59-1468,Unavailable,Unavailable,32.1,29.5,KC-135R Stratotanker,,,True
ae0687,RCH038,2025-06-17 11:16:20.180632,,60-0349,1442,35000,41.3,26.9,KC-135R Stratotanker,165,476,True
adff0c,UNKNOWN CALLSIGN,2025-06-17 11:16:20.180636,,60-0335,0215,40000,41.3,12.0,KC-135R Stratotanker,313,414,True
ae117d,RCH826,2025-06-17 11:16:20.180642,United States Air Force,02-1111,1452,35000,39.4,2.4,C-17A Globemaster,,,True
ae2fa2,RCH798,2025-06-17 11:16:20.180648,United States Air Force,08-8190,0254,31000,38.5,23.0,C-17A Globemaster,128,476,True
ae0659,UNKNOWN CALLSIGN,2025-06-17 11:17:21.137898,,59-1464,5772,36000,45.297492,6.556607,KC-135R Stratotanker,293,470,False
ae05a5,UNKNOWN CALLSIGN,2025-06-17 11:17:21.137917,,62-3508,0245,28000,47.657,13.611984,KC-135R Stratotanker,45,369,False
ae5e0c,UNKNOWN CALLSIGN,2025-06-17 11:17:21.137928,,17-46031,7031,28000,32.1,29.5,KC-46A Pegasus,,,True
adff0c,UNKNOWN CALLSIGN,2025-06-17 11:17:21.137934,,60-0335,0215,40025,41.3,12.0,KC-135R Stratotanker,315,412,True
ae05b1,UNKNOWN CALLSIGN,2025-06-17 11:17:21.137941,,63-8878,0640,34025,48.1,5.0,KC-135R Stratotanker,331,464,True
ae07ef,RCH860,2025-06-17 11:17:21.137947,United States Air Force,96-0005,7030,Unavailable,32.1,29.5,C-17A Globemaster,,,True
ae0687,RCH038,2025-06-17 11:17:21.137955,,60-0349,1442,35000,38.0,23.8,KC-135R Stratotanker,166,478,True
ae117d,RCH826,2025-06-17 11:17:21.137960,United States Air Force,02-1111,1452,35000,39.0,2.1,C-17A Globemaster,,,True
ae2fa2,RCH798,2025-06-17 11:17:21.137965,United States Air Force,08-8190,0254,31000,35.4,20.3,C-17A Globemaster,128,472,True
ae0386,UNKNOWN CALLSIGN,2025-06-17 11:17:21.137971,,59-1468,3301,Unavailable,32.1,29.5,KC-135R Stratotanker,,,True
ae035c,UNKNOWN CALLSIGN,2025-06-17 11:17:21.137976,,58-0062,5301,38000,37.1,15.6,KC-135R Stratotanker,281,430,True
ae2fad,RCH263,2025-06-17 11:17:21.137981,United States Air Force,08-8201,7651,10375,43.0,29.4,C-17A Globemaster,,,True
ae0650,UNKNOWN CALLSIGN,2025-06-17 11:17:21.137986,,58-0049,Unavailable,36000,35.4,20.3,KC-135R Stratotanker,,,True
ae0659,UNKNOWN CALLSIGN,2025-06-17 11:18:22.097988,,59-1464,5772,36000,45.350215,6.388191,KC-135R Stratotanker,292,468,False
ae05a5,UNKNOWN CALLSIGN,2025-06-17 11:18:22.098008,,62-3508,0245,28000,47.739863,13.729673,KC-135R Stratotanker,45,397,False
ae5e0c,UNKNOWN CALLSIGN,2025-06-17 11:18:22.098020,,17-46031,7031,28000,32.1,29.5,KC-46A Pegasus,,,True
ae05b1,UNKNOWN CALLSIGN,2025-06-17 11:18:22.098028,,63-8878,0640,34025,49.2,4.5,KC-135R Stratotanker,331,464,True
ae035c,UNKNOWN CALLSIGN,2025-06-17 11:18:22.098033,,58-0062,5301,38000,37.1,15.6,KC-135R Stratotanker,281,428,True
ae0650,UNKNOWN CALLSIGN,2025-06-17 11:18:22.098038,,58-0049,Unavailable,36000,35.4,20.3,KC-135R Stratotanker,,,True
ae2fad,RCH263,2025-06-17 11:18:22.098044,United States Air Force,08-8201,7651,9325,43.1,26.3,C-17A Globemaster,,,True
ae0386,UNKNOWN CALLSIGN,2025-06-17 11:18:22.098050,,59-1468,3301,Unavailable,32.1,29.5,KC-135R Stratotanker,,,True
ae0687,RCH038,2025-06-17 11:18:22.098055,,60-0349,1442,35000,38.0,23.7,KC-135R Stratotanker,166,478,True
adff0c,UNKNOWN CALLSIGN,2025-06-17 11:18:22.098059,,60-0335,0215,40000,42.7,10.8,KC-135R Stratotanker,315,412,True
ae117d,RCH826,2025-06-17 11:18:22.098066,United States Air Force,02-1111,1452,35000,39.0,2.1,C-17A Globemaster,,,True
ae2fa2,RCH798,2025-06-17 11:18:22.098073,United States Air Force,08-8190,0254,31000,38.5,23.0,C-17A Globemaster,128,474,True
ae0659,UNKNOWN CALLSIGN,2025-06-17 11:19:22.684673,,59-1464,5772,36000,45.410528,6.173725,KC-135R Stratotanker,291,466,False
ae05a5,UNKNOWN CALLSIGN,2025-06-17 11:19:22.684695,,62-3508,0245,28000,47.828438,13.842314,KC-135R Stratotanker,42,393,False
ae5e0c,UNKNOWN CALLSIGN,2025-06-17 11:19:22.684707,,17-46031,Unavailable,28000,32.1,29.6,KC-46A Pegasus,,,True
adff0c,UNKNOWN CALLSIGN,2025-06-17 11:19:22.684714,,60-0335,0215,40000,42.7,10.8,KC-135R Stratotanker,315,412,True
ae05b1,UNKNOWN CALLSIGN,2025-06-17 11:19:22.684722,,63-8878,0640,34025,49.5,4.8,KC-135R Stratotanker,331,464,True
ae0687,RCH038,2025-06-17 11:19:22.684730,,60-0349,1442,35000,38.5,23.0,KC-135R Stratotanker,166,482,True
ae117d,RCH826,2025-06-17 11:19:22.684736,United States Air Force,02-1111,1452,35000,39.4,2.5,C-17A Globemaster,,,True
ae2fa2,RCH798,2025-06-17 11:19:22.684742,United States Air Force,08-8190,0254,31000,38.5,23.0,C-17A Globemaster,129,474,True
ae035c,UNKNOWN CALLSIGN,2025-06-17 11:19:22.684747,,58-0062,5301,38000,37.1,15.6,KC-135R Stratotanker,281,426,True
ae2fad,RCH263,2025-06-17 11:19:22.684753,United States Air Force,08-8201,7651,8350,43.1,26.3,C-17A Globemaster,,,True
ae0650,UNKNOWN CALLSIGN,2025-06-17 11:19:22.684758,,58-0049,Unavailable,36000,35.4,20.3,KC-135R Stratotanker,,,True
ae0659,UNKNOWN CALLSIGN,2025-06-17 11:20:23.623653,,59-1464,5772,36000,45.455249,6.015634,KC-135R Stratotanker,291,468,False
ae05a5,UNKNOWN CALLSIGN,2025-06-17 11:20:23.623677,,62-3508,0245,28000,47.903767,13.954458,KC-135R Stratotanker,45,393,False
ae07ef,RCH860,2025-06-17 11:20:23.623689,United States Air Force,96-0005,7030,28000,38.0,23.6,C-17A Globemaster,,,True
ae05b1,UNKNOWN CALLSIGN,2025-06-17 11:20:23.623695,,63-8878,0640,34025,50.0,4.0,KC-135R Stratotanker,331,462,True
ae035c,UNKNOWN CALLSIGN,2025-06-17 11:20:23.623700,,58-0062,5301,38000,37.0,14.5,KC-135R Stratotanker,281,426,True
ae0650,UNKNOWN CALLSIGN,2025-06-17 11:20:23.623704,,58-0049,Unavailable,36000,35.4,20.3,KC-135R Stratotanker,,,True
ae2fad,RCH263,2025-06-17 11:20:23.623709,United States Air Force,08-8201,7651,7125,43.1,26.3,C-17A Globemaster,,,True
ae2fa7,UNKNOWN CALLSIGN,2025-06-17 11:20:23.623713,United States Air Force,08-8195,Unavailable,Unavailable,35.4,20.3,C-17A Globemaster,,,True
ae0386,UNKNOWN CALLSIGN,2025-06-17 11:20:23.623717,,59-1468,Unavailable,Unavailable,32.1,29.6,KC-135R Stratotanker,,,True
ae0687,RCH038,2025-06-17 11:20:23.623721,,60-0349,1442,35000,38.5,23.0,KC-135R Stratotanker,166,484,True
adff0c,UNKNOWN CALLSIGN,2025-06-17 11:20:23.623725,,60-0335,0215,40025,42.7,10.8,KC-135R Stratotanker,315,412,True
ae117d,RCH826,2025-06-17 11:20:23.623730,United States Air Force,02-1111,1452,35000,39.0,2.7,C-17A Globemaster,,,True
ae2fa2,RCH798,2025-06-17 11:20:23.623737,United States Air Force,08-8190,0254,31000,38.5,23.0,C-17A Globemaster,129,474,True
ae0659,UNKNOWN CALLSIGN,2025-06-17 11:21:24.206934,,59-1464,5772,36000,45.494166,5.871138,KC-135R Stratotanker,291,468,False
ae05a5,UNKNOWN CALLSIGN,2025-06-17 11:21:24.206955,,62-3508,0245,28000,47.988273,14.065854,KC-135R Stratotanker,43,371,False
adff0c,UNKNOWN CALLSIGN,2025-06-17 11:21:24.206970,,60-0335,0215,40025,41.3,12.3,KC-135R Stratotanker,315,412,True
ae05b1,UNKNOWN CALLSIGN,2025-06-17 11:21:24.206978,,63-8878,0640,34025,50.2,4.0,KC-135R Stratotanker,331,462,True
ae07ef,RCH860,2025-06-17 11:21:24.206984,United States Air Force,96-0005,7030,28000,38.0,23.6,C-17A Globemaster,,,True
ae0687,RCH038,2025-06-17 11:21:24.206992,,60-0349,1442,35000,38.0,23.6,KC-135R Stratotanker,166,486,True
ae117d,RCH826,2025-06-17 11:21:24.206996,United States Air Force,02-1111,1452,35000,39.4,3.2,C-17A Globemaster,,,True
ae2fa2,RCH798,2025-06-17 11:21:24.207002,United States Air Force,08-8190,0254,31000,38.5,22.9,C-17A Globemaster,129,474,True
ae2fa7,RCH821,2025-06-17 11:21:24.207006,United States Air Force,08-8195,2062,17000,35.4,20.3,C-17A Globemaster,,,True
ae0386,UNKNOWN CALLSIGN,2025-06-17 11:21:24.207011,,59-1468,Unavailable,Unavailable,32.1,29.7,KC-135R Stratotanker,,,True
ae035c,UNKNOWN CALLSIGN,2025-06-17 11:21:24.207015,,58-0062,5301,38000,37.0,14.5,KC-135R Stratotanker,281,426,True
ae2fad,RCH263,2025-06-17 11:21:24.207020,United States Air Force,08-8201,7651,5800,43.1,26.3,C-17A Globemaster,,,True
ae0650,UNKNOWN CALLSIGN,2025-06-17 11:21:24.207025,,58-0049,Unavailable,36000,35.4,20.3,KC-135R Stratotanker,,,True
ae0659,UNKNOWN CALLSIGN,2025-06-17 11:22:25.151242,,59-1464,5772,36000,45.51311,5.795553,KC-135R Stratotanker,291,468,False
ae05a5,UNKNOWN CALLSIGN,2025-06-17 11:22:25.151260,,62-3508,0245,28000,48.069661,14.179766,KC-135R Stratotanker,42,388,False
adff0c,UNKNOWN CALLSIGN,2025-06-17 11:22:25.151271,,60-0335,0215,40025,41.3,12.3,KC-135R Stratotanker,315,412,True
ae05b1,UNKNOWN CALLSIGN,2025-06-17 11:22:25.151277,,63-8878,0640,34025,49.9,3.9,KC-135R Stratotanker,331,462,True
ae07ef,RCH860,2025-06-17 11:22:25.151282,United States Air Force,96-0005,7030,28000,38.0,24.3,C-17A Globemaster,,,True
ae0687,RCH038,2025-06-17 11:22:25.151289,,60-0349,1442,35000,39.8,23.1,KC-135R Stratotanker,166,488,True
ae117d,RCH826,2025-06-17 11:22:25.151294,United States Air Force,02-1111,1452,35000,39.4,3.2,C-17A Globemaster,,,True
ae2fa2,RCH798,2025-06-17 11:22:25.151298,United States Air Force,08-8190,0254,31000,38.0,23.8,C-17A Globemaster,,,True
ae2fa7,RCH821,2025-06-17 11:22:25.151322,United States Air Force,08-8195,2062,18825,35.4,20.3,C-17A Globemaster,,,True
ae035c,UNKNOWN CALLSIGN,2025-06-17 11:22:25.151326,,58-0062,5301,38000,37.1,15.6,KC-135R Stratotanker,281,426,True
ae2fad,RCH263,2025-06-17 11:22:25.151331,United States Air Force,08-8201,7651,4525,43.1,26.3,C-17A Globemaster,,,True
ae0650,UNKNOWN CALLSIGN,2025-06-17 11:22:25.151336,,58-0049,5512,36000,35.4,20.3,KC-135R Stratotanker,,,True
ae05b1,UNKNOWN CALLSIGN,2025-06-17 11:23:26.104079,,63-8878,0640,34025,48.712448,3.114744,KC-135R Stratotanker,321,464,False
ae0659,UNKNOWN CALLSIGN,2025-06-17 11:23:26.104100,,59-1464,5772,36000,45.598527,5.502031,KC-135R Stratotanker,326,452,False
ae05a5,UNKNOWN CALLSIGN,2025-06-17 11:23:26.104111,,62-3508,0245,28000,48.14815,14.286151,KC-135R Stratotanker,40,402,False
adff0c,UNKNOWN CALLSIGN,2025-06-17 11:23:26.104126,,60-0335,0215,40025,42.7,10.8,KC-135R Stratotanker,315,414,True
ae07ef,RCH860,2025-06-17 11:23:26.104135,United States Air Force,96-0005,7030,28000,38.0,24.3,C-17A Globemaster,,,True
ae0687,RCH038,2025-06-17 11:23:26.104142,,60-0349,1442,35000,38.0,24.3,KC-135R Stratotanker,166,488,True
ae117d,RCH826,2025-06-17 11:23:26.104147,United States Air Force,02-1111,1452,35000,39.4,3.2,C-17A Globemaster,,,True
ae2fa2,RCH798,2025-06-17 11:23:26.104153,United States Air Force,08-8190,0254,Unavailable,38.0,24.3,C-17A Globemaster,,,True
ae2fa7,RCH821,2025-06-17 11:23:26.104158,United States Air Force,08-8195,2062,20650,35.4,20.3,C-17A Globemaster,,,True
ae035c,UNKNOWN CALLSIGN,2025-06-17 11:23:26.104162,,58-0062,5301,38000,37.1,15.6,KC-135R Stratotanker,281,424,True
ae2fad,RCH263,2025-06-17 11:23:26.104167,United States Air Force,08-8201,7651,4325,43.1,26.3,C-17A Globemaster,,,True
ae0650,UNKNOWN CALLSIGN,2025-06-17 11:23:26.104171,,58-0049,5512,36000,35.4,20.3,KC-135R Stratotanker,,,True
ae0659,UNKNOWN CALLSIGN,2025-06-17 11:24:27.096800,,59-1464,5772,36000,45.720985,5.401901,KC-135R Stratotanker,329,454,False
ae05a5,UNKNOWN CALLSIGN,2025-06-17 11:24:27.096843,,62-3508,0245,28000,48.229357,14.418121,KC-135R Stratotanker,41,411,False
adff0c,UNKNOWN CALLSIGN,2025-06-17 11:24:27.096864,,60-0335,0215,40025,44.0,13.6,KC-135R Stratotanker,315,414,True
ae05b1,UNKNOWN CALLSIGN,2025-06-17 11:24:27.096875,,63-8878,0640,34025,50.1,3.2,KC-135R Stratotanker,320,464,True
ae0687,RCH038,2025-06-17 11:24:27.096886,,60-0349,1442,35000,38.5,22.9,KC-135R Stratotanker,166,490,True
ae117d,RCH826,2025-06-17 11:24:27.096893,United States Air Force,02-1111,1452,35000,39.0,2.1,C-17A Globemaster,,,True
ae2fa7,RCH821,2025-06-17 11:24:27.096902,United States Air Force,08-8195,2062,22050,35.4,20.3,C-17A Globemaster,,,True
ae035c,UNKNOWN CALLSIGN,2025-06-17 11:24:27.096908,,58-0062,5301,38000,36.6,16.9,KC-135R Stratotanker,281,424,True
ae0650,UNKNOWN CALLSIGN,2025-06-17 11:24:27.096917,,58-0049,5512,36000,35.4,20.3,KC-135R Stratotanker,,,True
ae05b1,UNKNOWN CALLSIGN,2025-06-17 11:25:27.805683,,63-8878,0640,34025,48.921706,2.864753,KC-135R Stratotanker,320,462,False
ae0659,UNKNOWN CALLSIGN,2025-06-17 11:25:27.805710,,59-1464,5772,36000,45.838479,5.309382,KC-135R Stratotanker,329,454,False
ae05a5,UNKNOWN CALLSIGN,2025-06-17 11:25:27.805720,,62-3508,0245,28000,48.317426,14.531589,KC-135R Stratotanker,43,406,False
adff0c,UNKNOWN CALLSIGN,2025-06-17 11:25:27.805734,,60-0335,0215,40000,44.0,13.6,KC-135R Stratotanker,315,416,True
ae07ef,RCH860,2025-06-17 11:25:27.805746,United States Air Force,96-0005,7030,28000,38.0,24.3,C-17A Globemaster,,,True
ae0687,RCH038,2025-06-17 11:25:27.805756,,60-0349,1442,35000,39.5,24.6,KC-135R Stratotanker,166,492,True
ae117d,RCH826,2025-06-17 11:25:27.805764,United States Air Force,02-1111,1452,35000,39.4,3.2,C-17A Globemaster,,,True
ae2fa2,RCH798,2025-06-17 11:25:27.805771,United States Air Force,08-8190,0254,31000,38.0,24.3,C-17A Globemaster,,,True
ae2fa7,RCH821,2025-06-17 11:25:27.805778,United States Air Force,08-8195,2062,23225,35.4,20.3,C-17A Globemaster,,,True
ae035c,UNKNOWN CALLSIGN,2025-06-17 11:25:27.805782,,58-0062,5301,38000,36.6,17.3,KC-135R Stratotanker,281,430,True
ae0650,UNKNOWN CALLSIGN,2025-06-17 11:25:27.805788,,58-0049,5512,36000,35.4,20.3,KC-135R Stratotanker,,,True
ae0659,UNKNOWN CALLSIGN,2025-06-17 11:26:28.929329,,59-1464,5772,36000,45.936487,5.224582,KC-135R Stratotanker,329,454,False
ae05a5,UNKNOWN CALLSIGN,2025-06-17 11:26:28.929349,,62-3508,0245,28000,48.395361,14.649878,KC-135R Stratotanker,44,421,False
adff0c,UNKNOWN CALLSIGN,2025-06-17 11:26:28.929359,,60-0335,0215,40025,42.7,10.8,KC-135R Stratotanker,315,416,True
ae05b1,UNKNOWN CALLSIGN,2025-06-17 11:26:28.929366,,63-8878,0640,34025,50.7,3.6,KC-135R Stratotanker,320,460,True
ae07ef,RCH860,2025-06-17 11:26:28.929372,United States Air Force,96-0005,7030,28000,38.0,23.9,C-17A Globemaster,,,True
ae0687,RCH038,2025-06-17 11:26:28.929378,,60-0349,1442,35000,38.0,23.9,KC-135R Stratotanker,169,496,True
ae117d,RCH826,2025-06-17 11:26:28.929383,United States Air Force,02-1111,1452,35000,39.0,2.4,C-17A Globemaster,,,True
ae2fa2,RCH798,2025-06-17 11:26:28.929387,United States Air Force,08-8190,0254,30975,38.0,23.9,C-17A Globemaster,129,480,True
ae2fa7,RCH821,2025-06-17 11:26:28.929391,United States Air Force,08-8195,2062,24075,35.4,20.3,C-17A Globemaster,,,True
ae035c,UNKNOWN CALLSIGN,2025-06-17 11:26:28.929395,,58-0062,5301,38000,37.0,14.5,KC-135R Stratotanker,281,430,True
ae0650,UNKNOWN CALLSIGN,2025-06-17 11:26:28.929401,,58-0049,5512,36000,35.4,20.3,KC-135R Stratotanker,,,True
ae0659,UNKNOWN CALLSIGN,2025-06-17 11:27:30.103901,,59-1464,5772,36000,46.055671,5.121971,KC-135R Stratotanker,329,454,False
ae05a5,UNKNOWN CALLSIGN,2025-06-17 11:27:30.103954,,62-3508,0245,28000,48.482157,14.776354,KC-135R Stratotanker,46,418,False
ae07ef,RCH860,2025-06-17 11:27:30.103973,United States Air Force,96-0005,7030,28000,38.0,23.8,C-17A Globemaster,,,True
ae05b1,UNKNOWN CALLSIGN,2025-06-17 11:27:30.103987,,63-8878,0640,34025,50.4,-1.4,KC-135R Stratotanker,323,458,True
ae035c,UNKNOWN CALLSIGN,2025-06-17 11:27:30.103998,,58-0062,5301,38000,37.1,15.6,KC-135R Stratotanker,280,432,True
ae0650,UNKNOWN CALLSIGN,2025-06-17 11:27:30.104006,,58-0049,Unavailable,36000,35.4,20.3,KC-135R Stratotanker,,,True
ae2fa7,RCH821,2025-06-17 11:27:30.104014,United States Air Force,08-8195,2062,24725,35.4,20.3,C-17A Globemaster,,,True
ae0687,RCH038,2025-06-17 11:27:30.104022,,60-0349,1442,35000,39.6,24.3,KC-135R Stratotanker,196,490,True
adff0c,UNKNOWN CALLSIGN,2025-06-17 11:27:30.104028,,60-0335,0215,40025,44.0,13.6,KC-135R Stratotanker,315,416,True
ae117d,RCH826,2025-06-17 11:27:30.104038,United States Air Force,02-1111,1452,35000,39.4,3.2,C-17A Globemaster,,,True
ae2fa2,RCH798,2025-06-17 11:27:30.104046,United States Air Force,08-8190,0254,31000,38.0,23.9,C-17A Globemaster,,,True
ae05b1,UNKNOWN CALLSIGN,2025-06-17 11:28:30.818615,,63-8878,0640,34025,49.222281,2.501757,KC-135R Stratotanker,325,458,False
ae0659,UNKNOWN CALLSIGN,2025-06-17 11:28:30.818632,,59-1464,5772,36000,46.168485,5.036113,KC-135R Stratotanker,333,454,False
ae05a5,UNKNOWN CALLSIGN,2025-06-17 11:28:30.818642,,62-3508,0245,28000,48.560946,14.889825,KC-135R Stratotanker,43,407,False
adff0c,UNKNOWN CALLSIGN,2025-06-17 11:28:30.818652,,60-0335,0215,40025,44.0,13.6,KC-135R Stratotanker,315,416,True
ae07ef,RCH860,2025-06-17 11:28:30.818661,United States Air Force,96-0005,7030,28000,38.0,23.8,C-17A Globemaster,,,True
ae0687,RCH038,2025-06-17 11:28:30.818668,,60-0349,1442,35000,38.5,22.9,KC-135R Stratotanker,196,494,True
ae117d,RCH826,2025-06-17 11:28:30.818673,United States Air Force,02-1111,1452,35000,39.0,2.3,C-17A Globemaster,,,True
ae2fa2,RCH798,2025-06-17 11:28:30.818677,United States Air Force,08-8190,0254,Unavailable,38.0,23.8,C-17A Globemaster,,,True
ae2fa7,RCH821,2025-06-17 11:28:30.818682,United States Air Force,08-8195,2062,25350,35.4,20.3,C-17A Globemaster,,,True
ae035c,UNKNOWN CALLSIGN,2025-06-17 11:28:30.818686,,58-0062,5301,38000,37.0,14.5,KC-135R Stratotanker,280,434,True
ae0659,UNKNOWN CALLSIGN,2025-06-17 11:29:31.751561,,59-1464,5772,36000,46.284077,4.953807,KC-135R Stratotanker,333,456,False
ae05a5,UNKNOWN CALLSIGN,2025-06-17 11:29:31.751583,,62-3508,0245,28000,48.63694,15.002057,KC-135R Stratotanker,45,408,False
adff0c,UNKNOWN CALLSIGN,2025-06-17 11:29:31.751594,,60-0335,0215,40025,42.7,10.8,KC-135R Stratotanker,314,416,True
ae05b1,UNKNOWN CALLSIGN,2025-06-17 11:29:31.751601,,63-8878,0640,34025,50.4,0.9,KC-135R Stratotanker,326,458,True
ae0687,RCH038,2025-06-17 11:29:31.751608,,60-0349,1442,35000,39.8,23.1,KC-135R Stratotanker,196,496,True
ae117d,RCH826,2025-06-17 11:29:31.751613,United States Air Force,02-1111,1452,35000,39.0,2.2,C-17A Globemaster,,,True
ae2fa2,RCH798,2025-06-17 11:29:31.751618,United States Air Force,08-8190,0254,31000,38.0,23.9,C-17A Globemaster,,,True
ae2fa7,RCH821,2025-06-17 11:29:31.751624,United States Air Force,08-8195,2062,26100,35.4,20.3,C-17A Globemaster,,,True
ae035c,UNKNOWN CALLSIGN,2025-06-17 11:29:31.751628,,58-0062,5301,38000,37.0,14.5,KC-135R Stratotanker,311,436,True
ae0659,UNKNOWN CALLSIGN,2025-06-17 11:30:32.675949,,59-1464,5772,36000,46.397982,4.870713,KC-135R Stratotanker,333,456,False
ae05a5,UNKNOWN CALLSIGN,2025-06-17 11:30:32.675968,,62-3508,0245,28000,48.725879,15.130182,KC-135R Stratotanker,44,408,False
adff0c,UNKNOWN CALLSIGN,2025-06-17 11:30:32.675979,,60-0335,0215,40025,42.7,10.8,KC-135R Stratotanker,314,418,True
ae05b1,UNKNOWN CALLSIGN,2025-06-17 11:30:32.675986,,63-8878,0640,34025,50.9,3.5,KC-135R Stratotanker,326,456,True
ae5e0c,UNKNOWN CALLSIGN,2025-06-17 11:30:32.675991,,17-46031,Unavailable,Unavailable,31.8,31.7,KC-46A Pegasus,,,True
ae0687,RCH038,2025-06-17 11:30:32.675998,,60-0349,1442,35000,38.0,23.9,KC-135R Stratotanker,196,496,True
ae2fa2,RCH798,2025-06-17 11:30:32.676003,United States Air Force,08-8190,0254,31000,38.0,23.9,C-17A Globemaster,,,True
ae2fa7,RCH821,2025-06-17 11:30:32.676007,United States Air Force,08-8195,2062,26775,35.4,20.3,C-17A Globemaster,,,True
ae035c,UNKNOWN CALLSIGN,2025-06-17 11:30:32.676011,,58-0062,5301,38000,36.6,17.3,KC-135R Stratotanker,310,440,True
ae0659,UNKNOWN CALLSIGN,2025-06-17 11:31:33.377135,,59-1464,5772,36000,46.509744,4.800613,KC-135R Stratotanker,333,456,False
ae05a5,UNKNOWN CALLSIGN,2025-06-17 11:31:33.377155,,62-3508,0245,28000,48.804403,15.245796,KC-135R Stratotanker,43,405,False
adff0c,UNKNOWN CALLSIGN,2025-06-17 11:31:33.377167,,60-0335,0215,40025,42.7,10.8,KC-135R Stratotanker,314,418,True
ae05b1,UNKNOWN CALLSIGN,2025-06-17 11:31:33.377174,,63-8878,0640,34025,51.0,3.4,KC-135R Stratotanker,326,454,True
ae07ef,RCH860,2025-06-17 11:31:33.377180,United States Air Force,96-0005,7030,28000,38.0,23.7,C-17A Globemaster,,,True
ae5e0c,UNKNOWN CALLSIGN,2025-06-17 11:31:33.377184,,17-46031,Unavailable,Unavailable,31.8,31.7,KC-46A Pegasus,,,True
ae0687,RCH038,2025-06-17 11:31:33.377192,,60-0349,1442,35000,38.5,23.0,KC-135R Stratotanker,196,496,True
ae2fa7,RCH821,2025-06-17 11:31:33.377196,United States Air Force,08-8195,2062,27425,38.0,23.7,C-17A Globemaster,,,True
ae035c,UNKNOWN CALLSIGN,2025-06-17 11:31:33.377201,,58-0062,5301,38000,36.6,17.3,KC-135R Stratotanker,310,440,True
ae117d,RCH826,2025-06-17 11:31:33.377206,United States Air Force,02-1111,1452,35000,39.2,2.4,C-17A Globemaster,,,True
ae0659,UNKNOWN CALLSIGN,2025-06-17 11:32:34.094166,,59-1464,5772,36000,46.627576,4.705497,KC-135R Stratotanker,333,456,False
ae05a5,UNKNOWN CALLSIGN,2025-06-17 11:32:34.094191,,62-3508,0245,28000,48.885201,15.367165,KC-135R Stratotanker,43,404,False
ae07ef,RCH860,2025-06-17 11:32:34.094205,United States Air Force,96-0005,7030,28000,38.0,23.9,C-17A Globemaster,,,True
ae05b1,UNKNOWN CALLSIGN,2025-06-17 11:32:34.094214,,63-8878,0640,34025,51.0,3.2,KC-135R Stratotanker,326,452,True
ae035c,UNKNOWN CALLSIGN,2025-06-17 11:32:34.094219,,58-0062,5301,38000,36.6,16.8,KC-135R Stratotanker,310,442,True
ae0650,UNKNOWN CALLSIGN,2025-06-17 11:32:34.094225,,58-0049,5512,36000,36.6,17.3,KC-135R Stratotanker,,,True
ae1453,RCH300,2025-06-17 11:32:34.094230,United States Air Force,05-5149,6426,1600,48.9,8.8,C-17A Globemaster,,,True
ae2fa7,RCH821,2025-06-17 11:32:34.094235,United States Air Force,08-8195,2062,27975,38.0,23.9,C-17A Globemaster,,,True
ae5e0c,UNKNOWN CALLSIGN,2025-06-17 11:32:34.094240,,17-46031,7031,Unavailable,31.8,31.7,KC-46A Pegasus,,,True
ae0687,RCH038,2025-06-17 11:32:34.094245,,60-0349,1442,35000,38.5,23.0,KC-135R Stratotanker,196,494,True
adff0c,UNKNOWN CALLSIGN,2025-06-17 11:32:34.094249,,60-0335,0215,40025,45.0,13.1,KC-135R Stratotanker,314,420,True
ae2fa2,RCH798,2025-06-17 11:32:34.094259,United States Air Force,08-8190,0254,31000,38.0,23.9,C-17A Globemaster,129,484,True
ae117d,RCH826,2025-06-17 11:32:34.094263,United States Air Force,02-1111,1452,35000,39.3,2.6,C-17A Globemaster,,,True
ae0659,UNKNOWN CALLSIGN,2025-06-17 11:33:35.060015,,59-1464,5772,36000,46.741132,4.623262,KC-135R Stratotanker,333,458,False
adff0c,UNKNOWN CALLSIGN,2025-06-17 11:33:35.060038,,60-0335,0215,40025,42.626467,10.671866,KC-135R Stratotanker,314,422,False
ae05a5,UNKNOWN CALLSIGN,2025-06-17 11:33:35.060045,,62-3508,0245,28000,48.967711,15.491095,KC-135R Stratotanker,45,424,False
ae1453,RCH300,2025-06-17 11:33:35.060058,United States Air Force,05-5149,6426,3850,48.9,8.8,C-17A Globemaster,,,True
ae0386,UNKNOWN CALLSIGN,2025-06-17 11:33:35.060065,,59-1468,Unavailable,Unavailable,35.4,20.3,KC-135R Stratotanker,,,True
ae05b1,UNKNOWN CALLSIGN,2025-06-17 11:33:35.060071,,63-8878,0640,34025,51.1,2.0,KC-135R Stratotanker,309,452,True
ae07ef,RCH860,2025-06-17 11:33:35.060076,United States Air Force,96-0005,7030,28000,38.0,23.8,C-17A Globemaster,,,True
ae0687,RCH038,2025-06-17 11:33:35.060083,,60-0349,1442,35025,38.5,23.0,KC-135R Stratotanker,196,490,True
ae2fa2,RCH798,2025-06-17 11:33:35.060088,United States Air Force,08-8190,0254,31000,38.0,23.8,C-17A Globemaster,129,486,True
ae2fa7,RCH821,2025-06-17 11:33:35.060093,United States Air Force,08-8195,2062,28425,35.4,20.3,C-17A Globemaster,,,True
ae035c,UNKNOWN CALLSIGN,2025-06-17 11:33:35.060097,,58-0062,5301,38000,36.6,16.9,KC-135R Stratotanker,310,444,True
ae117d,RCH826,2025-06-17 11:33:35.060105,United States Air Force,02-1111,1452,35000,39.2,2.4,C-17A Globemaster,,,True
ae0650,UNKNOWN CALLSIGN,2025-06-17 11:33:35.060109,,58-0049,5512,36000,36.6,16.9,KC-135R Stratotanker,,,True
ae05b1,UNKNOWN CALLSIGN,2025-06-17 11:34:36.223623,,63-8878,0640,34025,49.864307,1.744277,KC-135R Stratotanker,309,452,False
ae0659,UNKNOWN CALLSIGN,2025-06-17 11:34:36.223643,,59-1464,5772,36000,46.858646,4.536388,KC-135R Stratotanker,333,458,False
ae1453,RCH300,2025-06-17 11:34:36.223651,United States Air Force,05-5149,6426,5075,49.510814,7.81733,C-17A Globemaster,59,271,False
ae05a5,UNKNOWN CALLSIGN,2025-06-17 11:34:36.223661,,62-3508,0245,28000,49.051736,15.617743,KC-135R Stratotanker,45,400,False
adff0c,UNKNOWN CALLSIGN,2025-06-17 11:34:36.223674,,60-0335,0215,40025,43.9,12.8,KC-135R Stratotanker,314,422,True
ae0386,UNKNOWN CALLSIGN,2025-06-17 11:34:36.223683,,59-1468,2050,34025,35.4,20.3,KC-135R Stratotanker,,,True
ae07ef,RCH860,2025-06-17 11:34:36.223689,United States Air Force,96-0005,7030,28000,38.0,23.8,C-17A Globemaster,,,True
ae0687,RCH038,2025-06-17 11:34:36.223697,,60-0349,1442,35000,38.5,22.9,KC-135R Stratotanker,196,488,True
ae2fa2,RCH798,2025-06-17 11:34:36.223703,United States Air Force,08-8190,0254,31000,38.0,23.8,C-17A Globemaster,129,486,True
ae2fa7,RCH821,2025-06-17 11:34:36.223708,United States Air Force,08-8195,2062,28875,35.4,20.3,C-17A Globemaster,,,True
ae035c,UNKNOWN CALLSIGN,2025-06-17 11:34:36.223714,,58-0062,5301,38000,37.0,14.5,KC-135R Stratotanker,310,442,True
ae117d,RCH826,2025-06-17 11:34:36.223720,United States Air Force,02-1111,1452,35000,39.1,2.2,C-17A Globemaster,,,True
ae0650,UNKNOWN CALLSIGN,2025-06-17 11:34:36.223725,,58-0049,5512,36000,36.6,16.9,KC-135R Stratotanker,,,True
ae05b1,UNKNOWN CALLSIGN,2025-06-17 11:35:37.159022,,63-8878,0640,34025,49.950963,1.589691,KC-135R Stratotanker,309,450,False
ae0659,UNKNOWN CALLSIGN,2025-06-17 11:35:37.159040,,59-1464,5772,36000,46.971111,4.45665,KC-135R Stratotanker,333,456,False
ae1453,RCH300,2025-06-17 11:35:37.159046,United States Air Force,05-5149,6426,6250,49.550745,7.916698,C-17A Globemaster,63,296,False
ae05a5,UNKNOWN CALLSIGN,2025-06-17 11:35:37.159055,,62-3508,0245,28000,49.125377,15.724366,KC-135R Stratotanker,43,406,False
ae07ef,RCH860,2025-06-17 11:35:37.159065,United States Air Force,96-0005,7030,28000,38.0,23.8,C-17A Globemaster,,,True
ae0386,UNKNOWN CALLSIGN,2025-06-17 11:35:37.159073,,59-1468,2050,34025,35.4,20.3,KC-135R Stratotanker,,,True
ae035c,UNKNOWN CALLSIGN,2025-06-17 11:35:37.159078,,58-0062,5301,38000,36.6,17.3,KC-135R Stratotanker,310,442,True
ae0650,UNKNOWN CALLSIGN,2025-06-17 11:35:37.159083,,58-0049,5512,36000,36.7,16.8,KC-135R Stratotanker,,,True
ae2fa7,RCH821,2025-06-17 11:35:37.159087,United States Air Force,08-8195,2062,29200,35.4,20.3,C-17A Globemaster,,,True
ae0687,RCH038,2025-06-17 11:35:37.159092,,60-0349,1442,35000,38.3,24.0,KC-135R Stratotanker,199,486,True
adff0c,UNKNOWN CALLSIGN,2025-06-17 11:35:37.159096,,60-0335,0215,40025,43.4,11.7,KC-135R Stratotanker,316,422,True
ae2fa2,RCH798,2025-06-17 11:35:37.159103,United States Air Force,08-8190,0254,31000,38.0,23.8,C-17A Globemaster,129,484,True
ae117d,RCH826,2025-06-17 11:35:37.159108,United States Air Force,02-1111,1452,35000,41.2,5.4,C-17A Globemaster,,,True
ae05b1,UNKNOWN CALLSIGN,2025-06-17 11:36:37.862270,,63-8878,0640,34025,50.042971,1.443752,KC-135R Stratotanker,319,442,False
ae0659,UNKNOWN CALLSIGN,2025-06-17 11:36:37.862288,,59-1464,5772,36000,47.082275,4.372347,KC-135R Stratotanker,333,456,False
ae1453,RCH300,2025-06-17 11:36:37.862296,United States Air Force,05-5149,6426,7900,49.56421,8.044484,C-17A Globemaster,82,296,False
ae05a5,UNKNOWN CALLSIGN,2025-06-17 11:36:37.862306,,62-3508,0245,28000,49.202816,15.845547,KC-135R Stratotanker,44,425,False
ae07ef,RCH860,2025-06-17 11:36:37.862317,United States Air Force,96-0005,7030,28000,38.0,23.8,C-17A Globemaster,,,True
ae0386,UNKNOWN CALLSIGN,2025-06-17 11:36:37.862326,,59-1468,2050,34025,35.4,20.3,KC-135R Stratotanker,,,True
ae035c,UNKNOWN CALLSIGN,2025-06-17 11:36:37.862330,,58-0062,5301,38000,36.7,16.9,KC-135R Stratotanker,309,440,True
ae0650,UNKNOWN CALLSIGN,2025-06-17 11:36:37.862335,,58-0049,5512,36000,36.7,16.9,KC-135R Stratotanker,,,True
ae2fa7,RCH821,2025-06-17 11:36:37.862340,United States Air Force,08-8195,2062,29675,38.0,23.8,C-17A Globemaster,,,True
ae0687,RCH038,2025-06-17 11:36:37.862345,,60-0349,1442,35000,38.3,24.0,KC-135R Stratotanker,177,494,True
adff0c,UNKNOWN CALLSIGN,2025-06-17 11:36:37.862349,,60-0335,0215,40025,43.3,11.5,KC-135R Stratotanker,316,422,True
ae117d,RCH826,2025-06-17 11:36:37.862358,United States Air Force,02-1111,1452,35000,41.2,5.2,C-17A Globemaster,,,True
ae05b1,UNKNOWN CALLSIGN,2025-06-17 11:37:38.561227,,63-8878,0640,34025,50.132827,1.323157,KC-135R Stratotanker,319,436,False
ae0659,UNKNOWN CALLSIGN,2025-06-17 11:37:38.561243,,59-1464,5772,36000,47.203398,4.283264,KC-135R Stratotanker,333,458,False
ae1453,RCH300,2025-06-17 11:37:38.561250,United States Air Force,05-5149,6426,9675,49.578193,8.157493,C-17A Globemaster,82,263,False
ae05a5,UNKNOWN CALLSIGN,2025-06-17 11:37:38.561259,,62-3508,0245,28000,49.295487,15.986348,KC-135R Stratotanker,41,419,False
ae0687,RCH038,2025-06-17 11:37:38.561266,,60-0349,1442,35000,37.818428,24.335775,KC-135R Stratotanker,177,494,False
adff0c,UNKNOWN CALLSIGN,2025-06-17 11:37:38.561273,,60-0335,0215,40025,43.2,11.2,KC-135R Stratotanker,316,422,True
ae0386,UNKNOWN CALLSIGN,2025-06-17 11:37:38.561280,,59-1468,2050,34025,35.4,20.3,KC-135R Stratotanker,,,True
ae07ef,RCH860,2025-06-17 11:37:38.561284,United States Air Force,96-0005,7030,28000,38.0,24.0,C-17A Globemaster,,,True
ae2fa7,RCH821,2025-06-17 11:37:38.561291,United States Air Force,08-8195,2062,30000,35.4,20.3,C-17A Globemaster,,,True
ae035c,UNKNOWN CALLSIGN,2025-06-17 11:37:38.561295,,58-0062,5301,38000,36.6,17.0,KC-135R Stratotanker,309,436,True
ae117d,RCH826,2025-06-17 11:37:38.561300,United States Air Force,02-1111,1452,35000,41.2,5.2,C-17A Globemaster,,,True
ae0650,UNKNOWN CALLSIGN,2025-06-17 11:37:38.561304,,58-0049,5512,36000,36.7,17.8,KC-135R Stratotanker,,,True
ae05b1,UNKNOWN CALLSIGN,2025-06-17 11:38:39.463370,,63-8878,0640,31525,50.205335,1.225016,KC-135R Stratotanker,319,434,False
ae0659,UNKNOWN CALLSIGN,2025-06-17 11:38:39.463393,,59-1464,5772,36000,47.306242,4.215846,KC-135R Stratotanker,332,460,False
ae1453,RCH300,2025-06-17 11:38:39.463403,United States Air Force,05-5149,6426,10525,49.587398,8.300948,C-17A Globemaster,81,332,False
ae05a5,UNKNOWN CALLSIGN,2025-06-17 11:38:39.463414,,62-3508,0245,28000,49.37111,16.099499,KC-135R Stratotanker,51,420,False
adff0c,UNKNOWN CALLSIGN,2025-06-17 11:38:39.463482,,60-0335,0215,40025,43.4,11.2,KC-135R Stratotanker,316,424,True
ae0386,UNKNOWN CALLSIGN,2025-06-17 11:38:39.463509,,59-1468,2050,34025,35.4,20.3,KC-135R Stratotanker,,,True
ae07ef,RCH860,2025-06-17 11:38:39.463533,United States Air Force,96-0005,7030,28000,38.0,24.0,C-17A Globemaster,,,True
ae4f14,RCH797,2025-06-17 11:38:39.463541,United States Air Force,10-0220,5212,800,53.1,1.4,C-17A Globemaster,,,True
ae0687,RCH038,2025-06-17 11:38:39.463549,,60-0349,1442,35000,38.5,23.2,KC-135R Stratotanker,177,492,True
ae2fa7,RCH821,2025-06-17 11:38:39.463555,United States Air Force,08-8195,2062,30000,35.4,20.3,C-17A Globemaster,,,True
ae035c,UNKNOWN CALLSIGN,2025-06-17 11:38:39.463560,,58-0062,5301,38000,37.1,15.6,KC-135R Stratotanker,309,434,True
ae117d,RCH826,2025-06-17 11:38:39.463566,United States Air Force,02-1111,1452,35000,41.2,5.3,C-17A Globemaster,,,True
ae0650,UNKNOWN CALLSIGN,2025-06-17 11:38:39.463570,,58-0049,5512,36000,36.7,17.8,KC-135R Stratotanker,,,True
896c40,UNKNOWN CALLSIGN,2025-06-17 11:38:39.463575,United Arab Emirates Air Force,1230,Unavailable,Unavailable,25.2,52.8,C-17A Globemaster,,,True
ae4f14,RCH797,2025-06-17 11:39:40.193764,United States Air Force,10-0220,5212,2200,52.421222,0.427628,C-17A Globemaster,328,241,False
ae05b1,UNKNOWN CALLSIGN,2025-06-17 11:39:40.193795,,63-8878,0640,28950,50.322139,1.073183,KC-135R Stratotanker,319,416,False
ae0659,UNKNOWN CALLSIGN,2025-06-17 11:39:40.193825,,59-1464,5772,36000,47.334818,4.179304,KC-135R Stratotanker,332,460,False
ae1453,RCH300,2025-06-17 11:39:40.193854,United States Air Force,05-5149,6426,11100,49.601073,8.457118,C-17A Globemaster,83,364,False
adff0c,UNKNOWN CALLSIGN,2025-06-17 11:39:40.193865,,60-0335,0215,40025,43.13936,9.996196,KC-135R Stratotanker,316,424,False
ae05a5,UNKNOWN CALLSIGN,2025-06-17 11:39:40.193896,,62-3508,0245,28000,49.453601,16.220822,KC-135R Stratotanker,40,443,False
ae07ef,RCH860,2025-06-17 11:39:40.193906,United States Air Force,96-0005,7030,28000,38.0,24.0,C-17A Globemaster,,,True
ae0386,UNKNOWN CALLSIGN,2025-06-17 11:39:40.193914,,59-1468,Unavailable,34025,35.4,20.3,KC-135R Stratotanker,,,True
ae035c,UNKNOWN CALLSIGN,2025-06-17 11:39:40.193937,,58-0062,5301,38000,36.6,16.8,KC-135R Stratotanker,309,432,True
ae0650,UNKNOWN CALLSIGN,2025-06-17 11:39:40.193942,,58-0049,5512,36000,36.6,16.8,KC-135R Stratotanker,,,True
ae2fa7,RCH821,2025-06-17 11:39:40.193964,United States Air Force,08-8195,2062,30000,35.4,20.3,C-17A Globemaster,,,True
ae0687,RCH038,2025-06-17 11:39:40.193969,,60-0349,1442,35000,38.4,23.3,KC-135R Stratotanker,177,490,True
ae117d,RCH826,2025-06-17 11:39:40.193977,United States Air Force,02-1111,1452,35000,41.2,5.3,C-17A Globemaster,,,True
ae4f14,RCH797,2025-06-17 11:40:41.243348,United States Air Force,10-0220,5212,2800,52.483139,0.471549,C-17A Globemaster,59,351,False
ae05b1,UNKNOWN CALLSIGN,2025-06-17 11:40:41.243365,,63-8878,0640,26225,50.398493,0.964248,KC-135R Stratotanker,319,402,False
ae0659,UNKNOWN CALLSIGN,2025-06-17 11:40:41.243371,,59-1464,5772,36000,47.528924,4.048578,KC-135R Stratotanker,332,460,False
ae1453,RCH300,2025-06-17 11:40:41.243378,United States Air Force,05-5149,6426,11625,49.613898,8.617108,C-17A Globemaster,82,378,False
ae05a5,UNKNOWN CALLSIGN,2025-06-17 11:40:41.243386,,62-3508,0245,28000,49.500225,16.299564,KC-135R Stratotanker,44,394,False
adff0c,UNKNOWN CALLSIGN,2025-06-17 11:40:41.243398,,60-0335,0215,40025,43.7,11.4,KC-135R Stratotanker,316,424,True
ae0386,UNKNOWN CALLSIGN,2025-06-17 11:40:41.243406,,59-1468,Unavailable,34025,35.4,20.3,KC-135R Stratotanker,,,True
ae07ef,RCH860,2025-06-17 11:40:41.243411,United States Air Force,96-0005,7030,28000,38.0,24.0,C-17A Globemaster,,,True
ae0687,RCH038,2025-06-17 11:40:41.243418,,60-0349,1442,35000,38.4,23.2,KC-135R Stratotanker,177,492,True
ae2fa7,RCH821,2025-06-17 11:40:41.243424,United States Air Force,08-8195,2062,30000,35.4,20.3,C-17A Globemaster,,,True
ae035c,UNKNOWN CALLSIGN,2025-06-17 11:40:41.243429,,58-0062,5301,38000,36.6,16.8,KC-135R Stratotanker,309,426,True
ae117d,RCH826,2025-06-17 11:40:41.243434,United States Air Force,02-1111,1452,35000,41.2,5.3,C-17A Globemaster,,,True
ae0650,UNKNOWN CALLSIGN,2025-06-17 11:40:41.243438,,58-0049,5512,36000,36.6,17.0,KC-135R Stratotanker,,,True
ae4f14,RCH797,2025-06-17 11:41:42.228239,United States Air Force,10-0220,5212,3375,52.524172,0.597377,C-17A Globemaster,59,279,False
ae05b1,UNKNOWN CALLSIGN,2025-06-17 11:41:42.228278,,63-8878,0640,26025,50.489987,0.840713,KC-135R Stratotanker,319,380,False
ae0659,UNKNOWN CALLSIGN,2025-06-17 11:41:42.228285,,59-1464,5772,36000,47.611338,3.978646,KC-135R Stratotanker,332,460,False
ae1453,RCH300,2025-06-17 11:41:42.228291,United States Air Force,05-5149,6426,12750,49.628328,8.782352,C-17A Globemaster,83,349,False
ae05a5,UNKNOWN CALLSIGN,2025-06-17 11:41:42.228302,,62-3508,0245,28000,49.618482,16.448342,KC-135R Stratotanker,18,369,False
adff0c,UNKNOWN CALLSIGN,2025-06-17 11:41:42.228313,,60-0335,0215,40025,43.8,11.6,KC-135R Stratotanker,315,426,True
ae0386,UNKNOWN CALLSIGN,2025-06-17 11:41:42.228337,,59-1468,2050,34025,35.4,20.3,KC-135R Stratotanker,,,True
ae07ef,RCH860,2025-06-17 11:41:42.228342,United States Air Force,96-0005,7030,28000,38.0,23.9,C-17A Globemaster,,,True
ae0687,RCH038,2025-06-17 11:41:42.228350,,60-0349,1442,35000,38.4,23.2,KC-135R Stratotanker,177,492,True
ae2fa7,RCH821,2025-06-17 11:41:42.228356,United States Air Force,08-8195,2062,30000,35.4,20.3,C-17A Globemaster,,,True
ae035c,UNKNOWN CALLSIGN,2025-06-17 11:41:42.228360,,58-0062,5301,38000,36.6,16.8,KC-135R Stratotanker,309,424,True
ae117d,RCH826,2025-06-17 11:41:42.228366,United States Air Force,02-1111,1452,35000,41.2,5.1,C-17A Globemaster,,,True
ae0650,UNKNOWN CALLSIGN,2025-06-17 11:41:42.228370,,58-0049,5512,36000,36.6,16.9,KC-135R Stratotanker,,,True
ae4f14,RCH797,2025-06-17 11:42:43.532245,United States Air Force,10-0220,5212,3900,52.56502,0.72291,C-17A Globemaster,60,296,False
ae05b1,UNKNOWN CALLSIGN,2025-06-17 11:42:43.532309,,63-8878,0640,26025,50.562004,0.743967,KC-135R Stratotanker,319,384,False
ae0659,UNKNOWN CALLSIGN,2025-06-17 11:42:43.532315,,59-1464,5772,36000,47.738115,3.877717,KC-135R Stratotanker,332,460,False
ae1453,RCH300,2025-06-17 11:42:43.532348,United States Air Force,05-5149,6426,13800,49.641908,8.949876,C-17A Globemaster,84,402,False
ae05a5,UNKNOWN CALLSIGN,2025-06-17 11:42:43.532359,,62-3508,0245,28000,49.736053,16.515593,KC-135R Stratotanker,17,419,False
adff0c,UNKNOWN CALLSIGN,2025-06-17 11:42:43.532373,,60-0335,0215,40025,43.6,11.1,KC-135R Stratotanker,315,428,True
ae0386,UNKNOWN CALLSIGN,2025-06-17 11:42:43.532380,,59-1468,2050,34025,35.4,20.3,KC-135R Stratotanker,,,True
ae07ef,RCH860,2025-06-17 11:42:43.532404,United States Air Force,96-0005,7030,28000,38.0,24.0,C-17A Globemaster,,,True
ae0687,RCH038,2025-06-17 11:42:43.532438,,60-0349,1442,34975,38.4,23.3,KC-135R Stratotanker,177,486,True
ae2fa7,RCH821,2025-06-17 11:42:43.532444,United States Air Force,08-8195,2062,30000,35.4,20.3,C-17A Globemaster,,,True
ae035c,UNKNOWN CALLSIGN,2025-06-17 11:42:43.532473,,58-0062,5301,38000,36.6,17.6,KC-135R Stratotanker,278,424,True
ae117d,RCH826,2025-06-17 11:42:43.532479,United States Air Force,02-1111,1452,35000,41.2,5.1,C-17A Globemaster,,,True
ae0650,UNKNOWN CALLSIGN,2025-06-17 11:42:43.532500,,58-0049,5512,36000,36.6,17.6,KC-135R Stratotanker,,,True
ae05b1,UNKNOWN CALLSIGN,2025-06-17 11:43:44.660391,,63-8878,0640,23500,50.654779,0.61805,KC-135R Stratotanker,319,390,False
ae4f14,RCH797,2025-06-17 11:43:44.660408,United States Air Force,10-0220,5212,4450,52.589842,0.861261,C-17A Globemaster,95,312,False
ae1453,RCH300,2025-06-17 11:43:44.660416,United States Air Force,05-5149,6426,14975,49.65389,9.110767,C-17A Globemaster,83,393,False
ae05a5,UNKNOWN CALLSIGN,2025-06-17 11:43:44.660424,,62-3508,0245,28000,49.841871,16.576932,KC-135R Stratotanker,18,382,False
ae07ef,RCH860,2025-06-17 11:43:44.660435,United States Air Force,96-0005,7030,28000,38.0,24.1,C-17A Globemaster,,,True
ae0386,UNKNOWN CALLSIGN,2025-06-17 11:43:44.660442,,59-1468,Unavailable,34025,35.4,20.3,KC-135R Stratotanker,,,True
ae035c,UNKNOWN CALLSIGN,2025-06-17 11:43:44.660446,,58-0062,5301,38000,36.8,16.9,KC-135R Stratotanker,276,424,True
ae0650,UNKNOWN CALLSIGN,2025-06-17 11:43:44.660452,,58-0049,5512,36000,36.8,16.9,KC-135R Stratotanker,,,True
ae2fa7,RCH821,2025-06-17 11:43:44.660456,United States Air Force,08-8195,2062,30000,35.4,20.3,C-17A Globemaster,,,True
ae0659,UNKNOWN CALLSIGN,2025-06-17 11:43:44.660461,,59-1464,5772,36000,49.1,5.0,KC-135R Stratotanker,332,460,True
ae0687,RCH038,2025-06-17 11:43:44.660466,,60-0349,1442,33100,38.4,23.5,KC-135R Stratotanker,177,462,True
adff0c,UNKNOWN CALLSIGN,2025-06-17 11:43:44.660470,,60-0335,0215,40025,43.4,11.0,KC-135R Stratotanker,315,428,True
ae117d,RCH826,2025-06-17 11:43:44.660476,United States Air Force,02-1111,1452,35000,41.2,5.1,C-17A Globemaster,,,True
ae05b1,UNKNOWN CALLSIGN,2025-06-17 11:44:45.407760,,63-8878,0640,22025,50.723146,0.522214,KC-135R Stratotanker,318,364,False
ae4f14,RCH797,2025-06-17 11:44:45.407777,United States Air Force,10-0220,5212,4975,52.53237,0.937181,C-17A Globemaster,175,342,False
ae1453,RCH300,2025-06-17 11:44:45.407785,United States Air Force,05-5149,6426,16000,49.669004,9.279052,C-17A Globemaster,83,394,False
ae05a5,UNKNOWN CALLSIGN,2025-06-17 11:44:45.407793,,62-3508,0245,28000,49.930151,16.625551,KC-135R Stratotanker,19,401,False
ae07ef,RCH860,2025-06-17 11:44:45.407803,United States Air Force,96-0005,7030,28000,38.0,24.1,C-17A Globemaster,,,True
ae0386,UNKNOWN CALLSIGN,2025-06-17 11:44:45.407810,,59-1468,2050,34025,35.4,20.3,KC-135R Stratotanker,,,True
ae035c,UNKNOWN CALLSIGN,2025-06-17 11:44:45.407815,,58-0062,5301,38000,37.0,14.5,KC-135R Stratotanker,275,426,True
ae0650,UNKNOWN CALLSIGN,2025-06-17 11:44:45.407819,,58-0049,5512,36000,37.0,16.9,KC-135R Stratotanker,,,True
ae2fa7,RCH821,2025-06-17 11:44:45.407824,United States Air Force,08-8195,2062,30000,35.4,20.3,C-17A Globemaster,,,True
ae0659,UNKNOWN CALLSIGN,2025-06-17 11:44:45.407828,,59-1464,5772,36000,49.7,4.9,KC-135R Stratotanker,332,460,True
ae0687,RCH038,2025-06-17 11:44:45.407832,,60-0349,1442,31025,38.2,23.8,KC-135R Stratotanker,183,452,True
adff0c,UNKNOWN CALLSIGN,2025-06-17 11:44:45.407836,,60-0335,0215,40025,43.2,11.1,KC-135R Stratotanker,315,430,True
ae117d,RCH826,2025-06-17 11:44:45.407841,United States Air Force,02-1111,1452,35000,41.2,5.6,C-17A Globemaster,,,True
ae05b1,UNKNOWN CALLSIGN,2025-06-17 11:45:46.384978,,63-8878,0640,22025,50.804234,0.411134,KC-135R Stratotanker,318,374,False
ae4f14,RCH797,2025-06-17 11:45:46.385021,United States Air Force,10-0220,5212,4975,52.44853,0.991079,C-17A Globemaster,156,298,False
ae1453,RCH300,2025-06-17 11:45:46.385039,United States Air Force,05-5149,6426,17000,49.678923,9.452027,C-17A Globemaster,87,357,False
ae05a5,UNKNOWN CALLSIGN,2025-06-17 11:45:46.385056,,62-3508,0245,28000,50.048278,16.693543,KC-135R Stratotanker,17,383,False
ae07ef,RCH860,2025-06-17 11:45:46.385077,United States Air Force,96-0005,7030,28000,38.0,24.1,C-17A Globemaster,,,True
ae0386,UNKNOWN CALLSIGN,2025-06-17 11:45:46.385093,,59-1468,2050,34025,35.4,20.3,KC-135R Stratotanker,,,True
ae035c,UNKNOWN CALLSIGN,2025-06-17 11:45:46.385101,,58-0062,5301,38000,37.0,16.9,KC-135R Stratotanker,275,428,True
ae0650,UNKNOWN CALLSIGN,2025-06-17 11:45:46.385107,,58-0049,5512,36000,36.6,17.6,KC-135R Stratotanker,,,True
ae2fa7,RCH821,2025-06-17 11:45:46.385113,United States Air Force,08-8195,2062,30000,35.4,20.3,C-17A Globemaster,,,True
ae0659,UNKNOWN CALLSIGN,2025-06-17 11:45:46.385122,,59-1464,5772,36000,49.7,4.6,KC-135R Stratotanker,332,460,True
ae0687,RCH038,2025-06-17 11:45:46.385128,,60-0349,1442,29275,38.2,23.9,KC-135R Stratotanker,192,438,True
adff0c,UNKNOWN CALLSIGN,2025-06-17 11:45:46.385134,,60-0335,0215,40025,43.5,11.1,KC-135R Stratotanker,315,432,True
ae2fa2,RCH798,2025-06-17 11:45:46.385145,United States Air Force,08-8190,0254,Unavailable,38.0,24.1,C-17A Globemaster,130,486,True
ae117d,RCH826,2025-06-17 11:45:46.385154,United States Air Force,02-1111,1452,34850,41.2,5.9,C-17A Globemaster,,,True
ae05b1,UNKNOWN CALLSIGN,2025-06-17 11:46:47.084828,,63-8878,0640,21025,50.883504,0.298531,KC-135R Stratotanker,318,354,False
ae4f14,RCH797,2025-06-17 11:46:47.084847,United States Air Force,10-0220,5212,5000,52.37463,1.038115,C-17A Globemaster,162,300,False
ae1453,RCH300,2025-06-17 11:46:47.084855,United States Air Force,05-5149,6426,17875,49.690719,9.629765,C-17A Globemaster,85,402,False
ae05a5,UNKNOWN CALLSIGN,2025-06-17 11:46:47.084863,,62-3508,0245,28000,50.166774,16.761653,KC-135R Stratotanker,21,401,False
ae0659,UNKNOWN CALLSIGN,2025-06-17 11:46:47.084874,,59-1464,5772,36000,49.7,5.2,KC-135R Stratotanker,332,460,True
adff0c,UNKNOWN CALLSIGN,2025-06-17 11:46:47.084879,,60-0335,0215,40025,43.4,10.6,KC-135R Stratotanker,315,430,True
ae0386,UNKNOWN CALLSIGN,2025-06-17 11:46:47.084885,,59-1468,Unavailable,34025,38.0,24.1,KC-135R Stratotanker,,,True
ae07ef,RCH860,2025-06-17 11:46:47.084890,United States Air Force,96-0005,7030,28000,38.0,24.4,C-17A Globemaster,,,True
ae2fa2,RCH798,2025-06-17 11:46:47.084896,United States Air Force,08-8190,0254,Unavailable,38.0,24.1,C-17A Globemaster,,,True
ae2fa7,RCH821,2025-06-17 11:46:47.084902,United States Air Force,08-8195,2062,29975,35.4,20.3,C-17A Globemaster,,,True
ae035c,UNKNOWN CALLSIGN,2025-06-17 11:46:47.084906,,58-0062,5301,38000,37.0,17.2,KC-135R Stratotanker,275,428,True
ae117d,RCH826,2025-06-17 11:46:47.084911,United States Air Force,02-1111,1452,34375,41.2,5.9,C-17A Globemaster,,,True
ae0650,UNKNOWN CALLSIGN,2025-06-17 11:46:47.084915,,58-0049,5512,36000,37.0,17.2,KC-135R Stratotanker,,,True
ae05b1,UNKNOWN CALLSIGN,2025-06-17 11:47:48.255440,,63-8878,0640,20050,50.963239,0.190682,KC-135R Stratotanker,318,352,False
ae4f14,RCH797,2025-06-17 11:47:48.255464,United States Air Force,10-0220,5212,5025,52.28605,1.093393,C-17A Globemaster,156,308,False
ae1453,RCH300,2025-06-17 11:47:48.255474,United States Air Force,05-5149,6426,18850,49.703103,9.819901,C-17A Globemaster,86,444,False
ae05a5,UNKNOWN CALLSIGN,2025-06-17 11:47:48.255484,,62-3508,0245,28000,50.278012,16.825646,KC-135R Stratotanker,21,406,False
ae0659,UNKNOWN CALLSIGN,2025-06-17 11:47:48.255495,,59-1464,5772,36000,49.8,5.1,KC-135R Stratotanker,324,460,True
adff0c,UNKNOWN CALLSIGN,2025-06-17 11:47:48.255501,,60-0335,0215,40000,43.7,10.3,KC-135R Stratotanker,315,432,True
896c40,UNKNOWN CALLSIGN,2025-06-17 11:47:48.255510,United Arab Emirates Air Force,1230,Unavailable,Unavailable,25.2,52.8,C-17A Globemaster,,,True
ae0386,UNKNOWN CALLSIGN,2025-06-17 11:47:48.255516,,59-1468,2050,34025,38.0,24.4,KC-135R Stratotanker,,,True
ae07ef,RCH860,2025-06-17 11:47:48.255524,United States Air Force,96-0005,7030,28000,38.0,24.4,C-17A Globemaster,,,True
ae2fa7,RCH821,2025-06-17 11:47:48.255532,United States Air Force,08-8195,2062,30000,35.4,20.3,C-17A Globemaster,,,True
ae035c,UNKNOWN CALLSIGN,2025-06-17 11:47:48.255539,,58-0062,5301,38000,37.0,17.2,KC-135R Stratotanker,286,426,True
ae117d,RCH826,2025-06-17 11:47:48.255545,United States Air Force,02-1111,1452,34000,41.2,6.0,C-17A Globemaster,,,True
ae0650,UNKNOWN CALLSIGN,2025-06-17 11:47:48.255551,,58-0049,5512,36000,37.0,14.5,KC-135R Stratotanker,282,460,True
ae05b1,UNKNOWN CALLSIGN,2025-06-17 11:48:49.147782,,63-8878,0640,20025,51.036018,0.095949,KC-135R Stratotanker,325,356,False
ae4f14,RCH797,2025-06-17 11:48:49.147800,United States Air Force,10-0220,5212,5350,52.213749,1.137865,C-17A Globemaster,158,298,False
ae1453,RCH300,2025-06-17 11:48:49.147810,United States Air Force,05-5149,6426,19725,49.714873,10.013731,C-17A Globemaster,84,443,False
ae05a5,UNKNOWN CALLSIGN,2025-06-17 11:48:49.147819,,62-3508,0245,28000,50.386125,16.885317,KC-135R Stratotanker,20,407,False
ae07ef,RCH860,2025-06-17 11:48:49.147827,United States Air Force,96-0005,7030,28000,38.0,23.7,C-17A Globemaster,,,True
ae0386,UNKNOWN CALLSIGN,2025-06-17 11:48:49.147834,,59-1468,2050,34025,35.4,20.3,KC-135R Stratotanker,,,True
ae035c,UNKNOWN CALLSIGN,2025-06-17 11:48:49.147839,,58-0062,5301,38000,37.4,17.2,KC-135R Stratotanker,287,426,True
ae0650,UNKNOWN CALLSIGN,2025-06-17 11:48:49.147844,,58-0049,5512,36000,37.4,17.2,KC-135R Stratotanker,281,458,True
ae2fa7,RCH821,2025-06-17 11:48:49.147848,United States Air Force,08-8195,2062,30000,35.4,20.3,C-17A Globemaster,,,True
896c40,UNKNOWN CALLSIGN,2025-06-17 11:48:49.147852,United Arab Emirates Air Force,1230,Unavailable,Unavailable,25.2,52.8,C-17A Globemaster,,,True
ae0659,UNKNOWN CALLSIGN,2025-06-17 11:48:49.147856,,59-1464,5772,36000,49.7,2.8,KC-135R Stratotanker,323,462,True
adff0c,UNKNOWN CALLSIGN,2025-06-17 11:48:49.147860,,60-0335,0215,40025,43.3,10.4,KC-135R Stratotanker,315,432,True
ae2fa2,RCH798,2025-06-17 11:48:49.147867,United States Air Force,08-8190,0254,Unavailable,38.0,24.1,C-17A Globemaster,,,True
ae117d,RCH826,2025-06-17 11:48:49.147871,United States Air Force,02-1111,1452,34000,42.4,6.2,C-17A Globemaster,,,True
ae05b1,UNKNOWN CALLSIGN,2025-06-17 11:49:50.064804,,63-8878,0640,19300,51.120638,0.003348,KC-135R Stratotanker,325,342,False
ae4f14,RCH797,2025-06-17 11:49:50.064822,United States Air Force,10-0220,5212,5800,52.173866,1.247202,C-17A Globemaster,88,315,False
ae0659,UNKNOWN CALLSIGN,2025-06-17 11:49:50.064829,,59-1464,5772,36000,48.490503,3.221994,KC-135R Stratotanker,323,462,False
ae1453,RCH300,2025-06-17 11:49:50.064835,United States Air Force,05-5149,6426,20650,49.726171,10.196544,C-17A Globemaster,85,438,False
ae05a5,UNKNOWN CALLSIGN,2025-06-17 11:49:50.064842,,62-3508,0245,28000,50.501916,16.953886,KC-135R Stratotanker,19,428,False
ae07ef,RCH860,2025-06-17 11:49:50.064853,United States Air Force,96-0005,7030,28000,38.5,22.9,C-17A Globemaster,,,True
ae0386,UNKNOWN CALLSIGN,2025-06-17 11:49:50.064860,,59-1468,Unavailable,34025,35.4,20.3,KC-135R Stratotanker,,,True
ae035c,UNKNOWN CALLSIGN,2025-06-17 11:49:50.064864,,58-0062,5301,38000,37.4,17.2,KC-135R Stratotanker,287,426,True
ae0650,UNKNOWN CALLSIGN,2025-06-17 11:49:50.064868,,58-0049,5512,36000,37.1,15.6,KC-135R Stratotanker,281,454,True
ae2fa7,RCH821,2025-06-17 11:49:50.064872,United States Air Force,08-8195,2062,Unavailable,36.6,17.5,C-17A Globemaster,,,True
adff0c,UNKNOWN CALLSIGN,2025-06-17 11:49:50.064877,,60-0335,0215,40025,43.1,10.2,KC-135R Stratotanker,315,432,True
ae117d,RCH826,2025-06-17 11:49:50.064883,United States Air Force,02-1111,1452,34000,41.4,6.0,C-17A Globemaster,,,True
ae05b1,UNKNOWN CALLSIGN,2025-06-17 11:50:51.261805,,63-8878,0640,18300,51.196299,-0.080386,KC-135R Stratotanker,325,348,False
ae4f14,RCH797,2025-06-17 11:50:51.261824,United States Air Force,10-0220,5212,6000,52.213353,1.325443,C-17A Globemaster,21,302,False
ae1453,RCH300,2025-06-17 11:50:51.261833,United States Air Force,05-5149,6426,21475,49.737768,10.382816,C-17A Globemaster,85,458,False
ae05a5,UNKNOWN CALLSIGN,2025-06-17 11:50:51.261841,,62-3508,0245,28000,50.60212,17.012687,KC-135R Stratotanker,20,423,False
ae0659,UNKNOWN CALLSIGN,2025-06-17 11:50:51.261848,,59-1464,5772,36000,49.8,3.7,KC-135R Stratotanker,323,464,True
adff0c,UNKNOWN CALLSIGN,2025-06-17 11:50:51.261853,,60-0335,0215,40025,43.7,8.0,KC-135R Stratotanker,315,430,True
ae0386,UNKNOWN CALLSIGN,2025-06-17 11:50:51.261860,,59-1468,2050,34025,38.0,23.8,KC-135R Stratotanker,,,True
ae07ef,RCH860,2025-06-17 11:50:51.261864,United States Air Force,96-0005,7030,28000,38.0,23.8,C-17A Globemaster,,,True
ae2fa2,RCH798,2025-06-17 11:50:51.261870,United States Air Force,08-8190,0254,Unavailable,31.4,31.5,C-17A Globemaster,,,True
ae2fa7,RCH821,2025-06-17 11:50:51.261875,United States Air Force,08-8195,2062,30000,36.6,17.5,C-17A Globemaster,,,True
ae117d,RCH826,2025-06-17 11:50:51.261881,United States Air Force,02-1111,1452,34000,41.4,6.0,C-17A Globemaster,,,True
ae0650,UNKNOWN CALLSIGN,2025-06-17 11:50:51.261885,,58-0049,5512,36000,36.6,17.5,KC-135R Stratotanker,281,450,True
ae05b1,UNKNOWN CALLSIGN,2025-06-17 11:51:52.380254,,63-8878,0640,18025,51.273641,-0.167615,KC-135R Stratotanker,325,342,False
ae4f14,RCH797,2025-06-17 11:51:52.380274,United States Air Force,10-0220,5212,6000,52.281392,1.285514,C-17A Globemaster,308,268,False
ae0659,UNKNOWN CALLSIGN,2025-06-17 11:51:52.380280,,59-1464,5772,36000,48.74422,2.941398,KC-135R Stratotanker,324,464,False
ae1453,RCH300,2025-06-17 11:51:52.380287,United States Air Force,05-5149,6426,22125,49.747904,10.566243,C-17A Globemaster,86,436,False
ae05a5,UNKNOWN CALLSIGN,2025-06-17 11:51:52.380296,,62-3508,0245,28000,50.71165,17.075481,KC-135R Stratotanker,18,419,False
adff0c,UNKNOWN CALLSIGN,2025-06-17 11:51:52.380305,,60-0335,0215,40025,42.5,7.5,KC-135R Stratotanker,315,430,True
896c40,UNKNOWN CALLSIGN,2025-06-17 11:51:52.380313,United Arab Emirates Air Force,1230,3312,Unavailable,25.2,52.8,C-17A Globemaster,,,True
ae0386,UNKNOWN CALLSIGN,2025-06-17 11:51:52.380318,,59-1468,Unavailable,34025,38.0,23.8,KC-135R Stratotanker,,,True
ae07ef,RCH860,2025-06-17 11:51:52.380322,United States Air Force,96-0005,7030,28000,38.0,23.8,C-17A Globemaster,,,True
ae2fa2,RCH798,2025-06-17 11:51:52.380329,United States Air Force,08-8190,0254,Unavailable,32.1,31.4,C-17A Globemaster,,,True
ae2fa7,RCH821,2025-06-17 11:51:52.380335,United States Air Force,08-8195,2062,30000,36.6,17.4,C-17A Globemaster,,,True
ae117d,RCH826,2025-06-17 11:51:52.380340,United States Air Force,02-1111,1452,34000,41.8,5.6,C-17A Globemaster,,,True
ae0650,UNKNOWN CALLSIGN,2025-06-17 11:51:52.380344,,58-0049,5512,36000,37.1,15.6,KC-135R Stratotanker,281,450,True
ae05b1,UNKNOWN CALLSIGN,2025-06-17 11:52:53.359501,,63-8878,0640,16950,51.349742,-0.258714,KC-135R Stratotanker,324,340,False
ae4f14,RCH797,2025-06-17 11:52:53.359522,United States Air Force,10-0220,5212,6000,52.334588,1.218869,C-17A Globemaster,325,241,False
ae0659,UNKNOWN CALLSIGN,2025-06-17 11:52:53.359528,,59-1464,5772,36000,48.809657,2.872747,KC-135R Stratotanker,324,464,False
ae1453,RCH300,2025-06-17 11:52:53.359535,United States Air Force,05-5149,6426,22825,49.754127,10.753316,C-17A Globemaster,85,423,False
ae05a5,UNKNOWN CALLSIGN,2025-06-17 11:52:53.359543,,62-3508,0245,28000,50.828212,17.145863,KC-135R Stratotanker,20,388,False
ae07ef,RCH860,2025-06-17 11:52:53.359553,United States Air Force,96-0005,7030,28000,38.5,22.9,C-17A Globemaster,,,True
ae0386,UNKNOWN CALLSIGN,2025-06-17 11:52:53.359561,,59-1468,Unavailable,34025,35.4,20.3,KC-135R Stratotanker,,,True
ae0650,UNKNOWN CALLSIGN,2025-06-17 11:52:53.359566,,58-0049,5512,36000,36.6,17.3,KC-135R Stratotanker,281,452,True
ae2fa7,RCH821,2025-06-17 11:52:53.359571,United States Air Force,08-8195,2062,Unavailable,36.6,17.4,C-17A Globemaster,,,True
896c40,UAF1233,2025-06-17 11:52:53.359612,United Arab Emirates Air Force,1230,3312,5500,25.2,52.8,C-17A Globemaster,,,True
adff0c,UNKNOWN CALLSIGN,2025-06-17 11:52:53.359617,,60-0335,0215,40025,43.2,6.9,KC-135R Stratotanker,315,428,True
ae2fa2,RCH798,2025-06-17 11:52:53.359641,United States Air Force,08-8190,0254,31000,31.4,31.5,C-17A Globemaster,131,490,True
ae117d,RCH826,2025-06-17 11:52:53.359647,United States Air Force,02-1111,1452,34000,41.5,5.3,C-17A Globemaster,,,True
ae05b1,UNKNOWN CALLSIGN,2025-06-17 11:53:54.043314,,63-8878,0640,16050,51.437062,-0.324559,KC-135R Stratotanker,5,350,False
ae4f14,RCH797,2025-06-17 11:53:54.043332,United States Air Force,10-0220,5212,6000,52.383199,1.159227,C-17A Globemaster,324,239,False
ae0659,UNKNOWN CALLSIGN,2025-06-17 11:53:54.043339,,59-1464,5772,36000,48.94277,2.718958,KC-135R Stratotanker,323,464,False
ae1453,RCH300,2025-06-17 11:53:54.043346,United States Air Force,05-5149,6426,23575,49.767502,10.950352,C-17A Globemaster,87,444,False
ae05a5,UNKNOWN CALLSIGN,2025-06-17 11:53:54.043355,,62-3508,0245,28000,50.912046,17.193581,KC-135R Stratotanker,21,424,False
ae07ef,RCH860,2025-06-17 11:53:54.043365,United States Air Force,96-0005,7030,28000,38.5,22.9,C-17A Globemaster,,,True
ae0386,UNKNOWN CALLSIGN,2025-06-17 11:53:54.043373,,59-1468,Unavailable,34025,35.4,20.3,KC-135R Stratotanker,,,True
ae0650,UNKNOWN CALLSIGN,2025-06-17 11:53:54.043378,,58-0049,5512,36000,37.0,14.5,KC-135R Stratotanker,281,452,True
ae2fa7,RCH821,2025-06-17 11:53:54.043384,United States Air Force,08-8195,2062,Unavailable,36.6,17.3,C-17A Globemaster,,,True
896c40,UAF1233,2025-06-17 11:53:54.043388,United Arab Emirates Air Force,1230,3312,5300,25.2,52.8,C-17A Globemaster,,,True
ae117d,RCH826,2025-06-17 11:53:54.043392,United States Air Force,02-1111,1452,34000,41.5,5.3,C-17A Globemaster,,,True
adff0c,UNKNOWN CALLSIGN,2025-06-17 11:53:54.043396,,60-0335,0215,40025,43.2,7.7,KC-135R Stratotanker,314,428,True
ae2fa2,RCH798,2025-06-17 11:53:54.043404,United States Air Force,08-8190,0254,31000,32.1,31.4,C-17A Globemaster,131,486,True
ae05b1,UNKNOWN CALLSIGN,2025-06-17 11:54:54.709481,,63-8878,0640,14950,51.537104,-0.269475,KC-135R Stratotanker,25,338,False
ae4f14,RCH797,2025-06-17 11:54:54.709498,United States Air Force,10-0220,5212,6000,52.441251,1.081999,C-17A Globemaster,323,247,False
ae0659,UNKNOWN CALLSIGN,2025-06-17 11:54:54.709504,,59-1464,5772,36000,49.057301,2.598563,KC-135R Stratotanker,324,462,False
ae1453,RCH300,2025-06-17 11:54:54.709512,United States Air Force,05-5149,6426,24250,49.779688,11.158694,C-17A Globemaster,85,448,False
ae05a5,UNKNOWN CALLSIGN,2025-06-17 11:54:54.709519,,62-3508,0245,28000,51.041135,17.270392,KC-135R Stratotanker,21,419,False
adff0c,UNKNOWN CALLSIGN,2025-06-17 11:54:54.709527,,60-0335,0215,40025,45.3,6.6,KC-135R Stratotanker,314,426,True
896c40,UAF1233,2025-06-17 11:54:54.709534,United Arab Emirates Air Force,1230,3312,4200,25.2,52.8,C-17A Globemaster,,,True
ae0386,UNKNOWN CALLSIGN,2025-06-17 11:54:54.709539,,59-1468,Unavailable,34025,35.4,20.3,KC-135R Stratotanker,,,True
ae07ef,RCH860,2025-06-17 11:54:54.709543,United States Air Force,96-0005,7030,28000,38.5,22.9,C-17A Globemaster,,,True
ae2fa2,RCH798,2025-06-17 11:54:54.709549,United States Air Force,08-8190,0254,31000,32.1,31.4,C-17A Globemaster,131,490,True
ae2fa7,RCH821,2025-06-17 11:54:54.709554,United States Air Force,08-8195,2062,Unavailable,36.6,17.2,C-17A Globemaster,,,True
ae117d,RCH826,2025-06-17 11:54:54.709559,United States Air Force,02-1111,1452,34000,41.5,5.9,C-17A Globemaster,,,True
ae0650,UNKNOWN CALLSIGN,2025-06-17 11:54:54.709563,,58-0049,5512,36000,36.6,17.2,KC-135R Stratotanker,281,450,True
ae05b1,UNKNOWN CALLSIGN,2025-06-17 11:55:55.696749,,63-8878,0640,13450,51.62323,-0.20345,KC-135R Stratotanker,25,350,False
ae4f14,RCH797,2025-06-17 11:55:55.696772,United States Air Force,10-0220,5212,6000,52.499531,1.010893,C-17A Globemaster,322,237,False
ae0659,UNKNOWN CALLSIGN,2025-06-17 11:55:55.696778,,59-1464,5772,36000,49.103631,2.54022,KC-135R Stratotanker,320,462,False
ae1453,RCH300,2025-06-17 11:55:55.696787,United States Air Force,05-5149,6426,24825,49.789087,11.33765,C-17A Globemaster,85,472,False
ae05a5,UNKNOWN CALLSIGN,2025-06-17 11:55:55.696794,,62-3508,0245,26425,51.158398,17.338912,KC-135R Stratotanker,21,427,False
ae07ef,RCH860,2025-06-17 11:55:55.696805,United States Air Force,96-0005,7030,28000,38.0,23.9,C-17A Globemaster,,,True
ae0386,UNKNOWN CALLSIGN,2025-06-17 11:55:55.696814,,59-1468,Unavailable,34025,35.4,20.3,KC-135R Stratotanker,,,True
ae0650,UNKNOWN CALLSIGN,2025-06-17 11:55:55.696819,,58-0049,5512,36000,36.6,16.9,KC-135R Stratotanker,281,450,True
ae2fa7,RCH821,2025-06-17 11:55:55.696823,United States Air Force,08-8195,2062,29975,36.6,17.2,C-17A Globemaster,,,True
896c40,UAF1233,2025-06-17 11:55:55.696827,United Arab Emirates Air Force,1230,3312,2975,25.2,52.8,C-17A Globemaster,,,True
ae117d,RCH826,2025-06-17 11:55:55.696832,United States Air Force,02-1111,1452,34000,41.5,5.9,C-17A Globemaster,,,True
adff0c,UNKNOWN CALLSIGN,2025-06-17 11:55:55.696837,,60-0335,0215,40025,45.4,5.8,KC-135R Stratotanker,314,424,True
ae2fa2,RCH798,2025-06-17 11:55:55.696844,United States Air Force,08-8190,0254,31000,32.1,31.4,C-17A Globemaster,131,492,True
ae05b1,UNKNOWN CALLSIGN,2025-06-17 11:56:56.385113,,63-8878,0640,12000,51.710299,-0.135975,KC-135R Stratotanker,25,336,False
ae4f14,RCH797,2025-06-17 11:56:56.385129,United States Air Force,10-0220,5212,5975,52.554342,0.941618,C-17A Globemaster,321,251,False
ae0659,UNKNOWN CALLSIGN,2025-06-17 11:56:56.385134,,59-1464,5772,36000,49.261645,2.366101,KC-135R Stratotanker,322,462,False
adff0c,UNKNOWN CALLSIGN,2025-06-17 11:56:56.385139,,60-0335,0215,40025,44.583259,8.021682,KC-135R Stratotanker,314,424,False
ae1453,RCH300,2025-06-17 11:56:56.385146,United States Air Force,05-5149,6426,25500,49.797167,11.528551,C-17A Globemaster,86,453,False
ae05a5,UNKNOWN CALLSIGN,2025-06-17 11:56:56.385152,,62-3508,0245,23875,51.261131,17.401255,KC-135R Stratotanker,21,414,False
896c40,UAF1233,2025-06-17 11:56:56.385162,United Arab Emirates Air Force,1230,3312,2425,25.2,52.8,C-17A Globemaster,,,True
ae0386,UNKNOWN CALLSIGN,2025-06-17 11:56:56.385167,,59-1468,Unavailable,34025,35.4,20.3,KC-135R Stratotanker,,,True
ae07ef,RCH860,2025-06-17 11:56:56.385171,United States Air Force,96-0005,7030,28000,38.0,23.8,C-17A Globemaster,,,True
ae2fa2,RCH798,2025-06-17 11:56:56.385177,United States Air Force,08-8190,0254,31000,32.1,31.4,C-17A Globemaster,131,492,True
ae2fa7,RCH821,2025-06-17 11:56:56.385182,United States Air Force,08-8195,2062,30000,36.6,16.9,C-17A Globemaster,,,True
ae117d,RCH826,2025-06-17 11:56:56.385186,United States Air Force,02-1111,1452,34000,41.5,5.9,C-17A Globemaster,,,True
ae0650,UNKNOWN CALLSIGN,2025-06-17 11:56:56.385190,,58-0049,5512,36000,37.1,15.6,KC-135R Stratotanker,281,450,True
ae05b1,UNKNOWN CALLSIGN,2025-06-17 11:57:57.058302,,63-8878,0640,10475,51.795367,-0.076255,KC-135R Stratotanker,23,334,False
ae4f14,RCH797,2025-06-17 11:57:57.058317,United States Air Force,10-0220,5212,6000,52.610955,0.985513,C-17A Globemaster,62,362,False
adff0c,UNKNOWN CALLSIGN,2025-06-17 11:57:57.058323,,60-0335,0215,40025,44.684871,7.884923,KC-135R Stratotanker,314,424,False
ae1453,RCH300,2025-06-17 11:57:57.058330,United States Air Force,05-5149,6426,26675,49.801264,11.724683,C-17A Globemaster,92,416,False
ae05a5,UNKNOWN CALLSIGN,2025-06-17 11:57:57.058336,,62-3508,0245,21875,51.359902,17.460321,KC-135R Stratotanker,14,362,False
ae07ef,RCH860,2025-06-17 11:57:57.058344,United States Air Force,96-0005,7030,28000,38.5,22.9,C-17A Globemaster,,,True
ae0386,UNKNOWN CALLSIGN,2025-06-17 11:57:57.058351,,59-1468,2050,34025,35.4,20.3,KC-135R Stratotanker,,,True
ae0650,UNKNOWN CALLSIGN,2025-06-17 11:57:57.058355,,58-0049,5512,36000,36.6,16.5,KC-135R Stratotanker,281,450,True
ae2fa7,RCH821,2025-06-17 11:57:57.058359,United States Air Force,08-8195,2062,30000,36.6,16.5,C-17A Globemaster,,,True
896c40,UAF1233,2025-06-17 11:57:57.058363,United Arab Emirates Air Force,1230,3312,2150,25.2,52.8,C-17A Globemaster,,,True
ae0659,UNKNOWN CALLSIGN,2025-06-17 11:57:57.058367,,59-1464,5772,36000,50.2,-1.9,KC-135R Stratotanker,322,462,True
ae2fa2,RCH798,2025-06-17 11:57:57.058373,United States Air Force,08-8190,0254,31000,31.8,31.7,C-17A Globemaster,,,True
ae05b1,UNKNOWN CALLSIGN,2025-06-17 11:58:58.025053,,63-8878,0640,9650,51.875453,-0.018237,KC-135R Stratotanker,23,296,False
ae4f14,RCH797,2025-06-17 11:58:58.025069,United States Air Force,10-0220,5212,6000,52.652253,1.088259,C-17A Globemaster,58,255,False
adff0c,UNKNOWN CALLSIGN,2025-06-17 11:58:58.025075,,60-0335,0215,40025,44.765833,7.764833,KC-135R Stratotanker,314,424,False
ae1453,RCH300,2025-06-17 11:58:58.025082,United States Air Force,05-5149,6426,28225,49.803238,11.922554,C-17A Globemaster,88,422,False
ae05a5,UNKNOWN CALLSIGN,2025-06-17 11:58:58.025087,,62-3508,0245,19500,51.46493,17.521842,KC-135R Stratotanker,19,379,False
ae0659,UNKNOWN CALLSIGN,2025-06-17 11:58:58.025095,,59-1464,5772,36000,51.0,2.6,KC-135R Stratotanker,322,460,True
ae0386,UNKNOWN CALLSIGN,2025-06-17 11:58:58.025101,,59-1468,Unavailable,34025,35.4,20.3,KC-135R Stratotanker,,,True
ae07ef,RCH860,2025-06-17 11:58:58.025105,United States Air Force,96-0005,7030,28000,38.5,22.9,C-17A Globemaster,,,True
ae2fa2,RCH798,2025-06-17 11:58:58.025112,United States Air Force,08-8190,0254,Unavailable,31.8,31.7,C-17A Globemaster,,,True
ae2fa7,RCH821,2025-06-17 11:58:58.025117,United States Air Force,08-8195,2062,30000,36.6,16.5,C-17A Globemaster,,,True
ae035c,UNKNOWN CALLSIGN,2025-06-17 11:58:58.025121,,58-0062,5301,Unavailable,41.5,6.1,KC-135R Stratotanker,,,True
ae0650,UNKNOWN CALLSIGN,2025-06-17 11:58:58.025126,,58-0049,5512,36000,37.1,15.6,KC-135R Stratotanker,281,450,True
ae05b1,UNKNOWN CALLSIGN,2025-06-17 11:59:58.998491,,63-8878,0640,8300,51.951771,0.034032,KC-135R Stratotanker,23,286,False
ae4f14,RCH797,2025-06-17 11:59:58.998507,United States Air Force,10-0220,5212,6000,52.693324,1.192984,C-17A Globemaster,56,279,False
ae0659,UNKNOWN CALLSIGN,2025-06-17 11:59:58.998513,,59-1464,5772,36000,49.596621,1.966848,KC-135R Stratotanker,322,458,False
adff0c,UNKNOWN CALLSIGN,2025-06-17 11:59:58.998518,,60-0335,0215,40025,44.852531,7.641401,KC-135R Stratotanker,314,422,False
ae1453,RCH300,2025-06-17 11:59:58.998525,United States Air Force,05-5149,6426,28875,49.806997,12.088053,C-17A Globemaster,86,398,False
ae05a5,UNKNOWN CALLSIGN,2025-06-17 11:59:58.998531,,62-3508,0245,17175,51.560733,17.580071,KC-135R Stratotanker,21,379,False
ae07ef,RCH860,2025-06-17 11:59:58.998539,United States Air Force,96-0005,7030,28000,38.0,24.1,C-17A Globemaster,,,True
ae0386,UNKNOWN CALLSIGN,2025-06-17 11:59:58.998560,,59-1468,Unavailable,34025,35.4,20.3,KC-135R Stratotanker,,,True
ae035c,UNKNOWN CALLSIGN,2025-06-17 11:59:58.998564,,58-0062,5301,38000,41.5,5.8,KC-135R Stratotanker,,,True
ae0650,UNKNOWN CALLSIGN,2025-06-17 11:59:58.998568,,58-0049,5512,36000,37.1,15.6,KC-135R Stratotanker,281,450,True
ae2fa7,RCH821,2025-06-17 11:59:58.998573,United States Air Force,08-8195,2062,30000,36.6,16.5,C-17A Globemaster,,,True
ae2fa2,RCH798,2025-06-17 11:59:58.998579,United States Air Force,08-8190,0254,31000,35.7,30.9,C-17A Globemaster,136,488,True
ae05b1,UNKNOWN CALLSIGN,2025-06-17 12:00:59.932885,,63-8878,0640,8025,52.01985,0.09597,KC-135R Stratotanker,34,276,False
ae4f14,RCH797,2025-06-17 12:00:59.932900,United States Air Force,10-0220,5212,6000,52.730825,1.291694,C-17A Globemaster,59,268,False
adff0c,UNKNOWN CALLSIGN,2025-06-17 12:00:59.932907,,60-0335,5727,40025,44.917251,7.52852,KC-135R Stratotanker,297,426,False
ae1453,RCH300,2025-06-17 12:00:59.932914,United States Air Force,05-5149,6426,29000,49.808175,12.258724,C-17A Globemaster,91,416,False
ae05a5,UNKNOWN CALLSIGN,2025-06-17 12:00:59.932920,,62-3508,0245,15200,51.646651,17.632197,KC-135R Stratotanker,21,339,False
ae07ef,RCH860,2025-06-17 12:00:59.932929,United States Air Force,96-0005,7030,28000,38.0,24.1,C-17A Globemaster,,,True
ae0386,UNKNOWN CALLSIGN,2025-06-17 12:00:59.932936,,59-1468,Unavailable,34025,35.4,20.3,KC-135R Stratotanker,,,True
ae035c,UNKNOWN CALLSIGN,2025-06-17 12:00:59.932940,,58-0062,5301,38000,41.5,5.8,KC-135R Stratotanker,269,436,True
ae0650,UNKNOWN CALLSIGN,2025-06-17 12:00:59.932944,,58-0049,5512,36000,37.0,14.5,KC-135R Stratotanker,280,452,True
ae2fa7,RCH821,2025-06-17 12:00:59.932949,United States Air Force,08-8195,2062,30000,36.6,17.3,C-17A Globemaster,,,True
ae0659,UNKNOWN CALLSIGN,2025-06-17 12:00:59.932954,,59-1464,5772,36000,51.1,2.1,KC-135R Stratotanker,322,458,True
ae2fa2,RCH798,2025-06-17 12:00:59.932959,United States Air Force,08-8190,0254,30975,31.8,31.7,C-17A Globemaster,,,True
ae05b1,UNKNOWN CALLSIGN,2025-06-17 12:02:00.937500,,63-8878,0640,8025,52.081233,0.165535,KC-135R Stratotanker,34,264,False
ae4f14,RCH797,2025-06-17 12:02:00.937515,United States Air Force,10-0220,5212,6000,52.710479,1.380687,C-17A Globemaster,127,403,False
ae0659,UNKNOWN CALLSIGN,2025-06-17 12:02:00.937520,,59-1464,5772,36000,49.781415,1.748892,KC-135R Stratotanker,320,456,False
adff0c,UNKNOWN CALLSIGN,2025-06-17 12:02:00.937525,,60-0335,5727,40025,44.978151,7.365821,KC-135R Stratotanker,297,426,False
ae1453,RCH300,2025-06-17 12:02:00.937532,United States Air Force,05-5149,6426,29000,49.807694,12.460572,C-17A Globemaster,91,423,False
ae05a5,UNKNOWN CALLSIGN,2025-06-17 12:02:00.937537,,62-3508,0245,13350,51.737231,17.688654,KC-135R Stratotanker,20,347,False
ae0386,UNKNOWN CALLSIGN,2025-06-17 12:02:00.937548,,59-1468,2050,34025,35.4,20.3,KC-135R Stratotanker,,,True
ae07ef,RCH860,2025-06-17 12:02:00.937552,United States Air Force,96-0005,7030,28000,40.0,23.7,C-17A Globemaster,,,True
ae2fa2,RCH798,2025-06-17 12:02:00.937558,United States Air Force,08-8190,0254,31000,31.8,31.5,C-17A Globemaster,136,484,True
ae2fa7,RCH821,2025-06-17 12:02:00.937562,United States Air Force,08-8195,2062,29975,36.6,17.2,C-17A Globemaster,,,True
ae035c,UNKNOWN CALLSIGN,2025-06-17 12:02:00.937566,,58-0062,5301,38000,41.5,5.7,KC-135R Stratotanker,269,438,True
ae0650,UNKNOWN CALLSIGN,2025-06-17 12:02:00.937571,,58-0049,5512,36000,37.0,14.5,KC-135R Stratotanker,305,448,True
ae05b1,UNKNOWN CALLSIGN,2025-06-17 12:03:01.612415,,63-8878,0401,8025,52.145186,0.238599,KC-135R Stratotanker,34,266,False
ae4f14,RCH797,2025-06-17 12:03:01.612431,United States Air Force,10-0220,5212,6000,52.685262,1.291264,C-17A Globemaster,281,297,False
ae0659,UNKNOWN CALLSIGN,2025-06-17 12:03:01.612437,,59-1464,5772,35225,49.890164,1.612579,KC-135R Stratotanker,320,428,False
adff0c,UNKNOWN CALLSIGN,2025-06-17 12:03:01.612442,,60-0335,5727,40025,45.03174,7.218588,KC-135R Stratotanker,297,428,False
ae1453,RCH300,2025-06-17 12:03:01.612449,United States Air Force,05-5149,6426,29000,49.7712,12.657167,C-17A Globemaster,108,442,False
ae05a5,UNKNOWN CALLSIGN,2025-06-17 12:03:01.612455,,62-3508,0245,11125,51.830133,17.745198,KC-135R Stratotanker,20,344,False
ae0386,UNKNOWN CALLSIGN,2025-06-17 12:03:01.612466,,59-1468,2050,34025,35.4,20.3,KC-135R Stratotanker,,,True
ae07ef,RCH860,2025-06-17 12:03:01.612471,United States Air Force,96-0005,7030,28000,39.8,23.1,C-17A Globemaster,,,True
ae2fa2,RCH798,2025-06-17 12:03:01.612477,United States Air Force,08-8190,0254,31000,32.1,30.4,C-17A Globemaster,136,482,True
ae2fa7,RCH821,2025-06-17 12:03:01.612482,United States Air Force,08-8195,2062,30000,36.6,17.2,C-17A Globemaster,,,True
ae035c,UNKNOWN CALLSIGN,2025-06-17 12:03:01.612487,,58-0062,5301,38000,41.5,5.7,KC-135R Stratotanker,269,438,True
ae0650,UNKNOWN CALLSIGN,2025-06-17 12:03:01.612493,,58-0049,5512,36000,37.0,14.5,KC-135R Stratotanker,311,448,True
ae05b1,UNKNOWN CALLSIGN,2025-06-17 12:04:02.608083,,63-8878,0401,8025,52.197512,0.314156,KC-135R Stratotanker,61,272,False
ae4f14,RCH797,2025-06-17 12:04:02.608098,United States Air Force,10-0220,5212,6000,52.648245,1.202948,C-17A Globemaster,226,255,False
ae0659,UNKNOWN CALLSIGN,2025-06-17 12:04:02.608104,,59-1464,5772,34175,49.976682,1.49767,KC-135R Stratotanker,320,392,False
adff0c,UNKNOWN CALLSIGN,2025-06-17 12:04:02.608108,,60-0335,5727,40025,45.086461,7.070868,KC-135R Stratotanker,297,428,False
ae1453,RCH300,2025-06-17 12:04:02.608116,United States Air Force,05-5149,6426,29000,49.735495,12.838343,C-17A Globemaster,107,480,False
ae05a5,UNKNOWN CALLSIGN,2025-06-17 12:04:02.608121,,62-3508,0245,9975,51.904647,17.791271,KC-135R Stratotanker,22,312,False
ae0386,UNKNOWN CALLSIGN,2025-06-17 12:04:02.608131,,59-1468,Unavailable,Unavailable,35.4,20.3,KC-135R Stratotanker,,,True
ae07ef,RCH860,2025-06-17 12:04:02.608135,United States Air Force,96-0005,7030,28000,40.0,23.7,C-17A Globemaster,,,True
ae2fa2,RCH798,2025-06-17 12:04:02.608141,United States Air Force,08-8190,0254,31000,31.7,31.7,C-17A Globemaster,136,482,True
ae2fa7,RCH821,2025-06-17 12:04:02.608146,United States Air Force,08-8195,2062,30000,36.6,17.2,C-17A Globemaster,,,True
ae035c,UNKNOWN CALLSIGN,2025-06-17 12:04:02.608150,,58-0062,5301,38000,41.7,6.1,KC-135R Stratotanker,268,438,True
ae0650,UNKNOWN CALLSIGN,2025-06-17 12:04:02.608155,,58-0049,5512,36000,36.6,17.2,KC-135R Stratotanker,310,448,True
ae05b1,UNKNOWN CALLSIGN,2025-06-17 12:05:03.285477,,63-8878,0401,7350,52.234775,0.432748,KC-135R Stratotanker,72,280,False
ae4f14,RCH797,2025-06-17 12:05:03.285493,United States Air Force,10-0220,5212,6000,52.612932,1.105421,C-17A Globemaster,250,231,False
ae0659,UNKNOWN CALLSIGN,2025-06-17 12:05:03.285498,,59-1464,5772,31300,50.065096,1.385852,KC-135R Stratotanker,320,404,False
adff0c,UNKNOWN CALLSIGN,2025-06-17 12:05:03.285502,,60-0335,5727,40025,45.14143,6.919681,KC-135R Stratotanker,296,428,False
ae1453,RCH300,2025-06-17 12:05:03.285510,United States Air Force,05-5149,6426,29000,49.696488,13.030291,C-17A Globemaster,107,470,False
ae05a5,UNKNOWN CALLSIGN,2025-06-17 12:05:03.285515,,62-3508,0245,10000,51.982328,17.838797,KC-135R Stratotanker,21,255,False
ae63bb,GOLD82,2025-06-17 12:05:03.285520,,20-46079,6727,17100,35.062447,23.884449,KC-46A Pegasus,314,305,False
ae0386,UNKNOWN CALLSIGN,2025-06-17 12:05:03.285528,,59-1468,2050,34025,36.6,17.2,KC-135R Stratotanker,,,True
ae07ef,RCH860,2025-06-17 12:05:03.285533,United States Air Force,96-0005,7030,28000,39.8,23.1,C-17A Globemaster,,,True
ae2fa2,RCH798,2025-06-17 12:05:03.285538,United States Air Force,08-8190,0254,31000,31.7,30.8,C-17A Globemaster,136,476,True
ae2fa7,RCH821,2025-06-17 12:05:03.285543,United States Air Force,08-8195,2062,30000,37.1,15.6,C-17A Globemaster,,,True
ae035c,UNKNOWN CALLSIGN,2025-06-17 12:05:03.285547,,58-0062,5301,38000,41.8,5.7,KC-135R Stratotanker,268,438,True
ae0650,UNKNOWN CALLSIGN,2025-06-17 12:05:03.285552,,58-0049,5512,36000,37.0,14.5,KC-135R Stratotanker,310,448,True
ae05b1,UNKNOWN CALLSIGN,2025-06-17 12:06:04.286560,,63-8878,0401,5875,52.235598,0.556158,KC-135R Stratotanker,90,284,False
ae4f14,RCH797,2025-06-17 12:06:04.286575,United States Air Force,10-0220,5212,6000,52.575909,1.024371,C-17A Globemaster,237,241,False
ae0659,UNKNOWN CALLSIGN,2025-06-17 12:06:04.286580,,59-1464,5772,27550,50.139249,1.286597,KC-135R Stratotanker,319,422,False
adff0c,UNKNOWN CALLSIGN,2025-06-17 12:06:04.286585,,60-0335,5727,40025,45.165788,6.84952,KC-135R Stratotanker,296,428,False
ae1453,RCH300,2025-06-17 12:06:04.286592,United States Air Force,05-5149,6426,29000,49.65774,13.215592,C-17A Globemaster,107,470,False
ae05a5,UNKNOWN CALLSIGN,2025-06-17 12:06:04.286596,,62-3508,0245,9025,52.045261,17.896326,KC-135R Stratotanker,43,261,False
ae0386,UNKNOWN CALLSIGN,2025-06-17 12:06:04.286605,,59-1468,2050,34025,36.6,17.2,KC-135R Stratotanker,,,True
ae07ef,RCH860,2025-06-17 12:06:04.286610,United States Air Force,96-0005,7030,28000,41.3,26.9,C-17A Globemaster,,,True
ae2fa2,RCH798,2025-06-17 12:06:04.286615,United States Air Force,08-8190,0254,31000,31.7,31.7,C-17A Globemaster,137,478,True
ae2fa7,RCH821,2025-06-17 12:06:04.286620,United States Air Force,08-8195,2062,30000,36.6,16.3,C-17A Globemaster,,,True
ae035c,UNKNOWN CALLSIGN,2025-06-17 12:06:04.286624,,58-0062,5301,38000,41.5,5.5,KC-135R Stratotanker,268,436,True
ae0650,UNKNOWN CALLSIGN,2025-06-17 12:06:04.286629,,58-0049,5512,36000,36.6,16.3,KC-135R Stratotanker,299,444,True
ae05b1,UNKNOWN CALLSIGN,2025-06-17 12:07:05.234326,,63-8878,0401,4125,52.234837,0.679964,KC-135R Stratotanker,91,276,False
ae4f14,RCH797,2025-06-17 12:07:05.234341,United States Air Force,10-0220,5212,6000,52.534284,0.923473,C-17A Globemaster,232,223,False
ae0659,UNKNOWN CALLSIGN,2025-06-17 12:07:05.234346,,59-1464,5772,25500,50.235137,1.162637,KC-135R Stratotanker,319,390,False
adff0c,UNKNOWN CALLSIGN,2025-06-17 12:07:05.234351,,60-0335,5727,40025,45.246234,6.621616,KC-135R Stratotanker,296,430,False
ae1453,RCH300,2025-06-17 12:07:05.234358,United States Air Force,05-5149,6426,29000,49.613562,13.431083,C-17A Globemaster,107,475,False
ae05a5,UNKNOWN CALLSIGN,2025-06-17 12:07:05.234362,,62-3508,0245,7850,52.10442,17.969327,KC-135R Stratotanker,40,270,False
ae07ef,RCH860,2025-06-17 12:07:05.234373,United States Air Force,96-0005,7030,28000,38.0,24.4,C-17A Globemaster,,,True
ae2fa2,RCH798,2025-06-17 12:07:05.234378,United States Air Force,08-8190,0254,31000,31.7,31.7,C-17A Globemaster,137,478,True
ae2fa7,RCH821,2025-06-17 12:07:05.234383,United States Air Force,08-8195,2062,29975,36.6,16.3,C-17A Globemaster,,,True
ae035c,UNKNOWN CALLSIGN,2025-06-17 12:07:05.234387,,58-0062,5301,38000,41.8,5.7,KC-135R Stratotanker,271,434,True
ae0650,UNKNOWN CALLSIGN,2025-06-17 12:07:05.234392,,58-0049,5512,36000,36.6,16.3,KC-135R Stratotanker,299,444,True
ae05b1,UNKNOWN CALLSIGN,2025-06-17 12:08:06.332608,,63-8878,0401,2750,52.240909,0.803872,KC-135R Stratotanker,39,246,False
ae4f14,RCH797,2025-06-17 12:08:06.332623,United States Air Force,10-0220,5212,6000,52.488383,0.970874,C-17A Globemaster,94,316,False
ae0659,UNKNOWN CALLSIGN,2025-06-17 12:08:06.332628,,59-1464,5772,23350,50.338765,1.037169,KC-135R Stratotanker,319,376,False
adff0c,UNKNOWN CALLSIGN,2025-06-17 12:08:06.332633,,60-0335,5727,40025,45.293531,6.491014,KC-135R Stratotanker,296,430,False
ae1453,RCH300,2025-06-17 12:08:06.332640,United States Air Force,05-5149,6426,29000,49.577589,13.601909,C-17A Globemaster,108,444,False
ae05a5,UNKNOWN CALLSIGN,2025-06-17 12:08:06.332645,,62-3508,0245,5275,52.14869,18.033417,KC-135R Stratotanker,43,257,False
ae07ef,RCH860,2025-06-17 12:08:06.332653,United States Air Force,96-0005,7030,28000,39.8,23.1,C-17A Globemaster,,,True
ae035c,UNKNOWN CALLSIGN,2025-06-17 12:08:06.332660,,58-0062,5301,38000,41.5,5.5,KC-135R Stratotanker,271,434,True
ae0650,UNKNOWN CALLSIGN,2025-06-17 12:08:06.332664,,58-0049,5512,36000,37.1,15.6,KC-135R Stratotanker,299,446,True
ae2fa7,RCH821,2025-06-17 12:08:06.332668,United States Air Force,08-8195,2062,29975,37.1,15.6,C-17A Globemaster,,,True
ae2fa2,RCH798,2025-06-17 12:08:06.332674,United States Air Force,08-8190,0254,31000,31.7,31.7,C-17A Globemaster,137,478,True
ae05b1,UNKNOWN CALLSIGN,2025-06-17 12:09:07.029472,,63-8878,0401,2775,52.296523,0.809383,KC-135R Stratotanker,315,190,False
ae0659,UNKNOWN CALLSIGN,2025-06-17 12:09:07.029487,,59-1464,5772,20725,50.40667,0.938556,KC-135R Stratotanker,319,374,False
ae4f14,RCH797,2025-06-17 12:09:07.029493,United States Air Force,10-0220,5212,6000,52.52728,1.082515,C-17A Globemaster,57,235,False
adff0c,UNKNOWN CALLSIGN,2025-06-17 12:09:07.029498,,60-0335,5727,40025,45.344354,6.345896,KC-135R Stratotanker,296,430,False
ae1453,RCH300,2025-06-17 12:09:07.029506,United States Air Force,05-5149,6426,29000,49.531133,13.820476,C-17A Globemaster,106,485,False
ae05a5,UNKNOWN CALLSIGN,2025-06-17 12:09:07.029512,,62-3508,0245,3750,52.159914,18.046465,KC-135R Stratotanker,42,249,False
ae0386,UNKNOWN CALLSIGN,2025-06-17 12:09:07.029521,,59-1468,2050,34025,36.6,16.3,KC-135R Stratotanker,,,True
ae07ef,RCH860,2025-06-17 12:09:07.029526,United States Air Force,96-0005,7030,28000,38.0,24.3,C-17A Globemaster,,,True
ae2fa2,RCH798,2025-06-17 12:09:07.029531,United States Air Force,08-8190,0254,31000,32.1,30.3,C-17A Globemaster,137,480,True
ae2fa7,RCH821,2025-06-17 12:09:07.029536,United States Air Force,08-8195,2062,30000,36.6,16.1,C-17A Globemaster,,,True
ae035c,UNKNOWN CALLSIGN,2025-06-17 12:09:07.029540,,58-0062,5301,38000,41.8,6.0,KC-135R Stratotanker,270,434,True
ae0650,UNKNOWN CALLSIGN,2025-06-17 12:09:07.029545,,58-0049,5512,36000,37.1,15.6,KC-135R Stratotanker,299,444,True
ae05b1,UNKNOWN CALLSIGN,2025-06-17 12:10:07.753963,,63-8878,0401,2675,52.3247,0.747679,KC-135R Stratotanker,281,156,False
ae0659,UNKNOWN CALLSIGN,2025-06-17 12:10:07.753982,,59-1464,5772,19950,50.490621,0.82811,KC-135R Stratotanker,319,346,False
ae4f14,RCH797,2025-06-17 12:10:07.753992,United States Air Force,10-0220,5212,6000,52.566551,1.176995,C-17A Globemaster,58,256,False
adff0c,UNKNOWN CALLSIGN,2025-06-17 12:10:07.753999,,60-0335,5727,40025,45.411224,6.153802,KC-135R Stratotanker,296,432,False
ae1453,RCH300,2025-06-17 12:10:07.754011,United States Air Force,05-5149,6426,29000,49.489244,14.018842,C-17A Globemaster,109,451,False
ae07ef,RCH860,2025-06-17 12:10:07.754023,United States Air Force,96-0005,7030,28000,39.8,23.1,C-17A Globemaster,,,True
ae0386,UNKNOWN CALLSIGN,2025-06-17 12:10:07.754034,,59-1468,2050,34025,36.6,16.1,KC-135R Stratotanker,,,True
ae035c,UNKNOWN CALLSIGN,2025-06-17 12:10:07.754041,,58-0062,5301,38000,41.8,5.7,KC-135R Stratotanker,270,436,True
ae0650,UNKNOWN CALLSIGN,2025-06-17 12:10:07.754047,,58-0049,5512,36000,37.1,15.6,KC-135R Stratotanker,299,442,True
ae2fa7,RCH821,2025-06-17 12:10:07.754054,United States Air Force,08-8195,2062,30000,37.1,15.6,C-17A Globemaster,,,True
ae05a5,UNKNOWN CALLSIGN,2025-06-17 12:10:07.754062,,62-3508,0245,3200,52.6,16.9,KC-135R Stratotanker,,,True
ae2fa2,RCH798,2025-06-17 12:10:07.754069,United States Air Force,08-8190,0254,31000,31.7,31.4,C-17A Globemaster,137,484,True
ae05b1,UNKNOWN CALLSIGN,2025-06-17 12:11:08.783583,,63-8878,0401,1775,52.332669,0.682883,KC-135R Stratotanker,283,146,False
ae0659,UNKNOWN CALLSIGN,2025-06-17 12:11:08.783597,,59-1464,5772,19975,50.56511,0.731392,KC-135R Stratotanker,319,350,False
ae4f14,RCH797,2025-06-17 12:11:08.783603,United States Air Force,10-0220,5212,6000,52.609659,1.286549,C-17A Globemaster,57,269,False
adff0c,UNKNOWN CALLSIGN,2025-06-17 12:11:08.783608,,60-0335,5727,40025,45.470085,5.984651,KC-135R Stratotanker,290,434,False
ae1453,RCH300,2025-06-17 12:11:08.783615,United States Air Force,05-5149,6426,29000,49.446019,14.217927,C-17A Globemaster,109,479,False
ae63bb,GOLD82,2025-06-17 12:11:08.783622,,20-46079,6727,10925,35.377167,23.930283,KC-46A Pegasus,53,275,False
ae07ef,RCH860,2025-06-17 12:11:08.783628,United States Air Force,96-0005,7030,28000,40.0,23.7,C-17A Globemaster,,,True
ae0386,UNKNOWN CALLSIGN,2025-06-17 12:11:08.783635,,59-1468,2050,34025,36.6,16.1,KC-135R Stratotanker,,,True
ae035c,UNKNOWN CALLSIGN,2025-06-17 12:11:08.783639,,58-0062,5301,38000,41.8,5.7,KC-135R Stratotanker,270,436,True
ae0650,UNKNOWN CALLSIGN,2025-06-17 12:11:08.783644,,58-0049,5512,36000,37.1,15.6,KC-135R Stratotanker,298,442,True
ae2fa7,RCH821,2025-06-17 12:11:08.783648,United States Air Force,08-8195,2062,30000,36.6,16.1,C-17A Globemaster,,,True
ae05a5,UNKNOWN CALLSIGN,2025-06-17 12:11:08.783655,,62-3508,0245,2275,52.6,17.0,KC-135R Stratotanker,,,True
ae2fa2,RCH798,2025-06-17 12:11:08.783660,United States Air Force,08-8190,0254,31000,31.6,31.7,C-17A Globemaster,137,480,True
ae05b1,UNKNOWN CALLSIGN,2025-06-17 12:12:09.541054,,63-8878,0401,1025,52.34273,0.614776,KC-135R Stratotanker,283,150,False
ae0659,UNKNOWN CALLSIGN,2025-06-17 12:12:09.541068,,59-1464,5772,20000,50.638042,0.62742,KC-135R Stratotanker,319,354,False
ae4f14,RCH797,2025-06-17 12:12:09.541074,United States Air Force,10-0220,5212,6000,52.661221,1.347904,C-17A Globemaster,346,294,False
adff0c,UNKNOWN CALLSIGN,2025-06-17 12:12:09.541079,,60-0335,5727,40025,45.503823,5.818557,KC-135R Stratotanker,285,436,False
ae1453,RCH300,2025-06-17 12:12:09.541086,United States Air Force,05-5149,6426,29000,49.405452,14.399439,C-17A Globemaster,108,438,False
ae05a5,UNKNOWN CALLSIGN,2025-06-17 12:12:09.541093,,62-3508,0245,2250,52.5,17.2,KC-135R Stratotanker,,,True
ae0386,UNKNOWN CALLSIGN,2025-06-17 12:12:09.541100,,59-1468,2050,34025,36.6,16.1,KC-135R Stratotanker,,,True
ae07ef,RCH860,2025-06-17 12:12:09.541104,United States Air Force,96-0005,7030,28000,39.8,23.1,C-17A Globemaster,,,True
ae0650,UNKNOWN CALLSIGN,2025-06-17 12:12:09.541109,,58-0049,5512,36000,37.1,15.6,KC-135R Stratotanker,298,442,True
ae2fa2,RCH798,2025-06-17 12:12:09.541113,United States Air Force,08-8190,0254,31000,31.6,31.7,C-17A Globemaster,137,480,True
ae2fa7,RCH821,2025-06-17 12:12:09.541118,United States Air Force,08-8195,2062,30000,37.1,15.6,C-17A Globemaster,,,True
ae035c,UNKNOWN CALLSIGN,2025-06-17 12:12:09.541122,,58-0062,5301,38000,41.5,5.9,KC-135R Stratotanker,270,436,True
ae0659,UNKNOWN CALLSIGN,2025-06-17 12:13:10.284443,,59-1464,5772,19975,50.711483,0.529086,KC-135R Stratotanker,319,354,False
ae05b1,UNKNOWN CALLSIGN,2025-06-17 12:13:10.284457,,63-8878,0401,250,52.352516,0.551463,KC-135R Stratotanker,283,150,False
ae4f14,RCH797,2025-06-17 12:13:10.284463,United States Air Force,10-0220,5212,6000,52.666159,1.248111,C-17A Globemaster,226,314,False
adff0c,UNKNOWN CALLSIGN,2025-06-17 12:13:10.284468,,60-0335,5727,40025,45.536225,5.655095,KC-135R Stratotanker,285,436,False
ae1453,RCH300,2025-06-17 12:13:10.284476,United States Air Force,05-5149,6426,29000,49.365348,14.58947,C-17A Globemaster,107,473,False
ae07ef,RCH860,2025-06-17 12:13:10.284484,United States Air Force,96-0005,7030,28000,39.8,23.1,C-17A Globemaster,,,True
ae117d,RCH826,2025-06-17 12:13:10.284491,United States Air Force,02-1111,1227,35000,37.0,14.5,C-17A Globemaster,,,True
ae0386,UNKNOWN CALLSIGN,2025-06-17 12:13:10.284495,,59-1468,2050,34025,37.1,15.6,KC-135R Stratotanker,,,True
ae035c,UNKNOWN CALLSIGN,2025-06-17 12:13:10.284500,,58-0062,5301,38000,41.5,5.1,KC-135R Stratotanker,270,440,True
ae0650,UNKNOWN CALLSIGN,2025-06-17 12:13:10.284504,,58-0049,5512,36000,37.1,15.6,KC-135R Stratotanker,298,444,True
ae2fa7,RCH821,2025-06-17 12:13:10.284508,United States Air Force,08-8195,2062,29975,37.1,15.6,C-17A Globemaster,,,True
ae05a5,UNKNOWN CALLSIGN,2025-06-17 12:13:10.284515,,62-3508,0245,1850,52.5,17.4,KC-135R Stratotanker,,,True
ae2fa2,RCH798,2025-06-17 12:13:10.284519,United States Air Force,08-8190,3310,31000,31.6,31.7,C-17A Globemaster,137,482,True
ae0659,UNKNOWN CALLSIGN,2025-06-17 12:14:10.984102,,59-1464,5772,20000,50.784209,0.431425,KC-135R Stratotanker,319,352,False
ae4f14,RCH797,2025-06-17 12:14:10.984124,United States Air Force,10-0220,5212,6000,52.627174,1.154305,C-17A Globemaster,240,221,False
adff0c,UNKNOWN CALLSIGN,2025-06-17 12:14:10.984132,,60-0335,5727,40025,45.588398,5.51152,KC-135R Stratotanker,323,422,False
ae1453,RCH300,2025-06-17 12:14:10.984145,United States Air Force,05-5149,6426,29000,49.320988,14.782875,C-17A Globemaster,109,478,False
ae07ef,RCH860,2025-06-17 12:14:10.984161,United States Air Force,96-0005,7030,28000,40.0,23.7,C-17A Globemaster,,,True
ae117d,RCH826,2025-06-17 12:14:10.984169,United States Air Force,02-1111,1227,35000,37.0,14.5,C-17A Globemaster,,,True
ae05b1,UNKNOWN CALLSIGN,2025-06-17 12:14:10.984176,,63-8878,0401,-200,52.7,1.6,KC-135R Stratotanker,283,120,True
ae0386,UNKNOWN CALLSIGN,2025-06-17 12:14:10.984183,,59-1468,2050,34025,36.6,16.1,KC-135R Stratotanker,,,True
ae035c,UNKNOWN CALLSIGN,2025-06-17 12:14:10.984188,,58-0062,5301,38000,41.8,6.1,KC-135R Stratotanker,270,440,True
ae0650,UNKNOWN CALLSIGN,2025-06-17 12:14:10.984195,,58-0049,5512,36000,37.1,15.6,KC-135R Stratotanker,298,444,True
ae2fa7,RCH821,2025-06-17 12:14:10.984202,United States Air Force,08-8195,2062,30000,37.1,15.6,C-17A Globemaster,,,True
ae05a5,UNKNOWN CALLSIGN,2025-06-17 12:14:10.984212,,62-3508,0245,1275,52.5,17.5,KC-135R Stratotanker,,,True
ae2fa2,RCH798,2025-06-17 12:14:10.984219,United States Air Force,08-8190,3310,31000,32.1,30.3,C-17A Globemaster,137,486,True
ae0659,UNKNOWN CALLSIGN,2025-06-17 12:15:12.182038,,59-1464,5772,20000,50.865431,0.323707,KC-135R Stratotanker,319,352,False
ae4f14,RCH797,2025-06-17 12:15:12.182052,United States Air Force,10-0220,5212,6000,52.589406,1.059201,C-17A Globemaster,234,260,False
adff0c,UNKNOWN CALLSIGN,2025-06-17 12:15:12.182057,,60-0335,5727,40025,45.690692,5.414071,KC-135R Stratotanker,327,422,False
ae1453,RCH300,2025-06-17 12:15:12.182064,United States Air Force,05-5149,6426,29000,49.280436,14.974148,C-17A Globemaster,109,462,False
ae07ef,RCH860,2025-06-17 12:15:12.182073,United States Air Force,96-0005,2670,28000,40.0,23.7,C-17A Globemaster,,,True
ae117d,RCH826,2025-06-17 12:15:12.182078,United States Air Force,02-1111,1227,35000,37.1,15.6,C-17A Globemaster,,,True
ae0386,UNKNOWN CALLSIGN,2025-06-17 12:15:12.182082,,59-1468,2050,34025,36.6,16.1,KC-135R Stratotanker,,,True
ae035c,UNKNOWN CALLSIGN,2025-06-17 12:15:12.182086,,58-0062,5301,38000,41.8,5.6,KC-135R Stratotanker,270,442,True
ae0650,UNKNOWN CALLSIGN,2025-06-17 12:15:12.182090,,58-0049,5512,36000,37.1,15.6,KC-135R Stratotanker,298,444,True
ae2fa7,RCH821,2025-06-17 12:15:12.182094,United States Air Force,08-8195,2062,30000,37.0,14.5,C-17A Globemaster,,,True
ae2fa2,RCH798,2025-06-17 12:15:12.182101,United States Air Force,08-8190,3310,31000,31.5,31.7,C-17A Globemaster,137,480,True
ae0659,UNKNOWN CALLSIGN,2025-06-17 12:16:13.368551,,59-1464,5772,20000,50.934493,0.226227,KC-135R Stratotanker,319,350,False
ae4f14,RCH797,2025-06-17 12:16:13.368566,United States Air Force,10-0220,5212,6000,52.552307,0.963044,C-17A Globemaster,237,237,False
adff0c,UNKNOWN CALLSIGN,2025-06-17 12:16:13.368571,,60-0335,5727,40025,45.788515,5.324543,KC-135R Stratotanker,327,422,False
ae1453,RCH300,2025-06-17 12:16:13.368578,United States Air Force,05-5149,6426,29000,49.233946,15.170014,C-17A Globemaster,109,478,False
ae07ef,RCH860,2025-06-17 12:16:13.368587,United States Air Force,96-0005,2670,28000,43.7,24.3,C-17A Globemaster,,,True
ae117d,RCH826,2025-06-17 12:16:13.368593,United States Air Force,02-1111,1227,35000,37.1,15.6,C-17A Globemaster,,,True
ae0386,UNKNOWN CALLSIGN,2025-06-17 12:16:13.368597,,59-1468,2050,34025,36.6,16.1,KC-135R Stratotanker,,,True
ae035c,UNKNOWN CALLSIGN,2025-06-17 12:16:13.368602,,58-0062,5301,38000,41.8,5.5,KC-135R Stratotanker,270,442,True
ae0650,UNKNOWN CALLSIGN,2025-06-17 12:16:13.368606,,58-0049,5512,36000,37.0,14.5,KC-135R Stratotanker,290,442,True
ae2fa7,RCH821,2025-06-17 12:16:13.368610,United States Air Force,08-8195,2062,30000,37.1,15.6,C-17A Globemaster,,,True
ae2fa2,RCH798,2025-06-17 12:16:13.368617,United States Air Force,08-8190,3310,31000,31.5,31.7,C-17A Globemaster,137,478,True
ae0659,UNKNOWN CALLSIGN,2025-06-17 12:17:14.407091,,59-1464,5772,19975,51.014429,0.120834,KC-135R Stratotanker,325,352,False
ae4f14,RCH797,2025-06-17 12:17:14.407120,United States Air Force,10-0220,5212,6000,52.516713,0.87206,C-17A Globemaster,239,238,False
adff0c,UNKNOWN CALLSIGN,2025-06-17 12:17:14.407131,,60-0335,5727,40025,45.898774,5.226908,KC-135R Stratotanker,327,420,False
ae1453,RCH300,2025-06-17 12:17:14.407144,United States Air Force,05-5149,6426,29000,49.189936,15.357482,C-17A Globemaster,109,491,False
ae07ef,RCH860,2025-06-17 12:17:14.407158,United States Air Force,96-0005,2670,28000,43.7,24.3,C-17A Globemaster,,,True
ae117d,RCH826,2025-06-17 12:17:14.407166,United States Air Force,02-1111,1227,35000,37.1,15.6,C-17A Globemaster,,,True
ae0386,UNKNOWN CALLSIGN,2025-06-17 12:17:14.407173,,59-1468,2050,34025,36.6,16.1,KC-135R Stratotanker,,,True
ae035c,UNKNOWN CALLSIGN,2025-06-17 12:17:14.407179,,58-0062,5301,38000,41.8,5.5,KC-135R Stratotanker,270,444,True
ae0650,UNKNOWN CALLSIGN,2025-06-17 12:17:14.407185,,58-0049,5512,36000,37.0,14.5,KC-135R Stratotanker,290,442,True
ae2fa7,RCH821,2025-06-17 12:17:14.407192,United States Air Force,08-8195,2062,30000,37.1,15.6,C-17A Globemaster,,,True
ae2fa2,RCH798,2025-06-17 12:17:14.407202,United States Air Force,08-8190,3310,31000,31.7,33.4,C-17A Globemaster,137,478,True
ae0659,UNKNOWN CALLSIGN,2025-06-17 12:18:15.083575,,59-1464,5772,20000,51.09275,0.033542,KC-135R Stratotanker,325,350,False
ae4f14,RCH797,2025-06-17 12:18:15.083590,United States Air Force,10-0220,5212,4100,52.480789,0.776633,C-17A Globemaster,242,231,False
adff0c,UNKNOWN CALLSIGN,2025-06-17 12:18:15.083596,,60-0335,5727,40025,45.993191,5.141162,KC-135R Stratotanker,327,420,False
ae1453,RCH300,2025-06-17 12:18:15.083604,United States Air Force,05-5149,6426,29000,49.149254,15.547398,C-17A Globemaster,109,472,False
ae07ef,RCH860,2025-06-17 12:18:15.083613,United States Air Force,96-0005,2670,28000,43.7,24.3,C-17A Globemaster,,,True
ae117d,RCH826,2025-06-17 12:18:15.083618,United States Air Force,02-1111,1227,35000,37.1,15.6,C-17A Globemaster,,,True
ae0386,UNKNOWN CALLSIGN,2025-06-17 12:18:15.083622,,59-1468,2050,34025,36.6,16.1,KC-135R Stratotanker,,,True
ae035c,UNKNOWN CALLSIGN,2025-06-17 12:18:15.083627,,58-0062,5301,38000,41.8,5.5,KC-135R Stratotanker,270,444,True
ae2fa7,RCH821,2025-06-17 12:18:15.083632,United States Air Force,08-8195,2062,30000,37.0,14.5,C-17A Globemaster,,,True
ae2fa2,RCH798,2025-06-17 12:18:15.083638,United States Air Force,08-8190,3310,31000,32.1,30.7,C-17A Globemaster,137,478,True
ae0659,UNKNOWN CALLSIGN,2025-06-17 12:19:15.840632,,59-1464,5772,19800,51.174668,-0.056614,KC-135R Stratotanker,324,338,False
ae4f14,RCH797,2025-06-17 12:19:15.840646,United States Air Force,10-0220,5212,1600,52.463712,0.694451,C-17A Globemaster,248,244,False
adff0c,UNKNOWN CALLSIGN,2025-06-17 12:19:15.840652,,60-0335,5727,40025,46.093874,5.062908,KC-135R Stratotanker,335,416,False
ae1453,RCH300,2025-06-17 12:19:15.840660,United States Air Force,05-5149,6426,29000,49.104364,15.738798,C-17A Globemaster,110,450,False
ae117d,RCH826,2025-06-17 12:19:15.840670,United States Air Force,02-1111,1227,35000,36.6,16.1,C-17A Globemaster,,,True
ae0386,UNKNOWN CALLSIGN,2025-06-17 12:19:15.840675,,59-1468,2050,34025,36.6,16.1,KC-135R Stratotanker,,,True
ae07ef,RCH860,2025-06-17 12:19:15.840680,United States Air Force,96-0005,2670,28000,43.7,24.3,C-17A Globemaster,,,True
ae2fa2,RCH798,2025-06-17 12:19:15.840685,United States Air Force,08-8190,3310,31000,31.2,31.7,C-17A Globemaster,137,484,True
ae2fa7,RCH821,2025-06-17 12:19:15.840690,United States Air Force,08-8195,2062,30000,36.6,16.1,C-17A Globemaster,,,True
ae035c,UNKNOWN CALLSIGN,2025-06-17 12:19:15.840694,,58-0062,5301,38000,41.8,6.3,KC-135R Stratotanker,270,444,True
ae0659,UNKNOWN CALLSIGN,2025-06-17 12:20:16.802114,,59-1464,5772,18225,51.249061,-0.141327,KC-135R Stratotanker,325,322,False
ae4f14,RCH797,2025-06-17 12:20:16.802135,United States Air Force,10-0220,5212,25,52.453706,0.669694,C-17A Globemaster,233,235,False
adff0c,UNKNOWN CALLSIGN,2025-06-17 12:20:16.802144,,60-0335,5727,40025,46.20302,4.994484,KC-135R Stratotanker,333,416,False
ae1453,RCH300,2025-06-17 12:20:16.802154,United States Air Force,05-5149,6426,29000,49.063995,15.91526,C-17A Globemaster,109,476,False
ae63bb,GOLD82,2025-06-17 12:20:16.802164,,20-46079,6727,3400,35.460938,24.359493,KC-46A Pegasus,91,147,False
ae117d,RCH826,2025-06-17 12:20:16.802173,United States Air Force,02-1111,1227,35000,37.1,15.6,C-17A Globemaster,,,True
ae0386,UNKNOWN CALLSIGN,2025-06-17 12:20:16.802180,,59-1468,2050,34025,36.6,16.1,KC-135R Stratotanker,,,True
ae07ef,RCH860,2025-06-17 12:20:16.802186,United States Air Force,96-0005,2670,28000,43.4,23.8,C-17A Globemaster,,,True
ae2fa2,RCH798,2025-06-17 12:20:16.802191,United States Air Force,08-8190,3310,31000,31.2,31.7,C-17A Globemaster,137,484,True
ae2fa7,RCH821,2025-06-17 12:20:16.802197,United States Air Force,08-8195,2062,30000,36.6,16.1,C-17A Globemaster,,,True
ae035c,UNKNOWN CALLSIGN,2025-06-17 12:20:16.802202,,58-0062,5301,38000,41.5,5.9,KC-135R Stratotanker,269,442,True
ae0659,UNKNOWN CALLSIGN,2025-06-17 12:21:17.797140,,59-1464,5772,18000,51.328171,-0.230255,KC-135R Stratotanker,324,336,False
adff0c,UNKNOWN CALLSIGN,2025-06-17 12:21:17.797156,,60-0335,5727,40025,46.310356,4.917326,KC-135R Stratotanker,333,414,False
ae1453,RCH300,2025-06-17 12:21:17.797166,United States Air Force,05-5149,6426,29000,49.014054,16.115383,C-17A Globemaster,113,466,False
ae117d,RCH826,2025-06-17 12:21:17.797175,United States Air Force,02-1111,1227,35000,36.6,16.1,C-17A Globemaster,,,True
ae0386,UNKNOWN CALLSIGN,2025-06-17 12:21:17.797181,,59-1468,2050,34025,37.1,15.6,KC-135R Stratotanker,,,True
ae07ef,RCH860,2025-06-17 12:21:17.797185,United States Air Force,96-0005,2670,28000,43.4,23.8,C-17A Globemaster,,,True
ae4f14,RCH797,2025-06-17 12:21:17.797190,United States Air Force,10-0220,5212,450,52.8,1.3,C-17A Globemaster,,,True
ae2fa2,RCH798,2025-06-17 12:21:17.797194,United States Air Force,08-8190,3310,31000,30.9,31.7,C-17A Globemaster,141,478,True
ae2fa7,RCH821,2025-06-17 12:21:17.797199,United States Air Force,08-8195,2062,30000,36.6,16.1,C-17A Globemaster,,,True
ae035c,UNKNOWN CALLSIGN,2025-06-17 12:21:17.797203,,58-0062,5301,38000,41.8,5.9,KC-135R Stratotanker,269,444,True
ae4d68,RCH289,2025-06-17 12:21:17.797207,United States Air Force,10-0215,7646,2025,48.9,8.8,C-17A Globemaster,,,True
ae0659,UNKNOWN CALLSIGN,2025-06-17 12:22:18.471755,,59-1464,5772,16800,51.405124,-0.313572,KC-135R Stratotanker,338,338,False
ae4f14,RCH797,2025-06-17 12:22:18.471770,United States Air Force,10-0220,5212,925,52.388519,0.414847,C-17A Globemaster,88,318,False
adff0c,UNKNOWN CALLSIGN,2025-06-17 12:22:18.471777,,60-0335,5727,40025,46.415129,4.842512,KC-135R Stratotanker,333,414,False
ae1453,RCH300,2025-06-17 12:22:18.471785,United States Air Force,05-5149,6426,29000,48.978548,16.274803,C-17A Globemaster,109,465,False
ae07ef,RCH860,2025-06-17 12:22:18.471794,United States Air Force,96-0005,2670,28000,43.7,24.3,C-17A Globemaster,,,True
ae117d,RCH826,2025-06-17 12:22:18.471799,United States Air Force,02-1111,1227,35000,36.6,16.1,C-17A Globemaster,,,True
ae0386,UNKNOWN CALLSIGN,2025-06-17 12:22:18.471804,,59-1468,2050,34025,36.6,16.1,KC-135R Stratotanker,,,True
ae035c,UNKNOWN CALLSIGN,2025-06-17 12:22:18.471808,,58-0062,5301,38000,41.8,5.9,KC-135R Stratotanker,269,444,True
ae0650,UNKNOWN CALLSIGN,2025-06-17 12:22:18.471812,,58-0049,5512,36000,36.5,16.6,KC-135R Stratotanker,289,444,True
ae2fa7,RCH821,2025-06-17 12:22:18.471817,United States Air Force,08-8195,2062,30000,36.6,16.1,C-17A Globemaster,,,True
ae4d68,RCH289,2025-06-17 12:22:18.471821,United States Air Force,10-0215,7646,4350,50.1,8.8,C-17A Globemaster,,,True
ae2fa2,RCH798,2025-06-17 12:22:18.471828,United States Air Force,08-8190,3310,31000,32.1,31.0,C-17A Globemaster,170,450,True
ae0659,UNKNOWN CALLSIGN,2025-06-17 12:23:19.178170,,59-1464,5772,15325,51.49658,-0.295713,KC-135R Stratotanker,23,340,False
ae4f14,RCH797,2025-06-17 12:23:19.178186,United States Air Force,10-0220,5212,1750,52.413533,0.31874,C-17A Globemaster,293,241,False
adff0c,UNKNOWN CALLSIGN,2025-06-17 12:23:19.178192,,60-0335,5727,40025,46.513459,4.772908,KC-135R Stratotanker,333,414,False
ae4d68,RCH289,2025-06-17 12:23:19.178197,United States Air Force,10-0215,7646,5800,49.512683,7.818263,C-17A Globemaster,53,242,False
ae1453,RCH300,2025-06-17 12:23:19.178205,United States Air Force,05-5149,6426,29000,48.926924,16.489784,C-17A Globemaster,110,457,False
ae117d,RCH826,2025-06-17 12:23:19.178214,United States Air Force,02-1111,1227,35000,36.5,16.9,C-17A Globemaster,,,True
ae0386,UNKNOWN CALLSIGN,2025-06-17 12:23:19.178220,,59-1468,2050,34025,36.6,16.1,KC-135R Stratotanker,,,True
ae07ef,RCH860,2025-06-17 12:23:19.178224,United States Air Force,96-0005,2670,28000,43.2,21.0,C-17A Globemaster,,,True
ae0650,UNKNOWN CALLSIGN,2025-06-17 12:23:19.178228,,58-0049,5512,36000,36.5,16.9,KC-135R Stratotanker,289,444,True
ae2fa2,RCH798,2025-06-17 12:23:19.178233,United States Air Force,08-8190,3310,31000,31.7,33.4,C-17A Globemaster,171,454,True
ae2fa7,RCH821,2025-06-17 12:23:19.178237,United States Air Force,08-8195,2062,30000,36.5,16.9,C-17A Globemaster,,,True
ae035c,UNKNOWN CALLSIGN,2025-06-17 12:23:19.178242,,58-0062,5301,38000,41.5,5.9,KC-135R Stratotanker,269,444,True
ae0659,UNKNOWN CALLSIGN,2025-06-17 12:24:20.086465,,59-1464,5772,13525,51.579813,-0.235042,KC-135R Stratotanker,24,334,False
ae4f14,RCH797,2025-06-17 12:24:20.086479,United States Air Force,10-0220,0410,2575,52.440031,0.219012,C-17A Globemaster,294,221,False
adff0c,UNKNOWN CALLSIGN,2025-06-17 12:24:20.086486,,60-0335,5727,40000,46.622756,4.693462,KC-135R Stratotanker,333,414,False
ae4d68,RCH289,2025-06-17 12:24:20.086491,United States Air Force,10-0215,7646,7225,49.54993,7.91749,C-17A Globemaster,70,269,False
ae1453,RCH300,2025-06-17 12:24:20.086500,United States Air Force,05-5149,6426,29000,48.882848,16.673125,C-17A Globemaster,107,431,False
ae63bb,GOLD82,2025-06-17 12:24:20.086507,,20-46079,6727,375,35.531601,24.150169,KC-46A Pegasus,291,147,False
ae117d,RCH826,2025-06-17 12:24:20.086516,United States Air Force,02-1111,1227,35000,36.5,16.9,C-17A Globemaster,,,True
ae0386,UNKNOWN CALLSIGN,2025-06-17 12:24:20.086521,,59-1468,2050,34025,37.1,15.6,KC-135R Stratotanker,282,450,True
ae07ef,RCH860,2025-06-17 12:24:20.086526,United States Air Force,96-0005,2670,28000,43.7,24.3,C-17A Globemaster,,,True
ae0650,UNKNOWN CALLSIGN,2025-06-17 12:24:20.086531,,58-0049,5512,36000,36.5,16.9,KC-135R Stratotanker,289,444,True
ae2fa2,RCH798,2025-06-17 12:24:20.086535,United States Air Force,08-8190,3310,31000,31.7,31.7,C-17A Globemaster,171,454,True
ae2fa7,RCH821,2025-06-17 12:24:20.086541,United States Air Force,08-8195,2062,30000,36.5,16.9,C-17A Globemaster,,,True
ae035c,UNKNOWN CALLSIGN,2025-06-17 12:24:20.086546,,58-0062,5301,38000,41.8,5.9,KC-135R Stratotanker,269,444,True
ae0659,UNKNOWN CALLSIGN,2025-06-17 12:25:20.786411,,59-1464,5772,11400,51.668227,-0.169178,KC-135R Stratotanker,25,338,False
ae4f14,RCH797,2025-06-17 12:25:20.786432,United States Air Force,10-0220,0410,3400,52.466232,0.123035,C-17A Globemaster,294,215,False
adff0c,UNKNOWN CALLSIGN,2025-06-17 12:25:20.786442,,60-0335,5727,40025,46.726711,4.618458,KC-135R Stratotanker,333,414,False
ae4d68,RCH289,2025-06-17 12:25:20.786450,United States Air Force,10-0215,7646,9300,49.561484,8.041503,C-17A Globemaster,82,305,False
ae1453,RCH300,2025-06-17 12:25:20.786463,United States Air Force,05-5149,6426,29000,48.834282,16.868214,C-17A Globemaster,111,469,False
ae117d,RCH826,2025-06-17 12:25:20.786477,United States Air Force,02-1111,1227,35000,36.6,16.1,C-17A Globemaster,,,True
ae0386,UNKNOWN CALLSIGN,2025-06-17 12:25:20.786486,,59-1468,2050,34025,36.6,16.1,KC-135R Stratotanker,282,448,True
ae07ef,RCH860,2025-06-17 12:25:20.786493,United States Air Force,96-0005,2670,28000,43.4,23.8,C-17A Globemaster,,,True
ae0650,UNKNOWN CALLSIGN,2025-06-17 12:25:20.786499,,58-0049,5512,36000,36.5,17.6,KC-135R Stratotanker,289,442,True
ae2fa2,RCH798,2025-06-17 12:25:20.786505,United States Air Force,08-8190,3310,31000,32.1,31.1,C-17A Globemaster,171,450,True
ae2fa7,RCH821,2025-06-17 12:25:20.786513,United States Air Force,08-8195,2062,30000,36.5,17.6,C-17A Globemaster,,,True
ae035c,UNKNOWN CALLSIGN,2025-06-17 12:25:20.786520,,58-0062,5301,38000,41.5,5.3,KC-135R Stratotanker,269,444,True
ae0659,UNKNOWN CALLSIGN,2025-06-17 12:26:21.734034,,59-1464,5772,10225,51.752985,-0.103737,KC-135R Stratotanker,23,310,False
ae4f14,RCH797,2025-06-17 12:26:21.734047,United States Air Force,10-0220,0410,4000,52.490959,0.036773,C-17A Globemaster,294,240,False
adff0c,UNKNOWN CALLSIGN,2025-06-17 12:26:21.734054,,60-0335,5727,40025,46.827094,4.546538,KC-135R Stratotanker,333,414,False
ae4d68,RCH289,2025-06-17 12:26:21.734059,United States Air Force,10-0215,7646,10475,49.572687,8.166715,C-17A Globemaster,81,321,False
ae1453,RCH300,2025-06-17 12:26:21.734067,United States Air Force,05-5149,6426,29000,48.795462,17.021688,C-17A Globemaster,111,509,False
ae07ef,RCH860,2025-06-17 12:26:21.734075,United States Air Force,96-0005,2670,28000,43.4,23.8,C-17A Globemaster,,,True
ae117d,RCH826,2025-06-17 12:26:21.734080,United States Air Force,02-1111,1227,35000,36.6,16.1,C-17A Globemaster,,,True
ae0386,UNKNOWN CALLSIGN,2025-06-17 12:26:21.734085,,59-1468,2050,34025,37.1,15.6,KC-135R Stratotanker,281,446,True
ae035c,UNKNOWN CALLSIGN,2025-06-17 12:26:21.734100,,58-0062,5301,38000,41.3,4.9,KC-135R Stratotanker,269,444,True
ae0650,UNKNOWN CALLSIGN,2025-06-17 12:26:21.734104,,58-0049,5512,36000,36.5,17.5,KC-135R Stratotanker,289,442,True
ae2fa7,RCH821,2025-06-17 12:26:21.734108,United States Air Force,08-8195,2062,30000,36.5,17.5,C-17A Globemaster,,,True
ae2fa2,RCH798,2025-06-17 12:26:21.734116,United States Air Force,08-8190,3310,31000,32.1,31.1,C-17A Globemaster,171,454,True
ae4f14,RCH797,2025-06-17 12:27:22.411718,United States Air Force,10-0220,0410,4000,52.524411,-0.074012,C-17A Globemaster,300,230,False
ae0659,UNKNOWN CALLSIGN,2025-06-17 12:27:22.411732,,59-1464,5772,8950,51.824758,-0.039351,KC-135R Stratotanker,30,298,False
adff0c,UNKNOWN CALLSIGN,2025-06-17 12:27:22.411738,,60-0335,5727,40000,46.926404,4.473391,KC-135R Stratotanker,333,416,False
ae4d68,RCH289,2025-06-17 12:27:22.411744,United States Air Force,10-0215,7646,11150,49.586325,8.314272,C-17A Globemaster,81,356,False
ae1453,RCH300,2025-06-17 12:27:22.411752,United States Air Force,05-5149,6426,29000,48.723205,17.240687,C-17A Globemaster,120,486,False
ae07ef,RCH860,2025-06-17 12:27:22.411759,United States Air Force,96-0005,2670,28000,43.7,24.3,C-17A Globemaster,,,True
ae117d,RCH826,2025-06-17 12:27:22.411765,United States Air Force,02-1111,1227,35000,37.4,17.2,C-17A Globemaster,,,True
ae0386,UNKNOWN CALLSIGN,2025-06-17 12:27:22.411769,,59-1468,2050,34025,36.6,16.1,KC-135R Stratotanker,281,446,True
ae035c,UNKNOWN CALLSIGN,2025-06-17 12:27:22.411773,,58-0062,5301,38000,39.6,2.6,KC-135R Stratotanker,269,444,True
ae0650,UNKNOWN CALLSIGN,2025-06-17 12:27:22.411777,,58-0049,5512,36000,37.4,17.2,KC-135R Stratotanker,289,442,True
ae2fa7,RCH821,2025-06-17 12:27:22.411782,United States Air Force,08-8195,2062,30000,36.6,16.1,C-17A Globemaster,,,True
ae2fa2,RCH798,2025-06-17 12:27:22.411789,United States Air Force,08-8190,3310,31000,32.1,31.1,C-17A Globemaster,171,454,True
ae4f14,RCH797,2025-06-17 12:28:23.113155,United States Air Force,10-0220,0410,4000,52.57102,-0.037502,C-17A Globemaster,77,327,False
ae0659,UNKNOWN CALLSIGN,2025-06-17 12:28:23.113168,,59-1464,5772,7975,51.894699,0.027829,KC-135R Stratotanker,30,282,False
adff0c,UNKNOWN CALLSIGN,2025-06-17 12:28:23.113175,,60-0335,5727,40025,47.034547,4.398611,KC-135R Stratotanker,333,416,False
ae4d68,RCH289,2025-06-17 12:28:23.113181,United States Air Force,10-0215,7646,12900,49.600661,8.481071,C-17A Globemaster,80,398,False
ae1453,RCH300,2025-06-17 12:28:23.113188,United States Air Force,05-5149,6426,29000,48.661913,17.417672,C-17A Globemaster,118,472,False
ae07ef,RCH860,2025-06-17 12:28:23.113195,United States Air Force,96-0005,2670,28000,43.6,24.1,C-17A Globemaster,,,True
ae117d,RCH826,2025-06-17 12:28:23.113201,United States Air Force,02-1111,1227,35000,36.6,16.1,C-17A Globemaster,,,True
ae0386,UNKNOWN CALLSIGN,2025-06-17 12:28:23.113205,,59-1468,2050,34025,36.6,16.1,KC-135R Stratotanker,281,446,True
ae035c,UNKNOWN CALLSIGN,2025-06-17 12:28:23.113209,,58-0062,5301,38000,39.3,2.4,KC-135R Stratotanker,269,444,True
ae0650,UNKNOWN CALLSIGN,2025-06-17 12:28:23.113213,,58-0049,5512,36000,37.4,17.2,KC-135R Stratotanker,289,444,True
ae2fa7,RCH821,2025-06-17 12:28:23.113218,United States Air Force,08-8195,2062,29975,36.6,16.1,C-17A Globemaster,,,True
ae2fa2,RCH798,2025-06-17 12:28:23.113225,United States Air Force,08-8190,3310,31000,31.0,34.0,C-17A Globemaster,171,454,True
ae4f14,RCH797,2025-06-17 12:29:24.107751,United States Air Force,10-0220,0410,4000,52.513836,0.030444,C-17A Globemaster,157,239,False
ae0659,UNKNOWN CALLSIGN,2025-06-17 12:29:24.107764,,59-1464,0436,8000,51.962963,0.093553,KC-135R Stratotanker,30,274,False
adff0c,UNKNOWN CALLSIGN,2025-06-17 12:29:24.107770,,60-0335,5727,40000,47.146048,4.315329,KC-135R Stratotanker,333,418,False
ae4d68,RCH289,2025-06-17 12:29:24.107776,United States Air Force,10-0215,7646,15200,49.6091,8.5961,C-17A Globemaster,84,364,False
ae1453,RCH300,2025-06-17 12:29:24.107784,United States Air Force,05-5149,6426,29000,48.587533,17.586196,C-17A Globemaster,134,476,False
ae117d,RCH826,2025-06-17 12:29:24.107792,United States Air Force,02-1111,1227,35000,37.4,17.2,C-17A Globemaster,,,True
ae0386,UNKNOWN CALLSIGN,2025-06-17 12:29:24.107798,,59-1468,2050,34025,37.4,17.2,KC-135R Stratotanker,281,444,True
ae07ef,RCH860,2025-06-17 12:29:24.107802,United States Air Force,96-0005,2670,28000,43.7,24.3,C-17A Globemaster,,,True
ae0650,UNKNOWN CALLSIGN,2025-06-17 12:29:24.107806,,58-0049,5512,36000,37.4,17.2,KC-135R Stratotanker,288,442,True
ae2fa2,RCH798,2025-06-17 12:29:24.107810,United States Air Force,08-8190,3310,31000,32.0,30.4,C-17A Globemaster,171,454,True
ae2fa7,RCH821,2025-06-17 12:29:24.107815,United States Air Force,08-8195,2062,30000,37.4,17.2,C-17A Globemaster,,,True
ae035c,UNKNOWN CALLSIGN,2025-06-17 12:29:24.107820,,58-0062,5301,38000,39.2,2.4,KC-135R Stratotanker,253,450,True
ae4f14,RCH797,2025-06-17 12:30:25.020848,United States Air Force,10-0220,0410,4000,52.47187,0.117847,C-17A Globemaster,115,245,False
ae0659,UNKNOWN CALLSIGN,2025-06-17 12:30:25.020863,,59-1464,0436,8000,52.028727,0.157475,KC-135R Stratotanker,30,270,False
adff0c,UNKNOWN CALLSIGN,2025-06-17 12:30:25.020870,,60-0335,5727,40000,47.245541,4.239262,KC-135R Stratotanker,333,420,False
ae4d68,RCH289,2025-06-17 12:30:25.020876,United States Air Force,10-0215,7646,15750,49.623001,8.7409,C-17A Globemaster,82,385,False
ae1453,RCH300,2025-06-17 12:30:25.020884,United States Air Force,05-5149,6426,29000,48.506987,17.707545,C-17A Globemaster,134,462,False
ae07ef,RCH860,2025-06-17 12:30:25.020891,United States Air Force,96-0005,2670,28000,43.7,24.3,C-17A Globemaster,,,True
ae117d,RCH826,2025-06-17 12:30:25.020897,United States Air Force,02-1111,1227,35000,37.4,16.8,C-17A Globemaster,,,True
ae0386,UNKNOWN CALLSIGN,2025-06-17 12:30:25.020901,,59-1468,2050,34025,37.1,15.6,KC-135R Stratotanker,281,444,True
ae035c,UNKNOWN CALLSIGN,2025-06-17 12:30:25.020905,,58-0062,5301,38000,39.2,2.5,KC-135R Stratotanker,252,454,True
ae0650,UNKNOWN CALLSIGN,2025-06-17 12:30:25.020909,,58-0049,5512,36000,37.4,16.9,KC-135R Stratotanker,288,442,True
ae2fa7,RCH821,2025-06-17 12:30:25.020914,United States Air Force,08-8195,2062,30000,37.4,16.8,C-17A Globemaster,,,True
ae2fa2,RCH798,2025-06-17 12:30:25.020920,United States Air Force,08-8190,3310,31000,32.0,30.4,C-17A Globemaster,,,True
ae4f14,RCH797,2025-06-17 12:31:25.996762,United States Air Force,10-0220,0410,4000,52.441477,0.225683,C-17A Globemaster,112,246,False
ae0659,UNKNOWN CALLSIGN,2025-06-17 12:31:25.996777,,59-1464,0436,8000,52.076839,0.254399,KC-135R Stratotanker,59,278,False
adff0c,UNKNOWN CALLSIGN,2025-06-17 12:31:25.996784,,60-0335,5727,40025,47.350338,4.169319,KC-135R Stratotanker,333,420,False
ae4d68,RCH289,2025-06-17 12:31:25.996792,United States Air Force,10-0215,7646,16975,49.638599,8.9272,C-17A Globemaster,83,420,False
ae1453,RCH300,2025-06-17 12:31:25.996801,United States Air Force,05-5149,6426,29000,48.401114,17.864498,C-17A Globemaster,136,462,False
ae07ef,RCH860,2025-06-17 12:31:25.996811,United States Air Force,96-0005,2670,28000,43.2,21.2,C-17A Globemaster,,,True
ae117d,RCH826,2025-06-17 12:31:25.996817,United States Air Force,02-1111,1227,35000,37.4,16.8,C-17A Globemaster,,,True
ae0386,UNKNOWN CALLSIGN,2025-06-17 12:31:25.996822,,59-1468,2050,34025,36.6,16.1,KC-135R Stratotanker,281,446,True
ae035c,UNKNOWN CALLSIGN,2025-06-17 12:31:25.996826,,58-0062,5301,38000,39.2,2.6,KC-135R Stratotanker,251,454,True
ae0650,UNKNOWN CALLSIGN,2025-06-17 12:31:25.996831,,58-0049,5512,36000,41.5,6.1,KC-135R Stratotanker,269,450,True
ae2fa7,RCH821,2025-06-17 12:31:25.996836,United States Air Force,08-8195,2062,30000,37.4,16.8,C-17A Globemaster,,,True
ae2fa2,RCH798,2025-06-17 12:31:25.996844,United States Air Force,08-8190,3310,31000,32.0,30.4,C-17A Globemaster,,,True
ae4f14,RCH797,2025-06-17 12:32:27.003691,United States Air Force,10-0220,0410,4000,52.490484,0.247919,C-17A Globemaster,313,331,False
ae0659,UNKNOWN CALLSIGN,2025-06-17 12:32:27.003708,,59-1464,0436,8000,52.114124,0.358347,KC-135R Stratotanker,59,280,False
adff0c,UNKNOWN CALLSIGN,2025-06-17 12:32:27.003716,,60-0335,5727,40000,47.457036,4.082174,KC-135R Stratotanker,333,422,False
ae4d68,RCH289,2025-06-17 12:32:27.003724,United States Air Force,10-0215,7646,18150,49.655759,9.150748,C-17A Globemaster,84,389,False
ae1453,RCH300,2025-06-17 12:32:27.003731,United States Air Force,05-5149,6426,29000,48.313377,17.9963,C-17A Globemaster,137,480,False
ae07ef,RCH860,2025-06-17 12:32:27.003737,United States Air Force,96-0005,2670,28000,43.642514,23.291838,C-17A Globemaster,,,False
ae117d,RCH826,2025-06-17 12:32:27.003745,United States Air Force,02-1111,1227,35000,36.6,16.1,C-17A Globemaster,,,True
ae0386,UNKNOWN CALLSIGN,2025-06-17 12:32:27.003750,,59-1468,2050,34025,37.1,15.6,KC-135R Stratotanker,281,446,True
ae035c,UNKNOWN CALLSIGN,2025-06-17 12:32:27.003755,,58-0062,5301,38000,39.2,2.5,KC-135R Stratotanker,251,456,True
ae0650,UNKNOWN CALLSIGN,2025-06-17 12:32:27.003760,,58-0049,5512,36000,41.5,6.1,KC-135R Stratotanker,269,450,True
ae2fa7,RCH821,2025-06-17 12:32:27.003765,United States Air Force,08-8195,2062,30000,36.6,16.1,C-17A Globemaster,,,True
ae2fa2,RCH798,2025-06-17 12:32:27.003773,United States Air Force,08-8190,3310,31000,32.0,30.9,C-17A Globemaster,,,True
ae4f14,RCH797,2025-06-17 12:33:27.919769,United States Air Force,10-0220,0410,4000,52.51873,0.152906,C-17A Globemaster,293,227,False
ae0659,UNKNOWN CALLSIGN,2025-06-17 12:33:27.919783,,59-1464,0436,8000,52.158352,0.479263,KC-135R Stratotanker,59,278,False
adff0c,UNKNOWN CALLSIGN,2025-06-17 12:33:27.919789,,60-0335,5727,40025,47.523471,4.042042,KC-135R Stratotanker,333,422,False
ae4d68,RCH289,2025-06-17 12:33:27.919795,United States Air Force,10-0215,7646,19275,49.6679,9.3001,C-17A Globemaster,83,451,False
ae1453,RCH300,2025-06-17 12:33:27.919802,United States Air Force,05-5149,6426,29000,48.210558,18.14815,C-17A Globemaster,133,470,False
4b8202,UNKNOWN CALLSIGN,2025-06-17 12:33:27.919807,Turkish Air Force,62-3567,2121,31175,39.5,32.9,KC-135R Stratotanker,299,488,True
ae117d,RCH826,2025-06-17 12:33:27.919814,United States Air Force,02-1111,1227,35000,37.1,15.6,C-17A Globemaster,,,True
ae0386,UNKNOWN CALLSIGN,2025-06-17 12:33:27.919819,,59-1468,2050,34025,37.0,17.1,KC-135R Stratotanker,281,444,True
ae07ef,RCH860,2025-06-17 12:33:27.919824,United States Air Force,96-0005,2670,28000,43.5,23.8,C-17A Globemaster,,,True
ae0650,UNKNOWN CALLSIGN,2025-06-17 12:33:27.919828,,58-0049,5512,36000,38.9,8.9,KC-135R Stratotanker,269,454,True
ae2fa2,RCH798,2025-06-17 12:33:27.919832,United States Air Force,08-8190,3310,31000,32.0,30.9,C-17A Globemaster,,,True
ae2fa7,RCH821,2025-06-17 12:33:27.919838,United States Air Force,08-8195,2062,30000,37.0,17.1,C-17A Globemaster,,,True
ae035c,UNKNOWN CALLSIGN,2025-06-17 12:33:27.919842,,58-0062,5301,38000,41.5,5.9,KC-135R Stratotanker,251,458,True
ae4f14,RCH797,2025-06-17 12:34:29.053241,United States Air Force,10-0220,0410,4000,52.545424,0.055408,C-17A Globemaster,295,231,False
ae0659,UNKNOWN CALLSIGN,2025-06-17 12:34:29.053256,,59-1464,0436,7400,52.19322,0.579738,KC-135R Stratotanker,59,252,False
adff0c,UNKNOWN CALLSIGN,2025-06-17 12:34:29.053262,,60-0335,5727,40000,47.613611,3.96928,KC-135R Stratotanker,333,426,False
ae4d68,RCH289,2025-06-17 12:34:29.053269,United States Air Force,10-0215,7646,20325,49.682598,9.4746,C-17A Globemaster,81,421,False
ae1453,RCH300,2025-06-17 12:34:29.053276,United States Air Force,05-5149,6426,29000,48.119678,18.28149,C-17A Globemaster,134,475,False
4b8202,ASENA21,2025-06-17 12:34:29.053282,Turkish Air Force,62-3567,2121,32000,39.5,32.9,KC-135R Stratotanker,299,478,True
ae117d,RCH826,2025-06-17 12:34:29.053288,United States Air Force,02-1111,1227,35000,36.6,16.1,C-17A Globemaster,,,True
ae0386,UNKNOWN CALLSIGN,2025-06-17 12:34:29.053293,,59-1468,2050,34025,37.1,15.6,KC-135R Stratotanker,281,440,True
ae07ef,RCH860,2025-06-17 12:34:29.053297,United States Air Force,96-0005,2670,28000,43.5,23.9,C-17A Globemaster,,,True
ae0650,UNKNOWN CALLSIGN,2025-06-17 12:34:29.053301,,58-0049,5512,36000,41.5,5.9,KC-135R Stratotanker,268,454,True
ae2fa7,RCH821,2025-06-17 12:34:29.053307,United States Air Force,08-8195,2062,30000,37.0,14.5,C-17A Globemaster,,,True
ae035c,UNKNOWN CALLSIGN,2025-06-17 12:34:29.053311,,58-0062,5301,38000,40.2,3.9,KC-135R Stratotanker,251,458,True
ae4f14,RCH797,2025-06-17 12:35:29.732882,United States Air Force,10-0220,0410,4000,52.574267,-0.045131,C-17A Globemaster,294,234,False
ae0659,UNKNOWN CALLSIGN,2025-06-17 12:35:29.732896,,59-1464,0436,3700,52.231469,0.685482,KC-135R Stratotanker,60,254,False
adff0c,UNKNOWN CALLSIGN,2025-06-17 12:35:29.732903,,60-0335,5727,40000,47.766033,3.854063,KC-135R Stratotanker,332,426,False
ae4d68,RCH289,2025-06-17 12:35:29.732910,United States Air Force,10-0215,7646,21650,49.699247,9.707036,C-17A Globemaster,84,441,False
ae1453,RCH300,2025-06-17 12:35:29.732915,United States Air Force,05-5149,6426,29000,48.049206,18.384118,C-17A Globemaster,138,388,False
ae07ef,RCH860,2025-06-17 12:35:29.732922,United States Air Force,96-0005,2670,28000,43.5,23.2,C-17A Globemaster,,,True
4b8202,ASENA21,2025-06-17 12:35:29.732927,Turkish Air Force,62-3567,2121,32000,39.5,32.9,KC-135R Stratotanker,299,480,True
ae117d,RCH826,2025-06-17 12:35:29.732932,United States Air Force,02-1111,1227,35000,37.1,15.6,C-17A Globemaster,,,True
ae0386,UNKNOWN CALLSIGN,2025-06-17 12:35:29.732936,,59-1468,2050,34025,37.1,15.6,KC-135R Stratotanker,281,438,True
ae035c,UNKNOWN CALLSIGN,2025-06-17 12:35:29.732940,,58-0062,5301,38000,39.4,2.6,KC-135R Stratotanker,251,458,True
ae0650,UNKNOWN CALLSIGN,2025-06-17 12:35:29.732944,,58-0049,5512,36000,41.5,5.9,KC-135R Stratotanker,268,454,True
ae2fa7,RCH821,2025-06-17 12:35:29.732949,United States Air Force,08-8195,2062,30000,37.1,15.6,C-17A Globemaster,,,True
ae4f14,RCH797,2025-06-17 12:36:30.454221,United States Air Force,10-0220,0410,4000,52.598729,-0.143606,C-17A Globemaster,283,240,False
ae0659,UNKNOWN CALLSIGN,2025-06-17 12:36:30.454236,,59-1464,0436,2750,52.264257,0.776295,KC-135R Stratotanker,40,216,False
adff0c,UNKNOWN CALLSIGN,2025-06-17 12:36:30.454242,,60-0335,5727,40025,47.825843,3.797032,KC-135R Stratotanker,332,426,False
ae4d68,RCH289,2025-06-17 12:36:30.454249,United States Air Force,10-0215,7646,22550,49.7118,9.867,C-17A Globemaster,85,449,False
ae1453,RCH300,2025-06-17 12:36:30.454254,United States Air Force,05-5149,6426,29000,47.944542,18.536317,C-17A Globemaster,135,508,False
4b8202,ASENA21,2025-06-17 12:36:30.454260,Turkish Air Force,62-3567,2121,32000,39.5,32.9,KC-135R Stratotanker,299,482,True
ae117d,RCH826,2025-06-17 12:36:30.454267,United States Air Force,02-1111,1227,35000,36.6,16.1,C-17A Globemaster,,,True
ae0386,UNKNOWN CALLSIGN,2025-06-17 12:36:30.454272,,59-1468,2050,34025,37.1,15.6,KC-135R Stratotanker,281,438,True
ae07ef,RCH860,2025-06-17 12:36:30.454276,United States Air Force,96-0005,2670,28000,43.6,23.7,C-17A Globemaster,,,True
ae0650,UNKNOWN CALLSIGN,2025-06-17 12:36:30.454280,,58-0049,5512,36000,41.8,5.9,KC-135R Stratotanker,268,456,True
ae2fa2,RCH798,2025-06-17 12:36:30.454284,United States Air Force,08-8190,3310,31000,32.0,30.9,C-17A Globemaster,,,True
ae2fa7,RCH821,2025-06-17 12:36:30.454289,United States Air Force,08-8195,2062,30000,37.1,15.6,C-17A Globemaster,,,True
ae035c,UNKNOWN CALLSIGN,2025-06-17 12:36:30.454293,,58-0062,5301,38000,39.2,2.3,KC-135R Stratotanker,251,458,True
ae4f14,RCH797,2025-06-17 12:37:20.923545,United States Air Force,10-0220,0410,4000,52.554665,-0.177007,C-17A Globemaster,161,345,False
ae0659,UNKNOWN CALLSIGN,2025-06-17 12:37:20.923570,,59-1464,0436,2775,52.304165,0.790774,KC-135R Stratotanker,329,168,False
ae4d68,RCH289,2025-06-17 12:37:20.923584,United States Air Force,10-0215,7646,23100,49.726398,9.9798,C-17A Globemaster,82,462,False
ae1453,RCH300,2025-06-17 12:37:20.923592,United States Air Force,05-5149,6426,29000,47.854191,18.668002,C-17A Globemaster,136,481,False
ae07ef,RCH860,2025-06-17 12:37:20.923602,United States Air Force,96-0005,2670,28000,43.7,24.1,C-17A Globemaster,,,True
4b8202,ASENA21,2025-06-17 12:37:20.923609,Turkish Air Force,62-3567,2121,32000,39.5,32.9,KC-135R Stratotanker,299,482,True
ae117d,RCH826,2025-06-17 12:37:20.923616,United States Air Force,02-1111,1227,35000,37.1,15.6,C-17A Globemaster,,,True
ae0386,UNKNOWN CALLSIGN,2025-06-17 12:37:20.923622,,59-1468,2050,34025,36.6,16.1,KC-135R Stratotanker,281,438,True
ae035c,UNKNOWN CALLSIGN,2025-06-17 12:37:20.923628,,58-0062,5301,38000,39.2,2.3,KC-135R Stratotanker,251,460,True
ae0650,UNKNOWN CALLSIGN,2025-06-17 12:37:20.923634,,58-0049,5512,36000,41.8,5.9,KC-135R Stratotanker,268,456,True
ae2fa7,RCH821,2025-06-17 12:37:20.923640,United States Air Force,08-8195,2062,30000,37.1,15.6,C-17A Globemaster,,,True
adff0c,UNKNOWN CALLSIGN,2025-06-17 12:37:20.923646,,60-0335,5727,40025,49.7,5.1,KC-135R Stratotanker,332,426,True
ae2fa2,UNKNOWN CALLSIGN,2025-06-17 12:37:20.923654,United States Air Force,08-8190,3310,31000,32.0,30.3,C-17A Globemaster,143,480,True
ae4f14,RCH797,2025-06-17 12:38:22.095089,United States Air Force,10-0220,0410,4000,52.521828,-0.07449,C-17A Globemaster,112,240,False
ae0659,UNKNOWN CALLSIGN,2025-06-17 12:38:22.095104,,59-1464,0436,2425,52.326394,0.730672,KC-135R Stratotanker,282,146,False
ae4d68,RCH289,2025-06-17 12:38:22.095114,United States Air Force,10-0215,7646,24200,49.813,10.1558,C-17A Globemaster,54,434,False
ae1453,RCH300,2025-06-17 12:38:22.095120,United States Air Force,05-5149,6426,29000,47.775385,18.786736,C-17A Globemaster,134,462,False
ae07ef,RCH860,2025-06-17 12:38:22.095128,United States Air Force,96-0005,2670,28000,43.7,24.0,C-17A Globemaster,,,True
4b8202,ASENA21,2025-06-17 12:38:22.095134,Turkish Air Force,62-3567,2121,32000,35.7,30.9,KC-135R Stratotanker,,,True
ae117d,RCH826,2025-06-17 12:38:22.095139,United States Air Force,02-1111,1227,35000,36.6,16.1,C-17A Globemaster,,,True
ae0386,UNKNOWN CALLSIGN,2025-06-17 12:38:22.095144,,59-1468,2050,34025,37.1,15.6,KC-135R Stratotanker,280,438,True
ae035c,UNKNOWN CALLSIGN,2025-06-17 12:38:22.095149,,58-0062,5301,38000,39.2,2.0,KC-135R Stratotanker,251,464,True
ae0650,UNKNOWN CALLSIGN,2025-06-17 12:38:22.095153,,58-0049,5512,36000,41.5,5.7,KC-135R Stratotanker,268,458,True
ae2fa7,RCH821,2025-06-17 12:38:22.095158,United States Air Force,08-8195,2062,30000,37.1,15.6,C-17A Globemaster,,,True
adff0c,UNKNOWN CALLSIGN,2025-06-17 12:38:22.095164,,60-0335,5727,40025,48.9,5.4,KC-135R Stratotanker,332,424,True
ae2fa2,UNKNOWN CALLSIGN,2025-06-17 12:38:22.095170,United States Air Force,08-8190,3310,31000,32.0,30.3,C-17A Globemaster,143,482,True
ae4f14,RCH797,2025-06-17 12:39:22.773135,United States Air Force,10-0220,0410,4000,52.491892,0.033833,C-17A Globemaster,115,264,False
ae0659,UNKNOWN CALLSIGN,2025-06-17 12:39:22.773149,,59-1464,0436,1600,52.335256,0.669896,KC-135R Stratotanker,284,144,False
ae4d68,RCH289,2025-06-17 12:39:22.773158,United States Air Force,10-0215,7646,24900,49.888199,10.3458,C-17A Globemaster,62,412,False
ae1453,RCH300,2025-06-17 12:39:22.773164,United States Air Force,05-5149,6426,29000,47.679352,18.93022,C-17A Globemaster,128,508,False
adff0c,UNKNOWN CALLSIGN,2025-06-17 12:39:22.773172,,60-0335,5727,40025,50.4,4.9,KC-135R Stratotanker,332,422,True
ae117d,RCH826,2025-06-17 12:39:22.773178,United States Air Force,02-1111,1227,35000,37.1,15.6,C-17A Globemaster,,,True
ae0386,UNKNOWN CALLSIGN,2025-06-17 12:39:22.773183,,59-1468,2050,34025,37.1,15.6,KC-135R Stratotanker,295,434,True
ae07ef,RCH860,2025-06-17 12:39:22.773188,United States Air Force,96-0005,2670,28000,43.7,24.0,C-17A Globemaster,,,True
ae0650,UNKNOWN CALLSIGN,2025-06-17 12:39:22.773192,,58-0049,5512,36000,41.8,5.7,KC-135R Stratotanker,271,458,True
ae2fa2,RCH798,2025-06-17 12:39:22.773197,United States Air Force,08-8190,3310,31000,32.0,30.3,C-17A Globemaster,,,True
ae2fa7,RCH821,2025-06-17 12:39:22.773202,United States Air Force,08-8195,2062,30000,37.0,14.5,C-17A Globemaster,,,True
ae035c,UNKNOWN CALLSIGN,2025-06-17 12:39:22.773206,,58-0062,5301,38000,39.2,1.8,KC-135R Stratotanker,251,464,True
ae4f14,RCH797,2025-06-17 12:40:23.791551,United States Air Force,10-0220,0410,4000,52.461116,0.143561,C-17A Globemaster,116,262,False
ae0659,UNKNOWN CALLSIGN,2025-06-17 12:40:23.791567,,59-1464,0436,900,52.344765,0.605009,KC-135R Stratotanker,283,138,False
adff0c,UNKNOWN CALLSIGN,2025-06-17 12:40:23.791573,,60-0335,5727,40025,48.27576,3.459892,KC-135R Stratotanker,332,418,False
ae4d68,RCH289,2025-06-17 12:40:23.791580,United States Air Force,10-0215,7646,25825,49.9081,10.5143,C-17A Globemaster,86,454,False
ae1453,RCH300,2025-06-17 12:40:23.791586,United States Air Force,05-5149,6426,29000,47.589392,19.080093,C-17A Globemaster,136,453,False
ae07ef,RCH860,2025-06-17 12:40:23.791593,United States Air Force,96-0005,2670,28000,43.6,24.1,C-17A Globemaster,,,True
ae117d,RCH826,2025-06-17 12:40:23.791599,United States Air Force,02-1111,1227,35000,37.1,15.6,C-17A Globemaster,,,True
ae0386,UNKNOWN CALLSIGN,2025-06-17 12:40:23.791604,,59-1468,2050,34025,37.0,14.5,KC-135R Stratotanker,311,436,True
ae035c,UNKNOWN CALLSIGN,2025-06-17 12:40:23.791609,,58-0062,5301,38000,39.2,2.0,KC-135R Stratotanker,250,464,True
ae0650,UNKNOWN CALLSIGN,2025-06-17 12:40:23.791613,,58-0049,5512,36000,41.5,5.5,KC-135R Stratotanker,270,460,True
ae2fa7,RCH821,2025-06-17 12:40:23.791618,United States Air Force,08-8195,2062,30000,37.0,14.5,C-17A Globemaster,,,True
ae2fa2,RCH798,2025-06-17 12:40:23.791625,United States Air Force,08-8190,3310,31000,31.2,31.5,C-17A Globemaster,,,True
ae4f14,RCH797,2025-06-17 12:41:24.843654,United States Air Force,10-0220,0410,4000,52.445974,0.253887,C-17A Globemaster,77,262,False
ae0659,UNKNOWN CALLSIGN,2025-06-17 12:41:24.843670,,59-1464,0436,225,52.354818,0.542189,KC-135R Stratotanker,285,136,False
adff0c,UNKNOWN CALLSIGN,2025-06-17 12:41:24.843677,,60-0335,5727,40000,48.353847,3.401581,KC-135R Stratotanker,332,410,False
ae4d68,RCH289,2025-06-17 12:41:24.843685,United States Air Force,10-0215,7646,26975,49.865544,10.789643,C-17A Globemaster,92,436,False
ae117d,RCH826,2025-06-17 12:41:24.843695,United States Air Force,02-1111,1227,35000,37.1,15.6,C-17A Globemaster,,,True
ae1453,RCH300,2025-06-17 12:41:24.843700,United States Air Force,05-5149,6426,29000,48.1,18.0,C-17A Globemaster,,,True
ae0386,UNKNOWN CALLSIGN,2025-06-17 12:41:24.843706,,59-1468,2050,34025,37.0,14.5,KC-135R Stratotanker,310,434,True
ae07ef,RCH860,2025-06-17 12:41:24.843711,United States Air Force,96-0005,2670,28000,43.8,23.8,C-17A Globemaster,,,True
ae0650,UNKNOWN CALLSIGN,2025-06-17 12:41:24.843716,,58-0049,5512,36000,41.8,5.7,KC-135R Stratotanker,270,462,True
ae2fa2,RCH798,2025-06-17 12:41:24.843721,United States Air Force,08-8190,3310,31000,32.0,31.0,C-17A Globemaster,,,True
ae035c,UNKNOWN CALLSIGN,2025-06-17 12:41:24.843726,,58-0062,5301,38000,39.2,2.2,KC-135R Stratotanker,250,462,True
ae4f14,RCH797,2025-06-17 12:42:25.576729,United States Air Force,10-0220,0410,4000,52.498775,0.230004,C-17A Globemaster,285,404,False
ae0659,UNKNOWN CALLSIGN,2025-06-17 12:42:25.576743,,59-1464,0436,-225,52.355755,0.52799,KC-135R Stratotanker,282,124,False
adff0c,UNKNOWN CALLSIGN,2025-06-17 12:42:25.576749,,60-0335,5727,40000,48.45193,3.320049,KC-135R Stratotanker,332,406,False
ae4d68,RCH289,2025-06-17 12:42:25.576757,United States Air Force,10-0215,7646,27950,49.861198,10.9224,C-17A Globemaster,91,449,False
ae07ef,RCH860,2025-06-17 12:42:25.576765,United States Air Force,96-0005,2670,28000,43.7,23.9,C-17A Globemaster,,,True
4b8202,ASENA21,2025-06-17 12:42:25.576771,Turkish Air Force,62-3567,2121,32000,35.7,30.9,KC-135R Stratotanker,298,480,True
ae117d,RCH826,2025-06-17 12:42:25.576777,United States Air Force,02-1111,1227,35000,36.6,16.1,C-17A Globemaster,,,True
ae0386,UNKNOWN CALLSIGN,2025-06-17 12:42:25.576782,,59-1468,2050,34025,37.0,14.5,KC-135R Stratotanker,310,432,True
ae035c,UNKNOWN CALLSIGN,2025-06-17 12:42:25.576786,,58-0062,5301,38000,39.2,2.1,KC-135R Stratotanker,250,460,True
ae0650,UNKNOWN CALLSIGN,2025-06-17 12:42:25.576790,,58-0049,5512,36000,41.8,6.3,KC-135R Stratotanker,270,462,True
ae1453,RCH300,2025-06-17 12:42:25.576794,United States Air Force,05-5149,6426,29000,47.8,18.3,C-17A Globemaster,,,True
ae2fa7,RCH821,2025-06-17 12:42:25.576800,United States Air Force,08-8195,2062,30000,37.0,14.5,C-17A Globemaster,,,True
ae2fa2,RCH798,2025-06-17 12:42:25.576806,United States Air Force,08-8190,3310,30975,31.0,34.0,C-17A Globemaster,,,True
ae4f14,RCH797,2025-06-17 12:43:26.520183,United States Air Force,10-0220,0410,4000,52.526456,0.127478,C-17A Globemaster,295,224,False
adff0c,UNKNOWN CALLSIGN,2025-06-17 12:43:26.520199,,60-0335,5727,40025,48.586452,3.211516,KC-135R Stratotanker,332,402,False
ae4d68,RCH289,2025-06-17 12:43:26.520207,United States Air Force,10-0215,7646,28875,49.8549,11.1239,C-17A Globemaster,93,455,False
ae07ef,RCH860,2025-06-17 12:43:26.520215,United States Air Force,96-0005,2670,28000,43.7,24.1,C-17A Globemaster,,,True
4b8202,ASENA21,2025-06-17 12:43:26.520220,Turkish Air Force,62-3567,2121,32000,35.7,30.9,KC-135R Stratotanker,298,480,True
ae117d,RCH826,2025-06-17 12:43:26.520226,United States Air Force,02-1111,1227,34975,36.6,16.1,C-17A Globemaster,,,True
ae0386,UNKNOWN CALLSIGN,2025-06-17 12:43:26.520231,,59-1468,2050,34025,37.0,14.5,KC-135R Stratotanker,310,430,True
ae035c,UNKNOWN CALLSIGN,2025-06-17 12:43:26.520235,,58-0062,5301,38000,40.0,3.0,KC-135R Stratotanker,250,460,True
ae0650,UNKNOWN CALLSIGN,2025-06-17 12:43:26.520239,,58-0049,5512,36000,41.5,5.5,KC-135R Stratotanker,270,464,True
ae1453,RCH300,2025-06-17 12:43:26.520243,United States Air Force,05-5149,6426,29000,48.1,18.1,C-17A Globemaster,,,True
ae2fa7,RCH821,2025-06-17 12:43:26.520248,United States Air Force,08-8195,2062,30000,37.0,14.5,C-17A Globemaster,,,True
ae2fa2,RCH798,2025-06-17 12:43:26.520255,United States Air Force,08-8190,3310,31000,31.2,31.5,C-17A Globemaster,,,True
ae4f14,RCH797,2025-06-17 12:44:27.715420,United States Air Force,10-0220,0410,4000,52.553146,0.032548,C-17A Globemaster,294,236,False
adff0c,UNKNOWN CALLSIGN,2025-06-17 12:44:27.715437,,60-0335,5727,40025,48.682559,3.143681,KC-135R Stratotanker,332,402,False
ae4d68,RCH289,2025-06-17 12:44:27.715445,United States Air Force,10-0215,7646,29025,49.850101,11.3217,C-17A Globemaster,92,453,False
4b8202,ASENA21,2025-06-17 12:44:27.715452,Turkish Air Force,62-3567,2121,32000,35.7,30.9,KC-135R Stratotanker,298,480,True
ae117d,RCH826,2025-06-17 12:44:27.715459,United States Air Force,02-1111,1227,35000,37.0,14.5,C-17A Globemaster,,,True
ae1453,RCH300,2025-06-17 12:44:27.715464,United States Air Force,05-5149,6426,29000,48.1,18.1,C-17A Globemaster,,,True
ae0386,UNKNOWN CALLSIGN,2025-06-17 12:44:27.715469,,59-1468,2050,34025,37.1,15.6,KC-135R Stratotanker,310,430,True
ae07ef,RCH860,2025-06-17 12:44:27.715474,United States Air Force,96-0005,2670,28000,43.8,23.9,C-17A Globemaster,,,True
ae0650,UNKNOWN CALLSIGN,2025-06-17 12:44:27.715479,,58-0049,5512,36000,41.8,6.4,KC-135R Stratotanker,270,466,True
ae2fa2,RCH798,2025-06-17 12:44:27.715483,United States Air Force,08-8190,3310,31000,31.2,31.5,C-17A Globemaster,,,True
ae2fa7,RCH821,2025-06-17 12:44:27.715488,United States Air Force,08-8195,2062,30000,37.0,14.5,C-17A Globemaster,,,True
ae035c,UNKNOWN CALLSIGN,2025-06-17 12:44:27.715494,,58-0062,5301,38000,39.4,1.7,KC-135R Stratotanker,250,458,True
ae4f14,RCH797,2025-06-17 12:45:28.668021,United States Air Force,10-0220,0410,4000,52.581933,-0.070174,C-17A Globemaster,294,233,False
adff0c,UNKNOWN CALLSIGN,2025-06-17 12:45:28.668036,,60-0335,5727,40025,48.766557,3.073055,KC-135R Stratotanker,332,402,False
3b7775,FAF4098,2025-06-17 12:45:28.668043,Force Aerienne Francaise,497,4720,3100,43.416733,4.943464,KC-135R Stratotanker,142,278,False
ae4d68,RCH289,2025-06-17 12:45:28.668049,United States Air Force,10-0215,7646,29000,49.841211,11.566506,C-17A Globemaster,93,459,False
4b8202,ASENA21,2025-06-17 12:45:28.668056,Turkish Air Force,62-3567,2121,32000,35.7,30.9,KC-135R Stratotanker,,,True
ae117d,RCH826,2025-06-17 12:45:28.668062,United States Air Force,02-1111,1227,35000,36.6,16.1,C-17A Globemaster,,,True
ae1453,RCH300,2025-06-17 12:45:28.668067,United States Air Force,05-5149,6426,29000,48.2,18.1,C-17A Globemaster,,,True
ae0386,UNKNOWN CALLSIGN,2025-06-17 12:45:28.668072,,59-1468,2050,34025,37.1,15.6,KC-135R Stratotanker,310,428,True
ae07ef,RCH860,2025-06-17 12:45:28.668076,United States Air Force,96-0005,2670,28000,43.8,24.0,C-17A Globemaster,,,True
ae0650,UNKNOWN CALLSIGN,2025-06-17 12:45:28.668081,,58-0049,5512,36000,41.5,5.7,KC-135R Stratotanker,270,466,True
ae2fa2,RCH798,2025-06-17 12:45:28.668085,United States Air Force,08-8190,3310,31000,31.2,31.5,C-17A Globemaster,,,True
ae2fa7,RCH821,2025-06-17 12:45:28.668089,United States Air Force,08-8195,2062,30000,37.0,14.5,C-17A Globemaster,,,True
ae035c,UNKNOWN CALLSIGN,2025-06-17 12:45:28.668094,,58-0062,5301,38000,39.3,1.3,KC-135R Stratotanker,250,454,True
ae4f14,RCH797,2025-06-17 12:46:29.807596,United States Air Force,10-0220,0410,4000,52.594628,-0.166364,C-17A Globemaster,253,266,False
adff0c,UNKNOWN CALLSIGN,2025-06-17 12:46:29.807611,,60-0335,5727,40025,48.862669,2.99273,KC-135R Stratotanker,320,406,False
3b7775,FAF4098,2025-06-17 12:46:29.807618,Force Aerienne Francaise,497,4720,6525,43.372906,5.043967,KC-135R Stratotanker,115,288,False
ae4d68,RCH289,2025-06-17 12:46:29.807625,United States Air Force,10-0215,7646,29925,49.836899,11.7293,C-17A Globemaster,93,476,False
ae07ef,RCH860,2025-06-17 12:46:29.807632,United States Air Force,96-0005,2670,28000,43.7,24.2,C-17A Globemaster,,,True
4b8202,ASENA21,2025-06-17 12:46:29.807637,Turkish Air Force,62-3567,2121,32000,35.7,30.9,KC-135R Stratotanker,298,482,True
ae117d,RCH826,2025-06-17 12:46:29.807642,United States Air Force,02-1111,1227,35000,36.6,16.1,C-17A Globemaster,,,True
ae0386,UNKNOWN CALLSIGN,2025-06-17 12:46:29.807646,,59-1468,2050,34025,37.1,15.6,KC-135R Stratotanker,310,430,True
ae035c,UNKNOWN CALLSIGN,2025-06-17 12:46:29.807651,,58-0062,5301,38000,39.4,1.3,KC-135R Stratotanker,250,454,True
ae0650,UNKNOWN CALLSIGN,2025-06-17 12:46:29.807654,,58-0049,5512,36000,41.5,5.8,KC-135R Stratotanker,270,466,True
ae1453,RCH300,2025-06-17 12:46:29.807659,United States Air Force,05-5149,6426,29000,48.2,18.1,C-17A Globemaster,,,True
ae2fa2,RCH798,2025-06-17 12:46:29.807666,United States Air Force,08-8190,3310,31000,31.2,31.5,C-17A Globemaster,,,True
ae4f14,RCH797,2025-06-17 12:47:31.024781,United States Air Force,10-0220,0410,4000,52.540509,-0.140963,C-17A Globemaster,112,345,False
adff0c,UNKNOWN CALLSIGN,2025-06-17 12:47:31.024798,,60-0335,5727,40025,48.971357,2.846618,KC-135R Stratotanker,319,406,False
3b7775,FAF4098,2025-06-17 12:47:31.024805,Force Aerienne Francaise,497,4720,9475,43.358871,5.145945,KC-135R Stratotanker,84,289,False
ae4d68,RCH289,2025-06-17 12:47:31.024811,United States Air Force,10-0215,7646,30850,49.829601,11.8874,C-17A Globemaster,90,453,False
ae07ef,RCH860,2025-06-17 12:47:31.024819,United States Air Force,96-0005,2670,28000,43.7,24.2,C-17A Globemaster,,,True
4b8202,ASENA21,2025-06-17 12:47:31.024824,Turkish Air Force,62-3567,2121,32000,35.7,30.9,KC-135R Stratotanker,298,482,True
ae117d,RCH826,2025-06-17 12:47:31.024829,United States Air Force,02-1111,1227,35000,36.6,16.1,C-17A Globemaster,,,True
ae0386,UNKNOWN CALLSIGN,2025-06-17 12:47:31.024834,,59-1468,2050,34025,37.1,15.6,KC-135R Stratotanker,309,430,True
ae035c,UNKNOWN CALLSIGN,2025-06-17 12:47:31.024838,,58-0062,5301,38000,39.3,1.4,KC-135R Stratotanker,250,454,True
ae0650,UNKNOWN CALLSIGN,2025-06-17 12:47:31.024841,,58-0049,5512,36000,41.8,5.9,KC-135R Stratotanker,270,464,True
ae1453,RCH300,2025-06-17 12:47:31.024846,United States Air Force,05-5149,6426,29000,48.2,17.7,C-17A Globemaster,,,True
ae2fa2,RCH798,2025-06-17 12:47:31.024852,United States Air Force,08-8190,3310,31000,32.0,31.0,C-17A Globemaster,,,True
ae4f14,RCH797,2025-06-17 12:48:31.989632,United States Air Force,10-0220,0410,4000,52.510088,-0.030132,C-17A Globemaster,114,236,False
adff0c,UNKNOWN CALLSIGN,2025-06-17 12:48:31.989648,,60-0335,5727,40025,49.049229,2.749778,KC-135R Stratotanker,319,406,False
3b7775,FAF4098,2025-06-17 12:48:31.989654,Force Aerienne Francaise,497,4720,11250,43.36732,5.275007,KC-135R Stratotanker,84,342,False
ae4d68,RCH289,2025-06-17 12:48:31.989661,United States Air Force,10-0215,7646,31550,49.8256,12.1259,C-17A Globemaster,92,467,False
ae07ef,RCH860,2025-06-17 12:48:31.989669,United States Air Force,96-0005,2670,28000,44.2,24.2,C-17A Globemaster,,,True
4b8202,ASENA21,2025-06-17 12:48:31.989673,Turkish Air Force,62-3567,2121,32000,35.7,30.9,KC-135R Stratotanker,298,482,True
ae117d,RCH826,2025-06-17 12:48:31.989679,United States Air Force,02-1111,1227,35000,36.6,16.1,C-17A Globemaster,,,True
ae0386,UNKNOWN CALLSIGN,2025-06-17 12:48:31.989683,,59-1468,2050,34025,37.0,14.5,KC-135R Stratotanker,309,430,True
ae035c,UNKNOWN CALLSIGN,2025-06-17 12:48:31.989687,,58-0062,5301,38000,39.3,1.4,KC-135R Stratotanker,250,454,True
ae0650,UNKNOWN CALLSIGN,2025-06-17 12:48:31.989691,,58-0049,5512,36000,41.8,5.9,KC-135R Stratotanker,270,464,True
ae1453,RCH300,2025-06-17 12:48:31.989695,United States Air Force,05-5149,6426,29000,48.5,17.4,C-17A Globemaster,,,True
ae2fa2,RCH798,2025-06-17 12:48:31.989701,United States Air Force,08-8190,3310,31000,32.0,31.0,C-17A Globemaster,,,True
ae4f14,RCH797,2025-06-17 12:49:33.100813,United States Air Force,10-0220,0410,4000,52.48343,0.067442,C-17A Globemaster,115,186,False
adff0c,UNKNOWN CALLSIGN,2025-06-17 12:49:33.100828,,60-0335,5727,40025,49.107787,2.674695,KC-135R Stratotanker,319,408,False
3b7775,FAF4098,2025-06-17 12:49:33.100835,Force Aerienne Francaise,497,4720,13400,43.37137,5.412598,KC-135R Stratotanker,89,356,False
ae4d68,RCH289,2025-06-17 12:49:33.100842,United States Air Force,10-0215,7646,32200,49.813613,12.378441,C-17A Globemaster,94,450,False
ae07ef,RCH860,2025-06-17 12:49:33.100850,United States Air Force,96-0005,2670,28000,45.2,24.1,C-17A Globemaster,,,True
4b8202,ASENA21,2025-06-17 12:49:33.100855,Turkish Air Force,62-3567,2121,32000,35.7,30.9,KC-135R Stratotanker,297,480,True
ae117d,RCH826,2025-06-17 12:49:33.100860,United States Air Force,02-1111,1227,35000,36.6,16.1,C-17A Globemaster,,,True
ae0386,UNKNOWN CALLSIGN,2025-06-17 12:49:33.100865,,59-1468,2050,34025,37.0,14.5,KC-135R Stratotanker,309,430,True
ae035c,UNKNOWN CALLSIGN,2025-06-17 12:49:33.100869,,58-0062,5301,38000,39.3,1.7,KC-135R Stratotanker,249,454,True
ae0650,UNKNOWN CALLSIGN,2025-06-17 12:49:33.100872,,58-0049,5512,36000,41.5,6.1,KC-135R Stratotanker,270,464,True
ae1453,RCH300,2025-06-17 12:49:33.100876,United States Air Force,05-5149,6426,29000,48.5,17.3,C-17A Globemaster,,,True
ae2fa2,RCH798,2025-06-17 12:49:33.100883,United States Air Force,08-8190,3310,31000,32.0,31.0,C-17A Globemaster,,,True
ae4f14,RCH797,2025-06-17 12:50:34.292870,United States Air Force,10-0220,0410,4000,52.45131,0.179168,C-17A Globemaster,114,245,False
adff0c,UNKNOWN CALLSIGN,2025-06-17 12:50:34.292886,,60-0335,5727,40025,49.222449,2.530885,KC-135R Stratotanker,319,408,False
3b7775,FAF4098,2025-06-17 12:50:34.292893,Force Aerienne Francaise,497,5125,15350,43.372487,5.552216,KC-135R Stratotanker,89,375,False
ae4d68,RCH289,2025-06-17 12:50:34.292899,United States Air Force,10-0215,7646,32725,49.7897,12.564151,C-17A Globemaster,113,465,False
ae07ef,RCH860,2025-06-17 12:50:34.292906,United States Air Force,96-0005,2670,28000,45.2,24.1,C-17A Globemaster,,,True
4b8202,ASENA21,2025-06-17 12:50:34.292912,Turkish Air Force,62-3567,2121,32000,35.7,30.9,KC-135R Stratotanker,297,482,True
ae117d,RCH826,2025-06-17 12:50:34.292917,United States Air Force,02-1111,1227,35000,36.6,16.1,C-17A Globemaster,,,True
ae0386,UNKNOWN CALLSIGN,2025-06-17 12:50:34.292922,,59-1468,2050,34025,37.0,14.5,KC-135R Stratotanker,309,428,True
ae035c,UNKNOWN CALLSIGN,2025-06-17 12:50:34.292926,,58-0062,5301,38000,39.3,1.3,KC-135R Stratotanker,249,454,True
ae0650,UNKNOWN CALLSIGN,2025-06-17 12:50:34.292930,,58-0049,5512,36000,41.5,5.5,KC-135R Stratotanker,269,464,True
ae1453,RCH300,2025-06-17 12:50:34.292934,United States Air Force,05-5149,6426,29000,46.6,21.6,C-17A Globemaster,,,True
ae4f14,RCH797,2025-06-17 12:51:35.266919,United States Air Force,10-0220,0410,4000,52.467717,0.271897,C-17A Globemaster,19,344,False
adff0c,UNKNOWN CALLSIGN,2025-06-17 12:51:35.266934,,60-0335,5727,40000,49.322516,2.39236,KC-135R Stratotanker,319,408,False
3b7775,FAF4098,2025-06-17 12:51:35.266941,Force Aerienne Francaise,497,5125,17550,43.37352,5.700435,KC-135R Stratotanker,89,383,False
ae4d68,RCH289,2025-06-17 12:51:35.266947,United States Air Force,10-0215,7646,33025,49.753051,12.751287,C-17A Globemaster,106,464,False
ae07ef,RCH860,2025-06-17 12:51:35.266955,United States Air Force,96-0005,2670,28000,45.5,24.0,C-17A Globemaster,,,True
4b8202,ASENA21,2025-06-17 12:51:35.266960,Turkish Air Force,62-3567,2121,32000,35.7,30.9,KC-135R Stratotanker,297,482,True
ae0386,UNKNOWN CALLSIGN,2025-06-17 12:51:35.266966,,59-1468,2050,34025,37.0,14.5,KC-135R Stratotanker,309,428,True
ae035c,UNKNOWN CALLSIGN,2025-06-17 12:51:35.266970,,58-0062,5301,38000,39.2,1.5,KC-135R Stratotanker,249,454,True
ae0650,UNKNOWN CALLSIGN,2025-06-17 12:51:35.266974,,58-0049,5512,36000,41.5,5.5,KC-135R Stratotanker,269,462,True
ae1453,RCH300,2025-06-17 12:51:35.266978,United States Air Force,05-5149,6426,29000,46.8,21.1,C-17A Globemaster,,,True
ae4f14,RCH797,2025-06-17 12:52:36.227058,United States Air Force,10-0220,0410,4000,52.508169,0.19469,C-17A Globemaster,287,283,False
adff0c,UNKNOWN CALLSIGN,2025-06-17 12:52:36.227081,,60-0335,5727,40000,49.37656,2.319843,KC-135R Stratotanker,319,408,False
3b7775,FAF4098,2025-06-17 12:52:36.227092,Force Aerienne Francaise,497,5125,19800,43.374207,5.848495,KC-135R Stratotanker,89,385,False
ae4d68,RCH289,2025-06-17 12:52:36.227101,United States Air Force,10-0215,7646,33000,49.716487,12.932815,C-17A Globemaster,106,455,False
4b8202,ASENA21,2025-06-17 12:52:36.227111,Turkish Air Force,62-3567,2121,32000,35.7,30.9,KC-135R Stratotanker,297,482,True
ae1453,RCH300,2025-06-17 12:52:36.227120,United States Air Force,05-5149,6426,29000,47.1,20.4,C-17A Globemaster,,,True
ae0386,UNKNOWN CALLSIGN,2025-06-17 12:52:36.227128,,59-1468,2050,34025,37.0,14.5,KC-135R Stratotanker,303,426,True
ae07ef,RCH860,2025-06-17 12:52:36.227133,United States Air Force,96-0005,2670,28000,45.4,24.1,C-17A Globemaster,,,True
ae0650,UNKNOWN CALLSIGN,2025-06-17 12:52:36.227138,,58-0049,5512,36000,41.8,5.9,KC-135R Stratotanker,269,462,True
ae035c,UNKNOWN CALLSIGN,2025-06-17 12:52:36.227144,,58-0062,5301,38000,39.1,1.1,KC-135R Stratotanker,253,454,True
ae4f14,RCH797,2025-06-17 12:53:37.226756,United States Air Force,10-0220,0410,4000,52.537457,0.08791,C-17A Globemaster,294,242,False
adff0c,UNKNOWN CALLSIGN,2025-06-17 12:53:37.226778,,60-0335,5727,40000,49.456902,2.219801,KC-135R Stratotanker,319,408,False
3b7775,FAF4098,2025-06-17 12:53:37.226787,Force Aerienne Francaise,497,5122,21100,43.37471,6.003134,KC-135R Stratotanker,89,410,False
ae4d68,RCH289,2025-06-17 12:53:37.226796,United States Air Force,10-0215,7646,33000,49.676143,13.127063,C-17A Globemaster,108,455,False
ae07ef,RCH860,2025-06-17 12:53:37.226808,United States Air Force,96-0005,2670,28000,45.5,24.0,C-17A Globemaster,,,True
4b8202,ASENA21,2025-06-17 12:53:37.226814,Turkish Air Force,62-3567,2121,32000,35.7,30.9,KC-135R Stratotanker,275,486,True
ae0386,UNKNOWN CALLSIGN,2025-06-17 12:53:37.226822,,59-1468,2050,34025,37.0,14.5,KC-135R Stratotanker,275,428,True
ae035c,UNKNOWN CALLSIGN,2025-06-17 12:53:37.226827,,58-0062,5301,38000,39.1,1.1,KC-135R Stratotanker,253,454,True
ae0650,UNKNOWN CALLSIGN,2025-06-17 12:53:37.226832,,58-0049,5512,36000,41.8,5.9,KC-135R Stratotanker,269,464,True
ae1453,RCH300,2025-06-17 12:53:37.226837,United States Air Force,05-5149,6426,29000,47.8,18.6,C-17A Globemaster,,,True
ae4f14,RCH797,2025-06-17 12:54:37.907688,United States Air Force,10-0220,0410,4000,52.565408,-0.01095,C-17A Globemaster,297,233,False
adff0c,UNKNOWN CALLSIGN,2025-06-17 12:54:37.907704,,60-0335,5727,40000,49.569051,2.074251,KC-135R Stratotanker,319,408,False
3b7775,FAF4098,2025-06-17 12:54:37.907710,Force Aerienne Francaise,497,5122,23100,43.375001,6.161237,KC-135R Stratotanker,90,408,False
ae4d68,RCH289,2025-06-17 12:54:37.907717,United States Air Force,10-0215,7646,33000,49.636513,13.323587,C-17A Globemaster,107,463,False
ae07ef,RCH860,2025-06-17 12:54:37.907724,United States Air Force,96-0005,2670,28000,46.6,21.3,C-17A Globemaster,,,True
4b8202,ASENA21,2025-06-17 12:54:37.907729,Turkish Air Force,62-3567,2121,32000,35.7,30.9,KC-135R Stratotanker,260,488,True
ae0386,UNKNOWN CALLSIGN,2025-06-17 12:54:37.907735,,59-1468,2050,34025,37.0,14.5,KC-135R Stratotanker,275,428,True
ae035c,UNKNOWN CALLSIGN,2025-06-17 12:54:37.907739,,58-0062,5301,38000,38.9,0.9,KC-135R Stratotanker,252,456,True
ae0650,UNKNOWN CALLSIGN,2025-06-17 12:54:37.907743,,58-0049,5512,36000,41.8,6.1,KC-135R Stratotanker,269,464,True
ae1453,RCH300,2025-06-17 12:54:37.907747,United States Air Force,05-5149,6426,29000,46.6,21.5,C-17A Globemaster,,,True
ae4f14,RCH797,2025-06-17 12:55:38.649417,United States Air Force,10-0220,0410,4000,52.592061,-0.108326,C-17A Globemaster,294,240,False
adff0c,UNKNOWN CALLSIGN,2025-06-17 12:55:38.649433,,60-0335,5727,40025,49.629376,1.98974,KC-135R Stratotanker,319,408,False
3b7775,FAF4098,2025-06-17 12:55:38.649440,Force Aerienne Francaise,497,5122,24050,43.346185,6.317531,KC-135R Stratotanker,107,439,False
ae4d68,RCH289,2025-06-17 12:55:38.649448,United States Air Force,10-0215,7646,33000,49.600156,13.497062,C-17A Globemaster,108,469,False
ae07ef,RCH860,2025-06-17 12:55:38.649456,United States Air Force,96-0005,2670,28000,45.9,23.1,C-17A Globemaster,,,True
ae117d,RCH826,2025-06-17 12:55:38.649461,United States Air Force,02-1111,1227,35000,36.6,16.1,C-17A Globemaster,,,True
ae0386,UNKNOWN CALLSIGN,2025-06-17 12:55:38.649467,,59-1468,2050,34025,37.0,14.5,KC-135R Stratotanker,275,430,True
ae035c,UNKNOWN CALLSIGN,2025-06-17 12:55:38.649471,,58-0062,5301,38000,39.1,1.2,KC-135R Stratotanker,252,456,True
ae0650,UNKNOWN CALLSIGN,2025-06-17 12:55:38.649475,,58-0049,5512,36000,40.7,4.2,KC-135R Stratotanker,269,464,True
ae1453,RCH300,2025-06-17 12:55:38.649480,United States Air Force,05-5149,6426,29000,46.6,21.3,C-17A Globemaster,,,True
ae4f14,RCH797,2025-06-17 12:56:39.304983,United States Air Force,10-0220,0410,4000,52.570695,-0.187572,C-17A Globemaster,196,312,False
adff0c,UNKNOWN CALLSIGN,2025-06-17 12:56:39.305004,,60-0335,5727,40000,49.748508,1.837493,KC-135R Stratotanker,319,408,False
3b7775,FAF4098,2025-06-17 12:56:39.305012,Force Aerienne Francaise,497,5122,26000,43.309433,6.478484,KC-135R Stratotanker,107,432,False
ae4d68,RCH289,2025-06-17 12:56:39.305022,United States Air Force,10-0215,7646,33000,49.555803,13.705668,C-17A Globemaster,109,469,False
ae07ef,RCH860,2025-06-17 12:56:39.305030,United States Air Force,96-0005,2670,28000,46.9,20.7,C-17A Globemaster,,,True
ae117d,RCH826,2025-06-17 12:56:39.305037,United States Air Force,02-1111,1227,35000,36.6,16.1,C-17A Globemaster,,,True
ae0386,UNKNOWN CALLSIGN,2025-06-17 12:56:39.305043,,59-1468,2050,34025,37.0,14.5,KC-135R Stratotanker,275,430,True
ae035c,UNKNOWN CALLSIGN,2025-06-17 12:56:39.305049,,58-0062,5301,38000,39.2,1.8,KC-135R Stratotanker,252,454,True
ae0650,UNKNOWN CALLSIGN,2025-06-17 12:56:39.305054,,58-0049,5512,36000,39.7,2.9,KC-135R Stratotanker,269,462,True
ae1453,RCH300,2025-06-17 12:56:39.305059,United States Air Force,05-5149,6426,29000,47.0,20.2,C-17A Globemaster,,,True
ae2fa7,RCH821,2025-06-17 12:56:39.305064,United States Air Force,08-8195,2062,32000,38.9,8.9,C-17A Globemaster,,,True
ae4f14,RCH797,2025-06-17 12:57:40.250979,United States Air Force,10-0220,0410,4000,52.528858,-0.09744,C-17A Globemaster,103,265,False
adff0c,UNKNOWN CALLSIGN,2025-06-17 12:57:40.250994,,60-0335,5727,40025,49.843679,1.709424,KC-135R Stratotanker,319,406,False
3b7775,FAF4098,2025-06-17 12:57:40.251002,Force Aerienne Francaise,497,5122,26650,43.271484,6.64296,KC-135R Stratotanker,107,459,False
ae4d68,RCH289,2025-06-17 12:57:40.251010,United States Air Force,10-0215,7646,33000,49.515272,13.898716,C-17A Globemaster,105,532,False
896c2c,UAF1223,2025-06-17 12:57:40.251016,United Arab Emirates Air Force,1224,1765,32025,31.0,34.0,C-17A Globemaster,,,True
ae07ef,RCH860,2025-06-17 12:57:40.251022,United States Air Force,96-0005,2670,28000,47.2,19.8,C-17A Globemaster,,,True
ae0386,UNKNOWN CALLSIGN,2025-06-17 12:57:40.251028,,59-1468,2050,34025,37.0,14.5,KC-135R Stratotanker,283,428,True
ae035c,UNKNOWN CALLSIGN,2025-06-17 12:57:40.251033,,58-0062,5301,38000,39.0,1.5,KC-135R Stratotanker,252,452,True
ae0650,UNKNOWN CALLSIGN,2025-06-17 12:57:40.251037,,58-0049,5512,36000,39.3,2.3,KC-135R Stratotanker,269,462,True
ae1453,RCH300,2025-06-17 12:57:40.251041,United States Air Force,05-5149,6426,29000,45.8,23.5,C-17A Globemaster,,,True
ae2fa7,RCH821,2025-06-17 12:57:40.251046,United States Air Force,08-8195,2062,32000,38.9,8.9,C-17A Globemaster,,,True
ae4f14,RCH797,2025-06-17 12:58:40.978896,United States Air Force,10-0220,0410,4000,52.498957,0.011872,C-17A Globemaster,114,261,False
adff0c,UNKNOWN CALLSIGN,2025-06-17 12:58:40.978912,,60-0335,5727,40025,49.929553,1.598273,KC-135R Stratotanker,319,406,False
3b7775,FAF4098,2025-06-17 12:58:40.978919,Force Aerienne Francaise,497,5122,28300,43.231899,6.812831,KC-135R Stratotanker,107,459,False
ae4d68,RCH289,2025-06-17 12:58:40.978926,United States Air Force,10-0215,7646,33000,49.480801,14.0453,C-17A Globemaster,112,442,False
896c2c,UAF1223,2025-06-17 12:58:40.978933,United Arab Emirates Air Force,1224,1765,32025,31.0,34.0,C-17A Globemaster,,,True
ae07ef,RCH860,2025-06-17 12:58:40.978938,United States Air Force,96-0005,2670,28000,46.1,22.6,C-17A Globemaster,,,True
ae035c,UNKNOWN CALLSIGN,2025-06-17 12:58:40.978945,,58-0062,5301,38000,38.8,1.2,KC-135R Stratotanker,252,452,True
ae0650,UNKNOWN CALLSIGN,2025-06-17 12:58:40.978949,,58-0049,5512,36000,39.2,2.1,KC-135R Stratotanker,269,464,True
ae1453,RCH300,2025-06-17 12:58:40.978953,United States Air Force,05-5149,6426,29000,45.6,23.9,C-17A Globemaster,,,True
ae2fa7,RCH821,2025-06-17 12:58:40.978958,United States Air Force,08-8195,2062,32000,38.9,8.9,C-17A Globemaster,,,True
ae4f14,RCH797,2025-06-17 12:59:41.904899,United States Air Force,10-0220,0410,4000,52.46779,0.120007,C-17A Globemaster,114,262,False
adff0c,UNKNOWN CALLSIGN,2025-06-17 12:59:41.904913,,60-0335,5727,40025,50.017953,1.483968,KC-135R Stratotanker,319,406,False
3b7775,FAF4098,2025-06-17 12:59:41.904919,Force Aerienne Francaise,497,5122,29050,43.192566,6.981109,KC-135R Stratotanker,107,456,False
ae4d68,RCH289,2025-06-17 12:59:41.904926,United States Air Force,10-0215,7646,33000,49.432788,14.279804,C-17A Globemaster,110,456,False
896c2c,UAF1223,2025-06-17 12:59:41.904932,United Arab Emirates Air Force,1224,1765,32025,31.0,34.0,C-17A Globemaster,,,True
ae07ef,RCH860,2025-06-17 12:59:41.904936,United States Air Force,96-0005,2670,28000,48.0,17.7,C-17A Globemaster,,,True
ae035c,UNKNOWN CALLSIGN,2025-06-17 12:59:41.904942,,58-0062,5301,38000,38.3,0.6,KC-135R Stratotanker,252,452,True
ae0650,UNKNOWN CALLSIGN,2025-06-17 12:59:41.904946,,58-0049,5512,36000,39.2,2.1,KC-135R Stratotanker,252,468,True
ae1453,RCH300,2025-06-17 12:59:41.904950,United States Air Force,05-5149,6426,29000,44.4,24.2,C-17A Globemaster,,,True
ae2fa7,RCH821,2025-06-17 12:59:41.904954,United States Air Force,08-8195,2062,32000,38.9,8.9,C-17A Globemaster,,,True
ae4f14,RCH797,2025-06-17 13:00:42.863447,United States Air Force,10-0220,0410,4000,52.441592,0.227138,C-17A Globemaster,108,254,False
adff0c,UNKNOWN CALLSIGN,2025-06-17 13:00:42.863463,,60-0335,5727,39700,50.098336,1.375694,KC-135R Stratotanker,319,394,False
3b7775,FAF4098,2025-06-17 13:00:42.863471,Force Aerienne Francaise,497,5122,29025,43.152854,7.148111,KC-135R Stratotanker,108,457,False
ae4d68,RCH289,2025-06-17 13:00:42.863479,United States Air Force,10-0215,7646,33000,49.388944,14.470395,C-17A Globemaster,110,460,False
896c2c,UAF1223,2025-06-17 13:00:42.863486,United Arab Emirates Air Force,1224,1765,32025,31.0,34.0,C-17A Globemaster,,,True
ae07ef,RCH860,2025-06-17 13:00:42.863491,United States Air Force,96-0005,2670,28000,48.0,17.7,C-17A Globemaster,,,True
ae117d,RCH826,2025-06-17 13:00:42.863497,United States Air Force,02-1111,1227,35000,35.4,19.8,C-17A Globemaster,,,True
ae035c,UNKNOWN CALLSIGN,2025-06-17 13:00:42.863502,,58-0062,5301,38000,38.4,0.3,KC-135R Stratotanker,252,452,True
ae0650,UNKNOWN CALLSIGN,2025-06-17 13:00:42.863507,,58-0049,5512,36000,39.2,2.0,KC-135R Stratotanker,251,464,True
ae1453,RCH300,2025-06-17 13:00:42.863511,United States Air Force,05-5149,6426,29000,44.1,24.3,C-17A Globemaster,,,True
ae2fa7,RCH821,2025-06-17 13:00:42.863516,United States Air Force,08-8195,2062,32000,38.9,8.9,C-17A Globemaster,,,True
ae4f14,RCH797,2025-06-17 13:01:43.794881,United States Air Force,10-0220,0410,4000,52.489671,0.250725,C-17A Globemaster,316,341,False
adff0c,UNKNOWN CALLSIGN,2025-06-17 13:01:43.794895,,60-0335,5727,37575,50.186763,1.255415,KC-135R Stratotanker,319,400,False
3b7775,FAF4098,2025-06-17 13:01:43.794902,Force Aerienne Francaise,497,5122,29050,43.112823,7.31715,KC-135R Stratotanker,108,459,False
ae4d68,RCH289,2025-06-17 13:01:43.794910,United States Air Force,10-0215,7646,33000,49.349351,14.660419,C-17A Globemaster,109,479,False
896c2c,UAF1223,2025-06-17 13:01:43.794916,United Arab Emirates Air Force,1224,1765,32025,31.0,34.0,C-17A Globemaster,,,True
ae07ef,RCH860,2025-06-17 13:01:43.794921,United States Air Force,96-0005,2670,28000,48.0,17.8,C-17A Globemaster,,,True
ae117d,RCH826,2025-06-17 13:01:43.794940,United States Air Force,02-1111,1227,35000,35.4,19.8,C-17A Globemaster,,,True
ae035c,UNKNOWN CALLSIGN,2025-06-17 13:01:43.794945,,58-0062,5301,38000,38.4,0.4,KC-135R Stratotanker,252,452,True
ae0650,UNKNOWN CALLSIGN,2025-06-17 13:01:43.794950,,58-0049,5512,36000,39.2,2.0,KC-135R Stratotanker,251,464,True
ae1453,RCH300,2025-06-17 13:01:43.794954,United States Air Force,05-5149,6426,29000,43.7,24.3,C-17A Globemaster,,,True
ae2fa7,RCH821,2025-06-17 13:01:43.794958,United States Air Force,08-8195,2062,32000,38.9,8.9,C-17A Globemaster,,,True
ae4f14,RCH797,2025-06-17 13:02:44.483437,United States Air Force,10-0220,0410,4000,52.518174,0.158331,C-17A Globemaster,295,201,False
adff0c,UNKNOWN CALLSIGN,2025-06-17 13:02:44.483451,,60-0335,5727,36050,50.27542,1.139259,KC-135R Stratotanker,319,388,False
3b7775,FAF4098,2025-06-17 13:02:44.483459,Force Aerienne Francaise,497,5122,29025,43.073203,7.48267,KC-135R Stratotanker,108,463,False
ae4d68,RCH289,2025-06-17 13:02:44.483466,United States Air Force,10-0215,7646,33000,49.310208,14.833064,C-17A Globemaster,110,442,False
896c2c,UAF1223,2025-06-17 13:02:44.483473,United Arab Emirates Air Force,1224,1765,32000,31.4,31.4,C-17A Globemaster,,,True
ae07ef,RCH860,2025-06-17 13:02:44.483477,United States Air Force,96-0005,2670,28000,49.1,17.1,C-17A Globemaster,,,True
ae117d,RCH826,2025-06-17 13:02:44.483482,United States Air Force,02-1111,1227,35000,35.4,19.8,C-17A Globemaster,,,True
ae035c,UNKNOWN CALLSIGN,2025-06-17 13:02:44.483487,,58-0062,5301,38000,37.3,-0.5,KC-135R Stratotanker,252,452,True
ae0650,UNKNOWN CALLSIGN,2025-06-17 13:02:44.483492,,58-0049,5512,36000,41.5,5.8,KC-135R Stratotanker,251,466,True
ae1453,RCH300,2025-06-17 13:02:44.483495,United States Air Force,05-5149,6426,29000,43.7,24.1,C-17A Globemaster,,,True
ae2fa7,RCH821,2025-06-17 13:02:44.483500,United States Air Force,08-8195,2062,32000,41.5,5.8,C-17A Globemaster,,,True
ae4f14,RCH797,2025-06-17 13:03:45.269445,United States Air Force,10-0220,0410,4000,52.547353,0.054024,C-17A Globemaster,296,241,False
adff0c,UNKNOWN CALLSIGN,2025-06-17 13:03:45.269461,,60-0335,5727,36000,50.346606,1.039624,KC-135R Stratotanker,319,372,False
3b7775,FAF4098,2025-06-17 13:03:45.269469,Force Aerienne Francaise,497,5122,29050,43.032237,7.651978,KC-135R Stratotanker,108,466,False
ae4d68,RCH289,2025-06-17 13:03:45.269477,United States Air Force,10-0215,7646,33000,49.266085,15.031727,C-17A Globemaster,111,424,False
896c2c,UAF1223,2025-06-17 13:03:45.269483,United Arab Emirates Air Force,1224,1765,32000,31.0,34.0,C-17A Globemaster,,,True
ae117d,RCH826,2025-06-17 13:03:45.269489,United States Air Force,02-1111,1227,35000,35.4,19.8,C-17A Globemaster,,,True
ae1453,RCH300,2025-06-17 13:03:45.269493,United States Air Force,05-5149,6426,29000,43.7,24.1,C-17A Globemaster,,,True
ae07ef,RCH860,2025-06-17 13:03:45.269499,United States Air Force,96-0005,2670,28000,48.0,17.9,C-17A Globemaster,,,True
ae0650,UNKNOWN CALLSIGN,2025-06-17 13:03:45.269504,,58-0049,5512,36000,39.6,2.7,KC-135R Stratotanker,251,466,True
ae2fa7,RCH821,2025-06-17 13:03:45.269508,United States Air Force,08-8195,2062,32000,38.9,8.9,C-17A Globemaster,,,True
ae035c,UNKNOWN CALLSIGN,2025-06-17 13:03:45.269513,,58-0062,5301,38000,37.6,-0.3,KC-135R Stratotanker,252,452,True
ae4f14,RCH797,2025-06-17 13:04:46.388942,United States Air Force,10-0220,0410,4000,52.57443,-0.042797,C-17A Globemaster,296,236,False
adff0c,UNKNOWN CALLSIGN,2025-06-17 13:04:46.388956,,60-0335,5727,35125,50.434645,0.922959,KC-135R Stratotanker,319,376,False
3b7775,FAF4098,2025-06-17 13:04:46.388963,Force Aerienne Francaise,497,5122,29025,42.990372,7.823735,KC-135R Stratotanker,108,471,False
ae4d68,RCH289,2025-06-17 13:04:46.388970,United States Air Force,10-0215,7646,33000,49.224106,15.218613,C-17A Globemaster,109,467,False
896c2c,UAF1223,2025-06-17 13:04:46.388976,United Arab Emirates Air Force,1224,1765,32000,31.0,34.0,C-17A Globemaster,,,True
ae07ef,RCH860,2025-06-17 13:04:46.388980,United States Air Force,96-0005,2670,28000,49.1,17.1,C-17A Globemaster,,,True
ae117d,RCH826,2025-06-17 13:04:46.388986,United States Air Force,02-1111,1227,35000,35.4,19.8,C-17A Globemaster,,,True
ae035c,UNKNOWN CALLSIGN,2025-06-17 13:04:46.388991,,58-0062,5301,38000,38.1,0.4,KC-135R Stratotanker,252,450,True
ae0650,UNKNOWN CALLSIGN,2025-06-17 13:04:46.388995,,58-0049,5512,36000,39.3,2.1,KC-135R Stratotanker,251,468,True
ae1453,RCH300,2025-06-17 13:04:46.388999,United States Air Force,05-5149,6426,29000,43.7,24.1,C-17A Globemaster,,,True
ae2fa7,RCH821,2025-06-17 13:04:46.389003,United States Air Force,08-8195,2062,32000,41.5,5.8,C-17A Globemaster,,,True
ae4f14,RCH797,2025-06-17 13:05:47.113380,United States Air Force,10-0220,0410,4000,52.59883,-0.14452,C-17A Globemaster,286,242,False
adff0c,UNKNOWN CALLSIGN,2025-06-17 13:05:47.113405,,60-0335,5727,33000,50.517716,0.809921,KC-135R Stratotanker,319,380,False
3b7775,FAF4098,2025-06-17 13:05:47.113424,Force Aerienne Francaise,497,5122,29025,42.948117,7.996281,KC-135R Stratotanker,108,473,False
ae4d68,RCH289,2025-06-17 13:05:47.113434,United States Air Force,10-0215,7646,33000,49.18304,15.39639,C-17A Globemaster,109,457,False
896c2c,UAF1223,2025-06-17 13:05:47.113440,United Arab Emirates Air Force,1224,1765,32000,32.0,31.0,C-17A Globemaster,,,True
ae2fa2,RCH798,2025-06-17 13:05:47.113448,United States Air Force,08-8190,3310,Unavailable,31.0,34.0,C-17A Globemaster,,,True
ae117d,RCH826,2025-06-17 13:05:47.113461,United States Air Force,02-1111,1227,35000,35.4,19.8,C-17A Globemaster,,,True
ae1453,RCH300,2025-06-17 13:05:47.113467,United States Air Force,05-5149,6426,29000,43.7,24.1,C-17A Globemaster,,,True
ae07ef,RCH860,2025-06-17 13:05:47.113472,United States Air Force,96-0005,2670,28000,48.9,17.5,C-17A Globemaster,,,True
ae0650,UNKNOWN CALLSIGN,2025-06-17 13:05:47.113478,,58-0049,5512,36000,39.2,2.0,KC-135R Stratotanker,251,468,True
ae2fa7,RCH821,2025-06-17 13:05:47.113484,United States Air Force,08-8195,2062,32000,41.5,5.8,C-17A Globemaster,,,True
ae035c,UNKNOWN CALLSIGN,2025-06-17 13:05:47.113489,,58-0062,5301,38000,38.3,0.2,KC-135R Stratotanker,251,448,True
ae4f14,RCH797,2025-06-17 13:06:48.044253,United States Air Force,10-0220,0410,4000,52.547112,-0.161314,C-17A Globemaster,135,365,False
adff0c,UNKNOWN CALLSIGN,2025-06-17 13:06:48.044268,,60-0335,5727,30900,50.596532,0.700654,KC-135R Stratotanker,318,372,False
3b7775,FAF4098,2025-06-17 13:06:48.044277,Force Aerienne Francaise,497,5122,29050,42.906453,8.165,KC-135R Stratotanker,108,475,False
ae4d68,RCH289,2025-06-17 13:06:48.044283,United States Air Force,10-0215,7646,33000,49.139415,15.584922,C-17A Globemaster,110,450,False
896c2c,UAF1223,2025-06-17 13:06:48.044289,United Arab Emirates Air Force,1224,1765,32000,31.0,34.0,C-17A Globemaster,,,True
ae117d,RCH826,2025-06-17 13:06:48.044295,United States Air Force,02-1111,1227,35000,35.4,19.8,C-17A Globemaster,,,True
ae1453,RCH300,2025-06-17 13:06:48.044314,United States Air Force,05-5149,6426,29000,43.7,24.1,C-17A Globemaster,,,True
ae0386,UNKNOWN CALLSIGN,2025-06-17 13:06:48.044320,,59-1468,2050,34025,37.7,14.0,KC-135R Stratotanker,286,432,True
ae07ef,RCH860,2025-06-17 13:06:48.044324,United States Air Force,96-0005,2670,28000,48.9,17.7,C-17A Globemaster,,,True
ae0650,UNKNOWN CALLSIGN,2025-06-17 13:06:48.044329,,58-0049,5512,36000,39.2,1.9,KC-135R Stratotanker,251,468,True
ae2fa7,RCH821,2025-06-17 13:06:48.044333,United States Air Force,08-8195,2062,32000,41.5,5.8,C-17A Globemaster,,,True
ae035c,UNKNOWN CALLSIGN,2025-06-17 13:06:48.044337,,58-0062,5301,38000,36.8,-0.9,KC-135R Stratotanker,251,448,True
ae4f14,RCH797,2025-06-17 13:07:48.990188,United States Air Force,10-0220,0410,4000,52.519209,-0.062343,C-17A Globemaster,115,232,False
adff0c,UNKNOWN CALLSIGN,2025-06-17 13:07:48.990204,,60-0335,5727,28800,50.678963,0.588783,KC-135R Stratotanker,318,362,False
3b7775,FAF4098,2025-06-17 13:07:48.990217,Force Aerienne Francaise,497,5122,29050,42.862647,8.341435,KC-135R Stratotanker,108,475,False
ae4d68,RCH289,2025-06-17 13:07:48.990224,United States Air Force,10-0215,7646,33000,49.096926,15.775618,C-17A Globemaster,107,441,False
896c2c,UAF1223,2025-06-17 13:07:48.990229,United Arab Emirates Air Force,1224,1765,32000,32.0,31.0,C-17A Globemaster,,,True
ae07ef,RCH860,2025-06-17 13:07:48.990234,United States Air Force,96-0005,2670,28000,48.8,17.7,C-17A Globemaster,,,True
ae117d,RCH826,2025-06-17 13:07:48.990240,United States Air Force,02-1111,1227,35000,35.4,19.8,C-17A Globemaster,,,True
ae0386,UNKNOWN CALLSIGN,2025-06-17 13:07:48.990246,,59-1468,2050,34025,37.7,16.5,KC-135R Stratotanker,286,432,True
ae035c,UNKNOWN CALLSIGN,2025-06-17 13:07:48.990251,,58-0062,5301,38000,36.4,-1.3,KC-135R Stratotanker,251,448,True
ae0650,UNKNOWN CALLSIGN,2025-06-17 13:07:48.990255,,58-0049,5512,36000,39.2,1.9,KC-135R Stratotanker,251,470,True
ae1453,RCH300,2025-06-17 13:07:48.990260,United States Air Force,05-5149,6426,29000,43.7,24.3,C-17A Globemaster,,,True
ae2fa7,RCH821,2025-06-17 13:07:48.990265,United States Air Force,08-8195,2062,32000,41.5,5.2,C-17A Globemaster,,,True
ae4f14,RCH797,2025-06-17 13:08:49.922225,United States Air Force,10-0220,0410,4000,52.487849,0.049303,C-17A Globemaster,114,250,False
adff0c,UNKNOWN CALLSIGN,2025-06-17 13:08:49.922240,,60-0335,5727,26200,50.750216,0.49016,KC-135R Stratotanker,318,364,False
3b7775,FAF4098,2025-06-17 13:08:49.922251,Force Aerienne Francaise,497,5122,29025,42.819489,8.513191,KC-135R Stratotanker,108,472,False
ae4d68,RCH289,2025-06-17 13:08:49.922257,United States Air Force,10-0215,7646,33000,49.0741,15.882,C-17A Globemaster,107,473,False
896c2c,UAF1223,2025-06-17 13:08:49.922262,United Arab Emirates Air Force,1224,1765,32000,31.0,34.0,C-17A Globemaster,,,True
ae63c3,GOLD82,2025-06-17 13:08:49.922268,United States Air Force,21-46087,6477,24025,38.1,23.3,KC-46A Pegasus,,,True
ae117d,RCH826,2025-06-17 13:08:49.922274,United States Air Force,02-1111,1227,35000,35.4,19.8,C-17A Globemaster,,,True
ae1453,RCH300,2025-06-17 13:08:49.922278,United States Air Force,05-5149,6426,29000,43.7,24.2,C-17A Globemaster,,,True
ae0386,UNKNOWN CALLSIGN,2025-06-17 13:08:49.922284,,59-1468,2050,34025,38.9,8.9,KC-135R Stratotanker,286,432,True
ae07ef,RCH860,2025-06-17 13:08:49.922288,United States Air Force,96-0005,2670,28000,48.7,17.9,C-17A Globemaster,,,True
ae0650,UNKNOWN CALLSIGN,2025-06-17 13:08:49.922292,,58-0049,5512,36000,39.2,1.8,KC-135R Stratotanker,251,472,True
ae2fa7,RCH821,2025-06-17 13:08:49.922296,United States Air Force,08-8195,2062,32000,41.5,5.2,C-17A Globemaster,,,True
ae035c,UNKNOWN CALLSIGN,2025-06-17 13:08:49.922300,,58-0062,5301,38000,36.2,-1.3,KC-135R Stratotanker,251,448,True
ae4f14,RCH797,2025-06-17 13:09:50.478891,United States Air Force,10-0220,0410,4050,52.460431,0.148911,C-17A Globemaster,114,214,False
adff0c,UNKNOWN CALLSIGN,2025-06-17 13:09:50.478905,,60-0335,5727,24150,50.834933,0.384217,KC-135R Stratotanker,318,352,False
3b7775,FAF4098,2025-06-17 13:09:50.478914,Force Aerienne Francaise,497,5122,29050,42.777054,8.681197,KC-135R Stratotanker,109,468,False
ae4d68,RCH289,2025-06-17 13:09:50.478921,United States Air Force,10-0215,7646,33000,49.021999,16.091999,C-17A Globemaster,108,462,False
ae07ef,RCH860,2025-06-17 13:09:50.478925,United States Air Force,96-0005,2670,28000,47.798769,19.82346,C-17A Globemaster,,,False
896c2c,UAF1223,2025-06-17 13:09:50.478930,United Arab Emirates Air Force,1224,1765,32000,32.0,31.0,C-17A Globemaster,,,True
ae63c3,GOLD82,2025-06-17 13:09:50.478935,United States Air Force,21-46087,6477,25625,38.1,23.3,KC-46A Pegasus,,,True
ae117d,RCH826,2025-06-17 13:09:50.478940,United States Air Force,02-1111,1227,35000,35.4,19.8,C-17A Globemaster,,,True
ae0386,UNKNOWN CALLSIGN,2025-06-17 13:09:50.478945,,59-1468,2050,34025,38.9,8.9,KC-135R Stratotanker,269,436,True
ae035c,UNKNOWN CALLSIGN,2025-06-17 13:09:50.478949,,58-0062,5301,38000,36.3,-1.3,KC-135R Stratotanker,251,450,True
ae0650,UNKNOWN CALLSIGN,2025-06-17 13:09:50.478953,,58-0049,5512,36000,39.2,1.7,KC-135R Stratotanker,250,470,True
ae1453,RCH300,2025-06-17 13:09:50.478957,United States Air Force,05-5149,6426,29000,43.7,24.3,C-17A Globemaster,,,True
ae2fa7,RCH821,2025-06-17 13:09:50.478961,United States Air Force,08-8195,2062,32000,41.5,5.4,C-17A Globemaster,,,True
ae4f14,RCH797,2025-06-17 13:10:51.430584,United States Air Force,10-0220,0410,4000,52.446312,0.240511,C-17A Globemaster,78,253,False
adff0c,UNKNOWN CALLSIGN,2025-06-17 13:10:51.430599,,60-0335,5727,21875,50.899259,0.284756,KC-135R Stratotanker,318,346,False
3b7775,FAF4098,2025-06-17 13:10:51.430608,Force Aerienne Francaise,497,5122,29050,42.734528,8.848613,KC-135R Stratotanker,108,466,False
ae4d68,RCH289,2025-06-17 13:10:51.430615,United States Air Force,10-0215,7646,33000,48.969357,16.314767,C-17A Globemaster,105,422,False
ae07ef,RCH860,2025-06-17 13:10:51.430619,United States Air Force,96-0005,2670,28000,47.887073,19.683841,C-17A Globemaster,,,False
896c2c,UAF1223,2025-06-17 13:10:51.430623,United Arab Emirates Air Force,1224,1765,31675,32.0,31.0,C-17A Globemaster,,,True
ae63c3,GOLD82,2025-06-17 13:10:51.430629,United States Air Force,21-46087,6477,27875,35.4,19.8,KC-46A Pegasus,,,True
ae117d,RCH826,2025-06-17 13:10:51.430634,United States Air Force,02-1111,1227,35000,35.4,19.8,C-17A Globemaster,,,True
ae1453,RCH300,2025-06-17 13:10:51.430638,United States Air Force,05-5149,6426,29000,43.7,24.2,C-17A Globemaster,,,True
ae0386,UNKNOWN CALLSIGN,2025-06-17 13:10:51.430644,,59-1468,2050,34025,41.5,5.3,KC-135R Stratotanker,269,438,True
ae0650,UNKNOWN CALLSIGN,2025-06-17 13:10:51.430648,,58-0049,5512,36000,39.2,1.8,KC-135R Stratotanker,250,472,True
ae2fa7,RCH821,2025-06-17 13:10:51.430652,United States Air Force,08-8195,2062,32000,41.8,5.8,C-17A Globemaster,,,True
ae035c,UNKNOWN CALLSIGN,2025-06-17 13:10:51.430656,,58-0062,5301,38000,37.1,-1.0,KC-135R Stratotanker,251,450,True
adff0c,UNKNOWN CALLSIGN,2025-06-17 13:11:52.097945,,60-0335,5727,20150,50.967247,0.185284,KC-135R Stratotanker,318,326,False
ae4f14,RCH797,2025-06-17 13:11:52.097964,United States Air Force,10-0220,0410,4000,52.489624,0.205157,C-17A Globemaster,279,336,False
3b7775,FAF4098,2025-06-17 13:11:52.097975,Force Aerienne Francaise,497,5122,29050,42.691568,9.017795,KC-135R Stratotanker,109,464,False
ae4d68,RCH289,2025-06-17 13:11:52.097984,United States Air Force,10-0215,7646,33000,48.9394,16.440001,C-17A Globemaster,109,460,False
ae07ef,RCH860,2025-06-17 13:11:52.097990,United States Air Force,96-0005,2670,28000,48.005928,19.500603,C-17A Globemaster,,,False
896c2c,UAF1223,2025-06-17 13:11:52.097996,United Arab Emirates Air Force,1224,1765,30400,31.0,34.0,C-17A Globemaster,,,True
ae63c3,GOLD82,2025-06-17 13:11:52.098003,United States Air Force,21-46087,6477,30275,38.1,23.3,KC-46A Pegasus,,,True
ae117d,RCH826,2025-06-17 13:11:52.098009,United States Air Force,02-1111,1227,35000,35.4,19.8,C-17A Globemaster,,,True
ae1453,RCH300,2025-06-17 13:11:52.098014,United States Air Force,05-5149,6426,29000,43.7,24.2,C-17A Globemaster,,,True
ae0386,UNKNOWN CALLSIGN,2025-06-17 13:11:52.098021,,59-1468,2050,34025,41.5,5.3,KC-135R Stratotanker,269,438,True
ae0650,UNKNOWN CALLSIGN,2025-06-17 13:11:52.098027,,58-0049,5512,36000,39.3,1.7,KC-135R Stratotanker,250,472,True
ae2fa7,RCH821,2025-06-17 13:11:52.098032,United States Air Force,08-8195,2062,32000,41.5,5.3,C-17A Globemaster,,,True
ae035c,UNKNOWN CALLSIGN,2025-06-17 13:11:52.098037,,58-0062,5301,38000,36.7,-1.1,KC-135R Stratotanker,251,448,True
adff0c,UNKNOWN CALLSIGN,2025-06-17 13:12:53.046148,,60-0335,5727,20000,51.040036,0.090277,KC-135R Stratotanker,324,316,False
ae4f14,RCH797,2025-06-17 13:12:53.046165,United States Air Force,10-0220,0410,4000,52.513759,0.123039,C-17A Globemaster,296,193,False
3b7775,FAF4098,2025-06-17 13:12:53.046175,Force Aerienne Francaise,497,5122,29025,42.648697,9.185257,KC-135R Stratotanker,109,463,False
ae4d68,RCH289,2025-06-17 13:12:53.046182,United States Air Force,10-0215,7646,33000,48.8876,16.6523,C-17A Globemaster,109,487,False
ae07ef,RCH860,2025-06-17 13:12:53.046187,United States Air Force,96-0005,2670,28025,48.078314,19.384412,C-17A Globemaster,,,False
896c2c,UAF1223,2025-06-17 13:12:53.046192,United Arab Emirates Air Force,1224,1765,28225,31.0,34.0,C-17A Globemaster,,,True
ae63c3,GOLD82,2025-06-17 13:12:53.046198,United States Air Force,21-46087,6477,32775,38.5,23.0,KC-46A Pegasus,,,True
ae117d,RCH826,2025-06-17 13:12:53.046203,United States Air Force,02-1111,1227,35000,35.4,19.8,C-17A Globemaster,,,True
ae0386,UNKNOWN CALLSIGN,2025-06-17 13:12:53.046208,,59-1468,2050,34025,41.5,5.3,KC-135R Stratotanker,269,440,True
ae035c,UNKNOWN CALLSIGN,2025-06-17 13:12:53.046213,,58-0062,5301,38000,36.9,-1.0,KC-135R Stratotanker,282,438,True
ae0650,UNKNOWN CALLSIGN,2025-06-17 13:12:53.046217,,58-0049,5512,36000,39.2,2.0,KC-135R Stratotanker,250,474,True
ae1453,RCH300,2025-06-17 13:12:53.046222,United States Air Force,05-5149,6426,29000,43.7,24.3,C-17A Globemaster,,,True
ae2fa7,RCH821,2025-06-17 13:12:53.046226,United States Air Force,08-8195,2062,32000,41.5,5.3,C-17A Globemaster,,,True
adff0c,UNKNOWN CALLSIGN,2025-06-17 13:13:54.198414,,60-0335,5727,20000,51.110249,0.012135,KC-135R Stratotanker,325,302,False
ae4f14,RCH797,2025-06-17 13:13:54.198430,United States Air Force,10-0220,0410,4000,52.539946,0.029829,C-17A Globemaster,295,208,False
3b7775,FAF4098,2025-06-17 13:13:54.198440,Force Aerienne Francaise,497,5122,29025,42.605621,9.351612,KC-135R Stratotanker,109,462,False
ae4d68,RCH289,2025-06-17 13:13:54.198447,United States Air Force,10-0215,7646,33000,48.850601,16.802401,C-17A Globemaster,107,447,False
ae07ef,RCH860,2025-06-17 13:13:54.198451,United States Air Force,96-0005,2670,28000,48.168678,19.201209,C-17A Globemaster,,,False
896c2c,UAF1223,2025-06-17 13:13:54.198457,United Arab Emirates Air Force,1224,1765,26100,31.0,34.0,C-17A Globemaster,,,True
ae119b,RCH259,2025-06-17 13:13:54.198461,United States Air Force,03-3118,Unavailable,Unavailable,7.3,3.2,C-17A Globemaster,,,True
ae63c3,GOLD82,2025-06-17 13:13:54.198466,United States Air Force,21-46087,6477,35375,38.5,23.0,KC-46A Pegasus,,,True
ae117d,RCH826,2025-06-17 13:13:54.198471,United States Air Force,02-1111,1227,35000,38.0,24.1,C-17A Globemaster,,,True
ae1453,RCH300,2025-06-17 13:13:54.198475,United States Air Force,05-5149,6426,29000,43.7,24.3,C-17A Globemaster,,,True
ae0386,UNKNOWN CALLSIGN,2025-06-17 13:13:54.198480,,59-1468,2050,34025,41.5,5.4,KC-135R Stratotanker,268,440,True
ae0650,UNKNOWN CALLSIGN,2025-06-17 13:13:54.198485,,58-0049,5512,36000,39.2,1.8,KC-135R Stratotanker,250,472,True
ae2fa7,RCH821,2025-06-17 13:13:54.198490,United States Air Force,08-8195,2062,32000,41.5,5.4,C-17A Globemaster,,,True
ae035c,UNKNOWN CALLSIGN,2025-06-17 13:13:54.198494,,58-0062,5301,38000,36.6,-1.8,KC-135R Stratotanker,283,438,True
adff0c,UNKNOWN CALLSIGN,2025-06-17 13:14:55.137890,,60-0335,5727,20000,51.180722,-0.063919,KC-135R Stratotanker,324,302,False
ae4f14,RCH797,2025-06-17 13:14:55.137905,United States Air Force,10-0220,0410,4000,52.563201,-0.05269,C-17A Globemaster,296,198,False
3b7775,FAF4098,2025-06-17 13:14:55.137914,Force Aerienne Francaise,497,4317,29025,42.563416,9.513598,KC-135R Stratotanker,109,461,False
ae4d68,RCH289,2025-06-17 13:14:55.137920,United States Air Force,10-0215,7646,33000,48.799198,17.0116,C-17A Globemaster,110,447,False
ae07ef,RCH860,2025-06-17 13:14:55.137924,United States Air Force,96-0005,2670,28000,48.243253,19.046466,C-17A Globemaster,305,458,False
896c2c,UAF1223,2025-06-17 13:14:55.137930,United Arab Emirates Air Force,1224,1765,23975,32.0,31.0,C-17A Globemaster,,,True
ae119b,RCH259,2025-06-17 13:14:55.137935,United States Air Force,03-3118,3537,1500,7.3,3.2,C-17A Globemaster,,,True
ae63c3,GOLD82,2025-06-17 13:14:55.137940,United States Air Force,21-46087,6477,36700,35.4,19.8,KC-46A Pegasus,,,True
ae117d,RCH826,2025-06-17 13:14:55.137944,United States Air Force,02-1111,1227,35000,35.4,19.8,C-17A Globemaster,,,True
ae0386,UNKNOWN CALLSIGN,2025-06-17 13:14:55.137949,,59-1468,2050,34025,41.7,5.7,KC-135R Stratotanker,268,442,True
ae035c,UNKNOWN CALLSIGN,2025-06-17 13:14:55.137953,,58-0062,5301,38000,36.8,-1.6,KC-135R Stratotanker,284,438,True
ae0650,UNKNOWN CALLSIGN,2025-06-17 13:14:55.137957,,58-0049,5512,36000,39.2,1.9,KC-135R Stratotanker,250,474,True
ae1453,RCH300,2025-06-17 13:14:55.137961,United States Air Force,05-5149,6426,29000,43.7,24.3,C-17A Globemaster,,,True
ae2fa7,RCH821,2025-06-17 13:14:55.137966,United States Air Force,08-8195,2062,32000,41.8,5.8,C-17A Globemaster,,,True
adff0c,UNKNOWN CALLSIGN,2025-06-17 13:15:56.056343,,60-0335,5727,18950,51.249909,-0.142175,KC-135R Stratotanker,325,288,False
ae4f14,RCH797,2025-06-17 13:15:56.056359,United States Air Force,10-0220,0410,4000,52.586552,-0.138762,C-17A Globemaster,293,206,False
3b7775,FAF4098,2025-06-17 13:15:56.056369,Force Aerienne Francaise,497,4317,29050,42.523933,9.686045,KC-135R Stratotanker,106,458,False
ae4d68,RCH289,2025-06-17 13:15:56.056375,United States Air Force,10-0215,7646,33000,48.734699,17.2153,C-17A Globemaster,117,468,False
ae07ef,RCH860,2025-06-17 13:15:56.056380,United States Air Force,96-0005,2670,28000,48.33033,18.864513,C-17A Globemaster,305,467,False
896c2c,UAF1223,2025-06-17 13:15:56.056386,United Arab Emirates Air Force,1224,1765,21575,32.0,31.0,C-17A Globemaster,,,True
ae119b,RCH259,2025-06-17 13:15:56.056391,United States Air Force,03-3118,3537,2725,7.3,3.2,C-17A Globemaster,,,True
ae63c3,GOLD82,2025-06-17 13:15:56.056397,United States Air Force,21-46087,6477,37725,35.4,19.8,KC-46A Pegasus,,,True
ae117d,RCH826,2025-06-17 13:15:56.056402,United States Air Force,02-1111,1227,35000,35.4,19.8,C-17A Globemaster,,,True
ae1453,RCH300,2025-06-17 13:15:56.056407,United States Air Force,05-5149,6426,29000,43.7,24.3,C-17A Globemaster,,,True
ae0386,UNKNOWN CALLSIGN,2025-06-17 13:15:56.056412,,59-1468,4275,34025,41.7,5.7,KC-135R Stratotanker,268,442,True
ae0650,UNKNOWN CALLSIGN,2025-06-17 13:15:56.056417,,58-0049,5512,36000,39.2,2.1,KC-135R Stratotanker,250,476,True
ae2fa7,RCH821,2025-06-17 13:15:56.056422,United States Air Force,08-8195,2062,32000,41.7,5.7,C-17A Globemaster,,,True
ae035c,UNKNOWN CALLSIGN,2025-06-17 13:15:56.056426,,58-0062,5301,38000,36.2,-1.8,KC-135R Stratotanker,284,438,True
adff0c,UNKNOWN CALLSIGN,2025-06-17 13:16:56.737725,,60-0335,5727,17975,51.31628,-0.216567,KC-135R Stratotanker,324,268,False
ae4f14,RCH797,2025-06-17 13:16:56.737740,United States Air Force,10-0220,0410,4000,52.55068,-0.171002,C-17A Globemaster,148,290,False
3b7775,FAF4098,2025-06-17 13:16:56.737749,Force Aerienne Francaise,497,4317,29050,42.484406,9.852614,KC-135R Stratotanker,113,463,False
ae4d68,RCH289,2025-06-17 13:16:56.737756,United States Air Force,10-0215,7646,33000,48.682098,17.3587,C-17A Globemaster,120,463,False
ae07ef,RCH860,2025-06-17 13:16:56.737760,United States Air Force,96-0005,2670,28000,48.407179,18.703728,C-17A Globemaster,306,475,False
896c2c,UAF1223,2025-06-17 13:16:56.737767,United Arab Emirates Air Force,1224,1765,17550,31.0,34.0,C-17A Globemaster,,,True
ae119b,RCH259,2025-06-17 13:16:56.737771,United States Air Force,03-3118,3537,5050,7.3,3.2,C-17A Globemaster,,,True
ae63c3,GOLD82,2025-06-17 13:16:56.737777,United States Air Force,21-46087,6477,38000,35.4,19.8,KC-46A Pegasus,,,True
ae117d,RCH826,2025-06-17 13:16:56.737782,United States Air Force,02-1111,1227,35000,35.4,19.8,C-17A Globemaster,,,True
ae0386,UNKNOWN CALLSIGN,2025-06-17 13:16:56.737787,,59-1468,4275,34025,41.8,5.8,KC-135R Stratotanker,268,444,True
ae035c,UNKNOWN CALLSIGN,2025-06-17 13:16:56.737791,,58-0062,5301,38000,36.8,-1.7,KC-135R Stratotanker,284,440,True
ae0650,UNKNOWN CALLSIGN,2025-06-17 13:16:56.737796,,58-0049,5512,36000,39.2,2.0,KC-135R Stratotanker,250,476,True
ae1453,RCH300,2025-06-17 13:16:56.737800,United States Air Force,05-5149,6426,29000,43.8,24.1,C-17A Globemaster,,,True
ae2fa7,RCH821,2025-06-17 13:16:56.737805,United States Air Force,08-8195,2062,32000,41.7,5.7,C-17A Globemaster,,,True
adff0c,UNKNOWN CALLSIGN,2025-06-17 13:17:57.422309,,60-0335,5727,17000,51.377335,-0.285002,KC-135R Stratotanker,324,276,False
ae4f14,RCH797,2025-06-17 13:17:57.422324,United States Air Force,10-0220,0410,4000,52.52403,-0.073994,C-17A Globemaster,110,215,False
3b7775,FAF4098,2025-06-17 13:17:57.422333,Force Aerienne Francaise,497,4317,29025,42.412999,10.000944,KC-135R Stratotanker,124,475,False
ae4d68,RCH289,2025-06-17 13:17:57.422340,United States Air Force,10-0215,7646,33025,48.603857,17.55986,C-17A Globemaster,126,468,False
ae07ef,RCH860,2025-06-17 13:17:57.422344,United States Air Force,96-0005,2670,28000,48.469204,18.568977,C-17A Globemaster,305,477,False
ae63c3,GOLD82,2025-06-17 13:17:57.422350,United States Air Force,21-46087,6477,38000,37.548397,23.55116,KC-46A Pegasus,,,False
896c2c,UAF1223,2025-06-17 13:17:57.422355,United Arab Emirates Air Force,1224,1765,13350,32.0,34.8,C-17A Globemaster,,,True
ae119b,RCH259,2025-06-17 13:17:57.422359,United States Air Force,03-3118,3537,6900,7.3,3.2,C-17A Globemaster,,,True
ae117d,RCH826,2025-06-17 13:17:57.422364,United States Air Force,02-1111,1227,34200,35.4,19.8,C-17A Globemaster,,,True
ae0386,UNKNOWN CALLSIGN,2025-06-17 13:17:57.422369,,59-1468,4275,34025,41.8,5.8,KC-135R Stratotanker,270,444,True
ae035c,UNKNOWN CALLSIGN,2025-06-17 13:17:57.422373,,58-0062,5301,37875,36.5,-1.8,KC-135R Stratotanker,284,424,True
ae0650,UNKNOWN CALLSIGN,2025-06-17 13:17:57.422377,,58-0049,5512,36000,39.3,1.8,KC-135R Stratotanker,250,474,True
ae1453,RCH300,2025-06-17 13:17:57.422381,United States Air Force,05-5149,6426,29000,43.7,24.1,C-17A Globemaster,,,True
ae2fa7,RCH821,2025-06-17 13:17:57.422385,United States Air Force,08-8195,2062,32000,41.7,5.7,C-17A Globemaster,,,True
adff0c,UNKNOWN CALLSIGN,2025-06-17 13:18:58.409207,,60-0335,5727,15875,51.447074,-0.330766,KC-135R Stratotanker,11,280,False
ae4f14,RCH797,2025-06-17 13:18:58.409223,United States Air Force,10-0220,0410,4000,52.496649,0.017441,C-17A Globemaster,115,239,False
3b7775,FAF4098,2025-06-17 13:18:58.409233,Force Aerienne Francaise,497,4317,29025,42.336979,10.14696,KC-135R Stratotanker,125,480,False
ae4d68,RCH289,2025-06-17 13:18:58.409239,United States Air Force,10-0215,7646,33000,48.5285,17.676701,C-17A Globemaster,138,459,False
ae07ef,RCH860,2025-06-17 13:18:58.409243,United States Air Force,96-0005,2670,28000,48.545388,18.404765,C-17A Globemaster,304,467,False
ae63c3,GOLD82,2025-06-17 13:18:58.409248,United States Air Force,21-46087,6477,38000,37.681365,23.554446,KC-46A Pegasus,,,False
896c2c,UAF1223,2025-06-17 13:18:58.409254,United Arab Emirates Air Force,1224,1765,11725,31.0,34.0,C-17A Globemaster,,,True
ae119b,RCH259,2025-06-17 13:18:58.409258,United States Air Force,03-3118,3537,8900,7.2,3.2,C-17A Globemaster,,,True
ae117d,RCH826,2025-06-17 13:18:58.409262,United States Air Force,02-1111,1227,32275,35.4,19.8,C-17A Globemaster,,,True
ae1453,RCH300,2025-06-17 13:18:58.409266,United States Air Force,05-5149,6426,29000,43.7,24.3,C-17A Globemaster,,,True
ae0386,UNKNOWN CALLSIGN,2025-06-17 13:18:58.409272,,59-1468,4275,34025,41.7,5.9,KC-135R Stratotanker,271,446,True
ae0650,UNKNOWN CALLSIGN,2025-06-17 13:18:58.409276,,58-0049,5512,36000,39.3,1.6,KC-135R Stratotanker,249,472,True
ae2fa7,RCH821,2025-06-17 13:18:58.409281,United States Air Force,08-8195,2062,32000,41.8,6.0,C-17A Globemaster,,,True
ae035c,UNKNOWN CALLSIGN,2025-06-17 13:18:58.409284,,58-0062,5301,35925,36.0,-2.8,KC-135R Stratotanker,283,418,True
adff0c,UNKNOWN CALLSIGN,2025-06-17 13:19:59.392850,,60-0335,5727,14375,51.521314,-0.281427,KC-135R Stratotanker,25,290,False
ae4f14,RCH797,2025-06-17 13:19:59.392866,United States Air Force,10-0220,0410,4000,52.470473,0.109204,C-17A Globemaster,115,229,False
3b7775,FAF4098,2025-06-17 13:19:59.392875,Force Aerienne Francaise,497,4317,29050,42.256909,10.299874,KC-135R Stratotanker,125,485,False
ae4d68,RCH289,2025-06-17 13:19:59.392881,United States Air Force,10-0215,7646,33000,48.415572,17.843114,C-17A Globemaster,137,466,False
ae07ef,RCH860,2025-06-17 13:19:59.392885,United States Air Force,96-0005,2670,28000,48.628603,18.227559,C-17A Globemaster,305,446,False
ae63c3,GOLD82,2025-06-17 13:19:59.392890,United States Air Force,21-46087,6477,38000,37.804539,23.555211,KC-46A Pegasus,,,False
896c2c,UAF1223,2025-06-17 13:19:59.392896,United Arab Emirates Air Force,1224,1765,7850,32.0,31.0,C-17A Globemaster,,,True
ae119b,RCH259,2025-06-17 13:19:59.392900,United States Air Force,03-3118,3537,10650,7.2,3.2,C-17A Globemaster,,,True
ae117d,RCH826,2025-06-17 13:19:59.392905,United States Air Force,02-1111,1227,28850,35.4,19.8,C-17A Globemaster,,,True
ae0386,UNKNOWN CALLSIGN,2025-06-17 13:19:59.392909,,59-1468,4275,34025,41.8,6.0,KC-135R Stratotanker,271,446,True
ae035c,UNKNOWN CALLSIGN,2025-06-17 13:19:59.392913,,58-0062,5301,33150,35.9,-3.1,KC-135R Stratotanker,283,428,True
ae0650,UNKNOWN CALLSIGN,2025-06-17 13:19:59.392917,,58-0049,5512,36000,39.3,1.8,KC-135R Stratotanker,249,470,True
ae1453,RCH300,2025-06-17 13:19:59.392921,United States Air Force,05-5149,6426,29000,43.7,24.1,C-17A Globemaster,,,True
ae2fa7,RCH821,2025-06-17 13:19:59.392925,United States Air Force,08-8195,2062,32000,41.5,5.2,C-17A Globemaster,,,True
adff0c,UNKNOWN CALLSIGN,2025-06-17 13:21:00.330884,,60-0335,5727,12500,51.595552,-0.224285,KC-135R Stratotanker,25,304,False
ae4f14,RCH797,2025-06-17 13:21:00.330901,United States Air Force,10-0220,0410,4000,52.442861,0.204593,C-17A Globemaster,117,214,False
3b7775,FAF4098,2025-06-17 13:21:00.330913,Force Aerienne Francaise,497,4317,29050,42.178574,10.448497,KC-135R Stratotanker,125,487,False
ae4d68,RCH289,2025-06-17 13:21:00.330920,United States Air Force,10-0215,7646,33000,48.322771,17.982056,C-17A Globemaster,134,493,False
ae07ef,RCH860,2025-06-17 13:21:00.330924,United States Air Force,96-0005,2670,28000,48.703041,18.064999,C-17A Globemaster,305,454,False
ae63c3,GOLD82,2025-06-17 13:21:00.330929,United States Air Force,21-46087,6477,38000,37.935323,23.561503,KC-46A Pegasus,22,439,False
896c2c,UAF1223,2025-06-17 13:21:00.330935,United Arab Emirates Air Force,1224,1765,5675,32.0,31.0,C-17A Globemaster,,,True
ae119b,RCH259,2025-06-17 13:21:00.330940,United States Air Force,03-3118,3537,12475,7.2,3.2,C-17A Globemaster,,,True
ae117d,RCH826,2025-06-17 13:21:00.330945,United States Air Force,02-1111,1227,25350,35.4,19.8,C-17A Globemaster,,,True
ae0386,UNKNOWN CALLSIGN,2025-06-17 13:21:00.330950,,59-1468,4275,34025,41.8,5.9,KC-135R Stratotanker,270,446,True
ae035c,UNKNOWN CALLSIGN,2025-06-17 13:21:00.330955,,58-0062,5302,30975,35.9,-2.8,KC-135R Stratotanker,283,432,True
ae0650,UNKNOWN CALLSIGN,2025-06-17 13:21:00.330959,,58-0049,5512,36000,39.3,1.6,KC-135R Stratotanker,249,470,True
ae1453,RCH300,2025-06-17 13:21:00.330964,United States Air Force,05-5149,6426,29000,43.7,24.3,C-17A Globemaster,,,True
ae2fa7,RCH821,2025-06-17 13:21:00.330968,United States Air Force,08-8195,2062,32000,41.5,5.2,C-17A Globemaster,,,True
adff0c,UNKNOWN CALLSIGN,2025-06-17 13:22:01.219451,,60-0335,5727,11425,51.673461,-0.165901,KC-135R Stratotanker,25,286,False
ae4f14,RCH797,2025-06-17 13:22:01.219468,United States Air Force,10-0220,0410,4000,52.477865,0.239191,C-17A Globemaster,324,277,False
3b7775,FAF4098,2025-06-17 13:22:01.219479,Force Aerienne Francaise,497,4317,29050,42.098236,10.600309,KC-135R Stratotanker,125,487,False
ae07ef,RCH860,2025-06-17 13:22:01.219485,United States Air Force,96-0005,2670,28000,48.772946,17.913577,C-17A Globemaster,304,442,False
ae4d68,RCH289,2025-06-17 13:22:01.219490,United States Air Force,10-0215,7646,33000,48.242077,18.100804,C-17A Globemaster,137,471,False
ae63c3,GOLD82,2025-06-17 13:22:01.219495,United States Air Force,21-46087,6477,38000,38.053045,23.57243,KC-46A Pegasus,351,450,False
896c2c,UAF1223,2025-06-17 13:22:01.219501,United Arab Emirates Air Force,1224,1765,3150,32.0,31.0,C-17A Globemaster,,,True
ae119b,RCH259,2025-06-17 13:22:01.219505,United States Air Force,03-3118,3537,14600,7.2,3.2,C-17A Globemaster,,,True
ae117d,RCH826,2025-06-17 13:22:01.219510,United States Air Force,02-1111,1227,22350,35.4,19.8,C-17A Globemaster,,,True
4b8202,ASENA21,2025-06-17 13:22:01.219514,Turkish Air Force,62-3567,2121,Unavailable,38.0,23.9,KC-135R Stratotanker,,,True
ae0386,UNKNOWN CALLSIGN,2025-06-17 13:22:01.219520,,59-1468,4275,34025,41.8,5.9,KC-135R Stratotanker,270,448,True
ae035c,UNKNOWN CALLSIGN,2025-06-17 13:22:01.219524,,58-0062,3461,31000,36.0,-3.7,KC-135R Stratotanker,283,432,True
ae0650,UNKNOWN CALLSIGN,2025-06-17 13:22:01.219528,,58-0049,5512,36000,39.2,1.7,KC-135R Stratotanker,253,470,True
ae1453,RCH300,2025-06-17 13:22:01.219532,United States Air Force,05-5149,6426,29000,43.7,24.3,C-17A Globemaster,,,True
ae2fa7,RCH821,2025-06-17 13:22:01.219537,United States Air Force,08-8195,2062,32000,41.8,5.9,C-17A Globemaster,,,True
adff0c,UNKNOWN CALLSIGN,2025-06-17 13:23:02.122422,,60-0335,5727,11000,51.74439,-0.111037,KC-135R Stratotanker,25,280,False
ae4f14,RCH797,2025-06-17 13:23:02.122437,United States Air Force,10-0220,0410,4000,52.505042,0.151111,C-17A Globemaster,297,183,False
3b7775,FAF4098,2025-06-17 13:23:02.122446,Force Aerienne Francaise,497,4317,29050,42.020004,10.746751,KC-135R Stratotanker,125,485,False
ae07ef,RCH860,2025-06-17 13:23:02.122453,United States Air Force,96-0005,2670,28000,48.850739,17.745957,C-17A Globemaster,304,458,False
ae4d68,RCH289,2025-06-17 13:23:02.122458,United States Air Force,10-0215,7646,33000,48.139487,18.251092,C-17A Globemaster,137,399,False
ae63c3,GOLD82,2025-06-17 13:23:02.122463,United States Air Force,21-46087,6477,38000,38.208813,23.587691,KC-46A Pegasus,27,464,False
896c2c,UAF1223,2025-06-17 13:23:02.122468,United Arab Emirates Air Force,1224,1765,1550,32.0,31.0,C-17A Globemaster,,,True
ae119b,RCH259,2025-06-17 13:23:02.122473,United States Air Force,03-3118,3537,16150,7.2,3.2,C-17A Globemaster,,,True
ae117d,RCH826,2025-06-17 13:23:02.122477,United States Air Force,02-1111,1227,20175,35.4,19.8,C-17A Globemaster,,,True
ae1453,RCH300,2025-06-17 13:23:02.122482,United States Air Force,05-5149,6426,29000,43.8,24.1,C-17A Globemaster,,,True
ae0386,UNKNOWN CALLSIGN,2025-06-17 13:23:02.122488,,59-1468,4275,34025,41.5,5.3,KC-135R Stratotanker,270,448,True
ae0650,UNKNOWN CALLSIGN,2025-06-17 13:23:02.122492,,58-0049,5512,36000,39.1,1.5,KC-135R Stratotanker,252,472,True
ae2fa7,RCH821,2025-06-17 13:23:02.122497,United States Air Force,08-8195,2062,32000,41.5,5.3,C-17A Globemaster,,,True
ae035c,UNKNOWN CALLSIGN,2025-06-17 13:23:02.122501,,58-0062,3461,29050,36.1,-5.0,KC-135R Stratotanker,283,424,True
adff0c,UNKNOWN CALLSIGN,2025-06-17 13:24:03.070637,,60-0335,5727,11000,51.816576,-0.059707,KC-135R Stratotanker,23,292,False
ae4f14,RCH797,2025-06-17 13:24:03.070652,United States Air Force,10-0220,0410,4000,52.527934,0.068545,C-17A Globemaster,294,208,False
3b7775,FAF4098,2025-06-17 13:24:03.070662,Force Aerienne Francaise,497,4317,29025,41.938614,10.898188,KC-135R Stratotanker,125,482,False
ae07ef,RCH860,2025-06-17 13:24:03.070668,United States Air Force,96-0005,2670,28000,48.911074,17.571127,C-17A Globemaster,294,453,False
ae4d68,RCH289,2025-06-17 13:24:03.070672,United States Air Force,10-0215,7646,33000,48.05081,18.382743,C-17A Globemaster,136,462,False
ae63c3,GOLD82,2025-06-17 13:24:03.070677,United States Air Force,21-46087,6477,38000,38.353844,23.617221,KC-46A Pegasus,351,485,False
896c2c,UAF1223,2025-06-17 13:24:03.070682,United Arab Emirates Air Force,1224,1765,1025,32.0,31.0,C-17A Globemaster,,,True
ae119b,RCH259,2025-06-17 13:24:03.070687,United States Air Force,03-3118,3537,17500,7.2,3.2,C-17A Globemaster,,,True
ae117d,RCH826,2025-06-17 13:24:03.070691,United States Air Force,02-1111,1227,18450,35.4,19.8,C-17A Globemaster,,,True
ae1453,RCH300,2025-06-17 13:24:03.070695,United States Air Force,05-5149,6426,29000,43.7,24.2,C-17A Globemaster,,,True
ae0386,UNKNOWN CALLSIGN,2025-06-17 13:24:03.070700,,59-1468,4275,34025,41.8,5.9,KC-135R Stratotanker,270,450,True
ae0650,UNKNOWN CALLSIGN,2025-06-17 13:24:03.070705,,58-0049,5512,36000,38.9,0.7,KC-135R Stratotanker,252,472,True
ae2fa7,RCH821,2025-06-17 13:24:03.070709,United States Air Force,08-8195,2062,32000,41.5,5.3,C-17A Globemaster,,,True
ae035c,UNKNOWN CALLSIGN,2025-06-17 13:24:03.070713,,58-0062,3461,29000,36.1,-5.2,KC-135R Stratotanker,283,420,True
ae4f14,RCH797,2025-06-17 13:25:04.047184,United States Air Force,10-0220,0410,4000,52.552916,-0.020071,C-17A Globemaster,295,207,False
adff0c,UNKNOWN CALLSIGN,2025-06-17 13:25:04.047198,,60-0335,5727,10950,51.896034,-0.003501,KC-135R Stratotanker,23,292,False
3b7775,FAF4098,2025-06-17 13:25:04.047208,Force Aerienne Francaise,497,4317,29050,41.858231,11.047065,KC-135R Stratotanker,125,483,False
ae07ef,RCH860,2025-06-17 13:25:04.047214,United States Air Force,96-0005,2670,28000,48.966152,17.40431,C-17A Globemaster,297,456,False
ae4d68,RCH289,2025-06-17 13:25:04.047219,United States Air Force,10-0215,7646,33000,47.956394,18.519134,C-17A Globemaster,136,447,False
ae63c3,GOLD82,2025-06-17 13:25:04.047224,United States Air Force,21-46087,6477,38000,38.453153,23.613772,KC-46A Pegasus,5,471,False
896c2c,UAF1223,2025-06-17 13:25:04.047229,United Arab Emirates Air Force,1224,1765,600,32.0,31.0,C-17A Globemaster,,,True
ae119b,RCH259,2025-06-17 13:25:04.047233,United States Air Force,03-3118,3537,17850,7.2,3.2,C-17A Globemaster,,,True
ae0386,UNKNOWN CALLSIGN,2025-06-17 13:25:04.047238,,59-1468,4275,34025,41.8,5.3,KC-135R Stratotanker,270,450,True
ae035c,UNKNOWN CALLSIGN,2025-06-17 13:25:04.047242,,58-0062,3461,29000,36.1,-5.2,KC-135R Stratotanker,283,422,True
ae0650,UNKNOWN CALLSIGN,2025-06-17 13:25:04.047247,,58-0049,5512,36000,39.2,1.0,KC-135R Stratotanker,252,476,True
ae1453,RCH300,2025-06-17 13:25:04.047251,United States Air Force,05-5149,6426,29000,43.7,24.2,C-17A Globemaster,,,True
ae2fa7,RCH821,2025-06-17 13:25:04.047255,United States Air Force,08-8195,2062,32000,41.5,5.3,C-17A Globemaster,,,True
ae035c,UNKNOWN CALLSIGN,2025-06-17 13:26:04.785620,,58-0062,3461,29000,36.642925,-3.449617,KC-135R Stratotanker,283,422,False
ae4f14,RCH797,2025-06-17 13:26:04.785636,United States Air Force,10-0220,0410,4000,52.575053,-0.098122,C-17A Globemaster,296,204,False
adff0c,UNKNOWN CALLSIGN,2025-06-17 13:26:04.785642,,60-0335,5727,9850,51.969337,0.050982,KC-135R Stratotanker,34,286,False
3b7775,FAF4098,2025-06-17 13:26:04.785652,Force Aerienne Francaise,497,4317,29025,41.778076,11.195131,KC-135R Stratotanker,125,486,False
ae07ef,RCH860,2025-06-17 13:26:04.785657,United States Air Force,96-0005,2670,28000,49.022636,17.230731,C-17A Globemaster,296,472,False
ae4d68,RCH289,2025-06-17 13:26:04.785662,United States Air Force,10-0215,7646,33000,47.869676,18.644581,C-17A Globemaster,136,463,False
ae63c3,GOLD82,2025-06-17 13:26:04.785668,United States Air Force,21-46087,6477,38025,38.615627,23.613861,KC-46A Pegasus,4,497,False
ae119b,RCH259,2025-06-17 13:26:04.785673,United States Air Force,03-3118,3537,18425,7.2,3.2,C-17A Globemaster,,,True
ae1453,RCH300,2025-06-17 13:26:04.785679,United States Air Force,05-5149,6426,29000,43.1,26.2,C-17A Globemaster,,,True
ae0386,UNKNOWN CALLSIGN,2025-06-17 13:26:04.785684,,59-1468,4275,34025,41.5,5.4,KC-135R Stratotanker,270,452,True
ae0650,UNKNOWN CALLSIGN,2025-06-17 13:26:04.785689,,58-0049,5512,36000,39.0,1.2,KC-135R Stratotanker,252,478,True
ae2fa7,RCH821,2025-06-17 13:26:04.785694,United States Air Force,08-8195,2062,32000,41.5,5.4,C-17A Globemaster,,,True
ae035c,UNKNOWN CALLSIGN,2025-06-17 13:27:05.468066,,58-0062,3461,29000,36.647914,-3.477578,KC-135R Stratotanker,283,424,False
ae4f14,RCH797,2025-06-17 13:27:05.468082,United States Air Force,10-0220,0410,4000,52.569197,-0.182073,C-17A Globemaster,212,267,False
adff0c,UNKNOWN CALLSIGN,2025-06-17 13:27:05.468088,,60-0335,5727,8650,52.034136,0.122749,KC-135R Stratotanker,33,282,False
3b7775,FAF4098,2025-06-17 13:27:05.468098,Force Aerienne Francaise,497,4317,29050,41.698888,11.340765,KC-135R Stratotanker,126,488,False
ae07ef,RCH860,2025-06-17 13:27:05.468103,United States Air Force,96-0005,2670,28000,49.070904,17.047801,C-17A Globemaster,291,452,False
ae4d68,RCH289,2025-06-17 13:27:05.468107,United States Air Force,10-0215,7646,33000,47.776309,18.782719,C-17A Globemaster,133,451,False
ae63c3,GOLD82,2025-06-17 13:27:05.468113,United States Air Force,21-46087,6477,38000,38.685289,23.607583,KC-46A Pegasus,0,478,False
ae119b,RCH259,2025-06-17 13:27:05.468118,United States Air Force,03-3118,3537,18550,7.2,3.2,C-17A Globemaster,,,True
ae0386,UNKNOWN CALLSIGN,2025-06-17 13:27:05.468123,,59-1468,4275,34025,41.8,5.4,KC-135R Stratotanker,270,454,True
ae0650,UNKNOWN CALLSIGN,2025-06-17 13:27:05.468128,,58-0049,5512,36000,38.9,1.1,KC-135R Stratotanker,252,478,True
ae1453,RCH300,2025-06-17 13:27:05.468132,United States Air Force,05-5149,6426,29000,43.1,26.2,C-17A Globemaster,,,True
ae2fa7,RCH821,2025-06-17 13:27:05.468136,United States Air Force,08-8195,2062,32000,40.2,3.5,C-17A Globemaster,,,True
ae4f14,RCH797,2025-06-17 13:28:06.454103,United States Air Force,10-0220,0410,4000,52.53247,-0.112518,C-17A Globemaster,103,265,False
adff0c,UNKNOWN CALLSIGN,2025-06-17 13:28:06.454119,,60-0335,5727,7975,52.096744,0.191361,KC-135R Stratotanker,34,254,False
3b7775,FAF4098,2025-06-17 13:28:06.454131,Force Aerienne Francaise,497,4317,29050,41.618225,11.488328,KC-135R Stratotanker,126,491,False
ae07ef,RCH860,2025-06-17 13:28:06.454137,United States Air Force,96-0005,2670,28000,49.097198,16.953699,C-17A Globemaster,291,464,False
ae4d68,RCH289,2025-06-17 13:28:06.454141,United States Air Force,10-0215,7646,33000,47.689851,18.919223,C-17A Globemaster,136,430,False
ae63c3,GOLD82,2025-06-17 13:28:06.454146,United States Air Force,21-46087,6477,38000,38.778339,23.61195,KC-46A Pegasus,355,444,False
ae119b,RCH259,2025-06-17 13:28:06.454152,United States Air Force,03-3118,3537,Unavailable,7.2,3.2,C-17A Globemaster,,,True
ae1453,RCH300,2025-06-17 13:28:06.454157,United States Air Force,05-5149,6426,27425,43.7,24.2,C-17A Globemaster,,,True
ae0386,UNKNOWN CALLSIGN,2025-06-17 13:28:06.454162,,59-1468,4275,34025,41.8,5.4,KC-135R Stratotanker,270,454,True
ae0650,UNKNOWN CALLSIGN,2025-06-17 13:28:06.454166,,58-0049,5512,36000,39.0,1.2,KC-135R Stratotanker,252,476,True
ae2fa7,RCH821,2025-06-17 13:28:06.454171,United States Air Force,08-8195,2062,32000,39.5,2.5,C-17A Globemaster,,,True
ae035c,UNKNOWN CALLSIGN,2025-06-17 13:28:06.454175,,58-0062,3461,29000,36.0,-4.6,KC-135R Stratotanker,283,424,True
ae035c,UNKNOWN CALLSIGN,2025-06-17 13:29:07.132855,,58-0062,3461,29000,36.718887,-3.959852,KC-135R Stratotanker,283,426,False
ae4f14,RCH797,2025-06-17 13:29:07.132877,United States Air Force,10-0220,0410,4000,52.506156,-0.017197,C-17A Globemaster,117,223,False
adff0c,UNKNOWN CALLSIGN,2025-06-17 13:29:07.132885,,60-0335,5727,8000,52.158951,0.258854,KC-135R Stratotanker,34,280,False
3b7775,FAF4098,2025-06-17 13:29:07.132898,Force Aerienne Francaise,497,4317,29025,41.535117,11.639695,KC-135R Stratotanker,126,493,False
ae07ef,RCH860,2025-06-17 13:29:07.132905,United States Air Force,96-0005,2670,28000,49.162399,16.7005,C-17A Globemaster,291,474,False
ae4d68,RCH289,2025-06-17 13:29:07.132910,United States Air Force,10-0215,7646,33000,47.603153,19.048601,C-17A Globemaster,136,455,False
ae63c3,GOLD82,2025-06-17 13:29:07.132917,United States Air Force,21-46087,6477,38000,38.941287,23.620205,KC-46A Pegasus,7,496,False
ae119b,RCH259,2025-06-17 13:29:07.132924,United States Air Force,03-3118,3537,Unavailable,7.2,3.2,C-17A Globemaster,,,True
ae0386,UNKNOWN CALLSIGN,2025-06-17 13:29:07.132931,,59-1468,4275,34025,41.5,5.5,KC-135R Stratotanker,270,454,True
ae0650,UNKNOWN CALLSIGN,2025-06-17 13:29:07.132936,,58-0049,5512,36000,38.3,0.8,KC-135R Stratotanker,252,474,True
ae1453,RCH300,2025-06-17 13:29:07.132941,United States Air Force,05-5149,6426,25425,43.7,24.1,C-17A Globemaster,,,True
ae2fa7,RCH821,2025-06-17 13:29:07.132946,United States Air Force,08-8195,2062,32000,39.3,2.2,C-17A Globemaster,,,True
ae035c,UNKNOWN CALLSIGN,2025-06-17 13:30:08.047372,,58-0062,3461,29000,36.741575,-4.015064,KC-135R Stratotanker,283,428,False
ae4f14,RCH797,2025-06-17 13:30:08.047389,United States Air Force,10-0220,0410,4000,52.481759,0.070568,C-17A Globemaster,114,228,False
adff0c,UNKNOWN CALLSIGN,2025-06-17 13:30:08.047395,,60-0335,5727,7975,52.22312,0.331832,KC-135R Stratotanker,34,286,False
3b7775,FAF4098,2025-06-17 13:30:08.047403,Force Aerienne Francaise,497,4317,29050,41.45244,11.789288,KC-135R Stratotanker,126,495,False
ae07ef,RCH860,2025-06-17 13:30:08.047409,United States Air Force,96-0005,2670,28000,49.218374,16.482891,C-17A Globemaster,290,444,False
ae4d68,RCH289,2025-06-17 13:30:08.047413,United States Air Force,10-0215,7646,33000,47.516568,19.189862,C-17A Globemaster,132,429,False
ae63c3,GOLD82,2025-06-17 13:30:08.047419,United States Air Force,21-46087,6477,38000,39.02382,23.620897,KC-46A Pegasus,3,463,False
ae119b,RCH259,2025-06-17 13:30:08.047424,United States Air Force,03-3118,3537,Unavailable,7.2,3.2,C-17A Globemaster,,,True
ae0386,UNKNOWN CALLSIGN,2025-06-17 13:30:08.047430,,59-1468,4275,34025,41.5,5.5,KC-135R Stratotanker,270,454,True
ae0650,UNKNOWN CALLSIGN,2025-06-17 13:30:08.047434,,58-0049,5512,36000,38.4,0.6,KC-135R Stratotanker,252,474,True
ae1453,RCH300,2025-06-17 13:30:08.047438,United States Air Force,05-5149,6426,23400,43.1,26.2,C-17A Globemaster,,,True
ae2fa7,RCH821,2025-06-17 13:30:08.047442,United States Air Force,08-8195,2062,32000,39.2,2.1,C-17A Globemaster,,,True
ae035c,UNKNOWN CALLSIGN,2025-06-17 13:31:09.249375,,58-0062,3461,27550,36.785809,-4.108373,KC-135R Stratotanker,282,412,False
ae4f14,RCH797,2025-06-17 13:31:09.249393,United States Air Force,10-0220,0410,4000,52.455176,0.166562,C-17A Globemaster,116,217,False
adff0c,UNKNOWN CALLSIGN,2025-06-17 13:31:09.249398,,60-0335,0416,7975,52.288741,0.405839,KC-135R Stratotanker,46,292,False
3b7775,FAF4098,2025-06-17 13:31:09.249407,Force Aerienne Francaise,497,4317,29050,41.370834,11.936333,KC-135R Stratotanker,126,499,False
ae07ef,RCH860,2025-06-17 13:31:09.249413,United States Air Force,96-0005,2670,28000,49.252998,16.3507,C-17A Globemaster,293,468,False
ae4d68,RCH289,2025-06-17 13:31:09.249417,United States Air Force,10-0215,7646,33000,47.45202,19.505825,C-17A Globemaster,128,456,False
ae63c3,GOLD82,2025-06-17 13:31:09.249424,United States Air Force,21-46087,6477,38000,38.8,23.3,KC-46A Pegasus,,,True
ae0386,UNKNOWN CALLSIGN,2025-06-17 13:31:09.249429,,59-1468,4275,34025,41.8,6.0,KC-135R Stratotanker,269,454,True
ae0650,UNKNOWN CALLSIGN,2025-06-17 13:31:09.249433,,58-0049,5512,36000,37.6,-0.2,KC-135R Stratotanker,252,472,True
ae1453,RCH300,2025-06-17 13:31:09.249437,United States Air Force,05-5149,6426,21375,43.7,24.3,C-17A Globemaster,,,True
ae2fa7,RCH821,2025-06-17 13:31:09.249442,United States Air Force,08-8195,2062,32000,40.2,3.5,C-17A Globemaster,,,True
ae035c,UNKNOWN CALLSIGN,2025-06-17 13:32:10.178724,,58-0062,3461,25900,36.804805,-4.345219,KC-135R Stratotanker,286,394,False
ae4f14,RCH797,2025-06-17 13:32:10.178742,United States Air Force,10-0220,0410,4000,52.457452,0.254665,C-17A Globemaster,30,291,False
adff0c,UNKNOWN CALLSIGN,2025-06-17 13:32:10.178748,,60-0335,0416,6650,52.295077,0.533084,KC-135R Stratotanker,110,294,False
3b7775,FAF4098,2025-06-17 13:32:10.178758,Force Aerienne Francaise,497,4317,29050,41.285923,12.088706,KC-135R Stratotanker,126,500,False
ae07ef,RCH860,2025-06-17 13:32:10.178763,United States Air Force,96-0005,2670,28000,49.306599,16.143299,C-17A Globemaster,292,464,False
ae4d68,RCH289,2025-06-17 13:32:10.178768,United States Air Force,10-0215,7646,33000,47.334189,19.476761,C-17A Globemaster,135,516,False
ae63c3,GOLD82,2025-06-17 13:32:10.178789,United States Air Force,21-46087,6477,38000,38.9,23.4,KC-46A Pegasus,,,True
ae0386,UNKNOWN CALLSIGN,2025-06-17 13:32:10.178795,,59-1468,4275,34025,41.8,6.0,KC-135R Stratotanker,269,454,True
ae0650,UNKNOWN CALLSIGN,2025-06-17 13:32:10.178800,,58-0049,5512,36000,37.3,-0.5,KC-135R Stratotanker,252,472,True
ae1453,RCH300,2025-06-17 13:32:10.178805,United States Air Force,05-5149,6426,19325,43.0,29.4,C-17A Globemaster,,,True
ae2fa7,RCH821,2025-06-17 13:32:10.178809,United States Air Force,08-8195,2062,32000,39.4,2.3,C-17A Globemaster,,,True
ae035c,UNKNOWN CALLSIGN,2025-06-17 13:33:11.115377,,58-0062,3461,23450,36.842905,-4.449456,KC-135R Stratotanker,289,388,False
ae4f14,RCH797,2025-06-17 13:33:11.115401,United States Air Force,10-0220,0410,4000,52.494581,0.189582,C-17A Globemaster,283,241,False
adff0c,UNKNOWN CALLSIGN,2025-06-17 13:33:11.115408,,60-0335,0416,5775,52.268517,0.650747,KC-135R Stratotanker,109,268,False
3b7775,FAF4098,2025-06-17 13:33:11.115422,Force Aerienne Francaise,497,4317,29050,41.200965,12.240517,KC-135R Stratotanker,126,502,False
ae07ef,RCH860,2025-06-17 13:33:11.115429,United States Air Force,96-0005,2670,28000,49.347801,15.9776,C-17A Globemaster,291,433,False
ae63c3,GOLD82,2025-06-17 13:33:11.115436,United States Air Force,21-46087,6477,38000,39.495955,23.623046,KC-46A Pegasus,,,False
ae1453,RCH300,2025-06-17 13:33:11.115445,United States Air Force,05-5149,6426,17300,43.1,26.2,C-17A Globemaster,,,True
ae0386,UNKNOWN CALLSIGN,2025-06-17 13:33:11.115452,,59-1468,4275,34025,41.8,5.9,KC-135R Stratotanker,269,454,True
ae0650,UNKNOWN CALLSIGN,2025-06-17 13:33:11.115458,,58-0049,5512,36000,38.0,0.1,KC-135R Stratotanker,252,472,True
ae4d68,RCH289,2025-06-17 13:33:11.115464,United States Air Force,10-0215,7646,33000,48.4,18.4,C-17A Globemaster,,,True
ae2fa7,RCH821,2025-06-17 13:33:11.115470,United States Air Force,08-8195,2062,32000,39.3,2.1,C-17A Globemaster,,,True
ae035c,UNKNOWN CALLSIGN,2025-06-17 13:34:12.080589,,58-0062,3461,21300,36.879712,-4.586218,KC-135R Stratotanker,289,372,False
ae4f14,RCH797,2025-06-17 13:34:12.080607,United States Air Force,10-0220,0410,4000,52.518559,0.102429,C-17A Globemaster,295,208,False
adff0c,UNKNOWN CALLSIGN,2025-06-17 13:34:12.080613,,60-0335,0416,4300,52.243883,0.769804,KC-135R Stratotanker,84,274,False
3b7775,FAF4098,2025-06-17 13:34:12.080621,Force Aerienne Francaise,497,4317,29050,41.116425,12.390442,KC-135R Stratotanker,126,500,False
ae07ef,RCH860,2025-06-17 13:34:12.080626,United States Air Force,96-0005,2670,28000,49.3974,15.7783,C-17A Globemaster,291,455,False
ae63c3,GOLD82,2025-06-17 13:34:12.080634,United States Air Force,21-46087,6477,38000,39.2,23.2,KC-46A Pegasus,,,True
ae1453,RCH300,2025-06-17 13:34:12.080640,United States Air Force,05-5149,6426,15275,43.0,29.4,C-17A Globemaster,,,True
ae0386,UNKNOWN CALLSIGN,2025-06-17 13:34:12.080645,,59-1468,4275,34025,41.5,5.0,KC-135R Stratotanker,269,454,True
ae0650,UNKNOWN CALLSIGN,2025-06-17 13:34:12.080650,,58-0049,5512,36000,37.6,-0.5,KC-135R Stratotanker,252,470,True
ae4d68,RCH289,2025-06-17 13:34:12.080654,United States Air Force,10-0215,7646,33000,48.6,18.3,C-17A Globemaster,,,True
ae2fa7,RCH821,2025-06-17 13:34:12.080658,United States Air Force,08-8195,2062,32000,39.2,2.0,C-17A Globemaster,,,True
ae035c,UNKNOWN CALLSIGN,2025-06-17 13:35:13.033402,,58-0062,3461,19475,36.912048,-4.707728,KC-135R Stratotanker,290,354,False
ae4f14,RCH797,2025-06-17 13:35:13.033427,United States Air Force,10-0220,0410,4000,52.543395,0.01606,C-17A Globemaster,294,208,False
adff0c,UNKNOWN CALLSIGN,2025-06-17 13:35:13.033434,,60-0335,0416,3050,52.297859,0.829972,KC-135R Stratotanker,331,234,False
3b7775,FAF4098,2025-06-17 13:35:13.033449,Force Aerienne Francaise,497,4317,29025,41.032059,12.539368,KC-135R Stratotanker,126,499,False
ae07ef,RCH860,2025-06-17 13:35:13.033455,United States Air Force,96-0005,2670,28000,49.453345,15.553138,C-17A Globemaster,292,453,False
ae63c3,GOLD82,2025-06-17 13:35:13.033464,United States Air Force,21-46087,6477,38000,39.5,23.3,KC-46A Pegasus,,,True
ae1467,RCH804,2025-06-17 13:35:13.033470,United States Air Force,07-7169,2551,3225,49.7,7.3,C-17A Globemaster,,,True
ae0386,UNKNOWN CALLSIGN,2025-06-17 13:35:13.033477,,59-1468,4275,Unavailable,41.5,5.6,KC-135R Stratotanker,,,True
ae0650,UNKNOWN CALLSIGN,2025-06-17 13:35:13.033483,,58-0049,5512,36000,37.1,-0.9,KC-135R Stratotanker,251,472,True
ae1453,RCH300,2025-06-17 13:35:13.033488,United States Air Force,05-5149,6426,13250,43.1,26.2,C-17A Globemaster,,,True
ae2fa7,RCH821,2025-06-17 13:35:13.033493,United States Air Force,08-8195,2062,32000,39.2,2.0,C-17A Globemaster,,,True
ae4d68,RCH289,2025-06-17 13:35:13.033498,United States Air Force,10-0215,7646,33000,48.0,19.0,C-17A Globemaster,,,True
ae035c,UNKNOWN CALLSIGN,2025-06-17 13:36:13.729992,,58-0062,3461,17200,36.96192,-4.813749,KC-135R Stratotanker,289,350,False
ae4f14,RCH797,2025-06-17 13:36:13.730017,United States Air Force,10-0220,0410,4000,52.567551,-0.070968,C-17A Globemaster,295,203,False
adff0c,UNKNOWN CALLSIGN,2025-06-17 13:36:13.730025,,60-0335,0416,2400,52.324248,0.75331,KC-135R Stratotanker,280,178,False
ae1467,RCH804,2025-06-17 13:36:13.730033,United States Air Force,07-7169,2551,5250,49.458075,7.814653,C-17A Globemaster,97,251,False
3b7775,FAF4098,2025-06-17 13:36:13.730044,Force Aerienne Francaise,497,4317,29075,40.948605,12.686088,KC-135R Stratotanker,126,498,False
ae07ef,RCH860,2025-06-17 13:36:13.730050,United States Air Force,96-0005,2670,28000,49.499209,15.365637,C-17A Globemaster,292,441,False
ae63c3,GOLD82,2025-06-17 13:36:13.730059,United States Air Force,21-46087,6477,38000,39.5,23.3,KC-46A Pegasus,,,True
ae1453,RCH300,2025-06-17 13:36:13.730066,United States Air Force,05-5149,6426,11700,43.0,29.4,C-17A Globemaster,,,True
ae0386,UNKNOWN CALLSIGN,2025-06-17 13:36:13.730073,,59-1468,4275,34025,40.4,3.8,KC-135R Stratotanker,269,452,True
ae0650,UNKNOWN CALLSIGN,2025-06-17 13:36:13.730079,,58-0049,5512,36000,37.6,-0.7,KC-135R Stratotanker,251,468,True
ae4d68,RCH289,2025-06-17 13:36:13.730084,United States Air Force,10-0215,7646,33000,48.2,18.6,C-17A Globemaster,,,True
ae2fa7,RCH821,2025-06-17 13:36:13.730090,United States Air Force,08-8195,2062,32000,39.2,2.0,C-17A Globemaster,,,True
ae035c,UNKNOWN CALLSIGN,2025-06-17 13:37:14.872308,,58-0062,3461,15175,36.981082,-4.93994,KC-135R Stratotanker,304,344,False
ae4f14,RCH797,2025-06-17 13:37:14.872330,United States Air Force,10-0220,0410,4000,52.585821,-0.158723,C-17A Globemaster,273,195,False
adff0c,UNKNOWN CALLSIGN,2025-06-17 13:37:14.872337,,60-0335,0416,1850,52.3331,0.684554,KC-135R Stratotanker,283,138,False
ae1467,RCH804,2025-06-17 13:37:14.872345,United States Air Force,07-7169,2551,6300,49.493687,7.851429,C-17A Globemaster,330,313,False
3b7775,FAF4098,2025-06-17 13:37:14.872355,Force Aerienne Francaise,497,4317,29025,40.862503,12.836609,KC-135R Stratotanker,127,499,False
ae07ef,RCH860,2025-06-17 13:37:14.872361,United States Air Force,96-0005,2670,28000,49.544773,15.181968,C-17A Globemaster,291,450,False
ae63c3,GOLD82,2025-06-17 13:37:14.872369,United States Air Force,21-46087,6477,38000,39.4,23.4,KC-46A Pegasus,,,True
ae0386,UNKNOWN CALLSIGN,2025-06-17 13:37:14.872375,,59-1468,4275,34025,39.6,2.5,KC-135R Stratotanker,269,452,True
ae0650,UNKNOWN CALLSIGN,2025-06-17 13:37:14.872380,,58-0049,5512,36000,37.4,-0.7,KC-135R Stratotanker,251,468,True
ae1453,RCH300,2025-06-17 13:37:14.872385,United States Air Force,05-5149,6426,10625,43.1,26.2,C-17A Globemaster,,,True
ae2fa7,RCH821,2025-06-17 13:37:14.872390,United States Air Force,08-8195,2062,32000,39.2,2.0,C-17A Globemaster,,,True
ae4d68,RCH289,2025-06-17 13:37:14.872396,United States Air Force,10-0215,7646,33000,47.7,19.6,C-17A Globemaster,,,True
ae035c,UNKNOWN CALLSIGN,2025-06-17 13:38:15.796508,,58-0062,3461,12950,36.982142,-4.985489,KC-135R Stratotanker,312,328,False
ae4f14,RCH797,2025-06-17 13:38:15.796524,United States Air Force,10-0220,0410,4000,52.543846,-0.152967,C-17A Globemaster,118,325,False
adff0c,UNKNOWN CALLSIGN,2025-06-17 13:38:15.796530,,60-0335,0416,1225,52.34186,0.624344,KC-135R Stratotanker,284,138,False
ae1467,RCH804,2025-06-17 13:38:15.796536,United States Air Force,07-7169,2551,6975,49.556662,7.794502,C-17A Globemaster,332,270,False
3b7775,FAF4098,2025-06-17 13:38:15.796544,Force Aerienne Francaise,497,4317,29025,40.779109,12.981658,KC-135R Stratotanker,127,499,False
ae07ef,RCH860,2025-06-17 13:38:15.796548,United States Air Force,96-0005,2670,28000,49.591085,14.987465,C-17A Globemaster,290,446,False
ae63c3,GOLD82,2025-06-17 13:38:15.796556,United States Air Force,21-46087,6477,38025,39.4,23.3,KC-46A Pegasus,,,True
ae1453,RCH300,2025-06-17 13:38:15.796561,United States Air Force,05-5149,6426,9575,43.1,26.2,C-17A Globemaster,,,True
ae0386,UNKNOWN CALLSIGN,2025-06-17 13:38:15.796565,,59-1468,4275,34025,39.3,2.2,KC-135R Stratotanker,269,452,True
ae0650,UNKNOWN CALLSIGN,2025-06-17 13:38:15.796570,,58-0049,5512,36000,37.0,-0.9,KC-135R Stratotanker,251,466,True
ae4d68,RCH289,2025-06-17 13:38:15.796574,United States Air Force,10-0215,7646,33000,47.4,20.4,C-17A Globemaster,,,True
ae2fa7,RCH821,2025-06-17 13:38:15.796578,United States Air Force,08-8195,2062,32000,40.2,3.5,C-17A Globemaster,,,True
ae4f14,RCH797,2025-06-17 13:39:16.690130,United States Air Force,10-0220,0410,3400,52.533597,-0.051469,C-17A Globemaster,84,218,False
adff0c,UNKNOWN CALLSIGN,2025-06-17 13:39:16.690145,,60-0335,0416,425,52.352141,0.556239,KC-135R Stratotanker,283,130,False
ae1467,RCH804,2025-06-17 13:39:16.690152,United States Air Force,07-7169,2551,8350,49.62711,7.730431,C-17A Globemaster,331,319,False
3b7775,FAF4098,2025-06-17 13:39:16.690160,Force Aerienne Francaise,497,4317,29050,40.693359,13.130493,KC-135R Stratotanker,127,496,False
ae07ef,RCH860,2025-06-17 13:39:16.690165,United States Air Force,96-0005,2670,28000,49.622799,14.8549,C-17A Globemaster,290,470,False
ae63c3,GOLD82,2025-06-17 13:39:16.690173,United States Air Force,21-46087,6477,38000,39.7,23.3,KC-46A Pegasus,,,True
ae0386,UNKNOWN CALLSIGN,2025-06-17 13:39:16.690178,,59-1468,4275,34025,39.2,2.2,KC-135R Stratotanker,252,456,True
ae035c,UNKNOWN CALLSIGN,2025-06-17 13:39:16.690182,,58-0062,3461,10500,36.1,-4.9,KC-135R Stratotanker,312,286,True
ae0650,UNKNOWN CALLSIGN,2025-06-17 13:39:16.690187,,58-0049,5512,36000,37.3,-0.7,KC-135R Stratotanker,251,464,True
ae1453,RCH300,2025-06-17 13:39:16.690190,United States Air Force,05-5149,6426,8375,43.1,26.2,C-17A Globemaster,,,True
ae2fa7,RCH821,2025-06-17 13:39:16.690195,United States Air Force,08-8195,2062,32000,39.5,2.4,C-17A Globemaster,,,True
ae4d68,RCH289,2025-06-17 13:39:16.690199,United States Air Force,10-0215,7646,33000,47.1,21.0,C-17A Globemaster,,,True
ae4f14,RCH797,2025-06-17 13:40:17.526777,United States Air Force,10-0220,0410,2850,52.53383,0.049492,C-17A Globemaster,90,223,False
adff0c,UNKNOWN CALLSIGN,2025-06-17 13:40:17.526794,,60-0335,0416,-225,52.352261,0.552637,KC-135R Stratotanker,283,128,False
ae1467,RCH804,2025-06-17 13:40:17.526803,United States Air Force,07-7169,2551,10550,49.704046,7.662958,C-17A Globemaster,328,311,False
3b7775,FAF4098,2025-06-17 13:40:17.526813,Force Aerienne Francaise,497,4317,29025,40.612427,13.270264,KC-135R Stratotanker,127,495,False
ae07ef,RCH860,2025-06-17 13:40:17.526819,United States Air Force,96-0005,2670,28000,49.681644,14.609915,C-17A Globemaster,290,469,False
ae63c3,GOLD82,2025-06-17 13:40:17.526828,United States Air Force,21-46087,6477,38000,39.8,23.3,KC-46A Pegasus,,,True
ae0386,UNKNOWN CALLSIGN,2025-06-17 13:40:17.526835,,59-1468,4275,34025,39.2,2.1,KC-135R Stratotanker,251,458,True
ae035c,UNKNOWN CALLSIGN,2025-06-17 13:40:17.526839,,58-0062,3461,7475,36.0,-5.3,KC-135R Stratotanker,311,282,True
ae0650,UNKNOWN CALLSIGN,2025-06-17 13:40:17.526845,,58-0049,5512,36000,37.8,-0.4,KC-135R Stratotanker,251,464,True
ae1453,RCH300,2025-06-17 13:40:17.526850,United States Air Force,05-5149,6426,7150,43.1,26.2,C-17A Globemaster,,,True
ae2fa7,RCH821,2025-06-17 13:40:17.526855,United States Air Force,08-8195,2062,32475,39.3,2.2,C-17A Globemaster,,,True
ae4d68,RCH289,2025-06-17 13:40:17.526860,United States Air Force,10-0215,7646,33000,47.5,20.2,C-17A Globemaster,,,True
ae4f14,RCH797,2025-06-17 13:41:18.251197,United States Air Force,10-0220,0410,2775,52.532425,0.15775,C-17A Globemaster,89,226,False
ae1467,RCH804,2025-06-17 13:41:18.251218,United States Air Force,07-7169,2551,11250,49.78585,7.588451,C-17A Globemaster,330,337,False
3b7775,FAF4098,2025-06-17 13:41:18.251227,Force Aerienne Francaise,497,4317,29050,40.52623,13.418518,KC-135R Stratotanker,127,491,False
ae07ef,RCH860,2025-06-17 13:41:18.251233,United States Air Force,96-0005,2670,28000,49.711601,14.4868,C-17A Globemaster,290,458,False
ae63c3,GOLD82,2025-06-17 13:41:18.251243,United States Air Force,21-46087,6477,38000,39.8,23.7,KC-46A Pegasus,,,True
ae0386,UNKNOWN CALLSIGN,2025-06-17 13:41:18.251251,,59-1468,4275,34025,39.2,2.0,KC-135R Stratotanker,251,458,True
ae0650,UNKNOWN CALLSIGN,2025-06-17 13:41:18.251256,,58-0049,3473,36000,37.1,-0.9,KC-135R Stratotanker,284,456,True
ae4d68,RCH289,2025-06-17 13:41:18.251261,United States Air Force,10-0215,7646,33000,47.1,20.9,C-17A Globemaster,,,True
ae2fa7,RCH821,2025-06-17 13:41:18.251265,United States Air Force,08-8195,2062,32975,39.2,1.9,C-17A Globemaster,,,True
ae1453,RCH300,2025-06-17 13:41:18.251271,United States Air Force,05-5149,6426,Unavailable,43.1,26.2,C-17A Globemaster,,,True
ae035c,UNKNOWN CALLSIGN,2025-06-17 13:41:18.251275,,58-0062,3461,5875,35.9,-5.4,KC-135R Stratotanker,310,264,True
ae4f14,RCH797,2025-06-17 13:42:19.390955,United States Air Force,10-0220,0410,2750,52.535708,0.260612,C-17A Globemaster,80,228,False
ae1467,RCH804,2025-06-17 13:42:19.390975,United States Air Force,07-7169,2551,12675,49.876362,7.507949,C-17A Globemaster,326,349,False
3b7775,FAF4098,2025-06-17 13:42:19.390985,Force Aerienne Francaise,497,4317,29025,40.449519,13.549763,KC-135R Stratotanker,127,487,False
ae07ef,RCH860,2025-06-17 13:42:19.390990,United States Air Force,96-0005,2670,28000,49.77113,14.2284,C-17A Globemaster,290,479,False
ae63c3,GOLD82,2025-06-17 13:42:19.391000,United States Air Force,21-46087,6477,38025,40.0,24.2,KC-46A Pegasus,,,True
ae0386,UNKNOWN CALLSIGN,2025-06-17 13:42:19.391007,,59-1468,4275,34025,39.2,2.0,KC-135R Stratotanker,251,460,True
ae035c,UNKNOWN CALLSIGN,2025-06-17 13:42:19.391012,,58-0062,3461,5225,35.8,-5.5,KC-135R Stratotanker,310,244,True
ae0650,UNKNOWN CALLSIGN,2025-06-17 13:42:19.391017,,58-0049,3473,35000,37.3,-1.0,KC-135R Stratotanker,284,436,True
ae2fa7,RCH821,2025-06-17 13:42:19.391023,United States Air Force,08-8195,2062,33000,39.2,1.8,C-17A Globemaster,,,True
ae4d68,RCH289,2025-06-17 13:42:19.391028,United States Air Force,10-0215,7646,33000,48.2,18.4,C-17A Globemaster,,,True
ae4f14,RCH797,2025-06-17 13:43:20.076158,United States Air Force,10-0220,0410,2775,52.545752,0.370828,C-17A Globemaster,81,222,False
ae1467,RCH804,2025-06-17 13:43:20.076174,United States Air Force,07-7169,2551,14275,49.967395,7.420509,C-17A Globemaster,324,354,False
3b7775,FAF4098,2025-06-17 13:43:20.076182,Force Aerienne Francaise,497,4317,29050,40.360336,13.70166,KC-135R Stratotanker,127,487,False
ae07ef,RCH860,2025-06-17 13:43:20.076187,United States Air Force,96-0005,2670,28000,49.814651,14.040184,C-17A Globemaster,292,457,False
ae63c3,GOLD82,2025-06-17 13:43:20.076197,United States Air Force,21-46087,6477,38000,40.0,24.2,KC-46A Pegasus,,,True
ae0386,UNKNOWN CALLSIGN,2025-06-17 13:43:20.076204,,59-1468,4275,34025,39.2,2.0,KC-135R Stratotanker,251,462,True
ae0650,UNKNOWN CALLSIGN,2025-06-17 13:43:20.076210,,58-0049,3473,33775,36.4,-1.4,KC-135R Stratotanker,284,430,True
ae4d68,RCH289,2025-06-17 13:43:20.076214,United States Air Force,10-0215,7646,33000,47.0,20.8,C-17A Globemaster,,,True
ae2fa7,RCH821,2025-06-17 13:43:20.076218,United States Air Force,08-8195,2062,33000,39.3,1.6,C-17A Globemaster,,,True
ae574f,UNKNOWN CALLSIGN,2025-06-17 13:43:20.076222,,15-46009,0360,Unavailable,32.0,31.2,KC-46A Pegasus,,,True
ae035c,UNKNOWN CALLSIGN,2025-06-17 13:43:20.076226,,58-0062,3461,4275,35.8,-5.5,KC-135R Stratotanker,315,236,True
ae4f14,RCH797,2025-06-17 13:44:21.021931,United States Air Force,10-0220,0410,2775,52.554914,0.462672,C-17A Globemaster,82,232,False
ae1467,RCH804,2025-06-17 13:44:21.021949,United States Air Force,07-7169,2551,16100,50.0631,7.341178,C-17A Globemaster,330,360,False
3b7775,FAF4098,2025-06-17 13:44:21.021958,Force Aerienne Francaise,497,4317,29025,40.274669,13.846706,KC-135R Stratotanker,127,486,False
ae07ef,RCH860,2025-06-17 13:44:21.021963,United States Air Force,96-0005,2670,28000,49.846298,13.9005,C-17A Globemaster,289,464,False
ae63c3,GOLD82,2025-06-17 13:44:21.021973,United States Air Force,21-46087,6477,38000,40.5,23.6,KC-46A Pegasus,,,True
ae0386,UNKNOWN CALLSIGN,2025-06-17 13:44:21.021979,,59-1468,4275,34025,39.2,1.9,KC-135R Stratotanker,251,462,True
ae0650,UNKNOWN CALLSIGN,2025-06-17 13:44:21.021985,,58-0049,3473,32600,35.8,-1.8,KC-135R Stratotanker,284,422,True
ae574f,UNKNOWN CALLSIGN,2025-06-17 13:44:21.021993,,15-46009,0360,36000,32.0,31.2,KC-46A Pegasus,,,True
ae2fa7,RCH821,2025-06-17 13:44:21.021998,United States Air Force,08-8195,2062,33000,39.2,1.7,C-17A Globemaster,,,True
ae4d68,RCH289,2025-06-17 13:44:21.022004,United States Air Force,10-0215,7646,33000,46.5,22.1,C-17A Globemaster,,,True
ae4f14,RCH797,2025-06-17 13:45:21.954008,United States Air Force,10-0220,0410,2775,52.563629,0.569889,C-17A Globemaster,84,220,False
ae1467,RCH804,2025-06-17 13:45:21.954029,United States Air Force,07-7169,2551,17900,50.156477,7.254542,C-17A Globemaster,330,413,False
ae07ef,RCH860,2025-06-17 13:45:21.954040,United States Air Force,96-0005,2670,28000,49.893101,13.7017,C-17A Globemaster,289,451,False
3b7775,FAF4098,2025-06-17 13:45:21.954047,Force Aerienne Francaise,497,4317,29025,40.232712,13.917725,KC-135R Stratotanker,127,486,False
ae63c3,GOLD82,2025-06-17 13:45:21.954061,United States Air Force,21-46087,6477,38000,41.0,23.6,KC-46A Pegasus,,,True
ae0386,UNKNOWN CALLSIGN,2025-06-17 13:45:21.954070,,59-1468,4275,34025,39.2,1.9,KC-135R Stratotanker,251,462,True
ae0650,UNKNOWN CALLSIGN,2025-06-17 13:45:21.954078,,58-0049,3473,31500,35.7,-1.9,KC-135R Stratotanker,284,426,True
ae4d68,RCH289,2025-06-17 13:45:21.954084,United States Air Force,10-0215,7646,33000,48.1,19.0,C-17A Globemaster,,,True
ae2fa7,RCH821,2025-06-17 13:45:21.954090,United States Air Force,08-8195,2062,33000,39.3,1.4,C-17A Globemaster,,,True
ae574f,UNKNOWN CALLSIGN,2025-06-17 13:45:21.954096,,15-46009,0360,36025,32.0,31.2,KC-46A Pegasus,,,True
ae4f14,RCH797,2025-06-17 13:46:22.662339,United States Air Force,10-0220,0410,2775,52.57369,0.675906,C-17A Globemaster,83,218,False
ae1467,RCH804,2025-06-17 13:46:22.662363,United States Air Force,07-7169,2551,19450,50.254206,7.164931,C-17A Globemaster,328,409,False
ae07ef,RCH860,2025-06-17 13:46:22.662376,United States Air Force,96-0005,2670,28000,49.928799,13.5361,C-17A Globemaster,288,444,False
ae63c3,GOLD82,2025-06-17 13:46:22.662390,United States Air Force,21-46087,6040,38000,41.4,23.7,KC-46A Pegasus,,,True
ae0386,UNKNOWN CALLSIGN,2025-06-17 13:46:22.662399,,59-1468,4275,34025,39.2,1.9,KC-135R Stratotanker,251,462,True
ae0650,UNKNOWN CALLSIGN,2025-06-17 13:46:22.662406,,58-0049,3473,30575,35.7,-1.8,KC-135R Stratotanker,284,428,True
ae574f,UNKNOWN CALLSIGN,2025-06-17 13:46:22.662413,,15-46009,0360,36000,32.0,31.2,KC-46A Pegasus,,,True
ae2fa7,RCH821,2025-06-17 13:46:22.662442,United States Air Force,08-8195,2062,33000,39.3,1.4,C-17A Globemaster,,,True
ae4d68,RCH289,2025-06-17 13:46:22.662465,United States Air Force,10-0215,7646,33000,46.2,22.4,C-17A Globemaster,,,True
ae4f14,RCH797,2025-06-17 13:47:23.370512,United States Air Force,10-0220,0410,2750,52.553489,0.756958,C-17A Globemaster,162,248,False
ae1467,RCH804,2025-06-17 13:47:23.370528,United States Air Force,07-7169,2551,20725,50.351156,7.072311,C-17A Globemaster,326,408,False
ae07ef,RCH860,2025-06-17 13:47:23.370535,United States Air Force,96-0005,2670,28000,49.983792,13.283438,C-17A Globemaster,288,479,False
3b7775,FAF4098,2025-06-17 13:47:23.370541,Force Aerienne Francaise,497,4317,29025,40.025116,14.265686,KC-135R Stratotanker,127,485,False
ae63c3,GOLD82,2025-06-17 13:47:23.370550,United States Air Force,21-46087,6040,38025,41.0,23.9,KC-46A Pegasus,,,True
ae0386,UNKNOWN CALLSIGN,2025-06-17 13:47:23.370557,,59-1468,4275,34025,39.2,1.9,KC-135R Stratotanker,251,464,True
ae0650,UNKNOWN CALLSIGN,2025-06-17 13:47:23.370563,,58-0049,3473,29800,35.6,-2.3,KC-135R Stratotanker,283,426,True
ae4d68,RCH289,2025-06-17 13:47:23.370567,United States Air Force,10-0215,7646,33000,45.7,23.2,C-17A Globemaster,,,True
ae2fa7,RCH821,2025-06-17 13:47:23.370572,United States Air Force,08-8195,2062,32975,39.3,1.3,C-17A Globemaster,,,True
ae4f14,RCH797,2025-06-17 13:48:24.086023,United States Air Force,10-0220,0410,1950,52.509692,0.731521,C-17A Globemaster,239,186,False
ae1467,RCH804,2025-06-17 13:48:24.086039,United States Air Force,07-7169,2551,21725,50.439141,6.964049,C-17A Globemaster,322,423,False
ae07ef,RCH860,2025-06-17 13:48:24.086047,United States Air Force,96-0005,2670,28000,50.022306,13.113474,C-17A Globemaster,289,452,False
3b7775,FAF4098,2025-06-17 13:48:24.086052,Force Aerienne Francaise,497,4317,29050,39.940247,14.406982,KC-135R Stratotanker,128,485,False
477ff1,BRK94,2025-06-17 13:48:24.086060,SAC Heavy Airlift Wing,01,2353,23250,38.793045,32.890797,C-17A Globemaster,17,421,False
ae63c3,GOLD82,2025-06-17 13:48:24.086067,United States Air Force,21-46087,6040,38025,41.5,23.5,KC-46A Pegasus,,,True
ae0386,UNKNOWN CALLSIGN,2025-06-17 13:48:24.086073,,59-1468,4275,34025,39.2,1.8,KC-135R Stratotanker,251,466,True
ae0650,UNKNOWN CALLSIGN,2025-06-17 13:48:24.086079,,58-0049,3473,29175,35.6,-2.3,KC-135R Stratotanker,283,420,True
ae2fa7,RCH821,2025-06-17 13:48:24.086084,United States Air Force,08-8195,2062,33000,39.3,1.3,C-17A Globemaster,,,True
ae4d68,RCH289,2025-06-17 13:48:24.086090,United States Air Force,10-0215,7646,33000,45.1,24.0,C-17A Globemaster,,,True
ae4f14,RCH797,2025-06-17 13:49:24.777617,United States Air Force,10-0220,0410,1600,52.467112,0.68914,C-17A Globemaster,210,170,False
ae1467,RCH804,2025-06-17 13:49:24.777635,United States Air Force,07-7169,2551,22625,50.531145,6.846229,C-17A Globemaster,321,400,False
ae07ef,RCH860,2025-06-17 13:49:24.777644,United States Air Force,96-0005,2670,28000,50.055801,12.9657,C-17A Globemaster,289,472,False
3b7775,FAF4098,2025-06-17 13:49:24.777650,Force Aerienne Francaise,497,4317,29025,39.855186,14.547913,KC-135R Stratotanker,128,484,False
477ff1,BRK94,2025-06-17 13:49:24.777658,SAC Heavy Airlift Wing,01,2353,24000,38.906525,32.884409,C-17A Globemaster,323,436,False
ae63c3,GOLD82,2025-06-17 13:49:24.777665,United States Air Force,21-46087,6040,38000,42.4,23.0,KC-46A Pegasus,,,True
ae0386,UNKNOWN CALLSIGN,2025-06-17 13:49:24.777672,,59-1468,4275,34025,39.2,1.7,KC-135R Stratotanker,251,468,True
ae0650,UNKNOWN CALLSIGN,2025-06-17 13:49:24.777677,,58-0049,3473,28500,35.7,-2.4,KC-135R Stratotanker,283,418,True
ae2fa7,RCH821,2025-06-17 13:49:24.777682,United States Air Force,08-8195,2062,33000,39.3,1.2,C-17A Globemaster,,,True
ae4d68,RCH289,2025-06-17 13:49:24.777688,United States Air Force,10-0215,7646,33000,44.4,24.0,C-17A Globemaster,,,True
ae4f14,RCH797,2025-06-17 13:50:25.683959,United States Air Force,10-0220,0410,650,52.441624,0.638917,C-17A Globemaster,246,151,False
ae1467,RCH804,2025-06-17 13:50:25.683982,United States Air Force,07-7169,2551,23325,50.625445,6.724692,C-17A Globemaster,319,406,False
ae07ef,RCH860,2025-06-17 13:50:25.683991,United States Air Force,96-0005,7426,28000,50.0975,12.7528,C-17A Globemaster,282,474,False
3b7775,FAF4098,2025-06-17 13:50:25.683997,Force Aerienne Francaise,497,4317,29050,39.770368,14.687805,KC-135R Stratotanker,128,484,False
477ff1,BRK94,2025-06-17 13:50:25.684006,SAC Heavy Airlift Wing,01,2353,24025,38.939026,32.824641,C-17A Globemaster,287,448,False
ae63c3,GOLD82,2025-06-17 13:50:25.684014,United States Air Force,21-46087,6040,38000,43.1,23.2,KC-46A Pegasus,,,True
ae0386,UNKNOWN CALLSIGN,2025-06-17 13:50:25.684020,,59-1468,4275,34025,39.2,1.8,KC-135R Stratotanker,250,466,True
ae0650,UNKNOWN CALLSIGN,2025-06-17 13:50:25.684026,,58-0049,3473,27850,35.8,-3.1,KC-135R Stratotanker,283,416,True
ae2fa7,RCH821,2025-06-17 13:50:25.684031,United States Air Force,08-8195,2062,33000,39.5,1.3,C-17A Globemaster,,,True
ae4d68,RCH289,2025-06-17 13:50:25.684036,United States Air Force,10-0215,7646,33000,44.9,24.1,C-17A Globemaster,,,True
ae1467,RCH804,2025-06-17 13:51:26.347455,United States Air Force,07-7169,2551,23850,50.718998,6.604083,C-17A Globemaster,321,426,False
ae07ef,RCH860,2025-06-17 13:51:26.347477,United States Air Force,96-0005,7426,28000,50.075385,12.512667,C-17A Globemaster,258,474,False
3b7775,FAF4098,2025-06-17 13:51:26.347485,Force Aerienne Francaise,497,4317,29050,39.713947,14.780579,KC-135R Stratotanker,128,484,False
ae63c3,GOLD82,2025-06-17 13:51:26.347495,United States Air Force,21-46087,6040,38000,43.3,23.5,KC-46A Pegasus,,,True
ae0386,UNKNOWN CALLSIGN,2025-06-17 13:51:26.347503,,59-1468,4275,34025,39.2,1.6,KC-135R Stratotanker,250,464,True
ae0650,UNKNOWN CALLSIGN,2025-06-17 13:51:26.347508,,58-0049,3473,27400,36.0,-3.6,KC-135R Stratotanker,283,412,True
ae2fa7,RCH821,2025-06-17 13:51:26.347514,United States Air Force,08-8195,2062,33000,39.3,1.4,C-17A Globemaster,,,True
ae4d68,RCH289,2025-06-17 13:51:26.347520,United States Air Force,10-0215,7646,33000,44.2,24.2,C-17A Globemaster,,,True
ae4f14,RCH797,2025-06-17 13:51:26.347524,United States Air Force,10-0220,0410,0,52.9,1.2,C-17A Globemaster,,,True
ae0650,UNKNOWN CALLSIGN,2025-06-17 13:52:27.320844,,58-0049,3473,26725,36.578941,-3.124999,KC-135R Stratotanker,283,406,False
ae4f14,RCH797,2025-06-17 13:52:27.320864,United States Air Force,10-0220,0410,1750,52.390064,0.50728,C-17A Globemaster,111,344,False
ae1467,RCH804,2025-06-17 13:52:27.320872,United States Air Force,07-7169,2551,24475,50.80584,6.490512,C-17A Globemaster,321,455,False
ae07ef,RCH860,2025-06-17 13:52:27.320881,United States Air Force,96-0005,7426,28000,50.054776,12.315004,C-17A Globemaster,261,474,False
3b7775,FAF4098,2025-06-17 13:52:27.320888,Force Aerienne Francaise,497,4317,29050,39.602188,14.963737,KC-135R Stratotanker,128,486,False
477ff1,BRK94,2025-06-17 13:52:27.320896,SAC Heavy Airlift Wing,01,2353,24000,39.026277,32.447266,C-17A Globemaster,286,445,False
ae63c3,GOLD82,2025-06-17 13:52:27.320904,United States Air Force,21-46087,6040,38000,43.5,23.5,KC-46A Pegasus,,,True
ae0386,UNKNOWN CALLSIGN,2025-06-17 13:52:27.320913,,59-1468,4275,34025,39.2,1.8,KC-135R Stratotanker,250,462,True
ae4d68,RCH289,2025-06-17 13:52:27.320918,United States Air Force,10-0215,7646,33000,44.4,24.1,C-17A Globemaster,,,True
ae2fa7,RCH821,2025-06-17 13:52:27.320924,United States Air Force,08-8195,2062,33000,41.3,4.8,C-17A Globemaster,,,True
ae0650,UNKNOWN CALLSIGN,2025-06-17 13:53:27.910809,,58-0049,3473,25925,36.599226,-3.259647,KC-135R Stratotanker,283,398,False
ae4f14,RCH797,2025-06-17 13:53:27.910826,United States Air Force,10-0220,0410,2675,52.43179,0.442491,C-17A Globemaster,330,193,False
ae1467,RCH804,2025-06-17 13:53:27.910834,United States Air Force,07-7169,2551,25350,50.904568,6.362953,C-17A Globemaster,319,422,False
ae07ef,RCH860,2025-06-17 13:53:27.910840,United States Air Force,96-0005,7426,28000,50.040798,12.176,C-17A Globemaster,261,479,False
3b7775,FAF4098,2025-06-17 13:53:27.910845,Force Aerienne Francaise,497,4317,29025,39.533707,15.075332,KC-135R Stratotanker,128,487,False
477ff1,BRK94,2025-06-17 13:53:27.910852,SAC Heavy Airlift Wing,01,2353,24000,39.061111,32.293595,C-17A Globemaster,286,448,False
ae63c3,GOLD82,2025-06-17 13:53:27.910859,United States Air Force,21-46087,6040,38000,43.5,23.5,KC-46A Pegasus,,,True
ae0386,UNKNOWN CALLSIGN,2025-06-17 13:53:27.910865,,59-1468,4275,34025,39.2,1.8,KC-135R Stratotanker,250,462,True
ae4d68,RCH289,2025-06-17 13:53:27.910870,United States Air Force,10-0215,7646,33000,44.1,24.0,C-17A Globemaster,,,True
ae2fa7,RCH821,2025-06-17 13:53:27.910875,United States Air Force,08-8195,2062,33000,40.9,4.3,C-17A Globemaster,,,True
ae0650,UNKNOWN CALLSIGN,2025-06-17 13:54:28.608856,,58-0049,3473,24975,36.617124,-3.317294,KC-135R Stratotanker,283,388,False
ae4f14,RCH797,2025-06-17 13:54:28.608873,United States Air Force,10-0220,0410,3450,52.483824,0.456003,C-17A Globemaster,59,271,False
ae1467,RCH804,2025-06-17 13:54:28.608880,United States Air Force,07-7169,2551,25975,50.994199,6.24672,C-17A Globemaster,321,411,False
ae07ef,RCH860,2025-06-17 13:54:28.608886,United States Air Force,96-0005,7426,28000,50.018501,11.9945,C-17A Globemaster,261,479,False
3b7775,FAF4098,2025-06-17 13:54:28.608892,Force Aerienne Francaise,497,4317,29050,39.430909,15.242188,KC-135R Stratotanker,128,488,False
ae63c3,GOLD82,2025-06-17 13:54:28.608901,United States Air Force,21-46087,6040,38000,43.4,23.3,KC-46A Pegasus,,,True
ae0386,UNKNOWN CALLSIGN,2025-06-17 13:54:28.608909,,59-1468,4275,34025,39.3,1.5,KC-135R Stratotanker,250,462,True
477ff1,BRK94,2025-06-17 13:54:28.608914,SAC Heavy Airlift Wing,01,2353,24000,38.9,32.5,C-17A Globemaster,286,446,True
ae574f,UNKNOWN CALLSIGN,2025-06-17 13:54:28.608920,,15-46009,Unavailable,Unavailable,31.9,31.2,KC-46A Pegasus,,,True
ae4d68,RCH289,2025-06-17 13:54:28.608924,United States Air Force,10-0215,7646,33000,43.8,24.0,C-17A Globemaster,,,True
ae2fa7,RCH821,2025-06-17 13:54:28.608930,United States Air Force,08-8195,2062,33000,39.6,1.9,C-17A Globemaster,,,True
ae4f14,RCH797,2025-06-17 13:55:29.314178,United States Air Force,10-0220,0410,4150,52.498693,0.560157,C-17A Globemaster,78,222,False
ae1467,RCH804,2025-06-17 13:55:29.314196,United States Air Force,07-7169,2551,26000,51.087382,6.122512,C-17A Globemaster,320,432,False
ae07ef,RCH860,2025-06-17 13:55:29.314203,United States Air Force,96-0005,7426,28000,49.992699,11.7631,C-17A Globemaster,262,471,False
3b7775,FAF4098,2025-06-17 13:55:29.314210,Force Aerienne Francaise,497,4317,29050,39.346573,15.378352,KC-135R Stratotanker,128,488,False
477ff1,BRK94,2025-06-17 13:55:29.314217,SAC Heavy Airlift Wing,01,2353,24000,39.122681,32.019295,C-17A Globemaster,286,448,False
ae63c3,GOLD82,2025-06-17 13:55:29.314225,United States Air Force,21-46087,6040,38000,43.4,23.3,KC-46A Pegasus,,,True
ae0386,UNKNOWN CALLSIGN,2025-06-17 13:55:29.314233,,59-1468,4275,34025,39.3,1.6,KC-135R Stratotanker,250,462,True
ae0650,UNKNOWN CALLSIGN,2025-06-17 13:55:29.314238,,58-0049,3473,23850,35.8,-4.2,KC-135R Stratotanker,283,382,True
ae4d68,RCH289,2025-06-17 13:55:29.314243,United States Air Force,10-0215,7646,33000,43.8,23.9,C-17A Globemaster,,,True
ae2fa7,RCH821,2025-06-17 13:55:29.314248,United States Air Force,08-8195,2062,33000,39.5,1.7,C-17A Globemaster,,,True
ae4f14,RCH797,2025-06-17 13:56:30.029125,United States Air Force,10-0220,0410,4875,52.511409,0.660186,C-17A Globemaster,80,235,False
ae1467,RCH804,2025-06-17 13:56:30.029141,United States Air Force,07-7169,2551,26000,51.17879,6.003648,C-17A Globemaster,321,462,False
ae07ef,RCH860,2025-06-17 13:56:30.029148,United States Air Force,96-0005,7426,28000,49.9702,11.5806,C-17A Globemaster,257,465,False
3b7775,FAF4098,2025-06-17 13:56:30.029155,Force Aerienne Francaise,497,4317,29050,39.336594,15.394348,KC-135R Stratotanker,128,488,False
477ff1,BRK94,2025-06-17 13:56:30.029162,SAC Heavy Airlift Wing,01,2353,24000,39.149454,31.899109,C-17A Globemaster,285,448,False
ae63c3,GOLD82,2025-06-17 13:56:30.029169,United States Air Force,21-46087,6040,38000,43.5,23.5,KC-46A Pegasus,,,True
ae0386,UNKNOWN CALLSIGN,2025-06-17 13:56:30.029175,,59-1468,4275,34025,39.3,1.5,KC-135R Stratotanker,250,464,True
ae0650,UNKNOWN CALLSIGN,2025-06-17 13:56:30.029180,,58-0049,3473,22825,35.8,-4.4,KC-135R Stratotanker,283,376,True
ae2fa7,RCH821,2025-06-17 13:56:30.029185,United States Air Force,08-8195,2062,33000,39.4,1.3,C-17A Globemaster,,,True
ae4d68,RCH289,2025-06-17 13:56:30.029191,United States Air Force,10-0215,7646,33000,43.6,24.0,C-17A Globemaster,,,True
ae0650,UNKNOWN CALLSIGN,2025-06-17 13:57:30.889842,,58-0049,3473,21675,36.704456,-3.787606,KC-135R Stratotanker,283,376,False
ae4f14,RCH797,2025-06-17 13:57:30.889860,United States Air Force,10-0220,0410,5600,52.524225,0.764588,C-17A Globemaster,77,220,False
ae1467,RCH804,2025-06-17 13:57:30.889867,United States Air Force,07-7169,2551,26000,51.262787,5.87331,C-17A Globemaster,309,475,False
ae07ef,RCH860,2025-06-17 13:57:30.889874,United States Air Force,96-0005,7426,28000,49.941549,11.32019,C-17A Globemaster,260,475,False
477ff1,BRK94,2025-06-17 13:57:30.889882,SAC Heavy Airlift Wing,01,2353,24000,39.191254,31.710125,C-17A Globemaster,285,448,False
ae63c3,GOLD82,2025-06-17 13:57:30.889888,United States Air Force,21-46087,6040,38000,43.4,23.0,KC-46A Pegasus,,,True
ae0386,UNKNOWN CALLSIGN,2025-06-17 13:57:30.889895,,59-1468,4275,34025,39.4,1.3,KC-135R Stratotanker,250,464,True
ae2fa7,RCH821,2025-06-17 13:57:30.889900,United States Air Force,08-8195,2062,32975,39.6,1.1,C-17A Globemaster,,,True
ae4d68,RCH289,2025-06-17 13:57:30.889906,United States Air Force,10-0215,7646,33000,43.7,24.0,C-17A Globemaster,,,True
3b7775,FAF4098,2025-06-17 13:57:30.889912,Force Aerienne Francaise,497,4317,Unavailable,35.9,16.4,KC-135R Stratotanker,128,486,True
ae0650,UNKNOWN CALLSIGN,2025-06-17 13:58:31.560100,,58-0049,3473,20850,36.725983,-3.922068,KC-135R Stratotanker,283,370,False
ae4f14,RCH797,2025-06-17 13:58:31.560118,United States Air Force,10-0220,0410,6000,52.537988,0.874007,C-17A Globemaster,80,221,False
ae1467,RCH804,2025-06-17 13:58:31.560125,United States Air Force,07-7169,2551,26000,51.347589,5.719834,C-17A Globemaster,313,455,False
ae07ef,RCH860,2025-06-17 13:58:31.560132,United States Air Force,96-0005,7426,26950,49.91739,11.123463,C-17A Globemaster,259,472,False
477ff1,BRK94,2025-06-17 13:58:31.560140,SAC Heavy Airlift Wing,01,2353,24350,39.225009,31.556763,C-17A Globemaster,285,454,False
ae63c3,GOLD82,2025-06-17 13:58:31.560147,United States Air Force,21-46087,6040,38000,43.4,23.3,KC-46A Pegasus,,,True
ae0386,UNKNOWN CALLSIGN,2025-06-17 13:58:31.560153,,59-1468,4275,34025,39.5,1.1,KC-135R Stratotanker,250,464,True
ae2fa7,RCH821,2025-06-17 13:58:31.560159,United States Air Force,08-8195,2062,33000,39.5,1.6,C-17A Globemaster,,,True
ae4d68,RCH289,2025-06-17 13:58:31.560165,United States Air Force,10-0215,7646,33000,43.7,24.0,C-17A Globemaster,,,True
4b8202,ASENA21,2025-06-17 13:58:31.560170,Turkish Air Force,62-3567,2121,Unavailable,38.0,24.3,KC-135R Stratotanker,,,True
ae0650,UNKNOWN CALLSIGN,2025-06-17 13:59:32.286840,,58-0049,3473,20125,36.730009,-4.358273,KC-135R Stratotanker,283,362,False
ae4f14,RCH797,2025-06-17 13:59:32.286859,United States Air Force,10-0220,0410,6000,52.551243,0.976359,C-17A Globemaster,78,225,False
ae1467,RCH804,2025-06-17 13:59:32.286865,United States Air Force,07-7169,2551,26025,51.43615,5.559178,C-17A Globemaster,311,449,False
ae07ef,RCH860,2025-06-17 13:59:32.286872,United States Air Force,96-0005,7426,24900,49.894446,10.941342,C-17A Globemaster,256,427,False
3b7775,FAF4098,2025-06-17 13:59:32.286878,Force Aerienne Francaise,497,4317,29025,39.061983,15.833252,KC-135R Stratotanker,128,486,False
477ff1,BRK94,2025-06-17 13:59:32.286886,SAC Heavy Airlift Wing,01,2353,26500,39.268295,31.358324,C-17A Globemaster,285,456,False
ae63c3,GOLD82,2025-06-17 13:59:32.286893,United States Air Force,21-46087,6040,38000,43.3,23.5,KC-46A Pegasus,,,True
ae0386,UNKNOWN CALLSIGN,2025-06-17 13:59:32.286901,,59-1468,4275,34025,39.4,1.4,KC-135R Stratotanker,249,466,True
ae4d68,RCH289,2025-06-17 13:59:32.286906,United States Air Force,10-0215,7646,33000,43.4,25.4,C-17A Globemaster,,,True
ae2fa7,RCH821,2025-06-17 13:59:32.286912,United States Air Force,08-8195,2062,33000,39.6,1.0,C-17A Globemaster,,,True
ae0650,UNKNOWN CALLSIGN,2025-06-17 14:00:33.049922,,58-0049,3473,19375,36.782062,-4.171142,KC-135R Stratotanker,282,354,False
ae4f14,RCH797,2025-06-17 14:00:33.049940,United States Air Force,10-0220,0410,6000,52.572844,1.078645,C-17A Globemaster,68,239,False
ae1467,RCH804,2025-06-17 14:00:33.049947,United States Air Force,07-7169,2551,26000,51.522947,5.399706,C-17A Globemaster,310,440,False
ae07ef,RCH860,2025-06-17 14:00:33.049954,United States Air Force,96-0005,7426,22900,49.874599,10.7667,C-17A Globemaster,261,427,False
477ff1,BRK94,2025-06-17 14:00:33.049962,SAC Heavy Airlift Wing,01,2353,28300,39.302353,31.199799,C-17A Globemaster,285,456,False
ae63c3,GOLD82,2025-06-17 14:00:33.049969,United States Air Force,21-46087,6040,38000,43.4,23.6,KC-46A Pegasus,,,True
ae0386,UNKNOWN CALLSIGN,2025-06-17 14:00:33.049977,,59-1468,4275,34025,39.4,1.1,KC-135R Stratotanker,249,466,True
ae4d68,RCH289,2025-06-17 14:00:33.049982,United States Air Force,10-0215,7646,33000,43.2,26.0,C-17A Globemaster,,,True
ae2fa7,RCH821,2025-06-17 14:00:33.049987,United States Air Force,08-8195,2062,33000,39.4,1.5,C-17A Globemaster,,,True
ae0650,UNKNOWN CALLSIGN,2025-06-17 14:01:33.739057,,58-0049,3473,18500,36.805318,-4.311969,KC-135R Stratotanker,282,354,False
ae4f14,RCH797,2025-06-17 14:01:33.739074,United States Air Force,10-0220,0410,6075,52.594249,1.179188,C-17A Globemaster,72,224,False
ae1467,RCH804,2025-06-17 14:01:33.739080,United States Air Force,07-7169,2551,26000,51.60746,5.245355,C-17A Globemaster,310,466,False
ae07ef,RCH860,2025-06-17 14:01:33.739087,United States Air Force,96-0005,7426,22050,49.855099,10.6122,C-17A Globemaster,259,419,False
ae63c3,GOLD82,2025-06-17 14:01:33.739097,United States Air Force,21-46087,6040,38000,43.5,23.4,KC-46A Pegasus,,,True
ae0386,UNKNOWN CALLSIGN,2025-06-17 14:01:33.739103,,59-1468,4275,34025,39.4,1.4,KC-135R Stratotanker,249,466,True
ae4d68,RCH289,2025-06-17 14:01:33.739108,United States Air Force,10-0215,7646,33000,43.3,25.7,C-17A Globemaster,,,True
ae2fa7,RCH821,2025-06-17 14:01:33.739113,United States Air Force,08-8195,2062,33000,39.6,2.1,C-17A Globemaster,,,True
ae574f,UNKNOWN CALLSIGN,2025-06-17 14:01:33.739118,,15-46009,0360,Unavailable,31.7,31.2,KC-46A Pegasus,,,True
ae0650,UNKNOWN CALLSIGN,2025-06-17 14:02:34.405475,,58-0049,3473,17650,36.832346,-4.429076,KC-135R Stratotanker,290,350,False
ae4f14,RCH797,2025-06-17 14:02:34.405507,United States Air Force,10-0220,0410,6000,52.614714,1.275626,C-17A Globemaster,70,237,False
ae1467,RCH804,2025-06-17 14:02:34.405513,United States Air Force,07-7169,2551,26000,51.688479,5.095749,C-17A Globemaster,310,453,False
ae07ef,RCH860,2025-06-17 14:02:34.405519,United States Air Force,96-0005,7426,22000,49.827485,10.376308,C-17A Globemaster,259,419,False
3b7775,FAF4098,2025-06-17 14:02:34.405525,Force Aerienne Francaise,497,4317,29025,38.77771,16.281201,KC-135R Stratotanker,129,486,False
ae63c3,GOLD82,2025-06-17 14:02:34.405533,United States Air Force,21-46087,6040,38000,43.4,22.9,KC-46A Pegasus,,,True
ae0386,UNKNOWN CALLSIGN,2025-06-17 14:02:34.405538,,59-1468,4275,34025,39.4,1.4,KC-135R Stratotanker,253,470,True
ae2fa7,RCH821,2025-06-17 14:02:34.405544,United States Air Force,08-8195,2062,33000,39.4,1.4,C-17A Globemaster,,,True
ae4d68,RCH289,2025-06-17 14:02:34.405549,United States Air Force,10-0215,7646,33000,43.1,26.2,C-17A Globemaster,,,True
ae574f,UNKNOWN CALLSIGN,2025-06-17 14:02:34.405554,,15-46009,0360,36000,31.7,31.2,KC-46A Pegasus,,,True
ae0650,UNKNOWN CALLSIGN,2025-06-17 14:03:35.337511,,58-0049,3473,16825,36.864849,-4.542837,KC-135R Stratotanker,290,350,False
ae4f14,RCH797,2025-06-17 14:03:35.337528,United States Air Force,10-0220,0410,6000,52.65323,1.347126,C-17A Globemaster,8,234,False
ae1467,RCH804,2025-06-17 14:03:35.337535,United States Air Force,07-7169,2551,26000,51.773182,4.93793,C-17A Globemaster,310,463,False
ae07ef,RCH860,2025-06-17 14:03:35.337542,United States Air Force,96-0005,7426,22000,49.80214,10.195709,C-17A Globemaster,258,425,False
3b7775,FAF4098,2025-06-17 14:03:35.337549,Force Aerienne Francaise,497,4317,29025,38.665237,16.456684,KC-135R Stratotanker,129,484,False
ae63c3,GOLD82,2025-06-17 14:03:35.337558,United States Air Force,21-46087,6040,38000,43.4,23.4,KC-46A Pegasus,,,True
ae0386,UNKNOWN CALLSIGN,2025-06-17 14:03:35.337564,,59-1468,4275,34025,39.4,1.4,KC-135R Stratotanker,253,472,True
ae2fa7,RCH821,2025-06-17 14:03:35.337570,United States Air Force,08-8195,2062,33000,39.2,1.2,C-17A Globemaster,,,True
ae4d68,RCH289,2025-06-17 14:03:35.337576,United States Air Force,10-0215,7646,33000,43.6,23.9,C-17A Globemaster,,,True
ae574f,GOLD32,2025-06-17 14:03:35.337582,,15-46009,0360,36000,31.6,31.2,KC-46A Pegasus,,,True
ae0650,UNKNOWN CALLSIGN,2025-06-17 14:04:36.027975,,58-0049,3473,16100,36.893782,-4.661306,KC-135R Stratotanker,290,348,False
ae4f14,RCH797,2025-06-17 14:04:36.027994,United States Air Force,10-0220,0410,6000,52.668559,1.274617,C-17A Globemaster,234,331,False
ae1467,RCH804,2025-06-17 14:04:36.028000,United States Air Force,07-7169,2551,26000,51.854001,4.787181,C-17A Globemaster,311,457,False
ae07ef,RCH860,2025-06-17 14:04:36.028008,United States Air Force,96-0005,7426,22000,49.784801,10.064,C-17A Globemaster,260,437,False
3b7775,FAF4098,2025-06-17 14:04:36.028015,Force Aerienne Francaise,497,4317,29050,38.572952,16.600103,KC-135R Stratotanker,129,485,False
ae63c3,GOLD82,2025-06-17 14:04:36.028023,United States Air Force,21-46087,6040,38025,43.5,23.5,KC-46A Pegasus,,,True
ae0386,UNKNOWN CALLSIGN,2025-06-17 14:04:36.028029,,59-1468,4275,34025,39.1,1.3,KC-135R Stratotanker,252,474,True
ae2fa7,RCH821,2025-06-17 14:04:36.028035,United States Air Force,08-8195,2062,32975,39.4,1.4,C-17A Globemaster,,,True
ae4d68,RCH289,2025-06-17 14:04:36.028042,United States Air Force,10-0215,7646,33025,43.4,24.3,C-17A Globemaster,,,True
ae574f,GOLD32,2025-06-17 14:04:36.028047,,15-46009,0360,36000,31.6,31.2,KC-46A Pegasus,,,True
ae0650,UNKNOWN CALLSIGN,2025-06-17 14:05:37.132047,,58-0049,3473,15525,36.899557,-4.771781,KC-135R Stratotanker,290,340,False
ae4f14,RCH797,2025-06-17 14:05:37.132065,United States Air Force,10-0220,0410,6000,52.639845,1.19144,C-17A Globemaster,243,210,False
ae1467,RCH804,2025-06-17 14:05:37.132071,United States Air Force,07-7169,2551,26000,51.942523,4.620212,C-17A Globemaster,311,465,False
ae07ef,RCH860,2025-06-17 14:05:37.132080,United States Air Force,96-0005,7426,22000,49.764,9.8753,C-17A Globemaster,262,408,False
3b7775,FAF4098,2025-06-17 14:05:37.132087,Force Aerienne Francaise,497,4317,29050,38.483757,16.738037,KC-135R Stratotanker,129,486,False
ae20c9,RCH320,2025-06-17 14:05:37.132095,United States Air Force,07-7188,1747,4275,43.0,29.4,C-17A Globemaster,,,True
ae63c3,GOLD82,2025-06-17 14:05:37.132101,United States Air Force,21-46087,6040,38000,43.5,23.4,KC-46A Pegasus,,,True
ae0386,UNKNOWN CALLSIGN,2025-06-17 14:05:37.132106,,59-1468,4275,34025,39.0,1.1,KC-135R Stratotanker,252,472,True
ae2fa7,RCH821,2025-06-17 14:05:37.132111,United States Air Force,08-8195,2062,33000,39.2,1.1,C-17A Globemaster,,,True
ae4d68,RCH289,2025-06-17 14:05:37.132117,United States Air Force,10-0215,7646,33625,43.1,26.2,C-17A Globemaster,,,True
ae574f,GOLD32,2025-06-17 14:05:37.132122,,15-46009,0360,36000,31.6,31.2,KC-46A Pegasus,,,True
ae0650,UNKNOWN CALLSIGN,2025-06-17 14:06:37.828619,,58-0049,3473,15025,36.952166,-4.870715,KC-135R Stratotanker,289,346,False
ae4f14,RCH797,2025-06-17 14:06:37.828637,United States Air Force,10-0220,0410,6000,52.609698,1.108624,C-17A Globemaster,233,216,False
ae1467,RCH804,2025-06-17 14:06:37.828644,United States Air Force,07-7169,2551,26000,52.025352,4.460532,C-17A Globemaster,310,469,False
ae07ef,RCH860,2025-06-17 14:06:37.828652,United States Air Force,96-0005,7426,22000,49.751301,9.7279,C-17A Globemaster,262,425,False
3b7775,FAF4098,2025-06-17 14:06:37.828659,Force Aerienne Francaise,497,4317,29025,38.395913,16.873448,KC-135R Stratotanker,129,488,False
ae20c9,RCH320,2025-06-17 14:06:37.828667,United States Air Force,07-7188,1747,6175,43.0,29.4,C-17A Globemaster,,,True
ae63c3,GOLD82,2025-06-17 14:06:37.828672,United States Air Force,21-46087,6040,38000,43.4,23.3,KC-46A Pegasus,,,True
ae0386,UNKNOWN CALLSIGN,2025-06-17 14:06:37.828678,,59-1468,4275,34025,39.0,1.2,KC-135R Stratotanker,252,472,True
ae2fa7,RCH821,2025-06-17 14:06:37.828684,United States Air Force,08-8195,2062,33000,39.2,1.4,C-17A Globemaster,,,True
ae4d68,RCH289,2025-06-17 14:06:37.828689,United States Air Force,10-0215,7646,34100,43.5,24.0,C-17A Globemaster,,,True
ae574f,GOLD32,2025-06-17 14:06:37.828695,,15-46009,0360,36000,31.6,31.2,KC-46A Pegasus,,,True
ae0650,UNKNOWN CALLSIGN,2025-06-17 14:07:38.498232,,58-0049,3473,15000,36.99659,-4.985953,KC-135R Stratotanker,289,338,False
ae4f14,RCH797,2025-06-17 14:07:38.498249,United States Air Force,10-0220,0410,6000,52.576996,1.02591,C-17A Globemaster,237,209,False
ae1467,RCH804,2025-06-17 14:07:38.498254,United States Air Force,07-7169,2551,26000,52.106166,4.30948,C-17A Globemaster,310,466,False
ae07ef,RCH860,2025-06-17 14:07:38.498260,United States Air Force,96-0005,7426,22000,49.730598,9.5216,C-17A Globemaster,261,424,False
3b7775,FAF4098,2025-06-17 14:07:38.498267,Force Aerienne Francaise,497,4317,29050,38.315964,16.996025,KC-135R Stratotanker,129,488,False
ae63c3,GOLD82,2025-06-17 14:07:38.498276,United States Air Force,21-46087,6040,38025,43.6,23.2,KC-46A Pegasus,,,True
ae0386,UNKNOWN CALLSIGN,2025-06-17 14:07:38.498282,,59-1468,4275,34025,39.0,1.1,KC-135R Stratotanker,252,470,True
ae4d68,RCH289,2025-06-17 14:07:38.498286,United States Air Force,10-0215,7646,34625,43.3,25.8,C-17A Globemaster,,,True
ae20c9,RCH320,2025-06-17 14:07:38.498291,United States Air Force,07-7188,1747,7150,43.0,29.4,C-17A Globemaster,,,True
ae2fa7,RCH821,2025-06-17 14:07:38.498295,United States Air Force,08-8195,2062,33000,39.4,1.2,C-17A Globemaster,,,True
ae574f,GOLD32,2025-06-17 14:07:38.498300,,15-46009,0360,36000,31.6,31.2,KC-46A Pegasus,,,True
ae0650,UNKNOWN CALLSIGN,2025-06-17 14:08:39.189339,,58-0049,3473,15000,37.037399,-5.104833,KC-135R Stratotanker,289,298,False
ae4f14,RCH797,2025-06-17 14:08:39.189396,United States Air Force,10-0220,0410,6000,52.545769,0.945908,C-17A Globemaster,236,210,False
ae1467,RCH804,2025-06-17 14:08:39.189403,United States Air Force,07-7169,2551,26000,52.19099,4.145377,C-17A Globemaster,310,450,False
ae07ef,RCH860,2025-06-17 14:08:39.189411,United States Air Force,96-0005,7426,22000,49.708593,9.304122,C-17A Globemaster,261,413,False
3b7775,FAF4098,2025-06-17 14:08:39.189418,Force Aerienne Francaise,497,4317,29050,38.233399,17.122192,KC-135R Stratotanker,129,489,False
ae63c3,GOLD82,2025-06-17 14:08:39.189429,United States Air Force,21-46087,6040,38000,43.5,23.2,KC-46A Pegasus,,,True
ae0386,UNKNOWN CALLSIGN,2025-06-17 14:08:39.189435,,59-1468,4275,34025,38.6,0.6,KC-135R Stratotanker,252,468,True
ae4d68,RCH289,2025-06-17 14:08:39.189441,United States Air Force,10-0215,7646,34950,43.3,24.6,C-17A Globemaster,,,True
ae20c9,RCH320,2025-06-17 14:08:39.189445,United States Air Force,07-7188,1747,8875,43.0,29.4,C-17A Globemaster,,,True
ae2fa7,RCH821,2025-06-17 14:08:39.189450,United States Air Force,08-8195,2062,33000,39.2,1.0,C-17A Globemaster,,,True
ae574f,GOLD32,2025-06-17 14:08:39.189456,,15-46009,0360,36000,31.8,31.2,KC-46A Pegasus,,,True
ae0650,UNKNOWN CALLSIGN,2025-06-17 14:09:39.892308,,58-0049,3473,14625,37.05675,-5.20168,KC-135R Stratotanker,289,290,False
ae4f14,RCH797,2025-06-17 14:09:39.892329,United States Air Force,10-0220,0410,6000,52.502547,0.963757,C-17A Globemaster,104,306,False
ae1467,RCH804,2025-06-17 14:09:39.892337,United States Air Force,07-7169,2551,26000,52.272286,3.989414,C-17A Globemaster,310,457,False
ae07ef,RCH860,2025-06-17 14:09:39.892345,United States Air Force,96-0005,7426,22000,49.693901,9.1769,C-17A Globemaster,260,429,False
3b7775,FAF4098,2025-06-17 14:09:39.892355,Force Aerienne Francaise,497,4317,29050,38.134232,17.273021,KC-135R Stratotanker,129,489,False
ae63c3,GOLD82,2025-06-17 14:09:39.892368,United States Air Force,21-46087,6040,38025,43.4,23.8,KC-46A Pegasus,,,True
ae0386,UNKNOWN CALLSIGN,2025-06-17 14:09:39.892375,,59-1468,4275,34025,38.8,0.5,KC-135R Stratotanker,252,466,True
ae4d68,RCH289,2025-06-17 14:09:39.892381,United States Air Force,10-0215,7646,35000,43.5,22.9,C-17A Globemaster,,,True
ae20c9,RCH320,2025-06-17 14:09:39.892385,United States Air Force,07-7188,1747,10700,43.0,29.4,C-17A Globemaster,,,True
ae2fa7,RCH821,2025-06-17 14:09:39.892391,United States Air Force,08-8195,2062,32975,39.4,1.4,C-17A Globemaster,,,True
ae574f,GOLD32,2025-06-17 14:09:39.892397,,15-46009,0360,36000,31.8,31.2,KC-46A Pegasus,,,True
ae0650,UNKNOWN CALLSIGN,2025-06-17 14:10:40.854540,,58-0049,3473,11400,37.073465,-5.28303,KC-135R Stratotanker,314,288,False
ae4f14,RCH797,2025-06-17 14:10:40.854558,United States Air Force,10-0220,0410,6000,52.537172,1.059539,C-17A Globemaster,62,231,False
ae1467,RCH804,2025-06-17 14:10:40.854565,United States Air Force,07-7169,2551,26000,52.354468,3.8313,C-17A Globemaster,313,426,False
ae07ef,RCH860,2025-06-17 14:10:40.854572,United States Air Force,96-0005,7426,22000,49.6763,9.0041,C-17A Globemaster,260,427,False
3b7775,FAF4098,2025-06-17 14:10:40.854580,Force Aerienne Francaise,497,4317,29050,38.051239,17.398837,KC-135R Stratotanker,129,490,False
ae20c9,RCH320,2025-06-17 14:10:40.854588,United States Air Force,07-7188,1747,11425,43.0,29.4,C-17A Globemaster,,,True
ae63c3,GOLD82,2025-06-17 14:10:40.854594,United States Air Force,21-46087,6040,38000,43.5,23.2,KC-46A Pegasus,,,True
ae0386,UNKNOWN CALLSIGN,2025-06-17 14:10:40.854600,,59-1468,4275,34025,38.0,-0.2,KC-135R Stratotanker,252,466,True
ae2fa7,RCH821,2025-06-17 14:10:40.854606,United States Air Force,08-8195,2062,33000,39.4,1.4,C-17A Globemaster,,,True
ae4d68,RCH289,2025-06-17 14:10:40.854611,United States Air Force,10-0215,7646,35000,43.3,24.3,C-17A Globemaster,,,True
ae574f,GOLD32,2025-06-17 14:10:40.854617,,15-46009,0360,36000,31.8,31.2,KC-46A Pegasus,,,True
ae4f14,RCH797,2025-06-17 14:11:41.504220,United States Air Force,10-0220,0410,6000,52.570071,1.146364,C-17A Globemaster,56,226,False
ae1467,RCH804,2025-06-17 14:11:41.504236,United States Air Force,07-7169,2551,26000,52.430974,3.679637,C-17A Globemaster,314,422,False
ae07ef,RCH860,2025-06-17 14:11:41.504243,United States Air Force,96-0005,7426,21625,49.650995,8.774656,C-17A Globemaster,262,424,False
3b7775,FAF4098,2025-06-17 14:11:41.504250,Force Aerienne Francaise,497,4317,29050,37.957672,17.539848,KC-135R Stratotanker,129,491,False
ae20c9,RCH320,2025-06-17 14:11:41.504258,United States Air Force,07-7188,1747,12600,43.0,29.4,C-17A Globemaster,,,True
ae63c3,GOLD82,2025-06-17 14:11:41.504264,United States Air Force,21-46087,6040,38000,43.4,22.9,KC-46A Pegasus,,,True
ae05b1,UNKNOWN CALLSIGN,2025-06-17 14:11:41.504269,,63-8878,Unavailable,-200,52.1,1.4,KC-135R Stratotanker,,,True
ae0386,UNKNOWN CALLSIGN,2025-06-17 14:11:41.504274,,59-1468,4275,34025,37.3,-0.7,KC-135R Stratotanker,252,464,True
ae0650,UNKNOWN CALLSIGN,2025-06-17 14:11:41.504280,,58-0049,3473,8300,35.9,-5.5,KC-135R Stratotanker,342,288,True
ae2fa7,RCH821,2025-06-17 14:11:41.504284,United States Air Force,08-8195,2062,33000,39.4,0.9,C-17A Globemaster,,,True
ae4d68,RCH289,2025-06-17 14:11:41.504290,United States Air Force,10-0215,7646,35000,43.4,23.8,C-17A Globemaster,,,True
ae574f,GOLD32,2025-06-17 14:11:41.504296,,15-46009,0360,36025,31.8,31.2,KC-46A Pegasus,,,True
ae4f14,RCH797,2025-06-17 14:12:42.197522,United States Air Force,10-0220,0410,6000,52.605315,1.239548,C-17A Globemaster,61,222,False
ae1467,RCH804,2025-06-17 14:12:42.197540,United States Air Force,07-7169,2551,26000,52.507688,3.521648,C-17A Globemaster,309,425,False
ae07ef,RCH860,2025-06-17 14:12:42.197548,United States Air Force,96-0005,7426,19650,49.631554,8.594833,C-17A Globemaster,260,445,False
3b7775,FAF4098,2025-06-17 14:12:42.197557,Force Aerienne Francaise,497,4317,29050,37.86964,17.672166,KC-135R Stratotanker,130,492,False
ae63c3,GOLD82,2025-06-17 14:12:42.197566,United States Air Force,21-46087,6040,38000,43.4,23.6,KC-46A Pegasus,,,True
ae0386,UNKNOWN CALLSIGN,2025-06-17 14:12:42.197574,,59-1468,4275,34025,37.4,-0.7,KC-135R Stratotanker,252,460,True
ae0650,UNKNOWN CALLSIGN,2025-06-17 14:12:42.197580,,58-0049,3473,6400,35.8,-5.7,KC-135R Stratotanker,340,288,True
ae4d68,RCH289,2025-06-17 14:12:42.197585,United States Air Force,10-0215,7646,35000,43.3,24.8,C-17A Globemaster,,,True
ae20c9,RCH320,2025-06-17 14:12:42.197589,United States Air Force,07-7188,1747,14300,43.0,29.4,C-17A Globemaster,,,True
ae2fa7,RCH821,2025-06-17 14:12:42.197594,United States Air Force,08-8195,2062,33000,39.4,1.0,C-17A Globemaster,,,True
ae574f,GOLD32,2025-06-17 14:12:42.197600,,15-46009,0360,36000,31.8,31.7,KC-46A Pegasus,,,True
ae4f14,RCH797,2025-06-17 14:13:43.112727,United States Air Force,10-0220,0410,5975,52.639476,1.328498,C-17A Globemaster,60,243,False
ae1467,RCH804,2025-06-17 14:13:43.112742,United States Air Force,07-7169,2551,26000,52.580949,3.371425,C-17A Globemaster,310,423,False
ae07ef,RCH860,2025-06-17 14:13:43.112750,United States Air Force,96-0005,7426,17600,49.618801,8.4806,C-17A Globemaster,259,398,False
3b7775,FAF4098,2025-06-17 14:13:43.112759,Force Aerienne Francaise,497,4317,29050,37.777839,17.809495,KC-135R Stratotanker,130,493,False
ae63bb,GOLD82,2025-06-17 14:13:43.112766,,20-46079,6455,2575,35.546585,24.100342,KC-46A Pegasus,291,227,False
ae20c9,RCH320,2025-06-17 14:13:43.112773,United States Air Force,07-7188,1747,15775,43.0,29.4,C-17A Globemaster,,,True
ae63c3,GOLD82,2025-06-17 14:13:43.112779,United States Air Force,21-46087,6040,38000,43.5,24.3,KC-46A Pegasus,,,True
ae0386,UNKNOWN CALLSIGN,2025-06-17 14:13:43.112785,,59-1468,4275,34025,37.7,-0.4,KC-135R Stratotanker,252,458,True
ae0650,UNKNOWN CALLSIGN,2025-06-17 14:13:43.112791,,58-0049,3473,4350,35.8,-5.7,KC-135R Stratotanker,339,280,True
ae2fa7,RCH821,2025-06-17 14:13:43.112796,United States Air Force,08-8195,2062,33000,39.4,0.6,C-17A Globemaster,,,True
ae4d68,RCH289,2025-06-17 14:13:43.112801,United States Air Force,10-0215,7646,35000,43.5,23.6,C-17A Globemaster,,,True
896c2c,UAF1223,2025-06-17 14:13:43.112807,United Arab Emirates Air Force,1224,3313,1150,35.7,30.9,C-17A Globemaster,,,True
ae574f,GOLD32,2025-06-17 14:13:43.112812,,15-46009,0360,36000,31.8,31.7,KC-46A Pegasus,,,True
ae4f14,RCH797,2025-06-17 14:14:44.047959,United States Air Force,10-0220,0410,6000,52.681494,1.296531,C-17A Globemaster,311,290,False
ae1467,RCH804,2025-06-17 14:14:44.047974,United States Air Force,07-7169,2551,26000,52.676442,3.184905,C-17A Globemaster,313,504,False
ae07ef,RCH860,2025-06-17 14:14:44.047981,United States Air Force,96-0005,7426,15575,49.594617,8.260419,C-17A Globemaster,259,383,False
3b7775,FAF4098,2025-06-17 14:14:44.047989,Force Aerienne Francaise,497,4317,29050,37.689102,17.941784,KC-135R Stratotanker,130,493,False
ae63bb,GOLD82,2025-06-17 14:14:44.047995,,20-46079,6455,6425,35.592133,24.066067,KC-46A Pegasus,7,224,False
ae20c9,RCH320,2025-06-17 14:14:44.048001,United States Air Force,07-7188,1747,17125,43.0,29.4,C-17A Globemaster,,,True
ae63c3,GOLD82,2025-06-17 14:14:44.048006,United States Air Force,21-46087,6040,38000,43.6,23.9,KC-46A Pegasus,,,True
ae05b1,UNKNOWN CALLSIGN,2025-06-17 14:14:44.048010,,63-8878,Unavailable,-125,52.5,1.6,KC-135R Stratotanker,,,True
ae0386,UNKNOWN CALLSIGN,2025-06-17 14:14:44.048015,,59-1468,4275,34025,37.4,-0.7,KC-135R Stratotanker,252,458,True
ae2fa7,RCH821,2025-06-17 14:14:44.048020,United States Air Force,08-8195,2062,33000,39.4,0.9,C-17A Globemaster,,,True
ae4d68,RCH289,2025-06-17 14:14:44.048026,United States Air Force,10-0215,7646,35000,43.4,24.9,C-17A Globemaster,,,True
896c2c,UAF1223,2025-06-17 14:14:44.048030,United Arab Emirates Air Force,1224,3313,2375,31.8,31.3,C-17A Globemaster,,,True
ae574f,GOLD32,2025-06-17 14:14:44.048034,,15-46009,0360,36000,31.8,31.3,KC-46A Pegasus,,,True
ae05b1,UNKNOWN CALLSIGN,2025-06-17 14:15:44.782858,,63-8878,0401,950,52.374908,0.413931,KC-135R Stratotanker,284,180,False
ae4f14,RCH797,2025-06-17 14:15:44.782875,United States Air Force,10-0220,0410,6000,52.654977,1.218024,C-17A Globemaster,230,266,False
ae1467,RCH804,2025-06-17 14:15:44.782882,United States Air Force,07-7169,2551,26000,52.746667,3.028044,C-17A Globemaster,309,429,False
ae07ef,RCH860,2025-06-17 14:15:44.782888,United States Air Force,96-0005,7426,13650,49.582699,8.1602,C-17A Globemaster,259,388,False
3b7775,FAF4098,2025-06-17 14:15:44.782897,Force Aerienne Francaise,497,4317,29025,37.656738,17.989879,KC-135R Stratotanker,130,493,False
ae63bb,GOLD82,2025-06-17 14:15:44.782903,,20-46079,6455,9500,35.649891,24.05439,KC-46A Pegasus,324,267,False
477ff1,BRK94,2025-06-17 14:15:44.782909,SAC Heavy Airlift Wing,01,2353,34000,40.767424,29.827694,C-17A Globemaster,331,439,False
ae63c3,GOLD82,2025-06-17 14:15:44.782915,United States Air Force,21-46087,6040,38000,43.7,24.0,KC-46A Pegasus,,,True
ae0386,UNKNOWN CALLSIGN,2025-06-17 14:15:44.782922,,59-1468,4275,34025,36.5,-1.2,KC-135R Stratotanker,251,458,True
896c2c,UAF1223,2025-06-17 14:15:44.782927,United Arab Emirates Air Force,1224,3313,4500,30.8,31.7,C-17A Globemaster,,,True
ae4d68,RCH289,2025-06-17 14:15:44.782932,United States Air Force,10-0215,7646,35000,43.4,24.2,C-17A Globemaster,,,True
ae20c9,RCH320,2025-06-17 14:15:44.782937,United States Air Force,07-7188,1747,18475,43.1,26.2,C-17A Globemaster,,,True
ae2fa7,RCH821,2025-06-17 14:15:44.782942,United States Air Force,08-8195,2062,33000,39.4,0.5,C-17A Globemaster,,,True
ae574f,GOLD32,2025-06-17 14:15:44.782947,,15-46009,0360,36000,31.8,31.3,KC-46A Pegasus,,,True
ae05b1,UNKNOWN CALLSIGN,2025-06-17 14:16:45.435376,,63-8878,0401,975,52.345546,0.36905,KC-135R Stratotanker,148,186,False
ae4f14,RCH797,2025-06-17 14:16:45.435393,United States Air Force,10-0220,0410,6000,52.619069,1.133677,C-17A Globemaster,241,196,False
ae1467,RCH804,2025-06-17 14:16:45.435398,United States Air Force,07-7169,1427,26200,52.824732,2.871989,C-17A Globemaster,307,445,False
ae07ef,RCH860,2025-06-17 14:16:45.435404,United States Air Force,96-0005,7426,12325,49.5606,7.9736,C-17A Globemaster,259,320,False
ae63bb,GOLD82,2025-06-17 14:16:45.435415,,20-46079,6455,11425,35.71582,23.990421,KC-46A Pegasus,322,350,False
477ff1,BRK94,2025-06-17 14:16:45.435421,SAC Heavy Airlift Wing,01,2353,34000,40.886902,29.741882,C-17A Globemaster,331,437,False
ae20c9,RCH320,2025-06-17 14:16:45.435426,United States Air Force,07-7188,1747,19875,43.0,29.4,C-17A Globemaster,,,True
ae63c3,GOLD82,2025-06-17 14:16:45.435431,United States Air Force,21-46087,6040,38000,43.7,24.1,KC-46A Pegasus,,,True
ae0386,UNKNOWN CALLSIGN,2025-06-17 14:16:45.435436,,59-1468,4275,34025,36.4,-1.3,KC-135R Stratotanker,251,462,True
ae2fa7,RCH821,2025-06-17 14:16:45.435441,United States Air Force,08-8195,2062,33000,39.6,0.1,C-17A Globemaster,,,True
ae4d68,RCH289,2025-06-17 14:16:45.435446,United States Air Force,10-0215,7646,35000,43.5,23.6,C-17A Globemaster,,,True
3b7775,FAF4098,2025-06-17 14:16:45.435452,Force Aerienne Francaise,497,4317,Unavailable,36.8,15.0,KC-135R Stratotanker,130,494,True
896c2c,UAF1223,2025-06-17 14:16:45.435456,United Arab Emirates Air Force,1224,3313,7575,31.8,31.3,C-17A Globemaster,,,True
ae574f,GOLD32,2025-06-17 14:16:45.435461,,15-46009,0360,36000,31.8,31.7,KC-46A Pegasus,,,True
ae05b1,UNKNOWN CALLSIGN,2025-06-17 14:17:46.153964,,63-8878,0401,950,52.326263,0.450682,KC-135R Stratotanker,102,202,False
ae4f14,RCH797,2025-06-17 14:17:46.153981,United States Air Force,10-0220,0410,6000,52.58847,1.057717,C-17A Globemaster,238,213,False
ae1467,RCH804,2025-06-17 14:17:46.153988,United States Air Force,07-7169,1427,26475,52.896791,2.734944,C-17A Globemaster,311,487,False
ae07ef,RCH860,2025-06-17 14:17:46.153995,United States Air Force,96-0005,7426,11000,49.541257,7.809663,C-17A Globemaster,260,281,False
477ff1,BRK94,2025-06-17 14:17:46.154008,SAC Heavy Airlift Wing,01,2353,34000,40.981704,29.673573,C-17A Globemaster,331,441,False
ae20c9,RCH320,2025-06-17 14:17:46.154014,United States Air Force,07-7188,1747,21100,43.0,29.4,C-17A Globemaster,,,True
ae63c3,GOLD82,2025-06-17 14:17:46.154020,United States Air Force,21-46087,6040,38025,43.9,24.0,KC-46A Pegasus,,,True
ae5fa6,UNKNOWN CALLSIGN,2025-06-17 14:17:46.154026,,21-46059,3316,36025,31.8,31.3,KC-46A Pegasus,,,True
ae0386,UNKNOWN CALLSIGN,2025-06-17 14:17:46.154031,,59-1468,4275,34025,36.2,-1.4,KC-135R Stratotanker,251,462,True
ae4d68,RCH289,2025-06-17 14:17:46.154038,United States Air Force,10-0215,7646,35000,43.4,23.2,C-17A Globemaster,,,True
3b7775,FAF4098,2025-06-17 14:17:46.154043,Force Aerienne Francaise,497,4317,Unavailable,36.8,15.0,KC-135R Stratotanker,,,True
896c2c,UAF1223,2025-06-17 14:17:46.154048,United Arab Emirates Air Force,1224,3313,10525,31.8,31.3,C-17A Globemaster,,,True
ae574f,GOLD32,2025-06-17 14:17:46.154053,,15-46009,0360,36000,31.8,31.7,KC-46A Pegasus,,,True
ae05b1,UNKNOWN CALLSIGN,2025-06-17 14:18:47.116462,,63-8878,0401,850,52.314562,0.532985,KC-135R Stratotanker,113,178,False
ae4f14,RCH797,2025-06-17 14:18:47.116478,United States Air Force,10-0220,0410,6000,52.554084,0.966113,C-17A Globemaster,237,211,False
ae1467,RCH804,2025-06-17 14:18:47.116484,United States Air Force,07-7169,1427,26825,52.981853,2.554536,C-17A Globemaster,309,422,False
ae07ef,RCH860,2025-06-17 14:18:47.116490,United States Air Force,96-0005,7426,9500,49.52655,7.681959,C-17A Globemaster,260,279,False
3b7775,FAF4098,2025-06-17 14:18:47.116500,Force Aerienne Francaise,497,4317,29025,37.328052,18.474406,KC-135R Stratotanker,130,493,False
477ff1,BRK94,2025-06-17 14:18:47.116506,SAC Heavy Airlift Wing,01,2353,34000,41.081512,29.60135,C-17A Globemaster,331,442,False
ae5fa6,UNKNOWN CALLSIGN,2025-06-17 14:18:47.116513,,21-46059,3316,36000,31.8,31.3,KC-46A Pegasus,,,True
ae63c3,GOLD82,2025-06-17 14:18:47.116518,United States Air Force,21-46087,6040,38000,43.7,24.2,KC-46A Pegasus,,,True
ae0386,UNKNOWN CALLSIGN,2025-06-17 14:18:47.116524,,59-1468,4275,34025,36.2,-1.4,KC-135R Stratotanker,251,458,True
896c2c,UAF1223,2025-06-17 14:18:47.116529,United Arab Emirates Air Force,1224,3313,12950,31.8,31.3,C-17A Globemaster,,,True
ae4d68,RCH289,2025-06-17 14:18:47.116535,United States Air Force,10-0215,7646,35000,43.5,23.6,C-17A Globemaster,,,True
ae20c9,RCH320,2025-06-17 14:18:47.116540,United States Air Force,07-7188,1747,22100,43.1,26.2,C-17A Globemaster,,,True
ae2fa7,RCH821,2025-06-17 14:18:47.116545,United States Air Force,08-8195,2062,33000,39.9,0.4,C-17A Globemaster,,,True
ae574f,GOLD32,2025-06-17 14:18:47.116550,,15-46009,0360,36000,31.8,31.7,KC-46A Pegasus,,,True
ae05b1,UNKNOWN CALLSIGN,2025-06-17 14:19:48.019883,,63-8878,0401,750,52.327698,0.593441,KC-135R Stratotanker,353,160,False
ae4f14,RCH797,2025-06-17 14:19:48.019899,United States Air Force,10-0220,0410,6000,52.510173,0.934261,C-17A Globemaster,153,305,False
ae1467,RCH804,2025-06-17 14:19:48.019906,United States Air Force,07-7169,1427,27550,53.055638,2.387894,C-17A Globemaster,304,438,False
ae07ef,RCH860,2025-06-17 14:19:48.019912,United States Air Force,96-0005,7426,8000,49.515701,7.5987,C-17A Globemaster,249,315,False
3b7775,FAF4098,2025-06-17 14:19:48.019921,Force Aerienne Francaise,497,4317,29050,37.25322,18.583725,KC-135R Stratotanker,130,490,False
477ff1,BRK94,2025-06-17 14:19:48.019928,SAC Heavy Airlift Wing,01,2353,34000,41.203153,29.515582,C-17A Globemaster,338,438,False
ae20c9,RCH320,2025-06-17 14:19:48.019934,United States Air Force,07-7188,1747,23075,43.1,26.2,C-17A Globemaster,,,True
ae63c3,GOLD82,2025-06-17 14:19:48.019940,United States Air Force,21-46087,6040,38000,44.2,24.1,KC-46A Pegasus,,,True
ae5fa6,UNKNOWN CALLSIGN,2025-06-17 14:19:48.019945,,21-46059,3316,36000,31.8,31.3,KC-46A Pegasus,,,True
ae0386,UNKNOWN CALLSIGN,2025-06-17 14:19:48.019951,,59-1468,4275,34025,37.3,-0.8,KC-135R Stratotanker,251,456,True
ae2fa7,RCH821,2025-06-17 14:19:48.019956,United States Air Force,08-8195,2062,33000,39.7,0.4,C-17A Globemaster,,,True
ae4d68,RCH289,2025-06-17 14:19:48.019962,United States Air Force,10-0215,7646,35000,43.4,23.0,C-17A Globemaster,,,True
896c2c,UAF1223,2025-06-17 14:19:48.019967,United Arab Emirates Air Force,1224,3313,14725,30.8,31.7,C-17A Globemaster,,,True
ae574f,GOLD32,2025-06-17 14:19:48.019972,,15-46009,0360,36000,31.8,31.7,KC-46A Pegasus,,,True
ae05b1,UNKNOWN CALLSIGN,2025-06-17 14:20:48.698257,,63-8878,0401,250,52.353382,0.544168,KC-135R Stratotanker,283,148,False
ae4f14,RCH797,2025-06-17 14:20:48.698274,United States Air Force,10-0220,0410,6000,52.526654,1.02937,C-17A Globemaster,44,324,False
ae1467,RCH804,2025-06-17 14:20:48.698281,United States Air Force,07-7169,1427,27800,53.13261,2.230579,C-17A Globemaster,311,420,False
ae07ef,RCH860,2025-06-17 14:20:48.698286,United States Air Force,96-0005,7426,6600,49.498412,7.451895,C-17A Globemaster,260,279,False
3b7775,FAF4098,2025-06-17 14:20:48.698296,Force Aerienne Francaise,497,4317,29025,37.147336,18.73772,KC-135R Stratotanker,130,490,False
477ff1,BRK94,2025-06-17 14:20:48.698302,SAC Heavy Airlift Wing,01,2353,34000,41.335648,29.464417,C-17A Globemaster,343,437,False
ae20c9,RCH320,2025-06-17 14:20:48.698308,United States Air Force,07-7188,1747,24050,43.0,29.4,C-17A Globemaster,,,True
ae63c3,GOLD82,2025-06-17 14:20:48.698314,United States Air Force,21-46087,6040,38000,44.6,24.1,KC-46A Pegasus,,,True
ae5fa6,UNKNOWN CALLSIGN,2025-06-17 14:20:48.698320,,21-46059,Unavailable,Unavailable,31.8,31.2,KC-46A Pegasus,,,True
ae0386,UNKNOWN CALLSIGN,2025-06-17 14:20:48.698325,,59-1468,3447,34025,36.8,-1.0,KC-135R Stratotanker,251,454,True
ae2fa7,RCH821,2025-06-17 14:20:48.698330,United States Air Force,08-8195,2062,33000,39.6,-0.2,C-17A Globemaster,,,True
ae4d68,RCH289,2025-06-17 14:20:48.698336,United States Air Force,10-0215,7646,35000,43.5,23.4,C-17A Globemaster,,,True
896c2c,UAF1223,2025-06-17 14:20:48.698341,United Arab Emirates Air Force,1224,3313,15800,31.0,34.0,C-17A Globemaster,,,True
ae574f,GOLD32,2025-06-17 14:20:48.698345,,15-46009,0360,36000,31.8,31.7,KC-46A Pegasus,,,True
ae05b1,UNKNOWN CALLSIGN,2025-06-17 14:21:49.424429,,63-8878,0401,-200,52.353514,0.541465,KC-135R Stratotanker,283,134,False
ae4f14,RCH797,2025-06-17 14:21:49.424443,United States Air Force,10-0220,0410,6000,52.558457,1.114364,C-17A Globemaster,57,235,False
ae1467,RCH804,2025-06-17 14:21:49.424449,United States Air Force,07-7169,1427,28000,53.205041,2.070406,C-17A Globemaster,305,430,False
ae07ef,RCH860,2025-06-17 14:21:49.424454,United States Air Force,96-0005,7426,5400,49.49076,7.327375,C-17A Globemaster,255,249,False
3b7775,FAF4098,2025-06-17 14:21:49.424463,Force Aerienne Francaise,497,4317,29025,37.067596,18.853299,KC-135R Stratotanker,130,489,False
477ff1,BRK94,2025-06-17 14:21:49.424469,SAC Heavy Airlift Wing,01,2353,34000,41.452332,29.419764,C-17A Globemaster,343,437,False
ae20c9,RCH320,2025-06-17 14:21:49.424474,United States Air Force,07-7188,1747,24850,43.0,29.4,C-17A Globemaster,,,True
ae63bb,GOLD82,2025-06-17 14:21:49.424479,,20-46079,6455,Unavailable,37.7,23.3,KC-46A Pegasus,,,True
ae63c3,GOLD82,2025-06-17 14:21:49.424484,United States Air Force,21-46087,6040,38000,44.4,24.1,KC-46A Pegasus,,,True
ae0386,UNKNOWN CALLSIGN,2025-06-17 14:21:49.424490,,59-1468,3447,34025,37.2,-0.8,KC-135R Stratotanker,284,446,True
ae2fa7,RCH821,2025-06-17 14:21:49.424494,United States Air Force,08-8195,2062,33000,39.6,0.3,C-17A Globemaster,,,True
ae4d68,RCH289,2025-06-17 14:21:49.424499,United States Air Force,10-0215,7646,35000,43.6,24.0,C-17A Globemaster,,,True
896c2c,UAF1223,2025-06-17 14:21:49.424503,United Arab Emirates Air Force,1224,3313,17775,32.0,34.8,C-17A Globemaster,,,True
ae574f,GOLD32,2025-06-17 14:21:49.424508,,15-46009,0360,36000,31.8,31.7,KC-46A Pegasus,,,True
ae05b1,UNKNOWN CALLSIGN,2025-06-17 14:22:50.631522,,63-8878,0401,950,52.373162,0.405177,KC-135R Stratotanker,283,174,False
ae4f14,RCH797,2025-06-17 14:22:50.631541,United States Air Force,10-0220,0410,6000,52.595436,1.210402,C-17A Globemaster,59,231,False
ae1467,RCH804,2025-06-17 14:22:50.631548,United States Air Force,07-7169,1427,28000,53.278647,1.916053,C-17A Globemaster,309,441,False
ae07ef,RCH860,2025-06-17 14:22:50.631554,United States Air Force,96-0005,7426,4150,49.476113,7.272205,C-17A Globemaster,260,244,False
477ff1,BRK94,2025-06-17 14:22:50.631566,SAC Heavy Airlift Wing,01,2353,34000,41.573547,29.373509,C-17A Globemaster,343,438,False
ae63bb,GOLD92,2025-06-17 14:22:50.631572,,20-46079,6455,27450,37.3,22.7,KC-46A Pegasus,,,True
ae63c3,GOLD82,2025-06-17 14:22:50.631577,United States Air Force,21-46087,6040,38000,44.6,24.1,KC-46A Pegasus,,,True
ae0386,UNKNOWN CALLSIGN,2025-06-17 14:22:50.631584,,59-1468,3447,34025,36.5,-1.2,KC-135R Stratotanker,284,446,True
896c2c,UAF1223,2025-06-17 14:22:50.631588,United Arab Emirates Air Force,1224,3313,19750,31.8,31.2,C-17A Globemaster,,,True
ae4d68,RCH289,2025-06-17 14:22:50.631594,United States Air Force,10-0215,7646,35000,41.7,25.9,C-17A Globemaster,,,True
ae20c9,RCH320,2025-06-17 14:22:50.631598,United States Air Force,07-7188,1747,25850,43.0,29.4,C-17A Globemaster,,,True
ae2fa7,RCH821,2025-06-17 14:22:50.631603,United States Air Force,08-8195,2062,33000,39.6,0.7,C-17A Globemaster,,,True
ae574f,GOLD32,2025-06-17 14:22:50.631609,,15-46009,0360,36025,31.8,31.7,KC-46A Pegasus,,,True
ae05b1,UNKNOWN CALLSIGN,2025-06-17 14:23:51.300927,,63-8878,0401,1000,52.344556,0.369804,KC-135R Stratotanker,141,190,False
ae4f14,RCH797,2025-06-17 14:23:51.300945,United States Air Force,10-0220,0410,6000,52.62801,1.293205,C-17A Globemaster,57,238,False
ae1467,RCH804,2025-06-17 14:23:51.300952,United States Air Force,07-7169,1427,28000,53.352063,1.757742,C-17A Globemaster,306,443,False
477ff1,BRK94,2025-06-17 14:23:51.300963,SAC Heavy Airlift Wing,01,2353,34000,41.68895,29.329251,C-17A Globemaster,343,437,False
ae20c9,RCH320,2025-06-17 14:23:51.300969,United States Air Force,07-7188,1747,26800,43.0,29.4,C-17A Globemaster,,,True
ae63bb,GOLD92,2025-06-17 14:23:51.300975,,20-46079,6455,29125,36.8,22.0,KC-46A Pegasus,,,True
ae63c3,GOLD82,2025-06-17 14:23:51.300980,United States Air Force,21-46087,6040,38000,44.7,24.1,KC-46A Pegasus,,,True
ae07ef,RCH860,2025-06-17 14:23:51.300985,United States Air Force,96-0005,7426,3750,49.2,8.1,C-17A Globemaster,,,True
ae0386,UNKNOWN CALLSIGN,2025-06-17 14:23:51.300992,,59-1468,3447,33350,36.3,-1.6,KC-135R Stratotanker,284,430,True
ae2fa7,RCH821,2025-06-17 14:23:51.300997,United States Air Force,08-8195,2062,33000,39.6,0.4,C-17A Globemaster,,,True
ae4d68,RCH289,2025-06-17 14:23:51.301003,United States Air Force,10-0215,7646,35000,41.5,26.1,C-17A Globemaster,,,True
896c2c,UAF1223,2025-06-17 14:23:51.301008,United Arab Emirates Air Force,1224,3313,21375,31.8,31.2,C-17A Globemaster,,,True
ae574f,GOLD32,2025-06-17 14:23:51.301013,,15-46009,0360,36000,31.8,31.7,KC-46A Pegasus,,,True
ae05b1,UNKNOWN CALLSIGN,2025-06-17 14:24:52.260839,,63-8878,0401,950,52.324298,0.4558,KC-135R Stratotanker,104,190,False
ae4f14,RCH797,2025-06-17 14:24:52.260856,United States Air Force,10-0220,0410,6000,52.675202,1.328546,C-17A Globemaster,343,268,False
ae1467,RCH804,2025-06-17 14:24:52.260862,United States Air Force,07-7169,1427,28000,53.436405,1.559806,C-17A Globemaster,305,442,False
477ff1,BRK94,2025-06-17 14:24:52.260872,SAC Heavy Airlift Wing,01,2353,34000,41.807122,29.283802,C-17A Globemaster,343,436,False
ae20c9,RCH320,2025-06-17 14:24:52.260878,United States Air Force,07-7188,1747,27800,43.9,22.7,C-17A Globemaster,,,True
ae63bb,GOLD92,2025-06-17 14:24:52.260882,,20-46079,6455,31350,37.1,22.2,KC-46A Pegasus,,,True
ae63c3,GOLD82,2025-06-17 14:24:52.260887,United States Air Force,21-46087,6040,38000,44.5,24.1,KC-46A Pegasus,,,True
ae07ef,RCH860,2025-06-17 14:24:52.260891,United States Air Force,96-0005,7426,3250,49.1,8.0,C-17A Globemaster,,,True
ae0386,UNKNOWN CALLSIGN,2025-06-17 14:24:52.260896,,59-1468,3447,31050,36.0,-1.5,KC-135R Stratotanker,284,424,True
ae2fa7,RCH821,2025-06-17 14:24:52.260901,United States Air Force,08-8195,2062,33000,40.1,-0.4,C-17A Globemaster,,,True
ae4d68,RCH289,2025-06-17 14:24:52.260905,United States Air Force,10-0215,7646,35000,43.0,24.7,C-17A Globemaster,,,True
896c2c,UAF1223,2025-06-17 14:24:52.260940,United Arab Emirates Air Force,1224,3313,22800,30.8,31.7,C-17A Globemaster,,,True
ae05b1,UNKNOWN CALLSIGN,2025-06-17 14:25:52.907825,,63-8878,0401,950,52.318849,0.540839,KC-135R Stratotanker,95,188,False
ae4f14,RCH797,2025-06-17 14:25:52.907841,United States Air Force,10-0220,0410,6000,52.661369,1.24017,C-17A Globemaster,228,271,False
ae1467,RCH804,2025-06-17 14:25:52.907847,United States Air Force,07-7169,1427,28000,53.513112,1.406671,C-17A Globemaster,307,423,False
477ff1,BRK94,2025-06-17 14:25:52.907858,SAC Heavy Airlift Wing,01,2353,34000,41.925457,29.238068,C-17A Globemaster,343,435,False
ae63bb,GOLD92,2025-06-17 14:25:52.907864,,20-46079,6455,33250,37.1,21.9,KC-46A Pegasus,,,True
ae63c3,GOLD82,2025-06-17 14:25:52.907869,United States Air Force,21-46087,6040,38000,47.4,19.4,KC-46A Pegasus,,,True
ae0386,UNKNOWN CALLSIGN,2025-06-17 14:25:52.907875,,59-1468,3447,31025,35.8,-2.0,KC-135R Stratotanker,284,426,True
896c2c,UAF1223,2025-06-17 14:25:52.907880,United Arab Emirates Air Force,1224,3313,24175,30.8,31.7,C-17A Globemaster,,,True
ae07ef,RCH860,2025-06-17 14:25:52.907884,United States Air Force,96-0005,7426,2275,49.0,8.0,C-17A Globemaster,,,True
ae4d68,RCH289,2025-06-17 14:25:52.907888,United States Air Force,10-0215,7410,35000,43.2,23.7,C-17A Globemaster,,,True
ae20c9,RCH320,2025-06-17 14:25:52.907892,United States Air Force,07-7188,1747,28700,43.0,29.4,C-17A Globemaster,,,True
ae2fa7,RCH821,2025-06-17 14:25:52.907896,United States Air Force,08-8195,2062,33000,40.1,-0.2,C-17A Globemaster,,,True
ae05b1,UNKNOWN CALLSIGN,2025-06-17 14:26:53.890819,,63-8878,0401,575,52.345515,0.572412,KC-135R Stratotanker,340,154,False
ae4f14,RCH797,2025-06-17 14:26:53.890877,United States Air Force,10-0220,0410,6000,52.630505,1.163161,C-17A Globemaster,237,206,False
ae1467,RCH804,2025-06-17 14:26:53.890883,United States Air Force,07-7169,1427,28000,53.585381,1.247486,C-17A Globemaster,308,421,False
3b7775,FAF4098,2025-06-17 14:26:53.890893,Force Aerienne Francaise,497,4317,29025,36.713791,19.558296,KC-135R Stratotanker,119,487,False
477ff1,BRK94,2025-06-17 14:26:53.890924,SAC Heavy Airlift Wing,01,1161,34000,42.042984,29.192422,C-17A Globemaster,343,435,False
ae20c9,RCH320,2025-06-17 14:26:53.890946,United States Air Force,07-7188,1747,29775,44.7,25.5,C-17A Globemaster,,,True
ae63bb,GOLD92,2025-06-17 14:26:53.890951,,20-46079,6455,34950,37.3,21.9,KC-46A Pegasus,,,True
ae63c3,GOLD82,2025-06-17 14:26:53.890955,United States Air Force,21-46087,6040,38000,46.3,21.5,KC-46A Pegasus,,,True
ae07ef,RCH860,2025-06-17 14:26:53.890959,United States Air Force,96-0005,7426,1650,49.0,8.0,C-17A Globemaster,,,True
ae0386,UNKNOWN CALLSIGN,2025-06-17 14:26:53.890964,,59-1468,3447,30975,35.7,-2.2,KC-135R Stratotanker,284,436,True
ae2fa7,RCH821,2025-06-17 14:26:53.890968,United States Air Force,08-8195,2062,33000,40.6,-1.0,C-17A Globemaster,,,True
ae5fa6,UNKNOWN CALLSIGN,2025-06-17 14:26:53.890973,,21-46059,3316,Unavailable,31.8,31.8,KC-46A Pegasus,,,True
ae4d68,RCH289,2025-06-17 14:26:53.890978,United States Air Force,10-0215,7410,35000,42.7,24.3,C-17A Globemaster,,,True
ae574f,GOLD32,2025-06-17 14:26:53.890982,,15-46009,0360,Unavailable,31.8,31.7,KC-46A Pegasus,,,True
896c2c,UAF1223,2025-06-17 14:26:53.890986,United Arab Emirates Air Force,1224,3313,25225,30.8,31.7,C-17A Globemaster,,,True
ae05b1,UNKNOWN CALLSIGN,2025-06-17 14:27:54.823610,,63-8878,0401,-200,52.352729,0.549757,KC-135R Stratotanker,283,146,False
ae4f14,RCH797,2025-06-17 14:27:54.823627,United States Air Force,10-0220,0410,6000,52.601628,1.083614,C-17A Globemaster,237,204,False
ae1467,RCH804,2025-06-17 14:27:54.823633,United States Air Force,07-7169,1427,28000,53.658095,1.089532,C-17A Globemaster,308,437,False
3b7775,FAF4098,2025-06-17 14:27:54.823643,Force Aerienne Francaise,497,4317,29025,36.661331,19.672966,KC-135R Stratotanker,119,486,False
477ff1,BRK94,2025-06-17 14:27:54.823648,SAC Heavy Airlift Wing,01,1161,34000,42.161058,29.141938,C-17A Globemaster,328,435,False
ae63bb,GOLD92,2025-06-17 14:27:54.823654,,20-46079,6455,36025,37.5,22.1,KC-46A Pegasus,,,True
ae63c3,GOLD82,2025-06-17 14:27:54.823659,United States Air Force,21-46087,6040,38000,48.4,18.4,KC-46A Pegasus,,,True
ae0386,UNKNOWN CALLSIGN,2025-06-17 14:27:54.823665,,59-1468,3447,28350,35.6,-2.4,KC-135R Stratotanker,283,416,True
896c2c,UAF1223,2025-06-17 14:27:54.823670,United Arab Emirates Air Force,1224,3313,27075,31.0,34.0,C-17A Globemaster,,,True
ae07ef,RCH860,2025-06-17 14:27:54.823674,United States Air Force,96-0005,7426,1025,49.0,8.0,C-17A Globemaster,,,True
ae4d68,RCH289,2025-06-17 14:27:54.823679,United States Air Force,10-0215,7410,35000,43.4,23.6,C-17A Globemaster,,,True
ae20c9,RCH320,2025-06-17 14:27:54.823683,United States Air Force,07-7188,1747,30575,44.7,25.5,C-17A Globemaster,,,True
ae2fa7,RCH821,2025-06-17 14:27:54.823688,United States Air Force,08-8195,2062,33000,40.4,-1.5,C-17A Globemaster,,,True
ae574f,GOLD32,2025-06-17 14:27:54.823693,,15-46009,0360,36000,31.8,31.7,KC-46A Pegasus,,,True
ae05b1,UNKNOWN CALLSIGN,2025-06-17 14:28:55.789403,,63-8878,0401,750,52.370106,0.436085,KC-135R Stratotanker,284,176,False
ae1467,RCH804,2025-06-17 14:28:55.789419,United States Air Force,07-7169,1427,28000,53.733871,0.910748,C-17A Globemaster,306,434,False
ae4f14,RCH797,2025-06-17 14:28:55.789425,United States Air Force,10-0220,0410,6000,52.568535,1.004313,C-17A Globemaster,238,178,False
3b7775,FAF4098,2025-06-17 14:28:55.789434,Force Aerienne Francaise,497,4317,29025,36.595925,19.815245,KC-135R Stratotanker,119,486,False
477ff1,BRK94,2025-06-17 14:28:55.789440,SAC Heavy Airlift Wing,01,1161,34000,42.236023,29.011147,C-17A Globemaster,304,442,False
ae63bb,GOLD92,2025-06-17 14:28:55.789446,,20-46079,6455,36000,37.3,22.0,KC-46A Pegasus,,,True
ae63c3,GOLD82,2025-06-17 14:28:55.789451,United States Air Force,21-46087,6040,38000,46.6,21.9,KC-46A Pegasus,,,True
ae0386,UNKNOWN CALLSIGN,2025-06-17 14:28:55.789457,,59-1468,3447,25825,35.6,-2.4,KC-135R Stratotanker,283,400,True
896c2c,UAF1223,2025-06-17 14:28:55.789462,United Arab Emirates Air Force,1224,3313,27850,31.8,31.8,C-17A Globemaster,,,True
ae07ef,RCH860,2025-06-17 14:28:55.789467,United States Air Force,96-0005,7426,650,49.0,8.0,C-17A Globemaster,,,True
ae4d68,RCH289,2025-06-17 14:28:55.789471,United States Air Force,10-0215,7410,35000,41.0,26.6,C-17A Globemaster,,,True
ae20c9,RCH320,2025-06-17 14:28:55.789476,United States Air Force,07-7188,1747,31375,43.7,24.3,C-17A Globemaster,,,True
ae2fa7,RCH821,2025-06-17 14:28:55.789480,United States Air Force,08-8195,2062,33000,40.7,-1.9,C-17A Globemaster,,,True
ae574f,GOLD32,2025-06-17 14:28:55.789485,,15-46009,0360,36000,31.8,31.7,KC-46A Pegasus,,,True
ae05b1,UNKNOWN CALLSIGN,2025-06-17 14:29:56.489080,,63-8878,0401,1000,52.358628,0.36963,KC-135R Stratotanker,175,202,False
ae1467,RCH804,2025-06-17 14:29:56.489097,United States Air Force,07-7169,1427,28000,53.801645,0.762256,C-17A Globemaster,308,416,False
ae4f14,RCH797,2025-06-17 14:29:56.489103,United States Air Force,10-0220,0410,5500,52.53882,0.922898,C-17A Globemaster,242,183,False
3b7775,FAF4098,2025-06-17 14:29:56.489113,Force Aerienne Francaise,497,4317,29025,36.493882,20.036316,KC-135R Stratotanker,119,485,False
477ff1,BRK94,2025-06-17 14:29:56.489119,SAC Heavy Airlift Wing,01,1161,34000,42.304905,28.873923,C-17A Globemaster,304,441,False
ae63bb,GOLD92,2025-06-17 14:29:56.489126,,20-46079,6455,36025,37.6,22.1,KC-46A Pegasus,,,True
ae63c3,GOLD82,2025-06-17 14:29:56.489131,United States Air Force,21-46087,6040,38025,48.1,19.0,KC-46A Pegasus,,,True
ae0386,UNKNOWN CALLSIGN,2025-06-17 14:29:56.489137,,59-1468,3447,23450,35.6,-2.4,KC-135R Stratotanker,283,384,True
896c2c,UAF1223,2025-06-17 14:29:56.489142,United Arab Emirates Air Force,1224,3313,29325,31.8,31.7,C-17A Globemaster,,,True
ae4d68,RCH289,2025-06-17 14:29:56.489148,United States Air Force,10-0215,7410,35000,39.1,24.5,C-17A Globemaster,,,True
ae20c9,RCH320,2025-06-17 14:29:56.489152,United States Air Force,07-7188,1747,31975,44.7,25.5,C-17A Globemaster,,,True
ae2fa7,RCH821,2025-06-17 14:29:56.489157,United States Air Force,08-8195,2062,33000,40.9,-1.9,C-17A Globemaster,,,True
ae574f,GOLD32,2025-06-17 14:29:56.489161,,15-46009,0360,36000,31.8,31.7,KC-46A Pegasus,,,True
ae05b1,UNKNOWN CALLSIGN,2025-06-17 14:30:57.171483,,63-8878,0401,925,52.328188,0.433805,KC-135R Stratotanker,96,198,False
ae1467,RCH804,2025-06-17 14:30:57.171518,United States Air Force,07-7169,1427,28000,53.8717,0.60198,C-17A Globemaster,310,411,False
ae4f14,RCH797,2025-06-17 14:30:57.171523,United States Air Force,10-0220,0410,3400,52.516021,0.855,C-17A Globemaster,238,160,False
3b7775,FAF4098,2025-06-17 14:30:57.171572,Force Aerienne Francaise,497,4317,29050,36.425903,20.182743,KC-135R Stratotanker,119,483,False
477ff1,BRK94,2025-06-17 14:30:57.171579,SAC Heavy Airlift Wing,01,1161,34000,42.374542,28.73393,C-17A Globemaster,303,441,False
ae20c9,RCH320,2025-06-17 14:30:57.171585,United States Air Force,07-7188,1747,32000,44.7,25.5,C-17A Globemaster,,,True
ae63bb,GOLD92,2025-06-17 14:30:57.171591,,20-46079,6455,36000,37.4,22.1,KC-46A Pegasus,,,True
ae63c3,GOLD82,2025-06-17 14:30:57.171596,United States Air Force,21-46087,6040,38000,46.4,22.2,KC-46A Pegasus,,,True
ae0386,UNKNOWN CALLSIGN,2025-06-17 14:30:57.171602,,59-1468,3447,20975,35.6,-2.5,KC-135R Stratotanker,283,372,True
ae2fa7,RCH821,2025-06-17 14:30:57.171625,United States Air Force,08-8195,2062,33000,41.6,-2.6,C-17A Globemaster,,,True
ae4d68,RCH289,2025-06-17 14:30:57.171648,United States Air Force,10-0215,7410,35000,40.6,26.5,C-17A Globemaster,,,True
ae574f,GOLD32,2025-06-17 14:30:57.171653,,15-46009,0360,36000,31.8,31.7,KC-46A Pegasus,,,True
896c2c,UAF1223,2025-06-17 14:30:57.171656,United Arab Emirates Air Force,1224,3313,30750,31.6,31.7,C-17A Globemaster,,,True
ae1467,RCH804,2025-06-17 14:31:58.308993,United States Air Force,07-7169,1427,28000,53.947388,0.431348,C-17A Globemaster,308,423,False
ae05b1,UNKNOWN CALLSIGN,2025-06-17 14:31:58.309010,,63-8878,0401,900,52.320702,0.52156,KC-135R Stratotanker,99,182,False
ae4f14,RCH797,2025-06-17 14:31:58.309017,United States Air Force,10-0220,0410,1625,52.490425,0.788622,C-17A Globemaster,236,156,False
3b7775,FAF4098,2025-06-17 14:31:58.309029,Force Aerienne Francaise,497,4317,29025,36.357834,20.328827,KC-135R Stratotanker,119,483,False
477ff1,BRK94,2025-06-17 14:31:58.309035,SAC Heavy Airlift Wing,01,1161,34000,42.443351,28.594538,C-17A Globemaster,303,442,False
ae20c9,RCH320,2025-06-17 14:31:58.309041,United States Air Force,07-7188,1747,32000,43.7,24.3,C-17A Globemaster,,,True
ae63bb,GOLD92,2025-06-17 14:31:58.309047,,20-46079,6455,36000,36.9,21.8,KC-46A Pegasus,,,True
ae63c3,GOLD82,2025-06-17 14:31:58.309052,United States Air Force,21-46087,6040,38000,48.7,18.0,KC-46A Pegasus,,,True
ae0386,UNKNOWN CALLSIGN,2025-06-17 14:31:58.309059,,59-1468,3447,18825,35.5,-2.7,KC-135R Stratotanker,283,358,True
ae2fa7,RCH821,2025-06-17 14:31:58.309065,United States Air Force,08-8195,2062,33000,41.9,-3.2,C-17A Globemaster,,,True
ae4d68,RCH289,2025-06-17 14:31:58.309070,United States Air Force,10-0215,7410,35000,40.7,26.8,C-17A Globemaster,,,True
ae574f,GOLD32,2025-06-17 14:31:58.309076,,15-46009,0360,36025,31.8,31.7,KC-46A Pegasus,,,True
896c2c,UAF1223,2025-06-17 14:31:58.309080,United Arab Emirates Air Force,1224,3313,31025,31.6,31.7,C-17A Globemaster,,,True
ae1467,RCH804,2025-06-17 14:32:59.063677,United States Air Force,07-7169,1427,28000,54.019523,0.271308,C-17A Globemaster,307,418,False
ae05b1,UNKNOWN CALLSIGN,2025-06-17 14:32:59.063692,,63-8878,0401,900,52.329631,0.581674,KC-135R Stratotanker,8,150,False
ae4f14,RCH797,2025-06-17 14:32:59.063697,United States Air Force,10-0220,0410,1550,52.467969,0.726558,C-17A Globemaster,240,175,False
3b7775,FAF4098,2025-06-17 14:32:59.063706,Force Aerienne Francaise,497,4317,29050,36.289425,20.475302,KC-135R Stratotanker,120,483,False
ae63bb,GOLD92,2025-06-17 14:32:59.063710,,20-46079,6455,36025,37.647599,23.264113,KC-46A Pegasus,,,False
477ff1,BRK94,2025-06-17 14:32:59.063715,SAC Heavy Airlift Wing,01,1161,34000,42.512621,28.453568,C-17A Globemaster,303,441,False
ae20c9,RCH320,2025-06-17 14:32:59.063720,United States Air Force,07-7188,1747,32000,43.7,24.3,C-17A Globemaster,,,True
ae63c3,GOLD82,2025-06-17 14:32:59.063724,United States Air Force,21-46087,6040,38025,49.1,17.3,KC-46A Pegasus,,,True
ae4d68,RCH289,2025-06-17 14:32:59.063729,United States Air Force,10-0215,7410,Unavailable,40.7,26.8,C-17A Globemaster,,,True
ae0386,UNKNOWN CALLSIGN,2025-06-17 14:32:59.063733,,59-1468,3447,17025,35.5,-2.7,KC-135R Stratotanker,283,346,True
ae2fa7,RCH821,2025-06-17 14:32:59.063737,United States Air Force,08-8195,2062,33000,42.2,-3.7,C-17A Globemaster,,,True
ae574f,GOLD32,2025-06-17 14:32:59.063742,,15-46009,0360,Unavailable,31.8,31.7,KC-46A Pegasus,,,True
896c2c,UAF1223,2025-06-17 14:32:59.063745,United Arab Emirates Air Force,1224,3313,31000,30.8,31.7,C-17A Globemaster,,,True
ae1467,RCH804,2025-06-17 14:34:00.020055,United States Air Force,07-7169,1427,28000,54.094376,0.11635,C-17A Globemaster,306,420,False
ae05b1,UNKNOWN CALLSIGN,2025-06-17 14:34:00.020072,,63-8878,0401,125,52.353453,0.541798,KC-135R Stratotanker,283,138,False
ae4f14,RCH797,2025-06-17 14:34:00.020079,United States Air Force,10-0220,0410,925,52.447936,0.660151,C-17A Globemaster,249,130,False
3b7775,FAF4098,2025-06-17 14:34:00.020090,Force Aerienne Francaise,497,4317,29025,36.221505,20.620111,KC-135R Stratotanker,120,483,False
ae63bb,GOLD92,2025-06-17 14:34:00.020096,,20-46079,6455,36000,37.77281,23.291414,KC-46A Pegasus,,,False
477ff1,BRK94,2025-06-17 14:34:00.020102,SAC Heavy Airlift Wing,01,1161,34000,42.581497,28.312766,C-17A Globemaster,303,442,False
ae20c9,RCH320,2025-06-17 14:34:00.020108,United States Air Force,07-7188,1747,32000,43.7,24.1,C-17A Globemaster,,,True
ae4d68,RCH289,2025-06-17 14:34:00.020114,United States Air Force,10-0215,7410,35000,40.1,23.7,C-17A Globemaster,,,True
ae63c3,GOLD82,2025-06-17 14:34:00.020120,United States Air Force,21-46087,6040,38000,45.5,24.0,KC-46A Pegasus,,,True
ae0386,UNKNOWN CALLSIGN,2025-06-17 14:34:00.020125,,59-1468,3447,17025,35.6,-3.2,KC-135R Stratotanker,283,344,True
ae2fa7,RCH821,2025-06-17 14:34:00.020131,United States Air Force,08-8195,2062,33000,42.4,-4.0,C-17A Globemaster,,,True
ae574f,GOLD32,2025-06-17 14:34:00.020138,,15-46009,0360,Unavailable,31.8,31.7,KC-46A Pegasus,,,True
896c2c,UAF1223,2025-06-17 14:34:00.020143,United Arab Emirates Air Force,1224,3313,31000,30.8,31.7,C-17A Globemaster,,,True
ae1467,RCH804,2025-06-17 14:35:01.144053,United States Air Force,07-7169,1427,28000,54.175557,-0.029146,C-17A Globemaster,313,411,False
3b7775,FAF4098,2025-06-17 14:35:01.144074,Force Aerienne Francaise,497,4317,29025,36.15239,20.766621,KC-135R Stratotanker,120,483,False
ae63bb,GOLD92,2025-06-17 14:35:01.144081,,20-46079,6455,36000,37.91129,23.332245,KC-46A Pegasus,13,486,False
477ff1,BRK94,2025-06-17 14:35:01.144087,SAC Heavy Airlift Wing,01,1161,34000,42.649567,28.173003,C-17A Globemaster,303,441,False
ae5fa6,UNKNOWN CALLSIGN,2025-06-17 14:35:01.144093,,21-46059,Unavailable,Unavailable,31.6,31.7,KC-46A Pegasus,,,True
ae0386,UNKNOWN CALLSIGN,2025-06-17 14:35:01.144101,,59-1468,3447,17025,35.6,-3.2,KC-135R Stratotanker,283,350,True
896c2c,UAF1223,2025-06-17 14:35:01.144106,United Arab Emirates Air Force,1224,3313,31000,31.1,31.7,C-17A Globemaster,,,True
ae4d68,RCH289,2025-06-17 14:35:01.144112,United States Air Force,10-0215,7410,35000,38.0,24.5,C-17A Globemaster,,,True
ae63c3,GOLD82,2025-06-17 14:35:01.144117,United States Air Force,21-46087,6040,38000,49.1,17.3,KC-46A Pegasus,,,True
ae20c9,RCH320,2025-06-17 14:35:01.144121,United States Air Force,07-7188,1747,32000,43.7,24.3,C-17A Globemaster,,,True
ae4f14,RCH797,2025-06-17 14:35:01.144126,United States Air Force,10-0220,0410,175,53.0,1.1,C-17A Globemaster,,,True
ae2fa7,RCH821,2025-06-17 14:35:01.144131,United States Air Force,08-8195,2062,32975,42.5,-4.1,C-17A Globemaster,,,True
ae05b1,UNKNOWN CALLSIGN,2025-06-17 14:35:01.144136,,63-8878,0401,-125,52.5,1.5,KC-135R Stratotanker,283,156,True
ae574f,GOLD32,2025-06-17 14:35:01.144141,,15-46009,0360,Unavailable,35.8,30.9,KC-46A Pegasus,,,True
ae1467,RCH804,2025-06-17 14:36:01.857651,United States Air Force,07-7169,1427,28000,54.260395,-0.186307,C-17A Globemaster,313,425,False
ae05b1,UNKNOWN CALLSIGN,2025-06-17 14:36:01.857667,,63-8878,0401,950,52.374456,0.399283,KC-135R Stratotanker,283,178,False
3b7775,FAF4098,2025-06-17 14:36:01.857677,Force Aerienne Francaise,497,4317,29025,36.083267,20.912132,KC-135R Stratotanker,120,484,False
ae63bb,GOLD92,2025-06-17 14:36:01.857682,,20-46079,6455,36000,38.04513,23.348493,KC-46A Pegasus,20,522,False
477ff1,BRK94,2025-06-17 14:36:01.857687,SAC Heavy Airlift Wing,01,1161,34000,42.718382,28.031041,C-17A Globemaster,303,442,False
ae5fa6,UNKNOWN CALLSIGN,2025-06-17 14:36:01.857693,,21-46059,3316,36025,31.1,31.7,KC-46A Pegasus,,,True
ae0386,UNKNOWN CALLSIGN,2025-06-17 14:36:01.857700,,59-1468,3447,17025,35.8,-3.7,KC-135R Stratotanker,283,360,True
896c2c,UAF1223,2025-06-17 14:36:01.857704,United Arab Emirates Air Force,1224,3313,31000,30.6,31.7,C-17A Globemaster,,,True
ae4d68,RCH289,2025-06-17 14:36:01.857709,United States Air Force,10-0215,7410,35000,38.0,24.5,C-17A Globemaster,,,True
ae63c3,GOLD82,2025-06-17 14:36:01.857714,United States Air Force,21-46087,6040,38000,47.6,17.5,KC-46A Pegasus,,,True
ae20c9,RCH320,2025-06-17 14:36:01.857718,United States Air Force,07-7188,1747,32000,43.7,24.1,C-17A Globemaster,,,True
ae4f14,RCH797,2025-06-17 14:36:01.857722,United States Air Force,10-0220,0410,-50,53.0,1.2,C-17A Globemaster,,,True
ae2fa7,RCH821,2025-06-17 14:36:01.857726,United States Air Force,08-8195,2062,33000,42.5,-4.2,C-17A Globemaster,,,True
ae574f,GOLD32,2025-06-17 14:36:01.857731,,15-46009,0360,Unavailable,35.8,30.9,KC-46A Pegasus,,,True
ae0386,UNKNOWN CALLSIGN,2025-06-17 14:37:02.556566,,59-1468,3447,17025,36.683811,-4.356284,KC-135R Stratotanker,283,362,False
ae1467,RCH804,2025-06-17 14:37:02.556585,United States Air Force,07-7169,1427,28000,54.316129,-0.340521,C-17A Globemaster,298,428,False
ae05b1,UNKNOWN CALLSIGN,2025-06-17 14:37:02.556591,,63-8878,0401,1025,52.336172,0.369778,KC-135R Stratotanker,149,198,False
3b7775,FAF4098,2025-06-17 14:37:02.556601,Force Aerienne Francaise,497,4317,29050,36.014953,21.05559,KC-135R Stratotanker,120,485,False
ae63bb,GOLD92,2025-06-17 14:37:02.556607,,20-46079,6455,36000,38.158271,23.375596,KC-46A Pegasus,26,487,False
477ff1,BRK94,2025-06-17 14:37:02.556612,SAC Heavy Airlift Wing,01,1161,34000,42.785184,27.892626,C-17A Globemaster,303,443,False
ae20c9,RCH320,2025-06-17 14:37:02.556618,United States Air Force,07-7188,1747,32000,47.2,25.5,C-17A Globemaster,,,True
ae5fa6,UNKNOWN CALLSIGN,2025-06-17 14:37:02.556624,,21-46059,3316,36000,31.8,31.7,KC-46A Pegasus,,,True
ae4d68,RCH289,2025-06-17 14:37:02.556629,United States Air Force,10-0215,7410,35000,38.0,24.5,C-17A Globemaster,,,True
ae63c3,GOLD82,2025-06-17 14:37:02.556634,United States Air Force,21-46087,6040,38000,45.5,24.0,KC-46A Pegasus,,,True
ae2fa7,RCH821,2025-06-17 14:37:02.556639,United States Air Force,08-8195,2062,33000,42.5,-4.2,C-17A Globemaster,,,True
ae574f,GOLD32,2025-06-17 14:37:02.556645,,15-46009,0360,Unavailable,35.8,30.9,KC-46A Pegasus,,,True
896c2c,UAF1223,2025-06-17 14:37:02.556650,United Arab Emirates Air Force,1224,3313,31000,30.6,31.7,C-17A Globemaster,,,True
ae0386,UNKNOWN CALLSIGN,2025-06-17 14:38:03.720883,,59-1468,3447,17025,36.691922,-4.362943,KC-135R Stratotanker,283,360,False
ae1467,RCH804,2025-06-17 14:38:03.720902,United States Air Force,07-7169,1427,28000,54.381113,-0.526665,C-17A Globemaster,299,407,False
ae05b1,UNKNOWN CALLSIGN,2025-06-17 14:38:03.720909,,63-8878,0401,1000,52.326285,0.455493,KC-135R Stratotanker,91,202,False
3b7775,FAF4098,2025-06-17 14:38:03.720919,Force Aerienne Francaise,497,4317,29050,35.944702,21.202526,KC-135R Stratotanker,120,485,False
ae63bb,GOLD92,2025-06-17 14:38:03.720924,,20-46079,6455,36000,38.278895,23.417429,KC-46A Pegasus,13,492,False
477ff1,BRK94,2025-06-17 14:38:03.720930,SAC Heavy Airlift Wing,01,1161,34000,42.855013,27.747214,C-17A Globemaster,303,443,False
ae20c9,RCH320,2025-06-17 14:38:03.720936,United States Air Force,07-7188,1747,32000,43.7,24.3,C-17A Globemaster,,,True
ae5fa6,GOLD42,2025-06-17 14:38:03.720941,,21-46059,3316,36000,31.8,31.7,KC-46A Pegasus,,,True
ae4d68,RCH289,2025-06-17 14:38:03.720947,United States Air Force,10-0215,7410,35000,40.7,26.8,C-17A Globemaster,,,True
ae63c3,GOLD82,2025-06-17 14:38:03.720952,United States Air Force,21-46087,6040,38000,48.6,17.5,KC-46A Pegasus,,,True
ae2fa7,RCH821,2025-06-17 14:38:03.720957,United States Air Force,08-8195,2062,33000,42.5,-4.2,C-17A Globemaster,,,True
ae574f,GOLD32,2025-06-17 14:38:03.720963,,15-46009,0360,Unavailable,35.8,30.9,KC-46A Pegasus,,,True
896c2c,UAF1223,2025-06-17 14:38:03.720968,United Arab Emirates Air Force,1224,3313,31000,31.0,34.0,C-17A Globemaster,,,True
ae0386,UNKNOWN CALLSIGN,2025-06-17 14:47:13.157458,,59-1468,3447,17025,37.006697,-4.768218,KC-135R Stratotanker,301,370,False
ae1467,RCH804,2025-06-17 14:47:13.157478,United States Air Force,07-7169,1427,30000,54.850508,-2.060975,C-17A Globemaster,297,381,False
ae05b1,UNKNOWN CALLSIGN,2025-06-17 14:47:13.157493,,63-8878,0401,400,52.352471,0.552638,KC-135R Stratotanker,281,154,False
ae63c3,GOLD82,2025-06-17 14:47:13.157506,United States Air Force,21-46087,6040,38000,47.968487,19.338428,KC-46A Pegasus,311,441,False
3b7775,FAF4098,2025-06-17 14:47:13.157513,Force Aerienne Francaise,497,4317,29050,35.295255,22.490124,KC-135R Stratotanker,127,485,False
477ff1,BRK94,2025-06-17 14:47:13.157518,SAC Heavy Airlift Wing,01,1161,34000,43.455257,26.466784,C-17A Globemaster,302,435,False
4b8202,ASENA21,2025-06-17 14:47:13.157525,Turkish Air Force,62-3567,2121,31000,35.8,30.9,KC-135R Stratotanker,131,460,True
ae63bb,GOLD92,2025-06-17 14:47:13.157531,,20-46079,6455,36025,39.1,23.3,KC-46A Pegasus,,,True
ae49c7,RCH894,2025-06-17 14:47:13.157537,United States Air Force,09-9211,1255,8450,37.1,15.6,C-17A Globemaster,,,True
ae4d68,RCH289,2025-06-17 14:47:13.157541,United States Air Force,10-0215,7410,35000,39.8,23.1,C-17A Globemaster,,,True
ae20c9,RCH320,2025-06-17 14:47:13.157546,United States Air Force,07-7188,1747,32000,43.7,24.1,C-17A Globemaster,,,True
ae2fa7,RCH821,2025-06-17 14:47:13.157551,United States Air Force,08-8195,2062,33000,40.7,-8.4,C-17A Globemaster,,,True
ae574f,GOLD32,2025-06-17 14:47:13.157557,,15-46009,7010,36000,38.0,24.3,KC-46A Pegasus,,,True
ae0386,UNKNOWN CALLSIGN,2025-06-17 14:48:14.169669,,59-1468,3447,17025,37.065187,-4.878382,KC-135R Stratotanker,301,340,False
ae1467,RCH804,2025-06-17 14:48:14.169688,United States Air Force,07-7169,1427,30000,54.89226,-2.242357,C-17A Globemaster,283,405,False
ae05b1,UNKNOWN CALLSIGN,2025-06-17 14:48:14.169696,,63-8878,0401,-175,52.353263,0.545073,KC-135R Stratotanker,283,134,False
ae63c3,GOLD82,2025-06-17 14:48:14.169707,United States Air Force,21-46087,6040,38025,48.045182,19.202281,KC-46A Pegasus,309,459,False
3b7775,FAF4098,2025-06-17 14:48:14.169713,Force Aerienne Francaise,497,4317,29050,35.211044,22.621298,KC-135R Stratotanker,128,485,False
477ff1,BRK94,2025-06-17 14:48:14.169719,SAC Heavy Airlift Wing,01,1161,34000,43.520756,26.323569,C-17A Globemaster,302,438,False
4b8202,ASENA21,2025-06-17 14:48:14.169725,Turkish Air Force,62-3567,2121,31000,35.8,30.9,KC-135R Stratotanker,131,460,True
ae20c9,RCH320,2025-06-17 14:48:14.169731,United States Air Force,07-7188,1747,32000,45.5,24.0,C-17A Globemaster,,,True
ae63bb,GOLD92,2025-06-17 14:48:14.169736,,20-46079,6455,36000,39.1,23.4,KC-46A Pegasus,,,True
ae49c7,RCH894,2025-06-17 14:48:14.169742,United States Air Force,09-9211,1255,10250,37.1,15.6,C-17A Globemaster,,,True
ae5fa6,UNKNOWN CALLSIGN,2025-06-17 14:48:14.169747,,21-46059,Unavailable,Unavailable,31.8,31.7,KC-46A Pegasus,,,True
ae4d68,RCH289,2025-06-17 14:48:14.169753,United States Air Force,10-0215,7410,35000,38.0,24.5,C-17A Globemaster,,,True
ae2fa7,RCH821,2025-06-17 14:48:14.169759,United States Air Force,08-8195,2062,33000,40.5,-8.8,C-17A Globemaster,,,True
ae574f,GOLD32,2025-06-17 14:48:14.169765,,15-46009,7010,36000,38.0,24.5,KC-46A Pegasus,,,True
ae0386,UNKNOWN CALLSIGN,2025-06-17 14:49:15.102673,,59-1468,3447,17025,37.108884,-4.978889,KC-135R Stratotanker,301,314,False
ae1467,RCH804,2025-06-17 14:49:15.102689,United States Air Force,07-7169,1427,30000,54.924756,-2.424149,C-17A Globemaster,287,389,False
ae05b1,UNKNOWN CALLSIGN,2025-06-17 14:49:15.102698,,63-8878,0401,975,52.372585,0.410396,KC-135R Stratotanker,283,182,False
ae63c3,GOLD82,2025-06-17 14:49:15.102708,United States Air Force,21-46087,6040,38025,48.128236,19.055809,KC-46A Pegasus,310,431,False
3b7775,FAF4098,2025-06-17 14:49:15.102713,Force Aerienne Francaise,497,4317,29025,35.12627,22.752514,KC-135R Stratotanker,128,485,False
477ff1,BRK94,2025-06-17 14:49:15.102719,SAC Heavy Airlift Wing,01,1161,34000,43.586197,26.179717,C-17A Globemaster,302,437,False
4b8202,ASENA21,2025-06-17 14:49:15.102725,Turkish Air Force,62-3567,2121,31000,35.8,30.9,KC-135R Stratotanker,131,460,True
ae5fa6,UNKNOWN CALLSIGN,2025-06-17 14:49:15.102730,,21-46059,3316,36000,31.8,31.7,KC-46A Pegasus,,,True
ae63bb,GOLD92,2025-06-17 14:49:15.102736,,20-46079,6455,36000,39.3,23.2,KC-46A Pegasus,,,True
ae49c7,RCH894,2025-06-17 14:49:15.102742,United States Air Force,09-9211,1255,11675,37.1,15.6,C-17A Globemaster,,,True
ae4d68,RCH289,2025-06-17 14:49:15.102747,United States Air Force,10-0215,7410,35000,38.0,24.0,C-17A Globemaster,,,True
ae20c9,RCH320,2025-06-17 14:49:15.102752,United States Air Force,07-7188,1747,32000,45.5,24.0,C-17A Globemaster,,,True
ae2fa7,RCH821,2025-06-17 14:49:15.102759,United States Air Force,08-8195,2062,33000,45.2,-8.2,C-17A Globemaster,,,True
ae574f,GOLD32,2025-06-17 14:49:15.102764,,15-46009,7010,36000,38.0,24.0,KC-46A Pegasus,,,True
ae0386,UNKNOWN CALLSIGN,2025-06-17 14:50:15.792388,,59-1468,3447,17000,37.110976,-5.018762,KC-135R Stratotanker,301,308,False
ae1467,RCH804,2025-06-17 14:50:15.792407,United States Air Force,07-7169,1427,30000,54.958107,-2.612956,C-17A Globemaster,293,365,False
ae05b1,UNKNOWN CALLSIGN,2025-06-17 14:50:15.792415,,63-8878,0401,1750,52.391425,0.325203,KC-135R Stratotanker,317,204,False
ae63c3,GOLD82,2025-06-17 14:50:15.792426,United States Air Force,21-46087,6040,38025,48.211086,18.909604,KC-46A Pegasus,309,452,False
3b7775,FAF4098,2025-06-17 14:50:15.792433,Force Aerienne Francaise,497,4317,29050,35.041406,22.883377,KC-135R Stratotanker,128,485,False
477ff1,BRK94,2025-06-17 14:50:15.792439,SAC Heavy Airlift Wing,01,1161,34000,43.651521,26.03557,C-17A Globemaster,301,437,False
4b8202,ASENA21,2025-06-17 14:50:15.792446,Turkish Air Force,62-3567,2121,31000,35.8,30.9,KC-135R Stratotanker,131,462,True
ae20c9,RCH320,2025-06-17 14:50:15.792452,United States Air Force,07-7188,1747,32000,45.5,24.0,C-17A Globemaster,,,True
ae63bb,GOLD92,2025-06-17 14:50:15.792458,,20-46079,6455,36000,39.2,23.2,KC-46A Pegasus,,,True
ae49c7,RCH894,2025-06-17 14:50:15.792464,United States Air Force,09-9211,1255,13525,37.1,15.6,C-17A Globemaster,,,True
ae5fa6,UNKNOWN CALLSIGN,2025-06-17 14:50:15.792469,,21-46059,Unavailable,36000,31.8,31.7,KC-46A Pegasus,,,True
ae4d68,RCH289,2025-06-17 14:50:15.792475,United States Air Force,10-0215,7410,35000,38.0,24.1,C-17A Globemaster,,,True
ae2fa7,RCH821,2025-06-17 14:50:15.792482,United States Air Force,08-8195,2062,33000,40.7,-8.3,C-17A Globemaster,,,True
ae574f,GOLD32,2025-06-17 14:50:15.792488,,15-46009,7010,36000,38.0,24.1,KC-46A Pegasus,,,True
ae1467,RCH804,2025-06-17 14:51:16.580200,United States Air Force,07-7169,1427,30000,54.988085,-2.783931,C-17A Globemaster,281,403,False
ae05b1,UNKNOWN CALLSIGN,2025-06-17 14:51:16.580218,,63-8878,0401,2575,52.451185,0.311975,KC-135R Stratotanker,21,232,False
ae63c3,GOLD82,2025-06-17 14:51:16.580229,United States Air Force,21-46087,6040,38000,48.293342,18.760896,KC-46A Pegasus,311,458,False
3b7775,FAF4098,2025-06-17 14:51:16.580235,Force Aerienne Francaise,497,4317,29050,34.958221,23.011145,KC-135R Stratotanker,128,486,False
477ff1,BRK94,2025-06-17 14:51:16.580242,SAC Heavy Airlift Wing,01,1161,34000,43.71567,25.893271,C-17A Globemaster,301,436,False
4b8202,ASENA21,2025-06-17 14:51:16.580249,Turkish Air Force,62-3567,2121,31000,35.8,30.9,KC-135R Stratotanker,131,462,True
ae5fa6,UNKNOWN CALLSIGN,2025-06-17 14:51:16.580255,,21-46059,3316,36000,31.8,31.7,KC-46A Pegasus,,,True
ae63bb,GOLD92,2025-06-17 14:51:16.580262,,20-46079,6455,36000,39.3,23.3,KC-46A Pegasus,,,True
ae0386,UNKNOWN CALLSIGN,2025-06-17 14:51:16.580268,,59-1468,3447,15100,36.2,-4.5,KC-135R Stratotanker,301,274,True
ae49c7,RCH894,2025-06-17 14:51:16.580274,United States Air Force,09-9211,1255,15375,36.0,14.8,C-17A Globemaster,,,True
ae4d68,RCH289,2025-06-17 14:51:16.580279,United States Air Force,10-0215,7410,35000,38.0,24.1,C-17A Globemaster,,,True
ae20c9,RCH320,2025-06-17 14:51:16.580285,United States Air Force,07-7188,1747,32000,45.5,24.0,C-17A Globemaster,,,True
ae2fa7,RCH821,2025-06-17 14:51:16.580292,United States Air Force,08-8195,2062,33000,45.2,-6.7,C-17A Globemaster,,,True
ae574f,GOLD32,2025-06-17 14:51:16.580298,,15-46009,7010,36000,38.0,24.1,KC-46A Pegasus,,,True
ae1467,RCH804,2025-06-17 14:52:17.289280,United States Air Force,07-7169,1427,30000,55.020068,-2.97011,C-17A Globemaster,287,385,False
ae05b1,UNKNOWN CALLSIGN,2025-06-17 14:52:17.289298,,63-8878,0401,2800,52.494389,0.375845,KC-135R Stratotanker,52,232,False
ae63c3,GOLD82,2025-06-17 14:52:17.289310,United States Air Force,21-46087,6040,38000,48.368963,18.623748,KC-46A Pegasus,310,461,False
3b7775,FAF4098,2025-06-17 14:52:17.289316,Force Aerienne Francaise,497,4317,29050,34.871887,23.143205,KC-135R Stratotanker,128,486,False
477ff1,BRK94,2025-06-17 14:52:17.289322,SAC Heavy Airlift Wing,01,1161,34000,43.792156,25.764051,C-17A Globemaster,317,434,False
4b8202,ASENA21,2025-06-17 14:52:17.289330,Turkish Air Force,62-3567,2121,31000,35.8,30.9,KC-135R Stratotanker,131,460,True
ae5fa6,UNKNOWN CALLSIGN,2025-06-17 14:52:17.289336,,21-46059,3316,35475,31.9,31.7,KC-46A Pegasus,,,True
ae63bb,GOLD92,2025-06-17 14:52:17.289341,,20-46079,6455,36025,39.5,23.3,KC-46A Pegasus,,,True
ae0386,UNKNOWN CALLSIGN,2025-06-17 14:52:17.289348,,59-1468,3447,14300,36.3,-4.6,KC-135R Stratotanker,301,252,True
ae49c7,RCH894,2025-06-17 14:52:17.289354,United States Air Force,09-9211,1255,16900,36.0,14.8,C-17A Globemaster,,,True
ae4d68,RCH289,2025-06-17 14:52:17.289359,United States Air Force,10-0215,7410,35000,38.0,24.5,C-17A Globemaster,,,True
ae20c9,RCH320,2025-06-17 14:52:17.289364,United States Air Force,07-7188,1747,32000,45.5,24.0,C-17A Globemaster,,,True
ae2fa7,RCH821,2025-06-17 14:52:17.289370,United States Air Force,08-8195,2062,33000,45.2,-6.7,C-17A Globemaster,,,True
ae574f,GOLD32,2025-06-17 14:52:17.289376,,15-46009,7010,36000,38.0,24.5,KC-46A Pegasus,,,True
ae1467,RCH804,2025-06-17 14:53:18.182461,United States Air Force,07-7169,1427,30000,55.052966,-3.1595,C-17A Globemaster,286,379,False
ae05b1,UNKNOWN CALLSIGN,2025-06-17 14:53:18.182478,,63-8878,0401,2775,52.536916,0.469826,KC-135R Stratotanker,52,244,False
ae63c3,GOLD82,2025-06-17 14:53:18.182490,United States Air Force,21-46087,6040,38000,48.45807,18.462042,KC-46A Pegasus,311,455,False
3b7775,FAF4098,2025-06-17 14:53:18.182497,Force Aerienne Francaise,497,4317,29050,34.797798,23.256283,KC-135R Stratotanker,128,486,False
477ff1,BRK94,2025-06-17 14:53:18.182503,SAC Heavy Airlift Wing,01,1161,34000,43.882553,25.649755,C-17A Globemaster,317,436,False
ae5e0c,UNKNOWN CALLSIGN,2025-06-17 14:53:18.182509,,17-46031,0367,Unavailable,31.1,31.6,KC-46A Pegasus,,,True
4b8202,ASENA21,2025-06-17 14:53:18.182516,Turkish Air Force,62-3567,2121,31000,35.8,30.9,KC-135R Stratotanker,131,452,True
ae5fa6,UNKNOWN CALLSIGN,2025-06-17 14:53:18.182521,,21-46059,3316,34300,31.9,31.7,KC-46A Pegasus,,,True
ae63bb,GOLD92,2025-06-17 14:53:18.182528,,20-46079,6455,36025,39.4,23.2,KC-46A Pegasus,,,True
ae0386,UNKNOWN CALLSIGN,2025-06-17 14:53:18.182534,,59-1468,3447,10975,36.4,-4.6,KC-135R Stratotanker,301,254,True
ae49c7,RCH894,2025-06-17 14:53:18.182539,United States Air Force,09-9211,1255,18450,36.0,14.8,C-17A Globemaster,,,True
ae4d68,RCH289,2025-06-17 14:53:18.182545,United States Air Force,10-0215,7410,35000,40.1,23.7,C-17A Globemaster,,,True
ae20c9,RCH320,2025-06-17 14:53:18.182550,United States Air Force,07-7188,1747,32000,45.5,24.0,C-17A Globemaster,,,True
ae2fa7,RCH821,2025-06-17 14:53:18.182556,United States Air Force,08-8195,2062,33000,45.2,-8.2,C-17A Globemaster,,,True
ae574f,GOLD32,2025-06-17 14:53:18.182563,,15-46009,7010,36000,38.0,24.5,KC-46A Pegasus,,,True
ae1467,RCH804,2025-06-17 14:54:19.343000,United States Air Force,07-7169,1427,30000,55.081617,-3.333663,C-17A Globemaster,285,375,False
ae05b1,UNKNOWN CALLSIGN,2025-06-17 14:54:19.343020,,63-8878,0401,2800,52.574531,0.549092,KC-135R Stratotanker,52,224,False
ae63c3,GOLD82,2025-06-17 14:54:19.343033,United States Air Force,21-46087,6040,38000,48.538065,18.315659,KC-46A Pegasus,309,438,False
3b7775,FAF4098,2025-06-17 14:54:19.343039,Force Aerienne Francaise,497,4317,29025,34.711304,23.392471,KC-135R Stratotanker,119,486,False
477ff1,BRK94,2025-06-17 14:54:19.343045,SAC Heavy Airlift Wing,01,1161,34000,43.974152,25.533568,C-17A Globemaster,317,438,False
4b8202,ASENA21,2025-06-17 14:54:19.343051,Turkish Air Force,62-3567,2121,31000,35.8,30.9,KC-135R Stratotanker,131,446,True
ae20c9,RCH320,2025-06-17 14:54:19.343057,United States Air Force,07-7188,1747,32000,45.5,24.0,C-17A Globemaster,,,True
ae63bb,GOLD92,2025-06-17 14:54:19.343062,,20-46079,6455,36025,39.7,23.3,KC-46A Pegasus,,,True
ae49c7,RCH894,2025-06-17 14:54:19.343067,United States Air Force,09-9211,1255,20050,36.0,14.8,C-17A Globemaster,,,True
ae4d68,RCH289,2025-06-17 14:54:19.343072,United States Air Force,10-0215,7410,35000,40.1,23.7,C-17A Globemaster,,,True
ae0386,UNKNOWN CALLSIGN,2025-06-17 14:54:19.343078,,59-1468,3447,8200,36.4,-4.6,KC-135R Stratotanker,314,248,True
ae2fa7,RCH821,2025-06-17 14:54:19.343084,United States Air Force,08-8195,2062,33000,41.2,-6.9,C-17A Globemaster,,,True
ae574f,GOLD32,2025-06-17 14:54:19.343089,,15-46009,7010,36000,38.0,24.6,KC-46A Pegasus,,,True
ae1467,RCH804,2025-06-17 14:55:20.055486,United States Air Force,07-7169,1427,30000,55.1162,-3.533696,C-17A Globemaster,287,448,False
ae05b1,UNKNOWN CALLSIGN,2025-06-17 14:55:20.055503,,63-8878,0401,2775,52.614103,0.63751,KC-135R Stratotanker,53,222,False
ae63c3,GOLD82,2025-06-17 14:55:20.055513,United States Air Force,21-46087,6040,38000,48.614795,18.174223,KC-46A Pegasus,308,453,False
3b7775,FAF4098,2025-06-17 14:55:20.055518,Force Aerienne Francaise,497,4317,29050,34.69352,23.503704,KC-135R Stratotanker,89,485,False
477ff1,BRK94,2025-06-17 14:55:20.055523,SAC Heavy Airlift Wing,01,1161,34000,44.065603,25.417589,C-17A Globemaster,318,439,False
4b8202,ASENA21,2025-06-17 14:55:20.055528,Turkish Air Force,62-3567,2121,31000,35.8,30.9,KC-135R Stratotanker,131,442,True
ae63bb,GOLD92,2025-06-17 14:55:20.055534,,20-46079,6455,36025,39.8,23.3,KC-46A Pegasus,,,True
ae49c7,RCH894,2025-06-17 14:55:20.055539,United States Air Force,09-9211,1255,21400,37.1,15.6,C-17A Globemaster,,,True
ae4d68,RCH289,2025-06-17 14:55:20.055543,United States Air Force,10-0215,7410,35000,38.0,24.6,C-17A Globemaster,,,True
ae20c9,RCH320,2025-06-17 14:55:20.055547,United States Air Force,07-7188,1747,32000,45.5,24.0,C-17A Globemaster,,,True
ae2fa7,RCH821,2025-06-17 14:55:20.055552,United States Air Force,08-8195,2062,33000,41.2,-6.9,C-17A Globemaster,,,True
ae574f,GOLD32,2025-06-17 14:55:20.055557,,15-46009,7010,36000,38.0,24.6,KC-46A Pegasus,,,True
ae1467,RCH804,2025-06-17 14:56:20.746756,United States Air Force,07-7169,1427,30000,55.143378,-3.703062,C-17A Globemaster,287,397,False
ae05b1,UNKNOWN CALLSIGN,2025-06-17 14:56:20.746781,,63-8878,0401,2775,52.648344,0.724169,KC-135R Stratotanker,88,224,False
ae63c3,GOLD82,2025-06-17 14:56:20.746797,United States Air Force,21-46087,6040,38000,48.6932,18.031354,KC-46A Pegasus,309,448,False
3b7775,FAF4098,2025-06-17 14:56:20.746805,Force Aerienne Francaise,497,4317,30400,34.69986,23.703957,KC-135R Stratotanker,87,485,False
477ff1,BRK94,2025-06-17 14:56:20.746812,SAC Heavy Airlift Wing,01,1161,34000,44.15787,25.302822,C-17A Globemaster,318,438,False
4b8202,ASENA21,2025-06-17 14:56:20.746820,Turkish Air Force,62-3567,2121,31000,35.8,30.9,KC-135R Stratotanker,131,442,True
ae20c9,RCH320,2025-06-17 14:56:20.746827,United States Air Force,07-7188,1747,32000,45.5,24.0,C-17A Globemaster,,,True
ae63bb,GOLD92,2025-06-17 14:56:20.746834,,20-46079,6455,36025,40.0,23.9,KC-46A Pegasus,,,True
ae49c7,RCH894,2025-06-17 14:56:20.746840,United States Air Force,09-9211,1255,22350,36.2,14.8,C-17A Globemaster,,,True
ae4d68,RCH289,2025-06-17 14:56:20.746846,United States Air Force,10-0215,7410,35000,40.1,23.7,C-17A Globemaster,,,True
ae2fa7,RCH821,2025-06-17 14:56:20.746855,United States Air Force,08-8195,2062,33000,40.7,-8.3,C-17A Globemaster,,,True
ae574f,GOLD32,2025-06-17 14:56:20.746863,,15-46009,7010,36000,38.0,24.3,KC-46A Pegasus,,,True
ae1467,RCH804,2025-06-17 14:57:21.532490,United States Air Force,07-7169,1427,30000,55.172422,-3.878262,C-17A Globemaster,285,386,False
ae05b1,UNKNOWN CALLSIGN,2025-06-17 14:57:21.532509,,63-8878,0401,2775,52.606379,0.791884,KC-135R Stratotanker,147,216,False
ae63c3,GOLD82,2025-06-17 14:57:21.532519,United States Air Force,21-46087,6040,38000,48.773592,17.880157,KC-46A Pegasus,308,427,False
3b7775,FAF4098,2025-06-17 14:57:21.532525,Force Aerienne Francaise,497,4317,29050,34.705811,23.881245,KC-135R Stratotanker,87,485,False
477ff1,BRK94,2025-06-17 14:57:21.532531,SAC Heavy Airlift Wing,01,1161,34000,44.247711,25.190539,C-17A Globemaster,317,439,False
ae5e0c,UNKNOWN CALLSIGN,2025-06-17 14:57:21.532537,,17-46031,Unavailable,Unavailable,31.1,31.6,KC-46A Pegasus,,,True
4b8202,ASENA21,2025-06-17 14:57:21.532543,Turkish Air Force,62-3567,2121,31000,35.8,30.9,KC-135R Stratotanker,131,444,True
ae63bb,GOLD92,2025-06-17 14:57:21.532548,,20-46079,6455,36000,40.0,23.8,KC-46A Pegasus,,,True
ae49c7,RCH894,2025-06-17 14:57:21.532554,United States Air Force,09-9211,1255,23250,36.2,14.8,C-17A Globemaster,,,True
ae4d68,RCH289,2025-06-17 14:57:21.532559,United States Air Force,10-0215,7410,35000,38.5,22.9,C-17A Globemaster,,,True
ae20c9,RCH320,2025-06-17 14:57:21.532563,United States Air Force,07-7188,1747,32000,45.5,24.0,C-17A Globemaster,,,True
ae2fa7,RCH821,2025-06-17 14:57:21.532569,United States Air Force,08-8195,2062,33000,45.0,-6.4,C-17A Globemaster,,,True
ae574f,GOLD32,2025-06-17 14:57:21.532575,,15-46009,7010,36000,38.0,23.9,KC-46A Pegasus,,,True
ae1467,RCH804,2025-06-17 14:58:22.661179,United States Air Force,07-7169,1427,30000,55.205453,-4.080899,C-17A Globemaster,287,396,False
ae05b1,UNKNOWN CALLSIGN,2025-06-17 14:58:22.661195,,63-8878,0401,2775,52.555193,0.832146,KC-135R Stratotanker,198,190,False
ae63c3,GOLD82,2025-06-17 14:58:22.661204,United States Air Force,21-46087,6040,38000,48.853026,17.730481,KC-46A Pegasus,307,458,False
3b7775,FAF4098,2025-06-17 14:58:22.661209,Force Aerienne Francaise,497,4317,29050,34.710846,24.036797,KC-135R Stratotanker,87,486,False
477ff1,BRK94,2025-06-17 14:58:22.661214,SAC Heavy Airlift Wing,01,1161,34000,44.341324,25.072763,C-17A Globemaster,317,438,False
ae5e0c,UNKNOWN CALLSIGN,2025-06-17 14:58:22.661218,,17-46031,0367,Unavailable,31.1,31.6,KC-46A Pegasus,,,True
4b8202,ASENA21,2025-06-17 14:58:22.661223,Turkish Air Force,62-3567,2121,31000,35.8,30.9,KC-135R Stratotanker,132,444,True
ae63bb,GOLD92,2025-06-17 14:58:22.661228,,20-46079,6455,36000,40.0,23.7,KC-46A Pegasus,,,True
ae49c7,RCH894,2025-06-17 14:58:22.661233,United States Air Force,09-9211,1255,24075,37.2,14.0,C-17A Globemaster,,,True
ae4d68,RCH289,2025-06-17 14:58:22.661237,United States Air Force,10-0215,7410,35000,38.0,24.0,C-17A Globemaster,,,True
ae20c9,RCH320,2025-06-17 14:58:22.661241,United States Air Force,07-7188,1747,32000,45.5,24.0,C-17A Globemaster,,,True
ae2fa7,RCH821,2025-06-17 14:58:22.661246,United States Air Force,08-8195,2062,33000,40.7,-8.4,C-17A Globemaster,,,True
ae574f,GOLD32,2025-06-17 14:58:22.661251,,15-46009,7010,36000,38.0,24.0,KC-46A Pegasus,,,True
ae1467,RCH804,2025-06-17 14:59:23.338958,United States Air Force,07-7169,1427,30000,55.234386,-4.25672,C-17A Globemaster,286,392,False
ae05b1,UNKNOWN CALLSIGN,2025-06-17 14:59:23.338974,,63-8878,0401,2775,52.504551,0.799903,KC-135R Stratotanker,202,190,False
ae63c3,GOLD82,2025-06-17 14:59:23.338983,United States Air Force,21-46087,6040,38000,48.912698,17.56296,KC-46A Pegasus,296,455,False
3b7775,FAF4098,2025-06-17 14:59:23.338987,Force Aerienne Francaise,497,4317,29025,34.71492,24.168072,KC-135R Stratotanker,87,486,False
477ff1,BRK94,2025-06-17 14:59:23.338992,SAC Heavy Airlift Wing,01,1161,34000,44.431225,24.958995,C-17A Globemaster,317,437,False
ae5e0c,UNKNOWN CALLSIGN,2025-06-17 14:59:23.338997,,17-46031,0367,Unavailable,31.1,31.6,KC-46A Pegasus,,,True
4b8202,ASENA21,2025-06-17 14:59:23.339001,Turkish Air Force,62-3567,2121,31000,35.8,30.9,KC-135R Stratotanker,132,448,True
ae63bb,GOLD92,2025-06-17 14:59:23.339006,,20-46079,2641,36000,41.2,24.0,KC-46A Pegasus,,,True
ae49c7,RCH894,2025-06-17 14:59:23.339011,United States Air Force,09-9211,1255,24650,37.2,14.0,C-17A Globemaster,,,True
ae4d68,RCH289,2025-06-17 14:59:23.339015,United States Air Force,10-0215,7410,35000,38.0,24.4,C-17A Globemaster,,,True
ae20c9,RCH320,2025-06-17 14:59:23.339019,United States Air Force,07-7188,1747,32000,45.5,24.0,C-17A Globemaster,,,True
ae2fa7,RCH821,2025-06-17 14:59:23.339024,United States Air Force,08-8195,2062,33000,45.2,-6.7,C-17A Globemaster,,,True
ae574f,GOLD32,2025-06-17 14:59:23.339029,,15-46009,7010,36025,38.0,24.4,KC-46A Pegasus,,,True
ae1467,RCH804,2025-06-17 15:00:24.335739,United States Air Force,07-7169,1427,30000,55.263367,-4.445269,C-17A Globemaster,286,381,False
ae05b1,UNKNOWN CALLSIGN,2025-06-17 15:00:24.335759,,63-8878,0401,2450,52.469229,0.750979,KC-135R Stratotanker,253,182,False
ae63c3,GOLD82,2025-06-17 15:00:24.335770,United States Air Force,21-46087,6040,38000,48.968421,17.396702,KC-46A Pegasus,296,443,False
3b7775,FAF4098,2025-06-17 15:00:24.335777,Force Aerienne Francaise,497,4317,29050,34.71917,24.306278,KC-135R Stratotanker,87,486,False
477ff1,BRK94,2025-06-17 15:00:24.335783,SAC Heavy Airlift Wing,01,1161,34000,44.522369,24.843292,C-17A Globemaster,317,436,False
4b8202,ASENA21,2025-06-17 15:00:24.335789,Turkish Air Force,62-3567,2121,31000,35.8,30.9,KC-135R Stratotanker,132,450,True
ae63bb,GOLD92,2025-06-17 15:00:24.335796,,20-46079,2641,36000,41.9,23.7,KC-46A Pegasus,,,True
ae49c7,RCH894,2025-06-17 15:00:24.335802,United States Air Force,09-9211,1255,25275,37.3,13.1,C-17A Globemaster,,,True
ae4d68,RCH289,2025-06-17 15:00:24.335807,United States Air Force,10-0215,7410,35000,38.0,24.4,C-17A Globemaster,,,True
ae20c9,RCH320,2025-06-17 15:00:24.335812,United States Air Force,07-7188,1747,32000,45.5,24.0,C-17A Globemaster,,,True
ae2fa7,RCH821,2025-06-17 15:00:24.335819,United States Air Force,08-8195,2062,33000,45.2,-8.2,C-17A Globemaster,,,True
ae574f,GOLD32,2025-06-17 15:00:24.335825,,15-46009,7010,36000,38.0,24.4,KC-46A Pegasus,,,True
ae1467,RCH804,2025-06-17 15:01:25.288012,United States Air Force,07-7169,1427,30000,55.29253,-4.628055,C-17A Globemaster,286,393,False
ae05b1,UNKNOWN CALLSIGN,2025-06-17 15:01:25.288030,,63-8878,0401,1175,52.453428,0.670312,KC-135R Stratotanker,242,162,False
ae63c3,GOLD82,2025-06-17 15:01:25.288040,United States Air Force,21-46087,6040,38000,49.023436,17.228063,KC-46A Pegasus,295,459,False
3b7775,FAF4098,2025-06-17 15:01:25.288046,Force Aerienne Francaise,497,4317,29050,34.724663,24.494877,KC-135R Stratotanker,88,488,False
477ff1,BRK94,2025-06-17 15:01:25.288051,SAC Heavy Airlift Wing,01,1161,34000,44.613281,24.727347,C-17A Globemaster,317,436,False
4b8202,ASENA21,2025-06-17 15:01:25.288058,Turkish Air Force,62-3567,2121,31000,35.8,30.9,KC-135R Stratotanker,132,450,True
ae20c9,RCH320,2025-06-17 15:01:25.288064,United States Air Force,07-7188,1747,32000,45.5,24.0,C-17A Globemaster,,,True
ae63bb,GOLD92,2025-06-17 15:01:25.288069,,20-46079,2641,36000,41.8,24.0,KC-46A Pegasus,,,True
ae4d68,RCH289,2025-06-17 15:01:25.288074,United States Air Force,10-0215,7410,35000,38.0,24.4,C-17A Globemaster,,,True
ae2fa7,RCH821,2025-06-17 15:01:25.288080,United States Air Force,08-8195,2062,33000,45.2,-6.7,C-17A Globemaster,,,True
ae574f,GOLD32,2025-06-17 15:01:25.288086,,15-46009,7010,36025,38.0,24.4,KC-46A Pegasus,,,True
ae2fa7,RCH821,2025-06-17 15:02:25.977047,United States Air Force,08-8195,2062,33000,42.862881,-8.273853,C-17A Globemaster,,,False
ae1467,RCH804,2025-06-17 15:02:25.977062,United States Air Force,07-7169,1427,30000,55.322069,-4.813176,C-17A Globemaster,285,392,False
ae05b1,UNKNOWN CALLSIGN,2025-06-17 15:02:25.977069,,63-8878,0401,325,52.433194,0.619044,KC-135R Stratotanker,236,148,False
ae63c3,GOLD82,2025-06-17 15:02:25.977076,United States Air Force,21-46087,6040,38000,49.0707,17.048318,KC-46A Pegasus,292,462,False
477ff1,BRK94,2025-06-17 15:02:25.977081,SAC Heavy Airlift Wing,01,1161,34000,44.704393,24.610715,C-17A Globemaster,317,436,False
3b7775,FAF4098,2025-06-17 15:02:25.977085,Force Aerienne Francaise,497,4317,29050,34.72966,24.672491,KC-135R Stratotanker,88,488,False
4b8202,ASENA21,2025-06-17 15:02:25.977091,Turkish Air Force,62-3567,2121,31000,35.8,30.9,KC-135R Stratotanker,132,452,True
ae63bb,GOLD92,2025-06-17 15:02:25.977096,,20-46079,2641,36000,41.5,24.0,KC-46A Pegasus,,,True
ae49c7,RCH894,2025-06-17 15:02:25.977101,United States Air Force,09-9211,1255,26275,36.2,14.8,C-17A Globemaster,,,True
ae4d68,RCH289,2025-06-17 15:02:25.977105,United States Air Force,10-0215,7410,35000,38.0,24.7,C-17A Globemaster,,,True
ae20c9,RCH320,2025-06-17 15:02:25.977109,United States Air Force,07-7188,1747,32000,49.1,17.2,C-17A Globemaster,,,True
ae574f,GOLD32,2025-06-17 15:02:25.977115,,15-46009,7010,36000,38.0,24.7,KC-46A Pegasus,,,True
ae1467,RCH804,2025-06-17 15:03:26.906644,United States Air Force,07-7169,1427,30000,55.349118,-4.993225,C-17A Globemaster,285,384,False
ae05b1,UNKNOWN CALLSIGN,2025-06-17 15:03:26.906662,,63-8878,0401,850,52.408419,0.560372,KC-135R Stratotanker,234,172,False
ae63c3,GOLD82,2025-06-17 15:03:26.906673,United States Air Force,21-46087,6040,38000,49.113756,16.8735,KC-46A Pegasus,289,485,False
477ff1,BRK94,2025-06-17 15:03:26.906678,SAC Heavy Airlift Wing,01,1161,34000,44.794876,24.49428,C-17A Globemaster,317,436,False
3b7775,FAF4098,2025-06-17 15:03:26.906684,Force Aerienne Francaise,497,4317,29050,34.733734,24.828428,KC-135R Stratotanker,88,488,False
4b8202,ASENA21,2025-06-17 15:03:26.906691,Turkish Air Force,62-3567,2121,31000,35.8,30.9,KC-135R Stratotanker,132,456,True
ae20c9,RCH320,2025-06-17 15:03:26.906696,United States Air Force,07-7188,1747,32000,49.1,17.2,C-17A Globemaster,,,True
ae63bb,GOLD92,2025-06-17 15:03:26.906701,,20-46079,2641,36000,42.9,23.1,KC-46A Pegasus,,,True
ae49c7,RCH894,2025-06-17 15:03:26.906706,United States Air Force,09-9211,1255,26725,36.2,14.8,C-17A Globemaster,,,True
ae4d68,RCH289,2025-06-17 15:03:26.906712,United States Air Force,10-0215,7410,35000,38.0,24.7,C-17A Globemaster,,,True
ae2fa7,RCH821,2025-06-17 15:03:26.906717,United States Air Force,08-8195,2062,33000,43.0,-8.0,C-17A Globemaster,,,True
ae574f,GOLD32,2025-06-17 15:03:26.906723,,15-46009,7010,36000,38.0,24.7,KC-46A Pegasus,,,True
ae1467,RCH804,2025-06-17 15:04:27.864413,United States Air Force,07-7169,1427,30000,55.377031,-5.175356,C-17A Globemaster,285,391,False
ae05b1,UNKNOWN CALLSIGN,2025-06-17 15:04:27.864431,,63-8878,0401,2050,52.364214,0.483211,KC-135R Stratotanker,193,246,False
ae63c3,GOLD82,2025-06-17 15:04:27.864442,United States Air Force,21-46087,6040,37700,49.160103,16.691933,KC-46A Pegasus,291,483,False
477ff1,BRK94,2025-06-17 15:04:27.864448,SAC Heavy Airlift Wing,01,1161,34000,44.88469,24.37826,C-17A Globemaster,317,435,False
3b7775,FAF4098,2025-06-17 15:04:27.864453,Force Aerienne Francaise,497,4317,29025,34.735649,24.902401,KC-135R Stratotanker,88,488,False
4b8202,ASENA21,2025-06-17 15:04:27.864460,Turkish Air Force,62-3567,2121,31025,35.8,30.9,KC-135R Stratotanker,132,458,True
ae63bb,GOLD92,2025-06-17 15:04:27.864465,,20-46079,2641,36000,43.4,23.2,KC-46A Pegasus,,,True
ae49c7,RCH894,2025-06-17 15:04:27.864471,United States Air Force,09-9211,1255,27200,37.3,13.1,C-17A Globemaster,,,True
ae5fa6,UNKNOWN CALLSIGN,2025-06-17 15:04:27.864476,,21-46059,Unavailable,Unavailable,35.8,30.9,KC-46A Pegasus,,,True
ae4d68,RCH289,2025-06-17 15:04:27.864481,United States Air Force,10-0215,7410,35000,38.0,24.7,C-17A Globemaster,,,True
ae20c9,RCH320,2025-06-17 15:04:27.864485,United States Air Force,07-7188,1747,32000,49.1,17.2,C-17A Globemaster,,,True
ae2fa7,RCH821,2025-06-17 15:04:27.864492,United States Air Force,08-8195,2062,33000,43.4,-7.7,C-17A Globemaster,,,True
ae574f,GOLD32,2025-06-17 15:04:27.864497,,15-46009,7010,36000,38.0,24.7,KC-46A Pegasus,,,True
ae1467,RCH804,2025-06-17 15:05:28.552729,United States Air Force,07-7169,1427,30000,55.405954,-5.367958,C-17A Globemaster,285,395,False
ae05b1,UNKNOWN CALLSIGN,2025-06-17 15:05:28.552746,,63-8878,0401,2900,52.305222,0.487683,KC-135R Stratotanker,178,230,False
ae63c3,GOLD82,2025-06-17 15:05:28.552755,United States Air Force,21-46087,6040,37000,49.21657,16.49461,KC-46A Pegasus,292,467,False
477ff1,BRK94,2025-06-17 15:05:28.552760,SAC Heavy Airlift Wing,01,1161,34000,44.968857,24.254999,C-17A Globemaster,311,436,False
3b7775,FAF4098,2025-06-17 15:05:28.552765,Force Aerienne Francaise,497,4317,29050,34.739655,25.066853,KC-135R Stratotanker,88,489,False
4b8202,ASENA21,2025-06-17 15:05:28.552770,Turkish Air Force,62-3567,2121,29300,35.8,30.9,KC-135R Stratotanker,132,434,True
ae63bb,GOLD92,2025-06-17 15:05:28.552775,,20-46079,2641,36000,43.5,23.4,KC-46A Pegasus,,,True
ae49c7,RCH894,2025-06-17 15:05:28.552780,United States Air Force,09-9211,1255,27650,37.3,13.1,C-17A Globemaster,,,True
ae4d68,RCH289,2025-06-17 15:05:28.552784,United States Air Force,10-0215,7410,35000,38.0,24.8,C-17A Globemaster,,,True
ae20c9,RCH320,2025-06-17 15:05:28.552788,United States Air Force,07-7188,1747,32000,49.1,17.2,C-17A Globemaster,,,True
ae2fa7,RCH821,2025-06-17 15:05:28.552793,United States Air Force,08-8195,2062,33000,43.8,-8.0,C-17A Globemaster,,,True
ae574f,GOLD32,2025-06-17 15:05:28.552798,,15-46009,7010,36000,38.0,24.8,KC-46A Pegasus,,,True
ae63b7,UNKNOWN CALLSIGN,2025-06-17 15:05:28.552802,,20-46075,Unavailable,Unavailable,37.3,13.1,KC-46A Pegasus,,,True
ae1467,RCH804,2025-06-17 15:06:29.537223,United States Air Force,07-7169,1427,30000,55.436853,-5.554145,C-17A Globemaster,285,377,False
ae05b1,UNKNOWN CALLSIGN,2025-06-17 15:06:29.537240,,63-8878,0401,2850,52.238517,0.497192,KC-135R Stratotanker,145,232,False
ae63c3,GOLD82,2025-06-17 15:06:29.537251,United States Air Force,21-46087,6040,37000,49.256124,16.324402,KC-46A Pegasus,289,455,False
477ff1,BRK94,2025-06-17 15:06:29.537256,SAC Heavy Airlift Wing,01,1161,34000,45.05072,24.124799,C-17A Globemaster,311,436,False
3b7775,FAF4098,2025-06-17 15:06:29.537261,Force Aerienne Francaise,497,4317,29025,34.746452,25.373039,KC-135R Stratotanker,88,490,False
4b8202,ASENA21,2025-06-17 15:06:29.537267,Turkish Air Force,62-3567,2121,27150,35.8,30.9,KC-135R Stratotanker,87,400,True
ae63bb,GOLD92,2025-06-17 15:06:29.537273,,20-46079,2641,36000,43.4,23.4,KC-46A Pegasus,,,True
ae49c7,RCH894,2025-06-17 15:06:29.537279,United States Air Force,09-9211,1255,28125,37.3,13.0,C-17A Globemaster,,,True
ae4d68,RCH289,2025-06-17 15:06:29.537283,United States Air Force,10-0215,7410,35000,38.0,24.8,C-17A Globemaster,,,True
ae20c9,RCH320,2025-06-17 15:06:29.537288,United States Air Force,07-7188,1747,32000,48.0,19.5,C-17A Globemaster,,,True
ae2fa7,RCH821,2025-06-17 15:06:29.537293,United States Air Force,08-8195,2062,33000,43.0,-8.0,C-17A Globemaster,,,True
ae574f,GOLD32,2025-06-17 15:06:29.537299,,15-46009,7010,36000,38.0,24.8,KC-46A Pegasus,,,True
ae1467,RCH804,2025-06-17 15:07:30.507000,United States Air Force,07-7169,1427,30000,55.460466,-5.73228,C-17A Globemaster,285,387,False
ae05b1,UNKNOWN CALLSIGN,2025-06-17 15:07:30.507019,,63-8878,0401,2850,52.219706,0.588463,KC-135R Stratotanker,101,226,False
ae63c3,GOLD82,2025-06-17 15:07:30.507031,United States Air Force,21-46087,6040,37000,49.303597,16.14127,KC-46A Pegasus,287,457,False
477ff1,BRK94,2025-06-17 15:07:30.507036,SAC Heavy Airlift Wing,01,1161,34000,45.131836,23.994991,C-17A Globemaster,311,435,False
3b7775,FAF4098,2025-06-17 15:07:30.507041,Force Aerienne Francaise,497,4317,29050,34.749569,25.521069,KC-135R Stratotanker,88,489,False
4b8202,ASENA21,2025-06-17 15:07:30.507046,Turkish Air Force,62-3567,2121,25350,35.8,30.9,KC-135R Stratotanker,86,394,True
ae20c9,RCH320,2025-06-17 15:07:30.507050,United States Air Force,07-7188,1747,32000,48.7,17.7,C-17A Globemaster,,,True
ae63bb,GOLD92,2025-06-17 15:07:30.507054,,20-46079,2641,36000,43.4,23.2,KC-46A Pegasus,,,True
ae49c7,RCH894,2025-06-17 15:07:30.507060,United States Air Force,09-9211,1255,28450,36.2,14.8,C-17A Globemaster,,,True
ae4d68,RCH289,2025-06-17 15:07:30.507064,United States Air Force,10-0215,7410,35000,38.0,24.7,C-17A Globemaster,,,True
ae2fa7,RCH821,2025-06-17 15:07:30.507069,United States Air Force,08-8195,2062,33000,43.8,-8.1,C-17A Globemaster,,,True
ae574f,GOLD32,2025-06-17 15:07:30.507074,,15-46009,7010,36000,38.0,24.7,KC-46A Pegasus,,,True
ae1467,RCH804,2025-06-17 15:08:31.217702,United States Air Force,07-7169,1427,30000,55.485346,-5.908558,C-17A Globemaster,285,376,False
ae05b1,UNKNOWN CALLSIGN,2025-06-17 15:08:31.217722,,63-8878,0401,2850,52.204783,0.697155,KC-135R Stratotanker,101,244,False
ae63c3,GOLD82,2025-06-17 15:08:31.217733,United States Air Force,21-46087,6040,37000,49.352137,15.961342,KC-46A Pegasus,292,453,False
477ff1,BRK94,2025-06-17 15:08:31.217739,SAC Heavy Airlift Wing,01,1161,34000,45.212494,23.865182,C-17A Globemaster,311,435,False
ae63bb,GOLD92,2025-06-17 15:08:31.217746,,20-46079,2641,36000,43.4,23.5,KC-46A Pegasus,,,True
ae49c7,RCH894,2025-06-17 15:08:31.217753,United States Air Force,09-9211,1255,28775,37.3,13.0,C-17A Globemaster,,,True
ae4d68,RCH289,2025-06-17 15:08:31.217758,United States Air Force,10-0215,7410,35000,38.0,24.1,C-17A Globemaster,,,True
ae20c9,RCH320,2025-06-17 15:08:31.217762,United States Air Force,07-7188,1747,32000,47.9,19.7,C-17A Globemaster,,,True
ae2fa7,RCH821,2025-06-17 15:08:31.217768,United States Air Force,08-8195,2062,33000,42.8,-8.5,C-17A Globemaster,,,True
ae574f,GOLD32,2025-06-17 15:08:31.217773,,15-46009,7010,36000,38.0,24.1,KC-46A Pegasus,,,True
ae1467,RCH804,2025-06-17 15:09:32.119368,United States Air Force,07-7169,1427,30000,55.510716,-6.085021,C-17A Globemaster,283,374,False
ae05b1,UNKNOWN CALLSIGN,2025-06-17 15:09:32.119385,,63-8878,0401,2850,52.231356,0.773895,KC-135R Stratotanker,16,218,False
ae63c3,GOLD82,2025-06-17 15:09:32.119394,United States Air Force,21-46087,6040,37000,49.396311,15.774714,KC-46A Pegasus,289,458,False
ae20c9,RCH320,2025-06-17 15:09:32.119399,United States Air Force,07-7188,1747,32000,47.477386,20.181045,C-17A Globemaster,,,False
477ff1,BRK94,2025-06-17 15:09:32.119403,SAC Heavy Airlift Wing,01,1161,34000,45.293931,23.733617,C-17A Globemaster,311,436,False
ae63bb,GOLD92,2025-06-17 15:09:32.119409,,20-46079,2641,36000,43.4,23.2,KC-46A Pegasus,,,True
ae4d68,RCH289,2025-06-17 15:09:32.119414,United States Air Force,10-0215,7410,35000,38.0,24.1,C-17A Globemaster,,,True
ae2fa7,RCH821,2025-06-17 15:09:32.119419,United States Air Force,08-8195,2062,33000,42.8,-8.6,C-17A Globemaster,,,True
ae574f,GOLD32,2025-06-17 15:09:32.119424,,15-46009,7010,36000,38.0,24.1,KC-46A Pegasus,,,True
ae1467,RCH804,2025-06-17 15:10:32.820145,United States Air Force,07-7169,1427,30000,55.536578,-6.270755,C-17A Globemaster,284,371,False
ae05b1,UNKNOWN CALLSIGN,2025-06-17 15:10:32.820164,,63-8878,0401,2850,52.28926,0.799599,KC-135R Stratotanker,9,182,False
ae63c3,GOLD82,2025-06-17 15:10:32.820175,United States Air Force,21-46087,6040,37000,49.444255,15.58964,KC-46A Pegasus,292,453,False
ae20c9,RCH320,2025-06-17 15:10:32.820181,United States Air Force,07-7188,1747,32000,47.623941,19.93928,C-17A Globemaster,,,False
477ff1,BRK94,2025-06-17 15:10:32.820186,SAC Heavy Airlift Wing,01,1161,34000,45.371613,23.600202,C-17A Globemaster,308,433,False
ae63bb,GOLD92,2025-06-17 15:10:32.820192,,20-46079,2641,36000,43.5,23.3,KC-46A Pegasus,,,True
ae4d68,RCH289,2025-06-17 15:10:32.820199,United States Air Force,10-0215,7410,35000,38.0,24.1,C-17A Globemaster,,,True
ae2fa7,RCH821,2025-06-17 15:10:32.820206,United States Air Force,08-8195,2062,33000,43.1,-8.5,C-17A Globemaster,,,True
ae574f,GOLD32,2025-06-17 15:10:32.820212,,15-46009,7010,36000,38.0,24.1,KC-46A Pegasus,,,True
ae1467,RCH804,2025-06-17 15:11:33.781781,United States Air Force,07-7169,1427,30000,55.565639,-6.466936,C-17A Globemaster,285,394,False
ae05b1,UNKNOWN CALLSIGN,2025-06-17 15:11:33.781800,,63-8878,0401,2750,52.323379,0.751314,KC-135R Stratotanker,287,166,False
ae63c3,GOLD82,2025-06-17 15:11:33.781809,United States Air Force,21-46087,6040,37000,49.490299,15.401251,KC-46A Pegasus,290,463,False
ae20c9,RCH320,2025-06-17 15:11:33.781814,United States Air Force,07-7188,1747,32000,47.677058,19.84899,C-17A Globemaster,,,False
477ff1,BRK94,2025-06-17 15:11:33.781819,SAC Heavy Airlift Wing,01,1161,34000,45.447052,23.463527,C-17A Globemaster,308,436,False
ae63bb,GOLD92,2025-06-17 15:11:33.781824,,20-46079,2641,36025,43.4,23.3,KC-46A Pegasus,,,True
ae4d68,RCH289,2025-06-17 15:11:33.781831,United States Air Force,10-0215,7410,35000,38.0,24.1,C-17A Globemaster,,,True
ae2fa7,RCH821,2025-06-17 15:11:33.781837,United States Air Force,08-8195,2062,33000,42.6,-8.6,C-17A Globemaster,,,True
ae574f,GOLD32,2025-06-17 15:11:33.781841,,15-46009,7010,36000,38.0,24.1,KC-46A Pegasus,,,True
ae1467,RCH804,2025-06-17 15:12:34.520927,United States Air Force,07-7169,1427,30000,55.588817,-6.639298,C-17A Globemaster,282,372,False
ae05b1,UNKNOWN CALLSIGN,2025-06-17 15:12:34.520947,,63-8878,0401,1825,52.333126,0.680044,KC-135R Stratotanker,282,148,False
ae63c3,GOLD82,2025-06-17 15:12:34.520973,United States Air Force,21-46087,6040,37000,49.534309,15.2231,KC-46A Pegasus,291,472,False
ae20c9,RCH320,2025-06-17 15:12:34.520993,United States Air Force,07-7188,1747,32000,47.743465,19.729173,C-17A Globemaster,,,False
477ff1,BRK94,2025-06-17 15:12:34.520998,SAC Heavy Airlift Wing,01,1161,34000,45.521805,23.328748,C-17A Globemaster,308,437,False
ae63bb,GOLD92,2025-06-17 15:12:34.521003,,20-46079,2641,36025,43.4,23.3,KC-46A Pegasus,,,True
ae4d68,RCH289,2025-06-17 15:12:34.521010,United States Air Force,10-0215,7410,35000,38.0,24.4,C-17A Globemaster,,,True
ae5e0c,UNKNOWN CALLSIGN,2025-06-17 15:12:34.521014,,17-46031,Unavailable,Unavailable,31.1,31.5,KC-46A Pegasus,,,True
ae2fa7,RCH821,2025-06-17 15:12:34.521019,United States Air Force,08-8195,2062,33000,42.2,-8.6,C-17A Globemaster,,,True
ae574f,GOLD32,2025-06-17 15:12:34.521024,,15-46009,7010,36000,40.1,23.7,KC-46A Pegasus,,,True
ae1467,RCH804,2025-06-17 15:13:35.202170,United States Air Force,07-7169,1427,30000,55.611375,-6.813454,C-17A Globemaster,283,378,False
ae05b1,UNKNOWN CALLSIGN,2025-06-17 15:13:35.202189,,63-8878,0401,1100,52.34345,0.615309,KC-135R Stratotanker,283,148,False
ae63c3,GOLD82,2025-06-17 15:13:35.202198,United States Air Force,21-46087,6040,37000,49.581493,15.032579,KC-46A Pegasus,290,429,False
ae20c9,RCH320,2025-06-17 15:13:35.202203,United States Air Force,07-7188,1747,32000,47.851299,19.547061,C-17A Globemaster,309,422,False
477ff1,BRK94,2025-06-17 15:13:35.202207,SAC Heavy Airlift Wing,01,1161,34000,45.598251,23.190866,C-17A Globemaster,308,432,False
ae5fa6,GOLD42,2025-06-17 15:13:35.202213,,21-46059,7027,30025,38.0,24.4,KC-46A Pegasus,,,True
ae63bb,GOLD92,2025-06-17 15:13:35.202217,,20-46079,2641,36000,43.4,23.2,KC-46A Pegasus,,,True
ae4d68,RCH289,2025-06-17 15:13:35.202224,United States Air Force,10-0215,7410,35000,38.0,24.3,C-17A Globemaster,,,True
ae2fa7,RCH821,2025-06-17 15:13:35.202230,United States Air Force,08-8195,2062,33000,43.6,-8.5,C-17A Globemaster,,,True
ae574f,GOLD32,2025-06-17 15:13:35.202235,,15-46009,7010,36000,40.1,23.7,KC-46A Pegasus,,,True
ae1467,RCH804,2025-06-17 15:14:36.195093,United States Air Force,07-7169,1427,30000,55.636967,-6.999808,C-17A Globemaster,284,381,False
ae05b1,UNKNOWN CALLSIGN,2025-06-17 15:14:36.195109,,63-8878,0401,325,52.352617,0.551022,KC-135R Stratotanker,284,144,False
ae63c3,GOLD82,2025-06-17 15:14:36.195118,United States Air Force,21-46087,6040,37000,49.622624,14.858824,KC-46A Pegasus,291,487,False
ae20c9,RCH320,2025-06-17 15:14:36.195123,United States Air Force,07-7188,1747,32000,47.939104,19.390694,C-17A Globemaster,310,445,False
477ff1,BRK94,2025-06-17 15:14:36.195128,SAC Heavy Airlift Wing,01,1161,34000,45.673737,23.05414,C-17A Globemaster,308,429,False
3b7775,FAF4098,2025-06-17 15:14:36.195133,Force Aerienne Francaise,497,4317,29025,34.78793,26.642876,KC-135R Stratotanker,82,452,False
ae5fa6,GOLD42,2025-06-17 15:14:36.195138,,21-46059,7027,30025,38.0,24.3,KC-46A Pegasus,,,True
ae63bb,GOLD92,2025-06-17 15:14:36.195143,,20-46079,2641,36025,43.3,23.2,KC-46A Pegasus,,,True
ae4d68,RCH289,2025-06-17 15:14:36.195149,United States Air Force,10-0215,7410,35000,38.0,24.3,C-17A Globemaster,,,True
ae2fa7,RCH821,2025-06-17 15:14:36.195154,United States Air Force,08-8195,2062,33000,44.5,-8.4,C-17A Globemaster,,,True
ae574f,GOLD32,2025-06-17 15:14:36.195159,,15-46009,7010,36000,40.1,23.7,KC-46A Pegasus,,,True
ae1467,RCH804,2025-06-17 15:15:37.236536,United States Air Force,07-7169,1427,30000,55.657116,-7.15141,C-17A Globemaster,284,381,False
ae05b1,UNKNOWN CALLSIGN,2025-06-17 15:15:37.236555,,63-8878,0401,275,52.361517,0.486073,KC-135R Stratotanker,283,162,False
ae63c3,GOLD82,2025-06-17 15:15:37.236566,United States Air Force,21-46087,6040,37000,49.668563,14.665057,KC-46A Pegasus,291,448,False
ae20c9,RCH320,2025-06-17 15:15:37.236572,United States Air Force,07-7188,1747,32000,48.022576,19.247273,C-17A Globemaster,312,416,False
477ff1,BRK94,2025-06-17 15:15:37.236577,SAC Heavy Airlift Wing,01,1161,34000,45.74826,22.918351,C-17A Globemaster,308,430,False
3b7775,FAF4098,2025-06-17 15:15:37.236582,Force Aerienne Francaise,497,4317,29025,34.803818,26.827548,KC-135R Stratotanker,84,450,False
ae5fa6,GOLD42,2025-06-17 15:15:37.236589,,21-46059,7027,30000,38.0,24.2,KC-46A Pegasus,,,True
ae63bb,GOLD92,2025-06-17 15:15:37.236593,,20-46079,2641,36000,43.4,23.3,KC-46A Pegasus,,,True
ae4d68,RCH289,2025-06-17 15:15:37.236600,United States Air Force,10-0215,7410,35000,38.0,24.2,C-17A Globemaster,,,True
ae2fa7,RCH821,2025-06-17 15:15:37.236606,United States Air Force,08-8195,2062,33000,44.8,-8.4,C-17A Globemaster,,,True
ae63b7,GOLD72,2025-06-17 15:15:37.236612,,20-46075,6471,32350,38.5,23.0,KC-46A Pegasus,358,490,True
ae574f,GOLD32,2025-06-17 15:15:37.236617,,15-46009,7010,36000,38.5,22.9,KC-46A Pegasus,,,True
ae1467,RCH804,2025-06-17 15:16:37.926002,United States Air Force,07-7169,1427,30000,55.678059,-7.302414,C-17A Globemaster,283,363,False
ae05b1,UNKNOWN CALLSIGN,2025-06-17 15:16:37.926020,,63-8878,0401,1025,52.371337,0.414029,KC-135R Stratotanker,280,164,False
ae63c3,GOLD82,2025-06-17 15:16:37.926030,United States Air Force,21-46087,6040,37000,49.712001,14.480101,KC-46A Pegasus,289,453,False
ae20c9,RCH320,2025-06-17 15:16:37.926036,United States Air Force,07-7188,1747,32000,48.105401,19.096143,C-17A Globemaster,309,496,False
477ff1,BRK94,2025-06-17 15:16:37.926041,SAC Heavy Airlift Wing,01,1161,34000,45.823013,22.781357,C-17A Globemaster,307,428,False
ae63b7,GOLD72,2025-06-17 15:16:37.926047,,20-46075,6471,34200,38.5,22.9,KC-46A Pegasus,359,486,True
ae63bb,GOLD92,2025-06-17 15:16:37.926053,,20-46079,2641,36000,43.5,23.4,KC-46A Pegasus,,,True
ae5fa6,GOLD42,2025-06-17 15:16:37.926059,,21-46059,7027,30025,38.0,24.1,KC-46A Pegasus,,,True
ae4d68,RCH289,2025-06-17 15:16:37.926065,United States Air Force,10-0215,7410,35000,38.0,24.1,C-17A Globemaster,,,True
ae2fa7,RCH821,2025-06-17 15:16:37.926070,United States Air Force,08-8195,2062,33000,45.0,-8.4,C-17A Globemaster,,,True
3b7775,FAF4098,2025-06-17 15:16:37.926076,Force Aerienne Francaise,497,4317,Unavailable,38.0,24.2,KC-135R Stratotanker,,,True
ae574f,GOLD32,2025-06-17 15:16:37.926082,,15-46009,7010,36000,38.5,22.9,KC-46A Pegasus,,,True
ae1467,RCH804,2025-06-17 15:17:38.595516,United States Air Force,07-7169,1427,30000,55.7024,-7.488151,C-17A Globemaster,284,379,False
ae05b1,UNKNOWN CALLSIGN,2025-06-17 15:17:38.595534,,63-8878,0401,1050,52.340746,0.380663,KC-135R Stratotanker,141,194,False
ae63c3,GOLD82,2025-06-17 15:17:38.595543,United States Air Force,21-46087,6040,37000,49.753808,14.298912,KC-46A Pegasus,289,460,False
ae20c9,RCH320,2025-06-17 15:17:38.595548,United States Air Force,07-7188,1747,32000,48.18728,18.948484,C-17A Globemaster,310,468,False
477ff1,BRK94,2025-06-17 15:17:38.595553,SAC Heavy Airlift Wing,01,1161,34000,45.896759,22.645569,C-17A Globemaster,307,429,False
ae63b7,GOLD72,2025-06-17 15:17:38.595558,,20-46075,6471,35675,38.5,23.0,KC-46A Pegasus,358,482,True
ae63bb,GOLD92,2025-06-17 15:17:38.595563,,20-46079,2641,36025,43.5,23.6,KC-46A Pegasus,,,True
ae5fa6,GOLD42,2025-06-17 15:17:38.595568,,21-46059,7027,30000,38.0,23.7,KC-46A Pegasus,,,True
ae4d68,RCH289,2025-06-17 15:17:38.595573,United States Air Force,10-0215,7410,35000,38.0,23.7,C-17A Globemaster,,,True
ae2fa7,RCH821,2025-06-17 15:17:38.595577,United States Air Force,08-8195,2062,33000,44.4,-8.4,C-17A Globemaster,,,True
3b7775,FAF4098,2025-06-17 15:17:38.595583,Force Aerienne Francaise,497,4317,Unavailable,38.0,24.2,KC-135R Stratotanker,,,True
ae574f,GOLD32,2025-06-17 15:17:38.595588,,15-46009,7010,36000,38.5,22.9,KC-46A Pegasus,,,True
ae1467,RCH804,2025-06-17 15:18:39.593931,United States Air Force,07-7169,1427,30000,55.712172,-7.658376,C-17A Globemaster,278,368,False
ae05b1,UNKNOWN CALLSIGN,2025-06-17 15:18:39.593950,,63-8878,0401,950,52.323007,0.464035,KC-135R Stratotanker,98,192,False
ae63c3,GOLD82,2025-06-17 15:18:39.593960,United States Air Force,21-46087,6040,37000,49.790684,14.129431,KC-46A Pegasus,291,439,False
ae20c9,RCH320,2025-06-17 15:18:39.593965,United States Air Force,07-7188,1747,32000,48.268177,18.804001,C-17A Globemaster,309,434,False
477ff1,BRK94,2025-06-17 15:18:39.593971,SAC Heavy Airlift Wing,01,1161,34000,45.969962,22.510094,C-17A Globemaster,307,428,False
3b7775,FAF4098,2025-06-17 15:18:39.593976,Force Aerienne Francaise,497,4317,29025,34.831129,27.151108,KC-135R Stratotanker,,452,False
ae5fa6,GOLD42,2025-06-17 15:18:39.593983,,21-46059,7027,30025,38.0,23.8,KC-46A Pegasus,,,True
ae63bb,GOLD92,2025-06-17 15:18:39.593988,,20-46079,2641,36000,43.5,23.4,KC-46A Pegasus,,,True
ae4d68,RCH289,2025-06-17 15:18:39.593994,United States Air Force,10-0215,7410,35000,38.0,23.8,C-17A Globemaster,,,True
ae2fa7,RCH821,2025-06-17 15:18:39.594000,United States Air Force,08-8195,2062,32825,43.1,-8.6,C-17A Globemaster,,,True
ae63b7,GOLD72,2025-06-17 15:18:39.594006,,20-46075,6471,36825,38.5,22.9,KC-46A Pegasus,358,482,True
ae574f,GOLD32,2025-06-17 15:18:39.594012,,15-46009,7010,36000,39.8,23.1,KC-46A Pegasus,,,True
ae1467,RCH804,2025-06-17 15:19:40.484133,United States Air Force,07-7169,1427,30000,55.734436,-7.885693,C-17A Globemaster,272,348,False
ae05b1,UNKNOWN CALLSIGN,2025-06-17 15:19:40.484149,,63-8878,0401,1000,52.319046,0.550772,KC-135R Stratotanker,92,188,False
ae63c3,GOLD82,2025-06-17 15:19:40.484158,United States Air Force,21-46087,6040,37000,49.840056,13.927687,KC-46A Pegasus,291,451,False
ae20c9,RCH320,2025-06-17 15:19:40.484162,United States Air Force,07-7188,1747,32000,48.351645,18.654585,C-17A Globemaster,310,453,False
477ff1,BRK94,2025-06-17 15:19:40.484166,SAC Heavy Airlift Wing,01,1161,34000,46.043701,22.372353,C-17A Globemaster,305,430,False
ae63b7,GOLD72,2025-06-17 15:19:40.484171,,20-46075,6471,37825,38.5,23.0,KC-46A Pegasus,358,480,True
ae63bb,GOLD92,2025-06-17 15:19:40.484176,,20-46079,2641,36000,43.5,23.9,KC-46A Pegasus,,,True
ae5fa6,GOLD42,2025-06-17 15:19:40.484180,,21-46059,7027,30000,38.0,23.8,KC-46A Pegasus,,,True
ae4d68,RCH289,2025-06-17 15:19:40.484184,United States Air Force,10-0215,7410,35000,38.0,23.8,C-17A Globemaster,,,True
ae2fa7,RCH821,2025-06-17 15:19:40.484189,United States Air Force,08-8195,2062,32375,42.8,-8.6,C-17A Globemaster,,,True
3b7775,FAF4098,2025-06-17 15:19:40.484194,Force Aerienne Francaise,497,4317,Unavailable,38.0,24.1,KC-135R Stratotanker,,,True
ae574f,GOLD32,2025-06-17 15:19:40.484198,,15-46009,7010,36000,38.5,22.9,KC-46A Pegasus,,,True
ae1467,RCH804,2025-06-17 15:20:41.544738,United States Air Force,07-7169,1427,30000,55.74356,-8.00378,C-17A Globemaster,277,333,False
ae05b1,UNKNOWN CALLSIGN,2025-06-17 15:20:41.544758,,63-8878,0401,725,52.34392,0.599672,KC-135R Stratotanker,348,154,False
ae63c3,GOLD82,2025-06-17 15:20:41.544768,United States Air Force,21-46087,6040,37000,49.878435,13.755577,KC-46A Pegasus,287,474,False
ae20c9,RCH320,2025-06-17 15:20:41.544774,United States Air Force,07-7188,1747,32000,48.427115,18.517004,C-17A Globemaster,307,477,False
477ff1,BRK94,2025-06-17 15:20:41.544779,SAC Heavy Airlift Wing,01,1161,34000,46.105637,22.22427,C-17A Globemaster,300,426,False
ae63b7,GOLD72,2025-06-17 15:20:41.544785,,20-46075,6471,38000,39.8,23.1,KC-46A Pegasus,358,474,True
ae63bb,GOLD92,2025-06-17 15:20:41.544791,,20-46079,2641,36000,43.5,23.4,KC-46A Pegasus,,,True
ae5fa6,GOLD42,2025-06-17 15:20:41.544797,,21-46059,7027,30025,38.0,23.8,KC-46A Pegasus,,,True
ae4d68,RCH289,2025-06-17 15:20:41.544802,United States Air Force,10-0215,7410,35000,35.8,30.9,C-17A Globemaster,,,True
ae2fa7,RCH821,2025-06-17 15:20:41.544808,United States Air Force,08-8195,2062,32000,42.9,-8.6,C-17A Globemaster,,,True
3b7775,FAF4098,2025-06-17 15:20:41.544814,Force Aerienne Francaise,497,4317,Unavailable,38.0,24.1,KC-135R Stratotanker,,,True
ae574f,GOLD32,2025-06-17 15:20:41.544820,,15-46009,7010,36000,38.5,22.9,KC-46A Pegasus,,,True
ae05b1,UNKNOWN CALLSIGN,2025-06-17 15:21:42.226111,,63-8878,0401,125,52.355186,0.53382,KC-135R Stratotanker,283,144,False
ae63c3,GOLD82,2025-06-17 15:21:42.226129,United States Air Force,21-46087,6040,37000,49.923339,13.561836,KC-46A Pegasus,289,457,False
ae20c9,RCH320,2025-06-17 15:21:42.226135,United States Air Force,07-7188,1747,32000,48.506359,18.372684,C-17A Globemaster,309,451,False
477ff1,BRK94,2025-06-17 15:21:42.226153,SAC Heavy Airlift Wing,01,1161,34000,46.167068,22.074883,C-17A Globemaster,300,425,False
ae63b7,GOLD72,2025-06-17 15:21:42.226158,,20-46075,6471,38000,37.823593,23.840388,KC-46A Pegasus,359,468,False
3b7775,FAF4098,2025-06-17 15:21:42.226162,Force Aerienne Francaise,497,4317,29025,34.874176,27.683977,KC-135R Stratotanker,84,453,False
ae63bb,GOLD92,2025-06-17 15:21:42.226168,,20-46079,2641,36000,43.5,23.3,KC-46A Pegasus,,,True
ae5fa6,GOLD42,2025-06-17 15:21:42.226173,,21-46059,7027,30000,38.0,23.8,KC-46A Pegasus,,,True
ae4d68,RCH289,2025-06-17 15:21:42.226178,United States Air Force,10-0215,7410,35000,35.8,30.9,C-17A Globemaster,,,True
ae1467,RCH804,2025-06-17 15:21:42.226182,United States Air Force,07-7169,1427,30000,54.2,-5.8,C-17A Globemaster,,,True
ae2fa7,RCH821,2025-06-17 15:21:42.226186,United States Air Force,08-8195,2062,32000,41.2,-8.7,C-17A Globemaster,,,True
ae574f,GOLD32,2025-06-17 15:21:42.226191,,15-46009,7010,36000,39.8,23.1,KC-46A Pegasus,,,True
ae63c3,GOLD82,2025-06-17 15:22:42.895925,United States Air Force,21-46087,6040,37000,49.962171,13.386212,KC-46A Pegasus,291,479,False
ae20c9,RCH320,2025-06-17 15:22:42.895941,United States Air Force,07-7188,1747,32000,48.585591,18.225009,C-17A Globemaster,309,443,False
477ff1,BRK94,2025-06-17 15:22:42.895947,SAC Heavy Airlift Wing,01,1161,34000,46.227768,21.9265,C-17A Globemaster,300,428,False
ae63b7,GOLD72,2025-06-17 15:22:42.895952,,20-46075,6471,38000,37.892395,23.845943,KC-46A Pegasus,358,466,False
ae63bb,GOLD92,2025-06-17 15:22:42.895958,,20-46079,2641,36000,43.5,23.3,KC-46A Pegasus,,,True
ae5fa6,GOLD42,2025-06-17 15:22:42.895963,,21-46059,7027,30025,38.0,24.7,KC-46A Pegasus,,,True
ae4d68,RCH289,2025-06-17 15:22:42.895969,United States Air Force,10-0215,7410,35000,38.0,24.7,C-17A Globemaster,,,True
ae1467,RCH804,2025-06-17 15:22:42.895973,United States Air Force,07-7169,1427,30000,54.5,-6.3,C-17A Globemaster,,,True
ae2fa7,RCH821,2025-06-17 15:22:42.895978,United States Air Force,08-8195,2062,32000,41.1,-8.8,C-17A Globemaster,,,True
ae05b1,UNKNOWN CALLSIGN,2025-06-17 15:22:42.895983,,63-8878,0401,100,52.5,1.2,KC-135R Stratotanker,283,168,True
ae574f,GOLD32,2025-06-17 15:22:42.895987,,15-46009,7010,36000,40.0,23.7,KC-46A Pegasus,,,True
ae05b1,UNKNOWN CALLSIGN,2025-06-17 15:23:43.807995,,63-8878,0401,950,52.374506,0.390358,KC-135R Stratotanker,259,176,False
ae63c3,GOLD82,2025-06-17 15:23:43.808016,United States Air Force,21-46087,6040,37000,50.006687,13.185098,KC-46A Pegasus,289,439,False
ae20c9,RCH320,2025-06-17 15:23:43.808022,United States Air Force,07-7188,1747,32000,48.670889,18.069877,C-17A Globemaster,308,444,False
477ff1,BRK94,2025-06-17 15:23:43.808027,SAC Heavy Airlift Wing,01,1161,34000,46.289108,21.775907,C-17A Globemaster,300,427,False
ae63b7,GOLD72,2025-06-17 15:23:43.808032,,20-46075,6471,38000,37.908945,23.887247,KC-46A Pegasus,358,466,False
ae63bb,GOLD92,2025-06-17 15:23:43.808039,,20-46079,2641,36000,43.6,23.3,KC-46A Pegasus,,,True
ae5fa6,GOLD42,2025-06-17 15:23:43.808045,,21-46059,7027,30025,38.0,24.7,KC-46A Pegasus,,,True
ae4d68,RCH289,2025-06-17 15:23:43.808050,United States Air Force,10-0215,7410,35000,38.0,24.7,C-17A Globemaster,,,True
ae1467,RCH804,2025-06-17 15:23:43.808055,United States Air Force,07-7169,1427,30000,54.5,-6.6,C-17A Globemaster,,,True
ae574f,GOLD32,2025-06-17 15:23:43.808060,,15-46009,7010,36000,40.0,23.7,KC-46A Pegasus,,,True
ae05b1,UNKNOWN CALLSIGN,2025-06-17 15:24:44.770580,,63-8878,0401,950,52.332755,0.393377,KC-135R Stratotanker,108,200,False
ae63c3,GOLD82,2025-06-17 15:24:44.770600,United States Air Force,21-46087,6040,37025,50.046804,13.003743,KC-46A Pegasus,289,449,False
ae20c9,RCH320,2025-06-17 15:24:44.770607,United States Air Force,07-7188,1747,32000,48.744882,17.933756,C-17A Globemaster,309,438,False
477ff1,BRK94,2025-06-17 15:24:44.770613,SAC Heavy Airlift Wing,01,1161,34000,46.349456,21.626862,C-17A Globemaster,300,427,False
ae63b7,GOLD72,2025-06-17 15:24:44.770618,,20-46075,6471,38000,38.060107,23.874372,KC-46A Pegasus,358,466,False
3b7775,FAF4098,2025-06-17 15:24:44.770624,Force Aerienne Francaise,497,4317,30350,34.910873,28.161278,KC-135R Stratotanker,83,453,False
ae5fa6,GOLD42,2025-06-17 15:24:44.770630,,21-46059,7027,30025,38.0,24.8,KC-46A Pegasus,,,True
ae63bb,GOLD92,2025-06-17 15:24:44.770635,,20-46079,2641,36000,43.5,23.1,KC-46A Pegasus,,,True
ae1467,RCH804,2025-06-17 15:24:44.770641,United States Air Force,07-7169,1427,30000,54.5,-6.8,C-17A Globemaster,,,True
ae4d68,RCH289,2025-06-17 15:24:44.770646,United States Air Force,10-0215,7410,35000,35.8,30.9,C-17A Globemaster,,,True
ae2fa7,RCH821,2025-06-17 15:24:44.770652,United States Air Force,08-8195,2062,Unavailable,41.1,-8.7,C-17A Globemaster,,,True
ae574f,GOLD32,2025-06-17 15:24:44.770659,,15-46009,7010,36000,38.0,24.8,KC-46A Pegasus,,,True
ae05b1,UNKNOWN CALLSIGN,2025-06-17 15:25:45.527181,,63-8878,0401,1000,52.324349,0.478713,KC-135R Stratotanker,92,190,False
ae63c3,GOLD82,2025-06-17 15:25:45.527200,United States Air Force,21-46087,6040,37000,50.085296,12.827663,KC-46A Pegasus,288,465,False
ae20c9,RCH320,2025-06-17 15:25:45.527207,United States Air Force,07-7188,1747,32000,48.822773,17.789122,C-17A Globemaster,310,446,False
477ff1,BRK94,2025-06-17 15:25:45.527212,SAC Heavy Airlift Wing,01,1161,34000,46.409683,21.4772,C-17A Globemaster,300,430,False
ae63b7,GOLD72,2025-06-17 15:25:45.527217,,20-46075,6471,38000,38.184129,23.900667,KC-46A Pegasus,359,466,False
3b7775,FAF4098,2025-06-17 15:25:45.527223,Force Aerienne Francaise,497,4317,29050,34.922977,28.3251,KC-135R Stratotanker,84,455,False
ae5e0c,UNKNOWN CALLSIGN,2025-06-17 15:25:45.527230,,17-46031,0367,Unavailable,32.9,31.8,KC-46A Pegasus,,,True
ae63bb,GOLD92,2025-06-17 15:25:45.527235,,20-46079,2641,36000,43.5,23.3,KC-46A Pegasus,,,True
ae5fa6,GOLD42,2025-06-17 15:25:45.527241,,21-46059,7027,30000,38.0,24.8,KC-46A Pegasus,,,True
ae4d68,RCH289,2025-06-17 15:25:45.527247,United States Air Force,10-0215,7410,35000,35.8,30.9,C-17A Globemaster,,,True
ae1467,RCH804,2025-06-17 15:25:45.527252,United States Air Force,07-7169,1427,30000,54.3,-6.9,C-17A Globemaster,,,True
ae574f,GOLD32,2025-06-17 15:25:45.527258,,15-46009,7010,36000,38.5,22.9,KC-46A Pegasus,,,True
ae05b1,UNKNOWN CALLSIGN,2025-06-17 15:26:46.277137,,63-8878,0401,950,52.321109,0.566543,KC-135R Stratotanker,86,178,False
ae63c3,GOLD82,2025-06-17 15:26:46.277159,United States Air Force,21-46087,6040,36025,50.128698,12.638711,KC-46A Pegasus,291,447,False
ae20c9,RCH320,2025-06-17 15:26:46.277166,United States Air Force,07-7188,1747,32000,48.889507,17.634763,C-17A Globemaster,293,462,False
477ff1,BRK94,2025-06-17 15:26:46.277172,SAC Heavy Airlift Wing,01,1161,34000,46.455276,21.324396,C-17A Globemaster,286,428,False
ae63b7,GOLD72,2025-06-17 15:26:46.277178,,20-46075,6471,38000,38.310193,23.909934,KC-46A Pegasus,358,468,False
3b7775,FAF4098,2025-06-17 15:26:46.277183,Force Aerienne Francaise,497,4317,29050,34.937129,28.518333,KC-135R Stratotanker,84,456,False
ae5fa6,GOLD42,2025-06-17 15:26:46.277190,,21-46059,7027,30000,38.0,24.8,KC-46A Pegasus,,,True
ae63bb,GOLD92,2025-06-17 15:26:46.277195,,20-46079,2641,36025,43.6,24.2,KC-46A Pegasus,,,True
ae49c7,RCH894,2025-06-17 15:26:46.277201,United States Air Force,09-9211,1255,Unavailable,38.0,24.8,C-17A Globemaster,,,True
ae1467,RCH804,2025-06-17 15:26:46.277207,United States Air Force,07-7169,1427,30000,54.1,-7.0,C-17A Globemaster,,,True
ae4d68,RCH289,2025-06-17 15:26:46.277213,United States Air Force,10-0215,7410,35000,35.8,30.9,C-17A Globemaster,,,True
ae5e0c,GOLD52,2025-06-17 15:26:46.277219,,17-46031,0367,38000,32.8,31.7,KC-46A Pegasus,,,True
ae574f,GOLD32,2025-06-17 15:26:46.277225,,15-46009,7010,36000,38.5,23.0,KC-46A Pegasus,,,True
ae05b1,UNKNOWN CALLSIGN,2025-06-17 15:27:46.972811,,63-8878,0401,525,52.350051,0.568267,KC-135R Stratotanker,283,150,False
ae63c3,GOLD82,2025-06-17 15:27:46.972832,United States Air Force,21-46087,6040,36000,50.16463,12.457971,KC-46A Pegasus,290,455,False
ae20c9,RCH320,2025-06-17 15:27:46.972839,United States Air Force,07-7188,1747,32000,48.940019,17.454493,C-17A Globemaster,291,448,False
477ff1,BRK94,2025-06-17 15:27:46.972845,SAC Heavy Airlift Wing,01,1161,34000,46.485482,21.177864,C-17A Globemaster,286,432,False
ae63b7,GOLD72,2025-06-17 15:27:46.972851,,20-46075,6471,38000,38.417806,23.893613,KC-46A Pegasus,358,478,False
3b7775,FAF4098,2025-06-17 15:27:46.972856,Force Aerienne Francaise,497,4317,29025,34.949186,28.685188,KC-135R Stratotanker,84,456,False
ae5e0c,GOLD52,2025-06-17 15:27:46.972863,,17-46031,0367,38000,32.8,31.7,KC-46A Pegasus,,,True
ae63bb,GOLD92,2025-06-17 15:27:46.972868,,20-46079,2641,36000,43.6,24.1,KC-46A Pegasus,,,True
ae5fa6,GOLD42,2025-06-17 15:27:46.972874,,21-46059,7027,30025,38.0,24.8,KC-46A Pegasus,,,True
ae49c7,RCH894,2025-06-17 15:27:46.972881,United States Air Force,09-9211,1255,Unavailable,38.0,24.8,C-17A Globemaster,,,True
ae4d68,RCH289,2025-06-17 15:27:46.972886,United States Air Force,10-0215,7410,35000,35.8,30.9,C-17A Globemaster,,,True
ae1467,RCH804,2025-06-17 15:27:46.972892,United States Air Force,07-7169,1427,30000,54.4,-6.9,C-17A Globemaster,,,True
ae574f,GOLD32,2025-06-17 15:27:46.972897,,15-46009,7010,36000,38.0,24.8,KC-46A Pegasus,,,True
ae05b1,UNKNOWN CALLSIGN,2025-06-17 15:28:47.650024,,63-8878,0401,-275,52.356502,0.529998,KC-135R Stratotanker,283,138,False
ae63c3,GOLD82,2025-06-17 15:28:47.650051,United States Air Force,21-46087,6040,36025,50.19041,12.251943,KC-46A Pegasus,269,478,False
ae20c9,RCH320,2025-06-17 15:28:47.650059,United States Air Force,07-7188,1747,32000,48.987389,17.28234,C-17A Globemaster,293,433,False
477ff1,BRK94,2025-06-17 15:28:47.650064,SAC Heavy Airlift Wing,01,1161,34000,46.526001,20.978862,C-17A Globemaster,286,443,False
ae63b7,GOLD72,2025-06-17 15:28:47.650069,,20-46075,6471,38000,38.576274,23.897068,KC-46A Pegasus,358,482,False
3b7775,FAF4098,2025-06-17 15:28:47.650074,Force Aerienne Francaise,497,4317,29050,34.959824,28.834795,KC-135R Stratotanker,85,457,False
ae5e0c,GOLD52,2025-06-17 15:28:47.650079,,17-46031,0367,38000,32.8,31.7,KC-46A Pegasus,,,True
ae63bb,GOLD92,2025-06-17 15:28:47.650087,,20-46079,2641,36000,43.7,24.0,KC-46A Pegasus,,,True
ae5fa6,GOLD42,2025-06-17 15:28:47.650093,,21-46059,7027,30000,38.0,24.8,KC-46A Pegasus,,,True
ae49c7,RCH894,2025-06-17 15:28:47.650098,United States Air Force,09-9211,1255,Unavailable,38.0,24.8,C-17A Globemaster,,,True
ae4d68,RCH289,2025-06-17 15:28:47.650103,United States Air Force,10-0215,7410,35000,35.8,30.9,C-17A Globemaster,,,True
ae1467,RCH804,2025-06-17 15:28:47.650107,United States Air Force,07-7169,1427,30000,54.6,-6.8,C-17A Globemaster,,,True
ae574f,GOLD32,2025-06-17 15:28:47.650112,,15-46009,7010,36000,39.8,23.1,KC-46A Pegasus,,,True
ae05b1,UNKNOWN CALLSIGN,2025-06-17 15:29:48.853412,,63-8878,0401,975,52.368572,0.433707,KC-135R Stratotanker,280,166,False
ae63c3,GOLD82,2025-06-17 15:29:48.853432,United States Air Force,21-46087,6040,35600,50.18952,12.051466,KC-46A Pegasus,270,454,False
ae20c9,RCH320,2025-06-17 15:29:48.853438,United States Air Force,07-7188,1747,32000,49.035258,17.106142,C-17A Globemaster,291,452,False
477ff1,BRK94,2025-06-17 15:29:48.853443,SAC Heavy Airlift Wing,01,1161,34000,46.561203,20.80422,C-17A Globemaster,286,444,False
ae63b7,GOLD72,2025-06-17 15:29:48.853448,,20-46075,6471,38000,38.695366,23.84461,KC-46A Pegasus,358,480,False
3b7775,FAF4098,2025-06-17 15:29:48.853452,Force Aerienne Francaise,497,4317,29100,34.970947,28.996788,KC-135R Stratotanker,85,449,False
ae5e0c,GOLD52,2025-06-17 15:29:48.853457,,17-46031,0367,38000,32.9,31.6,KC-46A Pegasus,,,True
ae63bb,GOLD92,2025-06-17 15:29:48.853462,,20-46079,2641,36000,43.7,24.1,KC-46A Pegasus,,,True
ae5fa6,GOLD42,2025-06-17 15:29:48.853467,,21-46059,7027,30000,38.0,24.7,KC-46A Pegasus,,,True
ae49c7,RCH894,2025-06-17 15:29:48.853472,United States Air Force,09-9211,1255,Unavailable,38.0,24.8,C-17A Globemaster,,,True
ae4d68,RCH289,2025-06-17 15:29:48.853476,United States Air Force,10-0215,7410,35000,35.8,30.9,C-17A Globemaster,,,True
ae1467,RCH804,2025-06-17 15:29:48.853480,United States Air Force,07-7169,1427,30000,54.7,-6.7,C-17A Globemaster,,,True
ae574f,GOLD32,2025-06-17 15:29:48.853484,,15-46009,7010,36000,38.0,24.7,KC-46A Pegasus,,,True
ae05b1,UNKNOWN CALLSIGN,2025-06-17 15:30:49.553827,,63-8878,0401,925,52.352754,0.373129,KC-135R Stratotanker,185,198,False
ae63c3,GOLD82,2025-06-17 15:30:49.553850,United States Air Force,21-46087,6040,34475,50.188316,11.855816,KC-46A Pegasus,270,472,False
ae20c9,RCH320,2025-06-17 15:30:49.553857,United States Air Force,07-7188,1747,32000,49.083453,16.926818,C-17A Globemaster,291,458,False
477ff1,BRK94,2025-06-17 15:30:49.553862,SAC Heavy Airlift Wing,01,1161,34000,46.585602,20.637281,C-17A Globemaster,278,445,False
ae63b7,GOLD72,2025-06-17 15:30:49.553867,,20-46075,6471,38000,38.824458,23.847431,KC-46A Pegasus,358,480,False
3b7775,FAF4098,2025-06-17 15:30:49.553872,Force Aerienne Francaise,497,4317,28125,34.980236,29.136143,KC-135R Stratotanker,85,414,False
ae5fa6,GOLD42,2025-06-17 15:30:49.553877,,21-46059,7027,30025,38.0,24.7,KC-46A Pegasus,,,True
ae63bb,GOLD92,2025-06-17 15:30:49.553882,,20-46079,2641,36000,43.8,24.1,KC-46A Pegasus,,,True
ae49c7,RCH894,2025-06-17 15:30:49.553887,United States Air Force,09-9211,1255,Unavailable,38.0,24.7,C-17A Globemaster,,,True
ae1467,RCH804,2025-06-17 15:30:49.553891,United States Air Force,07-7169,1427,30000,54.7,-6.7,C-17A Globemaster,,,True
ae4d68,RCH289,2025-06-17 15:30:49.553896,United States Air Force,10-0215,7410,35000,35.8,30.9,C-17A Globemaster,,,True
ae5e0c,GOLD52,2025-06-17 15:30:49.553901,,17-46031,0367,38025,32.9,31.6,KC-46A Pegasus,,,True
ae574f,GOLD32,2025-06-17 15:30:49.553907,,15-46009,7010,36000,39.8,23.1,KC-46A Pegasus,,,True
ae05b1,UNKNOWN CALLSIGN,2025-06-17 15:31:50.727736,,63-8878,0401,975,52.321322,0.435175,KC-135R Stratotanker,97,190,False
ae63c3,GOLD82,2025-06-17 15:31:50.727772,United States Air Force,21-46087,6040,33175,50.190574,11.648714,KC-46A Pegasus,272,467,False
ae20c9,RCH320,2025-06-17 15:31:50.727779,United States Air Force,07-7188,1747,32000,49.130366,16.752231,C-17A Globemaster,292,430,False
477ff1,BRK94,2025-06-17 15:31:50.727784,SAC Heavy Airlift Wing,01,1161,33975,46.605469,20.451854,C-17A Globemaster,278,438,False
ae63b7,GOLD72,2025-06-17 15:31:50.727790,,20-46075,6471,38000,38.890272,23.825021,KC-46A Pegasus,358,482,False
3b7775,FAF4098,2025-06-17 15:31:50.727795,Force Aerienne Francaise,497,4317,26300,34.989686,29.276791,KC-135R Stratotanker,85,414,False
ae5e0c,GOLD52,2025-06-17 15:31:50.727802,,17-46031,0367,38000,31.1,31.6,KC-46A Pegasus,,,True
ae63bb,GOLD92,2025-06-17 15:31:50.727808,,20-46079,2641,36000,43.7,24.1,KC-46A Pegasus,,,True
ae5fa6,GOLD42,2025-06-17 15:31:50.727813,,21-46059,7027,30000,38.0,24.6,KC-46A Pegasus,,,True
ae49c7,RCH894,2025-06-17 15:31:50.727818,United States Air Force,09-9211,1255,Unavailable,38.0,24.7,C-17A Globemaster,,,True
ae4d68,RCH289,2025-06-17 15:31:50.727823,United States Air Force,10-0215,7410,35000,32.9,31.5,C-17A Globemaster,,,True
ae1467,RCH804,2025-06-17 15:31:50.727828,United States Air Force,07-7169,1427,Unavailable,54.7,-6.7,C-17A Globemaster,,,True
ae574f,GOLD32,2025-06-17 15:31:50.727832,,15-46009,7010,36000,39.8,23.0,KC-46A Pegasus,,,True
ae05b1,UNKNOWN CALLSIGN,2025-06-17 15:32:51.380249,,63-8878,0401,975,52.32024,0.521194,KC-135R Stratotanker,94,188,False
ae63c3,GOLD82,2025-06-17 15:32:51.380270,United States Air Force,21-46087,6040,31525,50.19309,11.458062,KC-46A Pegasus,270,456,False
ae20c9,RCH320,2025-06-17 15:32:51.380276,United States Air Force,07-7188,1747,32000,49.174178,16.580728,C-17A Globemaster,289,471,False
477ff1,BRK94,2025-06-17 15:32:51.380281,SAC Heavy Airlift Wing,01,1161,33500,46.623642,20.277948,C-17A Globemaster,278,438,False
ae63b7,GOLD72,2025-06-17 15:32:51.380286,,20-46075,6471,38000,39.095097,23.824441,KC-46A Pegasus,358,482,False
3b7775,FAF4098,2025-06-17 15:32:51.380290,Force Aerienne Francaise,497,4317,25975,34.963384,29.416924,KC-135R Stratotanker,113,404,False
ae5fa6,GOLD42,2025-06-17 15:32:51.380295,,21-46059,7027,30000,38.0,24.6,KC-46A Pegasus,,,True
ae63bb,GOLD92,2025-06-17 15:32:51.380299,,20-46079,2641,36000,44.0,24.2,KC-46A Pegasus,,,True
ae49c7,RCH894,2025-06-17 15:32:51.380304,United States Air Force,09-9211,1255,Unavailable,38.0,24.7,C-17A Globemaster,,,True
ae4d68,RCH289,2025-06-17 15:32:51.380309,United States Air Force,10-0215,7410,35000,35.8,30.9,C-17A Globemaster,,,True
ae5e0c,GOLD52,2025-06-17 15:32:51.380313,,17-46031,0367,38000,31.1,31.6,KC-46A Pegasus,,,True
ae574f,GOLD32,2025-06-17 15:32:51.380319,,15-46009,7010,36000,39.8,23.0,KC-46A Pegasus,,,True
ae05b1,UNKNOWN CALLSIGN,2025-06-17 15:33:52.046857,,63-8878,0401,925,52.327687,0.593624,KC-135R Stratotanker,17,162,False
ae63c3,GOLD82,2025-06-17 15:33:52.046878,United States Air Force,21-46087,6040,29500,50.194694,11.265984,KC-46A Pegasus,270,432,False
ae20c9,RCH320,2025-06-17 15:33:52.046884,United States Air Force,07-7188,1747,32000,49.21967,16.408086,C-17A Globemaster,288,443,False
477ff1,BRK94,2025-06-17 15:33:52.046888,SAC Heavy Airlift Wing,01,1161,33000,46.642363,20.09729,C-17A Globemaster,278,441,False
3b7775,FAF4098,2025-06-17 15:33:52.046915,Force Aerienne Francaise,497,4317,25975,34.92037,29.540005,KC-135R Stratotanker,113,402,False
ae63b7,GOLD72,2025-06-17 15:33:52.046920,,20-46075,6471,38000,39.1,23.2,KC-46A Pegasus,358,484,True
ae5e0c,GOLD52,2025-06-17 15:33:52.046947,,17-46031,0367,38000,31.1,31.6,KC-46A Pegasus,,,True
ae63bb,GOLD92,2025-06-17 15:33:52.046953,,20-46079,2641,36000,44.7,24.1,KC-46A Pegasus,,,True
ae5fa6,GOLD42,2025-06-17 15:33:52.046957,,21-46059,7027,30000,38.0,24.6,KC-46A Pegasus,,,True
ae4d68,RCH289,2025-06-17 15:33:52.046962,United States Air Force,10-0215,7410,35100,32.9,31.5,C-17A Globemaster,,,True
ae574f,GOLD32,2025-06-17 15:33:52.046967,,15-46009,7010,36000,38.0,24.6,KC-46A Pegasus,,,True
ae05b1,UNKNOWN CALLSIGN,2025-06-17 15:34:52.990155,,63-8878,0401,275,52.352444,0.554486,KC-135R Stratotanker,284,150,False
ae63c3,GOLD82,2025-06-17 15:34:52.990175,United States Air Force,21-46087,6040,27450,50.196747,11.06924,KC-46A Pegasus,270,419,False
ae20c9,RCH320,2025-06-17 15:34:52.990182,United States Air Force,07-7188,1747,32000,49.266733,16.221066,C-17A Globemaster,293,395,False
477ff1,BRK94,2025-06-17 15:34:52.990187,SAC Heavy Airlift Wing,01,1161,32500,46.660767,19.918481,C-17A Globemaster,278,444,False
3b7775,FAF4098,2025-06-17 15:34:52.990192,Force Aerienne Francaise,497,4317,25975,34.874359,29.670036,KC-135R Stratotanker,113,399,False
ae63b7,GOLD72,2025-06-17 15:34:52.990197,,20-46075,6471,38025,38.9,23.1,KC-46A Pegasus,358,484,True
ae5e0c,GOLD52,2025-06-17 15:34:52.990203,,17-46031,0367,38000,31.1,31.6,KC-46A Pegasus,,,True
ae63bb,GOLD92,2025-06-17 15:34:52.990209,,20-46079,2641,36000,44.5,24.1,KC-46A Pegasus,,,True
ae5fa6,GOLD42,2025-06-17 15:34:52.990213,,21-46059,7027,30025,38.0,24.6,KC-46A Pegasus,,,True
ae4d68,RCH289,2025-06-17 15:34:52.990217,United States Air Force,10-0215,7410,36150,35.8,30.9,C-17A Globemaster,,,True
ae574f,GOLD32,2025-06-17 15:34:52.990221,,15-46009,7010,36000,38.0,24.6,KC-46A Pegasus,,,True
ae05b1,UNKNOWN CALLSIGN,2025-06-17 15:35:53.874045,,63-8878,0401,-200,52.354854,0.53431,KC-135R Stratotanker,283,134,False
ae63c3,GOLD82,2025-06-17 15:35:53.874065,United States Air Force,21-46087,6040,25400,50.196407,10.883854,KC-46A Pegasus,267,409,False
ae20c9,RCH320,2025-06-17 15:35:53.874071,United States Air Force,07-7188,1747,32000,49.316924,16.034514,C-17A Globemaster,286,473,False
477ff1,BRK94,2025-06-17 15:35:53.874075,SAC Heavy Airlift Wing,01,1161,32000,46.679169,19.736135,C-17A Globemaster,278,448,False
3b7775,FAF4098,2025-06-17 15:35:53.874080,Force Aerienne Francaise,497,4317,25975,34.830477,29.79681,KC-135R Stratotanker,112,394,False
ae5fa6,GOLD42,2025-06-17 15:35:53.874085,,21-46059,7027,30000,38.0,24.6,KC-46A Pegasus,,,True
ae63bb,GOLD92,2025-06-17 15:35:53.874089,,20-46079,2641,36000,45.0,24.1,KC-46A Pegasus,,,True
ae4d68,RCH289,2025-06-17 15:35:53.874094,United States Air Force,10-0215,7410,36950,32.9,31.5,C-17A Globemaster,,,True
ae5e0c,GOLD52,2025-06-17 15:35:53.874099,,17-46031,0367,Unavailable,31.1,31.6,KC-46A Pegasus,,,True
ae63b7,GOLD72,2025-06-17 15:35:53.874104,,20-46075,6471,38000,39.0,23.1,KC-46A Pegasus,358,482,True
ae574f,GOLD32,2025-06-17 15:35:53.874108,,15-46009,7010,36000,38.0,24.6,KC-46A Pegasus,,,True
ae05b1,UNKNOWN CALLSIGN,2025-06-17 15:36:54.599004,,63-8878,0401,850,52.374989,0.409005,KC-135R Stratotanker,286,166,False
ae63c3,GOLD82,2025-06-17 15:36:54.599024,United States Air Force,21-46087,6040,24000,50.17279,10.71616,KC-46A Pegasus,250,390,False
ae20c9,RCH320,2025-06-17 15:36:54.599030,United States Air Force,07-7188,1747,32000,49.363099,15.853248,C-17A Globemaster,289,446,False
477ff1,BRK94,2025-06-17 15:36:54.599037,SAC Heavy Airlift Wing,01,1161,30775,46.702648,19.553467,C-17A Globemaster,282,456,False
3b7775,FAF4098,2025-06-17 15:36:54.599042,Force Aerienne Francaise,497,4317,25975,34.786672,29.92384,KC-135R Stratotanker,112,417,False
ae63b7,GOLD72,2025-06-17 15:36:54.599048,,20-46075,6471,38000,39.5,23.2,KC-46A Pegasus,358,480,True
ae63bb,GOLD92,2025-06-17 15:36:54.599054,,20-46079,2641,36000,46.8,20.8,KC-46A Pegasus,,,True
ae5fa6,GOLD42,2025-06-17 15:36:54.599059,,21-46059,7027,30000,38.0,24.6,KC-46A Pegasus,,,True
ae4d68,RCH289,2025-06-17 15:36:54.599064,United States Air Force,10-0215,7410,37000,32.9,31.5,C-17A Globemaster,,,True
ae574f,GOLD32,2025-06-17 15:36:54.599069,,15-46009,7010,36000,39.8,23.0,KC-46A Pegasus,,,True
ae05b1,UNKNOWN CALLSIGN,2025-06-17 15:37:55.286701,,63-8878,0401,975,52.341045,0.378796,KC-135R Stratotanker,146,200,False
ae63c3,GOLD82,2025-06-17 15:37:55.286749,United States Air Force,21-46087,6040,23425,50.142394,10.553097,KC-46A Pegasus,254,394,False
ae20c9,RCH320,2025-06-17 15:37:55.286759,United States Air Force,07-7188,1747,32000,49.408553,15.672728,C-17A Globemaster,292,452,False
477ff1,BRK94,2025-06-17 15:37:55.286767,SAC Heavy Airlift Wing,01,1161,28825,46.731045,19.37384,C-17A Globemaster,283,466,False
3b7775,FAF4098,2025-06-17 15:37:55.286775,Force Aerienne Francaise,497,4317,25975,34.731949,30.050802,KC-135R Stratotanker,124,426,False
ae63b7,GOLD72,2025-06-17 15:37:55.286785,,20-46075,6471,38000,39.4,23.1,KC-46A Pegasus,358,478,True
ae5e0c,GOLD52,2025-06-17 15:37:55.286798,,17-46031,0367,Unavailable,31.1,31.6,KC-46A Pegasus,,,True
ae63bb,GOLD92,2025-06-17 15:37:55.286804,,20-46079,2641,36000,45.9,22.0,KC-46A Pegasus,,,True
ae5fa6,GOLD42,2025-06-17 15:37:55.286814,,21-46059,7027,30000,38.0,24.6,KC-46A Pegasus,,,True
ae4d68,RCH289,2025-06-17 15:37:55.286822,United States Air Force,10-0215,7410,37000,30.5,31.7,C-17A Globemaster,,,True
ae574f,GOLD32,2025-06-17 15:37:55.286830,,15-46009,7010,36000,43.7,24.1,KC-46A Pegasus,,,True
ae05b1,UNKNOWN CALLSIGN,2025-06-17 15:38:55.984969,,63-8878,0401,1075,52.323133,0.459217,KC-135R Stratotanker,104,202,False
ae63c3,GOLD82,2025-06-17 15:38:55.985020,United States Air Force,21-46087,6040,21875,50.114017,10.396525,KC-46A Pegasus,255,374,False
ae20c9,RCH320,2025-06-17 15:38:55.985029,United States Air Force,07-7188,1747,32000,49.456598,15.486139,C-17A Globemaster,295,434,False
477ff1,BRK94,2025-06-17 15:38:55.985037,SAC Heavy Airlift Wing,01,1161,26800,46.760605,19.184541,C-17A Globemaster,282,470,False
3b7775,FAF4098,2025-06-17 15:38:55.985046,Force Aerienne Francaise,497,4317,25975,34.663681,30.171547,KC-135R Stratotanker,123,429,False
ae5fa6,GOLD42,2025-06-17 15:38:55.985056,,21-46059,7027,30000,38.0,24.6,KC-46A Pegasus,,,True
ae63bb,GOLD92,2025-06-17 15:38:55.985063,,20-46079,2641,36000,45.0,24.0,KC-46A Pegasus,,,True
ae4d68,RCH289,2025-06-17 15:38:55.985072,United States Air Force,10-0215,7410,37000,31.9,31.5,C-17A Globemaster,,,True
ae63b7,GOLD72,2025-06-17 15:38:55.985083,,20-46075,6471,38000,39.3,23.1,KC-46A Pegasus,358,478,True
ae574f,GOLD32,2025-06-17 15:38:55.985090,,15-46009,7010,36000,43.7,24.1,KC-46A Pegasus,,,True
ae05b1,UNKNOWN CALLSIGN,2025-06-17 15:39:57.112793,,63-8878,0401,1000,52.318481,0.543517,KC-135R Stratotanker,86,168,False
ae63c3,GOLD82,2025-06-17 15:39:57.112817,United States Air Force,21-46087,6040,20375,50.085834,10.237333,KC-46A Pegasus,253,358,False
ae20c9,RCH320,2025-06-17 15:39:57.112823,United States Air Force,07-7188,1747,32000,49.501914,15.305598,C-17A Globemaster,292,422,False
477ff1,BRK94,2025-06-17 15:39:57.112828,SAC Heavy Airlift Wing,01,1161,24725,46.788909,18.999138,C-17A Globemaster,282,458,False
3b7775,FAF4098,2025-06-17 15:39:57.112832,Force Aerienne Francaise,497,4317,25975,34.59604,30.292797,KC-135R Stratotanker,124,430,False
ae5fa6,GOLD42,2025-06-17 15:39:57.112837,,21-46059,7027,30000,38.0,24.6,KC-46A Pegasus,,,True
ae63bb,GOLD92,2025-06-17 15:39:57.112842,,20-46079,2641,36000,46.8,20.7,KC-46A Pegasus,,,True
ae4d68,RCH289,2025-06-17 15:39:57.112847,United States Air Force,10-0215,7410,37000,31.1,31.6,C-17A Globemaster,,,True
ae5e0c,GOLD52,2025-06-17 15:39:57.112851,,17-46031,0367,Unavailable,31.9,31.5,KC-46A Pegasus,,,True
ae63b7,GOLD72,2025-06-17 15:39:57.112856,,20-46075,6471,38000,39.3,23.1,KC-46A Pegasus,358,476,True
ae574f,GOLD32,2025-06-17 15:39:57.112860,,15-46009,7010,36025,39.8,23.0,KC-46A Pegasus,,,True
ae05b1,UNKNOWN CALLSIGN,2025-06-17 15:40:57.787898,,63-8878,0401,725,52.343885,0.577977,KC-135R Stratotanker,315,152,False
ae63c3,GOLD82,2025-06-17 15:40:57.787958,United States Air Force,21-46087,6040,20025,50.056111,10.077368,KC-46A Pegasus,255,400,False
ae20c9,RCH320,2025-06-17 15:40:57.787965,United States Air Force,07-7188,1747,32000,49.542397,15.138154,C-17A Globemaster,289,476,False
477ff1,BRK94,2025-06-17 15:40:57.787971,SAC Heavy Airlift Wing,01,1161,22550,46.816748,18.818962,C-17A Globemaster,282,442,False
3b7775,FAF4098,2025-06-17 15:40:57.787976,Force Aerienne Francaise,497,4317,25975,34.527832,30.416098,KC-135R Stratotanker,123,430,False
ae63b7,GOLD72,2025-06-17 15:40:57.787981,,20-46075,6471,38000,39.4,23.1,KC-46A Pegasus,358,474,True
ae5e0c,GOLD52,2025-06-17 15:40:57.787987,,17-46031,0367,38000,31.9,31.5,KC-46A Pegasus,,,True
ae63bb,GOLD92,2025-06-17 15:40:57.787991,,20-46079,2641,36025,45.9,22.8,KC-46A Pegasus,,,True
ae5fa6,GOLD42,2025-06-17 15:40:57.787996,,21-46059,7027,30000,38.0,24.2,KC-46A Pegasus,,,True
ae4d68,RCH289,2025-06-17 15:40:57.788000,United States Air Force,10-0215,7410,37000,31.9,31.5,C-17A Globemaster,,,True
ae574f,GOLD32,2025-06-17 15:40:57.788005,,15-46009,7010,36000,43.7,24.1,KC-46A Pegasus,,,True
ae05b1,UNKNOWN CALLSIGN,2025-06-17 15:41:58.477059,,63-8878,0401,-100,52.352376,0.538182,KC-135R Stratotanker,283,144,False
ae63c3,GOLD82,2025-06-17 15:41:58.477097,United States Air Force,21-46087,6040,20025,50.023167,9.902236,KC-46A Pegasus,254,435,False
ae20c9,RCH320,2025-06-17 15:41:58.477106,United States Air Force,07-7188,1747,32000,49.589849,14.94849,C-17A Globemaster,288,501,False
477ff1,BRK94,2025-06-17 15:41:58.477115,SAC Heavy Airlift Wing,01,1161,20375,46.843277,18.64755,C-17A Globemaster,282,431,False
3b7775,FAF4098,2025-06-17 15:41:58.477122,Force Aerienne Francaise,497,4317,25950,34.461365,30.536098,KC-135R Stratotanker,123,428,False
ae63b7,GOLD72,2025-06-17 15:41:58.477130,,20-46075,6471,38000,39.4,23.2,KC-46A Pegasus,358,472,True
ae5e0c,GOLD52,2025-06-17 15:41:58.477137,,17-46031,0367,38000,31.9,31.5,KC-46A Pegasus,,,True
ae63bb,GOLD92,2025-06-17 15:41:58.477143,,20-46079,2641,36000,46.2,22.8,KC-46A Pegasus,,,True
ae5fa6,GOLD42,2025-06-17 15:41:58.477148,,21-46059,7027,30025,39.9,23.6,KC-46A Pegasus,,,True
ae4d68,RCH289,2025-06-17 15:41:58.477153,United States Air Force,10-0215,7410,37000,31.9,31.5,C-17A Globemaster,,,True
ae574f,GOLD32,2025-06-17 15:41:58.477158,,15-46009,7010,36000,43.7,24.3,KC-46A Pegasus,,,True
ae05b1,UNKNOWN CALLSIGN,2025-06-17 15:42:59.377000,,63-8878,0401,425,52.366143,0.447079,KC-135R Stratotanker,280,178,False
ae63c3,GOLD82,2025-06-17 15:42:59.377024,United States Air Force,21-46087,6040,20000,49.989339,9.722117,KC-46A Pegasus,254,431,False
ae20c9,RCH320,2025-06-17 15:42:59.377030,United States Air Force,07-7188,1747,32000,49.633822,14.769645,C-17A Globemaster,291,443,False
477ff1,BRK94,2025-06-17 15:42:59.377035,SAC Heavy Airlift Wing,01,1161,18175,46.869259,18.475835,C-17A Globemaster,282,418,False
3b7775,FAF4098,2025-06-17 15:42:59.377040,Force Aerienne Francaise,497,4317,25950,34.39389,30.656788,KC-135R Stratotanker,123,426,False
ae63b7,GOLD72,2025-06-17 15:42:59.377045,,20-46075,6471,38000,39.7,23.2,KC-46A Pegasus,358,472,True
ae5e0c,GOLD52,2025-06-17 15:42:59.377050,,17-46031,0367,38000,31.9,31.5,KC-46A Pegasus,,,True
ae63bb,GOLD92,2025-06-17 15:42:59.377055,,20-46079,2641,36025,45.6,23.9,KC-46A Pegasus,,,True
ae5fa6,GOLD42,2025-06-17 15:42:59.377059,,21-46059,7027,30025,38.5,22.9,KC-46A Pegasus,,,True
ae4d68,RCH289,2025-06-17 15:42:59.377063,United States Air Force,10-0215,7410,37000,31.9,31.5,C-17A Globemaster,,,True
ae574f,GOLD32,2025-06-17 15:42:59.377068,,15-46009,7010,36000,43.1,21.6,KC-46A Pegasus,,,True
ae05b1,UNKNOWN CALLSIGN,2025-06-17 15:44:00.028663,,63-8878,0401,1025,52.360278,0.371412,KC-135R Stratotanker,206,192,False
ae63c3,GOLD82,2025-06-17 15:44:00.028684,United States Air Force,21-46087,6040,19975,49.955076,9.539719,KC-46A Pegasus,253,451,False
ae20c9,RCH320,2025-06-17 15:44:00.028691,United States Air Force,07-7188,1747,32000,49.674775,14.595499,C-17A Globemaster,290,445,False
477ff1,BRK94,2025-06-17 15:44:00.028697,SAC Heavy Airlift Wing,01,1161,15950,46.895095,18.310336,C-17A Globemaster,283,405,False
3b7775,FAF4098,2025-06-17 15:44:00.028704,Force Aerienne Francaise,497,4317,25975,34.327108,30.776711,KC-135R Stratotanker,123,424,False
ae63b7,GOLD72,2025-06-17 15:44:00.028709,,20-46075,6471,38000,39.9,23.5,KC-46A Pegasus,358,472,True
ae5e0c,GOLD52,2025-06-17 15:44:00.028715,,17-46031,0367,38025,31.9,31.5,KC-46A Pegasus,,,True
ae63bb,GOLD92,2025-06-17 15:44:00.028719,,20-46079,2641,36000,45.5,24.0,KC-46A Pegasus,,,True
ae5fa6,GOLD42,2025-06-17 15:44:00.028726,,21-46059,7027,30025,39.9,23.6,KC-46A Pegasus,,,True
ae4d68,RCH289,2025-06-17 15:44:00.028731,United States Air Force,10-0215,7410,37000,31.1,31.6,C-17A Globemaster,,,True
ae574f,GOLD32,2025-06-17 15:44:00.028736,,15-46009,7010,36025,43.7,24.1,KC-46A Pegasus,,,True
ae05b1,UNKNOWN CALLSIGN,2025-06-17 15:45:00.970475,,63-8878,0401,950,52.321731,0.414852,KC-135R Stratotanker,102,200,False
ae63c3,GOLD82,2025-06-17 15:45:00.970495,United States Air Force,21-46087,6040,19150,49.91847,9.352296,KC-46A Pegasus,254,395,False
ae20c9,RCH320,2025-06-17 15:45:00.970501,United States Air Force,07-7188,1747,32000,49.719332,14.410325,C-17A Globemaster,289,438,False
477ff1,BRK94,2025-06-17 15:45:00.970528,SAC Heavy Airlift Wing,01,1161,13725,46.921097,18.152367,C-17A Globemaster,283,387,False
3b7775,FAF4098,2025-06-17 15:45:00.970533,Force Aerienne Francaise,497,4317,26000,34.259583,30.897086,KC-135R Stratotanker,124,427,False
ae5fa6,GOLD42,2025-06-17 15:45:00.970538,,21-46059,7027,30000,38.0,24.2,KC-46A Pegasus,,,True
ae4d68,RCH289,2025-06-17 15:45:00.970544,United States Air Force,10-0215,7410,37000,31.9,31.5,C-17A Globemaster,,,True
ae5e0c,GOLD52,2025-06-17 15:45:00.970549,,17-46031,0367,38025,31.9,31.5,KC-46A Pegasus,,,True
ae63bb,GOLD92,2025-06-17 15:45:00.970553,,20-46079,2641,36000,45.5,24.0,KC-46A Pegasus,,,True
ae63b7,GOLD72,2025-06-17 15:45:00.970557,,20-46075,6471,38000,40.0,23.9,KC-46A Pegasus,358,472,True
ae574f,GOLD32,2025-06-17 15:45:00.970576,,15-46009,7010,36025,43.7,24.3,KC-46A Pegasus,,,True
ae05b1,UNKNOWN CALLSIGN,2025-06-17 15:46:02.134321,,63-8878,0401,1000,52.319042,0.502961,KC-135R Stratotanker,91,182,False
ae63c3,GOLD82,2025-06-17 15:46:02.134342,United States Air Force,21-46087,6040,19000,49.883585,9.167495,KC-46A Pegasus,254,431,False
ae20c9,RCH320,2025-06-17 15:46:02.134347,United States Air Force,07-7188,1747,32000,49.762178,14.230989,C-17A Globemaster,290,421,False
477ff1,BRK94,2025-06-17 15:46:02.134353,SAC Heavy Airlift Wing,01,1161,12200,46.945278,18.005042,C-17A Globemaster,282,346,False
3b7775,FAF4098,2025-06-17 15:46:02.134358,Force Aerienne Francaise,497,4317,25975,34.191641,31.01881,KC-135R Stratotanker,123,431,False
ae5fa6,GOLD42,2025-06-17 15:46:02.134364,,21-46059,7027,30000,38.5,23.0,KC-46A Pegasus,,,True
ae4d68,RCH289,2025-06-17 15:46:02.134369,United States Air Force,10-0215,7410,37000,31.9,31.5,C-17A Globemaster,,,True
ae5e0c,GOLD52,2025-06-17 15:46:02.134374,,17-46031,0367,38025,31.9,31.5,KC-46A Pegasus,,,True
ae63bb,GOLD92,2025-06-17 15:46:02.134379,,20-46079,2641,36025,48.6,17.6,KC-46A Pegasus,,,True
ae63b7,GOLD72,2025-06-17 15:46:02.134383,,20-46075,6471,38000,40.0,23.8,KC-46A Pegasus,358,472,True
ae574f,GOLD32,2025-06-17 15:46:02.134387,,15-46009,7010,36025,43.7,24.3,KC-46A Pegasus,,,True
ae05b1,UNKNOWN CALLSIGN,2025-06-17 15:47:03.066515,,63-8878,0401,975,52.318734,0.587702,KC-135R Stratotanker,59,172,False
ae63c3,GOLD82,2025-06-17 15:47:03.066537,United States Air Force,21-46087,6040,19000,49.848988,8.986556,KC-46A Pegasus,254,439,False
ae20c9,RCH320,2025-06-17 15:47:03.066543,United States Air Force,07-7188,1747,32000,49.805866,14.04239,C-17A Globemaster,292,427,False
477ff1,BRK94,2025-06-17 15:47:03.066548,SAC Heavy Airlift Wing,01,1161,10850,46.966739,17.872784,C-17A Globemaster,284,313,False
3b7775,FAF4098,2025-06-17 15:47:03.066553,Force Aerienne Francaise,497,4317,25950,34.125071,31.141148,KC-135R Stratotanker,122,431,False
ae5fa6,GOLD42,2025-06-17 15:47:03.066559,,21-46059,7027,30000,39.8,23.0,KC-46A Pegasus,,,True
ae4d68,RCH289,2025-06-17 15:47:03.066565,United States Air Force,10-0215,7410,37000,30.5,31.7,C-17A Globemaster,,,True
ae5e0c,GOLD52,2025-06-17 15:47:03.066570,,17-46031,0367,38000,31.9,31.5,KC-46A Pegasus,,,True
ae63bb,GOLD92,2025-06-17 15:47:03.066574,,20-46079,2641,36025,45.5,24.0,KC-46A Pegasus,,,True
ae63b7,GOLD72,2025-06-17 15:47:03.066578,,20-46075,6471,38000,40.3,23.7,KC-46A Pegasus,358,470,True
ae574f,GOLD32,2025-06-17 15:47:03.066582,,15-46009,7010,36000,43.7,24.3,KC-46A Pegasus,,,True
ae05b1,UNKNOWN CALLSIGN,2025-06-17 15:48:03.954812,,63-8878,0401,575,52.349832,0.571768,KC-135R Stratotanker,283,148,False
ae63c3,GOLD82,2025-06-17 15:48:03.954865,United States Air Force,21-46087,6040,19000,49.813331,8.807711,KC-46A Pegasus,252,434,False
ae20c9,RCH320,2025-06-17 15:48:03.954877,United States Air Force,07-7188,1747,32000,49.846746,13.866834,C-17A Globemaster,290,434,False
477ff1,BRK94,2025-06-17 15:48:03.954886,SAC Heavy Airlift Wing,01,1161,9750,47.011103,17.769259,C-17A Globemaster,303,279,False
3b7775,FAF4098,2025-06-17 15:48:03.954898,Force Aerienne Francaise,497,4317,25975,34.05954,31.263839,KC-135R Stratotanker,122,431,False
ae5fa6,GOLD42,2025-06-17 15:48:03.954906,,21-46059,7027,30000,39.8,23.0,KC-46A Pegasus,,,True
ae4d68,RCH289,2025-06-17 15:48:03.954914,United States Air Force,10-0215,7410,37000,31.1,31.6,C-17A Globemaster,,,True
ae5e0c,GOLD52,2025-06-17 15:48:03.954924,,17-46031,0367,38000,31.1,31.6,KC-46A Pegasus,,,True
ae63bb,GOLD92,2025-06-17 15:48:03.954932,,20-46079,2641,36000,49.1,17.1,KC-46A Pegasus,,,True
ae63b7,GOLD72,2025-06-17 15:48:03.954941,,20-46075,6471,38000,41.0,23.6,KC-46A Pegasus,358,470,True
ae574f,GOLD32,2025-06-17 15:48:03.954948,,15-46009,7010,36025,43.7,24.3,KC-46A Pegasus,,,True
ae05b1,UNKNOWN CALLSIGN,2025-06-17 15:49:04.846133,,63-8878,0401,-200,52.355444,0.528878,KC-135R Stratotanker,283,142,False
ae63c3,GOLD82,2025-06-17 15:49:04.846153,United States Air Force,21-46087,6040,18725,49.776935,8.623416,KC-46A Pegasus,253,449,False
ae20c9,RCH320,2025-06-17 15:49:04.846159,United States Air Force,07-7188,1747,32000,49.887776,13.691964,C-17A Globemaster,289,422,False
477ff1,BRK94,2025-06-17 15:49:04.846163,SAC Heavy Airlift Wing,01,1161,9125,47.054947,17.685928,C-17A Globemaster,331,250,False
3b7775,FAF4098,2025-06-17 15:49:04.846169,Force Aerienne Francaise,497,4317,25925,33.994492,31.387138,KC-135R Stratotanker,122,431,False
ae63b7,GOLD72,2025-06-17 15:49:04.846174,,20-46075,6471,38000,41.8,23.7,KC-46A Pegasus,358,470,True
ae5e0c,GOLD52,2025-06-17 15:49:04.846179,,17-46031,0367,Unavailable,31.9,31.5,KC-46A Pegasus,,,True
ae63bb,GOLD92,2025-06-17 15:49:04.846184,,20-46079,2641,36000,49.1,17.1,KC-46A Pegasus,,,True
ae5fa6,GOLD42,2025-06-17 15:49:04.846189,,21-46059,7027,30000,38.0,24.0,KC-46A Pegasus,,,True
ae4d68,RCH289,2025-06-17 15:49:04.846193,United States Air Force,10-0215,7410,37000,31.9,31.5,C-17A Globemaster,,,True
ae574f,GOLD32,2025-06-17 15:49:04.846198,,15-46009,7010,36000,43.7,24.3,KC-46A Pegasus,,,True
ae05b1,UNKNOWN CALLSIGN,2025-06-17 15:50:05.776633,,63-8878,0401,675,52.369483,0.43496,KC-135R Stratotanker,284,172,False
ae63c3,GOLD82,2025-06-17 15:50:05.776654,United States Air Force,21-46087,6040,17450,49.740998,8.441263,KC-46A Pegasus,252,411,False
ae20c9,RCH320,2025-06-17 15:50:05.776660,United States Air Force,07-7188,1747,32000,49.931132,13.502616,C-17A Globemaster,289,432,False
477ff1,BRK94,2025-06-17 15:50:05.776665,SAC Heavy Airlift Wing,01,1161,7150,47.114594,17.639854,C-17A Globemaster,326,231,False
3b7775,FAF4098,2025-06-17 15:50:05.776671,Force Aerienne Francaise,497,4317,25975,33.928848,31.510471,KC-135R Stratotanker,122,430,False
ae5fa6,GOLD42,2025-06-17 15:50:05.776675,,21-46059,7027,30025,39.9,23.6,KC-46A Pegasus,,,True
ae4d68,RCH289,2025-06-17 15:50:05.776681,United States Air Force,10-0215,7410,37000,30.5,31.7,C-17A Globemaster,,,True
ae63bb,GOLD92,2025-06-17 15:50:05.776686,,20-46079,2641,36000,45.5,24.0,KC-46A Pegasus,,,True
ae63b7,GOLD72,2025-06-17 15:50:05.776691,,20-46075,2643,38000,41.0,24.3,KC-46A Pegasus,358,474,True
ae574f,GOLD32,2025-06-17 15:50:05.776695,,15-46009,7010,36000,43.7,24.3,KC-46A Pegasus,,,True
ae05b1,UNKNOWN CALLSIGN,2025-06-17 15:51:06.957808,,63-8878,0401,1000,52.35816,0.370774,KC-135R Stratotanker,186,192,False
ae63c3,GOLD82,2025-06-17 15:51:06.957838,United States Air Force,21-46087,6040,16375,49.706618,8.273924,KC-46A Pegasus,252,373,False
ae20c9,RCH320,2025-06-17 15:51:06.957846,United States Air Force,07-7188,1747,32000,49.973603,13.320712,C-17A Globemaster,289,451,False
477ff1,BRK94,2025-06-17 15:51:06.957852,SAC Heavy Airlift Wing,01,1161,4200,47.171429,17.601295,C-17A Globemaster,339,210,False
3b7775,FAF4098,2025-06-17 15:51:06.957858,Force Aerienne Francaise,497,4317,25950,33.862747,31.633338,KC-135R Stratotanker,122,432,False
ae63b7,GOLD72,2025-06-17 15:51:06.957863,,20-46075,2643,38000,42.9,23.9,KC-46A Pegasus,351,478,True
ae5e0c,GOLD52,2025-06-17 15:51:06.957870,,17-46031,0367,Unavailable,31.9,31.5,KC-46A Pegasus,,,True
ae63bb,GOLD92,2025-06-17 15:51:06.957875,,20-46079,2641,36000,49.1,17.1,KC-46A Pegasus,,,True
ae5fa6,GOLD42,2025-06-17 15:51:06.957880,,21-46059,7027,30000,39.9,23.6,KC-46A Pegasus,,,True
ae4d68,RCH289,2025-06-17 15:51:06.957886,United States Air Force,10-0215,7410,37000,30.5,31.7,C-17A Globemaster,,,True
ae574f,GOLD32,2025-06-17 15:51:06.957892,,15-46009,7010,36025,43.7,24.1,KC-46A Pegasus,,,True
ae05b1,UNKNOWN CALLSIGN,2025-06-17 15:52:08.095170,,63-8878,0401,950,52.328179,0.437465,KC-135R Stratotanker,96,204,False
ae63c3,GOLD82,2025-06-17 15:52:08.095188,United States Air Force,21-46087,6040,15375,49.675316,8.120377,KC-46A Pegasus,254,369,False
ae20c9,RCH320,2025-06-17 15:52:08.095196,United States Air Force,07-7188,1747,32000,50.01404,13.137567,C-17A Globemaster,289,436,False
477ff1,BRK94,2025-06-17 15:52:08.095201,SAC Heavy Airlift Wing,01,1161,2675,47.218643,17.576408,C-17A Globemaster,340,152,False
3b7775,FAF4098,2025-06-17 15:52:08.095207,Force Aerienne Francaise,497,4317,25975,33.795364,31.754804,KC-135R Stratotanker,126,430,False
ae63b7,GOLD72,2025-06-17 15:52:08.095212,,20-46075,2643,38000,43.3,23.4,KC-46A Pegasus,351,480,True
ae5e0c,GOLD52,2025-06-17 15:52:08.095218,,17-46031,0367,Unavailable,31.9,31.5,KC-46A Pegasus,,,True
ae63bb,GOLD92,2025-06-17 15:52:08.095224,,20-46079,2641,36000,48.0,19.5,KC-46A Pegasus,,,True
ae5fa6,GOLD42,2025-06-17 15:52:08.095229,,21-46059,7027,30000,38.5,23.0,KC-46A Pegasus,,,True
ae4d68,RCH289,2025-06-17 15:52:08.095234,United States Air Force,10-0215,7410,37000,31.9,31.5,C-17A Globemaster,,,True
ae574f,GOLD32,2025-06-17 15:52:08.095240,,15-46009,7010,36000,43.7,24.3,KC-46A Pegasus,,,True
ae05b1,UNKNOWN CALLSIGN,2025-06-17 15:53:08.758243,,63-8878,0401,975,52.320413,0.522739,KC-135R Stratotanker,96,174,False
ae63c3,GOLD82,2025-06-17 15:53:08.758261,United States Air Force,21-46087,6040,14350,49.646119,7.976243,KC-46A Pegasus,253,361,False
ae20c9,RCH320,2025-06-17 15:53:08.758270,United States Air Force,07-7188,1747,32000,50.053439,12.962751,C-17A Globemaster,290,429,False
477ff1,BRK94,2025-06-17 15:53:08.758275,SAC Heavy Airlift Wing,01,1161,2200,47.25648,17.556786,C-17A Globemaster,340,120,False
ae63bb,GOLD92,2025-06-17 15:53:08.758280,,20-46079,2641,36000,47.399032,20.439386,KC-46A Pegasus,,,False
3b7775,FAF4098,2025-06-17 15:53:08.758284,Force Aerienne Francaise,497,4317,25950,33.723083,31.872739,KC-135R Stratotanker,126,430,False
ae63b7,GOLD72,2025-06-17 15:53:08.758289,,20-46075,2643,38025,43.2,23.5,KC-46A Pegasus,351,480,True
ae5e0c,GOLD52,2025-06-17 15:53:08.758295,,17-46031,0367,Unavailable,31.9,32.0,KC-46A Pegasus,,,True
ae5fa6,GOLD42,2025-06-17 15:53:08.758301,,21-46059,7027,30000,38.5,23.0,KC-46A Pegasus,,,True
ae4d68,RCH289,2025-06-17 15:53:08.758305,United States Air Force,10-0215,7410,37000,31.9,31.4,C-17A Globemaster,,,True
ae574f,GOLD32,2025-06-17 15:53:08.758311,,15-46009,7010,36025,43.7,24.3,KC-46A Pegasus,,,True
ae05b1,UNKNOWN CALLSIGN,2025-06-17 15:54:09.406744,,63-8878,0401,975,52.323346,0.592488,KC-135R Stratotanker,33,160,False
ae63c3,GOLD82,2025-06-17 15:54:09.406766,United States Air Force,21-46087,6040,12450,49.614693,7.825044,KC-46A Pegasus,253,363,False
ae20c9,RCH320,2025-06-17 15:54:09.406774,United States Air Force,07-7188,1747,32000,50.093859,12.779942,C-17A Globemaster,289,436,False
477ff1,BRK94,2025-06-17 15:54:09.406778,SAC Heavy Airlift Wing,01,1161,1600,47.287033,17.540909,C-17A Globemaster,340,115,False
ae63bb,GOLD92,2025-06-17 15:54:09.406784,,20-46079,2641,36000,47.478357,20.308134,KC-46A Pegasus,,,False
3b7775,FAF4098,2025-06-17 15:54:09.406789,Force Aerienne Francaise,497,4317,26000,33.652333,31.987724,KC-135R Stratotanker,126,429,False
ae63b7,GOLD72,2025-06-17 15:54:09.406794,,20-46075,2643,38025,43.5,23.4,KC-46A Pegasus,350,480,True
ae5e0c,GOLD52,2025-06-17 15:54:09.406799,,17-46031,0367,Unavailable,32.0,31.4,KC-46A Pegasus,,,True
ae5fa6,GOLD42,2025-06-17 15:54:09.406804,,21-46059,7027,30000,39.9,23.6,KC-46A Pegasus,,,True
ae4d68,RCH289,2025-06-17 15:54:09.406810,United States Air Force,10-0215,7410,37000,32.0,31.4,C-17A Globemaster,,,True
ae574f,GOLD32,2025-06-17 15:54:09.406814,,15-46009,7010,36000,43.7,24.3,KC-46A Pegasus,,,True
ae05b1,UNKNOWN CALLSIGN,2025-06-17 15:55:10.317466,,63-8878,0401,400,52.34978,0.563403,KC-135R Stratotanker,284,130,False
ae63c3,GOLD82,2025-06-17 15:55:10.317485,United States Air Force,21-46087,6040,10925,49.583588,7.675788,KC-46A Pegasus,253,340,False
ae20c9,RCH320,2025-06-17 15:55:10.317494,United States Air Force,07-7188,1747,32000,50.132888,12.604245,C-17A Globemaster,289,441,False
477ff1,BRK94,2025-06-17 15:55:10.317499,SAC Heavy Airlift Wing,01,1161,1025,47.315834,17.52587,C-17A Globemaster,340,116,False
ae63bb,GOLD92,2025-06-17 15:55:10.317504,,20-46079,2641,36000,47.568334,20.179478,KC-46A Pegasus,,,False
3b7775,FAF4098,2025-06-17 15:55:10.317509,Force Aerienne Francaise,497,4317,25925,33.580536,32.104181,KC-135R Stratotanker,126,430,False
ae5fa6,GOLD42,2025-06-17 15:55:10.317513,,21-46059,7027,30000,39.8,23.0,KC-46A Pegasus,,,True
ae4d68,RCH289,2025-06-17 15:55:10.317519,United States Air Force,10-0215,7410,37000,32.0,31.4,C-17A Globemaster,,,True
ae63b7,GOLD72,2025-06-17 15:55:10.317525,,20-46075,2643,38000,43.4,23.2,KC-46A Pegasus,351,480,True
ae574f,GOLD32,2025-06-17 15:55:10.317529,,15-46009,7010,36025,43.1,26.2,KC-46A Pegasus,,,True
ae05b1,UNKNOWN CALLSIGN,2025-06-17 15:56:11.415075,,63-8878,0401,-250,52.353331,0.542706,KC-135R Stratotanker,283,130,False
ae63c3,GOLD82,2025-06-17 15:56:11.415094,United States Air Force,21-46087,6040,9800,49.55666,7.543507,KC-46A Pegasus,250,278,False
ae20c9,RCH320,2025-06-17 15:56:11.415103,United States Air Force,07-7188,1747,32000,50.172587,12.421578,C-17A Globemaster,289,436,False
477ff1,BRK94,2025-06-17 15:56:11.415108,SAC Heavy Airlift Wing,01,1161,800,47.327053,17.519954,C-17A Globemaster,,,False
ae63bb,GOLD92,2025-06-17 15:56:11.415114,,20-46079,2641,36000,47.689987,19.991597,KC-46A Pegasus,313,469,False
ae574f,GOLD32,2025-06-17 15:56:11.415118,,15-46009,7010,36000,43.284259,23.49807,KC-46A Pegasus,,,False
3b7775,FAF4098,2025-06-17 15:56:11.415122,Force Aerienne Francaise,497,4317,26000,33.507975,32.221499,KC-135R Stratotanker,126,426,False
ae5fa6,GOLD42,2025-06-17 15:56:11.415127,,21-46059,7027,30025,39.9,23.6,KC-46A Pegasus,,,True
ae4d68,RCH289,2025-06-17 15:56:11.415132,United States Air Force,10-0215,3310,37000,31.1,31.6,C-17A Globemaster,,,True
ae63b7,GOLD72,2025-06-17 15:56:11.415138,,20-46075,2643,38000,43.5,23.5,KC-46A Pegasus,350,480,True
ae05b1,UNKNOWN CALLSIGN,2025-06-17 15:57:12.528035,,63-8878,0401,725,52.369381,0.434918,KC-135R Stratotanker,282,170,False
ae63c3,GOLD82,2025-06-17 15:57:12.528059,United States Air Force,21-46087,6040,8375,49.53506,7.449984,KC-46A Pegasus,252,262,False
ae20c9,RCH320,2025-06-17 15:57:12.528068,United States Air Force,07-7188,1747,31900,50.190409,12.229421,C-17A Globemaster,265,454,False
ae63bb,GOLD92,2025-06-17 15:57:12.528074,,20-46079,2641,36000,47.770687,19.869269,KC-46A Pegasus,316,473,False
ae574f,GOLD32,2025-06-17 15:57:12.528079,,15-46009,7010,36000,43.368022,23.461832,KC-46A Pegasus,,,False
3b7775,FAF4098,2025-06-17 15:57:12.528084,Force Aerienne Francaise,497,4317,25950,33.436569,32.336499,KC-135R Stratotanker,126,424,False
ae5fa6,GOLD42,2025-06-17 15:57:12.528089,,21-46059,7027,30025,39.8,23.0,KC-46A Pegasus,,,True
ae4d68,RCH289,2025-06-17 15:57:12.528094,United States Air Force,10-0215,3310,37000,31.0,34.0,C-17A Globemaster,,,True
ae63b7,GOLD72,2025-06-17 15:57:12.528100,,20-46075,2643,38000,43.5,23.5,KC-46A Pegasus,351,476,True
ae05b1,UNKNOWN CALLSIGN,2025-06-17 15:58:13.181508,,63-8878,0401,975,52.360209,0.367668,KC-135R Stratotanker,197,190,False
ae63c3,GOLD82,2025-06-17 15:58:13.181526,United States Air Force,21-46087,6040,5950,49.50833,7.324529,KC-46A Pegasus,256,268,False
ae20c9,RCH320,2025-06-17 15:58:13.181534,United States Air Force,07-7188,1747,30900,50.189655,12.048295,C-17A Globemaster,270,446,False
ae63bb,GOLD92,2025-06-17 15:58:13.181541,,20-46079,2641,36000,47.866791,19.720885,KC-46A Pegasus,314,478,False
ae574f,GOLD32,2025-06-17 15:58:13.181545,,15-46009,7010,36000,43.5365,23.383397,KC-46A Pegasus,,,False
3b7775,FAF4098,2025-06-17 15:58:13.181550,Force Aerienne Francaise,497,4317,26000,33.365199,32.450699,KC-135R Stratotanker,126,421,False
ae5fa6,GOLD42,2025-06-17 15:58:13.181555,,21-46059,7027,30000,39.8,23.0,KC-46A Pegasus,,,True
ae4d68,RCH289,2025-06-17 15:58:13.181560,United States Air Force,10-0215,3310,37000,32.0,31.4,C-17A Globemaster,,,True
ae5e0c,GOLD52,2025-06-17 15:58:13.181565,,17-46031,0367,Unavailable,35.8,30.9,KC-46A Pegasus,,,True
ae63b7,GOLD72,2025-06-17 15:58:13.181570,,20-46075,2643,38000,43.4,23.2,KC-46A Pegasus,350,466,True
ae05b1,UNKNOWN CALLSIGN,2025-06-17 15:59:14.094266,,63-8878,0401,975,52.326406,0.421789,KC-135R Stratotanker,89,200,False
ae63c3,GOLD82,2025-06-17 15:59:14.094286,United States Air Force,21-46087,6040,4750,49.489978,7.231091,KC-46A Pegasus,254,261,False
ae20c9,RCH320,2025-06-17 15:59:14.094295,United States Air Force,07-7188,1747,30025,50.177925,11.854388,C-17A Globemaster,255,466,False
ae63bb,GOLD92,2025-06-17 15:59:14.094301,,20-46079,2641,36000,47.957637,19.576075,KC-46A Pegasus,313,465,False
ae574f,GOLD32,2025-06-17 15:59:14.094305,,15-46009,7010,36000,43.691481,23.314366,KC-46A Pegasus,,,False
3b7775,FAF4098,2025-06-17 15:59:14.094310,Force Aerienne Francaise,497,4317,25975,33.293462,32.564429,KC-135R Stratotanker,126,422,False
ae63b7,GOLD72,2025-06-17 15:59:14.094314,,20-46075,2643,38025,43.4,22.9,KC-46A Pegasus,350,466,True
ae5e0c,GOLD52,2025-06-17 15:59:14.094319,,17-46031,0367,Unavailable,35.8,30.9,KC-46A Pegasus,,,True
ae5fa6,GOLD42,2025-06-17 15:59:14.094324,,21-46059,7027,30000,39.8,23.0,KC-46A Pegasus,,,True
ae4d68,RCH289,2025-06-17 15:59:14.094330,United States Air Force,10-0215,3310,37000,32.0,31.4,C-17A Globemaster,,,True
ae05b1,UNKNOWN CALLSIGN,2025-06-17 16:00:14.769656,,63-8878,0401,975,52.32217,0.506143,KC-135R Stratotanker,94,172,False
ae63c3,GOLD82,2025-06-17 16:00:14.769676,United States Air Force,21-46087,6040,3725,49.444279,7.177455,KC-46A Pegasus,175,214,False
ae20c9,RCH320,2025-06-17 16:00:14.769685,United States Air Force,07-7188,1747,30000,50.151892,11.66147,C-17A Globemaster,258,447,False
ae63bb,GOLD92,2025-06-17 16:00:14.769691,,20-46079,2641,36000,48.039677,19.447308,KC-46A Pegasus,314,432,False
ae574f,GOLD32,2025-06-17 16:00:14.769695,,15-46009,7010,36000,43.827135,23.252184,KC-46A Pegasus,,,False
3b7775,FAF4098,2025-06-17 16:00:14.769701,Force Aerienne Francaise,497,4317,25975,33.222098,32.677488,KC-135R Stratotanker,126,422,False
ae5fa6,GOLD42,2025-06-17 16:00:14.769707,,21-46059,7027,30000,39.8,23.0,KC-46A Pegasus,,,True
ae4d68,RCH289,2025-06-17 16:00:14.769713,United States Air Force,10-0215,3310,37000,31.0,34.0,C-17A Globemaster,,,True
ae5e0c,GOLD52,2025-06-17 16:00:14.769718,,17-46031,6457,Unavailable,35.8,30.9,KC-46A Pegasus,,,True
ae63b7,GOLD72,2025-06-17 16:00:14.769723,,20-46075,2643,38000,43.3,23.2,KC-46A Pegasus,350,468,True
ae05b1,UNKNOWN CALLSIGN,2025-06-17 16:01:15.481014,,63-8878,0401,900,52.326548,0.584698,KC-135R Stratotanker,49,160,False
ae63c3,GOLD82,2025-06-17 16:01:15.481038,United States Air Force,21-46087,6040,3750,49.424211,7.231313,KC-46A Pegasus,124,272,False
ae20c9,RCH320,2025-06-17 16:01:15.481049,United States Air Force,07-7188,1747,30000,50.127634,11.467215,C-17A Globemaster,259,459,False
ae63bb,GOLD92,2025-06-17 16:01:15.481055,,20-46079,2641,36025,48.121331,19.298338,KC-46A Pegasus,303,437,False
3b7775,FAF4098,2025-06-17 16:01:15.481060,Force Aerienne Francaise,497,4317,25950,33.151108,32.789685,KC-135R Stratotanker,126,422,False
ae5fa6,GOLD42,2025-06-17 16:01:15.481065,,21-46059,7027,30000,38.0,23.9,KC-46A Pegasus,,,True
ae4d68,RCH289,2025-06-17 16:01:15.481071,United States Air Force,10-0215,3310,37000,31.1,31.6,C-17A Globemaster,,,True
ae5e0c,GOLD52,2025-06-17 16:01:15.481075,,17-46031,6457,38000,35.8,30.9,KC-46A Pegasus,,,True
ae63b7,GOLD72,2025-06-17 16:01:15.481082,,20-46075,2643,38025,43.4,23.2,KC-46A Pegasus,350,468,True
ae574f,GOLD32,2025-06-17 16:01:15.481087,,15-46009,7010,36000,43.5,23.6,KC-46A Pegasus,,,True
ae05b1,UNKNOWN CALLSIGN,2025-06-17 16:02:16.124486,,63-8878,0401,375,52.353084,0.553118,KC-135R Stratotanker,282,146,False
ae63c3,GOLD82,2025-06-17 16:02:16.124523,United States Air Force,21-46087,6040,3625,49.424189,7.257235,KC-46A Pegasus,82,213,False
ae20c9,RCH320,2025-06-17 16:02:16.124532,United States Air Force,07-7188,1747,29550,50.102342,11.282701,C-17A Globemaster,257,461,False
ae63bb,GOLD92,2025-06-17 16:02:16.124538,,20-46079,2641,36000,48.201817,19.135468,KC-46A Pegasus,304,458,False
ae63b7,GOLD72,2025-06-17 16:02:16.124573,,20-46075,2643,38000,42.951814,23.445555,KC-46A Pegasus,350,470,False
3b7775,FAF4098,2025-06-17 16:02:16.124578,Force Aerienne Francaise,497,4317,25950,33.083633,32.906525,KC-135R Stratotanker,117,420,False
ae5fa6,GOLD42,2025-06-17 16:02:16.124583,,21-46059,7027,30000,39.9,23.6,KC-46A Pegasus,,,True
ae4d68,RCH289,2025-06-17 16:02:16.124589,United States Air Force,10-0215,3310,37000,32.0,31.4,C-17A Globemaster,,,True
ae5e0c,GOLD52,2025-06-17 16:02:16.124610,,17-46031,6457,38000,38.0,23.5,KC-46A Pegasus,,,True
ae574f,GOLD32,2025-06-17 16:02:16.124615,,15-46009,7010,36000,43.5,23.3,KC-46A Pegasus,,,True
ae05b1,UNKNOWN CALLSIGN,2025-06-17 16:03:16.810100,,63-8878,0401,-225,52.355712,0.527402,KC-135R Stratotanker,283,130,False
ae20c9,RCH320,2025-06-17 16:03:16.810126,United States Air Force,07-7188,1747,28525,50.078061,11.091964,C-17A Globemaster,257,446,False
ae63bb,GOLD92,2025-06-17 16:03:16.810133,,20-46079,2641,36000,48.276174,18.980364,KC-46A Pegasus,304,465,False
ae63b7,GOLD72,2025-06-17 16:03:16.810138,,20-46075,2643,38000,43.120848,23.339217,KC-46A Pegasus,350,472,False
3b7775,FAF4098,2025-06-17 16:03:16.810142,Force Aerienne Francaise,497,4317,25950,33.073975,33.043579,KC-135R Stratotanker,73,419,False
ae5fa6,GOLD42,2025-06-17 16:03:16.810148,,21-46059,7027,30025,39.8,23.0,KC-46A Pegasus,,,True
ae4d68,RCH289,2025-06-17 16:03:16.810154,United States Air Force,10-0215,3310,37000,32.0,31.4,C-17A Globemaster,,,True
ae63c3,GOLD82,2025-06-17 16:03:16.810158,United States Air Force,21-46087,6040,2675,49.2,8.0,KC-46A Pegasus,,,True
ae5e0c,GOLD52,2025-06-17 16:03:16.810163,,17-46031,6457,38000,38.0,23.5,KC-46A Pegasus,,,True
ae574f,GOLD32,2025-06-17 16:03:16.810168,,15-46009,6005,36000,43.4,23.0,KC-46A Pegasus,,,True
ae05b1,UNKNOWN CALLSIGN,2025-06-17 16:04:17.457899,,63-8878,0401,875,52.371089,0.422304,KC-135R Stratotanker,281,172,False
ae20c9,RCH320,2025-06-17 16:04:17.457943,United States Air Force,07-7188,1747,27225,50.052948,10.910365,C-17A Globemaster,257,432,False
ae63bb,GOLD92,2025-06-17 16:04:17.457955,,20-46079,2641,36000,48.352079,18.820977,KC-46A Pegasus,306,438,False
ae63b7,GOLD72,2025-06-17 16:04:17.457963,,20-46075,2643,38000,43.159402,23.399873,KC-46A Pegasus,350,472,False
3b7775,FAF4098,2025-06-17 16:04:17.457969,Force Aerienne Francaise,497,4317,25950,33.146823,33.146312,KC-135R Stratotanker,28,416,False
ae5e0c,GOLD52,2025-06-17 16:04:17.457979,,17-46031,6457,38000,38.0,23.5,KC-46A Pegasus,,,True
ae5fa6,GOLD42,2025-06-17 16:04:17.457985,,21-46059,7027,30000,39.8,23.0,KC-46A Pegasus,,,True
ae4d68,RCH289,2025-06-17 16:04:17.457991,United States Air Force,10-0215,3310,37000,32.0,31.4,C-17A Globemaster,,,True
ae63c3,GOLD82,2025-06-17 16:04:17.457996,United States Air Force,21-46087,6040,1850,49.1,8.1,KC-46A Pegasus,,,True
ae574f,GOLD32,2025-06-17 16:04:17.458000,,15-46009,6005,36000,43.5,23.2,KC-46A Pegasus,,,True
ae05b1,UNKNOWN CALLSIGN,2025-06-17 16:05:18.411613,,63-8878,0401,950,52.347886,0.371453,KC-135R Stratotanker,166,188,False
ae20c9,RCH320,2025-06-17 16:05:18.411638,United States Air Force,07-7188,1747,25650,50.027705,10.729762,C-17A Globemaster,258,430,False
ae63bb,GOLD92,2025-06-17 16:05:18.411645,,20-46079,2641,36000,48.422339,18.672845,KC-46A Pegasus,304,481,False
ae63b7,GOLD72,2025-06-17 16:05:18.411650,,20-46075,2643,38000,43.233442,23.384497,KC-46A Pegasus,350,472,False
3b7775,FAF4098,2025-06-17 16:05:18.411654,Force Aerienne Francaise,497,4317,25975,33.259872,33.155475,KC-135R Stratotanker,341,409,False
ae5fa6,GOLD42,2025-06-17 16:05:18.411659,,21-46059,7027,30025,39.9,23.6,KC-46A Pegasus,,,True
ae4d68,RCH289,2025-06-17 16:05:18.411666,United States Air Force,10-0215,3310,37000,32.0,31.4,C-17A Globemaster,,,True
ae63c3,GOLD82,2025-06-17 16:05:18.411670,United States Air Force,21-46087,6040,1125,49.0,8.1,KC-46A Pegasus,,,True
ae5e0c,GOLD52,2025-06-17 16:05:18.411675,,17-46031,6457,38000,38.0,23.6,KC-46A Pegasus,,,True
ae574f,GOLD32,2025-06-17 16:05:18.411679,,15-46009,6005,36000,43.5,23.6,KC-46A Pegasus,,,True
ae05b1,UNKNOWN CALLSIGN,2025-06-17 16:06:19.095026,,63-8878,0401,950,52.325769,0.442698,KC-135R Stratotanker,87,202,False
ae20c9,RCH320,2025-06-17 16:06:19.095046,United States Air Force,07-7188,1747,24075,50.000735,10.541724,C-17A Globemaster,258,442,False
ae63bb,GOLD92,2025-06-17 16:06:19.095054,,20-46079,2641,36025,48.495078,18.515381,KC-46A Pegasus,306,453,False
3b7775,FAF4098,2025-06-17 16:06:19.095059,Force Aerienne Francaise,497,4317,25975,33.367813,33.108838,KC-135R Stratotanker,340,410,False
ae5fa6,GOLD42,2025-06-17 16:06:19.095064,,21-46059,7027,Unavailable,38.0,23.6,KC-46A Pegasus,,,True
ae4d68,RCH289,2025-06-17 16:06:19.095071,United States Air Force,10-0215,3310,37000,31.0,34.0,C-17A Globemaster,,,True
ae63c3,GOLD82,2025-06-17 16:06:19.095075,United States Air Force,21-46087,6040,600,49.0,8.1,KC-46A Pegasus,,,True
ae5e0c,GOLD52,2025-06-17 16:06:19.095079,,17-46031,6457,38025,38.0,23.6,KC-46A Pegasus,,,True
ae63b7,GOLD72,2025-06-17 16:06:19.095084,,20-46075,2643,38000,43.5,23.5,KC-46A Pegasus,350,472,True
ae574f,GOLD32,2025-06-17 16:06:19.095088,,15-46009,6005,36000,43.6,24.1,KC-46A Pegasus,,,True
ae05b1,UNKNOWN CALLSIGN,2025-06-17 16:07:19.694631,,63-8878,0401,950,52.320681,0.521481,KC-135R Stratotanker,97,162,False
ae20c9,RCH320,2025-06-17 16:07:19.694654,United States Air Force,07-7188,1747,23975,49.975619,10.363138,C-17A Globemaster,258,425,False
ae63bb,GOLD92,2025-06-17 16:07:19.694660,,20-46079,2641,36000,48.569363,18.356155,KC-46A Pegasus,304,437,False
3b7775,FAF4098,2025-06-17 16:07:19.694665,Force Aerienne Francaise,497,4317,25925,33.477814,33.06297,KC-135R Stratotanker,340,411,False
ae63b7,GOLD72,2025-06-17 16:07:19.694670,,20-46075,2643,38000,43.6,23.5,KC-46A Pegasus,350,470,True
ae5e0c,GOLD52,2025-06-17 16:07:19.694675,,17-46031,6457,38000,38.0,23.9,KC-46A Pegasus,,,True
ae5fa6,GOLD42,2025-06-17 16:07:19.694681,,21-46059,7027,30000,43.7,24.3,KC-46A Pegasus,,,True
ae4d68,RCH289,2025-06-17 16:07:19.694686,United States Air Force,10-0215,3310,37000,32.0,31.4,C-17A Globemaster,,,True
ae574f,GOLD32,2025-06-17 16:07:19.694690,,15-46009,6005,36000,43.6,24.6,KC-46A Pegasus,,,True
ae05b1,UNKNOWN CALLSIGN,2025-06-17 16:08:20.645946,,63-8878,0401,850,52.332177,0.584694,KC-135R Stratotanker,345,156,False
ae20c9,RCH320,2025-06-17 16:08:20.645969,United States Air Force,07-7188,1747,24000,49.949945,10.183966,C-17A Globemaster,258,426,False
ae63bb,GOLD92,2025-06-17 16:08:20.645976,,20-46079,2641,36000,48.649163,18.181988,KC-46A Pegasus,305,467,False
3b7775,FAF4098,2025-06-17 16:08:20.645980,Force Aerienne Francaise,497,4317,25950,33.587814,33.017672,KC-135R Stratotanker,341,408,False
ae5fa6,GOLD42,2025-06-17 16:08:20.645985,,21-46059,7027,30000,43.1,21.6,KC-46A Pegasus,,,True
ae4d68,RCH289,2025-06-17 16:08:20.645991,United States Air Force,10-0215,3310,37000,31.1,31.6,C-17A Globemaster,,,True
ae5e0c,GOLD52,2025-06-17 16:08:20.645996,,17-46031,6457,38000,38.0,23.9,KC-46A Pegasus,,,True
ae63b7,GOLD72,2025-06-17 16:08:20.646001,,20-46075,2643,38000,43.5,23.3,KC-46A Pegasus,350,468,True
ae574f,GOLD32,2025-06-17 16:08:20.646005,,15-46009,6005,36000,43.7,24.0,KC-46A Pegasus,,,True
ae05b1,UNKNOWN CALLSIGN,2025-06-17 16:09:21.610849,,63-8878,0401,100,52.355133,0.53095,KC-135R Stratotanker,284,144,False
ae20c9,RCH320,2025-06-17 16:09:21.610874,United States Air Force,07-7188,1747,24000,49.923168,9.99899,C-17A Globemaster,257,429,False
ae63bb,GOLD92,2025-06-17 16:09:21.610881,,20-46079,2641,36000,48.718017,18.032584,KC-46A Pegasus,305,453,False
3b7775,FAF4098,2025-06-17 16:09:21.610887,Force Aerienne Francaise,497,4317,25975,33.695068,32.974063,KC-135R Stratotanker,341,408,False
ae5fa6,GOLD42,2025-06-17 16:09:21.610892,,21-46059,7027,30000,43.7,24.3,KC-46A Pegasus,,,True
ae4d68,RCH289,2025-06-17 16:09:21.610897,United States Air Force,10-0215,3310,37000,31.1,31.6,C-17A Globemaster,,,True
ae5e0c,GOLD52,2025-06-17 16:09:21.610902,,17-46031,6457,38000,38.0,23.8,KC-46A Pegasus,,,True
ae63b7,GOLD72,2025-06-17 16:09:21.610907,,20-46075,2643,38000,43.5,23.4,KC-46A Pegasus,336,468,True
ae574f,GOLD32,2025-06-17 16:09:21.610911,,15-46009,6005,36000,43.7,24.0,KC-46A Pegasus,,,True
ae20c9,RCH320,2025-06-17 16:10:22.559576,United States Air Force,07-7188,1747,24000,49.89786,9.823402,C-17A Globemaster,255,432,False
ae63bb,GOLD92,2025-06-17 16:10:22.559593,,20-46079,2641,36000,48.789914,17.876432,KC-46A Pegasus,305,463,False
3b7775,FAF4098,2025-06-17 16:10:22.559599,Force Aerienne Francaise,497,4317,25925,33.80484,32.930173,KC-135R Stratotanker,341,408,False
ae5fa6,GOLD42,2025-06-17 16:10:22.559604,,21-46059,7027,30000,43.7,24.1,KC-46A Pegasus,,,True
ae05b1,UNKNOWN CALLSIGN,2025-06-17 16:10:22.559610,,63-8878,0401,175,52.7,1.2,KC-135R Stratotanker,281,164,True
ae4d68,RCH289,2025-06-17 16:10:22.559614,United States Air Force,10-0215,3310,37000,32.0,34.8,C-17A Globemaster,,,True
ae5e0c,GOLD52,2025-06-17 16:10:22.559619,,17-46031,6457,38000,38.0,23.8,KC-46A Pegasus,,,True
ae63b7,GOLD72,2025-06-17 16:10:22.559623,,20-46075,2643,38000,43.5,23.4,KC-46A Pegasus,336,466,True
ae574f,GOLD32,2025-06-17 16:10:22.559627,,15-46009,6005,36025,43.7,23.9,KC-46A Pegasus,,,True
ae05b1,UNKNOWN CALLSIGN,2025-06-17 16:11:23.253862,,63-8878,0401,1000,52.371159,0.39331,KC-135R Stratotanker,247,160,False
ae20c9,RCH320,2025-06-17 16:11:23.253884,United States Air Force,07-7188,1747,23675,49.869757,9.633848,C-17A Globemaster,260,443,False
ae63bb,GOLD92,2025-06-17 16:11:23.253893,,20-46079,2641,36000,48.864893,17.708003,KC-46A Pegasus,303,459,False
3b7775,FAF4098,2025-06-17 16:11:23.253898,Force Aerienne Francaise,497,4317,25950,33.913605,32.887349,KC-135R Stratotanker,341,407,False
ae5fa6,GOLD42,2025-06-17 16:11:23.253904,,21-46059,7027,30025,43.1,21.6,KC-46A Pegasus,,,True
ae4d68,RCH289,2025-06-17 16:11:23.253911,United States Air Force,10-0215,3310,37000,31.1,31.6,C-17A Globemaster,,,True
ae5e0c,GOLD52,2025-06-17 16:11:23.253916,,17-46031,6457,38000,38.0,23.8,KC-46A Pegasus,,,True
ae63b7,GOLD72,2025-06-17 16:11:23.253922,,20-46075,2643,38000,43.4,23.2,KC-46A Pegasus,336,464,True
ae574f,GOLD32,2025-06-17 16:11:23.253926,,15-46009,6005,36000,43.8,23.9,KC-46A Pegasus,,,True
ae05b1,UNKNOWN CALLSIGN,2025-06-17 16:12:24.244033,,63-8878,0401,1025,52.329257,0.411943,KC-135R Stratotanker,107,216,False
ae20c9,RCH320,2025-06-17 16:12:24.244053,United States Air Force,07-7188,1747,22475,49.840386,9.450401,C-17A Globemaster,255,419,False
ae63bb,GOLD92,2025-06-17 16:12:24.244060,,20-46079,2641,36000,48.921479,17.536378,KC-46A Pegasus,295,447,False
3b7775,FAF4098,2025-06-17 16:12:24.244065,Force Aerienne Francaise,497,4317,25975,34.023102,32.844749,KC-135R Stratotanker,342,407,False
ae5fa6,GOLD42,2025-06-17 16:12:24.244070,,21-46059,7027,30000,43.7,24.1,KC-46A Pegasus,,,True
ae4d68,RCH289,2025-06-17 16:12:24.244076,United States Air Force,10-0215,3310,37000,31.0,34.0,C-17A Globemaster,,,True
ae5e0c,GOLD52,2025-06-17 16:12:24.244080,,17-46031,6457,38000,38.0,23.7,KC-46A Pegasus,,,True
ae63b7,GOLD72,2025-06-17 16:12:24.244085,,20-46075,2643,38000,43.5,23.7,KC-46A Pegasus,336,464,True
ae574f,GOLD32,2025-06-17 16:12:24.244089,,15-46009,6005,36000,43.9,24.0,KC-46A Pegasus,,,True
ae05b1,UNKNOWN CALLSIGN,2025-06-17 16:13:24.931327,,63-8878,0401,950,52.322685,0.505506,KC-135R Stratotanker,94,190,False
ae20c9,RCH320,2025-06-17 16:13:24.931358,United States Air Force,07-7188,1747,21275,49.812391,9.271569,C-17A Globemaster,254,425,False
ae63bb,GOLD92,2025-06-17 16:13:24.931369,,20-46079,2641,36000,48.979494,17.365538,KC-46A Pegasus,297,440,False
3b7775,FAF4098,2025-06-17 16:13:24.931375,Force Aerienne Francaise,497,4317,25950,34.132462,32.802429,KC-135R Stratotanker,342,408,False
ae63b7,GOLD72,2025-06-17 16:13:24.931381,,20-46075,2643,38000,43.5,23.7,KC-46A Pegasus,336,462,True
ae5e0c,GOLD52,2025-06-17 16:13:24.931388,,17-46031,6457,38000,38.0,24.3,KC-46A Pegasus,,,True
ae5fa6,GOLD42,2025-06-17 16:13:24.931397,,21-46059,7027,30000,43.7,24.1,KC-46A Pegasus,,,True
ae4d68,RCH289,2025-06-17 16:13:24.931407,United States Air Force,10-0215,3310,37000,31.1,31.6,C-17A Globemaster,,,True
ae574f,GOLD32,2025-06-17 16:13:24.931412,,15-46009,6005,36000,44.6,24.1,KC-46A Pegasus,,,True
ae05b1,UNKNOWN CALLSIGN,2025-06-17 16:14:25.940081,,63-8878,0401,950,52.32085,0.583257,KC-135R Stratotanker,45,152,False
ae20c9,RCH320,2025-06-17 16:14:25.940111,United States Air Force,07-7188,1747,20075,49.786414,9.093837,C-17A Globemaster,256,407,False
ae63bb,GOLD82,2025-06-17 16:14:25.940123,,20-46079,2641,36000,49.039616,17.167918,KC-46A Pegasus,291,465,False
3b7775,FAF4098,2025-06-17 16:14:25.940129,Force Aerienne Francaise,497,4317,25975,34.242802,32.760086,KC-135R Stratotanker,342,408,False
ae5fa6,GOLD42,2025-06-17 16:14:25.940135,,21-46059,7027,30025,43.4,23.8,KC-46A Pegasus,,,True
ae4d68,RCH289,2025-06-17 16:14:25.940141,United States Air Force,10-0215,3310,37000,31.1,31.6,C-17A Globemaster,,,True
ae5e0c,GOLD52,2025-06-17 16:14:25.940147,,17-46031,6457,38000,38.0,24.3,KC-46A Pegasus,,,True
ae63b7,GOLD72,2025-06-17 16:14:25.940152,,20-46075,2643,38025,43.4,23.6,KC-46A Pegasus,336,460,True
ae574f,GOLD32,2025-06-17 16:14:25.940157,,15-46009,6005,36000,44.4,24.1,KC-46A Pegasus,,,True
ae05b1,UNKNOWN CALLSIGN,2025-06-17 16:15:26.615732,,63-8878,0401,400,52.351371,0.561048,KC-135R Stratotanker,282,134,False
ae20c9,RCH320,2025-06-17 16:15:26.615760,United States Air Force,07-7188,1747,18850,49.76186,8.929836,C-17A Globemaster,259,400,False
ae63bb,GOLD82,2025-06-17 16:15:26.615769,,20-46079,2641,36000,49.072399,17.0464,KC-46A Pegasus,292,464,False
3b7775,FAF4098,2025-06-17 16:15:26.615774,Force Aerienne Francaise,497,4317,25950,34.341027,32.698689,KC-135R Stratotanker,314,394,False
ae5fa6,GOLD42,2025-06-17 16:15:26.615779,,21-46059,7027,30025,43.1,21.6,KC-46A Pegasus,,,True
ae4d68,RCH289,2025-06-17 16:15:26.615784,United States Air Force,10-0215,3310,37000,31.0,34.0,C-17A Globemaster,,,True
ae5e0c,GOLD52,2025-06-17 16:15:26.615790,,17-46031,6457,38000,38.0,24.3,KC-46A Pegasus,,,True
ae63b7,GOLD72,2025-06-17 16:15:26.615795,,20-46075,2643,38000,43.6,23.8,KC-46A Pegasus,336,460,True
ae574f,GOLD32,2025-06-17 16:15:26.615800,,15-46009,6005,36000,44.6,24.1,KC-46A Pegasus,,,True
ae05b1,UNKNOWN CALLSIGN,2025-06-17 16:16:27.589638,,63-8878,0401,-250,52.355002,0.531267,KC-135R Stratotanker,283,130,False
ae20c9,RCH320,2025-06-17 16:16:27.589660,United States Air Force,07-7188,1747,17650,49.735751,8.765426,C-17A Globemaster,256,426,False
ae63bb,GOLD82,2025-06-17 16:16:27.589670,,20-46079,2641,36000,49.120998,16.8554,KC-46A Pegasus,291,457,False
3b7775,FAF4098,2025-06-17 16:16:27.589676,Force Aerienne Francaise,497,4317,25950,34.374219,32.578182,KC-135R Stratotanker,265,381,False
ae63b7,GOLD72,2025-06-17 16:16:27.589682,,20-46075,2643,38000,43.7,24.1,KC-46A Pegasus,336,458,True
ae5e0c,GOLD52,2025-06-17 16:16:27.589688,,17-46031,6457,38000,38.0,24.3,KC-46A Pegasus,,,True
ae5fa6,GOLD42,2025-06-17 16:16:27.589694,,21-46059,7027,30000,43.1,21.6,KC-46A Pegasus,,,True
ae4d68,RCH289,2025-06-17 16:16:27.589700,United States Air Force,10-0215,3310,37000,31.0,34.0,C-17A Globemaster,,,True
ae574f,GOLD32,2025-06-17 16:16:27.589705,,15-46009,6005,36000,44.7,24.1,KC-46A Pegasus,,,True
ae20c9,RCH320,2025-06-17 16:17:28.485816,United States Air Force,07-7188,1747,16425,49.711357,8.607818,C-17A Globemaster,257,403,False
ae63bb,GOLD92,2025-06-17 16:17:28.485834,,20-46079,2641,36000,49.180484,16.631321,KC-46A Pegasus,293,448,False
3b7775,FAF4098,2025-06-17 16:17:28.485839,Force Aerienne Francaise,497,4317,25950,34.319092,32.470485,KC-135R Stratotanker,215,389,False
ae63b7,GOLD72,2025-06-17 16:17:28.485844,,20-46075,2643,38000,43.8,23.8,KC-46A Pegasus,336,458,True
ae5e0c,GOLD52,2025-06-17 16:17:28.485849,,17-46031,6457,38000,38.0,24.3,KC-46A Pegasus,,,True
ae2fad,UNKNOWN CALLSIGN,2025-06-17 16:17:28.485853,United States Air Force,08-8201,Unavailable,Unavailable,43.0,29.4,C-17A Globemaster,,,True
ae5fa6,GOLD42,2025-06-17 16:17:28.485858,,21-46059,7027,30000,43.4,23.8,KC-46A Pegasus,,,True
ae4d68,RCH289,2025-06-17 16:17:28.485862,United States Air Force,10-0215,3310,37000,31.1,31.6,C-17A Globemaster,,,True
ae574f,GOLD32,2025-06-17 16:17:28.485866,,15-46009,6005,36000,45.0,24.1,KC-46A Pegasus,,,True
ae20c9,RCH320,2025-06-17 16:18:29.450906,United States Air Force,07-7188,1747,15975,49.682012,8.431872,C-17A Globemaster,256,384,False
ae63bb,GOLD92,2025-06-17 16:18:29.450928,,20-46079,2641,36000,49.230848,16.434722,KC-46A Pegasus,293,486,False
3b7775,FAF4098,2025-06-17 16:18:29.450935,Force Aerienne Francaise,497,4317,25975,34.211565,32.447948,KC-135R Stratotanker,168,407,False
ae5fa6,GOLD42,2025-06-17 16:18:29.450941,,21-46059,7027,30000,43.7,24.1,KC-46A Pegasus,,,True
ae4d68,RCH289,2025-06-17 16:18:29.450946,United States Air Force,10-0215,3310,37000,31.5,33.3,C-17A Globemaster,,,True
ae2fad,RCH313,2025-06-17 16:18:29.450973,United States Air Force,08-8201,2667,5125,43.1,26.2,C-17A Globemaster,,,True
ae5e0c,GOLD52,2025-06-17 16:18:29.450979,,17-46031,6457,38000,38.0,24.4,KC-46A Pegasus,,,True
ae63b7,GOLD72,2025-06-17 16:18:29.451008,,20-46075,2643,38000,43.7,23.9,KC-46A Pegasus,336,456,True
ae574f,GOLD32,2025-06-17 16:18:29.451013,,15-46009,6005,36025,44.7,24.1,KC-46A Pegasus,,,True
ae20c9,RCH320,2025-06-17 16:19:30.106223,United States Air Force,07-7188,1747,15975,49.655511,8.272397,C-17A Globemaster,256,390,False
ae63bb,GOLD92,2025-06-17 16:19:30.106242,,20-46079,2641,36000,49.277313,16.254463,KC-46A Pegasus,288,467,False
3b7775,FAF4098,2025-06-17 16:19:30.106248,Force Aerienne Francaise,497,4317,25975,34.100911,32.49218,KC-135R Stratotanker,161,410,False
ae63b7,GOLD72,2025-06-17 16:19:30.106253,,20-46075,2643,38000,43.8,23.8,KC-46A Pegasus,336,456,True
ae5e0c,GOLD52,2025-06-17 16:19:30.106259,,17-46031,6457,38000,38.0,24.4,KC-46A Pegasus,,,True
ae2fad,RCH313,2025-06-17 16:19:30.106264,United States Air Force,08-8201,2667,6325,43.0,29.4,C-17A Globemaster,,,True
ae5fa6,GOLD42,2025-06-17 16:19:30.106268,,21-46059,7027,30000,43.7,24.1,KC-46A Pegasus,,,True
ae4d68,RCH289,2025-06-17 16:19:30.106273,United States Air Force,10-0215,3310,37000,31.0,34.0,C-17A Globemaster,,,True
ae574f,GOLD32,2025-06-17 16:19:30.106277,,15-46009,6005,36000,44.6,24.1,KC-46A Pegasus,,,True
ae20c9,RCH320,2025-06-17 16:20:31.277248,United States Air Force,07-7188,1747,14150,49.630404,8.111222,C-17A Globemaster,256,372,False
ae63bb,GOLD92,2025-06-17 16:20:31.277267,,20-46079,2641,36025,49.325123,16.06496,KC-46A Pegasus,291,457,False
3b7775,FAF4098,2025-06-17 16:20:31.277292,Force Aerienne Francaise,497,4317,25950,33.992798,32.542289,KC-135R Stratotanker,157,416,False
ae63b7,GOLD72,2025-06-17 16:20:31.277314,,20-46075,2643,38000,43.7,23.9,KC-46A Pegasus,336,456,True
ae5e0c,GOLD52,2025-06-17 16:20:31.277319,,17-46031,6457,38000,38.0,24.0,KC-46A Pegasus,,,True
ae2fad,RCH313,2025-06-17 16:20:31.277323,United States Air Force,08-8201,2667,9050,43.0,29.4,C-17A Globemaster,,,True
ae5fa6,GOLD42,2025-06-17 16:20:31.277329,,21-46059,7027,30000,43.1,21.6,KC-46A Pegasus,,,True
ae4d68,RCH289,2025-06-17 16:20:31.277335,United States Air Force,10-0215,3310,37000,31.5,33.3,C-17A Globemaster,,,True
ae574f,GOLD32,2025-06-17 16:20:31.277339,,15-46009,6005,36025,45.3,24.0,KC-46A Pegasus,,,True
ae20c9,RCH320,2025-06-17 16:21:32.195013,United States Air Force,07-7188,1747,11650,49.604604,7.958475,C-17A Globemaster,256,376,False
ae63bb,GOLD92,2025-06-17 16:21:32.195042,,20-46079,2641,36000,49.370679,15.882604,KC-46A Pegasus,291,455,False
3b7775,FAF4098,2025-06-17 16:21:32.195050,Force Aerienne Francaise,497,4317,26250,33.879881,32.579498,KC-135R Stratotanker,188,418,False
ae5fa6,GOLD42,2025-06-17 16:21:32.195056,,21-46059,7027,30000,43.9,22.7,KC-46A Pegasus,,,True
ae4d68,RCH289,2025-06-17 16:21:32.195062,United States Air Force,10-0215,3310,37000,31.1,31.6,C-17A Globemaster,,,True
ae2fad,RCH313,2025-06-17 16:21:32.195069,United States Air Force,08-8201,2667,10575,43.1,26.2,C-17A Globemaster,,,True
ae5e0c,GOLD52,2025-06-17 16:21:32.195076,,17-46031,6457,38025,38.0,24.0,KC-46A Pegasus,,,True
ae63b7,GOLD72,2025-06-17 16:21:32.195081,,20-46075,2643,38025,44.4,24.1,KC-46A Pegasus,336,456,True
ae574f,GOLD32,2025-06-17 16:21:32.195085,,15-46009,6005,36000,45.5,24.0,KC-46A Pegasus,,,True
4b8202,ASENA21,2025-06-17 16:21:32.195091,Turkish Air Force,62-3567,2121,Unavailable,31.1,31.6,KC-135R Stratotanker,,,True
ae20c9,RCH320,2025-06-17 16:22:33.106756,United States Air Force,07-7188,1747,10000,49.579872,7.800103,C-17A Globemaster,257,359,False
ae63bb,GOLD92,2025-06-17 16:22:33.106776,,20-46079,2641,36000,49.417288,15.697833,KC-46A Pegasus,292,434,False
3b7775,FAF4098,2025-06-17 16:22:33.106782,Force Aerienne Francaise,497,4317,29250,33.809633,32.482738,KC-135R Stratotanker,265,400,False
ae5fa6,GOLD42,2025-06-17 16:22:33.106789,,21-46059,7027,30025,43.9,22.7,KC-46A Pegasus,,,True
ae4d68,RCH289,2025-06-17 16:22:33.106795,United States Air Force,10-0215,3310,37000,31.0,34.0,C-17A Globemaster,,,True
ae2fad,RCH313,2025-06-17 16:22:33.106800,United States Air Force,08-8201,2667,12850,43.0,29.4,C-17A Globemaster,,,True
ae5e0c,GOLD52,2025-06-17 16:22:33.106805,,17-46031,6457,38000,38.0,24.1,KC-46A Pegasus,,,True
ae63b7,GOLD72,2025-06-17 16:22:33.106810,,20-46075,2643,38000,44.2,24.1,KC-46A Pegasus,336,458,True
ae574f,GOLD32,2025-06-17 16:22:33.106814,,15-46009,6005,36000,48.6,17.6,KC-46A Pegasus,,,True
4b8202,ASENA21,2025-06-17 16:22:33.106819,Turkish Air Force,62-3567,2121,Unavailable,31.1,31.6,KC-135R Stratotanker,,,True
ae20c9,RCH320,2025-06-17 16:23:34.190339,United States Air Force,07-7188,1747,9500,49.558932,7.681249,C-17A Globemaster,255,292,False
ae63bb,GOLD92,2025-06-17 16:23:34.190388,,20-46079,2641,36025,49.463334,15.513586,KC-46A Pegasus,292,445,False
ae63b7,GOLD72,2025-06-17 16:23:34.190400,,20-46075,2643,38000,45.552979,22.21737,KC-46A Pegasus,336,459,False
3b7775,FAF4098,2025-06-17 16:23:34.190409,Force Aerienne Francaise,497,4317,31275,33.869872,32.371159,KC-135R Stratotanker,327,438,False
ae5e0c,GOLD52,2025-06-17 16:23:34.190418,,17-46031,6457,38000,38.0,24.0,KC-46A Pegasus,,,True
ae2fad,RCH313,2025-06-17 16:23:34.190427,United States Air Force,08-8201,2667,15175,43.1,26.2,C-17A Globemaster,,,True
ae5fa6,GOLD42,2025-06-17 16:23:34.190435,,21-46059,7027,30000,43.7,24.3,KC-46A Pegasus,,,True
ae4d68,RCH289,2025-06-17 16:23:34.190449,United States Air Force,10-0215,3310,37000,31.0,34.0,C-17A Globemaster,,,True
ae574f,GOLD32,2025-06-17 16:23:34.190457,,15-46009,6005,36000,47.9,19.5,KC-46A Pegasus,,,True
ae20c9,RCH320,2025-06-17 16:24:34.867549,United States Air Force,07-7188,1747,8175,49.539242,7.574294,C-17A Globemaster,251,266,False
ae63bb,GOLD92,2025-06-17 16:24:34.867568,,20-46079,2641,36025,49.509701,15.325237,KC-46A Pegasus,292,445,False
ae63b7,GOLD72,2025-06-17 16:24:34.867574,,20-46075,2643,38000,45.561187,22.212227,KC-46A Pegasus,336,458,False
3b7775,FAF4098,2025-06-17 16:24:34.867578,Force Aerienne Francaise,497,4317,31950,33.988586,32.301598,KC-135R Stratotanker,334,488,False
ae5e0c,GOLD52,2025-06-17 16:24:34.867584,,17-46031,6457,38000,38.0,24.1,KC-46A Pegasus,,,True
ae2fad,RCH313,2025-06-17 16:24:34.867588,United States Air Force,08-8201,2667,17200,43.0,29.4,C-17A Globemaster,,,True
ae5fa6,GOLD42,2025-06-17 16:24:34.867592,,21-46059,7027,30025,43.7,24.3,KC-46A Pegasus,,,True
ae4d68,RCH289,2025-06-17 16:24:34.867598,United States Air Force,10-0215,3310,37000,31.1,31.6,C-17A Globemaster,,,True
ae574f,GOLD32,2025-06-17 16:24:34.867602,,15-46009,6005,36025,47.6,19.8,KC-46A Pegasus,,,True
ae20c9,RCH320,2025-06-17 16:25:35.830428,United States Air Force,07-7188,1747,6200,49.52055,7.465237,C-17A Globemaster,259,237,False
ae63bb,GOLD92,2025-06-17 16:25:35.830448,,20-46079,2641,36025,49.55587,15.135068,KC-46A Pegasus,293,431,False
3b7775,FAF4098,2025-06-17 16:25:35.830454,Force Aerienne Francaise,497,4317,32050,34.114151,32.231028,KC-135R Stratotanker,334,493,False
ae5fa6,GOLD42,2025-06-17 16:25:35.830459,,21-46059,7027,30000,43.7,24.3,KC-46A Pegasus,,,True
ae4d68,RCH289,2025-06-17 16:25:35.830465,United States Air Force,10-0215,3310,37000,31.1,31.6,C-17A Globemaster,,,True
ae2fad,RCH313,2025-06-17 16:25:35.830469,United States Air Force,08-8201,2667,19275,43.1,26.2,C-17A Globemaster,,,True
ae5e0c,GOLD52,2025-06-17 16:25:35.830473,,17-46031,6457,38000,38.0,24.1,KC-46A Pegasus,,,True
ae63b7,GOLD72,2025-06-17 16:25:35.830480,,20-46075,2643,38000,44.8,24.1,KC-46A Pegasus,336,456,True
ae574f,GOLD32,2025-06-17 16:25:35.830483,,15-46009,6005,36000,48.4,18.5,KC-46A Pegasus,,,True
ae20c9,RCH320,2025-06-17 16:26:36.521586,United States Air Force,07-7188,1747,4875,49.501412,7.343997,C-17A Globemaster,251,269,False
ae63bb,GOLD82,2025-06-17 16:26:36.521624,,20-46079,2641,36000,49.581001,15.0301,KC-46A Pegasus,290,480,False
3b7775,FAF4098,2025-06-17 16:26:36.521631,Force Aerienne Francaise,497,4317,32000,34.239264,32.160416,KC-135R Stratotanker,334,494,False
ae63b7,GOLD72,2025-06-17 16:26:36.521640,,20-46075,2643,38000,44.7,24.1,KC-46A Pegasus,336,458,True
ae5e0c,GOLD52,2025-06-17 16:26:36.521647,,17-46031,6457,38000,38.0,23.6,KC-46A Pegasus,,,True
ae2fad,RCH313,2025-06-17 16:26:36.521655,United States Air Force,08-8201,2667,21100,43.0,29.4,C-17A Globemaster,,,True
ae5fa6,GOLD42,2025-06-17 16:26:36.521665,,21-46059,7027,30000,43.1,21.6,KC-46A Pegasus,,,True
ae4d68,RCH289,2025-06-17 16:26:36.521671,United States Air Force,10-0215,3310,37000,31.5,33.5,C-17A Globemaster,,,True
ae574f,GOLD32,2025-06-17 16:26:36.521676,,15-46009,6005,36000,47.6,17.7,KC-46A Pegasus,,,True
ae20c9,RCH320,2025-06-17 16:27:37.683539,United States Air Force,07-7188,1747,4725,49.487998,7.256117,C-17A Globemaster,264,240,False
ae63bb,GOLD92,2025-06-17 16:27:37.683559,,20-46079,2641,36000,49.64533,14.76134,KC-46A Pegasus,291,457,False
3b7775,FAF4098,2025-06-17 16:27:37.683565,Force Aerienne Francaise,497,4317,31975,34.366771,32.086372,KC-135R Stratotanker,328,490,False
ae63b7,GOLD72,2025-06-17 16:27:37.683571,,20-46075,2643,38000,45.0,24.0,KC-46A Pegasus,336,458,True
ae5e0c,GOLD52,2025-06-17 16:27:37.683576,,17-46031,6457,38000,38.0,23.5,KC-46A Pegasus,,,True
ae2fad,RCH313,2025-06-17 16:27:37.683580,United States Air Force,08-8201,2667,22525,43.0,29.4,C-17A Globemaster,,,True
ae5fa6,GOLD42,2025-06-17 16:27:37.683585,,21-46059,7027,30025,44.1,22.7,KC-46A Pegasus,,,True
ae4d68,RCH289,2025-06-17 16:27:37.683590,United States Air Force,10-0215,3310,37000,31.5,33.5,C-17A Globemaster,,,True
ae574f,GOLD32,2025-06-17 16:27:37.683594,,15-46009,6005,36000,48.7,17.8,KC-46A Pegasus,,,True
ae20c9,RCH320,2025-06-17 16:28:38.625265,United States Air Force,07-7188,1747,3975,49.435017,7.20009,C-17A Globemaster,203,165,False
ae63bb,GOLD92,2025-06-17 16:28:38.625289,,20-46079,2641,36000,49.688412,14.579211,KC-46A Pegasus,290,463,False
3b7775,FAF4098,2025-06-17 16:28:38.625297,Force Aerienne Francaise,497,4317,32000,34.43486,31.952054,KC-135R Stratotanker,284,469,False
ae63b7,GOLD72,2025-06-17 16:28:38.625304,,20-46075,2643,38000,45.0,24.1,KC-46A Pegasus,336,458,True
ae5e0c,GOLD52,2025-06-17 16:28:38.625309,,17-46031,6457,38000,38.0,23.5,KC-46A Pegasus,,,True
ae2fad,RCH313,2025-06-17 16:28:38.625314,United States Air Force,08-8201,2667,23800,43.0,29.4,C-17A Globemaster,,,True
ae5fa6,GOLD42,2025-06-17 16:28:38.625319,,21-46059,7027,30000,43.7,24.1,KC-46A Pegasus,,,True
ae4d68,RCH289,2025-06-17 16:28:38.625324,United States Air Force,10-0215,3310,37000,31.6,33.3,C-17A Globemaster,,,True
ae574f,GOLD32,2025-06-17 16:28:38.625331,,15-46009,6005,36000,49.1,17.2,KC-46A Pegasus,,,True
ae20c9,RCH320,2025-06-17 16:29:39.265821,United States Air Force,07-7188,1747,3725,49.433959,7.299934,C-17A Globemaster,162,272,False
ae63bb,GOLD92,2025-06-17 16:29:39.265841,,20-46079,2641,36000,49.732607,14.390913,KC-46A Pegasus,291,469,False
3b7775,FAF4098,2025-06-17 16:29:39.265847,Force Aerienne Francaise,497,4317,32000,34.462622,31.797352,KC-135R Stratotanker,281,469,False
ae5fa6,GOLD42,2025-06-17 16:29:39.265852,,21-46059,7027,30025,43.7,24.3,KC-46A Pegasus,,,True
ae4d68,RCH289,2025-06-17 16:29:39.265858,United States Air Force,10-0215,3310,37000,31.0,34.0,C-17A Globemaster,,,True
ae2fad,RCH313,2025-06-17 16:29:39.265863,United States Air Force,08-8201,2667,24675,43.0,29.4,C-17A Globemaster,,,True
ae5e0c,GOLD52,2025-06-17 16:29:39.265868,,17-46031,6457,38000,38.0,23.6,KC-46A Pegasus,,,True
ae63b7,GOLD72,2025-06-17 16:29:39.265873,,20-46075,2643,38000,45.0,24.0,KC-46A Pegasus,336,456,True
ae574f,GOLD32,2025-06-17 16:29:39.265878,,15-46009,6005,36000,48.9,17.4,KC-46A Pegasus,,,True
ae63bb,GOLD82,2025-06-17 16:30:39.964597,,20-46079,2641,36000,49.758999,14.281,KC-46A Pegasus,290,460,False
3b7775,FAF4098,2025-06-17 16:30:39.964613,Force Aerienne Francaise,497,4317,32000,34.489669,31.641254,KC-135R Stratotanker,281,468,False
ae63b7,GOLD72,2025-06-17 16:30:39.964619,,20-46075,2643,38000,45.3,24.0,KC-46A Pegasus,336,456,True
ae5e0c,GOLD52,2025-06-17 16:30:39.964624,,17-46031,6457,38000,39.9,23.6,KC-46A Pegasus,,,True
ae2fad,RCH313,2025-06-17 16:30:39.964629,United States Air Force,08-8201,2667,25625,43.0,29.4,C-17A Globemaster,,,True
ae5fa6,GOLD42,2025-06-17 16:30:39.964634,,21-46059,7027,30000,43.7,24.1,KC-46A Pegasus,,,True
ae4d68,RCH289,2025-06-17 16:30:39.964638,United States Air Force,10-0215,3310,37000,31.1,31.6,C-17A Globemaster,,,True
ae20c9,RCH320,2025-06-17 16:30:39.964642,United States Air Force,07-7188,1747,3325,49.3,8.0,C-17A Globemaster,,,True
ae574f,GOLD32,2025-06-17 16:30:39.964647,,15-46009,6005,36000,48.7,17.8,KC-46A Pegasus,,,True
ae63bb,GOLD82,2025-06-17 16:31:40.919277,,20-46079,2641,36000,49.803799,14.0856,KC-46A Pegasus,289,446,False
3b7775,FAF4098,2025-06-17 16:31:40.919301,Force Aerienne Francaise,497,4317,32000,34.516436,31.484642,KC-135R Stratotanker,281,469,False
ae63b7,GOLD72,2025-06-17 16:31:40.919311,,20-46075,2643,38000,45.6,23.8,KC-46A Pegasus,336,456,True
ae5e0c,GOLD52,2025-06-17 16:31:40.919318,,17-46031,6457,38000,38.0,23.6,KC-46A Pegasus,,,True
ae2fad,RCH313,2025-06-17 16:31:40.919324,United States Air Force,08-8201,2667,26575,43.1,26.2,C-17A Globemaster,,,True
ae5fa6,GOLD42,2025-06-17 16:31:40.919329,,21-46059,7027,30000,43.7,24.1,KC-46A Pegasus,,,True
ae4d68,RCH289,2025-06-17 16:31:40.919336,United States Air Force,10-0215,3310,37000,31.1,31.6,C-17A Globemaster,,,True
ae20c9,RCH320,2025-06-17 16:31:40.919341,United States Air Force,07-7188,1747,2600,49.3,7.8,C-17A Globemaster,,,True
ae574f,GOLD32,2025-06-17 16:31:40.919347,,15-46009,6005,36000,48.7,17.8,KC-46A Pegasus,,,True
ae63bb,GOLD82,2025-06-17 16:32:41.816711,,20-46079,2641,36000,49.8424,13.9177,KC-46A Pegasus,289,446,False
3b7775,FAF4098,2025-06-17 16:32:41.816730,Force Aerienne Francaise,497,4317,32000,34.542984,31.327571,KC-135R Stratotanker,281,472,False
ae63b7,GOLD72,2025-06-17 16:32:41.816737,,20-46075,2643,38000,46.2,22.4,KC-46A Pegasus,336,452,True
ae5e0c,GOLD52,2025-06-17 16:32:41.816743,,17-46031,6457,38000,39.9,23.6,KC-46A Pegasus,,,True
ae2fad,RCH313,2025-06-17 16:32:41.816748,United States Air Force,08-8201,2667,27450,43.7,24.1,C-17A Globemaster,,,True
ae5fa6,GOLD42,2025-06-17 16:32:41.816753,,21-46059,7027,30000,43.7,24.1,KC-46A Pegasus,,,True
ae4d68,RCH289,2025-06-17 16:32:41.816759,United States Air Force,10-0215,3310,37000,31.0,34.0,C-17A Globemaster,,,True
ae20c9,RCH320,2025-06-17 16:32:41.816763,United States Air Force,07-7188,1747,1850,49.0,7.9,C-17A Globemaster,,,True
ae574f,GOLD32,2025-06-17 16:32:41.816767,,15-46009,6005,36000,49.1,17.2,KC-46A Pegasus,,,True
ae63bb,GOLD82,2025-06-17 16:33:42.481940,,20-46079,2641,36000,49.888401,13.7116,KC-46A Pegasus,289,462,False
3b7775,FAF4098,2025-06-17 16:33:42.481962,Force Aerienne Francaise,497,4317,32000,34.569168,31.171128,KC-135R Stratotanker,281,475,False
ae20c9,RCH320,2025-06-17 16:33:42.481970,United States Air Force,07-7188,1747,1200,49.0,8.0,C-17A Globemaster,,,True
ae5fa6,GOLD42,2025-06-17 16:33:42.481976,,21-46059,7027,30000,43.7,24.3,KC-46A Pegasus,,,True
ae4d68,RCH289,2025-06-17 16:33:42.481983,United States Air Force,10-0215,3310,37000,31.7,33.3,C-17A Globemaster,,,True
ae2fad,RCH313,2025-06-17 16:33:42.481988,United States Air Force,08-8201,2667,28150,43.7,24.1,C-17A Globemaster,,,True
ae5e0c,GOLD52,2025-06-17 16:33:42.481996,,17-46031,6457,38000,38.0,23.9,KC-46A Pegasus,,,True
ae63b7,GOLD72,2025-06-17 16:33:42.482003,,20-46075,2643,38000,48.7,17.8,KC-46A Pegasus,316,452,True
ae574f,GOLD32,2025-06-17 16:33:42.482008,,15-46009,6005,36000,47.0,17.5,KC-46A Pegasus,,,True
ae63bb,GOLD82,2025-06-17 16:34:43.170289,,20-46079,2641,36000,49.947936,13.452202,KC-46A Pegasus,289,465,False
ae574f,GOLD32,2025-06-17 16:34:43.170309,,15-46009,6005,36000,47.581427,20.005032,KC-46A Pegasus,,,False
3b7775,FAF4098,2025-06-17 16:34:43.170315,Force Aerienne Francaise,497,4317,32000,34.595482,31.012287,KC-135R Stratotanker,281,476,False
ae20c9,RCH320,2025-06-17 16:34:43.170320,United States Air Force,07-7188,1747,575,49.0,8.0,C-17A Globemaster,,,True
ae5fa6,GOLD42,2025-06-17 16:34:43.170324,,21-46059,7027,30000,43.7,24.1,KC-46A Pegasus,,,True
ae4d68,RCH289,2025-06-17 16:34:43.170331,United States Air Force,10-0215,3310,37000,31.7,33.3,C-17A Globemaster,,,True
ae2fad,RCH313,2025-06-17 16:34:43.170335,United States Air Force,08-8201,2667,28875,43.0,29.4,C-17A Globemaster,,,True
ae5e0c,GOLD52,2025-06-17 16:34:43.170340,,17-46031,6457,38000,39.9,23.6,KC-46A Pegasus,,,True
ae63b7,GOLD72,2025-06-17 16:34:43.170345,,20-46075,2643,38000,48.5,17.9,KC-46A Pegasus,314,450,True
ae63bb,GOLD92,2025-06-17 16:35:44.046283,,20-46079,2641,36000,49.98913,13.271383,KC-46A Pegasus,291,472,False
ae574f,GOLD32,2025-06-17 16:35:44.046302,,15-46009,6005,36000,47.674865,19.848181,KC-46A Pegasus,312,440,False
3b7775,FAF4098,2025-06-17 16:35:44.046309,Force Aerienne Francaise,497,4317,32000,34.629465,30.855503,KC-135R Stratotanker,292,477,False
ae5fa6,GOLD42,2025-06-17 16:35:44.046316,,21-46059,7027,30000,43.7,24.3,KC-46A Pegasus,,,True
ae4d68,RCH289,2025-06-17 16:35:44.046323,United States Air Force,10-0215,3310,36975,31.5,34.9,C-17A Globemaster,,,True
ae2fad,RCH313,2025-06-17 16:35:44.046328,United States Air Force,08-8201,2667,29550,43.0,29.4,C-17A Globemaster,,,True
ae5e0c,GOLD52,2025-06-17 16:35:44.046333,,17-46031,6457,38000,39.9,23.6,KC-46A Pegasus,,,True
ae63b7,GOLD72,2025-06-17 16:35:44.046339,,20-46075,2643,38000,48.4,18.4,KC-46A Pegasus,314,448,True
ae63bb,GOLD82,2025-06-17 16:36:44.962279,,20-46079,2641,36000,50.0159,13.1437,KC-46A Pegasus,287,442,False
ae574f,GOLD32,2025-06-17 16:36:44.962302,,15-46009,6005,36000,47.760756,19.70133,KC-46A Pegasus,312,428,False
3b7775,FAF4098,2025-06-17 16:36:44.962308,Force Aerienne Francaise,497,4317,32000,34.687748,30.707073,KC-135R Stratotanker,295,480,False
ae63b7,GOLD72,2025-06-17 16:36:44.962314,,20-46075,2643,38025,49.1,17.2,KC-46A Pegasus,314,448,True
ae5e0c,GOLD52,2025-06-17 16:36:44.962318,,17-46031,6457,38000,38.0,24.0,KC-46A Pegasus,,,True
ae2fad,RCH313,2025-06-17 16:36:44.962324,United States Air Force,08-8201,2667,30500,43.7,24.3,C-17A Globemaster,,,True
ae5fa6,GOLD42,2025-06-17 16:36:44.962329,,21-46059,7027,30025,43.7,24.3,KC-46A Pegasus,,,True
ae4d68,RCH289,2025-06-17 16:36:44.962334,United States Air Force,10-0215,3310,35050,31.4,32.3,C-17A Globemaster,,,True
ae63bb,GOLD92,2025-06-17 16:37:45.644616,,20-46079,2641,36000,50.073538,12.883835,KC-46A Pegasus,290,456,False
ae574f,GOLD32,2025-06-17 16:37:45.644636,,15-46009,6005,36000,47.848851,19.544774,KC-46A Pegasus,310,498,False
3b7775,FAF4098,2025-06-17 16:37:45.644642,Force Aerienne Francaise,497,4317,32000,34.74673,30.559216,KC-135R Stratotanker,295,479,False
ae63b7,GOLD72,2025-06-17 16:37:45.644647,,20-46075,2643,38000,49.1,17.2,KC-46A Pegasus,314,448,True
ae5e0c,GOLD52,2025-06-17 16:37:45.644652,,17-46031,6457,38000,39.8,23.0,KC-46A Pegasus,,,True
ae2fad,RCH313,2025-06-17 16:37:45.644657,United States Air Force,08-8201,2667,31325,44.1,22.7,C-17A Globemaster,,,True
ae5fa6,GOLD42,2025-06-17 16:37:45.644662,,21-46059,7027,30000,43.7,24.3,KC-46A Pegasus,,,True
ae4d68,RCH289,2025-06-17 16:37:45.644667,United States Air Force,10-0215,3310,33075,31.5,34.9,C-17A Globemaster,,,True
ae63bb,GOLD92,2025-06-17 16:38:46.341676,,20-46079,2641,36000,50.112732,12.702008,KC-46A Pegasus,288,440,False
ae574f,GOLD32,2025-06-17 16:38:46.341696,,15-46009,6005,36000,47.935172,19.398508,KC-46A Pegasus,311,469,False
ae63b7,GOLD72,2025-06-17 16:38:46.341703,,20-46075,2643,38000,47.150883,20.849689,KC-46A Pegasus,314,452,False
3b7775,FAF4098,2025-06-17 16:38:46.341710,Force Aerienne Francaise,497,4317,32000,34.804413,30.413856,KC-135R Stratotanker,295,479,False
ae5fa6,GOLD42,2025-06-17 16:38:46.341716,,21-46059,7027,30000,43.7,24.3,KC-46A Pegasus,,,True
ae4d68,RCH289,2025-06-17 16:38:46.341723,United States Air Force,10-0215,3310,31100,31.0,34.0,C-17A Globemaster,,,True
ae2fad,RCH313,2025-06-17 16:38:46.341729,United States Air Force,08-8201,2667,31850,43.7,24.3,C-17A Globemaster,,,True
ae5e0c,GOLD52,2025-06-17 16:38:46.341735,,17-46031,6457,38000,38.5,23.0,KC-46A Pegasus,,,True
ae63bb,GOLD92,2025-06-17 16:39:47.305768,,20-46079,2641,36000,50.152981,12.515309,KC-46A Pegasus,289,452,False
ae574f,GOLD32,2025-06-17 16:39:47.305785,,15-46009,6005,36025,48.01423,19.255339,KC-46A Pegasus,310,478,False
ae63b7,GOLD72,2025-06-17 16:39:47.305791,,20-46075,2643,38000,47.222429,20.702357,KC-46A Pegasus,314,458,False
3b7775,FAF4098,2025-06-17 16:39:47.305796,Force Aerienne Francaise,497,4317,32000,34.862598,30.266647,KC-135R Stratotanker,295,479,False
ae5fa6,GOLD42,2025-06-17 16:39:47.305803,,21-46059,7027,30000,45.5,24.0,KC-46A Pegasus,,,True
ae4d68,RCH289,2025-06-17 16:39:47.305809,United States Air Force,10-0215,3310,29025,31.1,31.6,C-17A Globemaster,,,True
ae2fad,RCH313,2025-06-17 16:39:47.305814,United States Air Force,08-8201,2667,32000,43.9,22.7,C-17A Globemaster,,,True
ae5e0c,GOLD52,2025-06-17 16:39:47.305819,,17-46031,6457,38000,39.8,23.0,KC-46A Pegasus,,,True
ae63bb,GOLD82,2025-06-17 16:40:23.728714,,20-46079,2641,36000,50.1633,12.4655,KC-46A Pegasus,287,439,False
ae574f,GOLD32,2025-06-17 16:40:23.728734,,15-46009,6005,36000,48.067249,19.160838,KC-46A Pegasus,310,439,False
ae63b7,GOLD72,2025-06-17 16:40:23.728741,,20-46075,2643,38000,47.297013,20.592544,KC-46A Pegasus,314,462,False
3b7775,FAF4098,2025-06-17 16:40:23.728747,Force Aerienne Francaise,497,4317,32000,34.89849,30.175323,KC-135R Stratotanker,295,478,False
ae5fa6,GOLD42,2025-06-17 16:40:23.728754,,21-46059,7027,30000,45.5,24.0,KC-46A Pegasus,,,True
ae4d68,RCH289,2025-06-17 16:40:23.728761,United States Air Force,10-0215,3310,27825,31.1,31.6,C-17A Globemaster,,,True
ae2fad,RCH313,2025-06-17 16:40:23.728766,United States Air Force,08-8201,2667,32000,44.7,25.5,C-17A Globemaster,,,True
ae5e0c,GOLD52,2025-06-17 16:40:23.728771,,17-46031,6457,38000,38.0,23.8,KC-46A Pegasus,,,True
ae63bb,GOLD82,2025-06-17 16:41:24.710191,,20-46079,3110,35950,50.1954,12.2758,KC-46A Pegasus,283,472,False
ae574f,GOLD32,2025-06-17 16:41:24.710209,,15-46009,6005,36000,48.151171,19.014172,KC-46A Pegasus,310,486,False
ae63b7,GOLD72,2025-06-17 16:41:24.710216,,20-46075,2643,38025,47.355999,20.505129,KC-46A Pegasus,314,466,False
3b7775,FAF4098,2025-06-17 16:41:24.710223,Force Aerienne Francaise,497,4317,32000,34.955795,30.026756,KC-135R Stratotanker,292,478,False
ae5fa6,GOLD42,2025-06-17 16:41:24.710230,,21-46059,7027,30000,45.5,24.0,KC-46A Pegasus,,,True
ae4d68,RCH289,2025-06-17 16:41:24.710237,United States Air Force,10-0215,3310,26025,31.0,34.0,C-17A Globemaster,,,True
ae2fad,RCH313,2025-06-17 16:41:24.710242,United States Air Force,08-8201,2667,32000,43.7,24.1,C-17A Globemaster,,,True
ae5e0c,GOLD52,2025-06-17 16:41:24.710248,,17-46031,6457,38000,39.9,23.6,KC-46A Pegasus,,,True
ae63bb,GOLD82,2025-06-17 16:42:25.398192,,20-46079,3110,34650,50.189899,12.0633,KC-46A Pegasus,270,454,False
ae574f,GOLD32,2025-06-17 16:42:25.398210,,15-46009,6005,36000,48.228343,18.878479,KC-46A Pegasus,312,462,False
3b7775,FAF4098,2025-06-17 16:42:25.398218,Force Aerienne Francaise,497,4317,32000,34.97168,29.867342,KC-135R Stratotanker,273,477,False
ae5fa6,GOLD42,2025-06-17 16:42:25.398225,,21-46059,7027,30000,45.5,24.0,KC-46A Pegasus,,,True
ae4d68,RCH289,2025-06-17 16:42:25.398233,United States Air Force,10-0215,3310,25975,31.0,34.0,C-17A Globemaster,,,True
ae2fad,RCH313,2025-06-17 16:42:25.398238,United States Air Force,08-8201,2667,32000,43.7,24.3,C-17A Globemaster,,,True
ae5e0c,GOLD52,2025-06-17 16:42:25.398244,,17-46031,6457,38000,39.8,23.0,KC-46A Pegasus,,,True
ae63b7,GOLD72,2025-06-17 16:42:25.398251,,20-46075,2643,38000,48.4,18.7,KC-46A Pegasus,314,454,True
ae63bb,GOLD82,2025-06-17 16:43:26.130209,,20-46079,3110,33350,50.1889,11.8679,KC-46A Pegasus,269,453,False
ae574f,GOLD32,2025-06-17 16:43:26.130227,,15-46009,6005,36025,48.320041,18.711365,KC-46A Pegasus,309,481,False
ae63b7,GOLD72,2025-06-17 16:43:26.130234,,20-46075,2643,38025,47.540531,20.219856,KC-46A Pegasus,314,446,False
3b7775,FAF4098,2025-06-17 16:43:26.130240,Force Aerienne Francaise,497,4317,32000,34.9787,29.7048,KC-135R Stratotanker,272,478,False
ae5e0c,GOLD52,2025-06-17 16:43:26.130248,,17-46031,6457,38025,38.5,22.9,KC-46A Pegasus,,,True
ae2fad,RCH313,2025-06-17 16:43:26.130255,United States Air Force,08-8201,2667,32000,43.4,23.8,C-17A Globemaster,,,True
ae5fa6,GOLD42,2025-06-17 16:43:26.130261,,21-46059,7027,30025,45.5,24.0,KC-46A Pegasus,,,True
ae4d68,RCH289,2025-06-17 16:43:26.130268,United States Air Force,10-0215,3310,26000,31.0,34.0,C-17A Globemaster,,,True
ae63bb,GOLD82,2025-06-17 16:44:27.082270,,20-46079,3110,31325,50.187401,11.685,KC-46A Pegasus,269,466,False
ae574f,GOLD32,2025-06-17 16:44:27.082288,,15-46009,6005,36000,48.401281,18.564844,KC-46A Pegasus,309,452,False
ae63b7,GOLD72,2025-06-17 16:44:27.082295,,20-46075,2643,38000,47.664003,20.032436,KC-46A Pegasus,314,448,False
3b7775,FAF4098,2025-06-17 16:44:27.082302,Force Aerienne Francaise,497,4317,32000,34.985357,29.53949,KC-135R Stratotanker,272,479,False
ae5fa6,GOLD42,2025-06-17 16:44:27.082308,,21-46059,7027,30025,45.5,24.0,KC-46A Pegasus,,,True
ae4d68,RCH289,2025-06-17 16:44:27.082316,United States Air Force,10-0215,3310,26000,31.0,34.0,C-17A Globemaster,,,True
ae2fad,RCH313,2025-06-17 16:44:27.082321,United States Air Force,08-8201,2667,32000,43.9,22.7,C-17A Globemaster,,,True
ae5e0c,GOLD52,2025-06-17 16:44:27.082327,,17-46031,6457,38000,38.0,23.5,KC-46A Pegasus,,,True
ae63bb,GOLD82,2025-06-17 16:45:28.183321,,20-46079,3110,29100,50.184101,11.4867,KC-46A Pegasus,266,450,False
ae574f,GOLD32,2025-06-17 16:45:28.183339,,15-46009,6005,36000,48.4863,18.409155,KC-46A Pegasus,309,447,False
ae63b7,GOLD72,2025-06-17 16:45:28.183346,,20-46075,2643,38000,47.739074,19.916896,KC-46A Pegasus,314,450,False
3b7775,FAF4098,2025-06-17 16:45:28.183352,Force Aerienne Francaise,497,4317,32000,34.991641,29.375668,KC-135R Stratotanker,272,480,False
ae5e0c,GOLD52,2025-06-17 16:45:28.183360,,17-46031,6457,38000,39.9,23.6,KC-46A Pegasus,,,True
ae2fad,RCH313,2025-06-17 16:45:28.183366,United States Air Force,08-8201,2667,32000,43.7,24.3,C-17A Globemaster,,,True
ae5fa6,GOLD42,2025-06-17 16:45:28.183372,,21-46059,7027,30000,45.5,24.0,KC-46A Pegasus,,,True
ae4d68,RCH289,2025-06-17 16:45:28.183378,United States Air Force,10-0215,3310,26025,31.0,34.0,C-17A Globemaster,,,True
ae63bb,GOLD82,2025-06-17 16:46:29.322839,,20-46079,3110,27200,50.149502,11.2771,KC-46A Pegasus,256,453,False
ae574f,GOLD32,2025-06-17 16:46:29.322857,,15-46009,6005,36000,48.565738,18.265576,KC-46A Pegasus,311,471,False
ae63b7,GOLD72,2025-06-17 16:46:29.322864,,20-46075,2643,38000,47.833952,19.772915,KC-46A Pegasus,313,450,False
3b7775,FAF4098,2025-06-17 16:46:29.322871,Force Aerienne Francaise,497,4317,32000,34.997726,29.212478,KC-135R Stratotanker,272,480,False
ae5e0c,GOLD52,2025-06-17 16:46:29.322879,,17-46031,6457,38000,39.9,23.6,KC-46A Pegasus,,,True
ae10b5,UNKNOWN CALLSIGN,2025-06-17 16:46:29.322885,United States Air Force,01-0186,Unavailable,Unavailable,54.7,-6.6,C-17A Globemaster,,,True
ae2fad,RCH313,2025-06-17 16:46:29.322891,United States Air Force,08-8201,2667,32000,43.7,24.3,C-17A Globemaster,,,True
ae5fa6,GOLD42,2025-06-17 16:46:29.322897,,21-46059,7027,30000,47.8,17.5,KC-46A Pegasus,,,True
ae4d68,RCH289,2025-06-17 16:46:29.322904,United States Air Force,10-0215,3310,26025,31.0,34.0,C-17A Globemaster,,,True
ae63bb,GOLD82,2025-06-17 16:47:30.467673,,20-46079,3110,24900,50.123299,11.0949,KC-46A Pegasus,257,420,False
ae574f,GOLD32,2025-06-17 16:47:30.467691,,15-46009,6005,36000,48.649736,18.110413,KC-46A Pegasus,310,454,False
ae63b7,GOLD72,2025-06-17 16:47:30.467698,,20-46075,2643,38000,47.919178,19.637448,KC-46A Pegasus,313,450,False
3b7775,FAF4098,2025-06-17 16:47:30.467705,Force Aerienne Francaise,497,4317,32000,35.003632,29.047179,KC-135R Stratotanker,272,481,False
ae5e0c,GOLD52,2025-06-17 16:47:30.467713,,17-46031,6457,38000,38.5,23.0,KC-46A Pegasus,,,True
ae10b5,RCH321,2025-06-17 16:47:30.467719,United States Air Force,01-0186,1144,33000,54.7,-6.6,C-17A Globemaster,,,True
ae2fad,RCH313,2025-06-17 16:47:30.467725,United States Air Force,08-8201,2667,32000,43.7,24.3,C-17A Globemaster,,,True
ae5fa6,GOLD42,2025-06-17 16:47:30.467730,,21-46059,7027,30025,45.5,24.0,KC-46A Pegasus,,,True
ae4d68,RCH289,2025-06-17 16:47:30.467736,United States Air Force,10-0215,3310,26025,31.0,34.0,C-17A Globemaster,,,True
ae63bb,GOLD82,2025-06-17 16:48:31.195954,,20-46079,3110,24050,50.101601,10.9403,KC-46A Pegasus,257,421,False
ae574f,GOLD32,2025-06-17 16:48:31.195969,,15-46009,6005,36000,48.727382,17.966723,KC-46A Pegasus,309,471,False
ae63b7,GOLD72,2025-06-17 16:48:31.195976,,20-46075,2643,38000,48.003766,19.505413,KC-46A Pegasus,313,450,False
3b7775,FAF4098,2025-06-17 16:48:31.195982,Force Aerienne Francaise,497,4317,32000,35.009098,28.88792,KC-135R Stratotanker,272,481,False
ae5fa6,GOLD42,2025-06-17 16:48:31.195987,,21-46059,7027,30000,49.1,17.2,KC-46A Pegasus,,,True
ae4d68,RCH289,2025-06-17 16:48:31.195993,United States Air Force,10-0215,3310,26000,31.0,34.0,C-17A Globemaster,,,True
ae2fad,RCH313,2025-06-17 16:48:31.195997,United States Air Force,08-8201,2667,32000,43.7,24.1,C-17A Globemaster,,,True
ae5e0c,GOLD52,2025-06-17 16:48:31.196002,,17-46031,6457,38000,39.9,23.6,KC-46A Pegasus,,,True
ae10b5,RCH321,2025-06-17 16:48:31.196007,United States Air Force,01-0186,1144,33000,54.7,-6.6,C-17A Globemaster,,,True
ae63bb,GOLD82,2025-06-17 16:49:31.880788,,20-46079,3110,24000,50.073002,10.7624,KC-46A Pegasus,257,442,False
ae574f,GOLD32,2025-06-17 16:49:31.880805,,15-46009,6005,36000,48.81112,17.810687,KC-46A Pegasus,309,454,False
ae63b7,GOLD72,2025-06-17 16:49:31.880812,,20-46075,2643,38000,48.092134,19.36037,KC-46A Pegasus,308,452,False
3b7775,FAF4098,2025-06-17 16:49:31.880818,Force Aerienne Francaise,497,4317,32000,35.014664,28.717421,KC-135R Stratotanker,272,480,False
ae5fa6,GOLD42,2025-06-17 16:49:31.880824,,21-46059,7027,30000,45.5,24.0,KC-46A Pegasus,,,True
ae4d68,RCH289,2025-06-17 16:49:31.880830,United States Air Force,10-0215,3310,25350,31.0,34.0,C-17A Globemaster,,,True
ae2fad,RCH313,2025-06-17 16:49:31.880834,United States Air Force,08-8201,2667,32000,43.7,24.3,C-17A Globemaster,,,True
ae5e0c,GOLD52,2025-06-17 16:49:31.880839,,17-46031,6457,38000,38.5,23.0,KC-46A Pegasus,,,True
ae10b5,RCH321,2025-06-17 16:49:31.880844,United States Air Force,01-0186,1144,33000,54.7,-6.3,C-17A Globemaster,,,True
ae63bb,GOLD92,2025-06-17 16:50:33.114911,,20-46079,3110,24025,50.035709,10.509251,KC-46A Pegasus,256,432,False
ae574f,GOLD32,2025-06-17 16:50:33.114927,,15-46009,6005,36000,48.883808,17.654462,KC-46A Pegasus,297,466,False
ae63b7,GOLD72,2025-06-17 16:50:33.114935,,20-46075,2643,38000,48.161756,19.220489,KC-46A Pegasus,305,452,False
3b7775,FAF4098,2025-06-17 16:50:33.114941,Force Aerienne Francaise,497,4317,32000,35.018967,28.578243,KC-135R Stratotanker,272,481,False
ae5e0c,GOLD52,2025-06-17 16:50:33.114949,,17-46031,6457,38025,39.8,23.0,KC-46A Pegasus,,,True
ae10b5,RCH321,2025-06-17 16:50:33.114954,United States Air Force,01-0186,1144,33000,53.7,-5.1,C-17A Globemaster,,,True
ae2fad,RCH313,2025-06-17 16:50:33.114960,United States Air Force,08-8201,2667,32000,47.2,25.5,C-17A Globemaster,,,True
ae5fa6,GOLD42,2025-06-17 16:50:33.114965,,21-46059,7027,30025,45.5,24.0,KC-46A Pegasus,,,True
ae4d68,RCH289,2025-06-17 16:50:33.114973,United States Air Force,10-0215,3310,23400,31.0,34.0,C-17A Globemaster,,,True
ae63bb,GOLD82,2025-06-17 16:51:33.880685,,20-46079,3110,24000,50.009182,10.333876,KC-46A Pegasus,256,428,False
ae574f,GOLD32,2025-06-17 16:51:33.880702,,15-46009,6005,36000,48.941616,17.481203,KC-46A Pegasus,297,457,False
ae63b7,GOLD72,2025-06-17 16:51:33.880710,,20-46075,2643,38000,48.243844,19.049853,KC-46A Pegasus,305,452,False
3b7775,FAF4098,2025-06-17 16:51:33.880716,Force Aerienne Francaise,497,4317,32000,35.023865,28.414961,KC-135R Stratotanker,268,481,False
ae5fa6,GOLD42,2025-06-17 16:51:33.880722,,21-46059,7027,30025,48.0,19.5,KC-46A Pegasus,,,True
ae4d68,RCH289,2025-06-17 16:51:33.880729,United States Air Force,10-0215,3310,21575,31.0,34.0,C-17A Globemaster,,,True
ae2fad,RCH313,2025-06-17 16:51:33.880735,United States Air Force,08-8201,2667,32000,43.7,24.3,C-17A Globemaster,,,True
ae5e0c,GOLD52,2025-06-17 16:51:33.880740,,17-46031,6457,38000,39.8,23.0,KC-46A Pegasus,,,True
ae10b5,RCH321,2025-06-17 16:51:33.880745,United States Air Force,01-0186,1144,32975,54.7,-6.5,C-17A Globemaster,,,True
ae63bb,GOLD92,2025-06-17 16:52:34.869810,,20-46079,3110,24000,49.978829,10.140233,KC-46A Pegasus,256,422,False
ae574f,GOLD32,2025-06-17 16:52:34.869829,,15-46009,6005,36000,48.999303,17.304677,KC-46A Pegasus,296,456,False
ae63b7,GOLD72,2025-06-17 16:52:34.869837,,20-46075,2643,38025,48.315655,18.897195,KC-46A Pegasus,305,452,False
3b7775,FAF4098,2025-06-17 16:52:34.869843,Force Aerienne Francaise,497,4317,32000,35.028511,28.251629,KC-135R Stratotanker,271,482,False
ae5fa6,GOLD42,2025-06-17 16:52:34.869850,,21-46059,7027,30000,48.0,19.5,KC-46A Pegasus,,,True
ae4d68,RCH289,2025-06-17 16:52:34.869857,United States Air Force,10-0215,3310,19975,31.0,34.0,C-17A Globemaster,,,True
ae2fad,RCH313,2025-06-17 16:52:34.869862,United States Air Force,08-8201,2667,32000,43.7,24.1,C-17A Globemaster,,,True
ae5e0c,GOLD52,2025-06-17 16:52:34.869867,,17-46031,6457,38000,40.7,26.8,KC-46A Pegasus,,,True
ae10b5,RCH321,2025-06-17 16:52:34.869873,United States Air Force,01-0186,1144,33000,54.7,-6.5,C-17A Globemaster,,,True
ae10b5,RCH321,2025-06-17 16:53:35.533150,United States Air Force,01-0186,1144,33000,55.656513,-7.304188,C-17A Globemaster,,,False
ae63bb,GOLD82,2025-06-17 16:53:35.533171,,20-46079,3110,24000,49.957001,10.0054,KC-46A Pegasus,257,418,False
ae574f,GOLD32,2025-06-17 16:53:35.533178,,15-46009,6005,36000,49.052184,17.118947,KC-46A Pegasus,290,482,False
ae63b7,GOLD72,2025-06-17 16:53:35.533184,,20-46075,2643,38025,48.388306,18.744389,KC-46A Pegasus,305,452,False
3b7775,FAF4098,2025-06-17 16:53:35.533189,Force Aerienne Francaise,497,4317,32000,35.030365,28.182958,KC-135R Stratotanker,271,482,False
ae5fa6,GOLD42,2025-06-17 16:53:35.533194,,21-46059,7027,30000,47.8,18.1,KC-46A Pegasus,,,True
ae2fad,RCH313,2025-06-17 16:53:35.533201,United States Air Force,08-8201,2667,32000,43.9,22.7,C-17A Globemaster,,,True
ae5e0c,GOLD52,2025-06-17 16:53:35.533206,,17-46031,6457,38000,40.7,26.8,KC-46A Pegasus,,,True
ae10b5,RCH321,2025-06-17 16:54:36.682861,United States Air Force,01-0186,1144,32975,55.623587,-6.99561,C-17A Globemaster,,,False
ae63bb,GOLD82,2025-06-17 16:54:36.682883,,20-46079,3110,24000,49.9338,9.85,KC-46A Pegasus,256,438,False
ae574f,GOLD32,2025-06-17 16:54:36.682891,,15-46009,6005,36025,49.098635,16.943629,KC-46A Pegasus,291,463,False
ae63b7,GOLD72,2025-06-17 16:54:36.682897,,20-46075,2643,38000,48.46203,18.585464,KC-46A Pegasus,305,452,False
3b7775,FAF4098,2025-06-17 16:54:36.682903,Force Aerienne Francaise,497,4317,32000,35.034988,28.005944,KC-135R Stratotanker,,,False
ae5fa6,GOLD42,2025-06-17 16:54:36.682909,,21-46059,7027,30000,47.9,19.7,KC-46A Pegasus,,,True
ae2fad,RCH313,2025-06-17 16:54:36.682916,United States Air Force,08-8201,2667,32000,43.7,24.1,C-17A Globemaster,,,True
ae5e0c,GOLD52,2025-06-17 16:54:36.682921,,17-46031,6457,38000,40.7,26.8,KC-46A Pegasus,,,True
ae10b5,RCH321,2025-06-17 16:55:37.375048,United States Air Force,01-0186,1144,32975,55.588079,-6.737891,C-17A Globemaster,105,571,False
ae63bb,GOLD82,2025-06-17 16:55:37.375069,,20-46079,3110,24000,49.895264,9.60948,KC-46A Pegasus,257,424,False
ae574f,GOLD32,2025-06-17 16:55:37.375077,,15-46009,6005,36000,49.147232,16.756929,KC-46A Pegasus,293,445,False
ae63b7,GOLD72,2025-06-17 16:55:37.375083,,20-46075,2643,38025,48.534622,18.430705,KC-46A Pegasus,305,452,False
ae5fa6,GOLD42,2025-06-17 16:55:37.375088,,21-46059,7027,30000,47.558272,20.195702,KC-46A Pegasus,,,False
3b7775,FAF4098,2025-06-17 16:55:37.375094,Force Aerienne Francaise,497,4317,Unavailable,35.7,30.9,KC-135R Stratotanker,,,True
ae2fad,RCH313,2025-06-17 16:55:37.375101,United States Air Force,08-8201,2667,32000,47.2,25.5,C-17A Globemaster,,,True
ae5e0c,GOLD52,2025-06-17 16:55:37.375106,,17-46031,6457,38000,39.8,23.0,KC-46A Pegasus,,,True
ae10b5,RCH321,2025-06-17 16:56:38.067235,United States Air Force,01-0186,1144,33000,55.553294,-6.484378,C-17A Globemaster,105,567,False
ae63bb,GOLD82,2025-06-17 16:56:38.067253,,20-46079,3110,24000,49.867105,9.438133,KC-46A Pegasus,257,430,False
ae574f,GOLD32,2025-06-17 16:56:38.067259,,15-46009,6005,36000,49.193374,16.574227,KC-46A Pegasus,291,458,False
ae63b7,GOLD72,2025-06-17 16:56:38.067264,,20-46075,2643,38000,48.604492,18.282987,KC-46A Pegasus,305,452,False
ae5fa6,GOLD42,2025-06-17 16:56:38.067268,,21-46059,7027,30025,47.622838,20.093959,KC-46A Pegasus,,,False
3b7775,FAF4098,2025-06-17 16:56:38.067273,Force Aerienne Francaise,497,4317,32000,36.9,27.5,KC-135R Stratotanker,271,480,True
ae2fad,RCH313,2025-06-17 16:56:38.067278,United States Air Force,08-8201,2667,32000,45.5,24.0,C-17A Globemaster,,,True
ae5e0c,GOLD52,2025-06-17 16:56:38.067282,,17-46031,6457,38000,43.7,24.1,KC-46A Pegasus,,,True
ae10b5,RCH321,2025-06-17 16:57:38.786471,United States Air Force,01-0186,1144,33000,55.510784,-6.202801,C-17A Globemaster,105,557,False
ae63bb,GOLD82,2025-06-17 16:57:38.786495,,20-46079,3110,24025,49.8419,9.284,KC-46A Pegasus,255,424,False
ae574f,GOLD32,2025-06-17 16:57:38.786502,,15-46009,6005,36000,49.2248,16.4589,KC-46A Pegasus,291,460,False
ae63b7,GOLD72,2025-06-17 16:57:38.786508,,20-46075,2643,38000,48.679408,18.116848,KC-46A Pegasus,305,452,False
ae5fa6,GOLD42,2025-06-17 16:57:38.786527,,21-46059,7027,30000,47.761985,19.8758,KC-46A Pegasus,319,563,False
3b7775,FAF4098,2025-06-17 16:57:38.786534,Force Aerienne Francaise,497,4317,32000,37.6,25.7,KC-135R Stratotanker,271,482,True
ae5e0c,GOLD52,2025-06-17 16:57:38.786541,,17-46031,6457,38000,40.7,26.8,KC-46A Pegasus,,,True
ae2fad,RCH313,2025-06-17 16:57:38.786547,United States Air Force,08-8201,2667,32000,43.7,24.3,C-17A Globemaster,,,True
ae10b5,RCH321,2025-06-17 16:58:39.795052,United States Air Force,01-0186,1144,33000,55.475037,-5.950893,C-17A Globemaster,105,543,False
ae63bb,GOLD82,2025-06-17 16:58:39.795075,,20-46079,3110,23875,49.811001,9.1016,KC-46A Pegasus,255,386,False
ae574f,GOLD32,2025-06-17 16:58:39.795083,,15-46009,6005,36025,49.273701,16.264999,KC-46A Pegasus,290,450,False
ae63b7,GOLD72,2025-06-17 16:58:39.795089,,20-46075,2643,38000,48.753601,17.95542,KC-46A Pegasus,304,452,False
ae5fa6,GOLD42,2025-06-17 16:58:39.795095,,21-46059,7027,30000,47.874615,19.70956,KC-46A Pegasus,310,380,False
3b7775,FAF4098,2025-06-17 16:58:39.795100,Force Aerienne Francaise,497,4317,32000,37.8,24.6,KC-135R Stratotanker,271,480,True
ae2fad,RCH313,2025-06-17 16:58:39.795108,United States Air Force,08-8201,2667,32000,45.5,24.0,C-17A Globemaster,,,True
ae5e0c,GOLD52,2025-06-17 16:58:39.795114,,17-46031,6457,38000,43.7,24.1,KC-46A Pegasus,,,True
ae10b5,RCH321,2025-06-17 16:59:40.904414,United States Air Force,01-0186,1144,33000,55.435759,-5.6911,C-17A Globemaster,106,530,False
ae63bb,GOLD82,2025-06-17 16:59:40.904434,,20-46079,3110,22625,49.785702,8.9505,KC-46A Pegasus,255,433,False
ae574f,GOLD32,2025-06-17 16:59:40.904440,,15-46009,6005,36000,49.319698,16.092699,KC-46A Pegasus,292,462,False
ae63b7,GOLD72,2025-06-17 16:59:40.904445,,20-46075,2643,38000,48.824769,17.801736,KC-46A Pegasus,304,450,False
ae5fa6,GOLD42,2025-06-17 16:59:40.904450,,21-46059,7027,30000,47.96576,19.565602,KC-46A Pegasus,312,350,False
3b7775,FAF4098,2025-06-17 16:59:40.904455,Force Aerienne Francaise,497,4317,32000,37.9,24.8,KC-135R Stratotanker,271,478,True
ae5e0c,GOLD52,2025-06-17 16:59:40.904461,,17-46031,6457,38000,43.7,24.3,KC-46A Pegasus,,,True
ae2fad,RCH313,2025-06-17 16:59:40.904466,United States Air Force,08-8201,2667,32000,43.7,24.3,C-17A Globemaster,,,True
ae10b5,RCH321,2025-06-17 17:00:41.877128,United States Air Force,01-0186,1144,32975,55.329037,-5.506509,C-17A Globemaster,143,516,False
ae63bb,GOLD82,2025-06-17 17:00:41.877150,,20-46079,3110,21200,49.759602,8.7845,KC-46A Pegasus,256,367,False
ae574f,GOLD32,2025-06-17 17:00:41.877157,,15-46009,6005,36000,49.371498,15.88,KC-46A Pegasus,290,461,False
ae63b7,GOLD72,2025-06-17 17:00:41.877167,,20-46075,2643,38000,48.890248,17.635031,KC-46A Pegasus,297,454,False
ae5fa6,GOLD42,2025-06-17 17:00:41.877172,,21-46059,7027,30000,48.065785,19.407591,KC-46A Pegasus,314,520,False
3b7775,FAF4098,2025-06-17 17:00:41.877178,Force Aerienne Francaise,497,4317,32000,38.0,24.8,KC-135R Stratotanker,271,478,True
ae5e0c,GOLD52,2025-06-17 17:00:41.877184,,17-46031,6457,38000,43.7,24.1,KC-46A Pegasus,,,True
ae2fad,RCH313,2025-06-17 17:00:41.877190,United States Air Force,08-8201,2667,32000,43.7,24.3,C-17A Globemaster,,,True
ae10b5,RCH321,2025-06-17 17:01:43.179546,United States Air Force,01-0186,1144,32975,55.217775,-5.339299,C-17A Globemaster,140,576,False
ae63bb,GOLD82,2025-06-17 17:01:43.179571,,20-46079,3110,19300,49.7318,8.6287,KC-46A Pegasus,255,352,False
ae574f,GOLD32,2025-06-17 17:01:43.179578,,15-46009,6005,36025,49.417301,15.6927,KC-46A Pegasus,290,482,False
ae63b7,GOLD72,2025-06-17 17:01:43.179584,,20-46075,2643,38000,48.946713,17.468137,KC-46A Pegasus,296,454,False
ae5fa6,GOLD42,2025-06-17 17:01:43.179590,,21-46059,7027,30025,48.157843,19.229772,KC-46A Pegasus,304,490,False
3b7775,FAF4098,2025-06-17 17:01:43.179595,Force Aerienne Francaise,497,4317,Unavailable,38.0,24.3,KC-135R Stratotanker,,,True
ae2fad,RCH313,2025-06-17 17:01:43.179602,United States Air Force,08-8201,2667,32000,43.7,24.3,C-17A Globemaster,,,True
ae5e0c,GOLD52,2025-06-17 17:01:43.179607,,17-46031,6457,38025,43.7,24.1,KC-46A Pegasus,,,True
ae10b5,RCH321,2025-06-17 17:02:44.154881,United States Air Force,01-0186,1144,33000,55.11004,-5.18554,C-17A Globemaster,141,511,False
ae63bb,GOLD82,2025-06-17 17:02:44.154902,,20-46079,3110,17100,49.698875,8.438757,KC-46A Pegasus,254,319,False
ae574f,GOLD32,2025-06-17 17:02:44.154911,,15-46009,6005,36000,49.47509,15.461389,KC-46A Pegasus,293,435,False
ae63b7,GOLD72,2025-06-17 17:02:44.154916,,20-46075,2643,38000,49.005128,17.289109,KC-46A Pegasus,296,452,False
ae5fa6,GOLD42,2025-06-17 17:02:44.154922,,21-46059,7027,30025,48.239414,19.058803,KC-46A Pegasus,305,501,False
3b7775,FAF4098,2025-06-17 17:02:44.154928,Force Aerienne Francaise,497,4317,Unavailable,38.0,24.2,KC-135R Stratotanker,,,True
ae2fad,RCH313,2025-06-17 17:02:44.154935,United States Air Force,08-8201,2667,32000,45.5,24.0,C-17A Globemaster,,,True
ae5e0c,GOLD52,2025-06-17 17:02:44.154940,,17-46031,6457,38000,43.1,21.6,KC-46A Pegasus,,,True
ae10b5,RCH321,2025-06-17 17:03:44.809797,United States Air Force,01-0186,1144,33000,54.994519,-5.017596,C-17A Globemaster,141,507,False
ae63bb,GOLD82,2025-06-17 17:03:44.809818,,20-46079,3110,15350,49.680199,8.3232,KC-46A Pegasus,254,332,False
ae574f,GOLD32,2025-06-17 17:03:44.809826,,15-46009,6005,36000,49.509499,15.3211,KC-46A Pegasus,289,461,False
ae63b7,GOLD72,2025-06-17 17:03:44.809832,,20-46075,2643,38000,49.052256,17.121531,KC-46A Pegasus,292,454,False
ae5fa6,GOLD42,2025-06-17 17:03:44.809837,,21-46059,7027,30000,48.308313,18.912771,KC-46A Pegasus,305,503,False
3b7775,FAF4098,2025-06-17 17:03:44.809844,Force Aerienne Francaise,497,4141,32000,38.0,24.7,KC-135R Stratotanker,,,True
ae5e0c,GOLD52,2025-06-17 17:03:44.809850,,17-46031,6457,38000,43.7,24.3,KC-46A Pegasus,,,True
ae2fad,RCH313,2025-06-17 17:03:44.809856,United States Air Force,08-8201,2667,32000,45.5,24.0,C-17A Globemaster,,,True
ae10b5,RCH321,2025-06-17 17:04:45.501201,United States Air Force,01-0186,1144,33000,54.88961,-4.869791,C-17A Globemaster,142,510,False
ae63bb,GOLD82,2025-06-17 17:04:45.501222,,20-46079,3110,13825,49.655399,8.1901,KC-46A Pegasus,253,332,False
ae574f,GOLD32,2025-06-17 17:04:45.501230,,15-46009,6005,36000,49.551701,15.1488,KC-46A Pegasus,290,457,False
ae63b7,GOLD72,2025-06-17 17:04:45.501235,,20-46075,2643,38000,49.103545,16.928532,KC-46A Pegasus,291,454,False
ae5fa6,GOLD42,2025-06-17 17:04:45.501241,,21-46059,7027,30000,48.391529,18.736988,KC-46A Pegasus,305,488,False
3b7775,FAF4098,2025-06-17 17:04:45.501247,Force Aerienne Francaise,497,4317,Unavailable,38.0,24.2,KC-135R Stratotanker,,,True
ae2fad,RCH313,2025-06-17 17:04:45.501255,United States Air Force,08-8201,2667,32000,45.5,24.0,C-17A Globemaster,,,True
ae5e0c,GOLD52,2025-06-17 17:04:45.501261,,17-46031,6457,38000,43.7,24.1,KC-46A Pegasus,,,True
ae10b5,RCH321,2025-06-17 17:05:46.135085,United States Air Force,01-0186,1144,33000,54.776907,-4.711435,C-17A Globemaster,143,532,False
ae63bb,GOLD82,2025-06-17 17:05:46.135108,,20-46079,3110,12300,49.633099,8.0669,KC-46A Pegasus,254,332,False
ae574f,GOLD32,2025-06-17 17:05:46.135116,,15-46009,6005,36000,49.596699,14.9621,KC-46A Pegasus,289,453,False
ae63b7,GOLD72,2025-06-17 17:05:46.135121,,20-46075,2643,38000,49.146682,16.761748,KC-46A Pegasus,291,454,False
ae5fa6,GOLD42,2025-06-17 17:05:46.135127,,21-46059,7027,30000,48.475724,18.556492,KC-46A Pegasus,305,484,False
3b7775,FAF4098,2025-06-17 17:05:46.135134,Force Aerienne Francaise,497,4317,Unavailable,38.0,24.7,KC-135R Stratotanker,,,True
ae5e0c,GOLD52,2025-06-17 17:05:46.135140,,17-46031,6457,38025,43.7,24.1,KC-46A Pegasus,,,True
ae2fad,RCH313,2025-06-17 17:05:46.135146,United States Air Force,08-8201,2667,32000,45.5,24.0,C-17A Globemaster,,,True
ae10b5,RCH321,2025-06-17 17:06:47.001437,United States Air Force,01-0186,1144,33000,54.670884,-4.561751,C-17A Globemaster,143,484,False
ae63bb,GOLD92,2025-06-17 17:06:47.001456,,20-46079,3110,10450,49.601798,7.882191,KC-46A Pegasus,256,298,False
ae574f,GOLD32,2025-06-17 17:06:47.001464,,15-46009,6005,36000,49.642601,14.7768,KC-46A Pegasus,291,468,False
ae63b7,GOLD72,2025-06-17 17:06:47.001469,,20-46075,2643,38000,49.182861,16.618841,KC-46A Pegasus,291,452,False
ae5fa6,GOLD42,2025-06-17 17:06:47.001474,,21-46059,7027,30025,48.551455,18.395244,KC-46A Pegasus,306,462,False
ae2fad,RCH313,2025-06-17 17:06:47.001480,United States Air Force,08-8201,2667,32000,45.5,24.0,C-17A Globemaster,,,True
ae5e0c,GOLD52,2025-06-17 17:06:47.001485,,17-46031,6457,38000,43.7,24.1,KC-46A Pegasus,,,True
ae10b5,RCH321,2025-06-17 17:07:47.714603,United States Air Force,01-0186,1144,33000,54.545955,-4.389199,C-17A Globemaster,142,529,False
ae63bb,GOLD82,2025-06-17 17:07:47.714625,,20-46079,3110,9650,49.5877,7.7783,KC-46A Pegasus,256,281,False
ae574f,GOLD32,2025-06-17 17:07:47.714633,,15-46009,6005,36000,49.699553,14.532506,KC-46A Pegasus,290,447,False
ae63b7,GOLD72,2025-06-17 17:07:47.714639,,20-46075,2643,38025,49.241223,16.396955,KC-46A Pegasus,291,452,False
ae5fa6,GOLD42,2025-06-17 17:07:47.714644,,21-46059,7027,30000,48.626531,18.233774,KC-46A Pegasus,305,489,False
ae5e0c,GOLD52,2025-06-17 17:07:47.714651,,17-46031,6457,38025,43.1,21.6,KC-46A Pegasus,,,True
ae2fad,RCH313,2025-06-17 17:07:47.714657,United States Air Force,08-8201,2667,32000,45.5,24.0,C-17A Globemaster,,,True
ae10b5,RCH321,2025-06-17 17:08:48.396855,United States Air Force,01-0186,1144,33000,54.434227,-4.23228,C-17A Globemaster,143,534,False
ae63bb,GOLD92,2025-06-17 17:08:48.396874,,20-46079,3110,8350,49.557617,7.64194,KC-46A Pegasus,254,282,False
ae574f,GOLD32,2025-06-17 17:08:48.396881,,15-46009,6005,36000,49.727299,14.4128,KC-46A Pegasus,289,443,False
ae63b7,GOLD72,2025-06-17 17:08:48.396886,,20-46075,2643,38000,49.289461,16.206891,KC-46A Pegasus,291,450,False
ae5fa6,GOLD42,2025-06-17 17:08:48.396890,,21-46059,7027,30025,48.706012,18.05967,KC-46A Pegasus,303,484,False
ae5e0c,GOLD52,2025-06-17 17:08:48.396896,,17-46031,6457,38000,43.1,21.6,KC-46A Pegasus,,,True
ae2fad,RCH313,2025-06-17 17:08:48.396901,United States Air Force,08-8201,2667,32000,47.8,17.5,C-17A Globemaster,,,True
ae10b5,RCH321,2025-06-17 17:09:49.150102,United States Air Force,01-0186,1144,33000,54.328477,-4.085016,C-17A Globemaster,140,510,False
ae63bb,GOLD82,2025-06-17 17:09:49.150128,,20-46079,3110,7100,49.544701,7.5564,KC-46A Pegasus,254,262,False
ae574f,GOLD32,2025-06-17 17:09:49.150138,,15-46009,6005,36000,49.783683,14.175627,KC-46A Pegasus,288,457,False
ae63b7,GOLD72,2025-06-17 17:09:49.150143,,20-46075,2643,38000,49.333737,16.032184,KC-46A Pegasus,291,450,False
ae5fa6,GOLD42,2025-06-17 17:09:49.150149,,21-46059,7027,30025,48.780488,17.8971,KC-46A Pegasus,304,488,False
ae2fad,RCH313,2025-06-17 17:09:49.150156,United States Air Force,08-8201,2667,32000,47.8,17.4,C-17A Globemaster,,,True
ae5e0c,GOLD52,2025-06-17 17:09:49.150162,,17-46031,6457,38000,43.1,21.6,KC-46A Pegasus,,,True
ae10b5,RCH321,2025-06-17 17:10:49.859632,United States Air Force,01-0186,1144,33000,54.214827,-3.93058,C-17A Globemaster,143,530,False
ae63bb,GOLD92,2025-06-17 17:10:49.859653,,20-46079,3110,6875,49.517709,7.415667,KC-46A Pegasus,254,265,False
ae574f,GOLD32,2025-06-17 17:10:49.859662,,15-46009,6005,36000,49.817699,14.02,KC-46A Pegasus,291,452,False
ae63b7,GOLD72,2025-06-17 17:10:49.859668,,20-46075,2643,38000,49.381164,15.847313,KC-46A Pegasus,291,450,False
ae5fa6,GOLD42,2025-06-17 17:10:49.859673,,21-46059,7027,30000,48.863693,17.714459,KC-46A Pegasus,305,476,False
ae2fad,RCH313,2025-06-17 17:10:49.859681,United States Air Force,08-8201,2667,32000,45.5,24.0,C-17A Globemaster,,,True
ae5e0c,GOLD52,2025-06-17 17:10:49.859687,,17-46031,6457,38025,43.7,24.3,KC-46A Pegasus,,,True
896c2c,UNKNOWN CALLSIGN,2025-06-17 17:10:49.859693,United Arab Emirates Air Force,1224,Unavailable,Unavailable,23.7,53.0,C-17A Globemaster,,,True
ae10b5,RCH321,2025-06-17 17:11:50.581844,United States Air Force,01-0186,1144,33000,54.104178,-3.779498,C-17A Globemaster,140,493,False
ae63bb,GOLD92,2025-06-17 17:11:50.581866,,20-46079,3110,5950,49.501902,7.328452,KC-46A Pegasus,254,230,False
ae574f,GOLD32,2025-06-17 17:11:50.581873,,15-46009,6005,36000,49.858002,13.8449,KC-46A Pegasus,289,453,False
ae63b7,GOLD72,2025-06-17 17:11:50.581878,,20-46075,2643,38025,49.422259,15.677691,KC-46A Pegasus,290,450,False
ae5fa6,GOLD42,2025-06-17 17:11:50.581882,,21-46059,7027,30000,48.922039,17.541215,KC-46A Pegasus,297,482,False
ae5e0c,GOLD52,2025-06-17 17:11:50.581888,,17-46031,6457,38025,43.4,23.8,KC-46A Pegasus,,,True
ae2fad,RCH313,2025-06-17 17:11:50.581893,United States Air Force,08-8201,2667,31975,47.8,17.6,C-17A Globemaster,,,True
896c2c,UNKNOWN CALLSIGN,2025-06-17 17:11:50.581897,United Arab Emirates Air Force,1224,Unavailable,Unavailable,23.7,53.0,C-17A Globemaster,,,True
ae10b5,RCH321,2025-06-17 17:12:51.644534,United States Air Force,01-0186,1144,33000,53.9961,-3.63439,C-17A Globemaster,141,496,False
ae63bb,GOLD92,2025-06-17 17:12:51.644557,,20-46079,3110,4600,49.451275,7.25375,KC-46A Pegasus,192,281,False
ae574f,GOLD32,2025-06-17 17:12:51.644565,,15-46009,6005,36000,49.905399,13.6422,KC-46A Pegasus,290,439,False
ae63b7,GOLD72,2025-06-17 17:12:51.644571,,20-46075,2643,38000,49.471717,15.486972,KC-46A Pegasus,290,450,False
ae5fa6,GOLD42,2025-06-17 17:12:51.644575,,21-46059,7027,30000,48.986702,17.344331,KC-46A Pegasus,296,486,False
ae5e0c,GOLD52,2025-06-17 17:12:51.644582,,17-46031,6457,38000,43.1,26.2,KC-46A Pegasus,,,True
ae2fad,RCH313,2025-06-17 17:12:51.644588,United States Air Force,08-8201,2667,32000,45.5,24.0,C-17A Globemaster,,,True
896c2c,UNKNOWN CALLSIGN,2025-06-17 17:12:51.644593,United Arab Emirates Air Force,1224,Unavailable,Unavailable,23.7,53.0,C-17A Globemaster,,,True
ae10b5,RCH321,2025-06-17 17:13:52.322999,United States Air Force,01-0186,1144,32975,53.894564,-3.45916,C-17A Globemaster,118,542,False
ae63bb,GOLD92,2025-06-17 17:13:52.323022,,20-46079,3110,3875,49.414713,7.279774,KC-46A Pegasus,145,326,False
ae574f,GOLD32,2025-06-17 17:13:52.323030,,15-46009,6005,36000,49.945599,13.4574,KC-46A Pegasus,288,449,False
ae63b7,GOLD72,2025-06-17 17:13:52.323035,,20-46075,2643,38000,49.514342,15.304577,KC-46A Pegasus,290,450,False
ae5fa6,GOLD42,2025-06-17 17:13:52.323040,,21-46059,7027,30025,49.042949,17.156393,KC-46A Pegasus,291,498,False
ae5e0c,GOLD52,2025-06-17 17:13:52.323046,,17-46031,6457,38000,43.7,24.3,KC-46A Pegasus,,,True
ae2fad,RCH313,2025-06-17 17:13:52.323053,United States Air Force,08-8201,2667,32000,45.5,24.0,C-17A Globemaster,,,True
896c2c,UNKNOWN CALLSIGN,2025-06-17 17:13:52.323058,United Arab Emirates Air Force,1224,Unavailable,Unavailable,23.7,53.0,C-17A Globemaster,,,True
ae10b5,RCH321,2025-06-17 17:14:53.289107,United States Air Force,01-0186,1144,33000,53.855871,-3.241655,C-17A Globemaster,110,522,False
ae574f,GOLD32,2025-06-17 17:14:53.289129,,15-46009,6005,36000,49.997265,13.230322,KC-46A Pegasus,290,459,False
ae63b7,GOLD72,2025-06-17 17:14:53.289136,,20-46075,2643,38000,49.557341,15.129399,KC-46A Pegasus,290,452,False
ae5fa6,GOLD42,2025-06-17 17:14:53.289141,,21-46059,7027,30025,49.083599,17.0096,KC-46A Pegasus,287,478,False
ae2fad,RCH313,2025-06-17 17:14:53.289149,United States Air Force,08-8201,2667,32000,45.5,24.0,C-17A Globemaster,,,True
ae5e0c,GOLD52,2025-06-17 17:14:53.289154,,17-46031,6457,38000,43.7,24.3,KC-46A Pegasus,,,True
ae63bb,GOLD92,2025-06-17 17:14:53.289161,,20-46079,3110,3000,49.3,8.0,KC-46A Pegasus,,,True
896c2c,UNKNOWN CALLSIGN,2025-06-17 17:14:53.289166,United Arab Emirates Air Force,1224,Unavailable,13200,23.7,53.0,C-17A Globemaster,,,True
ae10b5,RCH321,2025-06-17 17:15:53.967247,United States Air Force,01-0186,1144,32975,53.80907,-2.996418,C-17A Globemaster,107,521,False
ae574f,GOLD32,2025-06-17 17:15:53.967271,,15-46009,6005,36000,50.026299,13.0976,KC-46A Pegasus,287,447,False
ae63b7,GOLD72,2025-06-17 17:15:53.967277,,20-46075,2643,38000,49.602203,14.942345,KC-46A Pegasus,290,452,False
ae5fa6,GOLD42,2025-06-17 17:15:53.967283,,21-46059,7027,30000,49.131901,16.818001,KC-46A Pegasus,291,483,False
ae2fad,RCH313,2025-06-17 17:15:53.967290,United States Air Force,08-8201,2667,31975,49.1,17.1,C-17A Globemaster,,,True
ae5e0c,GOLD52,2025-06-17 17:15:53.967296,,17-46031,6457,38025,43.7,24.3,KC-46A Pegasus,,,True
ae63bb,GOLD92,2025-06-17 17:15:53.967302,,20-46079,3110,2225,49.2,7.8,KC-46A Pegasus,,,True
896c2c,UNKNOWN CALLSIGN,2025-06-17 17:15:53.967307,United Arab Emirates Air Force,1224,3313,10950,23.7,53.0,C-17A Globemaster,,,True
ae10b5,RCH321,2025-06-17 17:16:54.668122,United States Air Force,01-0186,1144,33000,53.765921,-2.761163,C-17A Globemaster,107,559,False
ae574f,GOLD32,2025-06-17 17:16:54.668145,,15-46009,6005,36000,50.065102,12.9211,KC-46A Pegasus,290,445,False
ae63b7,GOLD72,2025-06-17 17:16:54.668151,,20-46075,2643,38000,49.646331,14.760045,KC-46A Pegasus,290,450,False
ae5fa6,GOLD42,2025-06-17 17:16:54.668157,,21-46059,7027,30000,49.181099,16.6255,KC-46A Pegasus,291,485,False
ae5e0c,GOLD52,2025-06-17 17:16:54.668164,,17-46031,6457,38000,43.1,26.2,KC-46A Pegasus,,,True
ae63bb,GOLD92,2025-06-17 17:16:54.668169,,20-46079,3110,1475,49.1,7.9,KC-46A Pegasus,,,True
ae2fad,RCH313,2025-06-17 17:16:54.668175,United States Air Force,08-8201,2667,32000,45.5,24.0,C-17A Globemaster,,,True
ae10b5,RCH321,2025-06-17 17:17:55.577876,United States Air Force,01-0186,1144,33000,53.719739,-2.522732,C-17A Globemaster,108,530,False
ae574f,GOLD32,2025-06-17 17:17:55.577898,,15-46009,6005,36000,50.109699,12.7167,KC-46A Pegasus,288,454,False
ae63b7,GOLD72,2025-06-17 17:17:55.577905,,20-46075,2643,38000,49.688999,14.575533,KC-46A Pegasus,290,448,False
ae5fa6,GOLD42,2025-06-17 17:17:55.577910,,21-46059,7027,30025,49.236,16.411699,KC-46A Pegasus,289,489,False
ae5e0c,GOLD52,2025-06-17 17:17:55.577917,,17-46031,6457,38025,43.7,24.3,KC-46A Pegasus,,,True
ae63bb,GOLD92,2025-06-17 17:17:55.577922,,20-46079,3110,800,49.0,8.0,KC-46A Pegasus,,,True
ae2fad,RCH313,2025-06-17 17:17:55.577928,United States Air Force,08-8201,2667,32000,49.1,17.1,C-17A Globemaster,,,True
896c2c,UAF1223,2025-06-17 17:17:55.577933,United Arab Emirates Air Force,1224,3313,6450,23.7,53.0,C-17A Globemaster,,,True
ae10b5,RCH321,2025-06-17 17:18:56.277533,United States Air Force,01-0186,1144,32975,53.676197,-2.29334,C-17A Globemaster,108,517,False
ae574f,GOLD32,2025-06-17 17:18:56.277554,,15-46009,2525,36000,50.154869,12.505012,KC-46A Pegasus,288,440,False
ae63b7,GOLD72,2025-06-17 17:18:56.277561,,20-46075,2643,38025,49.731058,14.396039,KC-46A Pegasus,289,446,False
ae5fa6,GOLD42,2025-06-17 17:18:56.277567,,21-46059,7027,30000,49.294201,16.189271,KC-46A Pegasus,291,493,False
ae5e0c,GOLD52,2025-06-17 17:18:56.277573,,17-46031,6457,38000,43.7,24.3,KC-46A Pegasus,,,True
ae63bb,GOLD92,2025-06-17 17:18:56.277579,,20-46079,3110,575,49.0,8.0,KC-46A Pegasus,,,True
ae2fad,RCH313,2025-06-17 17:18:56.277585,United States Air Force,08-8201,2667,32000,49.1,17.1,C-17A Globemaster,,,True
896c2c,UAF1223,2025-06-17 17:18:56.277590,United Arab Emirates Air Force,1224,3313,5900,23.7,53.0,C-17A Globemaster,,,True
ae10b5,RCH321,2025-06-17 17:19:56.959920,United States Air Force,01-0186,1144,33000,53.630391,-2.057452,C-17A Globemaster,108,521,False
ae574f,GOLD32,2025-06-17 17:19:56.959944,,15-46009,2525,36000,50.189071,12.290771,KC-46A Pegasus,274,456,False
ae63b7,GOLD72,2025-06-17 17:19:56.959951,,20-46075,2643,38000,49.772445,14.219461,KC-46A Pegasus,289,446,False
ae5fa6,GOLD42,2025-06-17 17:19:56.959956,,21-46059,7027,30000,49.327702,16.056801,KC-46A Pegasus,291,484,False
ae2fad,RCH313,2025-06-17 17:19:56.959962,United States Air Force,08-8201,2667,32000,47.417815,20.413709,C-17A Globemaster,,,False
ae5e0c,GOLD52,2025-06-17 17:19:56.959968,,17-46031,6457,38000,43.7,24.3,KC-46A Pegasus,,,True
896c2c,UAF1223,2025-06-17 17:19:56.959976,United Arab Emirates Air Force,1224,3313,3675,23.7,53.0,C-17A Globemaster,,,True
ae10b5,RCH321,2025-06-17 17:20:58.144475,United States Air Force,01-0186,1144,33000,53.585974,-1.831956,C-17A Globemaster,109,520,False
ae574f,GOLD32,2025-06-17 17:20:58.144497,,15-46009,2525,36000,50.190463,12.087862,KC-46A Pegasus,271,473,False
ae63b7,GOLD72,2025-06-17 17:20:58.144504,,20-46075,2643,38000,49.813404,14.043883,KC-46A Pegasus,289,446,False
ae5fa6,GOLD42,2025-06-17 17:20:58.144509,,21-46059,7027,30000,49.378101,15.8562,KC-46A Pegasus,290,470,False
ae2fad,RCH313,2025-06-17 17:20:58.144517,United States Air Force,08-8201,2667,32000,48.2,18.2,C-17A Globemaster,,,True
ae5e0c,GOLD52,2025-06-17 17:20:58.144522,,17-46031,6457,38025,43.1,21.6,KC-46A Pegasus,,,True
896c2c,UAF1223,2025-06-17 17:20:58.144529,United Arab Emirates Air Force,1224,3313,2975,23.7,53.0,C-17A Globemaster,,,True
ae10b5,RCH321,2025-06-17 17:21:59.323472,United States Air Force,01-0186,1144,32975,53.539094,-1.595629,C-17A Globemaster,109,516,False
ae574f,GOLD32,2025-06-17 17:21:59.323495,,15-46009,2525,35175,50.188252,11.892544,KC-46A Pegasus,269,457,False
ae63b7,GOLD72,2025-06-17 17:21:59.323501,,20-46075,2643,38000,49.859362,13.846606,KC-46A Pegasus,289,446,False
ae5fa6,GOLD42,2025-06-17 17:21:59.323507,,21-46059,7027,30000,49.428902,15.656,KC-46A Pegasus,291,482,False
3b7775,FAF4098,2025-06-17 17:21:59.323512,Force Aerienne Francaise,497,4141,32000,35.327236,23.481173,KC-135R Stratotanker,301,485,False
ae2fad,RCH313,2025-06-17 17:21:59.323520,United States Air Force,08-8201,2667,32000,48.8,17.8,C-17A Globemaster,,,True
ae5e0c,GOLD52,2025-06-17 17:21:59.323525,,17-46031,6457,38000,43.1,21.6,KC-46A Pegasus,,,True
896c2c,UAF1223,2025-06-17 17:21:59.323532,United Arab Emirates Air Force,1224,3313,2950,23.7,53.0,C-17A Globemaster,,,True
ae10b5,RCH321,2025-06-17 17:23:00.232431,United States Air Force,01-0186,1144,33000,53.494676,-1.374241,C-17A Globemaster,108,505,False
ae574f,GOLD32,2025-06-17 17:23:00.232453,,15-46009,2525,33950,50.188871,11.694743,KC-46A Pegasus,272,453,False
ae63b7,GOLD72,2025-06-17 17:23:00.232460,,20-46075,2643,38000,49.899964,13.667317,KC-46A Pegasus,289,446,False
ae5fa6,GOLD42,2025-06-17 17:23:00.232466,,21-46059,7027,30025,49.4804,15.4449,KC-46A Pegasus,290,482,False
ae2fad,RCH313,2025-06-17 17:23:00.232472,United States Air Force,08-8201,2667,32000,47.721701,19.944216,C-17A Globemaster,,,False
3b7775,FAF4098,2025-06-17 17:23:00.232478,Force Aerienne Francaise,497,4141,32000,35.397856,23.337883,KC-135R Stratotanker,301,484,False
ae5e0c,GOLD52,2025-06-17 17:23:00.232484,,17-46031,6457,38000,43.7,24.3,KC-46A Pegasus,,,True
896c2c,UAF1223,2025-06-17 17:23:00.232491,United Arab Emirates Air Force,1224,3313,2200,23.7,53.0,C-17A Globemaster,,,True
ae10b5,RCH321,2025-06-17 17:24:00.939382,United States Air Force,01-0186,1144,33000,53.451405,-1.163569,C-17A Globemaster,109,510,False
ae574f,GOLD32,2025-06-17 17:24:00.939406,,15-46009,2525,32775,50.192998,11.493495,KC-46A Pegasus,271,449,False
ae63b7,GOLD72,2025-06-17 17:24:00.939413,,20-46075,2643,38000,49.939857,13.486309,KC-46A Pegasus,289,446,False
ae5fa6,GOLD42,2025-06-17 17:24:00.939418,,21-46059,7027,30000,49.5243,15.2626,KC-46A Pegasus,290,482,False
ae2fad,RCH313,2025-06-17 17:24:00.939423,United States Air Force,08-8201,2667,32000,47.797028,19.826944,C-17A Globemaster,,,False
3b7775,FAF4098,2025-06-17 17:24:00.939429,Force Aerienne Francaise,497,4141,32000,35.468353,23.194485,KC-135R Stratotanker,300,482,False
ae5e0c,GOLD52,2025-06-17 17:24:00.939435,,17-46031,6457,38000,43.1,21.6,KC-46A Pegasus,,,True
896c2c,UAF1223,2025-06-17 17:24:00.939442,United Arab Emirates Air Force,1224,3313,Unavailable,23.7,53.0,C-17A Globemaster,,,True
ae10b5,RCH321,2025-06-17 17:25:01.627247,United States Air Force,01-0186,1144,33000,53.402408,-0.924844,C-17A Globemaster,108,505,False
ae574f,GOLD32,2025-06-17 17:25:01.627269,,15-46009,2525,31450,50.195624,11.305688,KC-46A Pegasus,271,453,False
ae63b7,GOLD72,2025-06-17 17:25:01.627276,,20-46075,2643,38000,49.97995,13.310263,KC-46A Pegasus,288,446,False
ae5fa6,GOLD42,2025-06-17 17:25:01.627282,,21-46059,7027,30000,49.582866,15.023676,KC-46A Pegasus,291,443,False
ae2fad,RCH313,2025-06-17 17:25:01.627287,United States Air Force,08-8201,2667,32000,47.881757,19.69449,C-17A Globemaster,313,441,False
3b7775,FAF4098,2025-06-17 17:25:01.627292,Force Aerienne Francaise,497,4141,32000,35.537476,23.053036,KC-135R Stratotanker,300,483,False
ae5e0c,GOLD52,2025-06-17 17:25:01.627301,,17-46031,6457,38000,43.1,26.2,KC-46A Pegasus,,,True
ae10b5,RCH321,2025-06-17 17:26:02.310312,United States Air Force,01-0186,1144,33000,53.353061,-0.686984,C-17A Globemaster,109,511,False
ae574f,GOLD32,2025-06-17 17:26:02.310332,,15-46009,2525,29950,50.195962,11.102893,KC-46A Pegasus,272,440,False
ae63b7,GOLD72,2025-06-17 17:26:02.310339,,20-46075,2643,38000,50.020783,13.122646,KC-46A Pegasus,288,444,False
ae5fa6,GOLD42,2025-06-17 17:26:02.310344,,21-46059,7027,30025,49.628673,14.831952,KC-46A Pegasus,291,480,False
ae2fad,RCH313,2025-06-17 17:26:02.310350,United States Air Force,08-8201,2667,32000,47.988311,19.530247,C-17A Globemaster,312,451,False
3b7775,FAF4098,2025-06-17 17:26:02.310356,Force Aerienne Francaise,497,4141,32000,35.607147,22.909985,KC-135R Stratotanker,300,482,False
ae5e0c,GOLD52,2025-06-17 17:26:02.310364,,17-46031,6457,38000,43.7,24.3,KC-46A Pegasus,,,True
ae10b5,RCH321,2025-06-17 17:27:02.950738,United States Air Force,01-0186,1144,33000,53.306698,-0.467424,C-17A Globemaster,109,526,False
ae574f,GOLD32,2025-06-17 17:27:02.950757,,15-46009,2525,28450,50.200453,10.921166,KC-46A Pegasus,275,414,False
ae63b7,GOLD72,2025-06-17 17:27:02.950764,,20-46075,2643,38000,50.062182,12.934565,KC-46A Pegasus,288,444,False
ae5fa6,GOLD42,2025-06-17 17:27:02.950770,,21-46059,7027,30000,49.6623,14.6874,KC-46A Pegasus,292,471,False
ae2fad,RCH313,2025-06-17 17:27:02.950775,United States Air Force,08-8201,2667,32000,48.022549,19.473651,C-17A Globemaster,314,448,False
3b7775,FAF4098,2025-06-17 17:27:02.950780,Force Aerienne Francaise,497,4141,32000,35.67689,22.766243,KC-135R Stratotanker,300,482,False
ae5e0c,GOLD52,2025-06-17 17:27:02.950787,,17-46031,6457,38000,43.7,24.3,KC-46A Pegasus,,,True
ae10b5,RCH321,2025-06-17 17:28:03.664189,United States Air Force,01-0186,1144,32975,53.258293,-0.238623,C-17A Globemaster,110,505,False
ae574f,GOLD32,2025-06-17 17:28:03.664208,,15-46009,2525,26925,50.195969,10.733606,KC-46A Pegasus,268,433,False
ae63b7,GOLD72,2025-06-17 17:28:03.664215,,20-46075,3550,38000,50.104241,12.747045,KC-46A Pegasus,288,444,False
ae5fa6,GOLD42,2025-06-17 17:28:03.664221,,21-46059,7027,30025,49.712601,14.4793,KC-46A Pegasus,290,469,False
ae2fad,RCH313,2025-06-17 17:28:03.664226,United States Air Force,08-8201,2667,32000,48.151869,19.239501,C-17A Globemaster,303,478,False
3b7775,FAF4098,2025-06-17 17:28:03.664231,Force Aerienne Francaise,497,4141,32000,35.745834,22.623421,KC-135R Stratotanker,300,478,False
ae5e0c,GOLD52,2025-06-17 17:28:03.664238,,17-46031,6457,38000,43.7,24.3,KC-46A Pegasus,,,True
ae10b5,RCH321,2025-06-17 17:29:04.305775,United States Air Force,01-0186,1144,32975,53.211334,-0.023493,C-17A Globemaster,112,518,False
ae574f,GOLD32,2025-06-17 17:29:04.305793,,15-46009,2525,25875,50.187401,10.6077,KC-46A Pegasus,263,414,False
ae63b7,GOLD72,2025-06-17 17:29:04.305799,,20-46075,3550,38000,50.143025,12.564131,KC-46A Pegasus,288,446,False
ae5fa6,GOLD42,2025-06-17 17:29:04.305805,,21-46059,7027,30025,49.762822,14.263543,KC-46A Pegasus,290,480,False
ae2fad,RCH313,2025-06-17 17:29:04.305811,United States Air Force,08-8201,2667,32000,48.222699,19.093979,C-17A Globemaster,308,423,False
3b7775,FAF4098,2025-06-17 17:29:04.305816,Force Aerienne Francaise,497,4141,32000,35.813232,22.483234,KC-135R Stratotanker,300,478,False
ae5e0c,GOLD52,2025-06-17 17:29:04.305823,,17-46031,6457,38000,43.7,24.3,KC-46A Pegasus,,,True
ae10b5,RCH321,2025-06-17 17:30:05.452853,United States Air Force,01-0186,1144,33000,53.166996,0.183827,C-17A Globemaster,111,512,False
ae574f,GOLD32,2025-06-17 17:30:05.452874,,15-46009,2525,24025,50.1366,10.4356,KC-46A Pegasus,250,405,False
ae63b7,GOLD72,2025-06-17 17:30:05.452881,,20-46075,3550,38000,50.179802,12.391295,KC-46A Pegasus,284,446,False
ae5fa6,GOLD42,2025-06-17 17:30:05.452886,,21-46059,7027,30000,49.792198,14.1351,KC-46A Pegasus,289,471,False
ae2fad,RCH313,2025-06-17 17:30:05.452893,United States Air Force,08-8201,2667,32000,48.297045,18.936866,C-17A Globemaster,305,454,False
3b7775,FAF4098,2025-06-17 17:30:05.452898,Force Aerienne Francaise,497,4141,32000,35.881394,22.340932,KC-135R Stratotanker,300,477,False
ae056e,UNKNOWN CALLSIGN,2025-06-17 17:30:05.452907,,86-0017,Unavailable,Unavailable,35.6,-6.0,C-5M Galaxy,,,True
ae5e0c,GOLD52,2025-06-17 17:30:05.452913,,17-46031,6457,38000,43.4,23.8,KC-46A Pegasus,,,True
ae10b5,RCH321,2025-06-17 17:31:06.350680,United States Air Force,01-0186,1144,33000,53.112224,0.424278,C-17A Globemaster,111,509,False
ae574f,GOLD32,2025-06-17 17:31:06.350703,,15-46009,2525,23550,50.097099,10.2666,KC-46A Pegasus,249,408,False
ae63b7,GOLD72,2025-06-17 17:31:06.350710,,20-46075,3550,38025,50.189636,12.191056,KC-46A Pegasus,270,450,False
ae5fa6,GOLD42,2025-06-17 17:31:06.350716,,21-46059,7027,30025,49.838402,13.9324,KC-46A Pegasus,288,482,False
ae2fad,RCH313,2025-06-17 17:31:06.350722,United States Air Force,08-8201,2667,32000,48.374898,18.772217,C-17A Globemaster,306,460,False
3b7775,FAF4098,2025-06-17 17:31:06.350728,Force Aerienne Francaise,497,4141,32000,35.949221,22.198869,KC-135R Stratotanker,300,474,False
ae5e0c,GOLD52,2025-06-17 17:31:06.350735,,17-46031,6457,38000,43.4,23.8,KC-46A Pegasus,,,True
ae056e,RCH4006,2025-06-17 17:31:06.350743,,86-0017,6037,10000,35.6,-6.0,C-5M Galaxy,330,280,True
ae10b5,RCH321,2025-06-17 17:32:07.340340,United States Air Force,01-0186,1144,32975,53.063443,0.654041,C-17A Globemaster,110,509,False
ae574f,GOLD32,2025-06-17 17:32:07.340363,,15-46009,2525,20925,50.060101,10.0952,KC-46A Pegasus,255,450,False
ae63b7,GOLD72,2025-06-17 17:32:07.340372,,20-46075,3550,36850,50.189427,11.992785,KC-46A Pegasus,269,452,False
ae5fa6,GOLD42,2025-06-17 17:32:07.340378,,21-46059,7027,30000,49.899408,13.669521,KC-46A Pegasus,289,465,False
ae2fad,RCH313,2025-06-17 17:32:07.340384,United States Air Force,08-8201,2667,32000,48.444318,18.622326,C-17A Globemaster,305,461,False
3b7775,FAF4098,2025-06-17 17:32:07.340391,Force Aerienne Francaise,497,4141,32000,36.016708,22.05677,KC-135R Stratotanker,300,473,False
ae056e,RCH4006,2025-06-17 17:32:07.340400,,86-0017,6037,11475,35.6,-6.0,C-5M Galaxy,336,336,True
ae5e0c,GOLD52,2025-06-17 17:32:07.340406,,17-46031,6457,38000,43.7,24.3,KC-46A Pegasus,,,True
ae10b5,RCH321,2025-06-17 17:33:08.293439,United States Air Force,01-0186,1144,33000,53.015362,0.864256,C-17A Globemaster,110,512,False
ae574f,GOLD32,2025-06-17 17:33:08.293463,,15-46009,2525,18450,50.020401,9.9349,KC-46A Pegasus,247,467,False
ae63b7,GOLD72,2025-06-17 17:33:08.293471,,20-46075,3550,35250,50.188289,11.796444,KC-46A Pegasus,270,440,False
ae5fa6,GOLD42,2025-06-17 17:33:08.293477,,21-46059,7027,30025,49.94222,13.475736,KC-46A Pegasus,289,472,False
ae2fad,RCH313,2025-06-17 17:33:08.293483,United States Air Force,08-8201,2667,32000,48.516763,18.466662,C-17A Globemaster,303,446,False
3b7775,FAF4098,2025-06-17 17:33:08.293490,Force Aerienne Francaise,497,4141,32000,36.084274,21.913719,KC-135R Stratotanker,300,473,False
ae5e0c,GOLD52,2025-06-17 17:33:08.293497,,17-46031,6457,38025,43.7,24.3,KC-46A Pegasus,,,True
ae056e,RCH4006,2025-06-17 17:33:08.293504,,86-0017,6037,13575,35.6,-6.0,C-5M Galaxy,334,366,True
ae10b5,RCH321,2025-06-17 17:34:08.944396,United States Air Force,01-0186,1144,33000,52.963727,1.088735,C-17A Globemaster,111,515,False
ae574f,GOLD32,2025-06-17 17:34:08.944416,,15-46009,2525,16050,49.976728,9.748807,KC-46A Pegasus,250,342,False
ae63b7,GOLD72,2025-06-17 17:34:08.944424,,20-46075,3550,33675,50.190744,11.597301,KC-46A Pegasus,271,452,False
ae5fa6,GOLD42,2025-06-17 17:34:08.944429,,21-46059,7027,30025,49.982827,13.294938,KC-46A Pegasus,289,472,False
ae2fad,RCH313,2025-06-17 17:34:08.944434,United States Air Force,08-8201,2667,32000,48.594272,18.300397,C-17A Globemaster,305,459,False
3b7775,FAF4098,2025-06-17 17:34:08.944440,Force Aerienne Francaise,497,4141,32000,36.151164,21.771513,KC-135R Stratotanker,300,473,False
ae056e,RCH4006,2025-06-17 17:34:08.944448,,86-0017,6037,15925,35.6,-6.0,C-5M Galaxy,332,376,True
ae5e0c,GOLD52,2025-06-17 17:34:08.944454,,17-46031,6457,38000,43.7,24.3,KC-46A Pegasus,,,True
ae10b5,RCH321,2025-06-17 17:35:09.604931,United States Air Force,01-0186,1144,33000,52.913077,1.314333,C-17A Globemaster,110,512,False
ae574f,GOLD32,2025-06-17 17:35:09.604950,,15-46009,2525,16000,49.942731,9.610178,KC-46A Pegasus,249,339,False
ae63b7,GOLD72,2025-06-17 17:35:09.604957,,20-46075,3550,32125,50.192919,11.40731,KC-46A Pegasus,270,460,False
ae5fa6,GOLD42,2025-06-17 17:35:09.604962,,21-46059,7027,30025,50.027972,13.091611,KC-46A Pegasus,288,461,False
ae2fad,RCH313,2025-06-17 17:35:09.604967,United States Air Force,08-8201,2667,32000,48.664697,18.149758,C-17A Globemaster,302,426,False
3b7775,FAF4098,2025-06-17 17:35:09.604973,Force Aerienne Francaise,497,4141,32000,36.217781,21.629392,KC-135R Stratotanker,299,472,False
ae5e0c,GOLD52,2025-06-17 17:35:09.604979,,17-46031,6457,38000,45.5,24.0,KC-46A Pegasus,,,True
ae056e,RCH4006,2025-06-17 17:35:09.604986,,86-0017,6037,17725,35.6,-6.0,C-5M Galaxy,292,388,True
ae10b5,RCH321,2025-06-17 17:36:10.698486,United States Air Force,01-0186,1144,33000,52.865072,1.527171,C-17A Globemaster,110,502,False
ae574f,GOLD32,2025-06-17 17:36:10.698506,,15-46009,2525,16000,49.916058,9.495528,KC-46A Pegasus,251,334,False
ae63b7,GOLD72,2025-06-17 17:36:10.698514,,20-46075,3550,30025,50.190219,11.195765,KC-46A Pegasus,260,458,False
ae5fa6,GOLD42,2025-06-17 17:36:10.698520,,21-46059,7027,30025,50.070086,12.901035,KC-46A Pegasus,289,459,False
ae2fad,RCH313,2025-06-17 17:36:10.698525,United States Air Force,08-8201,2667,32000,48.737672,17.990484,C-17A Globemaster,304,438,False
3b7775,FAF4098,2025-06-17 17:36:10.698532,Force Aerienne Francaise,497,4141,32000,36.284583,21.486219,KC-135R Stratotanker,299,472,False
ae056e,RCH4006,2025-06-17 17:36:10.698539,,86-0017,6037,19900,35.6,-6.0,C-5M Galaxy,253,388,True
ae5e0c,GOLD52,2025-06-17 17:36:10.698545,,17-46031,6457,38000,43.7,24.1,KC-46A Pegasus,,,True
ae10b5,RCH321,2025-06-17 17:37:11.614003,United States Air Force,01-0186,1144,33000,52.812858,1.743632,C-17A Globemaster,112,500,False
ae574f,GOLD32,2025-06-17 17:37:11.614026,,15-46009,2525,14575,49.880352,9.369408,KC-46A Pegasus,244,314,False
ae63b7,GOLD72,2025-06-17 17:37:11.614036,,20-46075,3550,27925,50.162583,11.010493,KC-46A Pegasus,255,438,False
ae5fa6,GOLD42,2025-06-17 17:37:11.614043,,21-46059,7027,30000,50.114665,12.694785,KC-46A Pegasus,288,474,False
ae2fad,RCH313,2025-06-17 17:37:11.614050,United States Air Force,08-8201,2667,32000,48.807093,17.837311,C-17A Globemaster,305,452,False
3b7775,FAF4098,2025-06-17 17:37:11.614058,Force Aerienne Francaise,497,4141,32000,36.351106,21.343105,KC-135R Stratotanker,299,473,False
ae5e0c,GOLD52,2025-06-17 17:37:11.614066,,17-46031,6457,38000,43.7,24.1,KC-46A Pegasus,,,True
ae056e,RCH4006,2025-06-17 17:37:11.614074,,86-0017,6037,21750,35.6,-6.0,C-5M Galaxy,257,406,True
ae10b5,RCH321,2025-06-17 17:38:12.747278,United States Air Force,01-0186,1144,33000,52.759742,1.964073,C-17A Globemaster,111,488,False
ae574f,GOLD32,2025-06-17 17:38:12.747299,,15-46009,2525,13425,49.833858,9.220548,KC-46A Pegasus,246,293,False
ae63b7,GOLD72,2025-06-17 17:38:12.747308,,20-46075,3550,25800,50.132527,10.823594,KC-46A Pegasus,255,422,False
ae5fa6,GOLD42,2025-06-17 17:38:12.747314,,21-46059,7027,30000,50.154193,12.509562,KC-46A Pegasus,288,467,False
ae2fad,RCH313,2025-06-17 17:38:12.747321,United States Air Force,08-8201,2667,32000,48.87859,17.671697,C-17A Globemaster,298,459,False
3b7775,FAF4098,2025-06-17 17:38:12.747327,Force Aerienne Francaise,497,4141,32000,36.417117,21.200399,KC-135R Stratotanker,299,472,False
ae5e0c,GOLD52,2025-06-17 17:38:12.747334,,17-46031,6457,38000,45.5,24.0,KC-46A Pegasus,,,True
ae056e,RCH4006,2025-06-17 17:38:12.747342,,86-0017,6037,23800,35.6,-6.0,C-5M Galaxy,262,410,True
ae10b5,RCH321,2025-06-17 17:39:13.439988,United States Air Force,01-0186,1144,32975,52.712406,2.167114,C-17A Globemaster,111,521,False
ae574f,GOLD32,2025-06-17 17:39:13.440007,,15-46009,2525,12325,49.799588,9.109417,KC-46A Pegasus,246,288,False
ae63b7,GOLD72,2025-06-17 17:39:13.440015,,20-46075,3550,24050,50.105252,10.653937,KC-46A Pegasus,255,410,False
ae5fa6,GOLD42,2025-06-17 17:39:13.440021,,21-46059,6476,30000,50.188344,12.308876,KC-46A Pegasus,277,478,False
ae2fad,RCH313,2025-06-17 17:39:13.440026,United States Air Force,08-8201,2667,32000,48.934085,17.503567,C-17A Globemaster,296,463,False
3b7775,FAF4098,2025-06-17 17:39:13.440032,Force Aerienne Francaise,497,4141,32000,36.482058,21.059564,KC-135R Stratotanker,299,472,False
ae056e,RCH4006,2025-06-17 17:39:13.440040,,86-0017,6037,25200,35.6,-6.0,C-5M Galaxy,280,426,True
ae5e0c,GOLD52,2025-06-17 17:39:13.440046,,17-46031,6457,38025,43.7,24.3,KC-46A Pegasus,,,True
ae10b5,RCH321,2025-06-17 17:40:14.135296,United States Air Force,01-0186,1144,33000,52.651634,2.387372,C-17A Globemaster,112,496,False
ae574f,GOLD32,2025-06-17 17:40:14.135314,,15-46009,2525,11100,49.763967,8.998294,KC-46A Pegasus,245,287,False
ae63b7,GOLD72,2025-06-17 17:40:14.135321,,20-46075,3550,24000,50.077564,10.491462,KC-46A Pegasus,255,412,False
ae5fa6,GOLD42,2025-06-17 17:40:14.135327,,21-46059,6476,30025,50.190084,12.109548,KC-46A Pegasus,269,471,False
ae2fad,RCH313,2025-06-17 17:40:14.135332,United States Air Force,08-8201,2667,32000,48.990389,17.333012,C-17A Globemaster,296,453,False
3b7775,FAF4098,2025-06-17 17:40:14.135337,Force Aerienne Francaise,497,4141,32000,36.547806,20.916367,KC-135R Stratotanker,299,471,False
ae056e,RCH4006,2025-06-17 17:40:14.135345,,86-0017,6037,26750,35.6,-6.0,C-5M Galaxy,280,430,True
ae5e0c,GOLD52,2025-06-17 17:40:14.135351,,17-46031,6457,38000,45.5,24.0,KC-46A Pegasus,,,True
ae10b5,RCH321,2025-06-17 17:41:15.004497,United States Air Force,01-0186,1144,33000,52.60605,2.557183,C-17A Globemaster,113,492,False
ae574f,GOLD32,2025-06-17 17:41:15.004515,,15-46009,2525,9975,49.730682,8.890242,KC-46A Pegasus,242,268,False
ae63b7,GOLD72,2025-06-17 17:41:15.004523,,20-46075,3550,24000,50.048833,10.313054,KC-46A Pegasus,255,414,False
ae5fa6,GOLD42,2025-06-17 17:41:15.004529,,21-46059,6476,30025,50.175696,11.896299,KC-46A Pegasus,256,483,False
ae2fad,RCH313,2025-06-17 17:41:15.004534,United States Air Force,08-8201,2667,32000,49.043352,17.154182,C-17A Globemaster,291,446,False
3b7775,FAF4098,2025-06-17 17:41:15.004540,Force Aerienne Francaise,497,4141,32000,36.613724,20.772171,KC-135R Stratotanker,299,471,False
ae5e0c,GOLD52,2025-06-17 17:41:15.004547,,17-46031,6457,38000,45.5,24.0,KC-46A Pegasus,,,True
ae056e,RCH4006,2025-06-17 17:41:15.004553,,86-0017,6037,27975,35.6,-6.0,C-5M Galaxy,279,444,True
ae10b5,RCH321,2025-06-17 17:42:16.007647,United States Air Force,01-0186,1144,33000,52.535266,2.815314,C-17A Globemaster,121,508,False
ae574f,GOLD32,2025-06-17 17:42:16.007666,,15-46009,2525,8825,49.707699,8.8184,KC-46A Pegasus,237,281,False
ae63b7,GOLD72,2025-06-17 17:42:16.007673,,20-46075,3550,23550,50.018156,10.130349,KC-46A Pegasus,255,406,False
ae5fa6,GOLD42,2025-06-17 17:42:16.007679,,21-46059,6476,30025,50.150299,11.695306,KC-46A Pegasus,259,490,False
ae2fad,RCH313,2025-06-17 17:42:16.007685,United States Air Force,08-8201,2667,32000,49.088035,16.981116,C-17A Globemaster,290,455,False
3b7775,FAF4098,2025-06-17 17:42:16.007690,Force Aerienne Francaise,497,4141,32000,36.678601,20.629578,KC-135R Stratotanker,299,469,False
ae056e,RCH4006,2025-06-17 17:42:16.007698,,86-0017,6037,29375,35.6,-6.0,C-5M Galaxy,279,446,True
ae5e0c,GOLD52,2025-06-17 17:42:16.007704,,17-46031,6457,38025,45.5,24.0,KC-46A Pegasus,,,True
ae10b5,RCH321,2025-06-17 17:43:17.144895,United States Air Force,01-0186,1144,33000,52.484351,2.998448,C-17A Globemaster,117,471,False
ae574f,GOLD32,2025-06-17 17:43:17.144913,,15-46009,2525,7625,49.666171,8.681488,KC-46A Pegasus,245,269,False
ae63b7,GOLD72,2025-06-17 17:43:17.144920,,20-46075,3550,20800,49.988683,9.963036,KC-46A Pegasus,255,396,False
ae5fa6,GOLD42,2025-06-17 17:43:17.144926,,21-46059,6476,29375,50.128899,11.557,KC-46A Pegasus,259,462,False
ae2fad,RCH313,2025-06-17 17:43:17.144932,United States Air Force,08-8201,2667,32000,49.137269,16.796786,C-17A Globemaster,293,448,False
3b7775,FAF4098,2025-06-17 17:43:17.144937,Force Aerienne Francaise,497,4141,32000,36.744147,20.485002,KC-135R Stratotanker,299,470,False
ae5e0c,GOLD52,2025-06-17 17:43:17.144944,,17-46031,6457,38000,48.5,17.6,KC-46A Pegasus,,,True
ae056e,RCH4006,2025-06-17 17:43:17.144950,,86-0017,6037,30875,40.4,-10.1,C-5M Galaxy,279,444,True
ae10b5,RCH321,2025-06-17 17:44:17.789891,United States Air Force,01-0186,1144,33000,52.41895,3.226961,C-17A Globemaster,114,477,False
ae574f,GOLD32,2025-06-17 17:44:17.789909,,15-46009,2525,6375,49.632991,8.579515,KC-46A Pegasus,244,270,False
ae63b7,GOLD72,2025-06-17 17:44:17.789915,,20-46075,3550,17675,49.961758,9.79621,KC-46A Pegasus,248,382,False
ae5fa6,GOLD42,2025-06-17 17:44:17.789921,,21-46059,6476,28325,50.096997,11.288422,KC-46A Pegasus,262,488,False
ae2fad,RCH313,2025-06-17 17:44:17.789925,United States Air Force,08-8201,2667,32000,49.172501,16.661699,C-17A Globemaster,291,455,False
3b7775,FAF4098,2025-06-17 17:44:17.789930,Force Aerienne Francaise,497,4141,32000,36.808823,20.341473,KC-135R Stratotanker,299,470,False
ae056e,RCH4006,2025-06-17 17:44:17.789936,,86-0017,6037,32300,40.4,-10.1,C-5M Galaxy,279,438,True
ae5e0c,GOLD52,2025-06-17 17:44:17.789941,,17-46031,6457,38000,45.5,24.0,KC-46A Pegasus,,,True
ae10b5,RCH321,2025-06-17 17:45:18.671445,United States Air Force,01-0186,1144,33000,52.356905,3.432259,C-17A Globemaster,113,484,False
ae574f,GOLD32,2025-06-17 17:45:18.671462,,15-46009,2525,5025,49.599412,8.476089,KC-46A Pegasus,245,265,False
ae63b7,GOLD72,2025-06-17 17:45:18.671468,,20-46075,3550,14775,49.918315,9.647145,KC-46A Pegasus,246,368,False
ae5fa6,GOLD42,2025-06-17 17:45:18.671474,,21-46059,6476,27025,50.0742,11.123,KC-46A Pegasus,258,481,False
ae2fad,RCH313,2025-06-17 17:45:18.671478,United States Air Force,08-8201,2667,32000,49.2206,16.4725,C-17A Globemaster,291,452,False
3b7775,FAF4098,2025-06-17 17:45:18.671483,Force Aerienne Francaise,497,4141,32000,36.871124,20.203156,KC-135R Stratotanker,299,468,False
ae5e0c,GOLD52,2025-06-17 17:45:18.671488,,17-46031,6457,38000,45.5,24.0,KC-46A Pegasus,,,True
ae056e,RCH4006,2025-06-17 17:45:18.671493,,86-0017,6037,33400,38.5,-9.0,C-5M Galaxy,279,436,True
ae10b5,RCH321,2025-06-17 17:46:19.551768,United States Air Force,01-0186,1144,33000,52.296759,3.633444,C-17A Globemaster,114,487,False
ae574f,GOLD32,2025-06-17 17:46:19.551785,,15-46009,2525,3775,49.567979,8.377039,KC-46A Pegasus,244,261,False
ae63b7,GOLD72,2025-06-17 17:46:19.551791,,20-46075,3550,12550,49.879501,9.505825,KC-46A Pegasus,246,360,False
ae5fa6,GOLD42,2025-06-17 17:46:19.551797,,21-46059,6476,25575,50.043418,10.892597,KC-46A Pegasus,258,457,False
ae2fad,RCH313,2025-06-17 17:46:19.551802,United States Air Force,08-8201,2667,32000,49.261799,16.3144,C-17A Globemaster,291,454,False
3b7775,FAF4098,2025-06-17 17:46:19.551807,Force Aerienne Francaise,497,4141,32000,36.936996,20.055893,KC-135R Stratotanker,299,469,False
ae5e0c,GOLD52,2025-06-17 17:46:19.551813,,17-46031,6457,38000,45.5,24.0,KC-46A Pegasus,,,True
ae056e,RCH4006,2025-06-17 17:46:19.551819,,86-0017,6037,34550,40.4,-9.0,C-5M Galaxy,279,430,True
ae10b5,RCH321,2025-06-17 17:47:20.510448,United States Air Force,01-0186,1144,32975,52.234416,3.836199,C-17A Globemaster,116,487,False
ae574f,GOLD32,2025-06-17 17:47:20.510471,,15-46009,2525,3750,49.534557,8.272618,KC-46A Pegasus,244,274,False
ae63b7,GOLD72,2025-06-17 17:47:20.510480,,20-46075,3550,11225,49.843302,9.369609,KC-46A Pegasus,246,334,False
ae5fa6,GOLD42,2025-06-17 17:47:20.510489,,21-46059,6476,24075,50.020302,10.7208,KC-46A Pegasus,258,449,False
ae2fad,RCH313,2025-06-17 17:47:20.510495,United States Air Force,08-8201,2667,32000,49.321689,16.078242,C-17A Globemaster,288,440,False
3b7775,FAF4098,2025-06-17 17:47:20.510502,Force Aerienne Francaise,497,4141,32000,37.001115,19.911824,KC-135R Stratotanker,298,467,False
ae5e0c,GOLD52,2025-06-17 17:47:20.510511,,17-46031,6457,38000,47.6,17.6,KC-46A Pegasus,,,True
ae056e,RCH4006,2025-06-17 17:47:20.510518,,86-0017,6037,35300,40.4,-9.0,C-5M Galaxy,279,430,True
ae10b5,RCH321,2025-06-17 17:48:21.656466,United States Air Force,01-0186,1144,32975,52.17171,4.047318,C-17A Globemaster,116,491,False
ae574f,GOLD32,2025-06-17 17:48:21.656482,,15-46009,2525,3750,49.499734,8.166452,KC-46A Pegasus,244,268,False
ae63b7,GOLD72,2025-06-17 17:48:21.656488,,20-46075,3550,10325,49.803183,9.237107,KC-46A Pegasus,246,302,False
ae5fa6,GOLD42,2025-06-17 17:48:21.656492,,21-46059,6476,24025,49.989839,10.501662,KC-46A Pegasus,256,446,False
ae2fad,RCH313,2025-06-17 17:48:21.656497,United States Air Force,08-8201,2667,32000,49.374616,15.88721,C-17A Globemaster,298,456,False
3b7775,FAF4098,2025-06-17 17:48:21.656502,Force Aerienne Francaise,497,4141,32000,37.065869,19.765658,KC-135R Stratotanker,298,465,False
ae5e0c,GOLD52,2025-06-17 17:48:21.656507,,17-46031,6457,38000,49.1,17.1,KC-46A Pegasus,,,True
ae056e,RCH4006,2025-06-17 17:48:21.656512,,86-0017,6037,35800,38.5,-9.0,C-5M Galaxy,279,436,True
ae10b5,RCH321,2025-06-17 17:49:22.805226,United States Air Force,01-0186,1144,33000,52.113678,4.234561,C-17A Globemaster,117,496,False
ae574f,GOLD32,2025-06-17 17:49:22.805243,,15-46009,2525,3750,49.465346,8.061845,KC-46A Pegasus,239,273,False
ae63b7,GOLD72,2025-06-17 17:49:22.805250,,20-46075,3550,10000,49.770782,9.121654,KC-46A Pegasus,246,278,False
ae5fa6,GOLD42,2025-06-17 17:49:22.805255,,21-46059,6476,24000,49.9725,10.3756,KC-46A Pegasus,255,425,False
ae2fad,RCH313,2025-06-17 17:49:22.805260,United States Air Force,08-8201,2667,32000,49.417725,15.697209,C-17A Globemaster,290,465,False
3b7775,FAF4098,2025-06-17 17:49:22.805266,Force Aerienne Francaise,497,4141,32000,37.12932,19.62194,KC-135R Stratotanker,298,466,False
ae056e,RCH4006,2025-06-17 17:49:22.805273,,86-0017,6037,36000,38.5,-9.0,C-5M Galaxy,279,436,True
ae5e0c,GOLD52,2025-06-17 17:49:22.805279,,17-46031,6457,38025,48.0,19.5,KC-46A Pegasus,,,True
ae10b5,RCH321,2025-06-17 17:50:23.721587,United States Air Force,01-0186,1144,33000,52.048393,4.446994,C-17A Globemaster,117,491,False
ae574f,GOLD32,2025-06-17 17:50:23.721608,,15-46009,2525,3750,49.451615,7.95816,KC-46A Pegasus,276,233,False
ae63b7,GOLD72,2025-06-17 17:50:23.721616,,20-46075,3550,10000,49.740861,9.014453,KC-46A Pegasus,246,276,False
ae5fa6,GOLD42,2025-06-17 17:50:23.721621,,21-46059,6476,24000,49.945599,10.1865,KC-46A Pegasus,258,433,False
ae2fad,RCH313,2025-06-17 17:50:23.721628,United States Air Force,08-8201,2667,32000,49.460233,15.521816,C-17A Globemaster,292,454,False
3b7775,FAF4098,2025-06-17 17:50:23.721634,Force Aerienne Francaise,497,4141,32000,37.192771,19.477386,KC-135R Stratotanker,298,467,False
ae5e0c,GOLD52,2025-06-17 17:50:23.721641,,17-46031,6457,38000,47.8,19.6,KC-46A Pegasus,,,True
ae056e,RCH4006,2025-06-17 17:50:23.721648,,86-0017,6037,36000,38.0,-9.3,C-5M Galaxy,278,436,True
ae10b5,RCH321,2025-06-17 17:51:24.774982,United States Air Force,01-0186,1144,33000,51.988083,4.636246,C-17A Globemaster,117,493,False
ae574f,GOLD32,2025-06-17 17:51:24.775007,,15-46009,2525,3600,49.445428,7.866251,KC-46A Pegasus,260,168,False
ae63b7,GOLD72,2025-06-17 17:51:24.775016,,20-46075,3550,10000,49.70977,8.905397,KC-46A Pegasus,246,276,False
ae5fa6,GOLD42,2025-06-17 17:51:24.775023,,21-46059,6476,24000,49.918499,10.0014,KC-46A Pegasus,256,435,False
ae2fad,RCH313,2025-06-17 17:51:24.775030,United States Air Force,08-8201,2667,32000,49.485298,15.4233,C-17A Globemaster,289,448,False
3b7775,FAF4098,2025-06-17 17:51:24.775036,Force Aerienne Francaise,497,4141,32000,37.252218,19.34161,KC-135R Stratotanker,298,468,False
ae056e,RCH4006,2025-06-17 17:51:24.775046,,86-0017,6037,36000,38.0,-9.3,C-5M Galaxy,278,432,True
ae5e0c,GOLD52,2025-06-17 17:51:24.775052,,17-46031,6457,37850,48.5,17.6,KC-46A Pegasus,,,True
ae10b5,RCH321,2025-06-17 17:52:25.444280,United States Air Force,01-0186,1144,33000,51.923895,4.843368,C-17A Globemaster,118,481,False
ae574f,GOLD32,2025-06-17 17:52:25.444298,,15-46009,2525,2675,49.446512,7.807526,KC-46A Pegasus,268,165,False
ae63b7,GOLD72,2025-06-17 17:52:25.444306,,20-46075,3550,10000,49.678888,8.793906,KC-46A Pegasus,246,278,False
ae5fa6,GOLD42,2025-06-17 17:52:25.444311,,21-46059,6476,23300,49.894501,9.8295,KC-46A Pegasus,257,422,False
ae2fad,RCH313,2025-06-17 17:52:25.444317,United States Air Force,08-8201,2667,32000,49.530602,15.2372,C-17A Globemaster,290,442,False
3b7775,FAF4098,2025-06-17 17:52:25.444323,Force Aerienne Francaise,497,4141,32000,37.283967,19.268706,KC-135R Stratotanker,298,467,False
ae5e0c,GOLD52,2025-06-17 17:52:25.444329,,17-46031,6457,37050,47.311318,20.587857,KC-46A Pegasus,,,False
ae056e,RCH4006,2025-06-17 17:52:25.444337,,86-0017,6037,36000,38.5,-9.0,C-5M Galaxy,278,434,True
ae10b5,RCH321,2025-06-17 17:53:26.460895,United States Air Force,01-0186,1144,32975,51.86398,5.029575,C-17A Globemaster,117,490,False
ae574f,GOLD32,2025-06-17 17:53:26.460913,,15-46009,2525,1900,49.440773,7.730314,KC-46A Pegasus,265,143,False
ae63b7,GOLD72,2025-06-17 17:53:26.460921,,20-46075,3550,9800,49.647062,8.684134,KC-46A Pegasus,245,280,False
ae5fa6,GOLD42,2025-06-17 17:53:26.460926,,21-46059,6476,22600,49.8657,9.6635,KC-46A Pegasus,254,407,False
ae2fad,RCH313,2025-06-17 17:53:26.460933,United States Air Force,08-8201,2667,32000,49.593485,14.97758,C-17A Globemaster,290,445,False
3b7775,FAF4098,2025-06-17 17:53:26.460939,Force Aerienne Francaise,497,4141,32000,37.380386,19.046436,KC-135R Stratotanker,298,467,False
ae5e0c,GOLD52,2025-06-17 17:53:26.460945,,17-46031,6457,35900,47.466463,20.343834,KC-46A Pegasus,,,False
ae056e,RCH4006,2025-06-17 17:53:26.460952,,86-0017,6037,36000,38.2,-9.8,C-5M Galaxy,278,444,True
ae10b5,RCH321,2025-06-17 17:54:27.142292,United States Air Force,01-0186,1144,33000,51.797504,5.238359,C-17A Globemaster,116,489,False
ae574f,GOLD32,2025-06-17 17:54:27.142310,,15-46009,2525,1150,49.441506,7.714587,KC-46A Pegasus,274,145,False
ae63b7,GOLD72,2025-06-17 17:54:27.142317,,20-46075,3550,8775,49.616768,8.579105,KC-46A Pegasus,245,272,False
ae5fa6,GOLD42,2025-06-17 17:54:27.142322,,21-46059,6476,22200,49.816101,9.4783,KC-46A Pegasus,248,415,False
ae2fad,RCH313,2025-06-17 17:54:27.142328,United States Air Force,08-8201,2667,32000,49.635716,14.801379,C-17A Globemaster,290,440,False
3b7775,FAF4098,2025-06-17 17:54:27.142334,Force Aerienne Francaise,497,4141,32000,37.461319,18.912204,KC-135R Stratotanker,310,469,False
ae5e0c,GOLD52,2025-06-17 17:54:27.142340,,17-46031,6457,34500,47.533453,20.229739,KC-46A Pegasus,,,False
ae056e,RCH4006,2025-06-17 17:54:27.142347,,86-0017,6037,36000,38.5,-9.0,C-5M Galaxy,278,446,True
ae10b5,RCH321,2025-06-17 17:55:28.115759,United States Air Force,01-0186,1144,33000,51.732802,5.438083,C-17A Globemaster,118,493,False
ae63b7,GOLD72,2025-06-17 17:55:28.115776,,20-46075,3550,7750,49.584002,8.469671,KC-46A Pegasus,245,266,False
ae5fa6,GOLD42,2025-06-17 17:55:28.115782,,21-46059,6476,21150,49.780602,9.3333,KC-46A Pegasus,248,369,False
ae2fad,RCH313,2025-06-17 17:55:28.115788,United States Air Force,08-8201,2667,32000,49.678117,14.623145,C-17A Globemaster,290,445,False
3b7775,FAF4098,2025-06-17 17:55:28.115794,Force Aerienne Francaise,497,4141,32000,37.506719,18.845255,KC-135R Stratotanker,310,469,False
ae5e0c,GOLD52,2025-06-17 17:55:28.115800,,17-46031,6457,33250,47.657971,20.041428,KC-46A Pegasus,315,509,False
ae056e,RCH4006,2025-06-17 17:55:28.115808,,86-0017,6037,36000,38.2,-9.8,C-5M Galaxy,278,444,True
ae574f,GOLD32,2025-06-17 17:55:28.115815,,15-46009,2525,550,49.6,7.4,KC-46A Pegasus,,,True
ae10b5,RCH321,2025-06-17 17:56:29.084162,United States Air Force,01-0186,1144,33000,51.671994,5.626517,C-17A Globemaster,118,506,False
ae63b7,GOLD72,2025-06-17 17:56:29.084177,,20-46075,3550,6700,49.555606,8.370572,KC-46A Pegasus,245,264,False
ae5fa6,GOLD42,2025-06-17 17:56:29.084184,,21-46059,6476,20200,49.745701,9.1872,KC-46A Pegasus,250,369,False
ae2fad,RCH313,2025-06-17 17:56:29.084189,United States Air Force,08-8201,2667,32000,49.719473,14.446822,C-17A Globemaster,290,444,False
ae5e0c,GOLD52,2025-06-17 17:56:29.084195,,17-46031,6457,32175,47.732527,19.921507,KC-46A Pegasus,313,472,False
ae056e,RCH4006,2025-06-17 17:56:29.084203,,86-0017,6037,36000,38.2,-9.8,C-5M Galaxy,278,444,True
ae10b5,RCH321,2025-06-17 17:57:30.063886,United States Air Force,01-0186,1144,32150,51.583004,5.799015,C-17A Globemaster,155,507,False
ae63b7,GOLD72,2025-06-17 17:57:30.063904,,20-46075,3550,5600,49.523504,8.259778,KC-46A Pegasus,245,266,False
ae5fa6,GOLD42,2025-06-17 17:57:30.063910,,21-46059,6476,18900,49.708401,9.0372,KC-46A Pegasus,252,335,False
ae2fad,RCH313,2025-06-17 17:57:30.063916,United States Air Force,08-8201,2667,32000,49.763082,14.260705,C-17A Globemaster,290,438,False
3b7775,FAF4098,2025-06-17 17:57:30.063922,Force Aerienne Francaise,497,4141,32000,37.711349,18.544104,KC-135R Stratotanker,310,472,False
ae5e0c,GOLD52,2025-06-17 17:57:30.063927,,17-46031,6457,32000,47.835602,19.769083,KC-46A Pegasus,315,429,False
ae056e,RCH4006,2025-06-17 17:57:30.063936,,86-0017,6037,36000,38.2,-9.8,C-5M Galaxy,278,444,True
ae4d68,RCH289,2025-06-17 17:57:30.063942,United States Air Force,10-0215,3310,20075,31.0,34.0,C-17A Globemaster,,,True
ae10b5,RCH321,2025-06-17 17:58:30.728958,United States Air Force,01-0186,1144,30650,51.478999,5.915528,C-17A Globemaster,145,475,False
ae63b7,GOLD72,2025-06-17 17:58:30.728976,,20-46075,3550,4475,49.493713,8.157612,KC-46A Pegasus,245,262,False
ae5fa6,GOLD42,2025-06-17 17:58:30.728982,,21-46059,6476,17650,49.675598,8.9027,KC-46A Pegasus,249,283,False
ae2fad,RCH313,2025-06-17 17:58:30.728988,United States Air Force,08-8201,2667,32000,49.804135,14.082766,C-17A Globemaster,288,438,False
3b7775,FAF4098,2025-06-17 17:58:30.728994,Force Aerienne Francaise,497,4141,32000,37.806335,18.403385,KC-135R Stratotanker,310,473,False
ae5e0c,GOLD52,2025-06-17 17:58:30.728999,,17-46031,6457,32000,47.938344,19.607642,KC-46A Pegasus,313,476,False
ae4d68,RCH289,2025-06-17 17:58:30.729007,United States Air Force,10-0215,3310,21925,31.3,33.0,C-17A Globemaster,,,True
ae056e,RCH4006,2025-06-17 17:58:30.729013,,86-0017,6037,36000,38.2,-9.8,C-5M Galaxy,278,444,True
ae10b5,RCH321,2025-06-17 17:59:31.687456,United States Air Force,01-0186,1144,29175,51.366559,6.038767,C-17A Globemaster,146,467,False
ae63b7,GOLD72,2025-06-17 17:59:31.687475,,20-46075,3550,3725,49.463425,8.056061,KC-46A Pegasus,245,256,False
ae5fa6,GOLD42,2025-06-17 17:59:31.687481,,21-46059,6476,14625,49.637936,8.749544,KC-46A Pegasus,249,300,False
ae2fad,RCH313,2025-06-17 17:59:31.687487,United States Air Force,08-8201,2667,32000,49.830101,13.9713,C-17A Globemaster,289,439,False
3b7775,FAF4098,2025-06-17 17:59:31.687493,Force Aerienne Francaise,497,4141,32000,37.827604,18.371887,KC-135R Stratotanker,310,474,False
ae5e0c,GOLD52,2025-06-17 17:59:31.687498,,17-46031,6457,32000,48.024992,19.47406,KC-46A Pegasus,317,464,False
ae056e,RCH4006,2025-06-17 17:59:31.687506,,86-0017,6037,36000,40.4,-9.0,C-5M Galaxy,278,446,True
ae4d68,RCH289,2025-06-17 17:59:31.687511,United States Air Force,10-0215,3310,23000,31.0,34.0,C-17A Globemaster,,,True
ae10b5,RCH321,2025-06-17 18:00:32.347745,United States Air Force,01-0186,1144,27675,51.25965,6.15583,C-17A Globemaster,147,479,False
ae63b7,GOLD72,2025-06-17 18:00:32.347762,,20-46075,3550,3750,49.452246,7.96467,KC-46A Pegasus,265,208,False
ae5fa6,GOLD42,2025-06-17 18:00:32.347769,,21-46059,6476,11775,49.607887,8.630703,KC-46A Pegasus,247,298,False
ae2fad,RCH313,2025-06-17 18:00:32.347775,United States Air Force,08-8201,2667,32000,49.886385,13.724759,C-17A Globemaster,289,443,False
3b7775,FAF4098,2025-06-17 18:00:32.347780,Force Aerienne Francaise,497,4141,32000,37.974476,18.153056,KC-135R Stratotanker,310,477,False
ae5e0c,GOLD52,2025-06-17 18:00:32.347785,,17-46031,6457,32025,48.104789,19.334964,KC-46A Pegasus,308,521,False
ae4d68,RCH289,2025-06-17 18:00:32.347793,United States Air Force,10-0215,3310,23000,31.0,34.0,C-17A Globemaster,,,True
ae056e,RCH4006,2025-06-17 18:00:32.347799,,86-0017,6037,36000,40.4,-9.0,C-5M Galaxy,278,446,True
ae10b5,RCH321,2025-06-17 18:01:33.051635,United States Air Force,01-0186,1144,26150,51.143948,6.280533,C-17A Globemaster,146,467,False
ae63b7,GOLD72,2025-06-17 18:01:33.051652,,20-46075,3550,3700,49.44653,7.879744,KC-46A Pegasus,266,182,False
ae5fa6,GOLD42,2025-06-17 18:01:33.051659,,21-46059,6476,8475,49.579202,8.518319,KC-46A Pegasus,251,281,False
ae2fad,RCH313,2025-06-17 18:01:33.051665,United States Air Force,08-8201,2667,32000,49.92784,13.543261,C-17A Globemaster,289,429,False
3b7775,FAF4098,2025-06-17 18:01:33.051670,Force Aerienne Francaise,497,4141,32000,38.065113,18.01716,KC-135R Stratotanker,310,478,False
ae5e0c,GOLD52,2025-06-17 18:01:33.051675,,17-46031,6457,32000,48.190229,19.162126,KC-46A Pegasus,306,443,False
ae4d68,RCH289,2025-06-17 18:01:33.051683,United States Air Force,10-0215,3310,23000,31.0,34.0,C-17A Globemaster,,,True
ae056e,RCH4006,2025-06-17 18:01:33.051689,,86-0017,6037,36000,38.2,-9.8,C-5M Galaxy,277,448,True
ae10b5,RCH321,2025-06-17 18:02:33.760247,United States Air Force,01-0186,1144,24650,51.037105,6.394925,C-17A Globemaster,147,475,False
ae63b7,GOLD72,2025-06-17 18:02:33.760264,,20-46075,3550,2850,49.445273,7.807996,KC-46A Pegasus,266,160,False
ae5fa6,GOLD42,2025-06-17 18:02:33.760272,,21-46059,6476,6000,49.553381,8.413987,KC-46A Pegasus,250,234,False
ae2fad,RCH313,2025-06-17 18:02:33.760278,United States Air Force,08-8201,2667,32000,49.968146,13.36178,C-17A Globemaster,288,449,False
3b7775,FAF4098,2025-06-17 18:02:33.760283,Force Aerienne Francaise,497,4141,32000,38.141968,17.90152,KC-135R Stratotanker,310,479,False
ae5e0c,GOLD52,2025-06-17 18:02:33.760289,,17-46031,6457,32000,48.268846,18.996704,KC-46A Pegasus,305,502,False
ae056e,RCH4006,2025-06-17 18:02:33.760296,,86-0017,6037,36000,40.4,-9.0,C-5M Galaxy,277,450,True
ae4d68,RCH289,2025-06-17 18:02:33.760301,United States Air Force,10-0215,3310,23000,31.3,33.0,C-17A Globemaster,,,True
ae10b5,RCH321,2025-06-17 18:03:34.944284,United States Air Force,01-0186,1144,23150,50.927831,6.513013,C-17A Globemaster,146,478,False
ae63b7,GOLD72,2025-06-17 18:03:34.944301,,20-46075,3550,2075,49.443455,7.743571,KC-46A Pegasus,266,148,False
ae5fa6,GOLD42,2025-06-17 18:03:34.944308,,21-46059,6476,4025,49.530059,8.318757,KC-46A Pegasus,249,209,False
ae2fad,RCH313,2025-06-17 18:03:34.944314,United States Air Force,08-8201,2667,32000,50.005837,13.189532,C-17A Globemaster,288,428,False
3b7775,FAF4098,2025-06-17 18:03:34.944320,Force Aerienne Francaise,497,4141,32000,38.198951,17.815466,KC-135R Stratotanker,309,481,False
ae5e0c,GOLD52,2025-06-17 18:03:34.944325,,17-46031,6457,32000,48.343827,18.835968,KC-46A Pegasus,306,468,False
ae056e,RCH4006,2025-06-17 18:03:34.944332,,86-0017,6037,36000,40.4,-9.0,C-5M Galaxy,277,454,True
ae10b5,RCH321,2025-06-17 18:04:35.590754,United States Air Force,01-0186,1144,21600,50.816506,6.630312,C-17A Globemaster,147,455,False
ae63b7,GOLD72,2025-06-17 18:04:35.590771,,20-46075,3550,1300,49.441078,7.71492,KC-46A Pegasus,266,148,False
ae5fa6,GOLD42,2025-06-17 18:04:35.590778,,21-46059,6476,3725,49.505477,8.22471,KC-46A Pegasus,248,203,False
ae2fad,RCH313,2025-06-17 18:04:35.590785,United States Air Force,08-8201,2667,32000,50.048226,12.999652,C-17A Globemaster,289,439,False
3b7775,FAF4098,2025-06-17 18:04:35.590790,Force Aerienne Francaise,497,4141,32000,38.305555,17.654014,KC-135R Stratotanker,309,482,False
ae5e0c,GOLD52,2025-06-17 18:04:35.590796,,17-46031,6457,32000,48.422542,18.670718,KC-46A Pegasus,306,474,False
ae056e,RCH4006,2025-06-17 18:04:35.590804,,86-0017,6037,36000,40.4,-9.0,C-5M Galaxy,277,456,True
ae10b5,RCH321,2025-06-17 18:05:36.814138,United States Air Force,01-0186,1144,20975,50.711121,6.742659,C-17A Globemaster,147,452,False
ae5fa6,GOLD42,2025-06-17 18:05:36.814156,,21-46059,6476,3725,49.485082,8.141714,KC-46A Pegasus,252,203,False
ae2fad,RCH313,2025-06-17 18:05:36.814164,United States Air Force,08-8201,2667,32000,50.087952,12.817335,C-17A Globemaster,289,442,False
ae5e0c,GOLD52,2025-06-17 18:05:36.814169,,17-46031,6457,32000,48.496952,18.510884,KC-46A Pegasus,305,462,False
3b7775,FAF4098,2025-06-17 18:05:36.814177,Force Aerienne Francaise,497,4141,32000,37.0,15.8,KC-135R Stratotanker,,,True
ae056e,RCH4006,2025-06-17 18:05:36.814182,,86-0017,6037,36000,40.4,-9.0,C-5M Galaxy,277,456,True
ae63b7,GOLD72,2025-06-17 18:05:36.814189,,20-46075,3550,725,49.6,7.5,KC-46A Pegasus,,,True
ae10b5,RCH321,2025-06-17 18:06:38.456638,United States Air Force,01-0186,1144,20975,50.611267,6.849507,C-17A Globemaster,146,451,False
ae5fa6,GOLD42,2025-06-17 18:06:38.456656,,21-46059,6476,3750,49.466144,8.062414,KC-46A Pegasus,252,166,False
ae2fad,RCH313,2025-06-17 18:06:38.456664,United States Air Force,08-8201,2667,32000,50.125296,12.640879,C-17A Globemaster,287,438,False
3b7775,FAF4098,2025-06-17 18:06:38.456670,Force Aerienne Francaise,497,4141,32000,37.0,15.7,KC-135R Stratotanker,,,True
ae5e0c,GOLD52,2025-06-17 18:06:38.456675,,17-46031,6457,32000,48.572521,18.346524,KC-46A Pegasus,304,447,False
ae056e,RCH4006,2025-06-17 18:06:38.456683,,86-0017,6037,36000,40.4,-9.0,C-5M Galaxy,277,454,True
ae10b5,RCH321,2025-06-17 18:07:39.932082,United States Air Force,01-0186,1144,20400,50.503967,6.961498,C-17A Globemaster,145,458,False
ae5fa6,GOLD42,2025-06-17 18:07:39.932099,,21-46059,6476,3725,49.451688,7.984125,KC-46A Pegasus,269,187,False
ae2fad,RCH313,2025-06-17 18:07:39.932107,United States Air Force,08-8201,2667,32000,50.1591,12.4965,C-17A Globemaster,288,447,False
3b7775,FAF4098,2025-06-17 18:07:39.932114,Force Aerienne Francaise,497,4141,32000,37.0,15.6,KC-135R Stratotanker,,,True
ae5e0c,GOLD52,2025-06-17 18:07:39.932119,,17-46031,6457,32000,48.647022,18.187758,KC-46A Pegasus,305,472,False
ae056e,RCH4006,2025-06-17 18:07:39.932126,,86-0017,6037,36000,40.4,-9.0,C-5M Galaxy,277,456,True
ae10b5,RCH321,2025-06-17 18:08:40.799761,United States Air Force,01-0186,1144,18425,50.395693,7.071487,C-17A Globemaster,146,438,False
ae5fa6,GOLD42,2025-06-17 18:08:40.799778,,21-46059,6476,3725,49.44975,7.910011,KC-46A Pegasus,262,193,False
ae2fad,RCH313,2025-06-17 18:08:40.799799,United States Air Force,08-8201,2667,32000,50.190601,12.275207,C-17A Globemaster,267,452,False
3b7775,FAF4098,2025-06-17 18:08:40.799804,Force Aerienne Francaise,497,4141,32000,37.1,15.6,KC-135R Stratotanker,,,True
ae5e0c,GOLD52,2025-06-17 18:08:40.799809,,17-46031,6457,32025,48.721446,18.025178,KC-46A Pegasus,305,474,False
ae056e,RCH4006,2025-06-17 18:08:40.799816,,86-0017,6037,36000,40.4,-9.0,C-5M Galaxy,277,456,True
ae10b5,RCH321,2025-06-17 18:09:41.926145,United States Air Force,01-0186,1144,16350,50.300973,7.171798,C-17A Globemaster,147,411,False
ae5fa6,GOLD42,2025-06-17 18:09:41.926163,,21-46059,6476,3100,49.44675,7.831963,KC-46A Pegasus,274,175,False
ae2fad,RCH313,2025-06-17 18:09:41.926171,United States Air Force,08-8201,2667,32000,50.189786,12.072444,C-17A Globemaster,270,433,False
3b7775,FAF4098,2025-06-17 18:09:41.926177,Force Aerienne Francaise,497,4141,32000,37.1,15.6,KC-135R Stratotanker,,,True
ae5e0c,GOLD52,2025-06-17 18:09:41.926182,,17-46031,6457,32000,48.800073,17.854977,KC-46A Pegasus,306,467,False
ae056e,RCH4006,2025-06-17 18:09:41.926189,,86-0017,6037,36000,40.4,-9.0,C-5M Galaxy,277,458,True
ae10b5,RCH321,2025-06-17 18:10:42.905563,United States Air Force,01-0186,1144,14375,50.202799,7.27109,C-17A Globemaster,148,403,False
ae5fa6,GOLD42,2025-06-17 18:10:42.905578,,21-46059,6476,2250,49.445321,7.756692,KC-46A Pegasus,264,166,False
ae2fad,RCH313,2025-06-17 18:10:42.905585,United States Air Force,08-8201,2667,31700,50.18885,11.877121,C-17A Globemaster,270,451,False
3b7775,FAF4098,2025-06-17 18:10:42.905590,Force Aerienne Francaise,497,4141,32000,37.1,15.6,KC-135R Stratotanker,,,True
ae5e0c,GOLD52,2025-06-17 18:10:42.905594,,17-46031,6457,32000,48.871025,17.691675,KC-46A Pegasus,302,473,False
ae056e,RCH4006,2025-06-17 18:10:42.905601,,86-0017,6037,Unavailable,40.0,-10.6,C-5M Galaxy,,,True
ae10b5,RCH321,2025-06-17 18:11:43.981052,United States Air Force,01-0186,1144,12300,50.113891,7.362332,C-17A Globemaster,148,385,False
ae5fa6,GOLD42,2025-06-17 18:11:43.981070,,21-46059,6476,1475,49.442447,7.720298,KC-46A Pegasus,261,151,False
ae2fad,RCH313,2025-06-17 18:11:43.981077,United States Air Force,08-8201,2667,30900,50.17777,11.688226,C-17A Globemaster,255,440,False
ae5e0c,GOLD52,2025-06-17 18:11:43.981083,,17-46031,6457,32000,48.9292,17.517192,KC-46A Pegasus,296,468,False
3b7775,FAF4098,2025-06-17 18:11:43.981089,Force Aerienne Francaise,497,4141,32000,37.1,15.6,KC-135R Stratotanker,,,True
ae056e,RCH4006,2025-06-17 18:11:43.981097,,86-0017,6037,36000,40.4,-9.0,C-5M Galaxy,277,454,True
ae10b5,RCH321,2025-06-17 18:12:44.910742,United States Air Force,01-0186,1144,10300,50.023719,7.469461,C-17A Globemaster,138,389,False
ae2fad,RCH313,2025-06-17 18:12:44.910765,United States Air Force,08-8201,2667,29850,50.151673,11.508073,C-17A Globemaster,257,412,False
ae5e0c,GOLD52,2025-06-17 18:12:44.910773,,17-46031,6457,32000,48.990757,17.331989,KC-46A Pegasus,296,477,False
3b7775,FAF4098,2025-06-17 18:12:44.910780,Force Aerienne Francaise,497,4141,32000,37.1,15.6,KC-135R Stratotanker,,,True
ae056e,RCH4006,2025-06-17 18:12:44.910788,,86-0017,6037,36000,40.4,-9.0,C-5M Galaxy,276,454,True
ae5fa6,GOLD42,2025-06-17 18:12:44.910794,,21-46059,6476,700,49.6,7.5,KC-46A Pegasus,,,True
ae10b5,RCH321,2025-06-17 18:13:46.412376,United States Air Force,01-0186,1144,9975,49.948755,7.558276,C-17A Globemaster,144,321,False
ae2fad,RCH313,2025-06-17 18:13:46.412396,United States Air Force,08-8201,2667,28850,50.127347,11.323307,C-17A Globemaster,258,423,False
ae5e0c,GOLD52,2025-06-17 18:13:46.412402,,17-46031,6457,32000,49.044452,17.149897,KC-46A Pegasus,290,468,False
3b7775,FAF4098,2025-06-17 18:13:46.412408,Force Aerienne Francaise,497,4141,32000,37.1,15.6,KC-135R Stratotanker,,,True
ae056e,RCH4006,2025-06-17 18:13:46.412414,,86-0017,6037,36000,40.4,-9.0,C-5M Galaxy,276,454,True
ae10b5,RCH321,2025-06-17 18:14:47.465070,United States Air Force,01-0186,1144,9975,49.881338,7.639797,C-17A Globemaster,143,306,False
ae2fad,RCH313,2025-06-17 18:14:47.465088,United States Air Force,08-8201,2667,27875,50.102489,11.146023,C-17A Globemaster,258,418,False
ae5e0c,GOLD52,2025-06-17 18:14:47.465093,,17-46031,6457,32000,49.089228,16.97897,KC-46A Pegasus,292,466,False
3b7775,FAF4098,2025-06-17 18:14:47.465099,Force Aerienne Francaise,497,4141,32000,37.1,15.6,KC-135R Stratotanker,,,True
ae056e,RCH4006,2025-06-17 18:14:47.465106,,86-0017,6037,36000,40.4,-9.1,C-5M Galaxy,276,456,True
ae10b5,RCH321,2025-06-17 18:15:48.413817,United States Air Force,01-0186,1144,9975,49.816712,7.71771,C-17A Globemaster,141,295,False
ae2fad,RCH313,2025-06-17 18:15:48.413833,United States Air Force,08-8201,2667,26875,50.082001,11.0043,C-17A Globemaster,257,430,False
ae5e0c,GOLD52,2025-06-17 18:15:48.413839,,17-46031,6457,32000,49.141539,16.778088,KC-46A Pegasus,292,466,False
ae056e,RCH4006,2025-06-17 18:15:48.413845,,86-0017,6037,36000,40.4,-9.1,C-5M Galaxy,276,456,True
ae10b5,RCH321,2025-06-17 18:16:49.709578,United States Air Force,01-0186,1144,8525,49.750517,7.800314,C-17A Globemaster,143,292,False
ae2fad,RCH313,2025-06-17 18:16:49.709601,United States Air Force,08-8201,2667,25875,50.049592,10.773675,C-17A Globemaster,256,396,False
ae5e0c,GOLD52,2025-06-17 18:16:49.709609,,17-46031,6457,32000,49.187252,16.602591,KC-46A Pegasus,290,463,False
ae10b5,RCH321,2025-06-17 18:17:50.936386,United States Air Force,01-0186,1144,6975,49.687471,7.876628,C-17A Globemaster,143,305,False
ae2fad,RCH313,2025-06-17 18:17:50.936405,United States Air Force,08-8201,2667,24875,50.023055,10.593775,C-17A Globemaster,255,428,False
ae5e0c,GOLD52,2025-06-17 18:17:50.936431,,17-46031,6457,32000,49.235347,16.399275,KC-46A Pegasus,291,457,False
ae10b5,RCH321,2025-06-17 18:18:51.845066,United States Air Force,01-0186,1144,4975,49.626064,7.944709,C-17A Globemaster,146,267,False
ae2fad,RCH313,2025-06-17 18:18:51.845085,United States Air Force,08-8201,2667,23850,49.996865,10.412068,C-17A Globemaster,256,428,False
ae5e0c,GOLD52,2025-06-17 18:18:51.845091,,17-46031,6457,32025,49.284527,16.207132,KC-46A Pegasus,291,474,False
ae10b5,RCH321,2025-06-17 18:19:52.902404,United States Air Force,01-0186,1144,3750,49.561917,8.010446,C-17A Globemaster,149,253,False
ae2fad,RCH313,2025-06-17 18:19:52.902423,United States Air Force,08-8201,2667,22425,49.968102,10.2604,C-17A Globemaster,253,422,False
3b7775,FAF4098,2025-06-17 18:19:52.902429,Force Aerienne Francaise,497,4141,32000,39.591385,15.639575,KC-135R Stratotanker,308,481,False
ae5e0c,GOLD52,2025-06-17 18:19:52.902434,,17-46031,6457,32000,49.334546,16.022816,KC-46A Pegasus,287,456,False
ae10b5,RCH321,2025-06-17 18:20:53.579200,United States Air Force,01-0186,1144,3700,49.505528,7.999907,C-17A Globemaster,201,204,False
ae2fad,RCH313,2025-06-17 18:20:53.579218,United States Air Force,08-8201,2667,20375,49.921687,10.062343,C-17A Globemaster,251,412,False
3b7775,FAF4098,2025-06-17 18:20:53.579224,Force Aerienne Francaise,497,4141,32000,39.624054,15.586792,KC-135R Stratotanker,308,481,False
ae5e0c,GOLD52,2025-06-17 18:20:53.579229,,17-46031,6457,32000,49.381762,15.83997,KC-46A Pegasus,291,458,False
ae10b5,RCH321,2025-06-17 18:21:54.267225,United States Air Force,01-0186,1144,3725,49.480052,7.929232,C-17A Globemaster,244,197,False
ae2fad,RCH313,2025-06-17 18:21:54.267241,United States Air Force,08-8201,2667,18425,49.896999,9.9526,C-17A Globemaster,252,413,False
ae5e0c,GOLD52,2025-06-17 18:21:54.267247,,17-46031,6457,32000,49.425944,15.653185,KC-46A Pegasus,289,474,False
3b7775,FAF4098,2025-06-17 18:21:54.267254,Force Aerienne Francaise,497,4141,Unavailable,37.7,15.5,KC-135R Stratotanker,308,483,True
ae10b5,RCH321,2025-06-17 18:22:55.229074,United States Air Force,01-0186,1144,3725,49.456399,7.860616,C-17A Globemaster,245,171,False
ae2fad,RCH313,2025-06-17 18:22:55.229095,United States Air Force,08-8201,2667,16450,49.8605,9.785,C-17A Globemaster,255,382,False
ae5e0c,GOLD52,2025-06-17 18:22:55.229103,,17-46031,6457,32000,49.474332,15.465841,KC-46A Pegasus,291,458,False
3b7775,FAF4098,2025-06-17 18:22:55.229111,Force Aerienne Francaise,497,4141,Unavailable,38.2,15.4,KC-135R Stratotanker,,,True
ae10b5,RCH321,2025-06-17 18:23:56.187778,United States Air Force,01-0186,1144,2725,49.444503,7.786959,C-17A Globemaster,275,189,False
ae2fad,RCH313,2025-06-17 18:23:56.187796,United States Air Force,08-8201,2667,14900,49.8256,9.6233,C-17A Globemaster,251,391,False
ae5e0c,GOLD52,2025-06-17 18:23:56.187803,,17-46031,6457,32025,49.521551,15.272467,KC-46A Pegasus,286,498,False
ae10b5,RCH321,2025-06-17 18:24:57.130630,United States Air Force,01-0186,1144,1800,49.440987,7.720642,C-17A Globemaster,259,123,False
ae2fad,RCH313,2025-06-17 18:24:57.130646,United States Air Force,08-8201,2667,13400,49.779756,9.422648,C-17A Globemaster,256,350,False
ae5e0c,GOLD52,2025-06-17 18:24:57.130653,,17-46031,6457,32025,49.578698,15.103644,KC-46A Pegasus,292,462,False
ae10b5,RCH321,2025-06-17 18:25:58.082387,United States Air Force,01-0186,1144,1075,49.43999,7.717494,C-17A Globemaster,258,123,False
ae2fad,RCH313,2025-06-17 18:25:58.082402,United States Air Force,08-8201,2667,12225,49.7556,9.3116,C-17A Globemaster,250,384,False
ae5e0c,GOLD52,2025-06-17 18:25:58.082410,,17-46031,6457,32000,49.610467,14.90876,KC-46A Pegasus,290,477,False
ae2fad,RCH313,2025-06-17 18:26:59.258458,United States Air Force,08-8201,2667,11175,49.723701,9.1747,C-17A Globemaster,250,321,False
3b7775,FAF4098,2025-06-17 18:26:59.258476,Force Aerienne Francaise,497,4141,32000,40.183823,14.666687,KC-135R Stratotanker,308,486,False
ae5e0c,GOLD52,2025-06-17 18:26:59.258482,,17-46031,6457,32025,49.654458,14.726503,KC-46A Pegasus,289,439,False
ae10b5,RCH321,2025-06-17 18:26:59.258489,United States Air Force,01-0186,1144,575,49.2,8.1,C-17A Globemaster,,,True
ae2fad,RCH313,2025-06-17 18:27:59.917256,United States Air Force,08-8201,2667,10025,49.694698,9.0463,C-17A Globemaster,249,289,False
3b7775,FAF4098,2025-06-17 18:27:59.917277,Force Aerienne Francaise,497,4141,32000,40.268417,14.525085,KC-135R Stratotanker,307,486,False
ae5e0c,GOLD52,2025-06-17 18:27:59.917284,,17-46031,6457,32025,49.69821,14.538241,KC-46A Pegasus,290,472,False
ae2fad,RCH313,2025-06-17 18:29:00.554010,United States Air Force,08-8201,2667,9975,49.666901,8.9261,C-17A Globemaster,249,289,False
ae5e0c,GOLD52,2025-06-17 18:29:00.554028,,17-46031,6457,32000,49.738006,14.360779,KC-46A Pegasus,288,456,False
3b7775,FAF4098,2025-06-17 18:29:00.554034,Force Aerienne Francaise,497,4141,32000,40.35255,14.383538,KC-135R Stratotanker,307,489,False
ae2fad,RCH313,2025-06-17 18:30:01.509580,United States Air Force,08-8201,2667,10000,49.633289,8.784243,C-17A Globemaster,251,294,False
ae5e0c,GOLD52,2025-06-17 18:30:01.509600,,17-46031,6457,32000,49.783871,14.171059,KC-46A Pegasus,291,444,False
3b7775,FAF4098,2025-06-17 18:30:01.509606,Force Aerienne Francaise,497,4141,32000,40.435272,14.243896,KC-135R Stratotanker,307,490,False
ae2fad,RCH313,2025-06-17 18:31:02.493652,United States Air Force,08-8201,2667,9775,49.607687,8.665532,C-17A Globemaster,253,287,False
ae5e0c,GOLD52,2025-06-17 18:31:02.493691,,17-46031,6457,32000,49.825904,13.990544,KC-46A Pegasus,289,472,False
3b7775,FAF4098,2025-06-17 18:31:02.493698,Force Aerienne Francaise,497,4141,32000,40.520004,14.10022,KC-135R Stratotanker,307,491,False
ae2fad,RCH313,2025-06-17 18:32:03.168241,United States Air Force,08-8201,2667,8475,49.580061,8.548995,C-17A Globemaster,253,288,False
ae5e0c,GOLD52,2025-06-17 18:32:03.168281,,17-46031,6457,32025,49.868392,13.801549,KC-46A Pegasus,291,446,False
3b7775,FAF4098,2025-06-17 18:32:03.168290,Force Aerienne Francaise,497,4141,32000,40.604965,13.955383,KC-135R Stratotanker,307,495,False
ae2fad,RCH313,2025-06-17 18:33:03.914573,United States Air Force,08-8201,2667,7150,49.551964,8.434676,C-17A Globemaster,251,279,False
ae5e0c,GOLD52,2025-06-17 18:33:03.914593,,17-46031,6457,32000,49.911304,13.610863,KC-46A Pegasus,288,460,False
3b7775,FAF4098,2025-06-17 18:33:03.914600,Force Aerienne Francaise,497,4141,32000,40.687447,13.814496,KC-135R Stratotanker,307,495,False
ae2fad,RCH313,2025-06-17 18:34:04.871606,United States Air Force,08-8201,2667,5850,49.525372,8.326666,C-17A Globemaster,250,262,False
ae5e0c,GOLD52,2025-06-17 18:34:04.871633,,17-46031,6457,32000,49.952291,13.430506,KC-46A Pegasus,289,459,False
3b7775,FAF4098,2025-06-17 18:34:04.871641,Force Aerienne Francaise,497,4141,32000,40.774933,13.664185,KC-135R Stratotanker,307,495,False
ae2fad,RCH313,2025-06-17 18:35:05.543155,United States Air Force,08-8201,2667,4550,49.504501,8.2333,C-17A Globemaster,250,294,False
ae5e0c,GOLD52,2025-06-17 18:35:05.543174,,17-46031,6457,32000,49.993498,13.242829,KC-46A Pegasus,289,454,False
3b7775,FAF4098,2025-06-17 18:35:05.543181,Force Aerienne Francaise,497,4141,32000,40.858061,13.520737,KC-135R Stratotanker,307,493,False
ae2fad,RCH313,2025-06-17 18:36:06.430442,United States Air Force,08-8201,2667,3725,49.474424,8.108606,C-17A Globemaster,249,266,False
ae5e0c,GOLD52,2025-06-17 18:36:06.430459,,17-46031,6457,32000,50.03475,13.057944,KC-46A Pegasus,288,451,False
3b7775,FAF4098,2025-06-17 18:36:06.430465,Force Aerienne Francaise,497,4141,32000,40.942108,13.374939,KC-135R Stratotanker,307,488,False
ae2fad,RCH313,2025-06-17 18:37:07.338462,United States Air Force,08-8201,2667,3725,49.452554,7.99591,C-17A Globemaster,264,279,False
ae5e0c,GOLD52,2025-06-17 18:37:07.338481,,17-46031,6457,32025,50.076575,12.865981,KC-46A Pegasus,289,437,False
3b7775,FAF4098,2025-06-17 18:37:07.338487,Force Aerienne Francaise,497,4141,32000,41.024002,13.23175,KC-135R Stratotanker,307,476,False
ae2fad,RCH313,2025-06-17 18:38:08.251534,United States Air Force,08-8201,2667,3700,49.447743,7.89029,C-17A Globemaster,267,186,False
ae5e0c,GOLD52,2025-06-17 18:38:08.251577,,17-46031,6457,32000,50.119137,12.677097,KC-46A Pegasus,288,461,False
3b7775,FAF4098,2025-06-17 18:38:08.251589,Force Aerienne Francaise,497,4141,32000,41.10498,13.089355,KC-135R Stratotanker,306,473,False
ae2fad,RCH313,2025-06-17 18:39:09.132464,United States Air Force,08-8201,2667,2925,49.439976,7.816199,C-17A Globemaster,262,171,False
ae5e0c,GOLD52,2025-06-17 18:39:09.132486,,17-46031,6457,32025,50.156819,12.496863,KC-46A Pegasus,288,458,False
3b7775,FAF4098,2025-06-17 18:39:09.132493,Force Aerienne Francaise,497,4141,32000,41.185742,12.946826,KC-135R Stratotanker,306,481,False
ae2fad,RCH313,2025-06-17 18:40:09.822831,United States Air Force,08-8201,2667,2225,49.444013,7.752594,C-17A Globemaster,288,124,False
ae5e0c,GOLD52,2025-06-17 18:40:09.822848,,17-46031,6457,32000,50.189393,12.295797,KC-46A Pegasus,276,463,False
3b7775,FAF4098,2025-06-17 18:40:09.822854,Force Aerienne Francaise,497,4141,32000,41.26799,12.801025,KC-135R Stratotanker,306,495,False
ae2fad,RCH313,2025-06-17 18:41:10.492855,United States Air Force,08-8201,2667,1500,49.445186,7.715155,C-17A Globemaster,271,145,False
ae5e0c,GOLD52,2025-06-17 18:41:10.492881,,17-46031,6457,32025,50.18977,12.110315,KC-46A Pegasus,270,452,False
3b7775,FAF4098,2025-06-17 18:41:10.492887,Force Aerienne Francaise,497,4141,32025,41.350817,12.653816,KC-135R Stratotanker,306,500,False
ae2fa3,MCFAMC,2025-06-20 08:27:02.491002,United States Air Force,08-8191,0014,27992,51.282463,-16.287918,C-17A Globemaster,278,,False
ae0361,UNKNOWN CALLSIGN,2025-06-20 08:27:02.491021,,59-1444,0014,29992,43.867378,-12.380047,KC-135R Stratotanker,287,,False
ae1235,UNKNOWN CALLSIGN,2025-06-20 08:27:02.491028,United States Air Force,03-3124,5734,31000,48.278824,-10.888367,C-17A Globemaster,,452,False
ae145e,RCH167,2025-06-20 08:27:02.491055,United States Air Force,06-6160,5216,38000,53.547222,1.93319,C-17A Globemaster,284,441,False
33fe7a,GS1439,2025-06-20 08:27:02.491066,,MM62226,0014,35004,20.636272,6.380825,KC-46A Pegasus,158,472,False
33fe77,IAM1449,2025-06-20 08:27:02.491077,,MM62228,4421,38075,40.913831,16.094034,KC-46A Pegasus,317,454,False
ae080f,RCH649,2025-06-20 08:27:02.491084,United States Air Force,99-0169,6420,35000,43.670864,23.81614,C-17A Globemaster,,,False
ae0655,UNKNOWN CALLSIGN,2025-06-20 08:27:02.491093,,58-0084,6566,34025,35.4,19.8,KC-135R Stratotanker,,,True
ae0423,GOLD23,2025-06-20 08:27:02.491098,,59-1505,2703,37675,39.4,3.7,KC-135R Stratotanker,269,426,True
ae145c,UNKNOWN CALLSIGN,2025-06-20 08:27:02.491103,United States Air Force,06-6158,3315,31000,31.8,30.9,C-17A Globemaster,,,True
ae4f14,RCH331,2025-06-20 08:27:02.491108,United States Air Force,10-0220,6446,38000,40.0,24.0,C-17A Globemaster,,,True
ae145b,RCH432,2025-06-20 08:27:02.491116,United States Air Force,06-6157,4636,29000,42.4,24.1,C-17A Globemaster,,,True
ae0476,GOLD24,2025-06-20 08:27:02.491121,,58-0027,5133,28000,42.1,-8.8,KC-135R Stratotanker,146,510,True
ae04c4,UNKNOWN CALLSIGN,2025-06-20 08:27:02.491126,,59-1475,3420,35975,69.7,16.4,KC-135R Stratotanker,225,482,True
ae2fa3,MCFAMC,2025-06-20 08:28:03.466712,United States Air Force,08-8191,0014,27992,51.282463,-16.287918,C-17A Globemaster,278,,False
ae0361,UNKNOWN CALLSIGN,2025-06-20 08:28:03.466730,,59-1444,0014,29992,43.867378,-12.380047,KC-135R Stratotanker,287,,False
ae145e,RCH167,2025-06-20 08:28:03.466748,United States Air Force,06-6160,5216,38000,53.611648,1.717087,C-17A Globemaster,298,432,False
33fe7a,GS1439,2025-06-20 08:28:03.466758,,MM62226,0014,35004,20.636272,6.380825,KC-46A Pegasus,158,472,False
33fe77,IAM1449,2025-06-20 08:28:03.466769,,MM62228,4421,38075,41.008896,15.978088,KC-46A Pegasus,317,450,False
ae080f,RCH649,2025-06-20 08:28:03.466776,United States Air Force,99-0169,6420,35000,43.526573,23.838199,C-17A Globemaster,172,469,False
ae0655,UNKNOWN CALLSIGN,2025-06-20 08:28:03.466784,,58-0084,6566,34025,35.4,19.8,KC-135R Stratotanker,,,True
ae0423,GOLD23,2025-06-20 08:28:03.466791,,59-1505,2703,37950,39.3,3.5,KC-135R Stratotanker,269,428,True
ae145c,UNKNOWN CALLSIGN,2025-06-20 08:28:03.466796,United States Air Force,06-6158,3315,31000,31.8,30.9,C-17A Globemaster,,,True
ae4f14,RCH331,2025-06-20 08:28:03.466803,United States Air Force,10-0220,6446,38000,42.4,24.1,C-17A Globemaster,,,True
ae145b,RCH432,2025-06-20 08:28:03.466812,United States Air Force,06-6157,4636,29000,42.4,24.1,C-17A Globemaster,,,True
ae0476,GOLD24,2025-06-20 08:28:03.466819,,58-0027,5133,28000,42.1,-9.3,KC-135R Stratotanker,146,512,True
ae04c4,UNKNOWN CALLSIGN,2025-06-20 08:28:03.466825,,59-1475,3420,35975,69.7,16.4,KC-135R Stratotanker,225,482,True
ae117d,UNKNOWN CALLSIGN,2025-06-20 08:28:03.466831,United States Air Force,02-1111,Unavailable,Unavailable,31.8,30.9,C-17A Globemaster,,,True
ae2fa3,MCFAMC,2025-06-20 08:29:04.503007,United States Air Force,08-8191,0014,27992,51.282463,-16.287918,C-17A Globemaster,278,,False
ae0361,UNKNOWN CALLSIGN,2025-06-20 08:29:04.503026,,59-1444,0014,29992,43.867378,-12.380047,KC-135R Stratotanker,287,,False
ae145e,RCH167,2025-06-20 08:29:04.503043,United States Air Force,06-6160,5216,38000,53.663795,1.52808,C-17A Globemaster,294,438,False
33fe7a,GS1439,2025-06-20 08:29:04.503053,,MM62226,0014,35004,20.636272,6.380825,KC-46A Pegasus,158,472,False
33fe77,IAM1449,2025-06-20 08:29:04.503064,,MM62228,4421,38075,41.103438,15.862198,KC-46A Pegasus,317,447,False
ae080f,RCH649,2025-06-20 08:29:04.503071,United States Air Force,99-0169,6420,35000,43.434377,23.850805,C-17A Globemaster,175,443,False
ae0655,UNKNOWN CALLSIGN,2025-06-20 08:29:04.503080,,58-0084,6566,34025,35.4,19.8,KC-135R Stratotanker,,,True
ae0423,GOLD23,2025-06-20 08:29:04.503087,,59-1505,2703,37950,39.3,3.7,KC-135R Stratotanker,252,424,True
ae145c,UNKNOWN CALLSIGN,2025-06-20 08:29:04.503093,United States Air Force,06-6158,3315,31000,31.8,30.9,C-17A Globemaster,,,True
ae4f14,RCH331,2025-06-20 08:29:04.503100,United States Air Force,10-0220,6446,38000,39.7,22.9,C-17A Globemaster,,,True
ae145b,RCH432,2025-06-20 08:29:04.503108,United States Air Force,06-6157,4636,29000,42.4,24.1,C-17A Globemaster,,,True
ae0476,GOLD24,2025-06-20 08:29:04.503114,,58-0027,5133,28000,42.1,-8.4,KC-135R Stratotanker,146,512,True
ae04c4,UNKNOWN CALLSIGN,2025-06-20 08:29:04.503121,,59-1475,3420,35975,69.7,16.4,KC-135R Stratotanker,225,480,True
ae117d,UNKNOWN CALLSIGN,2025-06-20 08:29:04.503127,United States Air Force,02-1111,Unavailable,Unavailable,31.8,30.9,C-17A Globemaster,,,True
ae2fa3,MCFAMC,2025-06-20 08:30:05.507728,United States Air Force,08-8191,0014,27992,51.282463,-16.287918,C-17A Globemaster,278,,False
ae0361,UNKNOWN CALLSIGN,2025-06-20 08:30:05.507746,,59-1444,0014,29992,43.867378,-12.380047,KC-135R Stratotanker,287,,False
ae1235,UNKNOWN CALLSIGN,2025-06-20 08:30:05.507752,United States Air Force,03-3124,5734,31000,48.345291,-11.453459,C-17A Globemaster,,452,False
ae145e,RCH167,2025-06-20 08:30:05.507768,United States Air Force,06-6160,5216,38000,53.706989,1.382985,C-17A Globemaster,300,442,False
33fe7a,GS1439,2025-06-20 08:30:05.507778,,MM62226,0014,35004,20.636272,6.380825,KC-46A Pegasus,158,472,False
33fe77,IAM1449,2025-06-20 08:30:05.507788,,MM62228,4421,38075,41.19496,15.749526,KC-46A Pegasus,316,451,False
ae0655,UNKNOWN CALLSIGN,2025-06-20 08:30:05.507798,,58-0084,6566,34025,35.4,19.8,KC-135R Stratotanker,,,True
ae0423,GOLD23,2025-06-20 08:30:05.507805,,59-1505,2703,37950,39.3,3.3,KC-135R Stratotanker,251,422,True
ae145c,UNKNOWN CALLSIGN,2025-06-20 08:30:05.507810,United States Air Force,06-6158,3315,31000,31.8,30.9,C-17A Globemaster,,,True
ae4f14,RCH331,2025-06-20 08:30:05.507818,United States Air Force,10-0220,6446,38000,43.6,23.6,C-17A Globemaster,,,True
ae080f,RCH649,2025-06-20 08:30:05.507826,United States Air Force,99-0169,6420,35000,43.9,23.3,C-17A Globemaster,,,True
ae145b,RCH432,2025-06-20 08:30:05.507831,United States Air Force,06-6157,4636,29000,42.4,24.0,C-17A Globemaster,,,True
ae0476,GOLD24,2025-06-20 08:30:05.507838,,58-0027,5133,28000,44.8,-6.6,KC-135R Stratotanker,146,510,True
ae04c4,UNKNOWN CALLSIGN,2025-06-20 08:30:05.507845,,59-1475,3420,35975,69.7,16.4,KC-135R Stratotanker,225,480,True
ae2fa3,MCFAMC,2025-06-20 08:31:06.584862,United States Air Force,08-8191,0014,27992,51.282463,-16.287918,C-17A Globemaster,278,,False
ae0361,UNKNOWN CALLSIGN,2025-06-20 08:31:06.584879,,59-1444,0014,29992,43.867378,-12.380047,KC-135R Stratotanker,287,,False
ae145e,RCH167,2025-06-20 08:31:06.584897,United States Air Force,06-6160,5216,38000,53.77242,1.160013,C-17A Globemaster,294,436,False
33fe7a,GS1439,2025-06-20 08:31:06.584907,,MM62226,0014,35004,20.636272,6.380825,KC-46A Pegasus,158,472,False
33fe77,IAM1449,2025-06-20 08:31:06.584918,,MM62228,4421,38075,41.288315,15.634216,KC-46A Pegasus,316,454,False
ae0655,UNKNOWN CALLSIGN,2025-06-20 08:31:06.584928,,58-0084,Unavailable,34025,35.4,19.8,KC-135R Stratotanker,,,True
ae0423,GOLD23,2025-06-20 08:31:06.584935,,59-1505,2703,37950,39.3,3.1,KC-135R Stratotanker,251,418,True
ae4f14,RCH331,2025-06-20 08:31:06.584942,United States Air Force,10-0220,6446,38000,39.7,22.9,C-17A Globemaster,,,True
ae080f,RCH649,2025-06-20 08:31:06.584950,United States Air Force,99-0169,6420,35000,44.1,23.3,C-17A Globemaster,,,True
ae145b,RCH432,2025-06-20 08:31:06.584955,United States Air Force,06-6157,4636,29000,42.4,24.1,C-17A Globemaster,,,True
ae0476,GOLD24,2025-06-20 08:31:06.584962,,58-0027,5133,28000,43.7,-5.5,KC-135R Stratotanker,146,510,True
ae2fa3,MCFAMC,2025-06-20 08:32:07.558188,United States Air Force,08-8191,0014,27992,51.282463,-16.287918,C-17A Globemaster,278,,False
ae0361,UNKNOWN CALLSIGN,2025-06-20 08:32:07.558206,,59-1444,0014,29992,43.867378,-12.380047,KC-135R Stratotanker,287,,False
ae145e,RCH167,2025-06-20 08:32:07.558223,United States Air Force,06-6160,5216,38000,53.816204,1.005653,C-17A Globemaster,286,420,False
33fe7a,GS1439,2025-06-20 08:32:07.558233,,MM62226,0014,35004,20.636272,6.380825,KC-46A Pegasus,158,472,False
33fe77,IAM1449,2025-06-20 08:32:07.558243,,MM62228,4421,38075,41.384033,15.515381,KC-46A Pegasus,316,459,False
ae145b,RCH432,2025-06-20 08:32:07.558256,United States Air Force,06-6157,4636,29000,42.4,24.2,C-17A Globemaster,,,True
ae4f14,RCH331,2025-06-20 08:32:07.558262,United States Air Force,10-0220,6446,38000,42.4,24.2,C-17A Globemaster,,,True
ae080f,RCH649,2025-06-20 08:32:07.558267,United States Air Force,99-0169,6420,34975,43.5,24.1,C-17A Globemaster,,,True
ae0476,GOLD24,2025-06-20 08:32:07.558273,,58-0027,5133,28000,44.5,-6.3,KC-135R Stratotanker,146,510,True
ae0655,UNKNOWN CALLSIGN,2025-06-20 08:32:07.558280,,58-0084,6566,34025,35.4,19.8,KC-135R Stratotanker,,,True
ae0423,GOLD23,2025-06-20 08:32:07.558287,,59-1505,2703,37950,39.3,3.3,KC-135R Stratotanker,251,414,True
ae117d,UNKNOWN CALLSIGN,2025-06-20 08:32:07.558292,United States Air Force,02-1111,3316,31000,31.8,30.9,C-17A Globemaster,,,True
ae2fa3,MCFAMC,2025-06-20 08:33:08.462753,United States Air Force,08-8191,0014,27992,51.282463,-16.287918,C-17A Globemaster,278,,False
ae0361,UNKNOWN CALLSIGN,2025-06-20 08:33:08.462770,,59-1444,0014,29992,43.867378,-12.380047,KC-135R Stratotanker,287,,False
ae145e,RCH167,2025-06-20 08:33:08.462787,United States Air Force,06-6160,5216,38000,53.876602,0.786844,C-17A Globemaster,294,437,False
33fe7a,GS1439,2025-06-20 08:33:08.462797,,MM62226,0014,35004,20.636272,6.380825,KC-46A Pegasus,158,472,False
33fe77,IAM1449,2025-06-20 08:33:08.462807,,MM62228,4421,38075,41.479248,15.396777,KC-46A Pegasus,316,463,False
ae0655,UNKNOWN CALLSIGN,2025-06-20 08:33:08.462818,,58-0084,6566,34025,35.4,19.8,KC-135R Stratotanker,,,True
ae0423,GOLD23,2025-06-20 08:33:08.462825,,59-1505,2703,37950,40.8,5.6,KC-135R Stratotanker,251,412,True
ae4f14,RCH331,2025-06-20 08:33:08.462832,United States Air Force,10-0220,6446,38000,44.0,24.0,C-17A Globemaster,,,True
ae080f,RCH649,2025-06-20 08:33:08.462839,United States Air Force,99-0169,6420,35000,43.6,23.6,C-17A Globemaster,,,True
ae145b,RCH432,2025-06-20 08:33:08.462844,United States Air Force,06-6157,4636,29000,42.5,24.1,C-17A Globemaster,,,True
ae0476,GOLD24,2025-06-20 08:33:08.462850,,58-0027,5133,28000,44.4,-8.0,KC-135R Stratotanker,153,510,True
ae117d,UNKNOWN CALLSIGN,2025-06-20 08:33:08.462857,United States Air Force,02-1111,Unavailable,31000,31.8,30.9,C-17A Globemaster,,,True
ae2fa3,MCFAMC,2025-06-20 08:34:09.159096,United States Air Force,08-8191,0014,27992,51.282463,-16.287918,C-17A Globemaster,278,,False
ae0361,UNKNOWN CALLSIGN,2025-06-20 08:34:09.159112,,59-1444,0014,29992,43.867378,-12.380047,KC-135R Stratotanker,287,,False
ae145e,RCH167,2025-06-20 08:34:09.159129,United States Air Force,06-6160,5216,38000,53.928896,0.603877,C-17A Globemaster,295,433,False
33fe7a,GS1439,2025-06-20 08:34:09.159140,,MM62226,0014,35004,20.636272,6.380825,KC-46A Pegasus,158,472,False
33fe77,IAM1449,2025-06-20 08:34:09.159150,,MM62228,4421,38075,41.574142,15.27805,KC-46A Pegasus,316,465,False
ae0655,UNKNOWN CALLSIGN,2025-06-20 08:34:09.159160,,58-0084,6566,34025,35.4,19.8,KC-135R Stratotanker,,,True
ae0423,GOLD23,2025-06-20 08:34:09.159166,,59-1505,2703,37950,40.0,4.6,KC-135R Stratotanker,251,410,True
ae4f14,RCH331,2025-06-20 08:34:09.159174,United States Air Force,10-0220,5431,38000,45.3,22.3,C-17A Globemaster,,,True
ae080f,RCH649,2025-06-20 08:34:09.159183,United States Air Force,99-0169,6420,35000,43.2,24.0,C-17A Globemaster,,,True
ae145b,RCH432,2025-06-20 08:34:09.159188,United States Air Force,06-6157,4636,29000,42.4,24.0,C-17A Globemaster,,,True
ae0476,GOLD24,2025-06-20 08:34:09.159194,,58-0027,5133,28000,40.3,-9.0,KC-135R Stratotanker,158,510,True
ae20c6,RCH556,2025-06-20 08:34:09.159200,United States Air Force,07-7185,6013,1700,42.6,23.8,C-17A Globemaster,,,True
ae2fa3,MCFAMC,2025-06-20 08:35:10.002768,United States Air Force,08-8191,0014,27992,51.282463,-16.287918,C-17A Globemaster,278,,False
ae0361,UNKNOWN CALLSIGN,2025-06-20 08:35:10.002786,,59-1444,0014,29992,43.867378,-12.380047,KC-135R Stratotanker,287,,False
ae145e,RCH167,2025-06-20 08:35:10.002801,United States Air Force,06-6160,5216,38000,53.976807,0.430567,C-17A Globemaster,291,434,False
33fe7a,GS1439,2025-06-20 08:35:10.002810,,MM62226,0014,35004,20.636272,6.380825,KC-46A Pegasus,158,472,False
33fe77,IAM1449,2025-06-20 08:35:10.002819,,MM62228,4421,38100,41.669815,15.157762,KC-46A Pegasus,316,466,False
ae20c6,RCH556,2025-06-20 08:35:10.002830,United States Air Force,07-7185,6013,3800,42.6,23.8,C-17A Globemaster,,,True
ae145b,RCH432,2025-06-20 08:35:10.002838,United States Air Force,06-6157,4636,29000,42.4,24.2,C-17A Globemaster,,,True
ae4f14,RCH331,2025-06-20 08:35:10.002843,United States Air Force,10-0220,5431,38000,44.0,24.0,C-17A Globemaster,,,True
ae080f,RCH649,2025-06-20 08:35:10.002848,United States Air Force,99-0169,6420,35000,44.0,23.5,C-17A Globemaster,,,True
ae0476,GOLD24,2025-06-20 08:35:10.002853,,58-0027,5133,28000,41.2,-7.4,KC-135R Stratotanker,158,512,True
ae0655,UNKNOWN CALLSIGN,2025-06-20 08:35:10.002860,,58-0084,6566,34025,35.4,19.8,KC-135R Stratotanker,,,True
ae0423,GOLD23,2025-06-20 08:35:10.002867,,59-1505,2703,37950,39.6,4.2,KC-135R Stratotanker,251,408,True
ae117d,UNKNOWN CALLSIGN,2025-06-20 08:35:10.002871,United States Air Force,02-1111,Unavailable,Unavailable,31.8,30.9,C-17A Globemaster,,,True
ae2fa3,MCFAMC,2025-06-20 08:36:10.850536,United States Air Force,08-8191,0014,27992,51.282463,-16.287918,C-17A Globemaster,278,,False
ae0361,UNKNOWN CALLSIGN,2025-06-20 08:36:10.850554,,59-1444,0014,29992,43.867378,-12.380047,KC-135R Stratotanker,287,,False
ae145e,RCH167,2025-06-20 08:36:10.850571,United States Air Force,06-6160,5216,38000,54.032764,0.242749,C-17A Globemaster,312,445,False
33fe7a,GS1439,2025-06-20 08:36:10.850582,,MM62226,0014,35004,20.636272,6.380825,KC-46A Pegasus,158,472,False
33fe77,IAM1449,2025-06-20 08:36:10.850592,,MM62228,4421,38075,41.765213,15.037474,KC-46A Pegasus,316,465,False
ae0655,UNKNOWN CALLSIGN,2025-06-20 08:36:10.850604,,58-0084,6566,34025,35.4,19.8,KC-135R Stratotanker,,,True
ae0423,GOLD23,2025-06-20 08:36:10.850611,,59-1505,2703,37950,39.3,2.4,KC-135R Stratotanker,251,410,True
ae4f14,RCH331,2025-06-20 08:36:10.850618,United States Air Force,10-0220,5431,38000,45.3,22.3,C-17A Globemaster,,,True
ae080f,RCH649,2025-06-20 08:36:10.850627,United States Air Force,99-0169,6420,35000,43.7,23.4,C-17A Globemaster,,,True
ae145b,RCH432,2025-06-20 08:36:10.850632,United States Air Force,06-6157,4636,29000,43.5,25.8,C-17A Globemaster,,,True
ae0476,GOLD24,2025-06-20 08:36:10.850639,,58-0027,5133,28000,41.8,-5.6,KC-135R Stratotanker,161,514,True
ae20c6,RCH556,2025-06-20 08:36:10.850645,United States Air Force,07-7185,6013,5300,42.6,23.8,C-17A Globemaster,,,True
ae2fa3,MCFAMC,2025-06-20 08:37:11.755542,United States Air Force,08-8191,0014,27992,51.282463,-16.287918,C-17A Globemaster,278,,False
ae1235,RCH579,2025-06-20 08:37:11.755560,United States Air Force,03-3124,5734,31000,48.492828,-12.807523,C-17A Globemaster,278,464,False
ae0361,UNKNOWN CALLSIGN,2025-06-20 08:37:11.755567,,59-1444,0014,29992,43.867378,-12.380047,KC-135R Stratotanker,287,,False
ae145e,RCH167,2025-06-20 08:37:11.755580,United States Air Force,06-6160,5216,38000,54.115255,0.088292,C-17A Globemaster,316,436,False
33fe7a,GS1439,2025-06-20 08:37:11.755591,,MM62226,0014,35004,20.636272,6.380825,KC-46A Pegasus,158,472,False
33fe77,IAM1449,2025-06-20 08:37:11.755599,,MM62228,4421,38075,41.860191,14.916943,KC-46A Pegasus,316,464,False
ae0655,UNKNOWN CALLSIGN,2025-06-20 08:37:11.755609,,58-0084,6566,34025,35.4,19.8,KC-135R Stratotanker,,,True
ae0423,GOLD23,2025-06-20 08:37:11.755615,,59-1505,2703,37950,39.3,2.3,KC-135R Stratotanker,251,416,True
ae4f14,RCH331,2025-06-20 08:37:11.755622,United States Air Force,10-0220,5431,38000,43.9,24.0,C-17A Globemaster,,,True
ae080f,RCH649,2025-06-20 08:37:11.755630,United States Air Force,99-0169,6420,35000,43.3,23.6,C-17A Globemaster,,,True
ae145b,RCH432,2025-06-20 08:37:11.755635,United States Air Force,06-6157,4636,29000,43.3,26.3,C-17A Globemaster,,,True
ae0476,GOLD24,2025-06-20 08:37:11.755641,,58-0027,5133,28000,41.1,-7.5,KC-135R Stratotanker,160,514,True
ae20c6,RCH556,2025-06-20 08:37:11.755647,United States Air Force,07-7185,6013,7675,42.6,23.8,C-17A Globemaster,,,True
ae2fa3,MCFAMC,2025-06-20 08:38:12.710793,United States Air Force,08-8191,0014,27992,51.282463,-16.287918,C-17A Globemaster,278,,False
ae0361,UNKNOWN CALLSIGN,2025-06-20 08:38:12.710818,,59-1444,0014,29992,43.867378,-12.380047,KC-135R Stratotanker,287,,False
ae145e,RCH167,2025-06-20 08:38:12.710845,United States Air Force,06-6160,5216,38000,54.203835,-0.089669,C-17A Globemaster,311,446,False
33fe7a,GS1439,2025-06-20 08:38:12.710869,,MM62226,0014,35004,20.636272,6.380825,KC-46A Pegasus,158,472,False
33fe77,IAM1449,2025-06-20 08:38:12.710889,,MM62228,4421,38100,41.955276,14.7959,KC-46A Pegasus,316,462,False
ae20c6,RCH556,2025-06-20 08:38:12.710909,United States Air Force,07-7185,6013,10550,42.4,24.2,C-17A Globemaster,,,True
ae145b,RCH432,2025-06-20 08:38:12.710926,United States Air Force,06-6157,4636,29000,42.9,23.8,C-17A Globemaster,,,True
ae4f14,RCH331,2025-06-20 08:38:12.710935,United States Air Force,10-0220,5431,38000,43.9,24.0,C-17A Globemaster,,,True
ae080f,RCH649,2025-06-20 08:38:12.710944,United States Air Force,99-0169,6420,35000,43.3,23.7,C-17A Globemaster,,,True
ae0476,GOLD24,2025-06-20 08:38:12.710954,,58-0027,5133,28000,41.1,-7.5,KC-135R Stratotanker,159,514,True
ae0655,UNKNOWN CALLSIGN,2025-06-20 08:38:12.710967,,58-0084,6566,34025,35.4,19.8,KC-135R Stratotanker,,,True
ae0423,GOLD23,2025-06-20 08:38:12.710978,,59-1505,2703,37950,39.3,2.6,KC-135R Stratotanker,251,422,True
ae2fa3,MCFAMC,2025-06-20 08:39:13.410675,United States Air Force,08-8191,0014,27992,51.282463,-16.287918,C-17A Globemaster,278,,False
ae0361,UNKNOWN CALLSIGN,2025-06-20 08:39:13.410692,,59-1444,0014,29992,43.867378,-12.380047,KC-135R Stratotanker,287,,False
ae145e,RCH167,2025-06-20 08:39:13.410707,United States Air Force,06-6160,5216,38000,54.277689,-0.237865,C-17A Globemaster,312,438,False
33fe7a,GS1439,2025-06-20 08:39:13.410718,,MM62226,0014,35004,20.636272,6.380825,KC-46A Pegasus,158,472,False
33fe77,IAM1449,2025-06-20 08:39:13.410727,,MM62228,4421,38100,42.048309,14.676968,KC-46A Pegasus,316,461,False
ae080f,RCH649,2025-06-20 08:39:13.410734,United States Air Force,99-0169,6420,35000,42.204426,24.212741,C-17A Globemaster,,,False
ae0655,UNKNOWN CALLSIGN,2025-06-20 08:39:13.410743,,58-0084,6566,34025,35.4,19.8,KC-135R Stratotanker,,,True
ae0423,GOLD23,2025-06-20 08:39:13.410748,,59-1505,2703,37950,39.3,2.9,KC-135R Stratotanker,251,428,True
ae117d,UNKNOWN CALLSIGN,2025-06-20 08:39:13.410753,United States Air Force,02-1111,Unavailable,Unavailable,31.8,30.9,C-17A Globemaster,,,True
ae4f14,RCH331,2025-06-20 08:39:13.410759,United States Air Force,10-0220,5431,38000,42.6,23.8,C-17A Globemaster,,,True
ae145b,RCH432,2025-06-20 08:39:13.410766,United States Air Force,06-6157,4636,28975,43.1,23.8,C-17A Globemaster,,,True
ae0476,GOLD24,2025-06-20 08:39:13.410772,,58-0027,5133,Unavailable,41.2,-7.2,KC-135R Stratotanker,,,True
ae20c6,RCH556,2025-06-20 08:39:13.410778,United States Air Force,07-7185,6013,11700,45.3,22.3,C-17A Globemaster,,,True
ae2fa3,MCFAMC,2025-06-20 08:40:14.124038,United States Air Force,08-8191,0014,27992,51.282463,-16.287918,C-17A Globemaster,278,,False
ae0361,UNKNOWN CALLSIGN,2025-06-20 08:40:14.124055,,59-1444,0014,29992,43.867378,-12.380047,KC-135R Stratotanker,287,,False
ae145e,RCH167,2025-06-20 08:40:14.124071,United States Air Force,06-6160,5216,38000,54.349996,-0.33743,C-17A Globemaster,310,448,False
33fe7a,GS1439,2025-06-20 08:40:14.124081,,MM62226,0014,35004,20.636272,6.380825,KC-46A Pegasus,158,472,False
33fe77,IAM1449,2025-06-20 08:40:14.124091,,MM62228,4421,38075,42.141599,14.557268,KC-46A Pegasus,316,458,False
ae20c6,RCH556,2025-06-20 08:40:14.124102,United States Air Force,07-7185,6013,14225,44.0,24.0,C-17A Globemaster,,,True
ae145b,RCH432,2025-06-20 08:40:14.124109,United States Air Force,06-6157,4636,29000,42.4,24.2,C-17A Globemaster,,,True
ae4f14,RCH331,2025-06-20 08:40:14.124114,United States Air Force,10-0220,5431,38000,45.3,22.3,C-17A Globemaster,,,True
ae080f,RCH649,2025-06-20 08:40:14.124119,United States Air Force,99-0169,6420,35000,42.4,24.4,C-17A Globemaster,,,True
ae0476,GOLD24,2025-06-20 08:40:14.124125,,58-0027,5133,Unavailable,41.4,-6.6,KC-135R Stratotanker,149,516,True
ae0655,UNKNOWN CALLSIGN,2025-06-20 08:40:14.124132,,58-0084,6566,34025,35.4,19.8,KC-135R Stratotanker,,,True
ae0423,GOLD23,2025-06-20 08:40:14.124139,,59-1505,2703,37950,39.3,3.2,KC-135R Stratotanker,251,434,True
ae2fa3,MCFAMC,2025-06-20 08:41:15.049412,United States Air Force,08-8191,0014,27992,51.282463,-16.287918,C-17A Globemaster,278,,False
ae0361,UNKNOWN CALLSIGN,2025-06-20 08:41:15.049430,,59-1444,0014,29992,43.867378,-12.380047,KC-135R Stratotanker,287,,False
ae145e,RCH167,2025-06-20 08:41:15.049444,United States Air Force,06-6160,5216,38000,54.438771,-0.549901,C-17A Globemaster,310,442,False
33fe7a,GS1439,2025-06-20 08:41:15.049455,,MM62226,0014,35004,20.636272,6.380825,KC-46A Pegasus,158,472,False
33fe77,IAM1449,2025-06-20 08:41:15.049464,,MM62228,4421,38075,42.234787,14.437096,KC-46A Pegasus,316,456,False
ae20c6,RCH556,2025-06-20 08:41:15.049471,United States Air Force,07-7185,6013,16425,43.137187,23.306428,C-17A Globemaster,,,False
ae145b,RCH432,2025-06-20 08:41:15.049476,United States Air Force,06-6157,4636,29000,43.476909,23.846077,C-17A Globemaster,,,False
ae080f,RCH649,2025-06-20 08:41:15.049481,United States Air Force,99-0169,6420,35000,42.090222,24.403704,C-17A Globemaster,,,False
ae0655,UNKNOWN CALLSIGN,2025-06-20 08:41:15.049489,,58-0084,6566,34025,36.2,14.9,KC-135R Stratotanker,,,True
ae0423,GOLD23,2025-06-20 08:41:15.049495,,59-1505,2703,37950,39.3,3.3,KC-135R Stratotanker,250,438,True
ae4f14,RCH331,2025-06-20 08:41:15.049502,United States Air Force,10-0220,5431,38000,45.3,22.3,C-17A Globemaster,,,True
ae0476,GOLD24,2025-06-20 08:41:15.049512,,58-0027,5133,Unavailable,40.3,-9.2,KC-135R Stratotanker,,,True
ae2fa3,MCFAMC,2025-06-20 08:42:16.153668,United States Air Force,08-8191,0014,27992,51.282463,-16.287918,C-17A Globemaster,278,,False
ae0361,UNKNOWN CALLSIGN,2025-06-20 08:42:16.153683,,59-1444,0014,29992,43.867378,-12.380047,KC-135R Stratotanker,287,,False
ae145e,RCH167,2025-06-20 08:42:16.153696,United States Air Force,06-6160,5216,37975,54.525999,-0.727364,C-17A Globemaster,310,452,False
33fe7a,GS1439,2025-06-20 08:42:16.153708,,MM62226,0014,35004,20.636272,6.380825,KC-46A Pegasus,158,472,False
33fe77,IAM1449,2025-06-20 08:42:16.153717,,MM62228,4421,38075,42.327942,14.316372,KC-46A Pegasus,315,454,False
ae20c6,RCH556,2025-06-20 08:42:16.153723,United States Air Force,07-7185,6013,18450,43.286654,23.294384,C-17A Globemaster,357,414,False
ae145b,RCH432,2025-06-20 08:42:16.153734,United States Air Force,06-6157,4636,29000,43.4,23.9,C-17A Globemaster,,,True
ae4f14,RCH331,2025-06-20 08:42:16.153740,United States Air Force,10-0220,5431,38000,45.3,22.3,C-17A Globemaster,,,True
ae080f,RCH649,2025-06-20 08:42:16.153744,United States Air Force,99-0169,6420,35000,42.9,24.6,C-17A Globemaster,,,True
ae0476,GOLD24,2025-06-20 08:42:16.153749,,58-0027,5133,28000,40.3,-9.4,KC-135R Stratotanker,159,516,True
ae0655,UNKNOWN CALLSIGN,2025-06-20 08:42:16.153757,,58-0084,6566,34025,36.2,14.9,KC-135R Stratotanker,,,True
ae0423,GOLD23,2025-06-20 08:42:16.153763,,59-1505,2703,37950,39.3,3.2,KC-135R Stratotanker,250,434,True
ae2fa3,MCFAMC,2025-06-20 08:43:17.133738,United States Air Force,08-8191,0014,27992,51.282463,-16.287918,C-17A Globemaster,278,,False
ae0361,UNKNOWN CALLSIGN,2025-06-20 08:43:17.133756,,59-1444,0014,29992,43.867378,-12.380047,KC-135R Stratotanker,287,,False
ae145e,RCH167,2025-06-20 08:43:17.133769,United States Air Force,06-6160,5216,36900,54.602447,-0.882029,C-17A Globemaster,311,430,False
33fe7a,GS1439,2025-06-20 08:43:17.133782,,MM62226,0014,35004,20.636272,6.380825,KC-46A Pegasus,158,472,False
33fe77,IAM1449,2025-06-20 08:43:17.133791,,MM62228,4421,38075,42.419563,14.19721,KC-46A Pegasus,315,453,False
ae20c6,RCH556,2025-06-20 08:43:17.133798,United States Air Force,07-7185,6013,20250,43.403783,23.285085,C-17A Globemaster,358,398,False
ae145b,RCH432,2025-06-20 08:43:17.133809,United States Air Force,06-6157,4636,29000,42.9,24.0,C-17A Globemaster,,,True
ae4f14,RCH331,2025-06-20 08:43:17.133814,United States Air Force,10-0220,5431,38000,42.6,23.8,C-17A Globemaster,,,True
ae080f,RCH649,2025-06-20 08:43:17.133819,United States Air Force,99-0169,6420,35000,43.1,24.7,C-17A Globemaster,,,True
ae0476,GOLD24,2025-06-20 08:43:17.133824,,58-0027,5133,28000,41.1,-7.5,KC-135R Stratotanker,155,520,True
ae0655,UNKNOWN CALLSIGN,2025-06-20 08:43:17.133832,,58-0084,6566,34025,36.2,14.9,KC-135R Stratotanker,,,True
ae0423,GOLD23,2025-06-20 08:43:17.133838,,59-1505,2703,37950,39.3,2.9,KC-135R Stratotanker,250,432,True
ae2fa3,MCFAMC,2025-06-20 08:44:18.295113,United States Air Force,08-8191,0014,27992,51.282463,-16.287918,C-17A Globemaster,278,,False
ae0361,UNKNOWN CALLSIGN,2025-06-20 08:44:18.295129,,59-1444,0014,29992,43.867378,-12.380047,KC-135R Stratotanker,287,,False
ae145e,RCH167,2025-06-20 08:44:18.295140,United States Air Force,06-6160,5216,35100,54.67647,-1.030709,C-17A Globemaster,311,403,False
33fe7a,GS1439,2025-06-20 08:44:18.295151,,MM62226,0014,35004,20.636272,6.380825,KC-46A Pegasus,158,472,False
33fe77,IAM1449,2025-06-20 08:44:18.295160,,MM62228,4421,38075,42.511597,14.077063,KC-46A Pegasus,315,451,False
ae20c6,RCH556,2025-06-20 08:44:18.295166,United States Air Force,07-7185,6013,22025,43.520989,23.276055,C-17A Globemaster,357,404,False
ae4f14,RCH331,2025-06-20 08:44:18.295170,United States Air Force,10-0220,5431,38000,42.844822,23.468766,C-17A Globemaster,,,False
ae0655,UNKNOWN CALLSIGN,2025-06-20 08:44:18.295177,,58-0084,6566,34025,36.2,14.9,KC-135R Stratotanker,,,True
ae0423,GOLD23,2025-06-20 08:44:18.295182,,59-1505,2703,37950,39.3,2.3,KC-135R Stratotanker,250,430,True
ae080f,RCH649,2025-06-20 08:44:18.295189,United States Air Force,99-0169,6420,35000,42.8,24.5,C-17A Globemaster,,,True
ae145b,RCH432,2025-06-20 08:44:18.295194,United States Air Force,06-6157,4636,29000,43.2,23.8,C-17A Globemaster,,,True
ae0476,GOLD24,2025-06-20 08:44:18.295199,,58-0027,5133,28925,41.3,-6.9,KC-135R Stratotanker,140,510,True
ae117d,UNKNOWN CALLSIGN,2025-06-20 08:44:18.295204,United States Air Force,02-1111,3316,31000,31.8,30.9,C-17A Globemaster,,,True
ae2fa3,MCFAMC,2025-06-20 08:45:18.963833,United States Air Force,08-8191,0014,27992,51.282463,-16.287918,C-17A Globemaster,278,,False
ae0361,UNKNOWN CALLSIGN,2025-06-20 08:45:18.963848,,59-1444,0014,29992,43.867378,-12.380047,KC-135R Stratotanker,287,,False
ae145e,RCH167,2025-06-20 08:45:18.963859,United States Air Force,06-6160,5216,33350,54.757249,-1.190654,C-17A Globemaster,312,426,False
33fe77,IAM1449,2025-06-20 08:45:18.963874,,MM62228,4421,38075,42.601868,13.958629,KC-46A Pegasus,315,449,False
ae20c6,RCH556,2025-06-20 08:45:18.963881,United States Air Force,07-7185,6013,23575,43.600879,23.268602,C-17A Globemaster,355,451,False
ae4f14,RCH331,2025-06-20 08:45:18.963885,United States Air Force,10-0220,5431,38000,42.90681,23.455618,C-17A Globemaster,,,False
ae0655,UNKNOWN CALLSIGN,2025-06-20 08:45:18.963893,,58-0084,6566,34025,36.2,14.9,KC-135R Stratotanker,,,True
ae0423,GOLD23,2025-06-20 08:45:18.963897,,59-1505,2703,37950,39.3,1.6,KC-135R Stratotanker,250,426,True
ae080f,RCH649,2025-06-20 08:45:18.963906,United States Air Force,99-0169,6420,35000,42.8,24.2,C-17A Globemaster,,,True
ae145b,RCH432,2025-06-20 08:45:18.963910,United States Air Force,06-6157,4636,29000,43.3,23.7,C-17A Globemaster,,,True
ae062a,UNKNOWN CALLSIGN,2025-06-20 08:45:18.963914,,58-0129,Unavailable,Unavailable,35.4,19.8,KC-135R Stratotanker,,,True
ae0476,GOLD24,2025-06-20 08:45:18.963919,,58-0027,5133,29000,41.2,-7.4,KC-135R Stratotanker,140,510,True
ae117d,UNKNOWN CALLSIGN,2025-06-20 08:45:18.963924,United States Air Force,02-1111,3316,31000,32.2,30.4,C-17A Globemaster,,,True
ae2fa3,MCFAMC,2025-06-20 08:46:19.635646,United States Air Force,08-8191,0014,27992,51.282463,-16.287918,C-17A Globemaster,278,,False
ae0361,UNKNOWN CALLSIGN,2025-06-20 08:46:19.635661,,59-1444,0014,29992,43.867378,-12.380047,KC-135R Stratotanker,287,,False
ae145e,RCH167,2025-06-20 08:46:19.635672,United States Air Force,06-6160,5216,31525,54.835518,-1.35721,C-17A Globemaster,309,444,False
33fe77,IAM1449,2025-06-20 08:46:19.635687,,MM62228,4421,38075,42.693383,13.838111,KC-46A Pegasus,315,447,False
ae4f14,RCH331,2025-06-20 08:46:19.635694,United States Air Force,10-0220,5431,38000,43.114981,23.409349,C-17A Globemaster,351,435,False
ae20c6,RCH556,2025-06-20 08:46:19.635701,United States Air Force,07-7185,6013,24975,43.4,23.9,C-17A Globemaster,,,True
ae145b,RCH432,2025-06-20 08:46:19.635707,United States Air Force,06-6157,4636,29000,43.9,23.4,C-17A Globemaster,,,True
ae080f,RCH649,2025-06-20 08:46:19.635711,United States Air Force,99-0169,7060,35000,43.0,25.3,C-17A Globemaster,,,True
ae0476,GOLD24,2025-06-20 08:46:19.635716,,58-0027,5133,29000,41.8,-5.4,KC-135R Stratotanker,140,510,True
ae062a,UNKNOWN CALLSIGN,2025-06-20 08:46:19.635721,,58-0129,Unavailable,Unavailable,35.4,19.8,KC-135R Stratotanker,,,True
ae0655,UNKNOWN CALLSIGN,2025-06-20 08:46:19.635726,,58-0084,6566,34025,36.2,14.9,KC-135R Stratotanker,,,True
ae0423,GOLD23,2025-06-20 08:46:19.635732,,59-1505,2703,37950,39.3,1.3,KC-135R Stratotanker,250,422,True
ae2fa3,MCFAMC,2025-06-20 08:47:20.285730,United States Air Force,08-8191,0014,27992,51.282463,-16.287918,C-17A Globemaster,278,,False
ae0361,UNKNOWN CALLSIGN,2025-06-20 08:47:20.285745,,59-1444,0014,29992,43.867378,-12.380047,KC-135R Stratotanker,287,,False
ae145e,RCH167,2025-06-20 08:47:20.285756,United States Air Force,06-6160,5216,29725,54.911174,-1.510984,C-17A Globemaster,310,437,False
33fe77,IAM1449,2025-06-20 08:47:20.285770,,MM62228,4421,38075,42.781786,13.72103,KC-46A Pegasus,315,445,False
ae20c6,RCH556,2025-06-20 08:47:20.285777,United States Air Force,07-7185,6013,26775,43.781975,23.254051,C-17A Globemaster,358,420,False
ae4f14,RCH331,2025-06-20 08:47:20.285781,United States Air Force,10-0220,5431,38000,43.201817,23.390536,C-17A Globemaster,351,459,False
ae0655,UNKNOWN CALLSIGN,2025-06-20 08:47:20.285788,,58-0084,6566,34025,36.2,14.9,KC-135R Stratotanker,,,True
ae0423,GOLD23,2025-06-20 08:47:20.285793,,59-1505,2703,37950,39.3,1.7,KC-135R Stratotanker,250,416,True
ae080f,RCH649,2025-06-20 08:47:20.285800,United States Air Force,99-0169,7060,35000,42.9,25.3,C-17A Globemaster,,,True
ae145b,RCH432,2025-06-20 08:47:20.285804,United States Air Force,06-6157,4636,29000,44.1,23.2,C-17A Globemaster,,,True
ae062a,UNKNOWN CALLSIGN,2025-06-20 08:47:20.285809,,58-0129,Unavailable,34000,35.4,19.8,KC-135R Stratotanker,,,True
ae0476,GOLD24,2025-06-20 08:47:20.285814,,58-0027,5133,29000,42.0,-4.4,KC-135R Stratotanker,140,508,True
ae49c7,RCH644,2025-06-20 08:47:20.285819,United States Air Force,09-9211,4515,18275,36.4,-5.0,C-17A Globemaster,,,True
ae2fa3,MCFAMC,2025-06-20 08:48:21.220273,United States Air Force,08-8191,0014,27992,51.282463,-16.287918,C-17A Globemaster,278,,False
ae145e,RCH167,2025-06-20 08:48:21.220292,United States Air Force,06-6160,5216,27950,54.991424,-1.676846,C-17A Globemaster,310,445,False
33fe77,IAM1449,2025-06-20 08:48:21.220309,,MM62228,4421,38075,42.871262,13.602224,KC-46A Pegasus,315,444,False
ae20c6,RCH556,2025-06-20 08:48:21.220316,United States Air Force,07-7185,6013,28875,43.952137,23.181105,C-17A Globemaster,335,445,False
ae4f14,RCH331,2025-06-20 08:48:21.220320,United States Air Force,10-0220,5431,38000,43.374945,23.348407,C-17A Globemaster,351,452,False
ae145b,RCH432,2025-06-20 08:48:21.220329,United States Air Force,06-6157,4636,29000,43.6,23.5,C-17A Globemaster,,,True
ae080f,RCH649,2025-06-20 08:48:21.220333,United States Air Force,99-0169,7060,35000,42.6,25.5,C-17A Globemaster,,,True
ae0476,GOLD24,2025-06-20 08:48:21.220338,,58-0027,5133,29000,42.0,-4.2,KC-135R Stratotanker,,,True
ae062a,UNKNOWN CALLSIGN,2025-06-20 08:48:21.220342,,58-0129,2064,34000,35.4,19.8,KC-135R Stratotanker,,,True
ae0655,UNKNOWN CALLSIGN,2025-06-20 08:48:21.220347,,58-0084,6566,34025,36.2,14.9,KC-135R Stratotanker,,,True
ae49c7,RCH644,2025-06-20 08:48:21.220352,United States Air Force,09-9211,4515,18650,36.4,-5.0,C-17A Globemaster,,,True
ae0423,GOLD23,2025-06-20 08:48:21.220357,,59-1505,2703,37950,39.3,1.9,KC-135R Stratotanker,250,412,True
ae2fa3,MCFAMC,2025-06-20 08:49:22.214497,United States Air Force,08-8191,0014,27992,51.282463,-16.287918,C-17A Globemaster,278,,False
ae145e,RCH167,2025-06-20 08:49:22.214564,United States Air Force,06-6160,5216,26125,55.069704,-1.838001,C-17A Globemaster,310,456,False
33fe77,IAM1449,2025-06-20 08:49:22.214601,,MM62228,4421,38075,42.960983,13.482524,KC-46A Pegasus,315,443,False
ae20c6,RCH556,2025-06-20 08:49:22.214608,United States Air Force,07-7185,6013,30600,44.088718,23.100683,C-17A Globemaster,338,406,False
ae4f14,RCH331,2025-06-20 08:49:22.214613,United States Air Force,10-0220,5431,38000,43.493127,23.325218,C-17A Globemaster,350,416,False
ae145b,RCH432,2025-06-20 08:49:22.214622,United States Air Force,06-6157,4636,29000,43.1,23.8,C-17A Globemaster,,,True
ae080f,RCH649,2025-06-20 08:49:22.214626,United States Air Force,99-0169,7060,35000,42.2,24.8,C-17A Globemaster,,,True
ae062a,UNKNOWN CALLSIGN,2025-06-20 08:49:22.214631,,58-0129,2064,34000,35.4,19.8,KC-135R Stratotanker,,,True
ae0655,UNKNOWN CALLSIGN,2025-06-20 08:49:22.214636,,58-0084,6566,34025,36.2,14.9,KC-135R Stratotanker,,,True
ae0423,GOLD23,2025-06-20 08:49:22.214642,,59-1505,2703,37950,39.3,1.8,KC-135R Stratotanker,250,406,True
ae145e,RCH167,2025-06-20 08:50:23.197019,United States Air Force,06-6160,5216,24200,55.144322,-2.002011,C-17A Globemaster,308,471,False
33fe77,IAM1449,2025-06-20 08:50:23.197044,,MM62228,4421,37500,43.049698,13.363655,KC-46A Pegasus,315,440,False
ae4f14,RCH331,2025-06-20 08:50:23.197052,United States Air Force,10-0220,5431,38000,43.60354,23.301906,C-17A Globemaster,353,401,False
ae0655,UNKNOWN CALLSIGN,2025-06-20 08:50:23.197061,,58-0084,6566,34025,36.2,14.9,KC-135R Stratotanker,,,True
ae0423,GOLD23,2025-06-20 08:50:23.197066,,59-1505,2703,37950,39.3,2.2,KC-135R Stratotanker,250,404,True
ae080f,RCH649,2025-06-20 08:50:23.197075,United States Air Force,99-0169,7060,35000,42.0,25.0,C-17A Globemaster,,,True
ae145b,RCH432,2025-06-20 08:50:23.197080,United States Air Force,06-6157,4636,29000,42.9,23.9,C-17A Globemaster,,,True
ae062a,UNKNOWN CALLSIGN,2025-06-20 08:50:23.197085,,58-0129,2064,34000,35.4,19.8,KC-135R Stratotanker,,,True
ae0476,GOLD24,2025-06-20 08:50:23.197091,,58-0027,5133,Unavailable,42.0,-4.2,KC-135R Stratotanker,,,True
ae20c6,RCH556,2025-06-20 08:50:23.197097,United States Air Force,07-7185,6013,32300,43.3,23.9,C-17A Globemaster,,,True
ae117d,UNKNOWN CALLSIGN,2025-06-20 08:50:23.197102,United States Air Force,02-1111,Unavailable,Unavailable,31.8,30.8,C-17A Globemaster,,,True
ae145e,RCH167,2025-06-20 08:51:23.844283,United States Air Force,06-6160,5216,22300,55.223546,-2.172332,C-17A Globemaster,305,425,False
33fe77,IAM1449,2025-06-20 08:51:23.844331,,MM62228,4421,36675,43.137445,13.245523,KC-46A Pegasus,315,432,False
ae4f14,RCH331,2025-06-20 08:51:23.844340,United States Air Force,10-0220,5431,38000,43.72081,23.275548,C-17A Globemaster,350,439,False
ae20c6,RCH556,2025-06-20 08:51:23.844348,United States Air Force,07-7185,6013,33700,43.2,23.7,C-17A Globemaster,,,True
ae145b,RCH432,2025-06-20 08:51:23.844377,United States Air Force,06-6157,4636,29000,42.4,24.1,C-17A Globemaster,,,True
ae080f,RCH649,2025-06-20 08:51:23.844382,United States Air Force,99-0169,7060,35000,42.9,24.9,C-17A Globemaster,,,True
ae062a,UNKNOWN CALLSIGN,2025-06-20 08:51:23.844410,,58-0129,2064,34000,35.4,19.8,KC-135R Stratotanker,,,True
ae0655,UNKNOWN CALLSIGN,2025-06-20 08:51:23.844415,,58-0084,6566,34025,36.2,14.9,KC-135R Stratotanker,,,True
ae0423,GOLD23,2025-06-20 08:51:23.844421,,59-1505,2703,37950,39.3,2.2,KC-135R Stratotanker,249,402,True
ae117d,UNKNOWN CALLSIGN,2025-06-20 08:51:23.844427,United States Air Force,02-1111,3316,31000,31.8,30.8,C-17A Globemaster,,,True
ae145e,RCH167,2025-06-20 08:52:24.831136,United States Air Force,06-6160,5216,20350,55.298948,-2.334187,C-17A Globemaster,317,445,False
33fe77,IAM1449,2025-06-20 08:52:24.831164,,MM62228,4421,36075,43.224451,13.128008,KC-46A Pegasus,315,433,False
ae4f14,RCH331,2025-06-20 08:52:24.831173,United States Air Force,10-0220,5431,38000,43.806209,23.252262,C-17A Globemaster,352,436,False
ae20c6,RCH556,2025-06-20 08:52:24.831181,United States Air Force,07-7185,6013,34000,42.9,23.9,C-17A Globemaster,,,True
ae145b,RCH432,2025-06-20 08:52:24.831189,United States Air Force,06-6157,4636,29000,43.6,23.6,C-17A Globemaster,,,True
ae080f,RCH649,2025-06-20 08:52:24.831196,United States Air Force,99-0169,7060,35000,41.7,24.8,C-17A Globemaster,,,True
ae0476,GOLD24,2025-06-20 08:52:24.831203,,58-0027,5133,Unavailable,41.8,-4.0,KC-135R Stratotanker,,,True
ae062a,UNKNOWN CALLSIGN,2025-06-20 08:52:24.831208,,58-0129,2064,34000,35.4,19.8,KC-135R Stratotanker,,,True
ae49c7,RCH644,2025-06-20 08:52:24.831213,United States Air Force,09-9211,4515,26350,36.4,-4.6,C-17A Globemaster,,,True
ae0655,UNKNOWN CALLSIGN,2025-06-20 08:52:24.831218,,58-0084,6566,34025,36.2,14.9,KC-135R Stratotanker,,,True
ae0423,GOLD23,2025-06-20 08:52:24.831225,,59-1505,2703,37950,39.3,2.2,KC-135R Stratotanker,249,402,True
ae117d,UNKNOWN CALLSIGN,2025-06-20 08:52:24.831231,United States Air Force,02-1111,3316,31000,31.8,30.8,C-17A Globemaster,,,True
ae145e,RCH167,2025-06-20 08:53:25.613479,United States Air Force,06-6160,5216,19800,55.366963,-2.486469,C-17A Globemaster,308,392,False
33fe77,IAM1449,2025-06-20 08:53:25.613505,,MM62228,4421,36100,43.309021,13.013242,KC-46A Pegasus,315,434,False
ae4f14,RCH331,2025-06-20 08:53:25.613513,United States Air Force,10-0220,5431,38000,43.93977,23.18813,C-17A Globemaster,,,False
ae0655,UNKNOWN CALLSIGN,2025-06-20 08:53:25.613522,,58-0084,6566,34025,36.2,14.9,KC-135R Stratotanker,,,True
ae0423,GOLD23,2025-06-20 08:53:25.613528,,59-1505,2703,37950,39.3,1.9,KC-135R Stratotanker,249,402,True
ae080f,RCH649,2025-06-20 08:53:25.613536,United States Air Force,99-0169,7060,35000,41.4,25.4,C-17A Globemaster,,,True
ae145b,RCH432,2025-06-20 08:53:25.613541,United States Air Force,06-6157,4636,29000,44.0,23.7,C-17A Globemaster,,,True
ae062a,UNKNOWN CALLSIGN,2025-06-20 08:53:25.613546,,58-0129,2064,34000,35.4,19.8,KC-135R Stratotanker,,,True
ae0476,GOLD24,2025-06-20 08:53:25.613552,,58-0027,5133,Unavailable,41.6,-3.8,KC-135R Stratotanker,,,True
ae20c6,RCH556,2025-06-20 08:53:25.613559,United States Air Force,07-7185,6013,34000,42.7,24.1,C-17A Globemaster,,,True
ae117d,UNKNOWN CALLSIGN,2025-06-20 08:53:25.613564,United States Air Force,02-1111,3316,31000,31.8,30.8,C-17A Globemaster,,,True
ae145e,RCH167,2025-06-20 08:54:26.538956,United States Air Force,06-6160,5216,17925,55.445934,-2.656586,C-17A Globemaster,311,409,False
33fe77,IAM1449,2025-06-20 08:54:26.538984,,MM62228,4421,36075,43.395676,12.895075,KC-46A Pegasus,315,432,False
ae0655,UNKNOWN CALLSIGN,2025-06-20 08:54:26.538996,,58-0084,6566,34025,36.2,14.9,KC-135R Stratotanker,,,True
ae0423,GOLD23,2025-06-20 08:54:26.539002,,59-1505,2703,37950,39.1,1.4,KC-135R Stratotanker,253,402,True
ae4f14,RCH331,2025-06-20 08:54:26.539008,United States Air Force,10-0220,5431,37975,43.8,23.8,C-17A Globemaster,,,True
ae080f,RCH649,2025-06-20 08:54:26.539019,United States Air Force,99-0169,7060,35000,40.3,24.0,C-17A Globemaster,,,True
ae145b,RCH432,2025-06-20 08:54:26.539024,United States Air Force,06-6157,4636,29000,43.3,23.7,C-17A Globemaster,,,True
ae062a,UNKNOWN CALLSIGN,2025-06-20 08:54:26.539030,,58-0129,2064,34000,35.4,19.8,KC-135R Stratotanker,,,True
ae20c6,RCH556,2025-06-20 08:54:26.539037,United States Air Force,07-7185,6013,34000,42.8,24.0,C-17A Globemaster,,,True
ae117d,RCH563,2025-06-20 08:54:26.539042,United States Air Force,02-1111,3316,31000,31.8,30.8,C-17A Globemaster,,,True
ae145e,RCH167,2025-06-20 08:55:27.478924,United States Air Force,06-6160,5216,16075,55.457914,-2.831678,C-17A Globemaster,246,427,False
33fe77,IAM1449,2025-06-20 08:55:27.478952,,MM62228,4421,36075,43.470387,12.762124,KC-46A Pegasus,306,430,False
ae4f14,RCH331,2025-06-20 08:55:27.478960,United States Air Force,10-0220,5431,38000,44.165533,23.054691,C-17A Globemaster,,,False
ae20c6,RCH556,2025-06-20 08:55:27.478969,United States Air Force,07-7185,6013,34000,42.9,24.1,C-17A Globemaster,,,True
ae145b,RCH432,2025-06-20 08:55:27.478978,United States Air Force,06-6157,4636,29000,43.1,23.7,C-17A Globemaster,,,True
ae080f,RCH649,2025-06-20 08:55:27.478983,United States Air Force,99-0169,7060,35000,40.0,23.5,C-17A Globemaster,,,True
ae062a,UNKNOWN CALLSIGN,2025-06-20 08:55:27.478989,,58-0129,2064,34000,35.4,19.8,KC-135R Stratotanker,,,True
ae0655,UNKNOWN CALLSIGN,2025-06-20 08:55:27.478995,,58-0084,6566,34025,36.2,14.9,KC-135R Stratotanker,,,True
ae117d,RCH563,2025-06-20 08:55:27.479000,United States Air Force,02-1111,3316,31000,31.8,31.2,C-17A Globemaster,,,True
ae0423,GOLD23,2025-06-20 08:55:27.479006,,59-1505,2703,37950,38.8,1.7,KC-135R Stratotanker,253,404,True
ae145e,RCH167,2025-06-20 08:56:28.458139,United States Air Force,06-6160,5216,15475,55.443643,-3.001756,C-17A Globemaster,264,362,False
33fe77,IAM1449,2025-06-20 08:56:28.458168,,MM62228,4421,35950,43.542709,12.628145,KC-46A Pegasus,306,428,False
ae0655,UNKNOWN CALLSIGN,2025-06-20 08:56:28.458180,,58-0084,6566,34025,36.2,14.9,KC-135R Stratotanker,,,True
ae0423,GOLD23,2025-06-20 08:56:28.458186,,59-1505,2703,37950,38.8,1.4,KC-135R Stratotanker,252,404,True
ae4f14,RCH331,2025-06-20 08:56:28.458192,United States Air Force,10-0220,5431,38000,43.5,23.8,C-17A Globemaster,,,True
ae080f,RCH649,2025-06-20 08:56:28.458199,United States Air Force,99-0169,7060,35000,39.4,23.2,C-17A Globemaster,,,True
ae145b,RCH432,2025-06-20 08:56:28.458204,United States Air Force,06-6157,4636,29000,42.5,24.1,C-17A Globemaster,,,True
ae062a,UNKNOWN CALLSIGN,2025-06-20 08:56:28.458209,,58-0129,2064,34000,35.4,19.8,KC-135R Stratotanker,,,True
ae117d,RCH563,2025-06-20 08:56:28.458217,United States Air Force,02-1111,3316,31000,31.8,31.2,C-17A Globemaster,,,True
ae49c7,RCH644,2025-06-20 08:56:28.458222,United States Air Force,09-9211,4515,Unavailable,40.3,-8.8,C-17A Globemaster,,,True
ae20c6,RCH556,2025-06-20 08:56:28.458226,United States Air Force,07-7185,6013,34000,42.8,24.0,C-17A Globemaster,,,True
ae145e,RCH167,2025-06-20 08:57:29.139274,United States Air Force,06-6160,5216,13850,55.432608,-3.196285,C-17A Globemaster,262,366,False
33fe77,IAM1449,2025-06-20 08:57:29.139303,,MM62228,4421,34625,43.614838,12.496294,KC-46A Pegasus,307,431,False
ae20c6,RCH556,2025-06-20 08:57:29.139314,United States Air Force,07-7185,6013,34000,42.9,24.0,C-17A Globemaster,,,True
ae49c7,RCH644,2025-06-20 08:57:29.139325,United States Air Force,09-9211,4515,34150,40.3,-8.8,C-17A Globemaster,,,True
ae145b,RCH432,2025-06-20 08:57:29.139331,United States Air Force,06-6157,4636,29000,41.8,23.9,C-17A Globemaster,,,True
ae4f14,RCH331,2025-06-20 08:57:29.139337,United States Air Force,10-0220,5431,38000,44.1,23.4,C-17A Globemaster,,,True
ae080f,RCH649,2025-06-20 08:57:29.139342,United States Air Force,99-0169,7060,35000,39.1,23.1,C-17A Globemaster,,,True
ae062a,UNKNOWN CALLSIGN,2025-06-20 08:57:29.139347,,58-0129,2064,34000,35.4,19.8,KC-135R Stratotanker,,,True
ae0655,UNKNOWN CALLSIGN,2025-06-20 08:57:29.139353,,58-0084,6566,34025,36.2,14.9,KC-135R Stratotanker,,,True
ae117d,RCH563,2025-06-20 08:57:29.139358,United States Air Force,02-1111,3316,31000,31.8,31.2,C-17A Globemaster,,,True
ae0423,GOLD23,2025-06-20 08:57:29.139364,,59-1505,2703,37950,38.7,0.7,KC-135R Stratotanker,252,406,True
ae145e,RCH167,2025-06-20 08:58:29.847697,United States Air Force,06-6160,5216,12225,55.410862,-3.375695,C-17A Globemaster,259,335,False
33fe77,IAM1449,2025-06-20 08:58:29.847727,,MM62228,4421,33350,43.688484,12.361973,KC-46A Pegasus,307,432,False
ae0655,UNKNOWN CALLSIGN,2025-06-20 08:58:29.847738,,58-0084,6566,34025,36.2,14.9,KC-135R Stratotanker,,,True
ae0423,GOLD23,2025-06-20 08:58:29.847744,,59-1505,2703,37950,38.7,1.0,KC-135R Stratotanker,252,406,True
ae4f14,RCH331,2025-06-20 08:58:29.847748,United States Air Force,10-0220,5431,38000,43.1,24.3,C-17A Globemaster,,,True
ae080f,RCH649,2025-06-20 08:58:29.847754,United States Air Force,99-0169,7060,35000,39.1,23.0,C-17A Globemaster,,,True
ae145b,RCH432,2025-06-20 08:58:29.847759,United States Air Force,06-6157,4636,29000,41.4,23.7,C-17A Globemaster,,,True
ae062a,UNKNOWN CALLSIGN,2025-06-20 08:58:29.847763,,58-0129,2064,34000,35.4,19.8,KC-135R Stratotanker,,,True
ae117d,RCH563,2025-06-20 08:58:29.847770,United States Air Force,02-1111,3316,31000,31.8,31.2,C-17A Globemaster,,,True
ae49c7,RCH644,2025-06-20 08:58:29.847774,United States Air Force,09-9211,4515,35225,40.3,-8.8,C-17A Globemaster,,,True
ae20c6,RCH556,2025-06-20 08:58:29.847778,United States Air Force,07-7185,6013,34000,42.9,24.0,C-17A Globemaster,,,True
ae145e,RCH167,2025-06-20 08:59:30.510020,United States Air Force,06-6160,5216,10625,55.391781,-3.523046,C-17A Globemaster,259,309,False
33fe77,IAM1449,2025-06-20 08:59:30.510050,,MM62228,4421,31950,43.761338,12.229745,KC-46A Pegasus,308,435,False
ae20c6,RCH556,2025-06-20 08:59:30.510061,United States Air Force,07-7185,6013,34000,42.7,24.1,C-17A Globemaster,,,True
ae49c7,RCH644,2025-06-20 08:59:30.510068,United States Air Force,09-9211,4515,36000,40.3,-9.0,C-17A Globemaster,,,True
ae145b,RCH432,2025-06-20 08:59:30.510073,United States Air Force,06-6157,4636,28975,41.5,24.1,C-17A Globemaster,,,True
ae4f14,RCH331,2025-06-20 08:59:30.510077,United States Air Force,10-0220,5431,38000,42.9,24.2,C-17A Globemaster,,,True
ae080f,RCH649,2025-06-20 08:59:30.510082,United States Air Force,99-0169,7060,34875,38.6,23.1,C-17A Globemaster,,,True
ae062a,UNKNOWN CALLSIGN,2025-06-20 08:59:30.510087,,58-0129,2064,34000,35.4,19.8,KC-135R Stratotanker,,,True
ae0655,UNKNOWN CALLSIGN,2025-06-20 08:59:30.510091,,58-0084,6566,34025,36.2,14.9,KC-135R Stratotanker,,,True
ae0423,GOLD23,2025-06-20 08:59:30.510097,,59-1505,2703,37950,38.7,0.9,KC-135R Stratotanker,252,406,True
ae145e,RCH167,2025-06-20 09:00:31.168170,United States Air Force,06-6160,5216,9350,55.374948,-3.666663,C-17A Globemaster,258,285,False
33fe77,IAM1449,2025-06-20 09:00:31.168211,,MM62228,4421,31100,43.851882,12.118901,KC-46A Pegasus,322,426,False
ae20c6,RCH556,2025-06-20 09:00:31.168226,United States Air Force,07-7185,6013,35500,42.8,24.0,C-17A Globemaster,,,True
ae49c7,RCH644,2025-06-20 09:00:31.168236,United States Air Force,09-9211,4515,36000,40.3,-9.0,C-17A Globemaster,,,True
ae145b,RCH432,2025-06-20 09:00:31.168243,United States Air Force,06-6157,4636,29000,41.1,24.5,C-17A Globemaster,,,True
ae4f14,RCH331,2025-06-20 09:00:31.168250,United States Air Force,10-0220,5431,38000,42.8,24.3,C-17A Globemaster,,,True
ae080f,RCH649,2025-06-20 09:00:31.168257,United States Air Force,99-0169,7060,34200,38.5,23.2,C-17A Globemaster,,,True
ae062a,UNKNOWN CALLSIGN,2025-06-20 09:00:31.168263,,58-0129,2064,34000,35.4,19.8,KC-135R Stratotanker,,,True
ae0655,UNKNOWN CALLSIGN,2025-06-20 09:00:31.168269,,58-0084,6566,34025,36.2,14.9,KC-135R Stratotanker,,,True
ae0423,GOLD23,2025-06-20 09:00:31.168277,,59-1505,2703,37950,38.5,0.7,KC-135R Stratotanker,252,406,True
ae145e,RCH167,2025-06-20 09:01:32.328588,United States Air Force,06-6160,5216,7850,55.360301,-3.796404,C-17A Globemaster,258,265,False
33fe77,IAM1449,2025-06-20 09:01:32.328627,,MM62228,4421,30300,43.942752,12.010607,KC-46A Pegasus,319,424,False
ae0655,UNKNOWN CALLSIGN,2025-06-20 09:01:32.328643,,58-0084,6566,34025,35.7,15.7,KC-135R Stratotanker,,,True
ae0423,GOLD23,2025-06-20 09:01:32.328651,,59-1505,2703,37950,38.6,1.1,KC-135R Stratotanker,252,406,True
ae4f14,RCH331,2025-06-20 09:01:32.328660,United States Air Force,10-0220,5431,38000,42.8,24.0,C-17A Globemaster,,,True
ae080f,RCH649,2025-06-20 09:01:32.328668,United States Air Force,99-0169,7060,33500,39.0,23.5,C-17A Globemaster,,,True
ae145b,RCH432,2025-06-20 09:01:32.328674,United States Air Force,06-6157,4636,29000,39.9,24.1,C-17A Globemaster,,,True
ae062a,UNKNOWN CALLSIGN,2025-06-20 09:01:32.328680,,58-0129,2064,34000,38.3,24.0,KC-135R Stratotanker,,,True
ae49c7,RCH644,2025-06-20 09:01:32.328688,United States Air Force,09-9211,4515,36000,40.3,-9.0,C-17A Globemaster,,,True
ae20c6,RCH556,2025-06-20 09:01:32.328694,United States Air Force,07-7185,6013,36000,43.3,23.9,C-17A Globemaster,,,True
ae145e,RCH167,2025-06-20 09:02:33.354540,United States Air Force,06-6160,5216,6325,55.356056,-3.907235,C-17A Globemaster,278,256,False
33fe77,IAM1449,2025-06-20 09:02:33.354569,,MM62228,4421,29350,44.032877,11.902509,KC-46A Pegasus,319,418,False
ae0655,UNKNOWN CALLSIGN,2025-06-20 09:02:33.354582,,58-0084,6566,34025,37.1,15.9,KC-135R Stratotanker,282,456,True
ae0423,GOLD23,2025-06-20 09:02:33.354588,,59-1505,2703,37950,38.0,0.6,KC-135R Stratotanker,252,406,True
ae4f14,RCH331,2025-06-20 09:02:33.354595,United States Air Force,10-0220,5431,38000,42.8,24.1,C-17A Globemaster,,,True
ae080f,RCH649,2025-06-20 09:02:33.354602,United States Air Force,99-0169,7060,33000,39.1,23.6,C-17A Globemaster,,,True
ae145b,RCH432,2025-06-20 09:02:33.354607,United States Air Force,06-6157,4636,29000,39.4,23.5,C-17A Globemaster,,,True
ae062a,UNKNOWN CALLSIGN,2025-06-20 09:02:33.354612,,58-0129,2064,34000,38.3,24.1,KC-135R Stratotanker,,,True
ae49c7,RCH644,2025-06-20 09:02:33.354619,United States Air Force,09-9211,4515,36000,40.3,-9.0,C-17A Globemaster,,,True
ae20c6,RCH556,2025-06-20 09:02:33.354624,United States Air Force,07-7185,6013,36000,43.9,23.8,C-17A Globemaster,,,True
ae145e,RCH167,2025-06-20 09:03:34.016198,United States Air Force,06-6160,5216,5825,55.371673,-4.059293,C-17A Globemaster,286,286,False
33fe77,IAM1449,2025-06-20 09:03:34.016227,,MM62228,4421,27125,44.128922,11.805321,KC-46A Pegasus,329,428,False
ae0655,UNKNOWN CALLSIGN,2025-06-20 09:03:34.016240,,58-0084,6566,34025,37.1,15.9,KC-135R Stratotanker,282,458,True
ae0423,GOLD23,2025-06-20 09:03:34.016246,,59-1505,2703,37950,38.1,0.2,KC-135R Stratotanker,252,408,True
ae4f14,RCH331,2025-06-20 09:03:34.016253,United States Air Force,10-0220,5431,38000,42.9,24.1,C-17A Globemaster,,,True
ae080f,RCH649,2025-06-20 09:03:34.016261,United States Air Force,99-0169,7060,32975,39.0,23.3,C-17A Globemaster,,,True
ae145b,RCH432,2025-06-20 09:03:34.016267,United States Air Force,06-6157,4636,29000,39.6,23.3,C-17A Globemaster,,,True
ae062a,UNKNOWN CALLSIGN,2025-06-20 09:03:34.016272,,58-0129,2064,34000,35.4,19.8,KC-135R Stratotanker,,,True
ae49c7,RCH644,2025-06-20 09:03:34.016279,United States Air Force,09-9211,4515,36000,40.3,-9.0,C-17A Globemaster,,,True
ae20c6,RCH556,2025-06-20 09:03:34.016284,United States Air Force,07-7185,6013,36000,43.5,23.9,C-17A Globemaster,,,True
ae145e,RCH167,2025-06-20 09:04:35.008214,United States Air Force,06-6160,5216,5275,55.378348,-4.181662,C-17A Globemaster,281,228,False
33fe77,IAM1449,2025-06-20 09:04:35.008244,,MM62228,4421,24700,44.231236,11.721943,KC-46A Pegasus,329,415,False
ae0655,UNKNOWN CALLSIGN,2025-06-20 09:04:35.008257,,58-0084,6566,34025,36.2,14.9,KC-135R Stratotanker,281,460,True
ae0423,GOLD23,2025-06-20 09:04:35.008263,,59-1505,2703,37950,38.4,0.4,KC-135R Stratotanker,252,408,True
ae4f14,RCH331,2025-06-20 09:04:35.008270,United States Air Force,10-0220,5431,38000,42.9,24.0,C-17A Globemaster,,,True
ae080f,RCH649,2025-06-20 09:04:35.008277,United States Air Force,99-0169,7060,32975,38.8,23.5,C-17A Globemaster,,,True
ae145b,RCH432,2025-06-20 09:04:35.008282,United States Air Force,06-6157,4636,29000,39.4,23.5,C-17A Globemaster,,,True
ae062a,UNKNOWN CALLSIGN,2025-06-20 09:04:35.008287,,58-0129,2064,34000,38.3,24.1,KC-135R Stratotanker,,,True
ae49c7,RCH644,2025-06-20 09:04:35.008293,United States Air Force,09-9211,4515,36000,40.3,-9.0,C-17A Globemaster,,,True
ae20c6,RCH556,2025-06-20 09:04:35.008298,United States Air Force,07-7185,6013,36000,44.2,23.7,C-17A Globemaster,,,True
ae145e,RCH167,2025-06-20 09:05:35.941702,United States Air Force,06-6160,5216,3825,55.380664,-4.197707,C-17A Globemaster,281,215,False
33fe77,IAM1449,2025-06-20 09:05:35.941731,,MM62228,4421,21725,44.331024,11.640342,KC-46A Pegasus,329,412,False
ae0655,UNKNOWN CALLSIGN,2025-06-20 09:05:35.941743,,58-0084,6566,34025,37.1,15.9,KC-135R Stratotanker,281,460,True
ae4f14,RCH331,2025-06-20 09:05:35.941750,United States Air Force,10-0220,5431,38000,43.4,24.0,C-17A Globemaster,,,True
ae080f,RCH649,2025-06-20 09:05:35.941756,United States Air Force,99-0169,7060,33000,38.9,23.5,C-17A Globemaster,,,True
ae145b,RCH432,2025-06-20 09:05:35.941761,United States Air Force,06-6157,4636,29000,39.5,23.7,C-17A Globemaster,,,True
ae062a,UNKNOWN CALLSIGN,2025-06-20 09:05:35.941766,,58-0129,2064,34000,38.3,24.1,KC-135R Stratotanker,,,True
ae49c7,RCH644,2025-06-20 09:05:35.941772,United States Air Force,09-9211,4515,36000,40.3,-9.0,C-17A Globemaster,,,True
ae20c6,RCH556,2025-06-20 09:05:35.941777,United States Air Force,07-7185,6013,36000,43.4,24.0,C-17A Globemaster,,,True
33fe77,IAM1449,2025-06-20 09:06:37.078673,,MM62228,4421,17800,44.430247,11.558622,KC-46A Pegasus,329,397,False
ae20c6,RCH556,2025-06-20 09:06:37.078694,United States Air Force,07-7185,6013,37125,44.6,23.6,C-17A Globemaster,,,True
ae49c7,RCH644,2025-06-20 09:06:37.078703,United States Air Force,09-9211,4515,36000,40.3,-9.0,C-17A Globemaster,,,True
ae145b,RCH432,2025-06-20 09:06:37.078708,United States Air Force,06-6157,4636,29000,39.5,23.7,C-17A Globemaster,,,True
ae4f14,RCH331,2025-06-20 09:06:37.078714,United States Air Force,10-0220,5431,38000,43.8,23.8,C-17A Globemaster,,,True
ae080f,RCH649,2025-06-20 09:06:37.078719,United States Air Force,99-0169,7060,33000,38.8,23.4,C-17A Globemaster,,,True
ae145e,RCH167,2025-06-20 09:06:37.078724,United States Air Force,06-6160,5216,3050,55.1,-4.4,C-17A Globemaster,,,True
ae062a,UNKNOWN CALLSIGN,2025-06-20 09:06:37.078729,,58-0129,2064,34000,35.4,19.8,KC-135R Stratotanker,,,True
ae0655,UNKNOWN CALLSIGN,2025-06-20 09:06:37.078735,,58-0084,6566,34025,36.2,14.9,KC-135R Stratotanker,281,462,True
ae0423,GOLD23,2025-06-20 09:06:37.078741,,59-1505,2703,37950,37.6,-0.6,KC-135R Stratotanker,252,408,True
33fe77,IAM1449,2025-06-20 09:07:38.234657,,MM62228,4421,16175,44.526535,11.479405,KC-46A Pegasus,329,373,False
ae0655,UNKNOWN CALLSIGN,2025-06-20 09:07:38.234681,,58-0084,6566,34025,35.7,15.7,KC-135R Stratotanker,281,460,True
ae0423,GOLD23,2025-06-20 09:07:38.234688,,59-1505,2703,37950,37.3,-0.7,KC-135R Stratotanker,252,410,True
ae145e,RCH167,2025-06-20 09:07:38.234694,United States Air Force,06-6160,5216,2225,55.0,-4.2,C-17A Globemaster,,,True
ae4f14,RCH331,2025-06-20 09:07:38.234699,United States Air Force,10-0220,5431,38000,43.8,23.8,C-17A Globemaster,,,True
ae080f,RCH649,2025-06-20 09:07:38.234706,United States Air Force,99-0169,7060,32975,39.0,23.4,C-17A Globemaster,,,True
ae145b,RCH432,2025-06-20 09:07:38.234711,United States Air Force,06-6157,4636,29000,39.4,23.4,C-17A Globemaster,,,True
ae062a,UNKNOWN CALLSIGN,2025-06-20 09:07:38.234716,,58-0129,Unavailable,34000,35.4,19.8,KC-135R Stratotanker,,,True
ae49c7,RCH644,2025-06-20 09:07:38.234722,United States Air Force,09-9211,4515,36000,41.1,-7.5,C-17A Globemaster,,,True
ae20c6,RCH556,2025-06-20 09:07:38.234727,United States Air Force,07-7185,6013,37850,46.5,20.7,C-17A Globemaster,,,True
33fe77,IAM1449,2025-06-20 09:08:39.143207,,MM62228,4421,16050,44.613739,11.407209,KC-46A Pegasus,329,357,False
ae0655,UNKNOWN CALLSIGN,2025-06-20 09:08:39.143227,,58-0084,6566,34025,35.7,15.7,KC-135R Stratotanker,281,462,True
ae0423,GOLD23,2025-06-20 09:08:39.143233,,59-1505,2703,37950,37.2,-0.1,KC-135R Stratotanker,252,410,True
ae145e,RCH167,2025-06-20 09:08:39.143239,United States Air Force,06-6160,5216,1425,54.9,-3.8,C-17A Globemaster,,,True
ae4f14,RCH331,2025-06-20 09:08:39.143243,United States Air Force,10-0220,5431,38000,43.9,23.8,C-17A Globemaster,,,True
ae080f,RCH649,2025-06-20 09:08:39.143249,United States Air Force,99-0169,7060,33000,39.0,23.4,C-17A Globemaster,,,True
ae145b,RCH432,2025-06-20 09:08:39.143253,United States Air Force,06-6157,4636,29000,39.3,23.5,C-17A Globemaster,,,True
ae062a,UNKNOWN CALLSIGN,2025-06-20 09:08:39.143258,,58-0129,2064,34000,35.4,19.8,KC-135R Stratotanker,,,True
ae49c7,RCH644,2025-06-20 09:08:39.143263,United States Air Force,09-9211,4515,36000,40.3,-9.0,C-17A Globemaster,,,True
ae20c6,RCH556,2025-06-20 09:08:39.143267,United States Air Force,07-7185,6013,38025,48.5,18.6,C-17A Globemaster,,,True
33fe77,IAM1449,2025-06-20 09:09:39.877397,,MM62228,4421,14975,44.700436,11.335345,KC-46A Pegasus,329,352,False
ae0655,UNKNOWN CALLSIGN,2025-06-20 09:09:39.877421,,58-0084,6566,34025,35.7,15.7,KC-135R Stratotanker,281,464,True
ae145e,RCH167,2025-06-20 09:09:39.877429,United States Air Force,06-6160,5216,675,55.0,-4.2,C-17A Globemaster,,,True
ae4f14,RCH331,2025-06-20 09:09:39.877435,United States Air Force,10-0220,5431,38000,43.8,23.8,C-17A Globemaster,,,True
ae080f,RCH649,2025-06-20 09:09:39.877442,United States Air Force,99-0169,7060,33000,38.8,23.3,C-17A Globemaster,,,True
ae145b,RCH432,2025-06-20 09:09:39.877447,United States Air Force,06-6157,4636,29000,39.3,23.4,C-17A Globemaster,,,True
ae062a,UNKNOWN CALLSIGN,2025-06-20 09:09:39.877452,,58-0129,2064,34000,35.4,19.8,KC-135R Stratotanker,,,True
ae49c7,RCH644,2025-06-20 09:09:39.877458,United States Air Force,09-9211,4515,36000,41.1,-7.5,C-17A Globemaster,,,True
ae20c6,RCH556,2025-06-20 09:09:39.877464,United States Air Force,07-7185,6013,38025,48.1,19.5,C-17A Globemaster,,,True
33fe77,IAM1449,2025-06-20 09:10:41.089994,,MM62228,4421,12975,44.784851,11.265041,KC-46A Pegasus,329,344,False
ae20c6,RCH556,2025-06-20 09:10:41.090016,United States Air Force,07-7185,6013,38000,47.4,20.5,C-17A Globemaster,,,True
ae49c7,RCH644,2025-06-20 09:10:41.090025,United States Air Force,09-9211,4515,36000,41.1,-7.5,C-17A Globemaster,,,True
ae145b,RCH432,2025-06-20 09:10:41.090031,United States Air Force,06-6157,4636,29000,39.2,23.7,C-17A Globemaster,,,True
ae4f14,RCH331,2025-06-20 09:10:41.090037,United States Air Force,10-0220,5431,38000,44.1,23.7,C-17A Globemaster,,,True
ae080f,RCH649,2025-06-20 09:10:41.090042,United States Air Force,99-0169,7060,33000,38.4,23.4,C-17A Globemaster,,,True
ae145e,RCH167,2025-06-20 09:10:41.090048,United States Air Force,06-6160,5216,-25,55.1,-4.0,C-17A Globemaster,,,True
ae062a,UNKNOWN CALLSIGN,2025-06-20 09:10:41.090053,,58-0129,2064,34000,35.4,19.8,KC-135R Stratotanker,,,True
ae0655,UNKNOWN CALLSIGN,2025-06-20 09:10:41.090060,,58-0084,6566,34025,37.1,15.9,KC-135R Stratotanker,281,456,True
ae0423,GOLD23,2025-06-20 09:10:41.090066,,59-1505,2703,37950,37.2,-0.2,KC-135R Stratotanker,251,408,True
33fe77,IAM1449,2025-06-20 09:11:42.047382,,MM62228,4421,11200,44.867419,11.196006,KC-46A Pegasus,329,332,False
ae20c6,RCH556,2025-06-20 09:11:42.047405,United States Air Force,07-7185,6013,37975,48.3,19.2,C-17A Globemaster,,,True
ae49c7,RCH644,2025-06-20 09:11:42.047413,United States Air Force,09-9211,4515,36000,41.1,-7.5,C-17A Globemaster,,,True
ae145b,RCH432,2025-06-20 09:11:42.047419,United States Air Force,06-6157,4636,29000,38.5,23.4,C-17A Globemaster,,,True
ae4f14,RCH331,2025-06-20 09:11:42.047426,United States Air Force,10-0220,5431,38000,45.9,21.6,C-17A Globemaster,,,True
ae080f,RCH649,2025-06-20 09:11:42.047431,United States Air Force,99-0169,7060,33000,38.7,23.6,C-17A Globemaster,,,True
ae062a,UNKNOWN CALLSIGN,2025-06-20 09:11:42.047437,,58-0129,2064,34000,35.4,19.8,KC-135R Stratotanker,,,True
ae0655,UNKNOWN CALLSIGN,2025-06-20 09:11:42.047443,,58-0084,6566,34025,37.1,15.9,KC-135R Stratotanker,281,452,True
ae0423,GOLD23,2025-06-20 09:11:42.047450,,59-1505,2703,37950,37.4,-0.6,KC-135R Stratotanker,251,410,True
33fe77,IAM1449,2025-06-20 09:12:43.154277,,MM62228,4421,10425,44.941344,11.130825,KC-46A Pegasus,315,292,False
ae20c6,RCH556,2025-06-20 09:12:43.154297,United States Air Force,07-7185,6013,38000,49.0,17.7,C-17A Globemaster,,,True
ae49c7,RCH644,2025-06-20 09:12:43.154305,United States Air Force,09-9211,4515,36000,40.3,-8.9,C-17A Globemaster,,,True
ae145b,RCH432,2025-06-20 09:12:43.154310,United States Air Force,06-6157,4636,29000,38.5,23.5,C-17A Globemaster,,,True
ae4f14,RCH331,2025-06-20 09:12:43.154315,United States Air Force,10-0220,5431,38000,45.9,21.6,C-17A Globemaster,,,True
ae080f,RCH649,2025-06-20 09:12:43.154319,United States Air Force,99-0169,7060,33000,38.3,23.5,C-17A Globemaster,,,True
ae04c4,UNKNOWN CALLSIGN,2025-06-20 09:12:43.154324,,59-1475,Unavailable,Unavailable,62.3,4.6,KC-135R Stratotanker,,,True
ae062a,UNKNOWN CALLSIGN,2025-06-20 09:12:43.154328,,58-0129,2064,34000,35.4,19.8,KC-135R Stratotanker,,,True
ae0655,UNKNOWN CALLSIGN,2025-06-20 09:12:43.154333,,58-0084,6566,34025,37.1,15.9,KC-135R Stratotanker,281,454,True
ae0423,GOLD23,2025-06-20 09:12:43.154339,,59-1505,2703,37950,37.5,-0.6,KC-135R Stratotanker,251,410,True
33fe77,IAM1449,2025-06-20 09:13:44.124378,,MM62228,4421,9025,44.996796,11.047211,KC-46A Pegasus,312,285,False
ae080f,RCH649,2025-06-20 09:13:44.124399,United States Air Force,99-0169,7060,32925,38.093322,24.52728,C-17A Globemaster,,,False
ae04c4,UNKNOWN CALLSIGN,2025-06-20 09:13:44.124408,,59-1475,3420,35975,62.3,4.6,KC-135R Stratotanker,,,True
ae0655,UNKNOWN CALLSIGN,2025-06-20 09:13:44.124415,,58-0084,6566,34025,36.2,14.9,KC-135R Stratotanker,281,458,True
ae0423,GOLD23,2025-06-20 09:13:44.124421,,59-1505,2703,37950,37.2,-0.8,KC-135R Stratotanker,251,410,True
ae4f14,RCH331,2025-06-20 09:13:44.124428,United States Air Force,10-0220,5431,38000,48.7,18.3,C-17A Globemaster,,,True
ae145b,RCH432,2025-06-20 09:13:44.124435,United States Air Force,06-6157,4636,29000,39.0,23.7,C-17A Globemaster,,,True
ae062a,UNKNOWN CALLSIGN,2025-06-20 09:13:44.124440,,58-0129,2064,34000,35.4,19.8,KC-135R Stratotanker,,,True
ae49c7,RCH644,2025-06-20 09:13:44.124446,United States Air Force,09-9211,4515,36000,40.3,-8.9,C-17A Globemaster,,,True
ae20c6,RCH556,2025-06-20 09:13:44.124451,United States Air Force,07-7185,6013,38000,49.0,17.8,C-17A Globemaster,,,True
33fe77,IAM1449,2025-06-20 09:14:45.099114,,MM62228,4421,7950,45.050308,10.966187,KC-46A Pegasus,313,266,False
ae080f,RCH649,2025-06-20 09:14:45.099136,United States Air Force,99-0169,7060,30450,37.95663,24.493312,C-17A Globemaster,,,False
ae0655,UNKNOWN CALLSIGN,2025-06-20 09:14:45.099146,,58-0084,6566,34025,36.2,14.9,KC-135R Stratotanker,281,460,True
ae0423,GOLD23,2025-06-20 09:14:45.099152,,59-1505,2703,37950,36.8,-1.1,KC-135R Stratotanker,251,410,True
ae4f14,RCH331,2025-06-20 09:14:45.099158,United States Air Force,10-0220,5431,38000,48.5,18.7,C-17A Globemaster,,,True
ae145b,RCH432,2025-06-20 09:14:45.099165,United States Air Force,06-6157,4636,29000,39.3,23.7,C-17A Globemaster,,,True
ae062a,UNKNOWN CALLSIGN,2025-06-20 09:14:45.099169,,58-0129,2064,34000,35.4,19.8,KC-135R Stratotanker,,,True
ae49c7,RCH644,2025-06-20 09:14:45.099175,United States Air Force,09-9211,4515,36000,41.1,-7.5,C-17A Globemaster,,,True
ae20c6,RCH556,2025-06-20 09:14:45.099180,United States Air Force,07-7185,6013,38000,49.0,17.8,C-17A Globemaster,,,True
33fe77,IAM1449,2025-06-20 09:15:46.285447,,MM62228,4421,6425,45.099014,10.892487,KC-46A Pegasus,312,249,False
ae080f,RCH649,2025-06-20 09:15:46.285469,United States Air Force,99-0169,7060,28350,37.860306,24.42989,C-17A Globemaster,,,False
ae20c6,RCH556,2025-06-20 09:15:46.285479,United States Air Force,07-7185,6013,38000,48.3,18.7,C-17A Globemaster,,,True
ae49c7,RCH644,2025-06-20 09:15:46.285485,United States Air Force,09-9211,4515,36000,40.3,-9.0,C-17A Globemaster,,,True
ae145b,RCH432,2025-06-20 09:15:46.285492,United States Air Force,06-6157,4636,29000,39.2,23.7,C-17A Globemaster,,,True
ae4f14,RCH331,2025-06-20 09:15:46.285497,United States Air Force,10-0220,5431,38000,47.7,20.5,C-17A Globemaster,,,True
ae062a,UNKNOWN CALLSIGN,2025-06-20 09:15:46.285503,,58-0129,2064,34000,35.4,19.8,KC-135R Stratotanker,,,True
ae0655,UNKNOWN CALLSIGN,2025-06-20 09:15:46.285509,,58-0084,6566,34025,37.1,15.9,KC-135R Stratotanker,280,460,True
ae0423,GOLD23,2025-06-20 09:15:46.285515,,59-1505,2703,37950,36.9,-1.0,KC-135R Stratotanker,251,412,True
33fe77,IAM1449,2025-06-20 09:16:46.996983,,MM62228,4421,5125,45.146686,10.820193,KC-46A Pegasus,312,243,False
ae080f,RCH649,2025-06-20 09:16:46.997001,United States Air Force,99-0169,7060,25650,37.738361,24.411913,C-17A Globemaster,,,False
ae04c4,UNKNOWN CALLSIGN,2025-06-20 09:16:46.997009,,59-1475,Unavailable,Unavailable,62.3,4.6,KC-135R Stratotanker,,,True
ae0655,UNKNOWN CALLSIGN,2025-06-20 09:16:46.997014,,58-0084,6566,34025,36.2,14.9,KC-135R Stratotanker,293,460,True
ae0423,GOLD23,2025-06-20 09:16:46.997019,,59-1505,2703,37950,37.2,-0.8,KC-135R Stratotanker,286,404,True
ae4f14,RCH331,2025-06-20 09:16:46.997024,United States Air Force,10-0220,5431,38000,48.8,17.8,C-17A Globemaster,,,True
ae145b,RCH432,2025-06-20 09:16:46.997031,United States Air Force,06-6157,4636,29000,39.4,23.5,C-17A Globemaster,,,True
ae062a,UNKNOWN CALLSIGN,2025-06-20 09:16:46.997035,,58-0129,2064,Unavailable,36.2,14.9,KC-135R Stratotanker,,,True
ae49c7,RCH644,2025-06-20 09:16:46.997041,United States Air Force,09-9211,4515,36000,40.3,-9.0,C-17A Globemaster,,,True
ae20c6,RCH556,2025-06-20 09:16:46.997045,United States Air Force,07-7185,6013,38000,48.0,17.9,C-17A Globemaster,,,True
33fe77,IAM1449,2025-06-20 09:17:47.525589,,MM62228,4421,4225,45.190979,10.752738,KC-46A Pegasus,312,217,False
ae080f,RCH649,2025-06-20 09:17:47.525611,United States Air Force,99-0169,7060,25000,37.693739,24.38806,C-17A Globemaster,,,False
ae04c4,UNKNOWN CALLSIGN,2025-06-20 09:17:47.525620,,59-1475,Unavailable,Unavailable,62.3,4.6,KC-135R Stratotanker,,,True
ae0655,UNKNOWN CALLSIGN,2025-06-20 09:17:47.525626,,58-0084,6566,34025,35.7,15.7,KC-135R Stratotanker,311,462,True
ae0423,GOLD23,2025-06-20 09:17:47.525632,,59-1505,2703,37950,37.5,-0.7,KC-135R Stratotanker,285,406,True
ae4f14,RCH331,2025-06-20 09:17:47.525638,United States Air Force,10-0220,5431,38000,48.0,19.6,C-17A Globemaster,,,True
ae145b,RCH432,2025-06-20 09:17:47.525647,United States Air Force,06-6157,4636,29000,39.3,23.4,C-17A Globemaster,,,True
ae062a,UNKNOWN CALLSIGN,2025-06-20 09:17:47.525652,,58-0129,2064,34000,35.4,19.8,KC-135R Stratotanker,,,True
ae49c7,RCH644,2025-06-20 09:17:47.525658,United States Air Force,09-9211,4515,36000,40.3,-9.0,C-17A Globemaster,,,True
ae10c0,MOOSE57,2025-06-20 09:17:47.525664,United States Air Force,01-0197,3274,2650,25.0,52.7,C-17A Globemaster,,,True
ae20c6,RCH556,2025-06-20 09:17:47.525669,United States Air Force,07-7185,6013,38000,48.2,19.1,C-17A Globemaster,,,True
33fe77,IAM1449,2025-06-20 09:18:48.510029,,MM62228,4421,3225,45.229875,10.694588,KC-46A Pegasus,319,209,False
ae20c6,RCH556,2025-06-20 09:18:48.510054,United States Air Force,07-7185,6013,38000,48.0,17.9,C-17A Globemaster,,,True
ae49c7,RCH644,2025-06-20 09:18:48.510062,United States Air Force,09-9211,4515,36000,40.3,-9.0,C-17A Globemaster,,,True
ae145b,RCH432,2025-06-20 09:18:48.510069,United States Air Force,06-6157,4636,29000,39.0,23.8,C-17A Globemaster,,,True
ae4f14,RCH331,2025-06-20 09:18:48.510074,United States Air Force,10-0220,5431,38000,48.2,19.2,C-17A Globemaster,,,True
ae080f,RCH649,2025-06-20 09:18:48.510079,United States Air Force,99-0169,7060,24700,38.3,23.7,C-17A Globemaster,,,True
ae04c4,UNKNOWN CALLSIGN,2025-06-20 09:18:48.510084,,59-1475,3420,35975,62.3,5.7,KC-135R Stratotanker,,,True
ae062a,UNKNOWN CALLSIGN,2025-06-20 09:18:48.510090,,58-0129,2064,34000,36.2,14.9,KC-135R Stratotanker,,,True
ae0655,UNKNOWN CALLSIGN,2025-06-20 09:18:48.510096,,58-0084,6566,34025,35.7,15.7,KC-135R Stratotanker,310,464,True
ae0423,GOLD23,2025-06-20 09:18:48.510102,,59-1505,2703,37950,37.2,-1.0,KC-135R Stratotanker,284,406,True
ae10c0,MOOSE57,2025-06-20 09:18:48.510109,United States Air Force,01-0197,3274,Unavailable,25.0,52.7,C-17A Globemaster,,,True
33fe77,IAM1449,2025-06-20 09:19:49.602956,,MM62228,4421,2975,45.277039,10.715594,KC-46A Pegasus,44,176,False
ae04c4,UNKNOWN CALLSIGN,2025-06-20 09:19:49.602977,,59-1475,3420,35975,62.3,5.7,KC-135R Stratotanker,,,True
ae0655,UNKNOWN CALLSIGN,2025-06-20 09:19:49.602984,,58-0084,6566,34025,36.2,14.9,KC-135R Stratotanker,310,464,True
ae0423,GOLD23,2025-06-20 09:19:49.602990,,59-1505,2703,37950,36.9,-1.1,KC-135R Stratotanker,284,406,True
ae4f14,RCH331,2025-06-20 09:19:49.602997,United States Air Force,10-0220,5431,38000,47.7,20.0,C-17A Globemaster,,,True
ae080f,RCH649,2025-06-20 09:19:49.603005,United States Air Force,99-0169,7060,22675,38.2,23.5,C-17A Globemaster,,,True
ae145b,RCH432,2025-06-20 09:19:49.603010,United States Air Force,06-6157,4636,29000,38.8,23.8,C-17A Globemaster,,,True
ae062a,UNKNOWN CALLSIGN,2025-06-20 09:19:49.603015,,58-0129,2064,34000,36.2,14.9,KC-135R Stratotanker,,,True
ae49c7,RCH644,2025-06-20 09:19:49.603021,United States Air Force,09-9211,4515,36000,41.1,-7.5,C-17A Globemaster,,,True
ae10c0,MOOSE57,2025-06-20 09:19:49.603026,United States Air Force,01-0197,3274,6125,25.0,52.7,C-17A Globemaster,,,True
ae20c6,RCH556,2025-06-20 09:19:49.603031,United States Air Force,07-7185,6013,38000,48.5,16.9,C-17A Globemaster,,,True
ae066f,UNKNOWN CALLSIGN,2025-06-20 09:19:49.603036,,62-3580,5303,9875,36.4,-5.0,KC-135R Stratotanker,180,284,True
33fe77,IAM1449,2025-06-20 09:20:50.508658,,MM62228,4421,2450,45.307059,10.75997,KC-46A Pegasus,46,159,False
ae20c6,RCH556,2025-06-20 09:20:50.508681,United States Air Force,07-7185,6013,37975,48.5,18.8,C-17A Globemaster,,,True
ae49c7,RCH644,2025-06-20 09:20:50.508689,United States Air Force,09-9211,4515,36000,41.1,-7.5,C-17A Globemaster,,,True
ae145b,RCH432,2025-06-20 09:20:50.508696,United States Air Force,06-6157,4636,29000,38.8,23.7,C-17A Globemaster,,,True
ae066f,UNKNOWN CALLSIGN,2025-06-20 09:20:50.508702,,62-3580,5303,11525,36.2,-4.9,KC-135R Stratotanker,181,318,True
ae4f14,RCH331,2025-06-20 09:20:50.508707,United States Air Force,10-0220,5431,38000,48.4,18.9,C-17A Globemaster,,,True
ae080f,RCH649,2025-06-20 09:20:50.508712,United States Air Force,99-0169,7060,20750,38.9,23.7,C-17A Globemaster,,,True
ae04c4,UNKNOWN CALLSIGN,2025-06-20 09:20:50.508717,,59-1475,3420,35975,62.3,5.7,KC-135R Stratotanker,,,True
ae062a,UNKNOWN CALLSIGN,2025-06-20 09:20:50.508722,,58-0129,2064,34000,36.2,14.9,KC-135R Stratotanker,,,True
ae0655,UNKNOWN CALLSIGN,2025-06-20 09:20:50.508729,,58-0084,6566,34025,36.2,14.9,KC-135R Stratotanker,310,464,True
ae0423,GOLD23,2025-06-20 09:20:50.508734,,59-1505,2703,37950,37.0,-1.5,KC-135R Stratotanker,284,408,True
33fe77,IAM1449,2025-06-20 09:21:51.883294,,MM62228,4421,1925,45.324509,10.785304,KC-46A Pegasus,45,157,False
ae04c4,UNKNOWN CALLSIGN,2025-06-20 09:21:51.883316,,59-1475,3420,35975,62.3,5.7,KC-135R Stratotanker,,,True
ae0655,UNKNOWN CALLSIGN,2025-06-20 09:21:51.883323,,58-0084,6566,34025,36.2,14.9,KC-135R Stratotanker,310,466,True
ae0423,GOLD23,2025-06-20 09:21:51.883330,,59-1505,2703,37950,37.1,-1.1,KC-135R Stratotanker,284,408,True
ae4f14,RCH331,2025-06-20 09:21:51.883337,United States Air Force,10-0220,5431,38000,48.3,17.5,C-17A Globemaster,,,True
ae080f,RCH649,2025-06-20 09:21:51.883345,United States Air Force,99-0169,7060,19025,39.1,23.7,C-17A Globemaster,,,True
ae145b,RCH432,2025-06-20 09:21:51.883350,United States Air Force,06-6157,4636,29000,38.8,23.7,C-17A Globemaster,,,True
ae062a,UNKNOWN CALLSIGN,2025-06-20 09:21:51.883354,,58-0129,2064,34000,36.2,14.9,KC-135R Stratotanker,,,True
ae49c7,RCH644,2025-06-20 09:21:51.883360,United States Air Force,09-9211,4515,36000,41.1,-7.5,C-17A Globemaster,,,True
ae20c6,RCH556,2025-06-20 09:21:51.883366,United States Air Force,07-7185,6013,38025,48.3,17.5,C-17A Globemaster,,,True
ae066f,UNKNOWN CALLSIGN,2025-06-20 09:21:51.883371,,62-3580,5303,12975,35.9,-4.8,KC-135R Stratotanker,162,350,True
ae20c6,RCH556,2025-06-20 09:22:52.790576,United States Air Force,07-7185,6013,38000,47.35585,20.502392,C-17A Globemaster,,,False
ae49c7,RCH644,2025-06-20 09:22:52.790595,United States Air Force,09-9211,4515,35975,41.1,-7.5,C-17A Globemaster,,,True
ae145b,RCH432,2025-06-20 09:22:52.790603,United States Air Force,06-6157,4636,29000,39.0,23.8,C-17A Globemaster,,,True
ae066f,UNKNOWN CALLSIGN,2025-06-20 09:22:52.790609,,62-3580,5303,14775,35.8,-4.5,KC-135R Stratotanker,93,370,True
ae4f14,RCH331,2025-06-20 09:22:52.790614,United States Air Force,10-0220,5431,38000,48.8,17.8,C-17A Globemaster,,,True
ae080f,RCH649,2025-06-20 09:22:52.790619,United States Air Force,99-0169,7060,18700,39.0,23.7,C-17A Globemaster,,,True
ae04c4,UNKNOWN CALLSIGN,2025-06-20 09:22:52.790624,,59-1475,3420,35975,62.3,4.9,KC-135R Stratotanker,,,True
ae062a,UNKNOWN CALLSIGN,2025-06-20 09:22:52.790629,,58-0129,2064,34000,36.2,14.9,KC-135R Stratotanker,,,True
ae0655,UNKNOWN CALLSIGN,2025-06-20 09:22:52.790635,,58-0084,6566,34025,36.2,14.9,KC-135R Stratotanker,310,464,True
ae0423,GOLD23,2025-06-20 09:22:52.790640,,59-1505,2703,37950,36.7,-1.7,KC-135R Stratotanker,284,408,True
ae0423,GOLD23,2025-06-20 09:23:53.771651,,59-1505,2703,37950,36.447816,-2.457489,KC-135R Stratotanker,283,408,False
ae20c6,RCH556,2025-06-20 09:23:53.771683,United States Air Force,07-7185,6013,38000,47.447817,20.362449,C-17A Globemaster,,,False
ae04c4,UNKNOWN CALLSIGN,2025-06-20 09:23:53.771693,,59-1475,3420,35975,62.3,4.1,KC-135R Stratotanker,,,True
ae0655,UNKNOWN CALLSIGN,2025-06-20 09:23:53.771699,,58-0084,6566,34025,37.1,15.9,KC-135R Stratotanker,309,450,True
ae4f14,RCH331,2025-06-20 09:23:53.771706,United States Air Force,10-0220,5431,38000,48.5,16.9,C-17A Globemaster,,,True
ae145b,RCH432,2025-06-20 09:23:53.771713,United States Air Force,06-6157,4636,29000,38.9,23.6,C-17A Globemaster,,,True
ae062a,UNKNOWN CALLSIGN,2025-06-20 09:23:53.771718,,58-0129,2064,34000,36.2,14.9,KC-135R Stratotanker,,,True
ae49c7,RCH644,2025-06-20 09:23:53.771725,United States Air Force,09-9211,4515,36000,40.3,-9.8,C-17A Globemaster,,,True
ae066f,UNKNOWN CALLSIGN,2025-06-20 09:23:53.771731,,62-3580,5303,16775,35.8,-4.6,KC-135R Stratotanker,78,376,True
ae0423,GOLD23,2025-06-20 09:24:54.713102,,59-1505,2703,37950,36.475099,-2.572634,KC-135R Stratotanker,283,408,False
ae20c6,RCH556,2025-06-20 09:24:54.713134,United States Air Force,07-7185,6013,38000,47.480158,20.31391,C-17A Globemaster,,,False
ae49c7,RCH644,2025-06-20 09:24:54.713145,United States Air Force,09-9211,4515,36000,44.5,-6.3,C-17A Globemaster,,,True
ae145b,RCH432,2025-06-20 09:24:54.713152,United States Air Force,06-6157,4636,29000,39.1,23.6,C-17A Globemaster,,,True
ae066f,UNKNOWN CALLSIGN,2025-06-20 09:24:54.713157,,62-3580,5303,18650,35.7,-4.4,KC-135R Stratotanker,78,384,True
ae4f14,RCH331,2025-06-20 09:24:54.713162,United States Air Force,10-0220,5431,38000,48.6,18.2,C-17A Globemaster,,,True
ae080f,RCH649,2025-06-20 09:24:54.713168,United States Air Force,99-0169,7060,Unavailable,38.9,23.7,C-17A Globemaster,,,True
ae04c4,UNKNOWN CALLSIGN,2025-06-20 09:24:54.713173,,59-1475,Unavailable,35975,62.3,3.8,KC-135R Stratotanker,,,True
ae10c0,MOOSE57,2025-06-20 09:24:54.713178,United States Air Force,01-0197,3274,12875,25.0,52.7,C-17A Globemaster,,,True
ae062a,UNKNOWN CALLSIGN,2025-06-20 09:24:54.713183,,58-0129,2064,34000,36.2,14.9,KC-135R Stratotanker,,,True
ae0655,UNKNOWN CALLSIGN,2025-06-20 09:24:54.713189,,58-0084,6566,34025,36.2,14.9,KC-135R Stratotanker,309,446,True
ae0423,GOLD23,2025-06-20 09:25:55.610531,,59-1505,2703,37950,36.517087,-2.781595,KC-135R Stratotanker,283,408,False
ae20c6,RCH556,2025-06-20 09:25:55.610566,United States Air Force,07-7185,6013,37975,47.633646,20.075175,C-17A Globemaster,,,False
ae49c7,RCH644,2025-06-20 09:25:55.610578,United States Air Force,09-9211,4515,36000,44.8,-6.6,C-17A Globemaster,,,True
ae145b,RCH432,2025-06-20 09:25:55.610585,United States Air Force,06-6157,4636,29000,39.0,23.6,C-17A Globemaster,,,True
ae066f,UNKNOWN CALLSIGN,2025-06-20 09:25:55.610591,,62-3580,5303,20450,35.8,-4.6,KC-135R Stratotanker,78,388,True
ae4f14,RCH331,2025-06-20 09:25:55.610596,United States Air Force,10-0220,5431,38000,48.4,16.9,C-17A Globemaster,,,True
ae080f,RCH649,2025-06-20 09:25:55.610602,United States Air Force,99-0169,7060,Unavailable,38.9,23.7,C-17A Globemaster,,,True
ae04c4,UNKNOWN CALLSIGN,2025-06-20 09:25:55.610607,,59-1475,3420,35975,62.3,3.7,KC-135R Stratotanker,,,True
ae10c0,MOOSE57,2025-06-20 09:25:55.610612,United States Air Force,01-0197,4644,13300,25.0,52.7,C-17A Globemaster,,,True
ae062a,UNKNOWN CALLSIGN,2025-06-20 09:25:55.610618,,58-0129,2064,34000,36.2,14.9,KC-135R Stratotanker,,,True
ae0655,UNKNOWN CALLSIGN,2025-06-20 09:25:55.610624,,58-0084,6566,34025,36.2,14.9,KC-135R Stratotanker,309,442,True
ae0423,GOLD23,2025-06-20 09:26:56.972038,,59-1505,2703,37950,36.540035,-2.914564,KC-135R Stratotanker,283,408,False
ae20c6,RCH556,2025-06-20 09:26:56.972071,United States Air Force,07-7185,6013,38000,47.706981,19.960599,C-17A Globemaster,,,False
ae04c4,UNKNOWN CALLSIGN,2025-06-20 09:26:56.972080,,59-1475,3420,35975,62.3,3.3,KC-135R Stratotanker,,,True
ae0655,UNKNOWN CALLSIGN,2025-06-20 09:26:56.972087,,58-0084,6566,34025,36.2,14.9,KC-135R Stratotanker,309,442,True
ae4f14,RCH331,2025-06-20 09:26:56.972093,United States Air Force,10-0220,5431,38000,48.5,16.9,C-17A Globemaster,,,True
ae145b,RCH432,2025-06-20 09:26:56.972101,United States Air Force,06-6157,4636,29000,38.8,23.8,C-17A Globemaster,,,True
ae062a,UNKNOWN CALLSIGN,2025-06-20 09:26:56.972106,,58-0129,2064,34000,36.2,14.9,KC-135R Stratotanker,,,True
ae49c7,RCH644,2025-06-20 09:26:56.972112,United States Air Force,09-9211,4515,36000,40.3,-9.0,C-17A Globemaster,,,True
ae066f,UNKNOWN CALLSIGN,2025-06-20 09:26:56.972118,,62-3580,5303,22050,35.8,-4.6,KC-135R Stratotanker,78,398,True
ae0423,GOLD23,2025-06-20 09:27:58.141582,,59-1505,2703,37950,36.540674,-2.928654,KC-135R Stratotanker,283,402,False
ae4f14,RCH331,2025-06-20 09:27:58.141616,United States Air Force,10-0220,5431,38000,47.408778,20.469971,C-17A Globemaster,,,False
ae20c6,RCH556,2025-06-20 09:27:58.141626,United States Air Force,07-7185,6013,38000,49.4,18.9,C-17A Globemaster,,,True
ae49c7,RCH644,2025-06-20 09:27:58.141633,United States Air Force,09-9211,4515,36000,40.6,-8.4,C-17A Globemaster,,,True
ae145b,RCH432,2025-06-20 09:27:58.141639,United States Air Force,06-6157,4636,29000,39.0,23.8,C-17A Globemaster,,,True
ae066f,UNKNOWN CALLSIGN,2025-06-20 09:27:58.141645,,62-3580,5303,23500,35.8,-4.6,KC-135R Stratotanker,78,406,True
ae04c4,UNKNOWN CALLSIGN,2025-06-20 09:27:58.141651,,59-1475,3420,35975,62.3,3.5,KC-135R Stratotanker,,,True
ae062a,UNKNOWN CALLSIGN,2025-06-20 09:27:58.141656,,58-0129,2064,34000,36.2,14.9,KC-135R Stratotanker,,,True
ae0655,UNKNOWN CALLSIGN,2025-06-20 09:27:58.141662,,58-0084,6566,34025,36.2,14.9,KC-135R Stratotanker,309,446,True
ae0423,GOLD23,2025-06-20 09:28:59.327536,,59-1505,2703,37225,36.563929,-3.065642,KC-135R Stratotanker,283,400,False
ae20c6,RCH556,2025-06-20 09:28:59.327568,United States Air Force,07-7185,6013,38025,47.846073,19.741941,C-17A Globemaster,,,False
ae04c4,UNKNOWN CALLSIGN,2025-06-20 09:28:59.327578,,59-1475,Unavailable,35975,62.3,3.1,KC-135R Stratotanker,,,True
ae0655,UNKNOWN CALLSIGN,2025-06-20 09:28:59.327584,,58-0084,6566,34025,36.2,14.9,KC-135R Stratotanker,309,452,True
ae4f14,RCH331,2025-06-20 09:28:59.327591,United States Air Force,10-0220,5431,38000,47.8,19.1,C-17A Globemaster,,,True
ae145b,RCH432,2025-06-20 09:28:59.327598,United States Air Force,06-6157,4636,29000,38.9,23.9,C-17A Globemaster,,,True
ae062a,UNKNOWN CALLSIGN,2025-06-20 09:28:59.327603,,58-0129,2064,34000,36.2,14.9,KC-135R Stratotanker,,,True
ae49c7,RCH644,2025-06-20 09:28:59.327608,United States Air Force,09-9211,4515,36000,44.3,-6.1,C-17A Globemaster,,,True
ae066f,UNKNOWN CALLSIGN,2025-06-20 09:28:59.327614,,62-3580,5303,24850,35.9,-4.5,KC-135R Stratotanker,85,414,True
ae0423,GOLD23,2025-06-20 09:30:00.012239,,59-1505,2703,35225,36.604969,-3.256596,KC-135R Stratotanker,283,406,False
ae20c6,RCH556,2025-06-20 09:30:00.012273,United States Air Force,07-7185,6013,38000,47.926136,19.61742,C-17A Globemaster,,,False
ae04c4,UNKNOWN CALLSIGN,2025-06-20 09:30:00.012283,,59-1475,3420,35975,62.3,3.1,KC-135R Stratotanker,,,True
ae0655,UNKNOWN CALLSIGN,2025-06-20 09:30:00.012289,,58-0084,6566,34025,36.2,14.9,KC-135R Stratotanker,276,464,True
ae4f14,RCH331,2025-06-20 09:30:00.012295,United States Air Force,10-0220,5431,38000,48.2,18.8,C-17A Globemaster,,,True
ae145b,RCH432,2025-06-20 09:30:00.012302,United States Air Force,06-6157,4636,29000,38.9,24.0,C-17A Globemaster,,,True
ae062a,UNKNOWN CALLSIGN,2025-06-20 09:30:00.012307,,58-0129,2064,34000,36.2,14.9,KC-135R Stratotanker,,,True
ae49c7,RCH644,2025-06-20 09:30:00.012313,United States Air Force,09-9211,4515,36000,44.3,-7.5,C-17A Globemaster,,,True
ae066f,UNKNOWN CALLSIGN,2025-06-20 09:30:00.012318,,62-3580,5303,26125,35.9,-4.4,KC-135R Stratotanker,99,424,True
ae0423,GOLD23,2025-06-20 09:31:00.938775,,59-1505,2703,33250,36.646519,-3.46146,KC-135R Stratotanker,283,410,False
ae20c6,RCH556,2025-06-20 09:31:00.938806,United States Air Force,07-7185,6013,38000,48.004627,19.491989,C-17A Globemaster,,,False
ae49c7,RCH644,2025-06-20 09:31:00.938815,United States Air Force,09-9211,4515,36000,43.3,-5.8,C-17A Globemaster,,,True
ae145b,RCH432,2025-06-20 09:31:00.938820,United States Air Force,06-6157,4636,29000,38.9,24.0,C-17A Globemaster,,,True
ae066f,UNKNOWN CALLSIGN,2025-06-20 09:31:00.938825,,62-3580,5303,27200,35.8,-4.5,KC-135R Stratotanker,99,434,True
ae4f14,RCH331,2025-06-20 09:31:00.938829,United States Air Force,10-0220,5431,38000,48.5,19.5,C-17A Globemaster,,,True
ae04c4,UNKNOWN CALLSIGN,2025-06-20 09:31:00.938834,,59-1475,Unavailable,35975,62.3,3.4,KC-135R Stratotanker,,,True
ae062a,UNKNOWN CALLSIGN,2025-06-20 09:31:00.938838,,58-0129,2064,34000,36.2,14.9,KC-135R Stratotanker,,,True
ae0655,UNKNOWN CALLSIGN,2025-06-20 09:31:00.938843,,58-0084,6566,34025,36.2,14.9,KC-135R Stratotanker,275,466,True
ae0423,GOLD23,2025-06-20 09:32:01.908735,,59-1505,2703,31200,36.673263,-3.598323,KC-135R Stratotanker,283,406,False
ae20c6,RCH556,2025-06-20 09:32:01.908767,United States Air Force,07-7185,6013,38000,48.091959,19.349539,C-17A Globemaster,,,False
ae4f14,RCH331,2025-06-20 09:32:01.908773,United States Air Force,10-0220,5431,38000,47.780899,19.849952,C-17A Globemaster,,,False
ae04c4,UNKNOWN CALLSIGN,2025-06-20 09:32:01.908780,,59-1475,Unavailable,35975,62.3,3.0,KC-135R Stratotanker,,,True
ae0655,UNKNOWN CALLSIGN,2025-06-20 09:32:01.908785,,58-0084,6566,34025,36.2,14.9,KC-135R Stratotanker,275,470,True
ae145b,RCH432,2025-06-20 09:32:01.908792,United States Air Force,06-6157,4636,29000,39.0,23.8,C-17A Globemaster,,,True
ae062a,UNKNOWN CALLSIGN,2025-06-20 09:32:01.908797,,58-0129,2064,34000,36.2,14.9,KC-135R Stratotanker,,,True
ae49c7,RCH644,2025-06-20 09:32:01.908802,United States Air Force,09-9211,4515,36000,42.8,-5.0,C-17A Globemaster,,,True
ae066f,UNKNOWN CALLSIGN,2025-06-20 09:32:01.908807,,62-3580,5303,28275,35.8,-4.3,KC-135R Stratotanker,106,442,True
ae0423,GOLD23,2025-06-20 09:33:02.867923,,59-1505,2703,29075,36.683885,-3.675528,KC-135R Stratotanker,283,400,False
ae20c6,RCH556,2025-06-20 09:33:02.867951,United States Air Force,07-7185,6013,38000,48.172734,19.222036,C-17A Globemaster,311,420,False
ae4f14,RCH331,2025-06-20 09:33:02.867956,United States Air Force,10-0220,5431,38000,47.863335,19.725209,C-17A Globemaster,,,False
ae04c4,UNKNOWN CALLSIGN,2025-06-20 09:33:02.867964,,59-1475,Unavailable,34975,62.3,2.9,KC-135R Stratotanker,,,True
ae0655,UNKNOWN CALLSIGN,2025-06-20 09:33:02.867968,,58-0084,6566,34025,36.2,14.9,KC-135R Stratotanker,275,472,True
ae145b,RCH432,2025-06-20 09:33:02.867975,United States Air Force,06-6157,4636,29000,39.1,23.8,C-17A Globemaster,,,True
ae062a,UNKNOWN CALLSIGN,2025-06-20 09:33:02.867980,,58-0129,2064,34000,36.2,14.9,KC-135R Stratotanker,,,True
ae49c7,RCH644,2025-06-20 09:33:02.867985,United States Air Force,09-9211,4515,36000,45.8,-10.0,C-17A Globemaster,,,True
ae066f,UNKNOWN CALLSIGN,2025-06-20 09:33:02.867990,,62-3580,5303,29400,35.8,-4.1,KC-135R Stratotanker,106,448,True
ae20c6,RCH556,2025-06-20 09:34:03.955954,United States Air Force,07-7185,6013,38000,48.258124,19.067209,C-17A Globemaster,304,416,False
ae4f14,RCH331,2025-06-20 09:34:03.955968,United States Air Force,10-0220,5431,38000,47.923351,19.63004,C-17A Globemaster,,,False
ae04c4,UNKNOWN CALLSIGN,2025-06-20 09:34:03.955976,,59-1475,3420,34975,62.3,2.9,KC-135R Stratotanker,,,True
ae0655,UNKNOWN CALLSIGN,2025-06-20 09:34:03.955981,,58-0084,6566,34025,36.2,14.9,KC-135R Stratotanker,285,470,True
ae0423,GOLD23,2025-06-20 09:34:03.955987,,59-1505,2703,27000,35.9,-4.1,KC-135R Stratotanker,283,384,True
ae145b,RCH432,2025-06-20 09:34:03.955994,United States Air Force,06-6157,4636,29000,38.8,23.8,C-17A Globemaster,,,True
ae062a,UNKNOWN CALLSIGN,2025-06-20 09:34:03.955998,,58-0129,2064,34000,36.2,14.9,KC-135R Stratotanker,,,True
ae49c7,RCH644,2025-06-20 09:34:03.956003,United States Air Force,09-9211,4515,36000,42.6,-8.4,C-17A Globemaster,,,True
ae066f,UNKNOWN CALLSIGN,2025-06-20 09:34:03.956009,,62-3580,5303,29975,35.9,-4.1,KC-135R Stratotanker,106,458,True
ae20c6,RCH556,2025-06-20 09:35:05.133574,United States Air Force,07-7185,6013,38000,48.311884,18.933223,C-17A Globemaster,305,394,False
ae4f14,RCH331,2025-06-20 09:35:05.133590,United States Air Force,10-0220,5431,38000,47.992313,19.52297,C-17A Globemaster,,,False
ae49c7,RCH644,2025-06-20 09:35:05.133600,United States Air Force,09-9211,4515,36000,43.7,-6.2,C-17A Globemaster,,,True
ae145b,RCH432,2025-06-20 09:35:05.133606,United States Air Force,06-6157,4636,29000,39.0,23.8,C-17A Globemaster,,,True
ae066f,UNKNOWN CALLSIGN,2025-06-20 09:35:05.133612,,62-3580,5303,30000,35.8,-4.1,KC-135R Stratotanker,106,452,True
ae04c4,UNKNOWN CALLSIGN,2025-06-20 09:35:05.133618,,59-1475,Unavailable,Unavailable,62.3,3.4,KC-135R Stratotanker,,,True
ae062a,UNKNOWN CALLSIGN,2025-06-20 09:35:05.133623,,58-0129,2064,34000,36.2,14.9,KC-135R Stratotanker,,,True
ae0655,UNKNOWN CALLSIGN,2025-06-20 09:35:05.133629,,58-0084,6566,34025,36.2,14.9,KC-135R Stratotanker,287,470,True
ae0423,GOLD23,2025-06-20 09:35:05.133635,,59-1505,2703,25000,36.0,-4.1,KC-135R Stratotanker,283,370,True
ae20c6,RCH556,2025-06-20 09:36:06.112527,United States Air Force,07-7185,6013,38000,48.383711,18.791692,C-17A Globemaster,303,405,False
ae4f14,RCH331,2025-06-20 09:36:06.112542,United States Air Force,10-0220,5431,38000,48.100873,19.343771,C-17A Globemaster,,,False
ae49c7,RCH644,2025-06-20 09:36:06.112552,United States Air Force,09-9211,4515,35975,44.4,-4.6,C-17A Globemaster,,,True
ae145b,RCH432,2025-06-20 09:36:06.112559,United States Air Force,06-6157,4636,29000,39.0,23.9,C-17A Globemaster,,,True
ae066f,UNKNOWN CALLSIGN,2025-06-20 09:36:06.112565,,62-3580,5303,30000,35.8,-4.1,KC-135R Stratotanker,106,458,True
ae04c4,UNKNOWN CALLSIGN,2025-06-20 09:36:06.112570,,59-1475,Unavailable,Unavailable,62.3,2.7,KC-135R Stratotanker,,,True
ae062a,UNKNOWN CALLSIGN,2025-06-20 09:36:06.112575,,58-0129,2064,34000,37.1,15.9,KC-135R Stratotanker,,,True
ae0655,UNKNOWN CALLSIGN,2025-06-20 09:36:06.112581,,58-0084,6566,34025,36.2,14.9,KC-135R Stratotanker,287,470,True
ae0423,GOLD23,2025-06-20 09:36:06.112587,,59-1505,2703,23050,36.0,-4.1,KC-135R Stratotanker,282,360,True
ae0423,GOLD23,2025-06-20 09:37:06.810122,,59-1505,2703,21500,36.787701,-4.2589,KC-135R Stratotanker,282,336,False
ae20c6,RCH556,2025-06-20 09:37:06.810155,United States Air Force,07-7185,6013,38000,48.443693,18.66036,C-17A Globemaster,303,401,False
ae4f14,RCH331,2025-06-20 09:37:06.810161,United States Air Force,10-0220,5431,38000,48.164739,19.212601,C-17A Globemaster,304,443,False
ae0655,UNKNOWN CALLSIGN,2025-06-20 09:37:06.810170,,58-0084,6566,34025,36.2,14.9,KC-135R Stratotanker,287,472,True
ae145b,RCH432,2025-06-20 09:37:06.810180,United States Air Force,06-6157,4636,29000,38.7,23.7,C-17A Globemaster,,,True
ae062a,UNKNOWN CALLSIGN,2025-06-20 09:37:06.810185,,58-0129,2064,34000,36.2,14.9,KC-135R Stratotanker,,,True
ae49c7,RCH644,2025-06-20 09:37:06.810191,United States Air Force,09-9211,4515,36000,44.8,-6.6,C-17A Globemaster,,,True
ae066f,UNKNOWN CALLSIGN,2025-06-20 09:37:06.810196,,62-3580,5303,30000,36.0,-3.6,KC-135R Stratotanker,106,472,True
ae0423,GOLD23,2025-06-20 09:38:08.259855,,59-1505,2703,20250,36.811859,-4.370608,KC-135R Stratotanker,293,314,False
ae20c6,RCH556,2025-06-20 09:38:08.259888,United States Air Force,07-7185,6013,38000,48.495622,18.528116,C-17A Globemaster,299,391,False
ae4f14,RCH331,2025-06-20 09:38:08.259895,United States Air Force,10-0220,5431,38000,48.227054,19.082441,C-17A Globemaster,304,414,False
ae49c7,RCH644,2025-06-20 09:38:08.259904,United States Air Force,09-9211,4515,36000,44.8,-6.6,C-17A Globemaster,,,True
ae145b,RCH432,2025-06-20 09:38:08.259910,United States Air Force,06-6157,4636,29000,38.4,23.7,C-17A Globemaster,,,True
ae066f,UNKNOWN CALLSIGN,2025-06-20 09:38:08.259915,,62-3580,5303,30000,35.9,-3.0,KC-135R Stratotanker,104,484,True
ae04c4,UNKNOWN CALLSIGN,2025-06-20 09:38:08.259920,,59-1475,Unavailable,34975,62.3,3.2,KC-135R Stratotanker,,,True
ae062a,UNKNOWN CALLSIGN,2025-06-20 09:38:08.259925,,58-0129,2064,34000,36.2,14.9,KC-135R Stratotanker,,,True
ae0655,UNKNOWN CALLSIGN,2025-06-20 09:38:08.259931,,58-0084,6566,34025,36.2,14.9,KC-135R Stratotanker,287,472,True
ae0423,GOLD23,2025-06-20 09:39:09.530700,,59-1505,2703,18875,36.856969,-4.462677,KC-135R Stratotanker,301,304,False
ae20c6,RCH556,2025-06-20 09:39:09.530732,United States Air Force,07-7185,6013,38000,48.573054,18.368703,C-17A Globemaster,303,436,False
ae4f14,RCH331,2025-06-20 09:39:09.530739,United States Air Force,10-0220,5431,38000,48.306068,18.919253,C-17A Globemaster,307,427,False
ae49c7,RCH644,2025-06-20 09:39:09.530748,United States Air Force,09-9211,4515,36000,44.9,-7.7,C-17A Globemaster,,,True
ae145b,RCH432,2025-06-20 09:39:09.530754,United States Air Force,06-6157,4636,29000,38.3,23.6,C-17A Globemaster,,,True
ae066f,UNKNOWN CALLSIGN,2025-06-20 09:39:09.530760,,62-3580,5303,30000,36.0,-2.9,KC-135R Stratotanker,72,472,True
ae04c4,UNKNOWN CALLSIGN,2025-06-20 09:39:09.530765,,59-1475,Unavailable,34975,62.4,2.6,KC-135R Stratotanker,,,True
ae062a,UNKNOWN CALLSIGN,2025-06-20 09:39:09.530770,,58-0129,2064,34000,36.2,14.9,KC-135R Stratotanker,,,True
ae0655,UNKNOWN CALLSIGN,2025-06-20 09:39:09.530775,,58-0084,6566,34025,36.2,14.9,KC-135R Stratotanker,287,472,True
ae0423,GOLD23,2025-06-20 09:40:10.623647,,59-1505,2703,17350,36.902626,-4.553211,KC-135R Stratotanker,301,300,False
ae20c6,RCH556,2025-06-20 09:40:10.623678,United States Air Force,07-7185,6013,38000,48.641245,18.218008,C-17A Globemaster,305,394,False
ae4f14,RCH331,2025-06-20 09:40:10.623685,United States Air Force,10-0220,5431,38000,48.371054,18.778735,C-17A Globemaster,304,427,False
ae49c7,RCH644,2025-06-20 09:40:10.623694,United States Air Force,09-9211,4515,36000,44.5,-6.3,C-17A Globemaster,,,True
ae145b,RCH432,2025-06-20 09:40:10.623700,United States Air Force,06-6157,4636,29000,38.3,23.6,C-17A Globemaster,,,True
ae066f,UNKNOWN CALLSIGN,2025-06-20 09:40:10.623705,,62-3580,5303,30000,35.9,-3.2,KC-135R Stratotanker,41,460,True
ae04c4,UNKNOWN CALLSIGN,2025-06-20 09:40:10.623711,,59-1475,3420,34975,62.4,1.8,KC-135R Stratotanker,,,True
ae062a,UNKNOWN CALLSIGN,2025-06-20 09:40:10.623716,,58-0129,2064,34000,36.2,14.9,KC-135R Stratotanker,282,454,True
ae0655,UNKNOWN CALLSIGN,2025-06-20 09:40:10.623721,,58-0084,6566,34025,36.2,14.9,KC-135R Stratotanker,287,474,True
ae0423,GOLD23,2025-06-20 09:41:11.605209,,59-1505,2703,15850,36.94156,-4.638961,KC-135R Stratotanker,301,294,False
ae20c6,RCH556,2025-06-20 09:41:11.605239,United States Air Force,07-7185,6013,38000,48.703024,18.078634,C-17A Globemaster,303,390,False
ae4f14,RCH331,2025-06-20 09:41:11.605246,United States Air Force,10-0220,5431,38000,48.437641,18.636541,C-17A Globemaster,304,407,False
ae145b,RCH432,2025-06-20 09:41:11.605254,United States Air Force,06-6157,4636,29000,38.2,23.7,C-17A Globemaster,,,True
ae49c7,RCH644,2025-06-20 09:41:11.605261,United States Air Force,09-9211,4515,36000,45.0,-6.3,C-17A Globemaster,,,True
ae066f,UNKNOWN CALLSIGN,2025-06-20 09:41:11.605267,,62-3580,5303,30000,36.1,-2.8,KC-135R Stratotanker,40,460,True
ae04c4,UNKNOWN CALLSIGN,2025-06-20 09:41:11.605273,,59-1475,3420,34975,62.3,2.7,KC-135R Stratotanker,,,True
ae062a,UNKNOWN CALLSIGN,2025-06-20 09:41:11.605279,,58-0129,2064,34000,37.0,14.5,KC-135R Stratotanker,282,454,True
ae0423,GOLD23,2025-06-20 09:42:12.566061,,59-1505,2703,14325,36.950601,-4.658359,KC-135R Stratotanker,301,290,False
ae20c6,RCH556,2025-06-20 09:42:12.566091,United States Air Force,07-7185,6013,38000,48.767846,17.931302,C-17A Globemaster,303,384,False
ae4f14,RCH331,2025-06-20 09:42:12.566097,United States Air Force,10-0220,5431,38000,48.504877,18.494128,C-17A Globemaster,305,403,False
ae145b,RCH432,2025-06-20 09:42:12.566105,United States Air Force,06-6157,4636,29000,38.2,23.8,C-17A Globemaster,,,True
ae49c7,RCH644,2025-06-20 09:42:12.566111,United States Air Force,09-9211,4515,36000,45.3,-6.1,C-17A Globemaster,,,True
ae066f,UNKNOWN CALLSIGN,2025-06-20 09:42:12.566118,,62-3580,5303,30000,36.1,-2.9,KC-135R Stratotanker,40,460,True
ae04c4,UNKNOWN CALLSIGN,2025-06-20 09:42:12.566123,,59-1475,3420,34975,62.5,0.1,KC-135R Stratotanker,197,440,True
ae062a,UNKNOWN CALLSIGN,2025-06-20 09:42:12.566128,,58-0129,2064,34000,36.2,14.9,KC-135R Stratotanker,281,456,True
ae20c6,RCH556,2025-06-20 09:43:13.610871,United States Air Force,07-7185,6013,38000,48.828466,17.793571,C-17A Globemaster,304,413,False
ae4f14,RCH331,2025-06-20 09:43:13.610888,United States Air Force,10-0220,5431,38000,48.56988,18.35349,C-17A Globemaster,305,411,False
ae04c4,UNKNOWN CALLSIGN,2025-06-20 09:43:13.610897,,59-1475,3420,34975,62.5,0.8,KC-135R Stratotanker,197,440,True
ae0423,GOLD23,2025-06-20 09:43:13.610904,,59-1505,2703,12725,36.3,-4.2,KC-135R Stratotanker,301,292,True
ae145b,RCH432,2025-06-20 09:43:13.610911,United States Air Force,06-6157,4636,29000,38.2,23.8,C-17A Globemaster,,,True
ae062a,UNKNOWN CALLSIGN,2025-06-20 09:43:13.610917,,58-0129,2064,34000,35.7,15.7,KC-135R Stratotanker,281,456,True
ae49c7,RCH644,2025-06-20 09:43:13.610923,United States Air Force,09-9211,4515,36000,47.3,-5.8,C-17A Globemaster,,,True
ae066f,UNKNOWN CALLSIGN,2025-06-20 09:43:13.610929,,62-3580,5303,30000,36.0,-2.1,KC-135R Stratotanker,40,462,True
ae20c6,RCH556,2025-06-20 09:44:14.494416,United States Air Force,07-7185,6013,38000,48.888765,17.637262,C-17A Globemaster,296,404,False
ae4f14,RCH331,2025-06-20 09:44:14.494433,United States Air Force,10-0220,5431,38000,48.640059,18.203607,C-17A Globemaster,307,408,False
ae145b,RCH432,2025-06-20 09:44:14.494441,United States Air Force,06-6157,4636,29000,38.2,23.8,C-17A Globemaster,,,True
ae49c7,RCH644,2025-06-20 09:44:14.494448,United States Air Force,09-9211,4515,36000,45.0,-8.8,C-17A Globemaster,,,True
ae066f,UNKNOWN CALLSIGN,2025-06-20 09:44:14.494455,,62-3580,5303,30000,35.9,-1.7,KC-135R Stratotanker,40,462,True
ae04c4,UNKNOWN CALLSIGN,2025-06-20 09:44:14.494460,,59-1475,Unavailable,34975,62.4,2.0,KC-135R Stratotanker,196,442,True
ae062a,UNKNOWN CALLSIGN,2025-06-20 09:44:14.494466,,58-0129,2064,34000,36.2,14.9,KC-135R Stratotanker,281,456,True
ae0423,GOLD23,2025-06-20 09:44:14.494472,,59-1505,2703,11225,36.3,-4.3,KC-135R Stratotanker,301,290,True
ae20c6,RCH556,2025-06-20 09:45:15.419768,United States Air Force,07-7185,6013,38000,48.936013,17.494219,C-17A Globemaster,295,405,False
ae4f14,RCH331,2025-06-20 09:45:15.419784,United States Air Force,10-0220,5431,38000,48.7024,18.064917,C-17A Globemaster,305,407,False
ae04c4,UNKNOWN CALLSIGN,2025-06-20 09:45:15.419793,,59-1475,3420,34975,62.4,1.6,KC-135R Stratotanker,,,True
ae0423,GOLD23,2025-06-20 09:45:15.419799,,59-1505,2703,9775,36.3,-4.2,KC-135R Stratotanker,301,290,True
ae145b,RCH432,2025-06-20 09:45:15.419806,United States Air Force,06-6157,4636,29000,38.2,23.8,C-17A Globemaster,,,True
ae062a,UNKNOWN CALLSIGN,2025-06-20 09:45:15.419813,,58-0129,2064,34000,37.0,14.5,KC-135R Stratotanker,281,458,True
ae49c7,RCH644,2025-06-20 09:45:15.419819,United States Air Force,09-9211,4515,36000,44.8,-6.6,C-17A Globemaster,,,True
ae066f,UNKNOWN CALLSIGN,2025-06-20 09:45:15.419824,,62-3580,5303,30225,35.9,-1.6,KC-135R Stratotanker,40,462,True
ae20c6,RCH556,2025-06-20 09:46:16.079775,United States Air Force,07-7185,6013,38000,48.987912,17.340494,C-17A Globemaster,296,424,False
ae4f14,RCH331,2025-06-20 09:46:16.079792,United States Air Force,10-0220,5431,38000,48.775414,17.908508,C-17A Globemaster,305,421,False
ae04c4,UNKNOWN CALLSIGN,2025-06-20 09:46:16.079802,,59-1475,Unavailable,34975,62.5,0.6,KC-135R Stratotanker,,,True
ae0423,GOLD23,2025-06-20 09:46:16.079809,,59-1505,2703,8450,36.3,-4.3,KC-135R Stratotanker,301,282,True
ae145b,RCH432,2025-06-20 09:46:16.079816,United States Air Force,06-6157,4636,29000,38.2,24.0,C-17A Globemaster,,,True
ae062a,UNKNOWN CALLSIGN,2025-06-20 09:46:16.079823,,58-0129,2064,34000,36.2,14.9,KC-135R Stratotanker,281,460,True
ae49c7,RCH644,2025-06-20 09:46:16.079829,United States Air Force,09-9211,4515,36000,47.8,-5.9,C-17A Globemaster,,,True
ae066f,UNKNOWN CALLSIGN,2025-06-20 09:46:16.079835,,62-3580,5303,31150,36.2,-1.4,KC-135R Stratotanker,40,450,True
ae20c6,RCH556,2025-06-20 09:47:16.788105,United States Air Force,07-7185,6013,38000,49.038929,17.177938,C-17A Globemaster,292,409,False
ae4f14,RCH331,2025-06-20 09:47:16.788121,United States Air Force,10-0220,5431,38000,48.842089,17.762015,C-17A Globemaster,305,403,False
ae145b,RCH432,2025-06-20 09:47:16.788130,United States Air Force,06-6157,4636,29000,38.2,23.8,C-17A Globemaster,,,True
ae49c7,RCH644,2025-06-20 09:47:16.788137,United States Air Force,09-9211,4515,36000,44.8,-6.6,C-17A Globemaster,,,True
ae066f,UNKNOWN CALLSIGN,2025-06-20 09:47:16.788144,,62-3580,5303,31775,37.3,-0.7,KC-135R Stratotanker,41,452,True
ae0655,UNKNOWN CALLSIGN,2025-06-20 09:47:16.788149,,58-0084,6566,34025,41.0,5.5,KC-135R Stratotanker,269,484,True
ae04c4,UNKNOWN CALLSIGN,2025-06-20 09:47:16.788154,,59-1475,3420,34975,62.6,-0.8,KC-135R Stratotanker,196,448,True
ae062a,UNKNOWN CALLSIGN,2025-06-20 09:47:16.788159,,58-0129,2064,34000,36.2,14.9,KC-135R Stratotanker,281,460,True
ae0423,GOLD23,2025-06-20 09:47:16.788165,,59-1505,2703,8150,36.3,-4.3,KC-135R Stratotanker,301,278,True
ae20c6,RCH556,2025-06-20 09:48:17.928308,United States Air Force,07-7185,6013,38000,49.078808,17.020953,C-17A Globemaster,292,393,False
ae4f14,RCH331,2025-06-20 09:48:17.928325,United States Air Force,10-0220,5431,38000,48.898942,17.605886,C-17A Globemaster,294,442,False
ae04c4,UNKNOWN CALLSIGN,2025-06-20 09:48:17.928334,,59-1475,3420,34975,62.7,-1.6,KC-135R Stratotanker,,,True
ae145b,RCH432,2025-06-20 09:48:17.928341,United States Air Force,06-6157,4636,29000,38.2,24.0,C-17A Globemaster,,,True
ae0655,UNKNOWN CALLSIGN,2025-06-20 09:48:17.928347,,58-0084,6566,34025,42.2,6.2,KC-135R Stratotanker,268,482,True
ae062a,UNKNOWN CALLSIGN,2025-06-20 09:48:17.928353,,58-0129,2064,34000,36.2,14.9,KC-135R Stratotanker,281,462,True
ae49c7,RCH644,2025-06-20 09:48:17.928359,United States Air Force,09-9211,2342,36000,45.0,-8.8,C-17A Globemaster,,,True
ae066f,UNKNOWN CALLSIGN,2025-06-20 09:48:17.928365,,62-3580,5303,32000,37.3,-0.7,KC-135R Stratotanker,41,460,True
ae20c6,RCH556,2025-06-20 09:49:18.839230,United States Air Force,07-7185,6013,38000,49.123353,16.851097,C-17A Globemaster,292,403,False
ae4f14,RCH331,2025-06-20 09:49:18.839246,United States Air Force,10-0220,5431,38000,48.953267,17.438745,C-17A Globemaster,295,428,False
ae04c4,UNKNOWN CALLSIGN,2025-06-20 09:49:18.839253,,59-1475,3420,34975,62.7,-1.8,KC-135R Stratotanker,196,450,True
ae145b,RCH432,2025-06-20 09:49:18.839260,United States Air Force,06-6157,4636,29000,38.2,23.9,C-17A Globemaster,,,True
ae0655,UNKNOWN CALLSIGN,2025-06-20 09:49:18.839264,,58-0084,6566,34025,41.0,5.5,KC-135R Stratotanker,271,482,True
ae062a,UNKNOWN CALLSIGN,2025-06-20 09:49:18.839270,,58-0129,2064,34000,37.1,15.9,KC-135R Stratotanker,281,464,True
ae49c7,RCH644,2025-06-20 09:49:18.839275,United States Air Force,09-9211,2342,36000,47.8,-5.9,C-17A Globemaster,,,True
ae066f,UNKNOWN CALLSIGN,2025-06-20 09:49:18.839279,,62-3580,5303,32000,37.5,-0.6,KC-135R Stratotanker,41,464,True
ae20c6,RCH556,2025-06-20 09:50:19.746027,United States Air Force,07-7185,6013,38000,49.165311,16.68105,C-17A Globemaster,287,428,False
ae4f14,RCH331,2025-06-20 09:50:19.746045,United States Air Force,10-0220,5431,38000,49.000948,17.298777,C-17A Globemaster,295,427,False
ae04c4,UNKNOWN CALLSIGN,2025-06-20 09:50:19.746053,,59-1475,3420,34975,62.8,-2.6,KC-135R Stratotanker,196,452,True
ae145b,RCH432,2025-06-20 09:50:19.746061,United States Air Force,06-6157,7401,29000,34.7,31.7,C-17A Globemaster,,,True
ae0655,UNKNOWN CALLSIGN,2025-06-20 09:50:19.746066,,58-0084,6566,34025,42.2,6.0,KC-135R Stratotanker,271,480,True
ae062a,UNKNOWN CALLSIGN,2025-06-20 09:50:19.746073,,58-0129,2064,34000,36.2,14.9,KC-135R Stratotanker,281,466,True
ae49c7,RCH644,2025-06-20 09:50:19.746079,United States Air Force,09-9211,2342,36000,47.8,-5.9,C-17A Globemaster,,,True
ae066f,UNKNOWN CALLSIGN,2025-06-20 09:50:19.746084,,62-3580,5303,32000,37.6,-0.5,KC-135R Stratotanker,41,466,True
ae20c6,RCH556,2025-06-20 09:51:20.643462,United States Air Force,07-7185,6013,38000,49.198969,16.558381,C-17A Globemaster,292,406,False
ae4f14,RCH331,2025-06-20 09:51:20.643479,United States Air Force,10-0220,5431,38000,49.049709,17.132322,C-17A Globemaster,296,435,False
ae145b,RCH432,2025-06-20 09:51:20.643488,United States Air Force,06-6157,7401,29000,34.7,31.7,C-17A Globemaster,,,True
ae49c7,RCH644,2025-06-20 09:51:20.643495,United States Air Force,09-9211,2342,36000,44.8,-6.6,C-17A Globemaster,,,True
ae066f,UNKNOWN CALLSIGN,2025-06-20 09:51:20.643501,,62-3580,5303,32000,37.8,-0.4,KC-135R Stratotanker,41,462,True
ae0655,UNKNOWN CALLSIGN,2025-06-20 09:51:20.643507,,58-0084,6566,34025,41.0,5.5,KC-135R Stratotanker,270,480,True
ae062a,UNKNOWN CALLSIGN,2025-06-20 09:51:20.643512,,58-0129,2064,34000,37.1,15.9,KC-135R Stratotanker,281,468,True
ae20c6,RCH556,2025-06-20 09:52:21.540389,United States Air Force,07-7185,6013,38000,49.246933,16.372241,C-17A Globemaster,292,455,False
ae4f14,RCH331,2025-06-20 09:52:21.540407,United States Air Force,10-0220,5431,38000,49.098284,16.963759,C-17A Globemaster,292,404,False
ae145b,RCH432,2025-06-20 09:52:21.540416,United States Air Force,06-6157,7401,29000,34.7,31.7,C-17A Globemaster,,,True
ae49c7,RCH644,2025-06-20 09:52:21.540424,United States Air Force,09-9211,2342,36000,45.0,-8.9,C-17A Globemaster,,,True
ae066f,UNKNOWN CALLSIGN,2025-06-20 09:52:21.540430,,62-3580,5303,32000,37.5,-0.6,KC-135R Stratotanker,41,462,True
ae0655,UNKNOWN CALLSIGN,2025-06-20 09:52:21.540436,,58-0084,6566,34025,41.0,5.5,KC-135R Stratotanker,270,480,True
ae062a,UNKNOWN CALLSIGN,2025-06-20 09:52:21.540441,,58-0129,2064,34000,37.1,15.9,KC-135R Stratotanker,281,468,True
ae20c6,RCH556,2025-06-20 09:53:22.505550,United States Air Force,07-7185,6013,38000,49.284956,16.219104,C-17A Globemaster,288,445,False
ae4f14,RCH331,2025-06-20 09:53:22.505567,United States Air Force,10-0220,5431,38000,49.146982,16.799642,C-17A Globemaster,294,401,False
ae145b,RCH432,2025-06-20 09:53:22.505576,United States Air Force,06-6157,7401,29000,34.7,31.7,C-17A Globemaster,,,True
ae49c7,RCH644,2025-06-20 09:53:22.505583,United States Air Force,09-9211,2342,36000,47.8,-5.6,C-17A Globemaster,,,True
ae066f,UNKNOWN CALLSIGN,2025-06-20 09:53:22.505590,,62-3580,5303,32000,37.6,-0.6,KC-135R Stratotanker,41,470,True
ae0655,UNKNOWN CALLSIGN,2025-06-20 09:53:22.505596,,58-0084,6566,34025,41.0,5.5,KC-135R Stratotanker,270,480,True
ae062a,UNKNOWN CALLSIGN,2025-06-20 09:53:22.505601,,58-0129,2064,34000,36.2,14.9,KC-135R Stratotanker,280,466,True
ae20c6,RCH556,2025-06-20 09:54:23.566533,United States Air Force,07-7185,6013,38000,49.33532,16.027571,C-17A Globemaster,290,394,False
ae4f14,RCH331,2025-06-20 09:54:23.566550,United States Air Force,10-0220,5431,38000,49.188903,16.644455,C-17A Globemaster,293,372,False
ae145b,RCH432,2025-06-20 09:54:23.566559,United States Air Force,06-6157,7401,29000,34.7,31.7,C-17A Globemaster,,,True
ae49c7,RCH644,2025-06-20 09:54:23.566567,United States Air Force,09-9211,2342,36000,45.7,-9.4,C-17A Globemaster,,,True
ae066f,UNKNOWN CALLSIGN,2025-06-20 09:54:23.566573,,62-3580,5303,32000,38.0,-0.4,KC-135R Stratotanker,53,476,True
ae0655,UNKNOWN CALLSIGN,2025-06-20 09:54:23.566579,,58-0084,6566,34025,41.0,5.5,KC-135R Stratotanker,270,478,True
ae04c4,UNKNOWN CALLSIGN,2025-06-20 09:54:23.566585,,59-1475,Unavailable,Unavailable,62.3,-2.4,KC-135R Stratotanker,,,True
ae062a,UNKNOWN CALLSIGN,2025-06-20 09:54:23.566590,,58-0129,2064,34000,37.0,14.5,KC-135R Stratotanker,304,466,True
ae20c6,RCH556,2025-06-20 09:55:24.251010,United States Air Force,07-7185,6013,38000,49.372643,15.877145,C-17A Globemaster,294,438,False
ae4f14,RCH331,2025-06-20 09:55:24.251026,United States Air Force,10-0220,5431,38000,49.237015,16.478773,C-17A Globemaster,294,468,False
ae04c4,UNKNOWN CALLSIGN,2025-06-20 09:55:24.251035,,59-1475,Unavailable,Unavailable,61.5,-2.0,KC-135R Stratotanker,,,True
ae145b,RCH432,2025-06-20 09:55:24.251044,United States Air Force,06-6157,7401,29000,34.7,31.7,C-17A Globemaster,,,True
ae0655,UNKNOWN CALLSIGN,2025-06-20 09:55:24.251049,,58-0084,6566,34025,41.0,5.6,KC-135R Stratotanker,270,476,True
ae062a,UNKNOWN CALLSIGN,2025-06-20 09:55:24.251056,,58-0129,2064,34000,36.2,14.9,KC-135R Stratotanker,311,466,True
ae49c7,RCH644,2025-06-20 09:55:24.251062,United States Air Force,09-9211,2342,36000,46.0,-8.2,C-17A Globemaster,,,True
ae066f,UNKNOWN CALLSIGN,2025-06-20 09:55:24.251067,,62-3580,5303,32000,38.6,-0.4,KC-135R Stratotanker,65,482,True
ae20c6,RCH556,2025-06-20 09:56:25.180410,United States Air Force,07-7185,6013,38000,49.414037,15.709574,C-17A Globemaster,293,419,False
ae4f14,RCH331,2025-06-20 09:56:25.180429,United States Air Force,10-0220,5431,38000,49.285922,16.303324,C-17A Globemaster,294,406,False
ae145b,RCH432,2025-06-20 09:56:25.180440,United States Air Force,06-6157,7401,29200,34.7,31.7,C-17A Globemaster,,,True
ae0655,UNKNOWN CALLSIGN,2025-06-20 09:56:25.180446,,58-0084,6566,34025,41.0,5.6,KC-135R Stratotanker,270,476,True
ae062a,UNKNOWN CALLSIGN,2025-06-20 09:56:25.180452,,58-0129,2064,34000,35.7,15.7,KC-135R Stratotanker,310,466,True
ae49c7,RCH644,2025-06-20 09:56:25.180458,United States Air Force,09-9211,2342,36000,47.8,-5.7,C-17A Globemaster,,,True
ae066f,UNKNOWN CALLSIGN,2025-06-20 09:56:25.180464,,62-3580,5303,32000,38.6,-0.1,KC-135R Stratotanker,65,486,True
ae20c6,RCH556,2025-06-20 09:57:26.132276,United States Air Force,07-7185,6013,38000,49.456909,15.532909,C-17A Globemaster,292,425,False
ae4f14,RCH331,2025-06-20 09:57:26.132294,United States Air Force,10-0220,5431,38000,49.333349,16.142581,C-17A Globemaster,294,396,False
ae145b,RCH432,2025-06-20 09:57:26.132305,United States Air Force,06-6157,7401,29875,34.7,31.7,C-17A Globemaster,,,True
ae0655,UNKNOWN CALLSIGN,2025-06-20 09:57:26.132311,,58-0084,6566,34025,42.2,5.4,KC-135R Stratotanker,270,476,True
ae062a,UNKNOWN CALLSIGN,2025-06-20 09:57:26.132318,,58-0129,2064,34000,36.2,14.9,KC-135R Stratotanker,310,466,True
ae49c7,RCH644,2025-06-20 09:57:26.132324,United States Air Force,09-9211,2342,36000,45.0,-6.3,C-17A Globemaster,,,True
ae066f,UNKNOWN CALLSIGN,2025-06-20 09:57:26.132330,,62-3580,5303,32000,38.7,-0.1,KC-135R Stratotanker,65,486,True
ae20c6,RCH556,2025-06-20 09:58:26.818252,United States Air Force,07-7185,6013,38000,49.495867,15.375247,C-17A Globemaster,291,404,False
ae4f14,RCH331,2025-06-20 09:58:26.818269,United States Air Force,10-0220,5431,38000,49.380849,15.961937,C-17A Globemaster,292,427,False
ae145b,RCH432,2025-06-20 09:58:26.818281,United States Air Force,06-6157,7401,30325,34.7,31.7,C-17A Globemaster,,,True
ae0655,UNKNOWN CALLSIGN,2025-06-20 09:58:26.818287,,58-0084,6566,34025,42.2,5.6,KC-135R Stratotanker,270,476,True
ae062a,UNKNOWN CALLSIGN,2025-06-20 09:58:26.818293,,58-0129,2064,34000,37.1,15.9,KC-135R Stratotanker,310,466,True
ae49c7,RCH644,2025-06-20 09:58:26.818298,United States Air Force,09-9211,2342,36000,47.8,-5.9,C-17A Globemaster,,,True
ae066f,UNKNOWN CALLSIGN,2025-06-20 09:58:26.818304,,62-3580,5303,32000,38.6,-0.2,KC-135R Stratotanker,65,488,True
ae20c6,RCH556,2025-06-20 09:59:27.975178,United States Air Force,07-7185,6013,38000,49.534408,15.2218,C-17A Globemaster,293,354,False
ae4f14,RCH331,2025-06-20 09:59:27.975193,United States Air Force,10-0220,5431,38000,49.426067,15.79734,C-17A Globemaster,294,452,False
ae145b,RCH432,2025-06-20 09:59:27.975206,United States Air Force,06-6157,7401,30925,34.7,31.7,C-17A Globemaster,,,True
ae0655,UNKNOWN CALLSIGN,2025-06-20 09:59:27.975212,,58-0084,6566,34025,41.0,5.5,KC-135R Stratotanker,270,474,True
ae062a,UNKNOWN CALLSIGN,2025-06-20 09:59:27.975219,,58-0129,2064,34000,37.1,15.9,KC-135R Stratotanker,310,468,True
ae49c7,RCH644,2025-06-20 09:59:27.975225,United States Air Force,09-9211,2342,36000,45.6,-9.0,C-17A Globemaster,,,True
ae066f,UNKNOWN CALLSIGN,2025-06-20 09:59:27.975230,,62-3580,5303,32000,38.4,-0.4,KC-135R Stratotanker,65,486,True
ae20c6,RCH556,2025-06-20 10:00:28.887133,United States Air Force,07-7185,6013,38000,49.578,15.044744,C-17A Globemaster,292,391,False
ae4f14,RCH331,2025-06-20 10:00:28.887150,United States Air Force,10-0220,5431,38000,49.469352,15.639275,C-17A Globemaster,293,412,False
ae04c4,UNKNOWN CALLSIGN,2025-06-20 10:00:28.887161,,59-1475,Unavailable,Unavailable,61.2,-1.8,KC-135R Stratotanker,,,True
ae145b,RCH432,2025-06-20 10:00:28.887169,United States Air Force,06-6157,7401,31000,31.8,30.6,C-17A Globemaster,,,True
ae0655,UNKNOWN CALLSIGN,2025-06-20 10:00:28.887174,,58-0084,6566,34025,41.0,5.5,KC-135R Stratotanker,270,474,True
ae062a,UNKNOWN CALLSIGN,2025-06-20 10:00:28.887180,,58-0129,2064,34000,36.2,14.9,KC-135R Stratotanker,310,466,True
ae49c7,RCH644,2025-06-20 10:00:28.887186,United States Air Force,09-9211,2342,36000,45.4,-9.2,C-17A Globemaster,,,True
ae066f,UNKNOWN CALLSIGN,2025-06-20 10:00:28.887191,,62-3580,5303,32000,38.7,-0.2,KC-135R Stratotanker,65,486,True
ae20c6,RCH556,2025-06-20 10:01:29.855679,United States Air Force,07-7185,6013,38000,49.61581,14.882184,C-17A Globemaster,289,422,False
ae4f14,RCH331,2025-06-20 10:01:29.855695,United States Air Force,10-0220,5431,38000,49.518379,15.456229,C-17A Globemaster,292,435,False
ae04c4,UNKNOWN CALLSIGN,2025-06-20 10:01:29.855704,,59-1475,Unavailable,Unavailable,60.7,-1.5,KC-135R Stratotanker,,,True
ae145b,RCH432,2025-06-20 10:01:29.855711,United States Air Force,06-6157,7401,31000,31.8,30.6,C-17A Globemaster,,,True
ae0655,UNKNOWN CALLSIGN,2025-06-20 10:01:29.855716,,58-0084,6566,34025,42.2,5.7,KC-135R Stratotanker,269,474,True
ae062a,UNKNOWN CALLSIGN,2025-06-20 10:01:29.855721,,58-0129,2064,34000,37.1,15.9,KC-135R Stratotanker,309,468,True
ae49c7,RCH644,2025-06-20 10:01:29.855727,United States Air Force,09-9211,2342,36000,45.9,-5.5,C-17A Globemaster,,,True
ae066f,UNKNOWN CALLSIGN,2025-06-20 10:01:29.855731,,62-3580,5303,32000,38.7,0.4,KC-135R Stratotanker,67,482,True
ae20c6,RCH556,2025-06-20 10:02:30.806229,United States Air Force,07-7185,6013,38000,49.656276,14.714392,C-17A Globemaster,291,382,False
ae4f14,RCH331,2025-06-20 10:02:30.806244,United States Air Force,10-0220,5431,38000,49.561859,15.295526,C-17A Globemaster,292,429,False
ae145b,RCH432,2025-06-20 10:02:30.806252,United States Air Force,06-6157,7401,31000,31.8,30.6,C-17A Globemaster,,,True
ae04c4,UNKNOWN CALLSIGN,2025-06-20 10:02:30.806258,,59-1475,Unavailable,34975,60.2,-1.3,KC-135R Stratotanker,178,458,True
ae49c7,RCH644,2025-06-20 10:02:30.806262,United States Air Force,09-9211,2342,36000,47.3,-6.3,C-17A Globemaster,,,True
ae066f,UNKNOWN CALLSIGN,2025-06-20 10:02:30.806268,,62-3580,5303,32000,39.3,1.4,KC-135R Stratotanker,68,482,True
ae0655,UNKNOWN CALLSIGN,2025-06-20 10:02:30.806272,,58-0084,6566,34025,42.2,5.6,KC-135R Stratotanker,269,474,True
ae062a,UNKNOWN CALLSIGN,2025-06-20 10:02:30.806276,,58-0129,2064,34000,37.0,14.5,KC-135R Stratotanker,309,468,True
ae20c6,RCH556,2025-06-20 10:03:31.921244,United States Air Force,07-7185,6013,38000,49.694056,14.552914,C-17A Globemaster,290,415,False
ae4f14,RCH331,2025-06-20 10:03:31.921260,United States Air Force,10-0220,5431,38000,49.60426,15.133801,C-17A Globemaster,290,410,False
ae145b,RCH432,2025-06-20 10:03:31.921269,United States Air Force,06-6157,7401,31000,31.8,30.6,C-17A Globemaster,,,True
ae04c4,UNKNOWN CALLSIGN,2025-06-20 10:03:31.921276,,59-1475,7604,34975,58.9,-1.3,KC-135R Stratotanker,178,458,True
ae49c7,RCH644,2025-06-20 10:03:31.921281,United States Air Force,09-9211,2342,36000,45.9,-8.2,C-17A Globemaster,,,True
ae066f,UNKNOWN CALLSIGN,2025-06-20 10:03:31.921288,,62-3580,5303,32000,39.1,1.5,KC-135R Stratotanker,67,480,True
ae0655,UNKNOWN CALLSIGN,2025-06-20 10:03:31.921293,,58-0084,6566,34025,42.2,6.3,KC-135R Stratotanker,269,474,True
ae062a,UNKNOWN CALLSIGN,2025-06-20 10:03:31.921298,,58-0129,2064,34000,37.1,15.9,KC-135R Stratotanker,309,468,True
ae20c6,RCH556,2025-06-20 10:04:32.848565,United States Air Force,07-7185,6013,38000,49.73101,14.394256,C-17A Globemaster,289,401,False
ae4f14,RCH331,2025-06-20 10:04:32.848580,United States Air Force,10-0220,5431,38000,49.649186,14.963926,C-17A Globemaster,291,434,False
ae145b,RCH432,2025-06-20 10:04:32.848589,United States Air Force,06-6157,7401,31000,31.8,30.6,C-17A Globemaster,,,True
ae04c4,UNKNOWN CALLSIGN,2025-06-20 10:04:32.848595,,59-1475,7604,34975,58.5,-0.7,KC-135R Stratotanker,178,458,True
ae49c7,RCH644,2025-06-20 10:04:32.848601,United States Air Force,09-9211,2342,36000,45.2,-9.0,C-17A Globemaster,,,True
ae066f,UNKNOWN CALLSIGN,2025-06-20 10:04:32.848607,,62-3580,5303,32000,39.0,1.7,KC-135R Stratotanker,67,480,True
ae0655,UNKNOWN CALLSIGN,2025-06-20 10:04:32.848612,,58-0084,6566,34025,41.0,5.5,KC-135R Stratotanker,269,474,True
ae062a,UNKNOWN CALLSIGN,2025-06-20 10:04:32.848618,,58-0129,2064,34000,36.2,14.9,KC-135R Stratotanker,309,470,True
ae057a,UNKNOWN CALLSIGN,2025-06-20 10:04:32.848623,,87-0029,Unavailable,Unavailable,53.1,18.1,C-5M Galaxy,,,True
ae20c6,RCH556,2025-06-20 10:05:33.553612,United States Air Force,07-7185,6013,38000,49.771464,14.220894,C-17A Globemaster,290,409,False
ae4f14,RCH331,2025-06-20 10:05:33.553629,United States Air Force,10-0220,5431,38000,49.690384,14.807778,C-17A Globemaster,291,420,False
ae04c4,UNKNOWN CALLSIGN,2025-06-20 10:05:33.553639,,59-1475,7604,34975,58.3,-0.8,KC-135R Stratotanker,178,458,True
ae145b,RCH432,2025-06-20 10:05:33.553647,United States Air Force,06-6157,7401,31000,34.7,31.7,C-17A Globemaster,,,True
ae0655,UNKNOWN CALLSIGN,2025-06-20 10:05:33.553652,,58-0084,6566,34025,42.2,5.6,KC-135R Stratotanker,269,472,True
ae062a,UNKNOWN CALLSIGN,2025-06-20 10:05:33.553658,,58-0129,2064,34000,36.2,14.9,KC-135R Stratotanker,309,470,True
ae49c7,RCH644,2025-06-20 10:05:33.553664,United States Air Force,09-9211,2342,36000,46.7,-6.8,C-17A Globemaster,,,True
ae057a,RCH4060,2025-06-20 10:05:33.553669,,87-0029,6504,5225,53.1,18.1,C-5M Galaxy,190,216,True
ae066f,UNKNOWN CALLSIGN,2025-06-20 10:05:33.553674,,62-3580,5303,32000,38.8,0.8,KC-135R Stratotanker,67,480,True
ae20c6,RCH556,2025-06-20 10:06:34.255652,United States Air Force,07-7185,6013,38000,49.806792,14.067722,C-17A Globemaster,290,400,False
ae4f14,RCH331,2025-06-20 10:06:34.255670,United States Air Force,10-0220,5431,38000,49.735833,14.633785,C-17A Globemaster,292,409,False
ae145b,RCH432,2025-06-20 10:06:34.255678,United States Air Force,06-6157,7401,31000,34.7,31.7,C-17A Globemaster,,,True
ae04c4,UNKNOWN CALLSIGN,2025-06-20 10:06:34.255685,,59-1475,7604,34975,58.1,-1.2,KC-135R Stratotanker,178,460,True
ae49c7,RCH644,2025-06-20 10:06:34.255691,United States Air Force,09-9211,2342,36000,48.1,-4.7,C-17A Globemaster,,,True
ae066f,UNKNOWN CALLSIGN,2025-06-20 10:06:34.255697,,62-3580,5303,32000,38.8,0.9,KC-135R Stratotanker,68,480,True
ae0655,UNKNOWN CALLSIGN,2025-06-20 10:06:34.255702,,58-0084,6566,34025,42.2,5.6,KC-135R Stratotanker,269,470,True
ae062a,UNKNOWN CALLSIGN,2025-06-20 10:06:34.255707,,58-0129,2064,34000,36.2,14.9,KC-135R Stratotanker,295,474,True
ae057a,RCH4060,2025-06-20 10:06:34.255713,,87-0029,6504,8925,53.4,15.7,C-5M Galaxy,193,292,True
ae20c6,RCH556,2025-06-20 10:07:36.224619,United States Air Force,07-7185,6013,38000,49.845469,13.90027,C-17A Globemaster,290,397,False
ae4f14,RCH331,2025-06-20 10:07:36.224635,United States Air Force,10-0220,5431,38000,49.779256,14.468048,C-17A Globemaster,292,406,False
ae057a,RCH4060,2025-06-20 10:07:36.224643,,87-0029,6504,12200,52.185198,17.707096,C-5M Galaxy,206,314,False
ae145b,RCH432,2025-06-20 10:07:36.224649,United States Air Force,06-6157,7401,31000,34.7,31.7,C-17A Globemaster,,,True
ae04c4,UNKNOWN CALLSIGN,2025-06-20 10:07:36.224656,,59-1475,7604,34975,58.1,-1.0,KC-135R Stratotanker,178,460,True
ae49c7,RCH644,2025-06-20 10:07:36.224662,United States Air Force,09-9211,2342,36000,48.3,-4.5,C-17A Globemaster,,,True
ae066f,UNKNOWN CALLSIGN,2025-06-20 10:07:36.224668,,62-3580,5303,32000,39.1,1.3,KC-135R Stratotanker,68,482,True
ae0655,UNKNOWN CALLSIGN,2025-06-20 10:07:36.224673,,58-0084,6566,34025,42.2,5.6,KC-135R Stratotanker,269,470,True
ae062a,UNKNOWN CALLSIGN,2025-06-20 10:07:36.224678,,58-0129,2064,34000,36.2,14.9,KC-135R Stratotanker,275,482,True
ae20c6,RCH556,2025-06-20 10:08:36.877719,United States Air Force,07-7185,6013,38000,49.880268,13.748683,C-17A Globemaster,285,403,False
ae4f14,RCH331,2025-06-20 10:08:36.877734,United States Air Force,10-0220,5431,38000,49.821147,14.301776,C-17A Globemaster,293,399,False
ae057a,RCH4060,2025-06-20 10:08:36.877742,,87-0029,6504,14850,52.139898,17.583017,C-5M Galaxy,256,368,False
ae145b,RCH432,2025-06-20 10:08:36.877750,United States Air Force,06-6157,7401,31000,31.8,30.6,C-17A Globemaster,,,True
ae04c4,UNKNOWN CALLSIGN,2025-06-20 10:08:36.877756,,59-1475,7604,34975,57.8,-1.5,KC-135R Stratotanker,178,460,True
ae49c7,RCH644,2025-06-20 10:08:36.877763,United States Air Force,09-9211,2342,36000,48.8,-4.6,C-17A Globemaster,,,True
ae066f,UNKNOWN CALLSIGN,2025-06-20 10:08:36.877769,,62-3580,5303,32000,38.7,0.6,KC-135R Stratotanker,68,484,True
ae0655,UNKNOWN CALLSIGN,2025-06-20 10:08:36.877774,,58-0084,6566,34025,40.8,5.2,KC-135R Stratotanker,269,468,True
ae062a,UNKNOWN CALLSIGN,2025-06-20 10:08:36.877778,,58-0129,2064,34000,36.2,14.9,KC-135R Stratotanker,275,484,True
ae20c6,RCH556,2025-06-20 10:09:37.975287,United States Air Force,07-7185,6013,38000,49.923299,13.559154,C-17A Globemaster,292,357,False
ae4f14,RCH331,2025-06-20 10:09:37.975304,United States Air Force,10-0220,5431,38000,49.865492,14.128148,C-17A Globemaster,293,417,False
ae057a,RCH4060,2025-06-20 10:09:37.975315,,87-0029,6504,18150,52.113627,17.425537,C-5M Galaxy,253,366,False
ae04c4,UNKNOWN CALLSIGN,2025-06-20 10:09:37.975322,,59-1475,7604,34975,57.2,-2.6,KC-135R Stratotanker,178,462,True
ae145b,RCH432,2025-06-20 10:09:37.975330,United States Air Force,06-6157,7401,31000,31.8,30.6,C-17A Globemaster,,,True
ae0655,UNKNOWN CALLSIGN,2025-06-20 10:09:37.975335,,58-0084,6566,34025,41.0,5.5,KC-135R Stratotanker,268,466,True
ae062a,UNKNOWN CALLSIGN,2025-06-20 10:09:37.975341,,58-0129,2064,34000,37.0,14.5,KC-135R Stratotanker,275,484,True
ae49c7,RCH644,2025-06-20 10:09:37.975347,United States Air Force,09-9211,2342,36000,48.6,-4.6,C-17A Globemaster,,,True
ae066f,UNKNOWN CALLSIGN,2025-06-20 10:09:37.975352,,62-3580,5303,32000,38.6,0.3,KC-135R Stratotanker,68,484,True
ae20c6,RCH556,2025-06-20 10:10:38.952285,United States Air Force,07-7185,6013,37750,49.960537,13.394221,C-17A Globemaster,288,386,False
ae4f14,RCH331,2025-06-20 10:10:38.952302,United States Air Force,10-0220,5431,38025,49.908312,13.956605,C-17A Globemaster,292,444,False
ae057a,RCH4060,2025-06-20 10:10:38.952310,,87-0029,6504,20800,52.08427,17.266997,C-5M Galaxy,252,378,False
ae145b,RCH432,2025-06-20 10:10:38.952317,United States Air Force,06-6157,7401,31000,31.8,30.6,C-17A Globemaster,,,True
ae04c4,UNKNOWN CALLSIGN,2025-06-20 10:10:38.952324,,59-1475,7604,34975,57.1,-2.0,KC-135R Stratotanker,178,462,True
ae49c7,RCH644,2025-06-20 10:10:38.952330,United States Air Force,09-9211,2342,36000,48.8,-4.5,C-17A Globemaster,,,True
ae066f,UNKNOWN CALLSIGN,2025-06-20 10:10:38.952336,,62-3580,5303,32000,39.4,2.2,KC-135R Stratotanker,68,486,True
ae0655,UNKNOWN CALLSIGN,2025-06-20 10:10:38.952341,,58-0084,6566,34025,40.6,4.9,KC-135R Stratotanker,268,466,True
ae062a,UNKNOWN CALLSIGN,2025-06-20 10:10:38.952346,,58-0129,2064,34000,36.2,14.9,KC-135R Stratotanker,279,484,True
ae20c6,RCH556,2025-06-20 10:11:39.883682,United States Air Force,07-7185,6013,36750,49.996583,13.232174,C-17A Globemaster,289,404,False
ae4f14,RCH331,2025-06-20 10:11:39.883700,United States Air Force,10-0220,5431,38000,49.94659,13.806589,C-17A Globemaster,290,439,False
ae057a,RCH4060,2025-06-20 10:11:39.883707,,87-0029,6504,23400,52.055048,17.115762,C-5M Galaxy,253,390,False
ae145b,RCH432,2025-06-20 10:11:39.883714,United States Air Force,06-6157,7401,31000,32.2,31.1,C-17A Globemaster,,,True
ae04c4,UNKNOWN CALLSIGN,2025-06-20 10:11:39.883720,,59-1475,7604,34975,57.3,-1.9,KC-135R Stratotanker,178,460,True
ae49c7,RCH644,2025-06-20 10:11:39.883727,United States Air Force,09-9211,2342,36000,49.3,-5.0,C-17A Globemaster,,,True
ae066f,UNKNOWN CALLSIGN,2025-06-20 10:11:39.883732,,62-3580,5303,32000,39.1,1.2,KC-135R Stratotanker,68,488,True
ae0655,UNKNOWN CALLSIGN,2025-06-20 10:11:39.883737,,58-0084,6566,34025,40.8,5.2,KC-135R Stratotanker,268,464,True
ae062a,UNKNOWN CALLSIGN,2025-06-20 10:11:39.883742,,58-0129,2064,34000,36.2,14.9,KC-135R Stratotanker,287,478,True
ae20c6,RCH556,2025-06-20 10:12:41.055498,United States Air Force,07-7185,6013,34925,50.034062,13.069653,C-17A Globemaster,290,386,False
ae4f14,RCH331,2025-06-20 10:12:41.055516,United States Air Force,10-0220,5431,37975,49.992826,13.618719,C-17A Globemaster,291,431,False
ae057a,RCH4060,2025-06-20 10:12:41.055524,,87-0029,6504,25975,52.0172,16.9145,C-5M Galaxy,253,400,False
ae04c4,UNKNOWN CALLSIGN,2025-06-20 10:12:41.055532,,59-1475,7604,34975,57.3,-2.5,KC-135R Stratotanker,178,460,True
ae10b5,UNKNOWN CALLSIGN,2025-06-20 10:12:41.055537,United States Air Force,01-0186,3302,34000,32.2,30.9,C-17A Globemaster,,,True
ae145b,RCH432,2025-06-20 10:12:41.055544,United States Air Force,06-6157,7401,31000,31.8,30.6,C-17A Globemaster,,,True
ae0655,UNKNOWN CALLSIGN,2025-06-20 10:12:41.055549,,58-0084,6566,34025,40.5,4.8,KC-135R Stratotanker,252,468,True
ae062a,UNKNOWN CALLSIGN,2025-06-20 10:12:41.055555,,58-0129,2064,34000,36.2,14.9,KC-135R Stratotanker,287,480,True
ae49c7,RCH644,2025-06-20 10:12:41.055560,United States Air Force,09-9211,2342,36000,49.1,-4.0,C-17A Globemaster,,,True
ae066f,UNKNOWN CALLSIGN,2025-06-20 10:12:41.055565,,62-3580,5303,32000,39.3,1.3,KC-135R Stratotanker,69,490,True
ae20c6,RCH556,2025-06-20 10:13:41.732112,United States Air Force,07-7185,6013,32925,50.070252,12.896569,C-17A Globemaster,288,405,False
ae4f14,RCH331,2025-06-20 10:13:41.732130,United States Air Force,10-0220,5431,38000,50.033497,13.45132,C-17A Globemaster,290,424,False
ae057a,RCH4060,2025-06-20 10:13:41.732139,,87-0029,6504,28175,51.98676,16.75153,C-5M Galaxy,252,416,False
ae145b,RCH432,2025-06-20 10:13:41.732147,United States Air Force,06-6157,7401,31000,32.2,31.3,C-17A Globemaster,,,True
ae04c4,UNKNOWN CALLSIGN,2025-06-20 10:13:41.732154,,59-1475,7604,34975,57.1,-2.6,KC-135R Stratotanker,178,460,True
ae10b5,UNKNOWN CALLSIGN,2025-06-20 10:13:41.732160,United States Air Force,01-0186,Unavailable,Unavailable,32.2,30.9,C-17A Globemaster,,,True
ae49c7,RCH644,2025-06-20 10:13:41.732165,United States Air Force,09-9211,2342,36000,49.1,-3.5,C-17A Globemaster,,,True
ae066f,UNKNOWN CALLSIGN,2025-06-20 10:13:41.732171,,62-3580,5303,32000,39.4,1.9,KC-135R Stratotanker,115,492,True
ae0655,UNKNOWN CALLSIGN,2025-06-20 10:13:41.732176,,58-0084,6566,34025,40.9,5.3,KC-135R Stratotanker,252,468,True
ae062a,UNKNOWN CALLSIGN,2025-06-20 10:13:41.732181,,58-0129,2064,34000,36.2,14.9,KC-135R Stratotanker,287,480,True
ae20c6,RCH556,2025-06-20 10:14:42.400653,United States Air Force,07-7185,6013,30950,50.10419,12.73994,C-17A Globemaster,287,412,False
ae4f14,RCH331,2025-06-20 10:14:42.400670,United States Air Force,10-0220,5431,38000,50.076762,13.277859,C-17A Globemaster,291,412,False
ae057a,RCH4060,2025-06-20 10:14:42.400678,,87-0029,6504,30350,51.956799,16.590599,C-5M Galaxy,252,412,False
ae145b,RCH432,2025-06-20 10:14:42.400687,United States Air Force,06-6157,7401,31000,31.8,30.6,C-17A Globemaster,,,True
ae04c4,UNKNOWN CALLSIGN,2025-06-20 10:14:42.400693,,59-1475,7604,34975,57.1,-2.1,KC-135R Stratotanker,178,458,True
ae10b5,UNKNOWN CALLSIGN,2025-06-20 10:14:42.400699,United States Air Force,01-0186,3302,Unavailable,31.0,33.9,C-17A Globemaster,,,True
ae49c7,RCH644,2025-06-20 10:14:42.400704,United States Air Force,09-9211,2342,36000,49.4,-3.6,C-17A Globemaster,,,True
ae066f,UNKNOWN CALLSIGN,2025-06-20 10:14:42.400710,,62-3580,5303,32000,39.5,2.2,KC-135R Stratotanker,110,494,True
ae0655,UNKNOWN CALLSIGN,2025-06-20 10:14:42.400714,,58-0084,6566,34025,40.1,4.3,KC-135R Stratotanker,251,468,True
ae062a,UNKNOWN CALLSIGN,2025-06-20 10:14:42.400719,,58-0129,2064,34000,37.0,14.5,KC-135R Stratotanker,287,480,True
ae20c6,RCH556,2025-06-20 10:15:43.080592,United States Air Force,07-7185,6013,29975,50.140875,12.570662,C-17A Globemaster,289,393,False
ae4f14,RCH331,2025-06-20 10:15:43.080607,United States Air Force,10-0220,5431,38000,50.115381,13.117282,C-17A Globemaster,292,404,False
ae057a,RCH4060,2025-06-20 10:15:43.080615,,87-0029,6504,32525,51.925499,16.433201,C-5M Galaxy,252,398,False
ae04c4,UNKNOWN CALLSIGN,2025-06-20 10:15:43.080624,,59-1475,7604,34975,57.0,-1.6,KC-135R Stratotanker,178,456,True
ae10b5,UNKNOWN CALLSIGN,2025-06-20 10:15:43.080630,United States Air Force,01-0186,3302,34000,32.2,30.1,C-17A Globemaster,,,True
ae145b,RCH432,2025-06-20 10:15:43.080636,United States Air Force,06-6157,7401,31000,31.8,30.6,C-17A Globemaster,,,True
ae0655,UNKNOWN CALLSIGN,2025-06-20 10:15:43.080641,,58-0084,6566,34025,39.8,4.1,KC-135R Stratotanker,251,468,True
ae062a,UNKNOWN CALLSIGN,2025-06-20 10:15:43.080647,,58-0129,2064,34000,36.2,14.9,KC-135R Stratotanker,287,482,True
ae49c7,RCH644,2025-06-20 10:15:43.080652,United States Air Force,09-9211,2342,36000,49.5,-3.6,C-17A Globemaster,,,True
ae066f,UNKNOWN CALLSIGN,2025-06-20 10:15:43.080657,,62-3580,5303,32000,39.5,2.2,KC-135R Stratotanker,108,492,True
ae04c4,UNKNOWN CALLSIGN,2025-06-20 10:16:44.628629,,59-1475,7604,34975,58.163911,-2.110887,KC-135R Stratotanker,178,456,False
ae20c6,RCH556,2025-06-20 10:16:44.628653,United States Air Force,07-7185,6013,29975,50.177542,12.401782,C-17A Globemaster,289,416,False
ae4f14,RCH331,2025-06-20 10:16:44.628660,United States Air Force,10-0220,5431,38000,50.160729,12.934447,C-17A Globemaster,291,418,False
ae057a,RCH4060,2025-06-20 10:16:44.628667,,87-0029,6504,34675,51.885487,16.231807,C-5M Galaxy,252,394,False
ae10b5,RCH244,2025-06-20 10:16:44.628676,United States Air Force,01-0186,3302,34000,32.2,30.5,C-17A Globemaster,,,True
ae145b,RCH432,2025-06-20 10:16:44.628683,United States Air Force,06-6157,7401,31000,32.2,30.5,C-17A Globemaster,,,True
ae0655,UNKNOWN CALLSIGN,2025-06-20 10:16:44.628688,,58-0084,6566,34025,39.8,4.1,KC-135R Stratotanker,251,470,True
ae062a,UNKNOWN CALLSIGN,2025-06-20 10:16:44.628695,,58-0129,Unavailable,34000,36.2,14.9,KC-135R Stratotanker,,,True
ae49c7,RCH644,2025-06-20 10:16:44.628700,United States Air Force,09-9211,2342,36000,49.5,-4.0,C-17A Globemaster,,,True
ae066f,UNKNOWN CALLSIGN,2025-06-20 10:16:44.628705,,62-3580,5303,32000,39.5,2.3,KC-135R Stratotanker,108,492,True
ae20c6,RCH556,2025-06-20 10:17:45.545934,United States Air Force,07-7185,6013,30000,50.190526,12.216904,C-17A Globemaster,264,425,False
ae4f14,RCH331,2025-06-20 10:17:45.545950,United States Air Force,10-0220,5431,38000,50.199158,12.771628,C-17A Globemaster,291,418,False
ae057a,RCH4060,2025-06-20 10:17:45.545958,,87-0029,6504,36000,51.852683,16.062414,C-5M Galaxy,252,406,False
ae04c4,UNKNOWN CALLSIGN,2025-06-20 10:17:45.545967,,59-1475,7604,34975,57.2,-2.0,KC-135R Stratotanker,178,456,True
ae10b5,RCH244,2025-06-20 10:17:45.545972,United States Air Force,01-0186,3302,34000,32.2,30.7,C-17A Globemaster,,,True
ae145b,RCH432,2025-06-20 10:17:45.545979,United States Air Force,06-6157,7401,31000,31.8,30.6,C-17A Globemaster,,,True
ae0655,UNKNOWN CALLSIGN,2025-06-20 10:17:45.545984,,58-0084,6566,34025,39.7,4.2,KC-135R Stratotanker,251,468,True
ae062a,UNKNOWN CALLSIGN,2025-06-20 10:17:45.545990,,58-0129,Unavailable,Unavailable,36.2,14.9,KC-135R Stratotanker,,,True
ae49c7,RCH644,2025-06-20 10:17:45.545995,United States Air Force,09-9211,2342,36000,49.6,-3.9,C-17A Globemaster,,,True
ae066f,UNKNOWN CALLSIGN,2025-06-20 10:17:45.546000,,62-3580,5303,32000,39.5,2.4,KC-135R Stratotanker,111,492,True
ae04c4,UNKNOWN CALLSIGN,2025-06-20 10:18:46.211068,,59-1475,7604,34975,57.929688,-2.090494,KC-135R Stratotanker,178,456,False
ae20c6,RCH556,2025-06-20 10:18:46.211090,United States Air Force,07-7185,6013,30000,50.188015,12.052459,C-17A Globemaster,270,416,False
ae4f14,RCH331,2025-06-20 10:18:46.211097,United States Air Force,10-0220,5431,38000,50.240369,12.596566,C-17A Globemaster,291,423,False
ae057a,RCH4060,2025-06-20 10:18:46.211104,,87-0029,6504,36025,51.816712,15.875961,C-5M Galaxy,251,432,False
ae10b5,RCH244,2025-06-20 10:18:46.211112,United States Air Force,01-0186,3302,34000,31.8,30.6,C-17A Globemaster,,,True
ae145b,RCH432,2025-06-20 10:18:46.211119,United States Air Force,06-6157,7401,31000,31.8,30.6,C-17A Globemaster,,,True
ae0655,UNKNOWN CALLSIGN,2025-06-20 10:18:46.211124,,58-0084,6566,34025,39.7,3.8,KC-135R Stratotanker,251,466,True
ae49c7,RCH644,2025-06-20 10:18:46.211130,United States Air Force,09-9211,2342,36000,48.7,-5.0,C-17A Globemaster,,,True
ae066f,UNKNOWN CALLSIGN,2025-06-20 10:18:46.211135,,62-3580,5303,32925,39.5,2.6,KC-135R Stratotanker,115,468,True
ae04c4,UNKNOWN CALLSIGN,2025-06-20 10:19:46.855867,,59-1475,7604,34975,57.804264,-2.085714,KC-135R Stratotanker,178,458,False
ae20c6,RCH556,2025-06-20 10:19:46.855891,United States Air Force,07-7185,6013,29975,50.187547,11.859738,C-17A Globemaster,269,413,False
ae4f14,RCH331,2025-06-20 10:19:46.855897,United States Air Force,10-0220,5431,38000,50.282952,12.416965,C-17A Globemaster,288,417,False
ae057a,RCH4060,2025-06-20 10:19:46.855905,,87-0029,6504,36000,51.777137,15.681767,C-5M Galaxy,252,432,False
ae145b,RCH432,2025-06-20 10:19:46.855914,United States Air Force,06-6157,7401,31000,31.8,30.6,C-17A Globemaster,,,True
ae10b5,RCH244,2025-06-20 10:19:46.855920,United States Air Force,01-0186,3302,34000,32.2,30.7,C-17A Globemaster,,,True
ae49c7,RCH644,2025-06-20 10:19:46.855926,United States Air Force,09-9211,2342,36000,49.1,-4.6,C-17A Globemaster,,,True
ae066f,UNKNOWN CALLSIGN,2025-06-20 10:19:46.855931,,62-3580,5303,33000,39.6,2.8,KC-135R Stratotanker,115,472,True
ae0655,UNKNOWN CALLSIGN,2025-06-20 10:19:46.855936,,58-0084,6566,34025,39.6,3.4,KC-135R Stratotanker,251,468,True
ae04c4,UNKNOWN CALLSIGN,2025-06-20 10:20:47.571132,,59-1475,7604,34975,57.655204,-2.079064,KC-135R Stratotanker,178,460,False
ae20c6,RCH556,2025-06-20 10:20:47.571154,United States Air Force,07-7185,6013,30000,50.189225,11.675094,C-17A Globemaster,271,417,False
ae4f14,RCH331,2025-06-20 10:20:47.571161,United States Air Force,10-0220,3120,38000,50.343148,12.275394,C-17A Globemaster,312,419,False
ae057a,RCH4060,2025-06-20 10:20:47.571169,,87-0029,6504,36000,51.741735,15.503558,C-5M Galaxy,251,432,False
ae10b5,RCH244,2025-06-20 10:20:47.571178,United States Air Force,01-0186,3302,34000,32.2,30.7,C-17A Globemaster,,,True
ae145b,RCH432,2025-06-20 10:20:47.571185,United States Air Force,06-6157,3301,31000,32.2,31.3,C-17A Globemaster,,,True
ae0655,UNKNOWN CALLSIGN,2025-06-20 10:20:47.571191,,58-0084,6566,34025,39.6,3.0,KC-135R Stratotanker,251,468,True
ae49c7,RCH644,2025-06-20 10:20:47.571197,United States Air Force,09-9211,2342,36000,50.1,-5.2,C-17A Globemaster,,,True
ae066f,UNKNOWN CALLSIGN,2025-06-20 10:20:47.571202,,62-3580,5303,33000,39.6,3.1,KC-135R Stratotanker,115,476,True
ae04c4,UNKNOWN CALLSIGN,2025-06-20 10:21:48.726735,,59-1475,7604,34975,57.522644,-2.068542,KC-135R Stratotanker,178,458,False
ae20c6,RCH556,2025-06-20 10:21:48.726758,United States Air Force,07-7185,6013,29775,50.191513,11.493725,C-17A Globemaster,270,409,False
ae4f14,RCH331,2025-06-20 10:21:48.726764,United States Air Force,10-0220,3120,38000,50.421124,12.11598,C-17A Globemaster,308,425,False
ae057a,RCH4060,2025-06-20 10:21:48.726772,,87-0029,6504,36000,51.699934,15.297439,C-5M Galaxy,251,428,False
ae145b,RCH432,2025-06-20 10:21:48.726782,United States Air Force,06-6157,3301,31000,31.7,32.3,C-17A Globemaster,,,True
ae10b5,RCH244,2025-06-20 10:21:48.726788,United States Air Force,01-0186,3302,34000,32.2,30.7,C-17A Globemaster,,,True
ae49c7,RCH644,2025-06-20 10:21:48.726793,United States Air Force,09-9211,2342,36000,49.7,-4.3,C-17A Globemaster,,,True
ae066f,UNKNOWN CALLSIGN,2025-06-20 10:21:48.726799,,62-3580,5303,33000,39.6,3.3,KC-135R Stratotanker,115,484,True
ae0655,UNKNOWN CALLSIGN,2025-06-20 10:21:48.726804,,58-0084,6566,34025,39.6,2.7,KC-135R Stratotanker,251,466,True
ae04c4,UNKNOWN CALLSIGN,2025-06-20 10:22:49.467677,,59-1475,7604,34975,57.393748,-2.043285,KC-135R Stratotanker,170,464,False
ae20c6,RCH556,2025-06-20 10:22:49.467700,United States Air Force,07-7185,6013,27825,50.194585,11.312965,C-17A Globemaster,272,400,False
ae4f14,RCH331,2025-06-20 10:22:49.467707,United States Air Force,10-0220,3120,38000,50.488889,11.975196,C-17A Globemaster,306,407,False
ae057a,RCH4060,2025-06-20 10:22:49.467715,,87-0029,6504,36000,51.662573,15.117562,C-5M Galaxy,251,426,False
ae145b,RCH432,2025-06-20 10:22:49.467724,United States Air Force,06-6157,3301,31000,32.2,30.8,C-17A Globemaster,,,True
ae10b5,RCH244,2025-06-20 10:22:49.467731,United States Air Force,01-0186,3302,34000,32.2,30.8,C-17A Globemaster,,,True
ae49c7,RCH644,2025-06-20 10:22:49.467737,United States Air Force,09-9211,2342,36000,48.9,-4.7,C-17A Globemaster,,,True
ae066f,UNKNOWN CALLSIGN,2025-06-20 10:22:49.467742,,62-3580,5303,33000,39.4,1.9,KC-135R Stratotanker,115,492,True
ae0655,UNKNOWN CALLSIGN,2025-06-20 10:22:49.467747,,58-0084,6566,34025,39.7,3.1,KC-135R Stratotanker,251,470,True
ae04c4,UNKNOWN CALLSIGN,2025-06-20 10:23:50.392482,,59-1475,7604,34975,57.268813,-2.002923,KC-135R Stratotanker,170,464,False
ae20c6,RCH556,2025-06-20 10:23:50.392507,United States Air Force,07-7185,6013,25800,50.194973,11.135942,C-17A Globemaster,271,413,False
ae4f14,RCH331,2025-06-20 10:23:50.392514,United States Air Force,10-0220,3120,38000,50.557213,11.834168,C-17A Globemaster,307,405,False
ae057a,RCH4060,2025-06-20 10:23:50.392522,,87-0029,6504,36000,51.625959,14.942939,C-5M Galaxy,251,426,False
ae145b,RCH432,2025-06-20 10:23:50.392532,United States Air Force,06-6157,3301,31000,32.2,31.3,C-17A Globemaster,,,True
ae10b5,RCH244,2025-06-20 10:23:50.392539,United States Air Force,01-0186,3302,34000,32.2,30.3,C-17A Globemaster,,,True
ae49c7,RCH644,2025-06-20 10:23:50.392544,United States Air Force,09-9211,2342,36000,50.3,-5.4,C-17A Globemaster,,,True
ae066f,UNKNOWN CALLSIGN,2025-06-20 10:23:50.392550,,62-3580,5303,33000,39.4,2.1,KC-135R Stratotanker,115,496,True
ae0655,UNKNOWN CALLSIGN,2025-06-20 10:23:50.392555,,58-0084,6566,34025,39.7,3.0,KC-135R Stratotanker,251,472,True
ae062a,UNKNOWN CALLSIGN,2025-06-20 10:23:50.392561,,58-0129,Unavailable,Unavailable,41.0,5.7,KC-135R Stratotanker,,,True
ae04c4,UNKNOWN CALLSIGN,2025-06-20 10:24:51.040769,,59-1475,7604,34975,57.141789,-1.962784,KC-135R Stratotanker,170,466,False
ae20c6,RCH556,2025-06-20 10:24:51.040790,United States Air Force,07-7185,6013,23800,50.19808,10.940913,C-17A Globemaster,271,410,False
ae4f14,RCH331,2025-06-20 10:24:51.040797,United States Air Force,10-0220,3120,38000,50.630651,11.681816,C-17A Globemaster,308,410,False
ae057a,RCH4060,2025-06-20 10:24:51.040805,,87-0029,3564,36000,51.585645,14.7547,C-5M Galaxy,253,426,False
ae145b,RCH432,2025-06-20 10:24:51.040814,United States Air Force,06-6157,3301,31000,31.8,30.6,C-17A Globemaster,,,True
ae10b5,RCH244,2025-06-20 10:24:51.040821,United States Air Force,01-0186,3302,34000,32.2,30.3,C-17A Globemaster,,,True
ae49c7,RCH644,2025-06-20 10:24:51.040827,United States Air Force,09-9211,4617,36000,49.8,-4.3,C-17A Globemaster,,,True
ae066f,UNKNOWN CALLSIGN,2025-06-20 10:24:51.040832,,62-3580,5303,33000,39.6,2.9,KC-135R Stratotanker,110,498,True
ae0655,UNKNOWN CALLSIGN,2025-06-20 10:24:51.040837,,58-0084,6566,34025,39.7,2.8,KC-135R Stratotanker,250,474,True
ae062a,UNKNOWN CALLSIGN,2025-06-20 10:24:51.040842,,58-0129,2064,34000,41.0,5.9,KC-135R Stratotanker,268,484,True
ae04c4,UNKNOWN CALLSIGN,2025-06-20 10:25:51.721113,,59-1475,7604,34975,57.015348,-1.927784,KC-135R Stratotanker,170,468,False
ae20c6,RCH556,2025-06-20 10:25:51.721135,United States Air Force,07-7185,6013,22050,50.198155,10.766014,C-17A Globemaster,273,400,False
ae4f14,RCH331,2025-06-20 10:25:51.721142,United States Air Force,10-0220,3120,38000,50.695715,11.545154,C-17A Globemaster,306,406,False
ae057a,RCH4060,2025-06-20 10:25:51.721150,,87-0029,3564,36000,51.552909,14.589487,C-5M Galaxy,249,428,False
ae10b5,RCH244,2025-06-20 10:25:51.721158,United States Air Force,01-0186,3302,34000,32.2,30.3,C-17A Globemaster,,,True
ae062a,UNKNOWN CALLSIGN,2025-06-20 10:25:51.721165,,58-0129,2064,34000,41.0,6.2,KC-135R Stratotanker,268,484,True
ae145b,RCH432,2025-06-20 10:25:51.721171,United States Air Force,06-6157,3301,31000,31.7,32.3,C-17A Globemaster,,,True
ae0655,UNKNOWN CALLSIGN,2025-06-20 10:25:51.721176,,58-0084,6566,34025,39.7,2.5,KC-135R Stratotanker,250,474,True
ae49c7,RCH644,2025-06-20 10:25:51.721183,United States Air Force,09-9211,4617,36000,50.2,-5.2,C-17A Globemaster,,,True
ae066f,UNKNOWN CALLSIGN,2025-06-20 10:25:51.721188,,62-3580,5303,33000,39.7,3.8,KC-135R Stratotanker,104,498,True
ae49c7,RCH644,2025-06-20 10:26:52.372100,United States Air Force,09-9211,4617,36150,49.488206,-5.866253,C-17A Globemaster,,,False
ae04c4,UNKNOWN CALLSIGN,2025-06-20 10:26:52.372120,,59-1475,7604,34975,56.887679,-1.889313,KC-135R Stratotanker,170,468,False
ae20c6,RCH556,2025-06-20 10:26:52.372132,United States Air Force,07-7185,6013,21975,50.194707,10.579158,C-17A Globemaster,268,423,False
ae4f14,RCH331,2025-06-20 10:26:52.372138,United States Air Force,10-0220,3120,38000,50.765796,11.395985,C-17A Globemaster,306,430,False
ae057a,RCH4060,2025-06-20 10:26:52.372145,,87-0029,3564,36000,51.514599,14.4123,C-5M Galaxy,250,428,False
ae145b,RCH432,2025-06-20 10:26:52.372153,United States Air Force,06-6157,3301,31000,32.2,31.3,C-17A Globemaster,,,True
ae10b5,RCH244,2025-06-20 10:26:52.372160,United States Air Force,01-0186,3302,34000,32.2,30.3,C-17A Globemaster,,,True
ae066f,UNKNOWN CALLSIGN,2025-06-20 10:26:52.372165,,62-3580,5303,33000,39.7,3.6,KC-135R Stratotanker,99,498,True
ae0655,UNKNOWN CALLSIGN,2025-06-20 10:26:52.372170,,58-0084,6566,34025,39.5,2.6,KC-135R Stratotanker,250,474,True
ae062a,UNKNOWN CALLSIGN,2025-06-20 10:26:52.372175,,58-0129,2064,34000,41.0,6.2,KC-135R Stratotanker,268,484,True
ae49c7,RCH644,2025-06-20 10:27:53.107603,United States Air Force,09-9211,4617,36675,49.592609,-5.65981,C-17A Globemaster,,,False
ae04c4,UNKNOWN CALLSIGN,2025-06-20 10:27:53.107623,,59-1475,7604,34975,56.766006,-1.853064,KC-135R Stratotanker,170,468,False
ae20c6,RCH556,2025-06-20 10:27:53.107635,United States Air Force,07-7185,6013,21975,50.193338,10.409318,C-17A Globemaster,269,405,False
ae4f14,RCH331,2025-06-20 10:27:53.107640,United States Air Force,10-0220,3120,38000,50.837814,11.243753,C-17A Globemaster,307,409,False
ae057a,RCH4060,2025-06-20 10:27:53.107647,,87-0029,3564,36000,51.48645,14.285202,C-5M Galaxy,250,432,False
ae145b,RCH432,2025-06-20 10:27:53.107655,United States Air Force,06-6157,3301,31000,32.2,30.1,C-17A Globemaster,,,True
ae10b5,RCH244,2025-06-20 10:27:53.107661,United States Air Force,01-0186,3302,34000,32.2,30.3,C-17A Globemaster,,,True
ae066f,UNKNOWN CALLSIGN,2025-06-20 10:27:53.107667,,62-3580,5303,33000,39.8,3.6,KC-135R Stratotanker,100,500,True
ae0655,UNKNOWN CALLSIGN,2025-06-20 10:27:53.107672,,58-0084,6566,34025,39.4,2.1,KC-135R Stratotanker,250,474,True
ae062a,UNKNOWN CALLSIGN,2025-06-20 10:27:53.107676,,58-0129,2064,34000,41.0,6.2,KC-135R Stratotanker,268,484,True
