hex,datetime,callsign,tail number,squawk,altitude,latitude,longitude,type,heading,ground speed,vertical rate,emergency,source
ae07f5,2026-09-21 02:15:47.421177,RCH709,97-0043,2005,35475,33.424896,-119.753448,C-17A Globemaster,272,405,320,False,adsb_icao
ae1448,2026-09-21 02:15:47.421199,RCH278,04-4138,6722,21550,33.329399,-118.066879,C-17A Globemaster,281,397,1126,False,mlat
ae145f,2026-09-21 02:15:47.421217,RCH307,06-6161,6732,36000,49.609554,-101.620163,C-17A Globemaster,249,404,0,False,mlat
ae080c,2026-09-21 02:15:47.421224,RCH571,99-0166,2432,33000,37.365395,-100.643829,C-17A Globemaster,79,490,0,False,mlat
ae0358,2026-09-21 02:15:47.421232,ADVIC44,57-1427,6273,34000,42.028481,-96.284203,KC-135R Stratotanker,278,468,0,False,mlat
aee668,2026-09-21 02:15:47.421238,UNK C/S,,3607,26000,29.453173,-95.171402,E-6B TACAMO,302,296,0,False,mlat
ae0859,2026-09-21 02:15:47.421248,UNK C/S,59-1506,2661,35000,44.966389,-89.247772,KC-135R Stratotanker,65,523,0,False,mlat
c2b3ff,2026-09-21 02:15:47.421257,BISN3,177705,0234,4425,44.94302,-76.3452,C-17A Globemaster,225,280,-64,False,adsb_icao
ae10ba,2026-09-21 02:15:47.421261,RIDER91,01-0191,2521,10975,38.586311,-76.123657,C-17A Globemaster,36,316,-640,False,adsb_icao
ae146d,2026-09-21 02:15:47.421266,RCH5019,07-7175,1410,21975,40.442207,-73.135979,C-17A Globemaster,210,424,0,False,mlat
ae07ce,2026-09-21 02:15:47.421272,RCH662,89-1190,7432,31000,40.633724,24.57136,C-17A Globemaster,159,466,0,False,adsb_icao
ae05ac,2026-09-21 02:15:47.421306,UNK C/S,63-8029,3435,27900,24.615408,55.584549,KC-135R Stratotanker,94,398,0,False,mlat
ae63bc,2026-09-21 02:15:47.421311,UNK C/S,20-46080,3275,21550,24.919718,56.859848,KC-46A Pegasus,117,433,-534,False,mlat
ae49c6,2026-09-21 02:15:47.421328,UNK C/S,09-9210,Unavailable,36000,58.5,-141.4,C-17A Globemaster,,,,False,mode_s
ae1458,2026-09-21 02:15:47.421333,RCH118,06-6154,2413,35000,21.1,118.2,C-17A Globemaster,,,,False,mode_s
ae5e12,2026-09-21 02:15:47.421338,UNK C/S,17-46037,3271,23025,24.9,55.9,KC-46A Pegasus,,,,False,mode_s
ae1177,2026-09-21 02:15:47.421344,UNK C/S,02-1105,Unavailable,36000,59.9,-146.1,C-17A Globemaster,,,,False,mode_s
aef421,2026-09-21 02:15:47.421348,UNK C/S,23-46118,3266,3175,25.2,49.3,KC-46A Pegasus,,,,False,mode_s
ae07f5,2026-09-21 02:16:47.608706,RCH709,97-0043,2005,35975,33.429153,-119.887154,C-17A Globemaster,272,405,192,False,adsb_icao
ae1448,2026-09-21 02:16:47.608722,RCH278,04-4138,6722,22700,33.346916,-118.197334,C-17A Globemaster,280,424,956,False,mlat
ae145f,2026-09-21 02:16:47.608729,RCH307,06-6161,6732,36000,49.570072,-101.783829,C-17A Globemaster,250,394,0,False,mlat
ae080c,2026-09-21 02:16:47.608734,RCH571,99-0166,2432,33000,37.3965,-100.47422,C-17A Globemaster,77,493,0,False,mlat
ae0358,2026-09-21 02:16:47.608740,ADVIC44,57-1427,6273,34000,42.045055,-96.451401,KC-135R Stratotanker,276,463,0,False,mlat
aee668,2026-09-21 02:16:47.608745,UNK C/S,,3607,26000,29.501947,-95.249382,E-6B TACAMO,300,316,0,False,mlat
ae0859,2026-09-21 02:16:47.608753,UNK C/S,59-1506,2661,35000,45.026852,-89.055084,KC-135R Stratotanker,66,517,0,False,mlat
c2b3ff,2026-09-21 02:16:47.608760,BISN3,177705,0234,4425,44.888832,-76.423111,C-17A Globemaster,225,280,128,False,adsb_icao
ae10ba,2026-09-21 02:16:47.608765,RIDER91,01-0191,2521,8800,38.65242,-76.06205,C-17A Globemaster,36,285,-2560,False,adsb_icao
ae146d,2026-09-21 02:16:47.608770,RCH5019,07-7175,1410,22000,40.343555,-73.211411,C-17A Globemaster,210,423,75,False,mlat
ae07ce,2026-09-21 02:16:47.608775,RCH662,89-1190,7432,31000,40.513184,24.629578,C-17A Globemaster,159,462,,False,adsb_icao
ae05ac,2026-09-21 02:16:47.608782,UNK C/S,63-8029,3435,27900,24.653498,55.698975,KC-135R Stratotanker,37,398,0,False,mlat
ae63bc,2026-09-21 02:16:47.608786,UNK C/S,20-46080,3275,20850,24.859299,56.973228,KC-46A Pegasus,121,446,-710,False,mlat
ae49c6,2026-09-21 02:16:47.608798,UNK C/S,09-9210,Unavailable,36000,58.5,-142.4,C-17A Globemaster,,,,False,mode_s
ae1458,2026-09-21 02:16:47.608803,RCH118,06-6154,2413,34975,21.2,118.4,C-17A Globemaster,,,,False,mode_s
ae5e12,2026-09-21 02:16:47.608808,UNK C/S,17-46037,3271,23025,24.9,55.5,KC-46A Pegasus,,,,False,mode_s
ae1177,2026-09-21 02:16:47.608813,UNK C/S,02-1105,Unavailable,36000,58.4,-142.1,C-17A Globemaster,,,,False,mode_s
ae07f5,2026-09-21 02:17:47.854017,RCH709,97-0043,2005,36000,33.433121,-120.02401,C-17A Globemaster,272,414,-64,False,adsb_icao
ae1448,2026-09-21 02:17:47.854035,RCH278,04-4138,6722,23550,33.36401,-118.330772,C-17A Globemaster,279,409,911,False,mlat
ae145f,2026-09-21 02:17:47.854043,RCH307,06-6161,6732,36000,49.525127,-101.96228,C-17A Globemaster,250,419,0,False,mlat
ae080c,2026-09-21 02:17:47.854048,RCH571,99-0166,2432,33000,37.42347,-100.306656,C-17A Globemaster,78,500,0,False,mlat
ae0358,2026-09-21 02:17:47.854055,ADVIC44,57-1427,6273,34000,42.063217,-96.632858,KC-135R Stratotanker,277,455,0,False,mlat
aee668,2026-09-21 02:17:47.854060,UNK C/S,,3607,26000,29.550524,-95.331505,E-6B TACAMO,304,304,0,False,mlat
ae0859,2026-09-21 02:17:47.854068,UNK C/S,59-1506,2661,35000,45.084419,-88.87175,KC-135R Stratotanker,65,536,0,False,mlat
c2b3ff,2026-09-21 02:17:47.854076,BISN3,177705,0234,4425,44.834042,-76.501686,C-17A Globemaster,225,278,-64,False,adsb_icao
ae10ba,2026-09-21 02:17:47.854081,RIDER91,01-0191,2521,7025,38.718567,-76.000137,C-17A Globemaster,36,295,0,False,adsb_icao
ae146d,2026-09-21 02:17:47.854086,RCH5019,07-7175,1410,22000,40.239899,-73.29306,C-17A Globemaster,208,411,0,False,mlat
ae07ce,2026-09-21 02:17:47.854092,RCH662,89-1190,7432,31000,40.391888,24.688089,C-17A Globemaster,159,463,,False,adsb_icao
ae05ac,2026-09-21 02:17:47.854099,UNK C/S,63-8029,3435,27900,24.742374,55.729637,KC-135R Stratotanker,337,400,0,False,mlat
ae63bc,2026-09-21 02:17:47.854104,UNK C/S,20-46080,3275,20525,24.797913,57.097809,KC-46A Pegasus,120,446,48,False,mlat
ae013a,2026-09-21 02:17:47.854119,UNK C/S,59-1488,Unavailable,Unavailable,43.8,-68.5,KC-135R Stratotanker,,,,False,mode_s
ae49c6,2026-09-21 02:17:47.854123,UNK C/S,09-9210,Unavailable,36000,58.4,-141.9,C-17A Globemaster,,,,False,mode_s
ae1458,2026-09-21 02:17:47.854127,RCH118,06-6154,2413,35000,21.2,118.4,C-17A Globemaster,,,,False,mode_s
ae5e12,2026-09-21 02:17:47.854132,UNK C/S,17-46037,3271,23025,24.9,56.0,KC-46A Pegasus,,,,False,mode_s
ae1177,2026-09-21 02:17:47.854137,UNK C/S,02-1105,Unavailable,36000,58.5,-142.4,C-17A Globemaster,,,,False,mode_s
aef421,2026-09-21 02:17:47.854142,UNK C/S,23-46118,3266,Unavailable,25.2,49.3,KC-46A Pegasus,,,,False,mode_s
ae07f5,2026-09-21 02:18:48.031679,RCH709,97-0043,2005,36000,33.437256,-120.161865,C-17A Globemaster,272,417,64,False,adsb_icao
ae1448,2026-09-21 02:18:48.031695,RCH278,04-4138,6722,24200,33.378941,-118.476761,C-17A Globemaster,272,411,839,False,mlat
ae145f,2026-09-21 02:18:48.031702,RCH307,06-6161,6732,36000,49.483814,-102.129601,C-17A Globemaster,249,415,0,False,mlat
ae080c,2026-09-21 02:18:48.031707,RCH571,99-0166,2432,33000,37.450825,-100.147133,C-17A Globemaster,78,490,0,False,mlat
ae0358,2026-09-21 02:18:48.031713,ADVIC44,57-1427,6273,34000,42.080566,-96.812622,KC-135R Stratotanker,277,484,0,False,mlat
aee668,2026-09-21 02:18:48.031718,UNK C/S,,3607,26000,29.602316,-95.417618,E-6B TACAMO,308,312,0,False,mlat
ae0859,2026-09-21 02:18:48.031726,UNK C/S,59-1506,2661,35000,45.145302,-88.675682,KC-135R Stratotanker,66,551,0,False,mlat
c2b3ff,2026-09-21 02:18:48.031733,BISN3,177705,0234,4425,44.78088,-76.577591,C-17A Globemaster,225,279,-32,False,adsb_icao
ae10ba,2026-09-21 02:18:48.031737,RIDER91,01-0191,2521,7025,38.7854,-75.938034,C-17A Globemaster,36,294,-64,False,adsb_icao
ae146d,2026-09-21 02:18:48.031741,RCH5019,07-7175,1410,22000,40.134621,-73.368759,C-17A Globemaster,210,418,0,False,mlat
ae013a,2026-09-21 02:18:48.031746,UNK C/S,59-1488,5346,1650,44.783417,-68.794861,KC-135R Stratotanker,,,1692,False,mlat
ae07ce,2026-09-21 02:18:48.031751,RCH662,89-1190,7432,31000,40.271225,24.746141,C-17A Globemaster,159,466,,False,adsb_icao
ae05ac,2026-09-21 02:18:48.031757,UNK C/S,63-8029,3435,27900,24.824617,55.630627,KC-135R Stratotanker,277,422,-32,False,mlat
ae63bc,2026-09-21 02:18:48.031761,UNK C/S,20-46080,3275,20525,24.747974,57.185169,KC-46A Pegasus,119,443,0,False,mlat
ae49c6,2026-09-21 02:18:48.031774,UNK C/S,09-9210,Unavailable,36000,58.5,-142.4,C-17A Globemaster,,,,False,mode_s
ae1458,2026-09-21 02:18:48.031778,RCH118,06-6154,2413,34975,21.2,118.4,C-17A Globemaster,,,,False,mode_s
ae5e12,2026-09-21 02:18:48.031783,UNK C/S,17-46037,3271,23025,25.3,55.9,KC-46A Pegasus,,,,False,mode_s
ae1177,2026-09-21 02:18:48.031789,UNK C/S,02-1105,Unavailable,36000,59.3,-144.8,C-17A Globemaster,,,,False,mode_s
aef421,2026-09-21 02:18:48.031793,UNK C/S,23-46118,3266,2375,25.2,49.3,KC-46A Pegasus,,,,False,mode_s
ae07f5,2026-09-21 02:19:48.201687,RCH709,97-0043,2005,36000,33.441238,-120.300293,C-17A Globemaster,271,414,64,False,adsb_icao
ae1448,2026-09-21 02:19:48.201706,RCH278,04-4138,6722,25000,33.383381,-118.617775,C-17A Globemaster,272,455,899,False,mlat
ae145f,2026-09-21 02:19:48.201713,RCH307,06-6161,6732,36000,49.446133,-102.279816,C-17A Globemaster,248,413,0,False,mlat
ae080c,2026-09-21 02:19:48.201718,RCH571,99-0166,2432,33000,37.478413,-99.985916,C-17A Globemaster,78,488,0,False,mlat
ae0358,2026-09-21 02:19:48.201723,ADVIC44,57-1427,6273,34000,42.097027,-96.982033,KC-135R Stratotanker,278,483,0,False,mlat
aee668,2026-09-21 02:19:48.201729,UNK C/S,,3607,26000,29.650623,-95.49913,E-6B TACAMO,303,316,0,False,mlat
ae0859,2026-09-21 02:19:48.201736,UNK C/S,59-1506,2661,35000,45.205143,-88.48188,KC-135R Stratotanker,66,529,0,False,mlat
c2b3ff,2026-09-21 02:19:48.201744,BISN3,177705,0234,4425,44.725845,-76.656059,C-17A Globemaster,225,280,-64,False,adsb_icao
ae10ba,2026-09-21 02:19:48.201748,RIDER91,01-0191,2521,7025,38.850731,-75.876526,C-17A Globemaster,36,293,64,False,adsb_icao
ae146d,2026-09-21 02:19:48.201753,RCH5019,07-7175,1410,21725,40.033764,-73.444466,C-17A Globemaster,207,436,-711,False,mlat
ae013a,2026-09-21 02:19:48.201757,UNK C/S,59-1488,5346,3825,44.729816,-68.794205,KC-135R Stratotanker,240,246,1969,False,mlat
ae07ce,2026-09-21 02:19:48.201762,RCH662,89-1190,7432,31000,40.149677,24.804382,C-17A Globemaster,159,464,,False,adsb_icao
ae05ac,2026-09-21 02:19:48.201769,UNK C/S,63-8029,3435,27925,24.793837,55.505707,KC-135R Stratotanker,214,442,0,False,mlat
ae63bc,2026-09-21 02:19:48.201773,UNK C/S,20-46080,3275,20500,24.691788,57.304852,KC-46A Pegasus,124,468,-67,False,mlat
ae49c6,2026-09-21 02:19:48.201786,UNK C/S,09-9210,Unavailable,36000,58.5,-142.6,C-17A Globemaster,,,,False,mode_s
ae1458,2026-09-21 02:19:48.201790,RCH118,06-6154,2413,34975,21.1,118.2,C-17A Globemaster,,,,False,mode_s
ae5e12,2026-09-21 02:19:48.201794,UNK C/S,17-46037,3271,23025,24.8,56.4,KC-46A Pegasus,,,,False,mode_s
ae1177,2026-09-21 02:19:48.201800,UNK C/S,02-1105,Unavailable,36000,58.5,-142.6,C-17A Globemaster,,,,False,mode_s
aef421,2026-09-21 02:19:48.201804,UNK C/S,23-46118,3266,1275,26.4,51.9,KC-46A Pegasus,,,,False,mode_s
ae07f5,2026-09-21 02:20:48.402978,RCH709,97-0043,2005,36000,33.444901,-120.436966,C-17A Globemaster,271,410,0,False,adsb_icao
ae1448,2026-09-21 02:20:48.402992,RCH278,04-4138,6722,25925,33.389267,-118.767128,C-17A Globemaster,272,446,598,False,mlat
ae145f,2026-09-21 02:20:48.402999,RCH307,06-6161,6732,36000,49.401527,-102.459747,C-17A Globemaster,246,416,0,False,mlat
ae080c,2026-09-21 02:20:48.403004,RCH571,99-0166,2432,33000,37.509548,-99.805603,C-17A Globemaster,78,486,0,False,mlat
ae0358,2026-09-21 02:20:48.403010,ADVIC44,57-1427,6273,34000,42.112091,-97.158112,KC-135R Stratotanker,277,475,0,False,mlat
aee668,2026-09-21 02:20:48.403016,UNK C/S,,3607,26000,29.698179,-95.575485,E-6B TACAMO,304,299,0,False,mlat
ae0859,2026-09-21 02:20:48.403023,UNK C/S,59-1506,2661,35000,45.265305,-88.284019,KC-135R Stratotanker,66,533,0,False,mlat
c2b3ff,2026-09-21 02:20:48.403030,BISN3,177705,0234,4425,44.670456,-76.734879,C-17A Globemaster,225,280,0,False,adsb_icao
ae10ba,2026-09-21 02:20:48.403035,RIDER91,01-0191,2521,7025,38.918182,-75.816223,C-17A Globemaster,32,290,64,False,adsb_icao
ae146d,2026-09-21 02:20:48.403039,RCH5019,07-7175,1410,20725,39.92939,-73.523064,C-17A Globemaster,211,405,-1018,False,mlat
ae013a,2026-09-21 02:20:48.403045,UNK C/S,59-1488,5346,6475,44.680462,-68.85936,KC-135R Stratotanker,220,265,2368,False,mlat
ae07ce,2026-09-21 02:20:48.403050,RCH662,89-1190,7432,31000,40.026917,24.862934,C-17A Globemaster,159,467,,False,adsb_icao
ae05ac,2026-09-21 02:20:48.403057,UNK C/S,63-8029,3435,27900,24.673117,55.50285,KC-135R Stratotanker,148,456,-32,False,mlat
ae63bc,2026-09-21 02:20:48.403061,UNK C/S,20-46080,3275,20500,24.611904,57.447247,KC-46A Pegasus,119,400,0,False,mlat
ae49c6,2026-09-21 02:20:48.403074,UNK C/S,09-9210,Unavailable,36000,58.5,-142.6,C-17A Globemaster,,,,False,mode_s
ae1458,2026-09-21 02:20:48.403079,RCH118,06-6154,2413,35000,21.2,118.4,C-17A Globemaster,,,,False,mode_s
ae5e12,2026-09-21 02:20:48.403083,UNK C/S,17-46037,3271,23025,24.7,55.6,KC-46A Pegasus,,,,False,mode_s
ae1177,2026-09-21 02:20:48.403088,UNK C/S,02-1105,Unavailable,36000,58.5,-142.6,C-17A Globemaster,,,,False,mode_s
aef421,2026-09-21 02:20:48.403092,UNK C/S,23-46118,3266,600,26.0,52.9,KC-46A Pegasus,,,,False,mode_s
ae07f5,2026-09-21 02:21:48.576062,RCH709,97-0043,2005,36000,33.448425,-120.572807,C-17A Globemaster,271,407,0,False,adsb_icao
ae1448,2026-09-21 02:21:48.576077,RCH278,04-4138,6722,26600,33.397167,-118.902306,C-17A Globemaster,273,420,829,False,mlat
ae145f,2026-09-21 02:21:48.576085,RCH307,06-6161,6732,36000,49.377693,-102.556892,C-17A Globemaster,248,426,0,False,mlat
ae080c,2026-09-21 02:21:48.576090,RCH571,99-0166,2432,33000,37.538551,-99.64064,C-17A Globemaster,79,486,0,False,mlat
ae0358,2026-09-21 02:21:48.576096,ADVIC44,57-1427,6273,34000,42.131355,-97.328819,KC-135R Stratotanker,278,466,0,False,mlat
aee668,2026-09-21 02:21:48.576102,UNK C/S,,3607,26000,29.745993,-95.65696,E-6B TACAMO,303,303,0,False,mlat
ae0859,2026-09-21 02:21:48.576110,UNK C/S,59-1506,2661,35000,45.320789,-88.093079,KC-135R Stratotanker,72,550,0,False,mlat
c2b3ff,2026-09-21 02:21:48.576118,BISN3,177705,0234,4425,44.61599,-76.81205,C-17A Globemaster,225,277,32,False,adsb_icao
ae10ba,2026-09-21 02:21:48.576123,RIDER91,01-0191,2521,7025,38.986336,-75.760498,C-17A Globemaster,32,291,64,False,adsb_icao
ae146d,2026-09-21 02:21:48.576128,RCH5019,07-7175,1410,20000,39.849144,-73.62426,C-17A Globemaster,240,404,-363,False,mlat
ae013a,2026-09-21 02:21:48.576133,UNK C/S,59-1488,5346,9225,44.626747,-68.932373,KC-135R Stratotanker,222,255,2490,False,mlat
ae07ce,2026-09-21 02:21:48.576140,RCH662,89-1190,7432,31000,39.905556,24.920593,C-17A Globemaster,159,466,,False,adsb_icao
ae05ac,2026-09-21 02:21:48.576145,UNK C/S,63-8029,3435,27900,24.616062,55.585873,KC-135R Stratotanker,81,452,0,False,mlat
ae63bc,2026-09-21 02:21:48.576150,UNK C/S,20-46080,3275,20525,24.592577,57.492294,KC-46A Pegasus,102,355,0,False,mlat
ae49c6,2026-09-21 02:21:48.576163,UNK C/S,09-9210,7005,36000,58.4,-141.9,C-17A Globemaster,,,,False,mode_s
ae1458,2026-09-21 02:21:48.576167,RCH118,06-6154,2413,35000,21.2,118.4,C-17A Globemaster,,,,False,mode_s
ae5e12,2026-09-21 02:21:48.576171,UNK C/S,17-46037,3271,23025,24.5,55.7,KC-46A Pegasus,,,,False,mode_s
ae1177,2026-09-21 02:21:48.576177,UNK C/S,02-1105,Unavailable,36000,58.5,-141.5,C-17A Globemaster,,,,False,mode_s
aef421,2026-09-21 02:21:48.576181,UNK C/S,23-46118,3266,300,25.7,53.5,KC-46A Pegasus,,,,False,mode_s
ae07f5,2026-09-21 02:22:48.766418,RCH709,97-0043,2005,36000,33.451721,-120.70816,C-17A Globemaster,271,405,-64,False,adsb_icao
ae1448,2026-09-21 02:22:48.766440,RCH278,04-4138,6722,27550,33.401047,-119.038704,C-17A Globemaster,272,431,1204,False,mlat
ae145f,2026-09-21 02:22:48.766463,RCH307,06-6161,6732,36000,49.365158,-102.779716,C-17A Globemaster,263,397,0,False,mlat
ae080c,2026-09-21 02:22:48.766470,RCH571,99-0166,2432,33000,37.565681,-99.46479,C-17A Globemaster,79,505,0,False,mlat
ae0358,2026-09-21 02:22:48.766476,ADVIC44,57-1427,6273,34000,42.1464,-97.51413,KC-135R Stratotanker,277,482,0,False,mlat
aee668,2026-09-21 02:22:48.766481,UNK C/S,,3607,26000,29.795774,-95.740334,E-6B TACAMO,307,309,0,False,mlat
ae0859,2026-09-21 02:22:48.766490,UNK C/S,59-1506,2661,35000,45.367329,-87.890244,KC-135R Stratotanker,70,540,0,False,mlat
c2b3ff,2026-09-21 02:22:48.766497,BISN3,177705,0234,4425,44.561508,-76.889122,C-17A Globemaster,225,280,32,False,adsb_icao
ae10ba,2026-09-21 02:22:48.766504,RIDER91,01-0191,2521,6150,39.055573,-75.703979,C-17A Globemaster,31,289,-1344,False,adsb_icao
ae146d,2026-09-21 02:22:48.766515,RCH5019,07-7175,1410,19825,39.778019,-73.735359,C-17A Globemaster,230,400,-401,False,mlat
ae013a,2026-09-21 02:22:48.766520,UNK C/S,59-1488,5346,9850,44.57259,-69.00013,KC-135R Stratotanker,221,268,208,False,mlat
ae07ce,2026-09-21 02:22:48.766525,RCH662,89-1190,7432,31000,39.783463,24.978432,C-17A Globemaster,159,460,,False,adsb_icao
ae05ac,2026-09-21 02:22:48.766532,UNK C/S,63-8029,3435,27900,24.698685,55.712379,KC-135R Stratotanker,15,452,96,False,mlat
ae63bc,2026-09-21 02:22:48.766545,UNK C/S,20-46080,3275,20500,25.2,57.8,KC-46A Pegasus,,,,False,mode_s
ae49c6,2026-09-21 02:22:48.766549,UNK C/S,09-9210,7005,36000,59.9,-146.1,C-17A Globemaster,,,,False,mode_s
ae1458,2026-09-21 02:22:48.766553,RCH118,06-6154,2413,35000,21.1,118.2,C-17A Globemaster,,,,False,mode_s
ae5e12,2026-09-21 02:22:48.766557,UNK C/S,17-46037,3271,23025,24.7,55.7,KC-46A Pegasus,,,,False,mode_s
ae1177,2026-09-21 02:22:48.766562,UNK C/S,02-1105,Unavailable,36000,58.4,-141.9,C-17A Globemaster,,,,False,mode_s
ae07f5,2026-09-21 02:23:48.943439,RCH709,97-0043,2005,36000,33.454926,-120.842964,C-17A Globemaster,271,406,-64,False,adsb_icao
ae1448,2026-09-21 02:23:48.943456,RCH278,04-4138,6722,28075,33.405746,-119.197655,C-17A Globemaster,272,437,485,False,mlat
ae080c,2026-09-21 02:23:48.943464,RCH571,99-0166,2432,33000,37.590092,-99.302406,C-17A Globemaster,78,492,0,False,mlat
ae0358,2026-09-21 02:23:48.943470,ADVIC44,57-1427,6273,34000,42.160828,-97.689056,KC-135R Stratotanker,275,467,0,False,mlat
aee668,2026-09-21 02:23:48.943476,UNK C/S,,3607,26000,29.845062,-95.822601,E-6B TACAMO,305,331,0,False,mlat
ae0859,2026-09-21 02:23:48.943483,UNK C/S,59-1506,2661,35000,45.416138,-87.683189,KC-135R Stratotanker,72,545,0,False,mlat
c2b3ff,2026-09-21 02:23:48.943492,BISN3,177705,0234,4425,44.506172,-76.966995,C-17A Globemaster,225,282,0,False,adsb_icao
ae10ba,2026-09-21 02:23:48.943496,RIDER91,01-0191,2521,4750,39.128506,-75.667114,C-17A Globemaster,20,278,-1280,False,adsb_icao
ae146d,2026-09-21 02:23:48.943501,RCH5019,07-7175,1410,18100,39.710423,-73.844444,C-17A Globemaster,231,384,-1789,False,mlat
ae013a,2026-09-21 02:23:48.943506,UNK C/S,59-1488,5346,9850,44.515034,-69.072289,KC-135R Stratotanker,223,311,0,False,mlat
ae07ce,2026-09-21 02:23:48.943512,RCH662,89-1190,7432,31000,39.663437,25.034916,C-17A Globemaster,160,459,,False,adsb_icao
ae05ac,2026-09-21 02:23:48.943518,UNK C/S,63-8029,3435,27900,24.794607,55.696369,KC-135R Stratotanker,308,458,-64,False,mlat
ae63bc,2026-09-21 02:23:48.943533,UNK C/S,20-46080,3275,20475,24.9,57.0,KC-46A Pegasus,,,,False,mode_s
ae49c6,2026-09-21 02:23:48.943538,UNK C/S,09-9210,7005,36000,59.9,-146.1,C-17A Globemaster,,,,False,mode_s
ae1458,2026-09-21 02:23:48.943542,RCH118,06-6154,2413,35000,21.5,118.6,C-17A Globemaster,,,,False,mode_s
ae5e12,2026-09-21 02:23:48.943546,UNK C/S,17-46037,3271,23025,25.4,56.0,KC-46A Pegasus,,,,False,mode_s
ae145f,2026-09-21 02:23:48.943550,RCH307,06-6161,6732,36000,50.4,-98.9,C-17A Globemaster,,,,False,mode_s
ae1177,2026-09-21 02:23:48.943555,UNK C/S,02-1105,Unavailable,36000,58.4,-141.9,C-17A Globemaster,,,,False,mode_s
ae07f5,2026-09-21 02:24:49.119100,RCH709,97-0043,2005,36000,33.457993,-120.976501,C-17A Globemaster,271,402,-64,False,adsb_icao
ae1448,2026-09-21 02:24:49.119112,RCH278,04-4138,6722,28725,33.410156,-119.331421,C-17A Globemaster,273,461,594,False,mlat
ae145f,2026-09-21 02:24:49.119119,RCH307,06-6161,6732,36000,49.242561,-103.085007,C-17A Globemaster,,,0,False,mlat
ae080c,2026-09-21 02:24:49.119124,RCH571,99-0166,2432,33000,37.61813,-99.131432,C-17A Globemaster,79,489,-11,False,mlat
ae0358,2026-09-21 02:24:49.119129,ADVIC44,57-1427,6273,34000,42.175964,-97.853386,KC-135R Stratotanker,279,463,0,False,mlat
aee668,2026-09-21 02:24:49.119135,UNK C/S,,3607,26000,29.899658,-95.897194,E-6B TACAMO,323,323,76,False,mlat
ae0859,2026-09-21 02:24:49.119142,UNK C/S,59-1506,2661,35000,45.463837,-87.4767,KC-135R Stratotanker,71,557,0,False,mlat
c2b3ff,2026-09-21 02:24:49.119149,BISN3,177705,0234,4425,44.450638,-77.045029,C-17A Globemaster,225,282,0,False,adsb_icao
ae10ba,2026-09-21 02:24:49.119154,RIDER91,01-0191,2521,3350,39.199684,-75.632141,C-17A Globemaster,21,270,-1408,False,adsb_icao
ae146d,2026-09-21 02:24:49.119158,RCH5019,07-7175,1410,16300,39.642101,-73.952827,C-17A Globemaster,230,380,-1720,False,mlat
ae013a,2026-09-21 02:24:49.119162,UNK C/S,59-1488,5346,9875,44.449661,-69.155449,KC-135R Stratotanker,224,302,78,False,mlat
ae07ce,2026-09-21 02:24:49.119168,RCH662,89-1190,7432,31000,39.54332,25.091459,C-17A Globemaster,160,461,,False,adsb_icao
ae05ac,2026-09-21 02:24:49.119174,UNK C/S,63-8029,3435,27900,24.815605,55.559391,KC-135R Stratotanker,242,460,-32,False,mlat
ae63bc,2026-09-21 02:24:49.119187,UNK C/S,20-46080,3275,20500,25.1,56.9,KC-46A Pegasus,,,,False,mode_s
ae49c6,2026-09-21 02:24:49.119191,UNK C/S,09-9210,7005,36000,58.4,-141.9,C-17A Globemaster,,,,False,mode_s
ae1458,2026-09-21 02:24:49.119195,RCH118,06-6154,2413,35000,21.5,118.6,C-17A Globemaster,,,,False,mode_s
ae5e12,2026-09-21 02:24:49.119199,UNK C/S,17-46037,3271,23025,24.5,55.6,KC-46A Pegasus,,,,False,mode_s
ae1177,2026-09-21 02:24:49.119204,UNK C/S,02-1105,Unavailable,36000,59.9,-146.1,C-17A Globemaster,,,,False,mode_s
ae07f5,2026-09-21 02:25:49.343744,RCH709,97-0043,2005,36000,33.460865,-121.110481,C-17A Globemaster,271,402,-64,False,adsb_icao
ae1448,2026-09-21 02:25:49.343760,RCH278,04-4138,6722,29625,33.417797,-119.483315,C-17A Globemaster,272,426,923,False,mlat
ae080c,2026-09-21 02:25:49.343769,RCH571,99-0166,2432,33000,37.648937,-98.963913,C-17A Globemaster,76,494,7,False,mlat
ae0358,2026-09-21 02:25:49.343774,ADVIC44,57-1427,6273,34000,42.19207,-98.03817,KC-135R Stratotanker,278,500,0,False,mlat
aee668,2026-09-21 02:25:49.343780,UNK C/S,,3607,26000,29.965242,-95.963455,E-6B TACAMO,320,315,0,False,mlat
ae0859,2026-09-21 02:25:49.343788,UNK C/S,59-1506,2661,35000,45.507572,-87.282448,KC-135R Stratotanker,73,545,0,False,mlat
c2b3ff,2026-09-21 02:25:49.343796,BISN3,177705,0234,4425,44.394821,-77.123489,C-17A Globemaster,225,282,0,False,adsb_icao
ae10ba,2026-09-21 02:25:49.343800,RIDER91,01-0191,2521,2075,39.269485,-75.598656,C-17A Globemaster,20,259,-448,False,adsb_icao
ae146d,2026-09-21 02:25:49.343805,RCH5019,07-7175,1410,16000,39.577717,-74.054886,C-17A Globemaster,231,384,-63,False,mlat
ae013a,2026-09-21 02:25:49.343810,UNK C/S,59-1488,5346,9875,44.384686,-69.235947,KC-135R Stratotanker,222,314,0,False,mlat
ae07ce,2026-09-21 02:25:49.343816,RCH662,89-1190,7432,31550,39.420902,25.148743,C-17A Globemaster,160,466,576,False,adsb_icao
ae05ac,2026-09-21 02:25:49.343823,UNK C/S,63-8029,3435,27900,24.714157,55.487782,KC-135R Stratotanker,176,462,-32,False,mlat
ae63bc,2026-09-21 02:25:49.343838,UNK C/S,20-46080,3275,20525,25.0,56.8,KC-46A Pegasus,,,,False,mode_s
ae1177,2026-09-21 02:25:49.343842,UNK C/S,02-1105,Unavailable,36000,58.5,-141.9,C-17A Globemaster,,,,False,mode_s
ae49c6,2026-09-21 02:25:49.343848,UNK C/S,09-9210,7005,36000,59.3,-144.8,C-17A Globemaster,,,,False,mode_s
ae145f,2026-09-21 02:25:49.343853,RCH307,06-6161,6732,36000,49.6,-103.6,C-17A Globemaster,,,,False,mode_s
ae5e12,2026-09-21 02:25:49.343857,UNK C/S,17-46037,3271,23025,25.2,57.6,KC-46A Pegasus,,,,False,mode_s
ae1458,2026-09-21 02:25:49.343861,RCH118,06-6154,2413,35000,21.1,118.2,C-17A Globemaster,,,,False,mode_s
ae07f5,2026-09-21 02:26:49.619049,RCH709,97-0043,2005,36000,33.463566,-121.24456,C-17A Globemaster,271,408,-64,False,adsb_icao
ae1448,2026-09-21 02:26:49.619067,RCH278,04-4138,6722,30325,33.420971,-119.614571,C-17A Globemaster,268,422,572,False,mlat
ae080c,2026-09-21 02:26:49.619077,RCH571,99-0166,2432,33000,37.672874,-98.794228,C-17A Globemaster,80,516,2,False,mlat
ae0358,2026-09-21 02:26:49.619083,ADVIC44,57-1427,6273,34000,42.203896,-98.187027,KC-135R Stratotanker,274,443,0,False,mlat
aee668,2026-09-21 02:26:49.619090,UNK C/S,,3607,26000,30.026697,-96.024094,E-6B TACAMO,319,307,0,False,mlat
ae0859,2026-09-21 02:26:49.619102,UNK C/S,59-1506,2661,35000,45.553635,-87.076668,KC-135R Stratotanker,72,542,0,False,mlat
c2b3ff,2026-09-21 02:26:49.619111,BISN3,177705,0234,4425,44.339378,-77.200729,C-17A Globemaster,225,281,-64,False,adsb_icao
ae10ba,2026-09-21 02:26:49.619117,RIDER91,01-0191,2521,2000,39.330311,-75.560669,C-17A Globemaster,64,241,-256,False,adsb_icao
ae146d,2026-09-21 02:26:49.619123,RCH5019,07-7175,1410,16000,39.505131,-74.166489,C-17A Globemaster,229,389,0,False,mlat
ae013a,2026-09-21 02:26:49.619129,UNK C/S,59-1488,5346,9875,44.319763,-69.317207,KC-135R Stratotanker,221,314,0,False,mlat
ae07ce,2026-09-21 02:26:49.619135,RCH662,89-1190,7432,32400,39.298748,25.205688,C-17A Globemaster,160,464,1088,False,adsb_icao
ae05ac,2026-09-21 02:26:49.619143,UNK C/S,63-8029,3435,27900,24.656725,55.499352,KC-135R Stratotanker,108,462,192,False,mlat
ae63bc,2026-09-21 02:26:49.619161,UNK C/S,20-46080,3275,20500,24.9,56.9,KC-46A Pegasus,,,,False,mode_s
ae1177,2026-09-21 02:26:49.619165,UNK C/S,02-1105,Unavailable,36000,58.5,-141.9,C-17A Globemaster,,,,False,mode_s
ae49c6,2026-09-21 02:26:49.619171,UNK C/S,09-9210,7005,36000,59.3,-144.8,C-17A Globemaster,,,,False,mode_s
ae145f,2026-09-21 02:26:49.619176,RCH307,06-6161,6732,36000,49.4,-104.6,C-17A Globemaster,,,,False,mode_s
ae5e12,2026-09-21 02:26:49.619181,UNK C/S,17-46037,3271,23025,25.3,57.0,KC-46A Pegasus,,,,False,mode_s
ae1458,2026-09-21 02:26:49.619186,RCH118,06-6154,2413,35000,21.1,118.2,C-17A Globemaster,,,,False,mode_s
ae07f5,2026-09-21 02:27:49.818589,RCH709,97-0043,2005,36000,33.466263,-121.383118,C-17A Globemaster,271,413,0,False,adsb_icao
ae1448,2026-09-21 02:27:49.818607,RCH278,04-4138,6722,31150,33.424469,-119.745148,C-17A Globemaster,272,217,912,False,mlat
ae080c,2026-09-21 02:27:49.818616,RCH571,99-0166,2432,33000,37.699837,-98.630157,C-17A Globemaster,77,495,0,False,mlat
ae0358,2026-09-21 02:27:49.818622,ADVIC44,57-1427,6273,34000,42.217442,-98.353355,KC-135R Stratotanker,280,442,0,False,mlat
aee668,2026-09-21 02:27:49.818628,UNK C/S,,3607,26000,30.091921,-96.091614,E-6B TACAMO,318,300,0,False,mlat
ae0859,2026-09-21 02:27:49.818637,UNK C/S,59-1506,2661,35000,45.601807,-86.865067,KC-135R Stratotanker,73,537,0,False,mlat
c2b3ff,2026-09-21 02:27:49.818646,BISN3,177705,0234,4425,44.283371,-77.278748,C-17A Globemaster,224,282,-32,False,adsb_icao
ae10ba,2026-09-21 02:27:49.818651,RIDER91,01-0191,2521,2025,39.334175,-75.480835,C-17A Globemaster,107,199,-64,False,adsb_icao
ae146d,2026-09-21 02:27:49.818656,RCH5019,07-7175,1410,15050,39.46838,-74.291893,C-17A Globemaster,254,410,-1445,False,mlat
ae013a,2026-09-21 02:27:49.818662,UNK C/S,59-1488,5346,9875,44.256252,-69.396538,KC-135R Stratotanker,228,320,0,False,mlat
ae07ce,2026-09-21 02:27:49.818667,RCH662,89-1190,7432,33000,39.176285,25.262585,C-17A Globemaster,160,466,192,False,adsb_icao
ae05ac,2026-09-21 02:27:49.818673,UNK C/S,63-8029,3435,27900,24.646955,55.682163,KC-135R Stratotanker,41,460,0,False,mlat
ae63bc,2026-09-21 02:27:49.818678,UNK C/S,20-46080,3275,20500,24.754892,57.635426,KC-46A Pegasus,,,0,False,mlat
ae1177,2026-09-21 02:27:49.818692,UNK C/S,02-1105,Unavailable,36000,59.9,-146.4,C-17A Globemaster,,,,False,mode_s
ae49c6,2026-09-21 02:27:49.818698,UNK C/S,09-9210,7005,36000,58.5,-141.9,C-17A Globemaster,,,,False,mode_s
ae145f,2026-09-21 02:27:49.818704,RCH307,06-6161,6732,36000,49.2,-104.4,C-17A Globemaster,,,,False,mode_s
ae5e12,2026-09-21 02:27:49.818708,UNK C/S,17-46037,3271,23025,25.2,57.5,KC-46A Pegasus,,,,False,mode_s
ae1458,2026-09-21 02:27:49.818713,RCH118,06-6154,2413,34975,21.5,118.6,C-17A Globemaster,,,,False,mode_s
ae07f5,2026-09-21 02:28:49.996129,RCH709,97-0043,2005,36000,33.46875,-121.520157,C-17A Globemaster,271,413,0,False,adsb_icao
ae1448,2026-09-21 02:28:49.996139,RCH278,04-4138,6722,31875,33.428848,-119.910019,C-17A Globemaster,273,211,574,False,mlat
ae0358,2026-09-21 02:28:49.996149,ADVIC44,57-1427,6273,34000,42.225006,-98.451302,KC-135R Stratotanker,278,461,0,False,mlat
ae080c,2026-09-21 02:28:49.996160,RCH571,99-0166,2432,33000,37.728283,-98.443199,C-17A Globemaster,79,492,0,False,mlat
aee668,2026-09-21 02:28:49.996169,UNK C/S,,3607,26000,30.15247,-96.151527,E-6B TACAMO,320,300,0,False,mlat
ae0859,2026-09-21 02:28:49.996183,UNK C/S,59-1506,2661,35000,45.640648,-86.69104,KC-135R Stratotanker,72,553,0,False,mlat
c2b3ff,2026-09-21 02:28:49.996197,BISN3,177705,0234,3150,44.227978,-77.356209,C-17A Globemaster,225,281,,False,adsb_icao
ae10ba,2026-09-21 02:28:49.996206,RIDER91,01-0191,2521,2050,39.292648,-75.451714,C-17A Globemaster,178,162,0,False,adsb_icao
ae146d,2026-09-21 02:28:49.996214,RCH5019,07-7175,1410,13275,39.432316,-74.418442,C-17A Globemaster,250,384,-1851,False,mlat
ae013a,2026-09-21 02:28:49.996219,UNK C/S,59-1488,5346,9875,44.189297,-69.478958,KC-135R Stratotanker,223,310,0,False,mlat
ae07ce,2026-09-21 02:28:49.996224,RCH662,89-1190,7432,33025,39.055698,25.31842,C-17A Globemaster,160,464,0,False,adsb_icao
ae05ac,2026-09-21 02:28:49.996229,UNK C/S,63-8029,3435,27900,24.758776,55.723335,KC-135R Stratotanker,334,464,352,False,mlat
ae63bc,2026-09-21 02:28:49.996234,UNK C/S,20-46080,3275,20500,24.824612,57.521713,KC-46A Pegasus,,,0,False,mlat
ae1177,2026-09-21 02:28:49.996247,UNK C/S,02-1105,Unavailable,36000,59.3,-144.8,C-17A Globemaster,,,,False,mode_s
ae49c6,2026-09-21 02:28:49.996252,UNK C/S,09-9210,7005,36000,58.4,-141.9,C-17A Globemaster,,,,False,mode_s
ae145f,2026-09-21 02:28:49.996263,RCH307,06-6161,6732,36000,50.0,-105.1,C-17A Globemaster,,,,False,mode_s
ae5e12,2026-09-21 02:28:49.996272,UNK C/S,17-46037,3271,23025,24.7,56.9,KC-46A Pegasus,,,,False,mode_s
ae1458,2026-09-21 02:28:49.996310,RCH118,06-6154,2413,35000,21.2,118.4,C-17A Globemaster,,,,False,mode_s
ae07f5,2026-09-21 02:29:50.189304,RCH709,97-0043,2005,36000,33.471107,-121.657219,C-17A Globemaster,271,412,-64,False,adsb_icao
ae1448,2026-09-21 02:29:50.189316,RCH278,04-4138,6722,32500,33.430519,-120.017677,C-17A Globemaster,271,216,575,False,mlat
ae0358,2026-09-21 02:29:50.189324,ADVIC44,57-1427,6273,34000,42.250732,-98.71254,KC-135R Stratotanker,278,459,0,False,mlat
ae080c,2026-09-21 02:29:50.189329,RCH571,99-0166,2432,33000,37.753429,-98.279823,C-17A Globemaster,79,488,0,False,mlat
aee668,2026-09-21 02:29:50.189334,UNK C/S,,3607,26000,30.215378,-96.21492,E-6B TACAMO,318,300,0,False,mlat
ae0859,2026-09-21 02:29:50.189341,UNK C/S,59-1506,2661,35000,45.687412,-86.479759,KC-135R Stratotanker,72,535,0,False,mlat
c2b3ff,2026-09-21 02:29:50.189347,BISN3,177705,0234,1675,44.173233,-77.432556,C-17A Globemaster,227,275,-1536,False,adsb_icao
ae10ba,2026-09-21 02:29:50.189352,RIDER91,01-0191,2521,1975,39.248329,-75.455017,C-17A Globemaster,183,140,-320,False,adsb_icao
ae146d,2026-09-21 02:29:50.189357,RCH5019,07-7175,1410,12025,39.397911,-74.543442,C-17A Globemaster,249,342,-1078,False,mlat
ae013a,2026-09-21 02:29:50.189362,UNK C/S,59-1488,5346,9875,44.123089,-69.559914,KC-135R Stratotanker,220,318,0,False,mlat
ae07ce,2026-09-21 02:29:50.189366,RCH662,89-1190,7432,33025,38.933624,25.374716,C-17A Globemaster,160,461,0,False,adsb_icao
ae05ac,2026-09-21 02:29:50.189372,UNK C/S,63-8029,3435,27900,24.826517,55.619087,KC-135R Stratotanker,268,464,96,False,mlat
ae63bc,2026-09-21 02:29:50.189377,UNK C/S,20-46080,3275,20500,24.805935,57.410892,KC-46A Pegasus,244,371,0,False,mlat
ae1177,2026-09-21 02:29:50.189398,UNK C/S,02-1105,Unavailable,36000,59.3,-144.8,C-17A Globemaster,,,,False,mode_s
ae49c6,2026-09-21 02:29:50.189403,UNK C/S,09-9210,7005,36000,58.5,-142.7,C-17A Globemaster,,,,False,mode_s
ae145f,2026-09-21 02:29:50.189407,RCH307,06-6161,6732,36000,49.8,-104.0,C-17A Globemaster,,,,False,mode_s
ae5e12,2026-09-21 02:29:50.189412,UNK C/S,17-46037,3271,23025,24.4,56.0,KC-46A Pegasus,,,,False,mode_s
ae1458,2026-09-21 02:29:50.189417,RCH118,06-6154,2413,34975,21.2,118.4,C-17A Globemaster,,,,False,mode_s
ae07f5,2026-09-21 02:30:50.373599,RCH709,97-0043,2005,36000,33.473293,-121.793709,C-17A Globemaster,271,410,0,False,adsb_icao
ae1448,2026-09-21 02:30:50.373610,RCH278,04-4138,6722,32975,33.43103,-120.188499,C-17A Globemaster,298,297,340,False,mlat
ae080c,2026-09-21 02:30:50.373618,RCH571,99-0166,2432,33000,37.778572,-98.116051,C-17A Globemaster,77,502,0,False,mlat
aee668,2026-09-21 02:30:50.373624,UNK C/S,,3607,26000,30.27623,-96.277176,E-6B TACAMO,318,277,0,False,mlat
ae0859,2026-09-21 02:30:50.373631,UNK C/S,59-1506,2661,35000,45.73201,-86.25251,KC-135R Stratotanker,73,553,0,False,mlat
c2b3ff,2026-09-21 02:30:50.373638,BISN3,177705,0234,1200,44.126724,-77.512184,C-17A Globemaster,230,261,,False,adsb_icao
ae10ba,2026-09-21 02:30:50.373643,RIDER91,01-0191,2521,1450,39.214508,-75.457626,C-17A Globemaster,183,117,-640,False,adsb_icao
ae146d,2026-09-21 02:30:50.373646,RCH5019,07-7175,1410,11000,39.369724,-74.645142,C-17A Globemaster,250,280,-1036,False,mlat
ae013a,2026-09-21 02:30:50.373651,UNK C/S,59-1488,5346,9875,44.058456,-69.639183,KC-135R Stratotanker,219,330,0,False,mlat
ae07ce,2026-09-21 02:30:50.373655,RCH662,89-1190,7432,33025,38.81337,25.429888,C-17A Globemaster,160,459,0,False,adsb_icao
ae05ac,2026-09-21 02:30:50.373661,UNK C/S,63-8029,3435,27900,24.757782,55.499943,KC-135R Stratotanker,201,470,0,False,mlat
ae63bc,2026-09-21 02:30:50.373665,UNK C/S,20-46080,3275,20500,24.722984,57.3438,KC-46A Pegasus,199,471,0,False,mlat
ae1177,2026-09-21 02:30:50.373678,UNK C/S,02-1105,Unavailable,36000,58.5,-142.7,C-17A Globemaster,,,,False,mode_s
ae49c6,2026-09-21 02:30:50.373683,UNK C/S,09-9210,7005,36000,59.9,-144.7,C-17A Globemaster,,,,False,mode_s
ae145f,2026-09-21 02:30:50.373687,RCH307,06-6161,6732,36000,49.7,-104.0,C-17A Globemaster,,,,False,mode_s
ae5e12,2026-09-21 02:30:50.373691,UNK C/S,17-46037,3271,23025,24.8,56.6,KC-46A Pegasus,,,,False,mode_s
ae0358,2026-09-21 02:30:50.373695,ADVIC44,57-1427,6273,34000,41.7,-97.1,KC-135R Stratotanker,,,,False,mode_s
ae1458,2026-09-21 02:30:50.373699,RCH118,06-6154,2413,35000,21.2,118.4,C-17A Globemaster,,,,False,mode_s
ae07f5,2026-09-21 02:31:50.551232,RCH709,97-0043,2005,36000,33.475342,-121.929787,C-17A Globemaster,270,412,64,False,adsb_icao
ae1448,2026-09-21 02:31:50.551249,RCH278,04-4138,6722,33425,33.444016,-120.289742,C-17A Globemaster,269,466,322,False,mlat
ae0358,2026-09-21 02:31:50.551258,ADVIC44,57-1427,6273,34000,42.269981,-98.939774,KC-135R Stratotanker,274,461,0,False,mlat
ae080c,2026-09-21 02:31:50.551264,RCH571,99-0166,2432,33000,37.807312,-97.926842,C-17A Globemaster,78,502,0,False,mlat
aee668,2026-09-21 02:31:50.551270,UNK C/S,,3607,26000,30.342758,-96.343719,E-6B TACAMO,320,316,0,False,mlat
ae0859,2026-09-21 02:31:50.551305,UNK C/S,59-1506,2661,35000,45.783833,-86.048363,KC-135R Stratotanker,71,514,0,False,mlat
c2b3ff,2026-09-21 02:31:50.551314,BISN3,177705,0234,1300,44.091476,-77.501007,C-17A Globemaster,62,164,,False,adsb_icao
ae10ba,2026-09-21 02:31:50.551319,RIDER91,01-0191,2521,825,39.182598,-75.4599,C-17A Globemaster,183,117,-448,False,adsb_icao
ae146d,2026-09-21 02:31:50.551323,RCH5019,07-7175,1410,9800,39.342655,-74.739426,C-17A Globemaster,250,285,-1237,False,mlat
ae013a,2026-09-21 02:31:50.551329,UNK C/S,59-1488,5346,9875,43.991291,-69.724579,KC-135R Stratotanker,222,325,0,False,mlat
ae07ce,2026-09-21 02:31:50.551334,RCH662,89-1190,7432,33000,38.692154,25.485476,C-17A Globemaster,160,464,0,False,adsb_icao
ae05ac,2026-09-21 02:31:50.551340,UNK C/S,63-8029,3435,27900,24.652691,55.506771,KC-135R Stratotanker,136,460,0,False,mlat
ae63bc,2026-09-21 02:31:50.551345,UNK C/S,20-46080,3275,20500,24.62199,57.351933,KC-46A Pegasus,162,405,0,False,mlat
ae1177,2026-09-21 02:31:50.551360,UNK C/S,02-1105,3307,36000,58.5,-142.7,C-17A Globemaster,,,,False,mode_s
ae49c6,2026-09-21 02:31:50.551365,UNK C/S,09-9210,7005,36000,59.9,-144.7,C-17A Globemaster,,,,False,mode_s
ae145f,2026-09-21 02:31:50.551370,RCH307,06-6161,6732,36000,49.9,-104.5,C-17A Globemaster,,,,False,mode_s
ae5e12,2026-09-21 02:31:50.551374,UNK C/S,17-46037,3271,23025,25.1,56.1,KC-46A Pegasus,,,,False,mode_s
ae1458,2026-09-21 02:31:50.551379,RCH118,06-6154,2413,34975,21.5,118.6,C-17A Globemaster,,,,False,mode_s
ae07f5,2026-09-21 02:32:50.728198,RCH709,97-0043,2005,36000,33.477219,-122.066788,C-17A Globemaster,270,413,192,False,adsb_icao
ae1448,2026-09-21 02:32:50.728213,RCH278,04-4138,6722,33800,33.445995,-120.429024,C-17A Globemaster,272,422,328,False,mlat
ae080c,2026-09-21 02:32:50.728222,RCH571,99-0166,2432,33000,37.831097,-97.758675,C-17A Globemaster,79,511,0,False,mlat
aee668,2026-09-21 02:32:50.728227,UNK C/S,,3607,26000,30.402996,-96.406174,E-6B TACAMO,318,305,0,False,mlat
ae0859,2026-09-21 02:32:50.728236,UNK C/S,59-1506,2661,35000,45.825146,-85.8312,KC-135R Stratotanker,65,538,0,False,mlat
c2b3ff,2026-09-21 02:32:50.728244,BISN3,177705,0234,1275,44.117416,-77.450081,C-17A Globemaster,50,158,,False,adsb_icao
ae10ba,2026-09-21 02:32:50.728250,RIDER91,01-0191,2521,425,39.160393,-75.461487,C-17A Globemaster,183,120,-640,False,adsb_icao
ae146d,2026-09-21 02:32:50.728253,RCH5019,07-7175,1410,8600,39.315681,-74.835037,C-17A Globemaster,253,280,-1174,False,mlat
ae013a,2026-09-21 02:32:50.728259,UNK C/S,59-1488,5346,9875,43.924015,-69.806473,KC-135R Stratotanker,219,317,0,False,mlat
ae07ce,2026-09-21 02:32:50.728264,RCH662,89-1190,7432,33025,38.569973,25.541199,C-17A Globemaster,160,463,0,False,adsb_icao
ae05ac,2026-09-21 02:32:50.728269,UNK C/S,63-8029,3435,27900,24.600574,55.611691,KC-135R Stratotanker,67,424,0,False,mlat
ae63bc,2026-09-21 02:32:50.728297,UNK C/S,20-46080,3275,20500,24.547956,57.422268,KC-46A Pegasus,127,385,0,False,mlat
ae1177,2026-09-21 02:32:50.728313,UNK C/S,02-1105,3307,36000,59.9,-144.7,C-17A Globemaster,,,,False,mode_s
ae49c6,2026-09-21 02:32:50.728319,UNK C/S,09-9210,7005,36000,59.3,-144.8,C-17A Globemaster,,,,False,mode_s
ae07d8,2026-09-21 02:32:50.728323,RCH252,92-3294,Unavailable,Unavailable,55.4,-4.5,C-17A Globemaster,,,,False,mode_s
ae145f,2026-09-21 02:32:50.728327,RCH307,06-6161,6732,36000,49.9,-104.6,C-17A Globemaster,,,,False,mode_s
ae5e12,2026-09-21 02:32:50.728331,UNK C/S,17-46037,3271,23025,24.9,55.7,KC-46A Pegasus,,,,False,mode_s
ae0358,2026-09-21 02:32:50.728336,ADVIC44,57-1427,6273,34000,43.0,-99.5,KC-135R Stratotanker,,,,False,mode_s
ae1458,2026-09-21 02:32:50.728340,RCH118,06-6154,2413,35000,21.2,118.4,C-17A Globemaster,,,,False,mode_s
ae07f5,2026-09-21 02:33:50.906815,RCH709,97-0043,2005,36000,33.478973,-122.204063,C-17A Globemaster,270,413,0,False,adsb_icao
ae1448,2026-09-21 02:33:50.906828,RCH278,04-4138,6722,34300,33.452358,-120.590714,C-17A Globemaster,271,421,518,False,mlat
ae080c,2026-09-21 02:33:50.906838,RCH571,99-0166,2432,33000,37.857754,-97.585464,C-17A Globemaster,80,496,0,False,mlat
aee668,2026-09-21 02:33:50.906844,UNK C/S,,3607,26000,30.463503,-96.467293,E-6B TACAMO,319,309,0,False,mlat
ae0859,2026-09-21 02:33:50.906851,UNK C/S,59-1506,2661,35000,45.858643,-85.657532,KC-135R Stratotanker,62,545,0,False,mlat
c2b3ff,2026-09-21 02:33:50.906859,BISN3,177705,0234,1225,44.148464,-77.462051,C-17A Globemaster,288,140,,False,adsb_icao
ae146d,2026-09-21 02:33:50.906863,RCH5019,07-7175,1410,7425,39.288803,-74.927521,C-17A Globemaster,249,246,-1180,False,mlat
ae013a,2026-09-21 02:33:50.906868,UNK C/S,59-1488,5346,9875,43.860954,-69.883041,KC-135R Stratotanker,221,315,0,False,mlat
ae07ce,2026-09-21 02:33:50.906873,RCH662,89-1190,7432,33025,38.449585,25.595936,C-17A Globemaster,160,459,0,False,adsb_icao
ae05ac,2026-09-21 02:33:50.906878,UNK C/S,63-8029,3435,27900,24.678617,55.724789,KC-135R Stratotanker,15,396,160,False,mlat
ae63bc,2026-09-21 02:33:50.906882,UNK C/S,20-46080,3275,20500,24.858231,56.342224,KC-46A Pegasus,120,380,-2,False,mlat
ae1177,2026-09-21 02:33:50.906897,UNK C/S,02-1105,3307,36000,60.8,-147.5,C-17A Globemaster,,,,False,mode_s
ae49c6,2026-09-21 02:33:50.906902,UNK C/S,09-9210,7005,36000,59.3,-144.8,C-17A Globemaster,,,,False,mode_s
ae07d8,2026-09-21 02:33:50.906906,RCH252,92-3294,Unavailable,675,55.2,-4.5,C-17A Globemaster,,,,False,mode_s
ae145f,2026-09-21 02:33:50.906910,RCH307,06-6161,6732,36000,49.5,-104.5,C-17A Globemaster,,,,False,mode_s
ae5e12,2026-09-21 02:33:50.906914,UNK C/S,17-46037,3271,23025,25.0,56.8,KC-46A Pegasus,,,,False,mode_s
ae0358,2026-09-21 02:33:50.906919,ADVIC44,57-1427,6273,34000,42.2,-98.9,KC-135R Stratotanker,,,,False,mode_s
ae1458,2026-09-21 02:33:50.906923,RCH118,06-6154,2413,35000,21.2,118.4,C-17A Globemaster,,,,False,mode_s
ae07f5,2026-09-21 02:34:51.337800,RCH709,97-0043,2005,36000,33.48056,-122.340675,C-17A Globemaster,270,410,-128,False,adsb_icao
ae1448,2026-09-21 02:34:51.337814,RCH278,04-4138,6722,34850,33.465553,-120.7127,C-17A Globemaster,275,393,560,False,mlat
ae080c,2026-09-21 02:34:51.337823,RCH571,99-0166,2432,33000,37.884892,-97.406464,C-17A Globemaster,77,522,0,False,mlat
aee668,2026-09-21 02:34:51.337830,UNK C/S,,3607,26000,30.529259,-96.534821,E-6B TACAMO,316,289,0,False,mlat
ae0859,2026-09-21 02:34:51.337838,UNK C/S,59-1506,2661,35000,45.938774,-85.409103,KC-135R Stratotanker,68,603,0,False,mlat
c2b3ff,2026-09-21 02:34:51.337845,BISN3,177705,0234,500,44.130066,-77.506439,C-17A Globemaster,230,126,,False,adsb_icao
ae146d,2026-09-21 02:34:51.337851,RCH5019,07-7175,1410,6225,39.264069,-75.013779,C-17A Globemaster,252,283,-1201,False,mlat
ae013a,2026-09-21 02:34:51.337856,UNK C/S,59-1488,5346,9875,43.796806,-69.961731,KC-135R Stratotanker,219,302,0,False,mlat
ae07d8,2026-09-21 02:34:51.337861,RCH252,92-3294,5171,2550,55.446457,-4.470951,C-17A Globemaster,194,244,2076,False,mlat
ae07ce,2026-09-21 02:34:51.337866,RCH662,89-1190,7432,33025,38.329422,25.65033,C-17A Globemaster,160,459,64,False,adsb_icao
ae05ac,2026-09-21 02:34:51.337873,UNK C/S,63-8029,3435,27900,24.788729,55.703053,KC-135R Stratotanker,319,392,-64,False,mlat
ae63bc,2026-09-21 02:34:51.337887,UNK C/S,20-46080,3275,20500,25.3,58.7,KC-46A Pegasus,,,,False,mode_s
ae1177,2026-09-21 02:34:51.337891,UNK C/S,02-1105,3307,36000,59.3,-144.8,C-17A Globemaster,,,,False,mode_s
ae49c6,2026-09-21 02:34:51.337896,UNK C/S,09-9210,7005,36000,59.3,-144.8,C-17A Globemaster,,,,False,mode_s
ae145f,2026-09-21 02:34:51.337901,RCH307,06-6161,6732,36000,49.9,-104.4,C-17A Globemaster,,,,False,mode_s
ae5e12,2026-09-21 02:34:51.337905,UNK C/S,17-46037,3271,23025,24.7,56.5,KC-46A Pegasus,,,,False,mode_s
ae0358,2026-09-21 02:34:51.337909,ADVIC44,57-1427,6273,34000,43.0,-99.7,KC-135R Stratotanker,,,,False,mode_s
ae1458,2026-09-21 02:34:51.337913,RCH118,06-6154,2413,35000,21.2,118.4,C-17A Globemaster,,,,False,mode_s
ae07f5,2026-09-21 02:35:51.515348,RCH709,97-0043,2005,36000,33.481934,-122.477127,C-17A Globemaster,270,412,0,False,adsb_icao
ae1448,2026-09-21 02:35:51.515364,RCH278,04-4138,6722,35450,33.470341,-120.849533,C-17A Globemaster,274,402,552,False,mlat
ae080c,2026-09-21 02:35:51.515373,RCH571,99-0166,2432,33000,37.908207,-97.240395,C-17A Globemaster,89,496,0,False,mlat
aee668,2026-09-21 02:35:51.515380,UNK C/S,,3607,26000,30.593531,-96.60128,E-6B TACAMO,317,309,0,False,mlat
ae0859,2026-09-21 02:35:51.515390,UNK C/S,59-1506,2661,35000,45.942356,-85.241402,KC-135R Stratotanker,78,512,0,False,mlat
ae146d,2026-09-21 02:35:51.515397,RCH5019,07-7175,1410,5050,39.284962,-75.109001,C-17A Globemaster,289,265,-1163,False,mlat
ae013a,2026-09-21 02:35:51.515402,UNK C/S,59-1488,5346,9850,43.733685,-70.037704,KC-135R Stratotanker,221,284,-53,False,mlat
ae07d8,2026-09-21 02:35:51.515407,RCH252,92-3294,5171,4500,55.402473,-4.541755,C-17A Globemaster,223,223,1558,False,mlat
ae07ce,2026-09-21 02:35:51.515412,RCH662,89-1190,7432,33000,38.208023,25.705145,C-17A Globemaster,160,459,-64,False,adsb_icao
ae05ac,2026-09-21 02:35:51.515419,UNK C/S,63-8029,3435,27900,24.827492,55.597221,KC-135R Stratotanker,260,398,0,False,mlat
ae63bc,2026-09-21 02:35:51.515433,UNK C/S,20-46080,3275,20500,25.3,58.7,KC-46A Pegasus,,,,False,mode_s
ae1177,2026-09-21 02:35:51.515438,UNK C/S,02-1105,3307,36000,60.8,-147.5,C-17A Globemaster,,,,False,mode_s
ae49c6,2026-09-21 02:35:51.515447,UNK C/S,09-9210,7005,36000,58.5,-142.7,C-17A Globemaster,,,,False,mode_s
ae145f,2026-09-21 02:35:51.515453,RCH307,06-6161,6732,36000,49.2,-104.7,C-17A Globemaster,,,,False,mode_s
ae5e12,2026-09-21 02:35:51.515457,UNK C/S,17-46037,3271,23025,24.8,55.9,KC-46A Pegasus,,,,False,mode_s
ae0358,2026-09-21 02:35:51.515462,ADVIC44,57-1427,6273,34000,42.2,-98.7,KC-135R Stratotanker,,,,False,mode_s
ae1458,2026-09-21 02:35:51.515465,RCH118,06-6154,2413,35000,21.1,118.2,C-17A Globemaster,,,,False,mode_s
ae07f5,2026-09-21 02:36:51.715221,RCH709,97-0043,2005,36000,33.476738,-122.615715,C-17A Globemaster,255,407,128,False,adsb_icao
ae1448,2026-09-21 02:36:51.715238,RCH278,04-4138,6722,35975,33.486229,-120.951904,C-17A Globemaster,275,346,563,False,mlat
ae080c,2026-09-21 02:36:51.715249,RCH571,99-0166,2432,33000,37.934143,-97.064003,C-17A Globemaster,76,497,0,False,mlat
aee668,2026-09-21 02:36:51.715255,UNK C/S,,3607,26000,30.65921,-96.666954,E-6B TACAMO,319,310,0,False,mlat
ae0859,2026-09-21 02:36:51.715264,UNK C/S,59-1506,2661,35000,45.996956,-84.995247,KC-135R Stratotanker,73,568,0,False,mlat
ae146d,2026-09-21 02:36:51.715271,RCH5019,07-7175,1410,4050,39.310284,-75.191681,C-17A Globemaster,291,229,-1003,False,mlat
ae013a,2026-09-21 02:36:51.715301,UNK C/S,59-1488,5346,8625,43.679901,-70.103233,KC-135R Stratotanker,221,264,-1424,False,mlat
ae07d8,2026-09-21 02:36:51.715306,RCH252,92-3294,5171,5675,55.380356,-4.660784,C-17A Globemaster,260,259,436,False,mlat
ae07ce,2026-09-21 02:36:51.715312,RCH662,89-1190,7432,33000,38.086155,25.759954,C-17A Globemaster,160,460,0,False,adsb_icao
ae05ac,2026-09-21 02:36:51.715318,UNK C/S,63-8029,3435,27900,24.774136,55.49815,KC-135R Stratotanker,202,398,0,False,mlat
ae63bc,2026-09-21 02:36:51.715333,UNK C/S,20-46080,3275,20500,25.2,59.0,KC-46A Pegasus,,,,False,mode_s
ae1177,2026-09-21 02:36:51.715338,UNK C/S,02-1105,3307,36000,60.8,-147.5,C-17A Globemaster,,,,False,mode_s
ae49c6,2026-09-21 02:36:51.715343,UNK C/S,09-9210,7005,36000,59.9,-144.9,C-17A Globemaster,,,,False,mode_s
ae145f,2026-09-21 02:36:51.715349,RCH307,06-6161,6732,36000,49.5,-104.3,C-17A Globemaster,,,,False,mode_s
ae5e12,2026-09-21 02:36:51.715353,UNK C/S,17-46037,3271,23025,25.1,57.5,KC-46A Pegasus,,,,False,mode_s
ae0358,2026-09-21 02:36:51.715358,ADVIC44,57-1427,6273,34000,42.8,-100.1,KC-135R Stratotanker,,,,False,mode_s
ae1458,2026-09-21 02:36:51.715362,RCH118,06-6154,2413,35000,21.5,118.6,C-17A Globemaster,,,,False,mode_s
ae1177,2026-09-21 02:37:51.909967,UNK C/S,02-1105,3307,34675,60.423447,-146.638733,C-17A Globemaster,,,-1910,False,mlat
ae07f5,2026-09-21 02:37:51.909983,RCH709,97-0043,2000,36000,33.450157,-122.744919,C-17A Globemaster,256,402,0,False,adsb_icao
ae1448,2026-09-21 02:37:51.909989,RCH278,04-4138,6722,36000,33.464542,-121.105515,C-17A Globemaster,269,420,6,False,mlat
ae080c,2026-09-21 02:37:51.909998,RCH571,99-0166,2432,33000,37.961819,-96.874008,C-17A Globemaster,81,506,0,False,mlat
aee668,2026-09-21 02:37:51.910003,UNK C/S,,3607,26000,30.723467,-96.735977,E-6B TACAMO,314,326,0,False,mlat
ae0859,2026-09-21 02:37:51.910012,UNK C/S,59-1506,2661,35000,46.01313,-84.869911,KC-135R Stratotanker,75,546,0,False,mlat
ae146d,2026-09-21 02:37:51.910019,RCH5019,07-7175,1410,3075,39.335144,-75.271858,C-17A Globemaster,294,229,-988,False,mlat
ae013a,2026-09-21 02:37:51.910025,UNK C/S,59-1488,5346,7500,43.623264,-70.171265,KC-135R Stratotanker,223,256,-1158,False,mlat
ae07d8,2026-09-21 02:37:51.910029,RCH252,92-3294,5171,7700,55.367481,-4.781576,C-17A Globemaster,259,263,1952,False,mlat
ae07ce,2026-09-21 02:37:51.910034,RCH662,89-1190,7432,33000,37.966656,25.813454,C-17A Globemaster,160,454,-64,False,adsb_icao
ae05ac,2026-09-21 02:37:51.910039,UNK C/S,63-8029,3435,27900,24.668856,55.504204,KC-135R Stratotanker,142,396,0,False,mlat
ae63bc,2026-09-21 02:37:51.910053,UNK C/S,20-46080,3275,20500,25.0,58.2,KC-46A Pegasus,,,,False,mode_s
ae49c6,2026-09-21 02:37:51.910059,UNK C/S,09-9210,7005,36000,58.4,-142.0,C-17A Globemaster,,,,False,mode_s
ae145f,2026-09-21 02:37:51.910063,RCH307,06-6161,6732,36000,48.8,-104.5,C-17A Globemaster,,,,False,mode_s
ae5e12,2026-09-21 02:37:51.910068,UNK C/S,17-46037,3271,23025,25.2,56.7,KC-46A Pegasus,,,,False,mode_s
ae0358,2026-09-21 02:37:51.910072,ADVIC44,57-1427,6273,34000,42.6,-99.7,KC-135R Stratotanker,,,,False,mode_s
ae1458,2026-09-21 02:37:51.910076,RCH118,06-6154,2413,35000,21.2,118.4,C-17A Globemaster,,,,False,mode_s
ae1177,2026-09-21 02:38:52.087654,UNK C/S,02-1105,3307,32625,60.459419,-146.78978,C-17A Globemaster,,,-2128,False,mlat
ae07f5,2026-09-21 02:38:52.087669,RCH709,97-0043,2000,36000,33.423344,-122.873283,C-17A Globemaster,255,400,-64,False,adsb_icao
aee668,2026-09-21 02:38:52.087678,UNK C/S,,3607,26000,30.783772,-96.794899,E-6B TACAMO,319,307,0,False,mlat
ae080c,2026-09-21 02:38:52.087682,RCH571,99-0166,2432,33000,37.985493,-96.705498,C-17A Globemaster,80,508,0,False,mlat
ae146d,2026-09-21 02:38:52.087693,RCH5019,07-7175,1410,2600,39.339333,-75.350174,C-17A Globemaster,236,260,-753,False,mlat
ae013a,2026-09-21 02:38:52.087698,UNK C/S,59-1488,5346,6850,43.572651,-70.23259,KC-135R Stratotanker,219,244,-185,False,mlat
ae07d8,2026-09-21 02:38:52.087702,RCH252,92-3294,5171,9900,55.353832,-4.901484,C-17A Globemaster,259,260,2160,False,mlat
ae07ce,2026-09-21 02:38:52.087707,RCH662,89-1190,7432,33025,37.848225,25.866413,C-17A Globemaster,160,455,,False,adsb_icao
ae05ac,2026-09-21 02:38:52.087713,UNK C/S,63-8029,3435,27900,24.611757,55.599476,KC-135R Stratotanker,85,394,0,False,mlat
ae0859,2026-09-21 02:38:52.087726,UNK C/S,59-1506,2661,35000,44.3,-85.5,KC-135R Stratotanker,,,,False,mode_s
ae63bc,2026-09-21 02:38:52.087731,UNK C/S,20-46080,3275,20500,24.7,57.4,KC-46A Pegasus,,,,False,mode_s
ae1448,2026-09-21 02:38:52.087735,RCH278,04-4138,6722,36000,34.1,-119.6,C-17A Globemaster,,,,False,mode_s
ae49c6,2026-09-21 02:38:52.087740,UNK C/S,09-9210,7005,36000,59.3,-144.8,C-17A Globemaster,,,,False,mode_s
ae145f,2026-09-21 02:38:52.087744,RCH307,06-6161,6732,36000,49.4,-104.5,C-17A Globemaster,,,,False,mode_s
ae5e12,2026-09-21 02:38:52.087748,UNK C/S,17-46037,3271,23025,24.7,56.7,KC-46A Pegasus,,,,False,mode_s
ae0358,2026-09-21 02:38:52.087754,ADVIC44,57-1427,6273,34000,42.2,-100.8,KC-135R Stratotanker,,,,False,mode_s
ae1458,2026-09-21 02:38:52.087757,RCH118,06-6154,2413,35000,21.2,118.4,C-17A Globemaster,,,,False,mode_s
ae1177,2026-09-21 02:39:52.267476,UNK C/S,02-1105,3307,30475,60.512749,-146.980484,C-17A Globemaster,,,-2078,False,mlat
ae07f5,2026-09-21 02:39:52.267493,RCH709,97-0043,2000,36000,33.395966,-123.004471,C-17A Globemaster,256,407,0,False,adsb_icao
ae1448,2026-09-21 02:39:52.267498,RCH278,04-4138,6722,36000,33.47245,-121.356354,C-17A Globemaster,283,428,-80,False,mlat
aee668,2026-09-21 02:39:52.267509,UNK C/S,,2243,26000,30.842739,-96.857628,E-6B TACAMO,316,310,0,False,mlat
ae080c,2026-09-21 02:39:52.267514,RCH571,99-0166,2432,33000,38.010052,-96.521202,C-17A Globemaster,80,519,0,False,mlat
ae146d,2026-09-21 02:39:52.267524,RCH5019,07-7175,1410,1975,39.315666,-75.42598,C-17A Globemaster,249,214,-439,False,mlat
ae013a,2026-09-21 02:39:52.267530,UNK C/S,59-1488,5346,6875,43.522324,-70.295052,KC-135R Stratotanker,236,286,0,False,mlat
ae07d8,2026-09-21 02:39:52.267535,RCH252,92-3294,5171,10950,55.349739,-5.04861,C-17A Globemaster,292,315,1083,False,mlat
ae07ce,2026-09-21 02:39:52.267540,RCH662,89-1190,7432,33025,37.727749,25.920033,C-17A Globemaster,160,454,,False,adsb_icao
ae05ac,2026-09-21 02:39:52.267547,UNK C/S,63-8029,3435,27900,24.660076,55.701637,KC-135R Stratotanker,27,394,0,False,mlat
ae0859,2026-09-21 02:39:52.267563,UNK C/S,59-1506,2661,35000,44.7,-84.5,KC-135R Stratotanker,,,,False,mode_s
ae63bc,2026-09-21 02:39:52.267568,UNK C/S,20-46080,3275,20500,24.5,57.0,KC-46A Pegasus,,,,False,mode_s
ae49c6,2026-09-21 02:39:52.267574,UNK C/S,09-9210,7005,36000,59.3,-144.8,C-17A Globemaster,,,,False,mode_s
ae145f,2026-09-21 02:39:52.267578,RCH307,06-6161,6732,36000,49.2,-104.4,C-17A Globemaster,,,,False,mode_s
afdfdf,2026-09-21 02:39:52.267583,UNK C/S,,Unavailable,Unavailable,35.8,-74.7,E-6B TACAMO,,,,False,mode_s
ae5e12,2026-09-21 02:39:52.267587,UNK C/S,17-46037,3271,23025,24.4,56.3,KC-46A Pegasus,,,,False,mode_s
ae0358,2026-09-21 02:39:52.267592,ADVIC44,57-1427,6273,34000,42.4,-101.0,KC-135R Stratotanker,,,,False,mode_s
ae1458,2026-09-21 02:39:52.267595,RCH118,06-6154,2413,34975,21.5,118.6,C-17A Globemaster,,,,False,mode_s
ae07f5,2026-09-21 02:40:52.455073,RCH709,97-0043,2000,36000,33.368366,-123.136559,C-17A Globemaster,256,409,-64,False,adsb_icao
ae1448,2026-09-21 02:40:52.455087,RCH278,04-4138,6722,36000,33.451946,-121.563141,C-17A Globemaster,263,522,0,False,mlat
aee668,2026-09-21 02:40:52.455096,UNK C/S,,2243,26000,30.909643,-96.925728,E-6B TACAMO,321,302,0,False,mlat
ae080c,2026-09-21 02:40:52.455101,RCH571,99-0166,2432,33000,38.034927,-96.349014,C-17A Globemaster,80,518,0,False,mlat
ae146d,2026-09-21 02:40:52.455110,RCH5019,07-7175,1410,2000,39.262035,-75.454544,C-17A Globemaster,177,205,-149,False,mlat
ae013a,2026-09-21 02:40:52.455116,UNK C/S,59-1488,5346,5775,43.472492,-70.355598,KC-135R Stratotanker,219,244,-1214,False,mlat
ae07d8,2026-09-21 02:40:52.455121,RCH252,92-3294,5171,12925,55.369385,-5.195884,C-17A Globemaster,284,308,1915,False,mlat
ae07ce,2026-09-21 02:40:52.455126,RCH662,89-1190,7432,33000,37.608295,25.973053,C-17A Globemaster,160,460,,False,adsb_icao
ae05ac,2026-09-21 02:40:52.455131,UNK C/S,63-8029,3435,27900,24.774427,55.714706,KC-135R Stratotanker,329,396,0,False,mlat
ae63bc,2026-09-21 02:40:52.455144,UNK C/S,20-46080,3275,20500,24.8,57.5,KC-46A Pegasus,,,,False,mode_s
ae0859,2026-09-21 02:40:52.455149,UNK C/S,59-1506,2661,35000,45.3,-85.8,KC-135R Stratotanker,,,,False,mode_s
ae1177,2026-09-21 02:40:52.455155,UNK C/S,02-1105,3307,28425,59.9,-145.9,C-17A Globemaster,,,,False,mode_s
afdfdf,2026-09-21 02:40:52.455159,UNK C/S,,Unavailable,Unavailable,35.8,-74.7,E-6B TACAMO,,,,False,mode_s
ae0358,2026-09-21 02:40:52.455163,ADVIC44,57-1427,6273,34000,42.7,-101.0,KC-135R Stratotanker,,,,False,mode_s
ae49c6,2026-09-21 02:40:52.455167,UNK C/S,09-9210,7005,36000,58.5,-142.5,C-17A Globemaster,,,,False,mode_s
ae5e12,2026-09-21 02:40:52.455171,UNK C/S,17-46037,3271,23025,25.1,55.5,KC-46A Pegasus,,,,False,mode_s
ae1458,2026-09-21 02:40:52.455175,RCH118,06-6154,2413,35000,21.1,118.2,C-17A Globemaster,,,,False,mode_s
ae145f,2026-09-21 02:40:52.455179,RCH307,06-6161,6732,36000,49.3,-104.9,C-17A Globemaster,,,,False,mode_s
ae07f5,2026-09-21 02:41:52.645445,RCH709,97-0043,2000,36000,33.341034,-123.266769,C-17A Globemaster,256,406,0,False,adsb_icao
ae1448,2026-09-21 02:41:52.645462,RCH278,04-4138,6722,36000,33.548569,-121.550858,C-17A Globemaster,275,225,0,False,mlat
aee668,2026-09-21 02:41:52.645472,UNK C/S,,2243,26000,30.971457,-96.989349,E-6B TACAMO,318,300,0,False,mlat
ae080c,2026-09-21 02:41:52.645477,RCH571,99-0166,2432,33000,38.058098,-96.168266,C-17A Globemaster,80,498,0,False,mlat
ae146d,2026-09-21 02:41:52.645487,RCH5019,07-7175,1410,1575,39.223587,-75.456741,C-17A Globemaster,183,116,-986,False,mlat
ae013a,2026-09-21 02:41:52.645494,UNK C/S,59-1488,5346,4450,43.423698,-70.411758,KC-135R Stratotanker,222,240,-1431,False,mlat
ae07d8,2026-09-21 02:41:52.645499,RCH252,92-3294,5171,14850,55.389332,-5.344923,C-17A Globemaster,280,304,1598,False,mlat
ae07ce,2026-09-21 02:41:52.645503,RCH662,89-1190,7432,33000,37.487686,26.026379,C-17A Globemaster,160,458,,False,adsb_icao
ae05ac,2026-09-21 02:41:52.645510,UNK C/S,63-8029,3435,27900,24.835699,55.604797,KC-135R Stratotanker,270,400,0,False,mlat
ae63bc,2026-09-21 02:41:52.645523,UNK C/S,20-46080,3275,20500,24.6,56.8,KC-46A Pegasus,,,,False,mode_s
ae0859,2026-09-21 02:41:52.645528,UNK C/S,59-1506,2661,35000,45.8,-85.3,KC-135R Stratotanker,,,,False,mode_s
ae1177,2026-09-21 02:41:52.645536,UNK C/S,02-1105,3307,26350,60.1,-146.5,C-17A Globemaster,,,,False,mode_s
afdfdf,2026-09-21 02:41:52.645541,UNK C/S,,Unavailable,Unavailable,36.0,-74.7,E-6B TACAMO,,,,False,mode_s
ae0358,2026-09-21 02:41:52.645545,ADVIC44,57-1427,6273,34000,42.3,-100.8,KC-135R Stratotanker,,,,False,mode_s
ae49c6,2026-09-21 02:41:52.645551,UNK C/S,09-9210,7005,36000,58.5,-142.5,C-17A Globemaster,,,,False,mode_s
ae5e12,2026-09-21 02:41:52.645555,UNK C/S,17-46037,3271,23025,25.1,56.7,KC-46A Pegasus,,,,False,mode_s
ae1458,2026-09-21 02:41:52.645558,RCH118,06-6154,2413,35000,21.1,118.2,C-17A Globemaster,,,,False,mode_s
ae145f,2026-09-21 02:41:52.645562,RCH307,06-6161,6732,36000,48.5,-104.6,C-17A Globemaster,,,,False,mode_s
ae1177,2026-09-21 02:42:52.814658,UNK C/S,02-1105,3307,24450,60.650021,-147.645706,C-17A Globemaster,,,-2064,False,mlat
ae07f5,2026-09-21 02:42:52.814670,RCH709,97-0043,2000,36000,33.313293,-123.39782,C-17A Globemaster,255,404,0,False,adsb_icao
ae1448,2026-09-21 02:42:52.814675,RCH278,04-4138,6722,36000,33.586678,-121.682785,C-17A Globemaster,324,164,1,False,mlat
aee668,2026-09-21 02:42:52.814683,UNK C/S,,2243,26000,31.033117,-97.052689,E-6B TACAMO,317,296,0,False,mlat
ae080c,2026-09-21 02:42:52.814688,RCH571,99-0166,2432,33000,38.081303,-95.992622,C-17A Globemaster,83,529,0,False,mlat
ae146d,2026-09-21 02:42:52.814696,RCH5019,07-7175,1410,950,39.192822,-75.458855,C-17A Globemaster,183,124,-642,False,mlat
ae013a,2026-09-21 02:42:52.814702,UNK C/S,59-1488,5346,3900,43.378548,-70.477272,KC-135R Stratotanker,242,195,-1,False,mlat
ae07d8,2026-09-21 02:42:52.814706,RCH252,92-3294,5171,16225,55.409847,-5.496798,C-17A Globemaster,283,348,1281,False,mlat
ae07ce,2026-09-21 02:42:52.814710,RCH662,89-1190,7432,33025,37.367065,26.079498,C-17A Globemaster,160,461,,False,adsb_icao
ae05ac,2026-09-21 02:42:52.814715,UNK C/S,63-8029,3435,27900,24.780018,55.51516,KC-135R Stratotanker,211,398,0,False,mlat
ae63bc,2026-09-21 02:42:52.814727,UNK C/S,20-46080,3275,20500,25.1,57.3,KC-46A Pegasus,,,,False,mode_s
ae0859,2026-09-21 02:42:52.814732,UNK C/S,59-1506,2661,35000,45.7,-85.0,KC-135R Stratotanker,,,,False,mode_s
afdfdf,2026-09-21 02:42:52.814737,UNK C/S,,Unavailable,Unavailable,36.3,-74.7,E-6B TACAMO,,,,False,mode_s
ae0358,2026-09-21 02:42:52.814742,ADVIC44,57-1427,6273,34000,42.2,-101.3,KC-135R Stratotanker,,,,False,mode_s
ae49c6,2026-09-21 02:42:52.814747,UNK C/S,09-9210,7005,36000,60.8,-147.5,C-17A Globemaster,,,,False,mode_s
ae5e12,2026-09-21 02:42:52.814751,UNK C/S,17-46037,3271,23025,24.9,55.6,KC-46A Pegasus,,,,False,mode_s
ae145f,2026-09-21 02:42:52.814755,RCH307,06-6161,6732,36000,48.5,-108.7,C-17A Globemaster,,,,False,mode_s
ae07f5,2026-09-21 02:43:52.992867,RCH709,97-0043,2000,36000,33.285736,-123.527145,C-17A Globemaster,255,402,0,False,adsb_icao
ae1448,2026-09-21 02:43:52.992884,RCH278,04-4138,6722,36000,33.453869,-121.91935,C-17A Globemaster,,,0,False,mlat
aee668,2026-09-21 02:43:52.992895,UNK C/S,,2243,26000,31.093269,-97.114784,E-6B TACAMO,317,282,0,False,mlat
ae080c,2026-09-21 02:43:52.992901,RCH571,99-0166,2432,33000,38.104568,-95.823662,C-17A Globemaster,78,502,0,False,mlat
ae146d,2026-09-21 02:43:52.992912,RCH5019,07-7175,1410,375,39.169674,-75.460869,C-17A Globemaster,180,118,-650,False,mlat
ae013a,2026-09-21 02:43:52.992918,UNK C/S,59-1488,5346,3925,43.355469,-70.561516,KC-135R Stratotanker,251,252,0,False,mlat
ae07d8,2026-09-21 02:43:52.992923,RCH252,92-3294,5171,17625,55.430481,-5.650737,C-17A Globemaster,284,347,1501,False,mlat
ae07ce,2026-09-21 02:43:52.992928,RCH662,89-1190,7432,33025,37.245987,26.132618,C-17A Globemaster,160,459,,False,adsb_icao
ae05ac,2026-09-21 02:43:52.992934,UNK C/S,63-8029,3435,27900,24.675467,55.50013,KC-135R Stratotanker,153,396,-32,False,mlat
ae63bc,2026-09-21 02:43:52.992948,UNK C/S,20-46080,3275,20500,24.7,57.0,KC-46A Pegasus,,,,False,mode_s
ae0859,2026-09-21 02:43:52.992953,UNK C/S,59-1506,2661,35000,45.6,-84.5,KC-135R Stratotanker,,,,False,mode_s
ae1177,2026-09-21 02:43:52.992958,UNK C/S,02-1105,3307,22225,59.1,-144.1,C-17A Globemaster,,,,False,mode_s
afdfdf,2026-09-21 02:43:52.992963,UNK C/S,,Unavailable,Unavailable,36.2,-74.7,E-6B TACAMO,,,,False,mode_s
ae0358,2026-09-21 02:43:52.992967,ADVIC44,57-1427,6273,34000,42.4,-101.7,KC-135R Stratotanker,,,,False,mode_s
ae49c6,2026-09-21 02:43:52.992973,UNK C/S,09-9210,7005,36000,60.8,-147.5,C-17A Globemaster,,,,False,mode_s
ae5e12,2026-09-21 02:43:52.992977,UNK C/S,17-46037,3271,23025,25.0,56.3,KC-46A Pegasus,,,,False,mode_s
ae4d69,2026-09-21 02:43:52.992981,RCH145,10-0216,6236,Unavailable,25.9,-15.1,C-17A Globemaster,,,,False,mode_s
ae145f,2026-09-21 02:43:52.992985,RCH307,06-6161,6732,36000,48.1,-108.3,C-17A Globemaster,,,,False,mode_s
ae07f5,2026-09-21 02:44:53.205569,RCH709,97-0043,2000,36000,33.258083,-123.656563,C-17A Globemaster,255,402,0,False,adsb_icao
aee668,2026-09-21 02:44:53.205591,UNK C/S,,2243,26000,31.158991,-97.185638,E-6B TACAMO,317,306,0,False,mlat
ae080c,2026-09-21 02:44:53.205597,RCH571,99-0166,2432,33000,38.127686,-95.645996,C-17A Globemaster,81,498,0,False,mlat
ae013a,2026-09-21 02:44:53.205609,UNK C/S,59-1488,5346,3925,43.338734,-70.648857,KC-135R Stratotanker,263,226,0,False,mlat
ae07d8,2026-09-21 02:44:53.205615,RCH252,92-3294,5171,19250,55.453869,-5.810456,C-17A Globemaster,285,329,1241,False,mlat
ae07ce,2026-09-21 02:44:53.205620,RCH662,89-1190,7432,33000,37.124851,26.185616,C-17A Globemaster,160,458,,False,adsb_icao
ae05ac,2026-09-21 02:44:53.205626,UNK C/S,63-8029,3435,27900,24.615602,55.585075,KC-135R Stratotanker,94,392,0,False,mlat
ae63bc,2026-09-21 02:44:53.205631,UNK C/S,20-46080,3275,20500,24.75276,57.724266,KC-46A Pegasus,,,0,False,mlat
ae0859,2026-09-21 02:44:53.205649,UNK C/S,59-1506,2661,35000,45.1,-83.2,KC-135R Stratotanker,,,,False,mode_s
ae1177,2026-09-21 02:44:53.205654,UNK C/S,02-1105,3307,20125,59.4,-144.7,C-17A Globemaster,,,,False,mode_s
ae0358,2026-09-21 02:44:53.205659,ADVIC44,57-1427,6273,34000,41.8,-103.9,KC-135R Stratotanker,,,,False,mode_s
ae49c6,2026-09-21 02:44:53.205665,UNK C/S,09-9210,7005,36000,59.9,-145.2,C-17A Globemaster,,,,False,mode_s
ae5e12,2026-09-21 02:44:53.205670,UNK C/S,17-46037,3271,23025,25.2,57.1,KC-46A Pegasus,,,,False,mode_s
ae4d69,2026-09-21 02:44:53.205674,RCH145,10-0216,6236,29000,26.5,-15.5,C-17A Globemaster,,,,False,mode_s
ae1448,2026-09-21 02:44:53.205677,RCH278,04-4138,6722,36000,33.8,-120.4,C-17A Globemaster,,,,False,mode_s
ae145f,2026-09-21 02:44:53.205681,RCH307,06-6161,6732,36000,48.1,-107.6,C-17A Globemaster,,,,False,mode_s
ae07f5,2026-09-21 02:45:53.398492,RCH709,97-0043,2000,36000,33.230301,-123.785538,C-17A Globemaster,255,401,-64,False,adsb_icao
aee668,2026-09-21 02:45:53.398511,UNK C/S,,2243,26000,31.217749,-97.243111,E-6B TACAMO,314,279,0,False,mlat
ae080c,2026-09-21 02:45:53.398518,RCH571,99-0166,2432,33000,38.15007,-95.467422,C-17A Globemaster,83,513,0,False,mlat
ae013a,2026-09-21 02:45:53.398529,UNK C/S,59-1488,5346,3900,43.326054,-70.738998,KC-135R Stratotanker,261,227,8,False,mlat
ae07d8,2026-09-21 02:45:53.398535,RCH252,92-3294,5171,20450,55.478443,-5.974448,C-17A Globemaster,285,346,1419,False,mlat
ae07ce,2026-09-21 02:45:53.398540,RCH662,89-1190,7432,33025,37.005119,26.238277,C-17A Globemaster,157,457,,False,adsb_icao
ae05ac,2026-09-21 02:45:53.398546,UNK C/S,63-8029,3435,27900,24.65111,55.695435,KC-135R Stratotanker,37,392,0,False,mlat
ae63bc,2026-09-21 02:45:53.398550,UNK C/S,20-46080,3275,20500,24.815002,57.577957,KC-46A Pegasus,,,0,False,mlat
7cf9c4,2026-09-21 02:45:53.398557,ASY736,A41-212,1051,0,-12.411987,130.873032,C-17A Globemaster,108,130,,False,adsb_icao
ae0859,2026-09-21 02:45:53.398570,UNK C/S,59-1506,2661,35000,46.0,-83.0,KC-135R Stratotanker,,,,False,mode_s
ae1177,2026-09-21 02:45:53.398575,UNK C/S,02-1105,3307,18100,60.7,-149.1,C-17A Globemaster,,,,False,mode_s
ae0358,2026-09-21 02:45:53.398581,ADVIC44,57-1427,6273,34000,41.9,-102.9,KC-135R Stratotanker,,,,False,mode_s
ae49c6,2026-09-21 02:45:53.398586,UNK C/S,09-9210,7005,36000,59.9,-145.3,C-17A Globemaster,,,,False,mode_s
ae5e12,2026-09-21 02:45:53.398590,UNK C/S,17-46037,3271,23025,25.1,57.4,KC-46A Pegasus,,,,False,mode_s
ae4d69,2026-09-21 02:45:53.398595,RCH145,10-0216,6236,29000,26.4,-15.5,C-17A Globemaster,,,,False,mode_s
ae1448,2026-09-21 02:45:53.398599,RCH278,04-4138,6722,36000,34.3,-120.7,C-17A Globemaster,,,,False,mode_s
ae07e7,2026-09-21 02:45:53.398603,RCH600,95-0104,Unavailable,Unavailable,30.2,33.8,C-17A Globemaster,,,,False,mode_s
ae145f,2026-09-21 02:45:53.398606,RCH307,06-6161,6732,36000,48.6,-106.9,C-17A Globemaster,,,,False,mode_s
ae49c6,2026-09-21 02:46:53.596781,UNK C/S,09-9210,7005,35950,60.404949,-146.841232,C-17A Globemaster,,,0,False,mlat
ae07f5,2026-09-21 02:46:53.596798,RCH709,97-0043,2000,36000,33.202545,-123.913841,C-17A Globemaster,255,401,0,False,adsb_icao
aee668,2026-09-21 02:46:53.596808,UNK C/S,,2243,26000,31.28064,-97.308571,E-6B TACAMO,317,306,0,False,mlat
ae080c,2026-09-21 02:46:53.596814,RCH571,99-0166,2432,33000,38.172295,-95.300987,C-17A Globemaster,80,497,-4,False,mlat
ae013a,2026-09-21 02:46:53.596824,UNK C/S,59-1488,5346,3525,43.319389,-70.814346,KC-135R Stratotanker,262,174,-896,False,mlat
ae07d8,2026-09-21 02:46:53.596830,RCH252,92-3294,5171,21700,55.50745,-6.134433,C-17A Globemaster,293,352,1136,False,mlat
ae07ce,2026-09-21 02:46:53.596835,RCH662,89-1190,7432,33025,36.917999,26.361576,C-17A Globemaster,125,488,,False,adsb_icao
ae05ac,2026-09-21 02:46:53.596841,UNK C/S,63-8029,3435,27900,24.743845,55.726299,KC-135R Stratotanker,339,394,-32,False,mlat
ae63bc,2026-09-21 02:46:53.596845,UNK C/S,20-46080,3275,20500,24.833443,57.496693,KC-46A Pegasus,,,0,False,mlat
7cf9c4,2026-09-21 02:46:53.596852,ASY736,A41-212,1051,1250,-12.427911,130.921036,C-17A Globemaster,108,174,1824,False,adsb_icao
ae0859,2026-09-21 02:46:53.596864,UNK C/S,59-1506,2661,35000,45.5,-82.1,KC-135R Stratotanker,,,,False,mode_s
ae1177,2026-09-21 02:46:53.596870,UNK C/S,02-1105,3307,15875,60.7,-148.7,C-17A Globemaster,,,,False,mode_s
ae0358,2026-09-21 02:46:53.596875,ADVIC44,57-1427,6273,34000,42.0,-103.5,KC-135R Stratotanker,,,,False,mode_s
ae5e12,2026-09-21 02:46:53.596880,UNK C/S,17-46037,3271,23025,24.7,56.1,KC-46A Pegasus,,,,False,mode_s
ae4d69,2026-09-21 02:46:53.596884,RCH145,10-0216,6236,29000,26.3,-15.4,C-17A Globemaster,,,,False,mode_s
ae1448,2026-09-21 02:46:53.596888,RCH278,04-4138,6722,36000,34.1,-120.9,C-17A Globemaster,,,,False,mode_s
ae07e7,2026-09-21 02:46:53.596891,RCH600,95-0104,Unavailable,Unavailable,30.2,33.8,C-17A Globemaster,,,,False,mode_s
ae145f,2026-09-21 02:46:53.596895,RCH307,06-6161,6732,36000,48.3,-109.0,C-17A Globemaster,,,,False,mode_s
ae07f5,2026-09-21 02:47:53.783670,RCH709,97-0043,2000,36000,33.174477,-124.042877,C-17A Globemaster,255,401,0,False,adsb_icao
aee668,2026-09-21 02:47:53.783685,UNK C/S,,2243,26025,31.346582,-97.377533,E-6B TACAMO,318,316,0,False,mlat
ae080c,2026-09-21 02:47:53.783692,RCH571,99-0166,2432,32975,38.195007,-95.115326,C-17A Globemaster,80,508,0,False,mlat
ae013a,2026-09-21 02:47:53.783701,UNK C/S,59-1488,5346,2900,43.308819,-70.891151,KC-135R Stratotanker,260,163,-75,False,mlat
ae07d8,2026-09-21 02:47:53.783706,RCH252,92-3294,5171,22600,55.538902,-6.292617,C-17A Globemaster,288,329,1157,False,mlat
ae07ce,2026-09-21 02:47:53.783711,RCH662,89-1190,7432,33025,36.838898,26.500168,C-17A Globemaster,125,491,,False,adsb_icao
ae05ac,2026-09-21 02:47:53.783715,UNK C/S,63-8029,3435,27900,24.808084,55.648205,KC-135R Stratotanker,281,396,0,False,mlat
ae63bc,2026-09-21 02:47:53.783719,UNK C/S,20-46080,3275,20500,24.769093,57.368484,KC-46A Pegasus,,,0,False,mlat
7cf9c4,2026-09-21 02:47:53.783725,ASY736,A41-212,1051,3100,-12.443692,130.968689,C-17A Globemaster,108,185,1056,False,adsb_icao
ae0859,2026-09-21 02:47:53.783737,UNK C/S,59-1506,2661,35000,46.0,-81.2,KC-135R Stratotanker,,,,False,mode_s
ae1177,2026-09-21 02:47:53.783743,UNK C/S,02-1105,3307,13875,60.4,-148.2,C-17A Globemaster,,,,False,mode_s
ae0358,2026-09-21 02:47:53.783748,ADVIC44,57-1427,6273,34000,41.2,-102.9,KC-135R Stratotanker,,,,False,mode_s
ae49c6,2026-09-21 02:47:53.783753,UNK C/S,09-9210,7005,33650,59.9,-145.6,C-17A Globemaster,,,,False,mode_s
ae5e12,2026-09-21 02:47:53.783757,UNK C/S,17-46037,3271,23025,24.4,56.5,KC-46A Pegasus,,,,False,mode_s
ae4d69,2026-09-21 02:47:53.783761,RCH145,10-0216,6236,29000,26.1,-15.3,C-17A Globemaster,,,,False,mode_s
ae1448,2026-09-21 02:47:53.783764,RCH278,04-4138,6722,36000,34.1,-120.5,C-17A Globemaster,,,,False,mode_s
ae145f,2026-09-21 02:47:53.783768,RCH307,06-6161,6732,36000,48.3,-107.8,C-17A Globemaster,,,,False,mode_s
ae1177,2026-09-21 02:48:53.982212,UNK C/S,02-1105,3307,13750,60.946781,-149.071548,C-17A Globemaster,,,0,False,mlat
ae49c6,2026-09-21 02:48:53.982223,UNK C/S,09-9210,7005,31275,60.533749,-147.342667,C-17A Globemaster,297,445,-2203,False,mlat
ae07f5,2026-09-21 02:48:53.982229,RCH709,97-0043,2000,36000,33.146358,-124.171234,C-17A Globemaster,255,403,64,False,adsb_icao
aee668,2026-09-21 02:48:53.982237,UNK C/S,,2243,26000,31.413759,-97.447449,E-6B TACAMO,319,337,0,False,mlat
ae080c,2026-09-21 02:48:53.982244,RCH571,99-0166,2432,33000,38.217915,-94.948128,C-17A Globemaster,79,505,0,False,mlat
ae013a,2026-09-21 02:48:53.982252,UNK C/S,59-1488,5346,2950,43.284782,-70.948822,KC-135R Stratotanker,205,159,132,False,mlat
ae07d8,2026-09-21 02:48:53.982257,RCH252,92-3294,5171,23525,55.576462,-6.463565,C-17A Globemaster,287,369,928,False,mlat
ae07ce,2026-09-21 02:48:53.982262,RCH662,89-1190,7432,33000,36.759979,26.639385,C-17A Globemaster,125,490,,False,adsb_icao
ae05ac,2026-09-21 02:48:53.982266,UNK C/S,63-8029,3435,27900,24.799828,55.532005,KC-135R Stratotanker,222,398,32,False,mlat
ae63bc,2026-09-21 02:48:53.982270,UNK C/S,20-46080,3275,20500,24.717207,57.342426,KC-46A Pegasus,,,0,False,mlat
7cf9c4,2026-09-21 02:48:53.982307,ASY736,A41-212,1051,4175,-12.456867,131.02652,C-17A Globemaster,65,250,1472,False,adsb_icao
ae0859,2026-09-21 02:48:53.982331,UNK C/S,59-1506,2661,35000,44.9,-80.6,KC-135R Stratotanker,,,,False,mode_s
ae0358,2026-09-21 02:48:53.982339,ADVIC44,57-1427,6273,34000,43.1,-105.9,KC-135R Stratotanker,,,,False,mode_s
ae5e12,2026-09-21 02:48:53.982344,UNK C/S,17-46037,3271,23025,24.9,55.9,KC-46A Pegasus,,,,False,mode_s
ae4d69,2026-09-21 02:48:53.982348,RCH145,10-0216,6236,29000,26.0,-15.1,C-17A Globemaster,,,,False,mode_s
ae1448,2026-09-21 02:48:53.982352,RCH278,04-4138,2000,36000,33.8,-121.5,C-17A Globemaster,,,,False,mode_s
ae145f,2026-09-21 02:48:53.982356,RCH307,06-6161,6732,36000,47.8,-108.6,C-17A Globemaster,,,,False,mode_s
ae1177,2026-09-21 02:49:54.160737,UNK C/S,02-1105,3307,13225,60.976612,-149.262894,C-17A Globemaster,281,370,-963,False,mlat
ae49c6,2026-09-21 02:49:54.160753,UNK C/S,09-9210,7005,29200,60.567059,-147.483902,C-17A Globemaster,326,578,-2192,False,mlat
ae07f5,2026-09-21 02:49:54.160758,RCH709,97-0043,2000,36000,33.118103,-124.30014,C-17A Globemaster,255,404,-64,False,adsb_icao
aee668,2026-09-21 02:49:54.160766,UNK C/S,,2243,26000,31.483723,-97.520905,E-6B TACAMO,318,335,0,False,mlat
ae080c,2026-09-21 02:49:54.160773,RCH571,99-0166,2432,33000,38.238998,-94.763817,C-17A Globemaster,81,510,0,False,mlat
ae013a,2026-09-21 02:49:54.160782,UNK C/S,59-1488,5346,1925,43.241936,-70.955536,KC-135R Stratotanker,149,177,-1230,False,mlat
ae07d8,2026-09-21 02:49:54.160787,RCH252,92-3294,5171,24500,55.611301,-6.634477,C-17A Globemaster,289,343,1112,False,mlat
ae07ce,2026-09-21 02:49:54.160792,RCH662,89-1190,7432,33025,36.682526,26.775742,C-17A Globemaster,125,493,,False,adsb_icao
ae05ac,2026-09-21 02:49:54.160797,UNK C/S,63-8029,3435,27900,24.691128,55.498421,KC-135R Stratotanker,164,396,0,False,mlat
ae63bc,2026-09-21 02:49:54.160801,UNK C/S,20-46080,3275,20525,24.591194,57.368713,KC-46A Pegasus,,,0,False,mlat
7cf9c4,2026-09-21 02:49:54.160808,ASY736,A41-212,1051,6225,-12.384521,131.04213,C-17A Globemaster,358,295,2176,False,adsb_icao
ae0859,2026-09-21 02:49:54.160821,UNK C/S,59-1506,2661,35000,46.1,-82.3,KC-135R Stratotanker,,,,False,mode_s
ae0358,2026-09-21 02:49:54.160827,ADVIC44,57-1427,6273,34000,41.7,-104.2,KC-135R Stratotanker,,,,False,mode_s
ae5e12,2026-09-21 02:49:54.160832,UNK C/S,17-46037,3271,23025,24.8,55.4,KC-46A Pegasus,,,,False,mode_s
ae4d69,2026-09-21 02:49:54.160837,RCH145,10-0216,6236,29000,25.9,-15.1,C-17A Globemaster,,,,False,mode_s
ae1448,2026-09-21 02:49:54.160840,RCH278,04-4138,2000,36000,34.3,-121.2,C-17A Globemaster,,,,False,mode_s
ae145f,2026-09-21 02:49:54.160844,RCH307,06-6161,6732,36000,46.1,-107.9,C-17A Globemaster,,,,False,mode_s
ae1177,2026-09-21 02:50:54.339436,UNK C/S,02-1105,3307,12200,60.998207,-149.454117,C-17A Globemaster,283,293,-1035,False,mlat
ae49c6,2026-09-21 02:50:54.339450,UNK C/S,09-9210,7005,26925,60.635857,-147.78183,C-17A Globemaster,276,450,-2174,False,mlat
ae07f5,2026-09-21 02:50:54.339456,RCH709,97-0043,2000,36000,33.096733,-124.39679,C-17A Globemaster,255,405,0,False,adsb_icao
aee668,2026-09-21 02:50:54.339464,UNK C/S,,2243,26000,31.547367,-97.588242,E-6B TACAMO,320,327,0,False,mlat
ae080c,2026-09-21 02:50:54.339473,RCH571,99-0166,2432,33000,38.260857,-94.582619,C-17A Globemaster,81,499,0,False,mlat
ae013a,2026-09-21 02:50:54.339484,UNK C/S,59-1488,5346,1900,43.201889,-70.92495,KC-135R Stratotanker,145,176,-115,False,mlat
ae07d8,2026-09-21 02:50:54.339490,RCH252,92-3294,5171,25300,55.647888,-6.807373,C-17A Globemaster,288,376,736,False,mlat
ae07ce,2026-09-21 02:50:54.339496,RCH662,89-1190,7432,33025,36.601418,26.917965,C-17A Globemaster,125,494,,False,adsb_icao
ae05ac,2026-09-21 02:50:54.339502,UNK C/S,63-8029,3435,27900,24.656033,55.5158,KC-135R Stratotanker,105,392,32,False,mlat
ae63bc,2026-09-21 02:50:54.339507,UNK C/S,20-46080,3275,20500,24.57077,57.428471,KC-46A Pegasus,,,-65,False,mlat
7cf9c4,2026-09-21 02:50:54.339516,ASY736,A41-212,1051,7900,-12.302593,131.028397,C-17A Globemaster,317,309,192,False,adsb_icao
ae0859,2026-09-21 02:50:54.339530,UNK C/S,59-1506,2661,35000,43.9,-79.7,KC-135R Stratotanker,,,,False,mode_s
ae0358,2026-09-21 02:50:54.339536,ADVIC44,57-1427,6273,34000,42.6,-105.4,KC-135R Stratotanker,,,,False,mode_s
ae5e12,2026-09-21 02:50:54.339542,UNK C/S,17-46037,3271,23025,24.5,55.9,KC-46A Pegasus,,,,False,mode_s
ae4d69,2026-09-21 02:50:54.339546,RCH145,10-0216,6236,29000,26.3,-15.1,C-17A Globemaster,,,,False,mode_s
ae1448,2026-09-21 02:50:54.339549,RCH278,04-4138,2000,36000,34.1,-121.3,C-17A Globemaster,,,,False,mode_s
ae145f,2026-09-21 02:50:54.339553,RCH307,06-6161,6732,36000,46.0,-108.4,C-17A Globemaster,,,,False,mode_s
ae1177,2026-09-21 02:51:54.525943,UNK C/S,02-1105,3307,11025,61.016415,-149.622955,C-17A Globemaster,283,290,-1344,False,mlat
ae49c6,2026-09-21 02:51:54.525955,UNK C/S,09-9210,7005,24475,60.685234,-147.988052,C-17A Globemaster,296,437,-2495,False,mlat
ae07f5,2026-09-21 02:51:54.525961,RCH709,97-0043,2000,36000,33.060196,-124.561066,C-17A Globemaster,255,404,0,False,adsb_icao
ae0358,2026-09-21 02:51:54.525968,ADVIC44,57-1427,6273,34000,42.526661,-102.562012,KC-135R Stratotanker,,,0,False,mlat
aee668,2026-09-21 02:51:54.525973,UNK C/S,,2243,26000,31.61705,-97.660866,E-6B TACAMO,320,326,0,False,mlat
ae080c,2026-09-21 02:51:54.525980,RCH571,99-0166,2432,33000,38.281132,-94.408752,C-17A Globemaster,79,511,0,False,mlat
ae013a,2026-09-21 02:51:54.525988,UNK C/S,59-1488,5346,1900,43.171642,-70.898018,KC-135R Stratotanker,152,176,-66,False,mlat
ae07d8,2026-09-21 02:51:54.525993,RCH252,92-3294,5171,26100,55.681904,-6.984125,C-17A Globemaster,289,398,892,False,mlat
ae07ce,2026-09-21 02:51:54.525997,RCH662,89-1190,7432,33025,36.522045,27.05652,C-17A Globemaster,125,493,,False,adsb_icao
ae05ac,2026-09-21 02:51:54.526003,UNK C/S,63-8029,3435,27900,24.633795,55.689644,KC-135R Stratotanker,49,390,0,False,mlat
ae63bc,2026-09-21 02:51:54.526007,UNK C/S,20-46080,3275,20500,24.494242,57.539444,KC-46A Pegasus,,,0,False,mlat
7cf9c4,2026-09-21 02:51:54.526013,ASY736,A41-212,1051,9125,-12.264587,130.952194,C-17A Globemaster,289,306,2560,False,adsb_icao
ae0859,2026-09-21 02:51:54.526026,UNK C/S,59-1506,2661,35000,43.9,-79.7,KC-135R Stratotanker,,,,False,mode_s
ae5e12,2026-09-21 02:51:54.526034,UNK C/S,17-46037,3271,23025,25.0,56.1,KC-46A Pegasus,,,,False,mode_s
ae4d69,2026-09-21 02:51:54.526038,RCH145,10-0216,6236,29000,26.5,-15.4,C-17A Globemaster,,,,False,mode_s
ae1448,2026-09-21 02:51:54.526041,RCH278,04-4138,2000,36000,34.4,-122.3,C-17A Globemaster,,,,False,mode_s
ae145f,2026-09-21 02:51:54.526045,RCH307,06-6161,6732,36000,47.7,-110.6,C-17A Globemaster,,,,False,mode_s
ae1177,2026-09-21 02:52:54.748876,UNK C/S,02-1105,3307,9475,61.035793,-149.788803,C-17A Globemaster,282,288,-1511,False,mlat
ae49c6,2026-09-21 02:52:54.748890,UNK C/S,09-9210,7005,21975,60.773296,-148.192581,C-17A Globemaster,298,432,-2520,False,mlat
ae07f5,2026-09-21 02:52:54.748896,RCH709,97-0043,2000,36000,33.031128,-124.691147,C-17A Globemaster,255,407,-64,False,adsb_icao
ae0358,2026-09-21 02:52:54.748903,ADVIC44,57-1427,6273,33975,42.539707,-102.708244,KC-135R Stratotanker,,,0,False,mlat
aee668,2026-09-21 02:52:54.748908,UNK C/S,,2243,26000,31.684778,-97.731613,E-6B TACAMO,319,326,0,False,mlat
ae080c,2026-09-21 02:52:54.748915,RCH571,99-0166,2432,33000,38.310322,-94.234856,C-17A Globemaster,79,493,0,False,mlat
ae013a,2026-09-21 02:52:54.748923,UNK C/S,59-1488,5346,1075,43.137604,-70.866119,KC-135R Stratotanker,119,97,-835,False,mlat
ae07d8,2026-09-21 02:52:54.748928,RCH252,92-3294,5171,26675,55.718849,-7.160602,C-17A Globemaster,289,389,550,False,mlat
ae07ce,2026-09-21 02:52:54.748932,RCH662,89-1190,7432,33025,36.44252,27.194881,C-17A Globemaster,125,498,,False,adsb_icao
ae05ac,2026-09-21 02:52:54.748937,UNK C/S,63-8029,3435,27900,24.739164,55.71339,KC-135R Stratotanker,350,390,0,False,mlat
7cf9c4,2026-09-21 02:52:54.748944,ASY736,A41-212,1051,10725,-12.235062,130.86795,C-17A Globemaster,289,335,1152,False,adsb_icao
ae63bc,2026-09-21 02:52:54.748955,UNK C/S,20-46080,3275,20500,25.5,58.6,KC-46A Pegasus,,,,False,mode_s
ae0859,2026-09-21 02:52:54.748960,UNK C/S,59-1506,2661,35000,43.9,-79.7,KC-135R Stratotanker,,,,False,mode_s
afdfdf,2026-09-21 02:52:54.748965,UNK C/S,,Unavailable,Unavailable,36.1,-74.8,E-6B TACAMO,,,,False,mode_s
ae5e12,2026-09-21 02:52:54.748973,UNK C/S,17-46037,3271,23025,24.9,55.9,KC-46A Pegasus,,,,False,mode_s
ae4d69,2026-09-21 02:52:54.748977,RCH145,10-0216,6236,29000,26.1,-15.2,C-17A Globemaster,,,,False,mode_s
ae1448,2026-09-21 02:52:54.748981,RCH278,04-4138,2000,36000,34.0,-121.8,C-17A Globemaster,,,,False,mode_s
ae145f,2026-09-21 02:52:54.748985,RCH307,06-6161,6732,36000,46.0,-108.4,C-17A Globemaster,,,,False,mode_s
ae0141,2026-09-21 02:52:54.748988,UNK C/S,59-1510,Unavailable,Unavailable,27.2,127.9,KC-135R Stratotanker,,,,False,mode_s
ae1177,2026-09-21 02:53:54.935840,UNK C/S,02-1105,3307,7950,61.05555,-149.949799,C-17A Globemaster,285,298,-1496,False,mlat
ae49c6,2026-09-21 02:53:54.935857,UNK C/S,09-9210,7005,19700,60.798237,-148.457031,C-17A Globemaster,296,411,-2276,False,mlat
ae07f5,2026-09-21 02:53:54.935863,RCH709,97-0043,2000,36000,33.006363,-124.801064,C-17A Globemaster,255,407,-64,False,adsb_icao
ae0358,2026-09-21 02:53:54.935871,ADVIC44,57-1427,6273,34000,42.556587,-102.877625,KC-135R Stratotanker,,,-43,False,mlat
aee668,2026-09-21 02:53:54.935878,UNK C/S,,2243,26000,31.751963,-97.803688,E-6B TACAMO,318,324,0,False,mlat
ae080c,2026-09-21 02:53:54.935887,RCH571,99-0166,2432,33000,38.340721,-94.059296,C-17A Globemaster,78,518,0,False,mlat
ae013a,2026-09-21 02:53:54.935899,UNK C/S,59-1488,5346,625,43.097813,-70.839127,KC-135R Stratotanker,142,150,-79,False,mlat
ae07d8,2026-09-21 02:53:54.935906,RCH252,92-3294,5171,27500,55.749146,-7.316832,C-17A Globemaster,289,373,820,False,mlat
ae07ce,2026-09-21 02:53:54.935911,RCH662,89-1190,7432,33025,36.361313,27.335415,C-17A Globemaster,125,499,,False,adsb_icao
ae05ac,2026-09-21 02:53:54.935917,UNK C/S,63-8029,3435,27900,24.815771,55.668846,KC-135R Stratotanker,293,394,0,False,mlat
ae0141,2026-09-21 02:53:54.935924,UNK C/S,59-1510,3652,1900,26.389706,127.812172,KC-135R Stratotanker,50,208,2320,False,mlat
7cf9c4,2026-09-21 02:53:54.935930,ASY736,A41-212,1051,12000,-12.152206,130.818573,C-17A Globemaster,342,369,3200,False,adsb_icao
ae63bc,2026-09-21 02:53:54.935945,UNK C/S,20-46080,3275,20500,24.9,57.5,KC-46A Pegasus,,,,False,mode_s
ae0859,2026-09-21 02:53:54.935950,UNK C/S,59-1506,2661,35000,43.9,-79.7,KC-135R Stratotanker,,,,False,mode_s
afdfdf,2026-09-21 02:53:54.935955,UNK C/S,,Unavailable,Unavailable,36.1,-75.0,E-6B TACAMO,,,,False,mode_s
ae5e12,2026-09-21 02:53:54.935964,UNK C/S,17-46037,3271,23050,25.2,56.8,KC-46A Pegasus,,,,False,mode_s
ae4d69,2026-09-21 02:53:54.935969,RCH145,10-0216,6236,29000,26.2,-15.3,C-17A Globemaster,,,,False,mode_s
ae1448,2026-09-21 02:53:54.935973,RCH278,04-4138,2000,35975,33.3,-122.6,C-17A Globemaster,,,,False,mode_s
ae145f,2026-09-21 02:53:54.935977,RCH307,06-6161,6732,36000,46.0,-108.4,C-17A Globemaster,,,,False,mode_s
ae1177,2026-09-21 02:54:55.128223,UNK C/S,02-1105,3307,6425,61.074528,-150.10994,C-17A Globemaster,283,278,-1488,False,mlat
ae49c6,2026-09-21 02:54:55.128241,UNK C/S,09-9210,7005,17375,60.83522,-148.620789,C-17A Globemaster,295,409,-2308,False,mlat
ae07f5,2026-09-21 02:54:55.128248,RCH709,97-0043,2000,36000,32.972763,-124.949921,C-17A Globemaster,255,405,-64,False,adsb_icao
ae0358,2026-09-21 02:54:55.128255,ADVIC44,57-1427,6273,34000,42.576401,-103.090836,KC-135R Stratotanker,282,480,0,False,mlat
aee668,2026-09-21 02:54:55.128263,UNK C/S,,2243,26000,31.819584,-97.873589,E-6B TACAMO,317,329,0,False,mlat
ae080c,2026-09-21 02:54:55.128273,RCH571,99-0166,2432,33000,38.367985,-93.885101,C-17A Globemaster,79,509,68,False,mlat
ae013a,2026-09-21 02:54:55.128324,UNK C/S,59-1488,5346,2400,43.052357,-70.803535,KC-135R Stratotanker,148,209,1819,False,mlat
ae07d8,2026-09-21 02:54:55.128336,RCH252,92-3294,5171,28150,55.791595,-7.521859,C-17A Globemaster,290,420,606,False,mlat
ae07ce,2026-09-21 02:54:55.128346,RCH662,89-1190,7432,33025,36.280766,27.474295,C-17A Globemaster,125,498,,False,adsb_icao
ae05ac,2026-09-21 02:54:55.128357,UNK C/S,63-8029,3435,27900,24.812311,55.547462,KC-135R Stratotanker,235,396,0,False,mlat
ae0141,2026-09-21 02:54:55.128366,UNK C/S,59-1510,3652,3775,26.411724,127.880585,KC-135R Stratotanker,88,295,1541,False,mlat
7cf9c4,2026-09-21 02:54:55.128371,ASY736,A41-212,1051,13825,-12.053055,130.786179,C-17A Globemaster,342,375,1600,False,adsb_icao
ae63bc,2026-09-21 02:54:55.128387,UNK C/S,20-46080,3275,20500,24.4,56.8,KC-46A Pegasus,,,,False,mode_s
ae0859,2026-09-21 02:54:55.128392,UNK C/S,59-1506,2661,35000,44.8,-79.7,KC-135R Stratotanker,,,,False,mode_s
afdfdf,2026-09-21 02:54:55.128397,UNK C/S,,Unavailable,Unavailable,36.1,-75.1,E-6B TACAMO,,,,False,mode_s
ae5e12,2026-09-21 02:54:55.128407,UNK C/S,17-46037,3271,23025,24.9,57.2,KC-46A Pegasus,,,,False,mode_s
ae0263,2026-09-21 02:54:55.128411,UNK C/S,61-0324,3276,800,27.1,49.2,KC-135R Stratotanker,,,,False,mode_s
ae4d69,2026-09-21 02:54:55.128415,RCH145,10-0216,6236,29000,26.2,-15.3,C-17A Globemaster,,,,False,mode_s
ae1448,2026-09-21 02:54:55.128419,RCH278,04-4138,2000,35975,34.4,-121.9,C-17A Globemaster,,,,False,mode_s
ae145f,2026-09-21 02:54:55.128423,RCH307,06-6161,6732,36000,46.0,-108.4,C-17A Globemaster,,,,False,mode_s
ae1177,2026-09-21 02:55:55.299349,UNK C/S,02-1105,3307,4100,61.114658,-150.221497,C-17A Globemaster,354,276,-2533,False,mlat
ae49c6,2026-09-21 02:55:55.299368,UNK C/S,09-9210,7005,15325,60.889523,-148.844986,C-17A Globemaster,296,386,-2014,False,mlat
ae07f5,2026-09-21 02:55:55.299374,RCH709,97-0043,2000,36000,32.943157,-125.08007,C-17A Globemaster,254,406,-256,False,adsb_icao
ae145f,2026-09-21 02:55:55.299382,RCH307,06-6161,6732,36000,47.462856,-108.136147,C-17A Globemaster,,,0,False,mlat
ae0358,2026-09-21 02:55:55.299388,ADVIC44,57-1427,6273,34000,42.587646,-103.235741,KC-135R Stratotanker,274,519,0,False,mlat
aee668,2026-09-21 02:55:55.299395,UNK C/S,,2243,26000,31.887152,-97.943695,E-6B TACAMO,321,336,0,False,mlat
ae080c,2026-09-21 02:55:55.299405,RCH571,99-0166,2432,33000,38.398033,-93.699265,C-17A Globemaster,79,525,0,False,mlat
ae013a,2026-09-21 02:55:55.299415,UNK C/S,59-1488,5346,2925,43.016212,-70.749329,KC-135R Stratotanker,89,219,-75,False,mlat
ae07d8,2026-09-21 02:55:55.299424,RCH252,92-3294,5171,28700,55.828629,-7.716819,C-17A Globemaster,290,426,733,False,mlat
ae07ce,2026-09-21 02:55:55.299434,RCH662,89-1190,7432,33025,36.198929,27.614838,C-17A Globemaster,125,500,,False,adsb_icao
ae05ac,2026-09-21 02:55:55.299441,UNK C/S,63-8029,3435,27900,24.730331,55.491371,KC-135R Stratotanker,177,394,0,False,mlat
ae0141,2026-09-21 02:55:55.299449,UNK C/S,59-1510,3652,6725,26.388805,127.933952,KC-135R Stratotanker,120,328,2508,False,mlat
7cf9c4,2026-09-21 02:55:55.299454,ASY736,A41-212,1051,15350,-11.952072,130.753494,C-17A Globemaster,342,383,1888,False,adsb_icao
ae0859,2026-09-21 02:55:55.299466,UNK C/S,59-1506,2661,35000,48.2,-78.3,KC-135R Stratotanker,,,,False,mode_s
ae1448,2026-09-21 02:55:55.299474,RCH278,04-4138,2000,36000,34.2,-122.0,C-17A Globemaster,,,,False,mode_s
afdfdf,2026-09-21 02:55:55.299478,UNK C/S,,Unavailable,Unavailable,36.0,-75.5,E-6B TACAMO,,,,False,mode_s
ae4d69,2026-09-21 02:55:55.299482,RCH145,10-0216,6236,29350,26.1,-15.2,C-17A Globemaster,,,,False,mode_s
ae63bc,2026-09-21 02:55:55.299486,UNK C/S,20-46080,3275,20500,25.4,57.6,KC-46A Pegasus,,,,False,mode_s
ae0263,2026-09-21 02:55:55.299490,UNK C/S,61-0324,3276,2650,25.9,50.5,KC-135R Stratotanker,,,,False,mode_s
ae5e12,2026-09-21 02:55:55.299495,UNK C/S,17-46037,3271,23025,24.6,56.0,KC-46A Pegasus,,,,False,mode_s
ae1177,2026-09-21 02:56:55.503333,UNK C/S,02-1105,3307,2700,61.176949,-150.194839,C-17A Globemaster,49,232,-325,False,mlat
ae49c6,2026-09-21 02:56:55.503351,UNK C/S,09-9210,7005,13775,60.937424,-149.057739,C-17A Globemaster,295,379,-1332,False,mlat
ae07f5,2026-09-21 02:56:55.503357,RCH709,97-0043,2000,36000,32.913528,-125.209862,C-17A Globemaster,254,410,-64,False,adsb_icao
ae145f,2026-09-21 02:56:55.503363,RCH307,06-6161,6732,36000,47.417316,-108.244926,C-17A Globemaster,,,0,False,mode_s
ae0358,2026-09-21 02:56:55.503368,ADVIC44,57-1427,6273,34000,42.605236,-103.410042,KC-135R Stratotanker,276,476,0,False,mlat
aee668,2026-09-21 02:56:55.503375,UNK C/S,,2243,26000,31.955021,-98.018311,E-6B TACAMO,318,316,0,False,mlat
ae080c,2026-09-21 02:56:55.503385,RCH571,99-0166,2432,33000,38.42643,-93.51886,C-17A Globemaster,79,522,0,False,mlat
ae0859,2026-09-21 02:56:55.503393,UNK C/S,59-1506,2661,35000,46.864853,-80.728851,KC-135R Stratotanker,74,554,0,False,mlat
ae013a,2026-09-21 02:56:55.503398,UNK C/S,59-1488,5346,3325,43.055855,-70.685684,KC-135R Stratotanker,37,213,977,False,mlat
ae07d8,2026-09-21 02:56:55.503403,RCH252,92-3294,5171,29700,55.865871,-7.90569,C-17A Globemaster,287,390,1062,False,mlat
ae07ce,2026-09-21 02:56:55.503409,RCH662,89-1190,7432,33025,36.118111,27.752983,C-17A Globemaster,125,497,,False,adsb_icao
ae05ac,2026-09-21 02:56:55.503415,UNK C/S,63-8029,3435,27900,24.632069,55.540855,KC-135R Stratotanker,118,392,0,False,mlat
ae0141,2026-09-21 02:56:55.503422,UNK C/S,59-1510,3652,9150,26.344662,128.024506,KC-135R Stratotanker,126,249,1805,False,mlat
7cf9c4,2026-09-21 02:56:55.503427,ASY736,A41-212,1051,17000,-11.850012,130.720337,C-17A Globemaster,342,386,1184,False,adsb_icao
ae1448,2026-09-21 02:56:55.503441,RCH278,04-4138,2000,35975,33.6,-122.1,C-17A Globemaster,,,,False,mode_s
afdfdf,2026-09-21 02:56:55.503445,UNK C/S,,Unavailable,Unavailable,35.6,-76.3,E-6B TACAMO,,,,False,mode_s
ae4d69,2026-09-21 02:56:55.503449,RCH145,10-0216,6236,29850,26.0,-15.1,C-17A Globemaster,,,,False,mode_s
ae63bc,2026-09-21 02:56:55.503453,UNK C/S,20-46080,3275,20500,25.4,58.6,KC-46A Pegasus,,,,False,mode_s
ae0263,2026-09-21 02:56:55.503457,UNK C/S,61-0324,3276,4250,27.1,48.9,KC-135R Stratotanker,,,,False,mode_s
ae5e12,2026-09-21 02:56:55.503462,UNK C/S,17-46037,3271,23025,25.4,58.0,KC-46A Pegasus,,,,False,mode_s
ae1177,2026-09-21 02:57:55.691993,UNK C/S,02-1105,3307,2325,61.213463,-150.120026,C-17A Globemaster,43,160,-517,False,mlat
ae49c6,2026-09-21 02:57:55.692009,UNK C/S,09-9210,7005,13225,60.974232,-149.244431,C-17A Globemaster,287,385,-1134,False,mlat
ae07f5,2026-09-21 02:57:55.692015,RCH709,97-0043,2000,36000,32.883011,-125.342514,C-17A Globemaster,254,412,-64,False,adsb_icao
ae0358,2026-09-21 02:57:55.692021,ADVIC44,57-1427,6273,34000,42.620411,-103.570122,KC-135R Stratotanker,281,451,0,False,mlat
aee668,2026-09-21 02:57:55.692028,UNK C/S,,2243,26000,32.022987,-98.08989,E-6B TACAMO,321,321,0,False,mlat
ae080c,2026-09-21 02:57:55.692036,RCH571,99-0166,2432,33000,38.455364,-93.33744,C-17A Globemaster,78,537,0,False,mlat
ae0859,2026-09-21 02:57:55.692044,UNK C/S,59-1506,2661,35000,46.91153,-80.475319,KC-135R Stratotanker,74,554,0,False,mlat
ae013a,2026-09-21 02:57:55.692050,UNK C/S,59-1488,5346,3925,43.105396,-70.648605,KC-135R Stratotanker,1,234,-7,False,mlat
ae07d8,2026-09-21 02:57:55.692055,RCH252,92-3294,5171,30000,55.900177,-8.08506,C-17A Globemaster,290,382,42,False,mlat
ae07ce,2026-09-21 02:57:55.692061,RCH662,89-1190,7432,33025,36.036507,27.892008,C-17A Globemaster,125,496,,False,adsb_icao
ae05ac,2026-09-21 02:57:55.692066,UNK C/S,63-8029,3435,27900,24.619787,55.650978,KC-135R Stratotanker,62,388,0,False,mlat
ae0141,2026-09-21 02:57:55.692073,UNK C/S,59-1510,3652,11325,26.340487,128.027023,KC-135R Stratotanker,129,257,2318,False,mode_s
7cf9c4,2026-09-21 02:57:55.692078,ASY736,A41-212,1051,18450,-11.746765,130.687012,C-17A Globemaster,342,392,1344,False,adsb_icao
ae1448,2026-09-21 02:57:55.692091,RCH278,04-4138,2000,35975,33.3,-122.5,C-17A Globemaster,,,,False,mode_s
afdfdf,2026-09-21 02:57:55.692095,UNK C/S,,Unavailable,Unavailable,35.6,-76.2,E-6B TACAMO,,,,False,mode_s
ae4d69,2026-09-21 02:57:55.692099,RCH145,10-0216,6236,30350,26.2,-15.2,C-17A Globemaster,,,,False,mode_s
ae63bc,2026-09-21 02:57:55.692104,UNK C/S,20-46080,3275,20500,25.6,59.0,KC-46A Pegasus,,,,False,mode_s
ae0263,2026-09-21 02:57:55.692108,UNK C/S,61-0324,3276,6650,25.4,49.6,KC-135R Stratotanker,,,,False,mode_s
ae5e12,2026-09-21 02:57:55.692113,UNK C/S,17-46037,3271,23025,24.9,57.5,KC-46A Pegasus,,,,False,mode_s
ae145f,2026-09-21 02:57:55.692118,RCH307,06-6161,6732,36000,46.0,-108.8,C-17A Globemaster,,,,False,mode_s
ae1177,2026-09-21 02:58:55.905306,UNK C/S,02-1105,3307,2350,61.232937,-150.032211,C-17A Globemaster,92,183,4,False,mlat
ae49c6,2026-09-21 02:58:55.905323,UNK C/S,09-9210,7005,11900,61.000149,-149.472076,C-17A Globemaster,283,331,-1317,False,mlat
ae07f5,2026-09-21 02:58:55.905329,RCH709,97-0043,2000,36000,32.852894,-125.473061,C-17A Globemaster,254,407,-64,False,adsb_icao
ae0358,2026-09-21 02:58:55.905335,ADVIC44,57-1427,6273,34000,42.634518,-103.747498,KC-135R Stratotanker,274,492,0,False,mlat
aee668,2026-09-21 02:58:55.905343,UNK C/S,,2243,26000,32.084896,-98.155502,E-6B TACAMO,314,310,0,False,mlat
ae080c,2026-09-21 02:58:55.905351,RCH571,99-0166,2432,33000,38.484177,-93.157928,C-17A Globemaster,76,530,0,False,mlat
ae0859,2026-09-21 02:58:55.905358,UNK C/S,59-1506,2661,35000,46.943844,-80.294785,KC-135R Stratotanker,75,556,0,False,mlat
ae013a,2026-09-21 02:58:55.905363,UNK C/S,59-1488,5346,3925,43.153385,-70.699493,KC-135R Stratotanker,319,217,75,False,mlat
ae07d8,2026-09-21 02:58:55.905368,RCH252,92-3294,5171,30000,55.933376,-8.26763,C-17A Globemaster,288,398,0,False,mlat
ae07ce,2026-09-21 02:58:55.905380,RCH662,89-1190,7432,33025,35.955688,28.029099,C-17A Globemaster,125,495,,False,adsb_icao
ae05ac,2026-09-21 02:58:55.905389,UNK C/S,63-8029,3435,27900,24.711107,55.728607,KC-135R Stratotanker,4,390,0,False,mlat
7cf9c4,2026-09-21 02:58:55.905403,ASY736,A41-212,1051,19675,-11.640015,130.652588,C-17A Globemaster,342,403,960,False,adsb_icao
7cf925,2026-09-21 02:58:55.905409,ASY753,A41-211,1062,125,-12.417847,130.890259,C-17A Globemaster,109,170,512,False,adsb_icao
ae1448,2026-09-21 02:58:55.905431,RCH278,04-4138,2000,36000,33.6,-122.1,C-17A Globemaster,,,,False,mode_s
afdfdf,2026-09-21 02:58:55.905436,UNK C/S,,5617,24500,35.7,-76.0,E-6B TACAMO,,,,False,mode_s
ae4d69,2026-09-21 02:58:55.905440,RCH145,10-0216,6236,30850,26.1,-14.9,C-17A Globemaster,,,,False,mode_s
ae63bc,2026-09-21 02:58:55.905445,UNK C/S,20-46080,3275,20500,24.6,57.0,KC-46A Pegasus,,,,False,mode_s
ae0263,2026-09-21 02:58:55.905449,UNK C/S,61-0324,3276,9000,25.6,49.8,KC-135R Stratotanker,,,,False,mode_s
ae5e12,2026-09-21 02:58:55.905454,UNK C/S,17-46037,3271,23025,24.4,56.2,KC-46A Pegasus,,,,False,mode_s
ae145f,2026-09-21 02:58:55.905460,RCH307,06-6161,6732,36000,46.2,-108.8,C-17A Globemaster,,,,False,mode_s
ae0141,2026-09-21 02:58:55.905472,UNK C/S,59-1510,3652,13325,26.2,128.0,KC-135R Stratotanker,,,,False,mode_s
ae1177,2026-09-21 02:59:56.091945,UNK C/S,02-1105,3307,1875,61.240627,-149.942276,C-17A Globemaster,77,153,-757,False,mlat
ae49c6,2026-09-21 02:59:56.091961,UNK C/S,09-9210,7005,10600,61.020184,-149.640854,C-17A Globemaster,284,304,-1323,False,mlat
ae07f5,2026-09-21 02:59:56.091967,RCH709,97-0043,2000,36000,32.833969,-125.554726,C-17A Globemaster,254,407,-64,False,adsb_icao
ae0358,2026-09-21 02:59:56.091974,ADVIC44,57-1427,6273,34000,42.654758,-103.961502,KC-135R Stratotanker,276,466,0,False,mlat
aee668,2026-09-21 02:59:56.091980,UNK C/S,,2243,26000,32.154831,-98.229698,E-6B TACAMO,320,327,0,False,mlat
ae080c,2026-09-21 02:59:56.091988,RCH571,99-0166,2432,33000,38.509232,-92.986595,C-17A Globemaster,79,503,-52,False,mlat
ae0859,2026-09-21 02:59:56.091996,UNK C/S,59-1506,2661,35000,46.977837,-80.107208,KC-135R Stratotanker,75,558,32,False,mlat
ae013a,2026-09-21 02:59:56.092002,UNK C/S,59-1488,5346,3925,43.18969,-70.757462,KC-135R Stratotanker,285,199,-7,False,mlat
ae07d8,2026-09-21 02:59:56.092007,RCH252,92-3294,5171,30000,55.968483,-8.442617,C-17A Globemaster,288,390,0,False,mlat
ae07ce,2026-09-21 02:59:56.092013,RCH662,89-1190,7432,33025,35.874969,28.16544,C-17A Globemaster,126,494,,False,adsb_icao
ae05ac,2026-09-21 02:59:56.092018,UNK C/S,63-8029,3435,27900,24.797466,55.692623,KC-135R Stratotanker,307,394,0,False,mlat
ae0141,2026-09-21 02:59:56.092026,UNK C/S,59-1510,3652,15425,26.107798,127.937965,KC-135R Stratotanker,219,396,1570,False,mlat
7cf9c4,2026-09-21 02:59:56.092031,ASY736,A41-212,1051,20650,-11.530701,130.617355,C-17A Globemaster,342,416,736,False,adsb_icao
7cf925,2026-09-21 02:59:56.092036,ASY753,A41-211,1062,1900,-12.433498,130.937943,C-17A Globemaster,108,177,2016,False,adsb_icao
ae1448,2026-09-21 02:59:56.092049,RCH278,04-4138,2000,35975,33.8,-122.3,C-17A Globemaster,,,,False,mode_s
afdfdf,2026-09-21 02:59:56.092054,UNK C/S,,5617,24500,35.8,-75.6,E-6B TACAMO,,,,False,mode_s
ae4d69,2026-09-21 02:59:56.092058,RCH145,10-0216,6236,31375,26.2,-15.2,C-17A Globemaster,,,,False,mode_s
ae63bc,2026-09-21 02:59:56.092062,UNK C/S,20-46080,3275,20500,25.0,57.6,KC-46A Pegasus,,,,False,mode_s
ae0263,2026-09-21 02:59:56.092066,UNK C/S,61-0324,3276,11450,27.3,48.9,KC-135R Stratotanker,,,,False,mode_s
ae5e12,2026-09-21 02:59:56.092070,UNK C/S,17-46037,3271,23025,24.6,56.9,KC-46A Pegasus,,,,False,mode_s
ae145f,2026-09-21 02:59:56.092074,RCH307,06-6161,6732,36000,46.3,-108.8,C-17A Globemaster,,,,False,mode_s
ae1177,2026-09-21 03:00:56.282131,UNK C/S,02-1105,3307,1225,61.246914,-149.869736,C-17A Globemaster,78,137,-612,False,mlat
ae49c6,2026-09-21 03:00:56.282147,UNK C/S,09-9210,7005,9125,61.040699,-149.809662,C-17A Globemaster,285,299,-1506,False,mlat
ae07f5,2026-09-21 03:00:56.282154,RCH709,97-0043,2000,36000,32.795288,-125.720505,C-17A Globemaster,254,407,-64,False,adsb_icao
ae0358,2026-09-21 03:00:56.282161,ADVIC44,57-1427,6273,34000,42.670151,-104.146965,KC-135R Stratotanker,278,530,0,False,mlat
aee668,2026-09-21 03:00:56.282168,UNK C/S,,2243,26000,32.224422,-98.302658,E-6B TACAMO,318,319,0,False,mlat
ae080c,2026-09-21 03:00:56.282177,RCH571,99-0166,2432,33000,38.535679,-92.812042,C-17A Globemaster,78,492,0,False,mlat
ae0859,2026-09-21 03:00:56.282185,UNK C/S,59-1506,2661,35000,47.016514,-79.907562,KC-135R Stratotanker,73,556,-64,False,mlat
ae013a,2026-09-21 03:00:56.282191,UNK C/S,59-1488,5346,3925,43.156269,-70.812271,KC-135R Stratotanker,224,170,0,False,mlat
ae07d8,2026-09-21 03:00:56.282196,RCH252,92-3294,5171,30000,56.001614,-8.612292,C-17A Globemaster,290,393,0,False,mlat
ae07ce,2026-09-21 03:00:56.282201,RCH662,89-1190,7432,33025,35.792816,28.303699,C-17A Globemaster,126,498,,False,adsb_icao
ae05ac,2026-09-21 03:00:56.282207,UNK C/S,63-8029,3435,27900,24.818714,55.572105,KC-135R Stratotanker,248,396,0,False,mlat
ae0141,2026-09-21 03:00:56.282214,UNK C/S,59-1510,3652,17200,26.026253,127.866226,KC-135R Stratotanker,230,396,1569,False,mlat
7cf9c4,2026-09-21 03:00:56.282218,ASY736,A41-212,1051,21725,-11.418938,130.581375,C-17A Globemaster,342,420,1088,False,adsb_icao
7cf925,2026-09-21 03:00:56.282223,ASY753,A41-211,1062,3525,-12.450394,130.988525,C-17A Globemaster,108,203,1088,False,adsb_icao
ae1448,2026-09-21 03:00:56.282237,RCH278,04-4138,2000,35975,33.1,-122.2,C-17A Globemaster,,,,False,mode_s
afdfdf,2026-09-21 03:00:56.282241,UNK C/S,,5617,24450,35.9,-75.4,E-6B TACAMO,,,,False,mode_s
ae4d69,2026-09-21 03:00:56.282245,RCH145,10-0216,6236,31875,26.2,-15.0,C-17A Globemaster,,,,False,mode_s
ae63bc,2026-09-21 03:00:56.282250,UNK C/S,20-46080,3275,20500,25.0,56.5,KC-46A Pegasus,,,,False,mode_s
ae0263,2026-09-21 03:00:56.282254,UNK C/S,61-0324,3276,11975,26.4,50.6,KC-135R Stratotanker,,,,False,mode_s
ae5e12,2026-09-21 03:00:56.282258,UNK C/S,17-46037,3271,23050,25.0,56.9,KC-46A Pegasus,,,,False,mode_s
ae145f,2026-09-21 03:00:56.282262,RCH307,06-6161,6732,36000,46.2,-108.6,C-17A Globemaster,,,,False,mode_s
ae49c6,2026-09-21 03:01:56.492737,UNK C/S,09-9210,7005,7625,61.061291,-149.976501,C-17A Globemaster,286,301,-1499,False,mlat
ae07f5,2026-09-21 03:01:56.492754,RCH709,97-0043,2000,36000,32.768772,-125.833702,C-17A Globemaster,254,408,-64,False,adsb_icao
ae0358,2026-09-21 03:01:56.492762,ADVIC44,57-1427,6273,34000,42.680172,-104.268837,KC-135R Stratotanker,277,497,0,False,mlat
aee668,2026-09-21 03:01:56.492769,UNK C/S,,2243,26000,32.288528,-98.37561,E-6B TACAMO,318,332,0,False,mlat
ae080c,2026-09-21 03:01:56.492778,RCH571,99-0166,2432,33000,38.563625,-92.630783,C-17A Globemaster,80,528,0,False,mlat
ae0859,2026-09-21 03:01:56.492787,UNK C/S,59-1506,2661,35000,47.073528,-79.645493,KC-135R Stratotanker,67,552,64,False,mlat
ae013a,2026-09-21 03:01:56.492793,UNK C/S,59-1488,5346,3925,43.122795,-70.868538,KC-135R Stratotanker,235,191,-54,False,mlat
ae07d8,2026-09-21 03:01:56.492798,RCH252,92-3294,5171,30000,56.036228,-8.805417,C-17A Globemaster,288,403,0,False,mlat
ae07ce,2026-09-21 03:01:56.492804,RCH662,89-1190,7432,33025,35.711803,28.439571,C-17A Globemaster,126,493,,False,adsb_icao
ae05ac,2026-09-21 03:01:56.492811,UNK C/S,63-8029,3435,27900,24.742657,55.490295,KC-135R Stratotanker,191,396,32,False,mlat
ae0141,2026-09-21 03:01:56.492818,UNK C/S,59-1510,3652,19200,25.96909,127.79007,KC-135R Stratotanker,214,414,2257,False,mlat
7cf9c4,2026-09-21 03:01:56.492823,ASY736,A41-212,1051,22600,-11.306421,130.545044,C-17A Globemaster,342,428,896,False,adsb_icao
7cf925,2026-09-21 03:01:56.492828,ASY753,A41-211,1062,4500,-12.435974,131.042221,C-17A Globemaster,10,272,1760,False,adsb_icao
ae1448,2026-09-21 03:01:56.492844,RCH278,04-4138,2000,36000,33.5,-122.7,C-17A Globemaster,,,,False,mode_s
afdfdf,2026-09-21 03:01:56.492848,UNK C/S,,5617,24000,36.0,-75.3,E-6B TACAMO,,,,False,mode_s
ae4d69,2026-09-21 03:01:56.492852,RCH145,10-0216,6236,32000,26.2,-15.1,C-17A Globemaster,,,,False,mode_s
ae63bc,2026-09-21 03:01:56.492856,UNK C/S,20-46080,3275,20500,24.7,56.3,KC-46A Pegasus,,,,False,mode_s
ae0263,2026-09-21 03:01:56.492861,UNK C/S,61-0324,3276,Unavailable,26.5,51.0,KC-135R Stratotanker,,,,False,mode_s
ae5e12,2026-09-21 03:01:56.492866,UNK C/S,17-46037,3271,23025,24.6,56.7,KC-46A Pegasus,,,,False,mode_s
ae145f,2026-09-21 03:01:56.492872,RCH307,06-6161,6732,36000,46.0,-108.6,C-17A Globemaster,,,,False,mode_s
ae49c6,2026-09-21 03:02:56.685614,UNK C/S,09-9210,7005,6150,61.079815,-150.131546,C-17A Globemaster,282,274,-1477,False,mlat
ae07f5,2026-09-21 03:02:56.685631,RCH709,97-0043,2000,35775,32.751083,-125.908981,C-17A Globemaster,254,412,-896,False,adsb_icao
ae0358,2026-09-21 03:02:56.685639,ADVIC44,57-1427,6273,34000,42.698429,-104.497757,KC-135R Stratotanker,280,510,0,False,mlat
aee668,2026-09-21 03:02:56.685645,UNK C/S,,2243,26000,32.354179,-98.445747,E-6B TACAMO,318,316,0,False,mlat
ae080c,2026-09-21 03:02:56.685654,RCH571,99-0166,2432,33000,38.591183,-92.445862,C-17A Globemaster,81,510,0,False,mlat
ae0859,2026-09-21 03:02:56.685664,UNK C/S,59-1506,2661,35000,47.136688,-79.420631,KC-135R Stratotanker,67,556,-64,False,mlat
ae013a,2026-09-21 03:02:56.685669,UNK C/S,59-1488,5346,3925,43.08506,-70.918388,KC-135R Stratotanker,231,178,37,False,mlat
ae07d8,2026-09-21 03:02:56.685675,RCH252,92-3294,5171,30000,56.071484,-8.997046,C-17A Globemaster,287,402,0,False,mlat
ae07ce,2026-09-21 03:02:56.685681,RCH662,89-1190,7432,33025,35.630035,28.576012,C-17A Globemaster,126,495,,False,adsb_icao
ae05ac,2026-09-21 03:02:56.685686,UNK C/S,63-8029,3435,27900,24.644457,55.524975,KC-135R Stratotanker,130,394,0,False,mlat
ae0141,2026-09-21 03:02:56.685692,UNK C/S,59-1510,3652,21025,25.909786,127.714256,KC-135R Stratotanker,,,2020,False,mlat
7cf9c4,2026-09-21 03:02:56.685697,ASY736,A41-212,1051,23125,-11.191498,130.508102,C-17A Globemaster,342,441,320,False,adsb_icao
7cf925,2026-09-21 03:02:56.685702,ASY753,A41-211,1062,6575,-12.355453,131.040985,C-17A Globemaster,358,299,2176,False,adsb_icao
ae1448,2026-09-21 03:02:56.685718,RCH278,04-4138,2000,36000,33.2,-122.1,C-17A Globemaster,,,,False,mode_s
afdfdf,2026-09-21 03:02:56.685722,UNK C/S,,5617,24000,36.0,-75.1,E-6B TACAMO,,,,False,mode_s
ae4d69,2026-09-21 03:02:56.685726,RCH145,10-0216,6236,32000,26.3,-15.0,C-17A Globemaster,,,,False,mode_s
ae63bc,2026-09-21 03:02:56.685730,UNK C/S,20-46080,3275,20500,24.7,56.4,KC-46A Pegasus,,,,False,mode_s
ae0263,2026-09-21 03:02:56.685734,UNK C/S,61-0324,3276,15675,26.9,51.8,KC-135R Stratotanker,,,,False,mode_s
ae5e12,2026-09-21 03:02:56.685740,UNK C/S,17-46037,3271,23025,24.8,56.7,KC-46A Pegasus,,,,False,mode_s
ae145f,2026-09-21 03:02:56.685744,RCH307,06-6161,6732,36000,45.8,-108.4,C-17A Globemaster,,,,False,mode_s
ae49c6,2026-09-21 03:03:56.867228,UNK C/S,09-9210,7005,4875,61.114796,-150.26001,C-17A Globemaster,324,256,-1955,False,mlat
ae07f5,2026-09-21 03:03:56.867245,RCH709,97-0043,2000,34600,32.713932,-126.066826,C-17A Globemaster,254,412,-960,False,adsb_icao
ae0358,2026-09-21 03:03:56.867252,ADVIC44,57-1427,6273,34000,42.71109,-104.665344,KC-135R Stratotanker,277,464,78,False,mlat
aee668,2026-09-21 03:03:56.867259,UNK C/S,,2243,26000,32.424065,-98.519043,E-6B TACAMO,319,316,0,False,mlat
ae080c,2026-09-21 03:03:56.867267,RCH571,99-0166,2432,33000,38.616199,-92.270294,C-17A Globemaster,81,493,0,False,mlat
ae0859,2026-09-21 03:03:56.867298,UNK C/S,59-1506,2661,35000,47.203186,-79.190331,KC-135R Stratotanker,67,558,32,False,mlat
ae013a,2026-09-21 03:03:56.867304,UNK C/S,59-1488,5346,3925,43.047329,-70.954971,KC-135R Stratotanker,175,178,0,False,mlat
ae07d8,2026-09-21 03:03:56.867310,RCH252,92-3294,5171,30000,56.109024,-9.188698,C-17A Globemaster,289,407,0,False,mlat
ae07ce,2026-09-21 03:03:56.867316,RCH662,89-1190,7432,33025,35.548325,28.711967,C-17A Globemaster,126,494,,False,adsb_icao
ae63bc,2026-09-21 03:03:56.867321,UNK C/S,20-46080,3275,20500,25.284868,55.27507,KC-46A Pegasus,,,0,False,mlat
ae05ac,2026-09-21 03:03:56.867325,UNK C/S,63-8029,3435,27900,24.613537,55.622032,KC-135R Stratotanker,73,392,0,False,mlat
7cf9c4,2026-09-21 03:03:56.867333,ASY736,A41-212,1051,23750,-11.072845,130.470032,C-17A Globemaster,342,450,672,False,adsb_icao
7cf925,2026-09-21 03:03:56.867337,ASY753,A41-211,1062,7900,-12.283035,131.006226,C-17A Globemaster,300,305,-96,False,adsb_icao
ae1448,2026-09-21 03:03:56.867352,RCH278,04-4138,2000,35975,32.6,-121.9,C-17A Globemaster,,,,False,mode_s
afdfdf,2026-09-21 03:03:56.867356,UNK C/S,,5617,24000,36.3,-75.3,E-6B TACAMO,,,,False,mode_s
ae4d69,2026-09-21 03:03:56.867360,RCH145,10-0216,6236,32000,26.4,-14.9,C-17A Globemaster,,,,False,mode_s
ae0263,2026-09-21 03:03:56.867364,UNK C/S,61-0324,3276,17650,26.7,49.6,KC-135R Stratotanker,,,,False,mode_s
ae5e12,2026-09-21 03:03:56.867369,UNK C/S,17-46037,3271,23025,25.0,55.9,KC-46A Pegasus,,,,False,mode_s
ae145f,2026-09-21 03:03:56.867373,RCH307,06-6161,6732,36000,46.3,-108.9,C-17A Globemaster,,,,False,mode_s
ae07e7,2026-09-21 03:03:56.867381,RCH600,95-0104,Unavailable,Unavailable,31.6,33.6,C-17A Globemaster,,,,False,mode_s
ae0141,2026-09-21 03:03:56.867390,UNK C/S,59-1510,3652,22500,25.8,127.7,KC-135R Stratotanker,,,,False,mode_s
ae49c6,2026-09-21 03:04:57.120870,UNK C/S,09-9210,7005,2800,61.173748,-150.264969,C-17A Globemaster,34,290,-1355,False,mlat
ae07f5,2026-09-21 03:04:57.120887,RCH709,97-0043,2000,34000,32.674179,-126.233025,C-17A Globemaster,254,409,0,False,adsb_icao
ae0358,2026-09-21 03:04:57.120894,ADVIC44,57-1427,6273,34000,42.723774,-104.842522,KC-135R Stratotanker,272,483,0,False,mlat
aee668,2026-09-21 03:04:57.120901,UNK C/S,,2243,26000,32.483547,-98.58551,E-6B TACAMO,315,294,44,False,mlat
ae080c,2026-09-21 03:04:57.120908,RCH571,99-0166,2432,33000,38.642822,-92.08667,C-17A Globemaster,82,516,0,False,mlat
ae0859,2026-09-21 03:04:57.120915,UNK C/S,59-1506,2661,35000,47.261238,-78.986885,KC-135R Stratotanker,67,556,192,False,mlat
ae013a,2026-09-21 03:04:57.120920,UNK C/S,59-1488,5346,3925,43.004623,-70.917305,KC-135R Stratotanker,158,185,43,False,mlat
ae07d8,2026-09-21 03:04:57.120926,RCH252,92-3294,5171,30000,56.135696,-9.351087,C-17A Globemaster,287,388,0,False,mlat
ae07ce,2026-09-21 03:04:57.120931,RCH662,89-1190,7432,33025,35.466427,28.847643,C-17A Globemaster,126,496,,False,adsb_icao
ae07e7,2026-09-21 03:04:57.120935,RCH600,95-0104,3314,36000,29.235317,29.240866,C-17A Globemaster,324,458,,False,adsb_icao
ae05ac,2026-09-21 03:04:57.120940,UNK C/S,63-8029,3435,27900,24.683413,55.71434,KC-135R Stratotanker,15,394,0,False,mlat
ae63bc,2026-09-21 03:04:57.120944,UNK C/S,20-46080,3275,20500,24.82822,57.501648,KC-46A Pegasus,,,0,False,mlat
7cf9c4,2026-09-21 03:04:57.120952,ASY736,A41-212,1051,24250,-10.968731,130.436523,C-17A Globemaster,342,457,544,False,adsb_icao
7cf925,2026-09-21 03:04:57.120956,ASY753,A41-211,1062,9700,-12.25483,130.924988,C-17A Globemaster,289,304,2496,False,adsb_icao
ae1448,2026-09-21 03:04:57.120973,RCH278,04-4138,2000,Unavailable,32.4,-121.9,C-17A Globemaster,,,,False,mode_s
afdfdf,2026-09-21 03:04:57.120980,UNK C/S,,5617,24000,36.0,-75.7,E-6B TACAMO,,,,False,mode_s
ae4d69,2026-09-21 03:04:57.120984,RCH145,10-0216,6236,32000,26.3,-15.2,C-17A Globemaster,,,,False,mode_s
ae0263,2026-09-21 03:04:57.120988,UNK C/S,61-0324,3276,19700,25.2,49.3,KC-135R Stratotanker,,,,False,mode_s
ae5e12,2026-09-21 03:04:57.120993,UNK C/S,17-46037,3271,23025,24.7,56.8,KC-46A Pegasus,,,,False,mode_s
ae145f,2026-09-21 03:04:57.120997,RCH307,06-6161,6732,36000,46.5,-109.1,C-17A Globemaster,,,,False,mode_s
ae0141,2026-09-21 03:04:57.121004,UNK C/S,59-1510,3652,24050,26.2,128.0,KC-135R Stratotanker,,,,False,mode_s
ae49c6,2026-09-21 03:05:57.300922,UNK C/S,09-9210,7005,2325,61.217331,-150.178177,C-17A Globemaster,45,216,-177,False,mlat
ae07f5,2026-09-21 03:05:57.300942,RCH709,97-0043,2000,34000,32.638939,-126.380272,C-17A Globemaster,254,412,-64,False,adsb_icao
ae0358,2026-09-21 03:05:57.300950,ADVIC44,57-1427,6273,34000,42.735504,-104.999977,KC-135R Stratotanker,278,485,7,False,mlat
aee668,2026-09-21 03:05:57.300957,UNK C/S,,2243,26000,32.547039,-98.654251,E-6B TACAMO,320,306,0,False,mlat
ae080c,2026-09-21 03:05:57.300966,RCH571,99-0166,2432,33000,38.668613,-91.908897,C-17A Globemaster,78,518,0,False,mlat
ae0859,2026-09-21 03:05:57.300976,UNK C/S,59-1506,2661,35000,47.32098,-78.772476,KC-135R Stratotanker,67,556,32,False,mlat
ae013a,2026-09-21 03:05:57.300981,UNK C/S,59-1488,5346,3925,42.954948,-70.879028,KC-135R Stratotanker,154,183,-9,False,mlat
ae07d8,2026-09-21 03:05:57.300986,RCH252,92-3294,5171,30000,56.171379,-9.535924,C-17A Globemaster,289,424,0,False,mlat
ae07ce,2026-09-21 03:05:57.300992,RCH662,89-1190,7432,33025,35.383667,28.984222,C-17A Globemaster,126,494,,False,adsb_icao
ae07e7,2026-09-21 03:05:57.300997,RCH600,95-0104,3314,36000,29.319946,29.172346,C-17A Globemaster,324,455,,False,adsb_icao
ae05ac,2026-09-21 03:05:57.301003,UNK C/S,63-8029,3435,27900,24.781992,55.708504,KC-135R Stratotanker,317,396,0,False,mlat
ae63bc,2026-09-21 03:05:57.301009,UNK C/S,20-46080,3275,20500,24.799019,57.400833,KC-46A Pegasus,,,0,False,mlat
7cf9c4,2026-09-21 03:05:57.301017,ASY736,A41-212,1051,24900,-10.827164,130.391098,C-17A Globemaster,342,462,608,False,adsb_icao
7cf925,2026-09-21 03:05:57.301022,ASY753,A41-211,1062,10750,-12.226573,130.838104,C-17A Globemaster,278,342,576,False,adsb_icao
ae1448,2026-09-21 03:05:57.301039,RCH278,04-4138,2000,36000,33.3,-121.5,C-17A Globemaster,,,,False,mode_s
afdfdf,2026-09-21 03:05:57.301043,UNK C/S,,5617,24000,35.8,-76.2,E-6B TACAMO,,,,False,mode_s
ae4d69,2026-09-21 03:05:57.301047,RCH145,10-0216,6236,32000,26.4,-14.8,C-17A Globemaster,,,,False,mode_s
ae0263,2026-09-21 03:05:57.301052,UNK C/S,61-0324,3276,20975,25.2,49.5,KC-135R Stratotanker,,,,False,mode_s
ae5e12,2026-09-21 03:05:57.301057,UNK C/S,17-46037,3271,23025,25.0,56.2,KC-46A Pegasus,,,,False,mode_s
ae145f,2026-09-21 03:05:57.301061,RCH307,06-6161,6732,36000,46.4,-109.4,C-17A Globemaster,,,,False,mode_s
ae0141,2026-09-21 03:05:57.301068,UNK C/S,59-1510,3652,25300,26.4,128.2,KC-135R Stratotanker,,,,False,mode_s
ae49c6,2026-09-21 03:06:57.476496,UNK C/S,09-9210,7005,2350,61.229137,-150.07695,C-17A Globemaster,84,170,-37,False,mlat
ae0358,2026-09-21 03:06:57.476517,ADVIC44,57-1427,6273,34000,42.752148,-105.191711,KC-135R Stratotanker,277,490,0,False,mlat
aee668,2026-09-21 03:06:57.476524,UNK C/S,,2243,26000,32.605522,-98.717697,E-6B TACAMO,319,289,0,False,mlat
ae080c,2026-09-21 03:06:57.476534,RCH571,99-0166,2432,33000,38.685905,-91.73555,C-17A Globemaster,87,494,-16,False,mlat
ae0859,2026-09-21 03:06:57.476543,UNK C/S,59-1506,2661,35000,47.368065,-78.602676,KC-135R Stratotanker,67,556,-32,False,mlat
ae013a,2026-09-21 03:06:57.476549,UNK C/S,59-1488,5346,3900,42.911983,-70.847488,KC-135R Stratotanker,149,182,-75,False,mlat
ae07d8,2026-09-21 03:06:57.476559,RCH252,92-3294,5171,30000,56.206615,-9.731282,C-17A Globemaster,288,407,0,False,mlat
ae07e7,2026-09-21 03:06:57.476568,RCH600,95-0104,3314,36000,29.438187,29.076637,C-17A Globemaster,324,454,,False,adsb_icao
ae07ce,2026-09-21 03:06:57.476573,RCH662,89-1190,7432,33000,35.301865,29.118633,C-17A Globemaster,126,494,,False,adsb_icao
ae05ac,2026-09-21 03:06:57.476579,UNK C/S,63-8029,3435,27900,24.826792,55.586987,KC-135R Stratotanker,259,398,0,False,mlat
ae63bc,2026-09-21 03:06:57.476583,UNK C/S,20-46080,3275,20500,24.744148,57.352577,KC-46A Pegasus,,,0,False,mlat
7cf9c4,2026-09-21 03:06:57.476592,ASY736,A41-212,1051,25050,-10.798965,130.38205,C-17A Globemaster,342,463,,False,adsb_icao
7cf925,2026-09-21 03:06:57.476597,ASY753,A41-211,1062,12225,-12.226806,130.736099,C-17A Globemaster,269,354,4320,False,adsb_icao
ae1448,2026-09-21 03:06:57.476613,RCH278,04-4138,2000,35975,35.0,-120.9,C-17A Globemaster,,,,False,mode_s
afdfdf,2026-09-21 03:06:57.476617,UNK C/S,,5617,24000,35.5,-76.1,E-6B TACAMO,,,,False,mode_s
ae4d69,2026-09-21 03:06:57.476621,RCH145,10-0216,6236,32000,26.3,-14.9,C-17A Globemaster,,,,False,mode_s
ae0263,2026-09-21 03:06:57.476625,UNK C/S,61-0324,3276,21000,25.2,49.5,KC-135R Stratotanker,,,,False,mode_s
ae5e12,2026-09-21 03:06:57.476630,UNK C/S,17-46037,3271,23025,25.1,56.6,KC-46A Pegasus,,,,False,mode_s
ae145f,2026-09-21 03:06:57.476634,RCH307,06-6161,6732,36000,46.3,-109.7,C-17A Globemaster,,,,False,mode_s
ae0141,2026-09-21 03:06:57.476641,UNK C/S,59-1510,3652,26750,26.1,127.9,KC-135R Stratotanker,,,,False,mode_s
ae49c6,2026-09-21 03:07:57.653843,UNK C/S,09-9210,7005,2200,61.237019,-149.980988,C-17A Globemaster,80,146,-365,False,mlat
ae0358,2026-09-21 03:07:57.653862,ADVIC44,57-1427,6273,34000,42.763374,-105.374702,KC-135R Stratotanker,275,462,0,False,mlat
aee668,2026-09-21 03:07:57.653869,UNK C/S,,2243,26000,32.667862,-98.785179,E-6B TACAMO,318,293,0,False,mlat
ae080c,2026-09-21 03:07:57.653877,RCH571,99-0166,2432,33000,38.633186,-91.574638,C-17A Globemaster,114,472,23,False,mlat
ae0859,2026-09-21 03:07:57.653886,UNK C/S,59-1506,2661,35000,47.430695,-78.371895,KC-135R Stratotanker,67,556,0,False,mlat
ae013a,2026-09-21 03:07:57.653891,UNK C/S,59-1488,5346,3900,42.866711,-70.807449,KC-135R Stratotanker,136,182,-72,False,mlat
ae4d69,2026-09-21 03:07:57.653896,RCH145,10-0216,6236,32000,27.2085,-16.059282,C-17A Globemaster,,,0,False,mlat
ae07d8,2026-09-21 03:07:57.653901,RCH252,92-3294,5171,30000,56.242031,-9.932,C-17A Globemaster,286,379,0,False,mlat
ae07e7,2026-09-21 03:07:57.653906,RCH600,95-0104,3314,36000,29.547497,28.988127,C-17A Globemaster,324,455,,False,adsb_icao
ae07ce,2026-09-21 03:07:57.653911,RCH662,89-1190,7432,33025,35.219933,29.252815,C-17A Globemaster,126,496,,False,adsb_icao
ae05ac,2026-09-21 03:07:57.653916,UNK C/S,63-8029,3435,27900,24.762749,55.4963,KC-135R Stratotanker,200,398,0,False,mlat
ae63bc,2026-09-21 03:07:57.653921,UNK C/S,20-46080,3275,20500,24.637451,57.343746,KC-46A Pegasus,,,-59,False,mlat
7cf925,2026-09-21 03:07:57.653930,ASY753,A41-211,1062,14575,-12.227225,130.6418,C-17A Globemaster,269,341,448,False,adsb_icao
ae1448,2026-09-21 03:07:57.653945,RCH278,04-4138,2000,35975,34.6,-121.2,C-17A Globemaster,,,,False,mode_s
afdfdf,2026-09-21 03:07:57.653949,UNK C/S,,5617,24000,36.1,-76.0,E-6B TACAMO,,,,False,mode_s
ae0263,2026-09-21 03:07:57.653954,UNK C/S,61-0324,3276,21000,25.7,50.5,KC-135R Stratotanker,,,,False,mode_s
ae5e12,2026-09-21 03:07:57.653959,UNK C/S,17-46037,3271,23025,24.7,55.6,KC-46A Pegasus,,,,False,mode_s
ae145f,2026-09-21 03:07:57.653963,RCH307,06-6161,6732,36000,46.3,-109.5,C-17A Globemaster,,,,False,mode_s
ae0141,2026-09-21 03:07:57.653969,UNK C/S,59-1510,3652,27950,26.1,128.1,KC-135R Stratotanker,,,,False,mode_s
ae49c6,2026-09-21 03:08:57.852587,UNK C/S,09-9210,7005,1550,61.24353,-149.905167,C-17A Globemaster,78,113,-637,False,mlat
ae07f5,2026-09-21 03:08:57.852605,RCH709,97-0043,2000,34000,32.548019,-126.757118,C-17A Globemaster,253,410,-128,False,adsb_icao
ae0358,2026-09-21 03:08:57.852612,ADVIC44,57-1427,6273,34000,42.778744,-105.5616,KC-135R Stratotanker,279,442,-4,False,mlat
aee668,2026-09-21 03:08:57.852618,UNK C/S,,2243,26000,32.726391,-98.850159,E-6B TACAMO,317,315,0,False,mlat
ae080c,2026-09-21 03:08:57.852626,RCH571,99-0166,2432,33000,38.577934,-91.410622,C-17A Globemaster,112,479,0,False,mlat
ae0859,2026-09-21 03:08:57.852634,UNK C/S,59-1506,2661,35000,47.49403,-78.149872,KC-135R Stratotanker,68,554,-32,False,mlat
afdfdf,2026-09-21 03:08:57.852638,UNK C/S,,5617,24000,35.3871,-75.043106,E-6B TACAMO,,,0,False,mlat
ae013a,2026-09-21 03:08:57.852643,UNK C/S,59-1488,5346,3925,42.840351,-70.746292,KC-135R Stratotanker,121,187,0,False,mlat
ae4d69,2026-09-21 03:08:57.852648,RCH145,10-0216,6236,32000,27.325281,-15.976882,C-17A Globemaster,,,0,False,mlat
ae07d8,2026-09-21 03:08:57.852652,RCH252,92-3294,5171,30100,56.264427,-10.091443,C-17A Globemaster,,,0,False,mlat
ae07e7,2026-09-21 03:08:57.852657,RCH600,95-0104,3314,36000,29.636948,28.915382,C-17A Globemaster,324,452,,False,adsb_icao
ae07ce,2026-09-21 03:08:57.852661,RCH662,89-1190,7432,33025,35.137665,29.387026,C-17A Globemaster,126,494,,False,adsb_icao
ae05ac,2026-09-21 03:08:57.852666,UNK C/S,63-8029,3435,27900,24.661716,55.511799,KC-135R Stratotanker,142,396,0,False,mlat
ae63bc,2026-09-21 03:08:57.852670,UNK C/S,20-46080,3275,20500,24.571285,57.381969,KC-46A Pegasus,,,0,False,mlat
7cf925,2026-09-21 03:08:57.852679,ASY753,A41-211,1062,15900,-12.22755,130.544998,C-17A Globemaster,270,350,384,False,adsb_icao
ae1448,2026-09-21 03:08:57.852694,RCH278,04-4138,2000,36000,35.1,-121.4,C-17A Globemaster,,,,False,mode_s
ae5e12,2026-09-21 03:08:57.852699,UNK C/S,17-46037,3271,23025,25.1,56.4,KC-46A Pegasus,,,,False,mode_s
ae145f,2026-09-21 03:08:57.852702,RCH307,06-6161,6732,36000,46.5,-110.0,C-17A Globemaster,,,,False,mode_s
ae0141,2026-09-21 03:08:57.852708,UNK C/S,59-1510,3652,29650,25.9,128.0,KC-135R Stratotanker,,,,False,mode_s
ae49c6,2026-09-21 03:09:58.033597,UNK C/S,09-9210,7005,875,61.255177,-149.831741,C-17A Globemaster,80,128,-691,False,mlat
ae07f5,2026-09-21 03:09:58.033614,RCH709,97-0043,2000,34000,32.51207,-126.904343,C-17A Globemaster,253,412,-64,False,adsb_icao
ae0358,2026-09-21 03:09:58.033621,ADVIC44,57-1427,6273,34000,42.787151,-105.716904,KC-135R Stratotanker,274,480,0,False,mlat
aee668,2026-09-21 03:09:58.033627,UNK C/S,,2243,26000,32.789879,-98.916679,E-6B TACAMO,317,233,0,False,mlat
ae080c,2026-09-21 03:09:58.033635,RCH571,99-0166,2432,33000,38.523933,-91.259438,C-17A Globemaster,117,499,0,False,mlat
ae0859,2026-09-21 03:09:58.033643,UNK C/S,59-1506,2661,35000,47.547832,-77.950844,KC-135R Stratotanker,68,554,-32,False,mlat
afdfdf,2026-09-21 03:09:58.033647,UNK C/S,,5617,24000,35.443298,-75.116394,E-6B TACAMO,,,0,False,mlat
ae013a,2026-09-21 03:09:58.033651,UNK C/S,59-1488,5346,3925,42.862373,-70.674454,KC-135R Stratotanker,46,208,-6,False,mlat
ae4d69,2026-09-21 03:09:58.033656,RCH145,10-0216,6236,32000,27.451195,-15.896658,C-17A Globemaster,,,0,False,mlat
ae07d8,2026-09-21 03:09:58.033661,RCH252,92-3294,5171,30500,56.301678,-10.281493,C-17A Globemaster,,,344,False,mlat
ae07e7,2026-09-21 03:09:58.033666,RCH600,95-0104,3314,36000,29.753494,28.820465,C-17A Globemaster,324,454,,False,adsb_icao
ae07ce,2026-09-21 03:09:58.033670,RCH662,89-1190,7432,33025,35.054722,29.521809,C-17A Globemaster,126,492,,False,adsb_icao
ae05ac,2026-09-21 03:09:58.033676,UNK C/S,63-8029,3435,27900,24.611256,55.619053,KC-135R Stratotanker,84,394,0,False,mlat
ae63bc,2026-09-21 03:09:58.033680,UNK C/S,20-46080,3275,20500,24.547789,57.433582,KC-46A Pegasus,,,0,False,mode_s
7cf9c4,2026-09-21 03:09:58.033689,ASY736,A41-212,1051,27575,-10.407715,130.25679,C-17A Globemaster,342,461,,False,adsb_icao
7cf925,2026-09-21 03:09:58.033694,ASY753,A41-211,1062,16650,-12.187225,130.451004,C-17A Globemaster,297,370,1120,False,adsb_icao
ae1448,2026-09-21 03:09:58.033709,RCH278,04-4138,2000,35975,35.8,-120.5,C-17A Globemaster,,,,False,mode_s
ae5e12,2026-09-21 03:09:58.033714,UNK C/S,17-46037,3271,23025,24.6,56.1,KC-46A Pegasus,,,,False,mode_s
ae145f,2026-09-21 03:09:58.033718,RCH307,06-6161,6732,36000,46.2,-109.8,C-17A Globemaster,,,,False,mode_s
ae0141,2026-09-21 03:09:58.033724,UNK C/S,59-1510,3652,30000,25.8,128.0,KC-135R Stratotanker,,,,False,mode_s
ae0358,2026-09-21 03:10:58.213052,ADVIC44,57-1427,6273,34000,42.801033,-105.926872,KC-135R Stratotanker,277,474,0,False,mlat
aee668,2026-09-21 03:10:58.213069,UNK C/S,,2243,26000,32.845863,-98.978134,E-6B TACAMO,319,282,0,False,mlat
ae080c,2026-09-21 03:10:58.213078,RCH571,99-0166,2432,33000,38.46619,-91.094666,C-17A Globemaster,114,487,0,False,mlat
ae0859,2026-09-21 03:10:58.213087,UNK C/S,59-1506,2661,35000,47.611691,-77.71579,KC-135R Stratotanker,68,554,32,False,mlat
afdfdf,2026-09-21 03:10:58.213092,UNK C/S,,5617,24000,35.498016,-75.183502,E-6B TACAMO,311,324,0,False,mlat
ae013a,2026-09-21 03:10:58.213097,UNK C/S,59-1488,5346,3025,42.915833,-70.662949,KC-135R Stratotanker,338,257,-1358,False,mlat
ae4d69,2026-09-21 03:10:58.213102,RCH145,10-0216,6236,32000,27.553713,-15.812102,C-17A Globemaster,33,473,0,False,mlat
ae07e7,2026-09-21 03:10:58.213108,RCH600,95-0104,3314,36000,29.855118,28.737434,C-17A Globemaster,324,449,,False,adsb_icao
ae07ce,2026-09-21 03:10:58.213112,RCH662,89-1190,7432,33025,34.972183,29.655519,C-17A Globemaster,126,490,,False,adsb_icao
ae05ac,2026-09-21 03:10:58.213117,UNK C/S,63-8029,3435,27900,24.65918,55.69743,KC-135R Stratotanker,25,394,0,False,mlat
7cf925,2026-09-21 03:10:58.213125,ASY753,A41-211,1062,17925,-12.137891,130.357117,C-17A Globemaster,298,375,1120,False,adsb_icao
ae07d8,2026-09-21 03:10:58.213140,RCH252,92-3294,5171,31250,54.9,-9.4,C-17A Globemaster,,,,False,mode_s
ae1448,2026-09-21 03:10:58.213145,RCH278,04-4138,2000,35975,35.5,-120.8,C-17A Globemaster,,,,False,mode_s
ae63bc,2026-09-21 03:10:58.213150,UNK C/S,20-46080,3275,20500,25.0,56.5,KC-46A Pegasus,,,,False,mode_s
ae07f5,2026-09-21 03:10:58.213156,RCH709,97-0043,2000,Unavailable,34.7,-123.3,C-17A Globemaster,253,412,0,False,mode_s
ae5e12,2026-09-21 03:10:58.213160,UNK C/S,17-46037,3271,23025,25.2,58.0,KC-46A Pegasus,,,,False,mode_s
ae145f,2026-09-21 03:10:58.213164,RCH307,06-6161,6732,36000,46.7,-110.1,C-17A Globemaster,,,,False,mode_s
ae0141,2026-09-21 03:10:58.213170,UNK C/S,59-1510,3652,30000,25.8,127.9,KC-135R Stratotanker,,,,False,mode_s
ae0358,2026-09-21 03:11:58.424963,ADVIC44,57-1427,6273,33975,42.810699,-106.103348,KC-135R Stratotanker,278,452,0,False,mlat
aee668,2026-09-21 03:11:58.424980,UNK C/S,,2243,26000,32.904716,-99.043854,E-6B TACAMO,319,284,0,False,mlat
ae080c,2026-09-21 03:11:58.424990,RCH571,99-0166,2432,33000,38.409374,-90.934196,C-17A Globemaster,115,498,0,False,mlat
ae0859,2026-09-21 03:11:58.424999,UNK C/S,59-1506,2661,35000,47.665565,-77.514229,KC-135R Stratotanker,68,556,0,False,mlat
afdfdf,2026-09-21 03:11:58.425004,UNK C/S,,5617,24000,35.558632,-75.261475,E-6B TACAMO,316,283,0,False,mlat
ae013a,2026-09-21 03:11:58.425009,UNK C/S,59-1488,5346,1925,42.951244,-70.708595,KC-135R Stratotanker,293,227,-868,False,mlat
ae4d69,2026-09-21 03:11:58.425014,RCH145,10-0216,6236,32000,27.664761,-15.735965,C-17A Globemaster,32,483,0,False,mlat
ae07e7,2026-09-21 03:11:58.425020,RCH600,95-0104,3314,36000,29.958115,28.65299,C-17A Globemaster,324,450,,False,adsb_icao
ae07ce,2026-09-21 03:11:58.425024,RCH662,89-1190,7432,33025,34.890381,29.787355,C-17A Globemaster,127,489,,False,adsb_icao
ae05ac,2026-09-21 03:11:58.425029,UNK C/S,63-8029,3435,27900,24.773968,55.712559,KC-135R Stratotanker,327,396,0,False,mlat
7cf925,2026-09-21 03:11:58.425037,ASY753,A41-211,1062,19050,-12.08812,130.262283,C-17A Globemaster,298,382,1056,False,adsb_icao
ae07d8,2026-09-21 03:11:58.425053,RCH252,92-3294,5171,31725,55.3,-9.2,C-17A Globemaster,,,,False,mode_s
ae63bc,2026-09-21 03:11:58.425057,UNK C/S,20-46080,3275,20500,25.0,56.9,KC-46A Pegasus,,,,False,mode_s
ae5e12,2026-09-21 03:11:58.425063,UNK C/S,17-46037,3271,23025,25.2,56.7,KC-46A Pegasus,,,,False,mode_s
ae145f,2026-09-21 03:11:58.425068,RCH307,06-6161,6732,36000,46.7,-109.8,C-17A Globemaster,,,,False,mode_s
ae0141,2026-09-21 03:11:58.425075,UNK C/S,59-1510,3652,Unavailable,25.8,128.0,KC-135R Stratotanker,,,,False,mode_s
ae0358,2026-09-21 03:12:58.631418,ADVIC44,57-1427,6273,34000,42.823936,-106.27063,KC-135R Stratotanker,279,464,0,False,mlat
aee668,2026-09-21 03:12:58.631436,UNK C/S,,2243,26000,32.962532,-99.105408,E-6B TACAMO,321,260,0,False,mlat
ae080c,2026-09-21 03:12:58.631445,RCH571,99-0166,2432,33000,38.355049,-90.781723,C-17A Globemaster,115,511,0,False,mlat
ae0859,2026-09-21 03:12:58.631452,UNK C/S,59-1506,2661,35000,47.724678,-77.291473,KC-135R Stratotanker,68,556,-96,False,mlat
afdfdf,2026-09-21 03:12:58.631457,UNK C/S,,5617,24000,35.615486,-75.337128,E-6B TACAMO,314,292,0,False,mlat
ae013a,2026-09-21 03:12:58.631461,UNK C/S,59-1488,5346,1925,42.990166,-70.747368,KC-135R Stratotanker,315,156,75,False,mlat
ae4d69,2026-09-21 03:12:58.631466,RCH145,10-0216,6236,32000,27.777384,-15.650907,C-17A Globemaster,33,472,0,False,mlat
ae07e7,2026-09-21 03:12:58.631471,RCH600,95-0104,3314,36000,30.058594,28.570484,C-17A Globemaster,324,446,,False,adsb_icao
ae07ce,2026-09-21 03:12:58.631475,RCH662,89-1190,7432,33025,34.794121,29.90221,C-17A Globemaster,139,483,,False,adsb_icao
ae05ac,2026-09-21 03:12:58.631480,UNK C/S,63-8029,3435,27900,24.831205,55.617352,KC-135R Stratotanker,269,398,32,False,mlat
7cf925,2026-09-21 03:12:58.631488,ASY753,A41-211,1062,20025,-12.03799,130.16597,C-17A Globemaster,297,392,832,False,adsb_icao
ae07d8,2026-09-21 03:12:58.631502,RCH252,92-3294,5171,32000,55.2,-9.0,C-17A Globemaster,,,,False,mode_s
ae1448,2026-09-21 03:12:58.631506,RCH278,04-4138,2000,Unavailable,35.8,-120.4,C-17A Globemaster,,,,False,mode_s
ae63bc,2026-09-21 03:12:58.631511,UNK C/S,20-46080,3275,20500,25.1,56.8,KC-46A Pegasus,,,,False,mode_s
ae5e12,2026-09-21 03:12:58.631516,UNK C/S,17-46037,3271,23025,25.1,57.1,KC-46A Pegasus,,,,False,mode_s
ae145f,2026-09-21 03:12:58.631520,RCH307,06-6161,6732,36000,46.8,-110.4,C-17A Globemaster,,,,False,mode_s
ae0358,2026-09-21 03:13:58.807035,ADVIC44,57-1427,6273,34000,42.845188,-106.423088,KC-135R Stratotanker,290,388,0,False,mlat
aee668,2026-09-21 03:13:58.807048,UNK C/S,,2243,26000,33.01841,-99.166557,E-6B TACAMO,330,277,0,False,mlat
ae080c,2026-09-21 03:13:58.807057,RCH571,99-0166,2432,33000,38.299053,-90.625458,C-17A Globemaster,113,481,0,False,mlat
ae0859,2026-09-21 03:13:58.807064,UNK C/S,59-1506,2661,35000,47.776066,-77.096565,KC-135R Stratotanker,68,552,0,False,mlat
afdfdf,2026-09-21 03:13:58.807069,UNK C/S,,5617,24000,35.676464,-75.411415,E-6B TACAMO,321,310,0,False,mlat
ae013a,2026-09-21 03:13:58.807073,UNK C/S,59-1488,5346,1300,43.031414,-70.785553,KC-135R Stratotanker,329,146,-716,False,mlat
ae4d69,2026-09-21 03:13:58.807078,RCH145,10-0216,6236,32000,27.888956,-15.567597,C-17A Globemaster,33,481,0,False,mlat
ae07e7,2026-09-21 03:13:58.807084,RCH600,95-0104,3314,36000,30.094719,28.540777,C-17A Globemaster,324,446,,False,adsb_icao
ae07ce,2026-09-21 03:13:58.807088,RCH662,89-1190,7432,33000,34.69249,30.009043,C-17A Globemaster,139,480,,False,adsb_icao
ae05ac,2026-09-21 03:13:58.807092,UNK C/S,63-8029,3435,27625,24.775867,55.508511,KC-135R Stratotanker,211,406,-1824,False,mlat
7cf925,2026-09-21 03:13:58.807100,ASY753,A41-211,1062,20825,-12.00087,130.059845,C-17A Globemaster,277,398,704,False,adsb_icao
ae07d8,2026-09-21 03:13:58.807112,RCH252,92-3294,5171,32000,54.8,-9.5,C-17A Globemaster,,,,False,mode_s
ae1448,2026-09-21 03:13:58.807116,RCH278,04-4138,2000,Unavailable,35.8,-120.4,C-17A Globemaster,,,,False,mode_s
ae63bc,2026-09-21 03:13:58.807121,UNK C/S,20-46080,3275,20500,25.1,56.5,KC-46A Pegasus,,,,False,mode_s
ae5e12,2026-09-21 03:13:58.807127,UNK C/S,17-46037,3271,23025,24.9,57.4,KC-46A Pegasus,,,,False,mode_s
ae145f,2026-09-21 03:13:58.807131,RCH307,06-6161,6732,36000,46.6,-110.2,C-17A Globemaster,,,,False,mode_s
ae0358,2026-09-21 03:14:59.012584,ADVIC44,57-1427,6273,34000,42.847527,-106.632332,KC-135R Stratotanker,276,562,0,False,mlat
aee668,2026-09-21 03:14:59.012603,UNK C/S,,2243,26000,33.074924,-99.231178,E-6B TACAMO,323,290,0,False,mlat
ae080c,2026-09-21 03:14:59.012613,RCH571,99-0166,2432,33000,38.241703,-90.465065,C-17A Globemaster,113,468,0,False,mlat
ae0859,2026-09-21 03:14:59.012622,UNK C/S,59-1506,2661,35000,47.834423,-76.873329,KC-135R Stratotanker,68,548,0,False,mlat
afdfdf,2026-09-21 03:14:59.012627,UNK C/S,,5617,24000,35.757221,-75.438873,E-6B TACAMO,360,281,0,False,mlat
ae013a,2026-09-21 03:14:59.012632,UNK C/S,59-1488,5346,50,43.051884,-70.813103,KC-135R Stratotanker,332,181,-1957,False,mlat
ae4d69,2026-09-21 03:14:59.012638,RCH145,10-0216,6236,32000,28.003046,-15.483906,C-17A Globemaster,33,482,0,False,mlat
ae07ce,2026-09-21 03:14:59.012644,RCH662,89-1190,7432,33025,34.591946,30.113869,C-17A Globemaster,139,478,,False,adsb_icao
ae05ac,2026-09-21 03:14:59.012649,UNK C/S,63-8029,3435,27525,24.689772,55.483341,KC-135R Stratotanker,148,438,0,False,mlat
7cf925,2026-09-21 03:14:59.012658,ASY753,A41-211,1062,21525,-11.98645,129.953064,C-17A Globemaster,277,405,544,False,adsb_icao
ae07d8,2026-09-21 03:14:59.012672,RCH252,92-3294,5171,32000,55.0,-9.1,C-17A Globemaster,,,,False,mode_s
ae1448,2026-09-21 03:14:59.012677,RCH278,04-4138,2000,Unavailable,35.9,-120.3,C-17A Globemaster,,,,False,mode_s
ae63bc,2026-09-21 03:14:59.012681,UNK C/S,20-46080,3275,20500,25.4,57.8,KC-46A Pegasus,,,,False,mode_s
ae5e12,2026-09-21 03:14:59.012687,UNK C/S,17-46037,3271,23025,24.7,56.6,KC-46A Pegasus,,,,False,mode_s
ae145f,2026-09-21 03:14:59.012692,RCH307,06-6161,6732,36000,46.9,-110.1,C-17A Globemaster,,,,False,mode_s
ae07e7,2026-09-21 03:14:59.012698,RCH600,95-0104,3314,Unavailable,31.6,33.3,C-17A Globemaster,324,449,,False,mode_s
ae0358,2026-09-21 03:15:59.343617,ADVIC44,57-1427,6273,34000,42.857044,-106.802933,KC-135R Stratotanker,271,501,0,False,mlat
aee668,2026-09-21 03:15:59.343634,UNK C/S,,2243,26000,33.138367,-99.301666,E-6B TACAMO,322,314,0,False,mlat
ae080c,2026-09-21 03:15:59.343643,RCH571,99-0166,2432,33000,38.187176,-90.311607,C-17A Globemaster,113,471,0,False,mlat
ae0859,2026-09-21 03:15:59.343651,UNK C/S,59-1506,2661,35000,47.890625,-76.657112,KC-135R Stratotanker,69,548,0,False,mlat
afdfdf,2026-09-21 03:15:59.343655,UNK C/S,,5617,24000,35.839344,-75.469299,E-6B TACAMO,345,329,0,False,mlat
ae4d69,2026-09-21 03:15:59.343660,RCH145,10-0216,6236,32000,28.113411,-15.402155,C-17A Globemaster,33,477,0,False,mlat
ae07e7,2026-09-21 03:15:59.343666,RCH600,95-0104,3314,36000,30.314896,28.359053,C-17A Globemaster,324,449,,False,adsb_icao
ae07ce,2026-09-21 03:15:59.343670,RCH662,89-1190,7432,33000,34.490067,30.21941,C-17A Globemaster,139,483,,False,adsb_icao
ae05ac,2026-09-21 03:15:59.343675,UNK C/S,63-8029,3435,27525,24.610779,55.597969,KC-135R Stratotanker,81,480,-32,False,mlat
7cf925,2026-09-21 03:15:59.343683,ASY753,A41-211,1062,22325,-11.970703,129.836288,C-17A Globemaster,277,409,672,False,adsb_icao
ae07d8,2026-09-21 03:15:59.343696,RCH252,92-3294,5171,32000,54.5,-9.5,C-17A Globemaster,,,,False,mode_s
ae63bc,2026-09-21 03:15:59.343700,UNK C/S,20-46080,3275,20500,25.6,58.0,KC-46A Pegasus,,,,False,mode_s
ae5e12,2026-09-21 03:15:59.343706,UNK C/S,17-46037,3271,23025,24.7,55.9,KC-46A Pegasus,,,,False,mode_s
ae145f,2026-09-21 03:15:59.343710,RCH307,06-6161,6732,36000,46.3,-110.7,C-17A Globemaster,,,,False,mode_s
ae0358,2026-09-21 03:16:59.513317,ADVIC44,57-1427,6273,34000,42.867367,-106.937347,KC-135R Stratotanker,269,426,-11,False,mlat
aee668,2026-09-21 03:16:59.513341,UNK C/S,,2243,26000,33.192516,-99.359489,E-6B TACAMO,318,279,0,False,mlat
ae080c,2026-09-21 03:16:59.513355,RCH571,99-0166,2432,33000,38.130245,-90.156296,C-17A Globemaster,115,489,0,False,mlat
ae0859,2026-09-21 03:16:59.513365,UNK C/S,59-1506,2661,35000,47.938938,-76.464516,KC-135R Stratotanker,69,548,-64,False,mlat
afdfdf,2026-09-21 03:16:59.513369,UNK C/S,,5617,24000,35.917301,-75.496063,E-6B TACAMO,341,306,0,False,mlat
ae4d69,2026-09-21 03:16:59.513376,RCH145,10-0216,6236,32000,28.223419,-15.319878,C-17A Globemaster,34,479,0,False,mlat
ae07e7,2026-09-21 03:16:59.513382,RCH600,95-0104,3314,36000,30.460245,28.238434,C-17A Globemaster,324,449,,False,adsb_icao
ae07ce,2026-09-21 03:16:59.513386,RCH662,89-1190,7432,33025,34.387207,30.325413,C-17A Globemaster,139,483,,False,adsb_icao
ae05ac,2026-09-21 03:16:59.513392,UNK C/S,63-8029,3435,27500,24.682495,55.730255,KC-135R Stratotanker,21,494,192,False,mlat
7cf925,2026-09-21 03:16:59.513401,ASY753,A41-211,1062,22725,-11.959363,129.753891,C-17A Globemaster,277,415,320,False,adsb_icao
ae07d8,2026-09-21 03:16:59.513416,RCH252,92-3294,5171,32000,54.4,-9.5,C-17A Globemaster,,,,False,mode_s
ae1448,2026-09-21 03:16:59.513421,RCH278,04-4138,2000,Unavailable,35.9,-120.2,C-17A Globemaster,,,,False,mode_s
ae63bc,2026-09-21 03:16:59.513426,UNK C/S,20-46080,3275,20500,24.8,57.4,KC-46A Pegasus,,,,False,mode_s
ae5e12,2026-09-21 03:16:59.513431,UNK C/S,17-46037,3271,23025,25.1,56.2,KC-46A Pegasus,,,,False,mode_s
ae145f,2026-09-21 03:16:59.513435,RCH307,06-6161,6732,36000,46.4,-111.2,C-17A Globemaster,,,,False,mode_s
ae0358,2026-09-21 03:17:59.720862,ADVIC44,57-1427,6273,34000,42.825417,-107.157066,KC-135R Stratotanker,250,482,0,False,mlat
aee668,2026-09-21 03:17:59.720883,UNK C/S,,2243,26000,33.256474,-99.431236,E-6B TACAMO,318,299,0,False,mlat
ae080c,2026-09-21 03:17:59.720894,RCH571,99-0166,2432,33000,38.071651,-89.995575,C-17A Globemaster,117,496,0,False,mlat
ae0859,2026-09-21 03:17:59.720903,UNK C/S,59-1506,2661,35000,47.996868,-76.239288,KC-135R Stratotanker,69,548,0,False,mlat
afdfdf,2026-09-21 03:17:59.720908,UNK C/S,,5617,24000,35.997635,-75.526604,E-6B TACAMO,347,294,0,False,mlat
ae4d69,2026-09-21 03:17:59.720915,RCH145,10-0216,6236,32000,28.336954,-15.235008,C-17A Globemaster,34,484,0,False,mlat
ae07e7,2026-09-21 03:17:59.720922,RCH600,95-0104,3314,36000,30.480963,28.221239,C-17A Globemaster,324,449,,False,adsb_icao
ae07ce,2026-09-21 03:17:59.720926,RCH662,89-1190,7432,33025,34.284668,30.43084,C-17A Globemaster,139,483,,False,adsb_icao
ae05ac,2026-09-21 03:17:59.720932,UNK C/S,63-8029,3435,27500,24.80085,55.727966,KC-135R Stratotanker,308,460,32,False,mlat
7cf925,2026-09-21 03:17:59.720941,ASY753,A41-211,1062,23100,-11.943116,129.63414,C-17A Globemaster,277,427,,False,adsb_icao
ae07d8,2026-09-21 03:17:59.720956,RCH252,92-3294,5171,32000,54.6,-9.2,C-17A Globemaster,,,,False,mode_s
ae1448,2026-09-21 03:17:59.720960,RCH278,04-4138,2000,Unavailable,35.5,-120.0,C-17A Globemaster,,,,False,mode_s
ae63bc,2026-09-21 03:17:59.720965,UNK C/S,20-46080,3275,20500,24.6,57.2,KC-46A Pegasus,,,,False,mode_s
ae5e12,2026-09-21 03:17:59.720971,UNK C/S,17-46037,3271,23025,25.2,56.8,KC-46A Pegasus,,,,False,mode_s
ae145f,2026-09-21 03:17:59.720975,RCH307,06-6161,6732,36000,46.4,-110.9,C-17A Globemaster,,,,False,mode_s
ae0358,2026-09-21 03:18:59.901861,ADVIC44,57-1427,6273,34000,42.799641,-107.27079,KC-135R Stratotanker,254,464,0,False,mlat
aee668,2026-09-21 03:18:59.901880,UNK C/S,,2243,26000,33.315777,-99.498253,E-6B TACAMO,314,288,0,False,mlat
ae080c,2026-09-21 03:18:59.901890,RCH571,99-0166,2432,33000,38.017235,-89.847412,C-17A Globemaster,117,470,0,False,mlat
ae0859,2026-09-21 03:18:59.901899,UNK C/S,59-1506,2661,35000,48.050346,-76.025085,KC-135R Stratotanker,69,548,-32,False,mlat
afdfdf,2026-09-21 03:18:59.901903,UNK C/S,,5617,24000,36.073429,-75.558296,E-6B TACAMO,339,302,0,False,mlat
ae4d69,2026-09-21 03:18:59.901910,RCH145,10-0216,6236,32000,28.449854,-15.150721,C-17A Globemaster,34,488,0,False,mlat
ae07e7,2026-09-21 03:18:59.901916,RCH600,95-0104,3314,36000,30.639084,28.08951,C-17A Globemaster,324,446,,False,adsb_icao
ae07ce,2026-09-21 03:18:59.901921,RCH662,89-1190,7432,33025,34.181911,30.536213,C-17A Globemaster,139,481,,False,adsb_icao
ae05ac,2026-09-21 03:18:59.901926,UNK C/S,63-8029,3435,27500,24.82531,55.576412,KC-135R Stratotanker,258,446,0,False,mlat
7cf925,2026-09-21 03:18:59.901935,ASY753,A41-211,1062,23625,-11.924402,129.496811,C-17A Globemaster,,,,False,adsb_icao
ae63bc,2026-09-21 03:18:59.901948,UNK C/S,20-46080,3275,20500,25.1,58.3,KC-46A Pegasus,,,,False,mode_s
ae5e12,2026-09-21 03:18:59.901954,UNK C/S,17-46037,3271,23025,24.7,56.5,KC-46A Pegasus,,,,False,mode_s
ae145f,2026-09-21 03:18:59.901958,RCH307,06-6161,6732,36000,46.5,-111.2,C-17A Globemaster,,,,False,mode_s
aee668,2026-09-21 03:20:00.084562,UNK C/S,,2243,26000,33.376175,-99.562096,E-6B TACAMO,319,290,0,False,mlat
ae080c,2026-09-21 03:20:00.084583,RCH571,99-0166,2432,33000,37.957378,-89.685677,C-17A Globemaster,115,493,0,False,mlat
ae0859,2026-09-21 03:20:00.084593,UNK C/S,59-1506,2661,35000,48.100563,-75.823166,KC-135R Stratotanker,69,548,0,False,mlat
afdfdf,2026-09-21 03:20:00.084597,UNK C/S,,5617,24000,36.156586,-75.587418,E-6B TACAMO,345,308,0,False,mlat
ae4d69,2026-09-21 03:20:00.084604,RCH145,10-0216,6236,32000,28.555191,-15.071956,C-17A Globemaster,33,487,0,False,mlat
ae07e7,2026-09-21 03:20:00.084609,RCH600,95-0104,3314,36000,30.769772,27.980255,C-17A Globemaster,324,443,,False,adsb_icao
ae07ce,2026-09-21 03:20:00.084614,RCH662,89-1190,7432,33025,34.081879,30.638515,C-17A Globemaster,139,479,,False,adsb_icao
ae05ac,2026-09-21 03:20:00.084619,UNK C/S,63-8029,3435,27500,24.792706,55.447803,KC-135R Stratotanker,249,446,160,False,mlat
ae63bc,2026-09-21 03:20:00.084640,UNK C/S,20-46080,3275,20500,24.5,56.7,KC-46A Pegasus,,,,False,mode_s
ae5e12,2026-09-21 03:20:00.084646,UNK C/S,17-46037,3271,23025,24.7,56.6,KC-46A Pegasus,,,,False,mode_s
ae145f,2026-09-21 03:20:00.084650,RCH307,06-6161,6732,36000,46.7,-111.2,C-17A Globemaster,,,,False,mode_s
ae0358,2026-09-21 03:20:00.084656,ADVIC44,57-1427,6273,34000,42.8,-107.1,KC-135R Stratotanker,,,,False,mode_s
aee668,2026-09-21 03:21:00.283220,UNK C/S,,2243,26000,33.436024,-99.630569,E-6B TACAMO,316,301,0,False,mlat
ae080c,2026-09-21 03:21:00.283240,RCH571,99-0166,2432,32075,37.900543,-89.530663,C-17A Globemaster,116,486,-1662,False,mlat
ae0859,2026-09-21 03:21:00.283250,UNK C/S,59-1506,2661,35000,48.144333,-75.648735,KC-135R Stratotanker,69,550,0,False,mlat
afdfdf,2026-09-21 03:21:00.283255,UNK C/S,,5617,24000,36.237553,-75.618103,E-6B TACAMO,326,278,0,False,mlat
ae4d69,2026-09-21 03:21:00.283261,RCH145,10-0216,6236,32000,28.672104,-14.98381,C-17A Globemaster,33,481,0,False,mlat
ae07e7,2026-09-21 03:21:00.283266,RCH600,95-0104,3314,36000,30.87093,27.89533,C-17A Globemaster,324,446,,False,adsb_icao
ae07ce,2026-09-21 03:21:00.283271,RCH662,89-1190,7432,33025,33.978745,30.743559,C-17A Globemaster,139,477,,False,adsb_icao
ae05ac,2026-09-21 03:21:00.283307,UNK C/S,63-8029,3435,27525,24.74502,55.323589,KC-135R Stratotanker,248,456,0,False,mlat
ae1448,2026-09-21 03:21:00.283336,RCH278,04-4138,2000,Unavailable,35.4,-120.8,C-17A Globemaster,,,,False,mode_s
ae63bc,2026-09-21 03:21:00.283345,UNK C/S,20-46080,3275,20500,24.9,56.2,KC-46A Pegasus,,,,False,mode_s
ae5e12,2026-09-21 03:21:00.283351,UNK C/S,17-46037,3271,23050,24.9,56.2,KC-46A Pegasus,,,,False,mode_s
ae145f,2026-09-21 03:21:00.283355,RCH307,06-6161,6732,36000,46.7,-113.0,C-17A Globemaster,,,,False,mode_s
ae0358,2026-09-21 03:21:00.283362,ADVIC44,57-1427,6273,34000,42.6,-107.0,KC-135R Stratotanker,,,,False,mode_s
7cf925,2026-09-21 03:21:00.283367,ASY753,A41-211,1062,Unavailable,-12.7,130.1,C-17A Globemaster,,,,False,mode_s
aee668,2026-09-21 03:22:00.456834,UNK C/S,,2243,26000,33.498711,-99.69944,E-6B TACAMO,312,282,0,False,mlat
ae080c,2026-09-21 03:22:00.456852,RCH571,99-0166,2432,29925,37.846447,-89.385475,C-17A Globemaster,115,470,-2234,False,mlat
afdfdf,2026-09-21 03:22:00.456860,UNK C/S,,5617,24000,36.317101,-75.649681,E-6B TACAMO,351,314,0,False,mlat
ae0859,2026-09-21 03:22:00.456865,UNK C/S,59-1506,2661,35000,48.187,-75.46537,KC-135R Stratotanker,69,552,0,False,mlat
ae4d69,2026-09-21 03:22:00.456870,RCH145,10-0216,6236,32000,28.784475,-14.89917,C-17A Globemaster,34,491,0,False,mlat
ae07e7,2026-09-21 03:22:00.456875,RCH600,95-0104,3314,36000,30.970963,27.811243,C-17A Globemaster,323,452,0,False,adsb_icao
ae07ce,2026-09-21 03:22:00.456879,RCH662,89-1190,7432,33000,33.877762,30.846079,C-17A Globemaster,139,475,,False,adsb_icao
ae05ac,2026-09-21 03:22:00.456884,UNK C/S,63-8029,3435,27500,24.730303,55.193321,KC-135R Stratotanker,288,462,64,False,mlat
ae63bc,2026-09-21 03:22:00.456888,UNK C/S,20-46080,3275,20500,24.808744,57.585617,KC-46A Pegasus,293,388,0,False,mlat
ae5e12,2026-09-21 03:22:00.456904,UNK C/S,17-46037,3271,23025,24.7,55.8,KC-46A Pegasus,,,,False,mode_s
ae145f,2026-09-21 03:22:00.456908,RCH307,06-6161,6732,36000,46.7,-114.0,C-17A Globemaster,,,,False,mode_s
ae0358,2026-09-21 03:22:00.456915,ADVIC44,57-1427,6273,33975,42.1,-106.7,KC-135R Stratotanker,,,,False,mode_s
aee668,2026-09-21 03:23:00.635946,UNK C/S,,2243,26000,33.550579,-99.759293,E-6B TACAMO,316,293,0,False,mlat
ae080c,2026-09-21 03:23:00.635965,RCH571,99-0166,2432,27650,37.789822,-89.2342,C-17A Globemaster,114,471,-2333,False,mlat
afdfdf,2026-09-21 03:23:00.635974,UNK C/S,,5617,24000,36.395527,-75.67852,E-6B TACAMO,341,298,0,False,mlat
ae0859,2026-09-21 03:23:00.635979,UNK C/S,59-1506,2661,35000,48.23291,-75.282021,KC-135R Stratotanker,70,552,0,False,mlat
ae4d69,2026-09-21 03:23:00.635985,RCH145,10-0216,6236,32000,28.87505,-14.829174,C-17A Globemaster,34,486,0,False,mlat
ae07e7,2026-09-21 03:23:00.635990,RCH600,95-0104,3314,36000,30.995041,27.790995,C-17A Globemaster,324,451,,False,adsb_icao
ae07ce,2026-09-21 03:23:00.635995,RCH662,89-1190,7432,33000,33.777054,30.948038,C-17A Globemaster,139,474,,False,adsb_icao
ae05ac,2026-09-21 03:23:00.636001,UNK C/S,63-8029,3435,27525,24.773815,55.05772,KC-135R Stratotanker,284,466,-160,False,mlat
ae63bc,2026-09-21 03:23:00.636006,UNK C/S,20-46080,3275,20500,24.831015,57.494068,KC-46A Pegasus,284,350,0,False,mlat
ae5e12,2026-09-21 03:23:00.636023,UNK C/S,17-46037,3271,23025,24.5,56.5,KC-46A Pegasus,,,,False,mode_s
ae145f,2026-09-21 03:23:00.636027,RCH307,06-6161,6732,36000,43.4,-114.0,C-17A Globemaster,,,,False,mode_s
ae0358,2026-09-21 03:23:00.636034,ADVIC44,57-1427,6273,34000,42.4,-107.1,KC-135R Stratotanker,,,,False,mode_s
aee668,2026-09-21 03:24:00.839363,UNK C/S,,2243,26000,33.612358,-99.828529,E-6B TACAMO,317,290,0,False,mlat
ae080c,2026-09-21 03:24:00.839383,RCH571,99-0166,2432,25375,37.732162,-89.085075,C-17A Globemaster,116,446,-2254,False,mlat
afdfdf,2026-09-21 03:24:00.839391,UNK C/S,,5617,24000,36.471233,-75.708122,E-6B TACAMO,341,290,0,False,mlat
ae4d69,2026-09-21 03:24:00.839398,RCH145,10-0216,6236,32000,28.989859,-14.744354,C-17A Globemaster,34,487,0,False,mlat
ae07ce,2026-09-21 03:24:00.839404,RCH662,89-1190,7432,33025,33.675247,31.050671,C-17A Globemaster,139,473,,False,adsb_icao
ae05ac,2026-09-21 03:24:00.839410,UNK C/S,63-8029,3435,27500,24.774622,54.913792,KC-135R Stratotanker,250,458,-416,False,mlat
ae63bc,2026-09-21 03:24:00.839414,UNK C/S,20-46080,3275,20500,24.768221,57.368053,KC-46A Pegasus,220,457,0,False,mlat
ae0859,2026-09-21 03:24:00.839428,UNK C/S,59-1506,2661,35000,47.6,-73.4,KC-135R Stratotanker,70,554,-64,False,mode_s
ae5e12,2026-09-21 03:24:00.839437,UNK C/S,17-46037,3271,23025,25.1,55.5,KC-46A Pegasus,,,,False,mode_s
ae145f,2026-09-21 03:24:00.839440,RCH307,06-6161,6732,36000,46.1,-112.9,C-17A Globemaster,,,,False,mode_s
ae0358,2026-09-21 03:24:00.839446,ADVIC44,57-1427,6273,34000,42.5,-107.3,KC-135R Stratotanker,,,,False,mode_s
ae145f,2026-09-21 03:25:01.021919,RCH307,06-6161,6732,36000,45.235016,-112.684273,C-17A Globemaster,,,0,False,mlat
aee668,2026-09-21 03:25:01.021936,UNK C/S,,2243,26000,33.674747,-99.89817,E-6B TACAMO,316,297,0,False,mlat
ae080c,2026-09-21 03:25:01.021945,RCH571,99-0166,2432,23100,37.675121,-88.930687,C-17A Globemaster,115,486,-2274,False,mlat
afdfdf,2026-09-21 03:25:01.021952,UNK C/S,,5617,24000,36.552746,-75.738922,E-6B TACAMO,346,292,0,False,mlat
ae0859,2026-09-21 03:25:01.021957,UNK C/S,59-1506,2661,35000,48.333153,-74.859871,KC-135R Stratotanker,70,554,0,False,mlat
ae4d69,2026-09-21 03:25:01.021963,RCH145,10-0216,6236,32000,29.075947,-14.679061,C-17A Globemaster,34,490,0,False,mlat
ae07ce,2026-09-21 03:25:01.021969,RCH662,89-1190,7432,33000,33.574497,31.152077,C-17A Globemaster,140,474,,False,adsb_icao
ae05ac,2026-09-21 03:25:01.021974,UNK C/S,63-8029,3435,27500,24.698984,54.806969,KC-135R Stratotanker,222,452,160,False,mlat
ae63bc,2026-09-21 03:25:01.021979,UNK C/S,20-46080,3275,20500,24.683731,57.336826,KC-46A Pegasus,186,443,74,False,mlat
ae5e12,2026-09-21 03:25:01.021995,UNK C/S,17-46037,3271,23025,24.7,56.1,KC-46A Pegasus,,,,False,mode_s
ae0358,2026-09-21 03:25:01.022001,ADVIC44,57-1427,6273,34000,42.1,-106.7,KC-135R Stratotanker,,,,False,mode_s
ae145f,2026-09-21 03:26:01.222169,RCH307,06-6161,6732,36000,45.143929,-112.851532,C-17A Globemaster,,,0,False,mlat
ae0358,2026-09-21 03:26:01.222181,ADVIC44,57-1427,6273,34000,42.550961,-108.3908,KC-135R Stratotanker,,,0,False,mlat
aee668,2026-09-21 03:26:01.222188,UNK C/S,,2243,26000,33.735954,-99.96534,E-6B TACAMO,321,310,0,False,mlat
ae080c,2026-09-21 03:26:01.222196,RCH571,99-0166,1335,20850,37.616501,-88.77652,C-17A Globemaster,115,503,-2286,False,mlat
afdfdf,2026-09-21 03:26:01.222202,UNK C/S,,5617,24000,36.631672,-75.764503,E-6B TACAMO,344,298,0,False,mlat
ae4d69,2026-09-21 03:26:01.222207,RCH145,10-0216,6236,32000,29.247253,-14.551367,C-17A Globemaster,32,495,0,False,mlat
ae07ce,2026-09-21 03:26:01.222213,RCH662,89-1190,7432,33025,33.47348,31.253302,C-17A Globemaster,140,470,,False,adsb_icao
ae05ac,2026-09-21 03:26:01.222218,UNK C/S,63-8029,3435,27500,24.610979,54.724983,KC-135R Stratotanker,236,446,128,False,mlat
ae63bc,2026-09-21 03:26:01.222223,UNK C/S,20-46080,3275,20500,24.639471,57.344585,KC-46A Pegasus,168,406,-53,False,mlat
ae0859,2026-09-21 03:26:01.222236,UNK C/S,59-1506,2661,35000,47.3,-71.9,KC-135R Stratotanker,70,554,-32,False,mode_s
ae5e12,2026-09-21 03:26:01.222244,UNK C/S,17-46037,3271,23025,25.2,56.7,KC-46A Pegasus,,,,False,mode_s
aee668,2026-09-21 03:27:01.390108,UNK C/S,,2243,26000,33.796345,-100.034431,E-6B TACAMO,317,287,0,False,mlat
ae080c,2026-09-21 03:27:01.390127,RCH571,99-0166,1335,19000,37.557037,-88.621933,C-17A Globemaster,115,456,-1229,False,mlat
afdfdf,2026-09-21 03:27:01.390135,UNK C/S,,5617,24000,36.708488,-75.797211,E-6B TACAMO,343,302,0,False,mlat
ae4d69,2026-09-21 03:27:01.390141,RCH145,10-0216,6236,32000,29.343569,-14.471584,C-17A Globemaster,35,467,0,False,mlat
ae07ce,2026-09-21 03:27:01.390147,RCH662,89-1190,7432,33000,33.373718,31.35302,C-17A Globemaster,140,465,,False,adsb_icao
ae05ac,2026-09-21 03:27:01.390152,UNK C/S,63-8029,3435,27500,24.569422,54.597935,KC-135R Stratotanker,271,440,32,False,mlat
ae63bc,2026-09-21 03:27:01.390157,UNK C/S,20-46080,3275,20525,24.543156,57.428417,KC-46A Pegasus,118,337,77,False,mlat
ae0859,2026-09-21 03:27:01.390170,UNK C/S,59-1506,2661,35000,47.4,-72.3,KC-135R Stratotanker,70,554,288,False,mode_s
ae5e12,2026-09-21 03:27:01.390177,UNK C/S,17-46037,3271,23025,25.0,56.3,KC-46A Pegasus,,,,False,mode_s
ae145f,2026-09-21 03:27:01.390182,RCH307,06-6161,6732,36000,45.6,-113.4,C-17A Globemaster,,,,False,mode_s
ae1458,2026-09-21 03:27:01.390186,RCH118,06-6154,2413,Unavailable,26.3,128.3,C-17A Globemaster,,,,False,mode_s
ae0358,2026-09-21 03:27:01.390192,ADVIC44,57-1427,6273,34000,42.2,-107.4,KC-135R Stratotanker,,,,False,mode_s
aee668,2026-09-21 03:28:01.574573,UNK C/S,,2243,26000,33.851891,-100.096771,E-6B TACAMO,322,292,0,False,mlat
ae080c,2026-09-21 03:28:01.574589,RCH571,99-0166,1335,18975,37.504696,-88.484245,C-17A Globemaster,116,454,0,False,mlat
afdfdf,2026-09-21 03:28:01.574597,UNK C/S,,5617,24000,36.78957,-75.827728,E-6B TACAMO,345,301,0,False,mlat
ae4d69,2026-09-21 03:28:01.574603,RCH145,10-0216,6236,32000,29.463812,-14.380387,C-17A Globemaster,33,489,0,False,mlat
ae07ce,2026-09-21 03:28:01.574609,RCH662,89-1190,7432,33025,33.274143,31.452175,C-17A Globemaster,140,467,,False,adsb_icao
ae05ac,2026-09-21 03:28:01.574614,UNK C/S,63-8029,3435,27500,24.585552,54.473763,KC-135R Stratotanker,284,440,32,False,mlat
ae0859,2026-09-21 03:28:01.574626,UNK C/S,59-1506,2661,35000,48.0,-73.8,KC-135R Stratotanker,71,554,160,False,mode_s
ae63bc,2026-09-21 03:28:01.574633,UNK C/S,20-46080,3275,20500,25.4,58.4,KC-46A Pegasus,,,,False,mode_s
ae5e12,2026-09-21 03:28:01.574638,UNK C/S,17-46037,3271,23025,25.0,55.7,KC-46A Pegasus,,,,False,mode_s
ae145f,2026-09-21 03:28:01.574642,RCH307,06-6161,6732,36000,44.6,-113.4,C-17A Globemaster,,,,False,mode_s
ae0358,2026-09-21 03:28:01.574648,ADVIC44,57-1427,6273,34000,42.6,-107.6,KC-135R Stratotanker,,,,False,mode_s
ae145f,2026-09-21 03:29:01.779052,RCH307,06-6161,6732,36000,44.949921,-113.195633,C-17A Globemaster,,,0,False,mode_s
aee668,2026-09-21 03:29:01.779067,UNK C/S,,2243,26000,33.911976,-100.165413,E-6B TACAMO,315,289,0,False,mlat
ae080c,2026-09-21 03:29:01.779075,RCH571,99-0166,1335,18975,37.449055,-88.340797,C-17A Globemaster,114,452,0,False,mlat
afdfdf,2026-09-21 03:29:01.779082,UNK C/S,,5617,24000,36.870056,-75.858032,E-6B TACAMO,350,271,0,False,mlat
ae4d69,2026-09-21 03:29:01.779087,RCH145,10-0216,6236,32000,29.515453,-14.337582,C-17A Globemaster,34,481,0,False,mlat
ae07ce,2026-09-21 03:29:01.779093,RCH662,89-1190,7432,33025,33.173721,31.55191,C-17A Globemaster,140,468,,False,adsb_icao
ae05ac,2026-09-21 03:29:01.779099,UNK C/S,63-8029,3435,27500,24.611874,54.356335,KC-135R Stratotanker,295,446,-128,False,mlat
ae0859,2026-09-21 03:29:01.779110,UNK C/S,59-1506,2661,35000,47.9,-73.2,KC-135R Stratotanker,71,556,-192,False,mode_s
ae63bc,2026-09-21 03:29:01.779116,UNK C/S,20-46080,3275,20500,25.0,57.5,KC-46A Pegasus,,,,False,mode_s
ae1448,2026-09-21 03:29:01.779120,RCH278,04-4138,2000,Unavailable,35.6,-120.6,C-17A Globemaster,,,,False,mode_s
ae5e12,2026-09-21 03:29:01.779125,UNK C/S,17-46037,3271,23050,25.0,56.3,KC-46A Pegasus,,,,False,mode_s
ae0358,2026-09-21 03:29:01.779131,ADVIC44,57-1427,6273,34000,42.4,-108.1,KC-135R Stratotanker,,,,False,mode_s
ae0358,2026-09-21 03:30:02.036758,ADVIC44,57-1427,6273,34000,42.402115,-109.092384,KC-135R Stratotanker,,,0,False,mlat
aee668,2026-09-21 03:30:02.036771,UNK C/S,,2243,26000,33.969383,-100.232964,E-6B TACAMO,316,284,0,False,mlat
ae080c,2026-09-21 03:30:02.036780,RCH571,99-0166,1335,17025,37.395115,-88.201981,C-17A Globemaster,117,432,-2175,False,mlat
afdfdf,2026-09-21 03:30:02.036787,UNK C/S,,5617,24000,36.948193,-75.888596,E-6B TACAMO,342,306,0,False,mlat
ae07e7,2026-09-21 03:30:02.036794,RCH600,95-0104,3314,36000,31.685669,27.203604,C-17A Globemaster,323,439,,False,other
ae07ce,2026-09-21 03:30:02.036799,RCH662,89-1190,7432,33000,33.07402,31.650677,C-17A Globemaster,140,464,,False,adsb_icao
ae05ac,2026-09-21 03:30:02.036804,UNK C/S,63-8029,3435,27500,24.655632,54.265186,KC-135R Stratotanker,301,454,64,False,mlat
ae0859,2026-09-21 03:30:02.036817,UNK C/S,59-1506,2661,35000,47.5,-72.6,KC-135R Stratotanker,71,556,0,False,mode_s
ae4d69,2026-09-21 03:30:02.036823,RCH145,10-0216,6236,32000,30.5,-14.4,C-17A Globemaster,,,,False,mode_s
ae63bc,2026-09-21 03:30:02.036827,UNK C/S,20-46080,3275,20500,25.1,58.1,KC-46A Pegasus,,,,False,mode_s
ae5e12,2026-09-21 03:30:02.036832,UNK C/S,17-46037,3271,23025,24.5,56.0,KC-46A Pegasus,,,,False,mode_s
ae145f,2026-09-21 03:30:02.036836,RCH307,06-6161,6732,36000,45.0,-113.5,C-17A Globemaster,,,,False,mode_s
ae1458,2026-09-21 03:30:02.036841,RCH118,06-6154,2413,Unavailable,26.3,128.3,C-17A Globemaster,,,,False,mode_s
ae145f,2026-09-21 03:31:02.223072,RCH307,06-6161,6732,36000,44.744244,-113.570122,C-17A Globemaster,,,0,False,mlat
ae0358,2026-09-21 03:31:02.223088,ADVIC44,57-1427,6273,34000,42.339752,-109.302025,KC-135R Stratotanker,,,0,False,mlat
aee668,2026-09-21 03:31:02.223095,UNK C/S,,2243,26000,34.031288,-100.301132,E-6B TACAMO,313,291,0,False,mlat
ae080c,2026-09-21 03:31:02.223103,RCH571,99-0166,1335,14800,37.346386,-88.069588,C-17A Globemaster,113,378,-2046,False,mlat
afdfdf,2026-09-21 03:31:02.223114,UNK C/S,,5617,23375,37.031113,-75.919968,E-6B TACAMO,344,289,-919,False,mlat
ae0859,2026-09-21 03:31:02.223119,UNK C/S,59-1506,2661,35000,48.639339,-73.546356,KC-135R Stratotanker,71,554,-192,False,mlat
ae07ce,2026-09-21 03:31:02.223126,RCH662,89-1190,7432,33000,32.974045,31.74939,C-17A Globemaster,140,465,,False,adsb_icao
ae05ac,2026-09-21 03:31:02.223140,UNK C/S,63-8029,3435,27500,25.0,55.0,KC-135R Stratotanker,302,460,-192,False,mode_s
ae4d69,2026-09-21 03:31:02.223146,RCH145,10-0216,6236,32000,30.1,-14.4,C-17A Globemaster,,,,False,mode_s
ae63bc,2026-09-21 03:31:02.223150,UNK C/S,20-46080,3275,20500,25.6,59.5,KC-46A Pegasus,,,,False,mode_s
ae5e12,2026-09-21 03:31:02.223155,UNK C/S,17-46037,3271,23025,24.9,55.8,KC-46A Pegasus,,,,False,mode_s
ae1458,2026-09-21 03:31:02.223160,RCH118,06-6154,2413,14975,26.3,128.3,C-17A Globemaster,,,,False,mode_s
aeed5f,2026-09-21 03:31:02.223164,UNK C/S,,Unavailable,Unavailable,41.0,-95.7,E-6B TACAMO,,,,False,mode_s
ae145f,2026-09-21 03:32:02.427217,RCH307,06-6161,6732,36000,44.660141,-113.71936,C-17A Globemaster,,,0,False,mlat
ae0358,2026-09-21 03:32:02.427233,ADVIC44,57-1427,6273,34000,42.305546,-109.44799,KC-135R Stratotanker,,,0,False,mlat
aee668,2026-09-21 03:32:02.427240,UNK C/S,,2243,26000,34.092121,-100.369087,E-6B TACAMO,318,280,0,False,mlat
aeed5f,2026-09-21 03:32:02.427246,UNK C/S,,2652,1775,41.150677,-95.961548,E-6B TACAMO,307,194,736,False,mlat
ae080c,2026-09-21 03:32:02.427252,RCH571,99-0166,1335,12800,37.295723,-87.941055,C-17A Globemaster,121,449,-2012,False,mlat
afdfdf,2026-09-21 03:32:02.427259,UNK C/S,,5617,22375,37.108086,-75.949928,E-6B TACAMO,342,290,-975,False,mlat
ae07ce,2026-09-21 03:32:02.427266,RCH662,89-1190,7432,33000,32.874207,31.847607,C-17A Globemaster,140,468,,False,adsb_icao
ae0859,2026-09-21 03:32:02.427313,UNK C/S,59-1506,2661,35000,47.4,-71.5,KC-135R Stratotanker,71,554,0,False,mode_s
ae05ac,2026-09-21 03:32:02.427326,UNK C/S,63-8029,3435,27500,24.9,55.1,KC-135R Stratotanker,292,462,-96,False,mode_s
ae4d69,2026-09-21 03:32:02.427336,RCH145,10-0216,6236,32000,30.5,-14.4,C-17A Globemaster,,,,False,mode_s
ae63bc,2026-09-21 03:32:02.427341,UNK C/S,20-46080,3275,20500,25.6,59.0,KC-46A Pegasus,,,,False,mode_s
ae5e12,2026-09-21 03:32:02.427347,UNK C/S,17-46037,3271,23025,25.0,56.1,KC-46A Pegasus,,,,False,mode_s
ae1458,2026-09-21 03:32:02.427352,RCH118,06-6154,2413,12950,26.3,128.3,C-17A Globemaster,,,,False,mode_s
ae145f,2026-09-21 03:33:02.601447,RCH307,06-6161,6732,36000,44.562832,-113.889709,C-17A Globemaster,226,485,0,False,mlat
aee668,2026-09-21 03:33:02.601468,UNK C/S,,2243,26000,34.148502,-100.433479,E-6B TACAMO,317,291,0,False,mlat
aeed5f,2026-09-21 03:33:02.601476,UNK C/S,,2652,3475,41.141235,-96.032494,E-6B TACAMO,224,257,1856,False,mlat
ae080c,2026-09-21 03:33:02.601484,RCH571,99-0166,1335,11200,37.236435,-87.831001,C-17A Globemaster,131,364,-1211,False,mlat
afdfdf,2026-09-21 03:33:02.601493,UNK C/S,,5617,21175,37.186268,-75.979263,E-6B TACAMO,342,291,-1215,False,mlat
ae07ce,2026-09-21 03:33:02.601502,RCH662,89-1190,3313,33025,32.774277,31.945604,C-17A Globemaster,140,464,,False,adsb_icao
ae0859,2026-09-21 03:33:02.601520,UNK C/S,59-1506,2661,35000,47.5,-71.4,KC-135R Stratotanker,,,,False,mode_s
ae05ac,2026-09-21 03:33:02.601527,UNK C/S,63-8029,3435,27500,25.0,55.2,KC-135R Stratotanker,298,460,512,False,mode_s
ae4d69,2026-09-21 03:33:02.601534,RCH145,10-0216,6236,32000,30.9,-14.2,C-17A Globemaster,,,,False,mode_s
ae63bc,2026-09-21 03:33:02.601538,UNK C/S,20-46080,3275,20500,25.6,59.6,KC-46A Pegasus,,,,False,mode_s
ae5e12,2026-09-21 03:33:02.601544,UNK C/S,17-46037,3271,23025,24.7,56.1,KC-46A Pegasus,,,,False,mode_s
ae1458,2026-09-21 03:33:02.601549,RCH118,06-6154,2413,11700,26.3,128.3,C-17A Globemaster,,,,False,mode_s
ae0358,2026-09-21 03:33:02.601555,ADVIC44,57-1427,6273,34000,42.0,-108.1,KC-135R Stratotanker,,,,False,mode_s
ae123f,2026-09-21 03:33:02.601559,X,04-4134,0701,34000,30.2,35.5,C-17A Globemaster,,,,False,mode_s
ae145f,2026-09-21 03:34:02.784620,RCH307,06-6161,6732,36000,44.473473,-114.034386,C-17A Globemaster,231,476,0,False,mlat
aee668,2026-09-21 03:34:02.784638,UNK C/S,,2243,26000,34.207935,-100.502274,E-6B TACAMO,317,287,0,False,mlat
aeed5f,2026-09-21 03:34:02.784646,UNK C/S,,2652,5050,41.096992,-96.106827,E-6B TACAMO,232,296,2234,False,mlat
ae080c,2026-09-21 03:34:02.784652,RCH571,99-0166,1335,10075,37.179516,-87.728981,C-17A Globemaster,127,337,-1006,False,mlat
afdfdf,2026-09-21 03:34:02.784661,UNK C/S,,5617,20150,37.261204,-76.008141,E-6B TACAMO,344,278,-1049,False,mlat
ae07e7,2026-09-21 03:34:02.784669,RCH600,95-0104,3314,36000,32.161777,26.792124,C-17A Globemaster,323,434,,False,adsb_icao
ae07ce,2026-09-21 03:34:02.784675,RCH662,89-1190,3313,33025,32.670731,32.038166,C-17A Globemaster,143,464,,False,adsb_icao
ae0859,2026-09-21 03:34:02.784690,UNK C/S,59-1506,2661,35000,47.4,-71.3,KC-135R Stratotanker,,,,False,mode_s
ae05ac,2026-09-21 03:34:02.784696,UNK C/S,63-8029,3435,27500,25.1,54.9,KC-135R Stratotanker,302,458,0,False,mode_s
ae4d69,2026-09-21 03:34:02.784701,RCH145,10-0216,6236,32000,30.0,-14.4,C-17A Globemaster,,,,False,mode_s
ae63bc,2026-09-21 03:34:02.784705,UNK C/S,20-46080,3275,20500,25.6,59.9,KC-46A Pegasus,,,,False,mode_s
ae5e12,2026-09-21 03:34:02.784711,UNK C/S,17-46037,3271,23025,24.3,56.0,KC-46A Pegasus,,,,False,mode_s
ae1458,2026-09-21 03:34:02.784715,RCH118,06-6154,2413,11100,26.0,127.5,C-17A Globemaster,,,,False,mode_s
ae0358,2026-09-21 03:34:02.784721,ADVIC44,57-1427,6273,34000,42.6,-107.5,KC-135R Stratotanker,,,,False,mode_s
ae123f,2026-09-21 03:34:02.784725,X,04-4134,0701,34000,31.6,32.6,C-17A Globemaster,,,,False,mode_s
ae145f,2026-09-21 03:35:02.970005,RCH307,06-6161,6732,36000,44.394131,-114.150261,C-17A Globemaster,225,458,0,False,mlat
aee668,2026-09-21 03:35:02.970025,UNK C/S,,2243,26000,34.263702,-100.565987,E-6B TACAMO,316,295,0,False,mlat
aeed5f,2026-09-21 03:35:02.970036,UNK C/S,,2652,7650,41.045208,-96.190659,E-6B TACAMO,234,295,2530,False,mlat
ae080c,2026-09-21 03:35:02.970044,RCH571,99-0166,1335,9100,37.132812,-87.644318,C-17A Globemaster,121,289,-1157,False,mlat
afdfdf,2026-09-21 03:35:02.970053,UNK C/S,,5617,19050,37.332771,-76.035873,E-6B TACAMO,342,272,-1165,False,mlat
ae07e7,2026-09-21 03:35:02.970061,RCH600,95-0104,3314,36000,32.255997,26.710127,C-17A Globemaster,323,436,,False,adsb_icao
ae07ce,2026-09-21 03:35:02.970068,RCH662,89-1190,3313,33025,32.565491,32.129021,C-17A Globemaster,143,468,,False,adsb_icao
ae0859,2026-09-21 03:35:02.970089,UNK C/S,59-1506,2661,35000,47.7,-71.9,KC-135R Stratotanker,,,,False,mode_s
ae05ac,2026-09-21 03:35:02.970097,UNK C/S,63-8029,3435,27500,25.0,54.9,KC-135R Stratotanker,308,460,32,False,mode_s
ae4d69,2026-09-21 03:35:02.970103,RCH145,10-0216,6236,32000,30.3,-14.3,C-17A Globemaster,,,,False,mode_s
ae63bc,2026-09-21 03:35:02.970108,UNK C/S,20-46080,3275,20500,25.6,59.8,KC-46A Pegasus,,,,False,mode_s
ae5e12,2026-09-21 03:35:02.970114,UNK C/S,17-46037,3271,23025,24.7,56.0,KC-46A Pegasus,,,,False,mode_s
ae1458,2026-09-21 03:35:02.970119,RCH118,06-6154,2413,10625,25.4,127.1,C-17A Globemaster,,,,False,mode_s
ae0358,2026-09-21 03:35:02.970124,ADVIC44,57-1427,6273,34000,41.1,-108.7,KC-135R Stratotanker,,,,False,mode_s
ae123f,2026-09-21 03:35:02.970129,X,04-4134,0701,34000,31.5,34.2,C-17A Globemaster,,,,False,mode_s
ae145f,2026-09-21 03:36:03.175311,RCH307,06-6161,6732,36000,44.294205,-114.290604,C-17A Globemaster,224,466,0,False,mlat
aee668,2026-09-21 03:36:03.175334,UNK C/S,,2243,26000,34.325619,-100.636986,E-6B TACAMO,317,283,0,False,mlat
aeed5f,2026-09-21 03:36:03.175344,UNK C/S,,2652,10300,40.996742,-96.26506,E-6B TACAMO,228,291,2536,False,mlat
ae080c,2026-09-21 03:36:03.175352,RCH571,99-0166,1335,7750,37.076996,-87.560341,C-17A Globemaster,128,315,-1374,False,mlat
afdfdf,2026-09-21 03:36:03.175360,UNK C/S,,5617,17975,37.401463,-76.062202,E-6B TACAMO,341,258,-1051,False,mlat
ae0859,2026-09-21 03:36:03.175366,UNK C/S,59-1506,2661,35575,48.902336,-72.333145,KC-135R Stratotanker,,,766,False,mlat
ae07e7,2026-09-21 03:36:03.175373,RCH600,95-0104,3314,36000,32.347706,26.629963,C-17A Globemaster,323,436,,False,adsb_icao
ae07ce,2026-09-21 03:36:03.175379,RCH662,89-1190,3313,33000,32.459106,32.220379,C-17A Globemaster,143,468,,False,adsb_icao
ae5e12,2026-09-21 03:36:03.175385,UNK C/S,17-46037,3271,23025,24.940331,56.617893,KC-46A Pegasus,,,68,False,mlat
ae05ac,2026-09-21 03:36:03.175403,UNK C/S,63-8029,3435,27500,25.1,54.7,KC-135R Stratotanker,308,458,0,False,mode_s
ae4d69,2026-09-21 03:36:03.175409,RCH145,10-0216,6236,32000,30.5,-15.0,C-17A Globemaster,,,,False,mode_s
ae63bc,2026-09-21 03:36:03.175413,UNK C/S,20-46080,3275,20525,24.9,57.1,KC-46A Pegasus,,,,False,mode_s
ae1458,2026-09-21 03:36:03.175419,RCH118,06-6154,2413,9075,25.4,127.1,C-17A Globemaster,,,,False,mode_s
ae0358,2026-09-21 03:36:03.175425,ADVIC44,57-1427,6273,34000,41.5,-110.3,KC-135R Stratotanker,,,,False,mode_s
ae123f,2026-09-21 03:36:03.175431,X,04-4134,0701,34000,31.6,32.6,C-17A Globemaster,,,,False,mode_s
ae145f,2026-09-21 03:37:03.377881,RCH307,06-6161,6732,36000,44.204983,-114.420433,C-17A Globemaster,226,466,0,False,mlat
aee668,2026-09-21 03:37:03.377899,UNK C/S,,2243,26000,34.380203,-100.700974,E-6B TACAMO,315,289,0,False,mlat
aeed5f,2026-09-21 03:37:03.377908,UNK C/S,,2652,11050,40.931633,-96.362335,E-6B TACAMO,230,364,722,False,mlat
ae080c,2026-09-21 03:37:03.377915,RCH571,99-0166,1335,6275,36.995579,-87.478714,C-17A Globemaster,123,319,-1460,False,mlat
afdfdf,2026-09-21 03:37:03.377922,UNK C/S,,5617,16975,37.474781,-76.092522,E-6B TACAMO,343,273,-1072,False,mlat
ae0859,2026-09-21 03:37:03.377927,UNK C/S,59-1506,2661,36400,48.942673,-72.107269,KC-135R Stratotanker,,,1064,False,mlat
ae07e7,2026-09-21 03:37:03.377934,RCH600,95-0104,3314,36000,32.380829,26.60103,C-17A Globemaster,323,433,,False,adsb_icao
ae07ce,2026-09-21 03:37:03.377940,RCH662,89-1190,3313,33025,32.355652,32.308922,C-17A Globemaster,144,465,,False,adsb_icao
ae05ac,2026-09-21 03:37:03.377957,UNK C/S,63-8029,3435,27500,24.8,54.7,KC-135R Stratotanker,308,454,0,False,mode_s
ae4d69,2026-09-21 03:37:03.377963,RCH145,10-0216,6236,32000,30.4,-13.8,C-17A Globemaster,,,,False,mode_s
ae63bc,2026-09-21 03:37:03.377967,UNK C/S,20-46080,3275,20500,24.6,56.0,KC-46A Pegasus,,,,False,mode_s
ae5e12,2026-09-21 03:37:03.377974,UNK C/S,17-46037,3271,23050,24.8,55.3,KC-46A Pegasus,,,,False,mode_s
ae1458,2026-09-21 03:37:03.377978,RCH118,06-6154,6050,7600,25.8,128.0,C-17A Globemaster,,,,False,mode_s
ae0358,2026-09-21 03:37:03.377985,ADVIC44,57-1427,6273,34000,42.1,-111.5,KC-135R Stratotanker,,,,False,mode_s
ae123f,2026-09-21 03:37:03.377989,X,04-4134,0701,34000,31.6,32.6,C-17A Globemaster,,,,False,mode_s
ae145f,2026-09-21 03:38:03.585631,RCH307,06-6161,6732,36000,44.114891,-114.545975,C-17A Globemaster,224,469,0,False,mlat
aee668,2026-09-21 03:38:03.585648,UNK C/S,,2243,26000,34.435959,-100.767258,E-6B TACAMO,314,290,0,False,mlat
aeed5f,2026-09-21 03:38:03.585655,UNK C/S,,2652,11950,40.867908,-96.462112,E-6B TACAMO,230,374,251,False,mlat
ae080c,2026-09-21 03:38:03.585661,RCH571,99-0166,1335,4825,36.966118,-87.411461,C-17A Globemaster,147,286,-1476,False,mlat
afdfdf,2026-09-21 03:38:03.585668,UNK C/S,,5617,15850,37.543152,-76.121185,E-6B TACAMO,335,245,-1107,False,mlat
ae0859,2026-09-21 03:38:03.585672,UNK C/S,59-1506,2661,36950,48.976357,-71.84565,KC-135R Stratotanker,,,615,False,mlat
ae07e7,2026-09-21 03:38:03.585677,RCH600,95-0104,3314,36000,32.499893,26.496607,C-17A Globemaster,324,433,0,False,adsb_icao
ae07ce,2026-09-21 03:38:03.585683,RCH662,89-1190,3313,33000,32.249496,32.399506,C-17A Globemaster,144,470,,False,adsb_icao
ae63bc,2026-09-21 03:38:03.585688,UNK C/S,20-46080,3275,20500,24.739874,57.74614,KC-46A Pegasus,,,0,False,mlat
ae05ac,2026-09-21 03:38:03.585702,UNK C/S,63-8029,3435,27500,25.3,53.3,KC-135R Stratotanker,319,452,0,False,mode_s
ae4d69,2026-09-21 03:38:03.585707,RCH145,10-0216,6236,32000,30.8,-14.9,C-17A Globemaster,,,,False,mode_s
ae5e12,2026-09-21 03:38:03.585713,UNK C/S,17-46037,3271,23025,24.7,55.7,KC-46A Pegasus,,,,False,mode_s
ae1458,2026-09-21 03:38:03.585717,RCH118,06-6154,6050,6050,26.9,128.4,C-17A Globemaster,,,,False,mode_s
ae0358,2026-09-21 03:38:03.585722,ADVIC44,57-1427,6273,34000,41.5,-111.5,KC-135R Stratotanker,,,,False,mode_s
ae123f,2026-09-21 03:38:03.585726,X,04-4134,0701,34000,31.5,34.2,C-17A Globemaster,,,,False,mode_s
ae145f,2026-09-21 03:39:03.768643,RCH307,06-6161,6732,36000,44.02597,-114.670471,C-17A Globemaster,225,446,0,False,mlat
ae0358,2026-09-21 03:39:03.768660,ADVIC44,57-1427,6273,34000,42.028126,-110.585197,KC-135R Stratotanker,,,0,False,mlat
aee668,2026-09-21 03:39:03.768667,UNK C/S,,2243,26000,34.499599,-100.837578,E-6B TACAMO,314,278,0,False,mlat
aeed5f,2026-09-21 03:39:03.768675,UNK C/S,,2652,11925,40.802498,-96.564354,E-6B TACAMO,229,360,0,False,mlat
ae080c,2026-09-21 03:39:03.768682,RCH571,99-0166,1335,3300,36.911697,-87.359688,C-17A Globemaster,153,226,-1387,False,mlat
afdfdf,2026-09-21 03:39:03.768689,UNK C/S,,5617,14800,37.605236,-76.155586,E-6B TACAMO,335,248,-1073,False,mlat
ae0859,2026-09-21 03:39:03.768694,UNK C/S,59-1506,2661,37000,49.049969,-71.621696,KC-135R Stratotanker,69,581,-1,False,mlat
ae07e7,2026-09-21 03:39:03.768699,RCH600,95-0104,3314,36000,32.558308,26.445269,C-17A Globemaster,324,,,False,other
ae07ce,2026-09-21 03:39:03.768705,RCH662,89-1190,3313,33025,32.142132,32.490887,C-17A Globemaster,144,469,,False,adsb_icao
ae5e12,2026-09-21 03:39:03.768710,UNK C/S,17-46037,3271,23050,25.019665,56.197414,KC-46A Pegasus,,,39,False,mlat
ae63bc,2026-09-21 03:39:03.768714,UNK C/S,20-46080,3275,20500,24.789921,57.641186,KC-46A Pegasus,,,0,False,mlat
ae05ac,2026-09-21 03:39:03.768731,UNK C/S,63-8029,3435,27500,25.2,53.8,KC-135R Stratotanker,319,450,-128,False,mode_s
ae4d69,2026-09-21 03:39:03.768737,RCH145,10-0216,6236,32000,30.7,-14.7,C-17A Globemaster,,,,False,mode_s
ae1458,2026-09-21 03:39:03.768742,RCH118,06-6154,6050,4425,26.3,128.3,C-17A Globemaster,,,,False,mode_s
ae123f,2026-09-21 03:39:03.768748,X,04-4134,0701,34000,31.6,33.3,C-17A Globemaster,,,,False,mode_s
ae145f,2026-09-21 03:40:04.015482,RCH307,06-6161,6732,36000,43.939758,-114.793198,C-17A Globemaster,225,469,0,False,mlat
ae0358,2026-09-21 03:40:04.015496,ADVIC44,57-1427,6273,34000,41.985912,-110.751312,KC-135R Stratotanker,250,405,0,False,mlat
aee668,2026-09-21 03:40:04.015503,UNK C/S,,2243,26000,34.557915,-100.904076,E-6B TACAMO,318,308,0,False,mlat
aeed5f,2026-09-21 03:40:04.015509,UNK C/S,,2652,11875,40.739212,-96.66198,E-6B TACAMO,230,356,-76,False,mlat
ae080c,2026-09-21 03:40:04.015515,RCH571,99-0166,1335,2525,36.875233,-87.32576,C-17A Globemaster,140,175,-400,False,mlat
afdfdf,2026-09-21 03:40:04.015521,UNK C/S,,5617,13925,37.667801,-76.190666,E-6B TACAMO,340,340,-798,False,mlat
ae0859,2026-09-21 03:40:04.015526,UNK C/S,59-1506,2661,37000,49.084152,-71.391518,KC-135R Stratotanker,71,583,69,False,mlat
ae07ce,2026-09-21 03:40:04.015532,RCH662,89-1190,3313,33025,32.036598,32.580402,C-17A Globemaster,144,467,0,False,adsb_icao
ae5e12,2026-09-21 03:40:04.015537,UNK C/S,17-46037,3271,23025,25.040497,56.090645,KC-46A Pegasus,,,68,False,mlat
ae63bc,2026-09-21 03:40:04.015541,UNK C/S,20-46080,3275,20500,24.820833,57.553299,KC-46A Pegasus,,,11,False,mlat
ae05ac,2026-09-21 03:40:04.015555,UNK C/S,63-8029,3435,27500,25.1,54.5,KC-135R Stratotanker,319,448,0,False,mode_s
ae4d69,2026-09-21 03:40:04.015560,RCH145,10-0216,6236,32000,30.9,-15.3,C-17A Globemaster,,,,False,mode_s
ae1458,2026-09-21 03:40:04.015564,RCH118,06-6154,6050,3150,26.0,127.5,C-17A Globemaster,,,,False,mode_s
ae123f,2026-09-21 03:40:04.015570,X,04-4134,0701,34000,31.7,31.3,C-17A Globemaster,,,,False,mode_s
ae145f,2026-09-21 03:41:04.190036,RCH307,06-6161,6732,36000,43.842136,-114.928177,C-17A Globemaster,225,460,0,False,mlat
ae0358,2026-09-21 03:41:04.190050,ADVIC44,57-1427,6273,34000,41.948368,-110.897278,KC-135R Stratotanker,253,450,0,False,mlat
aee668,2026-09-21 03:41:04.190057,UNK C/S,,2243,26000,34.616142,-100.972527,E-6B TACAMO,315,289,0,False,mlat
aeed5f,2026-09-21 03:41:04.190064,UNK C/S,,2652,11875,40.675411,-96.761681,E-6B TACAMO,230,326,0,False,mlat
ae080c,2026-09-21 03:41:04.190070,RCH571,99-0166,1335,2550,36.831001,-87.332268,C-17A Globemaster,200,161,0,False,mlat
afdfdf,2026-09-21 03:41:04.190077,UNK C/S,,5617,12925,37.729473,-76.226387,E-6B TACAMO,337,237,-943,False,mlat
ae0859,2026-09-21 03:41:04.190082,UNK C/S,59-1506,2661,37000,49.115295,-71.30912,KC-135R Stratotanker,72,581,1,False,mlat
ae07ce,2026-09-21 03:41:04.190089,RCH662,89-1190,3313,33025,31.995771,32.61499,C-17A Globemaster,144,468,,False,adsb_icao
ae5e12,2026-09-21 03:41:04.190095,UNK C/S,17-46037,3271,23025,25.057497,55.948872,KC-46A Pegasus,275,415,8,False,mlat
ae63bc,2026-09-21 03:41:04.190099,UNK C/S,20-46080,3275,20500,24.821814,57.439392,KC-46A Pegasus,284,336,0,False,mlat
ae05ac,2026-09-21 03:41:04.190113,UNK C/S,63-8029,3435,27500,24.9,54.4,KC-135R Stratotanker,319,448,0,False,mode_s
ae4d69,2026-09-21 03:41:04.190118,RCH145,10-0216,6236,32000,31.2,-14.9,C-17A Globemaster,,,,False,mode_s
ae1458,2026-09-21 03:41:04.190124,RCH118,06-6154,6050,2875,26.9,128.4,C-17A Globemaster,,,,False,mode_s
ae123f,2026-09-21 03:41:04.190128,X,04-4134,0701,34000,31.6,32.6,C-17A Globemaster,,,,False,mode_s
ae145f,2026-09-21 03:42:04.404978,RCH307,06-6161,6732,36000,43.752892,-115.052139,C-17A Globemaster,225,475,0,False,mlat
ae0358,2026-09-21 03:42:04.404994,ADVIC44,57-1427,6273,34000,41.909008,-111.050591,KC-135R Stratotanker,254,449,0,False,mlat
aee668,2026-09-21 03:42:04.405001,UNK C/S,,2243,26000,34.67448,-101.039825,E-6B TACAMO,317,291,0,False,mlat
aeed5f,2026-09-21 03:42:04.405007,UNK C/S,,2652,11900,40.621342,-96.84565,E-6B TACAMO,227,316,7,False,mlat
ae080c,2026-09-21 03:42:04.405013,RCH571,99-0166,1335,2575,36.775066,-87.365173,C-17A Globemaster,225,174,0,False,mlat
afdfdf,2026-09-21 03:42:04.405020,UNK C/S,,5617,11950,37.786598,-76.257942,E-6B TACAMO,339,235,-974,False,mlat
ae5e12,2026-09-21 03:42:04.405028,UNK C/S,17-46037,3271,23050,25.062731,55.803577,KC-46A Pegasus,266,439,1,False,mlat
ae63bc,2026-09-21 03:42:04.405032,UNK C/S,20-46080,3275,20500,24.764374,57.365448,KC-46A Pegasus,211,431,0,False,mlat
ae0859,2026-09-21 03:42:04.405046,UNK C/S,59-1506,2661,37000,47.5,-71.8,KC-135R Stratotanker,,,,False,mode_s
ae05ac,2026-09-21 03:42:04.405051,UNK C/S,63-8029,3435,27500,25.4,53.4,KC-135R Stratotanker,319,448,0,False,mode_s
ae4d69,2026-09-21 03:42:04.405056,RCH145,10-0216,6236,32000,31.4,-14.8,C-17A Globemaster,,,,False,mode_s
ae1458,2026-09-21 03:42:04.405062,RCH118,06-6154,6050,1875,26.0,127.5,C-17A Globemaster,,,,False,mode_s
ae123f,2026-09-21 03:42:04.405066,X,04-4134,1146,34000,34.6,33.8,C-17A Globemaster,,,,False,mode_s
ae07ce,2026-09-21 03:42:04.405071,X,89-1190,3313,33025,30.8,34.0,C-17A Globemaster,,,,False,mode_s
ae145f,2026-09-21 03:43:04.606158,RCH307,06-6161,6732,36000,43.663563,-115.176865,C-17A Globemaster,226,445,0,False,mlat
ae0358,2026-09-21 03:43:04.606170,ADVIC44,57-1427,6273,34000,41.871117,-111.199524,KC-135R Stratotanker,251,416,0,False,mlat
aee668,2026-09-21 03:43:04.606177,UNK C/S,,2243,26000,34.729897,-101.105286,E-6B TACAMO,316,292,0,False,mlat
aeed5f,2026-09-21 03:43:04.606183,UNK C/S,,2652,11900,40.560406,-96.93148,E-6B TACAMO,231,307,0,False,mlat
ae080c,2026-09-21 03:43:04.606189,RCH571,99-0166,1335,2100,36.741978,-87.406502,C-17A Globemaster,223,173,-806,False,mlat
afdfdf,2026-09-21 03:43:04.606195,UNK C/S,,5617,11100,37.841995,-76.290962,E-6B TACAMO,336,234,-732,False,mlat
ae0859,2026-09-21 03:43:04.606201,UNK C/S,59-1506,2661,37000,49.227867,-70.867546,KC-135R Stratotanker,,,0,False,mode_s
ae5e12,2026-09-21 03:43:04.606208,UNK C/S,17-46037,3271,23025,25.064186,55.665085,KC-46A Pegasus,272,432,11,False,mlat
ae63bc,2026-09-21 03:43:04.606212,UNK C/S,20-46080,3275,20500,24.641674,57.347149,KC-46A Pegasus,169,421,0,False,mlat
ae05ac,2026-09-21 03:43:04.606226,UNK C/S,63-8029,3435,27500,25.0,54.8,KC-135R Stratotanker,319,448,0,False,mode_s
ae4d69,2026-09-21 03:43:04.606231,RCH145,10-0216,6236,32000,30.8,-15.2,C-17A Globemaster,,,,False,mode_s
ae1458,2026-09-21 03:43:04.606237,RCH118,06-6154,6050,1275,27.2,127.9,C-17A Globemaster,,,,False,mode_s
ae123f,2026-09-21 03:43:04.606240,MOOSE63,04-4134,1146,34000,32.5,33.1,C-17A Globemaster,,,,False,mode_s
ae07ce,2026-09-21 03:43:04.606245,X,89-1190,3313,33025,32.0,33.5,C-17A Globemaster,,,,False,mode_s
ae145f,2026-09-21 03:44:04.796045,RCH307,06-6161,6732,36000,43.569851,-115.303795,C-17A Globemaster,225,459,0,False,mlat
ae0358,2026-09-21 03:44:04.796057,ADVIC44,57-1427,6273,34000,41.832684,-111.345963,KC-135R Stratotanker,252,423,0,False,mlat
aee668,2026-09-21 03:44:04.796064,UNK C/S,,2243,26000,34.786179,-101.17411,E-6B TACAMO,314,281,0,False,mlat
aeed5f,2026-09-21 03:44:04.796070,UNK C/S,,2652,11900,40.509296,-97.015564,E-6B TACAMO,228,316,0,False,mlat
ae080c,2026-09-21 03:44:04.796076,RCH571,99-0166,1335,1450,36.715355,-87.440224,C-17A Globemaster,223,122,-627,False,mlat
afdfdf,2026-09-21 03:44:04.796083,UNK C/S,,5617,10200,37.902073,-76.323982,E-6B TACAMO,333,212,-864,False,mlat
ae07ce,2026-09-21 03:44:04.796090,X,89-1190,3313,33025,31.636015,32.919628,C-17A Globemaster,,,-16,False,mlat
ae5e12,2026-09-21 03:44:04.796094,UNK C/S,17-46037,3271,23025,25.064665,55.534969,KC-46A Pegasus,272,419,-16,False,mlat
ae63bc,2026-09-21 03:44:04.796099,UNK C/S,20-46080,3275,20500,24.569441,57.390167,KC-46A Pegasus,149,361,-56,False,mlat
ae0859,2026-09-21 03:44:04.796113,UNK C/S,59-1506,2661,37000,48.2,-75.6,KC-135R Stratotanker,,,,False,mode_s
ae05ac,2026-09-21 03:44:04.796118,UNK C/S,63-8029,3435,27500,25.2,55.0,KC-135R Stratotanker,316,448,0,False,mode_s
ae4d69,2026-09-21 03:44:04.796123,RCH145,10-0216,6236,32000,30.8,-15.3,C-17A Globemaster,,,,False,mode_s
ae1458,2026-09-21 03:44:04.796128,RCH118,06-6154,6050,725,25.4,127.1,C-17A Globemaster,,,,False,mode_s
ae123f,2026-09-21 03:44:04.796132,MOOSE63,04-4134,1146,34000,31.6,32.7,C-17A Globemaster,,,,False,mode_s
ae145f,2026-09-21 03:45:04.971007,RCH307,06-6161,6732,36000,43.480026,-115.42701,C-17A Globemaster,226,445,0,False,mlat
ae0358,2026-09-21 03:45:04.971023,ADVIC44,57-1427,6273,34000,41.791534,-111.504265,KC-135R Stratotanker,250,417,0,False,mlat
aee668,2026-09-21 03:45:04.971030,UNK C/S,,2243,26000,34.844845,-101.240501,E-6B TACAMO,314,302,0,False,mlat
aeed5f,2026-09-21 03:45:04.971036,UNK C/S,,2652,11900,40.461075,-97.09082,E-6B TACAMO,226,321,-12,False,mlat
ae080c,2026-09-21 03:45:04.971043,RCH571,99-0166,1335,800,36.695595,-87.4636,C-17A Globemaster,226,144,-655,False,mlat
afdfdf,2026-09-21 03:45:04.971050,UNK C/S,,5617,9275,37.959415,-76.355888,E-6B TACAMO,336,216,-970,False,mlat
ae5e12,2026-09-21 03:45:04.971057,UNK C/S,17-46037,3271,23025,25.063002,55.394291,KC-46A Pegasus,270,441,2,False,mlat
ae0859,2026-09-21 03:45:04.971071,UNK C/S,59-1506,2661,37000,48.4,-73.2,KC-135R Stratotanker,,,,False,mode_s
ae05ac,2026-09-21 03:45:04.971076,UNK C/S,63-8029,3435,27500,25.9,54.7,KC-135R Stratotanker,301,444,0,False,mode_s
ae63bc,2026-09-21 03:45:04.971082,UNK C/S,20-46080,3275,20525,25.2,56.8,KC-46A Pegasus,,,,False,mode_s
ae4d69,2026-09-21 03:45:04.971086,RCH145,10-0216,6236,32000,30.9,-14.5,C-17A Globemaster,,,,False,mode_s
ae1458,2026-09-21 03:45:04.971092,RCH118,06-6154,6050,425,26.0,127.5,C-17A Globemaster,,,,False,mode_s
ae123f,2026-09-21 03:45:04.971096,MOOSE63,04-4134,1146,34000,31.7,31.3,C-17A Globemaster,,,,False,mode_s
ae07ce,2026-09-21 03:45:04.971101,X,89-1190,3313,33000,31.5,33.8,C-17A Globemaster,,,,False,mode_s
ae145f,2026-09-21 03:46:05.183928,RCH307,06-6161,6732,36000,43.389751,-115.548683,C-17A Globemaster,224,452,0,False,mlat
ae0358,2026-09-21 03:46:05.183941,ADVIC44,57-1427,6273,34000,41.753563,-111.649132,KC-135R Stratotanker,251,426,0,False,mlat
aee668,2026-09-21 03:46:05.183948,UNK C/S,,2243,26000,34.905956,-101.309105,E-6B TACAMO,318,289,0,False,mlat
aeed5f,2026-09-21 03:46:05.183954,UNK C/S,,2652,11900,40.405609,-97.174408,E-6B TACAMO,230,283,-7,False,mlat
afdfdf,2026-09-21 03:46:05.183964,UNK C/S,,5617,8425,38.01231,-76.387047,E-6B TACAMO,337,217,-832,False,mlat
ae5e12,2026-09-21 03:46:05.183970,UNK C/S,17-46037,3271,23025,25.061769,55.268787,KC-46A Pegasus,270,432,0,False,mlat
ae0859,2026-09-21 03:46:05.183984,UNK C/S,59-1506,2661,37000,48.4,-73.2,KC-135R Stratotanker,,,,False,mode_s
ae05ac,2026-09-21 03:46:05.183989,UNK C/S,63-8029,3435,27500,25.8,52.2,KC-135R Stratotanker,303,446,0,False,mode_s
ae63bc,2026-09-21 03:46:05.183994,UNK C/S,20-46080,3275,20500,24.7,56.9,KC-46A Pegasus,,,,False,mode_s
ae080c,2026-09-21 03:46:05.183999,RCH571,99-0166,1335,725,36.7,-87.8,C-17A Globemaster,,,,False,mode_s
ae4d69,2026-09-21 03:46:05.184003,RCH145,10-0216,6236,32000,31.3,-15.1,C-17A Globemaster,,,,False,mode_s
ae123f,2026-09-21 03:46:05.184008,MOOSE63,04-4134,1146,34000,31.7,31.3,C-17A Globemaster,,,,False,mode_s
ae07ce,2026-09-21 03:46:05.184012,X,89-1190,3313,33025,31.5,33.8,C-17A Globemaster,,,,False,mode_s
ae145f,2026-09-21 03:47:05.366735,RCH307,06-6161,6732,36000,43.298943,-115.67205,C-17A Globemaster,225,487,0,False,mlat
ae0358,2026-09-21 03:47:05.366750,ADVIC44,57-1427,6273,34000,41.713837,-111.801735,KC-135R Stratotanker,252,428,0,False,mlat
aee668,2026-09-21 03:47:05.366757,UNK C/S,,2243,26000,34.96455,-101.38147,E-6B TACAMO,316,282,0,False,mlat
aeed5f,2026-09-21 03:47:05.366764,UNK C/S,,2652,11900,40.353004,-97.251839,E-6B TACAMO,228,297,0,False,mlat
afdfdf,2026-09-21 03:47:05.366773,UNK C/S,,5617,7500,38.067226,-76.416466,E-6B TACAMO,342,219,-894,False,mlat
ae5e12,2026-09-21 03:47:05.366779,UNK C/S,17-46037,3271,23025,25.059471,55.128544,KC-46A Pegasus,271,452,-11,False,mlat
ae0859,2026-09-21 03:47:05.366793,UNK C/S,59-1506,2661,37000,48.5,-73.7,KC-135R Stratotanker,,,,False,mode_s
ae05ac,2026-09-21 03:47:05.366798,UNK C/S,63-8029,3435,27500,26.0,51.4,KC-135R Stratotanker,303,446,0,False,mode_s
ae63bc,2026-09-21 03:47:05.366803,UNK C/S,20-46080,3275,20500,25.1,57.4,KC-46A Pegasus,,,,False,mode_s
ae4d69,2026-09-21 03:47:05.366808,RCH145,10-0216,6236,32000,31.7,-14.7,C-17A Globemaster,,,,False,mode_s
ae123f,2026-09-21 03:47:05.366813,MOOSE63,04-4134,1146,34000,33.3,32.0,C-17A Globemaster,,,,False,mode_s
ae07ce,2026-09-21 03:47:05.366818,X,89-1190,3313,33025,31.3,34.2,C-17A Globemaster,,,,False,mode_s
ae145f,2026-09-21 03:48:05.554534,RCH307,06-6161,6732,36000,43.20702,-115.797005,C-17A Globemaster,226,460,0,False,mlat
ae0358,2026-09-21 03:48:05.554548,ADVIC44,57-1427,6273,34000,41.67321,-111.955124,KC-135R Stratotanker,251,436,0,False,mlat
aee668,2026-09-21 03:48:05.554555,UNK C/S,,2243,26000,35.016613,-101.438309,E-6B TACAMO,318,313,0,False,mlat
aeed5f,2026-09-21 03:48:05.554561,UNK C/S,,2652,11900,40.31086,-97.318924,E-6B TACAMO,230,316,0,False,mlat
afdfdf,2026-09-21 03:48:05.554570,UNK C/S,,5617,6675,38.121365,-76.448875,E-6B TACAMO,333,207,-815,False,mlat
ae07ce,2026-09-21 03:48:05.554576,X,89-1190,3313,33025,31.217093,33.241718,C-17A Globemaster,148,449,64,False,other
ae5e12,2026-09-21 03:48:05.554580,UNK C/S,17-46037,3271,23050,25.042208,55.002617,KC-46A Pegasus,262,470,73,False,mlat
ae0859,2026-09-21 03:48:05.554595,UNK C/S,59-1506,2661,37000,48.3,-73.9,KC-135R Stratotanker,,,,False,mode_s
ae05ac,2026-09-21 03:48:05.554600,UNK C/S,63-8029,3435,27500,25.5,52.8,KC-135R Stratotanker,303,446,0,False,mode_s
ae63bc,2026-09-21 03:48:05.554605,UNK C/S,20-46080,3275,20500,25.4,59.2,KC-46A Pegasus,,,,False,mode_s
ae4d69,2026-09-21 03:48:05.554609,RCH145,10-0216,6236,32000,31.8,-14.7,C-17A Globemaster,,,,False,mode_s
ae0681,2026-09-21 03:48:05.554613,UNK C/S,58-0086,Unavailable,500,27.2,127.9,KC-135R Stratotanker,,,,False,mode_s
ae123f,2026-09-21 03:48:05.554618,MOOSE63,04-4134,1146,34000,34.6,33.8,C-17A Globemaster,,,,False,mode_s
ae145f,2026-09-21 03:49:05.744548,RCH307,06-6161,6732,36000,43.119694,-115.911835,C-17A Globemaster,223,436,0,False,mlat
ae0358,2026-09-21 03:49:05.744559,ADVIC44,57-1427,6273,34000,41.63599,-112.09214,KC-135R Stratotanker,249,442,0,False,mlat
aee668,2026-09-21 03:49:05.744566,UNK C/S,,2243,26000,35.080532,-101.515289,E-6B TACAMO,316,293,0,False,mlat
aeed5f,2026-09-21 03:49:05.744571,UNK C/S,,2652,11900,40.291107,-97.347191,E-6B TACAMO,232,265,0,False,mode_s
afdfdf,2026-09-21 03:49:05.744580,UNK C/S,,5617,5800,38.179249,-76.481308,E-6B TACAMO,332,204,-867,False,mlat
ae07e7,2026-09-21 03:49:05.744585,RCH600,95-0104,3314,36000,33.596703,25.517979,C-17A Globemaster,322,421,0,False,adsb_icao
ae07ce,2026-09-21 03:49:05.744590,X,89-1190,3313,33025,31.09252,33.31538,C-17A Globemaster,150,459,0,False,other
ae5e12,2026-09-21 03:49:05.744594,UNK C/S,17-46037,3271,23050,25.012829,54.879799,KC-46A Pegasus,216,383,0,False,mlat
ae0681,2026-09-21 03:49:05.744600,UNK C/S,58-0086,3116,3075,26.396273,127.825584,KC-135R Stratotanker,53,220,3057,False,mlat
ae0859,2026-09-21 03:49:05.744611,UNK C/S,59-1506,2661,37000,48.1,-76.1,KC-135R Stratotanker,,,,False,mode_s
ae05ac,2026-09-21 03:49:05.744616,UNK C/S,63-8029,3435,27500,25.8,51.6,KC-135R Stratotanker,303,448,0,False,mode_s
ae63bc,2026-09-21 03:49:05.744621,UNK C/S,20-46080,3275,20500,25.6,58.9,KC-46A Pegasus,,,,False,mode_s
ae4d69,2026-09-21 03:49:05.744625,RCH145,10-0216,6236,32000,31.3,-14.5,C-17A Globemaster,,,,False,mode_s
ae123f,2026-09-21 03:49:05.744630,MOOSE63,04-4134,1146,34000,30.2,33.5,C-17A Globemaster,,,,False,mode_s
ae145f,2026-09-21 03:50:05.976111,RCH307,06-6161,6732,36000,43.030716,-116.031258,C-17A Globemaster,223,455,0,False,mlat
ae0358,2026-09-21 03:50:05.976123,ADVIC44,57-1427,6273,34000,41.595024,-112.245766,KC-135R Stratotanker,250,426,0,False,mlat
aee668,2026-09-21 03:50:05.976130,UNK C/S,,2243,26000,35.133732,-101.579269,E-6B TACAMO,317,292,0,False,mlat
afdfdf,2026-09-21 03:50:05.976140,UNK C/S,,5617,4900,38.232037,-76.511353,E-6B TACAMO,337,193,-857,False,mlat
ae07e7,2026-09-21 03:50:05.976146,RCH600,95-0104,3314,36000,33.686085,25.436783,C-17A Globemaster,322,423,64,False,adsb_icao
ae07ce,2026-09-21 03:50:05.976151,X,89-1190,3313,33000,30.929861,33.401379,C-17A Globemaster,151,459,7,False,mlat
ae5e12,2026-09-21 03:50:05.976155,UNK C/S,17-46037,3271,23025,24.990009,54.737301,KC-46A Pegasus,253,448,4,False,mlat
ae0681,2026-09-21 03:50:05.976162,UNK C/S,58-0086,3116,5475,26.413857,127.904221,KC-135R Stratotanker,98,363,3125,False,mlat
aeed5f,2026-09-21 03:50:05.976172,UNK C/S,,2652,11900,39.8,-97.3,E-6B TACAMO,,,,False,mode_s
ae0859,2026-09-21 03:50:05.976176,UNK C/S,59-1506,2661,37000,48.4,-74.2,KC-135R Stratotanker,,,,False,mode_s
ae05ac,2026-09-21 03:50:05.976181,UNK C/S,63-8029,3435,27500,25.9,52.0,KC-135R Stratotanker,303,450,32,False,mode_s
ae63bc,2026-09-21 03:50:05.976186,UNK C/S,20-46080,3275,20525,25.6,59.6,KC-46A Pegasus,,,,False,mode_s
ae4d69,2026-09-21 03:50:05.976190,RCH145,10-0216,6236,32000,30.9,-14.3,C-17A Globemaster,,,,False,mode_s
ae123f,2026-09-21 03:50:05.976195,MOOSE63,04-4134,1146,34000,31.7,31.3,C-17A Globemaster,,,,False,mode_s
ae145f,2026-09-21 03:51:06.180926,RCH307,06-6161,6732,36000,42.943607,-116.148003,C-17A Globemaster,224,465,0,False,mlat
ae0358,2026-09-21 03:51:06.180938,ADVIC44,57-1427,6273,34000,41.554859,-112.396736,KC-135R Stratotanker,251,419,0,False,mlat
aee668,2026-09-21 03:51:06.180945,UNK C/S,,2243,26000,35.195072,-101.65065,E-6B TACAMO,317,288,0,False,mlat
afdfdf,2026-09-21 03:51:06.180956,UNK C/S,,5617,4075,38.288059,-76.544861,E-6B TACAMO,337,219,-823,False,mlat
ae07e7,2026-09-21 03:51:06.180962,RCH600,95-0104,3314,36000,33.754486,25.37455,C-17A Globemaster,322,425,,False,adsb_icao
ae07ce,2026-09-21 03:51:06.180966,X,89-1190,3313,33025,30.864784,33.459576,C-17A Globemaster,151,456,0,False,other
ae5e12,2026-09-21 03:51:06.180971,UNK C/S,17-46037,3271,23025,24.955553,54.631409,KC-46A Pegasus,269,493,0,False,mlat
ae0681,2026-09-21 03:51:06.180979,UNK C/S,58-0086,3116,8600,26.404305,127.993866,KC-135R Stratotanker,92,328,2690,False,mlat
aeed5f,2026-09-21 03:51:06.180989,UNK C/S,,2652,11900,39.5,-97.5,E-6B TACAMO,,,,False,mode_s
ae0859,2026-09-21 03:51:06.180993,UNK C/S,59-1506,2661,37000,48.5,-73.5,KC-135R Stratotanker,,,,False,mode_s
ae05ac,2026-09-21 03:51:06.180998,UNK C/S,63-8029,3435,27500,26.1,51.2,KC-135R Stratotanker,303,450,0,False,mode_s
ae63bc,2026-09-21 03:51:06.181003,UNK C/S,20-46080,3275,20500,25.6,59.7,KC-46A Pegasus,,,,False,mode_s
ae4d69,2026-09-21 03:51:06.181007,RCH145,10-0216,6236,32000,30.7,-14.9,C-17A Globemaster,,,,False,mode_s
ae123f,2026-09-21 03:51:06.181013,MOOSE63,04-4134,1146,34000,31.6,32.7,C-17A Globemaster,,,,False,mode_s
ae145f,2026-09-21 03:52:06.366942,RCH307,06-6161,6732,36000,42.856098,-116.261299,C-17A Globemaster,225,447,0,False,mlat
ae0358,2026-09-21 03:52:06.366953,ADVIC44,57-1427,6273,34000,41.524044,-112.548882,KC-135R Stratotanker,262,437,0,False,mlat
aee668,2026-09-21 03:52:06.366960,UNK C/S,,2243,26000,35.261059,-101.685745,E-6B TACAMO,10,304,0,False,mlat
afdfdf,2026-09-21 03:52:06.366970,UNK C/S,,5617,3300,38.342678,-76.575439,E-6B TACAMO,335,217,-793,False,mlat
ae07e7,2026-09-21 03:52:06.366976,RCH600,95-0104,3314,36000,33.817825,25.316792,C-17A Globemaster,,,,False,adsb_icao
ae07ce,2026-09-21 03:52:06.366981,X,89-1190,3313,33000,30.671556,33.530853,C-17A Globemaster,151,466,64,False,mlat
ae5e12,2026-09-21 03:52:06.366985,UNK C/S,17-46037,3271,23025,24.938931,54.486835,KC-46A Pegasus,264,499,62,False,mlat
ae0681,2026-09-21 03:52:06.366992,UNK C/S,58-0086,3116,10425,26.367897,128.069717,KC-135R Stratotanker,127,334,979,False,mlat
aeed5f,2026-09-21 03:52:06.367002,UNK C/S,,2652,11900,39.2,-97.6,E-6B TACAMO,,,,False,mode_s
ae0859,2026-09-21 03:52:06.367006,UNK C/S,59-1506,2661,37000,48.6,-73.1,KC-135R Stratotanker,,,,False,mode_s
ae05ac,2026-09-21 03:52:06.367010,UNK C/S,63-8029,3435,27500,26.4,52.3,KC-135R Stratotanker,303,450,-32,False,mode_s
ae63bc,2026-09-21 03:52:06.367016,UNK C/S,20-46080,3275,20500,25.6,59.2,KC-46A Pegasus,,,,False,mode_s
ae4d69,2026-09-21 03:52:06.367020,RCH145,10-0216,6236,32000,30.7,-14.9,C-17A Globemaster,,,,False,mode_s
ae123f,2026-09-21 03:52:06.367026,MOOSE63,04-4134,1146,34000,31.6,32.7,C-17A Globemaster,,,,False,mode_s
ae145f,2026-09-21 03:53:06.544389,RCH307,06-6161,6732,36000,42.769455,-116.376068,C-17A Globemaster,222,446,0,False,mlat
ae0358,2026-09-21 03:53:06.544414,ADVIC44,57-1427,6273,34000,41.505981,-112.699677,KC-135R Stratotanker,259,438,0,False,mlat
aee668,2026-09-21 03:53:06.544421,UNK C/S,,2243,26000,35.347454,-101.654518,E-6B TACAMO,20,287,0,False,mlat
afdfdf,2026-09-21 03:53:06.544431,UNK C/S,,5617,2575,38.397343,-76.607193,E-6B TACAMO,336,209,-618,False,mlat
ae07ce,2026-09-21 03:53:06.544437,X,89-1190,3313,33025,30.674107,33.578999,C-17A Globemaster,151,465,-49,False,other
ae5e12,2026-09-21 03:53:06.544442,UNK C/S,17-46037,3271,23025,24.903685,54.373314,KC-46A Pegasus,253,419,0,False,mlat
ae0681,2026-09-21 03:53:06.544449,UNK C/S,58-0086,3116,12900,26.323074,128.169952,KC-135R Stratotanker,122,321,2789,False,mlat
aeed5f,2026-09-21 03:53:06.544458,UNK C/S,,2652,11900,39.1,-97.7,E-6B TACAMO,,,,False,mode_s
ae0859,2026-09-21 03:53:06.544463,UNK C/S,59-1506,2661,37000,48.5,-73.4,KC-135R Stratotanker,,,,False,mode_s
ae05ac,2026-09-21 03:53:06.544468,UNK C/S,63-8029,3435,27500,26.0,51.1,KC-135R Stratotanker,303,446,-64,False,mode_s
aeb35a,2026-09-21 03:53:06.544473,UNK C/S,,Unavailable,Unavailable,47.8,8.9,E-6B TACAMO,,,,False,mode_s
ae63bc,2026-09-21 03:53:06.544477,UNK C/S,20-46080,3275,20500,25.5,58.3,KC-46A Pegasus,,,,False,mode_s
ae4d69,2026-09-21 03:53:06.544481,RCH145,10-0216,6236,32000,31.0,-14.9,C-17A Globemaster,,,,False,mode_s
ae07e7,2026-09-21 03:53:06.544486,RCH600,95-0104,3314,Unavailable,35.7,26.3,C-17A Globemaster,,,,False,mode_s
ae123f,2026-09-21 03:53:06.544491,MOOSE63,04-4134,1146,34000,31.9,31.2,C-17A Globemaster,,,,False,mode_s
ae145f,2026-09-21 03:54:06.713146,RCH307,06-6161,6732,36000,42.68322,-116.490997,C-17A Globemaster,225,411,0,False,mlat
ae0358,2026-09-21 03:54:06.713162,ADVIC44,57-1427,6273,34000,41.486626,-112.857918,KC-135R Stratotanker,261,442,0,False,mlat
aee668,2026-09-21 03:54:06.713168,UNK C/S,,2243,26000,35.422817,-101.623207,E-6B TACAMO,19,305,0,False,mlat
afdfdf,2026-09-21 03:54:06.713180,UNK C/S,,5617,2500,38.435425,-76.66452,E-6B TACAMO,300,235,-25,False,mlat
ae07e7,2026-09-21 03:54:06.713186,RCH600,95-0104,3314,36000,34.025124,25.067654,C-17A Globemaster,,,,False,adsb_icao
ae07ce,2026-09-21 03:54:06.713191,X,89-1190,3313,33025,30.479984,33.650024,C-17A Globemaster,161,586,64,False,other
ae5e12,2026-09-21 03:54:06.713196,UNK C/S,17-46037,3271,23025,24.889215,54.282513,KC-46A Pegasus,,,0,False,mlat
ae0681,2026-09-21 03:54:06.713204,UNK C/S,58-0086,3116,15725,26.277664,128.272705,KC-135R Stratotanker,115,389,2883,False,mlat
aeed5f,2026-09-21 03:54:06.713214,UNK C/S,,2652,11900,38.9,-98.4,E-6B TACAMO,,,,False,mode_s
ae0859,2026-09-21 03:54:06.713219,UNK C/S,59-1506,2661,37000,48.6,-73.0,KC-135R Stratotanker,,,,False,mode_s
ae05ac,2026-09-21 03:54:06.713224,UNK C/S,63-8029,3435,27500,27.0,49.8,KC-135R Stratotanker,303,442,-256,False,mode_s
ae63bc,2026-09-21 03:54:06.713229,UNK C/S,20-46080,3275,20500,24.8,57.2,KC-46A Pegasus,,,,False,mode_s
ae4d69,2026-09-21 03:54:06.713233,RCH145,10-0216,6236,32000,31.2,-14.8,C-17A Globemaster,,,,False,mode_s
ae123f,2026-09-21 03:54:06.713239,MOOSE63,04-4134,1146,34000,34.6,33.8,C-17A Globemaster,,,,False,mode_s
ae145f,2026-09-21 03:55:06.898815,RCH307,06-6161,6732,36000,42.596287,-116.604248,C-17A Globemaster,225,447,0,False,mlat
ae0358,2026-09-21 03:55:06.898831,ADVIC44,57-1427,6273,34000,41.469097,-113.002792,KC-135R Stratotanker,262,425,0,False,mlat
aee668,2026-09-21 03:55:06.898838,UNK C/S,,2243,26000,35.507965,-101.590385,E-6B TACAMO,18,299,0,False,mlat
afdfdf,2026-09-21 03:55:06.898851,UNK C/S,,5617,2500,38.469482,-76.72509,E-6B TACAMO,310,210,0,False,mlat
ae07e7,2026-09-21 03:55:06.898858,RCH600,95-0104,3314,36000,34.066788,24.928665,C-17A Globemaster,289,400,64,False,adsb_icao
ae07ce,2026-09-21 03:55:06.898864,X,89-1190,3313,33025,30.332321,33.724129,C-17A Globemaster,159,546,64,False,other
ae0681,2026-09-21 03:55:06.898872,UNK C/S,58-0086,3116,17925,26.234983,128.36676,KC-135R Stratotanker,115,391,2283,False,mlat
aeed5f,2026-09-21 03:55:06.898884,UNK C/S,,2652,11900,38.8,-98.3,E-6B TACAMO,,,,False,mode_s
ae0859,2026-09-21 03:55:06.898890,UNK C/S,59-1506,2661,Unavailable,48.2,-75.4,KC-135R Stratotanker,,,,False,mode_s
ae05ac,2026-09-21 03:55:06.898894,UNK C/S,63-8029,3435,27500,25.8,50.6,KC-135R Stratotanker,304,442,160,False,mode_s
ae63bc,2026-09-21 03:55:06.898899,UNK C/S,20-46080,3275,20500,24.7,56.8,KC-46A Pegasus,,,,False,mode_s
ae123f,2026-09-21 03:55:06.898906,MOOSE63,04-4134,1146,34000,31.6,32.6,C-17A Globemaster,,,,False,mode_s
ae5e12,2026-09-21 03:55:06.898910,UNK C/S,17-46037,3271,23050,24.9,55.0,KC-46A Pegasus,,,,False,mode_s
ae145f,2026-09-21 03:56:07.159167,RCH307,06-6161,6732,36000,42.511597,-116.714958,C-17A Globemaster,224,425,0,False,mlat
ae0358,2026-09-21 03:56:07.159184,ADVIC44,57-1427,6273,34000,41.448521,-113.160065,KC-135R Stratotanker,261,420,0,False,mlat
aee668,2026-09-21 03:56:07.159192,UNK C/S,,2243,26000,35.582817,-101.563705,E-6B TACAMO,16,315,0,False,mlat
aeed5f,2026-09-21 03:56:07.159199,UNK C/S,,2652,11925,39.946411,-97.917946,E-6B TACAMO,,,0,False,mlat
afdfdf,2026-09-21 03:56:07.159210,UNK C/S,,5617,2500,38.475006,-76.786705,E-6B TACAMO,214,266,21,False,mlat
ae07e7,2026-09-21 03:56:07.159217,RCH600,95-0104,3314,36000,34.104496,24.80175,C-17A Globemaster,289,403,,False,adsb_icao
ae07ce,2026-09-21 03:56:07.159222,X,89-1190,3313,33025,30.240288,33.802677,C-17A Globemaster,154,489,64,False,other
ae0681,2026-09-21 03:56:07.159232,UNK C/S,58-0086,3116,19850,26.212246,128.432419,KC-135R Stratotanker,,,2049,False,mlat
ae0859,2026-09-21 03:56:07.159243,UNK C/S,59-1506,2661,Unavailable,48.1,-75.5,KC-135R Stratotanker,,,,False,mode_s
ae05ac,2026-09-21 03:56:07.159249,UNK C/S,63-8029,3435,27500,26.3,51.2,KC-135R Stratotanker,302,440,32,False,mode_s
ae63bc,2026-09-21 03:56:07.159255,UNK C/S,20-46080,3275,20500,24.5,56.2,KC-46A Pegasus,,,,False,mode_s
ae5e12,2026-09-21 03:56:07.159260,UNK C/S,17-46037,3271,23025,25.2,55.1,KC-46A Pegasus,,,,False,mode_s
ae123f,2026-09-21 03:56:07.159267,MOOSE63,04-4134,1146,34000,33.3,32.0,C-17A Globemaster,,,,False,mode_s
ae145f,2026-09-21 03:57:07.343393,RCH307,06-6161,6732,36000,42.426365,-116.82399,C-17A Globemaster,224,443,0,False,mlat
ae0358,2026-09-21 03:57:07.343411,ADVIC44,57-1427,6273,34000,41.429817,-113.311005,KC-135R Stratotanker,260,429,0,False,mlat
aee668,2026-09-21 03:57:07.343420,UNK C/S,,2243,26000,35.665184,-101.530052,E-6B TACAMO,20,297,0,False,mlat
aeed5f,2026-09-21 03:57:07.343429,UNK C/S,,2652,11925,39.836929,-98.027878,E-6B TACAMO,,,0,False,mlat
afdfdf,2026-09-21 03:57:07.343442,UNK C/S,,5617,2500,38.434277,-76.758247,E-6B TACAMO,89,278,0,False,mlat
ae07e7,2026-09-21 03:57:07.343449,RCH600,95-0104,3314,36000,34.142109,24.675236,C-17A Globemaster,289,402,,False,adsb_icao
ae07ce,2026-09-21 03:57:07.343456,X,89-1190,3313,33025,30.231302,33.810974,C-17A Globemaster,154,487,64,False,mode_s
ae63bc,2026-09-21 03:57:07.343461,UNK C/S,20-46080,3275,20525,24.769455,57.686646,KC-46A Pegasus,,,0,False,mode_s
ae0681,2026-09-21 03:57:07.343470,UNK C/S,58-0086,3116,21575,26.175686,128.514404,KC-135R Stratotanker,,,1899,False,mode_s
ae0859,2026-09-21 03:57:07.343485,UNK C/S,59-1506,2661,Unavailable,47.3,-64.8,KC-135R Stratotanker,,,,False,mode_s
ae05ac,2026-09-21 03:57:07.343492,UNK C/S,63-8029,3435,27500,26.1,50.7,KC-135R Stratotanker,300,440,-64,False,mode_s
ae5e12,2026-09-21 03:57:07.343500,UNK C/S,17-46037,3271,23050,25.4,54.9,KC-46A Pegasus,,,,False,mode_s
ae123f,2026-09-21 03:57:07.343507,MOOSE63,04-4134,1146,34000,31.6,32.7,C-17A Globemaster,,,,False,mode_s
ae145f,2026-09-21 03:58:07.520973,RCH307,06-6161,6732,36000,42.341976,-116.93351,C-17A Globemaster,223,415,0,False,mlat
ae0358,2026-09-21 03:58:07.520996,ADVIC44,57-1427,6273,34000,41.407162,-113.490654,KC-135R Stratotanker,259,433,0,False,mlat
aee668,2026-09-21 03:58:07.521004,UNK C/S,,2243,26000,35.736683,-101.510445,E-6B TACAMO,15,298,0,False,mlat
aeed5f,2026-09-21 03:58:07.521011,UNK C/S,,2652,11925,39.774891,-98.101135,E-6B TACAMO,,,0,False,mlat
afdfdf,2026-09-21 03:58:07.521021,UNK C/S,,5617,2525,38.442314,-76.677986,E-6B TACAMO,100,213,75,False,mlat
ae07e7,2026-09-21 03:58:07.521028,RCH600,95-0104,7732,36000,34.179932,24.547661,C-17A Globemaster,289,400,,False,adsb_icao
ae63bc,2026-09-21 03:58:07.521034,UNK C/S,20-46080,3275,20500,24.830729,57.497822,KC-46A Pegasus,,,0,False,mlat
ae0859,2026-09-21 03:58:07.521050,UNK C/S,59-1506,2661,Unavailable,47.3,-64.8,KC-135R Stratotanker,,,,False,mode_s
ae05ac,2026-09-21 03:58:07.521056,UNK C/S,63-8029,3435,27525,26.0,50.7,KC-135R Stratotanker,300,444,-160,False,mode_s
ae0681,2026-09-21 03:58:07.521061,UNK C/S,58-0086,3116,23325,26.8,128.3,KC-135R Stratotanker,,,,False,mode_s
ae5e12,2026-09-21 03:58:07.521066,UNK C/S,17-46037,3271,23025,24.9,55.2,KC-46A Pegasus,,,,False,mode_s
ae07ce,2026-09-21 03:58:07.521073,X,89-1190,3313,33025,31.5,33.4,C-17A Globemaster,,,,False,mode_s
ae123f,2026-09-21 03:58:07.521077,MOOSE63,04-4134,1146,34000,33.3,32.0,C-17A Globemaster,,,,False,mode_s
ae145f,2026-09-21 03:59:07.702648,RCH307,06-6161,6732,36000,42.261517,-117.038231,C-17A Globemaster,223,419,0,False,mlat
ae0358,2026-09-21 03:59:07.702663,ADVIC44,57-1427,6273,34000,41.387775,-113.64183,KC-135R Stratotanker,260,418,0,False,mlat
aee668,2026-09-21 03:59:07.702670,UNK C/S,,2243,26000,35.819988,-101.503365,E-6B TACAMO,3,362,0,False,mlat
aeed5f,2026-09-21 03:59:07.702676,UNK C/S,,2652,11925,39.723057,-98.184723,E-6B TACAMO,231,280,0,False,mlat
afdfdf,2026-09-21 03:59:07.702686,UNK C/S,,5617,2500,38.411053,-76.630684,E-6B TACAMO,132,133,76,False,mlat
ae07e7,2026-09-21 03:59:07.702692,RCH600,95-0104,7732,36000,34.216408,24.42421,C-17A Globemaster,289,401,,False,adsb_icao
ae63bc,2026-09-21 03:59:07.702698,UNK C/S,20-46080,3275,20500,24.792873,57.392483,KC-46A Pegasus,231,342,0,False,mlat
ae0859,2026-09-21 03:59:07.702712,UNK C/S,59-1506,2661,Unavailable,47.3,-64.8,KC-135R Stratotanker,,,,False,mode_s
ae05ac,2026-09-21 03:59:07.702717,UNK C/S,63-8029,3435,27500,25.7,50.3,KC-135R Stratotanker,307,450,32,False,mode_s
ae0681,2026-09-21 03:59:07.702722,UNK C/S,58-0086,3116,25150,26.4,128.2,KC-135R Stratotanker,,,,False,mode_s
ae5e12,2026-09-21 03:59:07.702727,UNK C/S,17-46037,3271,23050,24.7,55.3,KC-46A Pegasus,,,,False,mode_s
ae07ce,2026-09-21 03:59:07.702734,X,89-1190,3313,33000,31.7,33.4,C-17A Globemaster,,,,False,mode_s
ae123f,2026-09-21 03:59:07.702738,MOOSE63,04-4134,1146,34000,31.6,32.9,C-17A Globemaster,,,,False,mode_s
ae145f,2026-09-21 04:00:07.905863,RCH307,06-6161,6732,36000,42.17326,-117.149704,C-17A Globemaster,223,416,0,False,mlat
ae0358,2026-09-21 04:00:07.905878,ADVIC44,57-1427,6273,34000,41.366413,-113.805931,KC-135R Stratotanker,259,464,0,False,mlat
aee668,2026-09-21 04:00:07.905885,UNK C/S,,2243,26000,35.904404,-101.437836,E-6B TACAMO,9,262,0,False,mlat
aeed5f,2026-09-21 04:00:07.905891,UNK C/S,,2652,11925,39.668114,-98.262047,E-6B TACAMO,222,312,0,False,mlat
afdfdf,2026-09-21 04:00:07.905901,UNK C/S,,5617,2150,38.384026,-76.580276,E-6B TACAMO,127,156,-800,False,mlat
ae07e7,2026-09-21 04:00:07.905907,RCH600,95-0104,7732,36000,34.254318,24.295031,C-17A Globemaster,289,402,,False,adsb_icao
ae63bc,2026-09-21 04:00:07.905913,UNK C/S,20-46080,3275,20500,24.715801,57.342251,KC-46A Pegasus,194,398,0,False,mlat
ae0859,2026-09-21 04:00:07.905927,UNK C/S,59-1506,2661,Unavailable,47.3,-64.8,KC-135R Stratotanker,,,,False,mode_s
ae05ac,2026-09-21 04:00:07.905932,UNK C/S,63-8029,3435,27500,26.0,50.7,KC-135R Stratotanker,311,452,0,False,mode_s
ae0681,2026-09-21 04:00:07.905938,UNK C/S,58-0086,3116,26675,26.5,128.1,KC-135R Stratotanker,,,,False,mode_s
ae5e12,2026-09-21 04:00:07.905943,UNK C/S,17-46037,3271,23050,25.2,55.1,KC-46A Pegasus,,,,False,mode_s
ae0141,2026-09-21 04:00:07.905949,UNK C/S,59-1510,3652,30000,21.2,118.4,KC-135R Stratotanker,,,,False,mode_s
ae07ce,2026-09-21 04:00:07.905953,X,89-1190,3313,33025,31.4,34.1,C-17A Globemaster,,,,False,mode_s
ae123f,2026-09-21 04:00:07.905957,MOOSE63,04-4134,1146,34000,33.3,32.0,C-17A Globemaster,,,,False,mode_s
ae145f,2026-09-21 04:01:08.078523,RCH307,06-6161,6732,36000,42.086151,-117.264053,C-17A Globemaster,223,411,0,False,mlat
ae0358,2026-09-21 04:01:08.078539,ADVIC44,57-1427,6273,34025,41.332813,-113.963379,KC-135R Stratotanker,250,431,445,False,mlat
aee668,2026-09-21 04:01:08.078547,UNK C/S,,2243,26000,35.992916,-101.403976,E-6B TACAMO,34,257,0,False,mlat
aeed5f,2026-09-21 04:01:08.078553,UNK C/S,,2652,11925,39.628944,-98.341446,E-6B TACAMO,245,246,0,False,mlat
ae0568,2026-09-21 04:01:08.078563,RCH9206,86-0011,0754,1625,32.948818,-80.052101,C-5M Galaxy,71,182,1684,False,mlat
afdfdf,2026-09-21 04:01:08.078568,UNK C/S,,5617,1600,38.358974,-76.536385,E-6B TACAMO,127,146,-424,False,mlat
ae07e7,2026-09-21 04:01:08.078575,RCH600,95-0104,7732,36000,34.291672,24.167513,C-17A Globemaster,289,404,,False,adsb_icao
ae63bc,2026-09-21 04:01:08.078581,UNK C/S,20-46080,3275,20500,24.633633,57.345825,KC-46A Pegasus,171,403,0,False,mlat
ae0859,2026-09-21 04:01:08.078597,UNK C/S,59-1506,2661,Unavailable,49.7,-63.3,KC-135R Stratotanker,,,,False,mode_s
ae05ac,2026-09-21 04:01:08.078603,UNK C/S,63-8029,3435,27000,26.0,50.8,KC-135R Stratotanker,310,448,32,False,mode_s
ae0681,2026-09-21 04:01:08.078608,UNK C/S,58-0086,3116,28050,26.5,128.0,KC-135R Stratotanker,,,,False,mode_s
ae5e12,2026-09-21 04:01:08.078613,UNK C/S,17-46037,3271,23025,24.6,55.3,KC-46A Pegasus,,,,False,mode_s
ae0141,2026-09-21 04:01:08.078619,UNK C/S,59-1510,3652,30000,21.5,118.6,KC-135R Stratotanker,,,,False,mode_s
ae07ce,2026-09-21 04:01:08.078624,X,89-1190,3313,33000,31.8,33.4,C-17A Globemaster,,,,False,mode_s
ae123f,2026-09-21 04:01:08.078628,MOOSE63,04-4134,1146,34000,32.2,32.2,C-17A Globemaster,,,,False,mode_s
ae145f,2026-09-21 04:02:08.279829,RCH307,06-6161,6732,36000,42.057041,-117.301979,C-17A Globemaster,222,372,0,False,mode_s
ae0358,2026-09-21 04:02:08.279844,ADVIC44,57-1427,6273,34000,41.299801,-114.098892,KC-135R Stratotanker,252,452,0,False,mlat
aee668,2026-09-21 04:02:08.279851,UNK C/S,,2243,26000,36.065517,-101.373215,E-6B TACAMO,10,317,0,False,mlat
aeed5f,2026-09-21 04:02:08.279857,UNK C/S,,2652,11875,39.573505,-98.413452,E-6B TACAMO,222,312,0,False,mlat
ae0568,2026-09-21 04:02:08.279867,RCH9206,86-0011,0754,3700,32.993469,-80.014755,C-5M Galaxy,30,229,2302,False,mlat
afdfdf,2026-09-21 04:02:08.279870,UNK C/S,,5617,1450,38.333282,-76.493484,E-6B TACAMO,121,154,-299,False,mlat
ae07e7,2026-09-21 04:02:08.279876,RCH600,95-0104,7732,36000,34.328457,24.041004,C-17A Globemaster,289,404,,False,adsb_icao
ae63bc,2026-09-21 04:02:08.279882,UNK C/S,20-46080,3275,20500,24.594522,57.373299,KC-46A Pegasus,153,382,0,False,mlat
ae05ac,2026-09-21 04:02:08.279898,UNK C/S,63-8029,3435,27000,27.3,49.0,KC-135R Stratotanker,310,446,0,False,mode_s
ae0681,2026-09-21 04:02:08.279903,UNK C/S,58-0086,3116,29300,26.4,128.0,KC-135R Stratotanker,,,,False,mode_s
ae5e12,2026-09-21 04:02:08.279908,UNK C/S,17-46037,3271,23025,25.3,54.7,KC-46A Pegasus,,,,False,mode_s
ae0141,2026-09-21 04:02:08.279914,UNK C/S,59-1510,3652,30000,21.1,118.2,KC-135R Stratotanker,,,,False,mode_s
ae07ce,2026-09-21 04:02:08.279918,X,89-1190,3313,33025,31.7,33.6,C-17A Globemaster,,,,False,mode_s
ae123f,2026-09-21 04:02:08.279922,MOOSE63,04-4134,1146,34000,33.8,31.1,C-17A Globemaster,,,,False,mode_s
ae145f,2026-09-21 04:03:08.482213,RCH307,06-6161,6732,36000,41.976601,-117.402679,C-17A Globemaster,214,244,0,False,mode_s
ae0358,2026-09-21 04:03:08.482228,ADVIC44,57-1427,6273,34000,41.257172,-114.272125,KC-135R Stratotanker,252,442,0,False,mlat
aeed5f,2026-09-21 04:03:08.482235,UNK C/S,,2652,11875,39.510025,-98.496201,E-6B TACAMO,222,315,-1,False,mlat
ae0568,2026-09-21 04:03:08.482246,RCH9206,86-0011,0754,5925,33.051407,-79.971718,C-5M Galaxy,33,266,1896,False,mlat
afdfdf,2026-09-21 04:03:08.482251,UNK C/S,,5617,525,38.309277,-76.449036,E-6B TACAMO,124,132,-1114,False,mlat
ae07e7,2026-09-21 04:03:08.482257,RCH600,95-0104,7732,36000,34.346893,23.977489,C-17A Globemaster,289,402,,False,adsb_icao
ae63bc,2026-09-21 04:03:08.482263,UNK C/S,20-46080,3275,20500,24.516569,57.497982,KC-46A Pegasus,95,371,-24,False,mlat
ae0859,2026-09-21 04:03:08.482314,UNK C/S,59-1506,2661,Unavailable,49.7,-63.3,KC-135R Stratotanker,,,,False,mode_s
ae05ac,2026-09-21 04:03:08.482326,UNK C/S,63-8029,3435,27000,27.2,49.5,KC-135R Stratotanker,310,446,-160,False,mode_s
ae0681,2026-09-21 04:03:08.482336,UNK C/S,58-0086,3116,30175,26.8,128.2,KC-135R Stratotanker,,,,False,mode_s
ae5e12,2026-09-21 04:03:08.482344,UNK C/S,17-46037,3271,23025,24.7,55.3,KC-46A Pegasus,,,,False,mode_s
aee668,2026-09-21 04:03:08.482350,UNK C/S,,2243,26000,36.1,-101.3,E-6B TACAMO,,,,False,mode_s
ae0141,2026-09-21 04:03:08.482354,UNK C/S,59-1510,3652,30000,21.2,118.4,KC-135R Stratotanker,,,,False,mode_s
ae07ce,2026-09-21 04:03:08.482359,X,89-1190,3313,33025,31.4,33.1,C-17A Globemaster,,,,False,mode_s
ae123f,2026-09-21 04:03:08.482363,MOOSE63,04-4134,1146,34000,34.1,30.7,C-17A Globemaster,,,,False,mode_s
ae145f,2026-09-21 04:04:08.703546,RCH307,06-6161,6732,36000,41.905945,-117.493584,C-17A Globemaster,233,472,0,False,mode_s
ae0358,2026-09-21 04:04:08.703558,ADVIC44,57-1427,6273,34000,41.219673,-114.420937,KC-135R Stratotanker,251,429,0,False,mlat
aee668,2026-09-21 04:04:08.703565,UNK C/S,,2243,26000,36.216732,-101.313141,E-6B TACAMO,17,296,0,False,mlat
aeed5f,2026-09-21 04:04:08.703570,UNK C/S,,2652,11875,39.454025,-98.574684,E-6B TACAMO,230,281,0,False,mlat
ae0568,2026-09-21 04:04:08.703579,RCH9206,86-0011,0754,8350,33.114174,-79.920509,C-5M Galaxy,35,276,2572,False,mlat
afdfdf,2026-09-21 04:04:08.703583,UNK C/S,,5617,-25,38.297798,-76.438667,E-6B TACAMO,129,122,-818,False,mlat
ae63bc,2026-09-21 04:04:08.703591,UNK C/S,20-46080,3275,20500,24.507534,57.524349,KC-46A Pegasus,92,378,0,False,mode_s
ae0859,2026-09-21 04:04:08.703607,UNK C/S,59-1506,2661,Unavailable,49.7,-63.3,KC-135R Stratotanker,,,,False,mode_s
ae05ac,2026-09-21 04:04:08.703613,UNK C/S,63-8029,3435,26500,26.3,50.8,KC-135R Stratotanker,270,428,0,False,mode_s
ae0681,2026-09-21 04:04:08.703618,UNK C/S,58-0086,3116,31475,26.2,128.0,KC-135R Stratotanker,,,,False,mode_s
ae5e12,2026-09-21 04:04:08.703622,UNK C/S,17-46037,3271,23025,24.7,55.1,KC-46A Pegasus,,,,False,mode_s
ae0141,2026-09-21 04:04:08.703628,UNK C/S,59-1510,3652,30000,21.2,118.4,KC-135R Stratotanker,,,,False,mode_s
ae07ce,2026-09-21 04:04:08.703632,X,89-1190,3313,33000,31.9,33.5,C-17A Globemaster,,,,False,mode_s
ae0427,2026-09-21 04:04:08.703636,UNK C/S,61-0290,3277,650,25.2,54.5,KC-135R Stratotanker,338,184,2080,False,mode_s
ae123f,2026-09-21 04:04:08.703640,MOOSE63,04-4134,1146,34000,35.2,28.4,C-17A Globemaster,,,,False,mode_s
ae0358,2026-09-21 04:05:08.894789,ADVIC44,57-1427,6273,34000,41.184639,-114.563393,KC-135R Stratotanker,251,428,0,False,mlat
aee668,2026-09-21 04:05:08.894801,UNK C/S,,2243,26000,36.250523,-101.319565,E-6B TACAMO,6,314,0,False,mode_s
aeed5f,2026-09-21 04:05:08.894808,UNK C/S,,2652,11875,39.414719,-98.648659,E-6B TACAMO,247,256,26,False,mlat
ae0568,2026-09-21 04:05:08.894817,RCH9206,86-0011,0754,10600,33.177994,-79.868416,C-5M Galaxy,34,289,2374,False,mlat
ae07e7,2026-09-21 04:05:08.894824,RCH600,95-0104,7732,36000,34.439575,23.65575,C-17A Globemaster,289,394,,False,adsb_icao
ae0859,2026-09-21 04:05:08.894841,UNK C/S,59-1506,2661,Unavailable,49.7,-63.3,KC-135R Stratotanker,,,,False,mode_s
ae05ac,2026-09-21 04:05:08.894848,UNK C/S,63-8029,3435,26500,26.9,49.7,KC-135R Stratotanker,203,430,0,False,mode_s
ae63bc,2026-09-21 04:05:08.894853,UNK C/S,20-46080,3275,20500,25.2,57.3,KC-46A Pegasus,,,,False,mode_s
ae0681,2026-09-21 04:05:08.894857,UNK C/S,58-0086,3116,32475,26.1,128.0,KC-135R Stratotanker,,,,False,mode_s
ae5e12,2026-09-21 04:05:08.894862,UNK C/S,17-46037,3271,22350,24.8,55.0,KC-46A Pegasus,,,,False,mode_s
ae145f,2026-09-21 04:05:08.894866,RCH307,06-6161,6732,36000,42.6,-117.4,C-17A Globemaster,,,,False,mode_s
ae0141,2026-09-21 04:05:08.894871,UNK C/S,59-1510,3652,30000,21.5,118.6,KC-135R Stratotanker,,,,False,mode_s
ae07ce,2026-09-21 04:05:08.894876,X,89-1190,3313,33000,31.4,33.9,C-17A Globemaster,,,,False,mode_s
ae0427,2026-09-21 04:05:08.894879,UNK C/S,61-0290,3277,2675,27.3,51.9,KC-135R Stratotanker,,,,False,mode_s
ae123f,2026-09-21 04:05:08.894883,MOOSE63,04-4134,1146,34000,36.1,27.5,C-17A Globemaster,,,,False,mode_s
ae0358,2026-09-21 04:06:09.106435,ADVIC44,57-1427,6273,34000,41.147438,-114.714455,KC-135R Stratotanker,252,459,0,False,mlat
aeed5f,2026-09-21 04:06:09.106454,UNK C/S,,2652,11875,39.354584,-98.725571,E-6B TACAMO,219,308,0,False,mlat
ae0568,2026-09-21 04:06:09.106464,RCH9206,86-0011,0754,11500,33.255493,-79.807976,C-5M Galaxy,37,373,1456,False,mlat
ae07e7,2026-09-21 04:06:09.106471,RCH600,95-0104,7732,36000,34.475517,23.530025,C-17A Globemaster,288,398,,False,adsb_icao
ae0859,2026-09-21 04:06:09.106488,UNK C/S,59-1506,2661,Unavailable,47.9,-65.1,KC-135R Stratotanker,,,,False,mode_s
ae05ac,2026-09-21 04:06:09.106493,UNK C/S,63-8029,3435,26500,26.4,50.8,KC-135R Stratotanker,117,450,-64,False,mode_s
ae63bc,2026-09-21 04:06:09.106499,UNK C/S,20-46080,3275,20500,25.5,57.9,KC-46A Pegasus,,,,False,mode_s
ae0681,2026-09-21 04:06:09.106503,UNK C/S,58-0086,3116,Unavailable,26.5,127.9,KC-135R Stratotanker,,,,False,mode_s
ae5e12,2026-09-21 04:06:09.106508,UNK C/S,17-46037,3271,21700,27.1,49.4,KC-46A Pegasus,,,,False,mode_s
ae145f,2026-09-21 04:06:09.106512,RCH307,06-6161,6732,36000,42.9,-116.6,C-17A Globemaster,,,,False,mode_s
aee668,2026-09-21 04:06:09.106518,UNK C/S,,2243,26000,36.4,-100.7,E-6B TACAMO,,,,False,mode_s
ae0141,2026-09-21 04:06:09.106522,UNK C/S,59-1510,3652,30000,21.2,118.4,KC-135R Stratotanker,,,,False,mode_s
ae07ce,2026-09-21 04:06:09.106526,X,89-1190,3313,33000,31.5,33.5,C-17A Globemaster,,,,False,mode_s
ae0427,2026-09-21 04:06:09.106531,UNK C/S,61-0290,3277,4250,25.9,51.1,KC-135R Stratotanker,300,262,1408,False,mode_s
ae123f,2026-09-21 04:06:09.106535,MOOSE63,04-4134,1146,34000,36.5,26.9,C-17A Globemaster,,,,False,mode_s
ae0358,2026-09-21 04:07:09.310490,ADVIC44,57-1427,6273,34000,41.107067,-114.872398,KC-135R Stratotanker,252,422,0,False,mlat
aeed5f,2026-09-21 04:07:09.310507,UNK C/S,,2652,11875,39.300884,-98.803169,E-6B TACAMO,230,282,0,False,mlat
ae0568,2026-09-21 04:07:09.310518,RCH9206,86-0011,0754,13750,33.340851,-79.740707,C-5M Galaxy,34,371,2053,False,mlat
ae07e7,2026-09-21 04:07:09.310525,RCH600,95-0104,7732,36000,34.511921,23.402309,C-17A Globemaster,288,400,,False,adsb_icao
ae0859,2026-09-21 04:07:09.310545,UNK C/S,59-1506,2661,Unavailable,49.7,-63.3,KC-135R Stratotanker,,,,False,mode_s
ae05ac,2026-09-21 04:07:09.310552,UNK C/S,63-8029,3435,26500,26.8,49.4,KC-135R Stratotanker,114,456,0,False,mode_s
ae63bc,2026-09-21 04:07:09.310558,UNK C/S,20-46080,3275,20500,25.6,58.9,KC-46A Pegasus,,,,False,mode_s
ae0681,2026-09-21 04:07:09.310562,UNK C/S,58-0086,3116,34100,26.5,127.9,KC-135R Stratotanker,,,,False,mode_s
ae5e12,2026-09-21 04:07:09.310568,UNK C/S,17-46037,3271,Unavailable,25.8,53.1,KC-46A Pegasus,,,,False,mode_s
ae145f,2026-09-21 04:07:09.310572,RCH307,06-6161,6732,36000,42.0,-117.4,C-17A Globemaster,,,,False,mode_s
aee668,2026-09-21 04:07:09.310577,UNK C/S,,2243,26000,36.5,-100.2,E-6B TACAMO,,,,False,mode_s
ae0141,2026-09-21 04:07:09.310581,UNK C/S,59-1510,3652,30000,21.5,118.6,KC-135R Stratotanker,,,,False,mode_s
ae07ce,2026-09-21 04:07:09.310586,X,89-1190,3313,33025,31.7,33.7,C-17A Globemaster,,,,False,mode_s
ae0427,2026-09-21 04:07:09.310590,UNK C/S,61-0290,3277,6575,25.2,49.3,KC-135R Stratotanker,289,264,2496,False,mode_s
ae4d69,2026-09-21 04:07:09.310594,RCH145,10-0216,6236,Unavailable,36.4,-6.6,C-17A Globemaster,,,,False,mode_s
ae123f,2026-09-21 04:07:09.310598,MOOSE63,04-4134,1146,34000,35.7,27.7,C-17A Globemaster,,,,False,mode_s
ae145f,2026-09-21 04:08:09.492890,RCH307,06-6161,6732,36000,41.526215,-117.970428,C-17A Globemaster,184,457,0,False,mlat
ae0358,2026-09-21 04:08:09.492902,ADVIC44,57-1427,6273,34000,41.065529,-115.026985,KC-135R Stratotanker,249,444,0,False,mlat
aeed5f,2026-09-21 04:08:09.492910,UNK C/S,,2652,11875,39.249657,-98.876305,E-6B TACAMO,221,301,0,False,mlat
ae0568,2026-09-21 04:08:09.492919,RCH9206,86-0011,0754,15700,33.430336,-79.668037,C-5M Galaxy,34,379,1812,False,mlat
ae07e7,2026-09-21 04:08:09.492926,RCH600,95-0104,7732,36000,34.54747,23.276834,C-17A Globemaster,288,392,,False,adsb_icao
ae0859,2026-09-21 04:08:09.492943,UNK C/S,59-1506,2661,Unavailable,47.9,-65.1,KC-135R Stratotanker,,,,False,mode_s
ae05ac,2026-09-21 04:08:09.492949,UNK C/S,63-8029,3435,25075,26.2,50.5,KC-135R Stratotanker,126,438,-2272,False,mode_s
ae63bc,2026-09-21 04:08:09.492954,UNK C/S,20-46080,3275,20500,25.6,58.9,KC-46A Pegasus,,,,False,mode_s
ae0681,2026-09-21 04:08:09.492958,UNK C/S,58-0086,3116,Unavailable,26.2,127.9,KC-135R Stratotanker,,,,False,mode_s
ae5e12,2026-09-21 04:08:09.492964,UNK C/S,17-46037,3271,19850,27.3,49.0,KC-46A Pegasus,,,,False,mode_s
aee668,2026-09-21 04:08:09.492969,UNK C/S,,2243,26000,37.1,-100.5,E-6B TACAMO,,,,False,mode_s
ae0141,2026-09-21 04:08:09.492973,UNK C/S,59-1510,3652,30000,21.5,118.6,KC-135R Stratotanker,,,,False,mode_s
ae07ce,2026-09-21 04:08:09.492977,X,89-1190,3313,33025,32.0,33.4,C-17A Globemaster,,,,False,mode_s
ae0427,2026-09-21 04:08:09.492981,UNK C/S,61-0290,3277,9075,25.2,49.3,KC-135R Stratotanker,144,300,448,False,mode_s
ae123f,2026-09-21 04:08:09.492985,MOOSE63,04-4134,1146,34000,34.9,28.7,C-17A Globemaster,,,,False,mode_s
ae0358,2026-09-21 04:09:09.688330,ADVIC44,57-1427,6273,34000,41.031307,-115.170219,KC-135R Stratotanker,250,434,0,False,mlat
aeed5f,2026-09-21 04:09:09.688344,UNK C/S,,2652,11875,39.191948,-98.957359,E-6B TACAMO,239,281,0,False,mlat
ae0568,2026-09-21 04:09:09.688354,RCH9206,86-0011,0754,17550,33.521984,-79.596375,C-5M Galaxy,30,400,1682,False,mlat
ae07e7,2026-09-21 04:09:09.688361,RCH600,95-0104,7732,36000,34.582306,23.153229,C-17A Globemaster,288,383,,False,adsb_icao
ae0859,2026-09-21 04:09:09.688378,UNK C/S,59-1506,2661,Unavailable,49.7,-63.3,KC-135R Stratotanker,,,,False,mode_s
ae05ac,2026-09-21 04:09:09.688385,UNK C/S,63-8029,3435,23000,26.2,50.2,KC-135R Stratotanker,133,428,-192,False,mode_s
ae63bc,2026-09-21 04:09:09.688398,UNK C/S,20-46080,3275,20500,25.6,58.9,KC-46A Pegasus,,,,False,mode_s
ae0681,2026-09-21 04:09:09.688403,UNK C/S,58-0086,3116,Unavailable,26.2,128.0,KC-135R Stratotanker,,,,False,mode_s
ae5e12,2026-09-21 04:09:09.688408,UNK C/S,17-46037,3271,Unavailable,27.0,49.6,KC-46A Pegasus,,,,False,mode_s
ae145f,2026-09-21 04:09:09.688412,RCH307,06-6161,6732,36000,41.9,-118.0,C-17A Globemaster,,,,False,mode_s
aee668,2026-09-21 04:09:09.688417,UNK C/S,,2243,26000,36.9,-100.2,E-6B TACAMO,,,,False,mode_s
ae0141,2026-09-21 04:09:09.688421,UNK C/S,59-1510,3652,30000,21.5,118.6,KC-135R Stratotanker,,,,False,mode_s
ae07ce,2026-09-21 04:09:09.688425,X,89-1190,3313,33025,32.0,32.9,C-17A Globemaster,,,,False,mode_s
ae0427,2026-09-21 04:09:09.688429,UNK C/S,61-0290,3277,11175,27.3,51.9,KC-135R Stratotanker,143,320,2560,False,mode_s
ae4d69,2026-09-21 04:09:09.688433,RCH145,10-0216,6236,32000,36.4,-6.9,C-17A Globemaster,,,,False,mode_s
ae123f,2026-09-21 04:09:09.688437,MOOSE63,04-4134,1146,34000,35.3,28.2,C-17A Globemaster,,,,False,mode_s
ae145f,2026-09-21 04:10:09.882564,RCH307,06-6161,6732,36000,41.360302,-118.124084,C-17A Globemaster,,,0,False,mlat
ae0358,2026-09-21 04:10:09.882576,ADVIC44,57-1427,6273,34000,40.991047,-115.329887,KC-135R Stratotanker,251,447,0,False,mlat
aeed5f,2026-09-21 04:10:09.882583,UNK C/S,,2652,11875,39.141468,-99.039345,E-6B TACAMO,229,285,0,False,mlat
ae0568,2026-09-21 04:10:09.882592,RCH9206,86-0011,0754,19225,33.61507,-79.518715,C-5M Galaxy,36,412,1361,False,mlat
ae07e7,2026-09-21 04:10:09.882598,RCH600,95-0104,7732,36000,34.616711,23.03072,C-17A Globemaster,288,386,,False,adsb_icao
ae0859,2026-09-21 04:10:09.882615,UNK C/S,59-1506,2661,Unavailable,49.7,-63.3,KC-135R Stratotanker,,,,False,mode_s
ae2fd2,2026-09-21 04:10:09.882619,UNK C/S,166502,Unavailable,Unavailable,38.9,-76.7,E-2 Hawkeye,,,,False,mode_s
ae05ac,2026-09-21 04:10:09.882625,UNK C/S,63-8029,3435,23000,25.9,50.8,KC-135R Stratotanker,127,416,0,False,mode_s
ae63bc,2026-09-21 04:10:09.882631,UNK C/S,20-46080,3275,20500,25.6,58.9,KC-46A Pegasus,,,,False,mode_s
ae0681,2026-09-21 04:10:09.882635,UNK C/S,58-0086,3116,Unavailable,26.2,128.1,KC-135R Stratotanker,,,,False,mode_s
aee668,2026-09-21 04:10:09.882641,UNK C/S,,2243,26000,36.8,-100.3,E-6B TACAMO,,,,False,mode_s
ae0141,2026-09-21 04:10:09.882645,UNK C/S,59-1510,3652,30000,21.5,118.6,KC-135R Stratotanker,,,,False,mode_s
ae07ce,2026-09-21 04:10:09.882650,X,89-1190,3313,33025,32.0,33.3,C-17A Globemaster,,,,False,mode_s
ae0427,2026-09-21 04:10:09.882654,UNK C/S,61-0290,3277,12025,27.3,51.9,KC-135R Stratotanker,,,,False,mode_s
ae4d69,2026-09-21 04:10:09.882657,RCH145,10-0216,6236,32000,36.4,-6.8,C-17A Globemaster,,,,False,mode_s
ae123f,2026-09-21 04:10:09.882661,MOOSE63,04-4134,1146,34000,35.1,28.4,C-17A Globemaster,,,,False,mode_s
ae0358,2026-09-21 04:11:10.327664,ADVIC44,57-1427,6273,34000,40.950462,-115.483589,KC-135R Stratotanker,251,438,0,False,mlat
aeed5f,2026-09-21 04:11:10.327682,UNK C/S,,2652,11875,39.088589,-99.110191,E-6B TACAMO,230,293,0,False,mlat
ae0568,2026-09-21 04:11:10.327692,RCH9206,86-0011,0754,20750,33.707062,-79.444908,C-5M Galaxy,34,420,1560,False,mlat
ae07e7,2026-09-21 04:11:10.327699,RCH600,95-0104,7732,36000,34.65596,22.909018,C-17A Globemaster,292,389,,False,adsb_icao
ae0859,2026-09-21 04:11:10.327718,UNK C/S,59-1506,2661,Unavailable,49.7,-63.3,KC-135R Stratotanker,,,,False,mode_s
ae05ac,2026-09-21 04:11:10.327723,UNK C/S,63-8029,3435,23000,26.2,50.9,KC-135R Stratotanker,122,412,-64,False,mode_s
ae4d69,2026-09-21 04:11:10.327728,RCH145,10-0216,6236,32000,36.4,-7.0,C-17A Globemaster,,,,False,mode_s
ae0141,2026-09-21 04:11:10.327732,UNK C/S,59-1510,3652,30000,21.5,118.6,KC-135R Stratotanker,,,,False,mode_s
aee668,2026-09-21 04:11:10.327736,UNK C/S,,2243,26000,37.1,-100.3,E-6B TACAMO,,,,False,mode_s
ae63bc,2026-09-21 04:11:10.327740,UNK C/S,20-46080,3275,20500,25.6,58.9,KC-46A Pegasus,,,,False,mode_s
ae145f,2026-09-21 04:11:10.327746,RCH307,06-6161,6732,36000,42.0,-117.6,C-17A Globemaster,,,,False,mode_s
ae123f,2026-09-21 04:11:10.327750,MOOSE63,04-4134,1146,34000,35.1,28.5,C-17A Globemaster,,,,False,mode_s
ae5e12,2026-09-21 04:11:10.327754,UNK C/S,17-46037,3271,Unavailable,26.8,49.9,KC-46A Pegasus,,,,False,mode_s
ae07ce,2026-09-21 04:11:10.327759,X,89-1190,3313,33025,32.0,33.4,C-17A Globemaster,,,,False,mode_s
ae0358,2026-09-21 04:12:10.504196,ADVIC44,57-1427,6273,34000,40.911583,-115.641014,KC-135R Stratotanker,255,405,-39,False,mlat
aeed5f,2026-09-21 04:12:10.504211,UNK C/S,,2652,11875,39.04224,-99.194443,E-6B TACAMO,247,295,0,False,mlat
ae0568,2026-09-21 04:12:10.504221,RCH9206,86-0011,0754,22125,33.805931,-79.364265,C-5M Galaxy,37,428,1340,False,mlat
ae07e7,2026-09-21 04:12:10.504227,RCH600,95-0104,7732,36000,34.697342,22.786148,C-17A Globemaster,292,389,,False,adsb_icao
ae0859,2026-09-21 04:12:10.504246,UNK C/S,59-1506,2661,Unavailable,49.7,-63.3,KC-135R Stratotanker,,,,False,mode_s
ae05ac,2026-09-21 04:12:10.504251,UNK C/S,63-8029,3435,23000,26.5,51.5,KC-135R Stratotanker,122,414,0,False,mode_s
ae4d69,2026-09-21 04:12:10.504256,RCH145,10-0216,6236,32000,36.4,-6.9,C-17A Globemaster,,,,False,mode_s
ae0141,2026-09-21 04:12:10.504260,UNK C/S,59-1510,3652,30000,21.1,118.2,KC-135R Stratotanker,,,,False,mode_s
aee668,2026-09-21 04:12:10.504265,UNK C/S,,2243,26000,37.0,-100.2,E-6B TACAMO,,,,False,mode_s
ae63bc,2026-09-21 04:12:10.504269,UNK C/S,20-46080,3275,20500,24.8,57.2,KC-46A Pegasus,,,,False,mode_s
ae145f,2026-09-21 04:12:10.504297,RCH307,06-6161,6732,36000,40.6,-118.2,C-17A Globemaster,,,,False,mode_s
ae0427,2026-09-21 04:12:10.504302,UNK C/S,61-0290,3277,Unavailable,25.9,51.1,KC-135R Stratotanker,,,,False,mode_s
ae123f,2026-09-21 04:12:10.504307,MOOSE63,04-4134,1146,34000,35.9,27.5,C-17A Globemaster,,,,False,mode_s
ae5e12,2026-09-21 04:12:10.504311,UNK C/S,17-46037,3271,10675,26.1,50.9,KC-46A Pegasus,,,,False,mode_s
ae07ce,2026-09-21 04:12:10.504315,X,89-1190,3313,33025,32.0,33.6,C-17A Globemaster,,,,False,mode_s
ae145f,2026-09-21 04:13:10.749466,RCH307,06-6161,6732,36000,41.006165,-118.42733,C-17A Globemaster,,,0,False,mlat
ae0358,2026-09-21 04:13:10.749480,ADVIC44,57-1427,6273,34000,40.875507,-115.777145,KC-135R Stratotanker,250,463,0,False,mlat
aeed5f,2026-09-21 04:13:10.749487,UNK C/S,,2652,11875,38.972256,-99.264488,E-6B TACAMO,218,279,0,False,mlat
ae0568,2026-09-21 04:13:10.749496,RCH9206,86-0011,0754,23450,33.900612,-79.28788,C-5M Galaxy,30,429,1133,False,mlat
ae07e7,2026-09-21 04:13:10.749502,RCH600,95-0104,7732,36000,34.738312,22.664179,C-17A Globemaster,292,391,,False,adsb_icao
ae0859,2026-09-21 04:13:10.749522,UNK C/S,59-1506,2661,Unavailable,49.7,-63.3,KC-135R Stratotanker,,,,False,mode_s
ae05ac,2026-09-21 04:13:10.749528,UNK C/S,63-8029,3435,23000,25.8,50.6,KC-135R Stratotanker,122,420,0,False,mode_s
ae4d69,2026-09-21 04:13:10.749532,RCH145,10-0216,6236,32000,36.4,-6.8,C-17A Globemaster,,,,False,mode_s
ae0141,2026-09-21 04:13:10.749536,UNK C/S,59-1510,3652,30000,21.2,118.4,KC-135R Stratotanker,,,,False,mode_s
aee668,2026-09-21 04:13:10.749540,UNK C/S,,2243,26000,37.1,-100.8,E-6B TACAMO,,,,False,mode_s
ae63bc,2026-09-21 04:13:10.749544,UNK C/S,20-46080,3275,20525,24.6,56.3,KC-46A Pegasus,,,,False,mode_s
ae123f,2026-09-21 04:13:10.749550,MOOSE63,04-4134,1146,34000,36.1,27.3,C-17A Globemaster,,,,False,mode_s
ae5e12,2026-09-21 04:13:10.749554,UNK C/S,17-46037,3271,8450,25.9,51.1,KC-46A Pegasus,,,,False,mode_s
ae07ce,2026-09-21 04:13:10.749558,X,89-1190,3313,33025,31.9,33.7,C-17A Globemaster,,,,False,mode_s
ae145f,2026-09-21 04:14:10.934505,RCH307,06-6161,6732,36000,40.909828,-118.511513,C-17A Globemaster,,,0,False,mlat
ae0358,2026-09-21 04:14:10.934519,ADVIC44,57-1427,6273,34000,40.832531,-115.935364,KC-135R Stratotanker,250,440,0,False,mlat
aeed5f,2026-09-21 04:14:10.934526,UNK C/S,,2652,11875,38.920071,-99.337006,E-6B TACAMO,230,289,0,False,mlat
ae0568,2026-09-21 04:14:10.934535,RCH9206,86-0011,0754,24725,34.00761,-79.201897,C-5M Galaxy,34,457,1237,False,mlat
ae07e7,2026-09-21 04:14:10.934541,RCH600,95-0104,7732,36000,34.778824,22.542824,C-17A Globemaster,292,389,,False,adsb_icao
ae0859,2026-09-21 04:14:10.934561,UNK C/S,59-1506,2661,Unavailable,49.7,-63.3,KC-135R Stratotanker,,,,False,mode_s
ae05ac,2026-09-21 04:14:10.934567,UNK C/S,63-8029,3435,23000,26.4,51.3,KC-135R Stratotanker,122,422,0,False,mode_s
ae4d69,2026-09-21 04:14:10.934572,RCH145,10-0216,6236,32000,36.4,-6.8,C-17A Globemaster,,,,False,mode_s
ae0141,2026-09-21 04:14:10.934576,UNK C/S,59-1510,3652,30000,21.5,118.6,KC-135R Stratotanker,,,,False,mode_s
aee668,2026-09-21 04:14:10.934580,UNK C/S,,2243,26000,36.9,-100.0,E-6B TACAMO,,,,False,mode_s
ae63bc,2026-09-21 04:14:10.934585,UNK C/S,20-46080,3275,20500,24.5,56.5,KC-46A Pegasus,,,,False,mode_s
ae0427,2026-09-21 04:14:10.934591,UNK C/S,61-0290,3277,Unavailable,25.2,49.3,KC-135R Stratotanker,,,,False,mode_s
ae123f,2026-09-21 04:14:10.934596,MOOSE63,04-4134,1146,34000,36.0,27.3,C-17A Globemaster,,,,False,mode_s
ae5e12,2026-09-21 04:14:10.934600,UNK C/S,17-46037,3271,6475,25.8,50.8,KC-46A Pegasus,,,,False,mode_s
ae07ce,2026-09-21 04:14:10.934604,X,89-1190,3313,33025,31.5,34.1,C-17A Globemaster,,,,False,mode_s
ae145f,2026-09-21 04:15:11.168110,RCH307,06-6161,6732,36000,40.79678,-118.603554,C-17A Globemaster,213,456,0,False,mlat
ae0358,2026-09-21 04:15:11.168123,ADVIC44,57-1427,6273,34000,40.789253,-116.10305,KC-135R Stratotanker,252,448,0,False,mlat
aeed5f,2026-09-21 04:15:11.168130,UNK C/S,,2652,11875,38.864471,-99.416298,E-6B TACAMO,221,279,0,False,mlat
ae0568,2026-09-21 04:15:11.168140,RCH9206,86-0011,0754,25875,34.105,-79.12159,C-5M Galaxy,34,461,1317,False,mlat
ae07e7,2026-09-21 04:15:11.168146,RCH600,95-0104,7732,36000,34.81963,22.419949,C-17A Globemaster,291,393,,False,adsb_icao
ae63bc,2026-09-21 04:15:11.168152,UNK C/S,20-46080,3275,20500,24.79332,57.620335,KC-46A Pegasus,,,0,False,mlat
ae026f,2026-09-21 04:15:11.168169,UNK C/S,63-8012,1530,25000,25.6,59.5,KC-135R Stratotanker,,,,False,mode_s
ae0859,2026-09-21 04:15:11.168175,UNK C/S,59-1506,2661,Unavailable,49.7,-63.3,KC-135R Stratotanker,,,,False,mode_s
ae05ac,2026-09-21 04:15:11.168180,UNK C/S,63-8029,3435,23000,26.1,50.7,KC-135R Stratotanker,122,426,-32,False,mode_s
ae4d69,2026-09-21 04:15:11.168184,RCH145,10-0216,6236,Unavailable,36.4,-6.8,C-17A Globemaster,,,,False,mode_s
ae0141,2026-09-21 04:15:11.168190,UNK C/S,59-1510,3652,30000,21.5,118.6,KC-135R Stratotanker,,,,False,mode_s
aee668,2026-09-21 04:15:11.168197,UNK C/S,,2243,26000,38.2,-100.2,E-6B TACAMO,,,,False,mode_s
ae1239,2026-09-21 04:15:11.168201,RCH5001,04-4129,Unavailable,Unavailable,33.7,136.3,C-17A Globemaster,,,,False,mode_s
ae0427,2026-09-21 04:15:11.168207,UNK C/S,61-0290,3277,Unavailable,25.2,49.3,KC-135R Stratotanker,,,,False,mode_s
ae123f,2026-09-21 04:15:11.168211,MOOSE63,04-4134,1146,34000,35.5,28.0,C-17A Globemaster,,,,False,mode_s
ae5e12,2026-09-21 04:15:11.168215,UNK C/S,17-46037,3271,6175,25.7,50.6,KC-46A Pegasus,,,,False,mode_s
ae07ce,2026-09-21 04:15:11.168220,X,89-1190,3313,33025,32.0,33.5,C-17A Globemaster,,,,False,mode_s
ae145f,2026-09-21 04:16:11.355195,RCH307,06-6161,6732,36000,40.699142,-118.68856,C-17A Globemaster,212,411,0,False,mlat
ae0358,2026-09-21 04:16:11.355208,ADVIC44,57-1427,6273,34000,40.748543,-116.25013,KC-135R Stratotanker,249,449,0,False,mlat
aee668,2026-09-21 04:16:11.355216,UNK C/S,,2243,26000,37.083157,-100.803543,E-6B TACAMO,,,0,False,mlat
aeed5f,2026-09-21 04:16:11.355221,UNK C/S,,2652,11875,38.81028,-99.486649,E-6B TACAMO,225,279,0,False,mlat
ae0568,2026-09-21 04:16:11.355231,RCH9206,86-0011,0754,26850,34.21603,-79.031197,C-5M Galaxy,36,473,1164,False,mlat
ae07e7,2026-09-21 04:16:11.355237,RCH600,95-0104,7732,36000,34.86055,22.296467,C-17A Globemaster,291,392,,False,adsb_icao
ae026f,2026-09-21 04:16:11.355243,UNK C/S,63-8012,1530,25000,25.330971,55.726948,KC-135R Stratotanker,238,402,64,False,mlat
ae63bc,2026-09-21 04:16:11.355247,UNK C/S,20-46080,3275,20500,24.830181,57.508911,KC-46A Pegasus,,,0,False,mlat
ae0859,2026-09-21 04:16:11.355268,UNK C/S,59-1506,2661,Unavailable,49.7,-63.3,KC-135R Stratotanker,,,,False,mode_s
ae05ac,2026-09-21 04:16:11.355297,UNK C/S,63-8029,3435,23000,26.1,50.9,KC-135R Stratotanker,126,428,0,False,mode_s
ae4d69,2026-09-21 04:16:11.355305,RCH145,10-0216,6236,32000,36.4,-6.6,C-17A Globemaster,,,,False,mode_s
ae0141,2026-09-21 04:16:11.355310,UNK C/S,59-1510,3652,30000,21.5,118.6,KC-135R Stratotanker,,,,False,mode_s
ae1239,2026-09-21 04:16:11.355314,RCH5001,04-4129,Unavailable,Unavailable,33.7,136.3,C-17A Globemaster,,,,False,mode_s
ae0427,2026-09-21 04:16:11.355321,UNK C/S,61-0290,3277,18000,25.3,54.8,KC-135R Stratotanker,192,414,0,False,mode_s
ae123f,2026-09-21 04:16:11.355324,MOOSE63,04-4134,1146,34000,35.7,27.7,C-17A Globemaster,,,,False,mode_s
ae5e12,2026-09-21 04:16:11.355328,UNK C/S,17-46037,3271,5425,25.9,51.0,KC-46A Pegasus,,,,False,mode_s
ae07ce,2026-09-21 04:16:11.355333,X,89-1190,3313,32150,32.0,33.3,C-17A Globemaster,,,,False,mode_s
ae145f,2026-09-21 04:17:11.562039,RCH307,06-6161,6732,36000,40.599411,-118.772079,C-17A Globemaster,212,420,0,False,mlat
ae0358,2026-09-21 04:17:11.562054,ADVIC44,57-1427,6273,34000,40.708488,-116.40345,KC-135R Stratotanker,250,440,0,False,mlat
aee668,2026-09-21 04:17:11.562061,UNK C/S,,2243,26000,37.114819,-100.648239,E-6B TACAMO,,,0,False,mlat
aeed5f,2026-09-21 04:17:11.562066,UNK C/S,,2652,11875,38.758347,-99.572647,E-6B TACAMO,235,314,0,False,mlat
ae0568,2026-09-21 04:17:11.562076,RCH9206,86-0011,0754,27650,34.312405,-78.951843,C-5M Galaxy,36,474,736,False,mlat
ae07e7,2026-09-21 04:17:11.562082,RCH600,95-0104,7732,36000,34.901096,22.1735,C-17A Globemaster,291,393,,False,adsb_icao
ae026f,2026-09-21 04:17:11.562088,UNK C/S,63-8012,1530,25000,25.275274,55.627728,KC-135R Stratotanker,238,404,0,False,mlat
ae63bc,2026-09-21 04:17:11.562092,UNK C/S,20-46080,3275,20525,24.807711,57.423309,KC-46A Pegasus,241,320,0,False,mlat
ae0859,2026-09-21 04:17:11.562113,UNK C/S,59-1506,2661,Unavailable,49.7,-63.3,KC-135R Stratotanker,,,,False,mode_s
ae05ac,2026-09-21 04:17:11.562118,UNK C/S,63-8029,3435,23000,26.5,51.4,KC-135R Stratotanker,133,430,0,False,mode_s
ae4d69,2026-09-21 04:17:11.562122,RCH145,10-0216,6236,32000,36.3,-7.0,C-17A Globemaster,,,,False,mode_s
ae0141,2026-09-21 04:17:11.562126,UNK C/S,59-1510,3652,30000,21.5,118.6,KC-135R Stratotanker,,,,False,mode_s
ae1239,2026-09-21 04:17:11.562130,RCH5001,04-4129,Unavailable,Unavailable,34.6,136.6,C-17A Globemaster,,,,False,mode_s
ae0427,2026-09-21 04:17:11.562137,UNK C/S,61-0290,3277,Unavailable,25.3,54.8,KC-135R Stratotanker,,,,False,mode_s
ae123f,2026-09-21 04:17:11.562141,MOOSE63,04-4134,1146,34000,35.4,28.2,C-17A Globemaster,,,,False,mode_s
ae5e12,2026-09-21 04:17:11.562145,UNK C/S,17-46037,3271,Unavailable,26.0,51.0,KC-46A Pegasus,,,,False,mode_s
ae07ce,2026-09-21 04:17:11.562149,X,89-1190,3313,30675,32.0,34.0,C-17A Globemaster,,,,False,mode_s
ae145f,2026-09-21 04:18:11.794100,RCH307,06-6161,6732,36000,40.495823,-118.859535,C-17A Globemaster,212,423,0,False,mlat
ae0358,2026-09-21 04:18:11.794112,ADVIC44,57-1427,6273,34000,40.669899,-116.54715,KC-135R Stratotanker,251,431,0,False,mlat
aee668,2026-09-21 04:18:11.794120,UNK C/S,,2243,26000,37.140934,-100.550232,E-6B TACAMO,,,0,False,mlat
aeed5f,2026-09-21 04:18:11.794125,UNK C/S,,2652,11875,38.705708,-99.64431,E-6B TACAMO,226,287,0,False,mlat
ae0568,2026-09-21 04:18:11.794134,RCH9206,86-0011,0754,28550,34.427025,-78.854691,C-5M Galaxy,35,477,908,False,mlat
ae07e7,2026-09-21 04:18:11.794139,RCH600,95-0104,7732,36000,34.942017,22.048944,C-17A Globemaster,291,392,,False,adsb_icao
ae026f,2026-09-21 04:18:11.794145,UNK C/S,63-8012,1530,25000,25.216225,55.519554,KC-135R Stratotanker,238,406,0,False,mlat
ae63bc,2026-09-21 04:18:11.794150,UNK C/S,20-46080,3275,20500,24.72945,57.342854,KC-46A Pegasus,206,417,0,False,mlat
ae0859,2026-09-21 04:18:11.794169,UNK C/S,59-1506,2661,Unavailable,49.7,-63.3,KC-135R Stratotanker,,,,False,mode_s
ae05ac,2026-09-21 04:18:11.794174,UNK C/S,63-8029,3435,23000,26.5,51.5,KC-135R Stratotanker,133,432,0,False,mode_s
ae4d69,2026-09-21 04:18:11.794178,RCH145,10-0216,6236,32000,36.4,-6.8,C-17A Globemaster,,,,False,mode_s
ae0141,2026-09-21 04:18:11.794182,UNK C/S,59-1510,3652,30000,21.5,118.6,KC-135R Stratotanker,,,,False,mode_s
ae1239,2026-09-21 04:18:11.794186,RCH5001,04-4129,Unavailable,Unavailable,34.6,136.6,C-17A Globemaster,,,,False,mode_s
ae123f,2026-09-21 04:18:11.794192,MOOSE63,04-4134,1146,34000,36.0,27.4,C-17A Globemaster,,,,False,mode_s
ae5e12,2026-09-21 04:18:11.794196,UNK C/S,17-46037,3271,3650,26.6,51.4,KC-46A Pegasus,,,,False,mode_s
ae07ce,2026-09-21 04:18:11.794200,X,89-1190,3313,29200,31.9,33.8,C-17A Globemaster,,,,False,mode_s
ae145f,2026-09-21 04:19:12.012491,RCH307,06-6161,6732,35725,40.399952,-118.940392,C-17A Globemaster,213,421,-640,False,mlat
ae0358,2026-09-21 04:19:12.012504,ADVIC44,57-1427,6273,34000,40.624714,-116.726074,KC-135R Stratotanker,252,464,0,False,mlat
aee668,2026-09-21 04:19:12.012511,UNK C/S,,2243,26000,37.162682,-100.430344,E-6B TACAMO,,,0,False,mlat
aeed5f,2026-09-21 04:19:12.012516,UNK C/S,,2652,11875,38.65514,-99.716644,E-6B TACAMO,231,274,0,False,mlat
ae0568,2026-09-21 04:19:12.012525,RCH9206,86-0011,0754,29225,34.535622,-78.755951,C-5M Galaxy,40,483,572,False,mlat
ae07e7,2026-09-21 04:19:12.012531,RCH600,95-0104,7732,36000,34.982143,21.926308,C-17A Globemaster,291,393,,False,adsb_icao
ae07ce,2026-09-21 04:19:12.012536,X,89-1190,3313,27725,30.991852,35.226044,C-17A Globemaster,,,-1477,False,mlat
ae026f,2026-09-21 04:19:12.012541,UNK C/S,63-8012,1530,25000,25.157085,55.41222,KC-135R Stratotanker,238,408,0,False,mlat
ae63bc,2026-09-21 04:19:12.012545,UNK C/S,20-46080,3275,20500,24.634346,57.345036,KC-46A Pegasus,163,415,0,False,mlat
ae0859,2026-09-21 04:19:12.012565,UNK C/S,59-1506,2661,Unavailable,49.7,-63.3,KC-135R Stratotanker,,,,False,mode_s
ae05ac,2026-09-21 04:19:12.012570,UNK C/S,63-8029,3435,23000,26.5,51.4,KC-135R Stratotanker,133,434,64,False,mode_s
ae4d69,2026-09-21 04:19:12.012574,RCH145,10-0216,6236,32000,36.4,-6.8,C-17A Globemaster,,,,False,mode_s
ae0141,2026-09-21 04:19:12.012578,UNK C/S,59-1510,3652,30000,21.2,118.4,KC-135R Stratotanker,,,,False,mode_s
ae1239,2026-09-21 04:19:12.012582,RCH5001,04-4129,Unavailable,Unavailable,33.7,136.3,C-17A Globemaster,,,,False,mode_s
ae123f,2026-09-21 04:19:12.012589,MOOSE63,04-4134,1146,34000,36.3,27.0,C-17A Globemaster,,,,False,mode_s
ae5e12,2026-09-21 04:19:12.012593,UNK C/S,17-46037,3271,3650,26.1,50.7,KC-46A Pegasus,,,,False,mode_s
ae145f,2026-09-21 04:20:12.222937,RCH307,06-6161,6732,34325,40.295509,-119.026085,C-17A Globemaster,212,425,-1473,False,mlat
ae0358,2026-09-21 04:20:12.222949,ADVIC44,57-1427,6273,34000,40.597145,-116.829697,KC-135R Stratotanker,255,476,0,False,mlat
aee668,2026-09-21 04:20:12.222956,UNK C/S,,2243,26000,37.193619,-100.297798,E-6B TACAMO,,,0,False,mlat
aeed5f,2026-09-21 04:20:12.222961,UNK C/S,,2652,11875,38.600712,-99.790115,E-6B TACAMO,227,296,0,False,mlat
ae0568,2026-09-21 04:20:12.222969,RCH9206,86-0011,0754,29875,34.637295,-78.660576,C-5M Galaxy,38,485,587,False,mlat
ae07e7,2026-09-21 04:20:12.222975,RCH600,95-0104,7732,36000,35.022411,21.802711,C-17A Globemaster,291,390,,False,adsb_icao
ae07ce,2026-09-21 04:20:12.222980,X,89-1190,3313,26200,31.039511,35.178741,C-17A Globemaster,,,-1480,False,mlat
ae026f,2026-09-21 04:20:12.222986,UNK C/S,63-8012,1530,25000,25.097578,55.30389,KC-135R Stratotanker,238,410,-32,False,mlat
ae63bc,2026-09-21 04:20:12.222990,UNK C/S,20-46080,3275,20500,24.600237,57.365986,KC-46A Pegasus,149,422,0,False,mlat
ae0859,2026-09-21 04:20:12.223010,UNK C/S,59-1506,2661,Unavailable,49.7,-63.3,KC-135R Stratotanker,,,,False,mode_s
ae05ac,2026-09-21 04:20:12.223015,UNK C/S,63-8029,3435,23000,26.4,51.5,KC-135R Stratotanker,133,434,-96,False,mode_s
ae4d69,2026-09-21 04:20:12.223019,RCH145,10-0216,6236,32000,36.4,-7.4,C-17A Globemaster,,,,False,mode_s
ae0141,2026-09-21 04:20:12.223023,UNK C/S,59-1510,3652,30000,21.1,118.2,KC-135R Stratotanker,,,,False,mode_s
ae1239,2026-09-21 04:20:12.223027,RCH5001,04-4129,Unavailable,35875,34.6,136.6,C-17A Globemaster,,,,False,mode_s
ae123f,2026-09-21 04:20:12.223034,MOOSE63,04-4134,1146,34000,36.5,26.8,C-17A Globemaster,,,,False,mode_s
ae5e12,2026-09-21 04:20:12.223038,UNK C/S,17-46037,3271,Unavailable,25.9,50.3,KC-46A Pegasus,,,,False,mode_s
ae145f,2026-09-21 04:21:12.444939,RCH307,06-6161,6732,32400,40.199062,-119.107025,C-17A Globemaster,212,411,-1951,False,mlat
ae0358,2026-09-21 04:21:12.444952,ADVIC44,57-1427,6273,34000,40.533501,-117.013397,KC-135R Stratotanker,241,440,0,False,mlat
aee668,2026-09-21 04:21:12.444960,UNK C/S,,2243,26000,37.21143,-100.207642,E-6B TACAMO,74,333,0,False,mlat
aeed5f,2026-09-21 04:21:12.444965,UNK C/S,,2652,11875,38.540623,-99.86879,E-6B TACAMO,225,299,0,False,mlat
ae0568,2026-09-21 04:21:12.444974,RCH9206,86-0011,0754,30550,34.751343,-78.55442,C-5M Galaxy,39,490,708,False,mlat
ae07e7,2026-09-21 04:21:12.444980,RCH600,95-0104,7732,36000,35.062588,21.678886,C-17A Globemaster,291,393,,False,adsb_icao
ae07ce,2026-09-21 04:21:12.444986,X,89-1190,3313,24300,30.944393,35.812733,C-17A Globemaster,,,-1573,False,mlat
ae026f,2026-09-21 04:21:12.444991,UNK C/S,63-8012,1530,25000,25.033587,55.205875,KC-135R Stratotanker,218,410,0,False,mlat
ae63bc,2026-09-21 04:21:12.444996,UNK C/S,20-46080,3275,20500,25.249302,55.329613,KC-46A Pegasus,,,0,False,mlat
ae0859,2026-09-21 04:21:12.445016,UNK C/S,59-1506,2661,Unavailable,49.7,-63.3,KC-135R Stratotanker,,,,False,mode_s
ae05ac,2026-09-21 04:21:12.445021,UNK C/S,63-8029,3435,23000,26.1,51.2,KC-135R Stratotanker,133,432,32,False,mode_s
ae4d69,2026-09-21 04:21:12.445025,RCH145,10-0216,6236,32000,36.3,-7.9,C-17A Globemaster,,,,False,mode_s
ae0141,2026-09-21 04:21:12.445029,UNK C/S,59-1510,3652,30000,21.5,118.6,KC-135R Stratotanker,,,,False,mode_s
ae1239,2026-09-21 04:21:12.445033,RCH5001,04-4129,3771,34725,34.7,136.5,C-17A Globemaster,,,,False,mode_s
ae123f,2026-09-21 04:21:12.445040,MOOSE63,04-4134,1146,34000,36.9,26.3,C-17A Globemaster,,,,False,mode_s
ae5e12,2026-09-21 04:21:12.445044,UNK C/S,17-46037,3271,Unavailable,25.7,50.0,KC-46A Pegasus,,,,False,mode_s
ae145f,2026-09-21 04:22:12.656305,RCH307,06-6161,6732,30425,40.10355,-119.187462,C-17A Globemaster,212,408,-2003,False,mlat
ae0358,2026-09-21 04:22:12.656323,ADVIC44,57-1427,6273,34000,40.511322,-117.075836,KC-135R Stratotanker,245,463,0,False,mlat
aee668,2026-09-21 04:22:12.656331,UNK C/S,,2243,26000,37.237309,-100.086388,E-6B TACAMO,76,335,0,False,mlat
aeed5f,2026-09-21 04:22:12.656337,UNK C/S,,2652,11875,38.492413,-99.942062,E-6B TACAMO,234,290,0,False,mlat
ae0568,2026-09-21 04:22:12.656346,RCH9206,86-0011,0754,31000,34.852097,-78.461525,C-5M Galaxy,36,469,78,False,mlat
ae07e7,2026-09-21 04:22:12.656353,RCH600,95-0104,7732,36000,35.099808,21.563696,C-17A Globemaster,291,392,0,False,adsb_icao
ae07ce,2026-09-21 04:22:12.656359,X,89-1190,3313,22075,31.05921,35.934891,C-17A Globemaster,,,-2277,False,mlat
ae026f,2026-09-21 04:22:12.656364,UNK C/S,63-8012,1530,24325,24.937815,55.133575,KC-135R Stratotanker,212,404,-960,False,mlat
ae63bc,2026-09-21 04:22:12.656368,UNK C/S,20-46080,3275,20525,24.560638,57.556,KC-46A Pegasus,,,0,False,mlat
ae05ac,2026-09-21 04:22:12.656393,UNK C/S,63-8029,3435,23000,25.8,51.8,KC-135R Stratotanker,133,430,0,False,mode_s
ae4d69,2026-09-21 04:22:12.656398,RCH145,10-0216,6236,32000,36.4,-7.4,C-17A Globemaster,,,,False,mode_s
ae0141,2026-09-21 04:22:12.656404,UNK C/S,59-1510,3652,30000,21.5,118.6,KC-135R Stratotanker,,,,False,mode_s
ae1239,2026-09-21 04:22:12.656413,RCH5001,04-4129,3771,33650,34.6,136.6,C-17A Globemaster,,,,False,mode_s
ae123f,2026-09-21 04:22:12.656421,MOOSE63,04-4134,1146,34000,37.4,25.7,C-17A Globemaster,,,,False,mode_s
ae04bb,2026-09-21 04:22:12.656425,UNK C/S,58-0056,Unavailable,Unavailable,25.5,54.8,KC-135R Stratotanker,,,,False,mode_s
ae5e12,2026-09-21 04:22:12.656429,UNK C/S,17-46037,3271,1100,26.6,51.9,KC-46A Pegasus,,,,False,mode_s
ae145f,2026-09-21 04:23:12.861053,RCH307,06-6161,6732,29975,40.005196,-119.267784,C-17A Globemaster,213,429,0,False,mlat
aeed5f,2026-09-21 04:23:12.861067,UNK C/S,,2652,11875,38.431664,-100.021706,E-6B TACAMO,226,312,0,False,mlat
aee668,2026-09-21 04:23:12.861073,UNK C/S,,2243,26000,37.254089,-99.99411,E-6B TACAMO,78,304,0,False,mlat
ae0568,2026-09-21 04:23:12.861082,RCH9206,86-0011,0754,31000,34.96104,-78.359276,C-5M Galaxy,38,481,0,False,mlat
ae07e7,2026-09-21 04:23:12.861088,RCH600,95-0104,7732,36000,35.142239,21.431751,C-17A Globemaster,291,399,,False,adsb_icao
ae07ce,2026-09-21 04:23:12.861093,X,89-1190,3313,19625,31.193213,36.035473,C-17A Globemaster,,,-2583,False,mlat
ae026f,2026-09-21 04:23:12.861099,UNK C/S,63-8012,1530,22850,24.841368,55.067822,KC-135R Stratotanker,212,392,-2176,False,mlat
ae63bc,2026-09-21 04:23:12.861103,UNK C/S,20-46080,3275,20500,24.625963,57.59734,KC-46A Pegasus,,,57,False,mode_s
ae05ac,2026-09-21 04:23:12.861124,UNK C/S,63-8029,3435,23000,25.9,51.8,KC-135R Stratotanker,177,426,0,False,mode_s
ae4d69,2026-09-21 04:23:12.861128,RCH145,10-0216,6236,32000,36.1,-8.5,C-17A Globemaster,,,,False,mode_s
ae0141,2026-09-21 04:23:12.861132,UNK C/S,59-1510,3652,30000,21.5,118.6,KC-135R Stratotanker,,,,False,mode_s
ae1239,2026-09-21 04:23:12.861137,RCH5001,04-4129,3771,32575,33.0,135.7,C-17A Globemaster,,,,False,mode_s
ae123f,2026-09-21 04:23:12.861145,MOOSE63,04-4134,1146,34000,37.4,25.8,C-17A Globemaster,,,,False,mode_s
ae04bb,2026-09-21 04:23:12.861149,UNK C/S,58-0056,3430,20000,25.5,54.5,KC-135R Stratotanker,300,400,-32,False,mode_s
ae5e12,2026-09-21 04:23:12.861153,UNK C/S,17-46037,3271,425,25.7,52.6,KC-46A Pegasus,,,,False,mode_s
ae0358,2026-09-21 04:23:12.861158,ADVIC44,57-1427,6273,34000,40.2,-117.5,KC-135R Stratotanker,,,,False,mode_s
ae145f,2026-09-21 04:24:13.091902,RCH307,06-6161,6732,28175,39.932671,-119.395599,C-17A Globemaster,245,457,-1961,False,mlat
aeed5f,2026-09-21 04:24:13.091920,UNK C/S,,2652,11875,38.380894,-100.096466,E-6B TACAMO,231,277,0,False,mlat
aee668,2026-09-21 04:24:13.091926,UNK C/S,,2243,26000,37.281631,-99.885284,E-6B TACAMO,72,319,0,False,mlat
ae0568,2026-09-21 04:24:13.091936,RCH9206,86-0011,0754,31000,35.064449,-78.262238,C-5M Galaxy,39,471,0,False,mlat
ae07e7,2026-09-21 04:24:13.091942,RCH600,95-0104,7732,36000,35.182938,21.304844,C-17A Globemaster,291,399,-64,False,adsb_icao
ae07ce,2026-09-21 04:24:13.091947,X,89-1190,3313,15300,31.270422,36.062836,C-17A Globemaster,346,509,-4540,False,mlat
ae026f,2026-09-21 04:24:13.091953,UNK C/S,63-8012,1530,20875,24.748238,55.00951,KC-135R Stratotanker,211,374,-1920,False,mlat
ae63bc,2026-09-21 04:24:13.091958,UNK C/S,20-46080,3275,20500,24.801016,57.582611,KC-46A Pegasus,323,417,0,False,mlat
ae05ac,2026-09-21 04:24:13.091981,UNK C/S,63-8029,3435,23000,25.9,51.2,KC-135R Stratotanker,178,426,-64,False,mode_s
ae4d69,2026-09-21 04:24:13.091985,RCH145,10-0216,6236,32000,36.3,-7.9,C-17A Globemaster,,,,False,mode_s
ae0141,2026-09-21 04:24:13.091989,UNK C/S,59-1510,3652,30000,21.5,118.6,KC-135R Stratotanker,,,,False,mode_s
ae1239,2026-09-21 04:24:13.091994,RCH5001,04-4129,3771,31975,34.8,136.9,C-17A Globemaster,,,,False,mode_s
ae123f,2026-09-21 04:24:13.092002,MOOSE63,04-4134,1146,34000,37.3,25.8,C-17A Globemaster,,,,False,mode_s
ae04bb,2026-09-21 04:24:13.092005,UNK C/S,58-0056,3430,20000,25.4,55.1,KC-135R Stratotanker,238,410,128,False,mode_s
ae0358,2026-09-21 04:24:13.092010,ADVIC44,57-1427,6273,34000,40.1,-117.5,KC-135R Stratotanker,,,,False,mode_s
ae145f,2026-09-21 04:25:13.319672,RCH307,06-6161,6732,26225,39.8736,-119.526161,C-17A Globemaster,239,448,-2006,False,mlat
ae0358,2026-09-21 04:25:13.319689,ADVIC44,57-1427,6273,34000,40.304501,-117.63662,KC-135R Stratotanker,243,501,0,False,mlat
aeed5f,2026-09-21 04:25:13.319698,UNK C/S,,2652,11875,38.330757,-100.162201,E-6B TACAMO,222,306,0,False,mlat
aee668,2026-09-21 04:25:13.319703,UNK C/S,,2243,26000,37.306808,-99.7714,E-6B TACAMO,73,321,0,False,mlat
ae0568,2026-09-21 04:25:13.319714,RCH9206,86-0011,0754,31000,35.169064,-78.164642,C-5M Galaxy,38,490,0,False,mlat
ae07e7,2026-09-21 04:25:13.319721,RCH600,95-0104,7732,36000,35.223518,21.177635,C-17A Globemaster,291,400,,False,adsb_icao
ae026f,2026-09-21 04:25:13.319728,UNK C/S,63-8012,1530,18400,24.65947,54.96204,KC-135R Stratotanker,191,368,-2176,False,mlat
ae63bc,2026-09-21 04:25:13.319733,UNK C/S,20-46080,3275,20500,24.834366,57.475849,KC-46A Pegasus,280,373,0,False,mlat
ae123f,2026-09-21 04:25:13.319758,MOOSE63,04-4134,1146,34000,37.3,25.8,C-17A Globemaster,,,,False,mode_s
ae4d69,2026-09-21 04:25:13.319764,RCH145,10-0216,6236,32000,36.2,-8.1,C-17A Globemaster,,,,False,mode_s
ae0141,2026-09-21 04:25:13.319771,UNK C/S,59-1510,3652,30000,21.2,118.4,KC-135R Stratotanker,,,,False,mode_s
ae1239,2026-09-21 04:25:13.319777,RCH5001,04-4129,3771,31975,34.6,136.6,C-17A Globemaster,,,,False,mode_s
ae04bb,2026-09-21 04:25:13.319781,UNK C/S,58-0056,3430,20000,24.7,55.6,KC-135R Stratotanker,223,408,0,False,mode_s
ae07ce,2026-09-21 04:25:13.319788,X,89-1190,3313,10525,31.7,36.5,C-17A Globemaster,,,,False,mode_s
ae05ac,2026-09-21 04:25:13.319794,UNK C/S,63-8029,3435,22000,25.8,51.4,KC-135R Stratotanker,,,,False,mode_s
ae145f,2026-09-21 04:26:13.536124,RCH307,06-6161,6732,24250,39.810375,-119.660194,C-17A Globemaster,236,447,-1993,False,mlat
ae0358,2026-09-21 04:26:13.536142,ADVIC44,57-1427,6273,34000,40.249378,-117.786713,KC-135R Stratotanker,243,449,0,False,mlat
aeed5f,2026-09-21 04:26:13.536149,UNK C/S,,2652,11875,38.28809,-100.222099,E-6B TACAMO,230,288,0,False,mlat
aee668,2026-09-21 04:26:13.536154,UNK C/S,,2243,26000,37.330185,-99.653503,E-6B TACAMO,77,329,0,False,mlat
ae0568,2026-09-21 04:26:13.536164,RCH9206,86-0011,0754,31000,35.266689,-78.07341,C-5M Galaxy,37,466,0,False,mlat
ae07e7,2026-09-21 04:26:13.536171,RCH600,95-0104,7732,36000,35.263786,21.050915,C-17A Globemaster,291,399,0,False,adsb_icao
ae026f,2026-09-21 04:26:13.536177,UNK C/S,63-8012,1530,16700,24.559082,54.941422,KC-135R Stratotanker,190,348,-1152,False,mlat
ae63bc,2026-09-21 04:26:13.536182,UNK C/S,20-46080,3275,20500,24.793074,57.379452,KC-46A Pegasus,221,451,0,False,mlat
ae123f,2026-09-21 04:26:13.536203,MOOSE63,04-4134,1146,34000,37.3,25.8,C-17A Globemaster,,,,False,mode_s
ae4d69,2026-09-21 04:26:13.536207,RCH145,10-0216,6236,32000,38.4,-8.0,C-17A Globemaster,,,,False,mode_s
ae0141,2026-09-21 04:26:13.536213,UNK C/S,59-1510,3652,30000,21.5,118.6,KC-135R Stratotanker,,,,False,mode_s
ae1239,2026-09-21 04:26:13.536219,RCH5001,04-4129,3771,31975,35.0,140.4,C-17A Globemaster,,,,False,mode_s
ae04bb,2026-09-21 04:26:13.536224,UNK C/S,58-0056,3430,20000,25.5,53.3,KC-135R Stratotanker,222,402,0,False,mode_s
ae07ce,2026-09-21 04:26:13.536230,X,89-1190,3313,9875,31.0,36.2,C-17A Globemaster,,,,False,mode_s
ae05ac,2026-09-21 04:26:13.536236,UNK C/S,63-8029,3435,21250,25.7,51.7,KC-135R Stratotanker,197,412,-800,False,mode_s
ae145f,2026-09-21 04:27:13.765601,RCH307,06-6161,6732,22275,39.743114,-119.805954,C-17A Globemaster,238,448,-1965,False,mlat
ae0358,2026-09-21 04:27:13.765612,ADVIC44,57-1427,6273,34000,40.19537,-117.931969,KC-135R Stratotanker,244,467,0,False,mlat
aeed5f,2026-09-21 04:27:13.765619,UNK C/S,,2652,11875,38.220909,-100.315399,E-6B TACAMO,227,285,0,False,mlat
aee668,2026-09-21 04:27:13.765624,UNK C/S,,2243,26000,37.354996,-99.530327,E-6B TACAMO,77,341,0,False,mlat
ae0568,2026-09-21 04:27:13.765633,RCH9206,86-0011,0754,31000,35.377789,-77.966537,C-5M Galaxy,39,470,0,False,mlat
ae07e7,2026-09-21 04:27:13.765638,RCH600,95-0104,7732,36000,35.303959,20.923754,C-17A Globemaster,291,401,,False,adsb_icao
ae026f,2026-09-21 04:27:13.765644,UNK C/S,63-8012,1530,16000,24.47184,54.91386,KC-135R Stratotanker,214,328,-32,False,mlat
ae63bc,2026-09-21 04:27:13.765648,UNK C/S,20-46080,3275,20525,24.703985,57.350311,KC-46A Pegasus,187,527,-40,False,mlat
ae123f,2026-09-21 04:27:13.765668,MOOSE63,04-4134,1146,34000,37.2,25.2,C-17A Globemaster,,,,False,mode_s
ae4d69,2026-09-21 04:27:13.765672,RCH145,10-0216,6236,32000,38.5,-8.2,C-17A Globemaster,,,,False,mode_s
ae0141,2026-09-21 04:27:13.765678,UNK C/S,59-1510,3652,30000,21.2,118.4,KC-135R Stratotanker,,,,False,mode_s
ae1239,2026-09-21 04:27:13.765683,RCH5001,04-4129,3771,32000,34.6,136.6,C-17A Globemaster,,,,False,mode_s
ae04bb,2026-09-21 04:27:13.765688,UNK C/S,58-0056,3430,20000,25.2,54.8,KC-135R Stratotanker,222,398,0,False,mode_s
ae07ce,2026-09-21 04:27:13.765694,X,89-1190,3313,9875,32.1,37.7,C-17A Globemaster,,,,False,mode_s
ae05ac,2026-09-21 04:27:13.765699,UNK C/S,63-8029,3435,20800,25.9,51.7,KC-135R Stratotanker,203,406,-1216,False,mode_s
ae145f,2026-09-21 04:28:13.989930,RCH307,06-6161,6732,20200,39.680637,-119.939217,C-17A Globemaster,237,420,-2012,False,mlat
ae0358,2026-09-21 04:28:13.989944,ADVIC44,57-1427,6273,34000,40.136513,-118.089211,KC-135R Stratotanker,244,449,0,False,mlat
aeed5f,2026-09-21 04:28:13.989952,UNK C/S,,2652,11875,38.1632,-100.394173,E-6B TACAMO,229,295,0,False,mlat
aee668,2026-09-21 04:28:13.989956,UNK C/S,,2243,26000,37.376949,-99.438644,E-6B TACAMO,71,331,0,False,mlat
ae0568,2026-09-21 04:28:13.989965,RCH9206,86-0011,0754,31000,35.484184,-77.865662,C-5M Galaxy,38,477,0,False,mlat
ae4d69,2026-09-21 04:28:13.989970,RCH145,10-0216,6236,32000,35.922359,-8.990834,C-17A Globemaster,,,0,False,mlat
ae07e7,2026-09-21 04:28:13.989975,RCH600,95-0104,7732,36000,35.343567,20.798149,C-17A Globemaster,291,400,,False,adsb_icao
ae026f,2026-09-21 04:28:13.989981,UNK C/S,63-8012,1530,16000,24.417692,54.835522,KC-135R Stratotanker,238,332,0,False,mlat
ae63bc,2026-09-21 04:28:13.989985,UNK C/S,20-46080,3275,20525,24.617765,57.391586,KC-46A Pegasus,149,409,76,False,mlat
ae123f,2026-09-21 04:28:13.990005,MOOSE63,04-4134,1146,34000,37.5,25.0,C-17A Globemaster,,,,False,mode_s
ae0141,2026-09-21 04:28:13.990012,UNK C/S,59-1510,3652,29750,21.2,118.4,KC-135R Stratotanker,,,,False,mode_s
ae1239,2026-09-21 04:28:13.990017,RCH5001,04-4129,3771,32000,33.0,135.5,C-17A Globemaster,,,,False,mode_s
ae04bb,2026-09-21 04:28:13.990021,UNK C/S,58-0056,3430,20000,25.6,53.7,KC-135R Stratotanker,221,400,-32,False,mode_s
ae07ce,2026-09-21 04:28:13.990028,X,89-1190,3313,9900,32.1,38.0,C-17A Globemaster,,,,False,mode_s
ae05ac,2026-09-21 04:28:13.990033,UNK C/S,63-8029,3435,20100,25.9,51.3,KC-135R Stratotanker,203,406,-256,False,mode_s
ae145f,2026-09-21 04:29:14.262646,RCH307,06-6161,6732,19975,39.621437,-120.066223,C-17A Globemaster,238,416,-15,False,mlat
ae0358,2026-09-21 04:29:14.262660,ADVIC44,57-1427,6273,33725,40.082199,-118.233742,KC-135R Stratotanker,243,470,-354,False,mlat
aeed5f,2026-09-21 04:29:14.262667,UNK C/S,,2652,11875,38.10511,-100.472969,E-6B TACAMO,226,293,0,False,mlat
aee668,2026-09-21 04:29:14.262672,UNK C/S,,2243,26000,37.401306,-99.320396,E-6B TACAMO,78,324,0,False,mlat
ae0568,2026-09-21 04:29:14.262681,RCH9206,86-0011,0754,31000,35.5886,-77.766624,C-5M Galaxy,37,479,0,False,mlat
ae4d69,2026-09-21 04:29:14.262687,RCH145,10-0216,6236,32000,36.0168,-8.879018,C-17A Globemaster,,,0,False,mlat
ae07e7,2026-09-21 04:29:14.262692,RCH600,95-0104,7732,36000,35.384357,20.668146,C-17A Globemaster,290,402,,False,adsb_icao
ae026f,2026-09-21 04:29:14.262698,UNK C/S,63-8012,1530,16000,24.363331,54.747993,KC-135R Stratotanker,238,334,0,False,mlat
ae63bc,2026-09-21 04:29:14.262703,UNK C/S,20-46080,3275,20525,24.565641,57.449429,KC-46A Pegasus,112,360,0,False,mlat
ae123f,2026-09-21 04:29:14.262722,MOOSE63,04-4134,1146,34000,37.3,24.5,C-17A Globemaster,,,,False,mode_s
ae0141,2026-09-21 04:29:14.262729,UNK C/S,59-1510,3652,28825,21.1,118.2,KC-135R Stratotanker,,,,False,mode_s
ae1239,2026-09-21 04:29:14.262734,RCH5001,04-4129,3771,31975,33.7,134.1,C-17A Globemaster,,,,False,mode_s
ae04bb,2026-09-21 04:29:14.262738,UNK C/S,58-0056,3430,20000,25.1,54.3,KC-135R Stratotanker,222,394,-64,False,mode_s
ae07ce,2026-09-21 04:29:14.262744,X,89-1190,3313,9900,32.1,38.0,C-17A Globemaster,,,,False,mode_s
ae05ac,2026-09-21 04:29:14.262749,UNK C/S,63-8029,3435,19000,25.9,51.3,KC-135R Stratotanker,203,404,0,False,mode_s
ae145f,2026-09-21 04:30:14.465808,RCH307,06-6161,6732,20000,39.561218,-120.193764,C-17A Globemaster,239,427,11,False,mlat
ae0358,2026-09-21 04:30:14.465823,ADVIC44,57-1427,6273,31775,40.024387,-118.381538,KC-135R Stratotanker,243,437,-2017,False,mlat
aeed5f,2026-09-21 04:30:14.465829,UNK C/S,,2652,11875,38.049561,-100.54892,E-6B TACAMO,228,287,0,False,mlat
aee668,2026-09-21 04:30:14.465834,UNK C/S,,2243,26000,37.420883,-99.221664,E-6B TACAMO,77,333,0,False,mlat
ae0568,2026-09-21 04:30:14.465842,RCH9206,86-0011,0754,31000,35.690548,-77.667999,C-5M Galaxy,38,482,0,False,mlat
ae4d69,2026-09-21 04:30:14.465848,RCH145,10-0216,6236,32000,36.113438,-8.741168,C-17A Globemaster,,,0,False,mlat
ae07e7,2026-09-21 04:30:14.465853,RCH600,95-0104,7732,36000,35.423126,20.543861,C-17A Globemaster,290,403,,False,adsb_icao
ae026f,2026-09-21 04:30:14.465859,UNK C/S,63-8012,1530,15050,24.321136,54.673622,KC-135R Stratotanker,238,338,-2048,False,mlat
ae63bc,2026-09-21 04:30:14.465863,UNK C/S,20-46080,3275,20500,24.549034,57.492504,KC-46A Pegasus,110,369,-25,False,mode_s
ae123f,2026-09-21 04:30:14.465884,MOOSE63,04-4134,1146,34000,37.3,25.3,C-17A Globemaster,,,,False,mode_s
ae0141,2026-09-21 04:30:14.465892,UNK C/S,59-1510,3652,28000,21.2,118.4,KC-135R Stratotanker,,,,False,mode_s
ae1239,2026-09-21 04:30:14.465896,RCH5001,04-4129,3771,31175,34.7,136.5,C-17A Globemaster,,,,False,mode_s
ae04bb,2026-09-21 04:30:14.465901,UNK C/S,58-0056,3430,20000,25.3,54.4,KC-135R Stratotanker,241,386,0,False,mode_s
ae07ce,2026-09-21 04:30:14.465907,X,89-1190,3313,9900,32.5,37.6,C-17A Globemaster,,,,False,mode_s
ae05ac,2026-09-21 04:30:14.465912,UNK C/S,63-8029,3435,19000,26.0,51.9,KC-135R Stratotanker,,,,False,mode_s
ae145f,2026-09-21 04:31:14.688592,RCH307,06-6161,6732,20000,39.498531,-120.326378,C-17A Globemaster,237,415,0,False,mlat
ae0358,2026-09-21 04:31:14.688605,ADVIC44,57-1427,6273,29775,39.971893,-118.524742,KC-135R Stratotanker,243,438,-2031,False,mlat
aeed5f,2026-09-21 04:31:14.688612,UNK C/S,,2652,11875,37.998875,-100.615402,E-6B TACAMO,226,287,0,False,mlat
aee668,2026-09-21 04:31:14.688618,UNK C/S,,2243,26000,37.448055,-99.100273,E-6B TACAMO,73,337,0,False,mlat
ae0568,2026-09-21 04:31:14.688626,RCH9206,86-0011,0754,31000,35.797195,-77.565903,C-5M Galaxy,38,480,0,False,mlat
ae4d69,2026-09-21 04:31:14.688631,RCH145,10-0216,6236,32000,36.190804,-8.624888,C-17A Globemaster,52,431,0,False,mlat
ae07e7,2026-09-21 04:31:14.688636,RCH600,95-0104,7732,36000,35.464146,20.411955,C-17A Globemaster,290,398,,False,adsb_icao
ae026f,2026-09-21 04:31:14.688643,UNK C/S,63-8012,1530,13000,24.302603,54.611343,KC-135R Stratotanker,257,338,-2144,False,mlat
ae1239,2026-09-21 04:31:14.688657,RCH5001,04-4129,3771,30200,33.166615,136.885345,C-17A Globemaster,,,-950,False,mlat
ae123f,2026-09-21 04:31:14.688669,MOOSE63,04-4134,1146,34000,37.2,25.3,C-17A Globemaster,,,,False,mode_s
ae63bc,2026-09-21 04:31:14.688675,UNK C/S,20-46080,3275,20525,25.2,57.3,KC-46A Pegasus,,,,False,mode_s
ae0141,2026-09-21 04:31:14.688679,UNK C/S,59-1510,3652,28000,21.5,118.6,KC-135R Stratotanker,,,,False,mode_s
ae04bb,2026-09-21 04:31:14.688684,UNK C/S,58-0056,3430,20000,26.2,53.2,KC-135R Stratotanker,253,382,0,False,mode_s
ae07ce,2026-09-21 04:31:14.688691,X,89-1190,3313,9475,31.8,38.3,C-17A Globemaster,,,,False,mode_s
ae145f,2026-09-21 04:32:14.891517,RCH307,06-6161,6732,20000,39.433815,-120.462723,C-17A Globemaster,239,424,0,False,mlat
ae0358,2026-09-21 04:32:14.891529,ADVIC44,57-1427,6273,28025,39.919357,-118.66098,KC-135R Stratotanker,243,419,-1399,False,mlat
aeed5f,2026-09-21 04:32:14.891535,UNK C/S,,2652,11875,37.941483,-100.694565,E-6B TACAMO,226,285,0,False,mlat
aee668,2026-09-21 04:32:14.891541,UNK C/S,,2243,26000,37.475868,-98.972656,E-6B TACAMO,77,332,0,False,mlat
ae0568,2026-09-21 04:32:14.891550,RCH9206,86-0011,0754,31000,35.899994,-77.46666,C-5M Galaxy,38,487,0,False,mlat
ae4d69,2026-09-21 04:32:14.891555,RCH145,10-0216,6236,32000,36.267174,-8.51668,C-17A Globemaster,49,393,0,False,mlat
ae07e7,2026-09-21 04:32:14.891559,RCH600,95-0104,7732,36000,35.501358,20.291805,C-17A Globemaster,290,395,,False,adsb_icao
ae026f,2026-09-21 04:32:14.891565,UNK C/S,63-8012,1530,9975,24.25547,54.566856,KC-135R Stratotanker,292,326,-4160,False,mode_s
ae1239,2026-09-21 04:32:14.891578,RCH5001,04-4129,3771,28925,33.301128,136.832367,C-17A Globemaster,,,-1367,False,mlat
ae123f,2026-09-21 04:32:14.891588,MOOSE63,04-4134,1146,34000,37.1,24.8,C-17A Globemaster,,,,False,mode_s
ae63bc,2026-09-21 04:32:14.891594,UNK C/S,20-46080,3275,20500,25.6,58.2,KC-46A Pegasus,,,,False,mode_s
ae0141,2026-09-21 04:32:14.891599,UNK C/S,59-1510,3652,28000,21.2,118.4,KC-135R Stratotanker,,,,False,mode_s
ae04bb,2026-09-21 04:32:14.891604,UNK C/S,58-0056,3430,20000,25.5,53.4,KC-135R Stratotanker,261,380,32,False,mode_s
ae07ce,2026-09-21 04:32:14.891611,X,89-1190,3313,8900,32.0,38.0,C-17A Globemaster,,,,False,mode_s
ae145f,2026-09-21 04:33:15.099327,RCH307,06-6161,6732,19150,39.371666,-120.593124,C-17A Globemaster,238,454,-1873,False,mlat
ae0358,2026-09-21 04:33:15.099346,ADVIC44,57-1427,6273,28000,39.869694,-118.788895,KC-135R Stratotanker,244,407,0,False,mlat
aeed5f,2026-09-21 04:33:15.099353,UNK C/S,,2652,11875,37.874138,-100.741554,E-6B TACAMO,188,320,-37,False,mlat
aee668,2026-09-21 04:33:15.099360,UNK C/S,,2243,26000,37.492512,-98.872429,E-6B TACAMO,77,326,0,False,mlat
ae0568,2026-09-21 04:33:15.099370,RCH9206,86-0011,0754,31000,36.003017,-77.367447,C-5M Galaxy,39,486,0,False,mlat
ae4d69,2026-09-21 04:33:15.099376,RCH145,10-0216,6236,32000,36.346687,-8.401596,C-17A Globemaster,50,429,0,False,mlat
ae07e7,2026-09-21 04:33:15.099381,RCH600,95-0104,7732,36000,35.541183,20.162544,C-17A Globemaster,290,393,0,False,adsb_icao
ae026f,2026-09-21 04:33:15.099389,UNK C/S,63-8012,1530,6325,24.38378,54.537674,KC-135R Stratotanker,286,308,-2304,False,mode_s
ae1239,2026-09-21 04:33:15.099404,RCH5001,04-4129,3771,27075,33.430157,136.776611,C-17A Globemaster,,,-2589,False,mlat
ae123f,2026-09-21 04:33:15.099417,MOOSE63,04-4134,1146,34000,37.3,23.9,C-17A Globemaster,,,,False,mode_s
ae63bc,2026-09-21 04:33:15.099423,UNK C/S,20-46080,3275,20500,25.6,58.5,KC-46A Pegasus,,,,False,mode_s
ae0141,2026-09-21 04:33:15.099429,UNK C/S,59-1510,3652,Unavailable,21.5,118.6,KC-135R Stratotanker,,,,False,mode_s
ae04bb,2026-09-21 04:33:15.099434,UNK C/S,58-0056,3430,20000,25.6,52.1,KC-135R Stratotanker,,,0,False,mode_s
ae07ce,2026-09-21 04:33:15.099442,X,89-1190,3313,8300,31.9,38.1,C-17A Globemaster,,,,False,mode_s
ae05ac,2026-09-21 04:33:15.099448,UNK C/S,63-8029,3435,Unavailable,25.5,50.2,KC-135R Stratotanker,,,,False,mode_s
ae145f,2026-09-21 04:34:15.332554,RCH307,06-6161,6732,17125,39.309086,-120.722664,C-17A Globemaster,235,406,-2016,False,mlat
ae0358,2026-09-21 04:34:15.332572,ADVIC44,57-1427,6273,28000,39.818535,-118.920685,KC-135R Stratotanker,244,390,0,False,mlat
aeed5f,2026-09-21 04:34:15.332579,UNK C/S,,2652,11900,37.798641,-100.769508,E-6B TACAMO,196,297,48,False,mlat
aee668,2026-09-21 04:34:15.332585,UNK C/S,,2243,25725,37.521217,-98.765236,E-6B TACAMO,73,353,-586,False,mlat
ae0568,2026-09-21 04:34:15.332596,RCH9206,86-0011,0754,30975,36.116493,-77.274208,C-5M Galaxy,29,484,-75,False,mlat
ae4d69,2026-09-21 04:34:15.332601,RCH145,10-0216,6236,32000,36.426964,-8.284063,C-17A Globemaster,47,444,0,False,mlat
ae07e7,2026-09-21 04:34:15.332606,RCH600,95-0104,7732,36000,35.571171,20.064775,C-17A Globemaster,290,395,-64,False,other
ae1239,2026-09-21 04:34:15.332627,RCH5001,04-4129,3771,26950,33.550632,136.775406,C-17A Globemaster,,,0,False,mlat
ae123f,2026-09-21 04:34:15.332640,MOOSE63,04-4134,1146,34000,37.1,24.4,C-17A Globemaster,,,,False,mode_s
ae63bc,2026-09-21 04:34:15.332646,UNK C/S,20-46080,3275,20500,25.6,58.1,KC-46A Pegasus,,,,False,mode_s
ae0141,2026-09-21 04:34:15.332651,UNK C/S,59-1510,3652,28000,21.5,118.6,KC-135R Stratotanker,,,,False,mode_s
ae04bb,2026-09-21 04:34:15.332656,UNK C/S,58-0056,3430,20000,25.9,51.4,KC-135R Stratotanker,261,378,,False,mode_s
ae026f,2026-09-21 04:34:15.332662,UNK C/S,63-8012,1530,4525,25.3,54.8,KC-135R Stratotanker,309,260,-1568,False,mode_s
ae07ce,2026-09-21 04:34:15.332668,X,89-1190,3313,7775,32.2,37.9,C-17A Globemaster,,,,False,mode_s
ae05ac,2026-09-21 04:34:15.332673,UNK C/S,63-8029,3435,12425,26.0,50.8,KC-135R Stratotanker,245,376,,False,mode_s
ae145f,2026-09-21 04:35:15.535381,RCH307,06-6161,6732,15975,39.252289,-120.840256,C-17A Globemaster,236,391,-309,False,mlat
ae0358,2026-09-21 04:35:15.535396,ADVIC44,57-1427,6273,28000,39.76796,-119.050507,KC-135R Stratotanker,241,399,0,False,mlat
aeed5f,2026-09-21 04:35:15.535403,UNK C/S,,2652,11900,37.781578,-100.776237,E-6B TACAMO,198,297,,False,mode_s
aee668,2026-09-21 04:35:15.535412,UNK C/S,,2243,25125,37.540783,-98.651466,E-6B TACAMO,75,334,-602,False,mlat
ae0568,2026-09-21 04:35:15.535425,RCH9206,86-0011,0754,31000,36.21579,-77.202736,C-5M Galaxy,30,477,0,False,mlat
ae4d69,2026-09-21 04:35:15.535430,RCH145,10-0216,6236,32000,36.512047,-8.160516,C-17A Globemaster,52,498,0,False,mlat
ae07e7,2026-09-21 04:35:15.535434,RCH600,95-0104,7732,36000,35.617119,19.914707,C-17A Globemaster,290,395,0,False,adsb_icao
ae1239,2026-09-21 04:35:15.535449,RCH5001,04-4129,3771,26975,33.668343,136.867645,C-17A Globemaster,37,429,2,False,mlat
ae123f,2026-09-21 04:35:15.535459,MOOSE63,04-4134,1146,34000,37.3,24.9,C-17A Globemaster,,,,False,mode_s
ae63bc,2026-09-21 04:35:15.535466,UNK C/S,20-46080,3275,20500,25.6,58.4,KC-46A Pegasus,,,,False,mode_s
ae04bb,2026-09-21 04:35:15.535472,UNK C/S,58-0056,3430,20000,25.6,52.2,KC-135R Stratotanker,258,378,192,False,mode_s
ae026f,2026-09-21 04:35:15.535477,UNK C/S,63-8012,1530,3275,25.2,54.7,KC-135R Stratotanker,75,264,-1280,False,mode_s
ae07ce,2026-09-21 04:35:15.535483,X,89-1190,3313,7150,32.5,37.6,C-17A Globemaster,,,,False,mode_s
ae05ac,2026-09-21 04:35:15.535488,UNK C/S,63-8029,3435,10800,25.9,51.1,KC-135R Stratotanker,271,360,-2400,False,mode_s
ae145f,2026-09-21 04:36:15.831168,RCH307,06-6161,6732,14175,39.196289,-120.957367,C-17A Globemaster,236,364,-1792,False,mlat
ae0358,2026-09-21 04:36:15.831184,ADVIC44,57-1427,6273,27825,39.71571,-119.185455,KC-135R Stratotanker,244,437,-317,False,mlat
aee668,2026-09-21 04:36:15.831192,UNK C/S,,2243,25000,37.557343,-98.536362,E-6B TACAMO,78,325,0,False,mlat
ae0568,2026-09-21 04:36:15.831200,RCH9206,86-0011,0754,31000,36.348488,-77.106094,C-5M Galaxy,30,479,0,False,mlat
ae4d69,2026-09-21 04:36:15.831205,RCH145,10-0216,6236,32000,36.591881,-8.042212,C-17A Globemaster,48,429,0,False,mlat
ae07e7,2026-09-21 04:36:15.831210,RCH600,95-0104,7732,36000,35.651611,19.801044,C-17A Globemaster,288,397,64,False,other
ae1239,2026-09-21 04:36:15.831227,RCH5001,04-4129,3771,25975,33.774422,136.947388,C-17A Globemaster,32,455,-1158,False,mlat
ae123f,2026-09-21 04:36:15.831238,MOOSE63,04-4134,1146,34000,37.2,24.6,C-17A Globemaster,,,,False,mode_s
ae63bc,2026-09-21 04:36:15.831245,UNK C/S,20-46080,3275,20500,25.6,58.5,KC-46A Pegasus,,,,False,mode_s
aeed5f,2026-09-21 04:36:15.831250,UNK C/S,,2652,11900,38.1,-100.6,E-6B TACAMO,,,,False,mode_s
ae04bb,2026-09-21 04:36:15.831256,UNK C/S,58-0056,3430,20000,25.9,51.3,KC-135R Stratotanker,226,378,0,False,mode_s
ae026f,2026-09-21 04:36:15.831261,UNK C/S,63-8012,1530,2375,25.3,54.8,KC-135R Stratotanker,135,256,-480,False,mode_s
ae07ce,2026-09-21 04:36:15.831266,X,89-1190,3313,Unavailable,32.1,37.9,C-17A Globemaster,,,,False,mode_s
ae05ac,2026-09-21 04:36:15.831271,UNK C/S,63-8029,3435,Unavailable,26.6,50.0,KC-135R Stratotanker,,,,False,mode_s
ae145f,2026-09-21 04:37:16.062973,RCH307,06-6161,6732,14050,39.139542,-121.072495,C-17A Globemaster,238,389,0,False,mlat
ae0358,2026-09-21 04:37:16.062989,ADVIC44,57-1427,6273,25575,39.666222,-119.309837,KC-135R Stratotanker,243,382,-2139,False,mlat
aee668,2026-09-21 04:37:16.062996,UNK C/S,,2243,25000,37.581375,-98.423386,E-6B TACAMO,75,339,0,False,mlat
ae0568,2026-09-21 04:37:16.063005,RCH9206,86-0011,0754,31000,36.458504,-77.023331,C-5M Galaxy,30,477,0,False,mlat
ae4d69,2026-09-21 04:37:16.063010,RCH145,10-0216,6236,32000,36.671787,-7.925515,C-17A Globemaster,48,494,0,False,mlat
ae07e7,2026-09-21 04:37:16.063014,RCH600,95-0104,7732,36000,35.690598,19.672394,C-17A Globemaster,289,395,0,False,other
ae1239,2026-09-21 04:37:16.063030,RCH5001,04-4129,3771,25000,33.871723,137.044617,C-17A Globemaster,45,455,-453,False,mlat
ae123f,2026-09-21 04:37:16.063041,MOOSE63,04-4134,1146,34000,37.2,25.0,C-17A Globemaster,,,,False,mode_s
ae5fa6,2026-09-21 04:37:16.063046,UNK C/S,11-46059,Unavailable,Unavailable,25.2,54.5,KC-46A Pegasus,,,,False,mode_s
ae63bc,2026-09-21 04:37:16.063051,UNK C/S,20-46080,3275,20500,25.6,58.9,KC-46A Pegasus,,,,False,mode_s
aeed5f,2026-09-21 04:37:16.063055,UNK C/S,,2652,11900,37.6,-100.2,E-6B TACAMO,,,,False,mode_s
ae04bb,2026-09-21 04:37:16.063062,UNK C/S,58-0056,3430,Unavailable,25.9,51.1,KC-135R Stratotanker,226,376,-736,False,mode_s
ae026f,2026-09-21 04:37:16.063067,UNK C/S,63-8012,1530,2100,25.2,54.8,KC-135R Stratotanker,126,214,-288,False,mode_s
ae05ac,2026-09-21 04:37:16.063072,UNK C/S,63-8029,3435,6925,26.0,50.8,KC-135R Stratotanker,275,344,-4320,False,mode_s
ae145f,2026-09-21 04:38:16.234832,RCH307,06-6161,6732,14050,39.082821,-121.18885,C-17A Globemaster,238,391,0,False,mlat
ae0358,2026-09-21 04:38:16.234848,ADVIC44,57-1427,6273,23450,39.615959,-119.436394,KC-135R Stratotanker,242,374,-2106,False,mlat
aee668,2026-09-21 04:38:16.234855,UNK C/S,,2243,25000,37.602955,-98.314987,E-6B TACAMO,76,323,0,False,mlat
ae0568,2026-09-21 04:38:16.234863,RCH9206,86-0011,0754,31000,36.576336,-76.937492,C-5M Galaxy,31,476,0,False,mlat
ae4d69,2026-09-21 04:38:16.234869,RCH145,10-0216,6236,32000,36.750244,-7.809793,C-17A Globemaster,50,421,0,False,mlat
ae07e7,2026-09-21 04:38:16.234874,RCH600,95-0104,7732,36000,35.729095,19.544849,C-17A Globemaster,290,395,64,False,other
ae123f,2026-09-21 04:38:16.234878,MOOSE63,04-4134,1146,33975,37.254044,25.396351,C-17A Globemaster,,,0,False,mlat
ae1239,2026-09-21 04:38:16.234895,RCH5001,04-4129,3771,25000,33.958015,137.135056,C-17A Globemaster,37,422,11,False,mlat
ae5fa6,2026-09-21 04:38:16.234908,UNK C/S,11-46059,3263,Unavailable,25.2,49.3,KC-46A Pegasus,,,,False,mode_s
ae63bc,2026-09-21 04:38:16.234913,UNK C/S,20-46080,3275,20500,25.6,58.5,KC-46A Pegasus,,,,False,mode_s
aeed5f,2026-09-21 04:38:16.234917,UNK C/S,,2652,11900,37.6,-100.7,E-6B TACAMO,,,,False,mode_s
ae04bb,2026-09-21 04:38:16.234924,UNK C/S,58-0056,3430,18250,25.9,51.1,KC-135R Stratotanker,226,376,-1024,False,mode_s
ae026f,2026-09-21 04:38:16.234929,UNK C/S,63-8012,1530,1275,24.9,55.1,KC-135R Stratotanker,125,154,-800,False,mode_s
ae05ac,2026-09-21 04:38:16.234934,UNK C/S,63-8029,3435,Unavailable,25.6,50.1,KC-135R Stratotanker,,,,False,mode_s
ae145f,2026-09-21 04:39:16.424922,RCH307,06-6161,6732,14075,39.027767,-121.303848,C-17A Globemaster,237,395,-35,False,mlat
ae0358,2026-09-21 04:39:16.424938,ADVIC44,57-1427,6273,21475,39.570595,-119.553024,KC-135R Stratotanker,243,370,-1955,False,mlat
aee668,2026-09-21 04:39:16.424946,UNK C/S,,2243,25000,37.626438,-98.197098,E-6B TACAMO,77,320,0,False,mlat
ae0568,2026-09-21 04:39:16.424953,RCH9206,86-0011,0754,31000,36.694149,-76.851273,C-5M Galaxy,31,485,0,False,mlat
ae4d69,2026-09-21 04:39:16.424959,RCH145,10-0216,6236,32000,36.830669,-7.690621,C-17A Globemaster,50,427,0,False,mlat
ae07e7,2026-09-21 04:39:16.424964,RCH600,95-0104,7732,36000,35.768181,19.41477,C-17A Globemaster,290,388,0,False,adsb_icao
ae123f,2026-09-21 04:39:16.424968,MOOSE63,04-4134,1146,34000,37.307522,25.35148,C-17A Globemaster,,,82,False,mlat
ae1239,2026-09-21 04:39:16.424985,RCH5001,04-4129,3771,25000,34.061581,137.213303,C-17A Globemaster,29,454,-7,False,mlat
ae5fa6,2026-09-21 04:39:16.424997,UNK C/S,11-46059,3263,Unavailable,26.1,50.5,KC-46A Pegasus,,,,False,mode_s
ae63bc,2026-09-21 04:39:16.425002,UNK C/S,20-46080,3275,20500,24.8,57.2,KC-46A Pegasus,,,,False,mode_s
aeed5f,2026-09-21 04:39:16.425006,UNK C/S,,2652,11900,37.3,-101.1,E-6B TACAMO,,,,False,mode_s
ae04bb,2026-09-21 04:39:16.425012,UNK C/S,58-0056,3430,18000,25.9,51.7,KC-135R Stratotanker,226,366,-256,False,mode_s
ae026f,2026-09-21 04:39:16.425019,UNK C/S,63-8012,1530,600,24.8,55.1,KC-135R Stratotanker,127,156,-1120,False,mode_s
ae05ac,2026-09-21 04:39:16.425024,UNK C/S,63-8029,3435,Unavailable,25.5,49.9,KC-135R Stratotanker,,,,False,mode_s
ae145f,2026-09-21 04:40:16.607882,RCH307,06-6161,6732,14075,38.968273,-121.423607,C-17A Globemaster,237,393,-12,False,mlat
ae0358,2026-09-21 04:40:16.607898,ADVIC44,57-1427,6273,20000,39.518394,-119.674789,KC-135R Stratotanker,236,398,-895,False,mlat
aee668,2026-09-21 04:40:16.607905,UNK C/S,,2243,25000,37.652409,-98.076965,E-6B TACAMO,75,346,0,False,mlat
ae0568,2026-09-21 04:40:16.607913,RCH9206,86-0011,0754,31000,36.809013,-76.766411,C-5M Galaxy,31,474,0,False,mlat
ae4d69,2026-09-21 04:40:16.607919,RCH145,10-0216,6236,32000,36.90955,-7.57357,C-17A Globemaster,50,434,0,False,mlat
ae07e7,2026-09-21 04:40:16.607923,RCH600,95-0104,7732,36000,35.808681,19.279018,C-17A Globemaster,290,390,-64,False,adsb_icao
ae123f,2026-09-21 04:40:16.607928,MOOSE63,04-4134,1146,34000,37.45871,25.295683,C-17A Globemaster,,,0,False,mlat
ae1239,2026-09-21 04:40:16.607945,RCH5001,04-4129,3771,25000,34.157837,137.315369,C-17A Globemaster,48,440,-17,False,mlat
aeed5f,2026-09-21 04:40:16.607956,UNK C/S,,2652,11925,37.2,-101.3,E-6B TACAMO,,,,False,mode_s
ae05ac,2026-09-21 04:40:16.607963,UNK C/S,63-8029,3435,Unavailable,25.4,49.7,KC-135R Stratotanker,,,,False,mode_s
ae5fa6,2026-09-21 04:40:16.607968,UNK C/S,11-46059,3263,5525,26.0,51.0,KC-46A Pegasus,,,,False,mode_s
ae63bc,2026-09-21 04:40:16.607973,UNK C/S,20-46080,3275,20500,24.9,56.7,KC-46A Pegasus,,,,False,mode_s
ae04bb,2026-09-21 04:40:16.607980,UNK C/S,58-0056,3430,18000,25.9,51.5,KC-135R Stratotanker,226,370,,False,mode_s
ae145f,2026-09-21 04:41:16.810667,RCH307,06-6161,6732,13825,38.908749,-121.54567,C-17A Globemaster,238,389,-507,False,mlat
ae0358,2026-09-21 04:41:16.810680,ADVIC44,57-1427,6273,20000,39.455761,-119.787689,KC-135R Stratotanker,232,381,0,False,mlat
aee668,2026-09-21 04:41:16.810688,UNK C/S,,2243,25000,37.66922,-97.972404,E-6B TACAMO,76,333,0,False,mlat
ae0568,2026-09-21 04:41:16.810695,RCH9206,86-0011,0754,31000,36.923393,-76.681122,C-5M Galaxy,28,483,0,False,mlat
ae4d69,2026-09-21 04:41:16.810700,RCH145,10-0216,6236,32000,36.986012,-7.457607,C-17A Globemaster,50,428,0,False,mlat
ae07e7,2026-09-21 04:41:16.810705,RCH600,95-0104,7732,36000,35.846016,19.153728,C-17A Globemaster,290,388,0,False,adsb_icao
ae123f,2026-09-21 04:41:16.810709,MOOSE63,04-4134,1146,34000,37.613178,25.238935,C-17A Globemaster,,,0,False,mlat
ae1239,2026-09-21 04:41:16.810725,RCH5001,04-4129,3771,25000,34.25909,137.394745,C-17A Globemaster,29,447,0,False,mlat
aeed5f,2026-09-21 04:41:16.810736,UNK C/S,,2652,11900,36.8,-101.6,E-6B TACAMO,,,,False,mode_s
ae05ac,2026-09-21 04:41:16.810743,UNK C/S,63-8029,3435,Unavailable,25.3,49.6,KC-135R Stratotanker,,,,False,mode_s
ae5fa6,2026-09-21 04:41:16.810747,UNK C/S,11-46059,3263,7850,25.6,49.8,KC-46A Pegasus,,,,False,mode_s
ae63bc,2026-09-21 04:41:16.810752,UNK C/S,20-46080,3275,20500,24.3,56.1,KC-46A Pegasus,,,,False,mode_s
ae04bb,2026-09-21 04:41:16.810759,UNK C/S,58-0056,3430,18000,25.9,51.3,KC-135R Stratotanker,226,374,,False,mode_s
ae145f,2026-09-21 04:42:17.042843,RCH307,06-6161,6732,12450,38.856777,-121.649803,C-17A Globemaster,237,327,-1379,False,mlat
ae0358,2026-09-21 04:42:17.042857,ADVIC44,57-1427,6273,20000,39.393478,-119.896103,KC-135R Stratotanker,233,383,0,False,mlat
aee668,2026-09-21 04:42:17.042864,UNK C/S,,2243,25000,37.691341,-97.859978,E-6B TACAMO,78,327,0,False,mlat
ae0568,2026-09-21 04:42:17.042871,RCH9206,86-0011,0754,31000,37.033184,-76.598625,C-5M Galaxy,32,466,0,False,mlat
ae4d69,2026-09-21 04:42:17.042876,RCH145,10-0216,6236,32000,37.06987,-7.334153,C-17A Globemaster,50,425,0,False,mlat
ae07e7,2026-09-21 04:42:17.042881,RCH600,95-0104,7732,36000,35.883022,19.028788,C-17A Globemaster,289,389,,False,adsb_icao
ae123f,2026-09-21 04:42:17.042885,MOOSE63,04-4134,1146,34000,37.738934,25.191139,C-17A Globemaster,,,0,False,mlat
ae1239,2026-09-21 04:42:17.042900,RCH5001,04-4129,3771,23775,34.368893,137.47644,C-17A Globemaster,29,471,-1305,False,mlat
aeed5f,2026-09-21 04:42:17.042912,UNK C/S,,2652,11900,37.0,-101.5,E-6B TACAMO,,,,False,mode_s
ae05ac,2026-09-21 04:42:17.042919,UNK C/S,63-8029,3435,725,26.0,52.6,KC-135R Stratotanker,338,140,-864,False,mode_s
ae5fa6,2026-09-21 04:42:17.042923,UNK C/S,11-46059,3263,10000,26.2,51.4,KC-46A Pegasus,,,,False,mode_s
ae63bc,2026-09-21 04:42:17.042928,UNK C/S,20-46080,3275,20500,25.0,56.0,KC-46A Pegasus,,,,False,mode_s
ae04bb,2026-09-21 04:42:17.042935,UNK C/S,58-0056,3430,Unavailable,25.7,50.8,KC-135R Stratotanker,,,,False,mode_s
ae145f,2026-09-21 04:43:17.228332,RCH307,06-6161,6732,11100,38.809292,-121.746681,C-17A Globemaster,237,297,-1331,False,mlat
ae0358,2026-09-21 04:43:17.228348,ADVIC44,57-1427,6273,20000,39.3382,-120.019806,KC-135R Stratotanker,251,393,0,False,mlat
aee668,2026-09-21 04:43:17.228358,UNK C/S,,2243,25000,37.713112,-97.748016,E-6B TACAMO,75,333,0,False,mlat
ae0568,2026-09-21 04:43:17.228365,RCH9206,86-0011,0754,31000,37.153782,-76.507866,C-5M Galaxy,31,480,0,False,mlat
ae4d69,2026-09-21 04:43:17.228371,RCH145,10-0216,6236,32000,37.143467,-7.224617,C-17A Globemaster,50,435,0,False,mlat
ae07e7,2026-09-21 04:43:17.228376,RCH600,95-0104,7732,36000,35.920219,18.90262,C-17A Globemaster,289,388,,False,adsb_icao
ae123f,2026-09-21 04:43:17.228380,MOOSE63,04-4134,1146,34000,37.861206,25.14974,C-17A Globemaster,344,453,0,False,mlat
ae63bc,2026-09-21 04:43:17.228387,UNK C/S,20-46080,3275,20525,24.764868,57.36628,KC-46A Pegasus,,,76,False,mlat
ae1239,2026-09-21 04:43:17.228402,RCH5001,04-4129,3771,23000,34.464581,137.55127,C-17A Globemaster,33,395,-153,False,mlat
aeed5f,2026-09-21 04:43:17.228415,UNK C/S,,2652,11900,37.1,-101.0,E-6B TACAMO,,,,False,mode_s
ae05ac,2026-09-21 04:43:17.228427,UNK C/S,63-8029,3435,250,26.2,50.1,KC-135R Stratotanker,337,144,,False,mode_s
ae5fa6,2026-09-21 04:43:17.228431,UNK C/S,11-46059,3263,11400,26.6,51.7,KC-46A Pegasus,,,,False,mode_s
ae04bb,2026-09-21 04:43:17.228439,UNK C/S,58-0056,3430,15175,25.6,49.8,KC-135R Stratotanker,227,378,-2624,False,mode_s
ae145f,2026-09-21 04:44:17.441137,RCH307,06-6161,6732,9825,38.751865,-121.819191,C-17A Globemaster,195,308,-1300,False,mlat
ae0358,2026-09-21 04:44:17.441152,ADVIC44,57-1427,6273,18150,39.298973,-120.145378,KC-135R Stratotanker,248,381,-2032,False,mlat
aee668,2026-09-21 04:44:17.441160,UNK C/S,,2243,25000,37.734402,-97.641586,E-6B TACAMO,76,321,0,False,mlat
ae0568,2026-09-21 04:44:17.441167,RCH9206,86-0011,0754,31000,37.264271,-76.425163,C-5M Galaxy,31,484,0,False,mlat
ae4d69,2026-09-21 04:44:17.441172,RCH145,10-0216,6236,32000,37.225136,-7.102744,C-17A Globemaster,50,458,0,False,mlat
ae07e7,2026-09-21 04:44:17.441177,RCH600,95-0104,7732,36000,35.956604,18.77861,C-17A Globemaster,289,388,-64,False,adsb_icao
ae123f,2026-09-21 04:44:17.441181,MOOSE63,04-4134,1146,34000,37.982033,25.104095,C-17A Globemaster,344,452,0,False,mlat
ae63bc,2026-09-21 04:44:17.441187,UNK C/S,20-46080,3275,20525,24.667688,57.338833,KC-46A Pegasus,180,486,0,False,mlat
ae1239,2026-09-21 04:44:17.441201,RCH5001,04-4129,3771,23000,34.577991,137.609085,C-17A Globemaster,16,418,-93,False,mlat
aeed5f,2026-09-21 04:44:17.441213,UNK C/S,,2652,11875,36.8,-101.2,E-6B TACAMO,,,,False,mode_s
ae5fa6,2026-09-21 04:44:17.441220,UNK C/S,11-46059,3263,12275,26.7,52.4,KC-46A Pegasus,,,,False,mode_s
ae04bb,2026-09-21 04:44:17.441228,UNK C/S,58-0056,3430,11525,26.0,50.6,KC-135R Stratotanker,,,,False,mode_s
ae145f,2026-09-21 04:45:17.644656,RCH307,06-6161,6732,8525,38.685677,-121.85965,C-17A Globemaster,207,282,-1307,False,mlat
ae0358,2026-09-21 04:45:17.644668,ADVIC44,57-1427,6273,16200,39.261112,-120.267303,KC-135R Stratotanker,247,360,-1977,False,mlat
aee668,2026-09-21 04:45:17.644676,UNK C/S,,2243,25000,37.709045,-97.542343,E-6B TACAMO,148,376,0,False,mlat
ae0568,2026-09-21 04:45:17.644682,RCH9206,86-0011,0754,31000,37.37674,-76.33239,C-5M Galaxy,39,440,0,False,mlat
ae4d69,2026-09-21 04:45:17.644687,RCH145,10-0216,6236,32000,37.29644,-6.996036,C-17A Globemaster,50,423,0,False,mlat
ae07e7,2026-09-21 04:45:17.644692,RCH600,95-0104,7732,36000,35.993401,18.652798,C-17A Globemaster,289,391,0,False,adsb_icao
ae123f,2026-09-21 04:45:17.644696,MOOSE63,04-4134,1146,34000,38.102692,25.060432,C-17A Globemaster,344,435,0,False,mlat
ae63bc,2026-09-21 04:45:17.644702,UNK C/S,20-46080,3275,20500,24.580526,57.37645,KC-46A Pegasus,153,465,-73,False,mlat
ae1239,2026-09-21 04:45:17.644716,RCH5001,04-4129,3771,22975,34.693134,137.631973,C-17A Globemaster,10,387,-71,False,mlat
aeed5f,2026-09-21 04:45:17.644726,UNK C/S,,2652,11875,36.7,-101.6,E-6B TACAMO,,,,False,mode_s
ae5fa6,2026-09-21 04:45:17.644732,UNK C/S,11-46059,3263,13300,27.1,52.1,KC-46A Pegasus,,,,False,mode_s
ae04bb,2026-09-21 04:45:17.644741,UNK C/S,58-0056,3430,9225,26.0,51.1,KC-135R Stratotanker,253,290,-2784,False,mode_s
ae145f,2026-09-21 04:46:17.844946,RCH307,06-6161,6732,7400,38.611752,-121.858795,C-17A Globemaster,175,236,-1288,False,mlat
ae0358,2026-09-21 04:46:17.844959,ADVIC44,57-1427,6273,16075,39.224808,-120.386749,KC-135R Stratotanker,248,350,11,False,mlat
aee668,2026-09-21 04:46:17.844967,UNK C/S,,2243,25000,37.64249,-97.459244,E-6B TACAMO,135,321,0,False,mlat
ae0568,2026-09-21 04:46:17.844974,RCH9206,86-0011,0754,31000,37.466068,-76.211006,C-5M Galaxy,49,496,0,False,mlat
ae4d69,2026-09-21 04:46:17.844979,RCH145,10-0216,6236,32000,37.377052,-6.874191,C-17A Globemaster,50,439,0,False,mlat
ae07e7,2026-09-21 04:46:17.844984,RCH600,95-0104,7732,36000,36.030121,18.526554,C-17A Globemaster,289,388,0,False,adsb_icao
ae123f,2026-09-21 04:46:17.844988,MOOSE63,04-4134,1146,34000,38.207325,25.020884,C-17A Globemaster,344,441,0,False,mlat
ae1239,2026-09-21 04:46:17.845003,RCH5001,04-4129,3771,22175,34.79985,137.648361,C-17A Globemaster,14,363,-1713,False,mlat
aeed5f,2026-09-21 04:46:17.845015,UNK C/S,,2652,11900,36.8,-101.2,E-6B TACAMO,,,,False,mode_s
ae5fa6,2026-09-21 04:46:17.845022,UNK C/S,11-46059,3263,15300,26.2,51.3,KC-46A Pegasus,,,,False,mode_s
ae63bc,2026-09-21 04:46:17.845030,UNK C/S,20-46080,3275,20500,25.6,57.9,KC-46A Pegasus,,,,False,mode_s
ae04bb,2026-09-21 04:46:17.845039,UNK C/S,58-0056,3430,7400,25.9,50.7,KC-135R Stratotanker,254,284,-2752,False,mode_s
ae145f,2026-09-21 04:47:18.064676,RCH307,06-6161,6732,5925,38.536232,-121.848259,C-17A Globemaster,169,297,-1456,False,mlat
ae0358,2026-09-21 04:47:18.064688,ADVIC44,57-1427,6273,16075,39.19083,-120.498642,KC-135R Stratotanker,245,355,0,False,mlat
aee668,2026-09-21 04:47:18.064696,UNK C/S,,2243,25000,37.578537,-97.384682,E-6B TACAMO,134,306,0,False,mlat
ae0568,2026-09-21 04:47:18.064703,RCH9206,86-0011,0754,31000,37.556896,-76.079407,C-5M Galaxy,50,475,0,False,mlat
ae4d69,2026-09-21 04:47:18.064707,RCH145,10-0216,6236,32000,37.454762,-6.757429,C-17A Globemaster,50,428,0,False,mlat
ae07e7,2026-09-21 04:47:18.064712,RCH600,95-0104,7732,36000,36.066238,18.401699,C-17A Globemaster,289,390,,False,adsb_icao
ae123f,2026-09-21 04:47:18.064716,MOOSE63,04-4134,1146,34000,38.324924,24.976652,C-17A Globemaster,343,437,0,False,mlat
ae1239,2026-09-21 04:47:18.064731,RCH5001,04-4129,3771,20325,34.906574,137.671463,C-17A Globemaster,12,366,-1984,False,mlat
aeed5f,2026-09-21 04:47:18.064743,UNK C/S,,2652,11875,36.7,-101.3,E-6B TACAMO,,,,False,mode_s
ae5fa6,2026-09-21 04:47:18.064750,UNK C/S,11-46059,3263,16575,25.7,50.7,KC-46A Pegasus,,,,False,mode_s
ae63bc,2026-09-21 04:47:18.064755,UNK C/S,20-46080,3275,20500,25.6,58.2,KC-46A Pegasus,,,,False,mode_s
ae04bb,2026-09-21 04:47:18.064763,UNK C/S,58-0056,3430,Unavailable,25.7,50.5,KC-135R Stratotanker,,,,False,mode_s
ae145f,2026-09-21 04:48:18.296570,RCH307,06-6161,6732,4525,38.461334,-121.835472,C-17A Globemaster,171,259,-1491,False,mlat
ae0358,2026-09-21 04:48:18.296583,ADVIC44,57-1427,6273,16075,39.152618,-120.620659,KC-135R Stratotanker,249,363,0,False,mlat
aee668,2026-09-21 04:48:18.296591,UNK C/S,,2243,25000,37.516052,-97.311798,E-6B TACAMO,138,327,0,False,mlat
ae0568,2026-09-21 04:48:18.296597,RCH9206,86-0011,0754,31000,37.64072,-75.95298,C-5M Galaxy,51,483,0,False,mlat
ae4d69,2026-09-21 04:48:18.296602,RCH145,10-0216,6236,32000,37.540558,-6.627944,C-17A Globemaster,50,444,0,False,mlat
ae07e7,2026-09-21 04:48:18.296607,RCH600,95-0104,7732,36000,36.103264,18.273245,C-17A Globemaster,289,389,,False,adsb_icao
ae123f,2026-09-21 04:48:18.296611,MOOSE63,04-4134,1146,34000,38.439468,24.932699,C-17A Globemaster,343,447,0,False,mlat
ae1239,2026-09-21 04:48:18.296627,RCH5001,04-4129,3771,17925,34.995964,137.732834,C-17A Globemaster,42,365,-2424,False,mlat
aeed5f,2026-09-21 04:48:18.296639,UNK C/S,,0771,11875,36.6,-101.3,E-6B TACAMO,,,,False,mode_s
ae5fa6,2026-09-21 04:48:18.296646,UNK C/S,11-46059,3263,17100,25.3,49.7,KC-46A Pegasus,,,,False,mode_s
ae63bc,2026-09-21 04:48:18.296651,UNK C/S,20-46080,3275,20500,25.6,58.3,KC-46A Pegasus,,,,False,mode_s
ae04bb,2026-09-21 04:48:18.296659,UNK C/S,58-0056,3430,Unavailable,25.4,49.9,KC-135R Stratotanker,11,276,,False,mode_s
ae145f,2026-09-21 04:49:18.529584,RCH307,06-6161,6732,3125,38.386539,-121.82312,C-17A Globemaster,173,273,-1377,False,mlat
ae0358,2026-09-21 04:49:18.529602,ADVIC44,57-1427,6273,16075,39.114902,-120.742706,KC-135R Stratotanker,247,369,0,False,mlat
aee668,2026-09-21 04:49:18.529612,UNK C/S,,2243,25000,37.451603,-97.235146,E-6B TACAMO,138,317,0,False,mlat
ae0568,2026-09-21 04:49:18.529619,RCH9206,86-0011,0754,31000,37.729973,-75.820435,C-5M Galaxy,48,478,0,False,mlat
ae4d69,2026-09-21 04:49:18.529625,RCH145,10-0216,6236,32000,37.612701,-6.517689,C-17A Globemaster,51,441,0,False,mlat
ae07e7,2026-09-21 04:49:18.529631,RCH600,95-0104,7732,36000,36.139114,18.14827,C-17A Globemaster,289,389,0,False,adsb_icao
ae123f,2026-09-21 04:49:18.529636,MOOSE63,04-4134,1146,34000,38.571682,24.8859,C-17A Globemaster,344,431,0,False,mlat
ae1239,2026-09-21 04:49:18.529658,RCH5001,04-4129,3771,17000,35.063835,137.81398,C-17A Globemaster,46,362,0,False,mlat
aeed5f,2026-09-21 04:49:18.529675,UNK C/S,,0771,11900,36.8,-101.3,E-6B TACAMO,,,,False,mode_s
ae63bc,2026-09-21 04:49:18.529684,UNK C/S,20-46080,3275,20500,25.6,58.7,KC-46A Pegasus,,,,False,mode_s
ae04bb,2026-09-21 04:49:18.529694,UNK C/S,58-0056,3430,Unavailable,25.3,49.7,KC-135R Stratotanker,,,,False,mode_s
ae145f,2026-09-21 04:50:18.760379,RCH307,06-6161,6732,2150,38.317928,-121.852478,C-17A Globemaster,225,261,-355,False,mlat
ae0358,2026-09-21 04:50:18.760395,ADVIC44,57-1427,6273,16075,39.077511,-120.86573,KC-135R Stratotanker,249,352,0,False,mlat
aee668,2026-09-21 04:50:18.760405,UNK C/S,,2243,25000,37.386105,-97.158157,E-6B TACAMO,138,315,0,False,mlat
ae0568,2026-09-21 04:50:18.760411,RCH9206,86-0011,0754,31000,37.815643,-75.691902,C-5M Galaxy,49,477,0,False,mlat
ae4d69,2026-09-21 04:50:18.760417,RCH145,10-0216,6236,32000,37.692818,-6.39624,C-17A Globemaster,51,444,0,False,mlat
ae07e7,2026-09-21 04:50:18.760423,RCH600,95-0104,7732,36000,36.175323,18.021584,C-17A Globemaster,289,389,0,False,adsb_icao
ae123f,2026-09-21 04:50:18.760427,MOOSE63,04-4134,1146,34000,38.681179,24.843477,C-17A Globemaster,343,436,0,False,mlat
ae1239,2026-09-21 04:50:18.760456,RCH5001,04-4129,3771,16975,35.130737,137.906509,C-17A Globemaster,55,386,-25,False,mlat
aeed5f,2026-09-21 04:50:18.760469,UNK C/S,,0771,11875,36.7,-101.9,E-6B TACAMO,,,,False,mode_s
ae5fa6,2026-09-21 04:50:18.760476,UNK C/S,11-46059,3263,21000,25.4,53.0,KC-46A Pegasus,,,,False,mode_s
ae63bc,2026-09-21 04:50:18.760481,UNK C/S,20-46080,3275,20500,25.6,58.7,KC-46A Pegasus,,,,False,mode_s
ae04bb,2026-09-21 04:50:18.760489,UNK C/S,58-0056,3430,Unavailable,25.3,49.5,KC-135R Stratotanker,335,188,,False,mode_s
ae145f,2026-09-21 04:51:18.947844,RCH307,06-6161,6732,2150,38.269867,-121.919769,C-17A Globemaster,227,259,0,False,mlat
ae0358,2026-09-21 04:51:18.947860,ADVIC44,57-1427,6273,16075,39.039429,-120.985954,KC-135R Stratotanker,248,361,0,False,mlat
aee668,2026-09-21 04:51:18.947869,UNK C/S,,2243,25000,37.327354,-97.085571,E-6B TACAMO,135,291,0,False,mlat
ae0568,2026-09-21 04:51:18.947875,RCH9206,86-0011,0754,31000,37.899033,-75.562393,C-5M Galaxy,53,466,0,False,mlat
ae4d69,2026-09-21 04:51:18.947880,RCH145,10-0216,6236,32000,37.769367,-6.27844,C-17A Globemaster,51,438,0,False,mlat
ae07e7,2026-09-21 04:51:18.947885,RCH600,95-0104,7732,36000,36.21117,17.895443,C-17A Globemaster,289,390,0,False,adsb_icao
ae123f,2026-09-21 04:51:18.947889,MOOSE63,04-4134,1146,34000,38.790051,24.803204,C-17A Globemaster,341,447,0,False,mlat
ae1239,2026-09-21 04:51:18.947909,RCH5001,04-4129,3771,16975,35.190323,138.008438,C-17A Globemaster,56,356,-73,False,mlat
aeed5f,2026-09-21 04:51:18.947923,UNK C/S,,0771,11900,36.4,-101.4,E-6B TACAMO,,,,False,mode_s
ae5fa6,2026-09-21 04:51:18.947929,UNK C/S,11-46059,3263,22500,25.4,54.3,KC-46A Pegasus,,,,False,mode_s
ae63bc,2026-09-21 04:51:18.947934,UNK C/S,20-46080,3275,20500,25.6,58.7,KC-46A Pegasus,,,,False,mode_s
ae04bb,2026-09-21 04:51:18.947942,UNK C/S,58-0056,3430,Unavailable,25.2,49.4,KC-135R Stratotanker,,,,False,mode_s
ae145f,2026-09-21 04:52:19.200355,RCH307,06-6161,6732,2200,38.237972,-121.911499,C-17A Globemaster,46,288,79,False,mlat
ae0358,2026-09-21 04:52:19.200372,ADVIC44,57-1427,6273,14750,39.004227,-121.096809,KC-135R Stratotanker,248,332,-2024,False,mlat
aee668,2026-09-21 04:52:19.200381,UNK C/S,,2243,25000,37.258575,-97.006943,E-6B TACAMO,138,329,0,False,mlat
ae0568,2026-09-21 04:52:19.200389,RCH9206,86-0011,0754,31000,37.983368,-75.437752,C-5M Galaxy,50,484,0,False,mlat
ae4d69,2026-09-21 04:52:19.200394,RCH145,10-0216,6236,32000,37.851654,-6.151522,C-17A Globemaster,51,436,0,False,mlat
ae07e7,2026-09-21 04:52:19.200401,RCH600,95-0104,7732,36000,36.247387,17.767464,C-17A Globemaster,289,391,0,False,adsb_icao
ae123f,2026-09-21 04:52:19.200408,MOOSE63,04-4134,1146,34000,38.907631,24.757847,C-17A Globemaster,340,456,0,False,mlat
ae1239,2026-09-21 04:52:19.200429,RCH5001,04-4129,3771,16075,35.249161,138.110626,C-17A Globemaster,53,369,-1025,False,mlat
aeed5f,2026-09-21 04:52:19.200441,UNK C/S,,0771,11900,36.4,-101.1,E-6B TACAMO,,,,False,mode_s
ae5fa6,2026-09-21 04:52:19.200448,UNK C/S,11-46059,3263,23600,25.6,54.9,KC-46A Pegasus,,,,False,mode_s
ae63bc,2026-09-21 04:52:19.200453,UNK C/S,20-46080,3275,20500,25.6,58.1,KC-46A Pegasus,,,,False,mode_s
ae04bb,2026-09-21 04:52:19.200461,UNK C/S,58-0056,3430,850,25.1,52.5,KC-135R Stratotanker,,,,False,mode_s
ae145f,2026-09-21 04:53:19.413595,RCH307,06-6161,6732,1725,38.271717,-121.867538,C-17A Globemaster,39,166,-347,False,mlat
ae0358,2026-09-21 04:53:19.413608,ADVIC44,57-1427,6273,12775,38.967571,-121.211479,KC-135R Stratotanker,246,339,-1974,False,mlat
aee668,2026-09-21 04:53:19.413616,UNK C/S,,2243,25000,37.189133,-96.929443,E-6B TACAMO,137,323,0,False,mlat
ae0568,2026-09-21 04:53:19.413622,RCH9206,86-0011,0754,31000,38.080105,-75.29792,C-5M Galaxy,46,507,0,False,mlat
ae4d69,2026-09-21 04:53:19.413627,RCH145,10-0216,6236,32000,37.91275,-6.056532,C-17A Globemaster,51,447,0,False,mlat
ae07e7,2026-09-21 04:53:19.413632,RCH600,95-0104,7732,36000,36.283047,17.64077,C-17A Globemaster,289,388,0,False,adsb_icao
ae123f,2026-09-21 04:53:19.413636,MOOSE63,04-4134,1146,34000,39.022503,24.712225,C-17A Globemaster,340,459,0,False,mlat
ae1239,2026-09-21 04:53:19.413652,RCH5001,04-4129,3771,15100,35.309353,138.217148,C-17A Globemaster,56,353,-965,False,mlat
aeed5f,2026-09-21 04:53:19.413664,UNK C/S,,0771,11900,36.3,-101.4,E-6B TACAMO,,,,False,mode_s
ae5fa6,2026-09-21 04:53:19.413670,UNK C/S,11-46059,3263,24600,24.9,55.1,KC-46A Pegasus,,,,False,mode_s
ae63bc,2026-09-21 04:53:19.413676,UNK C/S,20-46080,3275,20500,25.2,57.4,KC-46A Pegasus,,,,False,mode_s
ae04bb,2026-09-21 04:53:19.413685,UNK C/S,58-0056,3430,200,25.2,51.0,KC-135R Stratotanker,338,154,-832,False,mode_s
ae145f,2026-09-21 04:54:19.623026,RCH307,06-6161,6732,1050,38.28257,-121.902901,C-17A Globemaster,223,152,-799,False,mlat
ae0358,2026-09-21 04:54:19.623038,ADVIC44,57-1427,6273,11375,38.933998,-121.318596,KC-135R Stratotanker,247,313,-1323,False,mlat
aee668,2026-09-21 04:54:19.623046,UNK C/S,,2243,25000,37.129532,-96.857857,E-6B TACAMO,138,319,0,False,mlat
ae0568,2026-09-21 04:54:19.623051,RCH9206,86-0011,0754,31000,38.161137,-75.167442,C-5M Galaxy,53,477,0,False,mlat
ae4d69,2026-09-21 04:54:19.623056,RCH145,10-0216,6236,32000,38.001125,-5.918914,C-17A Globemaster,52,440,0,False,mlat
ae07e7,2026-09-21 04:54:19.623060,RCH600,95-0104,7732,36000,36.318287,17.515129,C-17A Globemaster,289,391,0,False,adsb_icao
ae123f,2026-09-21 04:54:19.623064,MOOSE63,04-4134,1146,34000,39.152332,24.660395,C-17A Globemaster,343,454,0,False,mlat
ae1239,2026-09-21 04:54:19.623080,RCH5001,04-4129,3771,14975,35.364838,138.312454,C-17A Globemaster,57,373,-66,False,mlat
aeed5f,2026-09-21 04:54:19.623092,UNK C/S,,0771,11875,36.3,-101.6,E-6B TACAMO,,,,False,mode_s
ae5fa6,2026-09-21 04:54:19.623099,UNK C/S,11-46059,3263,25475,25.3,55.1,KC-46A Pegasus,,,,False,mode_s
ae63bc,2026-09-21 04:54:19.623104,UNK C/S,20-46080,3275,20525,24.8,56.4,KC-46A Pegasus,,,,False,mode_s
ae145f,2026-09-21 04:55:19.834897,RCH307,06-6161,6732,175,38.260731,-121.930603,C-17A Globemaster,237,101,-881,False,mlat
ae0358,2026-09-21 04:55:19.834908,ADVIC44,57-1427,6273,10400,38.902229,-121.419106,KC-135R Stratotanker,247,284,-1208,False,mlat
aee668,2026-09-21 04:55:19.834916,UNK C/S,,2243,25000,37.067268,-96.785591,E-6B TACAMO,137,306,0,False,mlat
ae0568,2026-09-21 04:55:19.834922,RCH9206,86-0011,0754,31000,38.252712,-75.038177,C-5M Galaxy,47,493,0,False,mlat
ae4d69,2026-09-21 04:55:19.834928,RCH145,10-0216,6236,32000,38.073154,-5.804829,C-17A Globemaster,50,431,0,False,mlat
ae07e7,2026-09-21 04:55:19.834933,RCH600,95-0104,7732,36000,36.354225,17.386215,C-17A Globemaster,288,395,0,False,adsb_icao
ae123f,2026-09-21 04:55:19.834938,MOOSE63,04-4134,1146,34000,39.254257,24.625616,C-17A Globemaster,345,425,0,False,mlat
ae1239,2026-09-21 04:55:19.834954,RCH5001,04-4129,3771,15000,35.423946,138.416687,C-17A Globemaster,54,377,23,False,mlat
aeed5f,2026-09-21 04:55:19.834966,UNK C/S,,0771,11900,36.3,-101.0,E-6B TACAMO,,,,False,mode_s
ae5fa6,2026-09-21 04:55:19.834973,UNK C/S,11-46059,3263,26650,24.9,55.2,KC-46A Pegasus,,,,False,mode_s
ae63bc,2026-09-21 04:55:19.834978,UNK C/S,20-46080,3275,20500,24.4,56.2,KC-46A Pegasus,,,,False,mode_s
ae0358,2026-09-21 04:56:20.044028,ADVIC44,57-1427,6273,9100,38.871975,-121.513397,KC-135R Stratotanker,247,291,-1105,False,mlat
aee668,2026-09-21 04:56:20.044046,UNK C/S,,2243,25000,37.007786,-96.716476,E-6B TACAMO,137,318,0,False,mlat
ae0568,2026-09-21 04:56:20.044053,RCH9206,86-0011,0754,31000,38.333969,-74.902008,C-5M Galaxy,50,506,0,False,mlat
ae4d69,2026-09-21 04:56:20.044059,RCH145,10-0216,6236,32000,38.129211,-5.712925,C-17A Globemaster,52,442,0,False,mlat
ae07e7,2026-09-21 04:56:20.044064,RCH600,95-0104,7732,36000,36.389969,17.257633,C-17A Globemaster,288,393,0,False,adsb_icao
ae123f,2026-09-21 04:56:20.044068,MOOSE63,04-4134,1146,34000,39.377079,24.579014,C-17A Globemaster,344,438,0,False,mlat
ae1239,2026-09-21 04:56:20.044086,RCH5001,04-4129,3771,15000,35.482521,138.520844,C-17A Globemaster,54,388,-27,False,mlat
aeed5f,2026-09-21 04:56:20.044101,UNK C/S,,0771,11900,36.3,-101.1,E-6B TACAMO,,,,False,mode_s
ae5fa6,2026-09-21 04:56:20.044107,UNK C/S,11-46059,3263,27650,24.8,55.0,KC-46A Pegasus,,,,False,mode_s
ae63bc,2026-09-21 04:56:20.044112,UNK C/S,20-46080,3275,20500,25.1,55.7,KC-46A Pegasus,,,,False,mode_s
ae0366,2026-09-21 04:56:20.044118,UNK C/S,62-3575,0467,1525,39.9,141.2,KC-135R Stratotanker,,,,False,mode_s
ae0358,2026-09-21 04:57:20.246204,ADVIC44,57-1427,6273,9075,38.843102,-121.60463,KC-135R Stratotanker,248,266,4,False,mlat
aee668,2026-09-21 04:57:20.246220,UNK C/S,,2243,25000,36.94548,-96.63942,E-6B TACAMO,135,299,0,False,mlat
ae0568,2026-09-21 04:57:20.246226,RCH9206,86-0011,0754,31000,38.422321,-74.763443,C-5M Galaxy,53,491,0,False,mlat
ae4d69,2026-09-21 04:57:20.246232,RCH145,10-0216,6236,32000,38.195431,-5.60613,C-17A Globemaster,52,438,0,False,mlat
ae07dc,2026-09-21 04:57:20.246237,RCH745,93-0602,0125,575,49.432755,7.580205,C-17A Globemaster,263,175,,False,adsb_icao
ae07e7,2026-09-21 04:57:20.246242,RCH600,95-0104,7732,36000,36.425491,17.128944,C-17A Globemaster,288,394,0,False,adsb_icao
ae123f,2026-09-21 04:57:20.246246,MOOSE63,04-4134,1146,34000,39.508541,24.527725,C-17A Globemaster,343,440,0,False,mlat
ae1239,2026-09-21 04:57:20.246262,RCH5001,04-4129,3771,15025,35.543472,138.632309,C-17A Globemaster,57,354,75,False,mlat
aeed5f,2026-09-21 04:57:20.246303,UNK C/S,,0771,11900,35.6,-101.9,E-6B TACAMO,,,,False,mode_s
ae5fa6,2026-09-21 04:57:20.246316,UNK C/S,11-46059,3263,28575,25.1,55.2,KC-46A Pegasus,,,,False,mode_s
ae63bc,2026-09-21 04:57:20.246327,UNK C/S,20-46080,3275,20500,24.8,55.8,KC-46A Pegasus,,,,False,mode_s
ae04c8,2026-09-21 04:57:20.246335,UNK C/S,59-1500,Unavailable,Unavailable,41.8,-122.0,KC-135R Stratotanker,,,,False,mode_s
ae0366,2026-09-21 04:57:20.246342,UNK C/S,62-3575,0467,1700,39.9,141.2,KC-135R Stratotanker,,,,False,mode_s
ae0358,2026-09-21 04:58:20.458125,ADVIC44,57-1427,6273,8200,38.815033,-121.692337,KC-135R Stratotanker,247,267,-1230,False,mlat
aee668,2026-09-21 04:58:20.458148,UNK C/S,,2243,25000,36.883179,-96.574989,E-6B TACAMO,139,314,0,False,mlat
ae0568,2026-09-21 04:58:20.458157,RCH9206,86-0011,0754,31000,38.507,-74.642471,C-5M Galaxy,47,503,0,False,mlat
ae4d69,2026-09-21 04:58:20.458163,RCH145,10-0216,6236,32000,38.260376,-5.499818,C-17A Globemaster,52,438,0,False,mlat
ae07dc,2026-09-21 04:58:20.458169,RCH745,93-0602,0125,2475,49.439362,7.498837,C-17A Globemaster,282,207,1536,False,adsb_icao
ae07e7,2026-09-21 04:58:20.458174,RCH600,95-0104,7732,36000,36.460876,17.000427,C-17A Globemaster,288,395,-64,False,adsb_icao
ae123f,2026-09-21 04:58:20.458178,MOOSE63,04-4134,1146,34000,39.628242,24.481165,C-17A Globemaster,343,442,0,False,mlat
ae63bc,2026-09-21 04:58:20.458186,UNK C/S,20-46080,3275,20500,24.826063,57.45882,KC-46A Pegasus,,,0,False,mlat
ae1239,2026-09-21 04:58:20.458209,RCH5001,04-4129,3771,14275,35.601334,138.73317,C-17A Globemaster,59,369,-911,False,mlat
aeed5f,2026-09-21 04:58:20.458227,UNK C/S,,0771,11925,35.7,-101.9,E-6B TACAMO,,,,False,mode_s
ae5fa6,2026-09-21 04:58:20.458234,UNK C/S,11-46059,3263,29000,25.0,55.2,KC-46A Pegasus,,,,False,mode_s
ae0366,2026-09-21 04:58:20.458242,UNK C/S,62-3575,0467,1625,39.9,141.2,KC-135R Stratotanker,,,,False,mode_s
ae0358,2026-09-21 04:59:20.681645,ADVIC44,57-1427,6273,7200,38.787479,-121.777466,KC-135R Stratotanker,247,265,-1144,False,mlat
aee668,2026-09-21 04:59:20.681663,UNK C/S,,2243,25000,36.818573,-96.497017,E-6B TACAMO,136,294,0,False,mlat
ae0568,2026-09-21 04:59:20.681670,RCH9206,86-0011,0754,31000,38.60017,-74.500305,C-5M Galaxy,50,501,0,False,mlat
ae4d69,2026-09-21 04:59:20.681676,RCH145,10-0216,6236,32000,38.374554,-5.316669,C-17A Globemaster,49,428,0,False,mlat
ae07dc,2026-09-21 04:59:20.681681,RCH745,93-0602,0125,3775,49.456448,7.396248,C-17A Globemaster,282,273,1856,False,adsb_icao
ae07e7,2026-09-21 04:59:20.681686,RCH600,95-0104,7732,36000,36.496582,16.870594,C-17A Globemaster,290,395,0,False,adsb_icao
ae123f,2026-09-21 04:59:20.681690,MOOSE63,04-4134,1146,34000,39.741882,24.436811,C-17A Globemaster,343,438,0,False,mlat
ae63bc,2026-09-21 04:59:20.681697,UNK C/S,20-46080,3275,20500,24.760525,57.362457,KC-46A Pegasus,212,374,0,False,mlat
ae1239,2026-09-21 04:59:20.681715,RCH5001,04-4129,3771,13125,35.652626,138.842773,C-17A Globemaster,64,354,-1387,False,mlat
aeed5f,2026-09-21 04:59:20.681729,UNK C/S,,0771,11925,35.8,-101.7,E-6B TACAMO,,,,False,mode_s
ae5fa6,2026-09-21 04:59:20.681735,UNK C/S,11-46059,3263,29000,25.1,55.0,KC-46A Pegasus,,,,False,mode_s
ae0366,2026-09-21 04:59:20.681742,UNK C/S,62-3575,0467,4225,40.2,141.2,KC-135R Stratotanker,,,,False,mode_s
ae0358,2026-09-21 05:00:20.874533,ADVIC44,57-1427,6273,6000,38.732479,-121.823914,KC-135R Stratotanker,203,247,-1122,False,mlat
aee668,2026-09-21 05:00:20.874560,UNK C/S,,2243,25000,36.755928,-96.425224,E-6B TACAMO,137,320,0,False,mlat
ae0568,2026-09-21 05:00:20.874567,RCH9206,86-0011,0754,31000,38.686562,-74.359001,C-5M Galaxy,50,492,0,False,mlat
ae4d69,2026-09-21 05:00:20.874572,RCH145,10-0216,6236,32000,38.441669,-5.19859,C-17A Globemaster,59,442,0,False,mlat
ae07dc,2026-09-21 05:00:20.874577,RCH745,93-0602,0125,6050,49.472599,7.281115,C-17A Globemaster,281,274,2112,False,adsb_icao
ae07e7,2026-09-21 05:00:20.874581,RCH600,95-0104,7732,36000,36.553299,16.754093,C-17A Globemaster,302,400,0,False,adsb_icao
ae123f,2026-09-21 05:00:20.874585,MOOSE63,04-4134,1146,34000,39.846397,24.396284,C-17A Globemaster,344,442,0,False,mlat
ae63bc,2026-09-21 05:00:20.874590,UNK C/S,20-46080,3275,20500,24.663322,57.340736,KC-46A Pegasus,178,428,0,False,mlat
ae1239,2026-09-21 05:00:20.874606,RCH5001,04-4129,3771,11475,35.701897,138.93602,C-17A Globemaster,55,320,-1393,False,mlat
aeed5f,2026-09-21 05:00:20.874619,UNK C/S,,0771,11950,35.9,-101.4,E-6B TACAMO,,,,False,mode_s
ae5fa6,2026-09-21 05:00:20.874625,UNK C/S,11-46059,3263,29000,25.3,54.5,KC-46A Pegasus,,,,False,mode_s
ae0366,2026-09-21 05:00:20.874633,UNK C/S,62-3575,0467,9225,40.7,140.7,KC-135R Stratotanker,,,,False,mode_s
ae0358,2026-09-21 05:01:21.150849,ADVIC44,57-1427,6273,5050,38.667015,-121.837776,KC-135R Stratotanker,152,275,-526,False,mlat
aee668,2026-09-21 05:01:21.150867,UNK C/S,,2243,25000,36.693748,-96.353722,E-6B TACAMO,137,311,0,False,mlat
ae0568,2026-09-21 05:01:21.150874,RCH9206,86-0011,0754,31000,38.772099,-74.228264,C-5M Galaxy,52,487,0,False,mlat
ae4d69,2026-09-21 05:01:21.150880,RCH145,10-0216,6236,32000,38.529713,-5.069987,C-17A Globemaster,51,675,0,False,mlat
ae07dc,2026-09-21 05:01:21.150886,RCH745,93-0602,0125,8050,49.491592,7.166129,C-17A Globemaster,300,278,2016,False,adsb_icao
ae07e7,2026-09-21 05:01:21.150890,RCH600,95-0104,7732,36000,36.614361,16.636925,C-17A Globemaster,302,405,-96,False,adsb_icao
ae123f,2026-09-21 05:01:21.150894,MOOSE63,04-4134,1146,34000,39.968853,24.348475,C-17A Globemaster,343,440,0,False,mlat
ae63bc,2026-09-21 05:01:21.150901,UNK C/S,20-46080,3275,20500,24.594212,57.371422,KC-46A Pegasus,155,400,0,False,mlat
ae1239,2026-09-21 05:01:21.150916,RCH5001,04-4129,3771,9500,35.747433,139.017334,C-17A Globemaster,52,244,-2838,False,mlat
ae0366,2026-09-21 05:01:21.150920,UNK C/S,62-3575,0467,12650,40.659103,141.240005,KC-135R Stratotanker,172,352,3440,False,mlat
aeed5f,2026-09-21 05:01:21.150933,UNK C/S,,0771,11925,35.5,-102.0,E-6B TACAMO,,,,False,mode_s
ae5fa6,2026-09-21 05:01:21.150939,UNK C/S,11-46059,3263,29000,24.9,55.2,KC-46A Pegasus,,,,False,mode_s
ae0358,2026-09-21 05:02:21.372356,ADVIC44,57-1427,6273,5100,38.609043,-121.813896,KC-135R Stratotanker,161,225,75,False,mlat
aeed5f,2026-09-21 05:02:21.372374,UNK C/S,,0771,11900,35.538319,-101.596077,E-6B TACAMO,,,-4,False,mlat
aee668,2026-09-21 05:02:21.372380,UNK C/S,,2243,25000,36.63023,-96.281586,E-6B TACAMO,139,316,0,False,mlat
ae0568,2026-09-21 05:02:21.372387,RCH9206,86-0011,0754,31000,38.860733,-74.087898,C-5M Galaxy,53,509,0,False,mlat
ae4d69,2026-09-21 05:02:21.372393,RCH145,10-0216,6236,32000,38.59745,-4.98418,C-17A Globemaster,,,0,False,mlat
ae07dc,2026-09-21 05:02:21.372398,RCH745,93-0602,0125,10000,49.559464,7.112852,C-17A Globemaster,346,284,2176,False,adsb_icao
ae07e7,2026-09-21 05:02:21.372402,RCH600,95-0104,7732,35600,36.675751,16.518517,C-17A Globemaster,302,412,-1760,False,adsb_icao
ae123f,2026-09-21 05:02:21.372406,MOOSE63,04-4134,1146,34000,40.094761,24.299318,C-17A Globemaster,343,441,0,False,mlat
ae63bc,2026-09-21 05:02:21.372413,UNK C/S,20-46080,3275,20500,25.194283,55.45792,KC-46A Pegasus,141,399,0,False,mode_s
ae1239,2026-09-21 05:02:21.372429,RCH5001,04-4129,3771,6950,35.788284,139.091568,C-17A Globemaster,57,285,-1262,False,mlat
ae0366,2026-09-21 05:02:21.372433,UNK C/S,62-3575,0467,16575,40.585407,141.188507,KC-135R Stratotanker,242,361,4458,False,mlat
ae5fa6,2026-09-21 05:02:21.372447,UNK C/S,11-46059,3263,29025,24.8,55.0,KC-46A Pegasus,,,,False,mode_s
ae0358,2026-09-21 05:03:21.594460,ADVIC44,57-1427,6273,4675,38.551876,-121.789444,KC-135R Stratotanker,162,219,-1066,False,mlat
aeed5f,2026-09-21 05:03:21.594479,UNK C/S,,0771,11900,35.457226,-101.620674,E-6B TACAMO,194,297,-11,False,mlat
aee668,2026-09-21 05:03:21.594485,UNK C/S,,2243,25000,36.570194,-96.21183,E-6B TACAMO,140,309,0,False,mlat
ae0568,2026-09-21 05:03:21.594492,RCH9206,86-0011,0754,31000,38.949089,-73.954849,C-5M Galaxy,47,472,0,False,mlat
ae4d69,2026-09-21 05:03:21.594497,RCH145,10-0216,6236,32000,38.708874,-4.844309,C-17A Globemaster,45,455,0,False,mlat
ae07dc,2026-09-21 05:03:21.594502,RCH745,93-0602,0125,11125,49.638519,7.084375,C-17A Globemaster,346,303,1280,False,adsb_icao
ae07e7,2026-09-21 05:03:21.594507,RCH600,95-0104,7732,33625,36.738979,16.395985,C-17A Globemaster,302,427,-1920,False,adsb_icao
ae123f,2026-09-21 05:03:21.594511,MOOSE63,04-4134,1146,34000,40.198673,24.258635,C-17A Globemaster,343,457,0,False,mlat
ae1239,2026-09-21 05:03:21.594531,RCH5001,04-4129,3771,6750,35.830444,139.166306,C-17A Globemaster,51,242,-336,False,mlat
ae0366,2026-09-21 05:03:21.594536,UNK C/S,62-3575,0467,20150,40.527107,141.089249,KC-135R Stratotanker,237,341,3053,False,mlat
ae5fa6,2026-09-21 05:03:21.594551,UNK C/S,11-46059,3263,29000,24.8,55.0,KC-46A Pegasus,,,,False,mode_s
ae63bc,2026-09-21 05:03:21.594556,UNK C/S,20-46080,3275,20500,24.4,55.3,KC-46A Pegasus,,,,False,mode_s
ae0358,2026-09-21 05:04:21.782555,ADVIC44,57-1427,6273,3275,38.489349,-121.763687,KC-135R Stratotanker,164,222,-1961,False,mlat
aeed5f,2026-09-21 05:04:21.782568,UNK C/S,,0771,11925,35.396904,-101.644783,E-6B TACAMO,195,257,4,False,mlat
aee668,2026-09-21 05:04:21.782575,UNK C/S,,2243,25000,36.506702,-96.13974,E-6B TACAMO,137,297,0,False,mlat
ae0568,2026-09-21 05:04:21.782581,RCH9206,86-0011,0754,31000,39.031696,-73.815109,C-5M Galaxy,50,506,0,False,mlat
ae4d69,2026-09-21 05:04:21.782586,RCH145,10-0216,6236,32000,38.788734,-4.736755,C-17A Globemaster,49,447,0,False,mlat
ae07dc,2026-09-21 05:04:21.782591,RCH745,93-0602,0125,12700,49.722061,7.053945,C-17A Globemaster,346,310,1504,False,adsb_icao
ae07e7,2026-09-21 05:04:21.782596,RCH600,95-0104,7732,31625,36.803925,16.269093,C-17A Globemaster,302,436,-2208,False,adsb_icao
ae123f,2026-09-21 05:04:21.782600,MOOSE63,04-4134,1146,34000,40.316177,24.211849,C-17A Globemaster,342,428,0,False,mlat
ae5fa6,2026-09-21 05:04:21.782605,UNK C/S,11-46059,3263,29000,24.696651,54.230865,KC-46A Pegasus,,,53,False,mlat
ae1239,2026-09-21 05:04:21.782621,RCH5001,04-4129,3771,5950,35.871403,139.237076,C-17A Globemaster,51,239,-546,False,mlat
ae0366,2026-09-21 05:04:21.782626,UNK C/S,62-3575,0467,23050,40.472401,140.991989,KC-135R Stratotanker,235,358,3065,False,mlat
ae63bc,2026-09-21 05:04:21.782639,UNK C/S,20-46080,3275,20500,24.3,55.3,KC-46A Pegasus,,,,False,mode_s
ae0358,2026-09-21 05:05:21.974243,ADVIC44,57-1427,6273,2050,38.430725,-121.744438,KC-135R Stratotanker,171,224,-638,False,mlat
aeed5f,2026-09-21 05:05:21.974261,UNK C/S,,0771,11925,35.30904,-101.673035,E-6B TACAMO,195,288,32,False,mlat
aee668,2026-09-21 05:05:21.974268,UNK C/S,,2243,25000,36.446835,-96.067505,E-6B TACAMO,133,297,0,False,mlat
ae0568,2026-09-21 05:05:21.974298,RCH9206,86-0011,0754,31000,39.119736,-73.673164,C-5M Galaxy,50,502,0,False,mlat
ae4d69,2026-09-21 05:05:21.974304,RCH145,10-0216,6236,32000,38.882484,-4.618582,C-17A Globemaster,48,446,0,False,mlat
ae07dc,2026-09-21 05:05:21.974310,RCH745,93-0602,0125,14225,49.80703,7.022416,C-17A Globemaster,346,316,1696,False,adsb_icao
ae07e7,2026-09-21 05:05:21.974315,RCH600,95-0104,7732,27600,36.876389,16.146162,C-17A Globemaster,322,448,-4064,False,adsb_icao
ae123f,2026-09-21 05:05:21.974319,MOOSE63,04-4134,1146,34000,40.448582,24.159054,C-17A Globemaster,343,442,0,False,mlat
ae5fa6,2026-09-21 05:05:21.974325,UNK C/S,11-46059,3263,29000,24.80308,54.477245,KC-46A Pegasus,,,-69,False,mlat
ae1239,2026-09-21 05:05:21.974343,RCH5001,04-4129,3771,5950,35.907982,139.30481,C-17A Globemaster,54,247,0,False,mlat
ae0366,2026-09-21 05:05:21.974348,UNK C/S,62-3575,0467,25950,40.400383,140.88765,KC-135R Stratotanker,223,374,2667,False,mlat
ae63bc,2026-09-21 05:05:21.974364,UNK C/S,20-46080,3275,20500,25.1,54.9,KC-46A Pegasus,,,,False,mode_s
ae0358,2026-09-21 05:06:22.237620,ADVIC44,57-1427,6273,2075,38.380028,-121.762985,KC-135R Stratotanker,217,182,0,False,mlat
aeed5f,2026-09-21 05:06:22.237634,UNK C/S,,0771,11900,35.239571,-101.632866,E-6B TACAMO,122,394,-75,False,mlat
aee668,2026-09-21 05:06:22.237640,UNK C/S,,2243,25000,36.380779,-95.996277,E-6B TACAMO,141,312,0,False,mlat
ae0568,2026-09-21 05:06:22.237648,RCH9206,86-0011,0754,31225,39.203915,-73.542374,C-5M Galaxy,52,492,423,False,mlat
ae4d69,2026-09-21 05:06:22.237657,RCH145,10-0216,6236,32000,38.974319,-4.50776,C-17A Globemaster,45,446,0,False,mlat
ae07dc,2026-09-21 05:06:22.237662,RCH745,93-0602,0125,15775,49.892944,6.990413,C-17A Globemaster,346,320,1152,False,adsb_icao
ae07e7,2026-09-21 05:06:22.237666,RCH600,95-0104,7732,23025,36.979111,16.055408,C-17A Globemaster,324,452,-5024,False,adsb_icao
ae123f,2026-09-21 05:06:22.237670,MOOSE63,04-4134,1146,34000,40.562927,24.11389,C-17A Globemaster,343,443,0,False,mlat
ae5fa6,2026-09-21 05:06:22.237676,UNK C/S,11-46059,3263,29000,24.825262,54.517334,KC-46A Pegasus,,,77,False,mlat
ae1239,2026-09-21 05:06:22.237690,RCH5001,04-4129,3771,5950,35.946899,139.380829,C-17A Globemaster,63,271,0,False,mlat
ae0366,2026-09-21 05:06:22.237695,UNK C/S,62-3575,0467,27950,40.321529,140.797073,KC-135R Stratotanker,219,395,1948,False,mlat
ae63bc,2026-09-21 05:06:22.237709,UNK C/S,20-46080,3275,20500,25.2,54.8,KC-46A Pegasus,,,,False,mode_s
ae0358,2026-09-21 05:07:22.448528,ADVIC44,57-1427,6273,1850,38.347282,-121.804916,KC-135R Stratotanker,229,166,-554,False,mlat
aeed5f,2026-09-21 05:07:22.448544,UNK C/S,,0771,11925,35.236153,-101.525703,E-6B TACAMO,74,359,-39,False,mlat
aee668,2026-09-21 05:07:22.448549,UNK C/S,,2243,25000,36.318333,-95.926353,E-6B TACAMO,138,291,0,False,mlat
ae0568,2026-09-21 05:07:22.448555,RCH9206,86-0011,0754,32175,39.294518,-73.405754,C-5M Galaxy,52,464,976,False,mlat
ae4d69,2026-09-21 05:07:22.448560,RCH145,10-0216,6236,32000,39.071064,-4.399807,C-17A Globemaster,35,450,0,False,mlat
ae07dc,2026-09-21 05:07:22.448566,RCH745,93-0602,0125,17325,49.979919,6.957887,C-17A Globemaster,346,320,1376,False,adsb_icao
ae07e7,2026-09-21 05:07:22.448570,RCH600,95-0104,7732,20550,37.072525,15.972569,C-17A Globemaster,324,369,-128,False,adsb_icao
ae123f,2026-09-21 05:07:22.448574,MOOSE63,04-4134,1146,34000,40.675377,24.068893,C-17A Globemaster,343,447,0,False,mlat
ae5fa6,2026-09-21 05:07:22.448580,UNK C/S,11-46059,3263,29000,24.894388,54.77459,KC-46A Pegasus,,,43,False,mlat
ae1239,2026-09-21 05:07:22.448596,RCH5001,04-4129,3771,5050,36.022305,139.385437,C-17A Globemaster,346,270,-981,False,mlat
ae0366,2026-09-21 05:07:22.448601,UNK C/S,62-3575,0467,28000,40.234482,140.700378,KC-135R Stratotanker,221,421,0,False,mlat
ae0358,2026-09-21 05:08:22.636470,ADVIC44,57-1427,6273,1075,38.317974,-121.847137,KC-135R Stratotanker,225,158,-818,False,mlat
aeed5f,2026-09-21 05:08:22.636487,UNK C/S,,0771,11925,35.239014,-101.41674,E-6B TACAMO,90,314,-81,False,mlat
aee668,2026-09-21 05:08:22.636493,UNK C/S,,2243,25000,36.258572,-95.858376,E-6B TACAMO,144,247,0,False,mlat
ae0568,2026-09-21 05:08:22.636499,RCH9206,86-0011,0754,33000,39.375992,-73.268532,C-5M Galaxy,50,502,774,False,mlat
ae4d69,2026-09-21 05:08:22.636504,RCH145,10-0216,6236,32000,39.157906,-4.293819,C-17A Globemaster,39,437,0,False,mlat
ae07dc,2026-09-21 05:08:22.636509,RCH745,93-0602,0125,18750,50.066559,6.925395,C-17A Globemaster,346,322,1248,False,adsb_icao
ae07e7,2026-09-21 05:08:22.636514,RCH600,95-0104,7732,18825,37.151756,15.902113,C-17A Globemaster,324,345,-2400,False,adsb_icao
ae123f,2026-09-21 05:08:22.636517,MOOSE63,04-4134,1146,34000,40.790283,24.022474,C-17A Globemaster,343,445,0,False,mlat
ae5fa6,2026-09-21 05:08:22.636523,UNK C/S,11-46059,3263,29025,24.94202,54.900494,KC-46A Pegasus,65,452,43,False,mlat
ae1239,2026-09-21 05:08:22.636539,RCH5001,04-4129,3771,4450,36.082951,139.342636,C-17A Globemaster,285,315,-51,False,mlat
ae0366,2026-09-21 05:08:22.636545,UNK C/S,62-3575,0467,28000,40.150528,140.608109,KC-135R Stratotanker,222,404,0,False,mlat
ae0358,2026-09-21 05:09:22.904756,ADVIC44,57-1427,6273,375,38.291348,-121.884659,KC-135R Stratotanker,224,138,-681,False,mlat
aeed5f,2026-09-21 05:09:22.904774,UNK C/S,,0771,11900,35.238247,-101.314102,E-6B TACAMO,90,310,32,False,mlat
aee668,2026-09-21 05:09:22.904780,UNK C/S,,2243,25000,36.187553,-95.828911,E-6B TACAMO,210,343,0,False,mlat
ae0568,2026-09-21 05:09:22.904786,RCH9206,86-0011,0754,33000,39.464115,-73.138,C-5M Galaxy,47,479,0,False,mlat
ae4d69,2026-09-21 05:09:22.904790,RCH145,10-0216,6236,32000,39.259415,-4.196736,C-17A Globemaster,35,440,0,False,mlat
ae07dc,2026-09-21 05:09:22.904795,RCH745,93-0602,0125,19850,50.15419,6.89103,C-17A Globemaster,340,323,736,False,adsb_icao
ae07e7,2026-09-21 05:09:22.904800,RCH600,95-0104,7732,16650,37.230057,15.832059,C-17A Globemaster,324,338,-1824,False,adsb_icao
ae123f,2026-09-21 05:09:22.904804,MOOSE63,04-4134,1146,34000,40.916821,23.971857,C-17A Globemaster,344,438,0,False,mlat
ae5fa6,2026-09-21 05:09:22.904809,UNK C/S,11-46059,3263,29000,24.98399,55.046253,KC-46A Pegasus,75,509,11,False,mlat
ae1239,2026-09-21 05:09:22.904825,RCH5001,04-4129,3771,4450,36.047153,139.293945,C-17A Globemaster,170,224,0,False,mlat
ae0366,2026-09-21 05:09:22.904830,UNK C/S,62-3575,0467,28000,40.062775,140.513153,KC-135R Stratotanker,222,403,0,False,mlat
aeed5f,2026-09-21 05:10:23.082898,UNK C/S,,0771,11925,35.240849,-101.207932,E-6B TACAMO,88,303,-3,False,mlat
aee668,2026-09-21 05:10:23.082916,UNK C/S,,2243,24700,36.141087,-95.903786,E-6B TACAMO,237,263,-724,False,mlat
ae0568,2026-09-21 05:10:23.082924,RCH9206,86-0011,0754,33000,39.539623,-72.998756,C-5M Galaxy,49,502,0,False,mlat
ae4d69,2026-09-21 05:10:23.082929,RCH145,10-0216,6236,32000,39.340824,-4.110246,C-17A Globemaster,38,448,0,False,mlat
ae07dc,2026-09-21 05:10:23.082936,RCH745,93-0602,0125,20850,50.235992,6.833352,C-17A Globemaster,335,327,1120,False,adsb_icao
ae07e7,2026-09-21 05:10:23.082941,RCH600,95-0104,7732,15900,37.279816,15.744109,C-17A Globemaster,289,292,-160,False,adsb_icao
ae123f,2026-09-21 05:10:23.082946,MOOSE63,04-4134,1146,34000,41.028416,23.926373,C-17A Globemaster,343,446,0,False,mlat
ae5fa6,2026-09-21 05:10:23.082951,UNK C/S,11-46059,3263,29000,25.028418,55.185905,KC-46A Pegasus,73,477,-7,False,mlat
ae1239,2026-09-21 05:10:23.082971,RCH5001,04-4129,3771,4325,35.989162,139.300156,C-17A Globemaster,159,222,-295,False,mlat
ae0366,2026-09-21 05:10:23.082976,UNK C/S,62-3575,0467,28000,39.976841,140.417786,KC-135R Stratotanker,221,415,0,False,mlat
aeed5f,2026-09-21 05:11:23.293069,UNK C/S,,0771,11925,35.240612,-101.093475,E-6B TACAMO,89,307,-11,False,mlat
aee668,2026-09-21 05:11:23.293088,UNK C/S,,2243,23600,36.10302,-95.981491,E-6B TACAMO,242,272,-1271,False,mlat
ae0568,2026-09-21 05:11:23.293096,RCH9206,86-0011,0754,33000,39.635841,-72.843445,C-5M Galaxy,53,496,0,False,mlat
ae4d69,2026-09-21 05:11:23.293101,RCH145,10-0216,6236,32000,39.415176,-4.032809,C-17A Globemaster,41,428,0,False,mlat
ae07dc,2026-09-21 05:11:23.293108,RCH745,93-0602,0125,21800,50.319946,6.772421,C-17A Globemaster,334,333,1024,False,adsb_icao
ae07e7,2026-09-21 05:11:23.293113,RCH600,95-0104,7732,14500,37.305939,15.649487,C-17A Globemaster,284,281,-1472,False,adsb_icao
ae123f,2026-09-21 05:11:23.293117,MOOSE63,04-4134,1146,34000,41.157352,23.873999,C-17A Globemaster,342,447,0,False,mlat
ae5fa6,2026-09-21 05:11:23.293123,UNK C/S,11-46059,3263,29025,25.041035,55.326778,KC-46A Pegasus,93,506,4,False,mlat
ae1239,2026-09-21 05:11:23.293143,RCH5001,04-4129,3771,3175,35.937172,139.310303,C-17A Globemaster,165,192,-1376,False,mlat
ae0366,2026-09-21 05:11:23.293148,UNK C/S,62-3575,0467,28000,39.883175,140.316147,KC-135R Stratotanker,219,409,0,False,mlat
ae63bc,2026-09-21 05:11:23.293171,UNK C/S,20-46080,3275,20500,24.3,55.7,KC-46A Pegasus,,,,False,mode_s
aeed5f,2026-09-21 05:12:23.485449,UNK C/S,,0771,11900,35.242691,-100.984253,E-6B TACAMO,89,327,17,False,mlat
aee668,2026-09-21 05:12:23.485476,UNK C/S,,2243,22300,36.065292,-96.061043,E-6B TACAMO,243,276,-1308,False,mlat
ae0568,2026-09-21 05:12:23.485491,RCH9206,86-0011,0754,33000,39.716545,-72.73037,C-5M Galaxy,49,462,0,False,mlat
ae4d69,2026-09-21 05:12:23.485501,RCH145,10-0216,6236,32000,39.543198,-3.899635,C-17A Globemaster,39,434,0,False,mlat
ae07dc,2026-09-21 05:12:23.485514,RCH745,93-0602,0125,22775,50.404388,6.711088,C-17A Globemaster,335,337,1024,False,adsb_icao
ae07e7,2026-09-21 05:12:23.485523,RCH600,95-0104,7732,12775,37.30513,15.553485,C-17A Globemaster,268,276,-2432,False,adsb_icao
ae123f,2026-09-21 05:12:23.485531,MOOSE63,04-4134,1146,34000,41.259418,23.831621,C-17A Globemaster,342,418,0,False,mlat
ae5fa6,2026-09-21 05:12:23.485542,UNK C/S,11-46059,3263,29000,25.044468,55.475891,KC-46A Pegasus,86,461,7,False,mlat
ae1239,2026-09-21 05:12:23.485580,RCH5001,04-4129,3771,2750,35.892075,139.31778,C-17A Globemaster,173,167,-75,False,mlat
ae0366,2026-09-21 05:12:23.485591,UNK C/S,62-3575,0467,28000,39.79681,140.22287,KC-135R Stratotanker,221,416,0,False,mlat
ae63bc,2026-09-21 05:12:23.485632,UNK C/S,20-46080,3275,20500,24.0,55.8,KC-46A Pegasus,,,,False,mode_s
aeed5f,2026-09-21 05:13:23.679903,UNK C/S,,0771,11900,35.244045,-100.879585,E-6B TACAMO,91,311,-9,False,mlat
aee668,2026-09-21 05:13:23.679920,UNK C/S,,2243,21000,36.027641,-96.140556,E-6B TACAMO,239,275,-1288,False,mlat
ae0568,2026-09-21 05:13:23.679928,RCH9206,86-0011,0754,33000,39.799427,-72.580933,C-5M Galaxy,53,489,0,False,mlat
ae4d69,2026-09-21 05:13:23.679933,RCH145,10-0216,6236,32000,39.634876,-3.796685,C-17A Globemaster,42,453,0,False,mlat
ae07dc,2026-09-21 05:13:23.679938,RCH745,93-0602,0125,23725,50.490829,6.648174,C-17A Globemaster,335,340,1024,False,adsb_icao
ae07e7,2026-09-21 05:13:23.679943,RCH600,95-0104,7732,10550,37.302521,15.458231,C-17A Globemaster,267,266,-2912,False,adsb_icao
ae123f,2026-09-21 05:13:23.679948,MOOSE63,04-4134,1146,34000,41.393887,23.779181,C-17A Globemaster,344,447,0,False,mlat
ae5fa6,2026-09-21 05:13:23.679953,UNK C/S,11-46059,3263,29000,25.050285,55.6189,KC-46A Pegasus,89,482,-16,False,mlat
ae1239,2026-09-21 05:13:23.679970,RCH5001,04-4129,3771,2500,35.844547,139.329681,C-17A Globemaster,169,172,-589,False,mlat
ae0366,2026-09-21 05:13:23.679975,UNK C/S,62-3575,0467,28000,39.709476,140.128265,KC-135R Stratotanker,221,407,0,False,mlat
ae63bc,2026-09-21 05:13:23.679994,UNK C/S,20-46080,3275,20500,24.4,55.3,KC-46A Pegasus,,,,False,mode_s
aeed5f,2026-09-21 05:14:23.858084,UNK C/S,,0771,11900,35.232983,-100.779564,E-6B TACAMO,92,288,-26,False,mlat
aee668,2026-09-21 05:14:23.858100,UNK C/S,,2243,19675,35.987129,-96.224472,E-6B TACAMO,248,232,-1309,False,mlat
ae0568,2026-09-21 05:14:23.858108,RCH9206,86-0011,0754,33000,39.887844,-72.445854,C-5M Galaxy,59,507,0,False,mlat
ae4d69,2026-09-21 05:14:23.858113,RCH145,10-0216,6236,32000,39.733879,-3.690321,C-17A Globemaster,40,442,0,False,mlat
ae07dc,2026-09-21 05:14:23.858118,RCH745,93-0602,0125,24675,50.576168,6.586007,C-17A Globemaster,334,341,896,False,adsb_icao
ae07e7,2026-09-21 05:14:23.858123,RCH600,95-0104,7732,7950,37.299911,15.365724,C-17A Globemaster,268,261,-2464,False,adsb_icao
ae123f,2026-09-21 05:14:23.858128,MOOSE63,04-4134,1146,34000,41.506802,23.752651,C-17A Globemaster,354,435,0,False,mlat
ae5fa6,2026-09-21 05:14:23.858133,UNK C/S,11-46059,3263,29000,25.056189,55.769817,KC-46A Pegasus,89,504,-30,False,mlat
ae1239,2026-09-21 05:14:23.858149,RCH5001,04-4129,3771,1675,35.799953,139.339493,C-17A Globemaster,166,134,-259,False,mlat
ae0366,2026-09-21 05:14:23.858154,UNK C/S,62-3575,0467,28000,39.625374,140.038498,KC-135R Stratotanker,220,412,0,False,mlat
ae63bc,2026-09-21 05:14:23.858171,UNK C/S,20-46080,3275,20525,24.1,55.6,KC-46A Pegasus,,,,False,mode_s
aeed5f,2026-09-21 05:15:24.055931,UNK C/S,,0771,11900,35.241356,-100.670746,E-6B TACAMO,89,324,-52,False,mlat
aee668,2026-09-21 05:15:24.055948,UNK C/S,,2243,18450,35.948074,-96.30368,E-6B TACAMO,237,268,-1285,False,mlat
ae0568,2026-09-21 05:15:24.055956,RCH9206,86-0011,0754,33000,39.962856,-72.298706,C-5M Galaxy,54,506,0,False,mlat
ae4d69,2026-09-21 05:15:24.055962,RCH145,10-0216,6236,32000,39.822926,-3.592715,C-17A Globemaster,40,429,0,False,mlat
ae07dc,2026-09-21 05:15:24.055968,RCH745,93-0602,0125,25700,50.637497,6.479042,C-17A Globemaster,299,336,1152,False,adsb_icao
ae07e7,2026-09-21 05:15:24.055973,RCH600,95-0104,7732,5400,37.325821,15.286541,C-17A Globemaster,306,256,-2752,False,adsb_icao
ae123f,2026-09-21 05:15:24.055978,MOOSE63,04-4134,1146,34000,41.628143,23.728041,C-17A Globemaster,351,435,0,False,mlat
ae5fa6,2026-09-21 05:15:24.055984,UNK C/S,11-46059,3263,29025,25.065456,55.891415,KC-46A Pegasus,84,478,23,False,mlat
ae1239,2026-09-21 05:15:24.056004,RCH5001,04-4129,3771,1825,35.752045,139.34726,C-17A Globemaster,173,155,440,False,mlat
ae0366,2026-09-21 05:15:24.056009,UNK C/S,62-3575,0467,28000,39.533962,139.941452,KC-135R Stratotanker,221,394,0,False,mlat
ae63bc,2026-09-21 05:15:24.056033,UNK C/S,20-46080,3275,20500,25.1,55.1,KC-46A Pegasus,,,,False,mode_s
aeed5f,2026-09-21 05:16:24.247213,UNK C/S,,0771,11900,35.242573,-100.565254,E-6B TACAMO,91,315,58,False,mlat
aee668,2026-09-21 05:16:24.247229,UNK C/S,,2243,17125,35.907345,-96.386864,E-6B TACAMO,239,282,-1276,False,mlat
ae0568,2026-09-21 05:16:24.247235,RCH9206,86-0011,0754,33000,40.054981,-72.141968,C-5M Galaxy,57,510,0,False,mlat
ae4d69,2026-09-21 05:16:24.247240,RCH145,10-0216,6236,32000,39.923504,-3.486792,C-17A Globemaster,42,448,0,False,mlat
ae07dc,2026-09-21 05:16:24.247245,RCH745,93-0602,0125,26450,50.682678,6.348572,C-17A Globemaster,298,339,704,False,adsb_icao
ae07e7,2026-09-21 05:16:24.247249,RCH600,95-0104,7732,4800,37.365784,15.213902,C-17A Globemaster,317,252,,False,adsb_icao
ae123f,2026-09-21 05:16:24.247253,MOOSE63,04-4134,1146,34000,41.750217,23.703117,C-17A Globemaster,351,440,0,False,mlat
ae5fa6,2026-09-21 05:16:24.247258,UNK C/S,11-46059,3263,29000,25.081358,56.042667,KC-46A Pegasus,84,420,-61,False,mlat
ae1239,2026-09-21 05:16:24.247272,RCH5001,04-4129,3771,5225,35.707966,139.350815,C-17A Globemaster,188,139,1233,False,mlat
ae0366,2026-09-21 05:16:24.247321,UNK C/S,62-3575,0467,28000,39.446198,139.850189,KC-135R Stratotanker,217,396,0,False,mlat
ae63bc,2026-09-21 05:16:24.247339,UNK C/S,20-46080,3275,20500,24.4,55.5,KC-46A Pegasus,,,,False,mode_s
aeed5f,2026-09-21 05:17:24.438105,UNK C/S,,0771,11900,35.240719,-100.445053,E-6B TACAMO,92,331,62,False,mlat
aee668,2026-09-21 05:17:24.438118,UNK C/S,,2243,15825,35.869022,-96.466576,E-6B TACAMO,240,274,-1261,False,mlat
ae0568,2026-09-21 05:17:24.438125,RCH9206,86-0011,0754,33000,40.13496,-72.01326,C-5M Galaxy,52,491,0,False,mlat
ae4d69,2026-09-21 05:17:24.438130,RCH145,10-0216,6236,32000,40.013252,-3.390033,C-17A Globemaster,40,441,0,False,mlat
ae07dc,2026-09-21 05:17:24.438135,RCH745,93-0602,0125,27075,50.727509,6.218567,C-17A Globemaster,298,343,512,False,adsb_icao
ae07e7,2026-09-21 05:17:24.438139,RCH600,95-0104,7732,4650,37.411938,15.244127,C-17A Globemaster,97,246,,False,adsb_icao
ae123f,2026-09-21 05:17:24.438143,MOOSE63,04-4134,1146,34000,41.866058,23.678989,C-17A Globemaster,351,417,100,False,mlat
ae63bc,2026-09-21 05:17:24.438149,UNK C/S,20-46080,3275,20500,25.3291,55.124996,KC-46A Pegasus,,,0,False,mlat
ae5fa6,2026-09-21 05:17:24.438153,UNK C/S,11-46059,3263,29000,25.079561,56.19772,KC-46A Pegasus,86,449,-29,False,mlat
ae1239,2026-09-21 05:17:24.438168,RCH5001,04-4129,3771,5250,35.662601,139.350082,C-17A Globemaster,181,184,0,False,mlat
ae0366,2026-09-21 05:17:24.438172,UNK C/S,62-3575,0467,28000,39.367729,139.763809,KC-135R Stratotanker,224,405,0,False,mlat
aeed5f,2026-09-21 05:18:24.656203,UNK C/S,,0771,11900,35.242004,-100.341309,E-6B TACAMO,91,331,-25,False,mlat
aee668,2026-09-21 05:18:24.656221,UNK C/S,,2243,14550,35.82859,-96.550331,E-6B TACAMO,239,278,-1163,False,mlat
ae0568,2026-09-21 05:18:24.656229,RCH9206,86-0011,0754,33000,40.230709,-71.873581,C-5M Galaxy,50,521,0,False,mlat
ae4d69,2026-09-21 05:18:24.656235,RCH145,10-0216,6236,32000,40.106056,-3.289325,C-17A Globemaster,40,441,0,False,mlat
ae07dc,2026-09-21 05:18:24.656241,RCH745,93-0602,0125,27550,50.773922,6.08551,C-17A Globemaster,298,349,416,False,adsb_icao
ae07e7,2026-09-21 05:18:24.656246,RCH600,95-0104,7732,3850,37.363293,15.257024,C-17A Globemaster,224,253,-320,False,adsb_icao
ae123f,2026-09-21 05:18:24.656250,MOOSE63,04-4134,1146,34750,41.988651,23.653063,C-17A Globemaster,352,423,1103,False,mlat
ae63bc,2026-09-21 05:18:24.656256,UNK C/S,20-46080,3275,20500,25.472532,55.013119,KC-46A Pegasus,,,0,False,mode_s
ae5fa6,2026-09-21 05:18:24.656261,UNK C/S,11-46059,3263,29000,25.085272,56.236465,KC-46A Pegasus,83,391,4,False,mlat
ae1239,2026-09-21 05:18:24.656310,RCH5001,04-4129,3771,5250,35.628613,139.381821,C-17A Globemaster,137,155,0,False,mlat
ae0366,2026-09-21 05:18:24.656317,UNK C/S,62-3575,0467,28000,39.280003,139.670822,KC-135R Stratotanker,221,404,0,False,mlat
aeed5f,2026-09-21 05:19:24.848816,UNK C/S,,0771,11900,35.242432,-100.23056,E-6B TACAMO,89,280,-82,False,mlat
aee668,2026-09-21 05:19:24.848830,UNK C/S,,2243,13450,35.787449,-96.629242,E-6B TACAMO,236,250,-1066,False,mlat
ae0568,2026-09-21 05:19:24.848837,RCH9206,86-0011,0754,33000,40.313038,-71.722351,C-5M Galaxy,50,503,0,False,mlat
ae4d69,2026-09-21 05:19:24.848842,RCH145,10-0216,6236,32000,40.195107,-3.190918,C-17A Globemaster,39,434,0,False,mlat
ae07dc,2026-09-21 05:19:24.848847,RCH745,93-0602,0125,27950,50.821518,5.948948,C-17A Globemaster,298,355,416,False,adsb_icao
ae07e7,2026-09-21 05:19:24.848851,RCH600,95-0104,7732,3450,37.370453,15.165983,C-17A Globemaster,284,250,0,False,adsb_icao
ae123f,2026-09-21 05:19:24.848854,MOOSE63,04-4134,1146,35600,42.105904,23.626574,C-17A Globemaster,350,420,725,False,mlat
ae1239,2026-09-21 05:19:24.848871,RCH5001,04-4129,3771,5250,35.602623,139.423492,C-17A Globemaster,127,158,0,False,mlat
ae0366,2026-09-21 05:19:24.848875,UNK C/S,62-3575,0467,28000,39.19595,139.580322,KC-135R Stratotanker,219,401,0,False,mlat
ae5fa6,2026-09-21 05:19:24.848886,UNK C/S,11-46059,3263,29000,25.1,55.6,KC-46A Pegasus,,,,False,mode_s
ae63bc,2026-09-21 05:19:24.848896,UNK C/S,20-46080,3275,20500,24.5,56.0,KC-46A Pegasus,,,,False,mode_s
aeed5f,2026-09-21 05:20:25.034548,UNK C/S,,0771,11975,35.241684,-100.137169,E-6B TACAMO,91,324,181,False,mlat
aee668,2026-09-21 05:20:25.034563,UNK C/S,,2243,12450,35.749882,-96.710762,E-6B TACAMO,239,279,-777,False,mlat
ae0568,2026-09-21 05:20:25.034570,RCH9206,86-0011,0754,33000,40.391113,-71.580994,C-5M Galaxy,55,481,0,False,mlat
ae4d69,2026-09-21 05:20:25.034576,RCH145,10-0216,6236,32000,40.294987,-3.077596,C-17A Globemaster,42,451,0,False,mlat
ae07dc,2026-09-21 05:20:25.034581,RCH745,93-0602,0125,28525,50.86898,5.812073,C-17A Globemaster,298,358,608,False,adsb_icao
ae07e7,2026-09-21 05:20:25.034585,RCH600,95-0104,7732,2575,37.382629,15.098312,C-17A Globemaster,278,183,,False,adsb_icao
ae123f,2026-09-21 05:20:25.034589,MOOSE63,04-4134,1146,36000,42.218563,23.601997,C-17A Globemaster,352,418,13,False,mlat
ae5fa6,2026-09-21 05:20:25.034595,UNK C/S,11-46059,3263,29025,25.076075,56.587078,KC-46A Pegasus,,,0,False,mlat
ae63bc,2026-09-21 05:20:25.034598,UNK C/S,20-46080,3275,20500,24.50654,57.4902,KC-46A Pegasus,,,0,False,mlat
ae1239,2026-09-21 05:20:25.034617,RCH5001,04-4129,3771,5250,35.576584,139.467361,C-17A Globemaster,129,157,0,False,mlat
ae0366,2026-09-21 05:20:25.034622,UNK C/S,62-3575,0467,28000,39.10463,139.483246,KC-135R Stratotanker,218,384,0,False,mlat
aeed5f,2026-09-21 05:21:25.347505,UNK C/S,,0771,11975,35.245708,-100.018143,E-6B TACAMO,90,293,65,False,mlat
aee668,2026-09-21 05:21:25.347521,UNK C/S,,2243,11475,35.717052,-96.778236,E-6B TACAMO,238,221,-1373,False,mlat
ae0568,2026-09-21 05:21:25.347527,RCH9206,86-0011,0754,33000,40.475533,-71.441917,C-5M Galaxy,53,508,0,False,mlat
ae4d69,2026-09-21 05:21:25.347533,RCH145,10-0216,6236,32000,40.380852,-2.983133,C-17A Globemaster,41,448,0,False,mlat
ae07dc,2026-09-21 05:21:25.347538,RCH745,93-0602,0125,29075,50.916416,5.674133,C-17A Globemaster,298,359,640,False,adsb_icao
ae07e7,2026-09-21 05:21:25.347542,RCH600,95-0104,7732,1525,37.389454,15.042074,C-17A Globemaster,278,130,-1088,False,adsb_icao
ae123f,2026-09-21 05:21:25.347546,MOOSE63,04-4134,1146,36000,42.339207,23.568975,C-17A Globemaster,349,427,0,False,mlat
ae63bc,2026-09-21 05:21:25.347551,UNK C/S,20-46080,3275,20525,24.518518,57.571384,KC-46A Pegasus,,,0,False,mlat
ae0366,2026-09-21 05:21:25.347568,UNK C/S,62-3575,0467,28000,39.031727,139.419601,KC-135R Stratotanker,219,394,0,False,mlat
ae1239,2026-09-21 05:21:25.347572,RCH5001,04-4129,3771,5250,35.549068,139.507904,C-17A Globemaster,146,181,0,False,mlat
ae5fa6,2026-09-21 05:21:25.347582,UNK C/S,11-46059,3263,29000,25.5,56.1,KC-46A Pegasus,,,,False,mode_s
ae07be,2026-09-21 05:21:25.347592,UNK C/S,62-3578,3431,22000,25.9,50.9,KC-135R Stratotanker,122,468,0,False,mode_s
aeed5f,2026-09-21 05:22:25.607831,UNK C/S,,0771,12000,35.241432,-99.907288,E-6B TACAMO,89,339,-34,False,mlat
aee668,2026-09-21 05:22:25.607846,UNK C/S,,2243,9975,35.684338,-96.844215,E-6B TACAMO,240,215,-1425,False,mlat
ae0568,2026-09-21 05:22:25.607852,RCH9206,86-0011,0754,33000,40.561508,-71.29435,C-5M Galaxy,53,533,0,False,mlat
ae4d69,2026-09-21 05:22:25.607857,RCH145,10-0216,6236,32000,40.476032,-2.881017,C-17A Globemaster,40,439,0,False,mlat
ae07dc,2026-09-21 05:22:25.607862,RCH745,93-0602,0125,29400,50.964157,5.533917,C-17A Globemaster,298,359,448,False,adsb_icao
ae07e7,2026-09-21 05:22:25.607866,RCH600,95-0104,7732,900,37.394295,15.001652,C-17A Globemaster,279,127,-704,False,other
ae123f,2026-09-21 05:22:25.607870,MOOSE63,04-4134,1146,36000,42.442333,23.555132,C-17A Globemaster,353,402,0,False,mlat
ae0366,2026-09-21 05:22:25.607889,UNK C/S,62-3575,0467,28000,38.933289,139.302567,KC-135R Stratotanker,220,392,0,False,mlat
ae1239,2026-09-21 05:22:25.607893,RCH5001,04-4129,3771,5225,35.497639,139.507965,C-17A Globemaster,181,154,0,False,mlat
ae5fa6,2026-09-21 05:22:25.607904,UNK C/S,11-46059,3263,29025,25.0,55.8,KC-46A Pegasus,,,,False,mode_s
ae63bc,2026-09-21 05:22:25.607914,UNK C/S,20-46080,3275,20525,24.7,56.5,KC-46A Pegasus,,,,False,mode_s
ae07be,2026-09-21 05:22:25.607919,UNK C/S,62-3578,3431,22000,26.1,51.1,KC-135R Stratotanker,122,468,0,False,mode_s
aeed5f,2026-09-21 05:23:25.811465,UNK C/S,,0771,12000,35.241341,-99.804092,E-6B TACAMO,91,308,28,False,mlat
aee668,2026-09-21 05:23:25.811481,UNK C/S,,2243,8475,35.652733,-96.908554,E-6B TACAMO,242,204,-1571,False,mlat
ae0568,2026-09-21 05:23:25.811487,RCH9206,86-0011,0754,33000,40.648979,-71.14138,C-5M Galaxy,51,510,0,False,mlat
ae4d69,2026-09-21 05:23:25.811492,RCH145,10-0216,6236,32000,40.575855,-2.786898,C-17A Globemaster,40,446,0,False,mlat
ae07dc,2026-09-21 05:23:25.811497,RCH745,93-0602,0125,29900,51.011719,5.394733,C-17A Globemaster,298,358,480,False,adsb_icao
ae07e7,2026-09-21 05:23:25.811501,RCH600,95-0104,7732,475,37.39769,14.972729,C-17A Globemaster,278,122,-704,False,other
ae123f,2026-09-21 05:23:25.811506,MOOSE63,04-4134,1146,36000,42.560001,23.531096,C-17A Globemaster,352,408,0,False,mlat
ae0366,2026-09-21 05:23:25.811527,UNK C/S,62-3575,0467,28000,38.852306,139.217102,KC-135R Stratotanker,219,405,0,False,mlat
ae1239,2026-09-21 05:23:25.811532,RCH5001,04-4129,3771,4300,35.484421,139.445847,C-17A Globemaster,268,195,-886,False,mlat
ae5fa6,2026-09-21 05:23:25.811543,UNK C/S,11-46059,3263,27975,25.5,55.4,KC-46A Pegasus,,,,False,mode_s
ae63bc,2026-09-21 05:23:25.811552,UNK C/S,20-46080,3275,20500,24.9,57.1,KC-46A Pegasus,,,,False,mode_s
ae07be,2026-09-21 05:23:25.811557,UNK C/S,62-3578,3431,22000,26.5,51.4,KC-135R Stratotanker,122,468,0,False,mode_s
aeed5f,2026-09-21 05:24:26.016938,UNK C/S,,0771,12000,35.238068,-99.691711,E-6B TACAMO,92,314,17,False,mlat
aee668,2026-09-21 05:24:26.016951,UNK C/S,,2243,6950,35.623936,-96.965981,E-6B TACAMO,239,203,-1587,False,mlat
ae0568,2026-09-21 05:24:26.016958,RCH9206,86-0011,0754,33000,40.733501,-70.990379,C-5M Galaxy,53,491,0,False,mlat
ae4d69,2026-09-21 05:24:26.016963,RCH145,10-0216,6236,32000,40.669487,-2.672467,C-17A Globemaster,36,429,0,False,mlat
ae07dc,2026-09-21 05:24:26.016968,RCH745,93-0602,0125,30000,51.053375,5.24826,C-17A Globemaster,288,374,-64,False,adsb_icao
ae123f,2026-09-21 05:24:26.016972,MOOSE63,04-4134,1146,36000,42.676113,23.500565,C-17A Globemaster,348,413,0,False,mlat
7cf925,2026-09-21 05:24:26.016982,ASY753,A41-211,1062,34000,-7.651372,114.360809,C-17A Globemaster,323,476,0,False,adsb_icao
ae0366,2026-09-21 05:24:26.016994,UNK C/S,62-3575,0467,28000,38.769665,139.131332,KC-135R Stratotanker,220,397,0,False,mlat
ae1239,2026-09-21 05:24:26.016999,RCH5001,04-4129,3771,4250,35.513229,139.396683,C-17A Globemaster,317,184,0,False,mlat
ae5fa6,2026-09-21 05:24:26.017010,UNK C/S,11-46059,3263,25425,25.3,55.6,KC-46A Pegasus,,,,False,mode_s
ae63bc,2026-09-21 05:24:26.017018,UNK C/S,20-46080,3275,20500,25.2,57.5,KC-46A Pegasus,,,,False,mode_s
ae07be,2026-09-21 05:24:26.017023,UNK C/S,62-3578,3431,22000,26.6,51.5,KC-135R Stratotanker,123,468,32,False,mode_s
aeed5f,2026-09-21 05:25:26.260652,UNK C/S,,0771,11975,35.24041,-99.5858,E-6B TACAMO,93,330,-20,False,mlat
aee668,2026-09-21 05:25:26.260669,UNK C/S,,2243,5400,35.593456,-97.027039,E-6B TACAMO,238,183,-1511,False,mlat
ae0568,2026-09-21 05:25:26.260676,RCH9206,86-0011,0754,33000,40.820793,-70.844437,C-5M Galaxy,52,518,0,False,mlat
ae065e,2026-09-21 05:25:26.260682,UNK C/S,60-0332,5355,1275,43.104759,-70.844063,KC-135R Stratotanker,,,,False,mlat
ae4d69,2026-09-21 05:25:26.260687,RCH145,10-0216,6236,32000,40.757401,-2.570893,C-17A Globemaster,43,444,0,False,mlat
ae07dc,2026-09-21 05:25:26.260693,RCH745,93-0602,0125,30000,51.086609,5.088674,C-17A Globemaster,288,386,96,False,adsb_icao
ae123f,2026-09-21 05:25:26.260698,MOOSE63,04-4134,1146,36000,42.788681,23.479855,C-17A Globemaster,351,408,0,False,mlat
7cf925,2026-09-21 05:25:26.260711,ASY753,A41-211,1062,34025,-7.619112,114.337372,C-17A Globemaster,324,474,,False,adsb_icao
ae0366,2026-09-21 05:25:26.260726,UNK C/S,62-3575,0467,28000,38.679615,139.034485,KC-135R Stratotanker,222,414,0,False,mlat
ae1239,2026-09-21 05:25:26.260731,RCH5001,04-4129,3771,3600,35.560402,139.384567,C-17A Globemaster,5,168,-1393,False,mlat
ae5fa6,2026-09-21 05:25:26.260744,UNK C/S,11-46059,3263,23100,25.1,56.0,KC-46A Pegasus,,,,False,mode_s
ae07be,2026-09-21 05:25:26.260752,UNK C/S,62-3578,3431,22000,26.4,51.3,KC-135R Stratotanker,123,468,0,False,mode_s
ae63bc,2026-09-21 05:25:26.260758,UNK C/S,20-46080,3275,20500,25.0,56.4,KC-46A Pegasus,,,,False,mode_s
aeed5f,2026-09-21 05:26:26.478121,UNK C/S,,0771,12000,35.239326,-99.480392,E-6B TACAMO,90,316,40,False,mlat
aee668,2026-09-21 05:26:26.478140,UNK C/S,,2243,4075,35.57991,-97.09314,E-6B TACAMO,288,224,-1241,False,mlat
ae065e,2026-09-21 05:26:26.478149,UNK C/S,60-0332,5355,3525,43.163593,-70.871727,KC-135R Stratotanker,0,266,2458,False,mlat
ae0568,2026-09-21 05:26:26.478154,RCH9206,86-0011,0754,33000,40.899685,-70.702766,C-5M Galaxy,53,494,0,False,mlat
ae4d69,2026-09-21 05:26:26.478160,RCH145,10-0216,6236,32000,40.8452,-2.476454,C-17A Globemaster,41,452,0,False,mlat
ae07dc,2026-09-21 05:26:26.478165,RCH745,93-0602,0125,30000,51.1203,4.924919,C-17A Globemaster,288,393,384,False,adsb_icao
ae123f,2026-09-21 05:26:26.478171,MOOSE63,04-4134,1146,36000,42.905159,23.455034,C-17A Globemaster,352,420,0,False,mlat
ae63bc,2026-09-21 05:26:26.478177,UNK C/S,20-46080,3275,20500,24.714161,57.540695,KC-46A Pegasus,,,0,False,mlat
7cf925,2026-09-21 05:26:26.478192,ASY753,A41-211,1062,34025,-7.479734,114.236031,C-17A Globemaster,324,475,0,False,adsb_icao
ae0366,2026-09-21 05:26:26.478211,UNK C/S,62-3575,0467,28000,38.59367,138.948227,KC-135R Stratotanker,219,419,0,False,mlat
ae1239,2026-09-21 05:26:26.478216,RCH5001,04-4129,3771,2450,35.605911,139.376633,C-17A Globemaster,333,111,-532,False,mlat
ae5fa6,2026-09-21 05:26:26.478232,UNK C/S,11-46059,3263,23025,25.6,56.6,KC-46A Pegasus,,,,False,mode_s
ae07be,2026-09-21 05:26:26.478240,UNK C/S,62-3578,3431,22000,26.5,51.1,KC-135R Stratotanker,123,466,0,False,mode_s
aeed5f,2026-09-21 05:27:26.686711,UNK C/S,,0771,11975,35.238342,-99.372475,E-6B TACAMO,73,281,36,False,mlat
aee668,2026-09-21 05:27:26.686727,UNK C/S,,2243,4025,35.595356,-97.160744,E-6B TACAMO,284,205,76,False,mlat
ae065e,2026-09-21 05:27:26.686733,UNK C/S,60-0332,5355,6525,43.233395,-70.816399,KC-135R Stratotanker,44,274,3145,False,mlat
ae0568,2026-09-21 05:27:26.686738,RCH9206,86-0011,0754,33000,40.992859,-70.547867,C-5M Galaxy,52,511,0,False,mlat
ae4d69,2026-09-21 05:27:26.686743,RCH145,10-0216,6236,32000,40.943707,-2.377436,C-17A Globemaster,34,385,0,False,mlat
ae07dc,2026-09-21 05:27:26.686747,RCH745,93-0602,0125,30000,51.154633,4.757525,C-17A Globemaster,288,399,160,False,adsb_icao
ae123f,2026-09-21 05:27:26.686752,MOOSE63,04-4134,1146,36000,43.013264,23.435312,C-17A Globemaster,352,404,0,False,mlat
ae63bc,2026-09-21 05:27:26.686758,UNK C/S,20-46080,3275,20500,24.699778,57.545479,KC-46A Pegasus,,,0,False,mode_s
ae0366,2026-09-21 05:27:26.686775,UNK C/S,62-3575,0467,28000,38.500839,138.849396,KC-135R Stratotanker,221,404,0,False,mlat
ae1239,2026-09-21 05:27:26.686779,RCH5001,04-4129,3771,2425,35.636604,139.371826,C-17A Globemaster,347,106,16,False,mlat
ae5fa6,2026-09-21 05:27:26.686790,UNK C/S,11-46059,3263,23025,24.6,55.8,KC-46A Pegasus,,,,False,mode_s
ae07be,2026-09-21 05:27:26.686797,UNK C/S,62-3578,3431,22000,26.0,51.1,KC-135R Stratotanker,123,466,-32,False,mode_s
aeed5f,2026-09-21 05:28:26.899234,UNK C/S,,0771,11975,35.236977,-99.267105,E-6B TACAMO,88,313,-44,False,mlat
aee668,2026-09-21 05:28:26.899250,UNK C/S,,2243,3325,35.612438,-97.228035,E-6B TACAMO,287,205,-758,False,mlat
ae065e,2026-09-21 05:28:26.899256,UNK C/S,60-0332,5355,9400,43.295155,-70.747704,KC-135R Stratotanker,39,297,1948,False,mlat
ae0568,2026-09-21 05:28:26.899261,RCH9206,86-0011,0754,33000,41.074707,-70.397789,C-5M Galaxy,56,492,0,False,mlat
ae4d69,2026-09-21 05:28:26.899266,RCH145,10-0216,6236,32000,41.041275,-2.259146,C-17A Globemaster,40,448,0,False,mlat
ae07dc,2026-09-21 05:28:26.899271,RCH745,93-0602,0125,30000,51.189026,4.588623,C-17A Globemaster,287,403,32,False,adsb_icao
ae123f,2026-09-21 05:28:26.899299,MOOSE63,04-4134,1146,36000,43.126728,23.406269,C-17A Globemaster,351,417,0,False,mlat
ae0366,2026-09-21 05:28:26.899321,UNK C/S,62-3575,0467,28000,38.40947,138.7547,KC-135R Stratotanker,218,418,0,False,mlat
ae1239,2026-09-21 05:28:26.899325,RCH5001,04-4129,3771,1650,35.66589,139.36525,C-17A Globemaster,2,118,-509,False,mlat
ae5fa6,2026-09-21 05:28:26.899337,UNK C/S,11-46059,3263,23000,24.6,55.9,KC-46A Pegasus,,,,False,mode_s
ae07be,2026-09-21 05:28:26.899344,UNK C/S,62-3578,3431,22000,25.3,52.5,KC-135R Stratotanker,123,466,0,False,mode_s
ae63bc,2026-09-21 05:28:26.899349,UNK C/S,20-46080,3275,20500,25.2,56.6,KC-46A Pegasus,,,,False,mode_s
aeed5f,2026-09-21 05:29:27.109551,UNK C/S,,0771,12000,35.180367,-99.208443,E-6B TACAMO,183,419,-44,False,mlat
aee668,2026-09-21 05:29:27.109568,UNK C/S,,2243,3000,35.628822,-97.294868,E-6B TACAMO,286,191,-156,False,mlat
ae065e,2026-09-21 05:29:27.109574,UNK C/S,60-0332,5355,10200,43.363571,-70.677177,KC-135R Stratotanker,38,337,662,False,mlat
ae0568,2026-09-21 05:29:27.109578,RCH9206,86-0011,0754,33000,41.155273,-70.247604,C-5M Galaxy,55,508,0,False,mlat
ae07dc,2026-09-21 05:29:27.109586,RCH745,93-0602,0125,30000,51.223206,4.419547,C-17A Globemaster,287,403,-64,False,adsb_icao
ae123f,2026-09-21 05:29:27.109591,MOOSE63,04-4134,1146,36000,43.235806,23.39098,C-17A Globemaster,352,417,0,False,mlat
ae63bc,2026-09-21 05:29:27.109597,UNK C/S,20-46080,3275,20525,24.771765,57.670364,KC-46A Pegasus,,,76,False,mlat
ae0366,2026-09-21 05:29:27.109615,UNK C/S,62-3575,0467,28000,38.323406,138.672211,KC-135R Stratotanker,218,428,0,False,mlat
ae1239,2026-09-21 05:29:27.109620,RCH5001,04-4129,3771,1375,35.695438,139.359955,C-17A Globemaster,349,95,-765,False,mlat
ae4d69,2026-09-21 05:29:27.109632,RCH145,10-0216,6236,32000,39.2,3.4,C-17A Globemaster,,,,False,mode_s
ae5fa6,2026-09-21 05:29:27.109637,UNK C/S,11-46059,3263,22900,24.9,56.0,KC-46A Pegasus,,,,False,mode_s
ae07be,2026-09-21 05:29:27.109645,UNK C/S,62-3578,3431,Unavailable,26.0,52.2,KC-135R Stratotanker,,,,False,mode_s
7cf9c5,2026-09-21 05:29:27.109652,CHGR,A41-213,4534,75,-27.5,153.1,C-17A Globemaster,337,147,,False,mode_s
aeed5f,2026-09-21 05:30:27.312753,UNK C/S,,0771,11975,35.13567,-99.268158,E-6B TACAMO,272,336,-19,False,mlat
aee668,2026-09-21 05:30:27.312770,UNK C/S,,2243,2975,35.639793,-97.352203,E-6B TACAMO,273,144,-53,False,mlat
ae065e,2026-09-21 05:30:27.312776,UNK C/S,60-0332,5355,10875,43.439171,-70.597603,KC-135R Stratotanker,39,367,186,False,mlat
ae0568,2026-09-21 05:30:27.312781,RCH9206,86-0011,0754,33000,41.241131,-70.097183,C-5M Galaxy,53,521,0,False,mlat
ae4d69,2026-09-21 05:30:27.312786,RCH145,10-0216,6236,32000,41.201263,-2.078545,C-17A Globemaster,32,520,0,False,mlat
ae07dc,2026-09-21 05:30:27.312790,RCH745,93-0602,0125,30000,51.257538,4.248294,C-17A Globemaster,287,403,0,False,adsb_icao
ae123f,2026-09-21 05:30:27.312795,MOOSE63,04-4134,1146,36000,43.354923,23.357292,C-17A Globemaster,351,414,0,False,mlat
ae63bc,2026-09-21 05:30:27.312800,UNK C/S,20-46080,3275,20500,24.814232,57.567577,KC-46A Pegasus,,,-76,False,mlat
ae0366,2026-09-21 05:30:27.312817,UNK C/S,62-3575,0467,28000,38.231796,138.581924,KC-135R Stratotanker,217,420,0,False,mlat
ae1239,2026-09-21 05:30:27.312821,RCH5001,04-4129,3771,925,35.724674,139.354095,C-17A Globemaster,353,105,-570,False,mlat
7cf9c5,2026-09-21 05:30:27.312828,CHGR,A41-213,4534,1250,-27.581635,152.698502,C-17A Globemaster,26,188,2688,False,adsb_icao
ae5fa6,2026-09-21 05:30:27.312836,UNK C/S,11-46059,3263,23025,24.7,56.8,KC-46A Pegasus,,,,False,mode_s
ae07be,2026-09-21 05:30:27.312844,UNK C/S,62-3578,3431,Unavailable,24.0,55.8,KC-135R Stratotanker,123,466,,False,mode_s
aeed5f,2026-09-21 05:31:27.500732,UNK C/S,,0771,12000,35.180725,-99.350647,E-6B TACAMO,326,315,-2,False,mlat
aee668,2026-09-21 05:31:27.500745,UNK C/S,,2243,3025,35.601418,-97.380173,E-6B TACAMO,189,180,51,False,mlat
ae065e,2026-09-21 05:31:27.500751,UNK C/S,60-0332,5355,10875,43.515858,-70.501534,KC-135R Stratotanker,44,368,0,False,mlat
ae0568,2026-09-21 05:31:27.500756,RCH9206,86-0011,0754,33000,41.303699,-69.932831,C-5M Galaxy,62,512,0,False,mlat
ae07dc,2026-09-21 05:31:27.500761,RCH745,93-0602,0125,30000,51.291183,4.078674,C-17A Globemaster,287,405,-128,False,adsb_icao
ae123f,2026-09-21 05:31:27.500766,MOOSE63,04-4134,1146,36000,43.467915,23.331713,C-17A Globemaster,351,409,0,False,mlat
ae63bc,2026-09-21 05:31:27.500771,UNK C/S,20-46080,3275,20500,24.773746,57.447479,KC-46A Pegasus,203,333,0,False,mlat
7cf925,2026-09-21 05:31:27.500780,ASY753,A41-211,1062,34025,-6.884995,113.804672,C-17A Globemaster,324,474,32,False,adsb_icao
ae0366,2026-09-21 05:31:27.500791,UNK C/S,62-3575,0467,28000,38.133934,138.480179,KC-135R Stratotanker,220,410,0,False,mlat
7cf9c5,2026-09-21 05:31:27.500798,CHGR,A41-213,4534,3450,-27.582853,152.743713,C-17A Globemaster,154,179,1632,False,adsb_icao
ae4d69,2026-09-21 05:31:27.500805,RCH145,10-0216,6236,32000,39.4,2.4,C-17A Globemaster,,,,False,mode_s
ae5fa6,2026-09-21 05:31:27.500810,UNK C/S,11-46059,3263,23000,24.7,55.9,KC-46A Pegasus,,,,False,mode_s
ae07be,2026-09-21 05:31:27.500817,UNK C/S,62-3578,3431,22000,25.2,55.4,KC-135R Stratotanker,128,466,0,False,mode_s
aeed5f,2026-09-21 05:32:27.713130,UNK C/S,,0771,12000,35.235378,-99.41938,E-6B TACAMO,312,276,-4,False,mlat
aee668,2026-09-21 05:32:27.713142,UNK C/S,,2243,2975,35.554996,-97.382195,E-6B TACAMO,179,159,-76,False,mlat
ae065e,2026-09-21 05:32:27.713148,UNK C/S,60-0332,5355,10875,43.588314,-70.410637,KC-135R Stratotanker,44,352,0,False,mlat
ae0568,2026-09-21 05:32:27.713153,RCH9206,86-0011,0754,33000,41.372532,-69.766052,C-5M Galaxy,71,527,0,False,mlat
ae4d69,2026-09-21 05:32:27.713157,RCH145,10-0216,6236,32000,41.38155,-1.866871,C-17A Globemaster,75,284,0,False,mlat
ae07dc,2026-09-21 05:32:27.713162,RCH745,93-0602,0125,30000,51.324959,3.906937,C-17A Globemaster,287,402,96,False,adsb_icao
ae123f,2026-09-21 05:32:27.713166,MOOSE63,04-4134,1146,36000,43.581364,23.306345,C-17A Globemaster,350,417,0,False,mlat
ae63bc,2026-09-21 05:32:27.713171,UNK C/S,20-46080,3275,20525,24.709959,57.489117,KC-46A Pegasus,162,462,77,False,mlat
7cf925,2026-09-21 05:32:27.713184,ASY753,A41-211,1062,34025,-6.77742,113.726883,C-17A Globemaster,324,474,0,False,adsb_icao
ae0366,2026-09-21 05:32:27.713195,UNK C/S,62-3575,0467,28000,38.047073,138.36525,KC-135R Stratotanker,237,418,0,False,mlat
7cf9c5,2026-09-21 05:32:27.713203,CHGR,A41-213,4534,5325,-27.619263,152.716385,C-17A Globemaster,247,182,1984,False,adsb_icao
ae5fa6,2026-09-21 05:32:27.713211,UNK C/S,11-46059,3263,23000,25.0,55.8,KC-46A Pegasus,,,,False,mode_s
ae07be,2026-09-21 05:32:27.713218,UNK C/S,62-3578,3431,22000,23.9,55.9,KC-135R Stratotanker,139,468,32,False,mode_s
aeed5f,2026-09-21 05:33:27.930973,UNK C/S,,0771,11975,35.239323,-99.513573,E-6B TACAMO,265,290,0,False,mlat
aee668,2026-09-21 05:33:27.930994,UNK C/S,,2243,2650,35.513111,-97.38163,E-6B TACAMO,183,139,-634,False,mlat
ae065e,2026-09-21 05:33:27.931001,UNK C/S,60-0332,5355,10875,43.66423,-70.314812,KC-135R Stratotanker,43,355,0,False,mlat
ae0568,2026-09-21 05:33:27.931007,RCH9206,86-0011,0754,33000,41.422302,-69.598328,C-5M Galaxy,67,516,0,False,mlat
ae4d69,2026-09-21 05:33:27.931012,RCH145,10-0216,6236,32000,41.488995,-1.743147,C-17A Globemaster,30,605,0,False,mlat
ae07dc,2026-09-21 05:33:27.931018,RCH745,93-0602,0125,30000,51.358063,3.737059,C-17A Globemaster,287,404,-64,False,adsb_icao
ae123f,2026-09-21 05:33:27.931024,MOOSE63,04-4134,1146,36000,43.693523,23.281631,C-17A Globemaster,350,417,0,False,mlat
ae63bc,2026-09-21 05:33:27.931031,UNK C/S,20-46080,3275,20500,24.639462,57.514427,KC-46A Pegasus,130,119,0,False,mlat
7cf925,2026-09-21 05:33:27.931046,ASY753,A41-211,1062,34025,-6.670349,113.649467,C-17A Globemaster,324,471,-64,False,adsb_icao
ae0366,2026-09-21 05:33:27.931059,UNK C/S,62-3575,0467,28000,37.994232,138.246933,KC-135R Stratotanker,242,424,0,False,mlat
7cf9c5,2026-09-21 05:33:27.931069,CHGR,A41-213,4534,5950,-27.644022,152.65567,C-17A Globemaster,245,255,960,False,adsb_icao
ae5fa6,2026-09-21 05:33:27.931077,UNK C/S,11-46059,3263,23000,24.9,55.8,KC-46A Pegasus,,,,False,mode_s
ae07be,2026-09-21 05:33:27.931084,UNK C/S,62-3578,3431,22000,25.0,55.0,KC-135R Stratotanker,139,468,0,False,mode_s
aeed5f,2026-09-21 05:34:28.107838,UNK C/S,,0771,12000,35.24033,-99.607658,E-6B TACAMO,270,289,21,False,mlat
aee668,2026-09-21 05:34:28.107852,UNK C/S,,2243,2050,35.474827,-97.381882,E-6B TACAMO,182,131,-598,False,mlat
ae065e,2026-09-21 05:34:28.107857,UNK C/S,60-0332,5355,10875,43.734047,-70.226196,KC-135R Stratotanker,44,344,0,False,mlat
ae0568,2026-09-21 05:34:28.107863,RCH9206,86-0011,0754,33000,41.480892,-69.408257,C-5M Galaxy,65,517,0,False,mlat
ae4d69,2026-09-21 05:34:28.107868,RCH145,10-0216,6236,32000,41.592392,-1.623035,C-17A Globemaster,39,481,0,False,mlat
ae07dc,2026-09-21 05:34:28.107873,RCH745,93-0602,0125,30000,51.391155,3.565674,C-17A Globemaster,287,404,0,False,adsb_icao
ae123f,2026-09-21 05:34:28.107877,MOOSE63,04-4134,1146,36000,43.802532,23.257179,C-17A Globemaster,351,404,0,False,mlat
ae63bc,2026-09-21 05:34:28.107883,UNK C/S,20-46080,3275,20500,24.619997,57.435226,KC-46A Pegasus,271,499,0,False,mlat
7cf925,2026-09-21 05:34:28.107893,ASY753,A41-211,1062,34025,-6.564148,113.572746,C-17A Globemaster,324,471,0,False,adsb_icao
ae0366,2026-09-21 05:34:28.107902,UNK C/S,62-3575,0467,28000,37.937634,138.119125,KC-135R Stratotanker,240,412,0,False,mlat
7cf9c5,2026-09-21 05:34:28.107910,CHGR,A41-213,4534,7400,-27.676098,152.577591,C-17A Globemaster,245,287,1024,False,adsb_icao
ae5fa6,2026-09-21 05:34:28.107918,UNK C/S,11-46059,3263,23000,24.8,56.5,KC-46A Pegasus,,,,False,mode_s
ae07be,2026-09-21 05:34:28.107925,UNK C/S,62-3578,3431,22000,24.8,54.4,KC-135R Stratotanker,139,466,-32,False,mode_s
aeed5f,2026-09-21 05:35:28.332032,UNK C/S,,0771,11975,35.239918,-99.700668,E-6B TACAMO,270,282,-28,False,mlat
aee668,2026-09-21 05:35:28.332044,UNK C/S,,2243,1400,35.435638,-97.380463,E-6B TACAMO,180,139,-493,False,mlat
ae065e,2026-09-21 05:35:28.332049,UNK C/S,60-0332,5355,10875,43.810699,-70.129547,KC-135R Stratotanker,42,352,-84,False,mlat
ae0568,2026-09-21 05:35:28.332054,RCH9206,86-0011,0754,33000,41.538677,-69.243393,C-5M Galaxy,65,526,0,False,mlat
ae20c4,2026-09-21 05:35:28.332059,RCH234,07-7183,0703,1500,14.720004,-17.073622,C-17A Globemaster,358,195,704,False,adsb_icao
ae4d69,2026-09-21 05:35:28.332063,RCH145,10-0216,6236,32000,41.677441,-1.52338,C-17A Globemaster,,,0,False,mlat
ae07dc,2026-09-21 05:35:28.332067,RCH745,93-0602,0125,30000,51.424301,3.392474,C-17A Globemaster,286,408,-128,False,adsb_icao
ae123f,2026-09-21 05:35:28.332071,MOOSE63,04-4134,1146,36000,43.912746,23.20347,C-17A Globemaster,334,407,0,False,mlat
ae63bc,2026-09-21 05:35:28.332077,UNK C/S,20-46080,3275,20500,24.695866,57.405449,KC-46A Pegasus,38,312,0,False,mlat
7cf925,2026-09-21 05:35:28.332086,ASY753,A41-211,1062,34025,-6.457031,113.495377,C-17A Globemaster,324,472,0,False,adsb_icao
ae0366,2026-09-21 05:35:28.332095,UNK C/S,62-3575,0467,28000,37.871223,137.975494,KC-135R Stratotanker,241,433,0,False,mlat
7cf9c5,2026-09-21 05:35:28.332103,CHGR,A41-213,4534,8850,-27.699558,152.494354,C-17A Globemaster,285,275,1952,False,adsb_icao
ae5fa6,2026-09-21 05:35:28.332109,UNK C/S,11-46059,3263,23000,25.2,56.3,KC-46A Pegasus,,,,False,mode_s
ae07be,2026-09-21 05:35:28.332116,UNK C/S,62-3578,3431,22000,24.1,55.7,KC-135R Stratotanker,139,464,-160,False,mode_s
aeed5f,2026-09-21 05:36:28.517690,UNK C/S,,0771,11950,35.242847,-99.786766,E-6B TACAMO,271,259,11,False,mlat
aee668,2026-09-21 05:36:28.517702,UNK C/S,,2243,1725,35.396858,-97.381905,E-6B TACAMO,181,129,1428,False,mlat
ae065e,2026-09-21 05:36:28.517708,UNK C/S,60-0332,5355,10875,43.88084,-70.040215,KC-135R Stratotanker,42,346,0,False,mlat
ae0568,2026-09-21 05:36:28.517713,RCH9206,86-0011,0754,33000,41.57983,-69.08989,C-5M Galaxy,69,520,0,False,mlat
ae20c4,2026-09-21 05:36:28.517718,RCH234,07-7183,0703,2625,14.778706,-17.087885,C-17A Globemaster,309,254,1152,False,adsb_icao
ae4d69,2026-09-21 05:36:28.517722,RCH145,10-0216,6236,32000,41.776676,-1.410054,C-17A Globemaster,41,444,0,False,mlat
ae07dc,2026-09-21 05:36:28.517727,RCH745,93-0602,0125,30000,51.444397,3.212387,C-17A Globemaster,271,423,-160,False,adsb_icao
ae123f,2026-09-21 05:36:28.517731,MOOSE63,04-4134,1146,36000,44.013489,23.144688,C-17A Globemaster,337,416,0,False,mlat
ae63bc,2026-09-21 05:36:28.517737,UNK C/S,20-46080,3275,20500,24.715614,57.458496,KC-46A Pegasus,64,631,0,False,mlat
7cf925,2026-09-21 05:36:28.517746,ASY753,A41-211,1062,34025,-6.349823,113.417961,C-17A Globemaster,324,473,-64,False,adsb_icao
ae0366,2026-09-21 05:36:28.517756,UNK C/S,62-3575,0467,28000,37.813896,137.843079,KC-135R Stratotanker,239,407,0,False,mlat
7cf9c5,2026-09-21 05:36:28.517763,CHGR,A41-213,4534,10875,-27.644907,152.431976,C-17A Globemaster,318,292,1952,False,adsb_icao
ae5fa6,2026-09-21 05:36:28.517771,UNK C/S,11-46059,3263,23000,24.7,56.0,KC-46A Pegasus,,,,False,mode_s
ae07be,2026-09-21 05:36:28.517777,UNK C/S,62-3578,3431,24850,24.1,55.7,KC-135R Stratotanker,139,460,3808,False,mode_s
aeed5f,2026-09-21 05:37:28.767096,UNK C/S,,0771,11900,35.241913,-99.890251,E-6B TACAMO,273,274,0,False,mlat
aee668,2026-09-21 05:37:28.767108,UNK C/S,,2243,2975,35.388741,-97.344902,E-6B TACAMO,32,261,951,False,mlat
ae065e,2026-09-21 05:37:28.767114,UNK C/S,60-0332,5355,10875,43.952568,-69.947876,KC-135R Stratotanker,41,346,0,False,mlat
ae0568,2026-09-21 05:37:28.767119,RCH9206,86-0011,0754,33000,41.640354,-68.877678,C-5M Galaxy,70,531,0,False,mlat
ae20c4,2026-09-21 05:37:28.767124,RCH234,07-7183,0703,4050,14.75441,-17.154251,C-17A Globemaster,223,276,1920,False,adsb_icao
ae4d69,2026-09-21 05:37:28.767128,RCH145,10-0216,6236,32000,41.815903,-1.363256,C-17A Globemaster,41,448,0,False,mlat
ae07dc,2026-09-21 05:37:28.767132,RCH745,93-0602,0125,30000,51.444878,3.02124,C-17A Globemaster,269,427,-448,False,adsb_icao
ae123f,2026-09-21 05:37:28.767137,MOOSE63,04-4134,1146,36000,44.117641,23.083181,C-17A Globemaster,337,387,0,False,mlat
ae63bc,2026-09-21 05:37:28.767142,UNK C/S,20-46080,3275,20500,24.645224,57.529221,KC-46A Pegasus,166,186,0,False,mlat
7cf925,2026-09-21 05:37:28.767152,ASY753,A41-211,1062,34025,-6.275116,113.364059,C-17A Globemaster,324,473,0,False,adsb_icao
ae0366,2026-09-21 05:37:28.767161,UNK C/S,62-3575,0467,28000,37.757156,137.715546,KC-135R Stratotanker,243,396,0,False,mlat
7cf9c5,2026-09-21 05:37:28.767169,CHGR,A41-213,4534,12900,-27.581503,152.369171,C-17A Globemaster,318,303,1984,False,adsb_icao
ae5fa6,2026-09-21 05:37:28.767176,UNK C/S,11-46059,3263,23000,25.0,55.8,KC-46A Pegasus,,,,False,mode_s
ae07be,2026-09-21 05:37:28.767184,UNK C/S,62-3578,3431,27925,24.8,54.5,KC-135R Stratotanker,125,466,1824,False,mode_s
aeed5f,2026-09-21 05:38:28.975311,UNK C/S,,0771,11900,35.241447,-99.979881,E-6B TACAMO,271,262,-21,False,mlat
aee668,2026-09-21 05:38:28.975322,UNK C/S,,2243,3075,35.441948,-97.337997,E-6B TACAMO,359,153,58,False,mlat
ae065e,2026-09-21 05:38:28.975328,UNK C/S,60-0332,5355,10875,44.021622,-69.856049,KC-135R Stratotanker,47,340,0,False,mlat
ae0568,2026-09-21 05:38:28.975333,RCH9206,86-0011,0754,33000,41.689484,-68.704407,C-5M Galaxy,69,524,64,False,other
ae20c4,2026-09-21 05:38:28.975338,RCH234,07-7183,0703,5775,14.697006,-17.209608,C-17A Globemaster,225,292,1440,False,adsb_icao
ae4d69,2026-09-21 05:38:28.975342,RCH145,10-0216,6236,32000,41.929104,-1.231004,C-17A Globemaster,41,425,0,False,mlat
ae07dc,2026-09-21 05:38:28.975346,RCH745,93-0602,0125,30000,51.444736,2.833481,C-17A Globemaster,269,427,-64,False,adsb_icao
ae123f,2026-09-21 05:38:28.975350,MOOSE63,04-4134,1146,36000,44.219757,23.023415,C-17A Globemaster,338,411,0,False,mlat
ae63bc,2026-09-21 05:38:28.975356,UNK C/S,20-46080,3275,20500,24.615381,57.434029,KC-46A Pegasus,252,641,0,False,mlat
7cf925,2026-09-21 05:38:28.975365,ASY753,A41-211,1062,34000,-6.228836,113.318253,C-17A Globemaster,,,,False,adsb_icao
ae0366,2026-09-21 05:38:28.975375,UNK C/S,62-3575,0467,28000,37.696655,137.608658,KC-135R Stratotanker,233,438,0,False,mlat
7cf9c5,2026-09-21 05:38:28.975382,CHGR,A41-213,4534,14900,-27.517639,152.306427,C-17A Globemaster,318,308,2016,False,adsb_icao
ae5fa6,2026-09-21 05:38:28.975390,UNK C/S,11-46059,3263,23000,24.6,55.8,KC-46A Pegasus,,,,False,mode_s
ae07be,2026-09-21 05:38:28.975396,UNK C/S,62-3578,3431,28000,24.1,55.7,KC-135R Stratotanker,123,484,0,False,mode_s
aeed5f,2026-09-21 05:39:29.203944,UNK C/S,,0771,11900,35.240547,-100.074547,E-6B TACAMO,270,278,88,False,mlat
aee668,2026-09-21 05:39:29.203956,UNK C/S,,2243,2600,35.479069,-97.352753,E-6B TACAMO,295,157,-808,False,mlat
ae065e,2026-09-21 05:39:29.203962,UNK C/S,60-0332,5355,10875,44.095634,-69.764015,KC-135R Stratotanker,44,349,0,False,mlat
ae0568,2026-09-21 05:39:29.203967,RCH9206,86-0011,0754,33000,41.749374,-68.518913,C-5M Galaxy,66,510,0,False,mlat
ae20c4,2026-09-21 05:39:29.203972,RCH234,07-7183,0703,7600,14.639374,-17.271881,C-17A Globemaster,226,300,2400,False,adsb_icao
ae07dc,2026-09-21 05:39:29.203977,RCH745,93-0602,0125,30000,51.444508,2.641983,C-17A Globemaster,269,428,0,False,adsb_icao
ae123f,2026-09-21 05:39:29.203982,MOOSE63,04-4134,1146,36000,44.320633,22.963491,C-17A Globemaster,336,414,0,False,mlat
7cf925,2026-09-21 05:39:29.203992,ASY753,A41-211,1062,34025,-6.119476,113.175659,C-17A Globemaster,,,,False,adsb_icao
ae0366,2026-09-21 05:39:29.204002,UNK C/S,62-3575,0467,28000,37.646564,137.473694,KC-135R Stratotanker,240,441,0,False,mlat
7cf9c5,2026-09-21 05:39:29.204009,CHGR,A41-213,4534,16500,-27.450394,152.24025,C-17A Globemaster,318,328,1472,False,adsb_icao
ae4d69,2026-09-21 05:39:29.204016,RCH145,10-0216,6236,32000,42.0,-0.9,C-17A Globemaster,,,,False,mode_s
ae5fa6,2026-09-21 05:39:29.204021,UNK C/S,11-46059,3263,23000,25.1,56.1,KC-46A Pegasus,,,,False,mode_s
ae07be,2026-09-21 05:39:29.204028,UNK C/S,62-3578,3431,28000,24.2,55.7,KC-135R Stratotanker,123,480,64,False,mode_s
ae63bc,2026-09-21 05:39:29.204033,UNK C/S,20-46080,3275,20500,25.2,55.6,KC-46A Pegasus,,,,False,mode_s
aeed5f,2026-09-21 05:40:29.410898,UNK C/S,,0771,11900,35.24147,-100.169647,E-6B TACAMO,269,289,39,False,mlat
aee668,2026-09-21 05:40:29.410909,UNK C/S,,2243,1725,35.454575,-97.381744,E-6B TACAMO,178,162,-721,False,mlat
ae065e,2026-09-21 05:40:29.410915,UNK C/S,60-0332,5355,10875,44.165276,-69.674538,KC-135R Stratotanker,42,345,0,False,mlat
ae0568,2026-09-21 05:40:29.410920,RCH9206,86-0011,0754,33000,41.768158,-68.462837,C-5M Galaxy,67,520,0,False,mlat
ae20c4,2026-09-21 05:40:29.410925,RCH234,07-7183,0703,9950,14.581924,-17.335241,C-17A Globemaster,226,303,2176,False,adsb_icao
ae07dc,2026-09-21 05:40:29.410929,RCH745,93-0602,0125,30000,51.443985,2.451287,C-17A Globemaster,269,430,64,False,adsb_icao
ae123f,2026-09-21 05:40:29.410934,MOOSE63,04-4134,1146,36000,44.421684,22.902811,C-17A Globemaster,336,403,0,False,mlat
ae63bc,2026-09-21 05:40:29.410939,UNK C/S,20-46080,3275,20500,24.741297,57.488934,KC-46A Pegasus,76,315,-67,False,mlat
ae0366,2026-09-21 05:40:29.410953,UNK C/S,62-3575,0467,28000,37.584248,137.366684,KC-135R Stratotanker,239,431,0,False,mlat
7cf9c5,2026-09-21 05:40:29.410960,CHGR,A41-213,4534,18025,-27.381638,152.172821,C-17A Globemaster,318,323,1536,False,adsb_icao
ae5fa6,2026-09-21 05:40:29.410967,UNK C/S,11-46059,3263,23000,24.9,56.3,KC-46A Pegasus,,,,False,mode_s
ae07be,2026-09-21 05:40:29.410978,UNK C/S,62-3578,3431,28000,25.1,55.1,KC-135R Stratotanker,122,488,192,False,mode_s
ae4d69,2026-09-21 05:40:29.410983,RCH145,10-0216,6236,32000,40.7,1.3,C-17A Globemaster,,,,False,mode_s
aeed5f,2026-09-21 05:41:29.604121,UNK C/S,,0771,11925,35.241665,-100.263618,E-6B TACAMO,270,244,-7,False,mlat
aee668,2026-09-21 05:41:29.604133,UNK C/S,,2243,1250,35.432098,-97.381119,E-6B TACAMO,175,130,-659,False,mlat
ae065e,2026-09-21 05:41:29.604138,UNK C/S,60-0332,5355,10875,44.236145,-69.582596,KC-135R Stratotanker,43,344,0,False,mlat
ae0568,2026-09-21 05:41:29.604143,RCH9206,86-0011,0754,33000,41.819065,-68.302795,C-5M Galaxy,70,531,0,False,mode_s
ae20c4,2026-09-21 05:41:29.604148,RCH234,07-7183,0703,11125,14.526947,-17.395288,C-17A Globemaster,226,343,1792,False,adsb_icao
ae07dc,2026-09-21 05:41:29.604152,RCH745,93-0602,0125,30000,51.443203,2.26059,C-17A Globemaster,269,430,0,False,adsb_icao
ae123f,2026-09-21 05:41:29.604156,MOOSE63,04-4134,1146,36000,44.526363,22.838943,C-17A Globemaster,336,407,0,False,mlat
ae63bc,2026-09-21 05:41:29.604162,UNK C/S,20-46080,3275,20500,24.784369,57.56805,KC-46A Pegasus,40,1096,0,False,mlat
ae0366,2026-09-21 05:41:29.604175,UNK C/S,62-3575,0467,28000,37.519543,137.183456,KC-135R Stratotanker,243,460,0,False,mlat
7cf9c5,2026-09-21 05:41:29.604183,CHGR,A41-213,4534,19550,-27.313522,152.105927,C-17A Globemaster,318,323,1440,False,adsb_icao
ae5fa6,2026-09-21 05:41:29.604190,UNK C/S,11-46059,3263,23000,24.8,55.5,KC-46A Pegasus,,,,False,mode_s
ae07be,2026-09-21 05:41:29.604201,UNK C/S,62-3578,3431,28025,24.5,55.5,KC-135R Stratotanker,122,490,160,False,mode_s
ae4d69,2026-09-21 05:41:29.604205,RCH145,10-0216,6236,32000,41.1,3.8,C-17A Globemaster,,,,False,mode_s
aeed5f,2026-09-21 05:42:29.788597,UNK C/S,,0771,11925,35.242214,-100.360886,E-6B TACAMO,271,295,27,False,mlat
aee668,2026-09-21 05:42:29.788609,UNK C/S,,2243,2700,35.376274,-97.368866,E-6B TACAMO,130,192,1626,False,mlat
ae065e,2026-09-21 05:42:29.788615,UNK C/S,60-0332,5355,10875,44.308411,-69.489189,KC-135R Stratotanker,42,353,0,False,mlat
ae0568,2026-09-21 05:42:29.788620,RCH9206,86-0011,0754,33000,41.860142,-68.165863,C-5M Galaxy,67,510,0,False,mode_s
ae20c4,2026-09-21 05:42:29.788625,RCH234,07-7183,0703,13025,14.472067,-17.455011,C-17A Globemaster,226,347,2048,False,adsb_icao
ae4d69,2026-09-21 05:42:29.788629,RCH145,10-0216,6236,32000,42.319553,-0.767977,C-17A Globemaster,,,0,False,mlat
ae07dc,2026-09-21 05:42:29.788634,RCH745,93-0602,0125,30000,51.442108,2.069216,C-17A Globemaster,269,429,-96,False,adsb_icao
ae123f,2026-09-21 05:42:29.788639,MOOSE63,04-4134,1146,36000,44.621658,22.783752,C-17A Globemaster,336,419,0,False,mlat
ae63bc,2026-09-21 05:42:29.788645,UNK C/S,20-46080,3275,20500,24.764849,57.648872,KC-46A Pegasus,146,325,0,False,mlat
ae0366,2026-09-21 05:42:29.788658,UNK C/S,62-3575,0467,28000,37.458218,137.057556,KC-135R Stratotanker,243,382,0,False,mlat
7cf9c5,2026-09-21 05:42:29.788666,CHGR,A41-213,4534,20750,-27.244583,152.038391,C-17A Globemaster,318,333,1024,False,adsb_icao
ae5fa6,2026-09-21 05:42:29.788673,UNK C/S,11-46059,3263,23025,25.0,55.8,KC-46A Pegasus,,,,False,mode_s
ae07be,2026-09-21 05:42:29.788685,UNK C/S,62-3578,3431,28000,24.5,55.5,KC-135R Stratotanker,122,490,0,False,mode_s
aeed5f,2026-09-21 05:43:29.977048,UNK C/S,,0771,11900,35.242973,-100.44957,E-6B TACAMO,270,287,-44,False,mlat
aee668,2026-09-21 05:43:29.977064,UNK C/S,,2243,3000,35.403809,-97.324829,E-6B TACAMO,355,241,26,False,mlat
ae065e,2026-09-21 05:43:29.977070,UNK C/S,60-0332,5355,10875,44.378075,-69.397423,KC-135R Stratotanker,37,376,0,False,mlat
ae20c4,2026-09-21 05:43:29.977076,RCH234,07-7183,0703,15250,14.392974,-17.540974,C-17A Globemaster,226,360,1920,False,adsb_icao
ae4d69,2026-09-21 05:43:29.977080,RCH145,10-0216,6236,32000,42.371075,-0.707314,C-17A Globemaster,42,430,0,False,mlat
ae07dc,2026-09-21 05:43:29.977085,RCH745,93-0602,0125,30000,51.440735,1.878052,C-17A Globemaster,269,429,-64,False,adsb_icao
ae123f,2026-09-21 05:43:29.977090,MOOSE63,04-4134,1146,36000,44.731556,22.718363,C-17A Globemaster,336,425,0,False,mlat
ae63bc,2026-09-21 05:43:29.977096,UNK C/S,20-46080,3275,20500,24.685146,57.641045,KC-46A Pegasus,212,522,0,False,mlat
ae0366,2026-09-21 05:43:29.977113,UNK C/S,62-3575,0467,28000,37.40052,136.928436,KC-135R Stratotanker,239,388,0,False,mlat
7cf9c5,2026-09-21 05:43:29.977122,CHGR,A41-213,4534,21025,-27.174543,151.96907,C-17A Globemaster,314,336,-64,False,adsb_icao
ae5fa6,2026-09-21 05:43:29.977130,UNK C/S,11-46059,3263,23000,25.5,56.2,KC-46A Pegasus,,,,False,mode_s
ae0568,2026-09-21 05:43:29.977140,RCH9206,86-0011,0754,33000,42.9,-70.0,C-5M Galaxy,,,,False,mode_s
ae07be,2026-09-21 05:43:29.977145,UNK C/S,62-3578,3431,28000,24.7,55.3,KC-135R Stratotanker,122,486,-256,False,mode_s
aeed5f,2026-09-21 05:44:30.152090,UNK C/S,,0771,11900,35.242435,-100.535156,E-6B TACAMO,270,267,-16,False,mlat
aee668,2026-09-21 05:44:30.152103,UNK C/S,,2243,2975,35.454857,-97.326134,E-6B TACAMO,359,155,-1,False,mlat
ae065e,2026-09-21 05:44:30.152108,UNK C/S,60-0332,5355,10875,44.462425,-69.339439,KC-135R Stratotanker,19,342,0,False,mlat
ae07dc,2026-09-21 05:44:30.152115,RCH745,93-0602,0125,30000,51.438995,1.688628,C-17A Globemaster,269,432,-480,False,adsb_icao
ae123f,2026-09-21 05:44:30.152120,MOOSE63,04-4134,1146,36000,44.840549,22.651684,C-17A Globemaster,336,428,0,False,mlat
ae63bc,2026-09-21 05:44:30.152126,UNK C/S,20-46080,3275,20500,24.629332,57.671421,KC-46A Pegasus,184,617,0,False,mlat
ae0366,2026-09-21 05:44:30.152140,UNK C/S,62-3575,0467,28000,37.339249,136.805069,KC-135R Stratotanker,235,449,0,False,mlat
7cf9c5,2026-09-21 05:44:30.152148,CHGR,A41-213,4534,21025,-27.142143,151.872513,C-17A Globemaster,281,337,0,False,adsb_icao
ae5fa6,2026-09-21 05:44:30.152155,UNK C/S,11-46059,3263,22975,25.1,56.6,KC-46A Pegasus,,,,False,mode_s
ae0568,2026-09-21 05:44:30.152165,RCH9206,86-0011,0754,33000,42.9,-70.0,C-5M Galaxy,,,,False,mode_s
ae07be,2026-09-21 05:44:30.152171,UNK C/S,62-3578,3431,28000,24.1,55.8,KC-135R Stratotanker,123,484,-160,False,mode_s
ae4d69,2026-09-21 05:44:30.152175,RCH145,10-0216,6236,32000,41.7,3.3,C-17A Globemaster,,,,False,mode_s
aeed5f,2026-09-21 05:45:30.554763,UNK C/S,,0771,11900,35.233521,-100.634666,E-6B TACAMO,263,287,-3,False,mlat
aee668,2026-09-21 05:45:30.554779,UNK C/S,,2243,2475,35.485153,-97.350761,E-6B TACAMO,272,181,-659,False,mlat
ae065e,2026-09-21 05:45:30.554786,UNK C/S,60-0332,5355,10650,44.553432,-69.292732,KC-135R Stratotanker,21,320,-517,False,mlat
ae07dc,2026-09-21 05:45:30.554793,RCH745,93-0602,0125,30000,51.436962,1.494827,C-17A Globemaster,268,432,0,False,adsb_icao
ae123f,2026-09-21 05:45:30.554798,MOOSE63,04-4134,1146,36000,44.950012,22.586678,C-17A Globemaster,337,420,0,False,mlat
ae63bc,2026-09-21 05:45:30.554804,UNK C/S,20-46080,3275,20525,25.333998,55.101871,KC-46A Pegasus,,,107,False,mlat
ae0366,2026-09-21 05:45:30.554822,UNK C/S,62-3575,0467,28000,37.271736,136.685638,KC-135R Stratotanker,239,445,0,False,mlat
7cf9c5,2026-09-21 05:45:30.554831,CHGR,A41-213,4534,20350,-27.122217,151.762711,C-17A Globemaster,281,389,-928,False,adsb_icao
ae5fa6,2026-09-21 05:45:30.554839,UNK C/S,11-46059,3263,23000,25.0,56.7,KC-46A Pegasus,,,,False,mode_s
ae0568,2026-09-21 05:45:30.554849,RCH9206,86-0011,0754,33000,43.3,-69.8,C-5M Galaxy,,,,False,mode_s
ae07be,2026-09-21 05:45:30.554855,UNK C/S,62-3578,3431,28000,24.6,55.2,KC-135R Stratotanker,117,482,0,False,mode_s
ae4d69,2026-09-21 05:45:30.554859,RCH145,10-0216,6236,32000,43.6,0.2,C-17A Globemaster,,,,False,mode_s
aeed5f,2026-09-21 05:46:30.744384,UNK C/S,,0771,11925,35.241585,-100.724411,E-6B TACAMO,271,281,-15,False,mlat
aee668,2026-09-21 05:46:30.744397,UNK C/S,,2243,1775,35.461163,-97.38047,E-6B TACAMO,173,148,-495,False,mlat
ae065e,2026-09-21 05:46:30.744403,UNK C/S,60-0332,5355,9900,44.631557,-69.251999,KC-135R Stratotanker,23,275,-990,False,mlat
ae4d69,2026-09-21 05:46:30.744409,RCH145,10-0216,2315,32000,42.67894,-0.334765,C-17A Globemaster,,,0,False,mlat
ae07dc,2026-09-21 05:46:30.744414,RCH745,93-0602,0125,30000,51.434589,1.301804,C-17A Globemaster,268,433,64,False,adsb_icao
ae123f,2026-09-21 05:46:30.744418,MOOSE63,04-4134,1146,36000,45.059868,22.520254,C-17A Globemaster,337,407,0,False,mlat
ae07be,2026-09-21 05:46:30.744424,UNK C/S,62-3578,3431,28000,24.504217,54.409599,KC-135R Stratotanker,103,484,-160,False,mlat
ae63bc,2026-09-21 05:46:30.744429,UNK C/S,20-46080,3275,20575,24.736889,57.723995,KC-46A Pegasus,335,605,5,False,mlat
ae0366,2026-09-21 05:46:30.744442,UNK C/S,62-3575,0467,28000,37.215977,136.541977,KC-135R Stratotanker,232,409,0,False,mlat
7cf9c5,2026-09-21 05:46:30.744450,CHGR,A41-213,4534,20000,-27.09992,151.639267,C-17A Globemaster,281,407,0,False,adsb_icao
ae5fa6,2026-09-21 05:46:30.744458,UNK C/S,11-46059,3263,23025,25.0,56.6,KC-46A Pegasus,,,,False,mode_s
ae0568,2026-09-21 05:46:30.744467,RCH9206,86-0011,0754,33000,42.7,-70.3,C-5M Galaxy,,,,False,mode_s
aeed5f,2026-09-21 05:47:30.929242,UNK C/S,,0771,11925,35.240383,-100.819458,E-6B TACAMO,262,260,22,False,mlat
aee668,2026-09-21 05:47:30.929254,UNK C/S,,2243,1175,35.434628,-97.382454,E-6B TACAMO,177,114,-667,False,mlat
ae065e,2026-09-21 05:47:30.929260,UNK C/S,60-0332,5355,8475,44.70499,-69.217827,KC-135R Stratotanker,18,308,-1494,False,mlat
ae4d69,2026-09-21 05:47:30.929267,RCH145,10-0216,2315,32000,42.749104,-0.206867,C-17A Globemaster,,,0,False,mlat
ae07dc,2026-09-21 05:47:30.929272,RCH745,93-0602,0125,30000,51.431854,1.108357,C-17A Globemaster,268,436,-224,False,adsb_icao
ae123f,2026-09-21 05:47:30.929309,MOOSE63,04-4134,1146,36000,45.158451,22.459188,C-17A Globemaster,337,414,0,False,mlat
ae63bc,2026-09-21 05:47:30.929322,UNK C/S,20-46080,3275,20800,24.764225,57.601307,KC-46A Pegasus,270,411,677,False,mlat
7cf9c4,2026-09-21 05:47:30.929343,ASY736,A41-212,1034,27325,-10.9138,130.43103,C-17A Globemaster,162,470,-1952,False,adsb_icao
ae0366,2026-09-21 05:47:30.929348,UNK C/S,62-3575,0467,28000,37.16415,136.411041,KC-135R Stratotanker,246,417,0,False,mlat
7cf9c5,2026-09-21 05:47:30.929357,CHGR,A41-213,4534,20000,-27.077087,151.514633,C-17A Globemaster,281,409,0,False,adsb_icao
ae5fa6,2026-09-21 05:47:30.929365,UNK C/S,11-46059,3263,23000,25.0,56.4,KC-46A Pegasus,,,,False,mode_s
ae0568,2026-09-21 05:47:30.929374,RCH9206,86-0011,0754,33000,43.2,-69.3,C-5M Galaxy,,,,False,mode_s
ae07be,2026-09-21 05:47:30.929380,UNK C/S,62-3578,3431,28000,24.2,55.4,KC-135R Stratotanker,90,482,-96,False,mode_s
aeed5f,2026-09-21 05:48:31.117313,UNK C/S,,0771,11925,35.241776,-100.914604,E-6B TACAMO,268,253,-5,False,mlat
aee668,2026-09-21 05:48:31.117333,UNK C/S,,2243,1975,35.381027,-97.381233,E-6B TACAMO,177,178,1062,False,mlat
ae065e,2026-09-21 05:48:31.117339,UNK C/S,60-0332,5355,7250,44.780151,-69.182236,KC-135R Stratotanker,18,273,-1242,False,mlat
ae4d69,2026-09-21 05:48:31.117345,RCH145,10-0216,2315,32000,42.847729,-0.06366,C-17A Globemaster,,,0,False,mlat
ae07dc,2026-09-21 05:48:31.117350,RCH745,93-0602,0125,30000,51.428833,0.914835,C-17A Globemaster,268,438,-128,False,adsb_icao
ae123f,2026-09-21 05:48:31.117355,MOOSE63,04-4134,1146,36000,45.276093,22.386927,C-17A Globemaster,338,408,0,False,mlat
ae63bc,2026-09-21 05:48:31.117361,UNK C/S,20-46080,3275,20525,24.789722,57.500164,KC-46A Pegasus,272,496,-757,False,mlat
7cf9c4,2026-09-21 05:48:31.117375,ASY736,A41-212,1034,26100,-11.002668,130.458694,C-17A Globemaster,,,,False,adsb_icao
ae0366,2026-09-21 05:48:31.117379,UNK C/S,62-3575,0467,28000,37.094345,136.287979,KC-135R Stratotanker,229,422,0,False,mlat
7cf9c5,2026-09-21 05:48:31.117387,CHGR,A41-213,4534,20025,-27.05374,151.389587,C-17A Globemaster,281,406,0,False,adsb_icao
ae5fa6,2026-09-21 05:48:31.117395,UNK C/S,11-46059,3263,22975,24.7,55.6,KC-46A Pegasus,,,,False,mode_s
ae0568,2026-09-21 05:48:31.117405,RCH9206,86-0011,0754,33000,43.3,-69.0,C-5M Galaxy,,,,False,mode_s
ae07be,2026-09-21 05:48:31.117410,UNK C/S,62-3578,3431,28000,24.5,55.3,KC-135R Stratotanker,86,426,64,False,mode_s
aeed5f,2026-09-21 05:49:31.298204,UNK C/S,,0771,11925,35.240231,-101.002419,E-6B TACAMO,269,280,14,False,mlat
aee668,2026-09-21 05:49:31.298221,UNK C/S,,2243,2500,35.383965,-97.339767,E-6B TACAMO,21,269,533,False,mlat
ae065e,2026-09-21 05:49:31.298227,UNK C/S,60-0332,5355,5925,44.848866,-69.15284,KC-135R Stratotanker,18,262,-1195,False,mlat
ae4d69,2026-09-21 05:49:31.298233,RCH145,10-0216,2315,32000,42.919621,0.065776,C-17A Globemaster,57,375,0,False,mlat
ae07dc,2026-09-21 05:49:31.298238,RCH745,93-0602,0125,30000,51.425465,0.719604,C-17A Globemaster,268,436,32,False,adsb_icao
ae123f,2026-09-21 05:49:31.298243,MOOSE63,04-4134,1146,36000,45.37944,22.323172,C-17A Globemaster,336,421,0,False,mlat
ae07be,2026-09-21 05:49:31.298249,UNK C/S,62-3578,3431,28000,24.533413,54.808186,KC-135R Stratotanker,40,396,0,False,mlat
ae63bc,2026-09-21 05:49:31.298253,UNK C/S,20-46080,3275,20000,24.828138,57.330696,KC-46A Pegasus,282,518,-6,False,mlat
7cf9c4,2026-09-21 05:49:31.298266,ASY736,A41-212,1034,22300,-11.219694,130.526932,C-17A Globemaster,162,442,-1664,False,adsb_icao
ae0366,2026-09-21 05:49:31.298270,UNK C/S,62-3575,0467,28000,37.043541,136.161133,KC-135R Stratotanker,244,406,0,False,mlat
7cf9c5,2026-09-21 05:49:31.298309,CHGR,A41-213,4534,20025,-27.030441,151.265213,C-17A Globemaster,281,406,0,False,adsb_icao
ae5fa6,2026-09-21 05:49:31.298326,UNK C/S,11-46059,3263,23000,24.6,56.1,KC-46A Pegasus,,,,False,mode_s
ae0568,2026-09-21 05:49:31.298336,RCH9206,86-0011,0754,33000,43.2,-68.9,C-5M Galaxy,,,,False,mode_s
aeed5f,2026-09-21 05:50:31.500954,UNK C/S,,0771,11900,35.241791,-101.097641,E-6B TACAMO,273,276,-26,False,mlat
aee668,2026-09-21 05:50:31.500967,UNK C/S,,2243,3025,35.439156,-97.339241,E-6B TACAMO,0,181,179,False,mlat
ae065e,2026-09-21 05:50:31.500974,UNK C/S,60-0332,5355,4675,44.925228,-69.152931,KC-135R Stratotanker,338,261,-1012,False,mlat
ae4d69,2026-09-21 05:50:31.500980,RCH145,10-0216,2315,32000,42.991737,0.191445,C-17A Globemaster,53,428,0,False,mlat
ae07dc,2026-09-21 05:50:31.500985,RCH745,93-0602,0125,30000,51.421829,0.526379,C-17A Globemaster,268,436,32,False,adsb_icao
ae123f,2026-09-21 05:50:31.500990,MOOSE63,04-4134,1146,36000,45.479759,22.262617,C-17A Globemaster,337,419,0,False,mlat
ae07be,2026-09-21 05:50:31.500996,UNK C/S,62-3578,3431,28000,24.605036,54.88385,KC-135R Stratotanker,39,384,32,False,mlat
ae63bc,2026-09-21 05:50:31.501001,UNK C/S,20-46080,3275,20000,24.852268,57.192505,KC-46A Pegasus,284,496,0,False,mlat
7cf9c4,2026-09-21 05:50:31.501015,ASY736,A41-212,1034,20075,-11.331207,130.561905,C-17A Globemaster,162,445,-2368,False,adsb_icao
ae0366,2026-09-21 05:50:31.501019,UNK C/S,62-3575,0467,28000,36.976223,136.031586,KC-135R Stratotanker,248,450,0,False,mlat
7cf9c5,2026-09-21 05:50:31.501029,CHGR,A41-213,4534,20025,-27.007324,151.141769,C-17A Globemaster,281,405,0,False,adsb_icao
ae5fa6,2026-09-21 05:50:31.501036,UNK C/S,11-46059,3263,23025,24.9,56.0,KC-46A Pegasus,,,,False,mode_s
ae0568,2026-09-21 05:50:31.501047,RCH9206,86-0011,0754,33000,43.5,-68.1,C-5M Galaxy,,,,False,mode_s
aeed5f,2026-09-21 05:51:31.683462,UNK C/S,,0771,11875,35.239922,-101.191742,E-6B TACAMO,269,283,-36,False,mlat
aee668,2026-09-21 05:51:31.683474,UNK C/S,,2243,2875,35.481411,-97.338036,E-6B TACAMO,356,148,-491,False,mlat
ae065e,2026-09-21 05:51:31.683480,UNK C/S,60-0332,5355,3750,44.981632,-69.123825,KC-135R Stratotanker,70,332,-379,False,mlat
ae4d69,2026-09-21 05:51:31.683486,RCH145,10-0216,2315,32000,43.061947,0.314871,C-17A Globemaster,50,462,0,False,mlat
ae07dc,2026-09-21 05:51:31.683490,RCH745,93-0602,0125,30000,51.417801,0.331965,C-17A Globemaster,268,438,0,False,adsb_icao
ae123f,2026-09-21 05:51:31.683496,MOOSE63,04-4134,1146,36000,45.596649,22.190405,C-17A Globemaster,337,421,0,False,mlat
ae07be,2026-09-21 05:51:31.683502,UNK C/S,62-3578,3431,28000,24.707289,54.96064,KC-135R Stratotanker,39,372,0,False,mlat
ae63bc,2026-09-21 05:51:31.683506,UNK C/S,20-46080,3275,20000,24.873446,57.035194,KC-46A Pegasus,279,491,0,False,mlat
7cf9c4,2026-09-21 05:51:31.683519,ASY736,A41-212,1034,18250,-11.421824,130.590439,C-17A Globemaster,162,421,-1664,False,adsb_icao
ae0366,2026-09-21 05:51:31.683523,UNK C/S,62-3575,0467,28000,36.917877,135.904572,KC-135R Stratotanker,232,426,0,False,mlat
7cf9c5,2026-09-21 05:51:31.683530,CHGR,A41-213,4534,20025,-26.984005,151.017914,C-17A Globemaster,281,406,0,False,adsb_icao
ae5fa6,2026-09-21 05:51:31.683538,UNK C/S,11-46059,3263,23025,25.5,56.8,KC-46A Pegasus,,,,False,mode_s
ae0568,2026-09-21 05:51:31.683548,RCH9206,86-0011,0754,33000,43.6,-67.4,C-5M Galaxy,,,,False,mode_s
aeed5f,2026-09-21 05:52:31.895309,UNK C/S,,0771,11900,35.239098,-101.286865,E-6B TACAMO,269,285,-48,False,mlat
aee668,2026-09-21 05:52:31.895321,UNK C/S,,2243,2125,35.48407,-97.377922,E-6B TACAMO,203,178,-690,False,mlat
ae065e,2026-09-21 05:52:31.895327,UNK C/S,60-0332,5355,3800,44.956581,-69.04731,KC-135R Stratotanker,145,186,29,False,mlat
ae07dc,2026-09-21 05:52:31.895333,RCH745,93-0602,0125,30000,51.412991,0.138092,C-17A Globemaster,264,440,0,False,adsb_icao
ae4d69,2026-09-21 05:52:31.895337,RCH145,10-0216,2315,32000,43.143379,0.457749,C-17A Globemaster,53,443,0,False,mlat
ae123f,2026-09-21 05:52:31.895342,MOOSE63,04-4134,1146,36000,45.704933,22.122822,C-17A Globemaster,336,427,0,False,mlat
ae07be,2026-09-21 05:52:31.895348,UNK C/S,62-3578,3431,28000,24.780987,55.035065,KC-135R Stratotanker,40,366,0,False,mlat
ae63bc,2026-09-21 05:52:31.895353,UNK C/S,20-46080,3275,20000,24.901442,56.877563,KC-46A Pegasus,282,500,0,False,mlat
7cf9c4,2026-09-21 05:52:31.895366,ASY736,A41-212,1034,15325,-11.565353,130.63559,C-17A Globemaster,162,417,-2048,False,adsb_icao
ae0366,2026-09-21 05:52:31.895370,UNK C/S,62-3575,0467,28000,36.857941,135.766464,KC-135R Stratotanker,245,445,0,False,mlat
7cf9c5,2026-09-21 05:52:31.895378,CHGR,A41-213,4534,20025,-26.960543,150.89357,C-17A Globemaster,281,406,0,False,adsb_icao
ae5fa6,2026-09-21 05:52:31.895386,UNK C/S,11-46059,3263,23000,25.2,56.6,KC-46A Pegasus,,,,False,mode_s
ae0568,2026-09-21 05:52:31.895403,RCH9206,86-0011,0754,33000,43.9,-66.9,C-5M Galaxy,,,,False,mode_s
aeed5f,2026-09-21 05:53:32.102828,UNK C/S,,0771,11900,35.237991,-101.373116,E-6B TACAMO,271,277,7,False,mlat
aee668,2026-09-21 05:53:32.102840,UNK C/S,,2243,1550,35.446808,-97.382294,E-6B TACAMO,184,122,-739,False,mlat
ae065e,2026-09-21 05:53:32.102846,UNK C/S,60-0332,5355,3300,44.928364,-69.001854,KC-135R Stratotanker,131,147,-844,False,mlat
ae07dc,2026-09-21 05:53:32.102852,RCH745,93-0602,0125,30000,51.388783,-0.054626,C-17A Globemaster,257,442,32,False,adsb_icao
ae4d69,2026-09-21 05:53:32.102856,RCH145,10-0216,2315,32000,43.210491,0.577082,C-17A Globemaster,43,475,0,False,mlat
ae123f,2026-09-21 05:53:32.102861,MOOSE63,04-4134,1146,36000,45.806767,22.05975,C-17A Globemaster,337,412,0,False,mlat
ae07be,2026-09-21 05:53:32.102867,UNK C/S,62-3578,3431,28000,24.862295,55.102024,KC-135R Stratotanker,40,364,0,False,mlat
ae63bc,2026-09-21 05:53:32.102872,UNK C/S,20-46080,3275,19875,24.930693,56.743305,KC-46A Pegasus,284,494,-240,False,mlat
7cf925,2026-09-21 05:53:32.102881,ASY753,A41-211,1062,34025,-4.989258,111.710197,C-17A Globemaster,307,472,,False,adsb_icao
7cf9c4,2026-09-21 05:53:32.102889,ASY736,A41-212,1034,13125,-11.673672,130.669846,C-17A Globemaster,162,392,-2048,False,adsb_icao
ae0366,2026-09-21 05:53:32.102893,UNK C/S,62-3575,0467,28000,36.790791,135.639359,KC-135R Stratotanker,233,416,0,False,mlat
7cf9c5,2026-09-21 05:53:32.102903,CHGR,A41-213,4534,20025,-26.937057,150.769943,C-17A Globemaster,282,405,0,False,adsb_icao
ae5fa6,2026-09-21 05:53:32.102910,UNK C/S,11-46059,3263,23000,24.7,55.8,KC-46A Pegasus,,,,False,mode_s
ae0568,2026-09-21 05:53:32.102920,RCH9206,86-0011,0754,33000,43.4,-67.1,C-5M Galaxy,,,,False,mode_s
aeed5f,2026-09-21 05:54:32.295649,UNK C/S,,0771,11900,35.237534,-101.471954,E-6B TACAMO,269,285,-36,False,mlat
aee668,2026-09-21 05:54:32.295661,UNK C/S,,2243,1275,35.433044,-97.382858,E-6B TACAMO,181,136,-549,False,mlat
ae065e,2026-09-21 05:54:32.295667,UNK C/S,60-0332,5355,2325,44.896484,-68.958984,KC-135R Stratotanker,136,153,-815,False,mlat
ae07dc,2026-09-21 05:54:32.295673,RCH745,93-0602,0125,30000,51.362293,-0.246811,C-17A Globemaster,257,439,0,False,adsb_icao
ae4d69,2026-09-21 05:54:32.295678,RCH145,10-0216,2315,32000,43.287895,0.720734,C-17A Globemaster,53,436,0,False,mlat
ae123f,2026-09-21 05:54:32.295682,MOOSE63,04-4134,1146,36000,45.919708,21.987589,C-17A Globemaster,336,435,0,False,mlat
ae07be,2026-09-21 05:54:32.295689,UNK C/S,62-3578,3431,28000,24.938602,55.176682,KC-135R Stratotanker,40,362,0,False,mlat
ae63bc,2026-09-21 05:54:32.295693,UNK C/S,20-46080,3275,19025,24.95612,56.591099,KC-46A Pegasus,280,469,-856,False,mlat
7cf9c4,2026-09-21 05:54:32.295705,ASY736,A41-212,1034,11850,-11.763245,130.71846,C-17A Globemaster,151,351,-960,False,adsb_icao
ae0366,2026-09-21 05:54:32.295709,UNK C/S,62-3575,0467,28000,36.748638,135.511673,KC-135R Stratotanker,248,445,0,False,mlat
7cf9c5,2026-09-21 05:54:32.295718,CHGR,A41-213,4534,20025,-26.917007,150.645615,C-17A Globemaster,282,406,0,False,adsb_icao
ae5fa6,2026-09-21 05:54:32.295726,UNK C/S,11-46059,3263,23000,24.7,55.7,KC-46A Pegasus,,,,False,mode_s
ae0568,2026-09-21 05:54:32.295735,RCH9206,86-0011,0754,33000,44.0,-65.4,C-5M Galaxy,,,,False,mode_s
aeed5f,2026-09-21 05:55:32.507901,UNK C/S,,0771,11875,35.239296,-101.563858,E-6B TACAMO,269,275,-1,False,mlat
aee668,2026-09-21 05:55:32.507913,UNK C/S,,2243,2200,35.367748,-97.370789,E-6B TACAMO,130,190,765,False,mlat
ae065e,2026-09-21 05:55:32.507918,UNK C/S,60-0332,5355,1475,44.865589,-68.914261,KC-135R Stratotanker,138,157,-818,False,mlat
ae07dc,2026-09-21 05:55:32.507925,RCH745,93-0602,0125,30000,51.335861,-0.436929,C-17A Globemaster,257,439,-32,False,adsb_icao
ae4d69,2026-09-21 05:55:32.507929,RCH145,10-0216,2315,32000,43.363907,0.850995,C-17A Globemaster,53,435,0,False,mlat
ae123f,2026-09-21 05:55:32.507934,MOOSE63,04-4134,1146,36000,46.030602,21.917616,C-17A Globemaster,338,415,0,False,mlat
ae07be,2026-09-21 05:55:32.507941,UNK C/S,62-3578,3431,28000,25.008995,55.237698,KC-135R Stratotanker,34,364,0,False,mlat
ae63bc,2026-09-21 05:55:32.507945,UNK C/S,20-46080,3275,19025,24.991369,56.475845,KC-46A Pegasus,281,506,74,False,mlat
7cf925,2026-09-21 05:55:32.507954,ASY753,A41-211,1062,34025,-4.794275,111.45829,C-17A Globemaster,307,472,,False,adsb_icao
7cf9c4,2026-09-21 05:55:32.507963,ASY736,A41-212,1034,10900,-11.840608,130.761154,C-17A Globemaster,151,312,-1088,False,adsb_icao
ae0366,2026-09-21 05:55:32.507967,UNK C/S,62-3575,0467,28000,36.684837,135.353821,KC-135R Stratotanker,238,423,0,False,mlat
7cf9c5,2026-09-21 05:55:32.507975,CHGR,A41-213,4534,20075,-26.892204,150.521942,C-17A Globemaster,282,401,416,False,adsb_icao
ae5fa6,2026-09-21 05:55:32.507984,UNK C/S,11-46059,3263,23025,24.8,55.6,KC-46A Pegasus,,,,False,mode_s
ae0568,2026-09-21 05:55:32.507993,RCH9206,86-0011,0754,33000,44.5,-65.4,C-5M Galaxy,,,,False,mode_s
aeed5f,2026-09-21 05:56:32.700328,UNK C/S,,0771,11875,35.239212,-101.661911,E-6B TACAMO,279,267,-10,False,mlat
aee668,2026-09-21 05:56:32.700341,UNK C/S,,2243,2850,35.394733,-97.331184,E-6B TACAMO,355,239,509,False,mlat
ae065e,2026-09-21 05:56:32.700347,UNK C/S,60-0332,5355,675,44.837532,-68.872505,KC-135R Stratotanker,132,157,-807,False,mlat
ae07dc,2026-09-21 05:56:32.700353,RCH745,93-0602,0125,30000,51.30899,-0.628077,C-17A Globemaster,257,441,0,False,adsb_icao
ae4d69,2026-09-21 05:56:32.700358,RCH145,10-0216,2315,32000,43.436466,0.982645,C-17A Globemaster,54,428,0,False,mlat
ae123f,2026-09-21 05:56:32.700363,MOOSE63,04-4134,1146,36000,46.137264,21.850931,C-17A Globemaster,337,416,0,False,mlat
ae07be,2026-09-21 05:56:32.700370,UNK C/S,62-3578,3431,28000,25.096727,55.301704,KC-135R Stratotanker,34,366,0,False,mlat
ae63bc,2026-09-21 05:56:32.700374,UNK C/S,20-46080,3275,19025,25.000784,56.299667,KC-46A Pegasus,279,486,78,False,mlat
7cf925,2026-09-21 05:56:32.700383,ASY753,A41-211,1062,34025,-4.77207,111.429588,C-17A Globemaster,307,472,,False,adsb_icao
7cf9c4,2026-09-21 05:56:32.700392,ASY736,A41-212,1034,9850,-11.920259,130.805542,C-17A Globemaster,151,283,-1440,False,adsb_icao
ae0366,2026-09-21 05:56:32.700396,UNK C/S,62-3575,0467,28000,36.622952,135.292664,KC-135R Stratotanker,238,451,0,False,mlat
7cf9c5,2026-09-21 05:56:32.700405,CHGR,A41-213,4534,20150,-26.889038,150.506195,C-17A Globemaster,282,393,416,False,adsb_icao
ae5fa6,2026-09-21 05:56:32.700414,UNK C/S,11-46059,3263,23000,25.1,56.3,KC-46A Pegasus,,,,False,mode_s
ae0568,2026-09-21 05:56:32.700421,RCH9206,86-0011,0754,33000,44.5,-62.5,C-5M Galaxy,,,,False,mode_s
aeed5f,2026-09-21 05:57:32.922736,UNK C/S,,0771,11900,35.307419,-101.693626,E-6B TACAMO,14,361,101,False,mlat
aee668,2026-09-21 05:57:32.922747,UNK C/S,,2243,3050,35.444267,-97.328667,E-6B TACAMO,2,153,6,False,mlat
ae065e,2026-09-21 05:57:32.922753,UNK C/S,60-0332,5355,50,44.821388,-68.849915,KC-135R Stratotanker,134,147,-792,False,mlat
ae07dc,2026-09-21 05:57:32.922759,RCH745,93-0602,0125,30000,51.281799,-0.818778,C-17A Globemaster,257,443,0,False,adsb_icao
ae4d69,2026-09-21 05:57:32.922763,RCH145,10-0216,2315,32000,43.507515,1.109932,C-17A Globemaster,51,435,0,False,mlat
ae123f,2026-09-21 05:57:32.922768,MOOSE63,04-4134,1146,36000,46.24073,21.784403,C-17A Globemaster,336,428,0,False,mlat
ae07be,2026-09-21 05:57:32.922774,UNK C/S,62-3578,3431,28000,25.187063,55.370476,KC-135R Stratotanker,34,368,0,False,mlat
ae63bc,2026-09-21 05:57:32.922778,UNK C/S,20-46080,3275,19000,25.024094,56.159435,KC-46A Pegasus,279,469,-17,False,mlat
7cf9c4,2026-09-21 05:57:32.922789,ASY736,A41-212,1034,8375,-11.990158,130.841675,C-17A Globemaster,153,274,-1568,False,adsb_icao
ae0366,2026-09-21 05:57:32.922793,UNK C/S,62-3575,0467,28000,36.55883,135.155212,KC-135R Stratotanker,237,421,0,False,mlat
ae5fa6,2026-09-21 05:57:32.922806,UNK C/S,11-46059,3263,22975,24.7,56.2,KC-46A Pegasus,,,,False,mode_s
ae0568,2026-09-21 05:57:32.922814,RCH9206,86-0011,0754,33000,44.5,-62.8,C-5M Galaxy,,,,False,mode_s
aeed5f,2026-09-21 05:58:33.110609,UNK C/S,,0771,11875,35.325554,-101.606339,E-6B TACAMO,98,371,24,False,mlat
aee668,2026-09-21 05:58:33.110621,UNK C/S,,2243,2550,35.484226,-97.345909,E-6B TACAMO,291,194,-722,False,mlat
ae07dc,2026-09-21 05:58:33.110628,RCH745,93-0602,0125,30000,51.254154,-1.010513,C-17A Globemaster,257,444,-64,False,adsb_icao
ae4d69,2026-09-21 05:58:33.110632,RCH145,10-0216,2315,32000,43.584534,1.247472,C-17A Globemaster,52,440,0,False,mlat
ae123f,2026-09-21 05:58:33.110637,MOOSE63,04-4134,1146,36000,46.348286,21.715963,C-17A Globemaster,337,421,0,False,mlat
ae07be,2026-09-21 05:58:33.110644,UNK C/S,62-3578,3431,28000,25.242167,55.462818,KC-135R Stratotanker,80,368,-32,False,mlat
ae63bc,2026-09-21 05:58:33.110649,UNK C/S,20-46080,3275,18250,25.049696,56.016571,KC-46A Pegasus,285,469,-816,False,mlat
7cf9c4,2026-09-21 05:58:33.110661,ASY736,A41-212,1034,6875,-12.057914,130.875839,C-17A Globemaster,153,268,-1504,False,adsb_icao
ae0366,2026-09-21 05:58:33.110665,UNK C/S,62-3575,0467,28000,36.478546,135.005997,KC-135R Stratotanker,237,396,0,False,mlat
ae5fa6,2026-09-21 05:58:33.110678,UNK C/S,11-46059,3263,23000,25.0,56.2,KC-46A Pegasus,,,,False,mode_s
ae5386,2026-09-21 05:58:33.110683,UNK C/S,168592,Unavailable,Unavailable,33.5,-119.1,E-2 Hawkeye,,,,False,mode_s
ae0568,2026-09-21 05:58:33.110692,RCH9206,86-0011,0754,33000,44.5,-62.8,C-5M Galaxy,,,,False,mode_s
aeed5f,2026-09-21 05:59:33.299879,UNK C/S,,0771,11900,35.260815,-101.528244,E-6B TACAMO,172,426,-18,False,mlat
aee668,2026-09-21 05:59:33.299891,UNK C/S,,2243,1825,35.464001,-97.380493,E-6B TACAMO,182,163,-514,False,mlat
ae07dc,2026-09-21 05:59:33.299899,RCH745,93-0602,0125,30000,51.226128,-1.202469,C-17A Globemaster,256,444,32,False,adsb_icao
ae4d69,2026-09-21 05:59:33.299904,RCH145,10-0216,2315,32000,43.654175,1.376203,C-17A Globemaster,53,441,0,False,mlat
ae123f,2026-09-21 05:59:33.299909,MOOSE63,04-4134,1146,36000,46.461071,21.644547,C-17A Globemaster,336,434,0,False,mlat
ae07be,2026-09-21 05:59:33.299916,UNK C/S,62-3578,3431,28000,25.22328,55.57349,KC-135R Stratotanker,105,370,96,False,mlat
ae63bc,2026-09-21 05:59:33.299920,UNK C/S,20-46080,3275,18000,25.063923,55.869335,KC-46A Pegasus,273,507,0,False,mlat
7cf9c4,2026-09-21 05:59:33.299932,ASY736,A41-212,1034,5375,-12.124577,130.908798,C-17A Globemaster,153,259,-1600,False,adsb_icao
ae0366,2026-09-21 05:59:33.299936,UNK C/S,62-3575,0467,28000,36.423161,134.874023,KC-135R Stratotanker,237,446,0,False,mlat
ae5fa6,2026-09-21 05:59:33.299960,UNK C/S,11-46059,3263,23025,25.1,56.0,KC-46A Pegasus,,,,False,mode_s
ae0568,2026-09-21 05:59:33.299969,RCH9206,86-0011,0754,33000,44.4,-62.6,C-5M Galaxy,,,,False,mode_s
aeed5f,2026-09-21 06:00:33.482196,UNK C/S,,0771,11900,35.236855,-101.432587,E-6B TACAMO,90,304,6,False,mlat
aee668,2026-09-21 06:00:33.482209,UNK C/S,,2243,1250,35.432735,-97.380951,E-6B TACAMO,181,133,-619,False,mlat
ae07d8,2026-09-21 06:00:33.482216,MCFAMC,92-3294,5171,32048,54.820232,-44.496861,C-17A Globemaster,280,,,False,adsc
ae07dc,2026-09-21 06:00:33.482221,RCH745,93-0602,0125,30000,51.197826,-1.39389,C-17A Globemaster,256,442,32,False,adsb_icao
ae4d69,2026-09-21 06:00:33.482226,RCH145,10-0216,2315,32000,43.729446,1.512853,C-17A Globemaster,53,436,0,False,mlat
ae123f,2026-09-21 06:00:33.482230,MOOSE63,04-4134,1146,36000,46.562714,21.577663,C-17A Globemaster,336,439,0,False,mlat
ae07be,2026-09-21 06:00:33.482237,UNK C/S,62-3578,3431,28000,25.243591,55.666859,KC-135R Stratotanker,28,360,32,False,mlat
ae63bc,2026-09-21 06:00:33.482241,UNK C/S,20-46080,3275,18025,25.061523,55.732056,KC-46A Pegasus,267,469,0,False,mlat
7cf9c4,2026-09-21 06:00:33.482253,ASY736,A41-212,1034,3900,-12.189005,130.942184,C-17A Globemaster,153,262,-1440,False,adsb_icao
ae0366,2026-09-21 06:00:33.482256,UNK C/S,62-3575,0467,28000,36.375298,134.767288,KC-135R Stratotanker,240,421,0,False,mlat
ae5fa6,2026-09-21 06:00:33.482270,UNK C/S,11-46059,3263,23000,25.4,55.6,KC-46A Pegasus,,,,False,mode_s
ae0568,2026-09-21 06:00:33.482302,RCH9206,86-0011,0754,33000,44.6,-62.7,C-5M Galaxy,,,,False,mode_s
aeed5f,2026-09-21 06:01:33.681365,UNK C/S,,0771,11900,35.238846,-101.326859,E-6B TACAMO,86,342,41,False,mlat
aee668,2026-09-21 06:01:33.681382,UNK C/S,,2243,1825,35.387089,-97.382164,E-6B TACAMO,179,188,1151,False,mlat
ae07d8,2026-09-21 06:01:33.681389,MCFAMC,92-3294,5171,32048,54.820232,-44.496861,C-17A Globemaster,280,,,False,adsc
ae07dc,2026-09-21 06:01:33.681395,RCH745,93-0602,0125,30000,51.169056,-1.58577,C-17A Globemaster,256,446,-160,False,adsb_icao
ae4d69,2026-09-21 06:01:33.681399,RCH145,10-0216,2315,32000,43.798351,1.6394,C-17A Globemaster,53,438,0,False,mlat
ae123f,2026-09-21 06:01:33.681404,MOOSE63,04-4134,1146,36000,46.665619,21.511402,C-17A Globemaster,336,416,0,False,mlat
ae63bc,2026-09-21 06:01:33.681412,UNK C/S,20-46080,3275,18000,25.060669,55.579758,KC-46A Pegasus,270,495,-52,False,mlat
ae07be,2026-09-21 06:01:33.681417,UNK C/S,62-3578,3431,28000,25.333353,55.649677,KC-135R Stratotanker,304,354,0,False,mlat
7cf9c4,2026-09-21 06:01:33.681431,ASY736,A41-212,1034,2400,-12.255854,130.974228,C-17A Globemaster,163,267,-1536,False,adsb_icao
ae0366,2026-09-21 06:01:33.681435,UNK C/S,62-3575,0467,28000,36.282642,134.630081,KC-135R Stratotanker,241,473,0,False,mlat
ae5fa6,2026-09-21 06:01:33.681448,UNK C/S,11-46059,3263,23000,25.5,57.1,KC-46A Pegasus,,,,False,mode_s
aef421,2026-09-21 06:01:33.681453,UNK C/S,23-46118,3265,950,25.4,49.4,KC-46A Pegasus,,,,False,mode_s
ae0568,2026-09-21 06:01:33.681462,RCH9206,86-0011,0754,33000,43.9,-63.1,C-5M Galaxy,,,,False,mode_s
aeed5f,2026-09-21 06:02:33.897206,UNK C/S,,0771,11900,35.240704,-101.219391,E-6B TACAMO,93,314,16,False,mlat
aee668,2026-09-21 06:02:33.897222,UNK C/S,,2243,2700,35.367687,-97.342163,E-6B TACAMO,59,252,750,False,mlat
ae07d8,2026-09-21 06:02:33.897229,MCFAMC,92-3294,5171,32048,54.820232,-44.496861,C-17A Globemaster,280,,,False,adsc
ae07dc,2026-09-21 06:02:33.897235,RCH745,93-0602,0125,30000,51.140305,-1.77548,C-17A Globemaster,256,443,-32,False,adsb_icao
ae4d69,2026-09-21 06:02:33.897239,RCH145,10-0216,2315,32000,43.870392,1.771238,C-17A Globemaster,53,434,0,False,mlat
ae123f,2026-09-21 06:02:33.897244,MOOSE63,04-4134,1146,36000,46.754166,21.400866,C-17A Globemaster,310,409,0,False,mlat
ae63bc,2026-09-21 06:02:33.897251,UNK C/S,20-46080,3275,18025,25.062941,55.430359,KC-46A Pegasus,270,498,74,False,mlat
ae07be,2026-09-21 06:02:33.897256,UNK C/S,62-3578,3431,28000,25.349134,55.545841,KC-135R Stratotanker,277,356,-32,False,mlat
7cf9c4,2026-09-21 06:02:33.897270,ASY736,A41-212,1034,1525,-12.323727,130.993851,C-17A Globemaster,163,226,128,False,adsb_icao
ae0366,2026-09-21 06:02:33.897301,UNK C/S,62-3575,0467,28000,36.23431,134.476059,KC-135R Stratotanker,241,447,0,False,mlat
ae5fa6,2026-09-21 06:02:33.897317,UNK C/S,11-46059,3263,23000,25.2,56.1,KC-46A Pegasus,,,,False,mode_s
aef421,2026-09-21 06:02:33.897323,UNK C/S,23-46118,3265,1650,25.8,50.0,KC-46A Pegasus,,,,False,mode_s
ae0568,2026-09-21 06:02:33.897333,RCH9206,86-0011,0754,33000,43.8,-62.9,C-5M Galaxy,,,,False,mode_s
aeed5f,2026-09-21 06:03:34.109368,UNK C/S,,0771,11900,35.241302,-101.111046,E-6B TACAMO,89,328,-37,False,mlat
aee668,2026-09-21 06:03:34.109384,UNK C/S,,2243,3025,35.418732,-97.330498,E-6B TACAMO,4,198,79,False,mlat
ae0568,2026-09-21 06:03:34.109391,RCH9206,86-0011,0754,33000,43.191544,-64.233116,C-5M Galaxy,,,0,False,mlat
ae07d8,2026-09-21 06:03:34.109397,MCFAMC,92-3294,5171,32048,54.820232,-44.496861,C-17A Globemaster,280,,,False,adsc
ae07dc,2026-09-21 06:03:34.109402,RCH745,93-0602,0125,30000,51.111053,-1.966033,C-17A Globemaster,256,445,0,False,adsb_icao
ae4d69,2026-09-21 06:03:34.109407,RCH145,10-0216,2315,32000,43.946323,1.911721,C-17A Globemaster,52,442,0,False,mlat
ae123f,2026-09-21 06:03:34.109412,MOOSE63,04-4134,1146,36000,46.836395,21.279202,C-17A Globemaster,314,410,0,False,mlat
ae63bc,2026-09-21 06:03:34.109420,UNK C/S,20-46080,3275,18025,25.059649,55.286999,KC-46A Pegasus,268,445,58,False,mlat
ae07be,2026-09-21 06:03:34.109425,UNK C/S,62-3578,3431,28000,25.354727,55.44096,KC-135R Stratotanker,248,358,0,False,mlat
7cf9c4,2026-09-21 06:03:34.109441,ASY736,A41-212,1034,1500,-12.383268,131.01091,C-17A Globemaster,166,221,160,False,adsb_icao
ae0366,2026-09-21 06:03:34.109446,UNK C/S,62-3575,0467,28000,36.171326,134.366318,KC-135R Stratotanker,234,420,0,False,mlat
ae5fa6,2026-09-21 06:03:34.109462,UNK C/S,11-46059,3263,23000,25.1,55.9,KC-46A Pegasus,,,,False,mode_s
aef421,2026-09-21 06:03:34.109467,UNK C/S,23-46118,3265,3250,26.4,50.8,KC-46A Pegasus,,,,False,mode_s
aeed5f,2026-09-21 06:04:34.291945,UNK C/S,,0771,11900,35.237953,-101.00396,E-6B TACAMO,92,332,79,False,mlat
aee668,2026-09-21 06:04:34.291961,UNK C/S,,2243,2850,35.465126,-97.331573,E-6B TACAMO,353,142,-290,False,mlat
ae0568,2026-09-21 06:04:34.291968,RCH9206,86-0011,0754,33000,43.227081,-64.119972,C-5M Galaxy,,,0,False,mode_s
ae07d8,2026-09-21 06:04:34.291973,MCFAMC,92-3294,5171,32048,54.820232,-44.496861,C-17A Globemaster,280,,,False,adsc
ae07dc,2026-09-21 06:04:34.291978,RCH745,93-0602,0125,30000,51.081207,-2.158442,C-17A Globemaster,256,446,0,False,adsb_icao
ae4d69,2026-09-21 06:04:34.291983,RCH145,10-0216,2315,32000,44.017342,2.045868,C-17A Globemaster,54,445,0,False,mlat
ae123f,2026-09-21 06:04:34.291988,MOOSE63,04-4134,1146,36000,46.913467,21.168131,C-17A Globemaster,314,390,0,False,mlat
ae63bc,2026-09-21 06:04:34.291996,UNK C/S,20-46080,3275,18000,25.061701,55.138149,KC-46A Pegasus,271,526,32,False,mlat
ae07be,2026-09-21 06:04:34.292001,UNK C/S,62-3578,3431,28000,25.285856,55.359222,KC-135R Stratotanker,200,360,0,False,mlat
7cf9c4,2026-09-21 06:04:34.292016,ASY736,A41-212,1034,1550,-12.440689,131.012909,C-17A Globemaster,230,189,352,False,adsb_icao
ae0366,2026-09-21 06:04:34.292020,UNK C/S,62-3575,0467,28000,36.11364,134.23584,KC-135R Stratotanker,247,442,0,False,mlat
ae5fa6,2026-09-21 06:04:34.292033,UNK C/S,11-46059,3263,23025,25.2,55.6,KC-46A Pegasus,,,,False,mode_s
aef421,2026-09-21 06:04:34.292038,UNK C/S,23-46118,3265,Unavailable,26.3,50.8,KC-46A Pegasus,,,,False,mode_s
aeed5f,2026-09-21 06:05:34.511418,UNK C/S,,0771,11875,35.240662,-100.897896,E-6B TACAMO,90,314,-24,False,mlat
aee668,2026-09-21 06:05:34.511429,UNK C/S,,2243,2125,35.467739,-97.372932,E-6B TACAMO,220,172,-662,False,mlat
ae0568,2026-09-21 06:05:34.511436,RCH9206,86-0011,0754,33000,43.347069,-63.789814,C-5M Galaxy,,,0,False,mlat
ae07d8,2026-09-21 06:05:34.511441,MCFAMC,92-3294,5171,32048,54.820232,-44.496861,C-17A Globemaster,280,,,False,adsc
ae07dc,2026-09-21 06:05:34.511445,RCH745,93-0602,0125,30000,51.051315,-2.348402,C-17A Globemaster,255,446,0,False,adsb_icao
ae4d69,2026-09-21 06:05:34.511450,RCH145,10-0216,2315,32000,44.090355,2.18271,C-17A Globemaster,51,461,0,False,mlat
ae123f,2026-09-21 06:05:34.511454,MOOSE63,04-4134,1146,36000,46.995716,21.044613,C-17A Globemaster,314,401,0,False,mlat
ae63bc,2026-09-21 06:05:34.511461,UNK C/S,20-46080,3275,18025,25.045317,54.992981,KC-46A Pegasus,253,484,75,False,mlat
ae07be,2026-09-21 06:05:34.511466,UNK C/S,62-3578,3431,28000,25.1847,55.369289,KC-135R Stratotanker,148,364,0,False,mlat
7cf9c4,2026-09-21 06:05:34.511477,ASY736,A41-212,1034,1350,-12.441272,130.964554,C-17A Globemaster,279,160,-960,False,adsb_icao
ae0366,2026-09-21 06:05:34.511481,UNK C/S,62-3575,0467,28000,36.049042,134.117813,KC-135R Stratotanker,235,489,0,False,mlat
ae5fa6,2026-09-21 06:05:34.511494,UNK C/S,11-46059,3263,23000,25.2,55.8,KC-46A Pegasus,,,,False,mode_s
aef421,2026-09-21 06:05:34.511498,UNK C/S,23-46118,3265,8300,26.0,51.1,KC-46A Pegasus,,,,False,mode_s
aeed5f,2026-09-21 06:06:34.725223,UNK C/S,,0771,11875,35.231316,-100.793671,E-6B TACAMO,95,316,-26,False,mlat
aee668,2026-09-21 06:06:34.725234,UNK C/S,,2243,1300,35.43232,-97.382324,E-6B TACAMO,171,129,-783,False,mlat
ae07d8,2026-09-21 06:06:34.725241,MCFAMC,92-3294,5171,32048,54.820232,-44.496861,C-17A Globemaster,280,,,False,adsc
ae07dc,2026-09-21 06:06:34.725246,RCH745,93-0602,0125,30000,51.020828,-2.540366,C-17A Globemaster,255,442,32,False,adsb_icao
ae4d69,2026-09-21 06:06:34.725251,RCH145,10-0216,2315,32000,44.162174,2.316603,C-17A Globemaster,67,370,0,False,mlat
ae123f,2026-09-21 06:06:34.725255,MOOSE63,04-4134,1146,36000,47.07555,20.92837,C-17A Globemaster,314,414,0,False,mlat
ae63bc,2026-09-21 06:06:34.725261,UNK C/S,20-46080,3275,18025,25.015764,54.845497,KC-46A Pegasus,257,490,-17,False,mlat
ae07be,2026-09-21 06:06:34.725266,UNK C/S,62-3578,3431,28000,25.131868,55.454273,KC-135R Stratotanker,100,362,0,False,mlat
7cf9c4,2026-09-21 06:06:34.725301,ASY736,A41-212,1034,650,-12.429634,130.925613,C-17A Globemaster,288,130,-512,False,adsb_icao
ae0366,2026-09-21 06:06:34.725306,UNK C/S,62-3575,0467,28000,35.979065,133.96933,KC-135R Stratotanker,236,464,0,False,mlat
ae5fa6,2026-09-21 06:06:34.725319,UNK C/S,11-46059,3263,23000,24.7,55.9,KC-46A Pegasus,,,,False,mode_s
aef421,2026-09-21 06:06:34.725324,UNK C/S,23-46118,3265,10575,25.2,49.3,KC-46A Pegasus,,,,False,mode_s
af8444,2026-09-21 06:06:34.725330,UNK C/S,19-46108,Unavailable,Unavailable,25.2,54.6,KC-46A Pegasus,,,,False,mode_s
ae0568,2026-09-21 06:06:34.725335,RCH9206,86-0011,0754,33000,44.3,-63.5,C-5M Galaxy,,,,False,mode_s
aeed5f,2026-09-21 06:07:34.936701,UNK C/S,,0771,11850,35.240906,-100.745697,E-6B TACAMO,88,316,-9,False,mlat
aee668,2026-09-21 06:07:34.936713,UNK C/S,,2243,1900,35.389259,-97.379478,E-6B TACAMO,178,188,1272,False,mlat
ae0568,2026-09-21 06:07:34.936720,RCH9206,86-0011,0754,33000,43.460651,-63.42205,C-5M Galaxy,,,0,False,mlat
ae07d8,2026-09-21 06:07:34.936725,MCFAMC,92-3294,5171,32048,54.820232,-44.496861,C-17A Globemaster,280,,,False,adsc
ae07dc,2026-09-21 06:07:34.936730,RCH745,93-0602,0125,30000,50.990753,-2.727504,C-17A Globemaster,255,443,-32,False,adsb_icao
ae4d69,2026-09-21 06:07:34.936734,RCH145,10-0216,2315,32000,44.2407,2.457687,C-17A Globemaster,49,444,0,False,mlat
ae123f,2026-09-21 06:07:34.936739,MOOSE63,04-4134,1146,36000,47.14959,20.814611,C-17A Globemaster,314,396,0,False,mlat
ae63bc,2026-09-21 06:07:34.936745,UNK C/S,20-46080,3275,18000,24.985273,54.707733,KC-46A Pegasus,256,473,0,False,mlat
ae07be,2026-09-21 06:07:34.936749,UNK C/S,62-3578,3431,28000,25.113209,55.566467,KC-135R Stratotanker,100,366,-128,False,mlat
7cf9c4,2026-09-21 06:07:34.936773,ASY736,A41-212,1034,100,-12.419403,130.894943,C-17A Globemaster,288,137,-448,False,adsb_icao
ae0366,2026-09-21 06:07:34.936778,UNK C/S,62-3575,0467,28000,35.920742,133.842575,KC-135R Stratotanker,238,434,0,False,mlat
ae5fa6,2026-09-21 06:07:34.936791,UNK C/S,11-46059,3263,23000,24.9,55.9,KC-46A Pegasus,,,,False,mode_s
aef421,2026-09-21 06:07:34.936795,UNK C/S,23-46118,3265,10700,25.7,50.0,KC-46A Pegasus,,,,False,mode_s
aeed5f,2026-09-21 06:08:35.180113,UNK C/S,,0771,11875,35.244778,-100.566368,E-6B TACAMO,88,316,9,False,mlat
aee668,2026-09-21 06:08:35.180125,UNK C/S,,2243,2850,35.368031,-97.342384,E-6B TACAMO,60,234,859,False,mlat
ae0568,2026-09-21 06:08:35.180132,RCH9206,86-0011,0754,33000,43.484406,-63.37487,C-5M Galaxy,,,0,False,mode_s
ae07d8,2026-09-21 06:08:35.180137,MCFAMC,92-3294,5171,32048,54.820232,-44.496861,C-17A Globemaster,280,,,False,adsc
ae07dc,2026-09-21 06:08:35.180142,RCH745,93-0602,0125,30000,50.959808,-2.917984,C-17A Globemaster,255,445,64,False,adsb_icao
ae4d69,2026-09-21 06:08:35.180146,RCH145,10-0216,2315,32000,44.306561,2.58343,C-17A Globemaster,52,457,0,False,mlat
ae123f,2026-09-21 06:08:35.180151,MOOSE63,04-4134,1146,36000,47.231041,20.689833,C-17A Globemaster,313,433,0,False,mlat
ae63bc,2026-09-21 06:08:35.180157,UNK C/S,20-46080,3275,18000,24.957355,54.573555,KC-46A Pegasus,256,469,14,False,mlat
ae07be,2026-09-21 06:08:35.180161,UNK C/S,62-3578,3431,28000,25.095198,55.677971,KC-135R Stratotanker,100,368,0,False,mlat
ae0366,2026-09-21 06:08:35.180173,UNK C/S,62-3575,0467,28000,35.848339,133.721741,KC-135R Stratotanker,245,443,0,False,mlat
ae5fa6,2026-09-21 06:08:35.180186,UNK C/S,11-46059,3263,23000,25.0,55.9,KC-46A Pegasus,,,,False,mode_s
aef421,2026-09-21 06:08:35.180191,UNK C/S,23-46118,3265,Unavailable,26.0,50.8,KC-46A Pegasus,,,,False,mode_s
aeed5f,2026-09-21 06:09:35.393536,UNK C/S,,0771,11875,35.233711,-100.475845,E-6B TACAMO,93,319,44,False,mlat
aee668,2026-09-21 06:09:35.393549,UNK C/S,,2243,3050,35.417957,-97.332344,E-6B TACAMO,1,191,75,False,mlat
ae07d8,2026-09-21 06:09:35.393556,MCFAMC,92-3294,5171,32048,54.820232,-44.496861,C-17A Globemaster,280,,,False,adsc
ae07dc,2026-09-21 06:09:35.393562,RCH745,93-0602,0125,30000,50.928799,-3.106689,C-17A Globemaster,255,441,32,False,adsb_icao
ae4d69,2026-09-21 06:09:35.393566,RCH145,10-0216,2315,32000,44.377041,2.72127,C-17A Globemaster,54,429,0,False,mlat
ae123f,2026-09-21 06:09:35.393571,MOOSE63,04-4134,1146,36000,47.308929,20.575203,C-17A Globemaster,315,395,0,False,mlat
ae63bc,2026-09-21 06:09:35.393578,UNK C/S,20-46080,3275,18025,24.923342,54.431831,KC-46A Pegasus,258,476,-6,False,mlat
ae07be,2026-09-21 06:09:35.393583,UNK C/S,62-3578,3431,28000,25.08073,55.785759,KC-135R Stratotanker,100,368,0,False,mlat
ae0366,2026-09-21 06:09:35.393596,UNK C/S,62-3575,0467,28000,35.786964,133.598465,KC-135R Stratotanker,235,432,0,False,mlat
ae5fa6,2026-09-21 06:09:35.393610,UNK C/S,11-46059,3263,23025,25.0,56.2,KC-46A Pegasus,,,,False,mode_s
aef421,2026-09-21 06:09:35.393615,UNK C/S,23-46118,3265,14975,25.2,49.3,KC-46A Pegasus,,,,False,mode_s
ae0568,2026-09-21 06:09:35.393622,RCH9206,86-0011,0754,33000,44.3,-63.3,C-5M Galaxy,,,,False,mode_s
aeed5f,2026-09-21 06:10:35.623300,UNK C/S,,0771,11900,35.241539,-100.355713,E-6B TACAMO,90,316,-57,False,mlat
aee668,2026-09-21 06:10:35.623312,UNK C/S,,2243,2750,35.463173,-97.337082,E-6B TACAMO,333,146,-641,False,mlat
ae07d8,2026-09-21 06:10:35.623319,MCFAMC,92-3294,5171,32048,54.820232,-44.496861,C-17A Globemaster,280,,,False,adsc
ae07dc,2026-09-21 06:10:35.623324,RCH745,93-0602,0125,30000,50.897644,-3.294043,C-17A Globemaster,255,441,-224,False,adsb_icao
ae4d69,2026-09-21 06:10:35.623329,RCH145,10-0216,2315,32000,44.460423,2.877799,C-17A Globemaster,54,447,0,False,mlat
ae123f,2026-09-21 06:10:35.623334,MOOSE63,04-4134,1146,36000,47.378433,20.467966,C-17A Globemaster,312,393,0,False,mlat
ae63bc,2026-09-21 06:10:35.623340,UNK C/S,20-46080,3275,18000,24.896166,54.291351,KC-46A Pegasus,259,475,0,False,mlat
ae07be,2026-09-21 06:10:35.623346,UNK C/S,62-3578,3431,28000,25.065989,55.879253,KC-135R Stratotanker,76,366,0,False,mlat
ae0366,2026-09-21 06:10:35.623357,UNK C/S,62-3575,0467,28000,35.717556,133.470367,KC-135R Stratotanker,242,412,0,False,mlat
ae5fa6,2026-09-21 06:10:35.623371,UNK C/S,11-46059,3263,23025,25.6,55.2,KC-46A Pegasus,,,,False,mode_s
aef421,2026-09-21 06:10:35.623375,UNK C/S,23-46118,3265,16425,25.9,50.2,KC-46A Pegasus,,,,False,mode_s
ae0568,2026-09-21 06:10:35.623384,RCH9206,86-0011,0754,32975,43.9,-63.4,C-5M Galaxy,,,,False,mode_s
aeed5f,2026-09-21 06:11:35.816132,UNK C/S,,0771,11875,35.268215,-100.259834,E-6B TACAMO,86,307,29,False,mlat
aee668,2026-09-21 06:11:35.816143,UNK C/S,,2243,1950,35.457386,-97.378281,E-6B TACAMO,203,170,-836,False,mlat
ae07d8,2026-09-21 06:11:35.816150,MCFAMC,92-3294,5171,32048,54.820232,-44.496861,C-17A Globemaster,280,,,False,adsc
ae07dc,2026-09-21 06:11:35.816156,RCH745,93-0602,0125,30000,50.866047,-3.481903,C-17A Globemaster,255,442,-32,False,adsb_icao
ae4d69,2026-09-21 06:11:35.816160,RCH145,10-0216,2315,32000,44.520386,2.999254,C-17A Globemaster,57,448,0,False,mlat
ae123f,2026-09-21 06:11:35.816164,MOOSE63,04-4134,1146,36000,47.45702,20.348497,C-17A Globemaster,314,391,0,False,mlat
ae63bc,2026-09-21 06:11:35.816171,UNK C/S,20-46080,3275,18000,24.863678,54.135403,KC-46A Pegasus,256,448,-51,False,mlat
ae07be,2026-09-21 06:11:35.816175,UNK C/S,62-3578,3431,28000,25.124195,55.968773,KC-135R Stratotanker,31,364,0,False,mlat
ae0366,2026-09-21 06:11:35.816187,UNK C/S,62-3575,0467,28000,35.652973,133.338852,KC-135R Stratotanker,233,453,0,False,mlat
ae5fa6,2026-09-21 06:11:35.816200,UNK C/S,11-46059,3263,23000,25.6,55.7,KC-46A Pegasus,,,,False,mode_s
aef421,2026-09-21 06:11:35.816204,UNK C/S,23-46118,3265,17375,25.7,50.1,KC-46A Pegasus,,,,False,mode_s
ae0568,2026-09-21 06:11:35.816213,RCH9206,86-0011,0754,33000,44.2,-63.6,C-5M Galaxy,,,,False,mode_s
aeed5f,2026-09-21 06:12:36.029758,UNK C/S,,0771,11900,35.21706,-100.166405,E-6B TACAMO,94,322,103,False,mlat
aee668,2026-09-21 06:12:36.029770,UNK C/S,,2243,1175,35.434109,-97.381378,E-6B TACAMO,171,137,-883,False,mlat
ae0568,2026-09-21 06:12:36.029776,RCH9206,86-0011,0754,33000,43.78455,-62.456745,C-5M Galaxy,,,0,False,mlat
ae07d8,2026-09-21 06:12:36.029781,MCFAMC,92-3294,5171,32048,54.820232,-44.496861,C-17A Globemaster,280,,,False,adsc
ae07dc,2026-09-21 06:12:36.029786,RCH745,93-0602,0125,30000,50.834473,-3.6678,C-17A Globemaster,254,437,-64,False,adsb_icao
ae4d69,2026-09-21 06:12:36.029790,RCH145,10-0216,2315,32000,44.594254,3.149425,C-17A Globemaster,53,442,0,False,mlat
ae123f,2026-09-21 06:12:36.029794,MOOSE63,04-4134,1146,36000,47.532257,20.233021,C-17A Globemaster,312,397,-25,False,mlat
ae63bc,2026-09-21 06:12:36.029800,UNK C/S,20-46080,3275,18025,24.836966,54.020821,KC-46A Pegasus,256,470,17,False,mlat
ae07be,2026-09-21 06:12:36.029805,UNK C/S,62-3578,3431,28000,25.207779,56.015427,KC-135R Stratotanker,356,362,0,False,mlat
ae0366,2026-09-21 06:12:36.029816,UNK C/S,62-3575,0467,28000,35.578636,133.218185,KC-135R Stratotanker,227,459,0,False,mlat
ae5fa6,2026-09-21 06:12:36.029830,UNK C/S,11-46059,3263,23000,25.2,56.5,KC-46A Pegasus,,,,False,mode_s
aef421,2026-09-21 06:12:36.029834,UNK C/S,23-46118,3265,19950,25.5,52.0,KC-46A Pegasus,,,,False,mode_s
aeed5f,2026-09-21 06:13:36.223061,UNK C/S,,0771,11950,35.239174,-100.039169,E-6B TACAMO,92,318,112,False,mlat
aee668,2026-09-21 06:13:36.223073,UNK C/S,,2243,2100,35.376884,-97.374924,E-6B TACAMO,158,194,1097,False,mlat
ae07d8,2026-09-21 06:13:36.223079,MCFAMC,92-3294,5171,32048,54.820232,-44.496861,C-17A Globemaster,280,,,False,adsc
ae07dc,2026-09-21 06:13:36.223084,RCH745,93-0602,0125,30000,50.802383,-3.854717,C-17A Globemaster,254,437,0,False,adsb_icao
ae4d69,2026-09-21 06:13:36.223088,RCH145,10-0216,2315,32000,44.676876,3.298543,C-17A Globemaster,57,448,0,False,mlat
ae123f,2026-09-21 06:13:36.223093,MOOSE63,04-4134,1146,36000,47.612328,20.112028,C-17A Globemaster,315,381,0,False,mlat
ae63bc,2026-09-21 06:13:36.223099,UNK C/S,20-46080,3275,18000,24.806841,53.861626,KC-46A Pegasus,257,519,-2,False,mlat
ae07be,2026-09-21 06:13:36.223104,UNK C/S,62-3578,3431,28000,25.325378,55.980598,KC-135R Stratotanker,313,362,-32,False,mlat
ae0366,2026-09-21 06:13:36.223115,UNK C/S,62-3575,0467,28000,35.526974,133.08754,KC-135R Stratotanker,254,451,0,False,mlat
ae5fa6,2026-09-21 06:13:36.223129,UNK C/S,11-46059,3263,23000,25.2,57.3,KC-46A Pegasus,,,,False,mode_s
aef421,2026-09-21 06:13:36.223133,UNK C/S,23-46118,3265,21375,25.3,52.9,KC-46A Pegasus,,,,False,mode_s
ae0568,2026-09-21 06:13:36.223141,RCH9206,86-0011,0754,33000,44.1,-63.3,C-5M Galaxy,,,,False,mode_s
aeed5f,2026-09-21 06:14:36.483698,UNK C/S,,0771,11950,35.239929,-99.956802,E-6B TACAMO,89,329,54,False,mlat
aee668,2026-09-21 06:14:36.483711,UNK C/S,,2243,2975,35.397873,-97.334229,E-6B TACAMO,0,252,678,False,mlat
ae07d8,2026-09-21 06:14:36.483719,MCFAMC,92-3294,5171,32044,54.081402,-46.900463,C-17A Globemaster,243,,,False,adsc
ae07dc,2026-09-21 06:14:36.483724,RCH745,93-0602,0125,30000,50.770382,-4.038849,C-17A Globemaster,254,438,0,False,adsb_icao
ae4d69,2026-09-21 06:14:36.483729,RCH145,10-0216,2315,32000,44.719738,3.459458,C-17A Globemaster,59,437,0,False,mlat
ae123f,2026-09-21 06:14:36.483733,MOOSE63,04-4134,1146,36000,47.692635,19.986954,C-17A Globemaster,313,429,0,False,mlat
ae63bc,2026-09-21 06:14:36.483740,UNK C/S,20-46080,3275,18000,24.792532,53.811047,KC-46A Pegasus,258,502,-61,False,mlat
ae07be,2026-09-21 06:14:36.483744,UNK C/S,62-3578,3431,28000,25.367334,55.884769,KC-135R Stratotanker,288,364,0,False,mlat
ae0366,2026-09-21 06:14:36.483756,UNK C/S,62-3575,0467,28000,35.434486,133.01033,KC-135R Stratotanker,193,538,0,False,mlat
ae5fa6,2026-09-21 06:14:36.483768,UNK C/S,11-46059,3263,23000,25.7,57.4,KC-46A Pegasus,,,,False,mode_s
aef421,2026-09-21 06:14:36.483773,UNK C/S,23-46118,3265,21825,26.9,49.8,KC-46A Pegasus,,,,False,mode_s
ae0568,2026-09-21 06:14:36.483781,RCH9206,86-0011,0754,33000,44.3,-63.2,C-5M Galaxy,,,,False,mode_s
aee668,2026-09-21 06:15:36.748594,UNK C/S,,2243,3025,35.450306,-97.330742,E-6B TACAMO,2,162,-71,False,mlat
ae07d8,2026-09-21 06:15:36.748611,MCFAMC,92-3294,5171,32044,54.081402,-46.900463,C-17A Globemaster,243,,,False,adsc
ae07dc,2026-09-21 06:15:36.748618,RCH745,93-0602,0125,30000,50.737793,-4.224837,C-17A Globemaster,254,437,-32,False,adsb_icao
ae4d69,2026-09-21 06:15:36.748622,RCH145,10-0216,2315,32000,44.777107,3.602262,C-17A Globemaster,62,440,0,False,mlat
ae123f,2026-09-21 06:15:36.748626,MOOSE63,04-4134,1146,36000,47.765484,19.876263,C-17A Globemaster,311,393,0,False,mlat
ae63bc,2026-09-21 06:15:36.748634,UNK C/S,20-46080,3275,18025,24.773172,53.601868,KC-46A Pegasus,,,0,False,mlat
ae07be,2026-09-21 06:15:36.748639,UNK C/S,62-3578,3431,28000,25.389046,55.768402,KC-135R Stratotanker,280,364,0,False,mlat
ae0366,2026-09-21 06:15:36.748653,UNK C/S,62-3575,0467,28000,35.307838,132.944229,KC-135R Stratotanker,210,405,0,False,mlat
aeed5f,2026-09-21 06:15:36.748667,UNK C/S,,0771,11950,35.3,-99.3,E-6B TACAMO,,,,False,mode_s
ae5fa6,2026-09-21 06:15:36.748673,UNK C/S,11-46059,3263,23000,24.8,56.4,KC-46A Pegasus,,,,False,mode_s
aef421,2026-09-21 06:15:36.748678,UNK C/S,23-46118,3265,24275,26.3,51.8,KC-46A Pegasus,,,,False,mode_s
ae0568,2026-09-21 06:15:36.748686,RCH9206,86-0011,0754,33000,44.4,-62.9,C-5M Galaxy,,,,False,mode_s
aeed5f,2026-09-21 06:16:36.934866,UNK C/S,,0771,11925,35.237808,-99.709831,E-6B TACAMO,92,304,-3,False,mlat
aee668,2026-09-21 06:16:36.934882,UNK C/S,,2243,2375,35.474564,-97.356377,E-6B TACAMO,254,188,-821,False,mlat
ae07d8,2026-09-21 06:16:36.934889,MCFAMC,92-3294,5171,32044,54.081402,-46.900463,C-17A Globemaster,243,,,False,adsc
ae07dc,2026-09-21 06:16:36.934894,RCH745,93-0602,0125,30000,50.704971,-4.409897,C-17A Globemaster,254,439,-96,False,adsb_icao
ae4d69,2026-09-21 06:16:36.934898,RCH145,10-0216,2315,32000,44.840504,3.759034,C-17A Globemaster,62,480,0,False,mlat
ae123f,2026-09-21 06:16:36.934903,MOOSE63,04-4134,1146,36000,47.846943,19.749521,C-17A Globemaster,312,413,0,False,mlat
ae63bc,2026-09-21 06:16:36.934909,UNK C/S,20-46080,3275,18000,24.786127,53.461582,KC-46A Pegasus,,,2,False,mlat
ae07be,2026-09-21 06:16:36.934914,UNK C/S,62-3578,3431,28000,25.389284,55.636246,KC-135R Stratotanker,280,366,32,False,mlat
7cf925,2026-09-21 06:16:36.934922,ASY753,A41-211,1062,34025,-3.039322,109.306702,C-17A Globemaster,310,475,,False,adsb_icao
ae0366,2026-09-21 06:16:36.934931,UNK C/S,62-3575,0467,28000,35.204582,132.876663,KC-135R Stratotanker,214,434,0,False,mlat
ae5fa6,2026-09-21 06:16:36.934944,UNK C/S,11-46059,3263,23000,25.1,57.1,KC-46A Pegasus,,,,False,mode_s
aef421,2026-09-21 06:16:36.934948,UNK C/S,23-46118,3265,25425,25.6,53.7,KC-46A Pegasus,,,,False,mode_s
ae0568,2026-09-21 06:16:36.934956,RCH9206,86-0011,0754,33000,44.4,-63.0,C-5M Galaxy,,,,False,mode_s
aeed5f,2026-09-21 06:17:37.123137,UNK C/S,,0771,11925,35.239986,-99.607544,E-6B TACAMO,87,304,-19,False,mlat
aee668,2026-09-21 06:17:37.123152,UNK C/S,,2243,1500,35.446342,-97.381416,E-6B TACAMO,175,144,-826,False,mlat
ae07d8,2026-09-21 06:17:37.123160,MCFAMC,92-3294,5171,32044,54.081402,-46.900463,C-17A Globemaster,243,,,False,adsc
ae07dc,2026-09-21 06:17:37.123167,RCH745,93-0602,0125,30000,50.672058,-4.593621,C-17A Globemaster,254,441,32,False,adsb_icao
ae4d69,2026-09-21 06:17:37.123171,RCH145,10-0216,2315,32000,44.901924,3.910532,C-17A Globemaster,59,449,0,False,mlat
ae123f,2026-09-21 06:17:37.123176,MOOSE63,04-4134,1146,36000,47.921673,19.633173,C-17A Globemaster,314,409,0,False,mlat
ae07be,2026-09-21 06:17:37.123183,UNK C/S,62-3578,3431,28000,25.424702,55.555634,KC-135R Stratotanker,271,366,0,False,mlat
7cf925,2026-09-21 06:17:37.123192,ASY753,A41-211,1062,34000,-3.017609,109.281479,C-17A Globemaster,310,475,,False,adsb_icao
ae0366,2026-09-21 06:17:37.123200,UNK C/S,62-3575,0467,28000,35.101551,132.801559,KC-135R Stratotanker,207,442,0,False,mlat
ae5fa6,2026-09-21 06:17:37.123213,UNK C/S,11-46059,3263,23025,25.2,55.9,KC-46A Pegasus,,,,False,mode_s
aef421,2026-09-21 06:17:37.123217,UNK C/S,23-46118,3265,26725,25.5,54.8,KC-46A Pegasus,,,,False,mode_s
ae63bc,2026-09-21 06:17:37.123224,UNK C/S,20-46080,3275,18025,25.2,54.9,KC-46A Pegasus,,,,False,mode_s
ae0568,2026-09-21 06:17:37.123228,RCH9206,86-0011,0754,33000,44.2,-63.0,C-5M Galaxy,,,,False,mode_s
aeed5f,2026-09-21 06:18:37.334855,UNK C/S,,0771,11950,35.23962,-99.493271,E-6B TACAMO,91,329,77,False,mlat
aee668,2026-09-21 06:18:37.334866,UNK C/S,,2243,1450,35.40612,-97.38266,E-6B TACAMO,191,147,441,False,mlat
ae07d8,2026-09-21 06:18:37.334873,MCFAMC,92-3294,5171,32044,54.081402,-46.900463,C-17A Globemaster,243,,,False,adsc
ae07dc,2026-09-21 06:18:37.334879,RCH745,93-0602,0125,30000,50.638222,-4.78076,C-17A Globemaster,254,441,-64,False,adsb_icao
ae4d69,2026-09-21 06:18:37.334883,RCH145,10-0216,2315,32000,44.961178,4.063258,C-17A Globemaster,63,440,0,False,mlat
ae123f,2026-09-21 06:18:37.334887,MOOSE63,04-4134,1146,36000,48.001476,19.506651,C-17A Globemaster,314,407,0,False,mlat
ae07be,2026-09-21 06:18:37.334895,UNK C/S,62-3578,3431,28000,25.374115,55.463371,KC-135R Stratotanker,209,368,0,False,mlat
ae0366,2026-09-21 06:18:37.334908,UNK C/S,62-3575,0467,28000,34.980461,132.728683,KC-135R Stratotanker,208,443,0,False,mlat
ae5fa6,2026-09-21 06:18:37.334920,UNK C/S,11-46059,3263,23000,24.8,56.4,KC-46A Pegasus,,,,False,mode_s
aef421,2026-09-21 06:18:37.334924,UNK C/S,23-46118,3265,28175,25.2,54.8,KC-46A Pegasus,,,,False,mode_s
ae63bc,2026-09-21 06:18:37.334931,UNK C/S,20-46080,3275,18025,25.1,54.7,KC-46A Pegasus,,,,False,mode_s
ae0568,2026-09-21 06:18:37.334936,RCH9206,86-0011,0754,33000,44.3,-62.7,C-5M Galaxy,,,,False,mode_s
aeed5f,2026-09-21 06:19:37.539535,UNK C/S,,0771,11950,35.241055,-99.388351,E-6B TACAMO,88,317,0,False,mlat
aee668,2026-09-21 06:19:37.539546,UNK C/S,,2243,2525,35.365864,-97.358261,E-6B TACAMO,103,207,1021,False,mlat
ae07d8,2026-09-21 06:19:37.539553,MCFAMC,92-3294,5171,32044,54.081402,-46.900463,C-17A Globemaster,243,,,False,adsc
ae07dc,2026-09-21 06:19:37.539558,RCH745,93-0602,0125,30000,50.604378,-4.965895,C-17A Globemaster,253,442,0,False,adsb_icao
ae4d69,2026-09-21 06:19:37.539563,RCH145,10-0216,2315,32000,45.020191,4.207844,C-17A Globemaster,56,435,0,False,mlat
ae123f,2026-09-21 06:19:37.539567,MOOSE63,04-4134,1146,36000,48.076721,19.392275,C-17A Globemaster,312,372,0,False,mlat
ae07be,2026-09-21 06:19:37.539574,UNK C/S,62-3578,3431,28000,25.274561,55.448925,KC-135R Stratotanker,155,370,0,False,mlat
ae0366,2026-09-21 06:19:37.539586,UNK C/S,62-3575,0467,28000,34.867386,132.661575,KC-135R Stratotanker,201,468,0,False,mlat
ae5fa6,2026-09-21 06:19:37.539599,UNK C/S,11-46059,3263,23000,24.3,55.7,KC-46A Pegasus,,,,False,mode_s
aef421,2026-09-21 06:19:37.539603,UNK C/S,23-46118,3265,29000,25.4,54.5,KC-46A Pegasus,,,,False,mode_s
ae63bc,2026-09-21 06:19:37.539609,UNK C/S,20-46080,3275,18025,25.2,54.6,KC-46A Pegasus,,,,False,mode_s
ae0568,2026-09-21 06:19:37.539615,RCH9206,86-0011,0754,33000,44.3,-62.3,C-5M Galaxy,,,,False,mode_s
aeed5f,2026-09-21 06:20:37.791004,UNK C/S,,0771,11925,35.236111,-99.280884,E-6B TACAMO,98,324,-5,False,mlat
aee668,2026-09-21 06:20:37.791019,UNK C/S,,2243,3025,35.409382,-97.334877,E-6B TACAMO,348,236,265,False,mlat
ae07d8,2026-09-21 06:20:37.791026,MCFAMC,92-3294,5171,32044,54.081402,-46.900463,C-17A Globemaster,243,,,False,adsc
ae07dc,2026-09-21 06:20:37.791032,RCH745,93-0602,0125,30000,50.570255,-5.150732,C-17A Globemaster,253,440,-128,False,adsb_icao
ae4d69,2026-09-21 06:20:37.791037,RCH145,10-0216,2315,32000,45.081821,4.367042,C-17A Globemaster,60,438,0,False,mlat
ae123f,2026-09-21 06:20:37.791041,MOOSE63,04-4134,1146,36000,48.141544,19.263428,C-17A Globemaster,305,406,0,False,mlat
ae07be,2026-09-21 06:20:37.791049,UNK C/S,62-3578,3431,28000,25.211002,55.533455,KC-135R Stratotanker,102,370,0,False,mlat
ae0366,2026-09-21 06:20:37.791061,UNK C/S,62-3575,0467,28000,34.757782,132.591095,KC-135R Stratotanker,209,447,0,False,mlat
ae5fa6,2026-09-21 06:20:37.791074,UNK C/S,11-46059,3263,23000,25.0,56.2,KC-46A Pegasus,,,,False,mode_s
aef421,2026-09-21 06:20:37.791078,UNK C/S,23-46118,3265,29000,25.1,54.9,KC-46A Pegasus,,,,False,mode_s
ae63bc,2026-09-21 06:20:37.791085,UNK C/S,20-46080,3275,18000,25.1,53.7,KC-46A Pegasus,,,,False,mode_s
ae0568,2026-09-21 06:20:37.791091,RCH9206,86-0011,0754,33000,44.6,-61.6,C-5M Galaxy,,,,False,mode_s
aeed5f,2026-09-21 06:21:38.000715,UNK C/S,,0771,11950,35.19384,-99.212486,E-6B TACAMO,164,336,-2,False,mlat
aee668,2026-09-21 06:21:38.000727,UNK C/S,,2243,2975,35.45649,-97.331085,E-6B TACAMO,3,149,-75,False,mlat
ae07d8,2026-09-21 06:21:38.000734,MCFAMC,92-3294,5171,32044,54.081402,-46.900463,C-17A Globemaster,243,,,False,adsc
ae07dc,2026-09-21 06:21:38.000740,RCH745,93-0602,0125,30000,50.535828,-5.335597,C-17A Globemaster,253,441,0,False,adsb_icao
ae4d69,2026-09-21 06:21:38.000744,RCH145,10-0216,2315,32000,45.142056,4.522765,C-17A Globemaster,62,448,0,False,mlat
ae123f,2026-09-21 06:21:38.000748,MOOSE63,04-4134,1146,36000,48.209808,19.119463,C-17A Globemaster,304,398,0,False,mlat
ae07be,2026-09-21 06:21:38.000755,UNK C/S,62-3578,3431,28000,25.206501,55.645889,KC-135R Stratotanker,90,370,0,False,mlat
ae0366,2026-09-21 06:21:38.000766,UNK C/S,62-3575,0467,28000,34.644836,132.51535,KC-135R Stratotanker,211,447,0,False,mlat
ae5fa6,2026-09-21 06:21:38.000780,UNK C/S,11-46059,3263,23000,24.6,56.2,KC-46A Pegasus,,,,False,mode_s
aef421,2026-09-21 06:21:38.000784,UNK C/S,23-46118,3265,29000,24.8,55.1,KC-46A Pegasus,,,,False,mode_s
ae63bc,2026-09-21 06:21:38.000791,UNK C/S,20-46080,3275,18000,24.9,54.4,KC-46A Pegasus,,,,False,mode_s
ae0568,2026-09-21 06:21:38.000796,RCH9206,86-0011,0754,33000,44.7,-61.4,C-5M Galaxy,,,,False,mode_s
aeed5f,2026-09-21 06:22:38.192085,UNK C/S,,0771,11950,35.135311,-99.263725,E-6B TACAMO,261,316,-26,False,mlat
aee668,2026-09-21 06:22:38.192099,UNK C/S,,2243,2300,35.481747,-97.358696,E-6B TACAMO,251,186,-869,False,mlat
ae07d8,2026-09-21 06:22:38.192107,MCFAMC,92-3294,5171,32044,54.081402,-46.900463,C-17A Globemaster,243,,,False,adsc
ae07dc,2026-09-21 06:22:38.192112,RCH745,93-0602,0125,30000,50.500809,-5.52128,C-17A Globemaster,253,438,-96,False,adsb_icao
ae4d69,2026-09-21 06:22:38.192117,RCH145,10-0216,2315,32000,45.218403,4.65941,C-17A Globemaster,41,436,0,False,mlat
ae123f,2026-09-21 06:22:38.192121,MOOSE63,04-4134,1146,36000,48.275345,18.980757,C-17A Globemaster,306,402,0,False,mlat
ae07be,2026-09-21 06:22:38.192128,UNK C/S,62-3578,3431,28000,25.208256,55.765877,KC-135R Stratotanker,90,372,-256,False,mlat
ae0366,2026-09-21 06:22:38.192139,UNK C/S,62-3575,0467,28000,34.536201,132.446426,KC-135R Stratotanker,208,453,0,False,mlat
ae5fa6,2026-09-21 06:22:38.192154,UNK C/S,11-46059,3263,23000,24.8,55.8,KC-46A Pegasus,,,,False,mode_s
aef421,2026-09-21 06:22:38.192158,UNK C/S,23-46118,3265,29000,24.6,55.2,KC-46A Pegasus,,,,False,mode_s
ae63bc,2026-09-21 06:22:38.192165,UNK C/S,20-46080,3275,18000,25.7,52.0,KC-46A Pegasus,,,,False,mode_s
ae0568,2026-09-21 06:22:38.192170,RCH9206,86-0011,0754,33600,45.1,-60.9,C-5M Galaxy,,,,False,mode_s
aeed5f,2026-09-21 06:23:38.382216,UNK C/S,,0771,11950,35.176201,-99.341408,E-6B TACAMO,333,302,21,False,mlat
aee668,2026-09-21 06:23:38.382230,UNK C/S,,2243,1600,35.450897,-97.381546,E-6B TACAMO,189,123,-685,False,mlat
ae07d8,2026-09-21 06:23:38.382237,MCFAMC,92-3294,5171,32044,54.081402,-46.900463,C-17A Globemaster,243,,,False,adsc
ae07dc,2026-09-21 06:23:38.382242,RCH745,93-0602,0125,30000,50.466522,-5.701471,C-17A Globemaster,253,436,32,False,adsb_icao
ae4d69,2026-09-21 06:23:38.382247,RCH145,10-0216,2315,32000,45.328648,4.718754,C-17A Globemaster,3,413,0,False,mlat
ae123f,2026-09-21 06:23:38.382251,MOOSE63,04-4134,1146,36025,48.337215,18.85146,C-17A Globemaster,307,391,75,False,mlat
ae07be,2026-09-21 06:23:38.382259,UNK C/S,62-3578,3431,28000,25.20487,55.870853,KC-135R Stratotanker,90,372,-96,False,mlat
ae0366,2026-09-21 06:23:38.382270,UNK C/S,62-3575,0467,28000,34.428219,132.373734,KC-135R Stratotanker,208,443,0,False,mlat
ae5fa6,2026-09-21 06:23:38.382311,UNK C/S,11-46059,3263,23000,25.0,55.8,KC-46A Pegasus,,,,False,mode_s
aef421,2026-09-21 06:23:38.382316,UNK C/S,23-46118,3265,29000,24.8,55.0,KC-46A Pegasus,,,,False,mode_s
ae63bc,2026-09-21 06:23:38.382324,UNK C/S,20-46080,3275,18000,25.8,51.5,KC-46A Pegasus,,,,False,mode_s
ae0568,2026-09-21 06:23:38.382330,RCH9206,86-0011,0754,34575,45.3,-60.2,C-5M Galaxy,,,,False,mode_s
aeed5f,2026-09-21 06:24:38.568652,UNK C/S,,0771,11925,35.223743,-99.402328,E-6B TACAMO,314,280,18,False,mlat
ae07d8,2026-09-21 06:24:38.568670,MCFAMC,92-3294,5171,32044,54.081402,-46.900463,C-17A Globemaster,243,,,False,adsc
ae07dc,2026-09-21 06:24:38.568676,RCH745,93-0602,0125,30000,50.431458,-5.884191,C-17A Globemaster,253,437,96,False,adsb_icao
ae4d69,2026-09-21 06:24:38.568681,RCH145,10-0216,2315,32000,45.440952,4.737542,C-17A Globemaster,6,414,0,False,mlat
ae123f,2026-09-21 06:24:38.568685,MOOSE63,04-4134,1146,36000,48.399353,18.720716,C-17A Globemaster,310,388,75,False,mlat
ae07be,2026-09-21 06:24:38.568692,UNK C/S,62-3578,3431,28000,25.217495,55.983753,KC-135R Stratotanker,59,368,0,False,mlat
ae0366,2026-09-21 06:24:38.568704,UNK C/S,62-3575,0467,28000,34.316154,132.301559,KC-135R Stratotanker,209,453,0,False,mlat
ae5fa6,2026-09-21 06:24:38.568719,UNK C/S,11-46059,3263,23000,25.1,56.2,KC-46A Pegasus,,,,False,mode_s
aef421,2026-09-21 06:24:38.568723,UNK C/S,23-46118,3265,29000,24.9,55.1,KC-46A Pegasus,,,,False,mode_s
ae63bc,2026-09-21 06:24:38.568730,UNK C/S,20-46080,3275,18000,25.7,51.8,KC-46A Pegasus,,,,False,mode_s
ae0568,2026-09-21 06:24:38.568735,RCH9206,86-0011,0754,35000,45.2,-60.5,C-5M Galaxy,,,,False,mode_s
aeed5f,2026-09-21 06:25:38.757685,UNK C/S,,0771,11950,35.239288,-99.499649,E-6B TACAMO,263,309,0,False,mlat
ae07d8,2026-09-21 06:25:38.757705,MCFAMC,92-3294,5171,32044,54.081402,-46.900463,C-17A Globemaster,243,,,False,adsc
ae07dc,2026-09-21 06:25:38.757711,RCH745,93-0602,0125,30000,50.395916,-6.067348,C-17A Globemaster,253,435,-160,False,adsb_icao
ae4d69,2026-09-21 06:25:38.757717,RCH145,10-0216,2315,32000,45.555496,4.757656,C-17A Globemaster,6,424,0,False,mlat
ae123f,2026-09-21 06:25:38.757721,MOOSE63,04-4134,1146,36000,48.461651,18.585459,C-17A Globemaster,307,380,0,False,mlat
ae07be,2026-09-21 06:25:38.757730,UNK C/S,62-3578,3431,28000,25.295147,56.02293,KC-135R Stratotanker,5,360,0,False,mlat
ae0366,2026-09-21 06:25:38.757745,UNK C/S,62-3575,0467,28000,34.199551,132.227783,KC-135R Stratotanker,209,476,0,False,mlat
ae5fa6,2026-09-21 06:25:38.757760,UNK C/S,11-46059,3263,23000,25.0,55.6,KC-46A Pegasus,,,,False,mode_s
aef421,2026-09-21 06:25:38.757765,UNK C/S,23-46118,3265,29000,25.0,55.1,KC-46A Pegasus,,,,False,mode_s
ae63bc,2026-09-21 06:25:38.757773,UNK C/S,20-46080,3275,18000,25.7,51.7,KC-46A Pegasus,,,,False,mode_s
ae0568,2026-09-21 06:25:38.757777,RCH9206,86-0011,0754,35000,45.8,-59.7,C-5M Galaxy,,,,False,mode_s
aeed5f,2026-09-21 06:26:38.950574,UNK C/S,,0771,11950,35.239689,-99.587616,E-6B TACAMO,269,277,11,False,mlat
ae07d8,2026-09-21 06:26:38.950593,MCFAMC,92-3294,5171,32044,54.081402,-46.900463,C-17A Globemaster,243,,,False,adsc
ae07dc,2026-09-21 06:26:38.950600,RCH745,93-0602,0125,30000,50.360779,-6.246884,C-17A Globemaster,252,434,0,False,adsb_icao
ae4d69,2026-09-21 06:26:38.950605,RCH145,10-0216,2315,32000,45.675373,4.781427,C-17A Globemaster,8,419,0,False,mlat
ae123f,2026-09-21 06:26:38.950610,MOOSE63,04-4134,1146,36000,48.516617,18.466412,C-17A Globemaster,304,390,0,False,mlat
ae07be,2026-09-21 06:26:38.950618,UNK C/S,62-3578,3431,27850,25.388597,56.020576,KC-135R Stratotanker,313,362,-480,False,mlat
ae0366,2026-09-21 06:26:38.950632,UNK C/S,62-3575,0467,28000,34.103958,132.161301,KC-135R Stratotanker,209,448,0,False,mlat
ae5fa6,2026-09-21 06:26:38.950649,UNK C/S,11-46059,3263,23000,24.7,55.5,KC-46A Pegasus,,,,False,mode_s
aef421,2026-09-21 06:26:38.950654,UNK C/S,23-46118,3265,29000,25.1,55.1,KC-46A Pegasus,,,,False,mode_s
ae63bc,2026-09-21 06:26:38.950663,UNK C/S,20-46080,3275,15675,25.7,51.8,KC-46A Pegasus,,,,False,mode_s
ae0568,2026-09-21 06:26:38.950667,RCH9206,86-0011,0754,35000,45.5,-60.4,C-5M Galaxy,,,,False,mode_s
7cf925,2026-09-21 06:26:38.950674,ASY753,A41-211,1062,Unavailable,-0.2,108.7,C-17A Globemaster,,,,False,mode_s
aeed5f,2026-09-21 06:27:39.135549,UNK C/S,,0771,11950,35.240494,-99.690414,E-6B TACAMO,271,288,-18,False,mlat
ae07d8,2026-09-21 06:27:39.135566,MCFAMC,92-3294,5171,32044,54.081402,-46.900463,C-17A Globemaster,243,,,False,adsc
ae07dc,2026-09-21 06:27:39.135572,RCH745,93-0602,0125,30000,50.325531,-6.42534,C-17A Globemaster,252,431,0,False,adsb_icao
ae4d69,2026-09-21 06:27:39.135578,RCH145,10-0216,2315,32000,45.786617,4.80307,C-17A Globemaster,7,424,0,False,mlat
ae123f,2026-09-21 06:27:39.135582,MOOSE63,04-4134,1146,36000,48.581841,18.32782,C-17A Globemaster,304,393,0,False,mlat
ae07be,2026-09-21 06:27:39.135590,UNK C/S,62-3578,3431,27350,25.429356,55.91647,KC-135R Stratotanker,270,376,-448,False,mlat
ae0366,2026-09-21 06:27:39.135600,UNK C/S,62-3575,0467,28000,33.985497,132.095932,KC-135R Stratotanker,204,453,0,False,mlat
ae5fa6,2026-09-21 06:27:39.135614,UNK C/S,11-46059,3263,23000,25.3,55.9,KC-46A Pegasus,,,,False,mode_s
aef421,2026-09-21 06:27:39.135620,UNK C/S,23-46118,3265,29000,24.9,54.8,KC-46A Pegasus,,,,False,mode_s
7cf925,2026-09-21 06:27:39.135625,ASY753,A41-211,1062,34025,-0.2,108.7,C-17A Globemaster,,,,False,mode_s
ae63bc,2026-09-21 06:27:39.135632,UNK C/S,20-46080,3275,13200,26.0,50.9,KC-46A Pegasus,,,,False,mode_s
ae0568,2026-09-21 06:27:39.135637,RCH9206,86-0011,0754,35000,45.3,-60.0,C-5M Galaxy,,,,False,mode_s
aeed5f,2026-09-21 06:28:39.358476,UNK C/S,,0771,11950,35.24115,-99.778969,E-6B TACAMO,272,271,0,False,mlat
ae07d8,2026-09-21 06:28:39.358489,MCFAMC,92-3294,5171,32044,54.081402,-46.900463,C-17A Globemaster,243,,,False,adsc
ae07dc,2026-09-21 06:28:39.358495,RCH745,93-0602,0125,30000,50.289505,-6.605963,C-17A Globemaster,252,433,-64,False,adsb_icao
ae4d69,2026-09-21 06:28:39.358501,RCH145,10-0216,2315,32000,45.909756,4.826594,C-17A Globemaster,12,399,0,False,mlat
ae123f,2026-09-21 06:28:39.358505,MOOSE63,04-4134,1146,36000,48.644878,18.191515,C-17A Globemaster,305,370,0,False,mlat
aef421,2026-09-21 06:28:39.358511,UNK C/S,23-46118,3265,29000,24.59203,54.130222,KC-46A Pegasus,,,-75,False,mlat
ae07be,2026-09-21 06:28:39.358516,UNK C/S,62-3578,3431,26975,25.43088,55.806084,KC-135R Stratotanker,270,382,0,False,mlat
7cf925,2026-09-21 06:28:39.358525,ASY753,A41-211,1062,34025,-2.009148,108.113235,C-17A Globemaster,310,471,,False,adsb_icao
ae0366,2026-09-21 06:28:39.358534,UNK C/S,62-3575,0467,28000,33.860561,132.033325,KC-135R Stratotanker,205,453,0,False,mlat
ae5fa6,2026-09-21 06:28:39.358546,UNK C/S,11-46059,3263,23000,24.7,56.0,KC-46A Pegasus,,,,False,mode_s
ae63bc,2026-09-21 06:28:39.358555,UNK C/S,20-46080,3275,13125,26.4,50.6,KC-46A Pegasus,,,,False,mode_s
ae0568,2026-09-21 06:28:39.358559,RCH9206,86-0011,0754,35000,45.5,-59.8,C-5M Galaxy,,,,False,mode_s
aeed5f,2026-09-21 06:29:39.564837,UNK C/S,,0771,11900,35.241039,-99.875191,E-6B TACAMO,271,276,-89,False,mlat
ae07d8,2026-09-21 06:29:39.564851,MCFAMC,92-3294,5171,32044,54.081402,-46.900463,C-17A Globemaster,243,,,False,adsc
ae07dc,2026-09-21 06:29:39.564857,RCH745,93-0602,0125,30000,50.253571,-6.784636,C-17A Globemaster,252,432,0,False,adsb_icao
ae4d69,2026-09-21 06:29:39.564861,RCH145,10-0216,2315,32000,46.021446,4.847528,C-17A Globemaster,6,415,0,False,mlat
ae123f,2026-09-21 06:29:39.564866,MOOSE63,04-4134,1146,36000,48.701942,18.067471,C-17A Globemaster,306,398,0,False,mlat
aef421,2026-09-21 06:29:39.564873,UNK C/S,23-46118,3265,29000,24.542486,54.303204,KC-46A Pegasus,,,-63,False,mlat
ae07be,2026-09-21 06:29:39.564878,UNK C/S,62-3578,3431,27000,25.419916,55.679916,KC-135R Stratotanker,270,376,0,False,mlat
7cf925,2026-09-21 06:29:39.564886,ASY753,A41-211,1062,34025,-1.929886,108.021301,C-17A Globemaster,,,,False,adsb_icao
ae0366,2026-09-21 06:29:39.564893,UNK C/S,62-3575,0467,28000,33.752216,131.97879,KC-135R Stratotanker,199,474,0,False,mlat
ae5fa6,2026-09-21 06:29:39.564906,UNK C/S,11-46059,3263,23000,25.0,55.9,KC-46A Pegasus,,,,False,mode_s
ae63bc,2026-09-21 06:29:39.564915,UNK C/S,20-46080,3275,Unavailable,26.3,50.4,KC-46A Pegasus,,,,False,mode_s
ae0568,2026-09-21 06:29:39.564919,RCH9206,86-0011,0754,35000,45.7,-59.4,C-5M Galaxy,,,,False,mode_s
aeed5f,2026-09-21 06:30:39.783566,UNK C/S,,0771,11900,35.242088,-99.971458,E-6B TACAMO,270,269,0,False,mlat
ae07d8,2026-09-21 06:30:39.783579,MCFAMC,92-3294,5171,32044,54.081402,-46.900463,C-17A Globemaster,243,,,False,adsc
ae07dc,2026-09-21 06:30:39.783585,RCH745,93-0602,0125,29975,50.248764,-6.968946,C-17A Globemaster,280,435,-128,False,adsb_icao
ae4d69,2026-09-21 06:30:39.783589,RCH145,10-0216,2315,32000,46.140373,4.870967,C-17A Globemaster,7,420,0,False,mlat
ae123f,2026-09-21 06:30:39.783594,MOOSE63,04-4134,1146,36000,48.763382,17.935423,C-17A Globemaster,306,382,0,False,mlat
ae07be,2026-09-21 06:30:39.783601,UNK C/S,62-3578,3431,27000,25.423828,55.563206,KC-135R Stratotanker,270,372,0,False,mlat
7cf925,2026-09-21 06:30:39.783609,ASY753,A41-211,1062,34025,-1.827501,107.902603,C-17A Globemaster,310,474,-64,False,adsb_icao
ae0366,2026-09-21 06:30:39.783616,UNK C/S,62-3575,0467,28000,33.653137,131.879639,KC-135R Stratotanker,225,462,0,False,mlat
ae5fa6,2026-09-21 06:30:39.783629,UNK C/S,11-46059,3263,23000,24.9,56.1,KC-46A Pegasus,,,,False,mode_s
aef421,2026-09-21 06:30:39.783634,UNK C/S,23-46118,3265,28400,25.0,55.0,KC-46A Pegasus,,,,False,mode_s
ae0568,2026-09-21 06:30:39.783642,RCH9206,86-0011,0754,35000,45.6,-59.3,C-5M Galaxy,,,,False,mode_s
aeed5f,2026-09-21 06:31:39.978886,UNK C/S,,0771,11875,35.242661,-100.064201,E-6B TACAMO,269,277,72,False,mlat
ae07d8,2026-09-21 06:31:39.978900,MCFAMC,92-3294,5171,32044,54.081402,-46.900463,C-17A Globemaster,243,,,False,adsc
ae07dc,2026-09-21 06:31:39.978906,RCH745,93-0602,0125,30000,50.272064,-7.152967,C-17A Globemaster,281,436,-64,False,adsb_icao
ae4d69,2026-09-21 06:31:39.978911,RCH145,10-0216,2315,32000,46.247993,4.891734,C-17A Globemaster,7,400,0,False,mlat
ae123f,2026-09-21 06:31:39.978916,MOOSE63,04-4134,1146,36000,48.82077,17.807266,C-17A Globemaster,304,377,0,False,mlat
aef421,2026-09-21 06:31:39.978922,UNK C/S,23-46118,3265,28000,24.578495,54.516747,KC-46A Pegasus,,,69,False,mlat
ae07be,2026-09-21 06:31:39.978927,UNK C/S,62-3578,3431,27000,25.402931,55.457184,KC-135R Stratotanker,215,368,0,False,mlat
7cf925,2026-09-21 06:31:39.978936,ASY753,A41-211,1062,34025,-1.741566,107.803017,C-17A Globemaster,310,471,32,False,adsb_icao
ae0366,2026-09-21 06:31:39.978943,UNK C/S,62-3575,0467,28000,33.554596,131.787308,KC-135R Stratotanker,215,440,0,False,mlat
ae5fa6,2026-09-21 06:31:39.978956,UNK C/S,11-46059,3263,23000,24.8,55.8,KC-46A Pegasus,,,,False,mode_s
ae0568,2026-09-21 06:31:39.978965,RCH9206,86-0011,0754,35000,45.7,-59.4,C-5M Galaxy,,,,False,mode_s
aeed5f,2026-09-21 06:32:40.176956,UNK C/S,,0771,11900,35.222874,-100.132736,E-6B TACAMO,267,249,11,False,mlat
ae07d8,2026-09-21 06:32:40.176972,MCFAMC,92-3294,5171,32044,54.081402,-46.900463,C-17A Globemaster,243,,,False,adsc
ae07dc,2026-09-21 06:32:40.176978,RCH745,93-0602,0125,30000,50.296463,-7.34118,C-17A Globemaster,281,439,-96,False,adsb_icao
ae4d69,2026-09-21 06:32:40.176983,RCH145,10-0216,2315,32000,46.366283,4.916325,C-17A Globemaster,7,430,0,False,mlat
ae123f,2026-09-21 06:32:40.176988,MOOSE63,04-4134,1146,35525,48.880482,17.665754,C-17A Globemaster,298,356,-871,False,mlat
aef421,2026-09-21 06:32:40.176994,UNK C/S,23-46118,3265,28025,24.630129,54.667213,KC-46A Pegasus,93,403,0,False,mlat
ae07be,2026-09-21 06:32:40.176999,UNK C/S,62-3578,3431,27000,25.280684,55.4515,KC-135R Stratotanker,161,368,0,False,mlat
7cf925,2026-09-21 06:32:40.177008,ASY753,A41-211,1062,34025,-1.655351,107.703049,C-17A Globemaster,310,473,,False,adsb_icao
ae0366,2026-09-21 06:32:40.177017,UNK C/S,62-3575,0467,28000,33.45158,131.704315,KC-135R Stratotanker,212,441,0,False,mlat
ae5fa6,2026-09-21 06:32:40.177031,UNK C/S,11-46059,3263,23000,24.7,55.7,KC-46A Pegasus,,,,False,mode_s
ae63bc,2026-09-21 06:32:40.177040,UNK C/S,20-46080,3275,Unavailable,26.6,50.8,KC-46A Pegasus,,,,False,mode_s
ae0568,2026-09-21 06:32:40.177044,RCH9206,86-0011,0754,35000,45.6,-59.3,C-5M Galaxy,,,,False,mode_s
aeed5f,2026-09-21 06:33:40.377398,UNK C/S,,0771,11875,35.242699,-100.248306,E-6B TACAMO,273,252,24,False,mlat
ae07d8,2026-09-21 06:33:40.377412,MCFAMC,92-3294,5171,32044,54.081402,-46.900463,C-17A Globemaster,243,,,False,adsc
ae07dc,2026-09-21 06:33:40.377418,RCH745,93-0602,0125,30000,50.319946,-7.526791,C-17A Globemaster,281,437,0,False,adsb_icao
ae4d69,2026-09-21 06:33:40.377423,RCH145,10-0216,2315,32000,46.474339,4.937966,C-17A Globemaster,9,419,0,False,mlat
ae123f,2026-09-21 06:33:40.377428,MOOSE63,04-4134,1146,34550,48.927635,17.520777,C-17A Globemaster,296,410,-968,False,mlat
aef421,2026-09-21 06:33:40.377434,UNK C/S,23-46118,3265,28025,24.66691,54.798378,KC-46A Pegasus,72,481,-27,False,mlat
ae07be,2026-09-21 06:33:40.377439,UNK C/S,62-3578,3431,27000,25.216263,55.51865,KC-135R Stratotanker,100,370,-128,False,mlat
7cf925,2026-09-21 06:33:40.377447,ASY753,A41-211,1062,34025,-1.569305,107.60331,C-17A Globemaster,310,472,-64,False,adsb_icao
ae0366,2026-09-21 06:33:40.377455,UNK C/S,62-3575,0467,28000,33.33791,131.628311,KC-135R Stratotanker,208,467,0,False,mlat
ae5fa6,2026-09-21 06:33:40.377467,UNK C/S,11-46059,3263,23000,24.8,56.1,KC-46A Pegasus,,,,False,mode_s
ae63bc,2026-09-21 06:33:40.377477,UNK C/S,20-46080,3275,Unavailable,26.8,51.2,KC-46A Pegasus,,,,False,mode_s
ae0568,2026-09-21 06:33:40.377481,RCH9206,86-0011,0754,35025,45.6,-59.3,C-5M Galaxy,,,,False,mode_s
aeed5f,2026-09-21 06:34:40.592709,UNK C/S,,0771,11875,35.238796,-100.32122,E-6B TACAMO,270,274,24,False,mlat
ae07d8,2026-09-21 06:34:40.592724,MCFAMC,92-3294,5171,32044,54.081402,-46.900463,C-17A Globemaster,243,,,False,adsc
ae07dc,2026-09-21 06:34:40.592730,RCH745,93-0602,0125,30000,50.343079,-7.713293,C-17A Globemaster,280,439,-32,False,adsb_icao
ae4d69,2026-09-21 06:34:40.592734,RCH145,10-0216,2315,32000,46.58411,4.982828,C-17A Globemaster,24,414,0,False,mlat
ae123f,2026-09-21 06:34:40.592739,MOOSE63,04-4134,1146,33550,48.970318,17.393831,C-17A Globemaster,298,384,-1028,False,mlat
aef421,2026-09-21 06:34:40.592745,UNK C/S,23-46118,3265,28000,24.715166,54.917828,KC-46A Pegasus,75,460,-5,False,mlat
ae07be,2026-09-21 06:34:40.592749,UNK C/S,62-3578,3431,27000,25.259026,55.622845,KC-135R Stratotanker,34,402,0,False,mlat
7cf925,2026-09-21 06:34:40.592759,ASY753,A41-211,1062,34025,-1.543945,107.573982,C-17A Globemaster,310,470,,False,adsb_icao
ae0366,2026-09-21 06:34:40.592768,UNK C/S,62-3575,0467,28000,33.227047,131.559937,KC-135R Stratotanker,208,461,0,False,mlat
ae5fa6,2026-09-21 06:34:40.592781,UNK C/S,11-46059,3263,23000,25.0,55.4,KC-46A Pegasus,,,,False,mode_s
ae63bc,2026-09-21 06:34:40.592790,UNK C/S,20-46080,3275,Unavailable,26.9,50.5,KC-46A Pegasus,,,,False,mode_s
ae0568,2026-09-21 06:34:40.592794,RCH9206,86-0011,0754,35000,45.6,-59.3,C-5M Galaxy,,,,False,mode_s
aeed5f,2026-09-21 06:35:40.798120,UNK C/S,,0771,11875,35.24184,-100.434708,E-6B TACAMO,271,287,-39,False,mlat
ae07d8,2026-09-21 06:35:40.798134,MCFAMC,92-3294,5171,32044,54.081402,-46.900463,C-17A Globemaster,243,,,False,adsc
ae07dc,2026-09-21 06:35:40.798140,RCH745,93-0602,0125,30000,50.365952,-7.901049,C-17A Globemaster,280,440,-32,False,adsb_icao
ae4d69,2026-09-21 06:35:40.798145,RCH145,10-0216,2315,32000,46.701344,5.054482,C-17A Globemaster,24,440,0,False,mlat
ae123f,2026-09-21 06:35:40.798150,MOOSE63,04-4134,1146,32575,49.0187,17.245743,C-17A Globemaster,300,344,-945,False,mlat
aef421,2026-09-21 06:35:40.798155,UNK C/S,23-46118,3265,28000,24.751385,55.041492,KC-46A Pegasus,71,396,-53,False,mlat
ae07be,2026-09-21 06:35:40.798160,UNK C/S,62-3578,3431,27000,25.369278,55.6394,KC-135R Stratotanker,341,432,64,False,mlat
ae0366,2026-09-21 06:35:40.798171,UNK C/S,62-3575,0467,28000,33.123959,131.491577,KC-135R Stratotanker,206,436,0,False,mlat
ae5fa6,2026-09-21 06:35:40.798183,UNK C/S,11-46059,3263,23000,24.9,55.8,KC-46A Pegasus,,,,False,mode_s
ae63bc,2026-09-21 06:35:40.798191,UNK C/S,20-46080,3275,2550,25.8,49.8,KC-46A Pegasus,,,,False,mode_s
ae0568,2026-09-21 06:35:40.798195,RCH9206,86-0011,0754,35025,45.6,-59.3,C-5M Galaxy,,,,False,mode_s
ae07f5,2026-09-21 06:36:40.982723,RCH709,97-0043,2000,34000,23.34874,-151.92099,C-17A Globemaster,242,429,-64,False,adsb_icao
aeed5f,2026-09-21 06:36:40.982737,UNK C/S,,0771,11875,35.241859,-100.525055,E-6B TACAMO,267,278,27,False,mlat
ae07d8,2026-09-21 06:36:40.982745,MCFAMC,92-3294,5171,32044,54.081402,-46.900463,C-17A Globemaster,243,,,False,adsc
ae07dc,2026-09-21 06:36:40.982750,RCH745,93-0602,0125,30000,50.388519,-8.088612,C-17A Globemaster,280,439,0,False,adsb_icao
ae4d69,2026-09-21 06:36:40.982754,RCH145,10-0216,2315,32000,46.804951,5.118455,C-17A Globemaster,23,421,0,False,mlat
ae123f,2026-09-21 06:36:40.982759,MOOSE63,04-4134,1146,31600,49.052261,17.120466,C-17A Globemaster,292,354,-961,False,mlat
aef421,2026-09-21 06:36:40.982765,UNK C/S,23-46118,3265,28025,24.789499,55.159298,KC-46A Pegasus,71,391,75,False,mlat
ae07be,2026-09-21 06:36:40.982770,UNK C/S,62-3578,3431,27000,25.444847,55.546043,KC-135R Stratotanker,280,454,0,False,mlat
ae0366,2026-09-21 06:36:40.982782,UNK C/S,62-3575,0467,28000,33.009689,131.415649,KC-135R Stratotanker,208,450,0,False,mlat
ae5fa6,2026-09-21 06:36:40.982794,UNK C/S,11-46059,3263,23025,24.8,55.7,KC-46A Pegasus,,,,False,mode_s
ae63bc,2026-09-21 06:36:40.982804,UNK C/S,20-46080,3275,2425,25.5,49.6,KC-46A Pegasus,,,,False,mode_s
ae0568,2026-09-21 06:36:40.982808,RCH9206,86-0011,0754,35000,45.6,-59.3,C-5M Galaxy,,,,False,mode_s
ae07f5,2026-09-21 06:37:41.203510,RCH709,97-0043,2000,34000,23.311569,-151.996643,C-17A Globemaster,241,428,-128,False,adsb_icao
aeed5f,2026-09-21 06:37:41.203525,UNK C/S,,0771,11875,35.244102,-100.622643,E-6B TACAMO,274,281,7,False,mlat
ae07d8,2026-09-21 06:37:41.203532,MCFAMC,92-3294,5171,32044,54.081402,-46.900463,C-17A Globemaster,243,,,False,adsc
ae07dc,2026-09-21 06:37:41.203538,RCH745,93-0602,0125,30000,50.41095,-8.277331,C-17A Globemaster,280,440,-96,False,adsb_icao
ae4d69,2026-09-21 06:37:41.203542,RCH145,10-0216,2315,32000,46.914738,5.183807,C-17A Globemaster,23,446,0,False,mlat
ae123f,2026-09-21 06:37:41.203547,MOOSE63,04-4134,1146,30600,49.089485,16.980549,C-17A Globemaster,293,346,-1018,False,mlat
aef421,2026-09-21 06:37:41.203553,UNK C/S,23-46118,3265,28025,24.805679,55.276276,KC-46A Pegasus,99,358,74,False,mlat
ae07be,2026-09-21 06:37:41.203558,UNK C/S,62-3578,3431,27000,25.412687,55.423088,KC-135R Stratotanker,224,470,64,False,mlat
7cf925,2026-09-21 06:37:41.203565,ASY753,A41-211,1062,34000,-1.240219,107.225861,C-17A Globemaster,311,472,,False,adsb_icao
ae0366,2026-09-21 06:37:41.203574,UNK C/S,62-3575,0467,28000,32.898109,131.345016,KC-135R Stratotanker,209,443,0,False,mlat
ae5fa6,2026-09-21 06:37:41.203586,UNK C/S,11-46059,3263,23025,24.5,56.1,KC-46A Pegasus,,,,False,mode_s
ae63bc,2026-09-21 06:37:41.203597,UNK C/S,20-46080,3275,1100,26.4,51.8,KC-46A Pegasus,,,,False,mode_s
ae0568,2026-09-21 06:37:41.203601,RCH9206,86-0011,0754,35000,45.6,-59.3,C-5M Galaxy,,,,False,mode_s
ae07f5,2026-09-21 06:38:41.393235,RCH709,97-0043,2000,34000,23.250143,-152.121384,C-17A Globemaster,241,427,128,False,adsb_icao
aeed5f,2026-09-21 06:38:41.393248,UNK C/S,,0771,11900,35.253578,-100.681015,E-6B TACAMO,289,239,-3,False,mlat
ae07d8,2026-09-21 06:38:41.393256,MCFAMC,92-3294,5171,32044,54.081402,-46.900463,C-17A Globemaster,243,,,False,adsc
ae07dc,2026-09-21 06:38:41.393261,RCH745,93-0602,0125,30000,50.43325,-8.466376,C-17A Globemaster,280,441,0,False,adsb_icao
ae4d69,2026-09-21 06:38:41.393265,RCH145,10-0216,2315,32000,47.013744,5.244015,C-17A Globemaster,25,428,0,False,mlat
ae123f,2026-09-21 06:38:41.393270,MOOSE63,04-4134,1146,29975,49.119907,16.863161,C-17A Globemaster,292,340,-140,False,mlat
ae07be,2026-09-21 06:38:41.393299,UNK C/S,62-3578,3431,27000,25.285791,55.380974,KC-135R Stratotanker,164,478,0,False,mlat
aef421,2026-09-21 06:38:41.393303,UNK C/S,23-46118,3265,28000,24.77433,55.395504,KC-46A Pegasus,106,435,0,False,mlat
ae0366,2026-09-21 06:38:41.393315,UNK C/S,62-3575,0467,28000,32.788349,131.274261,KC-135R Stratotanker,209,456,0,False,mlat
ae5fa6,2026-09-21 06:38:41.393327,UNK C/S,11-46059,3263,23025,24.9,55.8,KC-46A Pegasus,,,,False,mode_s
ae63bc,2026-09-21 06:38:41.393337,UNK C/S,20-46080,3275,375,26.3,50.1,KC-46A Pegasus,,,,False,mode_s
ae0568,2026-09-21 06:38:41.393342,RCH9206,86-0011,0754,35000,45.6,-59.3,C-5M Galaxy,,,,False,mode_s
ae07f5,2026-09-21 06:39:41.584661,RCH709,97-0043,2000,34000,23.220581,-152.181396,C-17A Globemaster,241,427,-64,False,adsb_icao
aeed5f,2026-09-21 06:39:41.584679,UNK C/S,,0771,11875,35.242676,-100.799553,E-6B TACAMO,265,286,-4,False,mlat
ae07d8,2026-09-21 06:39:41.584687,MCFAMC,92-3294,5171,32044,54.081402,-46.900463,C-17A Globemaster,243,,,False,adsc
ae07dc,2026-09-21 06:39:41.584693,RCH745,93-0602,0125,30000,50.45517,-8.655058,C-17A Globemaster,280,444,-64,False,adsb_icao
ae4d69,2026-09-21 06:39:41.584697,RCH145,10-0216,2315,32000,47.124554,5.308024,C-17A Globemaster,23,405,0,False,mlat
ae123f,2026-09-21 06:39:41.584702,MOOSE63,04-4134,1146,29975,49.158661,16.713161,C-17A Globemaster,294,335,-16,False,mlat
ae07be,2026-09-21 06:39:41.584709,UNK C/S,62-3578,3431,27000,25.19788,55.475182,KC-135R Stratotanker,107,478,-128,False,mlat
aef421,2026-09-21 06:39:41.584713,UNK C/S,23-46118,3265,28000,24.760052,55.477818,KC-46A Pegasus,100,333,0,False,mlat
ae0366,2026-09-21 06:39:41.584725,UNK C/S,62-3575,0467,28000,32.675438,131.201935,KC-135R Stratotanker,206,431,0,False,mlat
ae5fa6,2026-09-21 06:39:41.584737,UNK C/S,11-46059,3263,23000,25.1,55.6,KC-46A Pegasus,,,,False,mode_s
7cf925,2026-09-21 06:39:41.584744,ASY753,A41-211,1062,Unavailable,-0.1,108.3,C-17A Globemaster,,,,False,mode_s
ae63bc,2026-09-21 06:39:41.584750,UNK C/S,20-46080,3275,275,26.5,50.0,KC-46A Pegasus,,,,False,mode_s
ae07f5,2026-09-21 06:40:41.783191,RCH709,97-0043,2310,34000,23.13595,-152.3526,C-17A Globemaster,241,427,-64,False,adsb_icao
aeed5f,2026-09-21 06:40:41.783210,UNK C/S,,0771,11875,35.242805,-100.896713,E-6B TACAMO,272,279,-6,False,mlat
ae07d8,2026-09-21 06:40:41.783218,MCFAMC,92-3294,5171,32044,52.696438,-51.243496,C-17A Globemaster,243,,,False,adsc
ae07dc,2026-09-21 06:40:41.783224,RCH745,93-0602,0125,30000,50.476776,-8.847186,C-17A Globemaster,279,445,128,False,adsb_icao
ae4d69,2026-09-21 06:40:41.783228,RCH145,10-0216,2315,32000,47.236698,5.37962,C-17A Globemaster,24,429,0,False,mlat
ae123f,2026-09-21 06:40:41.783233,MOOSE63,04-4134,1146,29975,49.190037,16.577644,C-17A Globemaster,283,334,-36,False,mlat
ae07be,2026-09-21 06:40:41.783240,UNK C/S,62-3578,3431,27000,25.210787,55.614807,KC-135R Stratotanker,57,474,64,False,mlat
aef421,2026-09-21 06:40:41.783245,UNK C/S,23-46118,3265,28000,24.719805,55.624619,KC-46A Pegasus,106,434,0,False,mlat
ae0366,2026-09-21 06:40:41.783256,UNK C/S,62-3575,0467,28000,32.568268,131.133011,KC-135R Stratotanker,209,457,0,False,mlat
ae5fa6,2026-09-21 06:40:41.783269,UNK C/S,11-46059,3263,23025,24.9,56.5,KC-46A Pegasus,,,,False,mode_s
ae07f5,2026-09-21 06:41:42.003878,RCH709,97-0043,2310,34000,23.068726,-152.488235,C-17A Globemaster,241,427,-64,False,adsb_icao
aeed5f,2026-09-21 06:41:42.003895,UNK C/S,,0771,11850,35.241543,-100.975662,E-6B TACAMO,269,278,13,False,mlat
ae07d8,2026-09-21 06:41:42.003903,MCFAMC,92-3294,5171,32044,52.696438,-51.243496,C-17A Globemaster,243,,,False,adsc
ae07dc,2026-09-21 06:41:42.003908,RCH745,93-0602,0125,30000,50.498016,-9.038568,C-17A Globemaster,279,447,0,False,adsb_icao
ae4d69,2026-09-21 06:41:42.003913,RCH145,10-0216,2315,32000,47.341358,5.453458,C-17A Globemaster,28,424,0,False,mlat
ae123f,2026-09-21 06:41:42.003918,MOOSE63,04-4134,1146,30000,49.209003,16.434395,C-17A Globemaster,280,350,2,False,mlat
aef421,2026-09-21 06:41:42.003925,UNK C/S,23-46118,3265,28000,24.692993,55.681099,KC-46A Pegasus,130,467,45,False,mlat
ae07be,2026-09-21 06:41:42.003929,UNK C/S,62-3578,3431,27000,25.315254,55.686897,KC-135R Stratotanker,7,472,-288,False,mlat
ae0366,2026-09-21 06:41:42.003942,UNK C/S,62-3575,0467,28000,32.454361,131.060516,KC-135R Stratotanker,209,455,0,False,mlat
ae5fa6,2026-09-21 06:41:42.003955,UNK C/S,11-46059,3263,23000,24.7,55.4,KC-46A Pegasus,,,,False,mode_s
800794,2026-09-21 06:41:42.003964,VUAUG,CB-8007,Unavailable,2600,30.2,75.5,C-17A Globemaster,,,,False,mode_s
ae07f5,2026-09-21 06:42:42.207425,RCH709,97-0043,2310,34000,23.015614,-152.606049,C-17A Globemaster,250,430,-64,False,adsb_icao
aeed5f,2026-09-21 06:42:42.207440,UNK C/S,,0771,11875,35.240993,-101.085007,E-6B TACAMO,268,276,-94,False,mlat
ae07d8,2026-09-21 06:42:42.207448,MCFAMC,92-3294,5171,32048,52.634983,-51.477642,C-17A Globemaster,246,,,False,adsc
ae07dc,2026-09-21 06:42:42.207454,RCH745,93-0602,0125,30000,50.519047,-9.230074,C-17A Globemaster,279,448,0,False,adsb_icao
ae4d69,2026-09-21 06:42:42.207458,RCH145,10-0216,2315,32000,47.453426,5.535104,C-17A Globemaster,28,427,0,False,mlat
ae123f,2026-09-21 06:42:42.207462,MOOSE63,04-4134,1146,30000,49.2271,16.282545,C-17A Globemaster,278,347,0,False,mlat
ae07be,2026-09-21 06:42:42.207469,UNK C/S,62-3578,3431,27000,25.422253,55.647903,KC-135R Stratotanker,310,472,0,False,mlat
aef421,2026-09-21 06:42:42.207473,UNK C/S,23-46118,3265,28000,24.545908,55.70256,KC-46A Pegasus,200,481,0,False,mlat
ae0366,2026-09-21 06:42:42.207484,UNK C/S,62-3575,0467,28000,32.33926,130.988495,KC-135R Stratotanker,208,460,0,False,mlat
ae5fa6,2026-09-21 06:42:42.207496,UNK C/S,11-46059,3263,23025,25.0,56.4,KC-46A Pegasus,,,,False,mode_s
800794,2026-09-21 06:42:42.207505,VUAUG,CB-8007,Unavailable,4575,30.1,75.5,C-17A Globemaster,,,,False,mode_s
ae07f5,2026-09-21 06:43:42.419686,RCH709,97-0043,2310,34025,22.977631,-152.729034,C-17A Globemaster,251,429,-64,False,adsb_icao
aeed5f,2026-09-21 06:43:42.419700,UNK C/S,,0771,11875,35.240631,-101.182404,E-6B TACAMO,271,263,14,False,mlat
ae07d8,2026-09-21 06:43:42.419708,MCFAMC,92-3294,5171,32048,52.634983,-51.477642,C-17A Globemaster,246,,,False,adsc
ae07dc,2026-09-21 06:43:42.419714,RCH745,93-0602,0125,30000,50.540043,-9.42382,C-17A Globemaster,279,448,-64,False,adsb_icao
ae4d69,2026-09-21 06:43:42.419718,RCH145,10-0216,2315,32000,47.556435,5.608767,C-17A Globemaster,26,415,0,False,mlat
ae123f,2026-09-21 06:43:42.419723,MOOSE63,04-4134,1146,30000,49.24493,16.144686,C-17A Globemaster,282,356,66,False,mlat
ae07be,2026-09-21 06:43:42.419730,UNK C/S,62-3578,3431,27000,25.447395,55.505016,KC-135R Stratotanker,244,456,96,False,mlat
aef421,2026-09-21 06:43:42.419734,UNK C/S,23-46118,3265,28000,24.491861,55.619389,KC-46A Pegasus,255,449,0,False,mlat
ae0366,2026-09-21 06:43:42.419746,UNK C/S,62-3575,0467,28000,32.233101,130.920425,KC-135R Stratotanker,208,464,0,False,mlat
ae5fa6,2026-09-21 06:43:42.419759,UNK C/S,11-46059,3263,23000,24.9,55.5,KC-46A Pegasus,,,,False,mode_s
800794,2026-09-21 06:43:42.419776,VUAUG,CB-8007,3330,7350,29.9,75.7,C-17A Globemaster,,,,False,mode_s
ae07f5,2026-09-21 06:44:42.656608,RCH709,97-0043,2310,34000,22.939224,-152.853378,C-17A Globemaster,251,433,-256,False,adsb_icao
aeed5f,2026-09-21 06:44:42.656622,UNK C/S,,0771,11875,35.239208,-101.270447,E-6B TACAMO,268,284,-36,False,mlat
ae07d8,2026-09-21 06:44:42.656630,MCFAMC,92-3294,5171,32048,52.634983,-51.477642,C-17A Globemaster,246,,,False,adsc
ae07dc,2026-09-21 06:44:42.656635,RCH745,93-0602,0125,30000,50.560501,-9.615495,C-17A Globemaster,279,447,-32,False,adsb_icao
ae4d69,2026-09-21 06:44:42.656639,RCH145,10-0216,2315,32000,47.65593,5.688303,C-17A Globemaster,28,421,0,False,mlat
ae123f,2026-09-21 06:44:42.656643,MOOSE63,04-4134,1146,29975,49.263737,15.99445,C-17A Globemaster,114,382,-7,False,mlat
ae07be,2026-09-21 06:44:42.656649,UNK C/S,62-3578,3431,26975,25.362755,55.448051,KC-135R Stratotanker,174,414,64,False,mlat
aef421,2026-09-21 06:44:42.656653,UNK C/S,23-46118,3265,28000,24.534945,55.496113,KC-46A Pegasus,314,508,0,False,mlat
ae0366,2026-09-21 06:44:42.656664,UNK C/S,62-3575,0467,28000,32.123608,130.851639,KC-135R Stratotanker,209,467,0,False,mlat
c87f01,2026-09-21 06:44:42.656673,BOE7572,NZ7572,6541,1475,-36.803696,174.608292,C-32 AIR FORCE TWO,237,147,3264,False,adsb_icao
ae5fa6,2026-09-21 06:44:42.656681,UNK C/S,11-46059,3263,23000,24.8,55.9,KC-46A Pegasus,,,,False,mode_s
800794,2026-09-21 06:44:42.656691,VUAUG,CB-8007,3330,9900,29.8,76.0,C-17A Globemaster,,,,False,mode_s
ae07f5,2026-09-21 06:45:42.884237,RCH709,97-0043,2310,34000,22.901779,-152.974487,C-17A Globemaster,251,430,-64,False,adsb_icao
aeed5f,2026-09-21 06:45:42.884253,UNK C/S,,0771,11875,35.235714,-101.372726,E-6B TACAMO,271,272,-86,False,mlat
ae07d8,2026-09-21 06:45:42.884260,MCFAMC,92-3294,5171,32048,52.479115,-52.080345,C-17A Globemaster,247,,,False,adsc
ae07dc,2026-09-21 06:45:42.884266,RCH745,93-0602,0125,30000,50.580635,-9.807599,C-17A Globemaster,279,446,-64,False,adsb_icao
ae4d69,2026-09-21 06:45:42.884270,RCH145,10-0216,2315,32000,47.756062,5.781857,C-17A Globemaster,27,406,0,False,mlat
ae123f,2026-09-21 06:45:42.884297,MOOSE63,04-4134,1146,29975,49.281422,15.85559,C-17A Globemaster,279,346,-75,False,mlat
aef421,2026-09-21 06:45:42.884304,UNK C/S,23-46118,3265,27550,24.60598,55.381657,KC-46A Pegasus,302,423,-527,False,mlat
ae07be,2026-09-21 06:45:42.884308,UNK C/S,62-3578,3431,27000,25.265898,55.504276,KC-135R Stratotanker,140,380,0,False,mlat
ae0366,2026-09-21 06:45:42.884321,UNK C/S,62-3575,0467,28000,32.017876,130.784073,KC-135R Stratotanker,210,465,0,False,mlat
c87f01,2026-09-21 06:45:42.884330,BOE7572,NZ7572,6541,4000,-36.836655,174.561188,C-32 AIR FORCE TWO,198,223,2880,False,adsb_icao
ae5fa6,2026-09-21 06:45:42.884339,UNK C/S,11-46059,3263,23000,24.9,55.7,KC-46A Pegasus,,,,False,mode_s
800794,2026-09-21 06:45:42.884349,VUAUG,CB-8007,3330,11375,30.0,75.6,C-17A Globemaster,,,,False,mode_s
ae07f5,2026-09-21 06:46:43.116269,RCH709,97-0043,2310,34000,22.863007,-153.099472,C-17A Globemaster,251,431,192,False,adsb_icao
aeed5f,2026-09-21 06:46:43.116307,UNK C/S,,0771,11875,35.23827,-101.465134,E-6B TACAMO,266,307,-6,False,mlat
ae07d8,2026-09-21 06:46:43.116314,MCFAMC,92-3294,5171,32048,52.479115,-52.080345,C-17A Globemaster,247,,,False,adsc
ae07dc,2026-09-21 06:46:43.116319,RCH745,93-0602,0125,30000,50.600559,-10.000899,C-17A Globemaster,279,447,0,False,adsb_icao
ae4d69,2026-09-21 06:46:43.116323,RCH145,10-0216,2315,31650,47.863617,5.841663,C-17A Globemaster,25,377,-632,False,mlat
ae123f,2026-09-21 06:46:43.116328,MOOSE63,04-4134,1146,30000,49.300987,15.702655,C-17A Globemaster,282,351,0,False,mlat
aef421,2026-09-21 06:46:43.116334,UNK C/S,23-46118,3265,27525,24.660648,55.290859,KC-46A Pegasus,304,367,75,False,mlat
ae07be,2026-09-21 06:46:43.116338,UNK C/S,62-3578,3431,27000,25.198795,55.583797,KC-135R Stratotanker,110,360,160,False,mlat
7cf925,2026-09-21 06:46:43.116347,ASY753,A41-211,1062,34000,-0.4827,106.369957,C-17A Globemaster,310,471,,False,adsb_icao
ae0366,2026-09-21 06:46:43.116356,UNK C/S,62-3575,0467,28000,31.899618,130.710648,KC-135R Stratotanker,207,443,0,False,mlat
c87f01,2026-09-21 06:46:43.116365,BOE7572,NZ7572,6541,5350,-36.890881,174.612457,C-32 AIR FORCE TWO,107,299,3328,False,adsb_icao
ae1448,2026-09-21 06:46:43.116372,RCH278,04-4138,2000,Unavailable,22.0,-155.1,C-17A Globemaster,,,,False,mode_s
ae5fa6,2026-09-21 06:46:43.116380,UNK C/S,11-46059,3263,23000,24.8,55.4,KC-46A Pegasus,,,,False,mode_s
800794,2026-09-21 06:46:43.116397,VUAUG,CB-8007,3330,13050,29.7,76.1,C-17A Globemaster,,,,False,mode_s
ae07f5,2026-09-21 06:47:43.345448,RCH709,97-0043,2310,34000,22.824371,-153.223373,C-17A Globemaster,251,432,-384,False,adsb_icao
aeed5f,2026-09-21 06:47:43.345462,UNK C/S,,0771,11875,35.236881,-101.559731,E-6B TACAMO,271,271,-24,False,mlat
ae07d8,2026-09-21 06:47:43.345469,MCFAMC,92-3294,5171,32048,52.479115,-52.080345,C-17A Globemaster,247,,,False,adsc
ae07dc,2026-09-21 06:47:43.345475,RCH745,93-0602,0125,30000,50.620159,-10.194347,C-17A Globemaster,279,447,-32,False,adsb_icao
ae4d69,2026-09-21 06:47:43.345478,RCH145,10-0216,2315,30150,47.969639,5.926778,C-17A Globemaster,27,394,-1498,False,mlat
ae123f,2026-09-21 06:47:43.345483,MOOSE63,04-4134,1146,30000,49.317467,15.564639,C-17A Globemaster,279,353,0,False,mlat
aef421,2026-09-21 06:47:43.345489,UNK C/S,23-46118,3265,27525,24.752693,55.234615,KC-46A Pegasus,352,461,0,False,mlat
ae07be,2026-09-21 06:47:43.345494,UNK C/S,62-3578,3431,27000,25.203457,55.684029,KC-135R Stratotanker,85,360,0,False,mlat
7cf925,2026-09-21 06:47:43.345503,ASY753,A41-211,1062,34025,-0.356964,106.226295,C-17A Globemaster,310,470,-32,False,adsb_icao
ae0366,2026-09-21 06:47:43.345511,UNK C/S,62-3575,0467,28000,31.804193,130.649551,KC-135R Stratotanker,209,492,0,False,mlat
7cf86c,2026-09-21 06:47:43.345520,STAL02,A41-209,4523,175,-27.629126,152.708542,C-17A Globemaster,339,156,,False,adsb_icao
c87f01,2026-09-21 06:47:43.345526,BOE7572,NZ7572,6541,8750,-36.915482,174.71254,C-32 AIR FORCE TWO,106,304,3072,False,adsb_icao
ae1448,2026-09-21 06:47:43.345532,RCH278,04-4138,2000,Unavailable,22.0,-155.1,C-17A Globemaster,,,,False,mode_s
ae5fa6,2026-09-21 06:47:43.345539,UNK C/S,11-46059,3263,23025,25.0,56.5,KC-46A Pegasus,,,,False,mode_s
800794,2026-09-21 06:47:43.345548,VUAUG,CB-8007,3330,15125,30.0,75.7,C-17A Globemaster,,,,False,mode_s
ae07f5,2026-09-21 06:48:43.548455,RCH709,97-0043,2310,34000,22.79892,-153.304871,C-17A Globemaster,251,432,-64,False,adsb_icao
aeed5f,2026-09-21 06:48:43.548472,UNK C/S,,0771,11850,35.237736,-101.652458,E-6B TACAMO,275,280,-75,False,mlat
ae07d8,2026-09-21 06:48:43.548479,MCFAMC,92-3294,5171,32048,52.479115,-52.080345,C-17A Globemaster,247,,,False,adsc
ae07dc,2026-09-21 06:48:43.548484,RCH745,93-0602,0125,30000,50.639282,-10.386417,C-17A Globemaster,278,446,0,False,adsb_icao
ae4d69,2026-09-21 06:48:43.548488,RCH145,10-0216,2315,28675,48.071259,6.004526,C-17A Globemaster,29,436,-1434,False,mlat
ae123f,2026-09-21 06:48:43.548493,MOOSE63,04-4134,1146,30000,49.335232,15.412955,C-17A Globemaster,279,374,0,False,mlat
aef421,2026-09-21 06:48:43.548499,UNK C/S,23-46118,3265,27525,24.846952,55.286568,KC-46A Pegasus,49,412,0,False,mlat
ae07be,2026-09-21 06:48:43.548503,UNK C/S,62-3578,3431,27000,25.20476,55.811668,KC-135R Stratotanker,88,362,0,False,mlat
7cf925,2026-09-21 06:48:43.548513,ASY753,A41-211,1062,34025,-0.270447,106.12751,C-17A Globemaster,310,470,,False,adsb_icao
ae0366,2026-09-21 06:48:43.548521,UNK C/S,62-3575,0467,28000,31.76671,130.625092,KC-135R Stratotanker,209,482,0,False,mode_s
7cf86c,2026-09-21 06:48:43.548530,STAL02,A41-209,4523,1700,-27.627636,152.676788,C-17A Globemaster,174,204,768,False,adsb_icao
c87f01,2026-09-21 06:48:43.548536,BOE7572,NZ7572,6541,10900,-36.949997,174.812927,C-32 AIR FORCE TWO,125,342,1472,False,adsb_icao
ae1448,2026-09-21 06:48:43.548542,RCH278,04-4138,2000,Unavailable,22.0,-155.1,C-17A Globemaster,,,,False,mode_s
ae5fa6,2026-09-21 06:48:43.548550,UNK C/S,11-46059,3263,23000,25.1,55.7,KC-46A Pegasus,,,,False,mode_s
800794,2026-09-21 06:48:43.548558,VUAUG,CB-8007,3330,17500,29.7,76.2,C-17A Globemaster,,,,False,mode_s
ae07f5,2026-09-21 06:49:43.773846,RCH709,97-0043,2310,34000,22.746964,-153.470764,C-17A Globemaster,251,434,-64,False,adsb_icao
aeed5f,2026-09-21 06:49:43.773861,UNK C/S,,0771,11875,35.298252,-101.698021,E-6B TACAMO,6,371,0,False,mlat
ae07d8,2026-09-21 06:49:43.773869,MCFAMC,92-3294,5171,32048,52.479115,-52.080345,C-17A Globemaster,247,,,False,adsc
ae07dc,2026-09-21 06:49:43.773875,RCH745,93-0602,0125,30000,50.658279,-10.580846,C-17A Globemaster,278,447,0,False,adsb_icao
ae4d69,2026-09-21 06:49:43.773879,RCH145,10-0216,2315,27200,48.168282,6.076627,C-17A Globemaster,31,409,-1505,False,mlat
ae123f,2026-09-21 06:49:43.773885,MOOSE63,04-4134,1146,30000,49.353966,15.25167,C-17A Globemaster,278,372,-9,False,mlat
aef421,2026-09-21 06:49:43.773891,UNK C/S,23-46118,3265,27525,24.873219,55.400352,KC-46A Pegasus,107,466,0,False,mlat
ae07be,2026-09-21 06:49:43.773896,UNK C/S,62-3578,3431,27000,25.212202,55.886826,KC-135R Stratotanker,89,364,0,False,mlat
7cf925,2026-09-21 06:49:43.773905,ASY753,A41-211,1062,34025,-0.184113,106.028915,C-17A Globemaster,310,470,64,False,adsb_icao
ae0366,2026-09-21 06:49:43.773913,UNK C/S,62-3575,0467,28000,31.606043,130.54303,KC-135R Stratotanker,200,326,0,False,mlat
7cf86c,2026-09-21 06:49:43.773922,STAL02,A41-209,4523,4025,-27.690994,152.700165,C-17A Globemaster,160,260,3520,False,adsb_icao
c87f01,2026-09-21 06:49:43.773928,BOE7572,NZ7572,6541,12675,-37.036449,174.870041,C-32 AIR FORCE TWO,163,369,2112,False,adsb_icao
ae1448,2026-09-21 06:49:43.773935,RCH278,04-4138,2000,Unavailable,22.0,-155.1,C-17A Globemaster,,,,False,mode_s
ae5fa6,2026-09-21 06:49:43.773943,UNK C/S,11-46059,3263,23000,25.4,56.6,KC-46A Pegasus,,,,False,mode_s
ae63be,2026-09-21 06:49:43.773948,UNK C/S,20-46082,Unavailable,Unavailable,25.2,49.3,KC-46A Pegasus,,,,False,mode_s
800794,2026-09-21 06:49:43.773955,VUAUG,CB-8007,3330,19300,29.8,75.9,C-17A Globemaster,,,,False,mode_s
ae07f5,2026-09-21 06:50:43.981120,RCH709,97-0043,2310,34000,22.708099,-153.594254,C-17A Globemaster,251,433,-128,False,adsb_icao
aeed5f,2026-09-21 06:50:43.981135,UNK C/S,,0771,11875,35.328999,-101.60965,E-6B TACAMO,90,380,0,False,mlat
ae07d8,2026-09-21 06:50:43.981142,MCFAMC,92-3294,5171,32048,52.479115,-52.080345,C-17A Globemaster,247,,,False,adsc
ae07dc,2026-09-21 06:50:43.981148,RCH745,93-0602,0125,30000,50.676819,-10.773654,C-17A Globemaster,278,446,0,False,adsb_icao
ae4d69,2026-09-21 06:50:43.981152,RCH145,10-0216,2315,25700,48.267948,6.154004,C-17A Globemaster,27,422,-1476,False,mlat
ae123f,2026-09-21 06:50:43.981157,MOOSE63,04-4134,1146,29975,49.373028,15.090337,C-17A Globemaster,281,371,54,False,mlat
aef421,2026-09-21 06:50:43.981163,UNK C/S,23-46118,3265,27500,24.810099,55.500282,KC-46A Pegasus,130,415,-1,False,mlat
ae07be,2026-09-21 06:50:43.981168,UNK C/S,62-3578,3431,27000,25.249704,56.012093,KC-135R Stratotanker,40,362,0,False,mlat
7cf925,2026-09-21 06:50:43.981176,ASY753,A41-211,1062,33600,-0.100067,105.933105,C-17A Globemaster,311,474,-1184,False,adsb_icao
7cf86c,2026-09-21 06:50:43.981187,STAL02,A41-209,4523,6975,-27.766268,152.69696,C-17A Globemaster,190,287,3136,False,adsb_icao
c87f01,2026-09-21 06:50:43.981192,BOE7572,NZ7572,6541,15175,-37.137589,174.907898,C-32 AIR FORCE TWO,163,385,2880,False,adsb_icao
ae1448,2026-09-21 06:50:43.981198,RCH278,04-4138,2000,Unavailable,22.0,-155.1,C-17A Globemaster,,,,False,mode_s
ae0163,2026-09-21 06:50:43.981204,UNK C/S,58-0052,Unavailable,Unavailable,27.3,51.9,KC-135R Stratotanker,,,,False,mode_s
ae5fa6,2026-09-21 06:50:43.981209,UNK C/S,11-46059,3263,23000,25.1,57.2,KC-46A Pegasus,,,,False,mode_s
ae63be,2026-09-21 06:50:43.981214,UNK C/S,20-46082,Unavailable,Unavailable,25.2,49.3,KC-46A Pegasus,,,,False,mode_s
ae0366,2026-09-21 06:50:43.981220,UNK C/S,62-3575,0467,28000,31.3,131.1,KC-135R Stratotanker,,,,False,mode_s
800794,2026-09-21 06:50:43.981225,VUAUG,CB-8007,3330,20025,29.8,75.9,C-17A Globemaster,,,,False,mode_s
ae07f5,2026-09-21 06:51:44.213229,RCH709,97-0043,2310,34000,22.67108,-153.711746,C-17A Globemaster,251,429,-384,False,adsb_icao
aeed5f,2026-09-21 06:51:44.213246,UNK C/S,,0771,11875,35.276211,-101.528786,E-6B TACAMO,153,388,0,False,mlat
ae07d8,2026-09-21 06:51:44.213254,MCFAMC,92-3294,5171,32048,52.479115,-52.080345,C-17A Globemaster,247,,,False,adsc
ae07dc,2026-09-21 06:51:44.213260,RCH745,93-0602,0125,30000,50.695293,-10.969162,C-17A Globemaster,278,449,0,False,adsb_icao
ae4d69,2026-09-21 06:51:44.213264,RCH145,10-0216,2315,24225,48.35947,6.22729,C-17A Globemaster,31,429,-1504,False,mlat
ae123f,2026-09-21 06:51:44.213269,MOOSE63,04-4134,1146,29975,49.392056,14.929563,C-17A Globemaster,279,378,0,False,mlat
aef421,2026-09-21 06:51:44.213300,UNK C/S,23-46118,3265,27500,24.75396,55.597775,KC-46A Pegasus,125,412,0,False,mlat
ae07be,2026-09-21 06:51:44.213305,UNK C/S,62-3578,3431,27000,25.334057,56.047405,KC-135R Stratotanker,346,360,0,False,mlat
7cf925,2026-09-21 06:51:44.213313,ASY753,A41-211,1062,32325,-0.009916,105.830116,C-17A Globemaster,311,479,-1568,False,adsb_icao
7cf86c,2026-09-21 06:51:44.213326,STAL02,A41-209,4523,10350,-27.846804,152.679794,C-17A Globemaster,191,296,2272,False,adsb_icao
c87f01,2026-09-21 06:51:44.213331,BOE7572,NZ7572,6541,17575,-37.24205,174.947861,C-32 AIR FORCE TWO,162,399,1984,False,adsb_icao
ae1448,2026-09-21 06:51:44.213337,RCH278,04-4138,2000,Unavailable,22.0,-155.1,C-17A Globemaster,,,,False,mode_s
ae0163,2026-09-21 06:51:44.213344,UNK C/S,58-0052,3266,Unavailable,27.0,50.9,KC-135R Stratotanker,341,250,992,False,mode_s
ae5fa6,2026-09-21 06:51:44.213349,UNK C/S,11-46059,3263,23000,25.1,57.3,KC-46A Pegasus,,,,False,mode_s
ae0568,2026-09-21 06:51:44.213354,RCH9206,86-0011,0754,Unavailable,48.3,-52.7,C-5M Galaxy,,,,False,mode_s
ae63be,2026-09-21 06:51:44.213357,UNK C/S,20-46082,7521,23025,25.2,49.3,KC-46A Pegasus,,,,False,mode_s
ae0366,2026-09-21 06:51:44.213363,UNK C/S,62-3575,0467,28000,31.1,131.4,KC-135R Stratotanker,,,,False,mode_s
800794,2026-09-21 06:51:44.213369,VUAUG,CB-8007,3330,20000,30.0,75.7,C-17A Globemaster,,,,False,mode_s
ae07f5,2026-09-21 06:52:44.429393,RCH709,97-0043,2310,34000,22.630718,-153.839523,C-17A Globemaster,251,428,-192,False,adsb_icao
aeed5f,2026-09-21 06:52:44.429423,UNK C/S,,0771,11875,35.249565,-101.439262,E-6B TACAMO,83,305,15,False,mlat
ae07d8,2026-09-21 06:52:44.429436,MCFAMC,92-3294,5171,32048,52.479115,-52.080345,C-17A Globemaster,247,,,False,adsc
ae07dc,2026-09-21 06:52:44.429444,RCH745,93-0602,0125,30000,50.713257,-11.163074,C-17A Globemaster,278,450,0,False,adsb_icao
ae4d69,2026-09-21 06:52:44.429450,RCH145,10-0216,2315,22725,48.478027,6.319511,C-17A Globemaster,33,411,-1496,False,mlat
ae123f,2026-09-21 06:52:44.429460,MOOSE63,04-4134,1146,29975,49.40889,14.778107,C-17A Globemaster,280,375,0,False,mlat
aef421,2026-09-21 06:52:44.429478,UNK C/S,23-46118,3265,27525,24.687017,55.688416,KC-46A Pegasus,133,365,74,False,mlat
ae07be,2026-09-21 06:52:44.429485,UNK C/S,62-3578,3431,27000,25.413687,55.985737,KC-135R Stratotanker,293,360,64,False,mlat
7cf925,2026-09-21 06:52:44.429501,ASY753,A41-211,1062,30725,0.078534,105.728966,C-17A Globemaster,310,484,-1760,False,adsb_icao
7cf86c,2026-09-21 06:52:44.429523,STAL02,A41-209,4523,12375,-27.934845,152.660309,C-17A Globemaster,191,343,1696,False,adsb_icao
c87f01,2026-09-21 06:52:44.429533,BOE7572,NZ7572,6541,19650,-37.350769,174.989883,C-32 AIR FORCE TWO,162,415,1984,False,adsb_icao
ae1448,2026-09-21 06:52:44.429542,RCH278,04-4138,2000,Unavailable,22.0,-155.1,C-17A Globemaster,,,,False,mode_s
ae0163,2026-09-21 06:52:44.429554,UNK C/S,58-0052,3266,6075,27.3,49.4,KC-135R Stratotanker,258,274,2656,False,mode_s
ae5fa6,2026-09-21 06:52:44.429563,UNK C/S,11-46059,3263,23025,25.4,57.8,KC-46A Pegasus,,,,False,mode_s
ae0568,2026-09-21 06:52:44.429571,RCH9206,86-0011,0754,Unavailable,47.3,-54.1,C-5M Galaxy,,,,False,mode_s
ae63be,2026-09-21 06:52:44.429577,UNK C/S,20-46082,7521,23025,25.2,49.3,KC-46A Pegasus,,,,False,mode_s
ae0366,2026-09-21 06:52:44.429587,UNK C/S,62-3575,0467,28000,31.2,131.4,KC-135R Stratotanker,,,,False,mode_s
800794,2026-09-21 06:52:44.429596,VUAUG,CB-8007,3330,20000,29.8,75.9,C-17A Globemaster,,,,False,mode_s
ae07f5,2026-09-21 06:53:44.633089,RCH709,97-0043,2310,34000,22.592606,-153.959549,C-17A Globemaster,251,427,-128,False,adsb_icao
aeed5f,2026-09-21 06:53:44.633107,UNK C/S,,0771,11875,35.25732,-101.32943,E-6B TACAMO,82,339,0,False,mlat
ae07d8,2026-09-21 06:53:44.633115,MCFAMC,92-3294,5171,32048,52.479115,-52.080345,C-17A Globemaster,247,,,False,adsc
ae07dc,2026-09-21 06:53:44.633120,RCH745,93-0602,0125,30000,50.730698,-11.355187,C-17A Globemaster,278,448,-128,False,adsb_icao
ae4d69,2026-09-21 06:53:44.633124,RCH145,10-0216,2315,21225,48.56966,6.412943,C-17A Globemaster,36,402,-1503,False,mlat
ae123f,2026-09-21 06:53:44.633129,MOOSE63,04-4134,1146,29975,49.426952,14.619595,C-17A Globemaster,279,372,11,False,mlat
aef421,2026-09-21 06:53:44.633137,UNK C/S,23-46118,3265,27500,24.642462,55.647057,KC-46A Pegasus,189,418,0,False,mlat
ae07be,2026-09-21 06:53:44.633141,UNK C/S,62-3578,3431,27000,25.439882,55.878185,KC-135R Stratotanker,270,362,0,False,mlat
7cf925,2026-09-21 06:53:44.633148,ASY753,A41-211,1062,28825,0.16713,105.627769,C-17A Globemaster,311,481,-1824,False,adsb_icao
7cf86c,2026-09-21 06:53:44.633160,STAL02,A41-209,4523,15300,-28.030127,152.639252,C-17A Globemaster,191,344,2432,False,adsb_icao
c87f01,2026-09-21 06:53:44.633165,BOE7572,NZ7572,6541,21525,-37.462692,175.033249,C-32 AIR FORCE TWO,162,429,1920,False,adsb_icao
ae1448,2026-09-21 06:53:44.633170,RCH278,04-4138,2000,Unavailable,22.0,-155.1,C-17A Globemaster,,,,False,mode_s
ae0163,2026-09-21 06:53:44.633177,UNK C/S,58-0052,3266,8250,26.7,49.7,KC-135R Stratotanker,160,278,2432,False,mode_s
ae5fa6,2026-09-21 06:53:44.633182,UNK C/S,11-46059,3263,23025,24.6,57.1,KC-46A Pegasus,,,,False,mode_s
ae0568,2026-09-21 06:53:44.633187,RCH9206,86-0011,0754,35000,47.3,-54.1,C-5M Galaxy,70,546,-64,False,mode_s
ae63be,2026-09-21 06:53:44.633191,UNK C/S,20-46082,7521,Unavailable,25.2,49.3,KC-46A Pegasus,,,,False,mode_s
ae0366,2026-09-21 06:53:44.633198,UNK C/S,62-3575,0467,28000,31.1,131.3,KC-135R Stratotanker,,,,False,mode_s
800794,2026-09-21 06:53:44.633202,VUAUG,CB-8007,3330,20000,30.2,75.4,C-17A Globemaster,,,,False,mode_s
ae07f5,2026-09-21 06:54:44.853379,RCH709,97-0043,2310,34000,22.553442,-154.082794,C-17A Globemaster,251,426,64,False,adsb_icao
aeed5f,2026-09-21 06:54:44.853403,UNK C/S,,0771,11875,35.263439,-101.224503,E-6B TACAMO,88,307,0,False,mlat
ae07d8,2026-09-21 06:54:44.853414,MCFAMC,92-3294,5171,32048,52.479115,-52.080345,C-17A Globemaster,247,,,False,adsc
ae07dc,2026-09-21 06:54:44.853420,RCH745,93-0602,0125,30000,50.748318,-11.552811,C-17A Globemaster,277,448,0,False,adsb_icao
ae4d69,2026-09-21 06:54:44.853424,RCH145,10-0216,2315,19700,48.667374,6.512788,C-17A Globemaster,32,388,-1527,False,mlat
ae123f,2026-09-21 06:54:44.853430,MOOSE63,04-4134,1146,30000,49.445148,14.453719,C-17A Globemaster,278,382,-63,False,mlat
aef421,2026-09-21 06:54:44.853440,UNK C/S,23-46118,3265,27500,24.507933,55.617622,KC-46A Pegasus,243,458,0,False,mlat
ae07be,2026-09-21 06:54:44.853444,UNK C/S,62-3578,3431,27000,25.428547,55.773411,KC-135R Stratotanker,270,362,0,False,mlat
7cf925,2026-09-21 06:54:44.853454,ASY753,A41-211,1062,27025,0.255569,105.526894,C-17A Globemaster,311,483,-1792,False,adsb_icao
7cf86c,2026-09-21 06:54:44.853468,STAL02,A41-209,4523,18950,-28.120743,152.61911,C-17A Globemaster,191,320,1920,False,adsb_icao
c87f01,2026-09-21 06:54:44.853474,BOE7572,NZ7572,6541,23425,-37.578552,175.078247,C-32 AIR FORCE TWO,162,438,1664,False,adsb_icao
ae1448,2026-09-21 06:54:44.853480,RCH278,04-4138,2322,Unavailable,22.0,-155.1,C-17A Globemaster,,,,False,mode_s
ae0163,2026-09-21 06:54:44.853487,UNK C/S,58-0052,3266,10850,26.3,49.8,KC-135R Stratotanker,154,290,2400,False,mode_s
ae5fa6,2026-09-21 06:54:44.853494,UNK C/S,11-46059,3263,23000,24.6,57.2,KC-46A Pegasus,,,,False,mode_s
ae0568,2026-09-21 06:54:44.853500,RCH9206,86-0011,0754,35000,48.3,-52.7,C-5M Galaxy,70,546,32,False,mode_s
ae0366,2026-09-21 06:54:44.853507,UNK C/S,62-3575,0467,28000,31.1,131.4,KC-135R Stratotanker,,,,False,mode_s
800794,2026-09-21 06:54:44.853512,VUAUG,CB-8007,3330,20000,30.2,75.4,C-17A Globemaster,,,,False,mode_s
ae07f5,2026-09-21 06:55:45.070991,RCH709,97-0043,2310,34000,22.514923,-154.203506,C-17A Globemaster,250,428,-256,False,adsb_icao
aeed5f,2026-09-21 06:55:45.071012,UNK C/S,,0771,11875,35.268425,-101.120178,E-6B TACAMO,86,308,0,False,mlat
ae07d8,2026-09-21 06:55:45.071022,MCFAMC,92-3294,5171,32048,52.479115,-52.080345,C-17A Globemaster,247,,,False,adsc
ae07dc,2026-09-21 06:55:45.071028,RCH745,93-0602,0125,30000,50.765121,-11.74469,C-17A Globemaster,277,447,96,False,adsb_icao
ae4d69,2026-09-21 06:55:45.071032,RCH145,10-0216,2315,18225,48.760796,6.609322,C-17A Globemaster,33,398,-1464,False,mlat
ae123f,2026-09-21 06:55:45.071038,MOOSE63,04-4134,1146,30000,49.464024,14.295729,C-17A Globemaster,281,381,24,False,mlat
aef421,2026-09-21 06:55:45.071046,UNK C/S,23-46118,3265,27025,24.534382,55.496372,KC-46A Pegasus,308,531,-836,False,mlat
ae07be,2026-09-21 06:55:45.071051,UNK C/S,62-3578,3431,27000,25.431755,55.648449,KC-135R Stratotanker,270,362,0,False,mlat
7cf925,2026-09-21 06:55:45.071060,ASY753,A41-211,1062,25175,0.344101,105.42569,C-17A Globemaster,311,472,-2176,False,adsb_icao
7cf86c,2026-09-21 06:55:45.071076,STAL02,A41-209,4523,20900,-28.212238,152.598694,C-17A Globemaster,191,339,2304,False,adsb_icao
c87f01,2026-09-21 06:55:45.071083,BOE7572,NZ7572,6541,25050,-37.696381,175.124054,C-32 AIR FORCE TWO,162,449,1600,False,adsb_icao
ae0163,2026-09-21 06:55:45.071093,UNK C/S,58-0052,3266,12225,26.8,49.4,KC-135R Stratotanker,76,314,640,False,mode_s
ae5fa6,2026-09-21 06:55:45.071099,UNK C/S,11-46059,3263,23000,24.9,56.5,KC-46A Pegasus,,,,False,mode_s
ae1448,2026-09-21 06:55:45.071105,RCH278,04-4138,2322,Unavailable,22.1,-154.4,C-17A Globemaster,,,,False,mode_s
ae0366,2026-09-21 06:55:45.071111,UNK C/S,62-3575,0467,28000,31.1,131.5,KC-135R Stratotanker,,,,False,mode_s
ae0568,2026-09-21 06:55:45.071118,RCH9206,86-0011,0754,35000,47.3,-54.1,C-5M Galaxy,71,548,-32,False,mode_s
800794,2026-09-21 06:55:45.071122,VUAUG,CB-8007,3330,20025,30.2,75.5,C-17A Globemaster,,,,False,mode_s
ae07f5,2026-09-21 06:56:45.280753,RCH709,97-0043,2310,34000,22.4757,-154.326065,C-17A Globemaster,250,428,128,False,adsb_icao
aeed5f,2026-09-21 06:56:45.280772,UNK C/S,,0771,11875,35.274506,-101.014275,E-6B TACAMO,86,296,0,False,mlat
ae07d8,2026-09-21 06:56:45.280780,MCFAMC,92-3294,5171,32048,52.479115,-52.080345,C-17A Globemaster,247,,,False,adsc
ae07dc,2026-09-21 06:56:45.280785,RCH745,93-0602,0125,30000,50.781921,-11.941025,C-17A Globemaster,277,445,-64,False,adsb_icao
ae4d69,2026-09-21 06:56:45.280790,RCH145,10-0216,2315,16725,48.845596,6.694013,C-17A Globemaster,35,391,-1506,False,mlat
ae123f,2026-09-21 06:56:45.280795,MOOSE63,04-4134,1146,30000,49.479343,14.138461,C-17A Globemaster,279,380,-77,False,mlat
aef421,2026-09-21 06:56:45.280804,UNK C/S,23-46118,3265,27025,24.646658,55.419979,KC-46A Pegasus,345,512,25,False,mlat
ae07be,2026-09-21 06:56:45.280808,UNK C/S,62-3578,3431,27000,25.423101,55.536121,KC-135R Stratotanker,257,360,256,False,mlat
7cf925,2026-09-21 06:56:45.280819,ASY753,A41-211,1062,23175,0.424696,105.324509,C-17A Globemaster,300,450,-2144,False,adsb_icao
7cf86c,2026-09-21 06:56:45.280834,STAL02,A41-209,4523,23050,-28.306181,152.577698,C-17A Globemaster,191,347,1984,False,adsb_icao
c87f01,2026-09-21 06:56:45.280840,BOE7572,NZ7572,6541,26450,-37.818993,175.171982,C-32 AIR FORCE TWO,162,461,1856,False,adsb_icao
ae49c3,2026-09-21 06:56:45.280845,UNK C/S,09-9207,Unavailable,Unavailable,48.8,7.2,C-17A Globemaster,,,,False,mode_s
ae0163,2026-09-21 06:56:45.280852,UNK C/S,58-0052,3266,14700,25.7,49.7,KC-135R Stratotanker,70,330,2144,False,mode_s
ae5fa6,2026-09-21 06:56:45.280859,UNK C/S,11-46059,3263,23000,24.8,56.3,KC-46A Pegasus,,,,False,mode_s
ae1448,2026-09-21 06:56:45.280864,RCH278,04-4138,2322,Unavailable,20.9,-153.9,C-17A Globemaster,,,,False,mode_s
ae0366,2026-09-21 06:56:45.280870,UNK C/S,62-3575,0467,28000,31.2,131.5,KC-135R Stratotanker,,,,False,mode_s
ae0568,2026-09-21 06:56:45.280876,RCH9206,86-0011,0754,35000,47.3,-54.1,C-5M Galaxy,71,548,0,False,mode_s
800794,2026-09-21 06:56:45.280880,VUAUG,CB-8007,3330,20875,30.1,75.5,C-17A Globemaster,,,,False,mode_s
ae07f5,2026-09-21 06:57:45.501107,RCH709,97-0043,2310,34000,22.436829,-154.447281,C-17A Globemaster,250,428,-192,False,adsb_icao
aeed5f,2026-09-21 06:57:45.501128,UNK C/S,,0771,11875,35.278938,-100.907921,E-6B TACAMO,86,316,30,False,mlat
ae07d8,2026-09-21 06:57:45.501137,MCFAMC,92-3294,5171,32048,52.479115,-52.080345,C-17A Globemaster,247,,,False,adsc
ae07dc,2026-09-21 06:57:45.501143,RCH745,93-0602,0125,30000,50.798126,-12.13336,C-17A Globemaster,277,445,-96,False,adsb_icao
ae4d69,2026-09-21 06:57:45.501148,RCH145,10-0216,2315,15225,48.934238,6.789673,C-17A Globemaster,37,370,-1684,False,mlat
ae123f,2026-09-21 06:57:45.501154,MOOSE63,04-4134,1146,29975,49.496918,13.982773,C-17A Globemaster,278,376,0,False,mlat
aef421,2026-09-21 06:57:45.501163,UNK C/S,23-46118,3265,26850,24.744596,55.44865,KC-46A Pegasus,19,409,-313,False,mlat
ae07be,2026-09-21 06:57:45.501168,UNK C/S,62-3578,3431,27000,25.366631,55.454151,KC-135R Stratotanker,204,360,0,False,mlat
7cf925,2026-09-21 06:57:45.501181,ASY753,A41-211,1062,21175,0.487289,105.218254,C-17A Globemaster,300,438,-1920,False,adsb_icao
7cf86c,2026-09-21 06:57:45.501197,STAL02,A41-209,4523,25100,-28.402496,152.556198,C-17A Globemaster,191,358,1248,False,adsb_icao
c87f01,2026-09-21 06:57:45.501204,BOE7572,NZ7572,6541,28000,-37.94133,175.219879,C-32 AIR FORCE TWO,162,460,576,False,adsb_icao
ae0163,2026-09-21 06:57:45.501211,UNK C/S,58-0052,3266,16425,26.7,50.0,KC-135R Stratotanker,71,354,1920,False,mode_s
ae5fa6,2026-09-21 06:57:45.501218,UNK C/S,11-46059,3263,23025,24.8,56.8,KC-46A Pegasus,,,,False,mode_s
ae63be,2026-09-21 06:57:45.501222,UNK C/S,20-46082,7521,Unavailable,25.2,50.3,KC-46A Pegasus,,,,False,mode_s
ae1448,2026-09-21 06:57:45.501228,RCH278,04-4138,2322,Unavailable,20.9,-153.9,C-17A Globemaster,,,,False,mode_s
ae0366,2026-09-21 06:57:45.501235,UNK C/S,62-3575,0467,28000,31.3,131.5,KC-135R Stratotanker,,,,False,mode_s
ae0568,2026-09-21 06:57:45.501241,RCH9206,86-0011,0754,35000,47.6,-52.0,C-5M Galaxy,71,548,,False,mode_s
800794,2026-09-21 06:57:45.501245,VUAUG,CB-8007,3330,22325,30.1,75.5,C-17A Globemaster,,,,False,mode_s
ae07f5,2026-09-21 06:58:45.722337,RCH709,97-0043,2310,34000,22.397491,-154.569443,C-17A Globemaster,250,426,-128,False,adsb_icao
aeed5f,2026-09-21 06:58:45.722359,UNK C/S,,0771,11875,35.28537,-100.80452,E-6B TACAMO,88,309,0,False,mlat
ae07d8,2026-09-21 06:58:45.722366,MCFAMC,92-3294,5171,32048,52.479115,-52.080345,C-17A Globemaster,247,,,False,adsc
ae07dc,2026-09-21 06:58:45.722372,RCH745,93-0602,0125,30000,50.814194,-12.329184,C-17A Globemaster,277,444,-96,False,adsb_icao
ae4d69,2026-09-21 06:58:45.722377,RCH145,10-0216,2315,13725,49.023106,6.88373,C-17A Globemaster,39,338,-1438,False,mlat
ae123f,2026-09-21 06:58:45.722383,MOOSE63,04-4134,1146,29975,49.512424,13.83151,C-17A Globemaster,281,378,0,False,mlat
ae07be,2026-09-21 06:58:45.722392,UNK C/S,62-3578,3431,27000,25.267687,55.453369,KC-135R Stratotanker,152,360,0,False,mlat
aef421,2026-09-21 06:58:45.722397,UNK C/S,23-46118,3265,25825,24.849064,55.477283,KC-46A Pegasus,10,387,-1043,False,mlat
7cf925,2026-09-21 06:58:45.722411,ASY753,A41-211,1062,19150,0.547806,105.116165,C-17A Globemaster,300,409,-1984,False,adsb_icao
7cf86c,2026-09-21 06:58:45.722433,STAL02,A41-209,4523,25575,-28.508032,152.527603,C-17A Globemaster,196,411,384,False,adsb_icao
c87f01,2026-09-21 06:58:45.722439,BOE7572,NZ7572,6541,28000,-38.063484,175.267822,C-32 AIR FORCE TWO,162,455,64,False,adsb_icao
ae0163,2026-09-21 06:58:45.722446,UNK C/S,58-0052,3266,18225,26.1,51.1,KC-135R Stratotanker,73,368,2016,False,mode_s
ae5fa6,2026-09-21 06:58:45.722452,UNK C/S,11-46059,3263,23000,24.5,56.8,KC-46A Pegasus,,,,False,mode_s
ae63be,2026-09-21 06:58:45.722456,UNK C/S,20-46082,7521,Unavailable,25.2,50.8,KC-46A Pegasus,,,,False,mode_s
ae1448,2026-09-21 06:58:45.722461,RCH278,04-4138,2322,35975,20.9,-153.9,C-17A Globemaster,,,,False,mode_s
ae0366,2026-09-21 06:58:45.722467,UNK C/S,62-3575,0467,28000,31.3,131.5,KC-135R Stratotanker,,,,False,mode_s
ae0568,2026-09-21 06:58:45.722473,RCH9206,86-0011,0754,35000,47.3,-54.1,C-5M Galaxy,71,546,-64,False,mode_s
800794,2026-09-21 06:58:45.722477,VUAUG,CB-8007,3330,23025,30.1,75.5,C-17A Globemaster,,,,False,mode_s
ae07f5,2026-09-21 06:59:45.926658,RCH709,97-0043,2310,34000,22.35848,-154.690292,C-17A Globemaster,250,428,-64,False,adsb_icao
aeed5f,2026-09-21 06:59:45.926678,UNK C/S,,0771,11875,35.290417,-100.689316,E-6B TACAMO,92,292,0,False,mlat
ae07d8,2026-09-21 06:59:45.926685,MCFAMC,92-3294,5171,32048,52.479115,-52.080345,C-17A Globemaster,247,,,False,adsc
ae07dc,2026-09-21 06:59:45.926690,RCH745,93-0602,0125,30000,50.829739,-12.52182,C-17A Globemaster,277,442,-32,False,adsb_icao
ae4d69,2026-09-21 06:59:45.926694,RCH145,10-0216,2315,12200,49.106853,6.970383,C-17A Globemaster,34,325,-1481,False,mlat
ae123f,2026-09-21 06:59:45.926699,MOOSE63,04-4134,1146,29975,49.528286,13.680666,C-17A Globemaster,277,378,75,False,mlat
aef421,2026-09-21 06:59:45.926707,UNK C/S,23-46118,3265,24850,24.954502,55.503536,KC-46A Pegasus,15,391,-936,False,mlat
ae07be,2026-09-21 06:59:45.926711,UNK C/S,62-3578,3431,27000,25.210733,55.535957,KC-135R Stratotanker,100,358,0,False,mlat
7cf925,2026-09-21 06:59:45.926722,ASY753,A41-211,1062,17150,0.605039,105.019539,C-17A Globemaster,300,400,-2080,False,adsb_icao
7cf86c,2026-09-21 06:59:45.926737,STAL02,A41-209,4523,25925,-28.624273,152.488724,C-17A Globemaster,196,454,896,False,adsb_icao
c87f01,2026-09-21 06:59:45.926743,BOE7572,NZ7572,6541,28000,-38.184799,175.315399,C-32 AIR FORCE TWO,164,456,-192,False,adsb_icao
ae0163,2026-09-21 06:59:45.926750,UNK C/S,58-0052,3266,20025,27.3,49.5,KC-135R Stratotanker,72,382,1952,False,mode_s
ae5fa6,2026-09-21 06:59:45.926756,UNK C/S,11-46059,3263,23000,24.7,57.0,KC-46A Pegasus,,,,False,mode_s
ae63be,2026-09-21 06:59:45.926760,UNK C/S,20-46082,7521,Unavailable,25.2,51.1,KC-46A Pegasus,,,,False,mode_s
ae1448,2026-09-21 06:59:45.926767,RCH278,04-4138,2322,36000,21.9,-154.2,C-17A Globemaster,,,,False,mode_s
ae0366,2026-09-21 06:59:45.926772,UNK C/S,62-3575,0467,28000,31.2,131.5,KC-135R Stratotanker,,,,False,mode_s
ae0568,2026-09-21 06:59:45.926779,RCH9206,86-0011,0754,35000,47.6,-52.0,C-5M Galaxy,71,544,-64,False,mode_s
800794,2026-09-21 06:59:45.926783,VUAUG,CB-8007,3330,23000,30.1,75.5,C-17A Globemaster,,,,False,mode_s
ae07f5,2026-09-21 07:00:46.209097,RCH709,97-0043,2310,34000,22.319183,-154.811691,C-17A Globemaster,250,428,-64,False,adsb_icao
aeed5f,2026-09-21 07:00:46.209117,UNK C/S,,0771,11875,35.296368,-100.581734,E-6B TACAMO,87,310,0,False,mlat
ae07d8,2026-09-21 07:00:46.209126,MCFAMC,92-3294,5171,32040,51.907997,-54.61544,C-17A Globemaster,250,,,False,adsc
ae07dc,2026-09-21 07:00:46.209132,RCH745,93-0602,0125,30000,50.84491,-12.714967,C-17A Globemaster,277,442,0,False,adsb_icao
ae4d69,2026-09-21 07:00:46.209137,RCH145,10-0216,2315,10675,49.174065,7.051801,C-17A Globemaster,49,322,-1563,False,mlat
ae123f,2026-09-21 07:00:46.209143,MOOSE63,04-4134,1146,29975,49.546379,13.506785,C-17A Globemaster,281,382,0,False,mlat
aef421,2026-09-21 07:00:46.209153,UNK C/S,23-46118,3265,24525,25.061829,55.556213,KC-46A Pegasus,29,445,75,False,mlat
ae07be,2026-09-21 07:00:46.209159,UNK C/S,62-3578,3431,27000,25.206852,55.644924,KC-135R Stratotanker,89,358,-160,False,mlat
7cf925,2026-09-21 07:00:46.209175,ASY753,A41-211,1062,15325,0.660324,104.925995,C-17A Globemaster,300,373,-1056,False,adsb_icao
7cf86c,2026-09-21 07:00:46.209195,STAL02,A41-209,4523,27325,-28.747498,152.4478,C-17A Globemaster,196,460,1472,False,adsb_icao
c87f01,2026-09-21 07:00:46.209203,BOE7572,NZ7572,6541,28025,-38.309418,175.343109,C-32 AIR FORCE TWO,173,449,0,False,adsb_icao
ae0163,2026-09-21 07:00:46.209210,UNK C/S,58-0052,3266,21775,26.5,50.9,KC-135R Stratotanker,72,392,1312,False,mode_s
ae5fa6,2026-09-21 07:00:46.209217,UNK C/S,11-46059,3263,23000,24.7,56.9,KC-46A Pegasus,,,,False,mode_s
ae07b4,2026-09-21 07:00:46.209222,UNK C/S,62-3498,0743,24000,24.7,54.8,KC-135R Stratotanker,216,436,64,False,mode_s
ae1448,2026-09-21 07:00:46.209227,RCH278,04-4138,2322,35975,20.9,-153.9,C-17A Globemaster,,,,False,mode_s
ae0366,2026-09-21 07:00:46.209233,UNK C/S,62-3575,0467,28000,31.1,131.5,KC-135R Stratotanker,,,,False,mode_s
ae0568,2026-09-21 07:00:46.209239,RCH9206,86-0011,0754,35000,47.2,-52.7,C-5M Galaxy,71,544,32,False,mode_s
800794,2026-09-21 07:00:46.209243,VUAUG,CB-8007,3330,23000,30.1,75.5,C-17A Globemaster,,,,False,mode_s
ae07f5,2026-09-21 07:01:46.430626,RCH709,97-0043,2310,34000,22.279633,-154.933548,C-17A Globemaster,250,430,-64,False,adsb_icao
aeed5f,2026-09-21 07:01:46.430645,UNK C/S,,0771,11875,35.302048,-100.485336,E-6B TACAMO,86,308,0,False,mlat
ae07d8,2026-09-21 07:01:46.430653,MCFAMC,92-3294,5171,32040,51.907997,-54.61544,C-17A Globemaster,250,,,False,adsc
ae07dc,2026-09-21 07:01:46.430659,RCH745,93-0602,0125,30000,50.859787,-12.907599,C-17A Globemaster,276,443,0,False,adsb_icao
ae4d69,2026-09-21 07:01:46.430664,RCH145,10-0216,2315,9175,49.207905,7.168334,C-17A Globemaster,61,300,-1464,False,mlat
ae123f,2026-09-21 07:01:46.430669,MOOSE63,04-4134,1146,29975,49.562531,13.346057,C-17A Globemaster,279,382,-60,False,mlat
ae07b4,2026-09-21 07:01:46.430678,UNK C/S,62-3498,0743,24000,24.437473,54.69323,KC-135R Stratotanker,249,428,-32,False,mlat
aef421,2026-09-21 07:01:46.430684,UNK C/S,23-46118,3265,24500,25.176237,55.609447,KC-46A Pegasus,27,451,-75,False,mlat
ae07be,2026-09-21 07:01:46.430689,UNK C/S,62-3578,3431,27000,25.20805,55.750629,KC-135R Stratotanker,90,358,0,False,mlat
7cf925,2026-09-21 07:01:46.430699,ASY753,A41-211,1062,14275,0.709305,104.843178,C-17A Globemaster,300,329,-1056,False,adsb_icao
7cf86c,2026-09-21 07:01:46.430715,STAL02,A41-209,4523,28925,-28.869553,152.40683,C-17A Globemaster,196,454,1888,False,adsb_icao
c87f01,2026-09-21 07:01:46.430722,BOE7572,NZ7572,6541,28000,-38.434364,175.360474,C-32 AIR FORCE TWO,173,451,64,False,adsb_icao
ae0163,2026-09-21 07:01:46.430730,UNK C/S,58-0052,3266,23150,26.1,51.1,KC-135R Stratotanker,68,410,1696,False,mode_s
ae5fa6,2026-09-21 07:01:46.430736,UNK C/S,11-46059,3263,23000,24.8,55.9,KC-46A Pegasus,,,,False,mode_s
ae1448,2026-09-21 07:01:46.430741,RCH278,04-4138,2322,35975,22.1,-154.4,C-17A Globemaster,,,,False,mode_s
ae0366,2026-09-21 07:01:46.430748,UNK C/S,62-3575,0467,28000,31.3,131.5,KC-135R Stratotanker,,,,False,mode_s
ae0568,2026-09-21 07:01:46.430753,RCH9206,86-0011,0754,35000,47.6,-52.0,C-5M Galaxy,72,544,0,False,mode_s
800794,2026-09-21 07:01:46.430758,VUAUG,CB-8007,3330,23000,30.1,75.5,C-17A Globemaster,,,,False,mode_s
ae07f5,2026-09-21 07:02:46.650946,RCH709,97-0043,2310,34000,22.240051,-155.054977,C-17A Globemaster,250,430,-64,False,adsb_icao
aeed5f,2026-09-21 07:02:46.650966,UNK C/S,,0771,11875,35.307243,-100.368843,E-6B TACAMO,86,314,0,False,mlat
ae07d8,2026-09-21 07:02:46.650973,MCFAMC,92-3294,5171,32040,51.907997,-54.61544,C-17A Globemaster,250,,,False,adsc
ae07dc,2026-09-21 07:02:46.650979,RCH745,93-0602,0125,30000,50.873932,-13.095184,C-17A Globemaster,276,445,-32,False,adsb_icao
ae4d69,2026-09-21 07:02:46.650983,RCH145,10-0216,2315,8125,49.237267,7.286223,C-17A Globemaster,72,293,-1090,False,mlat
ae123f,2026-09-21 07:02:46.650988,MOOSE63,04-4134,1146,29975,49.576515,13.206706,C-17A Globemaster,278,365,17,False,mlat
ae07b4,2026-09-21 07:02:46.650996,UNK C/S,62-3498,0743,24000,24.40451,54.642452,KC-135R Stratotanker,269,422,0,False,mode_s
aef421,2026-09-21 07:02:46.651002,UNK C/S,23-46118,3265,24525,25.273418,55.674568,KC-46A Pegasus,28,451,0,False,mlat
ae07be,2026-09-21 07:02:46.651006,UNK C/S,62-3578,3431,27000,25.212568,55.836967,KC-135R Stratotanker,90,358,0,False,mlat
7cf925,2026-09-21 07:02:46.651016,ASY753,A41-211,1062,13975,0.753122,104.768944,C-17A Globemaster,300,301,0,False,adsb_icao
7cf86c,2026-09-21 07:02:46.651029,STAL02,A41-209,4523,30550,-28.990402,152.366211,C-17A Globemaster,196,449,1312,False,adsb_icao
c87f01,2026-09-21 07:02:46.651035,BOE7572,NZ7572,6541,28000,-38.558846,175.378052,C-32 AIR FORCE TWO,173,451,-64,False,adsb_icao
ae0163,2026-09-21 07:02:46.651042,UNK C/S,58-0052,3266,24300,25.8,51.8,KC-135R Stratotanker,59,422,992,False,mode_s
ae5fa6,2026-09-21 07:02:46.651049,UNK C/S,11-46059,3263,23000,24.6,55.8,KC-46A Pegasus,,,,False,mode_s
ae1448,2026-09-21 07:02:46.651054,RCH278,04-4138,2322,36000,20.9,-153.9,C-17A Globemaster,,,,False,mode_s
ae0366,2026-09-21 07:02:46.651061,UNK C/S,62-3575,0467,28000,31.3,131.5,KC-135R Stratotanker,,,,False,mode_s
ae0568,2026-09-21 07:02:46.651066,RCH9206,86-0011,0754,35000,47.3,-54.1,C-5M Galaxy,72,544,0,False,mode_s
800794,2026-09-21 07:02:46.651070,VUAUG,CB-8007,3330,23000,30.1,75.5,C-17A Globemaster,,,,False,mode_s
ae07f5,2026-09-21 07:03:46.860357,RCH709,97-0043,2310,34000,22.200668,-155.175797,C-17A Globemaster,250,427,-64,False,adsb_icao
aeed5f,2026-09-21 07:03:46.860372,UNK C/S,,0771,11900,35.310631,-100.265099,E-6B TACAMO,84,322,0,False,mlat
ae07d8,2026-09-21 07:03:46.860379,MCFAMC,92-3294,5171,32040,51.907997,-54.61544,C-17A Globemaster,250,,,False,adsc
ae07dc,2026-09-21 07:03:46.860384,RCH745,93-0602,0125,30000,50.887089,-13.273239,C-17A Globemaster,276,445,-32,False,adsb_icao
ae4d69,2026-09-21 07:03:46.860388,RCH145,10-0216,2315,7025,49.265659,7.402053,C-17A Globemaster,68,291,-1068,False,mlat
ae123f,2026-09-21 07:03:46.860392,MOOSE63,04-4134,1146,29975,49.593361,13.038266,C-17A Globemaster,279,382,-75,False,mlat
aef421,2026-09-21 07:03:46.860408,UNK C/S,23-46118,3265,24525,25.392958,55.747681,KC-46A Pegasus,31,449,74,False,mlat
ae07be,2026-09-21 07:03:46.860412,UNK C/S,62-3578,3431,27000,25.213205,55.964325,KC-135R Stratotanker,66,356,-192,False,mlat
7cf925,2026-09-21 07:03:46.860420,ASY753,A41-211,1062,14000,0.801178,104.699471,C-17A Globemaster,328,307,320,False,adsb_icao
7cf86c,2026-09-21 07:03:46.860432,STAL02,A41-209,4523,31950,-29.111389,152.325485,C-17A Globemaster,196,447,832,False,adsb_icao
c87f01,2026-09-21 07:03:46.860437,BOE7572,NZ7572,6541,28025,-38.684399,175.396057,C-32 AIR FORCE TWO,173,453,128,False,adsb_icao
ae0163,2026-09-21 07:03:46.860444,UNK C/S,58-0052,3266,25650,24.9,53.9,KC-135R Stratotanker,71,438,1120,False,mode_s
ae5fa6,2026-09-21 07:03:46.860450,UNK C/S,11-46059,3263,23000,25.0,56.8,KC-46A Pegasus,,,,False,mode_s
ae07b4,2026-09-21 07:03:46.860455,UNK C/S,62-3498,0743,24000,24.8,55.1,KC-135R Stratotanker,268,378,-96,False,mode_s
ae1448,2026-09-21 07:03:46.860460,RCH278,04-4138,2322,35975,22.1,-154.4,C-17A Globemaster,,,,False,mode_s
ae0366,2026-09-21 07:03:46.860466,UNK C/S,62-3575,0467,28000,31.3,131.5,KC-135R Stratotanker,,,,False,mode_s
ae0568,2026-09-21 07:03:46.860471,RCH9206,86-0011,0754,35000,47.3,-54.1,C-5M Galaxy,72,546,-64,False,mode_s
800794,2026-09-21 07:03:46.860475,VUAUG,CB-8007,3330,23000,30.1,75.5,C-17A Globemaster,,,,False,mode_s
ae07f5,2026-09-21 07:04:47.087148,RCH709,97-0043,2310,34000,22.161285,-155.295914,C-17A Globemaster,250,425,0,False,adsb_icao
aeed5f,2026-09-21 07:04:47.087165,UNK C/S,,0771,11875,35.317593,-100.156433,E-6B TACAMO,86,330,0,False,mlat
ae07d8,2026-09-21 07:04:47.087173,MCFAMC,92-3294,5171,32040,51.907997,-54.61544,C-17A Globemaster,250,,,False,adsc
ae07dc,2026-09-21 07:04:47.087177,RCH745,93-0602,0125,30000,50.898354,-13.429489,C-17A Globemaster,277,447,0,False,adsb_icao
ae4d69,2026-09-21 07:04:47.087182,RCH145,10-0216,2315,5950,49.293144,7.512575,C-17A Globemaster,70,287,-1067,False,mlat
ae123f,2026-09-21 07:04:47.087186,MOOSE63,04-4134,1146,29975,49.609837,12.873169,C-17A Globemaster,279,378,-23,False,mlat
ae07b4,2026-09-21 07:04:47.087193,UNK C/S,62-3498,0743,20875,24.387403,54.2743,KC-135R Stratotanker,269,354,-3264,False,mlat
aef421,2026-09-21 07:04:47.087198,UNK C/S,23-46118,3265,24525,25.443174,55.722626,KC-46A Pegasus,29,445,0,False,mlat
ae07be,2026-09-21 07:04:47.087202,UNK C/S,62-3578,3431,27000,25.272326,56.03907,KC-135R Stratotanker,15,354,0,False,mlat
7cf925,2026-09-21 07:04:47.087210,ASY753,A41-211,1062,14025,0.875973,104.659836,C-17A Globemaster,332,303,-64,False,adsb_icao
7cf86c,2026-09-21 07:04:47.087223,STAL02,A41-209,4523,32025,-29.231232,152.285248,C-17A Globemaster,196,455,-64,False,adsb_icao
c87f01,2026-09-21 07:04:47.087229,BOE7572,NZ7572,6541,28025,-38.809982,175.41423,C-32 AIR FORCE TWO,173,454,0,False,adsb_icao
ae0163,2026-09-21 07:04:47.087236,UNK C/S,58-0052,3266,27050,24.5,54.7,KC-135R Stratotanker,71,440,1408,False,mode_s
ae63be,2026-09-21 07:04:47.087242,UNK C/S,20-46082,7521,Unavailable,25.2,50.3,KC-46A Pegasus,,,,False,mode_s
ae5fa6,2026-09-21 07:04:47.087247,UNK C/S,11-46059,3263,23000,25.2,56.6,KC-46A Pegasus,,,,False,mode_s
ae1448,2026-09-21 07:04:47.087252,RCH278,04-4138,2322,36000,20.9,-153.9,C-17A Globemaster,,,,False,mode_s
ae0366,2026-09-21 07:04:47.087258,UNK C/S,62-3575,0467,28000,31.3,131.5,KC-135R Stratotanker,,,,False,mode_s
ae0568,2026-09-21 07:04:47.087264,RCH9206,86-0011,0754,35000,48.3,-52.7,C-5M Galaxy,72,544,64,False,mode_s
800794,2026-09-21 07:04:47.087268,VUAUG,CB-8007,3330,23000,30.2,75.4,C-17A Globemaster,,,,False,mode_s
ae07f5,2026-09-21 07:05:47.357699,RCH709,97-0043,2310,34000,22.121576,-155.416916,C-17A Globemaster,250,425,-192,False,adsb_icao
aeed5f,2026-09-21 07:05:47.357717,UNK C/S,,0771,11900,35.32267,-100.045197,E-6B TACAMO,84,322,92,False,mlat
ae07d8,2026-09-21 07:05:47.357725,MCFAMC,92-3294,5171,32040,51.737022,-55.48027,C-17A Globemaster,252,,,False,adsc
ae07dc,2026-09-21 07:05:47.357730,RCH745,93-0602,0125,30000,50.916046,-13.679983,C-17A Globemaster,276,447,0,False,other
ae4d69,2026-09-21 07:05:47.357735,RCH145,10-0216,2315,4850,49.321045,7.622489,C-17A Globemaster,70,275,-1082,False,mlat
ae123f,2026-09-21 07:05:47.357740,MOOSE63,04-4134,1146,29975,49.62405,12.713414,C-17A Globemaster,278,387,-73,False,mlat
ae07b4,2026-09-21 07:05:47.357749,UNK C/S,62-3498,0743,16875,24.382488,54.212742,KC-135R Stratotanker,268,346,-3840,False,mlat
aef421,2026-09-21 07:05:47.357755,UNK C/S,23-46118,3265,24500,25.456034,55.944157,KC-46A Pegasus,111,503,-68,False,mlat
ae07be,2026-09-21 07:05:47.357760,UNK C/S,62-3578,3431,27000,25.350842,56.04277,KC-135R Stratotanker,321,354,0,False,mlat
7cf925,2026-09-21 07:05:47.357769,ASY753,A41-211,1062,14025,0.949539,104.617081,C-17A Globemaster,313,304,96,False,adsb_icao
7cf869,2026-09-21 07:05:47.357783,CHGR,A41-206,4534,20000,-26.680023,149.542587,C-17A Globemaster,103,408,32,False,adsb_icao
7cf86c,2026-09-21 07:05:47.357788,STAL02,A41-209,4523,32000,-29.354279,152.243515,C-17A Globemaster,196,458,-32,False,adsb_icao
c87f01,2026-09-21 07:05:47.357794,BOE7572,NZ7572,6541,27975,-38.936058,175.432434,C-32 AIR FORCE TWO,173,453,-704,False,adsb_icao
af9b66,2026-09-21 07:05:47.357800,UNK C/S,22-46106,Unavailable,Unavailable,35.1,140.6,KC-46A Pegasus,,,,False,mode_s
ae0163,2026-09-21 07:05:47.357806,UNK C/S,58-0052,3266,28100,25.3,53.3,KC-135R Stratotanker,71,454,1184,False,mode_s
ae5fa6,2026-09-21 07:05:47.357812,UNK C/S,11-46059,3263,23000,24.9,55.6,KC-46A Pegasus,,,,False,mode_s
ae1448,2026-09-21 07:05:47.357818,RCH278,04-4138,2322,36000,20.9,-153.9,C-17A Globemaster,,,,False,mode_s
ae0366,2026-09-21 07:05:47.357824,UNK C/S,62-3575,0467,28000,31.3,131.5,KC-135R Stratotanker,,,,False,mode_s
ae0568,2026-09-21 07:05:47.357830,RCH9206,86-0011,0754,35000,47.6,-52.0,C-5M Galaxy,72,542,0,False,mode_s
800794,2026-09-21 07:05:47.357835,VUAUG,CB-8007,3330,23000,30.3,75.4,C-17A Globemaster,,,,False,mode_s
ae07f5,2026-09-21 07:06:47.582057,RCH709,97-0043,2310,34000,22.082153,-155.536636,C-17A Globemaster,250,423,-128,False,adsb_icao
aeed5f,2026-09-21 07:06:47.582071,UNK C/S,,0771,11900,35.328159,-99.938385,E-6B TACAMO,85,281,-81,False,mlat
ae07d8,2026-09-21 07:06:47.582078,MCFAMC,92-3294,5171,32040,51.737022,-55.48027,C-17A Globemaster,252,,,False,adsc
ae07dc,2026-09-21 07:06:47.582083,RCH745,93-0602,0125,30000,50.928955,-13.867789,C-17A Globemaster,277,448,0,False,other
ae4d69,2026-09-21 07:06:47.582086,RCH145,10-0216,2315,4525,49.348042,7.725935,C-17A Globemaster,71,257,0,False,mlat
ae123f,2026-09-21 07:06:47.582091,MOOSE63,04-4134,1146,30000,49.640064,12.549695,C-17A Globemaster,277,385,-29,False,mlat
ae07b4,2026-09-21 07:06:47.582098,UNK C/S,62-3498,0743,14950,24.377474,54.043018,KC-135R Stratotanker,268,348,-1280,False,mlat
ae07be,2026-09-21 07:06:47.582103,UNK C/S,62-3578,3431,27000,25.432247,55.952305,KC-135R Stratotanker,271,354,0,False,mlat
aef421,2026-09-21 07:06:47.582107,UNK C/S,23-46118,3265,24525,25.392607,56.10183,KC-46A Pegasus,134,478,75,False,mlat
7cf925,2026-09-21 07:06:47.582114,ASY753,A41-211,1062,14025,1.005528,104.553665,C-17A Globemaster,311,301,0,False,adsb_icao
7cf869,2026-09-21 07:06:47.582127,CHGR,A41-206,4534,20000,-26.707397,149.666702,C-17A Globemaster,103,410,0,False,adsb_icao
7cf86c,2026-09-21 07:06:47.582132,STAL02,A41-209,4523,32000,-29.477097,152.20163,C-17A Globemaster,196,459,-32,False,adsb_icao
c87f01,2026-09-21 07:06:47.582137,BOE7572,NZ7572,6541,25775,-39.060261,175.450439,C-32 AIR FORCE TWO,173,443,-2688,False,adsb_icao
ae0163,2026-09-21 07:06:47.582144,UNK C/S,58-0052,3266,28125,24.7,54.7,KC-135R Stratotanker,71,470,0,False,mode_s
ae5fa6,2026-09-21 07:06:47.582149,UNK C/S,11-46059,3263,23000,25.1,57.0,KC-46A Pegasus,,,,False,mode_s
ae1448,2026-09-21 07:06:47.582155,RCH278,04-4138,2322,35975,22.1,-154.4,C-17A Globemaster,,,,False,mode_s
ae0366,2026-09-21 07:06:47.582161,UNK C/S,62-3575,0467,28000,31.3,131.5,KC-135R Stratotanker,,,,False,mode_s
ae0568,2026-09-21 07:06:47.582166,RCH9206,86-0011,0754,35000,47.6,-52.0,C-5M Galaxy,72,542,32,False,mode_s
800794,2026-09-21 07:06:47.582170,VUAUG,CB-8007,3330,23000,30.4,75.3,C-17A Globemaster,,,,False,mode_s
ae07f5,2026-09-21 07:07:47.815320,RCH709,97-0043,2310,34000,22.04281,-155.655823,C-17A Globemaster,250,419,0,False,adsb_icao
aeed5f,2026-09-21 07:07:47.815338,UNK C/S,,0771,11900,35.33197,-99.831039,E-6B TACAMO,87,282,-20,False,mlat
ae07d8,2026-09-21 07:07:47.815345,MCFAMC,92-3294,5171,32040,51.737022,-55.48027,C-17A Globemaster,252,,,False,adsc
ae20c4,2026-09-21 07:07:47.815350,MCFAMC,07-7183,0703,30940,6.033382,-12.390347,C-17A Globemaster,138,467,0,False,adsc
ae4d69,2026-09-21 07:07:47.815355,RCH145,10-0216,2315,4525,49.375282,7.832847,C-17A Globemaster,74,270,0,False,mlat
ae123f,2026-09-21 07:07:47.815360,MOOSE63,04-4134,1146,29975,49.655273,12.383684,C-17A Globemaster,279,400,-77,False,mlat
ae07b4,2026-09-21 07:07:47.815367,UNK C/S,62-3498,0743,13750,24.383593,53.992611,KC-135R Stratotanker,218,318,-1248,False,mlat
ae07be,2026-09-21 07:07:47.815372,UNK C/S,62-3578,3431,27000,25.421352,55.832264,KC-135R Stratotanker,270,354,-32,False,mlat
aef421,2026-09-21 07:07:47.815376,UNK C/S,23-46118,3265,24500,25.266745,56.091621,KC-46A Pegasus,212,550,0,False,mlat
7cf925,2026-09-21 07:07:47.815384,ASY753,A41-211,1062,14025,1.062276,104.48983,C-17A Globemaster,311,301,-96,False,adsb_icao
7cf869,2026-09-21 07:07:47.815399,CHGR,A41-206,4534,20000,-26.735323,149.794144,C-17A Globemaster,103,438,-64,False,adsb_icao
7cf86c,2026-09-21 07:07:47.815410,STAL02,A41-209,4523,32025,-29.599777,152.159851,C-17A Globemaster,196,460,0,False,adsb_icao
c87f01,2026-09-21 07:07:47.815416,BOE7572,NZ7572,6541,23150,-39.182465,175.468262,C-32 AIR FORCE TWO,173,431,-2624,False,adsb_icao
ae0163,2026-09-21 07:07:47.815423,UNK C/S,58-0052,3266,28100,25.7,54.6,KC-135R Stratotanker,61,472,0,False,mode_s
ae5fa6,2026-09-21 07:07:47.815430,UNK C/S,11-46059,3263,23000,24.4,55.8,KC-46A Pegasus,,,,False,mode_s
ae1448,2026-09-21 07:07:47.815436,RCH278,04-4138,2322,35975,20.9,-153.9,C-17A Globemaster,,,,False,mode_s
ae0366,2026-09-21 07:07:47.815442,UNK C/S,62-3575,0467,28000,31.3,131.5,KC-135R Stratotanker,,,,False,mode_s
ae0568,2026-09-21 07:07:47.815448,RCH9206,86-0011,0754,35000,48.3,-52.7,C-5M Galaxy,72,542,-64,False,mode_s
800794,2026-09-21 07:07:47.815452,VUAUG,CB-8007,3330,23000,30.4,75.3,C-17A Globemaster,,,,False,mode_s
ae07f5,2026-09-21 07:08:48.051769,RCH709,97-0043,2310,33300,22.003418,-155.774796,C-17A Globemaster,250,427,-1984,False,adsb_icao
aeed5f,2026-09-21 07:08:48.051785,UNK C/S,,0771,11900,35.336014,-99.731567,E-6B TACAMO,87,312,-9,False,mlat
ae07d8,2026-09-21 07:08:48.051792,MCFAMC,92-3294,5171,32040,51.737022,-55.48027,C-17A Globemaster,252,,,False,adsc
ae20c4,2026-09-21 07:08:48.051797,MCFAMC,07-7183,0703,30940,6.033382,-12.390347,C-17A Globemaster,138,467,0,False,adsc
ae4d69,2026-09-21 07:08:48.051801,RCH145,10-0216,2315,4425,49.404869,7.930038,C-17A Globemaster,54,249,-244,False,mlat
ae123f,2026-09-21 07:08:48.051805,MOOSE63,04-4134,1146,30000,49.673363,12.219739,C-17A Globemaster,278,387,52,False,mlat
ae07b4,2026-09-21 07:08:48.051813,UNK C/S,62-3498,0743,12275,24.316307,54.004166,KC-135R Stratotanker,143,292,-1440,False,mlat
ae07be,2026-09-21 07:08:48.051817,UNK C/S,62-3578,3431,27000,25.425383,55.710861,KC-135R Stratotanker,270,366,-32,False,mlat
aef421,2026-09-21 07:08:48.051822,UNK C/S,23-46118,3265,24525,25.223902,55.995422,KC-46A Pegasus,264,550,-25,False,mlat
7cf925,2026-09-21 07:08:48.051829,ASY753,A41-211,1062,14025,1.118045,104.428741,C-17A Globemaster,312,294,0,False,adsb_icao
7cf869,2026-09-21 07:08:48.051842,CHGR,A41-206,4534,20000,-26.764372,149.927246,C-17A Globemaster,103,438,0,False,adsb_icao
7cf86c,2026-09-21 07:08:48.051848,STAL02,A41-209,4523,32025,-29.722595,152.118073,C-17A Globemaster,196,461,32,False,adsb_icao
c87f01,2026-09-21 07:08:48.051853,BOE7572,NZ7572,6541,20600,-39.298653,175.485352,C-32 AIR FORCE TWO,173,412,-2560,False,adsb_icao
ae0163,2026-09-21 07:08:48.051860,UNK C/S,58-0052,3266,28100,25.7,53.0,KC-135R Stratotanker,15,466,0,False,mode_s
ae63be,2026-09-21 07:08:48.051866,UNK C/S,20-46082,7521,Unavailable,25.2,50.2,KC-46A Pegasus,,,,False,mode_s
ae5fa6,2026-09-21 07:08:48.051871,UNK C/S,11-46059,3263,23025,25.1,56.4,KC-46A Pegasus,,,,False,mode_s
ae1448,2026-09-21 07:08:48.051876,RCH278,04-4138,2322,36000,20.9,-153.9,C-17A Globemaster,,,,False,mode_s
ae0568,2026-09-21 07:08:48.051884,RCH9206,86-0011,0754,35000,47.6,-52.0,C-5M Galaxy,73,542,-32,False,mode_s
800794,2026-09-21 07:08:48.051888,VUAUG,CB-8007,3330,23000,30.4,75.3,C-17A Globemaster,,,,False,mode_s
ae07f5,2026-09-21 07:09:48.282080,RCH709,97-0043,2310,31400,21.963272,-155.89595,C-17A Globemaster,250,429,-1792,False,adsb_icao
aeed5f,2026-09-21 07:09:48.282098,UNK C/S,,0771,11900,35.340534,-99.626297,E-6B TACAMO,86,314,-19,False,mlat
ae07d8,2026-09-21 07:09:48.282105,MCFAMC,92-3294,5171,32040,51.737022,-55.48027,C-17A Globemaster,252,,,False,adsc
ae20c4,2026-09-21 07:09:48.282109,MCFAMC,07-7183,0703,30940,6.033382,-12.390347,C-17A Globemaster,138,467,0,False,adsc
ae4d69,2026-09-21 07:09:48.282113,RCH145,10-0216,2315,3975,49.45628,7.90475,C-17A Globemaster,284,244,-142,False,mlat
ae123f,2026-09-21 07:09:48.282118,MOOSE63,04-4134,1146,29975,49.684875,12.060201,C-17A Globemaster,277,381,58,False,mlat
ae07be,2026-09-21 07:09:48.282126,UNK C/S,62-3578,3431,27000,25.427412,55.613792,KC-135R Stratotanker,277,414,224,False,mlat
aef421,2026-09-21 07:09:48.282130,UNK C/S,23-46118,3265,24500,25.247232,55.820065,KC-46A Pegasus,281,692,0,False,mlat
7cf925,2026-09-21 07:09:48.282139,ASY753,A41-211,1062,13875,1.173706,104.367554,C-17A Globemaster,312,298,-608,False,adsb_icao
7cf869,2026-09-21 07:09:48.282150,CHGR,A41-206,4534,20000,-26.79332,150.060333,C-17A Globemaster,103,438,-32,False,adsb_icao
7cf86c,2026-09-21 07:09:48.282155,STAL02,A41-209,4523,32025,-29.846375,152.07576,C-17A Globemaster,196,458,-64,False,adsb_icao
c87f01,2026-09-21 07:09:48.282161,BOE7572,NZ7572,6541,18125,-39.411438,175.501877,C-32 AIR FORCE TWO,173,396,-2368,False,adsb_icao
ae0163,2026-09-21 07:09:48.282168,UNK C/S,58-0052,3266,28100,25.8,52.4,KC-135R Stratotanker,4,464,0,False,mode_s
ae63be,2026-09-21 07:09:48.282173,UNK C/S,20-46082,7521,Unavailable,25.2,49.9,KC-46A Pegasus,,,,False,mode_s
ae5fa6,2026-09-21 07:09:48.282178,UNK C/S,11-46059,3263,23000,25.3,56.5,KC-46A Pegasus,,,,False,mode_s
ae07b4,2026-09-21 07:09:48.282183,UNK C/S,62-3498,0743,10625,25.3,54.4,KC-135R Stratotanker,110,290,-1760,False,mode_s
ae1448,2026-09-21 07:09:48.282188,RCH278,04-4138,2322,35975,20.9,-153.9,C-17A Globemaster,,,,False,mode_s
ae4d66,2026-09-21 07:09:48.282194,RCH5060,10-0213,Unavailable,Unavailable,32.5,37.5,C-17A Globemaster,,,,False,mode_s
ae0568,2026-09-21 07:09:48.282200,RCH9206,86-0011,0754,35025,47.6,-52.0,C-5M Galaxy,73,542,32,False,mode_s
800794,2026-09-21 07:09:48.282204,VUAUG,CB-8007,3330,22975,30.4,75.3,C-17A Globemaster,,,,False,mode_s
ae07f5,2026-09-21 07:10:48.495800,RCH709,97-0043,2310,29625,21.922287,-156.018677,C-17A Globemaster,250,444,-1856,False,adsb_icao
aeed5f,2026-09-21 07:10:48.495816,UNK C/S,,0771,11925,35.344742,-99.516098,E-6B TACAMO,90,302,1,False,mlat
ae07d8,2026-09-21 07:10:48.495822,MCFAMC,92-3294,5171,32036,51.557808,-56.348705,C-17A Globemaster,251,,,False,adsc
ae20c4,2026-09-21 07:10:48.495827,MCFAMC,07-7183,0703,30940,6.033382,-12.390347,C-17A Globemaster,138,467,0,False,adsc
ae4d69,2026-09-21 07:10:48.495830,RCH145,10-0216,2315,2725,49.452293,7.812877,C-17A Globemaster,263,190,-1217,False,mlat
ae123f,2026-09-21 07:10:48.495835,MOOSE63,04-4134,1146,29300,49.692471,11.889096,C-17A Globemaster,270,384,-922,False,mlat
ae07b4,2026-09-21 07:10:48.495843,UNK C/S,62-3498,0743,9025,25.033432,55.17918,KC-135R Stratotanker,0,294,-1504,False,mlat
ae07be,2026-09-21 07:10:48.495847,UNK C/S,62-3578,3431,27000,25.425159,55.469555,KC-135R Stratotanker,254,450,0,False,mlat
aef421,2026-09-21 07:10:48.495851,UNK C/S,23-46118,3265,24525,25.330357,55.764786,KC-46A Pegasus,334,508,-49,False,mlat
7cf925,2026-09-21 07:10:48.495859,ASY753,A41-211,1062,13200,1.229599,104.306572,C-17A Globemaster,312,296,-704,False,adsb_icao
7cf869,2026-09-21 07:10:48.495871,CHGR,A41-206,4534,20000,-26.822048,150.192764,C-17A Globemaster,103,439,-64,False,adsb_icao
7cf86c,2026-09-21 07:10:48.495876,STAL02,A41-209,4523,32025,-29.968096,152.034088,C-17A Globemaster,196,457,-64,False,adsb_icao
c87f01,2026-09-21 07:10:48.495881,BOE7572,NZ7572,6541,15700,-39.518661,175.517761,C-32 AIR FORCE TWO,173,381,-2432,False,adsb_icao
ae5fa6,2026-09-21 07:10:48.495889,UNK C/S,11-46059,3263,23000,24.5,56.6,KC-46A Pegasus,,,,False,mode_s
ae1448,2026-09-21 07:10:48.495894,RCH278,04-4138,2322,35975,22.1,-154.4,C-17A Globemaster,,,,False,mode_s
800794,2026-09-21 07:10:48.495901,VUAUG,CB-8007,3330,21925,30.4,75.3,C-17A Globemaster,,,,False,mode_s
ae4d66,2026-09-21 07:10:48.495908,RCH5060,10-0213,1175,Unavailable,32.5,37.5,C-17A Globemaster,,,,False,mode_s
ae0568,2026-09-21 07:10:48.495913,RCH9206,86-0011,0754,35000,48.3,-52.7,C-5M Galaxy,73,540,0,False,mode_s
ae07f5,2026-09-21 07:11:48.709170,RCH709,97-0043,2310,27625,21.879505,-156.146896,C-17A Globemaster,250,453,-2048,False,adsb_icao
aeed5f,2026-09-21 07:11:48.709188,UNK C/S,,0771,11900,35.349758,-99.408661,E-6B TACAMO,88,309,-4,False,mlat
ae07d8,2026-09-21 07:11:48.709195,MCFAMC,92-3294,5171,32036,51.557808,-56.348705,C-17A Globemaster,251,,,False,adsc
ae20c4,2026-09-21 07:11:48.709199,MCFAMC,07-7183,0703,30940,6.033382,-12.390347,C-17A Globemaster,138,467,0,False,adsc
ae4d69,2026-09-21 07:11:48.709203,RCH145,10-0216,2315,1925,49.44725,7.746115,C-17A Globemaster,264,126,-728,False,mlat
ae123f,2026-09-21 07:11:48.709208,MOOSE63,04-4134,1146,28275,49.686375,11.716838,C-17A Globemaster,266,396,-1012,False,mlat
ae07be,2026-09-21 07:11:48.709217,UNK C/S,62-3578,3431,27000,25.348473,55.376556,KC-135R Stratotanker,185,472,0,False,mlat
aef421,2026-09-21 07:11:48.709221,UNK C/S,23-46118,3265,24500,25.438066,55.831703,KC-46A Pegasus,53,731,75,False,mlat
7cf925,2026-09-21 07:11:48.709230,ASY753,A41-211,1062,12325,1.285492,104.245407,C-17A Globemaster,312,293,-1440,False,adsb_icao
7cf869,2026-09-21 07:11:48.709243,CHGR,A41-206,4534,20000,-26.85026,150.325287,C-17A Globemaster,103,439,0,False,adsb_icao
7cf86c,2026-09-21 07:11:48.709248,STAL02,A41-209,4523,32000,-30.091879,151.991455,C-17A Globemaster,196,460,0,False,adsb_icao
c87f01,2026-09-21 07:11:48.709254,BOE7572,NZ7572,6541,13300,-39.62331,175.533203,C-32 AIR FORCE TWO,173,368,-2432,False,adsb_icao
ae5fa6,2026-09-21 07:11:48.709261,UNK C/S,11-46059,3263,23000,24.7,57.1,KC-46A Pegasus,,,,False,mode_s
ae1448,2026-09-21 07:11:48.709267,RCH278,04-4138,2322,36000,22.0,-155.1,C-17A Globemaster,,,,False,mode_s
800794,2026-09-21 07:11:48.709298,VUAUG,CB-8007,3330,20875,30.4,75.3,C-17A Globemaster,,,,False,mode_s
ae4d66,2026-09-21 07:11:48.709306,RCH5060,10-0213,1175,Unavailable,32.5,37.5,C-17A Globemaster,,,,False,mode_s
ae07b4,2026-09-21 07:11:48.709312,UNK C/S,62-3498,0743,7775,25.3,54.4,KC-135R Stratotanker,341,282,-1120,False,mode_s
ae0568,2026-09-21 07:11:48.709316,RCH9206,86-0011,0754,35000,47.6,-52.0,C-5M Galaxy,73,540,0,False,mode_s
ae07f5,2026-09-21 07:12:48.925167,RCH709,97-0043,2310,25625,21.837236,-156.273041,C-17A Globemaster,250,441,-1728,False,adsb_icao
aeed5f,2026-09-21 07:12:48.925187,UNK C/S,,0771,11900,35.35371,-99.309174,E-6B TACAMO,88,305,1,False,mlat
ae07d8,2026-09-21 07:12:48.925194,MCFAMC,92-3294,5171,32036,51.557808,-56.348705,C-17A Globemaster,251,,,False,adsc
ae20c4,2026-09-21 07:12:48.925199,MCFAMC,07-7183,0703,30940,6.033382,-12.390347,C-17A Globemaster,138,467,0,False,adsc
ae4d69,2026-09-21 07:12:48.925204,RCH145,10-0216,2315,1225,49.442448,7.690585,C-17A Globemaster,264,144,-686,False,mlat
ae123f,2026-09-21 07:12:48.925208,MOOSE63,04-4134,1146,27275,49.677574,11.561835,C-17A Globemaster,266,390,-1014,False,mlat
ae07b4,2026-09-21 07:12:48.925218,UNK C/S,62-3498,0743,7050,24.363474,54.03791,KC-135R Stratotanker,270,278,32,False,mlat
ae07be,2026-09-21 07:12:48.925223,UNK C/S,62-3578,3431,27000,25.233067,55.425831,KC-135R Stratotanker,129,476,0,False,mlat
aef421,2026-09-21 07:12:48.925228,UNK C/S,23-46118,3265,24500,25.443033,55.921528,KC-46A Pegasus,95,541,0,False,mlat
7cf925,2026-09-21 07:12:48.925238,ASY753,A41-211,1062,10375,1.33996,104.183632,C-17A Globemaster,303,300,-2304,False,adsb_icao
7cf869,2026-09-21 07:12:48.925253,CHGR,A41-206,4534,20000,-26.91655,150.437744,C-17A Globemaster,142,444,-128,False,adsb_icao
7cf86c,2026-09-21 07:12:48.925258,STAL02,A41-209,4523,32000,-30.213913,151.949478,C-17A Globemaster,196,461,-32,False,adsb_icao
c87f01,2026-09-21 07:12:48.925264,BOE7572,NZ7572,6541,10975,-39.722885,175.547974,C-32 AIR FORCE TWO,173,356,-1664,False,adsb_icao
ae5fa6,2026-09-21 07:12:48.925271,UNK C/S,11-46059,3263,23000,24.6,55.8,KC-46A Pegasus,,,,False,mode_s
ae1448,2026-09-21 07:12:48.925299,RCH278,04-4138,2322,36000,22.0,-155.1,C-17A Globemaster,,,,False,mode_s
800794,2026-09-21 07:12:48.925308,VUAUG,CB-8007,3330,20750,30.4,75.3,C-17A Globemaster,,,,False,mode_s
ae4d66,2026-09-21 07:12:48.925315,RCH5060,10-0213,1175,Unavailable,30.2,33.6,C-17A Globemaster,,,,False,mode_s
ae0568,2026-09-21 07:12:48.925321,RCH9206,86-0011,2000,35000,47.6,-52.0,C-5M Galaxy,74,540,0,False,mode_s
ae07f5,2026-09-21 07:13:49.189957,RCH709,97-0043,2310,23625,21.795803,-156.396225,C-17A Globemaster,250,430,-1920,False,adsb_icao
aeed5f,2026-09-21 07:13:49.189976,UNK C/S,,0771,11900,35.358147,-99.206802,E-6B TACAMO,87,302,-51,False,mlat
ae07d8,2026-09-21 07:13:49.189983,MCFAMC,92-3294,5171,32036,51.557808,-56.348705,C-17A Globemaster,251,,,False,adsc
ae07dc,2026-09-21 07:13:49.189988,RCH745,93-0602,0125,30000,51.003563,-15.15976,C-17A Globemaster,276,,,False,other
ae20c4,2026-09-21 07:13:49.189992,MCFAMC,07-7183,0703,30944,5.309486,-11.740952,C-17A Globemaster,138,468,0,False,adsc
ae4d69,2026-09-21 07:13:49.189996,RCH145,10-0216,2315,525,49.441784,7.636525,C-17A Globemaster,273,134,-678,False,mlat
ae123f,2026-09-21 07:13:49.190000,MOOSE63,04-4134,1146,26175,49.669529,11.38724,C-17A Globemaster,265,397,-1485,False,mlat
ae07be,2026-09-21 07:13:49.190008,UNK C/S,62-3578,3431,27000,25.205597,55.562088,KC-135R Stratotanker,70,476,0,False,mlat
aef421,2026-09-21 07:13:49.190013,UNK C/S,23-46118,3265,24525,25.418184,56.046974,KC-46A Pegasus,122,441,76,False,mlat
7cf925,2026-09-21 07:13:49.190021,ASY753,A41-211,1062,8525,1.381897,104.114174,C-17A Globemaster,300,285,-2368,False,adsb_icao
7cf869,2026-09-21 07:13:49.190033,CHGR,A41-206,4534,20000,-27.014496,150.523148,C-17A Globemaster,141,444,-96,False,adsb_icao
7cf86c,2026-09-21 07:13:49.190037,STAL02,A41-209,4523,32000,-30.336639,151.90564,C-17A Globemaster,201,456,-64,False,adsb_icao
c87f01,2026-09-21 07:13:49.190043,BOE7572,NZ7572,6541,10300,-39.814865,175.561707,C-32 AIR FORCE TWO,173,301,-448,False,adsb_icao
ae5fa6,2026-09-21 07:13:49.190050,UNK C/S,11-46059,3263,23000,25.0,55.6,KC-46A Pegasus,,,,False,mode_s
ae1448,2026-09-21 07:13:49.190056,RCH278,04-4138,2322,35875,22.0,-155.1,C-17A Globemaster,,,,False,mode_s
800794,2026-09-21 07:13:49.190063,VUAUG,CB-8007,3330,19175,30.4,75.3,C-17A Globemaster,,,,False,mode_s
ae4d66,2026-09-21 07:13:49.190070,RCH5060,10-0213,1175,Unavailable,30.2,33.6,C-17A Globemaster,,,,False,mode_s
ae07b4,2026-09-21 07:13:49.190076,UNK C/S,62-3498,0743,7050,24.9,54.5,KC-135R Stratotanker,221,282,-96,False,mode_s
ae0568,2026-09-21 07:13:49.190080,RCH9206,86-0011,2000,35000,47.6,-52.0,C-5M Galaxy,82,542,-96,False,mode_s
ae07f5,2026-09-21 07:14:49.424369,RCH709,97-0043,2310,21600,21.755537,-156.516068,C-17A Globemaster,250,424,-2240,False,adsb_icao
aeed5f,2026-09-21 07:14:49.424390,UNK C/S,,0771,11900,35.362011,-99.10392,E-6B TACAMO,86,292,-27,False,mlat
ae07d8,2026-09-21 07:14:49.424397,MCFAMC,92-3294,5171,32036,51.557808,-56.348705,C-17A Globemaster,251,,,False,adsc
ae20c4,2026-09-21 07:14:49.424402,MCFAMC,07-7183,0703,30944,5.309486,-11.740952,C-17A Globemaster,138,468,0,False,adsc
ae123f,2026-09-21 07:14:49.424408,MOOSE63,04-4134,1146,24700,49.661472,11.226754,C-17A Globemaster,265,388,-1502,False,mlat
ae07be,2026-09-21 07:14:49.424419,UNK C/S,62-3578,3431,27000,25.299643,55.654861,KC-135R Stratotanker,19,472,192,False,mlat
aef421,2026-09-21 07:14:49.424424,UNK C/S,23-46118,3265,24500,25.30434,56.042332,KC-46A Pegasus,155,444,62,False,mlat
7cf925,2026-09-21 07:14:49.424440,ASY753,A41-211,1062,6375,1.421892,104.046776,C-17A Globemaster,301,276,-2080,False,adsb_icao
7cf869,2026-09-21 07:14:49.424457,CHGR,A41-206,4534,14625,-27.105789,150.602295,C-17A Globemaster,142,382,-10304,False,adsb_icao
7cf86c,2026-09-21 07:14:49.424461,STAL02,A41-209,4523,32000,-30.454651,151.850494,C-17A Globemaster,201,453,32,False,adsb_icao
c87f01,2026-09-21 07:14:49.424468,BOE7572,NZ7572,6541,9525,-39.892288,175.575562,C-32 AIR FORCE TWO,169,274,-1408,False,adsb_icao
ae5fa6,2026-09-21 07:14:49.424476,UNK C/S,11-46059,3263,23000,25.1,56.1,KC-46A Pegasus,,,,False,mode_s
ae1448,2026-09-21 07:14:49.424482,RCH278,04-4138,2322,34650,20.9,-153.9,C-17A Globemaster,,,,False,mode_s
ae4d66,2026-09-21 07:14:49.424492,RCH5060,10-0213,1175,Unavailable,30.2,33.6,C-17A Globemaster,,,,False,mode_s
ae07b4,2026-09-21 07:14:49.424498,UNK C/S,62-3498,0743,7075,25.3,54.4,KC-135R Stratotanker,114,284,-64,False,mode_s
ae0568,2026-09-21 07:14:49.424502,RCH9206,86-0011,2000,35000,48.3,-52.7,C-5M Galaxy,,,,False,mode_s
ae07f5,2026-09-21 07:15:49.630927,RCH709,97-0043,2310,19625,21.715714,-156.633926,C-17A Globemaster,249,415,-1920,False,adsb_icao
aeed5f,2026-09-21 07:15:49.630946,UNK C/S,,0771,11900,35.366203,-99.001991,E-6B TACAMO,81,290,0,False,mlat
ae07d8,2026-09-21 07:15:49.630953,MCFAMC,92-3294,5171,32044,51.37104,-57.215424,C-17A Globemaster,251,,,False,adsc
ae20c4,2026-09-21 07:15:49.630958,MCFAMC,07-7183,0703,30944,5.309486,-11.740952,C-17A Globemaster,138,468,0,False,adsc
ae123f,2026-09-21 07:15:49.630963,MOOSE63,04-4134,1146,23200,49.653259,11.056548,C-17A Globemaster,267,386,-1485,False,mlat
ae07be,2026-09-21 07:15:49.630974,UNK C/S,62-3578,3431,27000,25.413445,55.65752,KC-135R Stratotanker,324,468,-32,False,mlat
aef421,2026-09-21 07:15:49.630978,UNK C/S,23-46118,3265,24525,25.240549,56.059593,KC-46A Pegasus,244,596,74,False,mlat
7cf925,2026-09-21 07:15:49.630989,ASY753,A41-211,1062,5000,1.460861,103.984245,C-17A Globemaster,301,240,96,False,adsb_icao
7cf869,2026-09-21 07:15:49.631003,CHGR,A41-206,4534,4825,-27.183807,150.670151,C-17A Globemaster,142,332,-10176,False,adsb_icao
7cf86c,2026-09-21 07:15:49.631008,STAL02,A41-209,4523,32000,-30.57118,151.796341,C-17A Globemaster,201,457,0,False,adsb_icao
c87f01,2026-09-21 07:15:49.631014,BOE7572,NZ7572,6541,8100,-39.966064,175.598816,C-32 AIR FORCE TWO,166,270,-1472,False,adsb_icao
ae5fa6,2026-09-21 07:15:49.631021,UNK C/S,11-46059,3263,23000,24.9,55.9,KC-46A Pegasus,,,,False,mode_s
ae0366,2026-09-21 07:15:49.631026,UNK C/S,62-3575,0467,27950,28.8,129.7,KC-135R Stratotanker,,,,False,mode_s
ae1448,2026-09-21 07:15:49.631032,RCH278,04-4138,2322,33175,22.1,-154.4,C-17A Globemaster,,,,False,mode_s
ae07b4,2026-09-21 07:15:49.631042,UNK C/S,62-3498,0743,7050,25.4,54.5,KC-135R Stratotanker,104,282,0,False,mode_s
ae0568,2026-09-21 07:15:49.631047,RCH9206,86-0011,2000,35000,48.3,-52.7,C-5M Galaxy,78,540,0,False,mode_s
ae07f5,2026-09-21 07:16:49.855572,RCH709,97-0043,2310,17600,21.676491,-156.749725,C-17A Globemaster,250,404,-1984,False,adsb_icao
aeed5f,2026-09-21 07:16:49.855594,UNK C/S,,0771,11900,35.370277,-98.897003,E-6B TACAMO,92,333,-26,False,mlat
ae07d8,2026-09-21 07:16:49.855601,MCFAMC,92-3294,5171,32044,51.37104,-57.215424,C-17A Globemaster,251,,,False,adsc
ae20c4,2026-09-21 07:16:49.855606,MCFAMC,07-7183,0703,30952,5.122204,-11.543026,C-17A Globemaster,133,454,0,False,adsc
ae123f,2026-09-21 07:16:49.855612,MOOSE63,04-4134,1146,22000,49.64447,10.897421,C-17A Globemaster,266,373,-782,False,mlat
ae07be,2026-09-21 07:16:49.855622,UNK C/S,62-3578,3431,27000,25.4739,55.528679,KC-135R Stratotanker,260,472,0,False,mlat
aef421,2026-09-21 07:16:49.855628,UNK C/S,23-46118,3265,24500,25.243395,55.926796,KC-46A Pegasus,277,663,0,False,mlat
7cf925,2026-09-21 07:16:49.855639,ASY753,A41-211,1062,5000,1.52092,103.963623,C-17A Globemaster,346,226,256,False,adsb_icao
7cf869,2026-09-21 07:16:49.855655,CHGR,A41-206,4534,2400,-27.251541,150.726303,C-17A Globemaster,159,330,-320,False,other
7cf86c,2026-09-21 07:16:49.855660,STAL02,A41-209,4523,32000,-30.690401,151.740692,C-17A Globemaster,202,456,0,False,adsb_icao
c87f01,2026-09-21 07:16:49.855667,BOE7572,NZ7572,6541,6750,-40.03894,175.620972,C-32 AIR FORCE TWO,167,261,-1280,False,adsb_icao
ae5fa6,2026-09-21 07:16:49.855674,UNK C/S,11-46059,3263,23000,25.7,56.8,KC-46A Pegasus,,,,False,mode_s
ae0366,2026-09-21 07:16:49.855679,UNK C/S,62-3575,0467,26400,27.9,129.1,KC-135R Stratotanker,,,,False,mode_s
ae1448,2026-09-21 07:16:49.855683,RCH278,04-4138,2322,31700,22.0,-155.1,C-17A Globemaster,,,,False,mode_s
ae07b4,2026-09-21 07:16:49.855694,UNK C/S,62-3498,0743,7075,25.5,54.5,KC-135R Stratotanker,65,270,0,False,mode_s
ae07f5,2026-09-21 07:17:50.059546,RCH709,97-0043,2310,16000,21.638535,-156.861588,C-17A Globemaster,249,394,-1600,False,adsb_icao
aeed5f,2026-09-21 07:17:50.059569,UNK C/S,,0771,11375,35.387417,-98.79792,E-6B TACAMO,80,285,-639,False,mlat
ae07d8,2026-09-21 07:17:50.059578,MCFAMC,92-3294,5171,32044,51.37104,-57.215424,C-17A Globemaster,251,,,False,adsc
ae20c4,2026-09-21 07:17:50.059583,MCFAMC,07-7183,0703,30940,5.051136,-11.283817,C-17A Globemaster,105,453,-16,False,adsc
ae123f,2026-09-21 07:17:50.059589,MOOSE63,04-4134,1146,21975,49.63604,10.740005,C-17A Globemaster,267,370,0,False,mlat
ae07be,2026-09-21 07:17:50.059601,UNK C/S,62-3578,3431,27000,25.399567,55.413334,KC-135R Stratotanker,206,474,0,False,mlat
aef421,2026-09-21 07:17:50.059609,UNK C/S,23-46118,3265,24500,25.270641,55.831223,KC-46A Pegasus,303,375,0,False,mlat
7cf925,2026-09-21 07:17:50.059622,ASY753,A41-211,1062,5025,1.580495,103.944588,C-17A Globemaster,341,222,-64,False,adsb_icao
7cf869,2026-09-21 07:17:50.059641,CHGR,A41-206,4534,1700,-27.315039,150.746475,C-17A Globemaster,160,324,-896,False,other
7cf86c,2026-09-21 07:17:50.059647,STAL02,A41-209,4523,32025,-30.808365,151.685425,C-17A Globemaster,202,456,96,False,adsb_icao
c87f01,2026-09-21 07:17:50.059654,BOE7572,NZ7572,6541,5350,-40.110245,175.641296,C-32 AIR FORCE TWO,166,263,-1600,False,adsb_icao
ae0141,2026-09-21 07:17:50.059662,UNK C/S,59-1510,3652,31000,21.1,118.2,KC-135R Stratotanker,,,,False,mode_s
ae5fa6,2026-09-21 07:17:50.059668,UNK C/S,11-46059,3263,23000,25.7,58.1,KC-46A Pegasus,,,,False,mode_s
ae0366,2026-09-21 07:17:50.059673,UNK C/S,62-3575,0467,24750,27.2,128.6,KC-135R Stratotanker,,,,False,mode_s
ae1448,2026-09-21 07:17:50.059678,RCH278,04-4138,2322,30275,22.0,-155.1,C-17A Globemaster,,,,False,mode_s
ae4d66,2026-09-21 07:17:50.059687,RCH5060,10-0213,1175,Unavailable,30.2,33.6,C-17A Globemaster,,,,False,mode_s
ae07b4,2026-09-21 07:17:50.059694,UNK C/S,62-3498,0743,7050,25.3,54.4,KC-135R Stratotanker,319,254,64,False,mode_s
ae07f5,2026-09-21 07:18:50.340536,RCH709,97-0043,2310,14500,21.600861,-156.972504,C-17A Globemaster,250,394,-1536,False,adsb_icao
aeed5f,2026-09-21 07:18:50.340558,UNK C/S,,0771,10550,35.405247,-98.700844,E-6B TACAMO,79,279,-1059,False,mlat
ae07d8,2026-09-21 07:18:50.340566,MCFAMC,92-3294,5171,32044,51.37104,-57.215424,C-17A Globemaster,251,,,False,adsc
ae20c4,2026-09-21 07:18:50.340571,MCFAMC,07-7183,0703,30940,5.051136,-11.283817,C-17A Globemaster,105,453,-16,False,adsc
ae123f,2026-09-21 07:18:50.340577,MOOSE63,04-4134,1146,21975,49.627525,10.581031,C-17A Globemaster,265,381,-51,False,mlat
ae07be,2026-09-21 07:18:50.340587,UNK C/S,62-3578,3431,27000,25.26882,55.410072,KC-135R Stratotanker,149,476,-288,False,mlat
aef421,2026-09-21 07:18:50.340594,UNK C/S,23-46118,3265,24525,25.357016,55.812248,KC-46A Pegasus,10,380,0,False,mlat
7cf925,2026-09-21 07:18:50.340606,ASY753,A41-211,1062,5050,1.639664,103.925545,C-17A Globemaster,341,221,96,False,adsb_icao
7cf86c,2026-09-21 07:18:50.340624,STAL02,A41-209,4523,32000,-30.925396,151.630447,C-17A Globemaster,202,451,-64,False,adsb_icao
c87f01,2026-09-21 07:18:50.340631,BOE7572,NZ7572,6541,4550,-40.180344,175.663818,C-32 AIR FORCE TWO,165,246,-384,False,adsb_icao
ae0141,2026-09-21 07:18:50.340637,UNK C/S,59-1510,3462,31025,21.2,118.4,KC-135R Stratotanker,,,,False,mode_s
ae5fa6,2026-09-21 07:18:50.340643,UNK C/S,11-46059,3263,23000,25.8,57.2,KC-46A Pegasus,,,,False,mode_s
ae0366,2026-09-21 07:18:50.340648,UNK C/S,62-3575,0467,22000,26.9,128.4,KC-135R Stratotanker,,,,False,mode_s
ae1448,2026-09-21 07:18:50.340652,RCH278,04-4138,2322,28575,22.0,-155.1,C-17A Globemaster,,,,False,mode_s
ae4d66,2026-09-21 07:18:50.340662,RCH5060,10-0213,1175,Unavailable,30.2,33.6,C-17A Globemaster,,,,False,mode_s
ae07b4,2026-09-21 07:18:50.340668,UNK C/S,62-3498,0743,7075,25.4,54.5,KC-135R Stratotanker,286,254,0,False,mode_s
ae63be,2026-09-21 07:18:50.340675,UNK C/S,20-46082,7521,Unavailable,25.2,50.3,KC-46A Pegasus,,,,False,mode_s
ae0263,2026-09-21 07:18:50.340679,UNK C/S,61-0324,3276,8975,27.1,51.8,KC-135R Stratotanker,,,,False,mode_s
ae07f5,2026-09-21 07:19:50.558704,RCH709,97-0043,2310,13000,21.563095,-157.083023,C-17A Globemaster,249,392,-1536,False,adsb_icao
aeed5f,2026-09-21 07:19:50.558728,UNK C/S,,0771,9225,35.424465,-98.6007,E-6B TACAMO,77,292,-1370,False,mlat
ae07d8,2026-09-21 07:19:50.558737,MCFAMC,92-3294,5171,32044,51.37104,-57.215424,C-17A Globemaster,251,,,False,adsc
ae20c4,2026-09-21 07:19:50.558742,MCFAMC,07-7183,0703,30940,5.051136,-11.283817,C-17A Globemaster,105,453,-16,False,adsc
ae123f,2026-09-21 07:19:50.558748,MOOSE63,04-4134,1146,21650,49.61713,10.405238,C-17A Globemaster,266,375,-884,False,mlat
ae07be,2026-09-21 07:19:50.558760,UNK C/S,62-3578,3431,27000,25.206825,55.524033,KC-135R Stratotanker,88,474,64,False,mlat
aef421,2026-09-21 07:19:50.558766,UNK C/S,23-46118,3265,24500,25.401093,55.890652,KC-46A Pegasus,77,471,-74,False,mlat
7cf925,2026-09-21 07:19:50.558780,ASY753,A41-211,1062,5875,1.698412,103.906273,C-17A Globemaster,341,231,2080,False,adsb_icao
7cf86c,2026-09-21 07:19:50.558800,STAL02,A41-209,4523,32000,-31.042053,151.575348,C-17A Globemaster,202,453,32,False,adsb_icao
c87f01,2026-09-21 07:19:50.558807,BOE7572,NZ7572,6541,4175,-40.243103,175.685181,C-32 AIR FORCE TWO,167,208,-256,False,adsb_icao
ae0141,2026-09-21 07:19:50.558814,UNK C/S,59-1510,3462,31000,21.5,118.6,KC-135R Stratotanker,,,,False,mode_s
ae5fa6,2026-09-21 07:19:50.558820,UNK C/S,11-46059,3263,23025,25.5,59.0,KC-46A Pegasus,,,,False,mode_s
ae0366,2026-09-21 07:19:50.558826,UNK C/S,62-3575,0467,22000,26.9,128.4,KC-135R Stratotanker,,,,False,mode_s
ae1448,2026-09-21 07:19:50.558830,RCH278,04-4138,2322,26600,22.0,-155.1,C-17A Globemaster,,,,False,mode_s
ae4d66,2026-09-21 07:19:50.558842,RCH5060,10-0213,1175,8700,30.2,33.6,C-17A Globemaster,,,,False,mode_s
ae07b4,2026-09-21 07:19:50.558848,UNK C/S,62-3498,0743,7075,25.0,54.5,KC-135R Stratotanker,286,258,0,False,mode_s
ae63be,2026-09-21 07:19:50.558854,UNK C/S,20-46082,7521,Unavailable,25.3,50.4,KC-46A Pegasus,,,,False,mode_s
ae0263,2026-09-21 07:19:50.558859,UNK C/S,61-0324,3276,7850,26.8,51.8,KC-135R Stratotanker,,,,False,mode_s
ae07f5,2026-09-21 07:20:50.804301,RCH709,97-0043,2310,11500,21.52557,-157.192581,C-17A Globemaster,249,385,-1536,False,adsb_icao
aeed5f,2026-09-21 07:20:50.804334,UNK C/S,,0771,7975,35.445812,-98.503616,E-6B TACAMO,74,299,-1161,False,mlat
ae07d8,2026-09-21 07:20:50.804344,MCFAMC,92-3294,5171,32044,51.177406,-58.075962,C-17A Globemaster,250,,,False,adsc
ae20c4,2026-09-21 07:20:50.804349,MCFAMC,07-7183,0703,30948,4.98024,-11.02581,C-17A Globemaster,105,451,0,False,adsc
ae123f,2026-09-21 07:20:50.804356,MOOSE63,04-4134,1146,20650,49.608704,10.245865,C-17A Globemaster,267,360,-949,False,mlat
ae07be,2026-09-21 07:20:50.804368,UNK C/S,62-3578,3431,27000,25.263948,55.639381,KC-135R Stratotanker,29,472,-256,False,mlat
aef421,2026-09-21 07:20:50.804374,UNK C/S,23-46118,3265,24525,25.438229,56.021938,KC-46A Pegasus,79,356,0,False,mlat
7cf925,2026-09-21 07:20:50.804388,ASY753,A41-211,1062,7050,1.759598,103.886902,C-17A Globemaster,341,221,96,False,adsb_icao
7cf86c,2026-09-21 07:20:50.804409,STAL02,A41-209,4523,32000,-31.159927,151.519775,C-17A Globemaster,202,454,-64,False,adsb_icao
c87f01,2026-09-21 07:20:50.804417,BOE7572,NZ7572,6541,4075,-40.273457,175.657898,C-32 AIR FORCE TWO,260,133,-128,False,adsb_icao
ae0141,2026-09-21 07:20:50.804425,UNK C/S,59-1510,3462,31000,21.1,118.2,KC-135R Stratotanker,,,,False,mode_s
ae5fa6,2026-09-21 07:20:50.804431,UNK C/S,11-46059,3263,23000,25.1,57.4,KC-46A Pegasus,,,,False,mode_s
ae0366,2026-09-21 07:20:50.804437,UNK C/S,62-3575,0467,22000,26.9,128.4,KC-135R Stratotanker,,,,False,mode_s
ae1448,2026-09-21 07:20:50.804441,RCH278,04-4138,2322,24675,22.0,-158.4,C-17A Globemaster,,,,False,mode_s
ae4d66,2026-09-21 07:20:50.804453,RCH5060,10-0213,1175,8025,30.2,33.6,C-17A Globemaster,,,,False,mode_s
ae07b4,2026-09-21 07:20:50.804460,UNK C/S,62-3498,0743,7050,24.4,54.9,KC-135R Stratotanker,206,268,0,False,mode_s
ae0263,2026-09-21 07:20:50.804466,UNK C/S,61-0324,3276,Unavailable,26.3,51.4,KC-135R Stratotanker,,,,False,mode_s
ae07f5,2026-09-21 07:21:51.019265,RCH709,97-0043,2310,10050,21.489075,-157.298355,C-17A Globemaster,248,376,-1024,False,adsb_icao
aeed5f,2026-09-21 07:21:51.019320,UNK C/S,,0771,7050,35.467758,-98.415367,E-6B TACAMO,72,280,-688,False,mlat
ae07d8,2026-09-21 07:21:51.019333,MCFAMC,92-3294,5171,32044,51.177406,-58.075962,C-17A Globemaster,250,,,False,adsc
ae20c4,2026-09-21 07:21:51.019341,MCFAMC,07-7183,0703,30948,4.98024,-11.02581,C-17A Globemaster,105,451,0,False,adsc
ae123f,2026-09-21 07:21:51.019347,MOOSE63,04-4134,1146,19625,49.598595,10.092858,C-17A Globemaster,275,435,-1104,False,mlat
ae07be,2026-09-21 07:21:51.019355,UNK C/S,62-3578,3431,27000,25.375496,55.643131,KC-135R Stratotanker,335,470,-32,False,mlat
aef421,2026-09-21 07:21:51.019362,UNK C/S,23-46118,3265,24500,25.388853,56.105968,KC-46A Pegasus,129,484,-28,False,mlat
7cf925,2026-09-21 07:21:51.019374,ASY753,A41-211,1062,7050,1.819656,103.875313,C-17A Globemaster,2,224,-64,False,adsb_icao
7cf86c,2026-09-21 07:21:51.019390,STAL02,A41-209,4523,30750,-31.277704,151.463943,C-17A Globemaster,201,446,-2240,False,adsb_icao
c87f01,2026-09-21 07:21:51.019398,BOE7572,NZ7572,6541,3600,-40.265079,175.611084,C-32 AIR FORCE TWO,290,124,-832,False,adsb_icao
ae0141,2026-09-21 07:21:51.019404,UNK C/S,59-1510,3462,31000,21.5,118.6,KC-135R Stratotanker,,,,False,mode_s
ae5fa6,2026-09-21 07:21:51.019410,UNK C/S,11-46059,3263,23000,25.1,57.1,KC-46A Pegasus,,,,False,mode_s
ae0366,2026-09-21 07:21:51.019415,UNK C/S,62-3575,0467,21825,26.9,128.4,KC-135R Stratotanker,,,,False,mode_s
ae1448,2026-09-21 07:21:51.019420,RCH278,04-4138,2322,23000,22.0,-156.5,C-17A Globemaster,,,,False,mode_s
ae4d66,2026-09-21 07:21:51.019431,RCH5060,10-0213,1175,7575,30.2,33.6,C-17A Globemaster,,,,False,mode_s
ae07b4,2026-09-21 07:21:51.019437,UNK C/S,62-3498,0743,7050,25.2,54.5,KC-135R Stratotanker,104,276,0,False,mode_s
ae63be,2026-09-21 07:21:51.019442,UNK C/S,20-46082,7521,Unavailable,25.3,51.9,KC-46A Pegasus,,,,False,mode_s
ae0263,2026-09-21 07:21:51.019447,UNK C/S,61-0324,3276,6100,26.4,50.4,KC-135R Stratotanker,,,,False,mode_s
ae07f5,2026-09-21 07:22:51.242943,RCH709,97-0043,2310,9900,21.45076,-157.404129,C-17A Globemaster,248,378,0,False,adsb_icao
ae1448,2026-09-21 07:22:51.242959,RCH278,04-4138,2322,21700,21.880266,-156.120316,C-17A Globemaster,,,-1308,False,mlat
aeed5f,2026-09-21 07:22:51.242970,UNK C/S,,0771,6900,35.485001,-98.321854,E-6B TACAMO,90,258,0,False,mlat
ae07d8,2026-09-21 07:22:51.242976,MCFAMC,92-3294,5171,32044,51.177406,-58.075962,C-17A Globemaster,250,,,False,adsc
ae07dc,2026-09-21 07:22:51.242981,MCFAMC,93-0602,0125,29996,51.025486,-16.909504,C-17A Globemaster,271,,,False,adsc
ae20c4,2026-09-21 07:22:51.242985,MCFAMC,07-7183,0703,30948,4.98024,-11.02581,C-17A Globemaster,105,451,0,False,adsc
ae123f,2026-09-21 07:22:51.242992,MOOSE63,04-4134,1146,18625,49.58963,9.943077,C-17A Globemaster,270,344,-1012,False,mlat
ae07be,2026-09-21 07:22:51.243001,UNK C/S,62-3578,3431,27000,25.470083,55.558681,KC-135R Stratotanker,270,438,416,False,mlat
aef421,2026-09-21 07:22:51.243008,UNK C/S,23-46118,3265,24500,25.275288,56.081242,KC-46A Pegasus,220,464,70,False,mlat
7cf925,2026-09-21 07:22:51.243020,ASY753,A41-211,1062,7050,1.881592,103.877785,C-17A Globemaster,1,221,0,False,adsb_icao
7cf86c,2026-09-21 07:22:51.243036,STAL02,A41-209,4523,28575,-31.396179,151.41835,C-17A Globemaster,179,477,-2208,False,adsb_icao
c87f01,2026-09-21 07:22:51.243045,BOE7572,NZ7572,6541,2950,-40.253448,175.568359,C-32 AIR FORCE TWO,288,115,-1024,False,adsb_icao
ae0141,2026-09-21 07:22:51.243051,UNK C/S,59-1510,3462,31000,21.2,118.4,KC-135R Stratotanker,,,,False,mode_s
ae5fa6,2026-09-21 07:22:51.243056,UNK C/S,11-46059,3263,23000,24.8,56.7,KC-46A Pegasus,,,,False,mode_s
ae0366,2026-09-21 07:22:51.243061,UNK C/S,62-3575,0467,20500,26.9,128.4,KC-135R Stratotanker,,,,False,mode_s
ae07b4,2026-09-21 07:22:51.243073,UNK C/S,62-3498,0743,7050,25.4,54.4,KC-135R Stratotanker,105,272,-32,False,mode_s
ae63be,2026-09-21 07:22:51.243079,UNK C/S,20-46082,7521,23025,25.3,53.6,KC-46A Pegasus,,,,False,mode_s
ae0263,2026-09-21 07:22:51.243083,UNK C/S,61-0324,3276,5125,26.0,51.8,KC-135R Stratotanker,,,,False,mode_s
ae07f5,2026-09-21 07:23:51.450937,RCH709,97-0043,2310,9925,21.412628,-157.50914,C-17A Globemaster,248,378,0,False,adsb_icao
ae1448,2026-09-21 07:23:51.450956,RCH278,04-4138,2322,20500,21.833982,-156.264053,C-17A Globemaster,252,382,-1189,False,mlat
aeed5f,2026-09-21 07:23:51.450965,UNK C/S,,0771,6950,35.478729,-98.227654,E-6B TACAMO,94,281,70,False,mlat
ae07d8,2026-09-21 07:23:51.450972,MCFAMC,92-3294,5171,32044,51.177406,-58.075962,C-17A Globemaster,250,,,False,adsc
ae07dc,2026-09-21 07:23:51.450977,MCFAMC,93-0602,0125,29996,51.025486,-16.909504,C-17A Globemaster,271,,,False,adsc
ae20c4,2026-09-21 07:23:51.450982,MCFAMC,07-7183,0703,30940,4.873638,-10.638714,C-17A Globemaster,105,452,-32,False,adsc
ae123f,2026-09-21 07:23:51.450988,MOOSE63,04-4134,1146,17625,49.580452,9.798877,C-17A Globemaster,263,335,-1008,False,mlat
ae07be,2026-09-21 07:23:51.450998,UNK C/S,62-3578,3431,27000,25.477755,55.43742,KC-135R Stratotanker,269,388,-64,False,mlat
aef421,2026-09-21 07:23:51.451006,UNK C/S,23-46118,3265,24500,25.259319,55.998741,KC-46A Pegasus,260,489,28,False,mlat
7cf925,2026-09-21 07:23:51.451020,ASY753,A41-211,1062,7050,1.880951,103.839935,C-17A Globemaster,185,234,-96,False,adsb_icao
7cf86c,2026-09-21 07:23:51.451039,STAL02,A41-209,4523,26425,-31.529251,151.454346,C-17A Globemaster,166,492,-1728,False,adsb_icao
c87f01,2026-09-21 07:23:51.451047,BOE7572,NZ7572,6541,2275,-40.243835,175.530518,C-32 AIR FORCE TWO,290,110,-384,False,adsb_icao
ae0141,2026-09-21 07:23:51.451053,UNK C/S,59-1510,3462,31000,21.2,118.4,KC-135R Stratotanker,,,,False,mode_s
ae5fa6,2026-09-21 07:23:51.451059,UNK C/S,11-46059,3263,23000,24.9,55.9,KC-46A Pegasus,,,,False,mode_s
ae0366,2026-09-21 07:23:51.451064,UNK C/S,62-3575,0467,Unavailable,26.9,128.4,KC-135R Stratotanker,,,,False,mode_s
ae07b4,2026-09-21 07:23:51.451077,UNK C/S,62-3498,0743,7075,25.4,54.4,KC-135R Stratotanker,105,266,0,False,mode_s
ae63be,2026-09-21 07:23:51.451082,UNK C/S,20-46082,7521,23025,25.3,54.1,KC-46A Pegasus,,,,False,mode_s
ae07f5,2026-09-21 07:24:51.680421,RCH709,97-0043,2310,9925,21.374359,-157.614807,C-17A Globemaster,248,377,0,False,adsb_icao
ae1448,2026-09-21 07:24:51.680438,RCH278,04-4138,2322,19275,21.794151,-156.381516,C-17A Globemaster,250,413,-1218,False,mlat
aeed5f,2026-09-21 07:24:51.680447,UNK C/S,,0771,6975,35.453056,-98.141159,E-6B TACAMO,121,267,11,False,mlat
ae07d8,2026-09-21 07:24:51.680454,MCFAMC,92-3294,5171,32044,51.037159,-58.679008,C-17A Globemaster,249,,,False,adsc
ae07dc,2026-09-21 07:24:51.680460,MCFAMC,93-0602,0125,29996,51.025486,-16.909504,C-17A Globemaster,271,,,False,adsc
ae20c4,2026-09-21 07:24:51.680470,MCFAMC,07-7183,0703,30944,4.837933,-10.509281,C-17A Globemaster,105,454,-16,False,adsc
ae123f,2026-09-21 07:24:51.680477,MOOSE63,04-4134,1146,16675,49.570724,9.645967,C-17A Globemaster,264,373,-968,False,mlat
ae07be,2026-09-21 07:24:51.680487,UNK C/S,62-3578,3431,27000,25.46929,55.314869,KC-135R Stratotanker,269,376,-128,False,mlat
aef421,2026-09-21 07:24:51.680493,UNK C/S,23-46118,3265,24500,25.270315,55.877621,KC-46A Pegasus,284,335,0,False,mlat
7cf925,2026-09-21 07:24:51.680505,ASY753,A41-211,1062,6275,1.815956,103.851532,C-17A Globemaster,167,228,-864,False,adsb_icao
7cf86c,2026-09-21 07:24:51.680522,STAL02,A41-209,4523,24250,-31.659393,151.491608,C-17A Globemaster,166,470,-2048,False,adsb_icao
c87f01,2026-09-21 07:24:51.680531,BOE7572,NZ7572,6541,1700,-40.23333,175.491928,C-32 AIR FORCE TWO,290,118,-768,False,adsb_icao
ae0141,2026-09-21 07:24:51.680538,UNK C/S,59-1510,3462,31000,21.5,118.6,KC-135R Stratotanker,,,,False,mode_s
ae0263,2026-09-21 07:24:51.680543,UNK C/S,61-0324,3276,5100,25.9,51.5,KC-135R Stratotanker,,,,False,mode_s
ae5fa6,2026-09-21 07:24:51.680548,UNK C/S,11-46059,3263,23000,24.8,57.2,KC-46A Pegasus,,,,False,mode_s
ae0366,2026-09-21 07:24:51.680553,UNK C/S,62-3575,0467,18000,26.9,128.3,KC-135R Stratotanker,,,,False,mode_s
ae07b4,2026-09-21 07:24:51.680565,UNK C/S,62-3498,0743,7075,25.3,54.3,KC-135R Stratotanker,17,262,0,False,mode_s
ae63be,2026-09-21 07:24:51.680571,UNK C/S,20-46082,7521,23025,25.3,53.3,KC-46A Pegasus,,,,False,mode_s
ae07f5,2026-09-21 07:25:51.905605,RCH709,97-0043,2310,9900,21.336985,-157.717636,C-17A Globemaster,245,340,-128,False,adsb_icao
ae1448,2026-09-21 07:25:51.905622,RCH278,04-4138,2322,18025,21.754765,-156.499573,C-17A Globemaster,250,407,-1201,False,mlat
aeed5f,2026-09-21 07:25:51.905631,UNK C/S,,0771,7000,35.42115,-98.055412,E-6B TACAMO,116,274,17,False,mlat
ae07d8,2026-09-21 07:25:51.905637,MCFAMC,92-3294,5171,32044,51.037159,-58.679008,C-17A Globemaster,249,,,False,adsc
ae07dc,2026-09-21 07:25:51.905641,MCFAMC,93-0602,0125,29996,51.025486,-16.909504,C-17A Globemaster,271,,,False,adsc
ae20c4,2026-09-21 07:25:51.905645,MCFAMC,07-7183,0703,30944,4.802227,-10.38002,C-17A Globemaster,105,453,0,False,adsc
ae123f,2026-09-21 07:25:51.905651,MOOSE63,04-4134,1146,16000,49.560436,9.494054,C-17A Globemaster,270,362,-212,False,mlat
ae07be,2026-09-21 07:25:51.905658,UNK C/S,62-3578,3431,27000,25.446987,55.224266,KC-135R Stratotanker,268,374,0,False,mlat
aef421,2026-09-21 07:25:51.905666,UNK C/S,23-46118,3265,24525,25.282166,55.760262,KC-46A Pegasus,278,346,66,False,mlat
7cf925,2026-09-21 07:25:51.905677,ASY753,A41-211,1062,5450,1.764982,103.890747,C-17A Globemaster,149,225,-1344,False,adsb_icao
7cf86c,2026-09-21 07:25:51.905688,STAL02,A41-209,4523,21950,-31.785868,151.52832,C-17A Globemaster,165,453,-2208,False,adsb_icao
c87f01,2026-09-21 07:25:51.905695,BOE7572,NZ7572,6541,1025,-40.222595,175.450867,C-32 AIR FORCE TWO,289,120,-512,False,adsb_icao
ae0141,2026-09-21 07:25:51.905700,UNK C/S,59-1510,3462,31000,21.1,118.2,KC-135R Stratotanker,,,,False,mode_s
ae0263,2026-09-21 07:25:51.905706,UNK C/S,61-0324,3276,5000,26.3,51.5,KC-135R Stratotanker,,,,False,mode_s
ae5fa6,2026-09-21 07:25:51.905712,UNK C/S,11-46059,3263,23000,24.9,57.0,KC-46A Pegasus,,,,False,mode_s
ae07b4,2026-09-21 07:25:51.905718,UNK C/S,62-3498,0743,7050,25.3,54.4,KC-135R Stratotanker,286,260,-96,False,mode_s
ae63be,2026-09-21 07:25:51.905724,UNK C/S,20-46082,7521,23025,25.2,51.8,KC-46A Pegasus,,,,False,mode_s
ae0366,2026-09-21 07:25:51.905729,UNK C/S,62-3575,0467,17950,27.0,128.3,KC-135R Stratotanker,,,,False,mode_s
ae07f5,2026-09-21 07:26:52.121824,RCH709,97-0043,2310,9475,21.282166,-157.789185,C-17A Globemaster,229,302,-1152,False,adsb_icao
ae1448,2026-09-21 07:26:52.121841,RCH278,04-4138,2322,16900,21.71933,-156.610596,C-17A Globemaster,251,397,-1198,False,mlat
aeed5f,2026-09-21 07:26:52.121850,UNK C/S,,0771,6975,35.389069,-97.972824,E-6B TACAMO,117,287,0,False,mlat
ae07d8,2026-09-21 07:26:52.121857,MCFAMC,92-3294,5171,32044,51.037159,-58.679008,C-17A Globemaster,249,,,False,adsc
ae07dc,2026-09-21 07:26:52.121861,MCFAMC,93-0602,0125,29996,51.025486,-16.909504,C-17A Globemaster,271,,,False,adsc
ae20c4,2026-09-21 07:26:52.121866,MCFAMC,07-7183,0703,30944,4.802227,-10.38002,C-17A Globemaster,105,453,0,False,adsc
ae123f,2026-09-21 07:26:52.121871,MOOSE63,04-4134,1146,15975,49.550812,9.340604,C-17A Globemaster,265,364,0,False,mlat
ae07be,2026-09-21 07:26:52.121879,UNK C/S,62-3578,3431,27000,25.463749,55.088428,KC-135R Stratotanker,268,372,0,False,mlat
aef421,2026-09-21 07:26:52.121884,UNK C/S,23-46118,3265,24500,25.294945,55.635365,KC-46A Pegasus,276,370,0,False,mlat
7cf925,2026-09-21 07:26:52.121895,ASY753,A41-211,1062,4150,1.708095,103.903389,C-17A Globemaster,169,210,-1120,False,adsb_icao
7cf86c,2026-09-21 07:26:52.121910,STAL02,A41-209,4523,19675,-31.905762,151.563919,C-17A Globemaster,165,445,-2304,False,adsb_icao
c87f01,2026-09-21 07:26:52.121917,BOE7572,NZ7572,6541,375,-40.212196,175.410522,C-32 AIR FORCE TWO,289,117,-768,False,adsb_icao
ae0141,2026-09-21 07:26:52.121923,UNK C/S,59-1510,3462,31000,21.2,118.4,KC-135R Stratotanker,,,,False,mode_s
ae0263,2026-09-21 07:26:52.121928,UNK C/S,61-0324,3276,3750,25.9,53.1,KC-135R Stratotanker,,,,False,mode_s
ae5fa6,2026-09-21 07:26:52.121934,UNK C/S,11-46059,3263,23000,24.9,55.7,KC-46A Pegasus,,,,False,mode_s
ae07b4,2026-09-21 07:26:52.121940,UNK C/S,62-3498,0743,5775,25.3,54.2,KC-135R Stratotanker,286,262,-1184,False,mode_s
ae63be,2026-09-21 07:26:52.121947,UNK C/S,20-46082,7521,23025,25.3,52.1,KC-46A Pegasus,,,,False,mode_s
ae0366,2026-09-21 07:26:52.121953,UNK C/S,62-3575,0467,16075,27.1,128.0,KC-135R Stratotanker,,,,False,mode_s
ae07f5,2026-09-21 07:27:52.351365,RCH709,97-0043,2310,8250,21.22661,-157.858627,C-17A Globemaster,229,304,-1216,False,adsb_icao
ae1448,2026-09-21 07:27:52.351381,RCH278,04-4138,2322,15625,21.681717,-156.721146,C-17A Globemaster,250,399,-1228,False,mlat
aeed5f,2026-09-21 07:27:52.351389,UNK C/S,,0771,6975,35.354279,-97.88295,E-6B TACAMO,115,293,0,False,mlat
ae07d8,2026-09-21 07:27:52.351396,MCFAMC,92-3294,5171,32044,51.037159,-58.679008,C-17A Globemaster,249,,,False,adsc
ae07dc,2026-09-21 07:27:52.351400,MCFAMC,93-0602,0125,29996,51.025486,-16.909504,C-17A Globemaster,271,,,False,adsc
ae20c4,2026-09-21 07:27:52.351404,MCFAMC,07-7183,0703,30944,4.730301,-10.120125,C-17A Globemaster,105,456,0,False,adsc
ae123f,2026-09-21 07:27:52.351410,MOOSE63,04-4134,1146,16000,49.540054,9.185605,C-17A Globemaster,263,368,16,False,mlat
ae07be,2026-09-21 07:27:52.351419,UNK C/S,62-3578,3431,27000,25.453531,54.975761,KC-135R Stratotanker,268,372,0,False,mlat
aef421,2026-09-21 07:27:52.351425,UNK C/S,23-46118,3265,24525,25.342813,55.542953,KC-46A Pegasus,316,407,0,False,mlat
7cf925,2026-09-21 07:27:52.351436,ASY753,A41-211,1062,3150,1.651199,103.916283,C-17A Globemaster,142,208,-768,False,adsb_icao
7cf86c,2026-09-21 07:27:52.351451,STAL02,A41-209,4523,17450,-32.021423,151.598663,C-17A Globemaster,166,409,-2368,False,adsb_icao
ae0141,2026-09-21 07:27:52.351459,UNK C/S,59-1510,3462,31000,21.1,118.2,KC-135R Stratotanker,,,,False,mode_s
ae0263,2026-09-21 07:27:52.351464,UNK C/S,61-0324,3276,Unavailable,25.2,49.3,KC-135R Stratotanker,,,,False,mode_s
ae5fa6,2026-09-21 07:27:52.351470,UNK C/S,11-46059,3263,23000,24.7,55.5,KC-46A Pegasus,,,,False,mode_s
ae07b4,2026-09-21 07:27:52.351477,UNK C/S,62-3498,0743,4850,25.1,54.4,KC-135R Stratotanker,325,242,-1312,False,mode_s
ae63be,2026-09-21 07:27:52.351483,UNK C/S,20-46082,7521,23000,25.3,53.5,KC-46A Pegasus,,,,False,mode_s
ae0366,2026-09-21 07:27:52.351489,UNK C/S,62-3575,0467,16000,27.0,128.1,KC-135R Stratotanker,,,,False,mode_s
ae07f5,2026-09-21 07:28:52.580922,RCH709,97-0043,2310,7075,21.172165,-157.92662,C-17A Globemaster,229,297,-1088,False,adsb_icao
ae1448,2026-09-21 07:28:52.580938,RCH278,04-4138,2322,14500,21.645718,-156.833954,C-17A Globemaster,250,395,-1181,False,mlat
aeed5f,2026-09-21 07:28:52.580947,UNK C/S,,0771,6875,35.322002,-97.799812,E-6B TACAMO,119,289,-109,False,mlat
ae07d8,2026-09-21 07:28:52.580954,MCFAMC,92-3294,5171,32044,51.037159,-58.679008,C-17A Globemaster,249,,,False,adsc
ae07dc,2026-09-21 07:28:52.580959,MCFAMC,93-0602,0125,29996,51.025486,-16.909504,C-17A Globemaster,271,,,False,adsc
ae20c4,2026-09-21 07:28:52.580963,MCFAMC,07-7183,0703,30948,4.694252,-9.989834,C-17A Globemaster,105,457,32,False,adsc
ae123f,2026-09-21 07:28:52.580968,MOOSE63,04-4134,1146,16000,49.529449,9.033292,C-17A Globemaster,263,363,0,False,mlat
ae07be,2026-09-21 07:28:52.580977,UNK C/S,62-3578,3431,27000,25.457115,54.850292,KC-135R Stratotanker,268,370,0,False,mlat
aef421,2026-09-21 07:28:52.580982,UNK C/S,23-46118,3265,24525,25.417028,55.536751,KC-46A Pegasus,17,480,0,False,mlat
7cf925,2026-09-21 07:28:52.580992,ASY753,A41-211,1062,2200,1.601537,103.938477,C-17A Globemaster,170,168,-1312,False,adsb_icao
7cf86c,2026-09-21 07:28:52.581007,STAL02,A41-209,4523,14975,-32.129196,151.631104,C-17A Globemaster,165,391,-2592,False,adsb_icao
ae0141,2026-09-21 07:28:52.581014,UNK C/S,59-1510,3462,31000,21.2,118.4,KC-135R Stratotanker,,,,False,mode_s
ae0263,2026-09-21 07:28:52.581020,UNK C/S,61-0324,3276,Unavailable,25.2,49.3,KC-135R Stratotanker,,,,False,mode_s
ae5fa6,2026-09-21 07:28:52.581025,UNK C/S,11-46059,3263,23000,24.9,57.0,KC-46A Pegasus,,,,False,mode_s
ae07b4,2026-09-21 07:28:52.581032,UNK C/S,62-3498,0743,4050,24.6,54.7,KC-135R Stratotanker,97,240,-320,False,mode_s
ae63be,2026-09-21 07:28:52.581039,UNK C/S,20-46082,7521,23025,25.2,50.0,KC-46A Pegasus,,,,False,mode_s
ae0366,2026-09-21 07:28:52.581045,UNK C/S,62-3575,0467,16000,27.0,128.1,KC-135R Stratotanker,,,,False,mode_s
ae07f5,2026-09-21 07:29:52.798042,RCH709,97-0043,2310,6025,21.120621,-157.991333,C-17A Globemaster,229,278,-1216,False,adsb_icao
ae1448,2026-09-21 07:29:52.798054,RCH278,04-4138,2322,13250,21.592209,-156.954926,C-17A Globemaster,245,437,-1193,False,mlat
aeed5f,2026-09-21 07:29:52.798063,UNK C/S,,0771,5275,35.289463,-97.720215,E-6B TACAMO,118,259,-1538,False,mlat
ae07d8,2026-09-21 07:29:52.798069,MCFAMC,92-3294,5171,32044,51.037159,-58.679008,C-17A Globemaster,249,,,False,adsc
ae07dc,2026-09-21 07:29:52.798074,MCFAMC,93-0602,0125,29996,51.025486,-16.909504,C-17A Globemaster,271,,,False,adsc
ae20c4,2026-09-21 07:29:52.798079,MCFAMC,07-7183,0703,30944,4.658203,-9.859371,C-17A Globemaster,105,457,0,False,adsc
ae123f,2026-09-21 07:29:52.798084,MOOSE63,04-4134,1146,14900,49.518341,8.873557,C-17A Globemaster,264,349,-1893,False,mlat
ae07be,2026-09-21 07:29:52.798092,UNK C/S,62-3578,3431,27000,25.454393,54.746593,KC-135R Stratotanker,268,370,0,False,mlat
aef421,2026-09-21 07:29:52.798096,UNK C/S,23-46118,3265,24525,25.481876,55.635918,KC-46A Pegasus,77,410,0,False,mlat
7cf925,2026-09-21 07:29:52.798105,ASY753,A41-211,1062,2025,1.559547,103.953629,C-17A Globemaster,155,153,0,False,adsb_icao
7cf86c,2026-09-21 07:29:52.798117,STAL02,A41-209,4523,12575,-32.23291,151.645798,C-17A Globemaster,177,360,-1536,False,adsb_icao
ae0141,2026-09-21 07:29:52.798124,UNK C/S,59-1510,3462,31000,21.2,118.4,KC-135R Stratotanker,,,,False,mode_s
ae0263,2026-09-21 07:29:52.798130,UNK C/S,61-0324,3276,Unavailable,25.2,49.3,KC-135R Stratotanker,,,,False,mode_s
ae5fa6,2026-09-21 07:29:52.798137,UNK C/S,11-46059,3263,23000,24.4,56.2,KC-46A Pegasus,,,,False,mode_s
ae07b4,2026-09-21 07:29:52.798142,UNK C/S,62-3498,0743,4075,25.1,54.5,KC-135R Stratotanker,105,202,64,False,mode_s
ae63be,2026-09-21 07:29:52.798148,UNK C/S,20-46082,7521,23025,25.2,49.3,KC-46A Pegasus,,,,False,mode_s
ae0366,2026-09-21 07:29:52.798154,UNK C/S,62-3575,0467,15400,27.0,128.2,KC-135R Stratotanker,,,,False,mode_s
ae07f5,2026-09-21 07:30:53.031074,RCH709,97-0043,2310,4825,21.080948,-158.059235,C-17A Globemaster,266,273,-1344,False,adsb_icao
ae1448,2026-09-21 07:30:53.031085,RCH278,04-4138,2322,12050,21.568087,-157.050934,C-17A Globemaster,241,455,-1162,False,mlat
aeed5f,2026-09-21 07:30:53.031093,UNK C/S,,0771,4975,35.25914,-97.647491,E-6B TACAMO,114,218,57,False,mlat
ae07d8,2026-09-21 07:30:53.031100,MCFAMC,92-3294,5171,32044,51.037159,-58.679008,C-17A Globemaster,249,,,False,adsc
ae07dc,2026-09-21 07:30:53.031104,MCFAMC,93-0602,0125,29996,51.025486,-16.909504,C-17A Globemaster,271,,,False,adsc
ae20c4,2026-09-21 07:30:53.031108,MCFAMC,07-7183,0703,30944,4.621983,-9.72908,C-17A Globemaster,105,457,-32,False,adsc
ae123f,2026-09-21 07:30:53.031113,MOOSE63,04-4134,1146,12975,49.509296,8.743732,C-17A Globemaster,263,280,-1857,False,mlat
ae07be,2026-09-21 07:30:53.031121,UNK C/S,62-3578,3273,27000,25.450293,54.627598,KC-135R Stratotanker,268,374,-64,False,mlat
aef421,2026-09-21 07:30:53.031126,UNK C/S,23-46118,3265,24525,25.430317,55.705784,KC-46A Pegasus,105,380,-76,False,mlat
7cf925,2026-09-21 07:30:53.031134,ASY753,A41-211,1062,1825,1.520187,103.971489,C-17A Globemaster,155,153,-576,False,adsb_icao
7cf86c,2026-09-21 07:30:53.031146,STAL02,A41-209,4523,11025,-32.326572,151.650955,C-17A Globemaster,177,306,-1696,False,adsb_icao
ae0141,2026-09-21 07:30:53.031152,UNK C/S,59-1510,3462,31000,21.2,118.4,KC-135R Stratotanker,,,,False,mode_s
ae5fa6,2026-09-21 07:30:53.031159,UNK C/S,11-46059,3263,23025,25.0,56.9,KC-46A Pegasus,,,,False,mode_s
ae07b4,2026-09-21 07:30:53.031165,UNK C/S,62-3498,0743,4050,25.3,54.4,KC-135R Stratotanker,105,190,0,False,mode_s
ae63be,2026-09-21 07:30:53.031171,UNK C/S,20-46082,7521,23000,25.9,49.3,KC-46A Pegasus,,,,False,mode_s
ae0366,2026-09-21 07:30:53.031177,UNK C/S,62-3575,0467,13350,27.1,128.3,KC-135R Stratotanker,,,,False,mode_s
ae07f5,2026-09-21 07:31:53.258268,RCH709,97-0043,2310,3600,21.098557,-158.129211,C-17A Globemaster,313,241,-1216,False,adsb_icao
ae1448,2026-09-21 07:31:53.258311,RCH278,04-4138,2322,10850,21.535952,-157.144852,C-17A Globemaster,245,398,-1203,False,mlat
aeed5f,2026-09-21 07:31:53.258324,UNK C/S,,0771,4975,35.23,-97.577141,E-6B TACAMO,114,238,-42,False,mlat
ae07d8,2026-09-21 07:31:53.258336,MCFAMC,92-3294,5171,32044,51.037159,-58.679008,C-17A Globemaster,249,,,False,adsc
ae07dc,2026-09-21 07:31:53.258343,MCFAMC,93-0602,0125,29996,51.025486,-16.909504,C-17A Globemaster,271,,,False,adsc
ae20c4,2026-09-21 07:31:53.258347,MCFAMC,07-7183,0703,30944,4.621983,-9.72908,C-17A Globemaster,105,457,-32,False,adsc
ae123f,2026-09-21 07:31:53.258353,MOOSE63,04-4134,1146,11475,49.500729,8.625138,C-17A Globemaster,264,270,-1488,False,mlat
ae07be,2026-09-21 07:31:53.258362,UNK C/S,62-3578,3273,27000,25.444696,54.519463,KC-135R Stratotanker,268,420,0,False,mlat
aef421,2026-09-21 07:31:53.258368,UNK C/S,23-46118,3265,24525,25.424515,55.764416,KC-46A Pegasus,107,306,-7,False,mlat
7cf925,2026-09-21 07:31:53.258377,ASY753,A41-211,1062,1550,1.479858,103.960503,C-17A Globemaster,205,158,256,False,adsb_icao
7cf86c,2026-09-21 07:31:53.258391,STAL02,A41-209,4523,9500,-32.409714,151.657288,C-17A Globemaster,175,289,-1568,False,adsb_icao
ae0141,2026-09-21 07:31:53.258398,UNK C/S,59-1510,3462,31000,21.5,118.6,KC-135R Stratotanker,,,,False,mode_s
ae5fa6,2026-09-21 07:31:53.258406,UNK C/S,11-46059,3263,23000,25.5,56.3,KC-46A Pegasus,,,,False,mode_s
ae07b4,2026-09-21 07:31:53.258412,UNK C/S,62-3498,0743,4075,25.3,54.2,KC-135R Stratotanker,105,204,32,False,mode_s
ae63be,2026-09-21 07:31:53.258418,UNK C/S,20-46082,7521,22850,26.2,49.5,KC-46A Pegasus,,,,False,mode_s
ae0366,2026-09-21 07:31:53.258424,UNK C/S,62-3575,0467,12225,26.9,128.3,KC-135R Stratotanker,,,,False,mode_s
ae07f5,2026-09-21 07:32:53.467935,RCH709,97-0043,2310,2475,21.154408,-158.130142,C-17A Globemaster,14,190,-1152,False,adsb_icao
ae1448,2026-09-21 07:32:53.467946,RCH278,04-4138,2322,9925,21.501123,-157.271088,C-17A Globemaster,253,319,-658,False,mlat
aeed5f,2026-09-21 07:32:53.467953,UNK C/S,,0771,4250,35.208817,-97.506325,E-6B TACAMO,106,205,-944,False,mlat
ae07d8,2026-09-21 07:32:53.467959,MCFAMC,92-3294,5171,32044,51.037159,-58.679008,C-17A Globemaster,249,,,False,adsc
ae07dc,2026-09-21 07:32:53.467964,MCFAMC,93-0602,0125,29996,51.025486,-16.909504,C-17A Globemaster,271,,,False,adsc
ae20c4,2026-09-21 07:32:53.467968,MCFAMC,07-7183,0703,30944,4.621983,-9.72908,C-17A Globemaster,105,457,-32,False,adsc
ae123f,2026-09-21 07:32:53.467973,MOOSE63,04-4134,1146,10075,49.491692,8.504097,C-17A Globemaster,263,282,-1240,False,mlat
ae07be,2026-09-21 07:32:53.467981,UNK C/S,62-3578,3273,27000,25.448969,54.384281,KC-135R Stratotanker,268,468,0,False,mlat
aef421,2026-09-21 07:32:53.467986,UNK C/S,23-46118,3265,24500,25.438875,55.886292,KC-46A Pegasus,107,246,-37,False,mlat
7cf925,2026-09-21 07:32:53.467994,ASY753,A41-211,1062,1375,1.439804,103.943184,C-17A Globemaster,203,139,-640,False,adsb_icao
7cf86c,2026-09-21 07:32:53.468005,STAL02,A41-209,4523,7750,-32.490063,151.662399,C-17A Globemaster,176,291,-1984,False,adsb_icao
ae0141,2026-09-21 07:32:53.468011,UNK C/S,59-1510,3462,31000,21.1,118.2,KC-135R Stratotanker,,,,False,mode_s
ae0263,2026-09-21 07:32:53.468016,UNK C/S,61-0324,3276,Unavailable,25.2,51.1,KC-135R Stratotanker,,,,False,mode_s
ae5fa6,2026-09-21 07:32:53.468022,UNK C/S,11-46059,3263,23000,25.6,57.5,KC-46A Pegasus,,,,False,mode_s
ae07b4,2026-09-21 07:32:53.468028,UNK C/S,62-3498,0743,4050,25.3,54.3,KC-135R Stratotanker,105,192,32,False,mode_s
ae63be,2026-09-21 07:32:53.468034,UNK C/S,20-46082,7521,21275,27.3,48.3,KC-46A Pegasus,,,,False,mode_s
ae0366,2026-09-21 07:32:53.468039,UNK C/S,62-3575,0467,11175,27.1,128.7,KC-135R Stratotanker,,,,False,mode_s
ae07f5,2026-09-21 07:33:53.679473,RCH709,97-0043,2310,1450,21.193039,-158.099411,C-17A Globemaster,52,173,-128,False,adsb_icao
ae1448,2026-09-21 07:33:53.679485,RCH278,04-4138,2322,9925,21.460409,-157.380722,C-17A Globemaster,253,379,54,False,mlat
aeed5f,2026-09-21 07:33:53.679492,UNK C/S,,0771,3125,35.194603,-97.447578,E-6B TACAMO,105,184,-1307,False,mlat
ae07d8,2026-09-21 07:33:53.679498,MCFAMC,92-3294,5171,32044,51.037159,-58.679008,C-17A Globemaster,249,,,False,adsc
ae07dc,2026-09-21 07:33:53.679502,MCFAMC,93-0602,0125,29996,51.025486,-16.909504,C-17A Globemaster,271,,,False,adsc
ae20c4,2026-09-21 07:33:53.679506,MCFAMC,07-7183,0703,30944,4.513493,-9.337864,C-17A Globemaster,105,459,16,False,adsc
ae123f,2026-09-21 07:33:53.679511,MOOSE63,04-4134,1146,8775,49.483059,8.391464,C-17A Globemaster,266,251,-1289,False,mlat
ae07be,2026-09-21 07:33:53.679519,UNK C/S,62-3578,3273,27000,25.443279,54.320328,KC-135R Stratotanker,268,484,0,False,mlat
aef421,2026-09-21 07:33:53.679524,UNK C/S,23-46118,3265,24500,25.433224,56.008049,KC-46A Pegasus,,,0,False,mlat
7cf925,2026-09-21 07:33:53.679531,ASY753,A41-211,1062,775,1.40593,103.928894,C-17A Globemaster,203,129,-576,False,adsb_icao
7cf86c,2026-09-21 07:33:53.679541,STAL02,A41-209,4523,5950,-32.57222,151.667023,C-17A Globemaster,178,289,-1920,False,adsb_icao
ae0141,2026-09-21 07:33:53.679547,UNK C/S,59-1510,3462,31000,21.2,118.4,KC-135R Stratotanker,,,,False,mode_s
ae0263,2026-09-21 07:33:53.679552,UNK C/S,61-0324,3276,750,25.4,50.1,KC-135R Stratotanker,,,,False,mode_s
ae5fa6,2026-09-21 07:33:53.679558,UNK C/S,11-46059,3263,23000,24.7,56.6,KC-46A Pegasus,,,,False,mode_s
ae07b4,2026-09-21 07:33:53.679564,UNK C/S,62-3498,0743,3700,25.4,54.3,KC-135R Stratotanker,105,182,-1120,False,mode_s
ae63be,2026-09-21 07:33:53.679570,UNK C/S,20-46082,7521,19625,25.7,50.0,KC-46A Pegasus,,,,False,mode_s
ae0366,2026-09-21 07:33:53.679575,UNK C/S,62-3575,0467,9975,27.1,128.5,KC-135R Stratotanker,,,,False,mode_s
ae07f5,2026-09-21 07:34:53.918738,RCH709,97-0043,2310,1400,21.221582,-158.058014,C-17A Globemaster,53,173,0,False,adsb_icao
ae1448,2026-09-21 07:34:53.918751,RCH278,04-4138,2322,9925,21.422123,-157.485153,C-17A Globemaster,247,400,0,False,mlat
aeed5f,2026-09-21 07:34:53.918759,UNK C/S,,0771,3000,35.200077,-97.395668,E-6B TACAMO,27,236,133,False,mlat
ae07d8,2026-09-21 07:34:53.918765,MCFAMC,92-3294,5171,32044,51.037159,-58.679008,C-17A Globemaster,249,,,False,adsc
ae07dc,2026-09-21 07:34:53.918769,MCFAMC,93-0602,0125,29996,51.025486,-16.909504,C-17A Globemaster,271,,,False,adsc
ae20c4,2026-09-21 07:34:53.918773,MCFAMC,07-7183,0703,30944,4.513493,-9.337864,C-17A Globemaster,105,459,16,False,adsc
ae123f,2026-09-21 07:34:53.918778,MOOSE63,04-4134,1146,7500,49.473232,8.277704,C-17A Globemaster,263,256,-1284,False,mlat
aef421,2026-09-21 07:34:53.918786,UNK C/S,23-46118,3265,24525,25.386118,56.093098,KC-46A Pegasus,,,-73,False,mode_s
7cf925,2026-09-21 07:34:53.918794,ASY753,A41-211,1062,150,1.372787,103.914787,C-17A Globemaster,203,131,-512,False,adsb_icao
7cf86c,2026-09-21 07:34:53.918803,STAL02,A41-209,4523,4175,-32.651138,151.670166,C-17A Globemaster,178,280,-2208,False,adsb_icao
ae0141,2026-09-21 07:34:53.918809,UNK C/S,59-1510,3462,31000,21.1,118.2,KC-135R Stratotanker,,,,False,mode_s
ae0263,2026-09-21 07:34:53.918814,UNK C/S,61-0324,3276,275,25.2,49.3,KC-135R Stratotanker,,,,False,mode_s
ae5fa6,2026-09-21 07:34:53.918820,UNK C/S,11-46059,3263,23000,24.8,56.7,KC-46A Pegasus,,,,False,mode_s
ae07b4,2026-09-21 07:34:53.918826,UNK C/S,62-3498,0743,3075,25.1,54.4,KC-135R Stratotanker,103,186,320,False,mode_s
ae63be,2026-09-21 07:34:53.918832,UNK C/S,20-46082,7521,17200,25.8,50.5,KC-46A Pegasus,,,,False,mode_s
ae0366,2026-09-21 07:34:53.918837,UNK C/S,62-3575,0467,8825,27.1,128.4,KC-135R Stratotanker,,,,False,mode_s
ae07be,2026-09-21 07:34:53.918843,UNK C/S,62-3578,3273,27000,24.8,55.0,KC-135R Stratotanker,262,472,0,False,mode_s
ae07f5,2026-09-21 07:35:54.344850,RCH709,97-0043,2310,1425,21.250443,-158.017014,C-17A Globemaster,53,170,-320,False,adsb_icao
ae1448,2026-09-21 07:35:54.344863,RCH278,04-4138,2322,9925,21.386395,-157.590668,C-17A Globemaster,243,416,0,False,mlat
aeed5f,2026-09-21 07:35:54.344871,UNK C/S,,0771,2925,35.248356,-97.380486,E-6B TACAMO,352,172,-93,False,mlat
ae07d8,2026-09-21 07:35:54.344878,MCFAMC,92-3294,5171,32044,51.037159,-58.679008,C-17A Globemaster,249,,,False,adsc
ae07dc,2026-09-21 07:35:54.344882,MCFAMC,93-0602,0125,29996,51.025486,-16.909504,C-17A Globemaster,271,,,False,adsc
ae20c4,2026-09-21 07:35:54.344886,MCFAMC,07-7183,0703,30944,4.440536,-9.075565,C-17A Globemaster,105,461,-32,False,adsc
ae123f,2026-09-21 07:35:54.344891,MOOSE63,04-4134,1146,6175,49.465298,8.165725,C-17A Globemaster,264,273,-1332,False,mlat
aef421,2026-09-21 07:35:54.344900,UNK C/S,23-46118,3265,24500,25.24687,56.078629,KC-46A Pegasus,,,75,False,mlat
ae0366,2026-09-21 07:35:54.344910,UNK C/S,62-3575,0467,7625,26.670527,127.962074,KC-135R Stratotanker,,,-1099,False,mlat
7cf86c,2026-09-21 07:35:54.344918,STAL02,A41-209,4523,2975,-32.710327,151.715866,C-17A Globemaster,130,239,192,False,adsb_icao
ae0141,2026-09-21 07:35:54.344924,UNK C/S,59-1510,3462,31000,21.5,118.6,KC-135R Stratotanker,,,,False,mode_s
ae5fa6,2026-09-21 07:35:54.344930,UNK C/S,11-46059,3263,23025,25.1,57.3,KC-46A Pegasus,,,,False,mode_s
ae07b4,2026-09-21 07:35:54.344937,UNK C/S,62-3498,0743,2575,25.3,54.2,KC-135R Stratotanker,126,186,-1280,False,mode_s
ae63be,2026-09-21 07:35:54.344942,UNK C/S,20-46082,7521,16150,26.0,50.8,KC-46A Pegasus,,,,False,mode_s
ae07be,2026-09-21 07:35:54.344949,UNK C/S,62-3578,3273,27000,25.1,54.9,KC-135R Stratotanker,262,464,-32,False,mode_s
