hex,datetime,callsign,tail number,squawk,altitude,latitude,longitude,type,heading,ground speed,vertical rate,emergency,source
ae1458,2026-09-27 02:38:14.394365,RCH253,06-6154,3673,6575,38.147476,-121.8507,C-17A Globemaster,96,289,2285,False,mlat
ae144d,2026-09-27 02:38:14.394375,RCH539,05-5143,6611,25700,39.3395,-120.195,C-17A Globemaster,248,427,-1411,False,mlat
ae07a9,2026-09-27 02:38:14.394381,UNK C/S,59-1515,3521,23300,33.395691,-115.953964,KC-135R Stratotanker,175,378,,False,adsb_icao
ae49c2,2026-09-27 02:38:14.394391,BANNR50,09-9206,6761,33900,39.117195,-110.192688,C-17A Globemaster,261,407,896,False,adsb_icao
ae0568,2026-09-27 02:38:14.394396,RCH2057,86-0011,3540,19200,32.246311,-109.481812,C-5M Galaxy,268,348,-1072,False,mlat
ae1198,2026-09-27 02:38:14.394401,BLUES21,03-3115,Unavailable,1350,33.134033,-88.883186,C-17A Globemaster,13,181,-64,False,adsb_icao
ae0812,2026-09-27 02:38:14.394404,RCH5039,00-0176,2117,34000,38.632141,-85.659027,C-17A Globemaster,282,439,64,False,adsb_icao
43c171,2026-09-27 02:38:14.394407,RRR6120,ZZ171,1560,625,32.867065,-80.013374,C-17A Globemaster,327,129,-640,False,adsb_icao
ae146f,2026-09-27 02:38:14.394409,TEDDY47,07-7177,4602,475,39.104691,-75.465508,C-17A Globemaster,3,114,-768,False,adsb_icao
ae145a,2026-09-27 02:38:14.394412,RCH525,06-6156,5212,35000,51.204533,-6.43086,C-17A Globemaster,77,510,0,False,mlat
ae1242,2026-09-27 02:38:14.394414,MOOSE51,04-4137,3575,3875,49.4743,8.069295,C-17A Globemaster,259,284,-1369,False,mlat
ae07f0,2026-09-27 02:38:14.394416,RCH553,96-0006,6431,33000,44.470306,22.997482,C-17A Globemaster,139,443,0,False,mlat
ae123b,2026-09-27 02:38:14.394418,MOOSE58,04-4130,2241,36000,38.650528,25.296124,C-17A Globemaster,,,0,False,mlat
ae035d,2026-09-27 02:38:14.394421,UNK C/S,58-0063,5331,21000,31.470306,34.67783,KC-135R Stratotanker,131,426,0,False,mlat
ae080b,2026-09-27 02:38:14.394425,RCH205,99-0165,3301,32975,32.8,32.9,C-17A Globemaster,,,,False,mode_s
ae20c2,2026-09-27 02:38:14.394428,MOOSE54,07-7181,0761,36000,31.8,33.6,C-17A Globemaster,325,456,-128,False,mode_s
ae63ce,2026-09-27 02:38:14.394433,UNK C/S,21-46098,Unavailable,38000,51.8,-127.8,KC-46A Pegasus,,,,False,mode_s
aed555,2026-09-27 02:38:14.394435,UNK C/S,19-46110,0713,24500,24.8,56.3,KC-46A Pegasus,,,,False,mode_s
ae1458,2026-09-27 02:39:14.624401,RCH253,06-6154,3673,9025,38.139256,-121.747604,C-17A Globemaster,97,293,2480,False,mlat
ae144d,2026-09-27 02:39:14.624410,RCH539,05-5143,6611,24300,39.295765,-120.325043,C-17A Globemaster,247,423,-1423,False,mlat
ae07a9,2026-09-27 02:39:14.624415,UNK C/S,59-1515,3521,22150,33.324512,-115.866638,KC-135R Stratotanker,103,393,,False,adsb_icao
ae49c2,2026-09-27 02:39:14.624418,BANNR50,09-9206,6761,34975,39.101212,-110.333839,C-17A Globemaster,261,393,192,False,adsb_icao
ae0568,2026-09-27 02:39:14.624421,RCH2057,86-0011,3540,18300,32.231041,-109.607025,C-5M Galaxy,262,392,-918,False,mlat
ae1198,2026-09-27 02:39:14.624426,BLUES21,03-3115,Unavailable,1350,33.217583,-88.859665,C-17A Globemaster,13,181,0,False,adsb_icao
ae0812,2026-09-27 02:39:14.624429,RCH5039,00-0176,2117,34000,38.657547,-85.812302,C-17A Globemaster,281,441,0,False,adsb_icao
43c171,2026-09-27 02:39:14.624431,RRR6120,ZZ171,1560,200,32.888412,-80.029457,C-17A Globemaster,327,128,-704,False,adsb_icao
ae145a,2026-09-27 02:39:14.624434,RCH525,06-6156,5212,35000,51.236008,-6.208656,C-17A Globemaster,78,503,0,False,mlat
ae1242,2026-09-27 02:39:14.624437,MOOSE51,04-4137,3575,3800,49.46616,7.967372,C-17A Globemaster,274,205,224,False,mlat
ae07f0,2026-09-27 02:39:14.624439,RCH553,96-0006,6431,33000,44.346386,23.074221,C-17A Globemaster,170,505,0,False,mlat
ae123b,2026-09-27 02:39:14.624442,MOOSE58,04-4130,2241,36000,38.748402,25.243195,C-17A Globemaster,,,0,False,mlat
ae035d,2026-09-27 02:39:14.624444,UNK C/S,58-0063,5331,21000,31.375299,34.770748,KC-135R Stratotanker,160,332,0,False,mlat
ae080b,2026-09-27 02:39:14.624450,RCH205,99-0165,3301,33000,32.7,32.2,C-17A Globemaster,,,,False,mode_s
ae20c2,2026-09-27 02:39:14.624452,MOOSE54,07-7181,0761,36000,32.2,33.7,C-17A Globemaster,325,456,-32,False,mode_s
ae63ce,2026-09-27 02:39:14.624458,UNK C/S,21-46098,3737,Unavailable,51.9,-128.0,KC-46A Pegasus,,,,False,mode_s
aed555,2026-09-27 02:39:14.624461,UNK C/S,19-46110,0713,24500,24.7,55.6,KC-46A Pegasus,,,,False,mode_s
ae1458,2026-09-27 02:40:14.851269,RCH253,06-6154,3673,10625,38.130905,-121.64563,C-17A Globemaster,94,318,833,False,mlat
ae144d,2026-09-27 02:40:14.851278,RCH539,05-5143,6611,22900,39.24651,-120.465385,C-17A Globemaster,248,412,-1411,False,mlat
ae07a9,2026-09-27 02:40:14.851283,UNK C/S,59-1515,3521,22125,33.329956,-115.735695,KC-135R Stratotanker,76,405,,False,adsb_icao
ae49c2,2026-09-27 02:40:14.851287,BANNR50,09-9206,6761,35575,39.085213,-110.473328,C-17A Globemaster,261,391,1152,False,adsb_icao
ae0568,2026-09-27 02:40:14.851290,RCH2057,86-0011,3540,17300,32.221687,-109.728043,C-5M Galaxy,268,351,-997,False,mlat
ae1198,2026-09-27 02:40:14.851294,BLUES21,03-3115,5516,1325,33.252312,-88.8498,C-17A Globemaster,13,181,-64,False,adsb_icao
ae0812,2026-09-27 02:40:14.851297,RCH5039,00-0176,2117,34000,38.682632,-85.964676,C-17A Globemaster,281,440,0,False,adsb_icao
ae145a,2026-09-27 02:40:14.851300,RCH525,06-6156,5212,35000,51.266521,-5.994044,C-17A Globemaster,77,505,0,False,mlat
ae1242,2026-09-27 02:40:14.851302,MOOSE51,04-4137,3575,3750,49.461006,7.890932,C-17A Globemaster,268,182,-113,False,mlat
ae07f0,2026-09-27 02:40:14.851305,RCH553,96-0006,6431,33000,44.215118,23.126698,C-17A Globemaster,164,495,0,False,mlat
ae123b,2026-09-27 02:40:14.851307,MOOSE58,04-4130,2241,36000,38.903839,25.16077,C-17A Globemaster,,,0,False,mlat
ae035d,2026-09-27 02:40:14.851310,UNK C/S,58-0063,5331,21000,31.308605,34.893719,KC-135R Stratotanker,110,725,0,False,mlat
ae080b,2026-09-27 02:40:14.851314,RCH205,99-0165,3301,33000,33.0,33.4,C-17A Globemaster,,,,False,mode_s
ae20c2,2026-09-27 02:40:14.851317,MOOSE54,07-7181,0761,36000,31.9,34.1,C-17A Globemaster,324,456,-64,False,mode_s
ae63ce,2026-09-27 02:40:14.851322,UNK C/S,21-46098,3737,Unavailable,53.0,-127.1,KC-46A Pegasus,,,,False,mode_s
aed555,2026-09-27 02:40:14.851325,UNK C/S,19-46110,0713,24500,24.7,56.9,KC-46A Pegasus,,,,False,mode_s
ae1458,2026-09-27 02:41:15.125331,RCH253,06-6154,3673,11625,38.119228,-121.51445,C-17A Globemaster,97,371,1260,False,mlat
ae144d,2026-09-27 02:41:15.125341,RCH539,05-5143,6611,21500,39.200489,-120.601814,C-17A Globemaster,247,405,-1389,False,mlat
ae07a9,2026-09-27 02:41:15.125346,UNK C/S,59-1515,3521,22175,33.355225,-115.602043,KC-135R Stratotanker,94,417,,False,adsb_icao
ae49c2,2026-09-27 02:41:15.125349,BANNR50,09-9206,6761,36000,39.069103,-110.61145,C-17A Globemaster,261,392,-64,False,adsb_icao
ae0568,2026-09-27 02:41:15.125353,RCH2057,86-0011,3540,16075,32.208408,-109.849854,C-5M Galaxy,262,376,-1341,False,mlat
ae1198,2026-09-27 02:41:15.125357,BLUES21,03-3115,5516,1075,33.290863,-88.83902,C-17A Globemaster,13,180,-320,False,adsb_icao
ae0812,2026-09-27 02:41:15.125359,RCH5039,00-0176,2117,34000,38.707855,-86.119675,C-17A Globemaster,281,442,0,False,adsb_icao
ae0803,2026-09-27 02:41:15.125362,RCH233,98-0057,0503,2625,38.853104,-76.869247,C-17A Globemaster,3,161,896,False,adsb_icao
ae145a,2026-09-27 02:41:15.125365,RCH525,06-6156,5212,35000,51.292061,-5.76624,C-17A Globemaster,79,499,0,False,mlat
ae1242,2026-09-27 02:41:15.125368,MOOSE51,04-4137,3575,3200,49.455296,7.83187,C-17A Globemaster,263,139,-711,False,mlat
ae07f0,2026-09-27 02:41:15.125370,RCH553,96-0006,6431,33000,44.087948,23.176989,C-17A Globemaster,163,504,0,False,mlat
ae123b,2026-09-27 02:41:15.125373,MOOSE58,04-4130,2241,36000,38.994167,25.112488,C-17A Globemaster,337,474,0,False,mlat
ae035d,2026-09-27 02:41:15.125375,UNK C/S,58-0063,5331,21000,31.20612,34.977524,KC-135R Stratotanker,146,523,0,False,mlat
ae080b,2026-09-27 02:41:15.125380,RCH205,99-0165,3301,33000,32.9,33.5,C-17A Globemaster,,,,False,mode_s
ae20c2,2026-09-27 02:41:15.125383,MOOSE54,07-7181,0761,36000,32.5,32.9,C-17A Globemaster,311,440,-32,False,mode_s
ae63ce,2026-09-27 02:41:15.125388,UNK C/S,21-46098,3737,1009,53.2,-127.0,KC-46A Pegasus,,,,False,mode_s
aed555,2026-09-27 02:41:15.125391,UNK C/S,19-46110,0713,24500,25.0,57.6,KC-46A Pegasus,,,,False,mode_s
ae1458,2026-09-27 02:42:15.381517,RCH253,06-6154,3673,13550,38.108143,-121.380768,C-17A Globemaster,96,393,2133,False,mlat
ae144d,2026-09-27 02:42:15.381526,RCH539,05-5143,6611,19825,39.155937,-120.731216,C-17A Globemaster,246,394,-1773,False,mlat
ae07a9,2026-09-27 02:42:15.381531,UNK C/S,59-1515,3521,22150,33.288025,-115.507401,KC-135R Stratotanker,164,382,,False,adsb_icao
ae49c2,2026-09-27 02:42:15.381536,BANNR50,09-9206,6761,36000,39.053139,-110.748779,C-17A Globemaster,261,392,0,False,adsb_icao
ae0568,2026-09-27 02:42:15.381539,RCH2057,86-0011,3540,14675,32.197453,-109.967606,C-5M Galaxy,264,364,-1445,False,mlat
ae1198,2026-09-27 02:42:15.381543,BLUES21,03-3115,5516,1050,33.342854,-88.824074,C-17A Globemaster,13,180,-64,False,adsb_icao
ae0812,2026-09-27 02:42:15.381546,RCH5039,00-0176,2117,34000,38.732487,-86.271973,C-17A Globemaster,281,445,0,False,adsb_icao
ae0803,2026-09-27 02:42:15.381549,RCH233,98-0057,0503,4550,38.881035,-76.808228,C-17A Globemaster,71,238,3200,False,adsb_icao
ae145a,2026-09-27 02:42:15.381552,RCH525,06-6156,5212,35000,51.325474,-5.563253,C-17A Globemaster,78,524,0,False,mlat
ae1242,2026-09-27 02:42:15.381554,MOOSE51,04-4137,3575,2525,49.45002,7.778234,C-17A Globemaster,259,132,-686,False,mlat
ae07f0,2026-09-27 02:42:15.381557,RCH553,96-0006,6431,33000,43.953815,23.22912,C-17A Globemaster,164,483,0,False,mlat
ae123b,2026-09-27 02:42:15.381559,MOOSE58,04-4130,2241,36000,39.142529,25.032892,C-17A Globemaster,337,466,0,False,mlat
ae035d,2026-09-27 02:42:15.381561,UNK C/S,58-0063,5331,21000,31.140526,35.065342,KC-135R Stratotanker,138,610,0,False,mlat
ae080b,2026-09-27 02:42:15.381566,RCH205,99-0165,3301,33000,32.2,33.6,C-17A Globemaster,,,,False,mode_s
ae20c2,2026-09-27 02:42:15.381569,MOOSE54,07-7181,0761,36000,32.2,33.2,C-17A Globemaster,311,442,-256,False,mode_s
ae63ce,2026-09-27 02:42:15.381574,UNK C/S,21-46098,3737,Unavailable,53.2,-127.0,KC-46A Pegasus,,,,False,mode_s
aed555,2026-09-27 02:42:15.381577,UNK C/S,19-46110,0713,24500,25.1,58.0,KC-46A Pegasus,,,,False,mode_s
ae1458,2026-09-27 02:43:15.655215,RCH253,06-6154,3673,15250,38.164326,-121.262276,C-17A Globemaster,29,420,1881,False,mlat
ae144d,2026-09-27 02:43:15.655223,RCH539,05-5143,6611,17850,39.112545,-120.855614,C-17A Globemaster,246,371,-1982,False,mlat
ae07a9,2026-09-27 02:43:15.655228,UNK C/S,59-1515,3521,22150,33.185413,-115.52533,KC-135R Stratotanker,204,359,,False,adsb_icao
ae49c2,2026-09-27 02:43:15.655233,BANNR50,09-9206,6761,36000,39.036484,-110.890205,C-17A Globemaster,261,395,-128,False,adsb_icao
ae0568,2026-09-27 02:43:15.655236,RCH2057,86-0011,3540,13275,32.183922,-110.088158,C-5M Galaxy,264,356,-1376,False,mlat
ae1198,2026-09-27 02:43:15.655240,BLUES21,03-3115,5516,950,33.411026,-88.805679,C-17A Globemaster,12,180,0,False,adsb_icao
ae0812,2026-09-27 02:43:15.655243,RCH5039,00-0176,2117,34000,38.757568,-86.429977,C-17A Globemaster,279,447,0,False,adsb_icao
ae0803,2026-09-27 02:43:15.655247,RCH233,98-0057,0503,6975,38.902679,-76.721115,C-17A Globemaster,72,274,2496,False,adsb_icao
ae145a,2026-09-27 02:43:15.655250,RCH525,06-6156,5212,35000,51.356911,-5.326831,C-17A Globemaster,78,507,0,False,mlat
ae1242,2026-09-27 02:43:15.655252,MOOSE51,04-4137,3575,1825,49.446404,7.720009,C-17A Globemaster,267,119,-690,False,mlat
ae07f0,2026-09-27 02:43:15.655254,RCH553,96-0006,4535,33000,43.830379,23.276497,C-17A Globemaster,165,480,0,False,mlat
ae123b,2026-09-27 02:43:15.655256,MOOSE58,04-4130,2241,36000,39.268009,24.966091,C-17A Globemaster,337,465,0,False,mlat
ae035d,2026-09-27 02:43:15.655259,UNK C/S,58-0063,5331,21000,31.044455,35.174927,KC-135R Stratotanker,139,511,0,False,mlat
ae080b,2026-09-27 02:43:15.655264,RCH205,99-0165,3301,33000,32.0,33.6,C-17A Globemaster,,,,False,mode_s
ae20c2,2026-09-27 02:43:15.655267,MOOSE54,07-7181,0761,36000,32.7,32.8,C-17A Globemaster,311,436,32,False,mode_s
ae63ce,2026-09-27 02:43:15.655272,UNK C/S,21-46098,3737,Unavailable,53.5,-126.8,KC-46A Pegasus,,,,False,mode_s
aed555,2026-09-27 02:43:15.655275,UNK C/S,19-46110,0713,24500,25.2,58.6,KC-46A Pegasus,,,,False,mode_s
ae1458,2026-09-27 02:44:15.893375,RCH253,06-6154,3673,16975,38.260307,-121.175102,C-17A Globemaster,36,424,2020,False,mlat
ae144d,2026-09-27 02:44:15.893384,RCH539,05-5143,6611,15850,39.070354,-120.978477,C-17A Globemaster,245,397,-2029,False,mlat
ae07a9,2026-09-27 02:44:15.893389,UNK C/S,59-1515,3521,22150,33.155434,-115.624771,KC-135R Stratotanker,291,359,,False,adsb_icao
ae49c2,2026-09-27 02:44:15.893393,BANNR50,09-9206,6761,36000,39.019901,-111.028992,C-17A Globemaster,261,393,-64,False,adsb_icao
ae0568,2026-09-27 02:44:15.893396,RCH2057,86-0011,3540,12075,32.152168,-110.200439,C-5M Galaxy,245,374,-1147,False,mlat
ae1198,2026-09-27 02:44:15.893400,BLUES21,03-3115,5516,875,33.455063,-88.793701,C-17A Globemaster,13,188,64,False,adsb_icao
ae0812,2026-09-27 02:44:15.893403,RCH5039,00-0176,2117,34000,38.765587,-86.588806,C-17A Globemaster,272,453,64,False,adsb_icao
ae0803,2026-09-27 02:44:15.893406,RCH233,98-0057,0503,9975,38.924698,-76.628143,C-17A Globemaster,73,271,2240,False,adsb_icao
ae145a,2026-09-27 02:44:15.893408,RCH525,06-6156,5212,35000,51.385124,-5.108938,C-17A Globemaster,78,503,0,False,mlat
ae1242,2026-09-27 02:44:15.893411,MOOSE51,04-4137,3575,1150,49.440872,7.665961,C-17A Globemaster,263,118,-658,False,mlat
ae07f0,2026-09-27 02:44:15.893413,RCH553,96-0006,4535,33000,43.689499,23.332064,C-17A Globemaster,163,493,0,False,mlat
ae123b,2026-09-27 02:44:15.893415,MOOSE58,04-4130,2241,36000,39.382095,24.90472,C-17A Globemaster,337,472,0,False,mlat
ae035d,2026-09-27 02:44:15.893417,UNK C/S,58-0063,5331,20825,30.960526,35.27932,KC-135R Stratotanker,137,723,-125,False,mlat
ae080b,2026-09-27 02:44:15.893422,RCH205,99-0165,3301,33000,32.4,33.9,C-17A Globemaster,,,,False,mode_s
ae20c2,2026-09-27 02:44:15.893425,MOOSE54,07-7181,0761,36000,32.8,32.8,C-17A Globemaster,311,438,32,False,mode_s
ae63ce,2026-09-27 02:44:15.893430,UNK C/S,21-46098,3737,Unavailable,53.8,-126.6,KC-46A Pegasus,,,,False,mode_s
aed555,2026-09-27 02:44:15.893433,UNK C/S,19-46110,0713,24500,25.3,58.7,KC-46A Pegasus,,,,False,mode_s
ae144d,2026-09-27 02:45:16.114021,RCH539,05-5143,6611,13850,39.029091,-121.097,C-17A Globemaster,245,370,-1968,False,mlat
ae1458,2026-09-27 02:45:16.114030,RCH253,06-6154,3673,18725,38.354958,-121.088295,C-17A Globemaster,37,446,1944,False,mlat
ae07a9,2026-09-27 02:45:16.114035,UNK C/S,59-1515,3521,22150,33.243622,-115.674553,KC-135R Stratotanker,6,394,0,False,adsb_icao
ae49c2,2026-09-27 02:45:16.114038,BANNR50,09-9206,6761,36000,39.003185,-111.167786,C-17A Globemaster,261,395,0,False,adsb_icao
ae0568,2026-09-27 02:45:16.114041,RCH2057,86-0011,3540,10825,32.122799,-110.307465,C-5M Galaxy,252,339,-1239,False,mlat
ae1198,2026-09-27 02:45:16.114045,BLUES21,03-3115,5516,2125,33.506561,-88.758987,C-17A Globemaster,37,182,384,False,adsb_icao
ae0812,2026-09-27 02:45:16.114047,RCH5039,00-0176,2117,34000,38.772125,-86.749901,C-17A Globemaster,273,452,0,False,adsb_icao
ae0803,2026-09-27 02:45:16.114051,RCH233,98-0057,0503,10625,38.964039,-76.53418,C-17A Globemaster,51,340,576,False,adsb_icao
ae145a,2026-09-27 02:45:16.114053,RCH525,06-6156,5212,35000,51.413887,-4.886756,C-17A Globemaster,79,508,0,False,mlat
ae1242,2026-09-27 02:45:16.114056,MOOSE51,04-4137,3575,550,49.43166,7.661187,C-17A Globemaster,263,115,-671,False,mode_s
ae07f0,2026-09-27 02:45:16.114058,RCH553,96-0006,5435,33000,43.561806,23.380146,C-17A Globemaster,167,480,0,False,mlat
ae123b,2026-09-27 02:45:16.114060,MOOSE58,04-4130,2241,36000,39.479565,24.852718,C-17A Globemaster,339,455,0,False,mlat
ae035d,2026-09-27 02:45:16.114063,UNK C/S,58-0063,5331,19625,31.447346,35.193565,KC-135R Stratotanker,14,121,-1077,False,mlat
ae080b,2026-09-27 02:45:16.114067,RCH205,99-0165,3301,33000,31.9,33.9,C-17A Globemaster,,,,False,mode_s
ae20c2,2026-09-27 02:45:16.114071,MOOSE54,07-7181,0761,36000,32.5,32.9,C-17A Globemaster,311,440,-64,False,mode_s
ae63ce,2026-09-27 02:45:16.114075,UNK C/S,21-46098,3737,48200,53.8,-126.6,KC-46A Pegasus,,,,False,mode_s
aed555,2026-09-27 02:45:16.114078,UNK C/S,19-46110,0713,24500,25.2,57.7,KC-46A Pegasus,,,,False,mode_s
ae144d,2026-09-27 02:46:16.352026,RCH539,05-5143,6611,11825,38.987186,-121.217003,C-17A Globemaster,246,357,-1985,False,mlat
ae1458,2026-09-27 02:46:16.352035,RCH253,06-6154,3673,20425,38.457344,-120.99408,C-17A Globemaster,36,463,1541,False,mlat
ae07a9,2026-09-27 02:46:16.352040,UNK C/S,59-1515,3521,22150,33.343872,-115.612648,KC-135R Stratotanker,18,404,-64,False,adsb_icao
ae49c2,2026-09-27 02:46:16.352044,BANNR50,09-9206,6761,36000,38.986149,-111.307068,C-17A Globemaster,261,393,-128,False,adsb_icao
ae0568,2026-09-27 02:46:16.352047,RCH2057,86-0011,3540,9925,32.093094,-110.40303,C-5M Galaxy,251,296,-283,False,mlat
ae1198,2026-09-27 02:46:16.352051,BLUES21,03-3115,1200,2425,33.542656,-88.72496,C-17A Globemaster,38,183,128,False,adsb_icao
ae0812,2026-09-27 02:46:16.352053,RCH5039,00-0176,2117,34000,38.778442,-86.912666,C-17A Globemaster,272,455,0,False,adsb_icao
ae0803,2026-09-27 02:46:16.352056,RCH233,98-0057,0503,12675,39.025162,-76.434998,C-17A Globemaster,51,355,1920,False,adsb_icao
ae145a,2026-09-27 02:46:16.352059,RCH525,06-6156,5212,35000,51.44305,-4.6577,C-17A Globemaster,78,511,0,False,mlat
ae07f0,2026-09-27 02:46:16.352061,RCH553,96-0006,5435,33000,43.431362,23.430359,C-17A Globemaster,164,487,0,False,mlat
ae123b,2026-09-27 02:46:16.352063,MOOSE58,04-4130,2241,36000,39.627804,24.774363,C-17A Globemaster,340,477,0,False,mlat
ae035d,2026-09-27 02:46:16.352066,UNK C/S,58-0063,5331,19000,30.894461,35.511478,KC-135R Stratotanker,117,978,-99,False,mlat
ae080b,2026-09-27 02:46:16.352071,RCH205,99-0165,3301,32975,31.9,33.8,C-17A Globemaster,,,,False,mode_s
ae04d1,2026-09-27 02:46:16.352074,UNK C/S,63-7984,3447,20325,30.2,33.9,KC-135R Stratotanker,243,372,-672,False,mode_s
ae20c2,2026-09-27 02:46:16.352077,MOOSE54,07-7181,0761,36000,32.8,32.8,C-17A Globemaster,311,442,0,False,mode_s
ae63ce,2026-09-27 02:46:16.352081,UNK C/S,21-46098,3737,Unavailable,53.8,-126.6,KC-46A Pegasus,,,,False,mode_s
aed555,2026-09-27 02:46:16.352084,UNK C/S,19-46110,0713,24500,25.1,57.4,KC-46A Pegasus,,,,False,mode_s
ae144d,2026-09-27 02:47:16.812576,RCH539,05-5143,6611,10100,38.947807,-121.32975,C-17A Globemaster,245,317,-1455,False,mlat
ae1458,2026-09-27 02:47:16.812585,RCH253,06-6154,3673,21700,38.558327,-120.897827,C-17A Globemaster,39,464,1157,False,mlat
ae07a9,2026-09-27 02:47:16.812590,UNK C/S,59-1515,3521,22150,33.437897,-115.65033,KC-135R Stratotanker,307,363,0,False,adsb_icao
ae49c2,2026-09-27 02:47:16.812593,BANNR50,09-9206,6761,36000,38.969158,-111.444763,C-17A Globemaster,260,388,0,False,adsb_icao
ae0568,2026-09-27 02:47:16.812595,RCH2057,86-0011,3540,9900,32.069248,-110.491974,C-5M Galaxy,250,277,-114,False,mlat
ae1198,2026-09-27 02:47:16.812599,BLUES21,03-3115,1200,2425,33.581131,-88.68837,C-17A Globemaster,38,181,-64,False,adsb_icao
ae0812,2026-09-27 02:47:16.812602,RCH5039,00-0176,2117,34000,38.784439,-87.07328,C-17A Globemaster,272,455,0,False,adsb_icao
ae0803,2026-09-27 02:47:16.812605,RCH233,98-0057,0503,14050,39.052597,-76.313904,C-17A Globemaster,87,375,128,False,adsb_icao
ae145a,2026-09-27 02:47:16.812608,RCH525,06-6156,5212,35000,51.469398,-4.443828,C-17A Globemaster,79,515,0,False,mlat
ae07f0,2026-09-27 02:47:16.812610,RCH553,96-0006,5435,33000,43.303272,23.477259,C-17A Globemaster,166,479,0,False,mlat
ae123b,2026-09-27 02:47:16.812612,MOOSE58,04-4130,2241,36000,39.736366,24.737085,C-17A Globemaster,346,475,0,False,mlat
ae035d,2026-09-27 02:47:16.812614,UNK C/S,58-0063,5331,19000,31.01436,35.616135,KC-135R Stratotanker,111,654,0,False,mlat
ae080b,2026-09-27 02:47:16.812619,RCH205,99-0165,3301,33000,31.9,33.6,C-17A Globemaster,,,,False,mode_s
ae04d1,2026-09-27 02:47:16.812622,UNK C/S,63-7984,3447,19975,31.0,37.8,KC-135R Stratotanker,243,386,32,False,mode_s
ae20c2,2026-09-27 02:47:16.812625,MOOSE54,07-7181,0761,36000,32.7,32.3,C-17A Globemaster,310,434,-160,False,mode_s
ae63ce,2026-09-27 02:47:16.812629,UNK C/S,21-46098,3737,Unavailable,53.8,-126.6,KC-46A Pegasus,,,,False,mode_s
aed555,2026-09-27 02:47:16.812632,UNK C/S,19-46110,0713,24500,25.3,59.0,KC-46A Pegasus,,,,False,mode_s
ae144d,2026-09-27 02:48:17.044466,RCH539,05-5143,6611,10050,38.91547,-121.422035,C-17A Globemaster,245,272,0,False,mlat
ae1458,2026-09-27 02:48:17.044474,RCH253,06-6154,3673,22725,38.660793,-120.791924,C-17A Globemaster,37,465,939,False,mlat
ae07a9,2026-09-27 02:48:17.044479,UNK C/S,59-1515,3521,22150,33.431442,-115.760025,KC-135R Stratotanker,229,352,0,False,adsb_icao
ae49c2,2026-09-27 02:48:17.044482,BANNR50,09-9206,6761,36000,38.952026,-111.582703,C-17A Globemaster,260,390,64,False,adsb_icao
ae0568,2026-09-27 02:48:17.044485,RCH2057,86-0011,3540,9625,32.046234,-110.564911,C-5M Galaxy,247,213,-514,False,mlat
ae1198,2026-09-27 02:48:17.044489,BLUES21,03-3115,1200,2175,33.59024,-88.640724,C-17A Globemaster,104,186,-704,False,adsb_icao
ae0812,2026-09-27 02:48:17.044491,RCH5039,00-0176,2117,34000,38.790443,-87.236145,C-17A Globemaster,272,454,0,False,adsb_icao
ae0803,2026-09-27 02:48:17.044495,RCH233,98-0057,0503,14075,39.056488,-76.18045,C-17A Globemaster,88,373,192,False,adsb_icao
ae145a,2026-09-27 02:48:17.044497,RCH525,06-6156,5212,35000,51.496346,-4.226586,C-17A Globemaster,79,518,0,False,mlat
ae07f0,2026-09-27 02:48:17.044499,RCH553,96-0006,5435,33000,43.181408,23.522255,C-17A Globemaster,165,489,0,False,mlat
ae123b,2026-09-27 02:48:17.044501,MOOSE58,04-4130,2241,36000,39.876099,24.687159,C-17A Globemaster,345,468,0,False,mlat
ae035d,2026-09-27 02:48:17.044504,UNK C/S,58-0063,5331,19000,30.926319,35.790714,KC-135R Stratotanker,84,745,0,False,mlat
ae080b,2026-09-27 02:48:17.044509,RCH205,99-0165,3301,33000,32.2,33.5,C-17A Globemaster,,,,False,mode_s
ae04d1,2026-09-27 02:48:17.044512,UNK C/S,63-7984,3447,19975,31.6,35.9,KC-135R Stratotanker,243,398,-64,False,mode_s
ae20c2,2026-09-27 02:48:17.044515,MOOSE54,07-7181,0761,36000,32.7,32.6,C-17A Globemaster,310,440,32,False,mode_s
aed555,2026-09-27 02:48:17.044519,UNK C/S,19-46110,0713,24500,25.3,58.8,KC-46A Pegasus,,,,False,mode_s
ae144d,2026-09-27 02:49:17.270250,RCH539,05-5143,6611,10075,38.882008,-121.51664,C-17A Globemaster,245,282,0,False,mlat
ae1458,2026-09-27 02:49:17.270259,RCH253,06-6154,3673,23625,38.760578,-120.69146,C-17A Globemaster,38,488,843,False,mlat
ae07a9,2026-09-27 02:49:17.270264,UNK C/S,59-1515,3521,22150,33.33696,-115.794029,KC-135R Stratotanker,174,377,-64,False,adsb_icao
ae49c2,2026-09-27 02:49:17.270267,BANNR50,09-9206,6761,36025,38.934448,-111.722237,C-17A Globemaster,260,392,64,False,adsb_icao
ae0568,2026-09-27 02:49:17.270270,RCH2057,86-0011,3540,7950,32.014595,-110.616783,C-5M Galaxy,210,220,-1406,False,mlat
ae1198,2026-09-27 02:49:17.270274,BLUES21,03-3115,1200,1500,33.551685,-88.591743,C-17A Globemaster,166,177,-640,False,adsb_icao
ae0812,2026-09-27 02:49:17.270277,RCH5039,00-0176,2117,34000,38.796066,-87.398033,C-17A Globemaster,272,451,0,False,adsb_icao
ae0803,2026-09-27 02:49:17.270280,RCH233,98-0057,0503,14075,39.036564,-76.049805,C-17A Globemaster,112,383,-64,False,adsb_icao
ae145a,2026-09-27 02:49:17.270283,RCH525,06-6156,5212,35000,51.52721,-3.978037,C-17A Globemaster,80,522,0,False,mlat
ae07f0,2026-09-27 02:49:17.270285,RCH553,96-0006,5435,33000,43.035439,23.578035,C-17A Globemaster,164,502,0,False,mlat
ae123b,2026-09-27 02:49:17.270287,MOOSE58,04-4130,2241,36000,39.997761,24.647558,C-17A Globemaster,346,467,0,False,mlat
ae035d,2026-09-27 02:49:17.270290,UNK C/S,58-0063,5331,19000,30.941641,35.924549,KC-135R Stratotanker,49,309,0,False,mlat
ae04d1,2026-09-27 02:49:17.270293,UNK C/S,63-7984,3447,19975,31.211676,36.762974,KC-135R Stratotanker,243,400,0,False,mlat
ae080b,2026-09-27 02:49:17.270297,RCH205,99-0165,3301,33000,32.1,33.5,C-17A Globemaster,,,,False,mode_s
ae63ba,2026-09-27 02:49:17.270300,RCH5064,20-46078,Unavailable,1575,35.0,-90.1,KC-46A Pegasus,,,,False,mode_s
ae20c2,2026-09-27 02:49:17.270304,MOOSE54,07-7181,0761,36000,33.1,32.4,C-17A Globemaster,310,434,-160,False,mode_s
ae63ce,2026-09-27 02:49:17.270308,UNK C/S,21-46098,3737,Unavailable,57.0,-134.5,KC-46A Pegasus,,,,False,mode_s
aed555,2026-09-27 02:49:17.270314,UNK C/S,19-46110,0713,24500,25.0,57.4,KC-46A Pegasus,,,,False,mode_s
ae144d,2026-09-27 02:50:17.548951,RCH539,05-5143,6611,10075,38.850025,-121.606361,C-17A Globemaster,244,278,0,False,mlat
ae1458,2026-09-27 02:50:17.548960,RCH253,06-6154,3673,24450,38.866009,-120.584366,C-17A Globemaster,38,484,823,False,mlat
ae07a9,2026-09-27 02:50:17.548965,UNK C/S,59-1515,3521,22150,33.232803,-115.779251,KC-135R Stratotanker,173,381,0,False,adsb_icao
ae49c2,2026-09-27 02:50:17.548968,BANNR50,09-9206,6761,36000,38.917297,-111.857361,C-17A Globemaster,260,387,0,False,adsb_icao
ae0568,2026-09-27 02:50:17.548972,RCH2057,86-0011,3540,5975,31.985653,-110.664322,C-5M Galaxy,261,221,-1707,False,mlat
ae63ba,2026-09-27 02:50:17.548976,RCH5064,20-46078,1674,2650,35.122822,-89.966698,KC-46A Pegasus,13,233,992,False,mlat
ae0812,2026-09-27 02:50:17.548979,RCH5039,00-0176,2117,34000,38.801376,-87.557213,C-17A Globemaster,272,450,0,False,adsb_icao
ae0803,2026-09-27 02:50:17.548982,RCH233,98-0057,0503,14075,38.996017,-75.923347,C-17A Globemaster,112,383,-64,False,adsb_icao
ae145a,2026-09-27 02:50:17.548985,RCH525,06-6156,5212,35000,51.55172,-3.771986,C-17A Globemaster,79,515,0,False,mlat
ae07f0,2026-09-27 02:50:17.548987,RCH553,96-0006,5435,33000,42.913944,23.624376,C-17A Globemaster,164,495,0,False,mlat
ae123b,2026-09-27 02:50:17.548989,MOOSE58,04-4130,2241,36000,40.131039,24.602203,C-17A Globemaster,346,456,0,False,mlat
ae035d,2026-09-27 02:50:17.548992,UNK C/S,58-0063,5331,19000,30.982498,36.026825,KC-135R Stratotanker,72,334,0,False,mlat
ae04d1,2026-09-27 02:50:17.548994,UNK C/S,63-7984,3447,19975,31.220831,36.697418,KC-135R Stratotanker,249,396,-64,False,mode_s
ae080b,2026-09-27 02:50:17.548999,RCH205,99-0165,3301,33000,32.2,33.9,C-17A Globemaster,,,,False,mode_s
ae20c2,2026-09-27 02:50:17.549002,MOOSE54,07-7181,0761,36000,33.2,32.6,C-17A Globemaster,310,434,0,False,mode_s
ae63ce,2026-09-27 02:50:17.549006,UNK C/S,21-46098,3737,42050,57.0,-134.5,KC-46A Pegasus,,,,False,mode_s
aed555,2026-09-27 02:50:17.549009,UNK C/S,19-46110,0713,24500,24.8,56.5,KC-46A Pegasus,,,,False,mode_s
ae144d,2026-09-27 02:51:17.786858,RCH539,05-5143,6611,9100,38.817673,-121.697899,C-17A Globemaster,247,289,-1091,False,mlat
ae1458,2026-09-27 02:51:17.786866,RCH253,06-6154,3673,25075,38.978073,-120.470024,C-17A Globemaster,39,496,624,False,mlat
ae07a9,2026-09-27 02:51:17.786871,UNK C/S,59-1515,3521,22150,33.126015,-115.764511,KC-135R Stratotanker,173,383,0,False,adsb_icao
ae49c2,2026-09-27 02:51:17.786874,BANNR50,09-9206,6761,36000,38.899609,-111.996033,C-17A Globemaster,260,391,128,False,adsb_icao
ae0568,2026-09-27 02:51:17.786878,RCH2057,86-0011,3540,6000,32.008514,-110.713806,C-5M Galaxy,324,155,125,False,mlat
ae63ba,2026-09-27 02:51:17.786882,RCH5064,20-46078,1674,4525,35.190159,-89.947136,KC-46A Pegasus,12,248,2229,False,mlat
ae0812,2026-09-27 02:51:17.786884,RCH5039,00-0176,2117,34000,38.806553,-87.719055,C-17A Globemaster,272,455,0,False,adsb_icao
ae0803,2026-09-27 02:51:17.786888,RCH233,98-0057,0503,14075,38.981186,-75.789719,C-17A Globemaster,84,372,-384,False,adsb_icao
ae145a,2026-09-27 02:51:17.786890,RCH525,06-6156,5212,35000,51.580395,-3.52227,C-17A Globemaster,79,527,0,False,mlat
ae07f0,2026-09-27 02:51:17.786892,RCH553,96-0006,5435,33000,42.770477,23.68004,C-17A Globemaster,166,485,0,False,mlat
ae123b,2026-09-27 02:51:17.786895,MOOSE58,04-4130,2241,36000,40.259281,24.55761,C-17A Globemaster,345,468,0,False,mlat
ae035d,2026-09-27 02:51:17.786897,UNK C/S,58-0063,5331,19000,30.956367,36.223656,KC-135R Stratotanker,85,477,0,False,mlat
ae04d1,2026-09-27 02:51:17.786900,UNK C/S,63-7984,3447,19975,31.148537,36.528263,KC-135R Stratotanker,262,394,0,False,mlat
ae080b,2026-09-27 02:51:17.786904,RCH205,99-0165,3301,33000,31.7,34.1,C-17A Globemaster,,,,False,mode_s
ae20c2,2026-09-27 02:51:17.786907,MOOSE54,07-7181,0761,36000,32.6,32.7,C-17A Globemaster,310,432,32,False,mode_s
ae63ce,2026-09-27 02:51:17.786912,UNK C/S,21-46098,3737,Unavailable,55.4,-133.7,KC-46A Pegasus,,,,False,mode_s
aed555,2026-09-27 02:51:17.786915,UNK C/S,19-46110,0713,24500,25.0,56.7,KC-46A Pegasus,,,,False,mode_s
ae144d,2026-09-27 02:52:18.059634,RCH539,05-5143,6611,8125,38.784798,-121.788536,C-17A Globemaster,239,291,-940,False,mlat
ae1458,2026-09-27 02:52:18.059643,RCH253,06-6154,3673,25900,39.082333,-120.362228,C-17A Globemaster,40,499,749,False,mlat
ae07a9,2026-09-27 02:52:18.059648,UNK C/S,59-1515,3521,22150,33.02681,-115.719612,KC-135R Stratotanker,141,397,0,False,adsb_icao
ae49c2,2026-09-27 02:52:18.059651,BANNR50,09-9206,6761,36000,38.881851,-112.133392,C-17A Globemaster,260,394,0,False,adsb_icao
ae0568,2026-09-27 02:52:18.059654,RCH2057,86-0011,3540,5450,32.044643,-110.751854,C-5M Galaxy,315,171,-943,False,mlat
ae63ba,2026-09-27 02:52:18.059658,RCH5064,20-46078,1674,6900,35.255489,-89.907883,KC-46A Pegasus,44,296,2548,False,mlat
ae0812,2026-09-27 02:52:18.059661,RCH5039,00-0176,2117,34000,38.811577,-87.88092,C-17A Globemaster,272,454,-64,False,adsb_icao
ae0803,2026-09-27 02:52:18.059664,RCH233,98-0057,0503,14075,39.015427,-75.665108,C-17A Globemaster,69,374,0,False,adsb_icao
ae145a,2026-09-27 02:52:18.059666,RCH525,06-6156,5212,35000,51.604778,-3.3102,C-17A Globemaster,79,524,0,False,mlat
ae07f0,2026-09-27 02:52:18.059668,RCH553,96-0006,5435,33000,42.647903,23.721813,C-17A Globemaster,164,495,0,False,mlat
ae123b,2026-09-27 02:52:18.059670,MOOSE58,04-4130,2241,36000,40.383018,24.514524,C-17A Globemaster,345,467,0,False,mlat
ae035d,2026-09-27 02:52:18.059673,UNK C/S,58-0063,5331,19000,30.992352,36.349461,KC-135R Stratotanker,88,505,0,False,mlat
ae04d1,2026-09-27 02:52:18.059675,UNK C/S,63-7984,3447,19975,31.13859,36.38026,KC-135R Stratotanker,262,392,-32,False,mlat
ae080b,2026-09-27 02:52:18.059680,RCH205,99-0165,3301,33000,32.2,33.3,C-17A Globemaster,,,,False,mode_s
ae20c2,2026-09-27 02:52:18.059683,MOOSE54,07-7181,0761,36000,33.1,32.7,C-17A Globemaster,310,432,32,False,mode_s
ae63ce,2026-09-27 02:52:18.059687,UNK C/S,21-46098,3737,Unavailable,57.0,-134.5,KC-46A Pegasus,,,,False,mode_s
aed555,2026-09-27 02:52:18.059690,UNK C/S,19-46110,0713,24500,25.0,57.1,KC-46A Pegasus,,,,False,mode_s
ae144d,2026-09-27 02:53:18.305585,RCH539,05-5143,6611,8075,38.727348,-121.845284,C-17A Globemaster,215,268,0,False,mlat
ae1458,2026-09-27 02:53:18.305594,RCH253,06-6154,3673,26800,39.191319,-120.250298,C-17A Globemaster,39,493,818,False,mlat
ae07a9,2026-09-27 02:53:18.305598,UNK C/S,59-1515,3521,22150,32.972485,-115.604591,KC-135R Stratotanker,100,409,-192,False,adsb_icao
ae49c2,2026-09-27 02:53:18.305601,BANNR50,09-9206,6761,36000,38.863579,-112.27301,C-17A Globemaster,260,399,64,False,adsb_icao
ae0568,2026-09-27 02:53:18.305604,RCH2057,86-0011,3540,4600,32.077278,-110.785812,C-5M Galaxy,316,134,-814,False,mlat
ae63ba,2026-09-27 02:53:18.305608,RCH5064,20-46078,1674,9075,35.314934,-89.846909,KC-46A Pegasus,39,274,2070,False,mlat
ae0812,2026-09-27 02:53:18.305611,RCH5039,00-0176,2117,34000,38.816345,-88.044075,C-17A Globemaster,272,457,0,False,adsb_icao
ae0803,2026-09-27 02:53:18.305615,RCH233,98-0057,0503,14650,39.052021,-75.539978,C-17A Globemaster,69,372,1024,False,adsb_icao
ae145a,2026-09-27 02:53:18.305617,RCH525,06-6156,5212,35000,51.631908,-3.070197,C-17A Globemaster,79,516,0,False,mlat
ae07f0,2026-09-27 02:53:18.305619,RCH553,96-0006,5435,33000,42.52459,23.760469,C-17A Globemaster,168,468,0,False,mlat
ae123b,2026-09-27 02:53:18.305622,MOOSE58,04-4130,2241,36000,40.510414,24.470964,C-17A Globemaster,345,463,0,False,mlat
ae04d1,2026-09-27 02:53:18.305625,UNK C/S,63-7984,3447,19975,31.120928,36.25877,KC-135R Stratotanker,262,394,-32,False,mlat
ae035d,2026-09-27 02:53:18.305627,UNK C/S,58-0063,5331,19000,31.014227,36.443188,KC-135R Stratotanker,83,399,0,False,mlat
ae080b,2026-09-27 02:53:18.305632,RCH205,99-0165,3301,33000,32.2,33.5,C-17A Globemaster,,,,False,mode_s
ae20c2,2026-09-27 02:53:18.305635,MOOSE54,07-7181,0761,36000,32.9,32.7,C-17A Globemaster,310,434,32,False,mode_s
ae63ce,2026-09-27 02:53:18.305639,UNK C/S,21-46098,3737,Unavailable,55.4,-133.7,KC-46A Pegasus,,,,False,mode_s
aed555,2026-09-27 02:53:18.305643,UNK C/S,19-46110,0713,24500,24.7,56.1,KC-46A Pegasus,,,,False,mode_s
ae144d,2026-09-27 02:54:18.535911,RCH539,05-5143,6611,6975,38.663982,-121.895782,C-17A Globemaster,200,252,-1459,False,mlat
ae1458,2026-09-27 02:54:18.535920,RCH253,06-6154,3673,27625,39.298237,-120.13942,C-17A Globemaster,41,485,770,False,mlat
ae07a9,2026-09-27 02:54:18.535925,UNK C/S,59-1515,3521,22125,32.99078,-115.47287,KC-135R Stratotanker,62,413,0,False,adsb_icao
ae49c2,2026-09-27 02:54:18.535928,BANNR50,09-9206,6761,36000,38.844955,-112.413696,C-17A Globemaster,260,401,128,False,adsb_icao
ae0568,2026-09-27 02:54:18.535931,RCH2057,86-0011,3540,4025,32.1035,-110.815056,C-5M Galaxy,312,125,-573,False,mlat
ae63ba,2026-09-27 02:54:18.535936,RCH5064,20-46078,1674,10600,35.375889,-89.784645,KC-46A Pegasus,41,285,1099,False,mlat
ae0812,2026-09-27 02:54:18.535939,RCH5039,00-0176,2117,34000,38.820877,-88.205292,C-17A Globemaster,272,458,0,False,adsb_icao
ae0803,2026-09-27 02:54:18.535942,RCH233,98-0057,0503,15075,39.089031,-75.41449,C-17A Globemaster,68,378,192,False,adsb_icao
ae145a,2026-09-27 02:54:18.535945,RCH525,06-6156,5212,35000,51.655815,-2.847904,C-17A Globemaster,80,525,0,False,mlat
ae07f0,2026-09-27 02:54:18.535947,RCH553,96-0006,5435,33000,42.39291,23.816769,C-17A Globemaster,164,493,0,False,mlat
ae123b,2026-09-27 02:54:18.535949,MOOSE58,04-4130,2241,36000,40.636501,24.426682,C-17A Globemaster,345,468,0,False,mlat
ae04d1,2026-09-27 02:54:18.535952,UNK C/S,63-7984,3447,19975,31.089676,36.150146,KC-135R Stratotanker,262,388,0,False,mlat
ae080b,2026-09-27 02:54:18.535957,RCH205,99-0165,3301,33000,32.3,33.8,C-17A Globemaster,,,,False,mode_s
ae20c2,2026-09-27 02:54:18.535960,MOOSE54,07-7181,0761,36000,32.9,32.6,C-17A Globemaster,310,436,-192,False,mode_s
ae035d,2026-09-27 02:54:18.535964,UNK C/S,58-0063,5331,19000,31.2,35.4,KC-135R Stratotanker,,,,False,mode_s
ae63ce,2026-09-27 02:54:18.535968,UNK C/S,21-46098,3737,Unavailable,57.0,-134.5,KC-46A Pegasus,,,,False,mode_s
aed555,2026-09-27 02:54:18.535971,UNK C/S,19-46110,0713,24500,24.6,56.0,KC-46A Pegasus,,,,False,mode_s
ae144d,2026-09-27 02:55:18.780964,RCH539,05-5143,6611,5450,38.591675,-121.900764,C-17A Globemaster,185,250,-1535,False,mlat
ae1458,2026-09-27 02:55:18.780973,RCH253,06-6154,3673,28175,39.401894,-120.032562,C-17A Globemaster,39,486,517,False,mlat
ae07a9,2026-09-27 02:55:18.780977,UNK C/S,59-1515,3521,22125,33.079239,-115.391495,KC-135R Stratotanker,15,402,64,False,adsb_icao
ae49c2,2026-09-27 02:55:18.780980,BANNR50,09-9206,6761,36000,38.826096,-112.555412,C-17A Globemaster,260,399,-128,False,adsb_icao
ae0568,2026-09-27 02:55:18.780983,RCH2057,86-0011,3540,3300,32.129276,-110.843384,C-5M Galaxy,321,127,-628,False,mlat
ae63ba,2026-09-27 02:55:18.780988,RCH5064,20-46078,1674,11625,35.449211,-89.709564,KC-46A Pegasus,39,349,939,False,mlat
ae0812,2026-09-27 02:55:18.780991,RCH5039,00-0176,2117,34000,38.825218,-88.369629,C-17A Globemaster,272,458,0,False,adsb_icao
ae0803,2026-09-27 02:55:18.780994,RCH233,98-0057,0503,15600,39.12616,-75.287636,C-17A Globemaster,69,379,832,False,adsb_icao
ae145a,2026-09-27 02:55:18.780997,RCH525,06-6156,5212,35000,51.681576,-2.617274,C-17A Globemaster,81,517,0,False,mlat
ae07f0,2026-09-27 02:55:18.780999,RCH553,96-0006,5435,33000,42.261002,23.86429,C-17A Globemaster,166,452,0,False,mlat
ae123b,2026-09-27 02:55:18.781001,MOOSE58,04-4130,2241,36000,40.765541,24.381159,C-17A Globemaster,345,460,0,False,mlat
ae04d1,2026-09-27 02:55:18.781004,UNK C/S,63-7984,3447,19975,31.088453,36.016399,KC-135R Stratotanker,262,384,0,False,mlat
ae080b,2026-09-27 02:55:18.781010,RCH205,99-0165,3301,33000,31.9,33.7,C-17A Globemaster,,,,False,mode_s
ae20c2,2026-09-27 02:55:18.781013,MOOSE54,07-7181,0761,36000,32.8,33.1,C-17A Globemaster,310,444,-64,False,mode_s
ae035d,2026-09-27 02:55:18.781016,UNK C/S,58-0063,5331,19000,31.3,35.4,KC-135R Stratotanker,,,,False,mode_s
ae63ce,2026-09-27 02:55:18.781019,UNK C/S,21-46098,3737,Unavailable,55.4,-133.7,KC-46A Pegasus,,,,False,mode_s
aed555,2026-09-27 02:55:18.781022,UNK C/S,19-46110,0713,24500,24.8,56.1,KC-46A Pegasus,,,,False,mode_s
ae144d,2026-09-27 02:56:19.038583,RCH539,05-5143,6611,5075,38.523766,-121.904137,C-17A Globemaster,186,192,0,False,mlat
ae1458,2026-09-27 02:56:19.038592,RCH253,06-6154,3673,28675,39.509331,-119.920067,C-17A Globemaster,39,495,500,False,mlat
ae07a9,2026-09-27 02:56:19.038596,UNK C/S,59-1515,3521,22150,33.181,-115.416267,KC-135R Stratotanker,323,374,-192,False,adsb_icao
ae49c2,2026-09-27 02:56:19.038599,BANNR50,09-9206,6761,36000,38.807297,-112.695312,C-17A Globemaster,260,399,-192,False,adsb_icao
ae0568,2026-09-27 02:56:19.038603,RCH2057,86-0011,3540,2675,32.152664,-110.875854,C-5M Galaxy,307,134,-676,False,mlat
ae63ba,2026-09-27 02:56:19.038607,RCH5064,20-46078,1674,12875,35.528481,-89.629227,KC-46A Pegasus,42,427,1618,False,mlat
ae0812,2026-09-27 02:56:19.038610,RCH5039,00-0176,2117,34000,38.829346,-88.531654,C-17A Globemaster,271,458,0,False,adsb_icao
ae0803,2026-09-27 02:56:19.038614,RCH233,98-0057,0503,16625,39.163467,-75.158722,C-17A Globemaster,69,387,1024,False,adsb_icao
ae145a,2026-09-27 02:56:19.038617,RCH525,06-6156,5212,35000,51.704586,-2.397246,C-17A Globemaster,80,522,0,False,mlat
ae07f0,2026-09-27 02:56:19.038619,RCH553,96-0006,5435,33000,42.140652,23.90777,C-17A Globemaster,166,485,0,False,mlat
ae123b,2026-09-27 02:56:19.038621,MOOSE58,04-4130,2241,36000,40.885544,24.339317,C-17A Globemaster,344,455,0,False,mlat
ae04d1,2026-09-27 02:56:19.038624,UNK C/S,63-7984,3447,19975,31.083118,35.867176,KC-135R Stratotanker,262,380,0,False,mlat
ae080b,2026-09-27 02:56:19.038629,RCH205,99-0165,3301,33000,32.3,33.8,C-17A Globemaster,,,,False,mode_s
ae20c2,2026-09-27 02:56:19.038632,MOOSE54,07-7181,0761,36000,33.0,32.9,C-17A Globemaster,310,444,-64,False,mode_s
ae035d,2026-09-27 02:56:19.038636,UNK C/S,58-0063,5331,19000,31.6,36.3,KC-135R Stratotanker,,,,False,mode_s
ae63ce,2026-09-27 02:56:19.038640,UNK C/S,21-46098,3737,Unavailable,55.4,-133.7,KC-46A Pegasus,,,,False,mode_s
aed555,2026-09-27 02:56:19.038643,UNK C/S,19-46110,0713,24500,24.8,56.4,KC-46A Pegasus,,,,False,mode_s
ae144d,2026-09-27 02:57:19.331607,RCH539,05-5143,6611,4350,38.460335,-121.877327,C-17A Globemaster,160,227,-1106,False,mlat
ae1458,2026-09-27 02:57:19.331616,RCH253,06-6154,3673,29175,39.614147,-119.810341,C-17A Globemaster,39,497,499,False,mlat
ae07a9,2026-09-27 02:57:19.331620,UNK C/S,59-1515,3521,22150,33.252274,-115.506516,KC-135R Stratotanker,311,368,-64,False,adsb_icao
ae49c2,2026-09-27 02:57:19.331623,BANNR50,09-9206,6761,36025,38.788303,-112.835144,C-17A Globemaster,260,398,0,False,adsb_icao
ae63ba,2026-09-27 02:57:19.331628,RCH5064,20-46078,1674,14350,35.62149,-89.537376,KC-46A Pegasus,37,421,1126,False,mlat
ae0812,2026-09-27 02:57:19.331631,RCH5039,00-0176,2117,34000,38.833225,-88.696594,C-17A Globemaster,271,458,64,False,adsb_icao
ae0803,2026-09-27 02:57:19.331635,RCH233,98-0057,0503,17650,39.20192,-75.026588,C-17A Globemaster,69,396,3008,False,adsb_icao
ae145a,2026-09-27 02:57:19.331637,RCH525,06-6156,5212,35000,51.728771,-2.163919,C-17A Globemaster,79,521,0,False,mlat
ae07f0,2026-09-27 02:57:19.331640,RCH553,96-0006,5435,33000,42.018173,23.953182,C-17A Globemaster,166,457,0,False,mlat
ae123b,2026-09-27 02:57:19.331642,MOOSE58,04-4130,2241,36000,41.012321,24.294321,C-17A Globemaster,345,455,0,False,mlat
ae04d1,2026-09-27 02:57:19.331645,UNK C/S,63-7984,3447,19975,31.076172,35.858032,KC-135R Stratotanker,262,378,96,False,mode_s
ae20c2,2026-09-27 02:57:19.331650,MOOSE54,07-7181,0761,36000,32.8,32.3,C-17A Globemaster,310,432,-160,False,mode_s
ae080b,2026-09-27 02:57:19.331653,RCH205,99-0165,3301,33000,32.2,33.6,C-17A Globemaster,,,,False,mode_s
aed555,2026-09-27 02:57:19.331657,UNK C/S,19-46110,0713,24475,24.9,56.4,KC-46A Pegasus,,,,False,mode_s
ae63ce,2026-09-27 02:57:19.331661,UNK C/S,21-46098,3737,Unavailable,55.4,-133.7,KC-46A Pegasus,,,,False,mode_s
ae035d,2026-09-27 02:57:19.331663,UNK C/S,58-0063,5331,19000,31.3,36.3,KC-135R Stratotanker,,,,False,mode_s
ae144d,2026-09-27 02:58:19.611993,RCH539,05-5143,6611,2900,38.398003,-121.84877,C-17A Globemaster,162,237,-1404,False,mlat
ae1458,2026-09-27 02:58:19.612002,RCH253,06-6154,3673,29700,39.715511,-119.704079,C-17A Globemaster,40,478,492,False,mlat
ae07a9,2026-09-27 02:58:19.612006,UNK C/S,59-1515,3521,22150,33.318237,-115.600067,KC-135R Stratotanker,307,366,0,False,adsb_icao
ae49c2,2026-09-27 02:58:19.612009,BANNR50,09-9206,6761,36000,38.769104,-112.975456,C-17A Globemaster,259,396,0,False,adsb_icao
ae63ba,2026-09-27 02:58:19.612014,RCH5064,20-46078,1674,15375,35.720734,-89.462738,KC-46A Pegasus,31,437,987,False,mlat
ae0812,2026-09-27 02:58:19.612016,RCH5039,00-0176,2117,34000,38.836853,-88.859154,C-17A Globemaster,271,457,0,False,adsb_icao
ae0803,2026-09-27 02:58:19.612021,RCH233,98-0057,0503,19400,39.245632,-74.894897,C-17A Globemaster,48,403,1600,False,adsb_icao
ae145a,2026-09-27 02:58:19.612023,RCH525,06-6156,5212,35000,51.753914,-1.92531,C-17A Globemaster,80,520,0,False,mlat
ae07f0,2026-09-27 02:58:19.612025,RCH553,96-0006,5435,33000,41.900131,23.993629,C-17A Globemaster,167,453,0,False,mlat
ae123b,2026-09-27 02:58:19.612028,MOOSE58,04-4130,2241,36000,41.134716,24.251472,C-17A Globemaster,345,461,-75,False,mlat
ae20c2,2026-09-27 02:58:19.612032,MOOSE54,07-7181,0761,36000,33.1,32.6,C-17A Globemaster,310,438,-32,False,mode_s
ae080b,2026-09-27 02:58:19.612036,RCH205,99-0165,3301,33000,32.2,33.9,C-17A Globemaster,,,,False,mode_s
aed555,2026-09-27 02:58:19.612040,UNK C/S,19-46110,0713,24500,25.0,57.1,KC-46A Pegasus,,,,False,mode_s
ae63ce,2026-09-27 02:58:19.612044,UNK C/S,21-46098,3737,Unavailable,55.4,-133.7,KC-46A Pegasus,,,,False,mode_s
ae04d1,2026-09-27 02:58:19.612047,UNK C/S,63-7984,3447,19975,32.0,35.2,KC-135R Stratotanker,261,378,32,False,mode_s
ae035d,2026-09-27 02:58:19.612050,UNK C/S,58-0063,5331,19000,31.3,36.5,KC-135R Stratotanker,,,,False,mode_s
ae144d,2026-09-27 02:59:19.840522,RCH539,05-5143,6611,2175,38.34938,-121.826698,C-17A Globemaster,156,152,-1005,False,mlat
ae1458,2026-09-27 02:59:19.840531,RCH253,06-6154,3673,30200,39.823338,-119.590271,C-17A Globemaster,40,486,508,False,mlat
ae07a9,2026-09-27 02:59:19.840535,UNK C/S,59-1515,3521,22150,33.349976,-115.710197,KC-135R Stratotanker,265,352,0,False,adsb_icao
ae49c2,2026-09-27 02:59:19.840538,BANNR50,09-9206,6761,36000,38.749851,-113.114807,C-17A Globemaster,259,398,-64,False,adsb_icao
ae63ba,2026-09-27 02:59:19.840542,RCH5064,20-46078,1674,16375,35.825264,-89.384483,KC-46A Pegasus,31,440,1018,False,mlat
ae0812,2026-09-27 02:59:19.840545,RCH5039,00-0176,2117,34000,38.846878,-89.020782,C-17A Globemaster,282,458,0,False,adsb_icao
ae0803,2026-09-27 02:59:19.840549,RCH233,98-0057,0503,21000,39.330688,-74.799881,C-17A Globemaster,40,412,1216,False,adsb_icao
ae145a,2026-09-27 02:59:19.840551,RCH525,06-6156,5212,35000,51.777596,-1.689681,C-17A Globemaster,81,520,0,False,mlat
ae07f0,2026-09-27 02:59:19.840554,RCH553,96-0006,5435,33000,41.771004,24.041264,C-17A Globemaster,165,451,0,False,mlat
ae123b,2026-09-27 02:59:19.840556,MOOSE58,04-4130,2241,36000,41.252014,24.209064,C-17A Globemaster,344,445,0,False,mlat
ae20c2,2026-09-27 02:59:19.840560,MOOSE54,07-7181,0761,36000,33.1,31.8,C-17A Globemaster,310,434,0,False,mode_s
ae080b,2026-09-27 02:59:19.840564,RCH205,99-0165,3301,33000,32.1,34.2,C-17A Globemaster,,,,False,mode_s
aed555,2026-09-27 02:59:19.840569,UNK C/S,19-46110,0713,24500,25.0,56.7,KC-46A Pegasus,,,,False,mode_s
ae63ce,2026-09-27 02:59:19.840572,UNK C/S,21-46098,3737,Unavailable,55.4,-133.7,KC-46A Pegasus,,,,False,mode_s
ae04d1,2026-09-27 02:59:19.840575,UNK C/S,63-7984,3447,19975,31.8,34.9,KC-135R Stratotanker,261,376,0,False,mode_s
ae035d,2026-09-27 02:59:19.840578,UNK C/S,58-0063,5331,19000,32.0,37.1,KC-135R Stratotanker,,,,False,mode_s
ae144d,2026-09-27 03:00:20.068928,RCH539,05-5143,6611,1350,38.320477,-121.844688,C-17A Globemaster,237,98,-1302,False,mlat
ae1458,2026-09-27 03:00:20.068937,RCH253,06-6154,3673,30725,39.928303,-119.480095,C-17A Globemaster,38,486,523,False,mlat
ae07a9,2026-09-27 03:00:20.068941,UNK C/S,59-1515,3521,22150,33.29565,-115.799713,KC-135R Stratotanker,205,355,0,False,adsb_icao
ae49c2,2026-09-27 03:00:20.068944,BANNR50,09-9206,6761,36000,38.730576,-113.252625,C-17A Globemaster,259,395,-384,False,adsb_icao
ae63ba,2026-09-27 03:00:20.068949,RCH5064,20-46078,1674,18200,35.927551,-89.307869,KC-46A Pegasus,32,453,1738,False,mlat
ae0812,2026-09-27 03:00:20.068952,RCH5039,00-0176,2117,34000,38.871323,-89.180267,C-17A Globemaster,280,453,64,False,adsb_icao
ae0803,2026-09-27 03:00:20.068956,RCH233,98-0057,0503,22175,39.420296,-74.701233,C-17A Globemaster,40,430,1024,False,adsb_icao
ae145a,2026-09-27 03:00:20.068959,RCH525,06-6156,5212,35000,51.798882,-1.472551,C-17A Globemaster,81,518,0,False,mlat
ae07f0,2026-09-27 03:00:20.068961,RCH553,96-0006,5435,33000,41.647419,24.085814,C-17A Globemaster,165,416,0,False,mlat
ae123b,2026-09-27 03:00:20.068964,MOOSE58,04-4130,2241,36000,41.375725,24.165548,C-17A Globemaster,347,467,0,False,mlat
ae20c2,2026-09-27 03:00:20.068968,MOOSE54,07-7181,0761,36000,32.8,33.0,C-17A Globemaster,310,438,32,False,mode_s
ae080b,2026-09-27 03:00:20.068972,RCH205,99-0165,3301,Unavailable,31.9,34.1,C-17A Globemaster,,,,False,mode_s
aed555,2026-09-27 03:00:20.068976,UNK C/S,19-46110,0713,24500,25.1,57.1,KC-46A Pegasus,,,,False,mode_s
ae63ce,2026-09-27 03:00:20.068980,UNK C/S,21-46098,3737,Unavailable,55.4,-133.7,KC-46A Pegasus,,,,False,mode_s
ae04d1,2026-09-27 03:00:20.068983,UNK C/S,63-7984,3447,18975,31.8,34.8,KC-135R Stratotanker,326,384,-4128,False,mode_s
ae035d,2026-09-27 03:00:20.068986,UNK C/S,58-0063,5331,19000,32.1,36.6,KC-135R Stratotanker,,,,False,mode_s
ae144d,2026-09-27 03:01:20.344026,RCH539,05-5143,6611,650,38.29768,-121.875961,C-17A Globemaster,236,113,-593,False,mlat
ae1458,2026-09-27 03:01:20.344035,RCH253,06-6154,3673,31000,40.035259,-119.365669,C-17A Globemaster,39,487,59,False,mlat
ae07a9,2026-09-27 03:01:20.344039,UNK C/S,59-1515,3521,22150,33.196774,-115.78788,KC-135R Stratotanker,149,378,0,False,adsb_icao
ae49c2,2026-09-27 03:01:20.344042,BANNR50,09-9206,6761,36000,38.711212,-113.389648,C-17A Globemaster,259,386,320,False,adsb_icao
ae0812,2026-09-27 03:01:20.344046,RCH5039,00-0176,2117,34000,38.895233,-89.338501,C-17A Globemaster,280,449,64,False,adsb_icao
ae63ba,2026-09-27 03:01:20.344049,RCH5064,20-46078,1674,20125,36.034069,-89.228119,KC-46A Pegasus,31,445,1797,False,mlat
ae0803,2026-09-27 03:01:20.344053,RCH233,98-0057,0503,23400,39.513153,-74.598541,C-17A Globemaster,40,442,960,False,adsb_icao
ae145a,2026-09-27 03:01:20.344056,RCH525,06-6156,5212,35000,51.813572,-1.319504,C-17A Globemaster,81,522,0,False,adsb_icao
ae123b,2026-09-27 03:01:20.344058,MOOSE58,04-4130,2241,36000,41.482986,24.127045,C-17A Globemaster,343,443,24,False,mlat
ae07f0,2026-09-27 03:01:20.344060,RCH553,96-0006,7420,33000,41.533577,24.127638,C-17A Globemaster,165,458,0,False,mlat
ae20c2,2026-09-27 03:01:20.344065,MOOSE54,07-7181,0761,36000,32.9,32.9,C-17A Globemaster,310,440,32,False,mode_s
ae080b,2026-09-27 03:01:20.344068,RCH205,99-0165,3301,33000,32.0,34.3,C-17A Globemaster,,,,False,mode_s
aed555,2026-09-27 03:01:20.344072,UNK C/S,19-46110,0713,24500,25.3,58.0,KC-46A Pegasus,,,,False,mode_s
ae63ce,2026-09-27 03:01:20.344076,UNK C/S,21-46098,3737,Unavailable,55.4,-133.7,KC-46A Pegasus,,,,False,mode_s
ae04d1,2026-09-27 03:01:20.344079,UNK C/S,63-7984,3447,15950,31.6,34.5,KC-135R Stratotanker,2,406,-2816,False,mode_s
ae035d,2026-09-27 03:01:20.344081,UNK C/S,58-0063,5331,19000,32.6,36.7,KC-135R Stratotanker,,,,False,mode_s
ae144d,2026-09-27 03:02:20.588447,RCH539,05-5143,6611,100,38.2757,-121.906487,C-17A Globemaster,227,127,-508,False,mlat
ae1458,2026-09-27 03:02:20.588456,RCH253,06-6154,3673,31000,40.135551,-119.259109,C-17A Globemaster,39,510,0,False,mlat
ae07a9,2026-09-27 03:02:20.588460,UNK C/S,59-1515,3521,22150,33.114143,-115.707443,KC-135R Stratotanker,138,387,192,False,adsb_icao
ae49c2,2026-09-27 03:02:20.588463,BANNR50,09-9206,6761,36000,38.6922,-113.524117,C-17A Globemaster,259,391,-64,False,adsb_icao
ae0812,2026-09-27 03:02:20.588468,RCH5039,00-0176,2117,34000,38.91888,-89.495422,C-17A Globemaster,280,448,0,False,adsb_icao
ae63ba,2026-09-27 03:02:20.588471,RCH5064,20-46078,1674,21550,36.142101,-89.145515,KC-46A Pegasus,33,430,1517,False,mlat
ae0803,2026-09-27 03:02:20.588474,RCH233,98-0057,0503,24450,39.605438,-74.492561,C-17A Globemaster,49,455,512,False,adsb_icao
ae145a,2026-09-27 03:02:20.588478,RCH525,06-6156,5212,35000,51.843849,-0.996632,C-17A Globemaster,82,516,0,False,mlat
ae123b,2026-09-27 03:02:20.588480,MOOSE58,04-4130,2241,36000,41.625595,24.075777,C-17A Globemaster,345,443,0,False,mlat
ae07f0,2026-09-27 03:02:20.588482,RCH553,96-0006,7420,33050,41.412811,24.184452,C-17A Globemaster,160,435,75,False,mlat
ae20c2,2026-09-27 03:02:20.588486,MOOSE54,07-7181,0761,36000,32.9,32.8,C-17A Globemaster,310,440,-128,False,mode_s
ae080b,2026-09-27 03:02:20.588490,RCH205,99-0165,3301,33000,31.8,34.3,C-17A Globemaster,,,,False,mode_s
aed555,2026-09-27 03:02:20.588493,UNK C/S,19-46110,0713,24500,25.3,58.1,KC-46A Pegasus,,,,False,mode_s
ae63ce,2026-09-27 03:02:20.588497,UNK C/S,21-46098,3737,Unavailable,55.4,-133.7,KC-46A Pegasus,,,,False,mode_s
ae04d1,2026-09-27 03:02:20.588500,UNK C/S,63-7984,3447,13625,31.7,34.8,KC-135R Stratotanker,5,388,-2560,False,mode_s
ae035d,2026-09-27 03:02:20.588502,UNK C/S,58-0063,5331,19000,32.7,36.5,KC-135R Stratotanker,,,,False,mode_s
ae1458,2026-09-27 03:03:20.867993,RCH253,06-6154,3673,31000,40.252689,-119.132782,C-17A Globemaster,40,498,0,False,mlat
ae07a9,2026-09-27 03:03:20.868002,UNK C/S,59-1515,3521,22150,33.034332,-115.620834,KC-135R Stratotanker,132,390,-128,False,adsb_icao
ae49c2,2026-09-27 03:03:20.868007,BANNR50,09-9206,6761,36000,38.672386,-113.662537,C-17A Globemaster,259,396,-320,False,adsb_icao
ae0812,2026-09-27 03:03:20.868011,RCH5039,00-0176,2117,34000,38.942368,-89.653633,C-17A Globemaster,280,450,0,False,adsb_icao
ae63ba,2026-09-27 03:03:20.868015,RCH5064,20-46078,1674,24100,36.247807,-89.066093,KC-46A Pegasus,31,448,2732,False,mlat
ae0803,2026-09-27 03:03:20.868019,RCH233,98-0057,0503,24975,39.673538,-74.350464,C-17A Globemaster,58,466,64,False,adsb_icao
ae145a,2026-09-27 03:03:20.868022,RCH525,06-6156,5212,35000,51.86031,-0.821609,C-17A Globemaster,81,509,0,False,adsb_icao
ae123b,2026-09-27 03:03:20.868025,MOOSE58,04-4130,2241,36000,41.743984,24.033312,C-17A Globemaster,345,452,0,False,mlat
ae07f0,2026-09-27 03:03:20.868027,RCH553,96-0006,7420,33550,41.297623,24.238073,C-17A Globemaster,160,438,300,False,mlat
ae04ba,2026-09-27 03:03:20.868032,UNK C/S,58-0055,3134,650,26.9,127.9,KC-135R Stratotanker,,,,False,mode_s
ae20c2,2026-09-27 03:03:20.868035,MOOSE54,07-7181,0761,36000,32.8,32.7,C-17A Globemaster,310,440,-256,False,mode_s
ae080b,2026-09-27 03:03:20.868038,RCH205,99-0165,3301,33000,31.3,34.0,C-17A Globemaster,,,,False,mode_s
aed555,2026-09-27 03:03:20.868041,UNK C/S,19-46110,0713,24500,25.2,57.9,KC-46A Pegasus,,,,False,mode_s
ae63ce,2026-09-27 03:03:20.868044,UNK C/S,21-46098,3737,38000,55.4,-133.7,KC-46A Pegasus,,,,False,mode_s
ae04d1,2026-09-27 03:03:20.868046,UNK C/S,63-7984,3447,11850,31.9,35.0,KC-135R Stratotanker,10,388,-1344,False,mode_s
ae035d,2026-09-27 03:03:20.868049,UNK C/S,58-0063,5331,19000,32.6,36.3,KC-135R Stratotanker,,,,False,mode_s
ae1458,2026-09-27 03:04:21.144777,RCH253,06-6154,3673,31000,40.357735,-119.01902,C-17A Globemaster,39,510,0,False,mlat
ae07a9,2026-09-27 03:04:21.144797,UNK C/S,59-1515,3521,22150,32.975838,-115.509636,KC-135R Stratotanker,105,404,64,False,adsb_icao
ae49c2,2026-09-27 03:04:21.144801,BANNR50,09-9206,6761,36025,38.652512,-113.799728,C-17A Globemaster,259,383,0,False,adsb_icao
ae0812,2026-09-27 03:04:21.144806,RCH5039,00-0176,2117,34000,38.965622,-89.811264,C-17A Globemaster,280,448,0,False,adsb_icao
ae63ba,2026-09-27 03:04:21.144810,RCH5064,20-46078,1674,25175,36.345375,-88.985687,KC-46A Pegasus,44,464,1072,False,mlat
ae0803,2026-09-27 03:04:21.144814,RCH233,98-0057,0503,25025,39.74155,-74.206116,C-17A Globemaster,59,462,-192,False,adsb_icao
ae145a,2026-09-27 03:04:21.144816,RCH525,06-6156,5212,35000,51.88554,-0.540051,C-17A Globemaster,82,503,0,False,mlat
ae123b,2026-09-27 03:04:21.144819,MOOSE58,04-4130,2241,36000,41.850838,23.984499,C-17A Globemaster,344,419,0,False,mlat
ae07f0,2026-09-27 03:04:21.144821,RCH553,96-0006,7420,34050,41.181213,24.294214,C-17A Globemaster,162,446,512,False,mlat
ae04ba,2026-09-27 03:04:21.144823,UNK C/S,58-0055,3134,2650,26.400591,127.813263,KC-135R Stratotanker,41,264,1763,False,mlat
ae20c2,2026-09-27 03:04:21.144827,MOOSE54,07-7181,0761,36000,36.9,27.4,C-17A Globemaster,309,432,32,False,mode_s
ae5f95,2026-09-27 03:04:21.144830,CABAL53,18-46042,Unavailable,1375,37.7,-97.2,KC-46A Pegasus,,,,False,mode_s
ae080b,2026-09-27 03:04:21.144833,RCH205,99-0165,3301,33000,31.5,34.2,C-17A Globemaster,,,,False,mode_s
aed555,2026-09-27 03:04:21.144837,UNK C/S,19-46110,0713,24500,25.3,58.2,KC-46A Pegasus,,,,False,mode_s
ae63ce,2026-09-27 03:04:21.144840,UNK C/S,21-46098,3737,38000,55.4,-133.7,KC-46A Pegasus,,,,False,mode_s
ae04d1,2026-09-27 03:04:21.144842,UNK C/S,63-7984,3447,10725,31.6,35.1,KC-135R Stratotanker,10,384,-928,False,mode_s
ae035d,2026-09-27 03:04:21.144845,UNK C/S,58-0063,5331,19000,31.2,35.5,KC-135R Stratotanker,,,,False,mode_s
ae1458,2026-09-27 03:05:21.384214,RCH253,06-6154,3673,31000,40.465,-118.901978,C-17A Globemaster,40,516,0,False,mlat
ae07a9,2026-09-27 03:05:21.384223,UNK C/S,59-1515,3521,22150,33.003296,-115.383965,KC-135R Stratotanker,45,417,0,False,adsb_icao
ae49c2,2026-09-27 03:05:21.384227,BANNR50,09-9206,6761,36000,38.633144,-113.932556,C-17A Globemaster,259,388,-128,False,adsb_icao
ae5f95,2026-09-27 03:05:21.384232,CABAL53,18-46042,1117,3100,37.585449,-97.277168,KC-46A Pegasus,193,186,2242,False,mlat
ae0812,2026-09-27 03:05:21.384235,RCH5039,00-0176,2117,34000,38.988617,-89.968506,C-17A Globemaster,280,451,0,False,adsb_icao
ae63ba,2026-09-27 03:05:21.384237,RCH5064,20-46078,1674,25725,36.427841,-88.837784,KC-46A Pegasus,58,487,399,False,mlat
ae0803,2026-09-27 03:05:21.384241,RCH233,98-0057,0503,25000,39.80761,-74.063538,C-17A Globemaster,59,465,0,False,adsb_icao
ae145a,2026-09-27 03:05:21.384244,RCH525,06-6156,5212,35000,51.90303,-0.340118,C-17A Globemaster,82,520,0,False,adsb_icao
ae123b,2026-09-27 03:05:21.384246,MOOSE58,04-4130,2241,36000,41.976162,23.948326,C-17A Globemaster,343,441,0,False,mlat
ae07f0,2026-09-27 03:05:21.384248,RCH553,96-0006,7420,34600,41.06329,24.347269,C-17A Globemaster,161,431,453,False,mlat
ae04ba,2026-09-27 03:05:21.384251,UNK C/S,58-0055,3134,5600,26.435352,127.874184,KC-135R Stratotanker,79,319,4100,False,mlat
ae20c2,2026-09-27 03:05:21.384255,MOOSE54,07-7181,0761,36000,36.7,27.6,C-17A Globemaster,309,434,128,False,mode_s
ae080b,2026-09-27 03:05:21.384258,RCH205,99-0165,3301,33000,31.1,34.2,C-17A Globemaster,,,,False,mode_s
aed555,2026-09-27 03:05:21.384262,UNK C/S,19-46110,0713,24500,25.2,57.5,KC-46A Pegasus,,,,False,mode_s
ae63ce,2026-09-27 03:05:21.384265,UNK C/S,21-46098,3737,38025,55.4,-133.7,KC-46A Pegasus,,,,False,mode_s
ae04d1,2026-09-27 03:05:21.384268,UNK C/S,63-7984,3447,10000,31.5,35.0,KC-135R Stratotanker,10,372,-544,False,mode_s
ae035d,2026-09-27 03:05:21.384270,UNK C/S,58-0063,5331,19000,31.2,36.1,KC-135R Stratotanker,,,,False,mode_s
aed867,2026-09-27 03:06:21.631933,BOE124,23-46124,Unavailable,0,47.912498,-122.281158,KC-46A Pegasus,359,135,-704,False,other
ae1458,2026-09-27 03:06:21.631941,RCH253,06-6154,3673,31000,40.582996,-118.774132,C-17A Globemaster,39,514,0,False,mlat
ae07a9,2026-09-27 03:06:21.631946,UNK C/S,59-1515,3521,22150,33.107254,-115.363785,KC-135R Stratotanker,335,389,-64,False,adsb_icao
ae49c2,2026-09-27 03:06:21.631949,BANNR50,09-9206,6761,36000,38.613235,-114.067818,C-17A Globemaster,259,385,64,False,adsb_icao
ae5f95,2026-09-27 03:06:21.631953,CABAL53,18-46042,1117,4600,37.528873,-97.299263,KC-46A Pegasus,201,242,2016,False,mlat
ae0812,2026-09-27 03:06:21.631955,RCH5039,00-0176,2117,34000,39.011662,-90.128296,C-17A Globemaster,280,453,0,False,adsb_icao
ae63ba,2026-09-27 03:06:21.631958,RCH5064,20-46078,1674,26625,36.498501,-88.690529,KC-46A Pegasus,69,473,1117,False,mlat
ae0803,2026-09-27 03:06:21.631962,RCH233,98-0057,0503,25000,39.873825,-73.920074,C-17A Globemaster,59,456,128,False,adsb_icao
ae145a,2026-09-27 03:06:21.631964,RCH525,06-6156,5212,35000,51.926964,-0.062924,C-17A Globemaster,83,517,0,False,mlat
ae123b,2026-09-27 03:06:21.631967,MOOSE58,04-4130,2241,36000,42.087494,23.908279,C-17A Globemaster,344,426,0,False,mlat
ae07f0,2026-09-27 03:06:21.631969,RCH553,96-0006,7420,35000,40.954437,24.399055,C-17A Globemaster,160,437,233,False,mlat
ae04ba,2026-09-27 03:06:21.631971,UNK C/S,58-0055,3134,9525,26.441593,127.938873,KC-135R Stratotanker,72,448,3794,False,mlat
ae20c2,2026-09-27 03:06:21.631975,MOOSE54,07-7181,0761,36000,36.3,28.2,C-17A Globemaster,309,442,32,False,mode_s
ae080b,2026-09-27 03:06:21.631978,RCH205,99-0165,3301,33000,31.2,34.1,C-17A Globemaster,,,,False,mode_s
aed555,2026-09-27 03:06:21.631982,UNK C/S,19-46110,0713,24500,25.2,57.2,KC-46A Pegasus,,,,False,mode_s
ae63ce,2026-09-27 03:06:21.631986,UNK C/S,21-46098,3737,38000,55.4,-133.7,KC-46A Pegasus,,,,False,mode_s
ae04d1,2026-09-27 03:06:21.631989,UNK C/S,63-7984,3447,10000,31.5,35.4,KC-135R Stratotanker,11,374,128,False,mode_s
ae035d,2026-09-27 03:06:21.631991,UNK C/S,58-0063,5331,19000,31.6,35.9,KC-135R Stratotanker,,,,False,mode_s
ae1458,2026-09-27 03:07:21.867157,RCH253,06-6154,3673,31000,40.689011,-118.665039,C-17A Globemaster,36,500,0,False,mlat
ae07a9,2026-09-27 03:07:21.867168,UNK C/S,59-1515,3521,22150,33.177246,-115.456642,KC-135R Stratotanker,306,374,0,False,adsb_icao
ae49c2,2026-09-27 03:07:21.867171,BANNR50,09-9206,6761,36025,38.593414,-114.202164,C-17A Globemaster,259,381,384,False,adsb_icao
ae5f95,2026-09-27 03:07:21.867176,CABAL53,18-46042,1117,7425,37.52438,-97.381889,KC-46A Pegasus,297,307,3334,False,mlat
ae0812,2026-09-27 03:07:21.867179,RCH5039,00-0176,2117,34000,39.034286,-90.28672,C-17A Globemaster,280,448,0,False,adsb_icao
ae63ba,2026-09-27 03:07:21.867181,RCH5064,20-46078,1674,27825,36.570393,-88.544701,KC-46A Pegasus,59,506,1130,False,mlat
ae0803,2026-09-27 03:07:21.867185,RCH233,98-0057,0503,25000,39.938236,-73.779877,C-17A Globemaster,59,448,832,False,adsb_icao
ae145a,2026-09-27 03:07:21.867188,RCH525,06-6156,5212,35000,51.946697,0.172861,C-17A Globemaster,82,521,0,False,mlat
ae123b,2026-09-27 03:07:21.867191,MOOSE58,04-4130,2241,36000,42.214249,23.861822,C-17A Globemaster,344,448,0,False,mlat
ae07f0,2026-09-27 03:07:21.867193,RCH553,96-0006,7420,35000,40.835999,24.454718,C-17A Globemaster,161,431,0,False,mlat
ae04ba,2026-09-27 03:07:21.867195,UNK C/S,58-0055,3134,12525,26.473408,127.99749,KC-135R Stratotanker,47,326,2216,False,mlat
ae20c2,2026-09-27 03:07:21.867200,MOOSE54,07-7181,0761,36000,37.1,27.0,C-17A Globemaster,309,442,96,False,mode_s
ae080b,2026-09-27 03:07:21.867203,RCH205,99-0165,3301,33000,31.5,33.5,C-17A Globemaster,,,,False,mode_s
aed555,2026-09-27 03:07:21.867207,UNK C/S,19-46110,0713,24500,24.9,55.9,KC-46A Pegasus,,,,False,mode_s
ae63ce,2026-09-27 03:07:21.867211,UNK C/S,21-46098,3737,38000,55.4,-133.7,KC-46A Pegasus,,,,False,mode_s
ae04d1,2026-09-27 03:07:21.867213,UNK C/S,63-7984,3447,9975,31.3,35.7,KC-135R Stratotanker,309,348,0,False,mode_s
ae035d,2026-09-27 03:07:21.867215,UNK C/S,58-0063,5331,20375,30.8,35.1,KC-135R Stratotanker,,,,False,mode_s
ae1458,2026-09-27 03:08:22.093469,RCH253,06-6154,3673,30975,40.810753,-118.546463,C-17A Globemaster,37,514,-93,False,mlat
ae07a9,2026-09-27 03:08:22.093479,UNK C/S,59-1515,3521,22150,33.239555,-115.556381,KC-135R Stratotanker,306,375,-64,False,adsb_icao
ae49c2,2026-09-27 03:08:22.093483,BANNR50,09-9206,6761,36025,38.573509,-114.3349,C-17A Globemaster,259,386,64,False,adsb_icao
ae5f95,2026-09-27 03:08:22.093488,CABAL53,18-46042,1117,10000,37.602604,-97.396027,KC-46A Pegasus,10,313,2480,False,mlat
ae0812,2026-09-27 03:08:22.093491,RCH5039,00-0176,2117,34000,39.056538,-90.443604,C-17A Globemaster,280,448,0,False,adsb_icao
ae63ba,2026-09-27 03:08:22.093493,RCH5064,20-46078,1674,29200,36.638531,-88.395714,KC-46A Pegasus,59,516,1393,False,mlat
ae0803,2026-09-27 03:08:22.093497,RCH233,98-0057,0503,25000,40.031342,-73.680054,C-17A Globemaster,26,443,832,False,adsb_icao
ae145a,2026-09-27 03:08:22.093499,RCH525,06-6156,5212,35000,51.964062,0.406251,C-17A Globemaster,83,529,0,False,mlat
ae123b,2026-09-27 03:08:22.093502,MOOSE58,04-4130,2241,36000,42.330158,23.818216,C-17A Globemaster,345,432,0,False,mlat
ae07f0,2026-09-27 03:08:22.093504,RCH553,96-0006,7420,35000,40.72794,24.504503,C-17A Globemaster,161,440,0,False,mlat
ae04ba,2026-09-27 03:08:22.093506,UNK C/S,58-0055,3134,16125,26.534332,128.097198,KC-135R Stratotanker,49,300,3624,False,mlat
ae20c2,2026-09-27 03:08:22.093511,MOOSE54,07-7181,0761,36000,37.1,27.0,C-17A Globemaster,309,448,64,False,mode_s
ae080b,2026-09-27 03:08:22.093514,RCH205,99-0165,3301,33000,31.3,33.5,C-17A Globemaster,,,,False,mode_s
aed555,2026-09-27 03:08:22.093518,UNK C/S,19-46110,0713,24500,24.9,56.4,KC-46A Pegasus,,,,False,mode_s
ae63ce,2026-09-27 03:08:22.093522,UNK C/S,21-46098,3737,38025,55.4,-133.7,KC-46A Pegasus,,,,False,mode_s
ae04d1,2026-09-27 03:08:22.093524,UNK C/S,63-7984,3447,9625,31.4,35.2,KC-135R Stratotanker,308,342,-1088,False,mode_s
ae035d,2026-09-27 03:08:22.093526,UNK C/S,58-0063,5331,22025,31.0,35.3,KC-135R Stratotanker,,,,False,mode_s
ae1458,2026-09-27 03:09:22.336498,RCH253,06-6154,3673,31000,40.886768,-118.473129,C-17A Globemaster,36,525,26,False,mlat
ae07a9,2026-09-27 03:09:22.336508,UNK C/S,59-1515,3521,22150,33.291695,-115.661819,KC-135R Stratotanker,282,364,64,False,adsb_icao
ae49c2,2026-09-27 03:09:22.336512,BANNR50,09-9206,6761,36000,38.552994,-114.471207,C-17A Globemaster,259,393,-64,False,adsb_icao
ae5f95,2026-09-27 03:09:22.336517,CABAL53,18-46042,1117,11500,37.693844,-97.390831,KC-46A Pegasus,2,345,1271,False,mlat
ae0812,2026-09-27 03:09:22.336520,RCH5039,00-0176,2117,34000,39.078781,-90.602577,C-17A Globemaster,280,449,0,False,adsb_icao
ae63ba,2026-09-27 03:09:22.336522,RCH5064,20-46078,1674,30500,36.710693,-88.25013,KC-46A Pegasus,60,490,1203,False,mlat
ae0803,2026-09-27 03:09:22.336526,RCH233,98-0057,0503,25000,40.143391,-73.606148,C-17A Globemaster,26,455,-704,False,adsb_icao
ae145a,2026-09-27 03:09:22.336529,RCH525,06-6156,5212,35000,51.986759,0.633135,C-17A Globemaster,80,503,0,False,mlat
ae123b,2026-09-27 03:09:22.336531,MOOSE58,04-4130,2241,36000,42.448868,23.77417,C-17A Globemaster,344,431,0,False,mlat
ae07f0,2026-09-27 03:09:22.336533,RCH553,96-0006,7420,35000,40.599586,24.562532,C-17A Globemaster,161,448,0,False,mlat
ae04ba,2026-09-27 03:09:22.336536,UNK C/S,58-0055,3134,19150,26.5222,128.061005,KC-135R Stratotanker,,,3458,False,mode_s
ae20c8,2026-09-27 03:09:22.336541,RCH640,07-7187,3606,1950,38.8,-75.6,C-17A Globemaster,,,,False,mode_s
ae20c2,2026-09-27 03:09:22.336544,MOOSE54,07-7181,0761,36000,37.1,27.0,C-17A Globemaster,309,446,-32,False,mode_s
ae080b,2026-09-27 03:09:22.336546,RCH205,99-0165,3301,33000,31.0,33.8,C-17A Globemaster,,,,False,mode_s
aed555,2026-09-27 03:09:22.336550,UNK C/S,19-46110,0713,24500,25.1,56.9,KC-46A Pegasus,,,,False,mode_s
ae63ce,2026-09-27 03:09:22.336554,UNK C/S,21-46098,3737,38000,55.4,-133.7,KC-46A Pegasus,,,,False,mode_s
ae04d1,2026-09-27 03:09:22.336557,UNK C/S,63-7984,3447,8550,31.5,35.1,KC-135R Stratotanker,308,330,-1440,False,mode_s
ae035d,2026-09-27 03:09:22.336559,UNK C/S,58-0063,5331,23000,31.8,36.3,KC-135R Stratotanker,,,,False,mode_s
ae07a9,2026-09-27 03:10:22.892152,UNK C/S,59-1515,3521,22150,33.253418,-115.763817,KC-135R Stratotanker,211,357,512,False,adsb_icao
ae49c2,2026-09-27 03:10:22.892162,BANNR50,09-9206,6761,36000,38.532124,-114.608337,C-17A Globemaster,258,389,0,False,adsb_icao
ae5f95,2026-09-27 03:10:22.892167,CABAL53,18-46042,1117,14025,37.801434,-97.388695,KC-46A Pegasus,358,410,3127,False,mlat
ae0812,2026-09-27 03:10:22.892170,RCH5039,00-0176,2117,34025,39.100807,-90.761047,C-17A Globemaster,279,450,64,False,adsb_icao
ae63ba,2026-09-27 03:10:22.892173,RCH5064,20-46078,1674,31500,36.784767,-88.098335,KC-46A Pegasus,60,497,930,False,mlat
ae20c8,2026-09-27 03:10:22.892176,RCH640,07-7187,3606,3075,39.21006,-75.399155,C-17A Globemaster,101,276,1190,False,mlat
ae0803,2026-09-27 03:10:22.892179,RCH233,98-0057,0503,25000,40.257259,-73.530556,C-17A Globemaster,27,457,448,False,adsb_icao
ae145a,2026-09-27 03:10:22.892182,RCH525,06-6156,5212,35000,52.002541,0.878904,C-17A Globemaster,83,526,0,False,mlat
ae123b,2026-09-27 03:10:22.892185,MOOSE58,04-4130,2241,36000,42.564053,23.733603,C-17A Globemaster,349,428,-11,False,mlat
ae07f0,2026-09-27 03:10:22.892186,RCH553,96-0006,7420,35000,40.48877,24.613764,C-17A Globemaster,161,432,0,False,mlat
ae04ba,2026-09-27 03:10:22.892191,UNK C/S,58-0055,3134,22100,26.9,128.2,KC-135R Stratotanker,,,,False,mode_s
ae20c2,2026-09-27 03:10:22.892195,MOOSE54,07-7181,0761,36000,36.9,27.4,C-17A Globemaster,309,442,32,False,mode_s
ae080b,2026-09-27 03:10:22.892197,RCH205,99-0165,3301,33000,31.1,33.5,C-17A Globemaster,,,,False,mode_s
ae5e0b,2026-09-27 03:10:22.892200,CABAL52,17-46030,Unavailable,Unavailable,37.7,-97.1,KC-46A Pegasus,,,,False,mode_s
ae1458,2026-09-27 03:10:22.892203,RCH253,06-6154,3673,31000,40.9,-118.5,C-17A Globemaster,,,,False,mode_s
aed555,2026-09-27 03:10:22.892206,UNK C/S,19-46110,0713,24500,24.8,56.5,KC-46A Pegasus,,,,False,mode_s
ae63ce,2026-09-27 03:10:22.892209,UNK C/S,21-46098,3737,38025,55.4,-133.7,KC-46A Pegasus,,,,False,mode_s
ae04d1,2026-09-27 03:10:22.892211,UNK C/S,63-7984,3447,7025,31.5,35.3,KC-135R Stratotanker,308,330,-1536,False,mode_s
ae035d,2026-09-27 03:10:22.892213,UNK C/S,58-0063,5331,23000,30.9,35.0,KC-135R Stratotanker,,,,False,mode_s
aed867,2026-09-27 03:11:23.109400,BOE124,23-46124,Unavailable,0,47.912498,-122.281158,KC-46A Pegasus,359,135,-704,False,other
ae07a9,2026-09-27 03:11:23.109410,UNK C/S,59-1515,3521,22150,33.155155,-115.759857,KC-135R Stratotanker,157,379,0,False,adsb_icao
ae49c2,2026-09-27 03:11:23.109414,BANNR50,09-9206,6761,36000,38.511337,-114.744316,C-17A Globemaster,258,392,-64,False,adsb_icao
ae5f95,2026-09-27 03:11:23.109419,CABAL53,18-46042,1117,16850,37.908577,-97.383827,KC-46A Pegasus,0,410,2661,False,mlat
ae5e0b,2026-09-27 03:11:23.109421,CABAL52,17-46030,1742,3400,37.586567,-97.277199,KC-46A Pegasus,195,180,3143,False,mlat
ae0812,2026-09-27 03:11:23.109424,RCH5039,00-0176,2117,34000,39.122456,-90.918823,C-17A Globemaster,279,449,64,False,adsb_icao
ae63ba,2026-09-27 03:11:23.109427,RCH5064,20-46078,1674,32550,36.855324,-87.950638,KC-46A Pegasus,59,500,1143,False,mlat
ae20c8,2026-09-27 03:11:23.109430,RCH640,07-7187,3606,5000,39.190788,-75.305496,C-17A Globemaster,105,267,2513,False,mlat
ae0803,2026-09-27 03:11:23.109433,RCH233,98-0057,0503,25000,40.369217,-73.455841,C-17A Globemaster,27,453,128,False,adsb_icao
ae145a,2026-09-27 03:11:23.109435,RCH525,06-6156,5212,35000,52.019154,1.105596,C-17A Globemaster,83,544,0,False,mlat
ae123b,2026-09-27 03:11:23.109438,MOOSE58,04-4130,2241,36000,42.675522,23.690018,C-17A Globemaster,344,414,36,False,mlat
ae07f0,2026-09-27 03:11:23.109440,RCH553,96-0006,7420,35000,40.375427,24.663572,C-17A Globemaster,162,429,0,False,mlat
ae04ba,2026-09-27 03:11:23.109444,UNK C/S,58-0055,3134,24750,26.9,128.1,KC-135R Stratotanker,,,,False,mode_s
ae20c2,2026-09-27 03:11:23.109447,MOOSE54,07-7181,0761,36000,37.1,27.0,C-17A Globemaster,309,436,-32,False,mode_s
ae080b,2026-09-27 03:11:23.109450,RCH205,99-0165,3301,33000,31.3,33.9,C-17A Globemaster,,,,False,mode_s
ae1458,2026-09-27 03:11:23.109453,RCH253,06-6154,3673,30975,41.2,-117.3,C-17A Globemaster,,,,False,mode_s
aed555,2026-09-27 03:11:23.109456,UNK C/S,19-46110,0713,24500,24.9,56.9,KC-46A Pegasus,,,,False,mode_s
ae63ce,2026-09-27 03:11:23.109460,UNK C/S,21-46098,3737,38025,55.4,-133.7,KC-46A Pegasus,,,,False,mode_s
ae04d1,2026-09-27 03:11:23.109462,UNK C/S,63-7984,3447,5975,31.9,35.4,KC-135R Stratotanker,303,316,-96,False,mode_s
ae035d,2026-09-27 03:11:23.109464,UNK C/S,58-0063,5331,23000,31.7,35.9,KC-135R Stratotanker,,,,False,mode_s
ae07a9,2026-09-27 03:12:23.382713,UNK C/S,59-1515,3521,22150,33.071777,-115.676971,KC-135R Stratotanker,128,396,-64,False,adsb_icao
ae49c2,2026-09-27 03:12:23.382722,BANNR50,09-9206,6761,36000,38.490368,-114.880005,C-17A Globemaster,258,388,0,False,adsb_icao
ae5f95,2026-09-27 03:12:23.382728,CABAL53,18-46042,1117,19375,38.025612,-97.379684,KC-46A Pegasus,3,435,2472,False,mlat
ae5e0b,2026-09-27 03:12:23.382730,CABAL52,17-46030,1742,5450,37.529282,-97.302544,KC-46A Pegasus,210,270,2081,False,mlat
ae0812,2026-09-27 03:12:23.382733,RCH5039,00-0176,2117,34000,39.143963,-91.077454,C-17A Globemaster,279,448,-64,False,adsb_icao
ae63ba,2026-09-27 03:12:23.382735,RCH5064,20-46078,1674,33000,36.927818,-87.800735,KC-46A Pegasus,64,479,0,False,mlat
ae20c8,2026-09-27 03:12:23.382739,RCH640,07-7187,3606,6475,39.172348,-75.211563,C-17A Globemaster,105,292,1887,False,mlat
ae0803,2026-09-27 03:12:23.382741,RCH233,98-0057,0503,25025,40.482285,-73.38031,C-17A Globemaster,27,453,2112,False,adsb_icao
ae145a,2026-09-27 03:12:23.382744,RCH525,06-6156,5212,35000,52.037457,1.355475,C-17A Globemaster,83,514,0,False,mlat
ae123b,2026-09-27 03:12:23.382746,MOOSE58,04-4130,2241,36000,42.793339,23.64506,C-17A Globemaster,345,419,0,False,mlat
ae07f0,2026-09-27 03:12:23.382748,RCH553,96-0006,7420,35000,40.258202,24.718128,C-17A Globemaster,162,431,0,False,mlat
ae04ba,2026-09-27 03:12:23.382754,UNK C/S,58-0055,3134,27200,27.0,128.0,KC-135R Stratotanker,,,,False,mode_s
ae20c2,2026-09-27 03:12:23.382757,MOOSE54,07-7181,0761,36000,37.1,27.0,C-17A Globemaster,309,440,64,False,mode_s
ae080b,2026-09-27 03:12:23.382760,RCH205,99-0165,3301,33000,31.0,33.9,C-17A Globemaster,,,,False,mode_s
ae1458,2026-09-27 03:12:23.382764,RCH253,06-6154,3673,31000,42.0,-117.1,C-17A Globemaster,,,,False,mode_s
aed555,2026-09-27 03:12:23.382767,UNK C/S,19-46110,0713,24500,24.9,56.5,KC-46A Pegasus,,,,False,mode_s
ae63ce,2026-09-27 03:12:23.382770,UNK C/S,21-46098,3737,38000,55.4,-133.7,KC-46A Pegasus,,,,False,mode_s
ae04d1,2026-09-27 03:12:23.382772,UNK C/S,63-7984,3447,6000,31.9,34.6,KC-135R Stratotanker,298,326,-64,False,mode_s
aed867,2026-09-27 03:13:23.646162,BOE124,23-46124,Unavailable,0,47.912498,-122.281158,KC-46A Pegasus,359,135,-704,False,other
ae07a9,2026-09-27 03:13:23.646171,UNK C/S,59-1515,3521,22125,33.002472,-115.573647,KC-135R Stratotanker,126,396,-256,False,adsb_icao
ae49c2,2026-09-27 03:13:23.646175,BANNR50,09-9206,6761,36000,38.469223,-115.015694,C-17A Globemaster,258,392,-128,False,adsb_icao
ae5e0b,2026-09-27 03:13:23.646179,CABAL52,17-46030,1742,8950,37.544838,-97.377556,KC-46A Pegasus,323,307,3394,False,mlat
ae5f95,2026-09-27 03:13:23.646182,CABAL53,18-46042,1117,21550,38.144714,-97.371437,KC-46A Pegasus,9,445,2010,False,mlat
ae0812,2026-09-27 03:13:23.646184,RCH5039,00-0176,2117,34000,39.165329,-91.236084,C-17A Globemaster,279,446,0,False,adsb_icao
ae63ba,2026-09-27 03:13:23.646187,RCH5064,20-46078,1674,33000,36.991524,-87.659744,KC-46A Pegasus,60,491,0,False,mlat
ae20c8,2026-09-27 03:13:23.646190,RCH640,07-7187,3606,8200,39.155197,-75.11441,C-17A Globemaster,104,294,1712,False,mlat
ae0803,2026-09-27 03:13:23.646193,RCH233,98-0057,0503,25000,40.595413,-73.304405,C-17A Globemaster,27,453,192,False,adsb_icao
ae145a,2026-09-27 03:13:23.646195,RCH525,06-6156,5212,35000,52.055672,1.592591,C-17A Globemaster,79,523,0,False,mlat
ae123b,2026-09-27 03:13:23.646198,MOOSE58,04-4130,2241,36000,42.898357,23.607258,C-17A Globemaster,344,412,0,False,mlat
ae07f0,2026-09-27 03:13:23.646201,RCH553,96-0006,7420,35000,40.14336,24.770924,C-17A Globemaster,161,427,0,False,mlat
ae04ba,2026-09-27 03:13:23.646205,UNK C/S,58-0055,3134,29375,27.0,128.0,KC-135R Stratotanker,,,,False,mode_s
ae20c2,2026-09-27 03:13:23.646208,MOOSE54,07-7181,0761,36000,36.9,27.4,C-17A Globemaster,309,438,-320,False,mode_s
ae080b,2026-09-27 03:13:23.646211,RCH205,99-0165,3301,33000,31.0,34.2,C-17A Globemaster,,,,False,mode_s
ae1458,2026-09-27 03:13:23.646215,RCH253,06-6154,3673,31000,42.5,-117.2,C-17A Globemaster,,,,False,mode_s
aed555,2026-09-27 03:13:23.646217,UNK C/S,19-46110,0713,24500,25.0,56.6,KC-46A Pegasus,,,,False,mode_s
ae63ce,2026-09-27 03:13:23.646220,UNK C/S,21-46098,3737,38000,55.4,-133.7,KC-46A Pegasus,,,,False,mode_s
ae04d1,2026-09-27 03:13:23.646222,UNK C/S,63-7984,3447,5000,31.9,34.1,KC-135R Stratotanker,298,310,-1856,False,mode_s
ae035d,2026-09-27 03:13:23.646225,UNK C/S,58-0063,5331,Unavailable,31.9,35.9,KC-135R Stratotanker,,,,False,mode_s
aed867,2026-09-27 03:14:23.917069,BOE124,23-46124,Unavailable,0,47.912498,-122.281158,KC-46A Pegasus,359,135,-704,False,other
ae07a9,2026-09-27 03:14:23.917079,UNK C/S,59-1515,3521,22125,32.980728,-115.44648,KC-135R Stratotanker,77,413,0,False,adsb_icao
ae49c2,2026-09-27 03:14:23.917082,BANNR50,09-9206,6761,36000,38.447819,-115.1521,C-17A Globemaster,258,397,0,False,adsb_icao
ae5e0b,2026-09-27 03:14:23.917086,CABAL52,17-46030,1742,11475,37.632393,-97.381638,KC-46A Pegasus,1,337,1577,False,mlat
ae5f95,2026-09-27 03:14:23.917089,CABAL53,18-46042,1117,23525,38.271301,-97.31353,KC-46A Pegasus,22,466,1902,False,mlat
ae0812,2026-09-27 03:14:23.917091,RCH5039,00-0176,2117,34000,39.186218,-91.39389,C-17A Globemaster,279,449,0,False,adsb_icao
ae63ba,2026-09-27 03:14:23.917094,RCH5064,20-46078,1674,33000,37.06683,-87.506348,KC-46A Pegasus,59,487,-42,False,mlat
ae20c8,2026-09-27 03:14:23.917097,RCH640,07-7187,3606,9700,39.154026,-75.011559,C-17A Globemaster,56,315,1359,False,mlat
ae0803,2026-09-27 03:14:23.917099,RCH233,98-0057,0503,23425,40.706116,-73.229309,C-17A Globemaster,27,441,-2048,False,adsb_icao
ae145a,2026-09-27 03:14:23.917101,RCH525,06-6156,5212,35000,52.070457,1.815227,C-17A Globemaster,84,532,0,False,mlat
ae123b,2026-09-27 03:14:23.917104,MOOSE58,04-4130,2241,36000,43.0112,23.562952,C-17A Globemaster,345,396,0,False,mlat
ae07f0,2026-09-27 03:14:23.917106,RCH553,96-0006,7420,35000,40.055054,24.810019,C-17A Globemaster,164,400,0,False,mlat
ae04ba,2026-09-27 03:14:23.917111,UNK C/S,58-0055,3134,31250,27.0,128.0,KC-135R Stratotanker,,,,False,mode_s
ae20c2,2026-09-27 03:14:23.917114,MOOSE54,07-7181,0761,36000,36.9,27.4,C-17A Globemaster,309,440,128,False,mode_s
ae080b,2026-09-27 03:14:23.917117,RCH205,99-0165,3301,33000,30.8,34.1,C-17A Globemaster,,,,False,mode_s
ae1458,2026-09-27 03:14:23.917120,RCH253,06-6154,3673,31000,42.5,-117.2,C-17A Globemaster,,,,False,mode_s
aed555,2026-09-27 03:14:23.917123,UNK C/S,19-46110,0713,24500,25.0,56.5,KC-46A Pegasus,,,,False,mode_s
ae63ce,2026-09-27 03:14:23.917126,UNK C/S,21-46098,3737,38000,55.4,-133.7,KC-46A Pegasus,,,,False,mode_s
ae0369,2026-09-27 03:14:23.917128,UNK C/S,63-8024,3273,2275,25.5,53.0,KC-135R Stratotanker,,,,False,mode_s
ae04d1,2026-09-27 03:14:23.917131,UNK C/S,63-7984,3447,3975,31.8,34.4,KC-135R Stratotanker,296,282,320,False,mode_s
aed867,2026-09-27 03:15:24.185810,BOE124,23-46124,Unavailable,0,47.912498,-122.281158,KC-46A Pegasus,359,135,-704,False,other
ae07a9,2026-09-27 03:15:24.185819,UNK C/S,59-1515,3521,22150,33.059399,-115.356949,KC-135R Stratotanker,11,404,-128,False,adsb_icao
ae49c2,2026-09-27 03:15:24.185823,BANNR50,09-9206,6761,36000,38.425827,-115.291122,C-17A Globemaster,258,395,-128,False,adsb_icao
ae5e0b,2026-09-27 03:15:24.185827,CABAL52,17-46030,1742,13550,37.740032,-97.37925,KC-46A Pegasus,1,390,2830,False,mlat
ae5f95,2026-09-27 03:15:24.185830,CABAL53,18-46042,1117,25325,38.391689,-97.251015,KC-46A Pegasus,22,490,1797,False,mlat
ae0812,2026-09-27 03:15:24.185832,RCH5039,00-0176,2117,34000,39.207184,-91.553368,C-17A Globemaster,279,452,64,False,adsb_icao
ae63ba,2026-09-27 03:15:24.185835,RCH5064,20-46078,1674,33000,37.131046,-87.366974,KC-46A Pegasus,60,478,0,False,mlat
ae20c8,2026-09-27 03:15:24.185838,RCH640,07-7187,3606,10625,39.193752,-74.917747,C-17A Globemaster,62,302,599,False,mlat
ae0803,2026-09-27 03:15:24.185841,RCH233,98-0057,0503,21400,40.813835,-73.156898,C-17A Globemaster,27,419,-1728,False,adsb_icao
ae145a,2026-09-27 03:15:24.185843,RCH525,06-6156,5212,35000,52.079441,2.048363,C-17A Globemaster,86,533,75,False,mlat
ae123b,2026-09-27 03:15:24.185846,MOOSE58,04-4130,2241,36000,43.122688,23.523558,C-17A Globemaster,346,395,0,False,mlat
ae07f0,2026-09-27 03:15:24.185848,RCH553,96-0006,7420,35000,39.9403,24.862013,C-17A Globemaster,160,448,0,False,mlat
ae04ba,2026-09-27 03:15:24.185852,UNK C/S,58-0055,3134,32950,26.9,128.1,KC-135R Stratotanker,,,,False,mode_s
ae20c2,2026-09-27 03:15:24.185855,MOOSE54,07-7181,0761,36000,37.1,27.0,C-17A Globemaster,309,438,32,False,mode_s
ae080b,2026-09-27 03:15:24.185858,RCH205,99-0165,3301,33000,31.0,33.3,C-17A Globemaster,,,,False,mode_s
ae1458,2026-09-27 03:15:24.185862,RCH253,06-6154,3673,31000,42.9,-116.2,C-17A Globemaster,,,,False,mode_s
aed555,2026-09-27 03:15:24.185865,UNK C/S,19-46110,0713,24500,25.1,57.1,KC-46A Pegasus,,,,False,mode_s
ae63ce,2026-09-27 03:15:24.185868,UNK C/S,21-46098,3737,38000,55.4,-133.7,KC-46A Pegasus,,,,False,mode_s
ae0369,2026-09-27 03:15:24.185870,UNK C/S,63-8024,3273,3700,25.4,50.7,KC-135R Stratotanker,,,,False,mode_s
ae04d1,2026-09-27 03:15:24.185873,UNK C/S,63-7984,3447,3475,31.3,34.1,KC-135R Stratotanker,223,234,-1536,False,mode_s
ae035d,2026-09-27 03:15:24.185875,UNK C/S,58-0063,6165,Unavailable,32.3,35.9,KC-135R Stratotanker,,,,False,mode_s
aed867,2026-09-27 03:16:24.435232,BOE124,23-46124,Unavailable,0,47.912498,-122.281158,KC-46A Pegasus,359,135,-704,False,other
ae49c2,2026-09-27 03:16:24.435242,BANNR50,09-9206,6761,36000,38.40406,-115.427261,C-17A Globemaster,258,395,-64,False,adsb_icao
ae07a9,2026-09-27 03:16:24.435245,UNK C/S,59-1515,3521,22150,33.15271,-115.405167,KC-135R Stratotanker,315,368,192,False,adsb_icao
ae5e0b,2026-09-27 03:16:24.435250,CABAL52,17-46030,1742,16525,37.844261,-97.378502,KC-46A Pegasus,1,403,2890,False,mlat
ae5f95,2026-09-27 03:16:24.435252,CABAL53,18-46042,1117,27000,38.522064,-97.267586,KC-46A Pegasus,330,495,1761,False,mlat
ae0812,2026-09-27 03:16:24.435255,RCH5039,00-0176,2117,34000,39.22794,-91.712646,C-17A Globemaster,279,450,0,False,adsb_icao
ae63ba,2026-09-27 03:16:24.435257,RCH5064,20-46078,1674,33000,37.197247,-87.221146,KC-46A Pegasus,57,481,0,False,mlat
ae20c8,2026-09-27 03:16:24.435261,RCH640,07-7187,3606,11200,39.237675,-74.81562,C-17A Globemaster,61,345,544,False,mlat
ae0803,2026-09-27 03:16:24.435263,RCH233,98-0057,0503,19875,40.917507,-73.094536,C-17A Globemaster,11,414,-1408,False,adsb_icao
ae145a,2026-09-27 03:16:24.435266,RCH525,06-6156,5212,35000,52.087185,2.29354,C-17A Globemaster,89,531,0,False,mlat
ae123b,2026-09-27 03:16:24.435268,MOOSE58,04-4130,2241,36000,43.227543,23.482952,C-17A Globemaster,344,397,0,False,mlat
ae07f0,2026-09-27 03:16:24.435271,RCH553,96-0006,7420,35000,39.83334,24.90955,C-17A Globemaster,162,429,0,False,mlat
ae04ba,2026-09-27 03:16:24.435275,UNK C/S,58-0055,3134,33000,26.9,128.1,KC-135R Stratotanker,,,,False,mode_s
ae20c2,2026-09-27 03:16:24.435278,MOOSE54,07-7181,0761,36025,36.6,27.8,C-17A Globemaster,309,432,96,False,mode_s
ae080b,2026-09-27 03:16:24.435281,RCH205,99-0165,3301,33000,30.7,34.0,C-17A Globemaster,,,,False,mode_s
ae1458,2026-09-27 03:16:24.435285,RCH253,06-6154,3673,31000,41.9,-117.1,C-17A Globemaster,,,,False,mode_s
aed555,2026-09-27 03:16:24.435288,UNK C/S,19-46110,0713,24500,25.1,57.5,KC-46A Pegasus,,,,False,mode_s
ae63ce,2026-09-27 03:16:24.435291,UNK C/S,21-46098,3737,38000,55.4,-133.7,KC-46A Pegasus,,,,False,mode_s
ae0369,2026-09-27 03:16:24.435293,UNK C/S,63-8024,3273,5125,25.2,50.6,KC-135R Stratotanker,,,,False,mode_s
ae04d1,2026-09-27 03:16:24.435296,UNK C/S,63-7984,3447,2475,31.6,34.0,KC-135R Stratotanker,214,236,-1216,False,mode_s
ae035d,2026-09-27 03:16:24.435298,UNK C/S,58-0063,6165,23000,33.2,36.0,KC-135R Stratotanker,,,,False,mode_s
ae49c2,2026-09-27 03:17:24.691932,BANNR50,09-9206,6761,36000,38.381947,-115.565308,C-17A Globemaster,258,393,64,False,adsb_icao
ae07a9,2026-09-27 03:17:24.691941,UNK C/S,59-1515,3521,22150,33.226334,-115.491028,KC-135R Stratotanker,315,368,0,False,adsb_icao
ae5e0b,2026-09-27 03:17:24.691947,CABAL52,17-46030,1742,19000,37.967361,-97.376686,KC-46A Pegasus,360,418,2357,False,mlat
ae5f95,2026-09-27 03:17:24.691949,CABAL53,18-46042,1117,28625,38.641209,-97.326508,KC-46A Pegasus,339,481,1643,False,mlat
ae0812,2026-09-27 03:17:24.691953,RCH5039,00-0176,2117,34000,39.24852,-91.873108,C-17A Globemaster,279,452,0,False,adsb_icao
ae63ba,2026-09-27 03:17:24.691955,RCH5064,20-46078,1674,33000,37.262833,-87.076385,KC-46A Pegasus,63,474,47,False,mlat
ae20c8,2026-09-27 03:17:24.691959,RCH640,07-7187,3606,11825,39.284767,-74.706718,C-17A Globemaster,61,341,658,False,mlat
ae0803,2026-09-27 03:17:24.691961,RCH233,98-0057,0503,18375,41.030956,-73.065575,C-17A Globemaster,10,409,-1600,False,adsb_icao
ae145a,2026-09-27 03:17:24.691964,RCH525,06-6156,5212,35000,52.094864,2.529329,C-17A Globemaster,87,531,0,False,mlat
ae123b,2026-09-27 03:17:24.691967,MOOSE58,04-4130,2241,36000,43.328545,23.445051,C-17A Globemaster,343,388,0,False,mlat
ae07f0,2026-09-27 03:17:24.691969,RCH553,96-0006,7420,35000,39.744221,24.950003,C-17A Globemaster,161,425,0,False,mlat
ae04ba,2026-09-27 03:17:24.691974,UNK C/S,58-0055,3134,33000,27.0,128.0,KC-135R Stratotanker,,,,False,mode_s
ae20c2,2026-09-27 03:17:24.691977,MOOSE54,07-7181,0761,36025,37.1,27.0,C-17A Globemaster,309,438,-544,False,mode_s
ae080b,2026-09-27 03:17:24.691980,RCH205,99-0165,3301,33000,30.5,33.8,C-17A Globemaster,,,,False,mode_s
ae1458,2026-09-27 03:17:24.691984,RCH253,06-6154,3673,30975,42.8,-116.7,C-17A Globemaster,,,,False,mode_s
aed555,2026-09-27 03:17:24.691987,UNK C/S,19-46110,0713,24500,25.2,57.8,KC-46A Pegasus,,,,False,mode_s
ae63ce,2026-09-27 03:17:24.691990,UNK C/S,21-46098,3737,38025,57.0,-134.7,KC-46A Pegasus,,,,False,mode_s
ae0369,2026-09-27 03:17:24.691992,UNK C/S,63-8024,3273,7825,25.3,50.1,KC-135R Stratotanker,,,,False,mode_s
ae04d1,2026-09-27 03:17:24.691994,UNK C/S,63-7984,3447,1950,31.5,33.8,KC-135R Stratotanker,,,-1536,False,mode_s
ae49c2,2026-09-27 03:18:24.933832,BANNR50,09-9206,6761,36000,38.35965,-115.702995,C-17A Globemaster,258,398,-128,False,adsb_icao
ae07a9,2026-09-27 03:18:24.933842,UNK C/S,59-1515,3521,22150,33.299835,-115.576065,KC-135R Stratotanker,315,366,64,False,adsb_icao
ae5f95,2026-09-27 03:18:24.933847,CABAL53,18-46042,1117,30850,38.769382,-97.392311,KC-46A Pegasus,338,473,2250,False,mlat
ae5e0b,2026-09-27 03:18:24.933849,CABAL52,17-46030,1742,21250,38.083096,-97.375656,KC-46A Pegasus,2,432,2126,False,mlat
ae0812,2026-09-27 03:18:24.933852,RCH5039,00-0176,2117,34000,39.268677,-92.031433,C-17A Globemaster,279,451,0,False,adsb_icao
ae63ba,2026-09-27 03:18:24.933855,RCH5064,20-46078,1674,33000,37.328789,-86.939384,KC-46A Pegasus,59,469,0,False,mlat
ae20c8,2026-09-27 03:18:24.933859,RCH640,07-7187,3606,13425,39.33342,-74.590546,C-17A Globemaster,62,359,1568,False,mlat
ae0803,2026-09-27 03:18:24.933862,RCH233,98-0057,0503,16875,41.141464,-73.03949,C-17A Globemaster,4,399,-1600,False,adsb_icao
ae145a,2026-09-27 03:18:24.933864,RCH525,06-6156,5212,35000,52.100346,2.770035,C-17A Globemaster,88,536,0,False,mlat
ae123b,2026-09-27 03:18:24.933867,MOOSE58,04-4130,2241,36000,43.441715,23.400766,C-17A Globemaster,346,466,0,False,mlat
ae07f0,2026-09-27 03:18:24.933869,RCH553,96-0006,7420,35000,39.595718,25.016399,C-17A Globemaster,160,439,0,False,mlat
ae04ba,2026-09-27 03:18:24.933874,UNK C/S,58-0055,3134,33000,26.9,128.1,KC-135R Stratotanker,,,,False,mode_s
ae20c2,2026-09-27 03:18:24.933876,MOOSE54,07-7181,0761,36000,37.1,27.0,C-17A Globemaster,309,438,64,False,mode_s
ae080b,2026-09-27 03:18:24.933879,RCH205,99-0165,3301,33000,30.3,33.9,C-17A Globemaster,,,,False,mode_s
ae1458,2026-09-27 03:18:24.933883,RCH253,06-6154,3673,31000,43.3,-116.6,C-17A Globemaster,,,,False,mode_s
aed555,2026-09-27 03:18:24.933886,UNK C/S,19-46110,0713,24500,25.1,57.1,KC-46A Pegasus,,,,False,mode_s
ae63ce,2026-09-27 03:18:24.933889,UNK C/S,21-46098,3737,38000,55.4,-133.7,KC-46A Pegasus,,,,False,mode_s
ae0369,2026-09-27 03:18:24.933891,UNK C/S,63-8024,3273,10500,25.5,51.0,KC-135R Stratotanker,,,,False,mode_s
ae04d1,2026-09-27 03:18:24.933894,UNK C/S,63-7984,3447,1100,31.8,34.0,KC-135R Stratotanker,,,,False,mode_s
ae49c2,2026-09-27 03:19:25.189113,BANNR50,09-9206,6761,36000,38.337399,-115.838829,C-17A Globemaster,258,393,0,False,adsb_icao
ae07a9,2026-09-27 03:19:25.189122,UNK C/S,59-1515,3521,22150,33.36562,-115.666191,KC-135R Stratotanker,294,355,64,False,adsb_icao
ae5f95,2026-09-27 03:19:25.189127,CABAL53,18-46042,1117,32650,38.887032,-97.451698,KC-46A Pegasus,338,454,1789,False,mlat
ae5e0b,2026-09-27 03:19:25.189129,CABAL52,17-46030,1742,23300,38.201878,-97.345482,KC-46A Pegasus,30,470,2014,False,mlat
ae0812,2026-09-27 03:19:25.189132,RCH5039,00-0176,2117,34000,39.288712,-92.19088,C-17A Globemaster,279,453,0,False,adsb_icao
ae63ba,2026-09-27 03:19:25.189135,RCH5064,20-46078,1674,33000,37.396053,-86.793701,KC-46A Pegasus,61,485,0,False,mlat
ae20c8,2026-09-27 03:19:25.189138,RCH640,07-7187,3606,14650,39.379524,-74.474358,C-17A Globemaster,69,385,1190,False,mlat
ae0803,2026-09-27 03:19:25.189141,RCH233,98-0057,0503,15375,41.242352,-73.103714,C-17A Globemaster,325,411,-1600,False,adsb_icao
ae145a,2026-09-27 03:19:25.189143,RCH525,06-6156,5212,35000,52.107384,2.979891,C-17A Globemaster,87,495,0,False,mlat
ae123b,2026-09-27 03:19:25.189146,MOOSE58,04-4130,2241,36000,43.545212,23.36132,C-17A Globemaster,343,401,0,False,mlat
ae07f0,2026-09-27 03:19:25.189148,RCH553,96-0006,7420,35000,39.490002,25.062243,C-17A Globemaster,161,433,0,False,mlat
ae04ba,2026-09-27 03:19:25.189153,UNK C/S,58-0055,3134,33000,26.9,128.1,KC-135R Stratotanker,,,,False,mode_s
ae20c2,2026-09-27 03:19:25.189156,MOOSE54,07-7181,0761,36000,36.9,27.4,C-17A Globemaster,309,440,160,False,mode_s
ae080b,2026-09-27 03:19:25.189158,RCH205,99-0165,3301,33000,30.6,33.8,C-17A Globemaster,,,,False,mode_s
ae1458,2026-09-27 03:19:25.189162,RCH253,06-6154,3673,31000,43.4,-117.0,C-17A Globemaster,,,,False,mode_s
aed555,2026-09-27 03:19:25.189165,UNK C/S,19-46110,0713,24500,25.1,57.1,KC-46A Pegasus,,,,False,mode_s
ae63ce,2026-09-27 03:19:25.189168,UNK C/S,21-46098,3737,38000,55.4,-133.7,KC-46A Pegasus,,,,False,mode_s
ae0369,2026-09-27 03:19:25.189170,UNK C/S,63-8024,3273,Unavailable,25.5,51.1,KC-135R Stratotanker,,,,False,mode_s
ae04d1,2026-09-27 03:19:25.189172,UNK C/S,63-7984,3447,375,31.9,34.5,KC-135R Stratotanker,,,,False,mode_s
ae49c2,2026-09-27 03:20:25.403466,BANNR50,09-9206,6761,36000,38.314911,-115.975861,C-17A Globemaster,258,396,0,False,adsb_icao
ae07a9,2026-09-27 03:20:25.403475,UNK C/S,59-1515,3521,22150,33.351059,-115.77475,KC-135R Stratotanker,231,344,-64,False,adsb_icao
ae5f95,2026-09-27 03:20:25.403479,CABAL53,18-46042,1117,34100,39.009102,-97.513565,KC-46A Pegasus,341,480,1264,False,mlat
ae5e0b,2026-09-27 03:20:25.403482,CABAL52,17-46030,1742,25075,38.325829,-97.286263,KC-46A Pegasus,22,469,1687,False,mlat
ae0812,2026-09-27 03:20:25.403485,RCH5039,00-0176,2117,34000,39.308945,-92.353523,C-17A Globemaster,279,453,0,False,adsb_icao
ae63ba,2026-09-27 03:20:25.403487,RCH5064,20-46078,1674,33000,37.461884,-86.652916,KC-46A Pegasus,55,510,0,False,mlat
ae20c8,2026-09-27 03:20:25.403490,RCH640,07-7187,3606,16075,39.404522,-74.342064,C-17A Globemaster,75,372,1541,False,mlat
ae0803,2026-09-27 03:20:25.403493,RCH233,98-0057,0503,13875,41.333591,-73.188171,C-17A Globemaster,325,390,-1664,False,adsb_icao
ae145a,2026-09-27 03:20:25.403495,RCH525,06-6156,5212,35000,52.072552,3.220998,C-17A Globemaster,117,521,0,False,mlat
ae123b,2026-09-27 03:20:25.403498,MOOSE58,04-4130,2241,36000,43.65749,23.318048,C-17A Globemaster,342,391,0,False,mlat
ae07f0,2026-09-27 03:20:25.403499,RCH553,96-0006,7420,35000,39.3592,25.121754,C-17A Globemaster,161,428,0,False,mlat
ae04ba,2026-09-27 03:20:25.403505,UNK C/S,58-0055,3134,33000,26.9,128.1,KC-135R Stratotanker,,,,False,mode_s
ae20c2,2026-09-27 03:20:25.403508,MOOSE54,07-7181,0761,36000,37.1,27.0,C-17A Globemaster,309,440,896,False,mode_s
ae080b,2026-09-27 03:20:25.403511,RCH205,99-0165,3301,33000,30.6,33.6,C-17A Globemaster,,,,False,mode_s
ae1458,2026-09-27 03:20:25.403515,RCH253,06-6154,3673,31000,43.0,-116.7,C-17A Globemaster,,,,False,mode_s
aed555,2026-09-27 03:20:25.403518,UNK C/S,19-46110,0713,24500,25.2,57.8,KC-46A Pegasus,,,,False,mode_s
ae63ce,2026-09-27 03:20:25.403521,UNK C/S,21-46098,3737,38000,57.0,-134.1,KC-46A Pegasus,,,,False,mode_s
ae0369,2026-09-27 03:20:25.403523,UNK C/S,63-8024,3273,14075,25.3,50.1,KC-135R Stratotanker,,,,False,mode_s
ae1458,2026-09-27 03:21:25.712240,RCH253,06-6154,3673,31000,42.30843,-117.048843,C-17A Globemaster,,,0,False,mlat
ae49c2,2026-09-27 03:21:25.712249,BANNR50,09-9206,6761,36000,38.292149,-116.112892,C-17A Globemaster,258,395,0,False,adsb_icao
ae07a9,2026-09-27 03:21:25.712253,UNK C/S,59-1515,3521,22150,33.260513,-115.808914,KC-135R Stratotanker,172,363,64,False,adsb_icao
ae5f95,2026-09-27 03:21:25.712258,CABAL53,18-46042,1117,35325,39.129662,-97.576492,KC-46A Pegasus,338,485,1171,False,mlat
ae5e0b,2026-09-27 03:21:25.712260,CABAL52,17-46030,1742,26725,38.453857,-97.242104,KC-46A Pegasus,3,502,1573,False,mlat
ae0812,2026-09-27 03:21:25.712263,RCH5039,00-0176,2117,34000,39.328674,-92.514259,C-17A Globemaster,278,454,0,False,adsb_icao
ae63ba,2026-09-27 03:21:25.712265,RCH5064,20-46078,1674,33000,37.528831,-86.504654,KC-46A Pegasus,61,452,0,False,mlat
ae20c8,2026-09-27 03:21:25.712268,RCH640,07-7187,3606,17250,39.431667,-74.207085,C-17A Globemaster,73,380,925,False,mlat
ae0803,2026-09-27 03:21:25.712271,RCH233,98-0057,0503,12375,41.421661,-73.27063,C-17A Globemaster,324,379,-1600,False,adsb_icao
ae145a,2026-09-27 03:21:25.712273,RCH525,06-6156,5212,35000,52.023533,3.450774,C-17A Globemaster,109,537,0,False,mlat
ae123b,2026-09-27 03:21:25.712275,MOOSE58,04-4130,2241,36000,43.767925,23.275654,C-17A Globemaster,347,411,0,False,mlat
ae07f0,2026-09-27 03:21:25.712277,RCH553,96-0006,7420,35000,39.264435,25.162745,C-17A Globemaster,162,437,0,False,mlat
ae20c2,2026-09-27 03:21:25.712282,MOOSE54,07-7181,0761,36000,36.9,27.4,C-17A Globemaster,309,438,-96,False,mode_s
ae080b,2026-09-27 03:21:25.712285,RCH205,99-0165,3301,33000,30.5,33.7,C-17A Globemaster,,,,False,mode_s
aed555,2026-09-27 03:21:25.712289,UNK C/S,19-46110,0713,24500,25.0,56.5,KC-46A Pegasus,,,,False,mode_s
ae63ce,2026-09-27 03:21:25.712292,UNK C/S,21-46098,3737,38000,55.4,-133.7,KC-46A Pegasus,,,,False,mode_s
ae0369,2026-09-27 03:21:25.712294,UNK C/S,63-8024,3273,16050,25.3,50.1,KC-135R Stratotanker,,,,False,mode_s
ae1458,2026-09-27 03:22:25.951556,RCH253,06-6154,3673,31000,42.428623,-116.924957,C-17A Globemaster,,,0,False,mlat
ae49c2,2026-09-27 03:22:25.951565,BANNR50,09-9206,6761,36000,38.269337,-116.24968,C-17A Globemaster,257,394,-64,False,adsb_icao
ae07a9,2026-09-27 03:22:25.951569,UNK C/S,59-1515,3521,22150,33.170975,-115.750748,KC-135R Stratotanker,135,384,0,False,adsb_icao
ae5f95,2026-09-27 03:22:25.951574,CABAL53,18-46042,1117,36025,39.253841,-97.639946,KC-46A Pegasus,337,460,392,False,mlat
ae5e0b,2026-09-27 03:22:25.951576,CABAL52,17-46030,1742,28375,38.58408,-97.301216,KC-46A Pegasus,336,478,1600,False,mlat
ae0812,2026-09-27 03:22:25.951579,RCH5039,00-0176,2117,34000,39.348221,-92.675049,C-17A Globemaster,278,451,0,False,adsb_icao
ae63ba,2026-09-27 03:22:25.951582,RCH5064,20-46078,1674,33000,37.597923,-86.351433,KC-46A Pegasus,62,482,-24,False,mlat
ae20c8,2026-09-27 03:22:25.951585,RCH640,07-7187,3606,18050,39.46035,-74.068161,C-17A Globemaster,78,406,889,False,mlat
ae0803,2026-09-27 03:22:25.951588,RCH233,98-0057,0503,11125,41.505371,-73.349579,C-17A Globemaster,324,364,-640,False,adsb_icao
ae145a,2026-09-27 03:22:25.951590,RCH525,06-6156,5212,35000,51.978874,3.662666,C-17A Globemaster,110,511,0,False,mlat
ae123b,2026-09-27 03:22:25.951593,MOOSE58,04-4130,2241,36000,43.870583,23.22875,C-17A Globemaster,336,404,0,False,mlat
ae07f0,2026-09-27 03:22:25.951595,RCH553,96-0006,7420,35000,39.152386,25.211363,C-17A Globemaster,161,438,0,False,mlat
ae04ba,2026-09-27 03:22:25.951600,UNK C/S,58-0055,3134,33000,26.9,128.1,KC-135R Stratotanker,,,,False,mode_s
ae20c2,2026-09-27 03:22:25.951603,MOOSE54,07-7181,0761,36000,36.4,28.1,C-17A Globemaster,309,438,-128,False,mode_s
ae080b,2026-09-27 03:22:25.951606,RCH205,99-0165,3301,33000,30.4,33.7,C-17A Globemaster,,,,False,mode_s
aed555,2026-09-27 03:22:25.951610,UNK C/S,19-46110,0713,24500,24.9,56.7,KC-46A Pegasus,,,,False,mode_s
ae63ce,2026-09-27 03:22:25.951613,UNK C/S,21-46098,3737,38000,55.4,-133.7,KC-46A Pegasus,,,,False,mode_s
ae0369,2026-09-27 03:22:25.951615,UNK C/S,63-8024,3273,18050,25.5,51.4,KC-135R Stratotanker,,,,False,mode_s
ae1458,2026-09-27 03:23:26.200763,RCH253,06-6154,3673,31000,42.549747,-116.797707,C-17A Globemaster,,,0,False,mlat
ae49c2,2026-09-27 03:23:26.200771,BANNR50,09-9206,6761,36000,38.246155,-116.387115,C-17A Globemaster,257,395,-64,False,adsb_icao
ae07a9,2026-09-27 03:23:26.200775,UNK C/S,59-1515,3521,22150,33.095894,-115.658066,KC-135R Stratotanker,133,389,0,False,adsb_icao
ae5f95,2026-09-27 03:23:26.200794,CABAL53,18-46042,1117,36000,39.37138,-97.700714,KC-46A Pegasus,338,470,0,False,mlat
ae5e0b,2026-09-27 03:23:26.200798,CABAL52,17-46030,1742,30625,38.704754,-97.359467,KC-46A Pegasus,338,471,2264,False,mlat
ae0812,2026-09-27 03:23:26.200803,RCH5039,00-0176,2117,34000,39.367355,-92.835365,C-17A Globemaster,278,451,0,False,adsb_icao
ae63ba,2026-09-27 03:23:26.200807,RCH5064,20-46078,1674,33000,37.66185,-86.209755,KC-46A Pegasus,60,466,0,False,mlat
ae20c8,2026-09-27 03:23:26.200812,RCH640,07-7187,3606,18800,39.488407,-73.93177,C-17A Globemaster,77,406,736,False,mlat
ae0803,2026-09-27 03:23:26.200816,RCH233,98-0057,0503,10575,41.537956,-73.473045,C-17A Globemaster,264,371,-832,False,adsb_icao
ae145a,2026-09-27 03:23:26.200819,RCH525,06-6156,5212,35000,51.930897,3.881324,C-17A Globemaster,111,525,0,False,mlat
ae123b,2026-09-27 03:23:26.200822,MOOSE58,04-4130,2241,36000,43.976036,23.166971,C-17A Globemaster,340,421,0,False,mlat
ae07f0,2026-09-27 03:23:26.200824,RCH553,96-0006,7420,35000,39.034969,25.261629,C-17A Globemaster,163,436,0,False,mlat
ae20c2,2026-09-27 03:23:26.200829,MOOSE54,07-7181,0761,36000,37.1,27.0,C-17A Globemaster,309,438,-32,False,mode_s
ae080b,2026-09-27 03:23:26.200832,RCH205,99-0165,3301,33000,30.3,33.8,C-17A Globemaster,,,,False,mode_s
aed555,2026-09-27 03:23:26.200836,UNK C/S,19-46110,0713,24225,24.8,56.4,KC-46A Pegasus,,,,False,mode_s
ae63ce,2026-09-27 03:23:26.200839,UNK C/S,21-46098,3737,38025,55.4,-133.7,KC-46A Pegasus,,,,False,mode_s
ae0369,2026-09-27 03:23:26.200841,UNK C/S,63-8024,3273,19100,25.4,51.3,KC-135R Stratotanker,,,,False,mode_s
ae1458,2026-09-27 03:24:26.448576,RCH253,06-6154,3673,31000,42.649368,-116.69529,C-17A Globemaster,36,511,0,False,mlat
ae49c2,2026-09-27 03:24:26.448585,BANNR50,09-9206,6761,36000,38.223019,-116.523445,C-17A Globemaster,257,401,64,False,adsb_icao
ae07a9,2026-09-27 03:24:26.448589,UNK C/S,59-1515,3521,22150,33.019501,-115.566925,KC-135R Stratotanker,138,389,-192,False,adsb_icao
ae5f95,2026-09-27 03:24:26.448593,CABAL53,18-46042,1117,36025,39.494301,-97.762901,KC-46A Pegasus,339,452,74,False,mlat
ae5e0b,2026-09-27 03:24:26.448596,CABAL52,17-46030,1742,32575,38.828732,-97.42292,KC-46A Pegasus,340,449,1758,False,mlat
ae0812,2026-09-27 03:24:26.448598,RCH5039,00-0176,2117,34000,39.386265,-92.994995,C-17A Globemaster,278,451,0,False,adsb_icao
ae63ba,2026-09-27 03:24:26.448601,RCH5064,20-46078,1674,33025,37.731739,-86.059372,KC-46A Pegasus,57,477,0,False,mlat
ae20c8,2026-09-27 03:24:26.448604,RCH640,07-7187,3606,19575,39.525772,-73.796745,C-17A Globemaster,61,415,725,False,mlat
ae0803,2026-09-27 03:24:26.448606,RCH233,98-0057,0503,9550,41.523468,-73.602097,C-17A Globemaster,255,335,-1024,False,adsb_icao
ae145a,2026-09-27 03:24:26.448609,RCH525,06-6156,5212,35000,51.885471,4.081948,C-17A Globemaster,109,499,0,False,mlat
ae123b,2026-09-27 03:24:26.448611,MOOSE58,04-4130,2241,36000,44.077785,23.106951,C-17A Globemaster,337,363,0,False,mlat
ae07f0,2026-09-27 03:24:26.448613,RCH553,96-0006,7420,35000,38.909161,25.31678,C-17A Globemaster,164,432,0,False,mlat
ae04ba,2026-09-27 03:24:26.448619,UNK C/S,58-0055,3134,Unavailable,26.9,128.1,KC-135R Stratotanker,,,,False,mode_s
ae20c2,2026-09-27 03:24:26.448622,MOOSE54,07-7181,0761,36000,37.1,27.0,C-17A Globemaster,309,430,0,False,mode_s
ae041e,2026-09-27 03:24:26.448625,UNK C/S,57-1487,Unavailable,Unavailable,32.6,36.9,KC-135R Stratotanker,,,,False,mode_s
aed555,2026-09-27 03:24:26.448628,UNK C/S,19-46110,0713,24000,25.0,56.4,KC-46A Pegasus,,,,False,mode_s
ae63ce,2026-09-27 03:24:26.448632,UNK C/S,21-46098,3737,38000,57.0,-134.1,KC-46A Pegasus,,,,False,mode_s
ae0369,2026-09-27 03:24:26.448634,UNK C/S,63-8024,3273,21450,25.0,52.0,KC-135R Stratotanker,,,,False,mode_s
ae49c2,2026-09-27 03:25:26.742475,BANNR50,09-9206,6761,36000,38.199188,-116.663002,C-17A Globemaster,257,402,-64,False,adsb_icao
ae1458,2026-09-27 03:25:26.742483,RCH253,06-6154,3673,31000,42.768322,-116.569962,C-17A Globemaster,39,522,0,False,mlat
ae07a9,2026-09-27 03:25:26.742487,UNK C/S,59-1515,3521,22150,32.951981,-115.466255,KC-135R Stratotanker,103,405,0,False,adsb_icao
ae5f95,2026-09-27 03:25:26.742492,CABAL53,18-46042,1117,36025,39.61272,-97.824715,KC-46A Pegasus,339,469,13,False,mlat
ae5e0b,2026-09-27 03:25:26.742494,CABAL52,17-46030,1742,34175,38.944595,-97.481178,KC-46A Pegasus,339,466,1416,False,mlat
ae0812,2026-09-27 03:25:26.742497,RCH5039,00-0176,2117,34000,39.405167,-93.156479,C-17A Globemaster,278,455,0,False,adsb_icao
ae63ba,2026-09-27 03:25:26.742499,RCH5064,20-46078,1674,33025,37.803062,-85.91993,KC-46A Pegasus,58,474,74,False,mlat
ae0803,2026-09-27 03:25:26.742503,RCH233,98-0057,0503,7950,41.500351,-73.720695,C-17A Globemaster,255,327,-1728,False,adsb_icao
ae20c8,2026-09-27 03:25:26.742505,RCH640,07-7187,3606,21000,39.586506,-73.669861,C-17A Globemaster,59,383,1002,False,mlat
ae145a,2026-09-27 03:25:26.742507,RCH525,06-6156,5212,35000,51.832874,4.319276,C-17A Globemaster,110,511,0,False,mlat
ae123b,2026-09-27 03:25:26.742509,MOOSE58,04-4130,2241,36000,44.179283,23.046684,C-17A Globemaster,337,441,0,False,mlat
ae07f0,2026-09-27 03:25:26.742511,RCH553,96-0006,7420,35000,38.786549,25.370199,C-17A Globemaster,161,429,0,False,mlat
ae04ba,2026-09-27 03:25:26.742517,UNK C/S,58-0055,3134,Unavailable,26.9,128.1,KC-135R Stratotanker,,,,False,mode_s
ae20c2,2026-09-27 03:25:26.742520,MOOSE54,07-7181,0761,36000,37.1,27.0,C-17A Globemaster,309,432,-96,False,mode_s
ae041e,2026-09-27 03:25:26.742523,UNK C/S,57-1487,6501,23000,32.3,37.0,KC-135R Stratotanker,254,402,0,False,mode_s
aed555,2026-09-27 03:25:26.742526,UNK C/S,19-46110,0713,24000,25.0,56.5,KC-46A Pegasus,,,,False,mode_s
ae63ce,2026-09-27 03:25:26.742530,UNK C/S,21-46098,3737,38000,55.4,-133.7,KC-46A Pegasus,,,,False,mode_s
ae0369,2026-09-27 03:25:26.742532,UNK C/S,63-8024,3273,22925,24.7,52.1,KC-135R Stratotanker,,,,False,mode_s
ae49c2,2026-09-27 03:26:26.994858,BANNR50,09-9206,6761,36000,38.175488,-116.800369,C-17A Globemaster,257,399,64,False,adsb_icao
ae1458,2026-09-27 03:26:26.994867,RCH253,06-6154,3673,31000,42.893475,-116.438248,C-17A Globemaster,38,520,0,False,mlat
ae07a9,2026-09-27 03:26:26.994871,UNK C/S,59-1515,3521,22125,32.999908,-115.352875,KC-135R Stratotanker,28,412,-128,False,adsb_icao
ae5f95,2026-09-27 03:26:26.994876,CABAL53,18-46042,1117,36025,39.724136,-97.881905,KC-46A Pegasus,338,454,0,False,mlat
ae5e0b,2026-09-27 03:26:26.994878,CABAL52,17-46030,1742,35350,39.064175,-97.542084,KC-46A Pegasus,340,456,1216,False,mlat
ae0812,2026-09-27 03:26:26.994881,RCH5039,00-0176,2117,34000,39.423798,-93.317749,C-17A Globemaster,278,456,0,False,adsb_icao
ae63ba,2026-09-27 03:26:26.994884,RCH5064,20-46078,1674,33000,37.872955,-85.77462,KC-46A Pegasus,58,475,0,False,mlat
ae0803,2026-09-27 03:26:26.994887,RCH233,98-0057,0503,6375,41.478607,-73.837112,C-17A Globemaster,256,320,-1600,False,adsb_icao
ae20c8,2026-09-27 03:26:26.994889,RCH640,07-7187,3606,21825,39.644207,-73.555618,C-17A Globemaster,56,392,716,False,mlat
ae145a,2026-09-27 03:26:26.994891,RCH525,06-6156,5212,35000,51.783512,4.53488,C-17A Globemaster,110,508,0,False,mlat
ae123b,2026-09-27 03:26:26.994894,MOOSE58,04-4130,2241,36000,44.289242,22.98148,C-17A Globemaster,337,411,0,False,mlat
ae07f0,2026-09-27 03:26:26.994897,RCH553,96-0006,7420,35000,38.696056,25.409678,C-17A Globemaster,162,435,0,False,mlat
ae20c2,2026-09-27 03:26:26.994901,MOOSE54,07-7181,0761,36000,38.1,25.0,C-17A Globemaster,309,430,320,False,mode_s
ae041e,2026-09-27 03:26:26.994905,UNK C/S,57-1487,6501,22525,32.7,36.9,KC-135R Stratotanker,253,384,-480,False,mode_s
aed555,2026-09-27 03:26:26.994909,UNK C/S,19-46110,0713,24000,24.8,56.6,KC-46A Pegasus,,,,False,mode_s
ae63ce,2026-09-27 03:26:26.994913,UNK C/S,21-46098,3737,38000,57.0,-134.1,KC-46A Pegasus,,,,False,mode_s
ae0369,2026-09-27 03:26:26.994915,UNK C/S,63-8024,3273,23000,24.8,53.9,KC-135R Stratotanker,,,,False,mode_s
ae49c2,2026-09-27 03:27:27.218975,BANNR50,09-9206,6761,36000,38.151421,-116.938957,C-17A Globemaster,257,403,-64,False,adsb_icao
ae1458,2026-09-27 03:27:27.218985,RCH253,06-6154,3673,31000,43.007347,-116.318161,C-17A Globemaster,38,533,0,False,mlat
ae07a9,2026-09-27 03:27:27.218989,UNK C/S,59-1515,3521,22150,33.099991,-115.379318,KC-135R Stratotanker,316,377,0,False,adsb_icao
ae5f95,2026-09-27 03:27:27.218994,CABAL53,18-46042,1117,36025,39.852226,-97.946289,KC-46A Pegasus,340,479,0,False,mlat
ae5e0b,2026-09-27 03:27:27.218996,CABAL52,17-46030,1742,36000,39.186634,-97.604584,KC-46A Pegasus,339,457,98,False,mlat
ae0812,2026-09-27 03:27:27.218999,RCH5039,00-0176,2117,34025,39.442455,-93.48053,C-17A Globemaster,278,455,0,False,adsb_icao
ae07d6,2026-09-27 03:27:27.219001,FAMUS88,92-3292,6201,1475,41.983181,-87.887939,C-17A Globemaster,93,151,2880,False,adsb_icao
ae63ba,2026-09-27 03:27:27.219003,RCH5064,20-46078,1674,33000,37.939194,-85.641083,KC-46A Pegasus,59,468,-1,False,mlat
ae0803,2026-09-27 03:27:27.219006,RCH233,98-0057,0503,4650,41.457561,-73.951851,C-17A Globemaster,254,324,-2560,False,adsb_icao
ae20c8,2026-09-27 03:27:27.219008,RCH640,07-7187,3606,22850,39.699284,-73.439796,C-17A Globemaster,58,389,984,False,mlat
ae145a,2026-09-27 03:27:27.219011,RCH525,06-6156,5212,35000,51.736691,4.738428,C-17A Globemaster,110,514,0,False,mlat
ae123b,2026-09-27 03:27:27.219014,MOOSE58,04-4130,2241,36000,44.392223,22.920795,C-17A Globemaster,336,408,0,False,mlat
ae07f0,2026-09-27 03:27:27.219016,RCH553,96-0006,7420,35000,38.632961,25.434952,C-17A Globemaster,161,432,0,False,mode_s
ae20c2,2026-09-27 03:27:27.219021,MOOSE54,07-7181,0761,36000,37.8,25.1,C-17A Globemaster,309,436,0,False,mode_s
ae041e,2026-09-27 03:27:27.219025,UNK C/S,57-1487,6501,22025,32.5,36.9,KC-135R Stratotanker,253,384,-512,False,mode_s
aed555,2026-09-27 03:27:27.219028,UNK C/S,19-46110,0713,24000,24.9,56.7,KC-46A Pegasus,,,,False,mode_s
ae63ce,2026-09-27 03:27:27.219032,UNK C/S,21-46098,3737,38000,55.4,-133.7,KC-46A Pegasus,,,,False,mode_s
ae0369,2026-09-27 03:27:27.219035,UNK C/S,63-8024,3273,23000,24.7,53.8,KC-135R Stratotanker,,,,False,mode_s
af3bca,2026-09-27 03:28:27.456976,HORSE60,19-46107,3770,1400,38.233784,-121.969055,KC-46A Pegasus,225,170,2665,False,mlat
ae49c2,2026-09-27 03:28:27.456985,BANNR50,09-9206,6761,36000,38.130707,-117.07885,C-17A Globemaster,261,404,192,False,adsb_icao
ae1458,2026-09-27 03:28:27.456989,RCH253,06-6154,3673,31000,43.124416,-116.194061,C-17A Globemaster,38,525,-39,False,mlat
ae07a9,2026-09-27 03:28:27.456992,UNK C/S,59-1515,3521,22150,33.17168,-115.470512,KC-135R Stratotanker,313,377,0,False,adsb_icao
ae5f95,2026-09-27 03:28:27.456996,CABAL53,18-46042,1117,36000,39.970158,-98.008545,KC-46A Pegasus,339,468,0,False,mlat
ae5e0b,2026-09-27 03:28:27.456999,CABAL52,17-46030,1742,36000,39.306274,-97.666893,KC-46A Pegasus,337,471,0,False,mlat
ae0812,2026-09-27 03:28:27.457002,RCH5039,00-0176,2117,34000,39.460556,-93.641968,C-17A Globemaster,278,453,-64,False,adsb_icao
ae07d6,2026-09-27 03:28:27.457004,FAMUS88,92-3292,6201,4025,41.955826,-87.853294,C-17A Globemaster,178,174,1216,False,adsb_icao
ae63ba,2026-09-27 03:28:27.457007,RCH5064,20-46078,1674,33000,38.011147,-85.492126,KC-46A Pegasus,53,512,-53,False,mlat
ae0803,2026-09-27 03:28:27.457010,RCH233,98-0057,0503,3700,41.430374,-74.062668,C-17A Globemaster,251,300,-1472,False,adsb_icao
ae20c8,2026-09-27 03:28:27.457012,RCH640,07-7187,3606,23525,39.756413,-73.320381,C-17A Globemaster,56,383,638,False,mlat
ae145a,2026-09-27 03:28:27.457015,RCH525,06-6156,5212,35000,51.685986,4.958403,C-17A Globemaster,112,503,0,False,mlat
ae123b,2026-09-27 03:28:27.457017,MOOSE58,04-4130,2241,36000,44.496254,22.859858,C-17A Globemaster,338,398,0,False,mlat
ae04ba,2026-09-27 03:28:27.457023,UNK C/S,58-0055,3134,Unavailable,27.1,128.3,KC-135R Stratotanker,,,,False,mode_s
ae20c2,2026-09-27 03:28:27.457026,MOOSE54,07-7181,0761,36000,37.1,27.0,C-17A Globemaster,309,438,-64,False,mode_s
ae041e,2026-09-27 03:28:27.457029,UNK C/S,57-1487,6501,21525,31.7,37.4,KC-135R Stratotanker,253,384,-384,False,mode_s
aed555,2026-09-27 03:28:27.457033,UNK C/S,19-46110,0713,24000,24.8,56.1,KC-46A Pegasus,,,,False,mode_s
ae07f0,2026-09-27 03:28:27.457035,RCH553,96-0006,7420,35000,37.8,25.1,C-17A Globemaster,,,,False,mode_s
ae63ce,2026-09-27 03:28:27.457038,UNK C/S,21-46098,3737,38025,55.4,-133.7,KC-46A Pegasus,,,,False,mode_s
ae0369,2026-09-27 03:28:27.457040,UNK C/S,63-8024,3273,23000,24.7,54.5,KC-135R Stratotanker,,,,False,mode_s
af3bca,2026-09-27 03:29:27.701887,HORSE60,19-46107,3770,2850,38.182156,-121.958809,KC-46A Pegasus,126,273,1466,False,mlat
ae49c2,2026-09-27 03:29:27.701896,BANNR50,09-9206,6761,36000,38.11446,-117.220062,C-17A Globemaster,261,398,-128,False,adsb_icao
ae1458,2026-09-27 03:29:27.701900,RCH253,06-6154,3673,31000,43.235966,-116.075157,C-17A Globemaster,38,519,0,False,mlat
ae07a9,2026-09-27 03:29:27.701903,UNK C/S,59-1515,3521,22150,33.249611,-115.556107,KC-135R Stratotanker,320,382,0,False,adsb_icao
ae5f95,2026-09-27 03:29:27.701907,CABAL53,18-46042,1117,36000,40.082737,-98.065796,KC-46A Pegasus,338,468,0,False,mlat
ae5e0b,2026-09-27 03:29:27.701909,CABAL52,17-46030,1742,36000,39.426983,-97.729042,KC-46A Pegasus,338,465,-64,False,mlat
ae0812,2026-09-27 03:29:27.701912,RCH5039,00-0176,2117,34000,39.478638,-93.804672,C-17A Globemaster,278,454,-192,False,adsb_icao
ae07d6,2026-09-27 03:29:27.701915,FAMUS88,92-3292,6201,5800,41.891987,-87.849174,C-17A Globemaster,176,266,2944,False,adsb_icao
ae63ba,2026-09-27 03:29:27.701917,RCH5064,20-46078,1674,33000,38.07729,-85.355995,KC-46A Pegasus,55,463,0,False,mlat
ae0803,2026-09-27 03:29:27.701920,RCH233,98-0057,0503,3175,41.404491,-74.162758,C-17A Globemaster,250,263,-640,False,adsb_icao
ae20c8,2026-09-27 03:29:27.701922,RCH640,07-7187,3606,24350,39.828926,-73.196884,C-17A Globemaster,53,388,938,False,mlat
ae07d7,2026-09-27 03:29:27.701926,RCH215,92-3293,Unavailable,32000,49.85527,-50.598186,C-17A Globemaster,249,373,,False,adsb_icao
ae145a,2026-09-27 03:29:27.701928,RCH525,06-6156,5212,35000,51.635246,5.172435,C-17A Globemaster,111,502,0,False,mlat
ae123b,2026-09-27 03:29:27.701931,MOOSE58,04-4130,2241,36000,44.59436,22.800325,C-17A Globemaster,336,418,0,False,mlat
ae20c2,2026-09-27 03:29:27.701936,MOOSE54,07-7181,0761,36000,38.1,25.1,C-17A Globemaster,308,442,-64,False,mode_s
ae041e,2026-09-27 03:29:27.701939,UNK C/S,57-1487,6501,21025,32.5,37.0,KC-135R Stratotanker,260,382,-192,False,mode_s
aed555,2026-09-27 03:29:27.701943,UNK C/S,19-46110,0713,24000,24.8,55.8,KC-46A Pegasus,,,,False,mode_s
ae07f0,2026-09-27 03:29:27.701945,RCH553,96-0006,7420,35000,37.6,25.1,C-17A Globemaster,,,,False,mode_s
ae63ce,2026-09-27 03:29:27.701949,UNK C/S,21-46098,3737,38000,57.0,-134.1,KC-46A Pegasus,,,,False,mode_s
ae0369,2026-09-27 03:29:27.701951,UNK C/S,63-8024,3273,23000,24.6,54.5,KC-135R Stratotanker,,,,False,mode_s
af3bca,2026-09-27 03:30:27.953550,HORSE60,19-46107,3770,4975,38.172993,-121.864716,KC-46A Pegasus,93,275,2601,False,mlat
ae49c2,2026-09-27 03:30:27.953559,BANNR50,09-9206,6761,36025,38.09848,-117.358116,C-17A Globemaster,261,399,64,False,adsb_icao
ae1458,2026-09-27 03:30:27.953563,RCH253,06-6154,3673,31000,43.354294,-115.947426,C-17A Globemaster,38,523,0,False,mlat
ae07a9,2026-09-27 03:30:27.953566,UNK C/S,59-1515,3521,22150,33.331867,-115.63755,KC-135R Stratotanker,322,384,-64,False,adsb_icao
ae5f95,2026-09-27 03:30:27.953571,CABAL53,18-46042,1117,36000,40.216217,-98.135536,KC-46A Pegasus,339,467,0,False,mlat
ae5e0b,2026-09-27 03:30:27.953573,CABAL52,17-46030,2454,36000,39.542854,-97.788399,KC-46A Pegasus,338,462,-60,False,mlat
ae0812,2026-09-27 03:30:27.953576,RCH5039,00-0176,2117,34000,39.496269,-93.965088,C-17A Globemaster,278,457,160,False,adsb_icao
ae07d6,2026-09-27 03:30:27.953579,FAMUS88,92-3292,6201,9425,41.815083,-87.84259,C-17A Globemaster,176,280,3904,False,adsb_icao
ae63ba,2026-09-27 03:30:27.953581,RCH5064,20-46078,1674,33000,38.150959,-85.206306,KC-46A Pegasus,59,504,25,False,mlat
ae0803,2026-09-27 03:30:27.953584,RCH233,98-0057,0503,3100,41.381378,-74.252502,C-17A Globemaster,263,255,320,False,adsb_icao
ae20c8,2026-09-27 03:30:27.953587,RCH640,07-7187,3606,25050,39.886505,-73.055855,C-17A Globemaster,61,424,617,False,mlat
ae145a,2026-09-27 03:30:27.953590,RCH525,06-6156,5212,35000,51.587303,5.379975,C-17A Globemaster,110,506,0,False,mlat
ae123b,2026-09-27 03:30:27.953592,MOOSE58,04-4130,2241,36000,44.697128,22.73889,C-17A Globemaster,338,410,0,False,mlat
ae07f0,2026-09-27 03:30:27.953594,RCH553,96-0006,7420,35000,38.305107,25.5739,C-17A Globemaster,163,429,0,False,mode_s
aed555,2026-09-27 03:30:27.953597,UNK C/S,19-46110,0713,24000,24.927874,56.976681,KC-46A Pegasus,,,0,False,mlat
ae20c2,2026-09-27 03:30:27.953603,MOOSE54,07-7181,0761,36000,37.1,27.0,C-17A Globemaster,335,478,0,False,mode_s
ae041e,2026-09-27 03:30:27.953606,UNK C/S,57-1487,6501,21025,32.3,37.0,KC-135R Stratotanker,260,392,-32,False,mode_s
ae63ce,2026-09-27 03:30:27.953610,UNK C/S,21-46098,3737,38025,58.1,-133.8,KC-46A Pegasus,,,,False,mode_s
af3bca,2026-09-27 03:31:28.210877,HORSE60,19-46107,3770,7650,38.160423,-121.768913,KC-46A Pegasus,114,283,2590,False,mlat
ae49c2,2026-09-27 03:31:28.210887,BANNR50,09-9206,6761,36000,38.082291,-117.495193,C-17A Globemaster,261,398,320,False,adsb_icao
ae1458,2026-09-27 03:31:28.210890,RCH253,06-6154,3673,31000,43.462322,-115.829323,C-17A Globemaster,39,532,0,False,mlat
ae07a9,2026-09-27 03:31:28.210894,UNK C/S,59-1515,3521,22150,33.383167,-115.736427,KC-135R Stratotanker,264,357,0,False,adsb_icao
ae5f95,2026-09-27 03:31:28.210898,CABAL53,18-46042,1117,36000,40.333328,-98.198761,KC-46A Pegasus,337,447,0,False,mlat
ae5e0b,2026-09-27 03:31:28.210900,CABAL52,17-46030,2454,36000,39.668976,-97.853973,KC-46A Pegasus,338,475,13,False,mlat
ae0812,2026-09-27 03:31:28.210903,RCH5039,00-0176,2117,34000,39.533417,-94.123047,C-17A Globemaster,289,462,0,False,adsb_icao
ae07d6,2026-09-27 03:31:28.210906,FAMUS88,92-3292,6201,12250,41.73999,-87.81147,C-17A Globemaster,149,311,1920,False,adsb_icao
ae63ba,2026-09-27 03:31:28.210908,RCH5064,20-46078,1674,33000,38.217117,-85.066605,KC-46A Pegasus,60,475,7,False,mlat
ae0803,2026-09-27 03:31:28.210911,RCH233,98-0057,0503,3125,41.39183,-74.332413,C-17A Globemaster,331,166,576,False,adsb_icao
ae20c8,2026-09-27 03:31:28.210914,RCH640,07-7187,3606,25750,39.948322,-72.942551,C-17A Globemaster,53,401,266,False,mlat
ae145a,2026-09-27 03:31:28.210916,RCH525,06-6156,5212,35000,51.5354,5.595811,C-17A Globemaster,110,513,0,False,mlat
ae123b,2026-09-27 03:31:28.210919,MOOSE58,04-4130,2241,36000,44.80901,22.671204,C-17A Globemaster,336,418,0,False,mlat
aed555,2026-09-27 03:31:28.210921,UNK C/S,19-46110,0713,24000,24.946365,56.853123,KC-46A Pegasus,,,0,False,mlat
ae20c2,2026-09-27 03:31:28.210926,MOOSE54,07-7181,0761,36000,37.1,27.0,C-17A Globemaster,337,480,64,False,mode_s
ae041e,2026-09-27 03:31:28.210929,UNK C/S,57-1487,6501,21000,32.1,37.2,KC-135R Stratotanker,260,398,64,False,mode_s
ae07f0,2026-09-27 03:31:28.210933,RCH553,96-0006,7420,35000,37.3,25.4,C-17A Globemaster,,,,False,mode_s
ae63ce,2026-09-27 03:31:28.210936,UNK C/S,21-46098,3737,38025,57.0,-134.1,KC-46A Pegasus,,,,False,mode_s
af3bca,2026-09-27 03:32:28.438019,HORSE60,19-46107,3770,10100,38.097202,-121.711708,KC-46A Pegasus,155,284,2328,False,mlat
ae49c2,2026-09-27 03:32:28.438028,BANNR50,09-9206,6761,36000,38.065533,-117.636169,C-17A Globemaster,261,397,-128,False,adsb_icao
ae07a9,2026-09-27 03:32:28.438032,UNK C/S,59-1515,3521,22150,33.320206,-115.82045,KC-135R Stratotanker,198,359,0,False,adsb_icao
ae1458,2026-09-27 03:32:28.438035,RCH253,06-6154,3673,31000,43.587288,-115.695145,C-17A Globemaster,38,527,43,False,mlat
ae5f95,2026-09-27 03:32:28.438039,CABAL53,18-46042,1117,36025,40.447914,-98.271294,KC-46A Pegasus,330,457,15,False,mlat
ae5e0b,2026-09-27 03:32:28.438042,CABAL52,17-46030,2454,36000,39.76825,-97.914101,KC-46A Pegasus,334,449,0,False,mlat
ae0812,2026-09-27 03:32:28.438045,RCH5039,00-0176,2117,34000,39.575642,-94.280334,C-17A Globemaster,289,461,64,False,adsb_icao
ae07d6,2026-09-27 03:32:28.438048,FAMUS88,92-3292,6201,14500,41.65913,-87.749466,C-17A Globemaster,150,354,2432,False,adsb_icao
ae63ba,2026-09-27 03:32:28.438051,RCH5064,20-46078,1674,33000,38.287922,-84.923149,KC-46A Pegasus,58,481,0,False,mlat
ae0803,2026-09-27 03:32:28.438053,RCH233,98-0057,0503,3000,41.43187,-74.353531,C-17A Globemaster,23,137,-448,False,adsb_icao
ae20c8,2026-09-27 03:32:28.438056,RCH640,07-7187,3606,26000,40.005264,-72.814232,C-17A Globemaster,58,445,392,False,mlat
ae145a,2026-09-27 03:32:28.438058,RCH525,06-6156,5212,35000,51.48563,5.803534,C-17A Globemaster,112,492,0,False,mlat
ae123b,2026-09-27 03:32:28.438061,MOOSE58,04-4130,2241,36000,44.905888,22.613403,C-17A Globemaster,336,410,0,False,mlat
ae20c2,2026-09-27 03:32:28.438065,MOOSE54,07-7181,0761,36000,37.8,25.1,C-17A Globemaster,337,476,0,False,mode_s
ae041e,2026-09-27 03:32:28.438069,UNK C/S,57-1487,6501,21000,31.8,36.5,KC-135R Stratotanker,244,398,0,False,mode_s
aed555,2026-09-27 03:32:28.438072,UNK C/S,19-46110,0713,24000,24.3,55.7,KC-46A Pegasus,,,,False,mode_s
ae07f0,2026-09-27 03:32:28.438074,RCH553,96-0006,7420,35000,37.1,24.6,C-17A Globemaster,,,,False,mode_s
ae63ce,2026-09-27 03:32:28.438078,UNK C/S,21-46098,3737,38025,55.4,-133.7,KC-46A Pegasus,,,,False,mode_s
af3bca,2026-09-27 03:33:28.689646,HORSE60,19-46107,3770,11400,38.019272,-121.667213,KC-46A Pegasus,165,350,783,False,mlat
ae49c2,2026-09-27 03:33:28.689654,BANNR50,09-9206,6761,36000,38.04863,-117.774956,C-17A Globemaster,261,397,64,False,adsb_icao
ae07a9,2026-09-27 03:33:28.689658,UNK C/S,59-1515,3521,22150,33.226101,-115.782112,KC-135R Stratotanker,139,382,,False,adsb_icao
ae1458,2026-09-27 03:33:28.689661,RCH253,06-6154,3673,31000,43.704552,-115.567574,C-17A Globemaster,39,537,0,False,mlat
ae5f95,2026-09-27 03:33:28.689665,CABAL53,18-46042,1117,36025,40.56649,-98.346146,KC-46A Pegasus,333,474,0,False,mlat
ae5e0b,2026-09-27 03:33:28.689667,CABAL52,17-46030,2454,36000,39.889679,-97.996918,KC-46A Pegasus,331,458,0,False,mlat
ae0812,2026-09-27 03:33:28.689670,RCH5039,00-0176,2117,34000,39.618118,-94.439613,C-17A Globemaster,289,463,0,False,adsb_icao
ae07d6,2026-09-27 03:33:28.689673,FAMUS88,92-3292,6201,17175,41.56966,-87.681313,C-17A Globemaster,150,374,2688,False,adsb_icao
ae63ba,2026-09-27 03:33:28.689675,RCH5064,20-46078,1674,33000,38.356743,-84.775795,KC-46A Pegasus,58,458,-29,False,mlat
ae0803,2026-09-27 03:33:28.689678,RCH233,98-0057,0503,2400,41.455948,-74.313705,C-17A Globemaster,41,140,-192,False,adsb_icao
ae20c8,2026-09-27 03:33:28.689680,RCH640,07-7187,3606,26100,40.071171,-72.672157,C-17A Globemaster,59,438,94,False,mlat
ae145a,2026-09-27 03:33:28.689683,RCH525,06-6156,5212,34225,51.395412,5.955799,C-17A Globemaster,151,443,-927,False,mlat
ae123b,2026-09-27 03:33:28.689685,MOOSE58,04-4130,2241,36000,45.013321,22.54855,C-17A Globemaster,337,412,0,False,mlat
aed555,2026-09-27 03:33:28.689687,UNK C/S,19-46110,0713,24000,24.965015,56.612209,KC-46A Pegasus,,,0,False,mlat
ae20c2,2026-09-27 03:33:28.689692,MOOSE54,07-7181,0761,36000,36.8,23.0,C-17A Globemaster,337,472,0,False,mode_s
ae041e,2026-09-27 03:33:28.689695,UNK C/S,57-1487,6501,21000,31.4,36.1,KC-135R Stratotanker,242,396,64,False,mode_s
ae07f0,2026-09-27 03:33:28.689699,RCH553,96-0006,7420,35000,37.4,25.1,C-17A Globemaster,,,,False,mode_s
ae63ce,2026-09-27 03:33:28.689702,UNK C/S,21-46098,3737,38000,58.6,-141.9,KC-46A Pegasus,,,,False,mode_s
af3bca,2026-09-27 03:34:28.920676,HORSE60,19-46107,3770,13325,37.916756,-121.650742,KC-46A Pegasus,171,401,2706,False,mlat
ae49c2,2026-09-27 03:34:28.920685,BANNR50,09-9206,6761,36000,38.03178,-117.913811,C-17A Globemaster,261,400,-64,False,adsb_icao
ae07a9,2026-09-27 03:34:28.920690,UNK C/S,59-1515,3521,22150,33.144356,-115.701393,KC-135R Stratotanker,140,382,,False,adsb_icao
ae1458,2026-09-27 03:34:28.920693,RCH253,06-6154,3673,31000,43.812477,-115.449257,C-17A Globemaster,39,534,0,False,mlat
ae5f95,2026-09-27 03:34:28.920697,CABAL53,18-46042,1117,36000,40.680752,-98.419044,KC-46A Pegasus,334,463,0,False,mlat
ae5e0b,2026-09-27 03:34:28.920700,CABAL52,17-46030,2454,36000,40.007069,-98.080818,KC-46A Pegasus,331,464,4,False,mlat
ae0812,2026-09-27 03:34:28.920703,RCH5039,00-0176,2117,34000,39.659821,-94.596283,C-17A Globemaster,288,465,-32,False,adsb_icao
ae07d6,2026-09-27 03:34:28.920706,FAMUS88,92-3292,6201,19175,41.475807,-87.610344,C-17A Globemaster,150,400,1984,False,adsb_icao
ae63ba,2026-09-27 03:34:28.920708,RCH5064,20-46078,1674,33000,38.425213,-84.630898,KC-46A Pegasus,60,471,7,False,mlat
ae0803,2026-09-27 03:34:28.920711,RCH233,98-0057,0503,2400,41.478928,-74.270515,C-17A Globemaster,78,156,0,False,adsb_icao
ae20c8,2026-09-27 03:34:28.920714,RCH640,07-7187,3606,26575,40.129986,-72.540039,C-17A Globemaster,61,410,389,False,mlat
ae07d7,2026-09-27 03:34:28.920718,RCH215,92-3293,0707,32000,49.652115,-51.410378,C-17A Globemaster,248,379,-96,False,adsb_icao
ae145a,2026-09-27 03:34:28.920720,RCH525,06-6156,5212,32825,51.285374,6.089142,C-17A Globemaster,143,487,-1565,False,mlat
ae123b,2026-09-27 03:34:28.920723,MOOSE58,04-4130,2241,36000,45.130005,22.476418,C-17A Globemaster,336,408,0,False,mlat
aed555,2026-09-27 03:34:28.920725,UNK C/S,19-46110,0713,24000,24.979521,56.442581,KC-46A Pegasus,,,0,False,mlat
ae20c2,2026-09-27 03:34:28.920732,MOOSE54,07-7181,0761,36000,38.1,25.2,C-17A Globemaster,337,476,-64,False,mode_s
ae041e,2026-09-27 03:34:28.920735,UNK C/S,57-1487,6501,21000,31.3,34.3,KC-135R Stratotanker,203,386,-128,False,mode_s
ae07f0,2026-09-27 03:34:28.920738,RCH553,96-0006,7420,35000,38.0,25.9,C-17A Globemaster,,,,False,mode_s
ae63ce,2026-09-27 03:34:28.920742,UNK C/S,21-46098,3737,38000,58.1,-133.8,KC-46A Pegasus,,,,False,mode_s
af3bca,2026-09-27 03:35:29.179507,HORSE60,19-46107,3770,17025,37.80835,-121.630539,KC-46A Pegasus,169,384,4810,False,mlat
ae49c2,2026-09-27 03:35:29.179516,BANNR50,09-9206,6761,36000,38.014481,-118.054581,C-17A Globemaster,261,404,-256,False,adsb_icao
ae07a9,2026-09-27 03:35:29.179519,UNK C/S,59-1515,3521,22150,33.061798,-115.619568,KC-135R Stratotanker,140,382,,False,adsb_icao
ae1458,2026-09-27 03:35:29.179522,RCH253,06-6154,3673,31000,43.928074,-115.322014,C-17A Globemaster,38,525,0,False,mlat
ae5f95,2026-09-27 03:35:29.179526,CABAL53,18-46042,1117,36025,40.796452,-98.4916,KC-46A Pegasus,334,470,73,False,mlat
ae5e0b,2026-09-27 03:35:29.179528,CABAL52,17-46030,2454,36000,40.123489,-98.163918,KC-46A Pegasus,330,464,0,False,mlat
ae0812,2026-09-27 03:35:29.179532,RCH5039,00-0176,2117,34000,39.702168,-94.756714,C-17A Globemaster,288,465,96,False,adsb_icao
ae07d6,2026-09-27 03:35:29.179534,FAMUS88,92-3292,6201,21100,41.36792,-87.562744,C-17A Globemaster,172,424,1984,False,adsb_icao
ae63ba,2026-09-27 03:35:29.179536,RCH5064,20-46078,1674,33000,38.492836,-84.487946,KC-46A Pegasus,59,468,0,False,mlat
ae0803,2026-09-27 03:35:29.179539,RCH233,98-0057,0503,1975,41.487122,-74.217079,C-17A Globemaster,76,115,-704,False,adsb_icao
ae20c8,2026-09-27 03:35:29.179541,RCH640,07-7187,3606,27100,40.200085,-72.394905,C-17A Globemaster,61,439,610,False,mlat
ae145a,2026-09-27 03:35:29.179544,RCH525,06-6156,5212,31350,51.182686,6.213025,C-17A Globemaster,141,468,-1494,False,mlat
ae123b,2026-09-27 03:35:29.179546,MOOSE58,04-4130,2241,36000,45.225292,22.419245,C-17A Globemaster,338,412,0,False,mlat
aed555,2026-09-27 03:35:29.179548,UNK C/S,19-46110,0713,24000,25.002672,56.326935,KC-46A Pegasus,277,420,0,False,mlat
ae20c2,2026-09-27 03:35:29.179553,MOOSE54,07-7181,0761,36000,37.8,25.1,C-17A Globemaster,337,476,-96,False,mode_s
ae041e,2026-09-27 03:35:29.179556,UNK C/S,57-1487,6501,21000,31.4,35.6,KC-135R Stratotanker,238,382,0,False,mode_s
ae07f0,2026-09-27 03:35:29.179560,RCH553,96-0006,7420,35000,38.3,25.8,C-17A Globemaster,,,,False,mode_s
ae63ce,2026-09-27 03:35:29.179564,UNK C/S,21-46098,3737,38000,57.0,-134.0,KC-46A Pegasus,,,,False,mode_s
af3bca,2026-09-27 03:36:29.412536,HORSE60,19-46107,3770,19000,37.710411,-121.609123,KC-46A Pegasus,173,398,1137,False,mlat
ae49c2,2026-09-27 03:36:29.412545,BANNR50,09-9206,6761,36000,37.997005,-118.19516,C-17A Globemaster,260,406,64,False,adsb_icao
ae07a9,2026-09-27 03:36:29.412549,UNK C/S,59-1515,3521,22150,32.980774,-115.538986,KC-135R Stratotanker,139,383,,False,adsb_icao
ae1458,2026-09-27 03:36:29.412552,RCH253,06-6154,3673,31000,44.045864,-115.191917,C-17A Globemaster,38,530,0,False,mlat
ae5f95,2026-09-27 03:36:29.412556,CABAL53,18-46042,1117,36000,40.910339,-98.56517,KC-46A Pegasus,334,450,0,False,mlat
ae5e0b,2026-09-27 03:36:29.412559,CABAL52,17-46030,2454,36000,40.226612,-98.237823,KC-46A Pegasus,332,463,0,False,mlat
ae0812,2026-09-27 03:36:29.412562,RCH5039,00-0176,2117,34000,39.743225,-94.913155,C-17A Globemaster,288,461,96,False,adsb_icao
ae07d6,2026-09-27 03:36:29.412565,FAMUS88,92-3292,6201,22475,41.24881,-87.541748,C-17A Globemaster,172,452,1216,False,adsb_icao
ae63ba,2026-09-27 03:36:29.412567,RCH5064,20-46078,1674,33000,38.558708,-84.348343,KC-46A Pegasus,60,479,0,False,mlat
ae0803,2026-09-27 03:36:29.412570,RCH233,98-0057,0503,1450,41.4935,-74.178093,C-17A Globemaster,79,110,-960,False,adsb_icao
ae20c8,2026-09-27 03:36:29.412572,RCH640,07-7187,3606,27500,40.269012,-72.257256,C-17A Globemaster,56,454,362,False,mlat
ae07d7,2026-09-27 03:36:29.412576,RCH215,92-3293,0707,31250,49.577995,-51.699581,C-17A Globemaster,248,385,,False,adsb_icao
ae145a,2026-09-27 03:36:29.412578,RCH525,06-6156,5212,29850,51.0881,6.323355,C-17A Globemaster,145,490,-1480,False,mlat
ae123b,2026-09-27 03:36:29.412581,MOOSE58,04-4130,2241,36000,45.335453,22.351515,C-17A Globemaster,337,413,0,False,mlat
aed555,2026-09-27 03:36:29.412583,UNK C/S,19-46110,0713,24000,25.020939,56.196655,KC-46A Pegasus,280,441,0,False,mlat
ae04ba,2026-09-27 03:36:29.412589,UNK C/S,58-0055,3134,25000,30.7,131.0,KC-135R Stratotanker,,,,False,mode_s
ae20c2,2026-09-27 03:36:29.412591,MOOSE54,07-7181,0761,36000,36.8,23.0,C-17A Globemaster,337,474,0,False,mode_s
ae041e,2026-09-27 03:36:29.412595,UNK C/S,57-1487,6501,21025,31.5,35.0,KC-135R Stratotanker,262,388,0,False,mode_s
ae07f0,2026-09-27 03:36:29.412598,RCH553,96-0006,7420,35000,38.1,25.8,C-17A Globemaster,,,,False,mode_s
ae63ce,2026-09-27 03:36:29.412602,UNK C/S,21-46098,3737,38000,59.0,-144.8,KC-46A Pegasus,,,,False,mode_s
af3bca,2026-09-27 03:37:29.764277,HORSE60,19-46107,3770,20725,37.603531,-121.586639,KC-46A Pegasus,169,400,2329,False,mlat
ae49c2,2026-09-27 03:37:29.764286,BANNR50,09-9206,6761,36000,37.97913,-118.337624,C-17A Globemaster,261,407,-320,False,adsb_icao
ae07a9,2026-09-27 03:37:29.764290,UNK C/S,59-1515,3521,22150,32.960403,-115.419121,KC-135R Stratotanker,64,408,,False,adsb_icao
ae1458,2026-09-27 03:37:29.764293,RCH253,06-6154,3673,31000,44.164539,-115.060089,C-17A Globemaster,39,534,-53,False,mlat
ae5f95,2026-09-27 03:37:29.764297,CABAL53,18-46042,1117,36000,41.025856,-98.643501,KC-46A Pegasus,336,475,0,False,mlat
ae5e0b,2026-09-27 03:37:29.764299,CABAL52,17-46030,2454,36000,40.333702,-98.31366,KC-46A Pegasus,331,463,0,False,mlat
ae0812,2026-09-27 03:37:29.764302,RCH5039,00-0176,2117,34000,39.784607,-95.071861,C-17A Globemaster,288,462,-32,False,adsb_icao
ae07d6,2026-09-27 03:37:29.764305,FAMUS88,92-3292,6201,23950,41.121872,-87.511719,C-17A Globemaster,168,467,1600,False,adsb_icao
ae63ba,2026-09-27 03:37:29.764308,RCH5064,20-46078,1674,33000,38.629124,-84.198761,KC-46A Pegasus,60,467,49,False,mlat
ae0803,2026-09-27 03:37:29.764310,RCH233,98-0057,0503,800,41.500202,-74.135101,C-17A Globemaster,78,121,-192,False,adsb_icao
ae20c8,2026-09-27 03:37:29.764313,RCH640,07-7187,3606,28100,40.33223,-72.131989,C-17A Globemaster,55,465,700,False,mlat
ae07d7,2026-09-27 03:37:29.764315,RCH215,92-3293,0707,29275,49.53511,-51.881271,C-17A Globemaster,258,380,,False,adsb_icao
ae145a,2026-09-27 03:37:29.764318,RCH525,06-6156,5212,28375,50.972694,6.452053,C-17A Globemaster,145,477,-1456,False,mlat
ae123b,2026-09-27 03:37:29.764320,MOOSE58,04-4130,2241,36000,45.446312,22.282827,C-17A Globemaster,336,405,0,False,mlat
aed555,2026-09-27 03:37:29.764322,UNK C/S,19-46110,0713,24000,25.040051,56.063221,KC-46A Pegasus,278,428,0,False,mlat
ae04ba,2026-09-27 03:37:29.764328,UNK C/S,58-0055,3134,26250,31.3,131.4,KC-135R Stratotanker,,,,False,mode_s
ae20c2,2026-09-27 03:37:29.764330,MOOSE54,07-7181,0761,36000,38.1,25.2,C-17A Globemaster,337,466,-64,False,mode_s
ae041e,2026-09-27 03:37:29.764333,UNK C/S,57-1487,6501,21000,31.4,35.2,KC-135R Stratotanker,262,388,0,False,mode_s
ae07f0,2026-09-27 03:37:29.764337,RCH553,96-0006,7420,35000,37.9,25.0,C-17A Globemaster,,,,False,mode_s
ae63ce,2026-09-27 03:37:29.764341,UNK C/S,21-46098,3737,38000,57.0,-134.1,KC-46A Pegasus,,,,False,mode_s
af3bca,2026-09-27 03:38:29.998285,HORSE60,19-46107,3770,22925,37.500298,-121.564636,KC-46A Pegasus,170,391,2032,False,mlat
ae49c2,2026-09-27 03:38:29.998294,BANNR50,09-9206,6761,36000,37.961472,-118.477501,C-17A Globemaster,260,402,-64,False,adsb_icao
ae07a9,2026-09-27 03:38:29.998298,UNK C/S,59-1515,3521,22150,33.053764,-115.369675,KC-135R Stratotanker,346,383,,False,adsb_icao
ae1458,2026-09-27 03:38:29.998301,RCH253,06-6154,3673,31000,44.284046,-114.925598,C-17A Globemaster,38,536,-75,False,mlat
ae5f95,2026-09-27 03:38:29.998305,CABAL53,18-46042,1117,36025,41.137737,-98.714996,KC-46A Pegasus,333,470,20,False,mlat
ae5e0b,2026-09-27 03:38:29.998307,CABAL52,17-46030,2454,36000,40.445644,-98.396027,KC-46A Pegasus,331,440,-9,False,mlat
ae0812,2026-09-27 03:38:29.998310,RCH5039,00-0176,2117,34000,39.825348,-95.22937,C-17A Globemaster,288,460,-64,False,adsb_icao
ae07d6,2026-09-27 03:38:29.998313,FAMUS88,92-3292,6201,25300,40.992645,-87.479324,C-17A Globemaster,174,478,1536,False,adsb_icao
ae63ba,2026-09-27 03:38:29.998316,RCH5064,20-46078,1674,33000,38.692894,-84.06086,KC-46A Pegasus,59,463,0,False,mlat
ae20c8,2026-09-27 03:38:29.998318,RCH640,07-7187,3606,28550,40.393456,-71.985443,C-17A Globemaster,58,452,409,False,mlat
ae07d7,2026-09-27 03:38:29.998321,RCH215,92-3293,0707,27475,49.512356,-52.040527,C-17A Globemaster,257,393,-1664,False,adsb_icao
ae145a,2026-09-27 03:38:29.998323,RCH525,06-6156,5212,26900,50.864559,6.568946,C-17A Globemaster,145,456,-1483,False,mlat
ae123b,2026-09-27 03:38:29.998326,MOOSE58,04-4130,2241,36000,45.549889,22.21768,C-17A Globemaster,336,418,0,False,mlat
aed555,2026-09-27 03:38:29.998328,UNK C/S,19-46110,0713,24000,25.059452,55.937347,KC-46A Pegasus,280,427,0,False,mlat
ae04ba,2026-09-27 03:38:29.998334,UNK C/S,58-0055,3134,27000,31.3,131.4,KC-135R Stratotanker,,,,False,mode_s
ae20c2,2026-09-27 03:38:29.998336,MOOSE54,07-7181,0761,36000,37.1,27.0,C-17A Globemaster,337,470,32,False,mode_s
ae041e,2026-09-27 03:38:29.998340,UNK C/S,57-1487,6501,21000,31.7,35.9,KC-135R Stratotanker,262,390,0,False,mode_s
ae07f0,2026-09-27 03:38:29.998344,RCH553,96-0006,7420,35000,38.1,25.4,C-17A Globemaster,,,,False,mode_s
ae63ce,2026-09-27 03:38:29.998347,UNK C/S,21-46098,3737,38000,59.0,-144.8,KC-46A Pegasus,,,,False,mode_s
af3bca,2026-09-27 03:39:30.242488,HORSE60,19-46107,3770,24675,37.386131,-121.53978,KC-46A Pegasus,170,417,1796,False,mlat
ae49c2,2026-09-27 03:39:30.242497,BANNR50,09-9206,6761,36000,37.943565,-118.617233,C-17A Globemaster,260,400,-128,False,adsb_icao
ae07a9,2026-09-27 03:39:30.242501,UNK C/S,59-1515,3521,22150,33.139206,-115.439774,KC-135R Stratotanker,319,371,,False,adsb_icao
ae1458,2026-09-27 03:39:30.242503,RCH253,06-6154,3673,31000,44.397343,-114.798691,C-17A Globemaster,39,542,0,False,mlat
ae5f95,2026-09-27 03:39:30.242507,CABAL53,18-46042,1117,36025,41.25663,-98.790611,KC-46A Pegasus,335,459,0,False,mlat
ae5e0b,2026-09-27 03:39:30.242510,CABAL52,17-46030,2454,36000,40.565327,-98.480133,KC-46A Pegasus,332,450,-41,False,mlat
ae0812,2026-09-27 03:39:30.242513,RCH5039,00-0176,2117,34000,39.866226,-95.388496,C-17A Globemaster,288,459,0,False,adsb_icao
ae07d6,2026-09-27 03:39:30.242516,FAMUS88,92-3292,6201,26675,40.859024,-87.464966,C-17A Globemaster,175,476,1664,False,adsb_icao
ae63ba,2026-09-27 03:39:30.242518,RCH5064,20-46078,1674,33000,38.763023,-83.909866,KC-46A Pegasus,60,462,37,False,mlat
ae20c8,2026-09-27 03:39:30.242521,RCH640,07-7187,3606,29000,40.466255,-71.833939,C-17A Globemaster,58,476,377,False,mlat
ae07d7,2026-09-27 03:39:30.242524,RCH215,92-3293,0707,25775,49.488007,-52.211658,C-17A Globemaster,257,398,,False,adsb_icao
ae145a,2026-09-27 03:39:30.242527,RCH525,06-6156,5212,25375,50.745014,6.696536,C-17A Globemaster,145,464,-1518,False,mlat
ae123b,2026-09-27 03:39:30.242529,MOOSE58,04-4130,2241,36000,45.65836,22.150801,C-17A Globemaster,337,419,0,False,mlat
aed555,2026-09-27 03:39:30.242532,UNK C/S,19-46110,0713,24000,25.063978,55.818016,KC-46A Pegasus,267,415,0,False,mlat
ae04ba,2026-09-27 03:39:30.242537,UNK C/S,58-0055,3134,27000,31.3,131.4,KC-135R Stratotanker,,,,False,mode_s
ae20c2,2026-09-27 03:39:30.242540,MOOSE54,07-7181,0761,36000,38.1,25.2,C-17A Globemaster,337,474,-96,False,mode_s
ae041e,2026-09-27 03:39:30.242543,UNK C/S,57-1487,6501,21000,31.6,35.4,KC-135R Stratotanker,262,388,0,False,mode_s
ae07f0,2026-09-27 03:39:30.242547,RCH553,96-0006,7420,35000,37.4,24.6,C-17A Globemaster,,,,False,mode_s
ae63ce,2026-09-27 03:39:30.242549,UNK C/S,21-46098,3737,38000,59.3,-138.5,KC-46A Pegasus,,,,False,mode_s
af3bca,2026-09-27 03:40:30.498686,HORSE60,19-46107,3770,26425,37.270687,-121.511391,KC-46A Pegasus,166,419,1702,False,mlat
ae49c2,2026-09-27 03:40:30.498696,BANNR50,09-9206,6761,36025,37.925491,-118.756538,C-17A Globemaster,260,405,-64,False,adsb_icao
ae07a9,2026-09-27 03:40:30.498700,UNK C/S,59-1515,3521,22150,33.218582,-115.518822,KC-135R Stratotanker,320,373,,False,adsb_icao
ae1458,2026-09-27 03:40:30.498703,RCH253,06-6154,3673,31000,44.504246,-114.676773,C-17A Globemaster,39,545,0,False,mlat
ae5f95,2026-09-27 03:40:30.498707,CABAL53,18-46042,1117,36000,41.349358,-98.848442,KC-46A Pegasus,333,471,-68,False,mlat
ae5e0b,2026-09-27 03:40:30.498709,CABAL52,17-46030,2454,36000,40.674835,-98.561203,KC-46A Pegasus,331,442,0,False,mlat
ae0812,2026-09-27 03:40:30.498712,RCH5039,00-0176,2117,34000,39.906208,-95.545044,C-17A Globemaster,288,456,0,False,adsb_icao
ae07d6,2026-09-27 03:40:30.498714,FAMUS88,92-3292,6201,27850,40.726597,-87.450798,C-17A Globemaster,175,478,1536,False,adsb_icao
ae63ba,2026-09-27 03:40:30.498717,RCH5064,20-46078,1674,33000,38.830624,-83.766632,KC-46A Pegasus,60,474,-72,False,mlat
ae20c8,2026-09-27 03:40:30.498720,RCH640,07-7187,3606,28975,40.528542,-71.692261,C-17A Globemaster,60,466,0,False,mlat
ae07d7,2026-09-27 03:40:30.498722,RCH215,92-3293,0707,24225,49.46315,-52.381439,C-17A Globemaster,257,410,-1504,False,adsb_icao
ae145a,2026-09-27 03:40:30.498725,RCH525,06-6156,5212,23875,50.640862,6.811745,C-17A Globemaster,145,455,-1533,False,mlat
ae123b,2026-09-27 03:40:30.498728,MOOSE58,04-4130,2241,36000,45.758018,22.089899,C-17A Globemaster,337,417,0,False,mlat
aed555,2026-09-27 03:40:30.498730,UNK C/S,19-46110,0713,24000,25.064335,55.676132,KC-46A Pegasus,270,425,0,False,mlat
ae04ba,2026-09-27 03:40:30.498736,UNK C/S,58-0055,3134,27000,31.3,131.4,KC-135R Stratotanker,,,,False,mode_s
ae20c2,2026-09-27 03:40:30.498738,MOOSE54,07-7181,0761,36000,37.1,27.0,C-17A Globemaster,337,482,32,False,mode_s
ae041e,2026-09-27 03:40:30.498742,UNK C/S,57-1487,6501,21000,31.5,34.3,KC-135R Stratotanker,262,388,128,False,mode_s
ae07f0,2026-09-27 03:40:30.498746,RCH553,96-0006,7420,35000,37.2,24.9,C-17A Globemaster,,,,False,mode_s
ae63ce,2026-09-27 03:40:30.498749,UNK C/S,21-46098,3737,38025,59.3,-138.5,KC-46A Pegasus,,,,False,mode_s
af3bca,2026-09-27 03:41:30.738382,HORSE60,19-46107,3770,28000,37.171528,-121.431343,KC-46A Pegasus,137,447,1498,False,mlat
ae49c2,2026-09-27 03:41:30.738391,BANNR50,09-9206,6761,36000,37.906952,-118.898132,C-17A Globemaster,260,409,-64,False,adsb_icao
ae07a9,2026-09-27 03:41:30.738395,UNK C/S,59-1515,3521,22150,33.298828,-115.598969,KC-135R Stratotanker,319,374,,False,adsb_icao
ae1458,2026-09-27 03:41:30.738398,RCH253,06-6154,3673,31000,44.620358,-114.545647,C-17A Globemaster,39,535,0,False,mlat
ae5f95,2026-09-27 03:41:30.738402,CABAL53,18-46042,1117,36000,41.498638,-98.950119,KC-46A Pegasus,333,492,0,False,mlat
ae5e0b,2026-09-27 03:41:30.738404,CABAL52,17-46030,2454,36000,40.788876,-98.643555,KC-46A Pegasus,332,425,-23,False,mlat
ae0812,2026-09-27 03:41:30.738407,RCH5039,00-0176,2117,34000,39.946289,-95.702454,C-17A Globemaster,288,457,0,False,adsb_icao
ae07d6,2026-09-27 03:41:30.738409,FAMUS88,92-3292,6201,28900,40.592743,-87.4328,C-17A Globemaster,173,480,1408,False,adsb_icao
ae63ba,2026-09-27 03:41:30.738412,RCH5064,20-46078,1674,33025,38.897953,-83.618248,KC-46A Pegasus,60,480,28,False,mlat
ae20c8,2026-09-27 03:41:30.738415,RCH640,07-7187,3606,29000,40.592655,-71.556244,C-17A Globemaster,60,459,182,False,mlat
ae07d7,2026-09-27 03:41:30.738417,RCH215,92-3293,0707,24100,49.46096,-52.396248,C-17A Globemaster,257,409,,False,adsb_icao
ae145a,2026-09-27 03:41:30.738420,RCH525,06-6156,5212,21750,50.532845,6.926143,C-17A Globemaster,143,446,-3036,False,mlat
ae123b,2026-09-27 03:41:30.738422,MOOSE58,04-4130,2241,36000,45.868687,22.020041,C-17A Globemaster,336,422,0,False,mlat
aed555,2026-09-27 03:41:30.738424,UNK C/S,19-46110,0713,24000,25.061041,55.545628,KC-46A Pegasus,268,416,0,False,mlat
ae04ba,2026-09-27 03:41:30.738441,UNK C/S,58-0055,3134,27000,31.3,131.4,KC-135R Stratotanker,,,,False,mode_s
ae20c2,2026-09-27 03:41:30.738444,MOOSE54,07-7181,0761,36000,40.9,25.2,C-17A Globemaster,336,486,-224,False,mode_s
ae041e,2026-09-27 03:41:30.738447,UNK C/S,57-1487,6501,21175,31.5,34.1,KC-135R Stratotanker,262,396,1696,False,mode_s
ae07f0,2026-09-27 03:41:30.738451,RCH553,96-0006,7420,35000,37.4,25.2,C-17A Globemaster,,,,False,mode_s
ae63ce,2026-09-27 03:41:30.738455,UNK C/S,21-46098,3737,38000,58.6,-143.4,KC-46A Pegasus,,,,False,mode_s
af3bca,2026-09-27 03:42:30.951250,HORSE60,19-46107,3770,29475,37.076,-121.335541,KC-46A Pegasus,140,438,1493,False,mlat
ae49c2,2026-09-27 03:42:30.951260,BANNR50,09-9206,6761,36000,37.888355,-119.039848,C-17A Globemaster,260,407,-64,False,adsb_icao
ae07a9,2026-09-27 03:42:30.951264,UNK C/S,59-1515,3521,22150,33.375,-115.682358,KC-135R Stratotanker,302,363,,False,adsb_icao
ae1458,2026-09-27 03:42:30.951267,RCH253,06-6154,3673,31000,44.715324,-114.436806,C-17A Globemaster,40,513,0,False,mlat
ae5f95,2026-09-27 03:42:30.951270,CABAL53,18-46042,1117,36025,41.608784,-99.021713,KC-46A Pegasus,335,494,-11,False,mlat
ae5e0b,2026-09-27 03:42:30.951272,CABAL52,17-46030,2454,36025,40.89539,-98.723228,KC-46A Pegasus,331,462,50,False,mlat
ae0812,2026-09-27 03:42:30.951275,RCH5039,00-0176,2117,34000,39.985794,-95.85907,C-17A Globemaster,288,458,0,False,adsb_icao
ae07d6,2026-09-27 03:42:30.951278,FAMUS88,92-3292,6201,30275,40.460495,-87.414734,C-17A Globemaster,173,476,1280,False,adsb_icao
ae63ba,2026-09-27 03:42:30.951280,RCH5064,20-46078,1674,33000,38.964478,-83.47403,KC-46A Pegasus,61,487,-75,False,mlat
ae20c8,2026-09-27 03:42:30.951283,RCH640,07-7187,3606,29000,40.664085,-71.406364,C-17A Globemaster,60,471,0,False,mlat
ae145a,2026-09-27 03:42:30.951285,RCH525,06-6156,5212,19150,50.433456,7.032391,C-17A Globemaster,142,438,-2162,False,mlat
ae123b,2026-09-27 03:42:30.951288,MOOSE58,04-4130,2241,36000,45.97253,21.955221,C-17A Globemaster,337,411,0,False,mlat
aed555,2026-09-27 03:42:30.951291,UNK C/S,19-46110,0713,24000,25.062437,55.411575,KC-46A Pegasus,271,429,0,False,mlat
ae04ba,2026-09-27 03:42:30.951296,UNK C/S,58-0055,3134,27000,31.3,131.4,KC-135R Stratotanker,,,,False,mode_s
ae20c2,2026-09-27 03:42:30.951299,MOOSE54,07-7181,0761,36000,36.8,23.0,C-17A Globemaster,337,476,256,False,mode_s
ae041e,2026-09-27 03:42:30.951302,UNK C/S,57-1487,6501,22000,31.6,34.9,KC-135R Stratotanker,262,404,0,False,mode_s
ae07f0,2026-09-27 03:42:30.951306,RCH553,96-0006,7420,35000,37.5,25.8,C-17A Globemaster,,,,False,mode_s
ae63ce,2026-09-27 03:42:30.951309,UNK C/S,21-46098,3737,38000,59.3,-138.5,KC-46A Pegasus,,,,False,mode_s
af3bca,2026-09-27 03:43:31.208275,HORSE60,19-46107,3770,30800,36.973782,-121.23764,KC-46A Pegasus,143,468,1259,False,mlat
ae49c2,2026-09-27 03:43:31.208285,BANNR50,09-9206,6761,36000,37.869267,-119.183624,C-17A Globemaster,260,411,-192,False,adsb_icao
ae07a9,2026-09-27 03:43:31.208288,UNK C/S,59-1515,3521,22150,33.360214,-115.790184,KC-135R Stratotanker,230,345,,False,adsb_icao
ae1458,2026-09-27 03:43:31.208291,RCH253,06-6154,3673,31000,44.797726,-114.342522,C-17A Globemaster,39,532,0,False,mlat
ae5f95,2026-09-27 03:43:31.208294,CABAL53,18-46042,1117,36000,41.726707,-99.101006,KC-46A Pegasus,334,456,0,False,mlat
ae5e0b,2026-09-27 03:43:31.208297,CABAL52,17-46030,2454,36000,41.006325,-98.805229,KC-46A Pegasus,329,450,0,False,mlat
ae0812,2026-09-27 03:43:31.208300,RCH5039,00-0176,2117,34000,40.025574,-96.018066,C-17A Globemaster,288,462,0,False,adsb_icao
ae07d6,2026-09-27 03:43:31.208302,FAMUS88,92-3292,6201,31525,40.343124,-87.33313,C-17A Globemaster,147,472,1408,False,adsb_icao
ae63ba,2026-09-27 03:43:31.208305,RCH5064,20-46078,1674,33000,39.028973,-83.332405,KC-46A Pegasus,60,477,-74,False,mlat
ae20c8,2026-09-27 03:43:31.208308,RCH640,07-7187,3606,29000,40.731277,-71.256287,C-17A Globemaster,57,474,37,False,mlat
ae145a,2026-09-27 03:43:31.208310,RCH525,06-6156,5212,16650,50.335533,7.137105,C-17A Globemaster,148,442,-2401,False,mlat
ae123b,2026-09-27 03:43:31.208313,MOOSE58,04-4130,2241,36000,46.079163,21.886976,C-17A Globemaster,336,439,0,False,mlat
ae20c2,2026-09-27 03:43:31.208315,MOOSE54,07-7181,0761,36000,38.083744,25.679598,C-17A Globemaster,337,480,32,False,mlat
aed555,2026-09-27 03:43:31.208318,UNK C/S,19-46110,0713,24000,25.058493,55.280201,KC-46A Pegasus,270,425,0,False,mlat
ae04ba,2026-09-27 03:43:31.208323,UNK C/S,58-0055,3134,27000,31.1,131.4,KC-135R Stratotanker,,,,False,mode_s
ae041e,2026-09-27 03:43:31.208327,UNK C/S,57-1487,6501,22000,31.7,35.6,KC-135R Stratotanker,262,398,-64,False,mode_s
ae07f0,2026-09-27 03:43:31.208330,RCH553,96-0006,7420,35000,37.4,26.4,C-17A Globemaster,,,,False,mode_s
ae63ce,2026-09-27 03:43:31.208333,UNK C/S,21-46098,3737,38025,58.6,-143.2,KC-46A Pegasus,,,,False,mode_s
af3bca,2026-09-27 03:44:31.452598,HORSE60,19-46107,3770,31025,36.873848,-121.139091,KC-46A Pegasus,142,453,53,False,mlat
ae49c2,2026-09-27 03:44:31.452608,BANNR50,09-9206,6761,36000,37.850227,-119.324661,C-17A Globemaster,260,410,-64,False,adsb_icao
ae07a9,2026-09-27 03:44:31.452612,UNK C/S,59-1515,3521,22150,33.27121,-115.819496,KC-135R Stratotanker,164,361,,False,adsb_icao
ae1458,2026-09-27 03:44:31.452615,RCH253,06-6154,3673,31000,44.961929,-114.152702,C-17A Globemaster,40,524,0,False,mlat
ae5f95,2026-09-27 03:44:31.452619,CABAL53,18-46042,1117,36000,41.816406,-99.159706,KC-46A Pegasus,333,482,-11,False,mlat
ae5e0b,2026-09-27 03:44:31.452621,CABAL52,17-46030,2454,36000,41.121105,-98.888527,KC-46A Pegasus,331,458,0,False,mlat
ae0812,2026-09-27 03:44:31.452624,RCH5039,00-0176,2117,34000,40.065308,-96.17749,C-17A Globemaster,287,463,0,False,adsb_icao
ae07d6,2026-09-27 03:44:31.452627,FAMUS88,92-3292,6201,32825,40.2323,-87.241943,C-17A Globemaster,147,469,1472,False,adsb_icao
ae63ba,2026-09-27 03:44:31.452629,RCH5064,20-46078,1674,33025,39.095524,-83.18956,KC-46A Pegasus,56,463,0,False,mlat
ae20c8,2026-09-27 03:44:31.452633,RCH640,07-7187,3606,29000,40.800793,-71.109512,C-17A Globemaster,57,451,0,False,mlat
ae145a,2026-09-27 03:44:31.452635,RCH525,06-6156,5212,15125,50.241993,7.23499,C-17A Globemaster,145,403,-1156,False,mlat
ae123b,2026-09-27 03:44:31.452638,MOOSE58,04-4130,2241,36000,46.183472,21.821028,C-17A Globemaster,335,415,0,False,mlat
ae20c2,2026-09-27 03:44:31.452640,MOOSE54,07-7181,0761,36000,38.244022,25.592194,C-17A Globemaster,336,476,-160,False,mlat
aed555,2026-09-27 03:44:31.452643,UNK C/S,19-46110,0713,24000,25.059628,55.148266,KC-46A Pegasus,270,426,0,False,mlat
ae04ba,2026-09-27 03:44:31.452648,UNK C/S,58-0055,3134,27000,30.9,131.7,KC-135R Stratotanker,,,,False,mode_s
ae041e,2026-09-27 03:44:31.452651,UNK C/S,57-1487,6501,22000,31.5,34.8,KC-135R Stratotanker,242,390,-32,False,mode_s
ae07f0,2026-09-27 03:44:31.452655,RCH553,96-0006,7420,35000,37.5,26.2,C-17A Globemaster,,,,False,mode_s
ae63ce,2026-09-27 03:44:31.452658,UNK C/S,21-46098,3737,38025,59.0,-144.5,KC-46A Pegasus,,,,False,mode_s
af3bca,2026-09-27 03:45:31.682248,HORSE60,19-46107,3770,31000,36.772682,-121.045242,KC-46A Pegasus,143,453,0,False,mlat
ae49c2,2026-09-27 03:45:31.682257,BANNR50,09-9206,6761,36000,37.83078,-119.468781,C-17A Globemaster,260,419,-128,False,adsb_icao
ae07a9,2026-09-27 03:45:31.682261,UNK C/S,59-1515,3521,22150,33.188766,-115.745895,KC-135R Stratotanker,140,373,,False,adsb_icao
ae1458,2026-09-27 03:45:31.682264,RCH253,06-6154,3673,31000,45.033375,-114.070198,C-17A Globemaster,39,526,-69,False,mlat
ae5f95,2026-09-27 03:45:31.682267,CABAL53,18-46042,1117,36025,41.864517,-99.190926,KC-46A Pegasus,333,461,55,False,mode_s
ae5e0b,2026-09-27 03:45:31.682269,CABAL52,17-46030,2454,36000,41.212791,-98.958977,KC-46A Pegasus,330,470,7,False,mlat
ae0812,2026-09-27 03:45:31.682272,RCH5039,00-0176,2117,34000,40.104996,-96.338013,C-17A Globemaster,287,465,0,False,adsb_icao
ae07d6,2026-09-27 03:45:31.682274,FAMUS88,92-3292,6201,34075,40.122253,-87.151001,C-17A Globemaster,147,467,1216,False,adsb_icao
ae63ba,2026-09-27 03:45:31.682277,RCH5064,20-46078,1674,33000,39.163158,-83.034332,KC-46A Pegasus,62,480,-7,False,mlat
ae20c8,2026-09-27 03:45:31.682279,RCH640,07-7187,3606,29000,40.865719,-70.960274,C-17A Globemaster,63,457,0,False,mlat
ae145a,2026-09-27 03:45:31.682281,RCH525,06-6156,5212,14125,50.152115,7.330239,C-17A Globemaster,145,387,-880,False,mlat
ae123b,2026-09-27 03:45:31.682284,MOOSE58,04-4130,2241,36000,46.291233,21.752542,C-17A Globemaster,336,427,0,False,mlat
ae20c2,2026-09-27 03:45:31.682286,MOOSE54,07-7181,0761,36000,38.33276,25.543076,C-17A Globemaster,336,478,-32,False,mlat
aed555,2026-09-27 03:45:31.682288,UNK C/S,19-46110,0713,24000,25.046949,55.016216,KC-46A Pegasus,256,417,0,False,mlat
ae04ba,2026-09-27 03:45:31.682293,UNK C/S,58-0055,3134,27000,31.0,131.6,KC-135R Stratotanker,,,,False,mode_s
ae041e,2026-09-27 03:45:31.682297,UNK C/S,57-1487,6501,22000,31.4,34.7,KC-135R Stratotanker,228,388,-32,False,mode_s
ae07f0,2026-09-27 03:45:31.682300,RCH553,96-0006,7420,35000,37.6,25.8,C-17A Globemaster,,,,False,mode_s
ae63ce,2026-09-27 03:45:31.682303,UNK C/S,21-46098,3737,38000,59.3,-138.5,KC-46A Pegasus,,,,False,mode_s
af3bca,2026-09-27 03:46:31.918645,HORSE60,19-46107,3770,31025,36.677307,-120.950172,KC-46A Pegasus,143,475,0,False,mlat
ae49c2,2026-09-27 03:46:31.918654,BANNR50,09-9206,6761,36000,37.811031,-119.612991,C-17A Globemaster,260,418,0,False,adsb_icao
ae07a9,2026-09-27 03:46:31.918658,UNK C/S,59-1515,3521,22150,33.108444,-115.666206,KC-135R Stratotanker,140,376,,False,adsb_icao
ae1458,2026-09-27 03:46:31.918661,RCH253,06-6154,3673,31000,45.17783,-113.885796,C-17A Globemaster,42,518,58,False,mlat
ae5f95,2026-09-27 03:46:31.918664,CABAL53,18-46042,1117,36025,42.070938,-99.331345,KC-46A Pegasus,325,401,70,False,mlat
ae5e0b,2026-09-27 03:46:31.918666,CABAL52,17-46030,2454,36025,41.340954,-99.052719,KC-46A Pegasus,328,454,57,False,mlat
ae0812,2026-09-27 03:46:31.918668,RCH5039,00-0176,2117,34000,40.144695,-96.499725,C-17A Globemaster,287,467,0,False,adsb_icao
ae07d6,2026-09-27 03:46:31.918671,FAMUS88,92-3292,6201,35025,40.013077,-87.060669,C-17A Globemaster,147,475,192,False,adsb_icao
ae63ba,2026-09-27 03:46:31.918674,RCH5064,20-46078,1674,33000,39.23011,-82.891884,KC-46A Pegasus,60,462,8,False,mlat
ae20c8,2026-09-27 03:46:31.918677,RCH640,07-7187,3606,29000,40.932243,-70.815552,C-17A Globemaster,57,446,0,False,mlat
ae145a,2026-09-27 03:46:31.918679,RCH525,06-6156,5212,12775,50.05703,7.428851,C-17A Globemaster,146,392,-1370,False,mlat
ae123b,2026-09-27 03:46:31.918682,MOOSE58,04-4130,2241,36000,46.400074,21.681616,C-17A Globemaster,336,419,0,False,mlat
aed555,2026-09-27 03:46:31.918684,UNK C/S,19-46110,0713,24000,25.022444,54.888718,KC-46A Pegasus,257,431,0,False,mlat
ae04ba,2026-09-27 03:46:31.918689,UNK C/S,58-0055,3134,27000,31.3,131.4,KC-135R Stratotanker,,,,False,mode_s
ae20c2,2026-09-27 03:46:31.918692,MOOSE54,07-7181,0761,36000,38.1,24.4,C-17A Globemaster,336,474,0,False,mode_s
ae041e,2026-09-27 03:46:31.918695,UNK C/S,57-1487,6501,21450,31.8,33.7,KC-135R Stratotanker,203,338,-896,False,mode_s
ae07f0,2026-09-27 03:46:31.918699,RCH553,96-0006,7420,35000,37.5,26.0,C-17A Globemaster,,,,False,mode_s
ae63ce,2026-09-27 03:46:31.918702,UNK C/S,21-46098,3737,38000,59.3,-138.5,KC-46A Pegasus,,,,False,mode_s
af3bca,2026-09-27 03:47:32.155954,HORSE60,19-46107,3770,31025,36.569801,-120.849197,KC-46A Pegasus,142,473,0,False,mlat
ae49c2,2026-09-27 03:47:32.155963,BANNR50,09-9206,6761,35775,37.790863,-119.758575,C-17A Globemaster,259,417,-320,False,adsb_icao
ae07a9,2026-09-27 03:47:32.155967,UNK C/S,59-1515,3521,22150,33.027649,-115.585648,KC-135R Stratotanker,140,376,,False,adsb_icao
ae1458,2026-09-27 03:47:32.155970,RCH253,06-6154,3673,31000,45.260769,-113.778427,C-17A Globemaster,42,509,-1,False,mlat
ae5f95,2026-09-27 03:47:32.155974,CABAL53,18-46042,1117,36000,42.156322,-99.38604,KC-46A Pegasus,341,580,-1,False,mlat
ae5e0b,2026-09-27 03:47:32.155976,CABAL52,17-46030,2454,36000,41.456837,-99.141502,KC-46A Pegasus,331,461,47,False,mlat
ae0812,2026-09-27 03:47:32.155979,RCH5039,00-0176,2117,34000,40.184052,-96.661011,C-17A Globemaster,287,461,0,False,adsb_icao
ae07d6,2026-09-27 03:47:32.155982,FAMUS88,92-3292,6201,35000,39.899414,-86.966759,C-17A Globemaster,147,480,0,False,adsb_icao
ae63ba,2026-09-27 03:47:32.155985,RCH5064,20-46078,1674,33000,39.296577,-82.740349,KC-46A Pegasus,61,484,0,False,mlat
ae20c8,2026-09-27 03:47:32.155988,RCH640,07-7187,3606,29000,40.993294,-70.677567,C-17A Globemaster,62,447,0,False,mlat
ae145a,2026-09-27 03:47:32.155990,RCH525,06-6156,5212,11475,49.975327,7.512757,C-17A Globemaster,147,339,-1346,False,mlat
ae123b,2026-09-27 03:47:32.155993,MOOSE58,04-4130,2241,36000,46.501774,21.617687,C-17A Globemaster,336,424,0,False,mlat
ae20c2,2026-09-27 03:47:32.155995,MOOSE54,07-7181,0761,36000,38.613529,25.3899,C-17A Globemaster,336,476,128,False,mlat
aed555,2026-09-27 03:47:32.155997,UNK C/S,19-46110,0713,24000,24.994535,54.75613,KC-46A Pegasus,258,428,0,False,mlat
ae04ba,2026-09-27 03:47:32.156002,UNK C/S,58-0055,3134,27000,31.1,131.4,KC-135R Stratotanker,,,,False,mode_s
ae041e,2026-09-27 03:47:32.156006,UNK C/S,57-1487,6501,20350,31.7,34.2,KC-135R Stratotanker,203,308,-1536,False,mode_s
ae07f0,2026-09-27 03:47:32.156010,RCH553,96-0006,7420,35000,37.4,26.3,C-17A Globemaster,,,,False,mode_s
ae63ce,2026-09-27 03:47:32.156012,UNK C/S,21-46098,3737,38000,59.0,-143.4,KC-46A Pegasus,,,,False,mode_s
af3bca,2026-09-27 03:48:32.442927,HORSE60,19-46107,3770,31025,36.466373,-120.750984,KC-46A Pegasus,142,464,-38,False,mlat
ae49c2,2026-09-27 03:48:32.442936,BANNR50,09-9206,6761,34975,37.771042,-119.900284,C-17A Globemaster,260,413,-1216,False,adsb_icao
ae07a9,2026-09-27 03:48:32.442940,UNK C/S,59-1515,3521,22150,32.96257,-115.489738,KC-135R Stratotanker,102,395,,False,adsb_icao
ae1458,2026-09-27 03:48:32.442943,RCH253,06-6154,3673,31000,45.386318,-113.616623,C-17A Globemaster,42,492,0,False,mlat
ae5f95,2026-09-27 03:48:32.442946,CABAL53,18-46042,1117,36000,42.231625,-99.44622,KC-46A Pegasus,338,469,2,False,mlat
ae5e0b,2026-09-27 03:48:32.442949,CABAL52,17-46030,2454,36000,41.567284,-99.222511,KC-46A Pegasus,329,462,40,False,mlat
ae0812,2026-09-27 03:48:32.442952,RCH5039,00-0176,2117,34000,40.222157,-96.818512,C-17A Globemaster,287,453,0,False,adsb_icao
ae07d6,2026-09-27 03:48:32.442954,FAMUS88,92-3292,6201,34975,39.786709,-86.874573,C-17A Globemaster,147,480,-64,False,adsb_icao
ae63ba,2026-09-27 03:48:32.442957,RCH5064,20-46078,1674,33000,39.359455,-82.596596,KC-46A Pegasus,61,445,-79,False,mlat
ae20c8,2026-09-27 03:48:32.442959,RCH640,07-7187,3606,29000,41.060043,-70.530411,C-17A Globemaster,60,457,0,False,mlat
ae145a,2026-09-27 03:48:32.442962,RCH525,06-6156,5212,10150,49.900848,7.591824,C-17A Globemaster,145,300,-1588,False,mlat
ae123b,2026-09-27 03:48:32.442964,MOOSE58,04-4130,2241,36000,46.609489,21.54781,C-17A Globemaster,337,418,0,False,mlat
ae20c2,2026-09-27 03:48:32.442966,MOOSE54,07-7181,0761,36000,38.695641,25.344997,C-17A Globemaster,336,474,-160,False,mlat
aed555,2026-09-27 03:48:32.442968,UNK C/S,19-46110,0713,24000,24.966587,54.629597,KC-46A Pegasus,257,416,0,False,mlat
ae04ba,2026-09-27 03:48:32.442973,UNK C/S,58-0055,3134,27000,31.1,131.4,KC-135R Stratotanker,,,,False,mode_s
ae041e,2026-09-27 03:48:32.442977,UNK C/S,57-1487,6501,18675,31.3,34.1,KC-135R Stratotanker,203,302,-1760,False,mode_s
ae07f0,2026-09-27 03:48:32.442980,RCH553,96-0006,7420,35000,37.3,26.4,C-17A Globemaster,,,,False,mode_s
ae63ce,2026-09-27 03:48:32.442983,UNK C/S,21-46098,3737,38000,58.3,-142.0,KC-46A Pegasus,,,,False,mode_s
af3bca,2026-09-27 03:49:32.697658,HORSE60,19-46107,3770,31025,36.369972,-120.657875,KC-46A Pegasus,131,520,19,False,mlat
ae49c2,2026-09-27 03:49:32.697668,BANNR50,09-9206,6761,33625,37.750946,-120.043869,C-17A Globemaster,259,414,-1728,False,adsb_icao
ae07a9,2026-09-27 03:49:32.697672,UNK C/S,59-1515,3521,22150,33.00605,-115.375389,KC-135R Stratotanker,32,400,,False,adsb_icao
ae1458,2026-09-27 03:49:32.697675,RCH253,06-6154,3673,31000,45.484554,-113.490517,C-17A Globemaster,42,552,0,False,mlat
ae5f95,2026-09-27 03:49:32.697678,CABAL53,18-46042,1117,36000,42.405907,-99.558395,KC-46A Pegasus,328,438,-7,False,mlat
ae5e0b,2026-09-27 03:49:32.697680,CABAL52,17-46030,2454,36000,41.672367,-99.295799,KC-46A Pegasus,333,442,0,False,mlat
ae0812,2026-09-27 03:49:32.697684,RCH5039,00-0176,2117,34000,40.260361,-96.977051,C-17A Globemaster,287,456,0,False,adsb_icao
ae07d6,2026-09-27 03:49:32.697686,FAMUS88,92-3292,6201,35000,39.672867,-86.781784,C-17A Globemaster,147,480,0,False,adsb_icao
ae63ba,2026-09-27 03:49:32.697689,RCH5064,20-46078,1674,33025,39.426197,-82.449661,KC-46A Pegasus,58,453,76,False,mlat
ae20c8,2026-09-27 03:49:32.697692,RCH640,07-7187,3606,29000,41.124954,-70.381737,C-17A Globemaster,59,452,0,False,mlat
ae145a,2026-09-27 03:49:32.697694,RCH525,06-6156,5212,8950,49.833817,7.661039,C-17A Globemaster,146,281,-1363,False,mlat
ae123b,2026-09-27 03:49:32.697696,MOOSE58,04-4130,2241,36000,46.716862,21.454159,C-17A Globemaster,317,428,4,False,mlat
ae20c2,2026-09-27 03:49:32.697699,MOOSE54,07-7181,0761,36000,38.870426,25.247149,C-17A Globemaster,336,468,32,False,mlat
aed555,2026-09-27 03:49:32.697701,UNK C/S,19-46110,0713,24000,24.925632,54.527355,KC-46A Pegasus,242,462,0,False,mlat
ae04ba,2026-09-27 03:49:32.697706,UNK C/S,58-0055,3134,27000,31.4,131.1,KC-135R Stratotanker,,,,False,mode_s
ae041e,2026-09-27 03:49:32.697710,UNK C/S,57-1487,6501,16825,31.7,34.3,KC-135R Stratotanker,203,300,-1568,False,mode_s
ae07f0,2026-09-27 03:49:32.697713,RCH553,96-0006,7420,35000,37.3,26.5,C-17A Globemaster,,,,False,mode_s
ae63ce,2026-09-27 03:49:32.697716,UNK C/S,21-46098,3737,38000,59.3,-138.5,KC-46A Pegasus,,,,False,mode_s
af3bca,2026-09-27 03:50:32.910513,HORSE60,19-46107,3770,31000,36.264275,-120.556458,KC-46A Pegasus,143,473,-7,False,mlat
ae49c2,2026-09-27 03:50:32.910522,BANNR50,09-9206,6761,32050,37.730591,-120.18631,C-17A Globemaster,259,411,-1536,False,adsb_icao
ae07a9,2026-09-27 03:50:32.910526,UNK C/S,59-1515,3521,22150,33.106743,-115.384644,KC-135R Stratotanker,326,371,,False,adsb_icao
ae1458,2026-09-27 03:50:32.910529,RCH253,06-6154,3673,30975,45.608597,-113.328857,C-17A Globemaster,42,502,-15,False,mlat
ae5f95,2026-09-27 03:50:32.910533,CABAL53,18-46042,1117,36000,42.520267,-99.634789,KC-46A Pegasus,330,554,0,False,mlat
ae5e0b,2026-09-27 03:50:32.910535,CABAL52,17-46030,2454,36025,41.739059,-99.352097,KC-46A Pegasus,330,465,0,False,mlat
ae0812,2026-09-27 03:50:32.910538,RCH5039,00-0176,2117,34000,40.29813,-97.134995,C-17A Globemaster,287,454,0,False,adsb_icao
ae07d6,2026-09-27 03:50:32.910540,FAMUS88,92-3292,6201,35000,39.560184,-86.690125,C-17A Globemaster,147,480,0,False,adsb_icao
ae63ba,2026-09-27 03:50:32.910543,RCH5064,20-46078,1674,33025,39.484886,-82.311974,KC-46A Pegasus,63,461,72,False,mlat
ae20c8,2026-09-27 03:50:32.910546,RCH640,07-7187,3606,29000,41.186573,-70.238129,C-17A Globemaster,62,470,0,False,mlat
ae145a,2026-09-27 03:50:32.910548,RCH525,06-6156,5212,7575,49.770088,7.723766,C-17A Globemaster,147,270,-1403,False,mlat
ae123b,2026-09-27 03:50:32.910550,MOOSE58,04-4130,2241,36000,46.796917,21.336882,C-17A Globemaster,314,434,0,False,mlat
ae20c2,2026-09-27 03:50:32.910553,MOOSE54,07-7181,0761,36000,39.013935,25.166674,C-17A Globemaster,336,474,256,False,mlat
aed555,2026-09-27 03:50:32.910555,UNK C/S,19-46110,0713,24000,24.846846,54.399792,KC-46A Pegasus,232,435,0,False,mlat
ae04ba,2026-09-27 03:50:32.910560,UNK C/S,58-0055,3134,27000,31.3,131.0,KC-135R Stratotanker,,,,False,mode_s
ae041e,2026-09-27 03:50:32.910563,UNK C/S,57-1487,6501,15100,31.5,34.3,KC-135R Stratotanker,191,300,-1600,False,mode_s
ae07f0,2026-09-27 03:50:32.910567,RCH553,96-0006,7420,35000,37.7,25.4,C-17A Globemaster,,,,False,mode_s
ae63ce,2026-09-27 03:50:32.910569,UNK C/S,21-46098,3737,38000,58.6,-143.5,KC-46A Pegasus,,,,False,mode_s
af3bca,2026-09-27 03:51:33.147062,HORSE60,19-46107,3770,31025,36.163933,-120.462906,KC-46A Pegasus,144,435,-11,False,mlat
ae49c2,2026-09-27 03:51:33.147071,BANNR50,09-9206,6761,30300,37.710342,-120.327873,C-17A Globemaster,259,406,-1792,False,adsb_icao
ae07a9,2026-09-27 03:51:33.147075,UNK C/S,59-1515,3521,22150,33.183975,-115.466034,KC-135R Stratotanker,317,371,,False,adsb_icao
ae1458,2026-09-27 03:51:33.147078,RCH253,06-6154,3673,31000,45.713585,-113.191238,C-17A Globemaster,43,512,0,False,mlat
ae5f95,2026-09-27 03:51:33.147082,CABAL53,18-46042,1117,36000,42.569614,-99.66568,KC-46A Pegasus,,,0,False,mode_s
ae0812,2026-09-27 03:51:33.147085,RCH5039,00-0176,2117,34000,40.335464,-97.292297,C-17A Globemaster,287,451,0,False,adsb_icao
ae07d6,2026-09-27 03:51:33.147087,FAMUS88,92-3292,6201,35000,39.446644,-86.598145,C-17A Globemaster,147,480,0,False,adsb_icao
ae63ba,2026-09-27 03:51:33.147090,RCH5064,20-46078,1674,33000,39.554466,-82.157745,KC-46A Pegasus,61,458,0,False,mlat
ae20c8,2026-09-27 03:51:33.147093,RCH640,07-7187,3606,29000,41.253422,-70.093315,C-17A Globemaster,57,458,0,False,mlat
ae145a,2026-09-27 03:51:33.147095,RCH525,06-6156,5212,6175,49.70311,7.786685,C-17A Globemaster,150,274,-1407,False,mlat
ae123b,2026-09-27 03:51:33.147097,MOOSE58,04-4130,2241,36000,46.88203,21.211964,C-17A Globemaster,315,424,0,False,mlat
ae20c2,2026-09-27 03:51:33.147100,MOOSE54,07-7181,0761,36000,39.137135,25.095703,C-17A Globemaster,336,470,96,False,mlat
aed555,2026-09-27 03:51:33.147102,UNK C/S,19-46110,0713,24000,24.790283,54.306099,KC-46A Pegasus,235,402,0,False,mlat
ae04ba,2026-09-27 03:51:33.147108,UNK C/S,58-0055,3134,27000,31.2,131.1,KC-135R Stratotanker,,,,False,mode_s
ae5e0b,2026-09-27 03:51:33.147111,CABAL52,17-46030,2454,36025,42.9,-100.3,KC-46A Pegasus,,,,False,mode_s
ae041e,2026-09-27 03:51:33.147113,UNK C/S,57-1487,6501,13775,31.7,34.0,KC-135R Stratotanker,189,284,-1568,False,mode_s
ae5bc6,2026-09-27 03:51:33.147117,GOLD22,16-46021,Unavailable,375,40.0,-74.8,KC-46A Pegasus,,,,False,mode_s
ae07f0,2026-09-27 03:51:33.147120,RCH553,96-0006,7420,35000,37.8,25.2,C-17A Globemaster,,,,False,mode_s
ae63ce,2026-09-27 03:51:33.147122,UNK C/S,21-46098,3737,38000,59.3,-138.5,KC-46A Pegasus,,,,False,mode_s
ae117c,2026-09-27 03:52:33.360001,BANNR67,02-1110,6634,1250,47.173943,-122.476364,C-17A Globemaster,359,180,1984,False,adsb_icao
ae49c2,2026-09-27 03:52:33.360009,BANNR50,09-9206,6761,28375,37.691345,-120.466461,C-17A Globemaster,261,399,-2112,False,adsb_icao
af3bca,2026-09-27 03:52:33.360013,HORSE60,19-46107,3770,31025,36.061962,-120.36618,KC-46A Pegasus,142,439,0,False,mlat
ae07a9,2026-09-27 03:52:33.360016,UNK C/S,59-1515,3521,22150,33.260921,-115.548424,KC-135R Stratotanker,317,377,,False,adsb_icao
ae1458,2026-09-27 03:52:33.360019,RCH253,06-6154,3673,31000,45.81427,-113.059242,C-17A Globemaster,43,519,0,False,mlat
ae5f95,2026-09-27 03:52:33.360023,CABAL53,18-46042,1117,36000,42.736897,-99.776688,KC-46A Pegasus,339,368,14,False,mlat
ae0812,2026-09-27 03:52:33.360025,RCH5039,00-0176,2117,34000,40.372055,-97.447609,C-17A Globemaster,287,445,0,False,adsb_icao
ae07d6,2026-09-27 03:52:33.360028,FAMUS88,92-3292,6201,35000,39.333244,-86.506592,C-17A Globemaster,148,479,0,False,adsb_icao
ae63ba,2026-09-27 03:52:33.360031,RCH5064,20-46078,1674,33000,39.618011,-82.011765,KC-46A Pegasus,60,470,0,False,mlat
ae5bc6,2026-09-27 03:52:33.360034,GOLD22,16-46021,1503,4100,40.063808,-74.616013,KC-46A Pegasus,337,175,3406,False,mlat
ae20c8,2026-09-27 03:52:33.360036,RCH640,07-7187,3606,29000,41.31554,-69.957039,C-17A Globemaster,58,461,0,False,mlat
ae145a,2026-09-27 03:52:33.360039,RCH525,06-6156,5212,4800,49.639637,7.842689,C-17A Globemaster,151,267,-1385,False,mlat
ae123b,2026-09-27 03:52:33.360041,MOOSE58,04-4130,2241,36000,46.963783,21.090437,C-17A Globemaster,315,436,0,False,mlat
ae20c2,2026-09-27 03:52:33.360043,MOOSE54,07-7181,0761,36000,39.239529,25.040546,C-17A Globemaster,336,470,32,False,mlat
ae041e,2026-09-27 03:52:33.360045,UNK C/S,57-1487,6501,12100,31.527393,34.964165,KC-135R Stratotanker,189,286,-1248,False,mlat
aed555,2026-09-27 03:52:33.360047,UNK C/S,19-46110,0713,24000,24.721901,54.189266,KC-46A Pegasus,236,428,0,False,mlat
ae04ba,2026-09-27 03:52:33.360052,UNK C/S,58-0055,3134,27000,31.1,131.0,KC-135R Stratotanker,,,,False,mode_s
ae5e0b,2026-09-27 03:52:33.360056,CABAL52,17-46030,2454,36025,42.1,-100.2,KC-46A Pegasus,,,,False,mode_s
ae07f0,2026-09-27 03:52:33.360059,RCH553,96-0006,7420,35000,37.8,25.2,C-17A Globemaster,,,,False,mode_s
ae63ce,2026-09-27 03:52:33.360062,UNK C/S,21-46098,3737,38000,59.0,-143.4,KC-46A Pegasus,,,,False,mode_s
ae63ce,2026-09-27 03:53:33.592365,UNK C/S,21-46098,3737,38000,59.097672,-140.426224,KC-46A Pegasus,,,20,False,mlat
ae117c,2026-09-27 03:53:33.592375,BANNR67,02-1110,6634,3350,47.224499,-122.476784,C-17A Globemaster,353,199,1088,False,adsb_icao
ae49c2,2026-09-27 03:53:33.592378,BANNR50,09-9206,6761,26275,37.676075,-120.602654,C-17A Globemaster,261,385,-2176,False,adsb_icao
af3bca,2026-09-27 03:53:33.592381,HORSE60,19-46107,3770,31025,35.963375,-120.274605,KC-46A Pegasus,145,435,33,False,mlat
ae07a9,2026-09-27 03:53:33.592384,UNK C/S,59-1515,3521,22150,33.339111,-115.633575,KC-135R Stratotanker,317,381,,False,adsb_icao
ae1458,2026-09-27 03:53:33.592387,RCH253,06-6154,3673,30975,45.923779,-112.914436,C-17A Globemaster,44,513,79,False,mlat
ae5f95,2026-09-27 03:53:33.592391,CABAL53,18-46042,1117,36000,42.799202,-99.819672,KC-46A Pegasus,322,448,0,False,mode_s
ae5e0b,2026-09-27 03:53:33.592393,CABAL52,17-46030,2454,36000,42.094921,-99.624176,KC-46A Pegasus,331,454,0,False,mlat
ae0812,2026-09-27 03:53:33.592395,RCH5039,00-0176,2117,34000,40.408356,-97.6026,C-17A Globemaster,286,448,0,False,adsb_icao
ae07d6,2026-09-27 03:53:33.592398,FAMUS88,92-3292,6201,35000,39.220119,-86.41571,C-17A Globemaster,147,480,128,False,adsb_icao
ae63ba,2026-09-27 03:53:33.592400,RCH5064,20-46078,1674,33000,39.679615,-81.872063,KC-46A Pegasus,60,473,-36,False,mlat
ae5bc6,2026-09-27 03:53:33.592404,GOLD22,16-46021,1503,5425,40.10815,-74.665749,KC-46A Pegasus,282,337,623,False,mlat
ae20c8,2026-09-27 03:53:33.592406,RCH640,07-7187,3606,29000,41.385876,-69.806007,C-17A Globemaster,59,459,0,False,mlat
ae145a,2026-09-27 03:53:33.592408,RCH525,06-6156,5212,3825,49.581917,7.891981,C-17A Globemaster,156,249,-360,False,mlat
ae123b,2026-09-27 03:53:33.592410,MOOSE58,04-4130,2241,36000,47.046001,20.966454,C-17A Globemaster,313,438,0,False,mlat
ae20c2,2026-09-27 03:53:33.592412,MOOSE54,07-7181,0761,36000,39.37693,24.962093,C-17A Globemaster,336,468,-32,False,mlat
ae041e,2026-09-27 03:53:33.592415,UNK C/S,57-1487,6501,10750,31.392921,35.678246,KC-135R Stratotanker,189,276,-1280,False,mlat
aed555,2026-09-27 03:53:33.592417,UNK C/S,19-46110,0713,24000,24.653164,54.062008,KC-46A Pegasus,236,418,0,False,mlat
ae04ba,2026-09-27 03:53:33.592422,UNK C/S,58-0055,3134,27000,31.4,131.0,KC-135R Stratotanker,,,,False,mode_s
ae07f0,2026-09-27 03:53:33.592426,RCH553,96-0006,7420,35000,37.7,25.5,C-17A Globemaster,,,,False,mode_s
ae63ce,2026-09-27 03:54:33.830900,UNK C/S,21-46098,3737,38000,59.145786,-140.700775,KC-46A Pegasus,,,-17,False,mlat
ae117c,2026-09-27 03:54:33.830909,BANNR67,02-1110,6634,4100,47.279804,-122.531364,C-17A Globemaster,322,266,576,False,adsb_icao
ae49c2,2026-09-27 03:54:33.830912,BANNR50,09-9206,6761,24150,37.660721,-120.734779,C-17A Globemaster,261,372,-2048,False,adsb_icao
af3bca,2026-09-27 03:54:33.830915,HORSE60,19-46107,3770,31025,35.864613,-120.182045,KC-46A Pegasus,142,471,0,False,mlat
ae07a9,2026-09-27 03:54:33.830919,UNK C/S,59-1515,3521,22150,33.385311,-115.738274,KC-135R Stratotanker,262,364,,False,adsb_icao
ae1458,2026-09-27 03:54:33.830921,RCH253,06-6154,3673,30975,45.995819,-112.818016,C-17A Globemaster,43,506,0,False,mlat
ae5f95,2026-09-27 03:54:33.830925,CABAL53,18-46042,1117,36000,42.996372,-99.959511,KC-46A Pegasus,331,602,-66,False,mlat
ae5e0b,2026-09-27 03:54:33.830928,CABAL52,17-46030,2454,36000,42.217136,-99.718544,KC-46A Pegasus,329,473,-25,False,mlat
ae0812,2026-09-27 03:54:33.830930,RCH5039,00-0176,2117,34000,40.445049,-97.76059,C-17A Globemaster,286,452,0,False,adsb_icao
ae07d6,2026-09-27 03:54:33.830933,FAMUS88,92-3292,6201,35000,39.106209,-86.324463,C-17A Globemaster,148,477,-64,False,adsb_icao
ae63ba,2026-09-27 03:54:33.830935,RCH5064,20-46078,1674,33025,39.744179,-81.7276,KC-46A Pegasus,57,464,64,False,mlat
ae5bc6,2026-09-27 03:54:33.830939,GOLD22,16-46021,1503,6150,40.116119,-74.769417,KC-46A Pegasus,262,306,-127,False,mlat
ae20c8,2026-09-27 03:54:33.830941,RCH640,07-7187,3606,29000,41.447437,-69.67749,C-17A Globemaster,56,443,0,False,mlat
ae145a,2026-09-27 03:54:33.830943,RCH525,06-6156,5212,3800,49.514458,7.938062,C-17A Globemaster,173,250,32,False,mlat
ae123b,2026-09-27 03:54:33.830945,MOOSE58,04-4130,2241,36000,47.127541,20.839956,C-17A Globemaster,312,422,0,False,mlat
ae20c2,2026-09-27 03:54:33.830948,MOOSE54,07-7181,0761,36000,39.486771,24.900234,C-17A Globemaster,336,468,-96,False,mlat
aed555,2026-09-27 03:54:33.830950,UNK C/S,19-46110,0713,24000,24.648998,54.031757,KC-46A Pegasus,,,0,False,mode_s
ae04ba,2026-09-27 03:54:33.830955,UNK C/S,58-0055,3134,27000,32.0,131.2,KC-135R Stratotanker,,,,False,mode_s
ae041e,2026-09-27 03:54:33.830958,UNK C/S,57-1487,6501,9800,31.0,34.5,KC-135R Stratotanker,189,268,-1344,False,mode_s
ae07f0,2026-09-27 03:54:33.830963,RCH553,96-0006,7420,35000,37.4,26.2,C-17A Globemaster,,,,False,mode_s
ae63ce,2026-09-27 03:55:34.095452,UNK C/S,21-46098,3737,38000,59.163052,-140.824722,KC-46A Pegasus,,,-1,False,mlat
ae117c,2026-09-27 03:55:34.095462,BANNR67,02-1110,6634,5650,47.345627,-122.568146,C-17A Globemaster,21,267,1920,False,adsb_icao
ae49c2,2026-09-27 03:55:34.095465,BANNR50,09-9206,6761,22075,37.645538,-120.861488,C-17A Globemaster,261,365,-2112,False,adsb_icao
af3bca,2026-09-27 03:55:34.095468,HORSE60,19-46107,3770,31025,35.756901,-120.085495,KC-46A Pegasus,142,459,0,False,mlat
ae07a9,2026-09-27 03:55:34.095471,UNK C/S,59-1515,3521,22150,33.318413,-115.822075,KC-135R Stratotanker,196,370,,False,adsb_icao
ae1458,2026-09-27 03:55:34.095474,RCH253,06-6154,3673,30975,46.121548,-112.650589,C-17A Globemaster,43,510,79,False,mlat
ae5f95,2026-09-27 03:55:34.095478,CABAL53,18-46042,1117,36000,43.096985,-100.027336,KC-46A Pegasus,341,536,-5,False,mlat
ae5e0b,2026-09-27 03:55:34.095480,CABAL52,17-46030,2454,36025,42.279671,-99.765282,KC-46A Pegasus,329,458,0,False,mlat
ae0812,2026-09-27 03:55:34.095483,RCH5039,00-0176,2117,34000,40.48114,-97.916626,C-17A Globemaster,286,451,0,False,adsb_icao
ae07d6,2026-09-27 03:55:34.095486,FAMUS88,92-3292,6201,35000,38.993317,-86.234497,C-17A Globemaster,148,479,0,False,adsb_icao
ae63ba,2026-09-27 03:55:34.095489,RCH5064,20-46078,1674,33000,39.81245,-81.591484,KC-46A Pegasus,57,478,-78,False,mlat
ae5bc6,2026-09-27 03:55:34.095492,GOLD22,16-46021,1503,7000,40.078632,-74.874405,KC-46A Pegasus,248,318,1991,False,mlat
ae20c8,2026-09-27 03:55:34.095494,RCH640,07-7187,3606,29000,41.514896,-69.525208,C-17A Globemaster,52,428,0,False,mlat
ae145a,2026-09-27 03:55:34.095497,RCH525,06-6156,5212,3825,49.458473,7.889846,C-17A Globemaster,258,310,76,False,mlat
ae123b,2026-09-27 03:55:34.095499,MOOSE58,04-4130,2241,36000,47.214283,20.717928,C-17A Globemaster,313,433,0,False,mlat
ae20c2,2026-09-27 03:55:34.095501,MOOSE54,07-7181,0761,36000,39.611885,24.828005,C-17A Globemaster,336,474,-64,False,mlat
ae04ba,2026-09-27 03:55:34.095504,UNK C/S,58-0055,3134,27000,31.765179,130.542374,KC-135R Stratotanker,,,-52,False,mlat
ae63c6,2026-09-27 03:55:34.095508,GOLD32,21-46090,3055,1275,40.1,-74.8,KC-46A Pegasus,,,,False,mode_s
ae041e,2026-09-27 03:55:34.095511,UNK C/S,57-1487,6501,7900,30.6,34.1,KC-135R Stratotanker,,,,False,mode_s
aed555,2026-09-27 03:55:34.095515,UNK C/S,19-46110,0713,24000,24.4,54.9,KC-46A Pegasus,,,,False,mode_s
ae07f0,2026-09-27 03:55:34.095517,RCH553,96-0006,7420,35000,37.4,26.1,C-17A Globemaster,,,,False,mode_s
ae117c,2026-09-27 03:56:34.352468,BANNR67,02-1110,6634,7375,47.372723,-122.470589,C-17A Globemaster,82,277,1728,False,adsb_icao
ae49c2,2026-09-27 03:56:34.352477,BANNR50,09-9206,6761,19950,37.629944,-120.988251,C-17A Globemaster,260,361,-2112,False,adsb_icao
af3bca,2026-09-27 03:56:34.352480,HORSE60,19-46107,3770,31000,35.662632,-119.992142,KC-46A Pegasus,141,453,-75,False,mlat
ae07a9,2026-09-27 03:56:34.352484,UNK C/S,59-1515,3521,22150,33.22205,-115.779976,KC-135R Stratotanker,140,397,,False,adsb_icao
ae1458,2026-09-27 03:56:34.352487,RCH253,06-6154,3673,31000,46.235634,-112.497871,C-17A Globemaster,43,499,1,False,mlat
ae5f95,2026-09-27 03:56:34.352491,CABAL53,18-46042,1117,36025,43.235367,-100.122536,KC-46A Pegasus,329,421,76,False,mlat
ae0812,2026-09-27 03:56:34.352494,RCH5039,00-0176,2117,34000,40.517578,-98.075264,C-17A Globemaster,286,449,64,False,adsb_icao
ae07d6,2026-09-27 03:56:34.352496,FAMUS88,92-3292,6201,35000,38.880009,-86.14447,C-17A Globemaster,148,480,0,False,adsb_icao
ae63ba,2026-09-27 03:56:34.352499,RCH5064,20-46078,1674,33000,39.884007,-81.446617,KC-46A Pegasus,58,452,-51,False,mlat
ae5bc6,2026-09-27 03:56:34.352502,GOLD22,16-46021,1503,9850,40.040791,-74.981186,KC-46A Pegasus,246,333,2430,False,mlat
ae63c6,2026-09-27 03:56:34.352504,GOLD32,21-46090,3055,3575,40.07143,-74.619408,KC-46A Pegasus,340,199,1769,False,mlat
ae20c8,2026-09-27 03:56:34.352507,RCH640,07-7187,3606,29000,41.595497,-69.427071,C-17A Globemaster,55,462,0,False,mlat
ae145a,2026-09-27 03:56:34.352509,RCH525,06-6156,5212,2600,49.450867,7.781838,C-17A Globemaster,260,241,-1082,False,mlat
ae123b,2026-09-27 03:56:34.352511,MOOSE58,04-4130,2241,36000,47.299911,20.587879,C-17A Globemaster,313,429,0,False,mlat
ae20c2,2026-09-27 03:56:34.352514,MOOSE54,07-7181,0761,36000,39.742611,24.752605,C-17A Globemaster,336,468,32,False,mlat
aed555,2026-09-27 03:56:34.352516,UNK C/S,19-46110,0713,24000,24.68211,53.719719,KC-46A Pegasus,,,0,False,mlat
ae04ba,2026-09-27 03:56:34.352519,UNK C/S,58-0055,3134,27000,31.895697,130.500473,KC-135R Stratotanker,333,454,75,False,mlat
ae5e0b,2026-09-27 03:56:34.352524,CABAL52,17-46030,2454,36000,42.9,-99.5,KC-46A Pegasus,,,,False,mode_s
ae63ce,2026-09-27 03:56:34.352526,UNK C/S,21-46098,3737,38000,59.0,-143.3,KC-46A Pegasus,,,,False,mode_s
ae07f0,2026-09-27 03:56:34.352531,RCH553,96-0006,7420,35000,37.3,26.4,C-17A Globemaster,,,,False,mode_s
ae63ce,2026-09-27 03:57:34.582268,UNK C/S,21-46098,3737,38000,59.463676,-141.678314,KC-46A Pegasus,,,118,False,mlat
ae117c,2026-09-27 03:57:34.582278,BANNR67,02-1110,6634,9075,47.382263,-122.355301,C-17A Globemaster,83,291,1856,False,adsb_icao
ae49c2,2026-09-27 03:57:34.582281,BANNR50,09-9206,6761,17875,37.613602,-121.110054,C-17A Globemaster,260,348,-2176,False,adsb_icao
af3bca,2026-09-27 03:57:34.582284,HORSE60,19-46107,3770,31025,35.587757,-119.853844,KC-46A Pegasus,116,493,-3,False,mlat
ae07a9,2026-09-27 03:57:34.582287,UNK C/S,59-1515,3521,22150,33.13686,-115.695511,KC-135R Stratotanker,139,398,,False,adsb_icao
ae1458,2026-09-27 03:57:34.582291,RCH253,06-6154,3673,31000,46.235634,-112.497871,C-17A Globemaster,43,499,1,False,mode_s
ae5f95,2026-09-27 03:57:34.582294,CABAL53,18-46042,1117,36025,43.340122,-100.199188,KC-46A Pegasus,330,422,0,False,mlat
ae5e0b,2026-09-27 03:57:34.582296,CABAL52,17-46030,2454,36000,42.494106,-99.931442,KC-46A Pegasus,330,455,0,False,mlat
ae0812,2026-09-27 03:57:34.582299,RCH5039,00-0176,2117,34000,40.553097,-98.231384,C-17A Globemaster,286,448,0,False,adsb_icao
ae07d6,2026-09-27 03:57:34.582301,FAMUS88,92-3292,6201,35000,38.766129,-86.054298,C-17A Globemaster,148,480,64,False,adsb_icao
ae63ba,2026-09-27 03:57:34.582303,RCH5064,20-46078,1674,33000,39.957867,-81.299713,KC-46A Pegasus,57,483,0,False,mlat
ae5bc6,2026-09-27 03:57:34.582306,GOLD22,16-46021,1503,10150,40.047714,-75.086761,KC-46A Pegasus,308,324,0,False,mlat
ae63c6,2026-09-27 03:57:34.582308,GOLD32,21-46090,3055,5700,40.103939,-74.701797,KC-46A Pegasus,281,292,2660,False,mlat
ae20c8,2026-09-27 03:57:34.582311,RCH640,07-7187,3606,29000,41.639786,-69.312523,C-17A Globemaster,60,476,0,False,mlat
ae145a,2026-09-27 03:57:34.582313,RCH525,06-6156,5212,1550,49.442532,7.69793,C-17A Globemaster,264,137,-847,False,mlat
ae123b,2026-09-27 03:57:34.582315,MOOSE58,04-4130,2241,36000,47.377884,20.470011,C-17A Globemaster,314,425,0,False,mlat
ae20c2,2026-09-27 03:57:34.582317,MOOSE54,07-7181,0761,36000,39.844929,24.694851,C-17A Globemaster,336,470,160,False,mlat
aed555,2026-09-27 03:57:34.582319,UNK C/S,19-46110,0713,24000,24.690172,53.658039,KC-46A Pegasus,,,0,False,mode_s
ae04ba,2026-09-27 03:57:34.582322,UNK C/S,58-0055,3134,27000,31.985071,130.465378,KC-135R Stratotanker,351,474,0,False,mlat
ae07f0,2026-09-27 03:57:34.582329,RCH553,96-0006,7420,35000,37.2,26.9,C-17A Globemaster,,,,False,mode_s
ae63ce,2026-09-27 03:58:34.820585,UNK C/S,21-46098,3737,38000,59.237843,-141.306503,KC-46A Pegasus,,,,False,mode_s
ae117c,2026-09-27 03:58:34.820595,BANNR67,02-1110,6634,10800,47.391769,-122.232445,C-17A Globemaster,83,302,1728,False,adsb_icao
ae49c2,2026-09-27 03:58:34.820598,BANNR50,09-9206,6761,16125,37.597263,-121.230247,C-17A Globemaster,260,339,-1088,False,adsb_icao
af3bca,2026-09-27 03:58:34.820601,HORSE60,19-46107,3770,31025,35.525978,-119.713715,KC-46A Pegasus,117,472,-17,False,mlat
ae07a9,2026-09-27 03:58:34.820605,UNK C/S,59-1515,3521,22150,33.051544,-115.610062,KC-135R Stratotanker,140,395,,False,adsb_icao
ae5f95,2026-09-27 03:58:34.820608,CABAL53,18-46042,1117,36000,43.4566,-100.280792,KC-46A Pegasus,305,286,-29,False,mlat
ae5e0b,2026-09-27 03:58:34.820610,CABAL52,17-46030,2454,36000,42.599419,-100.007126,KC-46A Pegasus,334,459,75,False,mlat
ae0812,2026-09-27 03:58:34.820613,RCH5039,00-0176,2117,34000,40.588852,-98.389587,C-17A Globemaster,286,448,,False,adsb_icao
ae07d6,2026-09-27 03:58:34.820616,FAMUS88,92-3292,6201,35000,38.652416,-85.964661,C-17A Globemaster,148,479,0,False,adsb_icao
ae63ba,2026-09-27 03:58:34.820618,RCH5064,20-46078,1674,33025,40.02623,-81.159653,KC-46A Pegasus,57,459,75,False,mlat
ae5bc6,2026-09-27 03:58:34.820621,GOLD22,16-46021,1503,10150,40.085506,-75.187721,KC-46A Pegasus,296,304,0,False,mlat
ae63c6,2026-09-27 03:58:34.820623,GOLD32,21-46090,3055,6150,40.129871,-74.803841,KC-46A Pegasus,288,306,-75,False,mlat
ae20c8,2026-09-27 03:58:34.820625,RCH640,07-7187,3606,29000,41.717808,-69.084404,C-17A Globemaster,60,473,0,False,mlat
ae145a,2026-09-27 03:58:34.820628,RCH525,06-6156,5212,800,49.438515,7.638617,C-17A Globemaster,280,182,-699,False,mlat
ae123b,2026-09-27 03:58:34.820630,MOOSE58,04-4130,2241,36000,47.465565,20.334955,C-17A Globemaster,314,434,0,False,mlat
ae20c2,2026-09-27 03:58:34.820632,MOOSE54,07-7181,0761,36025,39.976723,24.618589,C-17A Globemaster,336,474,128,False,mlat
ae04ba,2026-09-27 03:58:34.820639,UNK C/S,58-0055,3134,27000,32.7,130.7,KC-135R Stratotanker,,,,False,mode_s
ae1458,2026-09-27 03:58:34.820642,RCH253,06-6154,3673,31000,46.7,-111.5,C-17A Globemaster,,,,False,mode_s
aed555,2026-09-27 03:58:34.820645,UNK C/S,19-46110,0713,24000,24.6,54.9,KC-46A Pegasus,,,,False,mode_s
ae07f0,2026-09-27 03:58:34.820648,RCH553,96-0006,7420,35000,37.1,27.0,C-17A Globemaster,,,,False,mode_s
ae63ce,2026-09-27 03:59:35.039380,UNK C/S,21-46098,3737,38000,59.267967,-141.4879,KC-46A Pegasus,,,0,False,mode_s
ae117c,2026-09-27 03:59:35.039390,BANNR67,02-1110,6634,12525,47.401108,-122.107956,C-17A Globemaster,83,309,1856,False,adsb_icao
ae49c2,2026-09-27 03:59:35.039393,BANNR50,09-9206,6761,14850,37.582741,-121.346916,C-17A Globemaster,261,333,-1856,False,adsb_icao
af3bca,2026-09-27 03:59:35.039396,HORSE60,19-46107,3770,31025,35.458569,-119.568146,KC-46A Pegasus,116,488,-1,False,mlat
ae07a9,2026-09-27 03:59:35.039399,UNK C/S,59-1515,3521,22100,32.968689,-115.525139,KC-135R Stratotanker,131,396,,False,adsb_icao
ae5f95,2026-09-27 03:59:35.039403,CABAL53,18-46042,1117,36000,43.568329,-100.360405,KC-46A Pegasus,339,542,-53,False,mlat
ae0812,2026-09-27 03:59:35.039405,RCH5039,00-0176,2117,34000,40.623825,-98.545349,C-17A Globemaster,286,446,,False,adsb_icao
ae07d6,2026-09-27 03:59:35.039408,FAMUS88,92-3292,6201,35000,38.538502,-85.875183,C-17A Globemaster,148,481,0,False,adsb_icao
ae63ba,2026-09-27 03:59:35.039411,RCH5064,20-46078,1674,33000,40.096832,-81.018471,KC-46A Pegasus,56,456,0,False,mlat
ae5bc6,2026-09-27 03:59:35.039414,GOLD22,16-46021,1503,10150,40.121887,-75.284126,KC-46A Pegasus,296,311,0,False,mlat
ae63c6,2026-09-27 03:59:35.039416,GOLD32,21-46090,3055,6150,40.088455,-74.896278,KC-46A Pegasus,218,324,0,False,mlat
ae20c8,2026-09-27 03:59:35.039419,RCH640,07-7187,3606,29000,41.784843,-68.933632,C-17A Globemaster,60,479,0,False,mlat
ae123b,2026-09-27 03:59:35.039421,MOOSE58,04-4130,2241,36000,47.547668,20.210693,C-17A Globemaster,311,460,0,False,mlat
ae20c2,2026-09-27 03:59:35.039424,MOOSE54,07-7181,0761,36000,40.099895,24.547522,C-17A Globemaster,335,470,0,False,mlat
ae5e0b,2026-09-27 03:59:35.039429,CABAL52,17-46030,2454,36000,43.4,-100.2,KC-46A Pegasus,,,,False,mode_s
ae04ba,2026-09-27 03:59:35.039433,UNK C/S,58-0055,3134,27000,33.4,130.8,KC-135R Stratotanker,,,,False,mode_s
ae1458,2026-09-27 03:59:35.039436,RCH253,06-6154,3673,30975,46.9,-111.4,C-17A Globemaster,,,,False,mode_s
aed555,2026-09-27 03:59:35.039439,UNK C/S,19-46110,0713,24000,24.4,54.8,KC-46A Pegasus,,,,False,mode_s
ae07f0,2026-09-27 03:59:35.039442,RCH553,96-0006,7420,35000,37.1,27.0,C-17A Globemaster,,,,False,mode_s
ae117c,2026-09-27 04:00:35.280237,BANNR67,02-1110,6634,14175,47.410614,-121.979721,C-17A Globemaster,83,318,1536,False,adsb_icao
ae49c2,2026-09-27 04:00:35.280246,BANNR50,09-9206,6761,13050,37.570267,-121.458763,C-17A Globemaster,262,310,-1792,False,adsb_icao
af3bca,2026-09-27 04:00:35.280250,HORSE60,19-46107,3770,31000,35.389561,-119.422226,KC-46A Pegasus,123,496,-14,False,mlat
ae07a9,2026-09-27 04:00:35.280253,UNK C/S,59-1515,3521,22125,32.967365,-115.399887,KC-135R Stratotanker,53,413,,False,adsb_icao
ae5f95,2026-09-27 04:00:35.280257,CABAL53,18-46042,1117,36000,43.689117,-100.44622,KC-46A Pegasus,331,442,0,False,mlat
ae0812,2026-09-27 04:00:35.280260,RCH5039,00-0176,2117,34000,40.65921,-98.704041,C-17A Globemaster,286,449,,False,adsb_icao
ae07d6,2026-09-27 04:00:35.280263,FAMUS88,92-3292,6201,35000,38.423656,-85.785339,C-17A Globemaster,148,479,0,False,adsb_icao
ae63ba,2026-09-27 04:00:35.280266,RCH5064,20-46078,1674,33025,40.161827,-80.886002,KC-46A Pegasus,57,458,75,False,mlat
ae5bc6,2026-09-27 04:00:35.280269,GOLD22,16-46021,1503,10750,40.159809,-75.388664,KC-46A Pegasus,295,320,1236,False,mlat
ae63c6,2026-09-27 04:00:35.280272,GOLD32,21-46090,3055,6150,40.029514,-74.979927,KC-46A Pegasus,228,328,0,False,mlat
ae20c8,2026-09-27 04:00:35.280274,RCH640,07-7187,3606,29000,41.850452,-68.796928,C-17A Globemaster,58,461,0,False,mlat
ae123b,2026-09-27 04:00:35.280276,MOOSE58,04-4130,2241,36000,47.622494,20.098316,C-17A Globemaster,315,425,0,False,mlat
ae20c2,2026-09-27 04:00:35.280278,MOOSE54,07-7181,0761,36000,40.211224,24.482529,C-17A Globemaster,335,470,-32,False,mlat
ae04ba,2026-09-27 04:00:35.280282,UNK C/S,58-0055,3134,27000,32.33733,130.334549,KC-135R Stratotanker,336,399,-25,False,mlat
ae5e0b,2026-09-27 04:00:35.280286,CABAL52,17-46030,2454,36000,43.7,-100.6,KC-46A Pegasus,,,,False,mode_s
ae63ce,2026-09-27 04:00:35.280290,UNK C/S,21-46098,3737,38000,58.9,-143.8,KC-46A Pegasus,,,,False,mode_s
ae1458,2026-09-27 04:00:35.280294,RCH253,06-6154,3673,31000,47.0,-111.3,C-17A Globemaster,,,,False,mode_s
aed555,2026-09-27 04:00:35.280297,UNK C/S,19-46110,0713,24000,24.2,54.6,KC-46A Pegasus,,,,False,mode_s
ae07f0,2026-09-27 04:00:35.280299,RCH553,96-0006,7420,35000,37.1,27.0,C-17A Globemaster,,,,False,mode_s
ae117c,2026-09-27 04:01:35.545208,BANNR67,02-1110,6634,14700,47.420746,-121.841469,C-17A Globemaster,83,361,1024,False,adsb_icao
ae49c2,2026-09-27 04:01:35.545216,BANNR50,09-9206,6761,11250,37.558205,-121.562828,C-17A Globemaster,261,298,-1856,False,adsb_icao
af3bca,2026-09-27 04:01:35.545220,HORSE60,19-46107,3770,31000,35.322601,-119.283371,KC-46A Pegasus,121,494,-12,False,mlat
ae07a9,2026-09-27 04:01:35.545223,UNK C/S,59-1515,3521,22150,33.067108,-115.370834,KC-135R Stratotanker,336,380,,False,adsb_icao
ae5f95,2026-09-27 04:01:35.545227,CABAL53,18-46042,1117,36000,43.79686,-100.522285,KC-46A Pegasus,332,448,0,False,mlat
ae5e0b,2026-09-27 04:01:35.545229,CABAL52,17-46030,2454,36000,42.98785,-100.240273,KC-46A Pegasus,338,490,-38,False,mlat
ae0812,2026-09-27 04:01:35.545232,RCH5039,00-0176,2117,34000,40.693966,-98.861099,C-17A Globemaster,286,445,,False,adsb_icao
ae07d6,2026-09-27 04:01:35.545235,FAMUS88,92-3292,6201,35000,38.310863,-85.697357,C-17A Globemaster,148,479,0,False,adsb_icao
ae63ba,2026-09-27 04:01:35.545238,RCH5064,20-46078,1674,33000,40.231842,-80.741653,KC-46A Pegasus,59,471,0,False,mlat
ae5bc6,2026-09-27 04:01:35.545240,GOLD22,16-46021,1503,13025,40.201191,-75.503098,KC-46A Pegasus,294,352,1925,False,mlat
ae63c6,2026-09-27 04:01:35.545242,GOLD32,21-46090,3055,6150,39.99403,-75.081123,KC-46A Pegasus,259,329,0,False,mlat
ae20c8,2026-09-27 04:01:35.545245,RCH640,07-7187,3606,29000,41.887917,-68.703667,C-17A Globemaster,59,472,0,False,mlat
ae123b,2026-09-27 04:01:35.545247,MOOSE58,04-4130,2241,36000,47.713528,19.956327,C-17A Globemaster,315,438,0,False,mlat
ae20c2,2026-09-27 04:01:35.545249,MOOSE54,07-7181,0761,36000,40.339378,24.407772,C-17A Globemaster,335,464,-64,False,mlat
ae04ba,2026-09-27 04:01:35.545253,UNK C/S,58-0055,3134,27000,32.467033,130.2789,KC-135R Stratotanker,340,409,0,False,mlat
ae63ce,2026-09-27 04:01:35.545259,UNK C/S,21-46098,3737,38000,59.0,-143.6,KC-46A Pegasus,,,,False,mode_s
ae1458,2026-09-27 04:01:35.545262,RCH253,06-6154,3673,31000,47.2,-111.2,C-17A Globemaster,,,,False,mode_s
aed555,2026-09-27 04:01:35.545265,UNK C/S,19-46110,0713,24000,24.4,54.9,KC-46A Pegasus,,,,False,mode_s
ae07f0,2026-09-27 04:01:35.545268,RCH553,96-0006,7420,35000,37.1,27.0,C-17A Globemaster,,,,False,mode_s
ae117c,2026-09-27 04:02:35.760497,BANNR67,02-1110,6634,15950,47.434635,-121.691193,C-17A Globemaster,76,373,1024,False,adsb_icao
ae49c2,2026-09-27 04:02:35.760505,BANNR50,09-9206,6761,9700,37.542252,-121.66143,C-17A Globemaster,253,273,-1216,False,adsb_icao
af3bca,2026-09-27 04:02:35.760509,HORSE60,19-46107,3770,31025,35.258434,-119.137932,KC-46A Pegasus,116,485,37,False,mlat
ae07a9,2026-09-27 04:02:35.760513,UNK C/S,59-1515,3521,22150,33.148125,-115.44809,KC-135R Stratotanker,319,371,,False,adsb_icao
ae5f95,2026-09-27 04:02:35.760516,CABAL53,18-46042,1117,36025,43.906792,-100.596687,KC-46A Pegasus,336,387,74,False,mlat
ae0812,2026-09-27 04:02:35.760519,RCH5039,00-0176,2117,34025,40.727295,-99.018837,C-17A Globemaster,280,446,,False,adsb_icao
ae07d6,2026-09-27 04:02:35.760522,FAMUS88,92-3292,6201,34975,38.195412,-85.607735,C-17A Globemaster,148,484,64,False,adsb_icao
ae63ba,2026-09-27 04:02:35.760525,RCH5064,20-46078,1674,33000,40.305138,-80.589378,KC-46A Pegasus,59,463,-4,False,mlat
ae5bc6,2026-09-27 04:02:35.760528,GOLD22,16-46021,1503,15500,40.258015,-75.613762,KC-46A Pegasus,310,371,3548,False,mlat
ae63c6,2026-09-27 04:02:35.760530,GOLD32,21-46090,3055,7850,39.970161,-75.192314,KC-46A Pegasus,253,302,2135,False,mlat
ae20c8,2026-09-27 04:02:35.760533,RCH640,07-7187,3606,29000,41.939327,-68.581032,C-17A Globemaster,,,0,False,mode_s
ae123b,2026-09-27 04:02:35.760536,MOOSE58,04-4130,2241,36000,47.794842,19.830044,C-17A Globemaster,313,422,0,False,mlat
ae20c2,2026-09-27 04:02:35.760538,MOOSE54,07-7181,0761,36000,40.453342,24.340591,C-17A Globemaster,335,460,128,False,mlat
ae04ba,2026-09-27 04:02:35.760541,UNK C/S,58-0055,3134,27000,32.570717,130.241592,KC-135R Stratotanker,346,405,0,False,mlat
ae5e0b,2026-09-27 04:02:35.760546,CABAL52,17-46030,2454,36000,43.8,-101.1,KC-46A Pegasus,,,,False,mode_s
ae63ce,2026-09-27 04:02:35.760549,UNK C/S,21-46098,3737,38000,58.9,-143.6,KC-46A Pegasus,,,,False,mode_s
ae1458,2026-09-27 04:02:35.760552,RCH253,06-6154,3673,31000,46.8,-110.8,C-17A Globemaster,,,,False,mode_s
aed555,2026-09-27 04:02:35.760555,UNK C/S,19-46110,0713,24000,24.6,54.3,KC-46A Pegasus,,,,False,mode_s
ae07f0,2026-09-27 04:02:35.760557,RCH553,96-0006,7420,35000,37.1,27.0,C-17A Globemaster,,,,False,mode_s
ae49c2,2026-09-27 04:03:36.011924,BANNR50,09-9206,6761,8675,37.521332,-121.748093,C-17A Globemaster,253,254,-1024,False,adsb_icao
ae117c,2026-09-27 04:03:36.011933,BANNR67,02-1110,6634,16950,47.4608,-121.542503,C-17A Globemaster,75,378,1024,False,adsb_icao
af3bca,2026-09-27 04:03:36.011937,HORSE60,19-46107,3770,31025,35.184731,-118.984718,KC-46A Pegasus,120,497,-10,False,mlat
ae07a9,2026-09-27 04:03:36.011940,UNK C/S,59-1515,3521,22150,33.22731,-115.527016,KC-135R Stratotanker,319,372,,False,adsb_icao
ae5f95,2026-09-27 04:03:36.011944,CABAL53,18-46042,1117,36025,44.025009,-100.681793,KC-46A Pegasus,331,469,79,False,mlat
ae5e0b,2026-09-27 04:03:36.011946,CABAL52,17-46030,2454,36000,43.260994,-100.40461,KC-46A Pegasus,334,511,55,False,mlat
ae0812,2026-09-27 04:03:36.011949,RCH5039,00-0176,2117,34000,40.744755,-99.179703,C-17A Globemaster,278,448,,False,adsb_icao
ae07d6,2026-09-27 04:03:36.011952,FAMUS88,92-3292,6201,35000,38.080708,-85.518951,C-17A Globemaster,148,480,0,False,adsb_icao
ae63ba,2026-09-27 04:03:36.011954,RCH5064,20-46078,1674,33000,40.372417,-80.449966,KC-46A Pegasus,58,467,-60,False,mlat
ae5bc6,2026-09-27 04:03:36.011957,GOLD22,16-46021,1503,17100,40.327911,-75.720322,KC-46A Pegasus,310,379,494,False,mlat
ae63c6,2026-09-27 04:03:36.011959,GOLD32,21-46090,3055,10025,39.987923,-75.286072,KC-46A Pegasus,330,336,1942,False,mlat
ae20c8,2026-09-27 04:03:36.011962,RCH640,07-7187,3606,29000,42.002525,-68.451782,C-17A Globemaster,,,0,False,mode_s
ae123b,2026-09-27 04:03:36.011965,MOOSE58,04-4130,2241,36000,47.876183,19.704071,C-17A Globemaster,312,437,0,False,mlat
ae20c2,2026-09-27 04:03:36.011967,MOOSE54,07-7181,0761,36000,40.566128,24.274374,C-17A Globemaster,335,460,0,False,mlat
ae04ba,2026-09-27 04:03:36.011971,UNK C/S,58-0055,3134,27000,32.680855,130.19957,KC-135R Stratotanker,344,417,0,False,mlat
ae63ce,2026-09-27 04:03:36.011976,UNK C/S,21-46098,3737,38000,59.0,-143.6,KC-46A Pegasus,,,,False,mode_s
ae1458,2026-09-27 04:03:36.011979,RCH253,06-6154,3673,31000,46.8,-110.9,C-17A Globemaster,,,,False,mode_s
aed555,2026-09-27 04:03:36.011982,UNK C/S,19-46110,0713,23975,24.5,54.0,KC-46A Pegasus,,,,False,mode_s
ae49c2,2026-09-27 04:04:36.318318,BANNR50,09-9206,6761,7650,37.500759,-121.8339,C-17A Globemaster,253,254,-1280,False,adsb_icao
ae117c,2026-09-27 04:04:36.318327,BANNR67,02-1110,6634,18000,47.488216,-121.389908,C-17A Globemaster,75,387,1024,False,adsb_icao
af3bca,2026-09-27 04:04:36.318331,HORSE60,19-46107,3770,31025,35.118717,-118.844604,KC-46A Pegasus,120,462,-32,False,mlat
ae07a9,2026-09-27 04:04:36.318334,UNK C/S,59-1515,3521,22150,33.307613,-115.607391,KC-135R Stratotanker,319,374,,False,adsb_icao
ae5f95,2026-09-27 04:04:36.318338,CABAL53,18-46042,1117,36000,44.114689,-100.750427,KC-46A Pegasus,331,509,0,False,mlat
ae5e0b,2026-09-27 04:04:36.318340,CABAL52,17-46030,2454,36000,43.353172,-100.459854,KC-46A Pegasus,329,382,0,False,mlat
ae0812,2026-09-27 04:04:36.318343,RCH5039,00-0176,2117,34000,40.762348,-99.343246,C-17A Globemaster,278,444,,False,adsb_icao
ae07d6,2026-09-27 04:04:36.318346,FAMUS88,92-3292,6201,35000,37.966003,-85.430565,C-17A Globemaster,148,482,0,False,adsb_icao
ae63ba,2026-09-27 04:04:36.318348,RCH5064,20-46078,1674,33000,40.442013,-80.304001,KC-46A Pegasus,58,442,-72,False,mlat
ae5bc6,2026-09-27 04:04:36.318351,GOLD22,16-46021,1503,17075,40.395527,-75.82093,KC-46A Pegasus,311,378,0,False,mlat
ae63c6,2026-09-27 04:04:36.318353,GOLD32,21-46090,3055,10150,40.049168,-75.356377,KC-46A Pegasus,317,306,0,False,mlat
ae123b,2026-09-27 04:04:36.318356,MOOSE58,04-4130,2241,36000,47.959267,19.575727,C-17A Globemaster,309,447,0,False,mlat
ae20c2,2026-09-27 04:04:36.318358,MOOSE54,07-7181,0761,36000,40.682632,24.205868,C-17A Globemaster,335,458,160,False,mlat
ae04ba,2026-09-27 04:04:36.318361,UNK C/S,58-0055,3134,27000,32.79425,130.157333,KC-135R Stratotanker,342,416,0,False,mlat
ae63ce,2026-09-27 04:04:36.318367,UNK C/S,21-46098,3737,38000,59.1,-143.9,KC-46A Pegasus,,,,False,mode_s
ae1458,2026-09-27 04:04:36.318370,RCH253,06-6154,3673,31000,46.9,-111.3,C-17A Globemaster,,,,False,mode_s
ae20c8,2026-09-27 04:04:36.318373,RCH640,07-7187,3606,29000,42.9,-69.8,C-17A Globemaster,,,,False,mode_s
aed555,2026-09-27 04:04:36.318376,UNK C/S,19-46110,0713,23550,25.0,53.9,KC-46A Pegasus,,,,False,mode_s
ae63ce,2026-09-27 04:05:36.587523,UNK C/S,21-46098,3737,38000,59.764084,-142.813293,KC-46A Pegasus,,,11,False,mlat
ae49c2,2026-09-27 04:05:36.587532,BANNR50,09-9206,6761,6625,37.492149,-121.921669,C-17A Globemaster,272,256,-1024,False,adsb_icao
ae117c,2026-09-27 04:05:36.587535,BANNR67,02-1110,6634,19000,47.494263,-121.231728,C-17A Globemaster,98,397,1280,False,adsb_icao
af3bca,2026-09-27 04:05:36.587538,HORSE60,19-46107,3770,31000,35.050289,-118.696289,KC-46A Pegasus,119,494,-47,False,mlat
ae07a9,2026-09-27 04:05:36.587542,UNK C/S,59-1515,3521,22150,33.379398,-115.693604,KC-135R Stratotanker,293,359,,False,adsb_icao
ae5f95,2026-09-27 04:05:36.587546,CABAL53,18-46042,1117,36000,44.243412,-100.84407,KC-46A Pegasus,333,434,-7,False,mlat
ae5e0b,2026-09-27 04:05:36.587548,CABAL52,17-46030,2454,36000,43.482574,-100.541565,KC-46A Pegasus,323,323,78,False,mlat
ae0812,2026-09-27 04:05:36.587550,RCH5039,00-0176,2117,34000,40.779282,-99.503113,C-17A Globemaster,277,445,,False,adsb_icao
ae07d6,2026-09-27 04:05:36.587553,FAMUS88,92-3292,6201,35000,37.851242,-85.342438,C-17A Globemaster,148,482,0,False,adsb_icao
ae63ba,2026-09-27 04:05:36.587556,RCH5064,20-46078,1674,33000,40.509212,-80.163795,KC-46A Pegasus,58,463,0,False,mlat
ae5bc6,2026-09-27 04:05:36.587559,GOLD22,16-46021,1503,17100,40.463924,-75.924683,KC-46A Pegasus,311,389,0,False,mlat
ae63c6,2026-09-27 04:05:36.587561,GOLD32,21-46090,3055,11125,40.111172,-75.427673,KC-46A Pegasus,319,300,1705,False,mlat
ae123b,2026-09-27 04:05:36.587564,MOOSE58,04-4130,2241,36000,48.039593,19.445705,C-17A Globemaster,315,416,0,False,mlat
ae20c2,2026-09-27 04:05:36.587566,MOOSE54,07-7181,0761,36000,40.796833,24.137993,C-17A Globemaster,335,454,0,False,mlat
ae04ba,2026-09-27 04:05:36.587569,UNK C/S,58-0055,3134,26975,32.908207,130.10704,KC-135R Stratotanker,341,436,-75,False,mlat
ae1458,2026-09-27 04:05:36.587574,RCH253,06-6154,3673,31000,46.4,-110.8,C-17A Globemaster,,,,False,mode_s
ae20c8,2026-09-27 04:05:36.587577,RCH640,07-7187,3606,29000,42.1,-69.7,C-17A Globemaster,,,,False,mode_s
aed555,2026-09-27 04:05:36.587580,UNK C/S,19-46110,0713,23075,24.7,54.8,KC-46A Pegasus,,,,False,mode_s
ae63ce,2026-09-27 04:06:36.857503,UNK C/S,21-46098,3737,38000,59.797104,-142.940338,KC-46A Pegasus,,,-21,False,mlat
ae49c2,2026-09-27 04:06:36.857512,BANNR50,09-9206,6761,6025,37.499725,-122.002182,C-17A Globemaster,292,210,-384,False,adsb_icao
ae117c,2026-09-27 04:06:36.857515,BANNR67,02-1110,6634,20200,47.479092,-121.067368,C-17A Globemaster,97,404,1088,False,adsb_icao
af3bca,2026-09-27 04:06:36.857518,HORSE60,19-46107,3770,31025,34.972134,-118.56221,KC-46A Pegasus,131,465,-4,False,mlat
ae07a9,2026-09-27 04:06:36.857521,UNK C/S,59-1515,3521,22150,33.353794,-115.797974,KC-135R Stratotanker,224,339,,False,adsb_icao
ae5f95,2026-09-27 04:06:36.857526,CABAL53,18-46042,1117,36000,44.365856,-100.933708,KC-46A Pegasus,331,447,-34,False,mlat
ae5e0b,2026-09-27 04:06:36.857528,CABAL52,17-46030,2454,36000,43.608925,-100.613007,KC-46A Pegasus,342,484,0,False,mlat
ae0812,2026-09-27 04:06:36.857530,RCH5039,00-0176,2117,34000,40.796288,-99.665657,C-17A Globemaster,277,448,,False,adsb_icao
ae07d6,2026-09-27 04:06:36.857534,FAMUS88,92-3292,6201,35000,37.736595,-85.254623,C-17A Globemaster,148,481,0,False,adsb_icao
ae63ba,2026-09-27 04:06:36.857536,RCH5064,20-46078,1674,33000,40.574615,-80.026398,KC-46A Pegasus,58,465,0,False,mlat
ae5bc6,2026-09-27 04:06:36.857539,GOLD22,16-46021,1503,17075,40.53574,-76.033005,KC-46A Pegasus,312,380,-75,False,mlat
ae63c6,2026-09-27 04:06:36.857541,GOLD32,21-46090,3055,13400,40.17009,-75.497391,KC-46A Pegasus,318,293,2511,False,mlat
ae20c8,2026-09-27 04:06:36.857544,RCH640,07-7187,3606,29000,42.232658,-67.939049,C-17A Globemaster,,,-1,False,mlat
ae123b,2026-09-27 04:06:36.857546,MOOSE58,04-4130,2241,36000,48.117233,19.312607,C-17A Globemaster,304,420,0,False,mlat
ae20c2,2026-09-27 04:06:36.857548,MOOSE54,07-7181,0761,36000,40.916943,24.06591,C-17A Globemaster,335,454,0,False,mlat
ae04ba,2026-09-27 04:06:36.857552,UNK C/S,58-0055,3134,27000,33.020779,130.066132,KC-135R Stratotanker,344,404,31,False,mlat
ae1458,2026-09-27 04:06:36.857558,RCH253,06-6154,3673,31000,47.0,-110.1,C-17A Globemaster,,,,False,mode_s
aed555,2026-09-27 04:06:36.857561,UNK C/S,19-46110,0713,22375,24.6,54.1,KC-46A Pegasus,,,,False,mode_s
ae63ce,2026-09-27 04:07:37.074961,UNK C/S,21-46098,3737,38000,59.79578,-143.154724,KC-46A Pegasus,,,54,False,mlat
ae49c2,2026-09-27 04:07:37.074970,BANNR50,09-9206,6761,5000,37.520916,-122.068138,C-17A Globemaster,291,204,-1472,False,adsb_icao
ae117c,2026-09-27 04:07:37.074973,BANNR67,02-1110,6634,21275,47.463406,-120.90313,C-17A Globemaster,98,411,896,False,adsb_icao
af3bca,2026-09-27 04:07:37.074976,HORSE60,19-46107,3770,31000,34.88615,-118.43145,KC-46A Pegasus,132,475,0,False,mlat
ae07a9,2026-09-27 04:07:37.074979,UNK C/S,59-1515,3521,22150,33.263435,-115.81591,KC-135R Stratotanker,157,360,,False,adsb_icao
ae5f95,2026-09-27 04:07:37.074983,CABAL53,18-46042,1117,36000,44.459816,-101.001945,KC-46A Pegasus,333,451,37,False,mlat
ae5e0b,2026-09-27 04:07:37.074985,CABAL52,17-46030,2454,36025,43.713566,-100.68071,KC-46A Pegasus,333,370,81,False,mlat
ae0812,2026-09-27 04:07:37.074987,RCH5039,00-0176,2117,34000,40.813091,-99.827835,C-17A Globemaster,277,445,,False,adsb_icao
ae07d6,2026-09-27 04:07:37.074991,FAMUS88,92-3292,6201,35000,37.622223,-85.16748,C-17A Globemaster,148,482,0,False,adsb_icao
ae63ba,2026-09-27 04:07:37.074993,RCH5064,20-46078,1674,33025,40.644318,-79.881569,KC-46A Pegasus,58,462,57,False,mlat
ae5bc6,2026-09-27 04:07:37.074996,GOLD22,16-46021,1503,17100,40.59774,-76.129692,KC-46A Pegasus,308,370,0,False,mlat
ae63c6,2026-09-27 04:07:37.074998,GOLD32,21-46090,3055,15175,40.234188,-75.579323,KC-46A Pegasus,312,405,1652,False,mlat
ae20c8,2026-09-27 04:07:37.075001,RCH640,07-7187,3606,29000,42.314171,-67.667755,C-17A Globemaster,,,75,False,mlat
ae123b,2026-09-27 04:07:37.075003,MOOSE58,04-4130,2241,36000,48.187092,19.167074,C-17A Globemaster,307,438,0,False,mlat
ae20c2,2026-09-27 04:07:37.075006,MOOSE54,07-7181,0761,36000,41.027561,24.000034,C-17A Globemaster,335,454,128,False,mlat
ae04ba,2026-09-27 04:07:37.075009,UNK C/S,58-0055,3134,27000,33.124027,130.020477,KC-135R Stratotanker,327,448,-1,False,mlat
7cf925,2026-09-27 04:07:37.075012,ASY753,A41-211,6111,1000,42.757999,141.674194,C-17A Globemaster,174,164,2400,False,adsb_icao
0e587b,2026-09-27 04:07:37.075015,UNK C/S,60-0022,Unavailable,Unavailable,35.1,140.5,B-52H Stratofortress,,,,False,mode_s
ae1458,2026-09-27 04:07:37.075020,RCH253,06-6154,3673,30975,47.2,-109.8,C-17A Globemaster,,,,False,mode_s
aed555,2026-09-27 04:07:37.075023,UNK C/S,19-46110,0713,20725,24.6,54.2,KC-46A Pegasus,,,,False,mode_s
ae63ce,2026-09-27 04:08:37.346752,UNK C/S,21-46098,3737,38025,60.047028,-143.298843,KC-46A Pegasus,310,452,80,False,mlat
ae49c2,2026-09-27 04:08:37.346762,BANNR50,09-9206,6761,3600,37.542252,-122.134659,C-17A Globemaster,292,203,-1408,False,adsb_icao
ae117c,2026-09-27 04:08:37.346765,BANNR67,02-1110,6634,22250,47.446693,-120.733971,C-17A Globemaster,98,418,640,False,adsb_icao
af3bca,2026-09-27 04:08:37.346768,HORSE60,19-46107,3770,31025,34.807117,-118.319473,KC-46A Pegasus,130,451,0,False,mlat
ae07a9,2026-09-27 04:08:37.346771,UNK C/S,59-1515,3521,22150,33.182693,-115.739975,KC-135R Stratotanker,140,371,,False,adsb_icao
ae5f95,2026-09-27 04:08:37.346775,CABAL53,18-46042,1117,36025,44.537121,-101.05043,KC-46A Pegasus,340,411,0,False,mlat
ae5e0b,2026-09-27 04:08:37.346777,CABAL52,17-46030,2454,36000,43.827251,-100.747223,KC-46A Pegasus,339,455,17,False,mlat
ae0812,2026-09-27 04:08:37.346794,RCH5039,00-0176,2117,34000,40.829662,-99.989944,C-17A Globemaster,277,442,,False,adsb_icao
ae07d6,2026-09-27 04:08:37.346799,FAMUS88,92-3292,6201,35000,37.506317,-85.079414,C-17A Globemaster,148,482,-64,False,adsb_icao
ae63ba,2026-09-27 04:08:37.346803,RCH5064,20-46078,1674,33025,40.711735,-79.73761,KC-46A Pegasus,56,458,53,False,mlat
ae5bc6,2026-09-27 04:08:37.346807,GOLD22,16-46021,1503,17075,40.670334,-76.22863,KC-46A Pegasus,327,374,-2,False,mlat
ae63c6,2026-09-27 04:08:37.346811,GOLD32,21-46090,3055,16950,40.311111,-75.694344,KC-46A Pegasus,311,417,1983,False,mlat
ae20c8,2026-09-27 04:08:37.346814,RCH640,07-7187,3606,29000,42.345501,-67.537712,C-17A Globemaster,,,-31,False,mlat
ae123b,2026-09-27 04:08:37.346817,MOOSE58,04-4130,2241,36000,48.256229,19.021456,C-17A Globemaster,306,418,0,False,mlat
ae20c2,2026-09-27 04:08:37.346819,MOOSE54,07-7181,0761,36000,41.146965,23.928221,C-17A Globemaster,335,452,0,False,mlat
ae04ba,2026-09-27 04:08:37.346822,UNK C/S,58-0055,3134,27000,33.219646,129.953003,KC-135R Stratotanker,332,385,0,False,mlat
7cf925,2026-09-27 04:08:37.346825,ASY753,A41-211,6111,2350,42.707336,141.682938,C-17A Globemaster,170,209,1088,False,adsb_icao
ae1458,2026-09-27 04:08:37.346830,RCH253,06-6154,3673,30975,47.1,-110.1,C-17A Globemaster,,,,False,mode_s
ae63ce,2026-09-27 04:09:37.617670,UNK C/S,21-46098,3737,38000,60.120037,-143.424255,KC-46A Pegasus,329,694,-11,False,mlat
ae49c2,2026-09-27 04:09:37.617679,BANNR50,09-9206,6761,2725,37.562908,-122.198303,C-17A Globemaster,292,188,-832,False,adsb_icao
ae117c,2026-09-27 04:09:37.617683,BANNR67,02-1110,6634,23025,47.429283,-120.561073,C-17A Globemaster,98,429,768,False,adsb_icao
af3bca,2026-09-27 04:09:37.617686,HORSE60,19-46107,3770,31025,34.719528,-118.193199,KC-46A Pegasus,129,473,36,False,mlat
ae07a9,2026-09-27 04:09:37.617689,UNK C/S,59-1515,3521,22150,33.101944,-115.66011,KC-135R Stratotanker,140,373,,False,adsb_icao
ae5f95,2026-09-27 04:09:37.617693,CABAL53,18-46042,1117,36025,44.674782,-101.159607,KC-46A Pegasus,333,463,-46,False,mlat
ae5e0b,2026-09-27 04:09:37.617695,CABAL52,17-46030,2454,36025,43.882423,-100.785866,KC-46A Pegasus,334,515,55,False,mlat
ae0812,2026-09-27 04:09:37.617698,RCH5039,00-0176,2117,34000,40.845863,-100.151932,C-17A Globemaster,277,442,,False,adsb_icao
ae07d6,2026-09-27 04:09:37.617701,FAMUS88,92-3292,6201,35000,37.391129,-84.992203,C-17A Globemaster,148,480,0,False,adsb_icao
ae63ba,2026-09-27 04:09:37.617703,RCH5064,20-46078,1674,33000,40.777386,-79.597496,KC-46A Pegasus,58,470,0,False,mlat
ae5bc6,2026-09-27 04:09:37.617706,GOLD22,16-46021,1503,17125,40.773373,-76.242569,KC-46A Pegasus,9,373,36,False,mlat
ae63c6,2026-09-27 04:09:37.617708,GOLD32,21-46090,3055,17100,40.384491,-75.805061,KC-46A Pegasus,312,398,0,False,mlat
ae123b,2026-09-27 04:09:37.617711,MOOSE58,04-4130,2241,36000,48.324268,18.877241,C-17A Globemaster,304,421,0,False,mlat
ae20c2,2026-09-27 04:09:37.617714,MOOSE54,07-7181,2273,36000,41.252197,23.865067,C-17A Globemaster,335,454,-128,False,mlat
ae04ba,2026-09-27 04:09:37.617718,UNK C/S,58-0055,3134,27000,33.315948,129.881882,KC-135R Stratotanker,330,387,0,False,mlat
7cf925,2026-09-27 04:09:37.617723,ASY753,A41-211,6111,4225,42.64325,141.691803,C-17A Globemaster,175,242,1920,False,adsb_icao
ae1458,2026-09-27 04:09:37.617729,RCH253,06-6154,3673,30975,47.4,-110.1,C-17A Globemaster,,,,False,mode_s
ae20c8,2026-09-27 04:09:37.617731,RCH640,07-7187,3606,29000,42.7,-70.0,C-17A Globemaster,,,,False,mode_s
aed555,2026-09-27 04:09:37.617734,UNK C/S,19-46110,0713,Unavailable,24.9,53.3,KC-46A Pegasus,,,,False,mode_s
ae63ce,2026-09-27 04:10:37.867471,UNK C/S,21-46098,3737,38000,60.221527,-143.649963,KC-46A Pegasus,327,855,39,False,mlat
ae49c2,2026-09-27 04:10:37.867480,BANNR50,09-9206,6761,1825,37.581902,-122.257828,C-17A Globemaster,289,177,-320,False,adsb_icao
ae117c,2026-09-27 04:10:37.867483,BANNR67,02-1110,6634,23825,47.419273,-120.383469,C-17A Globemaster,92,439,704,False,adsb_icao
af3bca,2026-09-27 04:10:37.867486,HORSE60,19-46107,3770,31025,34.637249,-118.063271,KC-46A Pegasus,126,487,25,False,mlat
ae07a9,2026-09-27 04:10:37.867489,UNK C/S,59-1515,3521,22150,33.022293,-115.581009,KC-135R Stratotanker,139,376,,False,adsb_icao
ae5f95,2026-09-27 04:10:37.867493,CABAL53,18-46042,1117,36000,44.771473,-101.231178,KC-46A Pegasus,333,427,-2,False,mlat
ae5e0b,2026-09-27 04:10:37.867496,CABAL52,17-46030,2454,36000,44.074127,-100.898384,KC-46A Pegasus,344,403,0,False,mlat
ae0812,2026-09-27 04:10:37.867498,RCH5039,00-0176,2117,34000,40.861908,-100.313293,C-17A Globemaster,277,446,,False,adsb_icao
ae07d6,2026-09-27 04:10:37.867502,FAMUS88,92-3292,6201,35000,37.276291,-84.905556,C-17A Globemaster,149,481,0,False,adsb_icao
ae63ba,2026-09-27 04:10:37.867505,RCH5064,20-46078,1674,33025,40.842358,-79.457108,KC-46A Pegasus,60,449,58,False,mlat
ae5bc6,2026-09-27 04:10:37.867507,GOLD22,16-46021,1503,17075,40.883553,-76.234314,KC-46A Pegasus,3,416,-75,False,mlat
ae63c6,2026-09-27 04:10:37.867510,GOLD32,21-46090,3055,17100,40.458073,-75.916451,KC-46A Pegasus,310,433,0,False,mlat
ae123b,2026-09-27 04:10:37.867513,MOOSE58,04-4130,2241,36000,48.391857,18.735878,C-17A Globemaster,306,427,0,False,mlat
ae20c2,2026-09-27 04:10:37.867515,MOOSE54,07-7181,2273,36000,41.362637,23.798384,C-17A Globemaster,335,446,-96,False,mlat
ae04ba,2026-09-27 04:10:37.867519,UNK C/S,58-0055,3134,27000,33.407387,129.816055,KC-135R Stratotanker,330,385,0,False,mlat
7cf925,2026-09-27 04:10:37.867522,ASY753,A41-211,6111,6400,42.572205,141.698792,C-17A Globemaster,176,263,2496,False,adsb_icao
ae1458,2026-09-27 04:10:37.867527,RCH253,06-6154,3673,31000,47.0,-110.0,C-17A Globemaster,,,,False,mode_s
ae20c8,2026-09-27 04:10:37.867530,RCH640,07-7187,3606,29000,42.7,-69.4,C-17A Globemaster,,,,False,mode_s
ae63ce,2026-09-27 04:11:38.103967,UNK C/S,21-46098,3737,38000,60.303764,-143.803864,KC-46A Pegasus,342,568,-22,False,mlat
ae49c2,2026-09-27 04:11:38.103977,BANNR50,09-9206,6761,975,37.595448,-122.310791,C-17A Globemaster,293,129,-640,False,adsb_icao
ae117c,2026-09-27 04:11:38.103980,BANNR67,02-1110,6634,24675,47.412941,-120.201485,C-17A Globemaster,93,444,768,False,adsb_icao
af3bca,2026-09-27 04:11:38.103983,HORSE60,19-46107,3770,31025,34.583622,-117.902496,KC-46A Pegasus,106,496,31,False,mlat
ae07a9,2026-09-27 04:11:38.103986,UNK C/S,59-1515,3521,22150,32.953354,-115.487679,KC-135R Stratotanker,105,391,,False,adsb_icao
ae5f95,2026-09-27 04:11:38.103990,CABAL53,18-46042,1117,36025,44.850552,-101.289642,KC-46A Pegasus,331,477,-30,False,mlat
ae5e0b,2026-09-27 04:11:38.103992,CABAL52,17-46030,2454,36025,44.149551,-100.953445,KC-46A Pegasus,330,417,0,False,mlat
ae0812,2026-09-27 04:11:38.103994,RCH5039,00-0176,2117,34000,40.877747,-100.475769,C-17A Globemaster,277,440,,False,adsb_icao
ae07d6,2026-09-27 04:11:38.103997,FAMUS88,92-3292,6201,35000,37.161301,-84.819244,C-17A Globemaster,149,479,64,False,adsb_icao
ae63ba,2026-09-27 04:11:38.104000,RCH5064,20-46078,1674,33000,40.914803,-79.30616,KC-46A Pegasus,55,466,-56,False,mlat
ae5bc6,2026-09-27 04:11:38.104003,GOLD22,16-46021,1503,17100,40.973759,-76.148064,KC-46A Pegasus,56,368,75,False,mlat
ae63c6,2026-09-27 04:11:38.104006,GOLD32,21-46090,3055,17100,40.538437,-76.037956,KC-46A Pegasus,311,422,0,False,mlat
ae123b,2026-09-27 04:11:38.104009,MOOSE58,04-4130,2241,36000,48.462749,18.584496,C-17A Globemaster,305,434,0,False,mlat
ae20c2,2026-09-27 04:11:38.104011,MOOSE54,07-7181,2273,36000,41.495468,23.755369,C-17A Globemaster,350,440,-64,False,mlat
ae04ba,2026-09-27 04:11:38.104014,UNK C/S,58-0055,3134,27000,33.500729,129.798111,KC-135R Stratotanker,339,462,0,False,mlat
7cf925,2026-09-27 04:11:38.104018,ASY753,A41-211,6111,8650,42.496887,141.705627,C-17A Globemaster,176,274,2176,False,adsb_icao
ae20c8,2026-09-27 04:11:38.104022,RCH640,07-7187,3606,29325,43.2,-69.9,C-17A Globemaster,,,,False,mode_s
ae1458,2026-09-27 04:11:38.104026,RCH253,06-6154,3673,31000,47.1,-110.4,C-17A Globemaster,,,,False,mode_s
aed555,2026-09-27 04:11:38.104029,UNK C/S,19-46110,0713,Unavailable,25.1,53.2,KC-46A Pegasus,,,,False,mode_s
ae63ce,2026-09-27 04:12:38.346561,UNK C/S,21-46098,3737,38000,60.347179,-144.003967,KC-46A Pegasus,,,-12,False,mlat
ae49c2,2026-09-27 04:12:38.346571,BANNR50,09-9206,6761,250,37.610321,-122.349358,C-17A Globemaster,297,118,-704,False,adsb_icao
ae117c,2026-09-27 04:12:38.346574,BANNR67,02-1110,6634,25225,47.40633,-120.019363,C-17A Globemaster,93,449,512,False,adsb_icao
af3bca,2026-09-27 04:12:38.346577,HORSE60,19-46107,3770,31000,34.537876,-117.749664,KC-46A Pegasus,110,505,-31,False,mlat
ae07a9,2026-09-27 04:12:38.346580,UNK C/S,59-1515,3521,22150,32.99641,-115.377182,KC-135R Stratotanker,29,397,,False,adsb_icao
ae5e0b,2026-09-27 04:12:38.346584,CABAL52,17-46030,2454,36000,44.230175,-101.005348,KC-46A Pegasus,337,514,-39,False,mlat
ae0812,2026-09-27 04:12:38.346587,RCH5039,00-0176,2117,34000,40.892838,-100.633644,C-17A Globemaster,277,436,,False,adsb_icao
ae07d6,2026-09-27 04:12:38.346590,FAMUS88,92-3292,6201,34975,37.046951,-84.733635,C-17A Globemaster,149,480,-64,False,adsb_icao
ae63ba,2026-09-27 04:12:38.346593,RCH5064,20-46078,1674,33000,40.97646,-79.167381,KC-46A Pegasus,61,465,0,False,mlat
ae63c6,2026-09-27 04:12:38.346595,GOLD32,21-46090,3055,17100,40.611862,-76.151657,KC-46A Pegasus,310,434,0,False,mlat
ae5bc6,2026-09-27 04:12:38.346597,GOLD22,16-46021,1503,17100,41.042545,-76.044998,KC-46A Pegasus,46,384,70,False,mlat
ae123b,2026-09-27 04:12:38.346601,MOOSE58,04-4130,2241,36000,48.521435,18.457748,C-17A Globemaster,306,423,0,False,mlat
ae20c2,2026-09-27 04:12:38.346603,MOOSE54,07-7181,2273,36000,41.616898,23.729631,C-17A Globemaster,350,438,-128,False,mlat
ae04ba,2026-09-27 04:12:38.346607,UNK C/S,58-0055,3134,27000,33.634182,129.791367,KC-135R Stratotanker,16,464,0,False,mlat
7cf925,2026-09-27 04:12:38.346610,ASY753,A41-211,6111,10375,42.419235,141.712646,C-17A Globemaster,176,298,672,False,adsb_icao
ae20c8,2026-09-27 04:12:38.346615,RCH640,07-7187,3606,29975,43.6,-68.2,C-17A Globemaster,,,,False,mode_s
ae023c,2026-09-27 04:12:38.346617,UNK C/S,63-8888,6622,2225,47.4,-117.1,KC-135R Stratotanker,,,,False,mode_s
ae5f95,2026-09-27 04:12:38.346620,CABAL53,18-46042,1117,36025,43.9,-101.3,KC-46A Pegasus,,,,False,mode_s
ae1458,2026-09-27 04:12:38.346623,RCH253,06-6154,3673,31000,47.3,-109.8,C-17A Globemaster,,,,False,mode_s
aed555,2026-09-27 04:12:38.346626,UNK C/S,19-46110,0713,13250,25.6,51.6,KC-46A Pegasus,,,,False,mode_s
ae63ce,2026-09-27 04:13:38.594531,UNK C/S,21-46098,3737,38000,60.467934,-144.183258,KC-46A Pegasus,,,-60,False,mlat
ae117c,2026-09-27 04:13:38.594541,BANNR67,02-1110,6634,25625,47.399303,-119.831757,C-17A Globemaster,93,456,512,False,adsb_icao
af3bca,2026-09-27 04:13:38.594544,HORSE60,19-46107,3770,31025,34.48951,-117.592003,KC-46A Pegasus,111,505,25,False,mlat
ae023c,2026-09-27 04:13:38.594547,UNK C/S,63-8888,6622,4300,47.633598,-117.589958,KC-135R Stratotanker,,,1654,False,mlat
ae07a9,2026-09-27 04:13:38.594550,UNK C/S,59-1515,3521,22125,33.095856,-115.395554,KC-135R Stratotanker,320,365,,False,adsb_icao
ae5f95,2026-09-27 04:13:38.594553,CABAL53,18-46042,1117,36025,45.152283,-101.516624,KC-46A Pegasus,333,496,35,False,mlat
ae5e0b,2026-09-27 04:13:38.594556,CABAL52,17-46030,2454,36000,44.407902,-101.119797,KC-46A Pegasus,333,437,0,False,mlat
ae0812,2026-09-27 04:13:38.594558,RCH5039,00-0176,2117,34000,40.908005,-100.793823,C-17A Globemaster,277,433,,False,adsb_icao
ae07d6,2026-09-27 04:13:38.594561,FAMUS88,92-3292,6201,35000,36.931847,-84.647751,C-17A Globemaster,149,479,0,False,adsb_icao
ae63ba,2026-09-27 04:13:38.594564,RCH5064,20-46078,1674,33000,41.043652,-79.022835,KC-46A Pegasus,58,463,26,False,mlat
ae63c6,2026-09-27 04:13:38.594567,GOLD32,21-46090,3055,17100,40.708824,-76.244583,KC-46A Pegasus,351,434,75,False,mlat
ae5bc6,2026-09-27 04:13:38.594570,GOLD22,16-46021,1503,17025,41.105152,-75.943916,KC-46A Pegasus,53,373,-78,False,mlat
ae123b,2026-09-27 04:13:38.594573,MOOSE58,04-4130,2241,36000,48.587334,18.316078,C-17A Globemaster,306,402,0,False,mlat
ae20c2,2026-09-27 04:13:38.594575,MOOSE54,07-7181,2273,36000,41.727577,23.706738,C-17A Globemaster,350,436,-96,False,mlat
ae04ba,2026-09-27 04:13:38.594579,UNK C/S,58-0055,3134,27000,33.734169,129.791977,KC-135R Stratotanker,20,383,0,False,mlat
7cf925,2026-09-27 04:13:38.594582,ASY753,A41-211,6111,11000,42.328033,141.72139,C-17A Globemaster,175,352,192,False,adsb_icao
ae20c8,2026-09-27 04:13:38.594586,RCH640,07-7187,3606,30175,43.2,-68.4,C-17A Globemaster,,,,False,mode_s
ae1458,2026-09-27 04:13:38.594589,RCH253,06-6154,3673,30975,47.4,-110.3,C-17A Globemaster,,,,False,mode_s
aed555,2026-09-27 04:13:38.594592,UNK C/S,19-46110,0713,11850,25.6,51.6,KC-46A Pegasus,,,,False,mode_s
ae63ce,2026-09-27 04:14:38.866231,UNK C/S,21-46098,3737,38025,60.583286,-144.316071,KC-46A Pegasus,328,467,54,False,mlat
ae117c,2026-09-27 04:14:38.866241,BANNR67,02-1110,6634,26100,47.392044,-119.644478,C-17A Globemaster,93,460,448,False,adsb_icao
ae023c,2026-09-27 04:14:38.866245,UNK C/S,63-8888,6622,9175,47.663074,-117.487305,KC-135R Stratotanker,74,274,5342,False,mlat
af3bca,2026-09-27 04:14:38.866248,HORSE60,19-46107,3770,31000,34.440865,-117.430313,KC-46A Pegasus,111,497,0,False,mlat
ae07a9,2026-09-27 04:14:38.866251,UNK C/S,59-1515,3521,22150,33.173355,-115.473259,KC-135R Stratotanker,320,365,,False,adsb_icao
ae5f95,2026-09-27 04:14:38.866254,CABAL53,18-46042,1117,36000,45.210876,-101.56086,KC-46A Pegasus,331,444,-10,False,mlat
ae5e0b,2026-09-27 04:14:38.866256,CABAL52,17-46030,2454,36000,44.525341,-101.192192,KC-46A Pegasus,336,426,0,False,mlat
ae0812,2026-09-27 04:14:38.866259,RCH5039,00-0176,2117,34000,40.922676,-100.951118,C-17A Globemaster,276,435,,False,adsb_icao
ae07d6,2026-09-27 04:14:38.866261,FAMUS88,92-3292,6201,35000,36.817978,-84.563049,C-17A Globemaster,149,478,0,False,adsb_icao
ae63ba,2026-09-27 04:14:38.866264,RCH5064,20-46078,1674,33000,41.111485,-78.87603,KC-46A Pegasus,57,456,-40,False,mlat
ae63c6,2026-09-27 04:14:38.866267,GOLD32,21-46090,3055,17100,40.821457,-76.239655,KC-46A Pegasus,4,403,-2,False,mlat
ae5bc6,2026-09-27 04:14:38.866269,GOLD22,16-46021,1503,17025,41.176468,-75.838043,KC-46A Pegasus,50,379,0,False,mlat
ae123b,2026-09-27 04:14:38.866272,MOOSE58,04-4130,2241,36000,48.654793,18.168861,C-17A Globemaster,307,408,0,False,mlat
ae20c2,2026-09-27 04:14:38.866274,MOOSE54,07-7181,2273,36000,41.85186,23.680653,C-17A Globemaster,350,428,32,False,mlat
ae04ba,2026-09-27 04:14:38.866278,UNK C/S,58-0055,3134,27000,33.791016,129.825989,KC-135R Stratotanker,330,424,0,False,mlat
7cf925,2026-09-27 04:14:38.866281,ASY753,A41-211,6111,11100,42.229752,141.731003,C-17A Globemaster,175,356,192,False,adsb_icao
ae20c8,2026-09-27 04:14:38.866285,RCH640,07-7187,3606,30975,43.9,-67.3,C-17A Globemaster,,,,False,mode_s
ae1458,2026-09-27 04:14:38.866289,RCH253,06-6154,3673,31000,47.7,-110.8,C-17A Globemaster,,,,False,mode_s
aed555,2026-09-27 04:14:38.866292,UNK C/S,19-46110,0713,10025,25.4,50.5,KC-46A Pegasus,,,,False,mode_s
ae63ce,2026-09-27 04:15:39.106544,UNK C/S,21-46098,3737,38000,60.661259,-144.490128,KC-46A Pegasus,320,409,-4,False,mlat
ae117c,2026-09-27 04:15:39.106554,BANNR67,02-1110,6634,26575,47.384308,-119.454964,C-17A Globemaster,93,465,512,False,adsb_icao
ae023c,2026-09-27 04:15:39.106557,UNK C/S,63-8888,6622,13200,47.645988,-117.364937,KC-135R Stratotanker,107,323,4044,False,mlat
af3bca,2026-09-27 04:15:39.106560,HORSE60,19-46107,3770,31025,34.395126,-117.278831,KC-46A Pegasus,114,505,0,False,mlat
ae07a9,2026-09-27 04:15:39.106563,UNK C/S,59-1515,3521,22150,33.25264,-115.551727,KC-135R Stratotanker,320,369,,False,adsb_icao
ae5f95,2026-09-27 04:15:39.106567,CABAL53,18-46042,1117,36025,45.354515,-101.668465,KC-46A Pegasus,333,459,0,False,mlat
ae5e0b,2026-09-27 04:15:39.106569,CABAL52,17-46030,2454,36000,44.616547,-101.249763,KC-46A Pegasus,336,375,-7,False,mlat
ae0812,2026-09-27 04:15:39.106572,RCH5039,00-0176,2117,34000,40.937393,-101.110413,C-17A Globemaster,276,433,,False,adsb_icao
ae07d6,2026-09-27 04:15:39.106575,FAMUS88,92-3292,6201,35000,36.702995,-84.477905,C-17A Globemaster,149,477,0,False,adsb_icao
ae63ba,2026-09-27 04:15:39.106578,RCH5064,20-46078,1674,33000,41.181999,-78.72348,KC-46A Pegasus,59,468,0,False,mlat
ae63c6,2026-09-27 04:15:39.106581,GOLD32,21-46090,3055,17100,40.931458,-76.230606,KC-46A Pegasus,3,403,0,False,mlat
ae5bc6,2026-09-27 04:15:39.106584,GOLD22,16-46021,1503,17025,41.248337,-75.726654,KC-46A Pegasus,50,381,0,False,mlat
ae123b,2026-09-27 04:15:39.106586,MOOSE58,04-4130,2241,36000,48.726562,18.012812,C-17A Globemaster,302,415,0,False,mlat
ae20c2,2026-09-27 04:15:39.106589,MOOSE54,07-7181,2273,36000,41.973145,23.654099,C-17A Globemaster,350,428,0,False,mlat
7cf925,2026-09-27 04:15:39.106593,ASY753,A41-211,6111,12850,42.129135,141.740356,C-17A Globemaster,175,365,2016,False,adsb_icao
ae20c8,2026-09-27 04:15:39.106597,RCH640,07-7187,3606,31000,44.4,-66.7,C-17A Globemaster,,,,False,mode_s
ae04ba,2026-09-27 04:15:39.106599,UNK C/S,58-0055,3134,27000,33.9,130.1,KC-135R Stratotanker,,,,False,mode_s
ae1458,2026-09-27 04:15:39.106603,RCH253,06-6154,3673,31000,48.9,-110.1,C-17A Globemaster,,,,False,mode_s
aed555,2026-09-27 04:15:39.106606,UNK C/S,19-46110,0713,8225,25.4,50.6,KC-46A Pegasus,,,,False,mode_s
ae63ce,2026-09-27 04:16:39.324041,UNK C/S,21-46098,3737,38000,60.763584,-144.649643,KC-46A Pegasus,322,493,-2,False,mlat
ae117c,2026-09-27 04:16:39.324051,BANNR67,02-1110,6634,26925,47.37616,-119.263527,C-17A Globemaster,93,471,320,False,adsb_icao
ae023c,2026-09-27 04:16:39.324055,UNK C/S,63-8888,6622,16350,47.61945,-117.225029,KC-135R Stratotanker,105,382,3597,False,mlat
af3bca,2026-09-27 04:16:39.324058,HORSE60,19-46107,3770,31000,34.34713,-117.124107,KC-46A Pegasus,112,493,-37,False,mlat
ae07a9,2026-09-27 04:16:39.324060,UNK C/S,59-1515,3521,22150,33.33173,-115.6306,KC-135R Stratotanker,320,371,,False,adsb_icao
ae5f95,2026-09-27 04:16:39.324064,CABAL53,18-46042,1117,36000,45.474556,-101.76049,KC-46A Pegasus,331,477,81,False,mlat
ae5e0b,2026-09-27 04:16:39.324066,CABAL52,17-46030,2454,36000,44.750412,-101.335526,KC-46A Pegasus,335,441,-7,False,mlat
ae0812,2026-09-27 04:16:39.324068,RCH5039,00-0176,2117,34000,40.951492,-101.266602,C-17A Globemaster,276,435,,False,adsb_icao
ae07d6,2026-09-27 04:16:39.324072,FAMUS88,92-3292,6201,35000,36.588474,-84.393349,C-17A Globemaster,149,480,0,False,adsb_icao
ae63ba,2026-09-27 04:16:39.324075,RCH5064,20-46078,1674,33000,41.245953,-78.58123,KC-46A Pegasus,60,446,52,False,mlat
ae63c6,2026-09-27 04:16:39.324078,GOLD32,21-46090,3055,17100,41.048161,-76.220055,KC-46A Pegasus,4,406,0,False,mlat
ae5bc6,2026-09-27 04:16:39.324080,GOLD22,16-46021,1503,17025,41.326374,-75.634552,KC-46A Pegasus,37,376,0,False,mlat
ae123b,2026-09-27 04:16:39.324083,MOOSE58,04-4130,2241,36000,48.790138,17.875088,C-17A Globemaster,304,429,0,False,mlat
ae20c2,2026-09-27 04:16:39.324085,MOOSE54,07-7181,2273,36000,42.08783,23.63043,C-17A Globemaster,350,426,-64,False,mlat
7cf925,2026-09-27 04:16:39.324089,ASY753,A41-211,6111,14375,42.025826,141.750015,C-17A Globemaster,176,377,1920,False,adsb_icao
ae20c8,2026-09-27 04:16:39.324093,RCH640,07-7187,3606,31000,44.3,-66.8,C-17A Globemaster,,,,False,mode_s
ae04ba,2026-09-27 04:16:39.324096,UNK C/S,58-0055,3134,27000,33.8,130.1,KC-135R Stratotanker,,,,False,mode_s
ae1458,2026-09-27 04:16:39.324099,RCH253,06-6154,3673,31000,48.9,-110.4,C-17A Globemaster,,,,False,mode_s
aed555,2026-09-27 04:16:39.324103,UNK C/S,19-46110,0713,6625,25.6,51.4,KC-46A Pegasus,,,,False,mode_s
ae63ce,2026-09-27 04:17:39.560651,UNK C/S,21-46098,3737,38000,60.793869,-144.794815,KC-46A Pegasus,325,467,0,False,mlat
ae117c,2026-09-27 04:17:39.560661,BANNR67,02-1110,6634,27300,47.367695,-119.070602,C-17A Globemaster,93,475,448,False,adsb_icao
ae023c,2026-09-27 04:17:39.560664,UNK C/S,63-8888,6622,20400,47.589062,-117.062782,KC-135R Stratotanker,105,414,3672,False,mlat
af3bca,2026-09-27 04:17:39.560667,HORSE60,19-46107,3770,31000,34.299515,-116.965736,KC-46A Pegasus,110,508,0,False,mlat
ae07a9,2026-09-27 04:17:39.560670,UNK C/S,59-1515,3521,22150,33.385078,-115.726166,KC-135R Stratotanker,270,348,,False,adsb_icao
ae5f95,2026-09-27 04:17:39.560673,CABAL53,18-46042,1117,36000,45.588177,-101.84771,KC-46A Pegasus,330,489,53,False,mlat
ae0812,2026-09-27 04:17:39.560676,RCH5039,00-0176,2117,34000,40.965691,-101.42672,C-17A Globemaster,276,437,0,False,adsb_icao
ae5e0b,2026-09-27 04:17:39.560678,CABAL52,17-46030,2454,36000,44.8549,-101.402512,KC-46A Pegasus,334,450,37,False,mlat
ae07d6,2026-09-27 04:17:39.560681,FAMUS88,92-3292,6201,35000,36.474422,-84.309494,C-17A Globemaster,149,480,-64,False,adsb_icao
ae63ba,2026-09-27 04:17:39.560683,RCH5064,20-46078,1674,33000,41.309544,-78.437401,KC-46A Pegasus,53,447,32,False,mlat
ae63c6,2026-09-27 04:17:39.560686,GOLD32,21-46090,3055,17050,41.156509,-76.202225,KC-46A Pegasus,15,406,-39,False,mlat
ae5bc6,2026-09-27 04:17:39.560688,GOLD22,16-46021,1503,17025,41.408909,-75.550209,KC-46A Pegasus,40,378,0,False,mlat
ae123b,2026-09-27 04:17:39.560691,MOOSE58,04-4130,2241,36000,48.858944,17.723469,C-17A Globemaster,305,413,0,False,mlat
ae20c2,2026-09-27 04:17:39.560693,MOOSE54,07-7181,2273,36000,42.198711,23.608219,C-17A Globemaster,350,422,96,False,mlat
7cf925,2026-09-27 04:17:39.560697,ASY753,A41-211,6111,15825,41.919754,141.759033,C-17A Globemaster,180,386,2432,False,adsb_icao
ae20c8,2026-09-27 04:17:39.560701,RCH640,07-7187,3606,31000,44.3,-66.9,C-17A Globemaster,,,,False,mode_s
ae04ba,2026-09-27 04:17:39.560704,UNK C/S,58-0055,3134,26850,34.2,130.6,KC-135R Stratotanker,,,,False,mode_s
ae1458,2026-09-27 04:17:39.560708,RCH253,06-6154,3673,31000,48.9,-110.4,C-17A Globemaster,,,,False,mode_s
aed555,2026-09-27 04:17:39.560711,UNK C/S,19-46110,0713,5250,25.7,51.7,KC-46A Pegasus,,,,False,mode_s
ae63ce,2026-09-27 04:18:39.817463,UNK C/S,21-46098,3737,38000,60.963371,-144.964447,KC-46A Pegasus,335,322,-17,False,mlat
ae117c,2026-09-27 04:18:39.817472,BANNR67,02-1110,6634,27725,47.358803,-118.876297,C-17A Globemaster,93,478,640,False,adsb_icao
ae023c,2026-09-27 04:18:39.817476,UNK C/S,63-8888,6622,23800,47.557495,-116.898422,KC-135R Stratotanker,107,438,3142,False,mlat
af3bca,2026-09-27 04:18:39.817479,HORSE60,19-46107,3770,31000,34.252316,-116.811195,KC-46A Pegasus,111,501,0,False,mlat
ae07a9,2026-09-27 04:18:39.817482,UNK C/S,59-1515,3521,22150,33.333263,-115.81546,KC-135R Stratotanker,206,344,,False,adsb_icao
ae5f95,2026-09-27 04:18:39.817485,CABAL53,18-46042,1117,36000,45.622498,-101.873711,KC-46A Pegasus,330,474,15,False,mode_s
ae0812,2026-09-27 04:18:39.817488,RCH5039,00-0176,2117,34000,40.979507,-101.584167,C-17A Globemaster,276,436,0,False,adsb_icao
ae5e0b,2026-09-27 04:18:39.817490,CABAL52,17-46030,2454,36000,44.981995,-101.484993,KC-46A Pegasus,334,455,-70,False,mlat
ae07d6,2026-09-27 04:18:39.817493,FAMUS88,92-3292,6201,35000,36.359344,-84.225105,C-17A Globemaster,149,481,0,False,adsb_icao
ae63ba,2026-09-27 04:18:39.817495,RCH5064,20-46078,1674,33000,41.383472,-78.286514,KC-46A Pegasus,56,477,-52,False,mlat
ae63c6,2026-09-27 04:18:39.817498,GOLD32,21-46090,3055,17025,41.221935,-76.084175,KC-46A Pegasus,65,405,-56,False,mlat
ae5bc6,2026-09-27 04:18:39.817500,GOLD22,16-46021,1503,17025,41.482037,-75.462822,KC-46A Pegasus,40,410,0,False,mlat
ae123b,2026-09-27 04:18:39.817503,MOOSE58,04-4130,2241,36000,48.913017,17.566784,C-17A Globemaster,295,422,0,False,mlat
ae20c2,2026-09-27 04:18:39.817505,MOOSE54,07-7181,2273,36000,42.324097,23.580395,C-17A Globemaster,350,420,-64,False,mlat
7cf925,2026-09-27 04:18:39.817510,ASY753,A41-211,6111,17250,41.814468,141.733627,C-17A Globemaster,190,389,1056,False,adsb_icao
ae20c8,2026-09-27 04:18:39.817515,RCH640,07-7187,3606,31000,45.2,-66.1,C-17A Globemaster,,,,False,mode_s
ae04ba,2026-09-27 04:18:39.817518,UNK C/S,58-0055,3134,26000,33.9,129.9,KC-135R Stratotanker,,,,False,mode_s
ae0158,2026-09-27 04:18:39.817521,UNK C/S,58-0112,Unavailable,Unavailable,40.6,-74.0,KC-135R Stratotanker,,,,False,mode_s
ae1458,2026-09-27 04:18:39.817524,RCH253,06-6154,3673,31000,48.9,-110.2,C-17A Globemaster,,,,False,mode_s
aed555,2026-09-27 04:18:39.817527,UNK C/S,19-46110,0713,5225,25.6,51.2,KC-46A Pegasus,,,,False,mode_s
ae63ce,2026-09-27 04:19:40.061139,UNK C/S,21-46098,3737,38025,61.0686,-145.138855,KC-46A Pegasus,342,534,51,False,mlat
ae117c,2026-09-27 04:19:40.061149,BANNR67,02-1110,6634,28225,47.349445,-118.679314,C-17A Globemaster,94,484,512,False,adsb_icao
ae023c,2026-09-27 04:19:40.061152,UNK C/S,63-8888,6622,26950,47.524094,-116.721306,KC-135R Stratotanker,105,454,2950,False,mlat
af3bca,2026-09-27 04:19:40.061155,HORSE60,19-46107,3770,31000,34.20396,-116.657974,KC-46A Pegasus,111,482,-48,False,mlat
ae07a9,2026-09-27 04:19:40.061158,UNK C/S,59-1515,3521,22150,33.239788,-115.798309,KC-135R Stratotanker,139,371,,False,adsb_icao
ae5f95,2026-09-27 04:19:40.061161,CABAL53,18-46042,1117,36000,45.789715,-102.001068,KC-46A Pegasus,329,449,-76,False,mlat
ae0812,2026-09-27 04:19:40.061164,RCH5039,00-0176,2117,34000,40.993332,-101.745056,C-17A Globemaster,276,433,0,False,adsb_icao
ae07d6,2026-09-27 04:19:40.061168,FAMUS88,92-3292,6201,35000,36.243523,-84.140427,C-17A Globemaster,149,478,0,False,adsb_icao
ae63ba,2026-09-27 04:19:40.061171,RCH5064,20-46078,1674,33000,41.443775,-78.141571,KC-46A Pegasus,63,450,0,False,mlat
ae63c6,2026-09-27 04:19:40.061173,GOLD32,21-46090,3055,17025,41.279156,-75.949226,KC-46A Pegasus,58,403,0,False,mlat
ae5bc6,2026-09-27 04:19:40.061176,GOLD22,16-46021,1503,17025,41.543716,-75.344238,KC-46A Pegasus,58,386,0,False,mlat
ae123b,2026-09-27 04:19:40.061179,MOOSE58,04-4130,2241,36000,48.963028,17.414339,C-17A Globemaster,297,423,0,False,mlat
ae20c2,2026-09-27 04:19:40.061182,MOOSE54,07-7181,2273,36000,42.439392,23.556328,C-17A Globemaster,350,412,32,False,mlat
7cf925,2026-09-27 04:19:40.061186,ASY753,A41-211,6111,18600,41.705841,141.705719,C-17A Globemaster,190,396,1408,False,adsb_icao
ae20c8,2026-09-27 04:19:40.061190,RCH640,07-7187,3606,31000,44.8,-66.1,C-17A Globemaster,,,,False,mode_s
ae04ba,2026-09-27 04:19:40.061193,UNK C/S,58-0055,3134,26000,34.2,130.1,KC-135R Stratotanker,,,,False,mode_s
ae5e0b,2026-09-27 04:19:40.061197,CABAL52,17-46030,2454,36000,44.4,-101.4,KC-46A Pegasus,,,,False,mode_s
ae1458,2026-09-27 04:19:40.061199,RCH253,06-6154,3673,31000,49.4,-110.0,C-17A Globemaster,,,,False,mode_s
aed555,2026-09-27 04:19:40.061203,UNK C/S,19-46110,0713,Unavailable,25.4,50.7,KC-46A Pegasus,,,,False,mode_s
ae63ce,2026-09-27 04:20:40.344504,UNK C/S,21-46098,3737,38000,61.128944,-145.396027,KC-46A Pegasus,293,553,-17,False,mlat
ae117c,2026-09-27 04:20:40.344514,BANNR67,02-1110,6634,28725,47.339668,-118.479027,C-17A Globemaster,94,488,512,False,adsb_icao
ae023c,2026-09-27 04:20:40.344518,UNK C/S,63-8888,6622,29625,47.509315,-116.529915,KC-135R Stratotanker,95,486,2800,False,mlat
af3bca,2026-09-27 04:20:40.344521,HORSE60,19-46107,3770,31000,34.15374,-116.493599,KC-46A Pegasus,108,494,-65,False,mlat
ae07a9,2026-09-27 04:20:40.344523,UNK C/S,59-1515,3521,22150,33.159714,-115.718941,KC-135R Stratotanker,140,373,,False,adsb_icao
ae5f95,2026-09-27 04:20:40.344527,CABAL53,18-46042,1117,36000,45.865467,-102.060432,KC-46A Pegasus,332,469,-25,False,mlat
ae0812,2026-09-27 04:20:40.344530,RCH5039,00-0176,2117,34000,41.006882,-101.904358,C-17A Globemaster,276,437,64,False,adsb_icao
ae07d6,2026-09-27 04:20:40.344534,FAMUS88,92-3292,6201,35000,36.127304,-84.055885,C-17A Globemaster,149,480,0,False,adsb_icao
ae63ba,2026-09-27 04:20:40.344536,RCH5064,20-46078,1674,33025,41.50491,-78.002403,KC-46A Pegasus,62,436,38,False,mlat
ae63c6,2026-09-27 04:20:40.344539,GOLD32,21-46090,3055,17025,41.333603,-75.820671,KC-46A Pegasus,61,406,0,False,mlat
ae5bc6,2026-09-27 04:20:40.344542,GOLD22,16-46021,1503,17125,41.605042,-75.224411,KC-46A Pegasus,59,367,-2,False,mlat
ae123b,2026-09-27 04:20:40.344545,MOOSE58,04-4130,2241,36000,49.015354,17.256105,C-17A Globemaster,297,417,0,False,mlat
ae20c2,2026-09-27 04:20:40.344547,MOOSE54,07-7181,2273,36000,42.549801,23.531406,C-17A Globemaster,350,402,0,False,mlat
7cf925,2026-09-27 04:20:40.344551,ASY753,A41-211,6111,19850,41.596161,141.677185,C-17A Globemaster,191,405,960,False,adsb_icao
ae20c8,2026-09-27 04:20:40.344555,RCH640,07-7187,3606,31000,44.8,-64.4,C-17A Globemaster,,,,False,mode_s
ae04ba,2026-09-27 04:20:40.344558,UNK C/S,58-0055,3134,26000,34.7,130.1,KC-135R Stratotanker,,,,False,mode_s
ae5e0b,2026-09-27 04:20:40.344561,CABAL52,17-46030,2454,36000,44.1,-101.5,KC-46A Pegasus,,,,False,mode_s
ae1458,2026-09-27 04:20:40.344564,RCH253,06-6154,3673,30975,49.7,-109.8,C-17A Globemaster,,,,False,mode_s
aed555,2026-09-27 04:20:40.344567,UNK C/S,19-46110,0713,3250,25.5,50.8,KC-46A Pegasus,,,,False,mode_s
ae63ce,2026-09-27 04:21:40.570928,UNK C/S,21-46098,3737,38025,61.265717,-145.448456,KC-46A Pegasus,,,53,False,mlat
ae117c,2026-09-27 04:21:40.570937,BANNR67,02-1110,6634,29000,47.329651,-118.280319,C-17A Globemaster,94,496,64,False,adsb_icao
af3bca,2026-09-27 04:21:40.570941,HORSE60,19-46107,3770,31025,34.10511,-116.341454,KC-46A Pegasus,110,486,-14,False,mlat
ae023c,2026-09-27 04:21:40.570944,UNK C/S,63-8888,6622,32075,47.498501,-116.32605,KC-135R Stratotanker,94,502,2778,False,mlat
ae07a9,2026-09-27 04:21:40.570947,UNK C/S,59-1515,3521,22150,33.07988,-115.639626,KC-135R Stratotanker,139,376,,False,adsb_icao
ae5f95,2026-09-27 04:21:40.570951,CABAL53,18-46042,1117,36000,46.032345,-102.202042,KC-46A Pegasus,328,455,-7,False,mlat
ae0812,2026-09-27 04:21:40.570953,RCH5039,00-0176,2117,34000,41.020203,-102.063965,C-17A Globemaster,276,436,-64,False,adsb_icao
ae5e0b,2026-09-27 04:21:40.570956,CABAL52,17-46030,2454,36000,45.313202,-101.700188,KC-46A Pegasus,334,499,10,False,mlat
ae07d6,2026-09-27 04:21:40.570958,FAMUS88,92-3292,6201,35000,36.011536,-83.971886,C-17A Globemaster,149,489,64,False,adsb_icao
ae63ba,2026-09-27 04:21:40.570962,RCH5064,20-46078,1674,33000,41.570232,-77.855911,KC-46A Pegasus,65,436,0,False,mlat
ae63c6,2026-09-27 04:21:40.570964,GOLD32,21-46090,3055,17025,41.386127,-75.695511,KC-46A Pegasus,59,396,0,False,mlat
ae5bc6,2026-09-27 04:21:40.570967,GOLD22,16-46021,1503,17100,41.662514,-75.106178,KC-46A Pegasus,55,387,-52,False,mlat
ae123b,2026-09-27 04:21:40.570970,MOOSE58,04-4130,2241,36000,49.060429,17.089653,C-17A Globemaster,291,402,0,False,mlat
ae20c2,2026-09-27 04:21:40.570972,MOOSE54,07-7181,2273,36000,42.658962,23.508982,C-17A Globemaster,350,400,-224,False,mlat
7cf925,2026-09-27 04:21:40.570976,ASY753,A41-211,6111,21000,41.485634,141.648514,C-17A Globemaster,191,410,1024,False,adsb_icao
ae20c8,2026-09-27 04:21:40.570980,RCH640,07-7187,3606,31000,45.0,-64.6,C-17A Globemaster,,,,False,mode_s
ae04ba,2026-09-27 04:21:40.570983,UNK C/S,58-0055,3134,26000,35.0,129.5,KC-135R Stratotanker,,,,False,mode_s
ae1458,2026-09-27 04:21:40.570986,RCH253,06-6154,3673,30975,50.5,-106.5,C-17A Globemaster,,,,False,mode_s
aed555,2026-09-27 04:21:40.570989,UNK C/S,19-46110,0713,3250,25.3,50.0,KC-46A Pegasus,,,,False,mode_s
ae63ce,2026-09-27 04:22:40.857038,UNK C/S,21-46098,3737,38000,61.384991,-145.636642,KC-46A Pegasus,323,508,-4,False,mlat
ae117c,2026-09-27 04:22:40.857047,BANNR67,02-1110,6634,29000,47.318813,-118.073799,C-17A Globemaster,94,508,0,False,adsb_icao
af3bca,2026-09-27 04:22:40.857051,HORSE60,19-46107,3770,31025,34.056496,-116.187836,KC-46A Pegasus,111,499,-18,False,mlat
ae023c,2026-09-27 04:22:40.857054,UNK C/S,63-8888,6622,33025,47.484413,-116.107338,KC-135R Stratotanker,95,546,-61,False,mlat
ae07a9,2026-09-27 04:22:40.857057,UNK C/S,59-1515,3521,22150,32.998878,-115.559074,KC-135R Stratotanker,140,378,,False,adsb_icao
ae5f95,2026-09-27 04:22:40.857061,CABAL53,18-46042,1117,36000,46.148548,-102.304634,KC-46A Pegasus,328,475,-22,False,mlat
ae0812,2026-09-27 04:22:40.857064,RCH5039,00-0176,2117,34000,41.033379,-102.224098,C-17A Globemaster,276,437,,False,adsb_icao
ae07d6,2026-09-27 04:22:40.857067,FAMUS88,92-3292,6201,35000,35.896133,-83.881248,C-17A Globemaster,135,495,64,False,adsb_icao
ae63ba,2026-09-27 04:22:40.857070,RCH5064,20-46078,1674,33000,41.633972,-77.715042,KC-46A Pegasus,54,480,0,False,mlat
ae63c6,2026-09-27 04:22:40.857073,GOLD32,21-46090,3055,17025,41.440685,-75.55983,KC-46A Pegasus,66,401,0,False,mlat
ae5bc6,2026-09-27 04:22:40.857076,GOLD22,16-46021,1503,17100,41.717545,-74.99173,KC-46A Pegasus,53,384,-53,False,mlat
ae123b,2026-09-27 04:22:40.857079,MOOSE58,04-4130,2241,36000,49.101849,16.931925,C-17A Globemaster,294,400,0,False,mlat
ae20c2,2026-09-27 04:22:40.857082,MOOSE54,07-7181,2273,36000,42.767853,23.488316,C-17A Globemaster,350,394,-64,False,mlat
7cf925,2026-09-27 04:22:40.857086,ASY753,A41-211,6111,22150,41.371582,141.618835,C-17A Globemaster,190,415,1280,False,adsb_icao
ae20c8,2026-09-27 04:22:40.857090,RCH640,07-7187,3606,31000,44.6,-64.3,C-17A Globemaster,,,,False,mode_s
ae04ba,2026-09-27 04:22:40.857093,UNK C/S,58-0055,3134,26000,35.3,129.4,KC-135R Stratotanker,,,,False,mode_s
ae5e0b,2026-09-27 04:22:40.857097,CABAL52,17-46030,2454,36000,44.9,-101.5,KC-46A Pegasus,,,,False,mode_s
ae1458,2026-09-27 04:22:40.857100,RCH253,06-6154,3673,31000,49.2,-105.7,C-17A Globemaster,,,,False,mode_s
aed555,2026-09-27 04:22:40.857102,UNK C/S,19-46110,0713,3250,25.2,49.4,KC-46A Pegasus,,,,False,mode_s
ae63ce,2026-09-27 04:23:41.101590,UNK C/S,21-46098,3737,38000,61.460407,-145.93869,KC-46A Pegasus,325,468,3,False,mlat
ae117c,2026-09-27 04:23:41.101599,BANNR67,02-1110,6634,29000,47.307129,-117.862907,C-17A Globemaster,94,518,-448,False,adsb_icao
af3bca,2026-09-27 04:23:41.101603,HORSE60,19-46107,3770,31000,34.006199,-116.031479,KC-46A Pegasus,112,489,-4,False,mlat
ae023c,2026-09-27 04:23:41.101606,UNK C/S,63-8888,6622,33000,47.471699,-115.895599,KC-135R Stratotanker,95,546,0,False,mlat
ae07a9,2026-09-27 04:23:41.101609,UNK C/S,59-1515,3521,22150,32.951202,-115.451477,KC-135R Stratotanker,85,397,,False,adsb_icao
ae5f95,2026-09-27 04:23:41.101613,CABAL53,18-46042,1117,36000,46.274998,-102.416687,KC-46A Pegasus,328,476,-52,False,mlat
ae0812,2026-09-27 04:23:41.101616,RCH5039,00-0176,2117,34000,41.046272,-102.385147,C-17A Globemaster,275,434,0,False,adsb_icao
ae5e0b,2026-09-27 04:23:41.101618,CABAL52,17-46030,2454,36000,45.524952,-101.840569,KC-46A Pegasus,342,490,-1,False,mlat
ae07d6,2026-09-27 04:23:41.101621,FAMUS88,92-3292,6201,35000,35.803711,-83.753639,C-17A Globemaster,131,497,0,False,adsb_icao
ae63ba,2026-09-27 04:23:41.101623,RCH5064,20-46078,1674,33025,41.69978,-77.56102,KC-46A Pegasus,58,459,36,False,mlat
ae63c6,2026-09-27 04:23:41.101626,GOLD32,21-46090,3055,17100,41.504223,-75.429268,KC-46A Pegasus,60,388,54,False,mlat
ae5bc6,2026-09-27 04:23:41.101628,GOLD22,16-46021,1503,17100,41.776588,-74.87262,KC-46A Pegasus,57,354,0,False,mlat
ae123b,2026-09-27 04:23:41.101631,MOOSE58,04-4130,2241,36000,49.14444,16.769644,C-17A Globemaster,292,417,0,False,mlat
ae20c2,2026-09-27 04:23:41.101633,MOOSE54,07-7181,2273,36000,42.881935,23.460201,C-17A Globemaster,350,398,0,False,mlat
7cf925,2026-09-27 04:23:41.101637,ASY753,A41-211,6111,23350,41.257759,141.589554,C-17A Globemaster,190,416,928,False,adsb_icao
ae20c8,2026-09-27 04:23:41.101642,RCH640,07-7187,3606,31000,44.5,-64.3,C-17A Globemaster,,,,False,mode_s
ae04ba,2026-09-27 04:23:41.101644,UNK C/S,58-0055,3134,26000,35.4,129.0,KC-135R Stratotanker,,,,False,mode_s
ae1458,2026-09-27 04:23:41.101648,RCH253,06-6154,3673,31000,50.2,-106.8,C-17A Globemaster,,,,False,mode_s
aed555,2026-09-27 04:23:41.101652,UNK C/S,19-46110,0713,3200,25.4,50.3,KC-46A Pegasus,,,,False,mode_s
ae63ce,2026-09-27 04:24:41.352708,UNK C/S,21-46098,3737,38000,61.518288,-145.974792,KC-46A Pegasus,319,500,-72,False,mlat
ae117c,2026-09-27 04:24:41.352718,BANNR67,02-1110,6634,29000,47.295044,-117.651215,C-17A Globemaster,94,518,0,False,adsb_icao
af3bca,2026-09-27 04:24:41.352722,HORSE60,19-46107,3770,31000,33.960323,-115.879707,KC-46A Pegasus,112,490,30,False,mlat
ae023c,2026-09-27 04:24:41.352724,UNK C/S,63-8888,6622,33000,47.458149,-115.672913,KC-135R Stratotanker,93,558,0,False,mlat
ae07a9,2026-09-27 04:24:41.352727,UNK C/S,59-1515,3521,22150,33.024296,-115.366089,KC-135R Stratotanker,9,387,,False,adsb_icao
ae0812,2026-09-27 04:24:41.352731,RCH5039,00-0176,2117,34025,41.058792,-102.543396,C-17A Globemaster,275,432,0,False,adsb_icao
ae5f95,2026-09-27 04:24:41.352734,CABAL53,18-46042,1117,36000,46.3867,-102.51638,KC-46A Pegasus,328,466,0,False,mlat
ae5e0b,2026-09-27 04:24:41.352736,CABAL52,17-46030,2454,36000,45.618759,-101.902702,KC-46A Pegasus,330,448,-2,False,mlat
ae07d6,2026-09-27 04:24:41.352740,FAMUS88,92-3292,6201,35000,35.711014,-83.627052,C-17A Globemaster,131,495,0,False,adsb_icao
ae63ba,2026-09-27 04:24:41.352742,RCH5064,20-46078,1674,33025,41.765987,-77.415161,KC-46A Pegasus,58,491,31,False,mlat
ae63c6,2026-09-27 04:24:41.352745,GOLD32,21-46090,3055,17100,41.5634,-75.309776,KC-46A Pegasus,57,386,-37,False,mlat
ae5bc6,2026-09-27 04:24:41.352748,GOLD22,16-46021,1503,17100,41.829742,-74.755699,KC-46A Pegasus,59,367,-17,False,mlat
ae123b,2026-09-27 04:24:41.352750,MOOSE58,04-4130,2241,36300,49.184437,16.615393,C-17A Globemaster,293,406,498,False,mlat
ae20c2,2026-09-27 04:24:41.352753,MOOSE54,07-7181,2273,36000,42.985306,23.438831,C-17A Globemaster,350,394,-128,False,mlat
7cf925,2026-09-27 04:24:41.352758,ASY753,A41-211,6111,24125,41.142727,141.56015,C-17A Globemaster,190,426,992,False,adsb_icao
ae20c8,2026-09-27 04:24:41.352762,RCH640,07-7187,3606,31000,44.8,-64.6,C-17A Globemaster,,,,False,mode_s
ae04ba,2026-09-27 04:24:41.352765,UNK C/S,58-0055,3134,26000,35.4,128.8,KC-135R Stratotanker,,,,False,mode_s
ae1458,2026-09-27 04:24:41.352769,RCH253,06-6154,3673,31000,50.3,-108.1,C-17A Globemaster,,,,False,mode_s
aed555,2026-09-27 04:24:41.352772,UNK C/S,19-46110,0713,2475,25.4,50.3,KC-46A Pegasus,,,,False,mode_s
ae63ce,2026-09-27 04:25:41.600263,UNK C/S,21-46098,3737,38025,61.637791,-146.179733,KC-46A Pegasus,324,521,30,False,mlat
ae117c,2026-09-27 04:25:41.600273,BANNR67,02-1110,6634,29000,47.282738,-117.440254,C-17A Globemaster,94,518,0,False,adsb_icao
af3bca,2026-09-27 04:25:41.600277,HORSE60,19-46107,3770,31000,33.911247,-115.723763,KC-46A Pegasus,110,481,-74,False,mlat
ae023c,2026-09-27 04:25:41.600280,UNK C/S,63-8888,6622,33000,47.459385,-115.431587,KC-135R Stratotanker,86,562,0,False,mlat
ae07a9,2026-09-27 04:25:41.600282,UNK C/S,59-1515,3521,22175,33.114422,-115.41468,KC-135R Stratotanker,319,362,,False,adsb_icao
ae0812,2026-09-27 04:25:41.600287,RCH5039,00-0176,2117,34000,41.070877,-102.698975,C-17A Globemaster,275,428,0,False,adsb_icao
ae5f95,2026-09-27 04:25:41.600289,CABAL53,18-46042,1117,36000,46.488674,-102.6091,KC-46A Pegasus,328,476,-51,False,mlat
ae5e0b,2026-09-27 04:25:41.600291,CABAL52,17-46030,2454,36000,45.783211,-102.012161,KC-46A Pegasus,337,482,4,False,mlat
ae07d6,2026-09-27 04:25:41.600294,FAMUS88,92-3292,6201,35000,35.618546,-83.500381,C-17A Globemaster,131,501,64,False,adsb_icao
ae63ba,2026-09-27 04:25:41.600297,RCH5064,20-46078,1674,33000,41.830723,-77.272621,KC-46A Pegasus,58,461,-44,False,mlat
ae63c6,2026-09-27 04:25:41.600300,GOLD32,21-46090,3055,17125,41.62487,-75.185913,KC-46A Pegasus,57,408,42,False,mlat
ae5bc6,2026-09-27 04:25:41.600302,GOLD22,16-46021,1503,17100,41.885181,-74.632568,KC-46A Pegasus,63,368,0,False,mlat
ae20c8,2026-09-27 04:25:41.600305,RCH640,07-7187,3606,31000,43.400906,-64.682655,C-17A Globemaster,,,0,False,mlat
ae123b,2026-09-27 04:25:41.600307,MOOSE58,04-4130,2241,36800,49.227673,16.447081,C-17A Globemaster,291,402,469,False,mlat
ae20c2,2026-09-27 04:25:41.600309,MOOSE54,07-7181,2273,36000,43.099888,23.413284,C-17A Globemaster,350,398,32,False,mlat
ae04ba,2026-09-27 04:25:41.600313,UNK C/S,58-0055,3134,26000,34.981583,129.060867,KC-135R Stratotanker,,,0,False,mlat
7cf925,2026-09-27 04:25:41.600316,ASY753,A41-211,6111,24900,41.02523,141.53006,C-17A Globemaster,190,433,1152,False,adsb_icao
ae1458,2026-09-27 04:25:41.600322,RCH253,06-6154,3673,31325,51.8,-106.3,C-17A Globemaster,,,,False,mode_s
aed555,2026-09-27 04:25:41.600326,UNK C/S,19-46110,0713,Unavailable,25.3,50.1,KC-46A Pegasus,,,,False,mode_s
ae63ce,2026-09-27 04:26:41.845007,UNK C/S,21-46098,3737,38000,61.759945,-146.39241,KC-46A Pegasus,322,509,-35,False,mlat
ae117c,2026-09-27 04:26:41.845017,BANNR67,02-1110,6634,29000,47.27005,-117.228241,C-17A Globemaster,95,521,0,False,adsb_icao
af3bca,2026-09-27 04:26:41.845021,HORSE60,19-46107,3770,30625,33.863956,-115.577888,KC-46A Pegasus,109,485,-468,False,mlat
ae07a9,2026-09-27 04:26:41.845025,UNK C/S,59-1515,3521,22150,33.192909,-115.492203,KC-135R Stratotanker,320,363,,False,adsb_icao
ae023c,2026-09-27 04:26:41.845027,UNK C/S,63-8888,6622,33000,47.461792,-115.23584,KC-135R Stratotanker,92,553,0,False,mlat
ae0812,2026-09-27 04:26:41.845032,RCH5039,00-0176,2117,34000,41.082779,-102.855774,C-17A Globemaster,275,426,64,False,adsb_icao
ae5f95,2026-09-27 04:26:41.845034,CABAL53,18-46042,1117,36000,46.593403,-102.701279,KC-46A Pegasus,328,476,76,False,mlat
ae5e0b,2026-09-27 04:26:41.845036,CABAL52,17-46030,2454,36000,45.872829,-102.071877,KC-46A Pegasus,340,456,0,False,mlat
ae07d6,2026-09-27 04:26:41.845039,FAMUS88,92-3292,6201,35000,35.525345,-83.372787,C-17A Globemaster,131,497,-64,False,adsb_icao
ae63ba,2026-09-27 04:26:41.845042,RCH5064,20-46078,1674,33025,41.892765,-77.119514,KC-46A Pegasus,59,476,75,False,mlat
ae63c6,2026-09-27 04:26:41.845045,GOLD32,21-46090,3055,17125,41.687054,-75.05558,KC-46A Pegasus,55,390,-75,False,mlat
ae5bc6,2026-09-27 04:26:41.845048,GOLD22,16-46021,1503,17100,41.94038,-74.514481,KC-46A Pegasus,61,379,0,False,mlat
ae123b,2026-09-27 04:26:41.845050,MOOSE58,04-4130,2241,37000,49.271461,16.276876,C-17A Globemaster,292,425,0,False,mlat
ae20c2,2026-09-27 04:26:41.845052,MOOSE54,07-7181,2273,36000,43.2108,23.388096,C-17A Globemaster,350,402,32,False,mlat
7cf925,2026-09-27 04:26:41.845056,ASY753,A41-211,6111,25575,40.90567,141.499634,C-17A Globemaster,190,440,832,False,adsb_icao
ae1458,2026-09-27 04:26:41.845061,RCH253,06-6154,3673,31800,52.5,-106.6,C-17A Globemaster,,,,False,mode_s
ae20c8,2026-09-27 04:26:41.845064,RCH640,07-7187,3606,31000,44.3,-64.1,C-17A Globemaster,,,,False,mode_s
ae04ba,2026-09-27 04:26:41.845068,UNK C/S,58-0055,3134,26000,35.4,129.2,KC-135R Stratotanker,,,,False,mode_s
aed555,2026-09-27 04:26:41.845071,UNK C/S,19-46110,0713,1000,25.4,50.6,KC-46A Pegasus,,,,False,mode_s
ae63ce,2026-09-27 04:27:42.127654,UNK C/S,21-46098,3737,38000,61.846386,-146.541718,KC-46A Pegasus,,,-14,False,mlat
ae117c,2026-09-27 04:27:42.127665,BANNR67,02-1110,6634,29000,47.256775,-117.014832,C-17A Globemaster,95,520,0,False,adsb_icao
ae07a9,2026-09-27 04:27:42.127669,UNK C/S,59-1515,3521,22150,33.271351,-115.570229,KC-135R Stratotanker,320,367,,False,adsb_icao
af3bca,2026-09-27 04:27:42.127672,HORSE60,19-46107,3770,29025,33.813362,-115.421097,KC-46A Pegasus,111,480,-1499,False,mlat
ae023c,2026-09-27 04:27:42.127674,UNK C/S,63-8888,6622,33000,47.464787,-114.994148,KC-135R Stratotanker,90,560,0,False,mlat
ae0812,2026-09-27 04:27:42.127678,RCH5039,00-0176,2117,34000,41.09478,-103.014931,C-17A Globemaster,275,432,0,False,adsb_icao
ae5f95,2026-09-27 04:27:42.127681,CABAL53,18-46042,1117,36000,46.722679,-102.81871,KC-46A Pegasus,329,466,-75,False,mlat
ae5e0b,2026-09-27 04:27:42.127683,CABAL52,17-46030,2454,36000,46.023407,-102.194412,KC-46A Pegasus,324,483,-35,False,mlat
ae07d6,2026-09-27 04:27:42.127686,FAMUS88,92-3292,6201,35000,35.431931,-83.245453,C-17A Globemaster,131,502,64,False,adsb_icao
ae63ba,2026-09-27 04:27:42.127689,RCH5064,20-46078,1674,33025,41.958481,-76.968712,KC-46A Pegasus,62,452,77,False,mlat
ae63c6,2026-09-27 04:27:42.127691,GOLD32,21-46090,3055,17125,41.745621,-74.935295,KC-46A Pegasus,58,377,53,False,mlat
ae5bc6,2026-09-27 04:27:42.127694,GOLD22,16-46021,1503,17100,41.994747,-74.395897,KC-46A Pegasus,59,367,0,False,mlat
ae20c8,2026-09-27 04:27:42.127696,RCH640,07-7187,3606,31000,43.458305,-64.446289,C-17A Globemaster,,,0,False,mlat
ae123b,2026-09-27 04:27:42.127699,MOOSE58,04-4130,2241,37000,49.313988,16.109133,C-17A Globemaster,291,442,0,False,mlat
ae20c2,2026-09-27 04:27:42.127701,MOOSE54,07-7181,2273,36000,43.320103,23.364328,C-17A Globemaster,350,400,64,False,mlat
7cf925,2026-09-27 04:27:42.127705,ASY753,A41-211,6111,26525,40.783718,141.468704,C-17A Globemaster,190,440,1856,False,adsb_icao
ae1458,2026-09-27 04:27:42.127710,RCH253,06-6154,3673,32300,50.4,-105.1,C-17A Globemaster,,,,False,mode_s
ae04ba,2026-09-27 04:27:42.127714,UNK C/S,58-0055,3134,26000,35.4,129.1,KC-135R Stratotanker,,,,False,mode_s
aed555,2026-09-27 04:27:42.127716,UNK C/S,19-46110,0713,850,28.3,48.4,KC-46A Pegasus,,,,False,mode_s
ae63ce,2026-09-27 04:28:42.375132,UNK C/S,21-46098,3737,38025,61.966713,-146.748901,KC-46A Pegasus,315,425,0,False,mlat
ae117c,2026-09-27 04:28:42.375142,BANNR67,02-1110,6634,29000,47.243362,-116.804787,C-17A Globemaster,95,519,0,False,adsb_icao
ae07a9,2026-09-27 04:28:42.375146,UNK C/S,59-1515,3521,22150,33.350143,-115.648903,KC-135R Stratotanker,320,370,,False,adsb_icao
af3bca,2026-09-27 04:28:42.375149,HORSE60,19-46107,3770,27050,33.765121,-115.277367,KC-46A Pegasus,112,461,-1991,False,mlat
ae023c,2026-09-27 04:28:42.375152,UNK C/S,63-8888,6622,33000,47.467278,-114.778633,KC-135R Stratotanker,87,580,0,False,mlat
ae0812,2026-09-27 04:28:42.375156,RCH5039,00-0176,2117,34000,41.106277,-103.171417,C-17A Globemaster,275,430,0,False,adsb_icao
ae5f95,2026-09-27 04:28:42.375158,CABAL53,18-46042,1117,36000,46.830627,-102.917137,KC-46A Pegasus,329,468,-75,False,mlat
ae5e0b,2026-09-27 04:28:42.375160,CABAL52,17-46030,2454,36000,46.107948,-102.269775,KC-46A Pegasus,329,456,-77,False,mlat
ae07d6,2026-09-27 04:28:42.375164,FAMUS88,92-3292,6201,35000,35.337891,-83.117752,C-17A Globemaster,132,504,-64,False,adsb_icao
ae63ba,2026-09-27 04:28:42.375166,RCH5064,20-46078,1674,33025,42.023281,-76.814133,KC-46A Pegasus,64,482,72,False,mlat
ae63c6,2026-09-27 04:28:42.375169,GOLD32,21-46090,3055,17125,41.809067,-74.80719,KC-46A Pegasus,59,394,25,False,mlat
ae5bc6,2026-09-27 04:28:42.375172,GOLD22,16-46021,1503,17125,42.048878,-74.278252,KC-46A Pegasus,57,371,-2,False,mlat
ae20c8,2026-09-27 04:28:42.375174,RCH640,07-7187,3606,31000,43.554996,-64.167534,C-17A Globemaster,,,0,False,mlat
ae123b,2026-09-27 04:28:42.375177,MOOSE58,04-4130,2241,37000,49.354637,15.950424,C-17A Globemaster,293,403,0,False,mlat
ae20c2,2026-09-27 04:28:42.375179,MOOSE54,07-7181,2273,36000,43.430012,23.340052,C-17A Globemaster,350,406,96,False,mlat
7cf925,2026-09-27 04:28:42.375183,ASY753,A41-211,6111,27450,40.662827,141.438354,C-17A Globemaster,190,440,1216,False,adsb_icao
ae1458,2026-09-27 04:28:42.375187,RCH253,06-6154,3673,32800,52.3,-106.9,C-17A Globemaster,,,,False,mode_s
ae04ba,2026-09-27 04:28:42.375192,UNK C/S,58-0055,3134,26000,35.6,129.0,KC-135R Stratotanker,,,,False,mode_s
ae63ce,2026-09-27 04:29:42.605119,UNK C/S,21-46098,3737,38000,62.056915,-146.982834,KC-46A Pegasus,323,699,7,False,mlat
ae117c,2026-09-27 04:29:42.605129,BANNR67,02-1110,6634,29000,47.229218,-116.591309,C-17A Globemaster,95,519,0,False,adsb_icao
ae07a9,2026-09-27 04:29:42.605133,UNK C/S,59-1515,3521,22150,33.379303,-115.752502,KC-135R Stratotanker,252,340,,False,adsb_icao
af3bca,2026-09-27 04:29:42.605135,HORSE60,19-46107,3770,24850,33.719086,-115.135178,KC-46A Pegasus,112,462,-2319,False,mlat
ae023c,2026-09-27 04:29:42.605138,UNK C/S,63-8888,6622,33000,47.469349,-114.531136,KC-135R Stratotanker,89,564,0,False,mlat
ae0812,2026-09-27 04:29:42.605142,RCH5039,00-0176,2117,34000,41.117729,-103.330414,C-17A Globemaster,275,428,0,False,adsb_icao
ae5f95,2026-09-27 04:29:42.605144,CABAL53,18-46042,1117,36000,46.93853,-103.014862,KC-46A Pegasus,328,468,56,False,mlat
ae5e0b,2026-09-27 04:29:42.605146,CABAL52,17-46030,2454,36000,46.254642,-102.399239,KC-46A Pegasus,331,489,-74,False,mlat
ae07d6,2026-09-27 04:29:42.605149,FAMUS88,92-3292,6201,34975,35.243908,-82.990608,C-17A Globemaster,132,501,-64,False,adsb_icao
ae63ba,2026-09-27 04:29:42.605151,RCH5064,20-46078,1674,33000,42.082478,-76.67691,KC-46A Pegasus,63,444,7,False,mlat
ae63c6,2026-09-27 04:29:42.605155,GOLD32,21-46090,3055,17100,41.871201,-74.687347,KC-46A Pegasus,56,399,-74,False,mlat
ae5bc6,2026-09-27 04:29:42.605157,GOLD22,16-46021,1503,17100,42.098953,-74.167847,KC-46A Pegasus,54,366,51,False,mlat
ae20c8,2026-09-27 04:29:42.605159,RCH640,07-7187,3606,31000,43.616661,-63.988895,C-17A Globemaster,,,0,False,mlat
ae123b,2026-09-27 04:29:42.605162,MOOSE58,04-4130,2241,37000,49.394104,15.788149,C-17A Globemaster,292,415,0,False,mlat
ae20c2,2026-09-27 04:29:42.605164,MOOSE54,07-7181,2273,36000,43.539524,23.316732,C-17A Globemaster,350,394,-64,False,mlat
7cf925,2026-09-27 04:29:42.605168,ASY753,A41-211,6111,28550,40.542068,141.407776,C-17A Globemaster,190,437,960,False,adsb_icao
ae1458,2026-09-27 04:29:42.605172,RCH253,06-6154,3673,33350,49.7,-105.0,C-17A Globemaster,,,,False,mode_s
ae1450,2026-09-27 04:29:42.605175,TREK312,05-5146,Unavailable,Unavailable,20.0,-159.2,C-17A Globemaster,,,,False,mode_s
ae04ba,2026-09-27 04:29:42.605180,UNK C/S,58-0055,3134,26000,35.5,129.0,KC-135R Stratotanker,,,,False,mode_s
ae63ce,2026-09-27 04:30:42.895048,UNK C/S,21-46098,3737,38000,62.164162,-147.111572,KC-46A Pegasus,,,-18,False,mlat
ae117c,2026-09-27 04:30:42.895058,BANNR67,02-1110,6634,29000,47.214397,-116.380638,C-17A Globemaster,95,522,0,False,adsb_icao
ae07a9,2026-09-27 04:30:42.895062,UNK C/S,59-1515,3521,22150,33.311245,-115.823647,KC-135R Stratotanker,192,345,,False,adsb_icao
af3bca,2026-09-27 04:30:42.895065,HORSE60,19-46107,3770,24000,33.674061,-114.996925,KC-46A Pegasus,111,444,-81,False,mlat
ae023c,2026-09-27 04:30:42.895068,UNK C/S,63-8888,6622,33000,47.470707,-114.287552,KC-135R Stratotanker,90,557,0,False,mlat
ae1458,2026-09-27 04:30:42.895071,RCH253,06-6154,3673,33825,49.874554,-107.56134,C-17A Globemaster,,,495,False,mlat
ae0812,2026-09-27 04:30:42.895074,RCH5039,00-0176,2117,34025,41.128967,-103.487122,C-17A Globemaster,275,429,0,False,adsb_icao
ae5f95,2026-09-27 04:30:42.895077,CABAL53,18-46042,1117,36000,47.036972,-103.106102,KC-46A Pegasus,328,465,-72,False,mlat
ae5e0b,2026-09-27 04:30:42.895079,CABAL52,17-46030,2454,36000,46.346043,-102.481697,KC-46A Pegasus,329,471,66,False,mlat
ae07d6,2026-09-27 04:30:42.895082,FAMUS88,92-3292,6201,35000,35.150013,-82.864204,C-17A Globemaster,132,501,0,False,adsb_icao
ae63ba,2026-09-27 04:30:42.895084,RCH5064,20-46078,3530,33000,42.149326,-76.519394,KC-46A Pegasus,60,459,-1,False,mlat
ae63c6,2026-09-27 04:30:42.895087,GOLD32,21-46090,3055,17125,41.934505,-74.557503,KC-46A Pegasus,57,412,53,False,mlat
ae5bc6,2026-09-27 04:30:42.895089,GOLD22,16-46021,1503,17100,42.149986,-74.054947,KC-46A Pegasus,58,342,0,False,mlat
ae20c8,2026-09-27 04:30:42.895092,RCH640,07-7187,3606,31000,43.664734,-63.824692,C-17A Globemaster,,,0,False,mlat
ae123b,2026-09-27 04:30:42.895095,MOOSE58,04-4130,2241,37000,49.435787,15.624695,C-17A Globemaster,290,410,0,False,mlat
ae20c2,2026-09-27 04:30:42.895097,MOOSE54,07-7181,2273,36000,43.649143,23.290964,C-17A Globemaster,350,392,-64,False,mlat
7cf925,2026-09-27 04:30:42.895101,ASY753,A41-211,6111,29325,40.422985,141.377808,C-17A Globemaster,190,437,544,False,adsb_icao
ae1450,2026-09-27 04:30:42.895106,TREK312,05-5146,Unavailable,Unavailable,20.0,-159.2,C-17A Globemaster,,,,False,mode_s
ae04ba,2026-09-27 04:30:42.895110,UNK C/S,58-0055,3134,26000,35.5,128.9,KC-135R Stratotanker,,,,False,mode_s
ae63ce,2026-09-27 04:31:43.127035,UNK C/S,21-46098,3737,38000,62.260128,-147.351685,KC-46A Pegasus,,,-5,False,mlat
ae117c,2026-09-27 04:31:43.127045,BANNR67,02-1110,6634,29000,47.200153,-116.168304,C-17A Globemaster,95,522,0,False,adsb_icao
ae07a9,2026-09-27 04:31:43.127049,UNK C/S,59-1515,3521,22150,33.222015,-115.779968,KC-135R Stratotanker,140,365,,False,adsb_icao
af3bca,2026-09-27 04:31:43.127052,HORSE60,19-46107,3770,24000,33.628704,-114.85994,KC-46A Pegasus,111,447,12,False,mlat
ae023c,2026-09-27 04:31:43.127055,UNK C/S,63-8888,6622,33000,47.471733,-114.063766,KC-135R Stratotanker,90,566,0,False,mlat
ae1458,2026-09-27 04:31:43.127058,RCH253,06-6154,3673,34350,49.987144,-107.427765,C-17A Globemaster,,,495,False,mlat
ae0812,2026-09-27 04:31:43.127061,RCH5039,00-0176,2117,34000,41.139843,-103.645828,C-17A Globemaster,275,431,64,False,adsb_icao
ae5f95,2026-09-27 04:31:43.127064,CABAL53,18-46042,1117,36025,47.091488,-103.15593,KC-46A Pegasus,328,466,53,False,mlat
ae5e0b,2026-09-27 04:31:43.127066,CABAL52,17-46030,2454,36025,46.474625,-102.59655,KC-46A Pegasus,328,464,-25,False,mlat
ae07d6,2026-09-27 04:31:43.127069,FAMUS88,92-3292,6201,35000,35.056274,-82.738373,C-17A Globemaster,132,499,0,False,adsb_icao
ae63ba,2026-09-27 04:31:43.127072,RCH5064,20-46078,3530,33000,42.211006,-76.373466,KC-46A Pegasus,58,460,0,False,mlat
ae63c6,2026-09-27 04:31:43.127075,GOLD32,21-46090,3055,17100,41.991905,-74.426491,KC-46A Pegasus,55,399,-14,False,mlat
ae5bc6,2026-09-27 04:31:43.127077,GOLD22,16-46021,1503,17125,42.198032,-73.94857,KC-46A Pegasus,59,345,44,False,mlat
ae20c8,2026-09-27 04:31:43.127079,RCH640,07-7187,3606,31000,43.725067,-63.648197,C-17A Globemaster,,,0,False,mlat
ae123b,2026-09-27 04:31:43.127082,MOOSE58,04-4130,2241,37000,49.470768,15.480508,C-17A Globemaster,289,406,0,False,mlat
ae20c2,2026-09-27 04:31:43.127084,MOOSE54,07-7181,2273,36000,43.758091,23.267239,C-17A Globemaster,350,394,-128,False,mlat
7cf925,2026-09-27 04:31:43.127088,ASY753,A41-211,6111,30800,40.30481,141.348267,C-17A Globemaster,190,418,2080,False,adsb_icao
ae20c6,2026-09-27 04:31:43.127091,RCH4180,07-7185,Unavailable,925,36.1,-84.5,C-17A Globemaster,,,,False,mode_s
ae1450,2026-09-27 04:31:43.127094,TREK312,05-5146,Unavailable,Unavailable,20.0,-159.2,C-17A Globemaster,,,,False,mode_s
ae04ba,2026-09-27 04:31:43.127098,UNK C/S,58-0055,3134,26000,35.5,128.9,KC-135R Stratotanker,,,,False,mode_s
ae63ce,2026-09-27 04:32:43.376613,UNK C/S,21-46098,3737,38000,62.374901,-147.519623,KC-46A Pegasus,,,24,False,mlat
ae117c,2026-09-27 04:32:43.376623,BANNR67,02-1110,6634,29000,47.185116,-115.956261,C-17A Globemaster,96,518,0,False,adsb_icao
ae07a9,2026-09-27 04:32:43.376627,UNK C/S,59-1515,3521,22150,33.143051,-115.702232,KC-135R Stratotanker,140,369,,False,adsb_icao
af3bca,2026-09-27 04:32:43.376630,HORSE60,19-46107,3770,23675,33.546276,-114.757698,KC-46A Pegasus,159,454,-732,False,mlat
ae023c,2026-09-27 04:32:43.376633,UNK C/S,63-8888,6622,33000,47.471779,-113.817558,KC-135R Stratotanker,90,557,0,False,mlat
ae1458,2026-09-27 04:32:43.376636,RCH253,06-6154,3673,34825,50.087765,-107.309723,C-17A Globemaster,,,474,False,mlat
ae0812,2026-09-27 04:32:43.376639,RCH5039,00-0176,2117,34000,41.150551,-103.803635,C-17A Globemaster,275,431,0,False,adsb_icao
ae5e0b,2026-09-27 04:32:43.376641,CABAL52,17-46030,2454,36025,46.565792,-102.678741,KC-46A Pegasus,327,463,0,False,mlat
ae20c6,2026-09-27 04:32:43.376644,RCH4180,07-7185,Unavailable,2200,35.770775,-84.026932,C-17A Globemaster,193,199,1427,False,mlat
ae07d6,2026-09-27 04:32:43.376646,FAMUS88,92-3292,6201,34975,34.961792,-82.612083,C-17A Globemaster,132,505,0,False,adsb_icao
ae63ba,2026-09-27 04:32:43.376648,RCH5064,20-46078,3530,33000,42.270008,-76.229881,KC-46A Pegasus,58,458,0,False,mlat
ae63c6,2026-09-27 04:32:43.376651,GOLD32,21-46090,3055,17100,42.045811,-74.302925,KC-46A Pegasus,68,405,2,False,mlat
ae5bc6,2026-09-27 04:32:43.376654,GOLD22,16-46021,1503,17100,42.247173,-73.835739,KC-46A Pegasus,58,335,4,False,mlat
ae20c8,2026-09-27 04:32:43.376656,RCH640,07-7187,3606,31000,43.769314,-63.475258,C-17A Globemaster,,,0,False,mlat
ae123b,2026-09-27 04:32:43.376659,MOOSE58,04-4130,2241,37000,49.510662,15.321402,C-17A Globemaster,291,404,0,False,mlat
ae20c2,2026-09-27 04:32:43.376662,MOOSE54,07-7181,2273,36000,43.859566,23.235813,C-17A Globemaster,336,406,-224,False,mlat
7cf925,2026-09-27 04:32:43.376665,ASY753,A41-211,6111,32000,40.192875,141.32045,C-17A Globemaster,190,403,320,False,adsb_icao
ae1450,2026-09-27 04:32:43.376670,TREK312,05-5146,Unavailable,Unavailable,20.0,-159.2,C-17A Globemaster,,,,False,mode_s
ae5f95,2026-09-27 04:32:43.376673,CABAL53,18-46042,1117,36025,48.1,-103.1,KC-46A Pegasus,,,,False,mode_s
ae04ba,2026-09-27 04:32:43.376676,UNK C/S,58-0055,3134,26000,35.5,128.7,KC-135R Stratotanker,,,,False,mode_s
ae63ce,2026-09-27 04:33:43.630222,UNK C/S,21-46098,3737,38000,62.563328,-147.578125,KC-46A Pegasus,,,-17,False,mlat
ae117c,2026-09-27 04:33:43.630232,BANNR67,02-1110,6634,29000,47.169662,-115.746048,C-17A Globemaster,96,518,0,False,adsb_icao
ae07a9,2026-09-27 04:33:43.630235,UNK C/S,59-1515,3521,22150,33.063492,-115.623138,KC-135R Stratotanker,140,374,,False,adsb_icao
af3bca,2026-09-27 04:33:43.630238,HORSE60,19-46107,3770,21850,33.433388,-114.734138,KC-46A Pegasus,172,379,-1858,False,mlat
ae023c,2026-09-27 04:33:43.630242,UNK C/S,63-8888,6622,33000,47.471909,-113.619278,KC-135R Stratotanker,90,558,0,False,mlat
ae1458,2026-09-27 04:33:43.630245,RCH253,06-6154,3673,35000,50.230537,-107.139503,C-17A Globemaster,,,14,False,mlat
ae0812,2026-09-27 04:33:43.630248,RCH5039,00-0176,2117,34000,41.16124,-103.9646,C-17A Globemaster,274,439,0,False,adsb_icao
ae5e0b,2026-09-27 04:33:43.630250,CABAL52,17-46030,2454,36000,46.678215,-102.779594,KC-46A Pegasus,328,470,-67,False,mlat
ae20c6,2026-09-27 04:33:43.630253,RCH4180,07-7185,Unavailable,3300,35.758923,-83.964752,C-17A Globemaster,66,272,1173,False,mlat
ae07d6,2026-09-27 04:33:43.630255,FAMUS88,92-3292,6201,35000,34.866531,-82.48513,C-17A Globemaster,132,504,0,False,adsb_icao
ae63ba,2026-09-27 04:33:43.630257,RCH5064,20-46078,3530,33000,42.332794,-76.078751,KC-46A Pegasus,61,468,0,False,mlat
ae63c6,2026-09-27 04:33:43.630260,GOLD32,21-46090,3055,17125,42.060505,-74.147125,KC-46A Pegasus,90,396,52,False,mlat
ae5bc6,2026-09-27 04:33:43.630262,GOLD22,16-46021,1503,17100,42.29681,-73.72403,KC-46A Pegasus,64,328,-66,False,mlat
ae20c8,2026-09-27 04:33:43.630265,RCH640,07-7187,3606,31000,43.826435,-63.282677,C-17A Globemaster,,,0,False,mlat
ae123b,2026-09-27 04:33:43.630267,MOOSE58,04-4130,2241,37000,49.554825,15.138334,C-17A Globemaster,292,411,0,False,mlat
ae20c2,2026-09-27 04:33:43.630269,MOOSE54,07-7181,2273,36000,43.965828,23.174328,C-17A Globemaster,336,408,32,False,mlat
7cf925,2026-09-27 04:33:43.630273,ASY753,A41-211,6111,32000,40.080414,141.292664,C-17A Globemaster,190,412,-128,False,adsb_icao
ae1450,2026-09-27 04:33:43.630277,TREK312,05-5146,Unavailable,Unavailable,20.0,-159.2,C-17A Globemaster,,,,False,mode_s
ae5f95,2026-09-27 04:33:43.630280,CABAL53,18-46042,1117,36000,47.7,-103.7,KC-46A Pegasus,,,,False,mode_s
ae04ba,2026-09-27 04:33:43.630283,UNK C/S,58-0055,3134,26000,35.6,128.6,KC-135R Stratotanker,,,,False,mode_s
ae63ce,2026-09-27 04:34:43.872359,UNK C/S,21-46098,3737,38025,62.627277,-147.704361,KC-46A Pegasus,,,-4,False,mlat
ae07a9,2026-09-27 04:34:43.872369,UNK C/S,59-1515,3521,22150,32.982971,-115.543045,KC-135R Stratotanker,140,375,,False,adsb_icao
ae117c,2026-09-27 04:34:43.872372,BANNR67,02-1110,6634,29000,47.153824,-115.536896,C-17A Globemaster,96,519,0,False,adsb_icao
af3bca,2026-09-27 04:34:43.872375,HORSE60,19-46107,3770,21000,33.32288,-114.718704,KC-46A Pegasus,173,396,-78,False,mlat
ae023c,2026-09-27 04:34:43.872378,UNK C/S,63-8888,6622,33000,47.471188,-113.401054,KC-135R Stratotanker,91,539,0,False,mlat
ae1458,2026-09-27 04:34:43.872381,RCH253,06-6154,3673,35000,50.30761,-107.057968,C-17A Globemaster,38,519,0,False,mlat
ae0812,2026-09-27 04:34:43.872385,RCH5039,00-0176,2117,34000,41.171638,-104.125671,C-17A Globemaster,274,443,64,False,adsb_icao
ae5e0b,2026-09-27 04:34:43.872387,CABAL52,17-46030,2454,36025,46.803619,-102.894035,KC-46A Pegasus,328,456,77,False,mlat
ae20c6,2026-09-27 04:34:43.872390,RCH4180,07-7185,Unavailable,5425,35.774254,-83.881195,C-17A Globemaster,77,267,2590,False,mlat
ae07d6,2026-09-27 04:34:43.872393,FAMUS88,92-3292,6201,35000,34.772095,-82.35968,C-17A Globemaster,132,504,0,False,adsb_icao
ae63ba,2026-09-27 04:34:43.872395,RCH5064,20-46078,3530,33025,42.396328,-75.931801,KC-46A Pegasus,59,467,75,False,mlat
ae63c6,2026-09-27 04:34:43.872398,GOLD32,21-46090,3055,17100,42.072002,-74.002342,KC-46A Pegasus,82,413,9,False,mlat
ae5bc6,2026-09-27 04:34:43.872400,GOLD22,16-46021,1503,17100,42.346786,-73.612938,KC-46A Pegasus,62,341,27,False,mlat
ae20c8,2026-09-27 04:34:43.872403,RCH640,07-7187,3606,31000,43.861546,-63.164948,C-17A Globemaster,,,0,False,mlat
ae123b,2026-09-27 04:34:43.872406,MOOSE58,04-4130,2241,37000,49.594761,14.975433,C-17A Globemaster,290,403,0,False,mlat
ae20c2,2026-09-27 04:34:43.872408,MOOSE54,07-7181,2273,36000,44.06879,23.112617,C-17A Globemaster,336,410,0,False,mlat
7cf925,2026-09-27 04:34:43.872412,ASY753,A41-211,6111,32000,39.968636,141.264954,C-17A Globemaster,190,406,0,False,adsb_icao
ae0159,2026-09-27 04:34:43.872416,UNK C/S,57-1512,5326,19975,31.3,35.4,KC-135R Stratotanker,,,,False,mode_s
ae1450,2026-09-27 04:34:43.872419,TREK312,05-5146,Unavailable,Unavailable,20.0,-159.2,C-17A Globemaster,,,,False,mode_s
ae5f95,2026-09-27 04:34:43.872423,CABAL53,18-46042,1117,36000,48.5,-104.1,KC-46A Pegasus,,,,False,mode_s
ae04ba,2026-09-27 04:34:43.872426,UNK C/S,58-0055,3134,24225,35.5,128.6,KC-135R Stratotanker,,,,False,mode_s
ae63ce,2026-09-27 04:35:44.110389,UNK C/S,21-46098,3737,38000,62.732224,-147.903061,KC-46A Pegasus,,,-9,False,mlat
ae07a9,2026-09-27 04:35:44.110399,UNK C/S,59-1515,3521,22150,32.956146,-115.427299,KC-135R Stratotanker,71,398,,False,adsb_icao
ae117c,2026-09-27 04:35:44.110403,BANNR67,02-1110,6634,29000,47.137482,-115.324722,C-17A Globemaster,96,524,0,False,adsb_icao
af3bca,2026-09-27 04:35:44.110406,HORSE60,19-46107,3770,21000,33.213215,-114.701942,KC-46A Pegasus,174,397,-24,False,mlat
ae023c,2026-09-27 04:35:44.110409,UNK C/S,63-8888,6622,33000,47.457481,-113.169899,KC-135R Stratotanker,95,544,0,False,mlat
ae1458,2026-09-27 04:35:44.110412,RCH253,06-6154,3673,35000,50.460224,-106.862724,C-17A Globemaster,37,525,0,False,mlat
ae0812,2026-09-27 04:35:44.110415,RCH5039,00-0176,2117,34000,41.182159,-104.289284,C-17A Globemaster,274,444,0,False,adsb_icao
ae5f95,2026-09-27 04:35:44.110418,CABAL53,18-46042,1117,36000,47.581581,-103.61364,KC-46A Pegasus,,,2,False,mlat
ae20c6,2026-09-27 04:35:44.110421,RCH4180,07-7185,Unavailable,7875,35.793716,-83.789505,C-17A Globemaster,74,273,2205,False,mlat
ae07d6,2026-09-27 04:35:44.110424,FAMUS88,92-3292,6201,34975,34.677612,-82.234856,C-17A Globemaster,132,503,64,False,adsb_icao
ae63ba,2026-09-27 04:35:44.110426,RCH5064,20-46078,3530,33025,42.461399,-75.771042,KC-46A Pegasus,68,510,75,False,mlat
ae63c6,2026-09-27 04:35:44.110429,GOLD32,21-46090,3055,17100,42.081974,-73.865654,KC-46A Pegasus,85,317,52,False,mlat
ae5bc6,2026-09-27 04:35:44.110432,GOLD22,16-46021,1503,17100,42.39669,-73.502686,KC-46A Pegasus,59,351,78,False,mlat
ae20c8,2026-09-27 04:35:44.110434,RCH640,07-7187,3606,31000,43.948765,-62.931969,C-17A Globemaster,,,0,False,mlat
ae123b,2026-09-27 04:35:44.110437,MOOSE58,04-4130,2241,37000,49.630745,14.821176,C-17A Globemaster,291,400,0,False,mlat
ae20c2,2026-09-27 04:35:44.110439,MOOSE54,07-7181,2273,36000,44.17749,23.049053,C-17A Globemaster,336,414,-32,False,mlat
7cf925,2026-09-27 04:35:44.110443,ASY753,A41-211,6111,32000,39.857048,141.237366,C-17A Globemaster,190,408,-128,False,adsb_icao
ae0159,2026-09-27 04:35:44.110447,UNK C/S,57-1512,5326,19975,31.9,36.1,KC-135R Stratotanker,,,,False,mode_s
ae1450,2026-09-27 04:35:44.110449,TREK312,05-5146,Unavailable,Unavailable,20.0,-159.2,C-17A Globemaster,,,,False,mode_s
ae5e0b,2026-09-27 04:35:44.110453,CABAL52,17-46030,2454,36025,46.8,-102.5,KC-46A Pegasus,,,,False,mode_s
ae04ba,2026-09-27 04:35:44.110456,UNK C/S,58-0055,3134,21475,35.4,128.7,KC-135R Stratotanker,,,,False,mode_s
ae63ce,2026-09-27 04:36:44.396239,UNK C/S,21-46098,3737,38000,62.798038,-148.02951,KC-46A Pegasus,,,,False,mlat
ae07a9,2026-09-27 04:36:44.396248,UNK C/S,59-1515,3521,22150,33.043259,-115.364357,KC-135R Stratotanker,354,384,,False,adsb_icao
ae117c,2026-09-27 04:36:44.396252,BANNR67,02-1110,6634,29000,47.120781,-115.114044,C-17A Globemaster,96,518,0,False,adsb_icao
af3bca,2026-09-27 04:36:44.396255,HORSE60,19-46107,3770,21000,33.108341,-114.685165,KC-46A Pegasus,171,394,-75,False,mlat
ae1458,2026-09-27 04:36:44.396260,RCH253,06-6154,3673,35000,50.573643,-106.721329,C-17A Globemaster,39,538,0,False,mlat
ae0812,2026-09-27 04:36:44.396263,RCH5039,00-0176,2117,34000,41.192276,-104.450989,C-17A Globemaster,274,438,0,False,adsb_icao
ae5f95,2026-09-27 04:36:44.396266,CABAL53,18-46042,1117,36000,47.715515,-103.742554,KC-46A Pegasus,,,0,False,mlat
ae20c6,2026-09-27 04:36:44.396269,RCH4180,07-7185,Unavailable,10375,35.813122,-83.697655,C-17A Globemaster,73,289,2510,False,mlat
ae07d6,2026-09-27 04:36:44.396271,FAMUS88,92-3292,6201,34375,34.582993,-82.109184,C-17A Globemaster,131,501,-960,False,adsb_icao
ae63ba,2026-09-27 04:36:44.396274,RCH5064,20-46078,3530,33025,42.525867,-75.614616,KC-46A Pegasus,63,473,-76,False,mlat
ae63c6,2026-09-27 04:36:44.396276,GOLD32,21-46090,3055,17100,42.09127,-73.743538,KC-46A Pegasus,84,334,0,False,mlat
ae5bc6,2026-09-27 04:36:44.396279,GOLD22,16-46021,1503,17100,42.446075,-73.38855,KC-46A Pegasus,58,348,0,False,mlat
ae20c8,2026-09-27 04:36:44.396281,RCH640,07-7187,3606,31000,44.041744,-62.774921,C-17A Globemaster,,,0,False,mlat
ae123b,2026-09-27 04:36:44.396284,MOOSE58,04-4130,2241,37000,49.670486,14.654801,C-17A Globemaster,290,411,0,False,mlat
ae20c2,2026-09-27 04:36:44.396286,MOOSE54,07-7181,2273,36000,44.281281,22.989008,C-17A Globemaster,336,410,0,False,mlat
7cf925,2026-09-27 04:36:44.396290,ASY753,A41-211,6111,32000,39.746441,141.210144,C-17A Globemaster,190,403,32,False,adsb_icao
ae0159,2026-09-27 04:36:44.396294,UNK C/S,57-1512,5326,19975,31.6,36.2,KC-135R Stratotanker,,,,False,mode_s
ae1450,2026-09-27 04:36:44.396297,TREK312,05-5146,Unavailable,Unavailable,20.0,-159.2,C-17A Globemaster,,,,False,mode_s
ae023c,2026-09-27 04:36:44.396299,UNK C/S,63-8888,6622,33000,47.4,-111.4,KC-135R Stratotanker,,,,False,mode_s
ae07f0,2026-09-27 04:36:44.396303,RCH553,96-0006,3315,35000,30.7,28.3,C-17A Globemaster,,,,False,mode_s
ae5e0b,2026-09-27 04:36:44.396305,CABAL52,17-46030,2454,36000,47.4,-101.8,KC-46A Pegasus,,,,False,mode_s
ae04ba,2026-09-27 04:36:44.396308,UNK C/S,58-0055,3134,18925,35.4,127.8,KC-135R Stratotanker,,,,False,mode_s
ae07a9,2026-09-27 04:37:44.790387,UNK C/S,59-1515,3521,22150,33.129318,-115.428955,KC-135R Stratotanker,320,368,,False,adsb_icao
ae117c,2026-09-27 04:37:44.790396,BANNR67,02-1110,6634,29000,47.103836,-114.903603,C-17A Globemaster,96,518,,False,adsb_icao
af3bca,2026-09-27 04:37:44.790400,HORSE60,19-46107,3770,21000,32.999123,-114.667793,KC-46A Pegasus,174,400,0,False,mlat
ae023c,2026-09-27 04:37:44.790404,UNK C/S,63-8888,6622,33000,47.466812,-112.725533,KC-135R Stratotanker,87,552,0,False,mlat
ae1458,2026-09-27 04:37:44.790407,RCH253,06-6154,3673,35000,50.697803,-106.572037,C-17A Globemaster,38,519,24,False,mlat
ae0812,2026-09-27 04:37:44.790410,RCH5039,00-0176,2117,34000,41.197815,-104.610718,C-17A Globemaster,268,432,0,False,adsb_icao
ae5f95,2026-09-27 04:37:44.790413,CABAL53,18-46042,1117,36000,47.771618,-103.79451,KC-46A Pegasus,,,18,False,mlat
ae20c6,2026-09-27 04:37:44.790416,RCH4180,07-7185,2053,12000,35.842922,-83.607079,C-17A Globemaster,57,320,1312,False,mlat
ae07d6,2026-09-27 04:37:44.790419,FAMUS88,92-3292,6201,33400,34.490273,-81.984215,C-17A Globemaster,131,504,-1024,False,adsb_icao
ae63ba,2026-09-27 04:37:44.790421,RCH5064,20-46078,3530,33000,42.591053,-75.456284,KC-46A Pegasus,62,470,0,False,mlat
ae63c6,2026-09-27 04:37:44.790423,GOLD32,21-46090,3055,17100,42.099895,-73.613693,KC-46A Pegasus,84,337,0,False,mlat
ae5bc6,2026-09-27 04:37:44.790426,GOLD22,16-46021,1503,17025,42.494621,-73.278519,KC-46A Pegasus,59,349,-137,False,mlat
ae20c8,2026-09-27 04:37:44.790428,RCH640,07-7187,3606,31025,44.062656,-62.686443,C-17A Globemaster,70,488,65,False,mlat
ae123b,2026-09-27 04:37:44.790430,MOOSE58,04-4130,2241,37000,49.709866,14.49117,C-17A Globemaster,288,427,0,False,mlat
ae20c2,2026-09-27 04:37:44.790432,MOOSE54,07-7181,2273,36000,44.385143,22.924509,C-17A Globemaster,336,410,0,False,mlat
7cf925,2026-09-27 04:37:44.790436,ASY753,A41-211,6111,32000,39.636669,141.183228,C-17A Globemaster,190,405,-64,False,adsb_icao
ae0159,2026-09-27 04:37:44.790441,UNK C/S,57-1512,5326,19975,31.7,35.2,KC-135R Stratotanker,,,,False,mode_s
ae63ce,2026-09-27 04:37:44.790444,UNK C/S,21-46098,3737,38025,62.0,-150.1,KC-46A Pegasus,,,,False,mode_s
ae1235,2026-09-27 04:37:44.790446,MOOSE32,03-3124,Unavailable,Unavailable,48.9,7.9,C-17A Globemaster,,,,False,mode_s
ae1450,2026-09-27 04:37:44.790448,TREK312,05-5146,Unavailable,Unavailable,20.0,-159.2,C-17A Globemaster,,,,False,mode_s
ae5e0b,2026-09-27 04:37:44.790452,CABAL52,17-46030,2454,36000,48.2,-102.0,KC-46A Pegasus,,,,False,mode_s
ae04ba,2026-09-27 04:37:44.790454,UNK C/S,58-0055,3134,16975,35.8,127.7,KC-135R Stratotanker,,,,False,mode_s
ae07a9,2026-09-27 04:38:45.037995,UNK C/S,59-1515,3521,22150,33.209064,-115.508125,KC-135R Stratotanker,320,370,,False,adsb_icao
ae117c,2026-09-27 04:38:45.038004,BANNR67,02-1110,6634,29000,47.086376,-114.693253,C-17A Globemaster,96,519,0,False,adsb_icao
af3bca,2026-09-27 04:38:45.038008,HORSE60,19-46107,3770,21000,32.888882,-114.650993,KC-46A Pegasus,172,393,0,False,mlat
ae023c,2026-09-27 04:38:45.038011,UNK C/S,63-8888,6622,33000,47.465031,-112.605804,KC-135R Stratotanker,91,541,0,False,mlat
ae1458,2026-09-27 04:38:45.038014,RCH253,06-6154,3673,35000,50.804283,-106.441536,C-17A Globemaster,38,537,0,False,mlat
ae0812,2026-09-27 04:38:45.038017,RCH5039,00-0176,2117,34000,41.19548,-104.769714,C-17A Globemaster,268,430,0,False,adsb_icao
ae5f95,2026-09-27 04:38:45.038020,CABAL53,18-46042,1117,36000,47.904888,-103.922768,KC-46A Pegasus,,,-49,False,mlat
ae20c6,2026-09-27 04:38:45.038023,RCH4180,07-7185,2053,13225,35.886917,-83.505081,C-17A Globemaster,62,363,1266,False,mlat
ae07d6,2026-09-27 04:38:45.038026,FAMUS88,92-3292,6201,32400,34.395355,-81.857353,C-17A Globemaster,132,504,-1024,False,adsb_icao
ae63ba,2026-09-27 04:38:45.038029,RCH5064,20-46078,3530,33025,42.653599,-75.302254,KC-46A Pegasus,60,468,76,False,mlat
ae63c6,2026-09-27 04:38:45.038031,GOLD32,21-46090,3055,17100,42.109035,-73.486267,KC-46A Pegasus,86,339,0,False,mlat
ae5bc6,2026-09-27 04:38:45.038034,GOLD22,16-46021,1503,17025,42.544155,-73.164177,KC-46A Pegasus,58,349,0,False,mlat
ae20c8,2026-09-27 04:38:45.038036,RCH640,07-7187,3606,31000,44.093384,-62.385395,C-17A Globemaster,68,504,41,False,mlat
ae123b,2026-09-27 04:38:45.038038,MOOSE58,04-4130,2241,37000,49.747566,14.324716,C-17A Globemaster,287,416,0,False,mlat
ae20c2,2026-09-27 04:38:45.038040,MOOSE54,07-7181,2273,36000,44.497162,22.858894,C-17A Globemaster,336,414,0,False,mlat
7cf925,2026-09-27 04:38:45.038044,ASY753,A41-211,6111,32000,39.524597,141.155807,C-17A Globemaster,190,405,-128,False,adsb_icao
ae0159,2026-09-27 04:38:45.038048,UNK C/S,57-1512,5326,19975,31.5,35.1,KC-135R Stratotanker,,,,False,mode_s
ae63ce,2026-09-27 04:38:45.038051,UNK C/S,21-46098,3737,37750,61.9,-150.3,KC-46A Pegasus,,,,False,mode_s
ae1235,2026-09-27 04:38:45.038054,MOOSE32,03-3124,Unavailable,Unavailable,48.9,7.9,C-17A Globemaster,,,,False,mode_s
ae1450,2026-09-27 04:38:45.038056,TREK312,05-5146,Unavailable,Unavailable,20.0,-159.2,C-17A Globemaster,,,,False,mode_s
ae5e0b,2026-09-27 04:38:45.038059,CABAL52,17-46030,2454,36000,48.1,-103.5,KC-46A Pegasus,,,,False,mode_s
ae04ba,2026-09-27 04:38:45.038062,UNK C/S,58-0055,3134,15025,35.5,128.1,KC-135R Stratotanker,,,,False,mode_s
ae07a9,2026-09-27 04:39:45.273900,UNK C/S,59-1515,3521,22150,33.28894,-115.587654,KC-135R Stratotanker,320,373,,False,adsb_icao
af3bca,2026-09-27 04:39:45.273909,HORSE60,19-46107,3770,21000,32.778088,-114.633324,KC-46A Pegasus,172,394,0,False,mlat
ae117c,2026-09-27 04:39:45.273913,BANNR67,02-1110,6634,29000,47.068451,-114.482483,C-17A Globemaster,97,519,,False,adsb_icao
ae1458,2026-09-27 04:39:45.273917,RCH253,06-6154,3673,35000,50.927608,-106.291275,C-17A Globemaster,37,522,0,False,mlat
ae0812,2026-09-27 04:39:45.273920,RCH5039,00-0176,2117,34000,41.193008,-104.929565,C-17A Globemaster,268,432,-64,False,adsb_icao
ae5f95,2026-09-27 04:39:45.273923,CABAL53,18-46042,1117,36000,48.01981,-104.032288,KC-46A Pegasus,,,78,False,mlat
ae5e0b,2026-09-27 04:39:45.273925,CABAL52,17-46030,2454,36000,47.307453,-103.359978,KC-46A Pegasus,314,899,-67,False,mlat
ae20c6,2026-09-27 04:39:45.273929,RCH4180,07-7185,2053,14475,35.93681,-83.389015,C-17A Globemaster,62,395,601,False,mlat
ae07d6,2026-09-27 04:39:45.273931,FAMUS88,92-3292,6201,31400,34.300571,-81.731361,C-17A Globemaster,132,506,-1024,False,adsb_icao
ae63ba,2026-09-27 04:39:45.273933,RCH5064,20-46078,3530,33000,42.715961,-75.144791,KC-46A Pegasus,62,480,51,False,mlat
ae63c6,2026-09-27 04:39:45.273936,GOLD32,21-46090,3055,17100,42.118446,-73.363335,KC-46A Pegasus,85,332,0,False,mlat
ae5bc6,2026-09-27 04:39:45.273938,GOLD22,16-46021,1503,17025,42.594818,-73.047447,KC-46A Pegasus,60,352,0,False,mlat
ae20c8,2026-09-27 04:39:45.273940,RCH640,07-7187,3606,31000,44.132114,-62.233269,C-17A Globemaster,70,507,0,False,mlat
ae123b,2026-09-27 04:39:45.273943,MOOSE58,04-4130,2241,37000,49.785351,14.162874,C-17A Globemaster,290,403,0,False,mlat
ae20c2,2026-09-27 04:39:45.273946,MOOSE54,07-7181,2273,36000,44.59417,22.800228,C-17A Globemaster,336,412,0,False,mlat
7cf925,2026-09-27 04:39:45.273950,ASY753,A41-211,6111,32000,39.413872,141.128662,C-17A Globemaster,191,402,32,False,adsb_icao
ae0159,2026-09-27 04:39:45.273954,UNK C/S,57-1512,5326,19975,31.7,35.3,KC-135R Stratotanker,,,,False,mode_s
ae63ce,2026-09-27 04:39:45.273957,UNK C/S,21-46098,3737,35075,62.2,-149.8,KC-46A Pegasus,,,,False,mode_s
ae1450,2026-09-27 04:39:45.273959,TREK312,05-5146,Unavailable,37000,21.7,-158.1,C-17A Globemaster,,,,False,mode_s
ae023c,2026-09-27 04:39:45.273962,UNK C/S,63-8888,6622,33000,47.3,-111.7,KC-135R Stratotanker,,,,False,mode_s
ae04ba,2026-09-27 04:39:45.273965,UNK C/S,58-0055,3134,12675,36.0,128.1,KC-135R Stratotanker,,,,False,mode_s
ae07a9,2026-09-27 04:40:45.544030,UNK C/S,59-1515,3521,22125,33.367573,-115.668045,KC-135R Stratotanker,313,371,,False,adsb_icao
af3bca,2026-09-27 04:40:45.544039,HORSE60,19-46107,3770,21000,32.672832,-114.607742,KC-46A Pegasus,156,370,0,False,mlat
ae117c,2026-09-27 04:40:45.544043,BANNR67,02-1110,6634,29000,47.050301,-114.273308,C-17A Globemaster,97,519,,False,adsb_icao
ae1458,2026-09-27 04:40:45.544047,RCH253,06-6154,3673,35000,51.036041,-106.156151,C-17A Globemaster,38,523,0,False,mlat
ae0812,2026-09-27 04:40:45.544050,RCH5039,00-0176,2117,34000,41.190399,-105.088013,C-17A Globemaster,268,431,-64,False,adsb_icao
ae5f95,2026-09-27 04:40:45.544053,CABAL53,18-46042,1117,36000,48.082962,-104.094078,KC-46A Pegasus,,,-73,False,mlat
ae20c6,2026-09-27 04:40:45.544056,RCH4180,07-7185,2053,16325,35.986862,-83.27108,C-17A Globemaster,64,402,1924,False,mlat
ae07d6,2026-09-27 04:40:45.544059,FAMUS88,92-3292,6201,30425,34.205326,-81.605125,C-17A Globemaster,132,508,-1024,False,adsb_icao
ae63ba,2026-09-27 04:40:45.544061,RCH5064,20-46078,3530,33025,42.780266,-74.987923,KC-46A Pegasus,61,477,-18,False,mlat
ae63c6,2026-09-27 04:40:45.544064,GOLD32,21-46090,3055,17100,42.127064,-73.235298,KC-46A Pegasus,86,343,0,False,mlat
ae5bc6,2026-09-27 04:40:45.544066,GOLD22,16-46021,1503,17025,42.644791,-72.932449,KC-46A Pegasus,60,361,0,False,mlat
ae123b,2026-09-27 04:40:45.544069,MOOSE58,04-4130,2241,37000,49.822674,13.998027,C-17A Globemaster,288,403,0,False,mlat
ae20c2,2026-09-27 04:40:45.544071,MOOSE54,07-7181,2273,36000,44.693748,22.741293,C-17A Globemaster,336,410,-128,False,mlat
7cf925,2026-09-27 04:40:45.544076,ASY753,A41-211,6111,32000,39.305916,141.095703,C-17A Globemaster,193,398,0,False,adsb_icao
ae20c8,2026-09-27 04:40:45.544080,RCH640,07-7187,3606,31000,44.5,-63.1,C-17A Globemaster,,,,False,mode_s
ae0159,2026-09-27 04:40:45.544082,UNK C/S,57-1512,5326,19975,31.7,35.0,KC-135R Stratotanker,,,,False,mode_s
ae63ce,2026-09-27 04:40:45.544085,UNK C/S,21-46098,3737,31375,63.1,-149.2,KC-46A Pegasus,,,,False,mode_s
ae1450,2026-09-27 04:40:45.544087,TREK312,05-5146,Unavailable,37000,20.0,-159.2,C-17A Globemaster,,,,False,mode_s
ae023c,2026-09-27 04:40:45.544090,UNK C/S,63-8888,6622,33000,47.5,-110.8,KC-135R Stratotanker,,,,False,mode_s
ae5e0b,2026-09-27 04:40:45.544093,CABAL52,17-46030,2454,36000,48.4,-103.8,KC-46A Pegasus,,,,False,mode_s
ae04ba,2026-09-27 04:40:45.544095,UNK C/S,58-0055,3134,12100,36.2,128.1,KC-135R Stratotanker,,,,False,mode_s
ae07a9,2026-09-27 04:41:45.806759,UNK C/S,59-1515,3521,22150,33.369343,-115.777061,KC-135R Stratotanker,237,344,,False,adsb_icao
af3bca,2026-09-27 04:41:45.806769,HORSE60,19-46107,3770,21000,32.607567,-114.502045,KC-46A Pegasus,107,416,48,False,mlat
ae117c,2026-09-27 04:41:45.806773,BANNR67,02-1110,6634,29000,47.031784,-114.063904,C-17A Globemaster,97,517,,False,adsb_icao
ae1458,2026-09-27 04:41:45.806777,RCH253,06-6154,3673,35000,51.145004,-106.017975,C-17A Globemaster,38,530,0,False,mlat
ae0812,2026-09-27 04:41:45.806792,RCH5039,00-0176,2117,34000,41.187603,-105.246529,C-17A Globemaster,268,426,0,False,adsb_icao
ae20c6,2026-09-27 04:41:45.806796,RCH4180,07-7185,2053,17625,36.037563,-83.154526,C-17A Globemaster,62,404,1128,False,mlat
ae07d6,2026-09-27 04:41:45.806798,FAMUS88,92-3292,6201,29425,34.109894,-81.479095,C-17A Globemaster,132,503,-1088,False,adsb_icao
ae63ba,2026-09-27 04:41:45.806801,RCH5064,20-46078,3530,33000,42.843674,-74.827415,KC-46A Pegasus,62,476,-37,False,mlat
ae63c6,2026-09-27 04:41:45.806803,GOLD32,21-46090,3055,17100,42.157112,-73.120972,KC-46A Pegasus,46,351,0,False,mlat
ae5bc6,2026-09-27 04:41:45.806806,GOLD22,16-46021,1503,17025,42.692318,-72.823097,KC-46A Pegasus,58,356,0,False,mlat
ae123b,2026-09-27 04:41:45.806808,MOOSE58,04-4130,2241,37000,49.859779,13.840998,C-17A Globemaster,289,401,0,False,mlat
ae20c2,2026-09-27 04:41:45.806810,MOOSE54,07-7181,2273,36000,44.805061,22.674713,C-17A Globemaster,336,412,-96,False,mlat
7cf925,2026-09-27 04:41:45.806814,ASY753,A41-211,6111,32000,39.19725,141.062119,C-17A Globemaster,193,400,-64,False,adsb_icao
ae5e0b,2026-09-27 04:41:45.806819,CABAL52,17-46030,2454,36025,48.1,-103.5,KC-46A Pegasus,,,,False,mode_s
ae63ce,2026-09-27 04:41:45.806822,UNK C/S,21-46098,3737,28175,63.9,-148.7,KC-46A Pegasus,,,,False,mode_s
ae1450,2026-09-27 04:41:45.806825,TREK312,05-5146,Unavailable,37000,21.7,-158.1,C-17A Globemaster,,,,False,mode_s
ae5f95,2026-09-27 04:41:45.806827,CABAL53,18-46042,1117,36025,48.8,-103.7,KC-46A Pegasus,,,,False,mode_s
ae04ba,2026-09-27 04:41:45.806830,UNK C/S,58-0055,3134,12100,36.5,127.8,KC-135R Stratotanker,,,,False,mode_s
ae20c8,2026-09-27 04:41:45.806833,RCH640,07-7187,3606,31000,44.5,-63.1,C-17A Globemaster,,,,False,mode_s
ae0159,2026-09-27 04:41:45.806835,UNK C/S,57-1512,5326,19975,31.4,34.5,KC-135R Stratotanker,,,,False,mode_s
ae023c,2026-09-27 04:41:45.806838,UNK C/S,63-8888,6622,33000,47.3,-111.3,KC-135R Stratotanker,,,,False,mode_s
ae07a9,2026-09-27 04:42:46.082269,UNK C/S,59-1515,3521,22150,33.286945,-115.824371,KC-135R Stratotanker,175,352,,False,adsb_icao
af3bca,2026-09-27 04:42:46.082278,HORSE60,19-46107,3770,21000,32.561249,-114.381905,KC-46A Pegasus,116,419,0,False,mlat
ae117c,2026-09-27 04:42:46.082282,BANNR67,02-1110,6634,29000,47.01292,-113.855049,C-17A Globemaster,97,516,,False,adsb_icao
ae1458,2026-09-27 04:42:46.082287,RCH253,06-6154,3673,35000,51.257626,-105.877396,C-17A Globemaster,38,528,0,False,mlat
ae0812,2026-09-27 04:42:46.082290,RCH5039,00-0176,2117,34000,41.184441,-105.402771,C-17A Globemaster,268,425,0,False,adsb_icao
ae5e0b,2026-09-27 04:42:46.082293,CABAL52,17-46030,2454,35975,47.593246,-103.630615,KC-46A Pegasus,,,-78,False,mode_s
ae20c6,2026-09-27 04:42:46.082297,RCH4180,07-7185,2053,19025,36.091827,-83.027184,C-17A Globemaster,61,425,1371,False,mlat
ae07d6,2026-09-27 04:42:46.082299,FAMUS88,92-3292,6201,27500,34.015915,-81.355499,C-17A Globemaster,132,491,-2688,False,adsb_icao
ae63ba,2026-09-27 04:42:46.082302,RCH5064,20-46078,3530,33025,42.908791,-74.665672,KC-46A Pegasus,62,486,-36,False,mlat
ae63c6,2026-09-27 04:42:46.082304,GOLD32,21-46090,3055,17100,42.225464,-73.032417,KC-46A Pegasus,43,337,0,False,mlat
ae5bc6,2026-09-27 04:42:46.082307,GOLD22,16-46021,1503,17000,42.741859,-72.708153,KC-46A Pegasus,59,351,0,False,mlat
ae123b,2026-09-27 04:42:46.082309,MOOSE58,04-4130,2241,37000,49.895027,13.687046,C-17A Globemaster,289,402,0,False,mlat
ae20c2,2026-09-27 04:42:46.082311,MOOSE54,07-7181,2273,36000,44.903847,22.614981,C-17A Globemaster,336,414,-64,False,mlat
ae04ba,2026-09-27 04:42:46.082314,UNK C/S,58-0055,3134,12125,36.403839,127.866524,KC-135R Stratotanker,,,0,False,mlat
7cf925,2026-09-27 04:42:46.082318,ASY753,A41-211,6111,32000,39.087982,141.029221,C-17A Globemaster,193,404,0,False,adsb_icao
ae63ce,2026-09-27 04:42:46.082324,UNK C/S,21-46098,3737,27600,64.0,-148.7,KC-46A Pegasus,,,,False,mode_s
ae1450,2026-09-27 04:42:46.082326,TREK312,05-5146,Unavailable,37000,20.0,-159.2,C-17A Globemaster,,,,False,mode_s
ae5f95,2026-09-27 04:42:46.082329,CABAL53,18-46042,1117,36025,48.7,-104.0,KC-46A Pegasus,,,,False,mode_s
ae20c8,2026-09-27 04:42:46.082331,RCH640,07-7187,3606,31000,45.8,-63.1,C-17A Globemaster,,,,False,mode_s
ae0159,2026-09-27 04:42:46.082334,UNK C/S,57-1512,5326,19975,31.8,35.4,KC-135R Stratotanker,,,,False,mode_s
ae023c,2026-09-27 04:42:46.082336,UNK C/S,63-8888,6622,33000,47.3,-111.3,KC-135R Stratotanker,,,,False,mode_s
ae07a9,2026-09-27 04:43:46.318945,UNK C/S,59-1515,3521,22150,33.202686,-115.760979,KC-135R Stratotanker,140,368,,False,adsb_icao
af3bca,2026-09-27 04:43:46.318955,HORSE60,19-46107,3770,21000,32.513996,-114.253273,KC-46A Pegasus,113,408,0,False,mlat
ae117c,2026-09-27 04:43:46.318958,BANNR67,02-1110,6634,29000,46.993607,-113.645668,C-17A Globemaster,97,516,,False,adsb_icao
ae1458,2026-09-27 04:43:46.318962,RCH253,06-6154,3673,35000,51.374428,-105.728233,C-17A Globemaster,39,518,0,False,mlat
ae0812,2026-09-27 04:43:46.318965,RCH5039,00-0176,2117,34000,41.181274,-105.560448,C-17A Globemaster,268,427,0,False,adsb_icao
ae5e0b,2026-09-27 04:43:46.318968,CABAL52,17-46030,2454,36025,47.740875,-103.765778,KC-46A Pegasus,,,80,False,mlat
ae20c6,2026-09-27 04:43:46.318972,RCH4180,07-7185,2053,20325,36.146698,-82.898033,C-17A Globemaster,63,439,1195,False,mlat
ae07d6,2026-09-27 04:43:46.318974,FAMUS88,92-3292,6201,25400,33.922165,-81.232574,C-17A Globemaster,132,499,-2176,False,adsb_icao
ae63ba,2026-09-27 04:43:46.318977,RCH5064,20-46078,3530,33000,42.973946,-74.503662,KC-46A Pegasus,61,478,0,False,mlat
ae63c6,2026-09-27 04:43:46.318979,GOLD32,21-46090,3055,17100,42.294659,-72.94529,KC-46A Pegasus,43,343,0,False,mlat
ae5bc6,2026-09-27 04:43:46.318982,GOLD22,16-46021,1503,17000,42.792881,-72.590446,KC-46A Pegasus,60,341,0,False,mlat
ae123b,2026-09-27 04:43:46.318985,MOOSE58,04-4130,2241,37000,49.933163,13.51465,C-17A Globemaster,290,399,0,False,mlat
ae20c2,2026-09-27 04:43:46.318987,MOOSE54,07-7181,2273,36000,45.011757,22.549761,C-17A Globemaster,336,412,0,False,mlat
ae0159,2026-09-27 04:43:46.318989,UNK C/S,57-1512,5326,19975,31.89603,35.044514,KC-135R Stratotanker,,,0,False,mlat
ae04ba,2026-09-27 04:43:46.318992,UNK C/S,58-0055,3134,12125,36.509979,127.749344,KC-135R Stratotanker,312,341,73,False,mlat
7cf925,2026-09-27 04:43:46.318996,ASY753,A41-211,6111,32000,38.977753,140.996384,C-17A Globemaster,193,406,-32,False,adsb_icao
ae63ce,2026-09-27 04:43:46.319001,UNK C/S,21-46098,3737,27150,64.0,-148.4,KC-46A Pegasus,,,,False,mode_s
ae1450,2026-09-27 04:43:46.319004,TREK312,05-5146,Unavailable,37000,20.1,-157.8,C-17A Globemaster,,,,False,mode_s
ae5f95,2026-09-27 04:43:46.319006,CABAL53,18-46042,1117,36000,48.7,-103.8,KC-46A Pegasus,,,,False,mode_s
ae20c8,2026-09-27 04:43:46.319009,RCH640,07-7187,3606,31000,44.7,-62.8,C-17A Globemaster,,,,False,mode_s
ae023c,2026-09-27 04:43:46.319012,UNK C/S,63-8888,6622,33000,46.9,-110.8,KC-135R Stratotanker,,,,False,mode_s
ae07a9,2026-09-27 04:44:46.571724,UNK C/S,59-1515,3521,22150,33.122955,-115.682137,KC-135R Stratotanker,140,373,,False,adsb_icao
af3bca,2026-09-27 04:44:46.571733,HORSE60,19-46107,3770,21000,32.449722,-114.136597,KC-46A Pegasus,124,439,0,False,mlat
ae117c,2026-09-27 04:44:46.571737,BANNR67,02-1110,6634,29000,46.973969,-113.437477,C-17A Globemaster,97,519,,False,adsb_icao
ae0812,2026-09-27 04:44:46.571740,RCH5039,00-0176,2117,34000,41.17778,-105.71788,C-17A Globemaster,268,430,-64,False,adsb_icao
ae1458,2026-09-27 04:44:46.571744,RCH253,06-6154,3673,35000,51.491791,-105.578613,C-17A Globemaster,39,523,61,False,mlat
ae5e0b,2026-09-27 04:44:46.571747,CABAL52,17-46030,2454,36000,47.855297,-103.874969,KC-46A Pegasus,,,0,False,mlat
ae20c6,2026-09-27 04:44:46.571751,RCH4180,07-7185,2053,21675,36.203762,-82.763298,C-17A Globemaster,61,435,1355,False,mlat
ae07d6,2026-09-27 04:44:46.571753,FAMUS88,92-3292,6201,23300,33.82909,-81.110916,C-17A Globemaster,132,487,-2240,False,adsb_icao
ae63ba,2026-09-27 04:44:46.571756,RCH5064,20-46078,3530,33000,43.03669,-74.342651,KC-46A Pegasus,64,485,-2,False,mlat
ae63c6,2026-09-27 04:44:46.571759,GOLD32,21-46090,3055,17100,42.359257,-72.862251,KC-46A Pegasus,45,338,0,False,mlat
ae5bc6,2026-09-27 04:44:46.571761,GOLD22,16-46021,1503,17000,42.841892,-72.473732,KC-46A Pegasus,59,351,0,False,mlat
ae123b,2026-09-27 04:44:46.571763,MOOSE58,04-4130,2241,37000,49.971752,13.343447,C-17A Globemaster,290,394,0,False,mlat
ae20c2,2026-09-27 04:44:46.571766,MOOSE54,07-7181,2273,36000,45.119625,22.483849,C-17A Globemaster,336,412,0,False,mlat
ae0159,2026-09-27 04:44:46.571768,UNK C/S,57-1512,5326,19975,31.763985,35.211967,KC-135R Stratotanker,353,1159,-76,False,mlat
ae04ba,2026-09-27 04:44:46.571771,UNK C/S,58-0055,3134,12100,36.575779,127.667732,KC-135R Stratotanker,313,333,-66,False,mlat
7cf925,2026-09-27 04:44:46.571775,ASY753,A41-211,6111,32000,38.868137,140.963867,C-17A Globemaster,193,406,-128,False,adsb_icao
ae63ce,2026-09-27 04:44:46.571793,UNK C/S,21-46098,3737,26600,64.5,-147.9,KC-46A Pegasus,,,,False,mode_s
ae1450,2026-09-27 04:44:46.571795,TREK312,05-5146,Unavailable,36900,19.8,-159.4,C-17A Globemaster,,,,False,mode_s
ae5f95,2026-09-27 04:44:46.571798,CABAL53,18-46042,1117,36000,48.9,-103.4,KC-46A Pegasus,,,,False,mode_s
ae20c8,2026-09-27 04:44:46.571801,RCH640,07-7187,3606,31000,44.6,-62.0,C-17A Globemaster,,,,False,mode_s
ae023c,2026-09-27 04:44:46.571804,UNK C/S,63-8888,6622,33000,47.2,-110.4,KC-135R Stratotanker,,,,False,mode_s
ae07a9,2026-09-27 04:45:46.805806,UNK C/S,59-1515,3521,22150,33.042358,-115.602013,KC-135R Stratotanker,140,376,,False,adsb_icao
af3bca,2026-09-27 04:45:46.805818,HORSE60,19-46107,3770,21000,32.384956,-114.026588,KC-46A Pegasus,125,406,0,False,mlat
ae117c,2026-09-27 04:45:46.805821,BANNR67,02-1110,6634,29000,46.953918,-113.22805,C-17A Globemaster,98,516,,False,adsb_icao
ae0812,2026-09-27 04:45:46.805825,RCH5039,00-0176,2117,34025,41.174057,-105.876495,C-17A Globemaster,268,426,-64,False,adsb_icao
ae1458,2026-09-27 04:45:46.805828,RCH253,06-6154,3673,35000,51.584103,-105.459831,C-17A Globemaster,39,521,-55,False,mlat
ae5e0b,2026-09-27 04:45:46.805831,CABAL52,17-46030,2454,36000,47.973843,-103.989044,KC-46A Pegasus,,,-2,False,mlat
ae20c6,2026-09-27 04:45:46.805835,RCH4180,07-7185,2053,22875,36.256256,-82.637138,C-17A Globemaster,62,450,1023,False,mlat
ae07d6,2026-09-27 04:45:46.805837,FAMUS88,92-3292,6201,21175,33.735382,-80.995049,C-17A Globemaster,136,476,-2240,False,adsb_icao
ae63ba,2026-09-27 04:45:46.805840,RCH5064,20-46078,3530,33025,43.096985,-74.185905,KC-46A Pegasus,63,475,11,False,mlat
ae63c6,2026-09-27 04:45:46.805842,GOLD32,21-46090,3055,17100,42.429024,-72.770058,KC-46A Pegasus,43,346,0,False,mlat
ae5bc6,2026-09-27 04:45:46.805845,GOLD22,16-46021,1503,17000,42.890282,-72.359955,KC-46A Pegasus,60,361,0,False,mlat
ae123b,2026-09-27 04:45:46.805848,MOOSE58,04-4130,2241,37000,50.011093,13.175849,C-17A Globemaster,289,389,0,False,mlat
ae20c2,2026-09-27 04:45:46.805850,MOOSE54,07-7181,2273,36000,45.22361,22.419617,C-17A Globemaster,336,414,-32,False,mlat
ae04ba,2026-09-27 04:45:46.805853,UNK C/S,58-0055,3134,12125,36.644112,127.581963,KC-135R Stratotanker,314,340,77,False,mlat
7cf925,2026-09-27 04:45:46.805856,ASY753,A41-211,6111,32000,38.757809,140.931091,C-17A Globemaster,193,404,-128,False,adsb_icao
ae63ce,2026-09-27 04:45:46.805862,UNK C/S,21-46098,3737,Unavailable,64.3,-148.2,KC-46A Pegasus,,,,False,mode_s
ae1450,2026-09-27 04:45:46.805864,TREK312,05-5146,Unavailable,33525,21.7,-158.1,C-17A Globemaster,,,,False,mode_s
ae5f95,2026-09-27 04:45:46.805866,CABAL53,18-46042,1117,36000,49.4,-104.3,KC-46A Pegasus,,,,False,mode_s
ae20c8,2026-09-27 04:45:46.805869,RCH640,07-7187,3606,31000,45.1,-61.8,C-17A Globemaster,,,,False,mode_s
ae0159,2026-09-27 04:45:46.805871,UNK C/S,57-1512,5326,19975,31.6,34.5,KC-135R Stratotanker,,,,False,mode_s
ae023c,2026-09-27 04:45:46.805873,UNK C/S,63-8888,6622,32975,47.4,-110.7,KC-135R Stratotanker,,,,False,mode_s
ae07a9,2026-09-27 04:46:47.048841,UNK C/S,59-1515,3521,22150,32.964294,-115.519424,KC-135R Stratotanker,126,383,,False,adsb_icao
af3bca,2026-09-27 04:46:47.048852,HORSE60,19-46107,3770,21000,32.336437,-113.935272,KC-46A Pegasus,117,323,0,False,mlat
ae117c,2026-09-27 04:46:47.048856,BANNR67,02-1110,6634,29000,46.933456,-113.019997,C-17A Globemaster,98,521,,False,adsb_icao
ae0812,2026-09-27 04:46:47.048859,RCH5039,00-0176,2117,34000,41.170101,-106.032547,C-17A Globemaster,267,427,0,False,adsb_icao
ae1458,2026-09-27 04:46:47.048862,RCH253,06-6154,3673,35000,51.720387,-105.283195,C-17A Globemaster,38,539,0,False,mlat
ae5e0b,2026-09-27 04:46:47.048865,CABAL52,17-46030,2454,36025,48.044891,-104.05751,KC-46A Pegasus,,,0,False,mlat
ae20c6,2026-09-27 04:46:47.048869,RCH4180,07-7185,2053,23825,36.315575,-82.49794,C-17A Globemaster,62,446,767,False,mlat
ae07d6,2026-09-27 04:46:47.048872,FAMUS88,92-3292,6201,19100,33.641876,-80.887123,C-17A Globemaster,136,461,-2240,False,adsb_icao
ae63ba,2026-09-27 04:46:47.048874,RCH5064,20-46078,3530,33000,43.161152,-74.02346,KC-46A Pegasus,61,480,0,False,mlat
ae63c6,2026-09-27 04:46:47.048877,GOLD32,21-46090,3055,17100,42.498131,-72.680809,KC-46A Pegasus,43,352,0,False,mlat
ae5bc6,2026-09-27 04:46:47.048879,GOLD22,16-46021,1503,17000,42.940971,-72.240356,KC-46A Pegasus,60,362,0,False,mlat
ae123b,2026-09-27 04:46:47.048882,MOOSE58,04-4130,2241,37000,50.045143,13.011691,C-17A Globemaster,288,401,0,False,mlat
ae20c2,2026-09-27 04:46:47.048884,MOOSE54,07-7181,2273,36000,45.33588,22.349899,C-17A Globemaster,336,414,32,False,mlat
ae0159,2026-09-27 04:46:47.048886,UNK C/S,57-1512,5326,19975,31.656952,35.492702,KC-135R Stratotanker,,,0,False,mlat
ae04ba,2026-09-27 04:46:47.048889,UNK C/S,58-0055,3134,12125,36.705402,127.515129,KC-135R Stratotanker,322,319,0,False,mlat
7cf925,2026-09-27 04:46:47.048893,ASY753,A41-211,6111,31975,38.648228,140.89856,C-17A Globemaster,193,404,-256,False,adsb_icao
ae63ce,2026-09-27 04:46:47.048898,UNK C/S,21-46098,3737,Unavailable,64.4,-147.9,KC-46A Pegasus,,,,False,mode_s
ae1450,2026-09-27 04:46:47.048901,TREK312,05-5146,Unavailable,30175,19.8,-159.4,C-17A Globemaster,,,,False,mode_s
ae5f95,2026-09-27 04:46:47.048903,CABAL53,18-46042,1117,36000,48.9,-103.8,KC-46A Pegasus,,,,False,mode_s
ae20c8,2026-09-27 04:46:47.048906,RCH640,07-7187,3606,31000,45.0,-60.6,C-17A Globemaster,,,,False,mode_s
ae023c,2026-09-27 04:46:47.048909,UNK C/S,63-8888,6622,33000,47.5,-110.4,KC-135R Stratotanker,,,,False,mode_s
ae07a9,2026-09-27 04:47:47.316311,UNK C/S,59-1515,3521,22150,32.971573,-115.397263,KC-135R Stratotanker,51,401,,False,adsb_icao
af3bca,2026-09-27 04:47:47.316320,HORSE60,19-46107,3770,21000,32.300339,-113.829651,KC-46A Pegasus,91,353,-41,False,mlat
ae117c,2026-09-27 04:47:47.316324,BANNR67,02-1110,6634,29000,46.912628,-112.811462,C-17A Globemaster,98,514,,False,adsb_icao
ae0812,2026-09-27 04:47:47.316328,RCH5039,00-0176,2117,34000,41.165955,-106.190063,C-17A Globemaster,267,423,0,False,adsb_icao
ae1458,2026-09-27 04:47:47.316331,RCH253,06-6154,3673,35000,51.840473,-105.126076,C-17A Globemaster,39,527,0,False,mlat
ae20c6,2026-09-27 04:47:47.316335,RCH4180,07-7185,2053,24775,36.376617,-82.348358,C-17A Globemaster,65,459,887,False,mlat
ae07d6,2026-09-27 04:47:47.316338,FAMUS88,92-3292,6201,16975,33.55014,-80.78157,C-17A Globemaster,136,439,-2112,False,adsb_icao
ae63ba,2026-09-27 04:47:47.316340,RCH5064,20-46078,3530,33000,43.221012,-73.867744,KC-46A Pegasus,63,489,0,False,mlat
ae63c6,2026-09-27 04:47:47.316343,GOLD32,21-46090,3055,17100,42.566128,-72.591652,KC-46A Pegasus,42,330,0,False,mlat
ae5bc6,2026-09-27 04:47:47.316345,GOLD22,16-46021,1503,17025,42.988758,-72.127213,KC-46A Pegasus,62,356,0,False,mlat
ae123b,2026-09-27 04:47:47.316348,MOOSE58,04-4130,2241,37000,50.080704,12.847646,C-17A Globemaster,289,400,0,False,mlat
ae20c2,2026-09-27 04:47:47.316351,MOOSE54,07-7181,2273,36000,45.44585,22.282795,C-17A Globemaster,336,416,0,False,mlat
ae0159,2026-09-27 04:47:47.316353,UNK C/S,57-1512,5326,19325,31.682045,35.486496,KC-135R Stratotanker,68,453,0,False,mode_s
ae04ba,2026-09-27 04:47:47.316356,UNK C/S,58-0055,3134,12125,36.772797,127.429619,KC-135R Stratotanker,316,324,0,False,mlat
7cf925,2026-09-27 04:47:47.316360,ASY753,A41-211,6111,32000,38.537666,140.865967,C-17A Globemaster,193,403,-160,False,adsb_icao
ae5e0b,2026-09-27 04:47:47.316365,CABAL52,17-46030,2454,36000,48.6,-103.7,KC-46A Pegasus,,,,False,mode_s
ae63ce,2026-09-27 04:47:47.316368,UNK C/S,21-46098,3737,Unavailable,64.6,-147.2,KC-46A Pegasus,,,,False,mode_s
ae1450,2026-09-27 04:47:47.316371,TREK312,05-5146,Unavailable,26125,21.2,-158.0,C-17A Globemaster,,,,False,mode_s
ae5f95,2026-09-27 04:47:47.316373,CABAL53,18-46042,1115,36025,49.4,-104.7,KC-46A Pegasus,,,,False,mode_s
ae20c8,2026-09-27 04:47:47.316377,RCH640,07-7187,3606,31000,45.2,-60.8,C-17A Globemaster,,,,False,mode_s
ae023c,2026-09-27 04:47:47.316379,UNK C/S,63-8888,6622,33000,47.2,-110.5,KC-135R Stratotanker,,,,False,mode_s
ae07a9,2026-09-27 04:48:47.605514,UNK C/S,59-1515,3521,22150,33.070477,-115.371468,KC-135R Stratotanker,335,379,,False,adsb_icao
af3bca,2026-09-27 04:48:47.605522,HORSE60,19-46107,3770,21025,32.361347,-113.753548,KC-46A Pegasus,1,432,78,False,mlat
ae117c,2026-09-27 04:48:47.605526,BANNR67,02-1110,6634,29000,46.891556,-112.604507,C-17A Globemaster,98,514,,False,adsb_icao
ae0812,2026-09-27 04:48:47.605529,RCH5039,00-0176,2117,34000,41.161697,-106.346436,C-17A Globemaster,267,430,0,False,adsb_icao
ae1458,2026-09-27 04:48:47.605533,RCH253,06-6154,3673,35000,51.935219,-104.966324,C-17A Globemaster,51,517,0,False,mlat
ae20c6,2026-09-27 04:48:47.605537,RCH4180,07-7185,2053,25825,36.433872,-82.212044,C-17A Globemaster,66,490,1358,False,mlat
ae07d6,2026-09-27 04:48:47.605540,FAMUS88,92-3292,6201,14875,33.464905,-80.684036,C-17A Globemaster,136,413,-2240,False,adsb_icao
ae63ba,2026-09-27 04:48:47.605543,RCH5064,20-46078,3530,33000,43.288227,-73.692131,KC-46A Pegasus,62,490,49,False,mlat
ae63c6,2026-09-27 04:48:47.605545,GOLD32,21-46090,3055,17100,42.633942,-72.503601,KC-46A Pegasus,44,350,0,False,mlat
ae5bc6,2026-09-27 04:48:47.605547,GOLD22,16-46021,1503,16600,43.023518,-72.00293,KC-46A Pegasus,93,355,-862,False,mlat
ae123b,2026-09-27 04:48:47.605550,MOOSE58,04-4130,2241,37000,50.117756,12.682292,C-17A Globemaster,291,389,0,False,mlat
ae20c2,2026-09-27 04:48:47.605553,MOOSE54,07-7181,2273,36000,45.551304,22.219376,C-17A Globemaster,336,420,-64,False,mlat
ae04ba,2026-09-27 04:48:47.605556,UNK C/S,58-0055,3134,11850,36.816811,127.334312,KC-135R Stratotanker,284,311,-430,False,mlat
7cf925,2026-09-27 04:48:47.605560,ASY753,A41-211,6111,32000,38.427895,140.833679,C-17A Globemaster,192,405,32,False,adsb_icao
ae5e0b,2026-09-27 04:48:47.605565,CABAL52,17-46030,2454,36000,48.7,-103.8,KC-46A Pegasus,,,,False,mode_s
ae63ce,2026-09-27 04:48:47.605568,UNK C/S,21-46098,3737,Unavailable,64.5,-147.9,KC-46A Pegasus,,,,False,mode_s
ae1450,2026-09-27 04:48:47.605571,TREK312,05-5146,Unavailable,23100,20.0,-159.2,C-17A Globemaster,,,,False,mode_s
ae5f95,2026-09-27 04:48:47.605573,CABAL53,18-46042,1115,36025,49.4,-104.5,KC-46A Pegasus,,,,False,mode_s
ae20c8,2026-09-27 04:48:47.605576,RCH640,07-7187,3606,31000,45.0,-60.8,C-17A Globemaster,,,,False,mode_s
ae0159,2026-09-27 04:48:47.605579,UNK C/S,57-1512,5326,16975,31.6,35.4,KC-135R Stratotanker,,,,False,mode_s
ae023c,2026-09-27 04:48:47.605581,UNK C/S,63-8888,6622,33000,47.2,-109.9,KC-135R Stratotanker,,,,False,mode_s
ae07a9,2026-09-27 04:49:47.840602,UNK C/S,59-1515,3521,22150,33.150639,-115.450111,KC-135R Stratotanker,319,372,,False,adsb_icao
af3bca,2026-09-27 04:49:47.840611,HORSE60,19-46107,3770,21000,32.458611,-113.74276,KC-46A Pegasus,3,332,0,False,mlat
ae117c,2026-09-27 04:49:47.840615,BANNR67,02-1110,6634,29000,46.870148,-112.397827,C-17A Globemaster,98,512,-127,False,adsb_icao
ae0812,2026-09-27 04:49:47.840619,RCH5039,00-0176,2117,34000,41.157066,-106.506271,C-17A Globemaster,267,425,-128,False,adsb_icao
ae5f95,2026-09-27 04:49:47.840622,CABAL53,18-46042,1115,36000,49.129723,-105.141487,KC-46A Pegasus,,,-49,False,mlat
ae1458,2026-09-27 04:49:47.840625,RCH253,06-6154,3673,35000,51.991859,-104.867134,C-17A Globemaster,47,534,0,False,mlat
ae20c6,2026-09-27 04:49:47.840629,RCH4180,07-7185,2053,27000,36.49699,-82.057236,C-17A Globemaster,64,472,1632,False,mlat
ae07d6,2026-09-27 04:49:47.840631,FAMUS88,92-3292,6201,12775,33.38269,-80.590103,C-17A Globemaster,136,400,-2176,False,adsb_icao
ae63ba,2026-09-27 04:49:47.840634,RCH5064,20-46078,3530,33000,43.351719,-73.524963,KC-46A Pegasus,62,489,-75,False,mlat
ae63c6,2026-09-27 04:49:47.840637,GOLD32,21-46090,3055,17100,42.703323,-72.411591,KC-46A Pegasus,47,358,0,False,mlat
ae5bc6,2026-09-27 04:49:47.840639,GOLD22,16-46021,1503,15625,42.980209,-71.879524,KC-46A Pegasus,134,360,-917,False,mlat
ae123b,2026-09-27 04:49:47.840642,MOOSE58,04-4130,2241,37000,50.154522,12.509168,C-17A Globemaster,289,403,0,False,mlat
ae20c2,2026-09-27 04:49:47.840644,MOOSE54,07-7181,2273,36000,45.659069,22.151548,C-17A Globemaster,336,416,-64,False,mlat
ae04ba,2026-09-27 04:49:47.840647,UNK C/S,58-0055,3134,10425,36.848103,127.242531,KC-135R Stratotanker,295,278,-1574,False,mlat
7cf925,2026-09-27 04:49:47.840651,ASY753,A41-211,6111,32000,38.318207,140.801483,C-17A Globemaster,192,403,160,False,adsb_icao
ae5e0b,2026-09-27 04:49:47.840656,CABAL52,17-46030,2454,36025,48.8,-104.4,KC-46A Pegasus,,,,False,mode_s
ae63ce,2026-09-27 04:49:47.840659,UNK C/S,21-46098,3737,Unavailable,64.4,-147.8,KC-46A Pegasus,,,,False,mode_s
ae1450,2026-09-27 04:49:47.840662,TREK312,05-5146,Unavailable,20025,20.0,-159.2,C-17A Globemaster,,,,False,mode_s
ae20c8,2026-09-27 04:49:47.840665,RCH640,07-7187,3606,31000,45.4,-60.3,C-17A Globemaster,,,,False,mode_s
ae0159,2026-09-27 04:49:47.840668,UNK C/S,57-1512,5326,15025,31.6,35.5,KC-135R Stratotanker,,,,False,mode_s
ae023c,2026-09-27 04:49:47.840669,UNK C/S,63-8888,6622,33025,46.9,-110.0,KC-135R Stratotanker,,,,False,mode_s
ae07a9,2026-09-27 04:50:48.125508,UNK C/S,59-1515,3521,22150,33.230988,-115.530151,KC-135R Stratotanker,320,376,,False,adsb_icao
af3bca,2026-09-27 04:50:48.125517,HORSE60,19-46107,3770,21025,32.546085,-113.762497,KC-46A Pegasus,322,337,16,False,mlat
ae117c,2026-09-27 04:50:48.125521,BANNR67,02-1110,6634,29000,46.848312,-112.191315,C-17A Globemaster,98,512,62,False,adsb_icao
ae0812,2026-09-27 04:50:48.125524,RCH5039,00-0176,2117,34000,41.152271,-106.662079,C-17A Globemaster,267,424,0,False,adsb_icao
ae5f95,2026-09-27 04:50:48.125528,CABAL53,18-46042,1115,36000,49.231785,-105.255913,KC-46A Pegasus,,,-75,False,mlat
ae1458,2026-09-27 04:50:48.125530,RCH253,06-6154,3673,35000,52.123211,-104.63623,C-17A Globemaster,45,463,4,False,mlat
ae20c6,2026-09-27 04:50:48.125535,RCH4180,07-7185,2053,27975,36.556644,-81.912521,C-17A Globemaster,64,467,1438,False,mlat
ae07d6,2026-09-27 04:50:48.125538,FAMUS88,92-3292,6201,11000,33.303497,-80.500015,C-17A Globemaster,136,383,-448,False,adsb_icao
ae63ba,2026-09-27 04:50:48.125540,RCH5064,20-46078,3530,33000,43.407234,-73.375443,KC-46A Pegasus,64,486,-21,False,mlat
ae63c6,2026-09-27 04:50:48.125543,GOLD32,21-46090,3055,17100,42.770481,-72.324501,KC-46A Pegasus,42,349,0,False,mlat
ae5bc6,2026-09-27 04:50:48.125545,GOLD22,16-46021,1503,14500,42.920631,-71.780846,KC-46A Pegasus,129,345,-1061,False,mlat
ae123b,2026-09-27 04:50:48.125548,MOOSE58,04-4130,2241,37000,50.187195,12.353164,C-17A Globemaster,288,410,0,False,mlat
ae20c2,2026-09-27 04:50:48.125550,MOOSE54,07-7181,2273,36000,45.768642,22.082521,C-17A Globemaster,336,420,-64,False,mlat
ae04ba,2026-09-27 04:50:48.125553,UNK C/S,58-0055,3134,8875,36.875668,127.155113,KC-135R Stratotanker,289,328,-1472,False,mlat
7cf925,2026-09-27 04:50:48.125557,ASY753,A41-211,6111,32000,38.20697,140.768997,C-17A Globemaster,192,409,-64,False,adsb_icao
ae5e0b,2026-09-27 04:50:48.125562,CABAL52,17-46030,2454,36000,49.2,-104.5,KC-46A Pegasus,,,,False,mode_s
ae63ce,2026-09-27 04:50:48.125565,UNK C/S,21-46098,3737,Unavailable,64.4,-147.8,KC-46A Pegasus,,,,False,mode_s
ae1450,2026-09-27 04:50:48.125568,TREK312,05-5146,Unavailable,16800,21.8,-158.4,C-17A Globemaster,,,,False,mode_s
ae07f0,2026-09-27 04:50:48.125571,RCH553,96-0006,3315,35000,30.2,34.1,C-17A Globemaster,,,,False,mode_s
ae20c8,2026-09-27 04:50:48.125573,RCH640,07-7187,3606,31000,45.3,-60.2,C-17A Globemaster,,,,False,mode_s
ae0159,2026-09-27 04:50:48.125576,UNK C/S,57-1512,5326,15000,31.6,34.9,KC-135R Stratotanker,,,,False,mode_s
ae023c,2026-09-27 04:50:48.125578,UNK C/S,63-8888,6622,33000,47.1,-110.3,KC-135R Stratotanker,,,,False,mode_s
ae07a9,2026-09-27 04:51:48.418008,UNK C/S,59-1515,3521,22150,33.310913,-115.609848,KC-135R Stratotanker,319,376,,False,adsb_icao
af3bca,2026-09-27 04:51:48.418017,HORSE60,19-46107,3770,21025,32.623337,-113.823776,KC-46A Pegasus,316,307,76,False,mlat
ae117c,2026-09-27 04:51:48.418021,BANNR67,02-1110,6634,29000,46.826103,-111.985016,C-17A Globemaster,98,520,62,False,adsb_icao
ae0812,2026-09-27 04:51:48.418024,RCH5039,00-0176,2117,34000,41.147324,-106.817932,C-17A Globemaster,267,422,-64,False,adsb_icao
ae5f95,2026-09-27 04:51:48.418027,CABAL53,18-46042,1115,36000,49.332615,-105.368477,KC-46A Pegasus,,,75,False,mlat
ae1458,2026-09-27 04:51:48.418030,RCH253,06-6154,3673,35000,52.224663,-104.450401,C-17A Globemaster,49,523,0,False,mlat
ae20c6,2026-09-27 04:51:48.418034,RCH4180,07-7185,2053,29075,36.615833,-81.769585,C-17A Globemaster,62,475,1043,False,mlat
ae07d6,2026-09-27 04:51:48.418037,FAMUS88,92-3292,6201,10975,33.223206,-80.420364,C-17A Globemaster,152,352,-64,False,adsb_icao
ae63ba,2026-09-27 04:51:48.418039,RCH5064,20-46078,3530,33025,43.475365,-73.198967,KC-46A Pegasus,63,474,55,False,mlat
ae63c6,2026-09-27 04:51:48.418042,GOLD32,21-46090,3055,17100,42.836205,-72.221802,KC-46A Pegasus,46,345,0,False,mlat
ae5bc6,2026-09-27 04:51:48.418044,GOLD22,16-46021,1503,13500,42.8587,-71.678749,KC-46A Pegasus,130,349,-981,False,mlat
ae123b,2026-09-27 04:51:48.418047,MOOSE58,04-4130,2241,36550,50.186096,12.173776,C-17A Globemaster,263,419,-927,False,mlat
ae20c2,2026-09-27 04:51:48.418049,MOOSE54,07-7181,2273,36000,45.876358,22.015615,C-17A Globemaster,336,420,-64,False,mlat
ae04ba,2026-09-27 04:51:48.418052,UNK C/S,58-0055,3134,7525,36.89941,127.053246,KC-135R Stratotanker,266,211,-1347,False,mlat
7cf925,2026-09-27 04:51:48.418055,ASY753,A41-211,6111,31975,38.096741,140.736847,C-17A Globemaster,192,409,-320,False,adsb_icao
ae5e0b,2026-09-27 04:51:48.418061,CABAL52,17-46030,2454,36000,49.4,-104.2,KC-46A Pegasus,,,,False,mode_s
ae63ce,2026-09-27 04:51:48.418064,UNK C/S,21-46098,3737,Unavailable,64.6,-147.8,KC-46A Pegasus,,,,False,mode_s
ae062a,2026-09-27 04:51:48.418066,UNK C/S,58-0129,0745,325,24.7,55.0,KC-135R Stratotanker,,,,False,mode_s
ae1450,2026-09-27 04:51:48.418068,TREK312,05-5146,Unavailable,13975,20.0,-159.2,C-17A Globemaster,,,,False,mode_s
ae20c8,2026-09-27 04:51:48.418071,RCH640,07-7187,3606,31000,45.3,-60.1,C-17A Globemaster,,,,False,mode_s
ae0159,2026-09-27 04:51:48.418074,UNK C/S,57-1512,5326,14200,31.6,34.4,KC-135R Stratotanker,,,,False,mode_s
ae023c,2026-09-27 04:51:48.418076,UNK C/S,63-8888,6622,33000,47.1,-109.8,KC-135R Stratotanker,,,,False,mode_s
ae1450,2026-09-27 04:52:48.677671,TREK312,05-5146,2425,11450,21.533585,-158.98967,C-17A Globemaster,,,-2748,False,mlat
ae07a9,2026-09-27 04:52:48.677681,UNK C/S,59-1515,3521,22150,33.382599,-115.6996,KC-135R Stratotanker,290,362,,False,adsb_icao
af3bca,2026-09-27 04:52:48.677684,HORSE60,19-46107,3770,21025,32.654728,-113.915039,KC-46A Pegasus,272,312,81,False,mlat
ae117c,2026-09-27 04:52:48.677687,BANNR67,02-1110,6634,29000,46.803295,-111.775383,C-17A Globemaster,99,520,-62,False,adsb_icao
ae0812,2026-09-27 04:52:48.677691,RCH5039,00-0176,2117,34000,41.14217,-106.97319,C-17A Globemaster,267,422,64,False,adsb_icao
ae5f95,2026-09-27 04:52:48.677693,CABAL53,18-46042,1115,36000,49.446728,-105.489731,KC-46A Pegasus,,,-53,False,mlat
ae1458,2026-09-27 04:52:48.677697,RCH253,06-6154,3673,35000,52.314514,-104.292297,C-17A Globemaster,46,514,7,False,mlat
ae20c6,2026-09-27 04:52:48.677701,RCH4180,07-7185,2053,30025,36.672909,-81.625809,C-17A Globemaster,64,472,1033,False,mlat
ae07d6,2026-09-27 04:52:48.677703,FAMUS88,92-3292,6201,10625,33.141769,-80.370041,C-17A Globemaster,152,316,-896,False,adsb_icao
ae63ba,2026-09-27 04:52:48.677706,RCH5064,20-46078,3530,33000,43.53759,-73.032608,KC-46A Pegasus,63,466,0,False,mlat
ae63c6,2026-09-27 04:52:48.677709,GOLD32,21-46090,3055,17100,42.896786,-72.122833,KC-46A Pegasus,47,334,0,False,mlat
ae5bc6,2026-09-27 04:52:48.677711,GOLD22,16-46021,1503,11975,42.794811,-71.576782,KC-46A Pegasus,130,334,-1654,False,mlat
ae123b,2026-09-27 04:52:48.677714,MOOSE58,04-4130,2241,35575,50.188904,11.992819,C-17A Globemaster,267,438,-994,False,mlat
ae20c2,2026-09-27 04:52:48.677716,MOOSE54,07-7181,2273,36000,45.984371,21.947556,C-17A Globemaster,336,420,32,False,mlat
ae04ba,2026-09-27 04:52:48.677720,UNK C/S,58-0055,3134,6225,36.931133,126.981712,KC-135R Stratotanker,319,210,-1090,False,mlat
7cf925,2026-09-27 04:52:48.677723,ASY753,A41-211,6111,32000,37.984039,140.70401,C-17A Globemaster,192,414,-64,False,adsb_icao
ae5e0b,2026-09-27 04:52:48.677729,CABAL52,17-46030,2454,36025,49.2,-104.3,KC-46A Pegasus,,,,False,mode_s
ae63ce,2026-09-27 04:52:48.677732,UNK C/S,21-46098,3737,Unavailable,64.5,-147.8,KC-46A Pegasus,,,,False,mode_s
ae062a,2026-09-27 04:52:48.677734,UNK C/S,58-0129,0745,1925,24.8,55.0,KC-135R Stratotanker,,,,False,mode_s
ae07f0,2026-09-27 04:52:48.677738,RCH553,96-0006,3315,35000,30.2,34.1,C-17A Globemaster,,,,False,mode_s
ae20c8,2026-09-27 04:52:48.677740,RCH640,07-7187,3606,31000,45.6,-59.9,C-17A Globemaster,,,,False,mode_s
ae0159,2026-09-27 04:52:48.677743,UNK C/S,57-1512,5326,11900,31.6,34.5,KC-135R Stratotanker,,,,False,mode_s
ae023c,2026-09-27 04:52:48.677745,UNK C/S,63-8888,6622,33000,47.3,-110.3,KC-135R Stratotanker,,,,False,mode_s
ae1450,2026-09-27 04:53:48.971386,TREK312,05-5146,2425,10175,21.513857,-158.872284,C-17A Globemaster,,,-1219,False,mlat
ae07a9,2026-09-27 04:53:48.971396,UNK C/S,59-1515,3521,22150,33.351562,-115.801613,KC-135R Stratotanker,221,346,,False,adsb_icao
af3bca,2026-09-27 04:53:48.971399,HORSE60,19-46107,3770,21000,32.625313,-114.007492,KC-46A Pegasus,227,297,12,False,mlat
ae117c,2026-09-27 04:53:48.971403,BANNR67,02-1110,6634,29000,46.780342,-111.569321,C-17A Globemaster,99,515,-62,False,adsb_icao
ae0812,2026-09-27 04:53:48.971406,RCH5039,00-0176,2117,34000,41.136978,-107.128174,C-17A Globemaster,267,426,0,False,adsb_icao
ae5f95,2026-09-27 04:53:48.971408,CABAL53,18-46042,1115,36000,49.542049,-105.59639,KC-46A Pegasus,324,484,-12,False,mlat
ae1458,2026-09-27 04:53:48.971412,RCH253,06-6154,3673,35000,52.389114,-104.155487,C-17A Globemaster,48,522,-9,False,mlat
ae20c6,2026-09-27 04:53:48.971416,RCH4180,07-7185,2053,31150,36.733276,-81.48333,C-17A Globemaster,66,480,1114,False,mlat
ae07d6,2026-09-27 04:53:48.971418,FAMUS88,92-3292,6201,9750,33.065079,-80.322388,C-17A Globemaster,151,309,-960,False,adsb_icao
ae63ba,2026-09-27 04:53:48.971421,RCH5064,20-46078,3530,33025,43.601242,-72.865852,KC-46A Pegasus,63,499,53,False,mlat
ae63c6,2026-09-27 04:53:48.971423,GOLD32,21-46090,3055,17100,42.925789,-72.006813,KC-46A Pegasus,102,341,-61,False,mlat
ae5bc6,2026-09-27 04:53:48.971425,GOLD22,16-46021,1503,10600,42.736599,-71.485718,KC-46A Pegasus,130,317,-1215,False,mlat
ae123b,2026-09-27 04:53:48.971427,MOOSE58,04-4130,2241,34600,50.188171,11.822361,C-17A Globemaster,273,439,-1033,False,mlat
ae20c2,2026-09-27 04:53:48.971430,MOOSE54,07-7181,2273,36000,46.094414,21.877062,C-17A Globemaster,336,422,32,False,mlat
ae04ba,2026-09-27 04:53:48.971433,UNK C/S,58-0055,3134,4950,36.942192,126.878891,KC-135R Stratotanker,271,324,-1312,False,mlat
7cf925,2026-09-27 04:53:48.971437,ASY753,A41-211,6111,32000,37.871933,140.671524,C-17A Globemaster,192,411,-160,False,adsb_icao
ae5e0b,2026-09-27 04:53:48.971442,CABAL52,17-46030,2454,36000,49.6,-104.4,KC-46A Pegasus,,,,False,mode_s
ae63ce,2026-09-27 04:53:48.971445,UNK C/S,21-46098,3737,Unavailable,64.5,-147.2,KC-46A Pegasus,,,,False,mode_s
ae062a,2026-09-27 04:53:48.971448,UNK C/S,58-0129,0745,4100,24.6,54.7,KC-135R Stratotanker,,,,False,mode_s
ae07f0,2026-09-27 04:53:48.971451,RCH553,96-0006,3315,35000,30.2,34.1,C-17A Globemaster,,,,False,mode_s
ae20c8,2026-09-27 04:53:48.971453,RCH640,07-7187,3606,31000,45.6,-60.1,C-17A Globemaster,,,,False,mode_s
ae0159,2026-09-27 04:53:48.971456,UNK C/S,57-1512,5326,10300,31.5,35.1,KC-135R Stratotanker,,,,False,mode_s
ae023c,2026-09-27 04:53:48.971458,UNK C/S,63-8888,6622,33000,47.1,-110.5,KC-135R Stratotanker,,,,False,mode_s
ae1450,2026-09-27 04:54:49.205501,TREK312,05-5146,2425,9500,21.503119,-158.788116,C-17A Globemaster,,,-690,False,mlat
ae07a9,2026-09-27 04:54:49.205511,UNK C/S,59-1515,3521,22150,33.258873,-115.814285,KC-135R Stratotanker,155,362,,False,adsb_icao
af3bca,2026-09-27 04:54:49.205514,HORSE60,19-46107,3770,21000,32.550278,-114.054756,KC-46A Pegasus,187,323,0,False,mlat
ae117c,2026-09-27 04:54:49.205518,BANNR67,02-1110,6634,28975,46.756882,-111.36161,C-17A Globemaster,99,519,-62,False,adsb_icao
ae0812,2026-09-27 04:54:49.205521,RCH5039,00-0176,2117,34000,41.131325,-107.28405,C-17A Globemaster,267,417,0,False,adsb_icao
ae5f95,2026-09-27 04:54:49.205524,CABAL53,18-46042,1115,36000,49.652939,-105.723656,KC-46A Pegasus,324,481,0,False,mlat
ae20c6,2026-09-27 04:54:49.205528,RCH4180,07-7185,2053,32000,36.793266,-81.335243,C-17A Globemaster,64,477,772,False,mlat
ae07d6,2026-09-27 04:54:49.205531,FAMUS88,92-3292,6201,8800,32.989197,-80.274239,C-17A Globemaster,151,302,-1024,False,adsb_icao
ae63ba,2026-09-27 04:54:49.205533,RCH5064,20-46078,3530,33000,43.661808,-72.702103,KC-46A Pegasus,63,470,-6,False,mlat
ae63c6,2026-09-27 04:54:49.205536,GOLD32,21-46090,3055,16025,42.925091,-71.879868,KC-46A Pegasus,91,334,-1968,False,mlat
ae5bc6,2026-09-27 04:54:49.205538,GOLD22,16-46021,1503,10025,42.716248,-71.380516,KC-46A Pegasus,61,346,75,False,mlat
ae123b,2026-09-27 04:54:49.205541,MOOSE58,04-4130,2241,32975,50.189766,11.630843,C-17A Globemaster,273,387,-2029,False,mlat
ae20c2,2026-09-27 04:54:49.205543,MOOSE54,07-7181,2273,36000,46.200943,21.809574,C-17A Globemaster,336,422,-96,False,mlat
ae04ba,2026-09-27 04:54:49.205546,UNK C/S,58-0055,3134,4100,36.9543,126.796478,KC-135R Stratotanker,274,298,-558,False,mlat
7cf925,2026-09-27 04:54:49.205550,ASY753,A41-211,6111,32000,37.759918,140.639084,C-17A Globemaster,192,413,-64,False,adsb_icao
ae5e0b,2026-09-27 04:54:49.205555,CABAL52,17-46030,2454,36000,49.7,-104.7,KC-46A Pegasus,,,,False,mode_s
ae63ce,2026-09-27 04:54:49.205558,UNK C/S,21-46098,3737,Unavailable,64.5,-147.3,KC-46A Pegasus,,,,False,mode_s
ae062a,2026-09-27 04:54:49.205561,UNK C/S,58-0129,0745,6050,24.5,54.8,KC-135R Stratotanker,,,,False,mode_s
ae1458,2026-09-27 04:54:49.205564,RCH253,06-6154,3673,35000,51.6,-104.7,C-17A Globemaster,,,,False,mode_s
ae07f0,2026-09-27 04:54:49.205567,RCH553,96-0006,3315,35000,30.2,34.1,C-17A Globemaster,,,,False,mode_s
ae20c8,2026-09-27 04:54:49.205569,RCH640,07-7187,3606,31000,45.6,-59.9,C-17A Globemaster,,,,False,mode_s
ae0159,2026-09-27 04:54:49.205571,UNK C/S,57-1512,5326,7850,31.7,34.9,KC-135R Stratotanker,,,,False,mode_s
ae023c,2026-09-27 04:54:49.205574,UNK C/S,63-8888,6622,33000,48.0,-110.7,KC-135R Stratotanker,,,,False,mode_s
ae1450,2026-09-27 04:55:49.471754,TREK312,05-5146,2425,8825,21.493242,-158.699127,C-17A Globemaster,,,-651,False,mlat
ae63ce,2026-09-27 04:55:49.471763,UNK C/S,21-46098,3737,Unavailable,64.59304,-147.428513,KC-46A Pegasus,,,,False,mlat
ae07a9,2026-09-27 04:55:49.471768,UNK C/S,59-1515,3521,22150,33.179352,-115.738167,KC-135R Stratotanker,140,370,,False,adsb_icao
af3bca,2026-09-27 04:55:49.471771,HORSE60,19-46107,3770,21025,32.470661,-114.030373,KC-46A Pegasus,145,341,77,False,mlat
ae117c,2026-09-27 04:55:49.471774,BANNR67,02-1110,6634,29000,46.733002,-111.154312,C-17A Globemaster,99,527,,False,adsb_icao
ae0812,2026-09-27 04:55:49.471777,RCH5039,00-0176,2117,34000,41.125534,-107.438293,C-17A Globemaster,267,422,0,False,adsb_icao
ae5f95,2026-09-27 04:55:49.471792,CABAL53,18-46042,1115,36000,49.765774,-105.848793,KC-46A Pegasus,324,470,0,False,mlat
ae5e0b,2026-09-27 04:55:49.471795,CABAL52,17-46030,2454,36000,49.035454,-105.03788,KC-46A Pegasus,,,0,False,mlat
ae20c6,2026-09-27 04:55:49.471800,RCH4180,07-7185,2053,32925,36.849834,-81.189117,C-17A Globemaster,63,481,998,False,mlat
ae07d6,2026-09-27 04:55:49.471802,FAMUS88,92-3292,6201,7800,32.914761,-80.227104,C-17A Globemaster,152,300,-1024,False,adsb_icao
ae63ba,2026-09-27 04:55:49.471805,RCH5064,20-46078,3530,33025,43.721222,-72.540909,KC-46A Pegasus,61,485,0,False,mlat
ae63c6,2026-09-27 04:55:49.471807,GOLD32,21-46090,3055,14150,42.923733,-71.758942,KC-46A Pegasus,92,327,-2004,False,mlat
ae5bc6,2026-09-27 04:55:49.471810,GOLD22,16-46021,1503,10000,42.730515,-71.267982,KC-46A Pegasus,110,342,53,False,mlat
ae123b,2026-09-27 04:55:49.471812,MOOSE58,04-4130,2241,31025,50.193359,11.464693,C-17A Globemaster,273,377,-1987,False,mlat
ae20c2,2026-09-27 04:55:49.471815,MOOSE54,07-7181,2273,36000,46.308659,21.739887,C-17A Globemaster,336,420,-32,False,mlat
ae062a,2026-09-27 04:55:49.471817,UNK C/S,58-0129,0745,8450,24.304262,54.40131,KC-135R Stratotanker,,,2374,False,mlat
ae04ba,2026-09-27 04:55:49.471820,UNK C/S,58-0055,3134,3175,37.011379,126.747009,KC-135R Stratotanker,346,252,-1176,False,mlat
7cf925,2026-09-27 04:55:49.471824,ASY753,A41-211,6111,32000,37.647541,140.606735,C-17A Globemaster,192,412,-64,False,adsb_icao
ae1458,2026-09-27 04:55:49.471831,RCH253,06-6154,3673,35000,51.9,-105.3,C-17A Globemaster,,,,False,mode_s
ae07f0,2026-09-27 04:55:49.471833,RCH553,96-0006,3315,35000,30.2,34.1,C-17A Globemaster,,,,False,mode_s
ae20c8,2026-09-27 04:55:49.471835,RCH640,07-7187,3606,31000,45.6,-59.8,C-17A Globemaster,,,,False,mode_s
ae0159,2026-09-27 04:55:49.471838,UNK C/S,57-1512,5326,7000,31.9,35.5,KC-135R Stratotanker,,,,False,mode_s
ae023c,2026-09-27 04:55:49.471840,UNK C/S,63-8888,6622,33000,47.7,-110.3,KC-135R Stratotanker,,,,False,mode_s
ae63ce,2026-09-27 04:56:49.765384,UNK C/S,21-46098,3737,Unavailable,64.669884,-147.440262,KC-46A Pegasus,,,,False,mlat
ae07a9,2026-09-27 04:56:49.765393,UNK C/S,59-1515,3521,22150,33.098877,-115.658401,KC-135R Stratotanker,140,374,,False,adsb_icao
af3bca,2026-09-27 04:56:49.765397,HORSE60,19-46107,3770,21000,32.389439,-113.97509,KC-46A Pegasus,152,327,0,False,mlat
ae117c,2026-09-27 04:56:49.765401,BANNR67,02-1110,6634,29000,46.708328,-110.943764,C-17A Globemaster,99,526,,False,adsb_icao
ae0812,2026-09-27 04:56:49.765404,RCH5039,00-0176,2117,34000,41.119545,-107.594604,C-17A Globemaster,266,419,-64,False,adsb_icao
ae5f95,2026-09-27 04:56:49.765406,CABAL53,18-46042,1115,36000,49.87114,-105.969368,KC-46A Pegasus,322,462,2,False,mlat
ae5e0b,2026-09-27 04:56:49.765410,CABAL52,17-46030,2454,36000,49.171116,-105.184669,KC-46A Pegasus,,,0,False,mlat
ae20c6,2026-09-27 04:56:49.765414,RCH4180,07-7185,2053,33000,36.911263,-81.039452,C-17A Globemaster,65,459,0,False,mlat
ae07d6,2026-09-27 04:56:49.765416,FAMUS88,92-3292,6201,6350,32.841522,-80.18119,C-17A Globemaster,152,293,-1536,False,adsb_icao
ae63ba,2026-09-27 04:56:49.765419,RCH5064,20-46078,3530,33000,43.785709,-72.365623,KC-46A Pegasus,62,473,77,False,mlat
ae63c6,2026-09-27 04:56:49.765421,GOLD32,21-46090,3055,12550,42.922398,-71.632912,KC-46A Pegasus,91,304,-1765,False,mlat
ae5bc6,2026-09-27 04:56:49.765423,GOLD22,16-46021,1503,10000,42.701084,-71.159576,KC-46A Pegasus,106,316,0,False,mlat
ae123b,2026-09-27 04:56:49.765426,MOOSE58,04-4130,2241,29000,50.194622,11.286707,C-17A Globemaster,272,413,-1981,False,mlat
ae20c2,2026-09-27 04:56:49.765429,MOOSE54,07-7181,2273,36000,46.417343,21.671478,C-17A Globemaster,336,420,0,False,mlat
ae04ba,2026-09-27 04:56:49.765432,UNK C/S,58-0055,3134,3150,37.063042,126.775154,KC-135R Stratotanker,65,277,-30,False,mlat
7cf925,2026-09-27 04:56:49.765436,ASY753,A41-211,6111,32000,37.53566,140.57457,C-17A Globemaster,192,414,-64,False,adsb_icao
ae1458,2026-09-27 04:56:49.765441,RCH253,06-6154,3673,35000,51.7,-105.1,C-17A Globemaster,,,,False,mode_s
ae20c8,2026-09-27 04:56:49.765443,RCH640,07-7187,3606,31000,45.5,-59.7,C-17A Globemaster,,,,False,mode_s
ae0159,2026-09-27 04:56:49.765446,UNK C/S,57-1512,5326,7000,31.6,35.1,KC-135R Stratotanker,,,,False,mode_s
ae1450,2026-09-27 04:56:49.765448,TREK312,05-5146,2425,8100,31.4,-125.0,C-17A Globemaster,,,,False,mode_s
ae023c,2026-09-27 04:56:49.765451,UNK C/S,63-8888,6622,33000,47.3,-109.9,KC-135R Stratotanker,81,554,-256,False,mode_s
ae062a,2026-09-27 04:56:49.765454,UNK C/S,58-0129,0745,10200,24.2,54.7,KC-135R Stratotanker,,,,False,mode_s
ae07f0,2026-09-27 04:56:49.765457,RCH553,96-0006,3315,35000,30.2,34.1,C-17A Globemaster,,,,False,mode_s
ae63ce,2026-09-27 04:57:50.199197,UNK C/S,21-46098,3737,Unavailable,64.738693,-147.453766,KC-46A Pegasus,,,,False,mlat
ae07a9,2026-09-27 04:57:50.199206,UNK C/S,59-1515,3521,22150,33.01767,-115.577599,KC-135R Stratotanker,140,376,,False,adsb_icao
af3bca,2026-09-27 04:57:50.199209,HORSE60,19-46107,3770,21000,32.31625,-113.915535,KC-46A Pegasus,140,349,0,False,mlat
ae117c,2026-09-27 04:57:50.199213,BANNR67,02-1110,6634,29000,46.683331,-110.733467,C-17A Globemaster,99,521,,False,adsb_icao
ae0812,2026-09-27 04:57:50.199216,RCH5039,00-0176,2117,34000,41.113445,-107.748726,C-17A Globemaster,266,417,0,False,adsb_icao
ae5f95,2026-09-27 04:57:50.199219,CABAL53,18-46042,1115,36025,49.977669,-106.091431,KC-46A Pegasus,324,477,52,False,mlat
ae5e0b,2026-09-27 04:57:50.199222,CABAL52,17-46030,2454,36000,49.284603,-105.305008,KC-46A Pegasus,,,0,False,mlat
ae20c6,2026-09-27 04:57:50.199226,RCH4180,07-7185,2053,33000,36.966694,-80.892883,C-17A Globemaster,65,479,0,False,mlat
ae07d6,2026-09-27 04:57:50.199228,FAMUS88,92-3292,6201,4900,32.768417,-80.136253,C-17A Globemaster,153,290,-1088,False,adsb_icao
ae63ba,2026-09-27 04:57:50.199231,RCH5064,20-46078,3530,33000,43.847515,-72.194122,KC-46A Pegasus,62,454,0,False,mlat
ae63c6,2026-09-27 04:57:50.199233,GOLD32,21-46090,3055,11025,42.922543,-71.515465,KC-46A Pegasus,90,298,-1170,False,mlat
ae5bc6,2026-09-27 04:57:50.199236,GOLD22,16-46021,1503,10000,42.674633,-71.047096,KC-46A Pegasus,108,303,0,False,mlat
ae123b,2026-09-27 04:57:50.199238,MOOSE58,04-4130,2241,27025,50.19677,11.104244,C-17A Globemaster,271,420,-1974,False,mlat
ae20c2,2026-09-27 04:57:50.199240,MOOSE54,07-7181,2273,36000,46.526314,21.599636,C-17A Globemaster,336,424,0,False,mlat
ae062a,2026-09-27 04:57:50.199243,UNK C/S,58-0129,0745,10475,24.157724,54.546082,KC-135R Stratotanker,,,290,False,mlat
ae04ba,2026-09-27 04:57:50.199246,UNK C/S,58-0055,3134,3000,37.077965,126.842484,KC-135R Stratotanker,76,291,-202,False,mlat
7cf925,2026-09-27 04:57:50.199249,ASY753,A41-211,6111,32000,37.422134,140.542023,C-17A Globemaster,192,416,-32,False,adsb_icao
ae1458,2026-09-27 04:57:50.199254,RCH253,06-6154,3673,35000,51.3,-104.0,C-17A Globemaster,,,,False,mode_s
ae20c8,2026-09-27 04:57:50.199256,RCH640,07-7187,3606,31000,45.9,-59.8,C-17A Globemaster,,,,False,mode_s
ae0159,2026-09-27 04:57:50.199259,UNK C/S,57-1512,5326,7000,31.7,34.4,KC-135R Stratotanker,,,,False,mode_s
ae1450,2026-09-27 04:57:50.199261,TREK312,05-5146,2425,7425,27.3,-136.9,C-17A Globemaster,,,,False,mode_s
ae023c,2026-09-27 04:57:50.199264,UNK C/S,63-8888,6622,33000,47.8,-109.7,KC-135R Stratotanker,81,554,-32,False,mode_s
ae63ce,2026-09-27 04:58:50.461998,UNK C/S,21-46098,3737,Unavailable,64.80616,-147.464752,KC-46A Pegasus,353,247,,False,mlat
ae07a9,2026-09-27 04:58:50.462007,UNK C/S,59-1515,3521,22150,32.951614,-115.483231,KC-135R Stratotanker,104,391,,False,adsb_icao
af3bca,2026-09-27 04:58:50.462011,HORSE60,19-46107,3770,21000,32.278259,-113.820274,KC-46A Pegasus,96,360,0,False,mlat
ae117c,2026-09-27 04:58:50.462015,BANNR67,02-1110,6634,29000,46.658379,-110.526993,C-17A Globemaster,100,519,,False,adsb_icao
ae0812,2026-09-27 04:58:50.462017,RCH5039,00-0176,2117,34000,41.107086,-107.901917,C-17A Globemaster,266,419,0,False,adsb_icao
ae5f95,2026-09-27 04:58:50.462020,CABAL53,18-46042,1115,36000,50.088352,-106.217949,KC-46A Pegasus,323,478,0,False,mlat
ae5e0b,2026-09-27 04:58:50.462023,CABAL52,17-46030,2454,36025,49.365719,-105.402634,KC-46A Pegasus,,,0,False,mlat
ae20c6,2026-09-27 04:58:50.462027,RCH4180,07-7185,2053,33000,37.030949,-80.739197,C-17A Globemaster,64,497,2,False,mlat
ae07d6,2026-09-27 04:58:50.462030,FAMUS88,92-3292,6201,4025,32.720032,-80.072952,C-17A Globemaster,95,277,-512,False,adsb_icao
ae63ba,2026-09-27 04:58:50.462032,RCH5064,20-46078,3530,33000,43.90538,-72.036186,KC-46A Pegasus,65,492,19,False,mlat
ae63c6,2026-09-27 04:58:50.462034,GOLD32,21-46090,3055,11025,42.919983,-71.400276,KC-46A Pegasus,91,306,0,False,mlat
ae5bc6,2026-09-27 04:58:50.462037,GOLD22,16-46021,1503,10000,42.650578,-70.938454,KC-46A Pegasus,107,306,0,False,mlat
ae123b,2026-09-27 04:58:50.462040,MOOSE58,04-4130,2241,25925,50.185081,10.929883,C-17A Globemaster,248,438,-959,False,mlat
ae20c2,2026-09-27 04:58:50.462042,MOOSE54,07-7181,2273,36000,46.634563,21.531429,C-17A Globemaster,336,426,64,False,mlat
ae0159,2026-09-27 04:58:50.462044,UNK C/S,57-1512,5326,6650,32.296684,34.849785,KC-135R Stratotanker,223,273,-800,False,mlat
ae062a,2026-09-27 04:58:50.462047,UNK C/S,58-0129,0745,12875,24.106291,54.639626,KC-135R Stratotanker,,,2320,False,mlat
ae04ba,2026-09-27 04:58:50.462049,UNK C/S,58-0055,3134,1975,37.08049,126.862976,KC-135R Stratotanker,75,204,-895,False,mode_s
7cf925,2026-09-27 04:58:50.462053,ASY753,A41-211,6111,32000,37.309429,140.509827,C-17A Globemaster,192,415,160,False,adsb_icao
ae1458,2026-09-27 04:58:50.462057,RCH253,06-6154,3673,35000,51.4,-104.7,C-17A Globemaster,,,,False,mode_s
ae20c8,2026-09-27 04:58:50.462059,RCH640,07-7187,3606,31000,45.6,-59.6,C-17A Globemaster,,,,False,mode_s
ae1450,2026-09-27 04:58:50.462062,TREK312,05-5146,2425,6100,20.7,-158.9,C-17A Globemaster,,,,False,mode_s
ae023c,2026-09-27 04:58:50.462065,UNK C/S,63-8888,6622,33000,49.2,-104.8,KC-135R Stratotanker,81,554,128,False,mode_s
ae07f0,2026-09-27 04:58:50.462068,RCH553,96-0006,3315,35000,30.2,34.1,C-17A Globemaster,,,,False,mode_s
ae07a9,2026-09-27 04:59:50.701839,UNK C/S,59-1515,3521,22150,32.99794,-115.373856,KC-135R Stratotanker,28,396,,False,adsb_icao
af3bca,2026-09-27 04:59:50.701848,HORSE60,19-46107,3770,21000,32.311676,-113.715958,KC-46A Pegasus,42,374,0,False,mlat
ae117c,2026-09-27 04:59:50.701852,BANNR67,02-1110,6634,29000,46.632706,-110.318275,C-17A Globemaster,100,523,,False,adsb_icao
ae0812,2026-09-27 04:59:50.701855,RCH5039,00-0176,2117,34000,41.100506,-108.056717,C-17A Globemaster,266,421,0,False,adsb_icao
ae5f95,2026-09-27 04:59:50.701858,CABAL53,18-46042,1115,36000,50.192207,-106.338173,KC-46A Pegasus,324,473,0,False,mlat
ae5e0b,2026-09-27 04:59:50.701861,CABAL52,17-46030,2454,36000,49.477978,-105.52932,KC-46A Pegasus,323,454,0,False,mlat
ae20c6,2026-09-27 04:59:50.701865,RCH4180,07-7185,2053,33000,37.08194,-80.583336,C-17A Globemaster,72,492,0,False,mlat
ae07d6,2026-09-27 04:59:50.701867,FAMUS88,92-3292,6201,3900,32.717468,-79.981621,C-17A Globemaster,68,268,-704,False,adsb_icao
ae63ba,2026-09-27 04:59:50.701869,RCH5064,20-46078,3530,33000,43.965675,-71.864845,KC-46A Pegasus,64,474,0,False,mlat
ae63c6,2026-09-27 04:59:50.701871,GOLD32,21-46090,3055,10175,42.918743,-71.282028,KC-46A Pegasus,92,299,-1500,False,mlat
ae5bc6,2026-09-27 04:59:50.701874,GOLD22,16-46021,1503,9975,42.685158,-70.844879,KC-46A Pegasus,24,300,75,False,mlat
ae123b,2026-09-27 04:59:50.701877,MOOSE58,04-4130,2241,24925,50.145279,10.761349,C-17A Globemaster,252,402,-1013,False,mlat
ae20c2,2026-09-27 04:59:50.701879,MOOSE54,07-7181,2273,36000,46.728024,21.437716,C-17A Globemaster,315,426,0,False,mlat
ae0159,2026-09-27 04:59:50.701881,UNK C/S,57-1512,5326,5650,32.23278,34.832802,KC-135R Stratotanker,142,302,-904,False,mlat
ae062a,2026-09-27 04:59:50.701884,UNK C/S,58-0129,0745,16400,24.084614,54.73447,KC-135R Stratotanker,,,3004,False,mlat
7cf925,2026-09-27 04:59:50.701888,ASY753,A41-211,6111,32000,37.196262,140.477585,C-17A Globemaster,192,414,64,False,adsb_icao
ae1458,2026-09-27 04:59:50.701892,RCH253,06-6154,3673,35000,51.0,-103.3,C-17A Globemaster,,,,False,mode_s
ae20c8,2026-09-27 04:59:50.701895,RCH640,07-7187,3606,31000,45.3,-59.9,C-17A Globemaster,,,,False,mode_s
ae63ce,2026-09-27 04:59:50.701897,UNK C/S,21-46098,3737,4525,64.4,-147.6,KC-46A Pegasus,,,,False,mode_s
ae1450,2026-09-27 04:59:50.701900,TREK312,05-5146,2425,4550,20.1,-159.2,C-17A Globemaster,,,,False,mode_s
ae023c,2026-09-27 04:59:50.701902,UNK C/S,63-8888,6622,33000,48.2,-107.9,KC-135R Stratotanker,82,552,0,False,mode_s
ae07f0,2026-09-27 04:59:50.701905,RCH553,96-0006,3315,35000,30.2,34.1,C-17A Globemaster,,,,False,mode_s
ae04ba,2026-09-27 04:59:50.701909,UNK C/S,58-0055,3134,950,36.0,126.5,KC-135R Stratotanker,,,,False,mode_s
ae1450,2026-09-27 05:00:51.013148,TREK312,05-5146,2425,3300,21.33054,-158.087021,C-17A Globemaster,,,-1585,False,mlat
ae63ce,2026-09-27 05:00:51.013158,UNK C/S,21-46098,3737,4550,64.877792,-147.319504,KC-46A Pegasus,96,205,-26,False,mlat
ae07a9,2026-09-27 05:00:51.013162,UNK C/S,59-1515,3521,22150,33.096779,-115.396019,KC-135R Stratotanker,319,371,,False,adsb_icao
af3bca,2026-09-27 05:00:51.013164,HORSE60,19-46107,3770,20450,32.406429,-113.675972,KC-46A Pegasus,355,365,-1229,False,mlat
ae117c,2026-09-27 05:00:51.013168,BANNR67,02-1110,6634,29000,46.606937,-110.111504,C-17A Globemaster,100,522,,False,adsb_icao
ae0812,2026-09-27 05:00:51.013171,RCH5039,00-0176,2117,34000,41.093754,-108.211151,C-17A Globemaster,266,419,0,False,adsb_icao
ae5f95,2026-09-27 05:00:51.013173,CABAL53,18-46042,1115,36000,50.294701,-106.459412,KC-46A Pegasus,323,482,-75,False,mlat
ae5e0b,2026-09-27 05:00:51.013176,CABAL52,17-46030,2454,36025,49.587906,-105.651413,KC-46A Pegasus,323,461,-25,False,mlat
ae1458,2026-09-27 05:00:51.013179,RCH253,06-6154,3673,35000,53.092648,-102.840561,C-17A Globemaster,,,0,False,mlat
ae20c6,2026-09-27 05:00:51.013183,RCH4180,07-7185,2053,33000,37.105824,-80.428841,C-17A Globemaster,83,443,0,False,mlat
ae07d6,2026-09-27 05:00:51.013185,FAMUS88,92-3292,6201,3000,32.762955,-79.937592,C-17A Globemaster,342,207,-128,False,adsb_icao
ae63ba,2026-09-27 05:00:51.013188,RCH5064,20-46078,3530,33000,44.026379,-71.697319,KC-46A Pegasus,64,490,35,False,mlat
ae63c6,2026-09-27 05:00:51.013190,GOLD32,21-46090,3055,10025,42.917202,-71.168533,KC-46A Pegasus,91,299,0,False,mlat
ae5bc6,2026-09-27 05:00:51.013192,GOLD22,16-46021,1503,7800,42.744701,-70.793282,KC-46A Pegasus,44,261,-2562,False,mlat
ae123b,2026-09-27 05:00:51.013195,MOOSE58,04-4130,2241,23950,50.103333,10.58682,C-17A Globemaster,249,416,-990,False,mlat
ae20c2,2026-09-27 05:00:51.013197,MOOSE54,07-7181,2273,36000,46.814636,21.310623,C-17A Globemaster,315,424,-160,False,mlat
ae0159,2026-09-27 05:00:51.013199,UNK C/S,57-1512,5326,4025,32.216324,34.907391,KC-135R Stratotanker,97,210,-949,False,mlat
ae062a,2026-09-27 05:00:51.013202,UNK C/S,58-0129,0745,17800,24.045364,54.821953,KC-135R Stratotanker,,,1540,False,mlat
7cf925,2026-09-27 05:00:51.013206,ASY753,A41-211,6111,32000,37.083618,140.445648,C-17A Globemaster,192,414,-192,False,adsb_icao
ae20c8,2026-09-27 05:00:51.013211,RCH640,07-7187,3606,31000,45.3,-59.9,C-17A Globemaster,,,,False,mode_s
ae023c,2026-09-27 05:00:51.013214,UNK C/S,63-8888,6622,33000,47.8,-104.0,KC-135R Stratotanker,82,550,0,False,mode_s
ae07f0,2026-09-27 05:00:51.013217,RCH553,96-0006,3315,35000,30.2,34.1,C-17A Globemaster,,,,False,mode_s
ae04ba,2026-09-27 05:00:51.013221,UNK C/S,58-0055,3134,150,36.8,126.8,KC-135R Stratotanker,,,,False,mode_s
ae63ce,2026-09-27 05:01:51.256840,UNK C/S,21-46098,3737,4175,64.83886,-147.260422,KC-46A Pegasus,186,197,-639,False,mlat
ae07a9,2026-09-27 05:01:51.256849,UNK C/S,59-1515,3521,22150,33.176239,-115.475479,KC-135R Stratotanker,320,373,,False,adsb_icao
af3bca,2026-09-27 05:01:51.256852,HORSE60,19-46107,3770,19225,32.485077,-113.718025,KC-46A Pegasus,325,297,-1258,False,mlat
ae117c,2026-09-27 05:01:51.256857,BANNR67,02-1110,6634,29025,46.580402,-109.902283,C-17A Globemaster,100,526,,False,adsb_icao
ae0812,2026-09-27 05:01:51.256859,RCH5039,00-0176,2117,34000,41.086853,-108.364563,C-17A Globemaster,266,415,0,False,adsb_icao
ae5f95,2026-09-27 05:01:51.256862,CABAL53,18-46042,1115,36025,50.399422,-106.580612,KC-46A Pegasus,323,481,72,False,mlat
ae5e0b,2026-09-27 05:01:51.256865,CABAL52,17-46030,2454,36000,49.710999,-105.775749,KC-46A Pegasus,326,487,0,False,mlat
ae20c6,2026-09-27 05:01:51.256869,RCH4180,07-7185,2053,33000,37.129589,-80.265762,C-17A Globemaster,86,445,0,False,mlat
ae07d6,2026-09-27 05:01:51.256872,FAMUS88,92-3292,6201,2475,32.803711,-79.965469,C-17A Globemaster,328,142,-1600,False,adsb_icao
ae63ba,2026-09-27 05:01:51.256874,RCH5064,20-46078,3530,33000,44.087219,-71.527878,KC-46A Pegasus,64,483,75,False,mlat
ae63c6,2026-09-27 05:01:51.256876,GOLD32,21-46090,3055,10025,42.915565,-71.053986,KC-46A Pegasus,90,294,0,False,mlat
ae5bc6,2026-09-27 05:01:51.256878,GOLD22,16-46021,1503,5225,42.798252,-70.730659,KC-46A Pegasus,38,220,-2586,False,mlat
ae123b,2026-09-27 05:01:51.256881,MOOSE58,04-4130,2241,22925,50.064507,10.424141,C-17A Globemaster,249,399,-1003,False,mlat
ae20c2,2026-09-27 05:01:51.256883,MOOSE54,07-7181,2273,36000,46.895374,21.191154,C-17A Globemaster,314,426,-64,False,mlat
ae0159,2026-09-27 05:01:51.256885,UNK C/S,57-1512,5326,3150,32.202629,34.972565,KC-135R Stratotanker,104,179,-989,False,mlat
ae062a,2026-09-27 05:01:51.256888,UNK C/S,58-0129,0745,19200,24.047749,54.913948,KC-135R Stratotanker,,,1101,False,mlat
7cf925,2026-09-27 05:01:51.256892,ASY753,A41-211,6111,32000,36.970486,140.413635,C-17A Globemaster,192,414,0,False,adsb_icao
ae1458,2026-09-27 05:01:51.256896,RCH253,06-6154,3673,35000,51.3,-103.9,C-17A Globemaster,,,,False,mode_s
ae20c8,2026-09-27 05:01:51.256899,RCH640,07-7187,3606,31000,45.5,-59.6,C-17A Globemaster,,,,False,mode_s
ae1450,2026-09-27 05:01:51.256901,TREK312,05-5146,2425,3050,20.9,-158.4,C-17A Globemaster,,,,False,mode_s
ae023c,2026-09-27 05:01:51.256904,UNK C/S,63-8888,6622,33000,50.4,-105.5,KC-135R Stratotanker,82,548,0,False,mode_s
ae07f0,2026-09-27 05:01:51.256907,RCH553,96-0006,3315,35000,30.2,34.1,C-17A Globemaster,,,,False,mode_s
ae1450,2026-09-27 05:02:51.494976,TREK312,05-5146,2425,3025,21.324032,-158.174332,C-17A Globemaster,,,-75,False,mlat
ae63ce,2026-09-27 05:02:51.494986,UNK C/S,21-46098,3737,3150,64.798294,-147.235413,KC-46A Pegasus,159,167,-897,False,mlat
ae07a9,2026-09-27 05:02:51.494990,UNK C/S,59-1515,3521,22150,33.256531,-115.555244,KC-135R Stratotanker,319,376,,False,adsb_icao
af3bca,2026-09-27 05:02:51.494993,HORSE60,19-46107,3770,17900,32.558655,-113.771057,KC-46A Pegasus,328,327,-1303,False,mlat
ae117c,2026-09-27 05:02:51.494997,BANNR67,02-1110,6634,28975,46.553467,-109.692192,C-17A Globemaster,100,532,,False,adsb_icao
ae0812,2026-09-27 05:02:51.494999,RCH5039,00-0176,2117,34000,41.079697,-108.517769,C-17A Globemaster,266,415,0,False,adsb_icao
ae5f95,2026-09-27 05:02:51.495002,CABAL53,18-46042,1115,36000,50.51202,-106.712639,KC-46A Pegasus,323,483,-4,False,mlat
ae5e0b,2026-09-27 05:02:51.495005,CABAL52,17-46030,2454,36000,49.804703,-105.895851,KC-46A Pegasus,323,467,-34,False,mlat
ae20c6,2026-09-27 05:02:51.495009,RCH4180,07-7185,2053,33000,37.149239,-80.101059,C-17A Globemaster,79,447,76,False,mlat
ae07d6,2026-09-27 05:02:51.495012,FAMUS88,92-3292,6201,1425,32.833649,-79.987717,C-17A Globemaster,327,116,-704,False,adsb_icao
ae63ba,2026-09-27 05:02:51.495014,RCH5064,20-46078,3530,33025,44.147884,-71.35878,KC-46A Pegasus,65,486,77,False,mlat
ae63c6,2026-09-27 05:02:51.495017,GOLD32,21-46090,3055,10025,42.914284,-70.939049,KC-46A Pegasus,92,309,0,False,mlat
ae5bc6,2026-09-27 05:02:51.495019,GOLD22,16-46021,1503,3175,42.85025,-70.683044,KC-46A Pegasus,23,227,-1793,False,mlat
ae123b,2026-09-27 05:02:51.495022,MOOSE58,04-4130,2241,22025,50.022182,10.252091,C-17A Globemaster,248,403,-826,False,mlat
ae20c2,2026-09-27 05:02:51.495025,MOOSE54,07-7181,2273,36000,46.98085,21.067305,C-17A Globemaster,314,430,0,False,mlat
ae0159,2026-09-27 05:02:51.495027,UNK C/S,57-1512,5326,2575,32.149845,34.983425,KC-135R Stratotanker,203,279,-58,False,mlat
ae062a,2026-09-27 05:02:51.495030,UNK C/S,58-0129,0745,19200,24.013996,55.026283,KC-135R Stratotanker,,,1,False,mlat
7cf925,2026-09-27 05:02:51.495034,ASY753,A41-211,6111,32000,36.8582,140.38205,C-17A Globemaster,192,414,32,False,adsb_icao
ae1458,2026-09-27 05:02:51.495039,RCH253,06-6154,3673,35000,51.4,-103.9,C-17A Globemaster,,,,False,mode_s
ae20c8,2026-09-27 05:02:51.495042,RCH640,07-7187,3606,31000,45.6,-59.5,C-17A Globemaster,,,,False,mode_s
ae023c,2026-09-27 05:02:51.495044,UNK C/S,63-8888,6622,33000,50.4,-105.5,KC-135R Stratotanker,82,550,-192,False,mode_s
ae1450,2026-09-27 05:03:51.727489,TREK312,05-5146,2425,2500,21.323687,-158.095139,C-17A Globemaster,,,-995,False,mlat
ae63ce,2026-09-27 05:03:51.727499,UNK C/S,21-46098,3737,2450,64.771652,-147.245605,KC-46A Pegasus,169,136,-750,False,mlat
ae07a9,2026-09-27 05:03:51.727503,UNK C/S,59-1515,3521,22150,33.33736,-115.635979,KC-135R Stratotanker,319,378,,False,adsb_icao
af3bca,2026-09-27 05:03:51.727506,HORSE60,19-46107,3770,16525,32.630119,-113.833893,KC-46A Pegasus,312,321,-1360,False,mlat
ae117c,2026-09-27 05:03:51.727509,BANNR67,02-1110,6634,29000,46.525845,-109.481438,C-17A Globemaster,100,524,,False,adsb_icao
ae0812,2026-09-27 05:03:51.727511,RCH5039,00-0176,2117,34000,41.072342,-108.66983,C-17A Globemaster,266,410,0,False,adsb_icao
ae5f95,2026-09-27 05:03:51.727514,CABAL53,18-46042,1115,36025,50.615395,-106.837738,KC-46A Pegasus,322,481,76,False,mlat
ae5e0b,2026-09-27 05:03:51.727517,CABAL52,17-46030,2454,36025,49.910889,-106.016022,KC-46A Pegasus,324,471,11,False,mlat
ae07d6,2026-09-27 05:03:51.727521,FAMUS88,92-3292,6201,825,32.860851,-80.008438,C-17A Globemaster,327,115,-640,False,adsb_icao
ae20c6,2026-09-27 05:03:51.727523,RCH4180,07-7185,2053,33000,37.172356,-79.939354,C-17A Globemaster,79,482,0,False,mlat
ae63ba,2026-09-27 05:03:51.727526,RCH5064,20-46078,3530,33025,44.206364,-71.187019,KC-46A Pegasus,64,492,24,False,mlat
ae63c6,2026-09-27 05:03:51.727528,GOLD32,21-46090,3055,9450,42.912144,-70.828041,KC-46A Pegasus,92,303,-1242,False,mlat
ae5bc6,2026-09-27 05:03:51.727531,GOLD22,16-46021,1503,2575,42.910713,-70.691895,KC-46A Pegasus,1,144,-377,False,mlat
ae123b,2026-09-27 05:03:51.727533,MOOSE58,04-4130,2241,22000,49.983418,10.092281,C-17A Globemaster,245,402,0,False,mlat
ae20c2,2026-09-27 05:03:51.727535,MOOSE54,07-7181,2273,36000,47.069298,20.935112,C-17A Globemaster,314,428,-32,False,mlat
ae0159,2026-09-27 05:03:51.727537,UNK C/S,57-1512,5326,2350,32.11425,34.963707,KC-135R Stratotanker,203,135,-638,False,mlat
ae062a,2026-09-27 05:03:51.727540,UNK C/S,58-0129,0745,19000,24.109077,55.094952,KC-135R Stratotanker,,,-85,False,mlat
7cf925,2026-09-27 05:03:51.727544,ASY753,A41-211,6111,32025,36.747437,140.34285,C-17A Globemaster,201,406,160,False,adsb_icao
ae1458,2026-09-27 05:03:51.727548,RCH253,06-6154,3673,35000,51.4,-103.7,C-17A Globemaster,,,,False,mode_s
ae20c8,2026-09-27 05:03:51.727551,RCH640,07-7187,3606,31000,45.6,-59.5,C-17A Globemaster,,,,False,mode_s
ae023c,2026-09-27 05:03:51.727553,UNK C/S,63-8888,6622,33000,47.2,-104.1,KC-135R Stratotanker,,,,False,mode_s
ae1450,2026-09-27 05:04:52.010996,TREK312,05-5146,2425,1750,21.324789,-158.033966,C-17A Globemaster,88,187,-585,False,mlat
ae63ce,2026-09-27 05:04:52.011006,UNK C/S,21-46098,3737,1800,64.765091,-147.278687,KC-46A Pegasus,152,109,-648,False,mlat
ae07a9,2026-09-27 05:04:52.011011,UNK C/S,59-1515,3521,22150,33.385254,-115.73597,KC-135R Stratotanker,264,353,,False,adsb_icao
af3bca,2026-09-27 05:04:52.011013,HORSE60,19-46107,3770,15325,32.653507,-113.925529,KC-46A Pegasus,268,296,-1168,False,mlat
ae117c,2026-09-27 05:04:52.011017,BANNR67,02-1110,6634,29225,46.498215,-109.27417,C-17A Globemaster,101,529,,False,adsb_icao
ae0812,2026-09-27 05:04:52.011019,RCH5039,00-0176,2117,34000,41.065033,-108.818954,C-17A Globemaster,266,410,0,False,adsb_icao
ae5f95,2026-09-27 05:04:52.011022,CABAL53,18-46042,1115,36000,50.712929,-106.950356,KC-46A Pegasus,324,476,-17,False,mlat
ae5e0b,2026-09-27 05:04:52.011025,CABAL52,17-46030,2454,36000,50.013897,-106.134377,KC-46A Pegasus,325,468,-30,False,mlat
ae07d6,2026-09-27 05:04:52.011029,FAMUS88,92-3292,6201,225,32.888031,-80.029137,C-17A Globemaster,327,115,-640,False,adsb_icao
ae20c6,2026-09-27 05:04:52.011031,RCH4180,07-7185,2053,33000,37.193321,-79.777428,C-17A Globemaster,81,460,0,False,mlat
ae63ba,2026-09-27 05:04:52.011034,RCH5064,20-46078,3530,33000,44.263378,-71.02478,KC-46A Pegasus,64,493,-2,False,mlat
ae5bc6,2026-09-27 05:04:52.011036,GOLD22,16-46021,1503,2125,42.95359,-70.723244,KC-46A Pegasus,329,178,-479,False,mlat
ae63c6,2026-09-27 05:04:52.011038,GOLD32,21-46090,3055,8825,42.910057,-70.717445,KC-46A Pegasus,90,249,-811,False,mlat
ae123b,2026-09-27 05:04:52.011041,MOOSE58,04-4130,2241,22000,49.942528,9.924347,C-17A Globemaster,251,399,0,False,mlat
ae20c2,2026-09-27 05:04:52.011043,MOOSE54,07-7181,2273,36000,47.149208,20.815165,C-17A Globemaster,314,426,0,False,mlat
ae0159,2026-09-27 05:04:52.011045,UNK C/S,57-1512,5326,1450,32.076912,34.934471,KC-135R Stratotanker,209,158,-743,False,mlat
ae062a,2026-09-27 05:04:52.011047,UNK C/S,58-0129,0745,19500,24.213566,55.138123,KC-135R Stratotanker,353,393,1410,False,mlat
7cf925,2026-09-27 05:04:52.011051,ASY753,A41-211,6111,32000,36.642151,140.29155,C-17A Globemaster,201,408,-32,False,adsb_icao
ae1458,2026-09-27 05:04:52.011055,RCH253,06-6154,3673,35000,51.1,-103.3,C-17A Globemaster,,,,False,mode_s
ae20c8,2026-09-27 05:04:52.011058,RCH640,07-7187,3606,31000,45.6,-59.5,C-17A Globemaster,,,,False,mode_s
ae023c,2026-09-27 05:04:52.011060,UNK C/S,63-8888,6622,33000,50.2,-105.9,KC-135R Stratotanker,,,,False,mode_s
ae1450,2026-09-27 05:05:52.252075,TREK312,05-5146,2425,1425,21.325354,-157.991196,C-17A Globemaster,89,116,-684,False,mlat
ae63ce,2026-09-27 05:05:52.252086,UNK C/S,21-46098,3737,1150,64.763474,-147.31134,KC-46A Pegasus,175,63,-652,False,mode_s
ae07a9,2026-09-27 05:05:52.252090,UNK C/S,59-1515,3521,22150,33.323627,-115.820229,KC-135R Stratotanker,199,350,,False,adsb_icao
af3bca,2026-09-27 05:05:52.252093,HORSE60,19-46107,3770,14125,32.621544,-114.011208,KC-46A Pegasus,227,294,-1331,False,mlat
ae117c,2026-09-27 05:05:52.252096,BANNR67,02-1110,6634,29725,46.470062,-109.064766,C-17A Globemaster,101,525,,False,adsb_icao
ae0812,2026-09-27 05:05:52.252098,RCH5039,00-0176,2117,34000,41.05735,-108.970955,C-17A Globemaster,266,408,0,False,adsb_icao
ae5f95,2026-09-27 05:05:52.252101,CABAL53,18-46042,1115,36025,50.824947,-107.0868,KC-46A Pegasus,322,482,-25,False,mlat
ae5e0b,2026-09-27 05:05:52.252104,CABAL52,17-46030,2454,36000,50.126198,-106.264381,KC-46A Pegasus,323,476,0,False,mlat
ae20c6,2026-09-27 05:05:52.252107,RCH4180,07-7185,2053,33000,37.213154,-79.62429,C-17A Globemaster,81,458,0,False,mlat
ae63ba,2026-09-27 05:05:52.252110,RCH5064,20-46078,3530,33025,44.325741,-70.847229,KC-46A Pegasus,63,488,-7,False,mlat
ae5bc6,2026-09-27 05:05:52.252112,GOLD22,16-46021,1503,1775,42.98978,-70.750031,KC-46A Pegasus,335,135,-380,False,mlat
ae63c6,2026-09-27 05:05:52.252115,GOLD32,21-46090,3055,6775,42.90073,-70.62426,KC-46A Pegasus,111,258,-2689,False,mlat
ae123b,2026-09-27 05:05:52.252118,MOOSE58,04-4130,2241,22000,49.903015,9.768144,C-17A Globemaster,249,413,0,False,mlat
ae20c2,2026-09-27 05:05:52.252120,MOOSE54,07-7181,2273,36000,47.23476,20.686468,C-17A Globemaster,314,428,-64,False,mlat
ae0159,2026-09-27 05:05:52.252122,UNK C/S,57-1512,5326,650,32.041042,34.930969,KC-135R Stratotanker,169,162,-735,False,mlat
ae062a,2026-09-27 05:05:52.252124,UNK C/S,58-0129,0745,20000,24.322975,55.082355,KC-135R Stratotanker,331,551,0,False,mlat
7cf925,2026-09-27 05:05:52.252128,ASY753,A41-211,6111,32000,36.536526,140.240067,C-17A Globemaster,201,407,32,False,adsb_icao
ae1458,2026-09-27 05:05:52.252133,RCH253,06-6154,3673,35000,51.1,-103.1,C-17A Globemaster,,,,False,mode_s
ae20c8,2026-09-27 05:05:52.252135,RCH640,07-7187,3606,31000,45.6,-59.5,C-17A Globemaster,,,,False,mode_s
ae023c,2026-09-27 05:05:52.252138,UNK C/S,63-8888,6622,33000,47.1,-104.3,KC-135R Stratotanker,,,,False,mode_s
ae07f0,2026-09-27 05:05:52.252141,RCH553,96-0006,3315,35000,30.2,34.1,C-17A Globemaster,,,,False,mode_s
ae1450,2026-09-27 05:06:52.499153,TREK312,05-5146,2425,625,21.325289,-157.96022,C-17A Globemaster,89,99,-819,False,mlat
ae07a9,2026-09-27 05:06:52.499163,UNK C/S,59-1515,3521,22150,33.232014,-115.789902,KC-135R Stratotanker,138,372,,False,adsb_icao
af3bca,2026-09-27 05:06:52.499167,HORSE60,19-46107,3770,12850,32.555988,-114.052826,KC-46A Pegasus,188,289,-1171,False,mlat
ae0812,2026-09-27 05:06:52.499170,RCH5039,00-0176,2117,34000,41.049637,-109.119812,C-17A Globemaster,266,410,0,False,adsb_icao
ae117c,2026-09-27 05:06:52.499172,BANNR67,02-1110,6634,30250,46.441864,-108.85656,C-17A Globemaster,101,527,,False,adsb_icao
ae5f95,2026-09-27 05:06:52.499175,CABAL53,18-46042,1115,36000,50.913471,-107.190231,KC-46A Pegasus,324,485,-78,False,mlat
ae5e0b,2026-09-27 05:06:52.499178,CABAL52,17-46030,2454,36025,50.227844,-106.380035,KC-46A Pegasus,324,471,40,False,mlat
ae20c6,2026-09-27 05:06:52.499183,RCH4180,07-7185,2053,33000,37.235069,-79.45578,C-17A Globemaster,84,470,0,False,mlat
ae5bc6,2026-09-27 05:06:52.499185,GOLD22,16-46021,1503,1100,43.023029,-70.777771,KC-46A Pegasus,332,139,-713,False,mlat
ae63ba,2026-09-27 05:06:52.499187,RCH5064,20-46078,3530,33000,44.385544,-70.672867,KC-46A Pegasus,64,476,0,False,mlat
ae63c6,2026-09-27 05:06:52.499190,GOLD32,21-46090,3055,4400,42.881046,-70.534599,KC-46A Pegasus,106,252,-2012,False,mlat
ae123b,2026-09-27 05:06:52.499192,MOOSE58,04-4130,2241,22000,49.86412,9.606822,C-17A Globemaster,250,405,0,False,mlat
ae20c2,2026-09-27 05:06:52.499194,MOOSE54,07-7181,2273,36000,47.309399,20.562569,C-17A Globemaster,314,426,0,False,mlat
ae062a,2026-09-27 05:06:52.499196,UNK C/S,58-0129,0745,21625,24.42441,55.023724,KC-135R Stratotanker,332,383,2203,False,mlat
7cf925,2026-09-27 05:06:52.499200,ASY753,A41-211,6111,32000,36.430199,140.188477,C-17A Globemaster,201,406,32,False,adsb_icao
ae1458,2026-09-27 05:06:52.499204,RCH253,06-6154,3673,35000,50.7,-101.9,C-17A Globemaster,,,,False,mode_s
ae20c8,2026-09-27 05:06:52.499207,RCH640,07-7187,3606,Unavailable,45.6,-59.5,C-17A Globemaster,,,,False,mode_s
ae023c,2026-09-27 05:06:52.499210,UNK C/S,63-8888,6622,33000,50.2,-105.9,KC-135R Stratotanker,,,,False,mode_s
ae07f0,2026-09-27 05:06:52.499213,RCH553,96-0006,3315,35000,30.2,34.1,C-17A Globemaster,,,,False,mode_s
ae07a9,2026-09-27 05:07:52.806722,UNK C/S,59-1515,3521,22150,33.151657,-115.710373,KC-135R Stratotanker,140,375,,False,adsb_icao
af3bca,2026-09-27 05:07:52.806731,HORSE60,19-46107,3770,12150,32.479202,-114.037308,KC-46A Pegasus,152,287,-116,False,mlat
ae0812,2026-09-27 05:07:52.806736,RCH5039,00-0176,2117,34000,41.041664,-109.271019,C-17A Globemaster,265,410,0,False,adsb_icao
ae117c,2026-09-27 05:07:52.806739,BANNR67,02-1110,6634,30775,46.412998,-108.647987,C-17A Globemaster,101,525,,False,adsb_icao
ae5f95,2026-09-27 05:07:52.806742,CABAL53,18-46042,1115,36000,51.036427,-107.342033,KC-46A Pegasus,323,485,-2,False,mlat
ae5e0b,2026-09-27 05:07:52.806745,CABAL52,17-46030,2454,36000,50.331688,-106.503296,KC-46A Pegasus,322,476,-71,False,mlat
ae20c6,2026-09-27 05:07:52.806750,RCH4180,07-7185,2053,33000,37.254429,-79.301544,C-17A Globemaster,80,463,0,False,mlat
ae5bc6,2026-09-27 05:07:52.806752,GOLD22,16-46021,1503,300,43.052704,-70.802864,KC-46A Pegasus,333,147,-754,False,mlat
ae63ba,2026-09-27 05:07:52.806755,RCH5064,20-46078,3530,33000,44.44698,-70.493256,KC-46A Pegasus,64,493,-40,False,mlat
ae63c6,2026-09-27 05:07:52.806757,GOLD32,21-46090,3055,2325,42.837334,-70.479797,KC-46A Pegasus,170,283,-2392,False,mlat
ae123b,2026-09-27 05:07:52.806759,MOOSE58,04-4130,2241,21550,49.821323,9.436841,C-17A Globemaster,249,406,-1233,False,mlat
ae20c2,2026-09-27 05:07:52.806762,MOOSE54,07-7181,2273,36000,47.393166,20.454699,C-17A Globemaster,314,426,-32,False,mlat
ae062a,2026-09-27 05:07:52.806764,UNK C/S,58-0129,0745,23275,24.525141,54.96698,KC-135R Stratotanker,334,412,1795,False,mlat
7cf925,2026-09-27 05:07:52.806768,ASY753,A41-211,6111,32000,36.324234,140.137192,C-17A Globemaster,201,410,-64,False,adsb_icao
ae1458,2026-09-27 05:07:52.806773,RCH253,06-6154,3673,35000,50.4,-100.9,C-17A Globemaster,,,,False,mode_s
ae023c,2026-09-27 05:07:52.806776,UNK C/S,63-8888,6622,33000,47.3,-104.7,KC-135R Stratotanker,,,,False,mode_s
ae07f0,2026-09-27 05:07:52.806791,RCH553,96-0006,3315,35000,30.2,34.1,C-17A Globemaster,,,,False,mode_s
ae07a9,2026-09-27 05:08:53.064320,UNK C/S,59-1515,3521,22150,33.07132,-115.630661,KC-135R Stratotanker,140,379,,False,adsb_icao
af3bca,2026-09-27 05:08:53.064330,HORSE60,19-46107,3770,12150,32.413891,-113.991684,KC-46A Pegasus,148,269,0,False,mlat
ae0812,2026-09-27 05:08:53.064334,RCH5039,00-0176,2117,34000,41.033432,-109.420959,C-17A Globemaster,265,410,0,False,adsb_icao
ae117c,2026-09-27 05:08:53.064337,BANNR67,02-1110,6634,31000,46.384369,-108.443436,C-17A Globemaster,101,527,,False,adsb_icao
ae5f95,2026-09-27 05:08:53.064340,CABAL53,18-46042,1115,36000,51.13356,-107.459641,KC-46A Pegasus,322,483,0,False,mlat
ae5e0b,2026-09-27 05:08:53.064343,CABAL52,17-46030,2454,36025,50.439995,-106.630577,KC-46A Pegasus,323,474,11,False,mlat
ae20c6,2026-09-27 05:08:53.064348,RCH4180,07-7185,2053,32150,37.276096,-79.141228,C-17A Globemaster,75,559,-976,False,mlat
ae63c6,2026-09-27 05:08:53.064350,GOLD32,21-46090,3055,2300,42.784176,-70.548248,KC-46A Pegasus,271,352,74,False,mlat
ae63ba,2026-09-27 05:08:53.064352,RCH5064,20-46078,3530,33000,44.506798,-70.318092,KC-46A Pegasus,65,493,0,False,mlat
ae123b,2026-09-27 05:08:53.064355,MOOSE58,04-4130,2241,19250,49.783657,9.286315,C-17A Globemaster,246,395,-3319,False,mlat
ae20c2,2026-09-27 05:08:53.064357,MOOSE54,07-7181,2273,36000,47.479359,20.31432,C-17A Globemaster,314,428,0,False,mlat
ae062a,2026-09-27 05:08:53.064360,UNK C/S,58-0129,0745,24675,24.616608,54.91679,KC-135R Stratotanker,333,351,1385,False,mlat
7cf925,2026-09-27 05:08:53.064364,ASY753,A41-211,6111,32000,36.218124,140.086044,C-17A Globemaster,201,410,-32,False,adsb_icao
ae1458,2026-09-27 05:08:53.064368,RCH253,06-6154,3673,35000,50.3,-100.7,C-17A Globemaster,,,,False,mode_s
ae023c,2026-09-27 05:08:53.064372,UNK C/S,63-8888,6622,33000,47.3,-104.7,KC-135R Stratotanker,,,,False,mode_s
ae07f0,2026-09-27 05:08:53.064375,RCH553,96-0006,3315,35000,30.2,34.1,C-17A Globemaster,,,,False,mode_s
ae07a9,2026-09-27 05:09:53.317733,UNK C/S,59-1515,3521,22150,32.989334,-115.549042,KC-135R Stratotanker,140,381,,False,adsb_icao
af3bca,2026-09-27 05:09:53.317743,HORSE60,19-46107,3770,12175,32.346558,-113.942795,KC-46A Pegasus,148,276,79,False,mlat
ae0812,2026-09-27 05:09:53.317747,RCH5039,00-0176,2117,34000,41.024902,-109.573143,C-17A Globemaster,265,411,0,False,adsb_icao
ae117c,2026-09-27 05:09:53.317750,BANNR67,02-1110,6634,30975,46.354809,-108.235863,C-17A Globemaster,101,519,,False,adsb_icao
ae5f95,2026-09-27 05:09:53.317753,CABAL53,18-46042,1115,36000,51.255699,-107.609505,KC-46A Pegasus,322,486,0,False,mlat
ae5e0b,2026-09-27 05:09:53.317756,CABAL52,17-46030,2454,36000,50.54425,-106.752846,KC-46A Pegasus,323,472,25,False,mlat
ae20c6,2026-09-27 05:09:53.317761,RCH4180,07-7185,2053,30775,37.295849,-78.980125,C-17A Globemaster,80,445,-1970,False,mlat
ae63c6,2026-09-27 05:09:53.317763,GOLD32,21-46090,3055,2175,42.817661,-70.612213,KC-46A Pegasus,335,216,-147,False,mlat
ae63ba,2026-09-27 05:09:53.317765,RCH5064,20-46078,3530,33025,44.565338,-70.14653,KC-46A Pegasus,68,654,-13,False,mlat
ae123b,2026-09-27 05:09:53.317768,MOOSE58,04-4130,2241,15375,49.744293,9.13197,C-17A Globemaster,247,364,-3779,False,mlat
ae20c2,2026-09-27 05:09:53.317770,MOOSE54,07-7181,2273,36000,47.565765,20.178679,C-17A Globemaster,314,426,-32,False,mlat
ae062a,2026-09-27 05:09:53.317772,UNK C/S,58-0129,0745,25975,24.739922,54.855206,KC-135R Stratotanker,339,500,891,False,mlat
7cf925,2026-09-27 05:09:53.317776,ASY753,A41-211,6111,32000,36.11071,140.034424,C-17A Globemaster,201,412,-64,False,adsb_icao
ae1458,2026-09-27 05:09:53.317792,RCH253,06-6154,3673,35000,50.3,-100.7,C-17A Globemaster,,,,False,mode_s
ae023c,2026-09-27 05:09:53.317795,UNK C/S,63-8888,6622,33000,50.4,-105.1,KC-135R Stratotanker,,,,False,mode_s
ae07a9,2026-09-27 05:10:53.548354,UNK C/S,59-1515,3521,22125,32.952419,-115.436935,KC-135R Stratotanker,76,401,,False,adsb_icao
af3bca,2026-09-27 05:10:53.548364,HORSE60,19-46107,3770,12150,32.297764,-113.877525,KC-46A Pegasus,110,314,0,False,mlat
ae0812,2026-09-27 05:10:53.548368,RCH5039,00-0176,2117,34000,41.016434,-109.721832,C-17A Globemaster,265,408,0,False,adsb_icao
ae117c,2026-09-27 05:10:53.548371,BANNR67,02-1110,6634,31000,46.32518,-108.031448,C-17A Globemaster,101,525,,False,adsb_icao
ae5f95,2026-09-27 05:10:53.548374,CABAL53,18-46042,1115,36000,51.343338,-107.716614,KC-46A Pegasus,323,482,-12,False,mlat
ae5e0b,2026-09-27 05:10:53.548377,CABAL52,17-46030,2454,36000,50.641537,-106.866943,KC-46A Pegasus,323,474,-9,False,mlat
ae20c6,2026-09-27 05:10:53.548381,RCH4180,07-7185,2053,27475,37.314552,-78.82933,C-17A Globemaster,81,432,-4186,False,mlat
ae63c6,2026-09-27 05:10:53.548383,GOLD32,21-46090,3055,2075,42.862923,-70.648727,KC-46A Pegasus,328,173,-51,False,mlat
ae63ba,2026-09-27 05:10:53.548385,RCH5064,20-46078,3530,33000,44.625271,-69.967468,KC-46A Pegasus,61,457,0,False,mlat
ae123b,2026-09-27 05:10:53.548388,MOOSE58,04-4130,2241,11625,49.706455,8.987642,C-17A Globemaster,253,336,-3594,False,mlat
ae20c2,2026-09-27 05:10:53.548390,MOOSE54,07-7181,2273,36000,47.647285,20.058165,C-17A Globemaster,314,426,-64,False,mlat
ae062a,2026-09-27 05:10:53.548393,UNK C/S,58-0129,0745,26000,24.853615,54.896385,KC-135R Stratotanker,37,495,0,False,mlat
7cf925,2026-09-27 05:10:53.548397,ASY753,A41-211,6111,32000,35.997986,140.00061,C-17A Globemaster,190,425,0,False,adsb_icao
ae1458,2026-09-27 05:10:53.548402,RCH253,06-6154,3673,35000,50.3,-100.8,C-17A Globemaster,,,,False,mode_s
ae023c,2026-09-27 05:10:53.548405,UNK C/S,63-8888,6622,33000,47.8,-104.5,KC-135R Stratotanker,,,,False,mode_s
ae07a9,2026-09-27 05:11:53.804792,UNK C/S,59-1515,3521,22150,33.035156,-115.360184,KC-135R Stratotanker,2,394,,False,adsb_icao
af3bca,2026-09-27 05:11:53.804802,HORSE60,19-46107,3770,12175,32.353878,-113.82,KC-46A Pegasus,354,397,83,False,mlat
ae0812,2026-09-27 05:11:53.804806,RCH5039,00-0176,2117,34000,41.007614,-109.872742,C-17A Globemaster,265,410,0,False,adsb_icao
ae5f95,2026-09-27 05:11:53.804809,CABAL53,18-46042,1115,36000,51.455193,-107.85614,KC-46A Pegasus,323,483,0,False,mlat
ae117c,2026-09-27 05:11:53.804812,BANNR67,02-1110,6634,31000,46.294617,-107.822914,C-17A Globemaster,102,524,,False,adsb_icao
ae5e0b,2026-09-27 05:11:53.804815,CABAL52,17-46030,2454,36025,50.75441,-106.999786,KC-46A Pegasus,324,468,80,False,mlat
ae20c6,2026-09-27 05:11:53.804819,RCH4180,07-7185,2053,26975,37.332066,-78.687035,C-17A Globemaster,82,450,-80,False,mlat
ae63c6,2026-09-27 05:11:53.804822,GOLD32,21-46090,3055,1950,42.902737,-70.681404,KC-46A Pegasus,328,155,-127,False,mlat
ae63ba,2026-09-27 05:11:53.804824,RCH5064,20-46078,3530,33000,44.684666,-69.787575,KC-46A Pegasus,65,504,-13,False,mlat
ae123b,2026-09-27 05:11:53.804826,MOOSE58,04-4130,2241,10000,49.671165,8.849391,C-17A Globemaster,248,333,-131,False,mlat
ae20c2,2026-09-27 05:11:53.804829,MOOSE54,07-7181,2273,36000,47.716465,19.951584,C-17A Globemaster,313,424,-64,False,mlat
ae062a,2026-09-27 05:11:53.804832,UNK C/S,58-0129,0745,26000,24.919376,55.020626,KC-135R Stratotanker,81,513,0,False,mlat
7cf925,2026-09-27 05:11:53.804836,ASY753,A41-211,6111,32000,35.880138,139.97319,C-17A Globemaster,190,423,0,False,adsb_icao
ae023c,2026-09-27 05:11:53.804841,UNK C/S,63-8888,6622,33000,49.2,-104.8,KC-135R Stratotanker,,,,False,mode_s
ae1458,2026-09-27 05:11:53.804845,RCH253,06-6154,3673,Unavailable,50.3,-100.9,C-17A Globemaster,,,,False,mode_s
ae07a9,2026-09-27 05:12:54.074588,UNK C/S,59-1515,3521,22150,33.12291,-115.422035,KC-135R Stratotanker,320,377,,False,adsb_icao
af3bca,2026-09-27 05:12:54.074597,HORSE60,19-46107,3770,12150,32.436882,-113.809341,KC-46A Pegasus,7,291,0,False,mlat
ae0812,2026-09-27 05:12:54.074601,RCH5039,00-0176,2117,34000,40.998741,-110.022209,C-17A Globemaster,265,413,64,False,adsb_icao
ae5f95,2026-09-27 05:12:54.074605,CABAL53,18-46042,1115,36025,51.550854,-107.975914,KC-46A Pegasus,321,481,0,False,mlat
ae117c,2026-09-27 05:12:54.074607,BANNR67,02-1110,6634,31000,46.264267,-107.619392,C-17A Globemaster,102,519,,False,adsb_icao
ae5e0b,2026-09-27 05:12:54.074610,CABAL52,17-46030,2454,36025,50.859108,-107.127312,KC-46A Pegasus,323,468,35,False,mlat
ae20c6,2026-09-27 05:12:54.074614,RCH4180,07-7185,2053,26975,37.351063,-78.528282,C-17A Globemaster,79,425,-75,False,mlat
ae63c6,2026-09-27 05:12:54.074617,GOLD32,21-46090,3055,1825,42.944405,-70.715141,KC-46A Pegasus,325,156,-179,False,mlat
ae63ba,2026-09-27 05:12:54.074619,RCH5064,20-46078,3530,33000,44.740452,-69.618553,KC-46A Pegasus,65,504,0,False,mlat
ae123b,2026-09-27 05:12:54.074622,MOOSE58,04-4130,2241,10000,49.635307,8.712136,C-17A Globemaster,249,350,0,False,mlat
ae20c2,2026-09-27 05:12:54.074624,MOOSE54,07-7181,2273,36000,47.808624,19.807417,C-17A Globemaster,313,422,-64,False,mlat
ae062a,2026-09-27 05:12:54.074627,UNK C/S,58-0129,0745,26000,24.994701,55.129913,KC-135R Stratotanker,53,443,0,False,mlat
7cf925,2026-09-27 05:12:54.074631,ASY753,A41-211,6111,32000,35.764801,139.946426,C-17A Globemaster,190,424,-64,False,adsb_icao
ae023c,2026-09-27 05:12:54.074635,UNK C/S,63-8888,6622,33000,49.2,-104.8,KC-135R Stratotanker,,,,False,mode_s
ae1458,2026-09-27 05:12:54.074639,RCH253,06-6154,3673,Unavailable,50.3,-101.0,C-17A Globemaster,,,,False,mode_s
ae07a9,2026-09-27 05:13:54.285028,UNK C/S,59-1515,3521,22150,33.203522,-115.502617,KC-135R Stratotanker,320,377,,False,adsb_icao
af3bca,2026-09-27 05:13:54.285037,HORSE60,19-46107,3770,12150,32.510826,-113.796844,KC-46A Pegasus,8,272,0,False,mlat
ae0812,2026-09-27 05:13:54.285041,RCH5039,00-0176,2117,34025,40.992737,-110.173401,C-17A Globemaster,267,414,64,False,adsb_icao
ae5f95,2026-09-27 05:13:54.285045,CABAL53,18-46042,1115,36025,51.675049,-108.130074,KC-46A Pegasus,324,473,54,False,mlat
ae117c,2026-09-27 05:13:54.285047,BANNR67,02-1110,6634,31000,46.233635,-107.415321,C-17A Globemaster,102,522,,False,adsb_icao
ae5e0b,2026-09-27 05:13:54.285050,CABAL52,17-46030,2454,36000,50.956039,-107.242348,KC-46A Pegasus,323,473,0,False,mlat
ae20c6,2026-09-27 05:13:54.285054,RCH4180,07-7185,2053,27000,37.369053,-78.373627,C-17A Globemaster,83,430,0,False,mlat
ae63c6,2026-09-27 05:13:54.285056,GOLD32,21-46090,3055,1775,42.979931,-70.743149,KC-46A Pegasus,332,143,-76,False,mlat
ae63ba,2026-09-27 05:13:54.285059,RCH5064,20-46078,3530,33000,44.796803,-69.44825,KC-46A Pegasus,65,507,-52,False,mlat
ae123b,2026-09-27 05:13:54.285061,MOOSE58,04-4130,2241,9325,49.602398,8.583459,C-17A Globemaster,250,336,-932,False,mlat
ae20c2,2026-09-27 05:13:54.285063,MOOSE54,07-7181,2273,36000,47.897812,19.671129,C-17A Globemaster,313,422,-96,False,mlat
ae062a,2026-09-27 05:13:54.285066,UNK C/S,58-0129,0745,26000,25.035591,55.248375,KC-135R Stratotanker,88,468,0,False,mlat
7cf925,2026-09-27 05:13:54.285070,ASY753,A41-211,6111,32000,35.649078,139.919586,C-17A Globemaster,190,425,-64,False,adsb_icao
ae023c,2026-09-27 05:13:54.285074,UNK C/S,63-8888,6622,33000,49.2,-104.8,KC-135R Stratotanker,,,,False,mode_s
ae1458,2026-09-27 05:13:54.285078,RCH253,06-6154,3673,Unavailable,50.3,-101.0,C-17A Globemaster,,,,False,mode_s
ae07a9,2026-09-27 05:14:54.540499,UNK C/S,59-1515,3521,22150,33.284897,-115.58374,KC-135R Stratotanker,319,379,,False,adsb_icao
af3bca,2026-09-27 05:14:54.540509,HORSE60,19-46107,3770,12150,32.59317,-113.826866,KC-46A Pegasus,332,298,-77,False,mlat
ae0812,2026-09-27 05:14:54.540513,RCH5039,00-0176,2117,34000,40.98674,-110.325684,C-17A Globemaster,266,409,64,False,adsb_icao
ae5f95,2026-09-27 05:14:54.540517,CABAL53,18-46042,1115,36025,51.781406,-108.266335,KC-46A Pegasus,323,481,78,False,mlat
ae5e0b,2026-09-27 05:14:54.540520,CABAL52,17-46030,2454,36025,51.051975,-107.360291,KC-46A Pegasus,323,471,42,False,mlat
ae117c,2026-09-27 05:14:54.540522,BANNR67,02-1110,6634,31000,46.202774,-107.21109,C-17A Globemaster,102,517,,False,adsb_icao
ae20c6,2026-09-27 05:14:54.540526,RCH4180,07-7185,2053,27000,37.387589,-78.224915,C-17A Globemaster,82,425,0,False,mlat
ae63c6,2026-09-27 05:14:54.540529,GOLD32,21-46090,3055,1275,43.014744,-70.771294,KC-46A Pegasus,328,140,-794,False,mlat
ae63ba,2026-09-27 05:14:54.540531,RCH5064,20-46078,3530,33025,44.859592,-69.25695,KC-46A Pegasus,66,504,75,False,mlat
ae123b,2026-09-27 05:14:54.540533,MOOSE58,04-4130,2241,8300,49.572308,8.469599,C-17A Globemaster,248,276,-1117,False,mlat
ae20c2,2026-09-27 05:14:54.540535,MOOSE54,07-7181,2273,36000,47.963379,19.564964,C-17A Globemaster,313,422,0,False,mlat
ae062a,2026-09-27 05:14:54.540538,UNK C/S,58-0129,0745,26000,25.039314,55.397243,KC-135R Stratotanker,88,464,0,False,mlat
7cf925,2026-09-27 05:14:54.540542,ASY753,A41-211,6111,32000,35.53212,139.892517,C-17A Globemaster,190,422,-32,False,adsb_icao
ae023c,2026-09-27 05:14:54.540547,UNK C/S,63-8888,6622,33000,49.7,-105.0,KC-135R Stratotanker,,,,False,mode_s
ae080b,2026-09-27 05:14:54.540551,RCH205,99-0165,3301,33000,25.6,51.4,C-17A Globemaster,,,,False,mode_s
ae07a9,2026-09-27 05:15:54.778699,UNK C/S,59-1515,3521,22125,33.366035,-115.666077,KC-135R Stratotanker,315,379,,False,adsb_icao
af3bca,2026-09-27 05:15:54.778709,HORSE60,19-46107,3770,12150,32.650578,-113.877892,KC-46A Pegasus,295,312,0,False,mlat
ae0812,2026-09-27 05:15:54.778713,RCH5039,00-0176,2117,34000,40.980167,-110.477455,C-17A Globemaster,266,410,0,False,adsb_icao
ae5f95,2026-09-27 05:15:54.778716,CABAL53,18-46042,1115,36000,51.883503,-108.395203,KC-46A Pegasus,323,491,-58,False,mlat
ae5e0b,2026-09-27 05:15:54.778719,CABAL52,17-46030,2454,36000,51.157806,-107.488029,KC-46A Pegasus,322,481,0,False,mlat
ae117c,2026-09-27 05:15:54.778722,BANNR67,02-1110,6634,31000,46.171581,-107.008621,C-17A Globemaster,102,513,,False,adsb_icao
ae20c6,2026-09-27 05:15:54.778726,RCH4180,07-7185,2053,26600,37.408836,-78.078575,C-17A Globemaster,75,462,-935,False,mlat
ae63c6,2026-09-27 05:15:54.778729,GOLD32,21-46090,3055,450,43.047829,-70.797302,KC-46A Pegasus,321,157,-848,False,mlat
ae63ba,2026-09-27 05:15:54.778731,RCH5064,20-46078,3530,33200,44.917816,-69.077881,KC-46A Pegasus,66,497,547,False,mlat
ae123b,2026-09-27 05:15:54.778733,MOOSE58,04-4130,2241,7200,49.542953,8.361216,C-17A Globemaster,249,270,-1150,False,mlat
ae20c2,2026-09-27 05:15:54.778735,MOOSE54,07-7181,2273,36000,48.054665,19.433193,C-17A Globemaster,313,418,0,False,mlat
ae062a,2026-09-27 05:15:54.778738,UNK C/S,58-0129,0745,26000,25.045092,55.53624,KC-135R Stratotanker,86,438,0,False,mlat
7cf925,2026-09-27 05:15:54.778743,ASY753,A41-211,6111,32000,35.415985,139.865692,C-17A Globemaster,190,421,-32,False,adsb_icao
ae023c,2026-09-27 05:15:54.778747,UNK C/S,63-8888,6622,33000,49.2,-104.8,KC-135R Stratotanker,,,,False,mode_s
ae080b,2026-09-27 05:15:54.778751,RCH205,99-0165,3301,33000,25.1,49.2,C-17A Globemaster,,,,False,mode_s
ae07a9,2026-09-27 05:16:55.014192,UNK C/S,59-1515,3521,22150,33.372742,-115.77533,KC-135R Stratotanker,237,350,,False,adsb_icao
af3bca,2026-09-27 05:16:55.014202,HORSE60,19-46107,3770,12150,32.625877,-113.941055,KC-46A Pegasus,183,334,94,False,mlat
ae0812,2026-09-27 05:16:55.014206,RCH5039,00-0176,2117,34000,40.973557,-110.627686,C-17A Globemaster,266,409,64,False,adsb_icao
ae5f95,2026-09-27 05:16:55.014209,CABAL53,18-46042,1115,36000,51.982162,-108.521149,KC-46A Pegasus,322,490,-39,False,mlat
ae5e0b,2026-09-27 05:16:55.014212,CABAL52,17-46030,2454,36000,51.275475,-107.634361,KC-46A Pegasus,322,472,27,False,mlat
ae117c,2026-09-27 05:16:55.014215,BANNR67,02-1110,6634,31000,46.140297,-106.80867,C-17A Globemaster,102,512,,False,adsb_icao
ae20c6,2026-09-27 05:16:55.014219,RCH4180,07-7185,2053,25425,37.479385,-77.949661,C-17A Globemaster,55,432,-1302,False,mlat
ae63c6,2026-09-27 05:16:55.014222,GOLD32,21-46090,3055,100,43.054333,-70.804077,KC-46A Pegasus,340,154,-826,False,mode_s
ae63ba,2026-09-27 05:16:55.014224,RCH5064,20-46078,3530,34075,44.974556,-68.898842,KC-46A Pegasus,66,483,754,False,mlat
ae123b,2026-09-27 05:16:55.014226,MOOSE58,04-4130,2241,6225,49.516075,8.259507,C-17A Globemaster,242,330,-954,False,mlat
ae20c2,2026-09-27 05:16:55.014229,MOOSE54,07-7181,2273,36000,48.128986,19.292953,C-17A Globemaster,305,422,-64,False,mlat
ae062a,2026-09-27 05:16:55.014231,UNK C/S,58-0129,0745,26000,25.053877,55.668919,KC-135R Stratotanker,88,459,0,False,mlat
7cf925,2026-09-27 05:16:55.014235,ASY753,A41-211,6111,32000,35.301453,139.839417,C-17A Globemaster,190,422,0,False,adsb_icao
ae023c,2026-09-27 05:16:55.014239,UNK C/S,63-8888,6622,33000,49.2,-104.8,KC-135R Stratotanker,,,,False,mode_s
ae0389,2026-09-27 05:16:55.014242,UNK C/S,62-3514,Unavailable,Unavailable,35.1,140.5,KC-135R Stratotanker,,,,False,mode_s
ae080b,2026-09-27 05:16:55.014245,RCH205,99-0165,3301,Unavailable,25.1,49.2,C-17A Globemaster,,,,False,mode_s
ae0143,2026-09-27 05:16:55.014248,UNK C/S,58-0035,1654,2350,47.5,-117.1,KC-135R Stratotanker,,,,False,mode_s
ae0143,2026-09-27 05:17:55.290764,UNK C/S,58-0035,1654,4275,47.594769,-117.731117,KC-135R Stratotanker,,,1582,False,mlat
ae07a9,2026-09-27 05:17:55.290773,UNK C/S,59-1515,3521,22150,33.287567,-115.824738,KC-135R Stratotanker,175,361,,False,adsb_icao
af3bca,2026-09-27 05:17:55.290778,HORSE60,19-46107,3770,12150,32.580441,-113.877243,KC-46A Pegasus,92,274,-53,False,mlat
ae0812,2026-09-27 05:17:55.290796,RCH5039,00-0176,2117,34000,40.966576,-110.778328,C-17A Globemaster,266,409,0,False,adsb_icao
ae5f95,2026-09-27 05:17:55.290801,CABAL53,18-46042,1115,36025,52.099655,-108.671608,KC-46A Pegasus,321,479,40,False,mlat
ae5e0b,2026-09-27 05:17:55.290805,CABAL52,17-46030,2454,36000,51.376877,-107.758591,KC-46A Pegasus,322,471,0,False,mlat
ae117c,2026-09-27 05:17:55.290810,BANNR67,02-1110,6634,31000,46.108337,-106.606636,C-17A Globemaster,102,517,,False,adsb_icao
ae20c6,2026-09-27 05:17:55.290815,RCH4180,07-7185,2053,24100,37.548363,-77.825584,C-17A Globemaster,55,424,-1369,False,mlat
ae63ba,2026-09-27 05:17:55.290817,RCH5064,20-46078,3530,34950,45.030605,-68.726501,KC-46A Pegasus,66,475,955,False,mlat
ae123b,2026-09-27 05:17:55.290820,MOOSE58,04-4130,2241,5600,49.48645,8.149851,C-17A Globemaster,248,278,-446,False,mlat
ae20c2,2026-09-27 05:17:55.290822,MOOSE54,07-7181,2273,36000,48.203568,19.136517,C-17A Globemaster,305,422,0,False,mlat
ae062a,2026-09-27 05:17:55.290824,UNK C/S,58-0129,0745,26000,25.057379,55.787205,KC-135R Stratotanker,87,452,0,False,mlat
7cf925,2026-09-27 05:17:55.290829,ASY753,A41-211,6111,32000,35.184677,139.812683,C-17A Globemaster,190,423,0,False,adsb_icao
ae023c,2026-09-27 05:17:55.290834,UNK C/S,63-8888,6622,33000,49.2,-104.8,KC-135R Stratotanker,,,,False,mode_s
ae080b,2026-09-27 05:17:55.290838,RCH205,99-0165,3301,Unavailable,25.1,49.2,C-17A Globemaster,,,,False,mode_s
ae0143,2026-09-27 05:18:55.532347,UNK C/S,58-0035,1654,7325,47.577309,-117.833061,KC-135R Stratotanker,274,274,4024,False,mlat
ae07a9,2026-09-27 05:18:55.532356,UNK C/S,59-1515,3521,22150,33.201599,-115.760193,KC-135R Stratotanker,140,376,,False,adsb_icao
af3bca,2026-09-27 05:18:55.532360,HORSE60,19-46107,3770,12175,32.538284,-113.818787,KC-46A Pegasus,168,318,0,False,mlat
ae0812,2026-09-27 05:18:55.532364,RCH5039,00-0176,2117,34000,40.959545,-110.928459,C-17A Globemaster,266,408,0,False,adsb_icao
ae5f95,2026-09-27 05:18:55.532367,CABAL53,18-46042,1115,36025,52.202244,-108.804695,KC-46A Pegasus,321,471,37,False,mlat
ae5e0b,2026-09-27 05:18:55.532370,CABAL52,17-46030,2454,36000,51.472065,-107.87706,KC-46A Pegasus,322,478,-72,False,mlat
ae117c,2026-09-27 05:18:55.532373,BANNR67,02-1110,6634,31000,46.076286,-106.406158,C-17A Globemaster,103,516,,False,adsb_icao
ae20c6,2026-09-27 05:18:55.532376,RCH4180,07-7185,2053,21975,37.615974,-77.706665,C-17A Globemaster,55,429,-2565,False,mlat
ae63ba,2026-09-27 05:18:55.532378,RCH5064,20-46078,3530,35000,45.08606,-68.552582,KC-46A Pegasus,65,489,0,False,mlat
ae07e4,2026-09-27 05:18:55.532381,MCFAMC,94-0070,Unavailable,29992,50.119801,-49.750729,C-17A Globemaster,267,,,False,adsc
ae123b,2026-09-27 05:18:55.532383,MOOSE58,04-4130,2241,4650,49.460842,8.05187,C-17A Globemaster,246,239,-1061,False,mlat
ae20c2,2026-09-27 05:18:55.532386,MOOSE54,07-7181,2273,36000,48.262161,19.000633,C-17A Globemaster,305,420,0,False,mlat
ae062a,2026-09-27 05:18:55.532389,UNK C/S,58-0129,0745,26000,25.06255,55.92387,KC-135R Stratotanker,88,450,0,False,mlat
7cf925,2026-09-27 05:18:55.532394,ASY753,A41-211,6111,32000,35.070499,139.786606,C-17A Globemaster,190,421,0,False,adsb_icao
ae023c,2026-09-27 05:18:55.532398,UNK C/S,63-8888,6622,33000,47.0,-103.7,KC-135R Stratotanker,,,,False,mode_s
ae080b,2026-09-27 05:18:55.532402,RCH205,99-0165,3301,Unavailable,25.1,49.2,C-17A Globemaster,,,,False,mode_s
ae0143,2026-09-27 05:19:55.762740,UNK C/S,58-0035,1654,10775,47.61956,-117.923042,KC-135R Stratotanker,309,282,3795,False,mlat
ae07a9,2026-09-27 05:19:55.762750,UNK C/S,59-1515,3521,22150,33.120621,-115.679718,KC-135R Stratotanker,140,379,,False,adsb_icao
af3bca,2026-09-27 05:19:55.762754,HORSE60,19-46107,3770,12150,32.470757,-113.812912,KC-46A Pegasus,167,261,-1,False,mlat
ae0812,2026-09-27 05:19:55.762757,RCH5039,00-0176,2117,34000,40.952271,-111.079895,C-17A Globemaster,266,407,0,False,adsb_icao
ae5f95,2026-09-27 05:19:55.762761,CABAL53,18-46042,1115,36000,52.307919,-108.942459,KC-46A Pegasus,321,481,31,False,mlat
ae5e0b,2026-09-27 05:19:55.762764,CABAL52,17-46030,2454,36025,51.585236,-108.018425,KC-46A Pegasus,321,478,75,False,mlat
ae117c,2026-09-27 05:19:55.762767,BANNR67,02-1110,6634,31000,46.043747,-106.204903,C-17A Globemaster,103,513,,False,adsb_icao
ae20c6,2026-09-27 05:19:55.762771,RCH4180,07-7185,2053,19925,37.680531,-77.587334,C-17A Globemaster,55,390,-2005,False,mlat
ae63ba,2026-09-27 05:19:55.762774,RCH5064,20-46078,3530,35000,45.143555,-68.37252,KC-46A Pegasus,65,486,60,False,mlat
ae07e4,2026-09-27 05:19:55.762777,MCFAMC,94-0070,Unavailable,29992,50.119801,-49.750729,C-17A Globemaster,267,,,False,adsc
ae123b,2026-09-27 05:19:55.762790,MOOSE58,04-4130,2241,3825,49.466644,7.967983,C-17A Globemaster,289,211,-715,False,mlat
ae20c2,2026-09-27 05:19:55.762792,MOOSE54,07-7181,2273,36000,48.336151,18.851667,C-17A Globemaster,305,420,0,False,mlat
ae062a,2026-09-27 05:19:55.762794,UNK C/S,58-0129,0745,26000,25.065363,56.035641,KC-135R Stratotanker,88,444,0,False,mlat
7cf925,2026-09-27 05:19:55.762799,ASY753,A41-211,6111,32000,34.953918,139.759995,C-17A Globemaster,190,422,0,False,adsb_icao
ae023c,2026-09-27 05:19:55.762804,UNK C/S,63-8888,6622,33000,50.4,-105.1,KC-135R Stratotanker,,,,False,mode_s
ae080b,2026-09-27 05:19:55.762807,RCH205,99-0165,3301,33000,25.1,49.2,C-17A Globemaster,,,,False,mode_s
ae0143,2026-09-27 05:20:56.223931,UNK C/S,58-0035,1654,13350,47.658894,-118.033043,KC-135R Stratotanker,300,323,2799,False,mlat
ae07a9,2026-09-27 05:20:56.223941,UNK C/S,59-1515,3521,22150,33.039505,-115.598915,KC-135R Stratotanker,139,381,,False,adsb_icao
af3bca,2026-09-27 05:20:56.223945,HORSE60,19-46107,3770,12150,32.394894,-113.828674,KC-46A Pegasus,192,245,-4,False,mlat
ae0812,2026-09-27 05:20:56.223949,RCH5039,00-0176,2117,34025,40.944855,-111.228821,C-17A Globemaster,266,410,0,False,adsb_icao
ae5f95,2026-09-27 05:20:56.223952,CABAL53,18-46042,1115,36000,52.41172,-109.07637,KC-46A Pegasus,321,477,-11,False,mlat
ae5e0b,2026-09-27 05:20:56.223955,CABAL52,17-46030,2454,36000,51.672565,-108.128128,KC-46A Pegasus,323,477,0,False,mlat
ae117c,2026-09-27 05:20:56.223958,BANNR67,02-1110,6634,31000,46.011066,-106.005775,C-17A Globemaster,103,514,,False,adsb_icao
ae20c6,2026-09-27 05:20:56.223962,RCH4180,07-7185,2053,17675,37.742832,-77.476181,C-17A Globemaster,55,388,-2284,False,mlat
ae63ba,2026-09-27 05:20:56.223964,RCH5064,20-46078,3530,35000,45.197498,-68.199219,KC-46A Pegasus,68,498,0,False,mlat
ae07e4,2026-09-27 05:20:56.223967,MCFAMC,94-0070,Unavailable,29992,50.119801,-49.750729,C-17A Globemaster,267,,,False,adsc
ae123b,2026-09-27 05:20:56.223970,MOOSE58,04-4130,2241,3750,49.459949,7.889424,C-17A Globemaster,263,147,-68,False,mlat
ae20c2,2026-09-27 05:20:56.223972,MOOSE54,07-7181,2273,36000,48.42498,18.71463,C-17A Globemaster,305,420,-32,False,mlat
ae062a,2026-09-27 05:20:56.223974,UNK C/S,58-0129,0745,26000,25.074669,56.204262,KC-135R Stratotanker,97,469,0,False,mlat
7cf925,2026-09-27 05:20:56.223978,ASY753,A41-211,6111,32000,34.845188,139.715881,C-17A Globemaster,203,410,-128,False,adsb_icao
ae023c,2026-09-27 05:20:56.223983,UNK C/S,63-8888,6622,33000,47.2,-104.1,KC-135R Stratotanker,,,,False,mode_s
ae080b,2026-09-27 05:20:56.223987,RCH205,99-0165,3301,33000,25.1,49.2,C-17A Globemaster,,,,False,mode_s
ae0143,2026-09-27 05:21:56.472492,UNK C/S,58-0035,1654,16750,47.703114,-118.146683,KC-135R Stratotanker,300,325,3499,False,mlat
ae07a9,2026-09-27 05:21:56.472501,UNK C/S,59-1515,3521,22150,32.960861,-115.512833,KC-135R Stratotanker,121,392,,False,adsb_icao
af3bca,2026-09-27 05:21:56.472506,HORSE60,19-46107,3770,12150,32.325443,-113.802635,KC-46A Pegasus,137,343,-23,False,mlat
ae0812,2026-09-27 05:21:56.472509,RCH5039,00-0176,2117,34025,40.937256,-111.378174,C-17A Globemaster,266,407,64,False,adsb_icao
ae5f95,2026-09-27 05:21:56.472512,CABAL53,18-46042,1115,36025,52.513981,-109.212471,KC-46A Pegasus,321,473,0,False,mlat
ae5e0b,2026-09-27 05:21:56.472515,CABAL52,17-46030,2454,36000,51.797497,-108.285057,KC-46A Pegasus,321,475,-56,False,mlat
ae117c,2026-09-27 05:21:56.472518,BANNR67,02-1110,6634,31000,45.977921,-105.805573,C-17A Globemaster,103,510,,False,adsb_icao
ae20c6,2026-09-27 05:21:56.472522,RCH4180,07-7185,2053,15650,37.802517,-77.368805,C-17A Globemaster,56,353,-2126,False,mlat
ae63ba,2026-09-27 05:21:56.472524,RCH5064,20-46078,3530,35000,45.255131,-68.014778,KC-46A Pegasus,67,505,-9,False,mlat
ae07e4,2026-09-27 05:21:56.472527,MCFAMC,94-0070,Unavailable,29996,49.953117,-50.193272,C-17A Globemaster,239,,,False,adsc
ae123b,2026-09-27 05:21:56.472529,MOOSE58,04-4130,2241,3225,49.454914,7.834724,C-17A Globemaster,258,125,-709,False,mlat
ae20c2,2026-09-27 05:21:56.472532,MOOSE54,07-7181,2273,36000,48.462559,18.583944,C-17A Globemaster,305,420,0,False,mlat
ae062a,2026-09-27 05:21:56.472534,UNK C/S,58-0129,0745,26000,25.0807,56.307674,KC-135R Stratotanker,78,424,0,False,mlat
7cf925,2026-09-27 05:21:56.472538,ASY753,A41-211,6111,32000,34.739777,139.660004,C-17A Globemaster,203,410,-64,False,adsb_icao
ae023c,2026-09-27 05:21:56.472543,UNK C/S,63-8888,6622,33000,47.2,-104.1,KC-135R Stratotanker,,,,False,mode_s
ae080b,2026-09-27 05:21:56.472547,RCH205,99-0165,3301,33000,25.1,49.2,C-17A Globemaster,,,,False,mode_s
ae20c8,2026-09-27 05:21:56.472550,RCH640,07-7187,3606,Unavailable,48.4,-52.8,C-17A Globemaster,,,,False,mode_s
ae0143,2026-09-27 05:22:56.780364,UNK C/S,58-0035,1654,19525,47.750832,-118.26873,KC-135R Stratotanker,300,342,2613,False,mlat
ae07a9,2026-09-27 05:22:56.780374,UNK C/S,59-1515,3521,22150,32.974136,-115.388474,KC-135R Stratotanker,47,409,,False,adsb_icao
af3bca,2026-09-27 05:22:56.780378,HORSE60,19-46107,3770,12150,32.259701,-113.809044,KC-46A Pegasus,211,250,-1,False,mlat
ae0812,2026-09-27 05:22:56.780382,RCH5039,00-0176,2117,34000,40.929382,-111.527893,C-17A Globemaster,266,402,64,False,adsb_icao
ae5f95,2026-09-27 05:22:56.780385,CABAL53,18-46042,1115,36000,52.617378,-109.349098,KC-46A Pegasus,322,487,0,False,mlat
ae5e0b,2026-09-27 05:22:56.780388,CABAL52,17-46030,2454,36000,51.895248,-108.41069,KC-46A Pegasus,321,481,-11,False,mlat
ae117c,2026-09-27 05:22:56.780391,BANNR67,02-1110,6634,31000,45.944504,-105.606483,C-17A Globemaster,103,511,,False,adsb_icao
ae20c6,2026-09-27 05:22:56.780395,RCH4180,07-7185,2053,13575,37.858158,-77.266609,C-17A Globemaster,56,358,-1960,False,mlat
ae63ba,2026-09-27 05:22:56.780398,RCH5064,20-46078,3530,35025,45.312733,-67.833603,KC-46A Pegasus,65,499,23,False,mlat
ae07e4,2026-09-27 05:22:56.780401,MCFAMC,94-0070,Unavailable,29996,49.953117,-50.193272,C-17A Globemaster,239,,,False,adsc
ae123b,2026-09-27 05:22:56.780403,MOOSE58,04-4130,2241,2600,49.450153,7.780829,C-17A Globemaster,267,113,-681,False,mlat
ae20c2,2026-09-27 05:22:56.780406,MOOSE54,07-7181,2273,36000,48.536804,18.425131,C-17A Globemaster,305,420,0,False,mlat
ae062a,2026-09-27 05:22:56.780408,UNK C/S,58-0129,0745,26000,25.082232,56.386562,KC-135R Stratotanker,84,456,0,False,mode_s
7cf925,2026-09-27 05:22:56.780413,ASY753,A41-211,6111,32000,34.634445,139.60405,C-17A Globemaster,203,409,-64,False,adsb_icao
ae023c,2026-09-27 05:22:56.780418,UNK C/S,63-8888,6622,33000,49.3,-100.0,KC-135R Stratotanker,,,,False,mode_s
ae080b,2026-09-27 05:22:56.780422,RCH205,99-0165,3301,33000,25.1,49.2,C-17A Globemaster,,,,False,mode_s
ae20c8,2026-09-27 05:22:56.780425,RCH640,07-7187,3606,33000,47.3,-54.3,C-17A Globemaster,,,,False,mode_s
ae0143,2026-09-27 05:23:57.017695,UNK C/S,58-0035,1654,22200,47.799892,-118.394608,KC-135R Stratotanker,300,364,2814,False,mlat
ae07a9,2026-09-27 05:23:57.017705,UNK C/S,59-1515,3521,22150,33.076813,-115.370071,KC-135R Stratotanker,331,387,,False,adsb_icao
af3bca,2026-09-27 05:23:57.017709,HORSE60,19-46107,3770,12150,32.255096,-113.877419,KC-46A Pegasus,305,271,-1,False,mlat
ae0812,2026-09-27 05:23:57.017713,RCH5039,00-0176,2117,34000,40.921558,-111.674904,C-17A Globemaster,265,400,0,False,adsb_icao
ae5f95,2026-09-27 05:23:57.017717,CABAL53,18-46042,1115,36025,52.724533,-109.492805,KC-46A Pegasus,320,488,0,False,mlat
ae5e0b,2026-09-27 05:23:57.017720,CABAL52,17-46030,2454,36000,51.991409,-108.534187,KC-46A Pegasus,321,481,8,False,mlat
ae117c,2026-09-27 05:23:57.017723,BANNR67,02-1110,6634,31000,45.910675,-105.407188,C-17A Globemaster,103,516,,False,adsb_icao
ae20c6,2026-09-27 05:23:57.017726,RCH4180,07-7185,2053,12950,37.920769,-77.168571,C-17A Globemaster,45,323,-175,False,mlat
ae63ba,2026-09-27 05:23:57.017729,RCH5064,20-46078,3530,35025,45.377728,-67.662933,KC-46A Pegasus,55,527,21,False,mlat
ae07e4,2026-09-27 05:23:57.017732,MCFAMC,94-0070,Unavailable,29996,49.953117,-50.193272,C-17A Globemaster,249,359,,False,mode_s
ae123b,2026-09-27 05:23:57.017734,MOOSE58,04-4130,2241,1925,49.446751,7.72941,C-17A Globemaster,266,118,-608,False,mlat
ae20c2,2026-09-27 05:23:57.017737,MOOSE54,07-7181,2273,36000,48.602364,18.282589,C-17A Globemaster,304,418,-64,False,mlat
ae062a,2026-09-27 05:23:57.017739,UNK C/S,58-0129,0745,24375,25.067511,56.567551,KC-135R Stratotanker,119,465,-1975,False,mlat
7cf925,2026-09-27 05:23:57.017743,ASY753,A41-211,6111,32000,34.529434,139.548447,C-17A Globemaster,203,412,0,False,adsb_icao
ae023c,2026-09-27 05:23:57.017748,UNK C/S,63-8888,6622,33000,47.2,-104.1,KC-135R Stratotanker,,,,False,mode_s
ae080b,2026-09-27 05:23:57.017752,RCH205,99-0165,3301,33000,25.1,49.2,C-17A Globemaster,,,,False,mode_s
ae20c8,2026-09-27 05:23:57.017755,RCH640,07-7187,3606,33000,47.3,-54.3,C-17A Globemaster,,,,False,mode_s
ae0143,2026-09-27 05:24:57.266222,UNK C/S,58-0035,1654,24750,47.849117,-118.527229,KC-135R Stratotanker,298,371,2024,False,mlat
ae07a9,2026-09-27 05:24:57.266232,UNK C/S,59-1515,3521,22150,33.155994,-115.455101,KC-135R Stratotanker,319,382,,False,adsb_icao
af3bca,2026-09-27 05:24:57.266236,HORSE60,19-46107,3770,12150,32.325241,-113.887642,KC-46A Pegasus,17,333,0,False,mlat
ae0812,2026-09-27 05:24:57.266240,RCH5039,00-0176,2117,34000,40.913597,-111.82103,C-17A Globemaster,265,400,0,False,adsb_icao
ae5f95,2026-09-27 05:24:57.266243,CABAL53,18-46042,1115,36000,52.82555,-109.627228,KC-46A Pegasus,321,489,0,False,mlat
ae5e0b,2026-09-27 05:24:57.266246,CABAL52,17-46030,2454,36000,52.106628,-108.682198,KC-46A Pegasus,322,471,-34,False,mlat
ae117c,2026-09-27 05:24:57.266248,BANNR67,02-1110,6634,31000,45.87616,-105.205879,C-17A Globemaster,103,516,,False,adsb_icao
ae20c6,2026-09-27 05:24:57.266252,RCH4180,07-7185,2053,11325,37.993092,-77.101768,C-17A Globemaster,52,351,-1694,False,mlat
ae63ba,2026-09-27 05:24:57.266255,RCH5064,20-46078,3530,35000,45.455765,-67.498917,KC-46A Pegasus,56,520,1,False,mlat
ae07e4,2026-09-27 05:24:57.266257,MCFAMC,94-0070,Unavailable,30000,49.831512,-50.695183,C-17A Globemaster,248,359,,False,adsb_icao
ae123b,2026-09-27 05:24:57.266260,MOOSE58,04-4130,2241,1325,49.441113,7.67685,C-17A Globemaster,266,114,-615,False,mlat
ae20c2,2026-09-27 05:24:57.266263,MOOSE54,07-7181,2273,36000,48.674858,18.132488,C-17A Globemaster,304,414,-64,False,mlat
ae062a,2026-09-27 05:24:57.266265,UNK C/S,58-0129,0745,22725,24.961449,56.737576,KC-135R Stratotanker,135,467,-1547,False,mlat
7cf925,2026-09-27 05:24:57.266270,ASY753,A41-211,6111,32000,34.423691,139.492676,C-17A Globemaster,203,412,-64,False,adsb_icao
ae023c,2026-09-27 05:24:57.266274,UNK C/S,63-8888,6622,33025,47.2,-104.1,KC-135R Stratotanker,,,,False,mode_s
ae080b,2026-09-27 05:24:57.266279,RCH205,99-0165,3301,Unavailable,25.1,49.2,C-17A Globemaster,,,,False,mode_s
ae20c8,2026-09-27 05:24:57.266282,RCH640,07-7187,3606,33000,47.3,-54.3,C-17A Globemaster,,,,False,mode_s
ae0143,2026-09-27 05:25:57.501596,UNK C/S,58-0035,1654,27175,47.901039,-118.662125,KC-135R Stratotanker,301,381,3038,False,mlat
ae07a9,2026-09-27 05:25:57.501605,UNK C/S,59-1515,3521,22150,33.237087,-115.536263,KC-135R Stratotanker,320,384,,False,adsb_icao
af3bca,2026-09-27 05:25:57.501610,HORSE60,19-46107,3770,12150,32.395519,-113.864304,KC-46A Pegasus,17,239,0,False,mlat
ae0812,2026-09-27 05:25:57.501613,RCH5039,00-0176,2117,34000,40.90535,-111.968506,C-17A Globemaster,265,403,0,False,adsb_icao
ae5f95,2026-09-27 05:25:57.501616,CABAL53,18-46042,1115,36000,52.932926,-109.77343,KC-46A Pegasus,320,471,0,False,mlat
ae5e0b,2026-09-27 05:25:57.501619,CABAL52,17-46030,2454,36000,52.21106,-108.817581,KC-46A Pegasus,321,480,0,False,mlat
ae117c,2026-09-27 05:25:57.501622,BANNR67,02-1110,6634,31000,45.841709,-105.008011,C-17A Globemaster,104,512,,False,adsb_icao
ae023c,2026-09-27 05:25:57.501624,UNK C/S,63-8888,6622,33000,48.035095,-101.996468,KC-135R Stratotanker,,,0,False,mlat
ae20c6,2026-09-27 05:25:57.501628,RCH4180,07-7185,2053,10375,38.025921,-77.006134,C-17A Globemaster,75,251,-735,False,mlat
ae63ba,2026-09-27 05:25:57.501630,RCH5064,20-46078,3530,35000,45.544075,-67.313934,KC-46A Pegasus,56,535,34,False,mlat
ae123b,2026-09-27 05:25:57.501633,MOOSE58,04-4130,2241,675,49.438164,7.623361,C-17A Globemaster,268,142,-665,False,mlat
ae20c2,2026-09-27 05:25:57.501635,MOOSE54,07-7181,2273,36000,48.735397,17.994419,C-17A Globemaster,304,414,-32,False,mlat
ae062a,2026-09-27 05:25:57.501637,UNK C/S,58-0129,0745,21025,24.900101,56.839657,KC-135R Stratotanker,124,439,-1820,False,mlat
7cf925,2026-09-27 05:25:57.501642,ASY753,A41-211,6111,32000,34.318771,139.437531,C-17A Globemaster,203,414,0,False,adsb_icao
ae080b,2026-09-27 05:25:57.501648,RCH205,99-0165,3301,Unavailable,25.1,49.2,C-17A Globemaster,,,,False,mode_s
ae20c8,2026-09-27 05:25:57.501651,RCH640,07-7187,3606,33000,47.3,-54.3,C-17A Globemaster,,,,False,mode_s
ae0143,2026-09-27 05:26:57.754374,UNK C/S,58-0035,1654,30125,47.95256,-118.800316,KC-135R Stratotanker,300,363,2557,False,mlat
ae07a9,2026-09-27 05:26:57.754383,UNK C/S,59-1515,3521,22150,33.319206,-115.618263,KC-135R Stratotanker,319,385,,False,adsb_icao
af3bca,2026-09-27 05:26:57.754388,HORSE60,19-46107,3770,12150,32.46368,-113.84156,KC-46A Pegasus,15,247,0,False,mlat
ae0812,2026-09-27 05:26:57.754391,RCH5039,00-0176,2117,34000,40.896931,-112.115044,C-17A Globemaster,265,406,0,False,adsb_icao
ae5f95,2026-09-27 05:26:57.754394,CABAL53,18-46042,1115,36000,53.037571,-109.914398,KC-46A Pegasus,321,484,0,False,mlat
ae5e0b,2026-09-27 05:26:57.754397,CABAL52,17-46030,2454,36000,52.30965,-108.94529,KC-46A Pegasus,321,475,0,False,mlat
ae117c,2026-09-27 05:26:57.754400,BANNR67,02-1110,6634,31000,45.807404,-104.81218,C-17A Globemaster,104,507,,False,adsb_icao
ae023c,2026-09-27 05:26:57.754403,UNK C/S,63-8888,6622,33000,48.029697,-101.76667,KC-135R Stratotanker,,,0,False,mlat
ae20c6,2026-09-27 05:26:57.754406,RCH4180,07-7185,2053,9700,38.05645,-76.914879,C-17A Globemaster,67,289,-687,False,mlat
ae63ba,2026-09-27 05:26:57.754409,RCH5064,20-46078,3530,35025,45.622517,-67.151749,KC-46A Pegasus,55,531,36,False,mlat
ae07e4,2026-09-27 05:26:57.754411,MCFAMC,94-0070,Unavailable,30000,49.759083,-50.986286,C-17A Globemaster,249,359,,False,adsb_icao
ae20c2,2026-09-27 05:26:57.754414,MOOSE54,07-7181,2273,36000,48.799614,17.853024,C-17A Globemaster,304,412,32,False,mlat
ae062a,2026-09-27 05:26:57.754417,UNK C/S,58-0129,0745,19250,24.83143,56.948193,KC-135R Stratotanker,129,403,-1760,False,mlat
7cf925,2026-09-27 05:26:57.754420,ASY753,A41-211,6111,32000,34.21312,139.382095,C-17A Globemaster,203,413,-32,False,adsb_icao
ae080b,2026-09-27 05:26:57.754424,RCH205,99-0165,3301,Unavailable,25.1,49.2,C-17A Globemaster,,,,False,mode_s
ae20c8,2026-09-27 05:26:57.754429,RCH640,07-7187,3606,33000,47.3,-54.3,C-17A Globemaster,,,,False,mode_s
ae0143,2026-09-27 05:27:57.983035,UNK C/S,58-0035,1654,31325,48.00333,-118.936592,KC-135R Stratotanker,299,398,893,False,mlat
ae07a9,2026-09-27 05:27:57.983045,UNK C/S,59-1515,3521,22150,33.385822,-115.713722,KC-135R Stratotanker,281,367,,False,adsb_icao
af3bca,2026-09-27 05:27:57.983050,HORSE60,19-46107,3770,12150,32.534435,-113.820534,KC-46A Pegasus,15,257,0,False,mlat
ae0812,2026-09-27 05:27:57.983054,RCH5039,00-0176,2117,34000,40.888042,-112.265671,C-17A Globemaster,265,407,0,False,adsb_icao
ae5f95,2026-09-27 05:27:57.983057,CABAL53,18-46042,1115,36000,53.142719,-110.059288,KC-46A Pegasus,321,482,-53,False,mlat
ae5e0b,2026-09-27 05:27:57.983060,CABAL52,17-46030,2454,36025,52.415302,-109.083664,KC-46A Pegasus,321,477,25,False,mlat
ae117c,2026-09-27 05:27:57.983063,BANNR67,02-1110,6634,31000,45.77272,-104.617035,C-17A Globemaster,104,506,,False,adsb_icao
ae023c,2026-09-27 05:27:57.983065,UNK C/S,63-8888,6622,33000,48.029209,-101.588593,KC-135R Stratotanker,,,0,False,mlat
ae20c6,2026-09-27 05:27:57.983068,RCH4180,07-7185,2053,9000,38.093536,-76.832115,C-17A Globemaster,41,233,-708,False,mlat
ae63ba,2026-09-27 05:27:57.983071,RCH5064,20-46078,3530,35000,45.704361,-66.976692,KC-46A Pegasus,56,519,-15,False,mlat
ae20c2,2026-09-27 05:27:57.983074,MOOSE54,07-7181,2273,36000,48.866657,17.702415,C-17A Globemaster,298,414,0,False,mlat
ae062a,2026-09-27 05:27:57.983077,UNK C/S,58-0129,0745,18500,24.771315,57.056129,KC-135R Stratotanker,121,388,-5,False,mlat
7cf925,2026-09-27 05:27:57.983081,ASY753,A41-211,6111,32000,34.106598,139.32637,C-17A Globemaster,203,414,0,False,adsb_icao
ae080b,2026-09-27 05:27:57.983085,RCH205,99-0165,3301,33000,24.7,54.8,C-17A Globemaster,,,,False,mode_s
ae07e4,2026-09-27 05:27:57.983088,MCFAMC,94-0070,Unavailable,Unavailable,48.4,-52.8,C-17A Globemaster,,,,False,mode_s
ae20c8,2026-09-27 05:27:57.983092,RCH640,07-7187,3606,33000,47.3,-54.3,C-17A Globemaster,,,,False,mode_s
ae0143,2026-09-27 05:28:58.305579,UNK C/S,58-0035,1654,33625,48.061859,-119.092834,KC-135R Stratotanker,299,405,1970,False,mlat
ae07a9,2026-09-27 05:28:58.305589,UNK C/S,59-1515,3521,22150,33.33992,-115.811592,KC-135R Stratotanker,211,356,,False,adsb_icao
af3bca,2026-09-27 05:28:58.305594,HORSE60,19-46107,3770,12150,32.600914,-113.810074,KC-46A Pegasus,345,255,0,False,mlat
ae0812,2026-09-27 05:28:58.305597,RCH5039,00-0176,2117,34000,40.87915,-112.414108,C-17A Globemaster,265,406,-64,False,adsb_icao
ae5f95,2026-09-27 05:28:58.305600,CABAL53,18-46042,1115,36025,53.241596,-110.197815,KC-46A Pegasus,320,484,75,False,mlat
ae5e0b,2026-09-27 05:28:58.305603,CABAL52,17-46030,2454,36000,52.518574,-109.220284,KC-46A Pegasus,321,481,0,False,mlat
ae117c,2026-09-27 05:28:58.305605,BANNR67,02-1110,6634,31000,45.737503,-104.420227,C-17A Globemaster,104,509,,False,adsb_icao
ae023c,2026-09-27 05:28:58.305608,UNK C/S,63-8888,6622,33000,48.024883,-101.384598,KC-135R Stratotanker,93,501,0,False,mlat
ae20c6,2026-09-27 05:28:58.305611,RCH4180,07-7185,2053,8300,38.166233,-76.833153,C-17A Globemaster,0,273,-670,False,mlat
ae63ba,2026-09-27 05:28:58.305614,RCH5064,20-46078,3530,35025,45.792225,-66.793037,KC-46A Pegasus,56,556,75,False,mlat
ae07e4,2026-09-27 05:28:58.305616,RCH308,94-0070,Unavailable,30000,49.683243,-51.288082,C-17A Globemaster,248,361,,False,adsb_icao
ae20c2,2026-09-27 05:28:58.305619,MOOSE54,07-7181,2273,36000,48.917553,17.552805,C-17A Globemaster,296,414,-64,False,mlat
ae062a,2026-09-27 05:28:58.305621,UNK C/S,58-0129,0745,18500,24.713371,57.14819,KC-135R Stratotanker,123,371,0,False,mlat
7cf925,2026-09-27 05:28:58.305625,ASY753,A41-211,6111,32000,34.000359,139.270996,C-17A Globemaster,203,415,-64,False,adsb_icao
ae080b,2026-09-27 05:28:58.305630,RCH205,99-0165,3301,33000,25.1,49.2,C-17A Globemaster,,,,False,mode_s
ae20c8,2026-09-27 05:28:58.305635,RCH640,07-7187,3606,33000,47.6,-51.6,C-17A Globemaster,,,,False,mode_s
ae0143,2026-09-27 05:29:58.622084,UNK C/S,58-0035,1654,33950,48.115192,-119.237572,KC-135R Stratotanker,300,427,192,False,mlat
ae07a9,2026-09-27 05:29:58.622094,UNK C/S,59-1515,3521,22150,33.244164,-115.802628,KC-135R Stratotanker,142,378,,False,adsb_icao
af3bca,2026-09-27 05:29:58.622099,HORSE60,19-46107,3770,12175,32.646835,-113.869179,KC-46A Pegasus,292,250,-7,False,mlat
ae0812,2026-09-27 05:29:58.622103,RCH5039,00-0176,2117,34000,40.869873,-112.564941,C-17A Globemaster,265,408,0,False,adsb_icao
ae5f95,2026-09-27 05:29:58.622106,CABAL53,18-46042,1115,36000,53.344734,-110.340393,KC-46A Pegasus,321,490,0,False,mlat
ae5e0b,2026-09-27 05:29:58.622108,CABAL52,17-46030,2454,36000,52.62162,-109.355347,KC-46A Pegasus,321,478,17,False,mlat
ae117c,2026-09-27 05:29:58.622111,BANNR67,02-1110,6634,31000,45.70182,-104.22345,C-17A Globemaster,104,506,,False,adsb_icao
ae023c,2026-09-27 05:29:58.622113,UNK C/S,63-8888,6622,33000,48.023296,-101.167053,KC-135R Stratotanker,93,501,0,False,mlat
ae20c6,2026-09-27 05:29:58.622117,RCH4180,07-7185,2053,7400,38.238102,-76.838875,C-17A Globemaster,358,273,-1441,False,mlat
ae63ba,2026-09-27 05:29:58.622119,RCH5064,20-46078,3530,35000,45.871822,-66.622276,KC-46A Pegasus,56,537,0,False,mlat
ae07e4,2026-09-27 05:29:58.622121,RCH308,94-0070,Unavailable,30000,49.636459,-51.472031,C-17A Globemaster,248,363,,False,adsb_icao
ae20c2,2026-09-27 05:29:58.622125,MOOSE54,07-7181,2273,36000,48.967209,17.403515,C-17A Globemaster,296,412,-32,False,mlat
ae062a,2026-09-27 05:29:58.622127,UNK C/S,58-0129,0745,18500,24.666576,57.225971,KC-135R Stratotanker,125,370,0,False,mlat
7cf925,2026-09-27 05:29:58.622131,ASY753,A41-211,6111,32000,33.893646,139.215439,C-17A Globemaster,203,413,0,False,adsb_icao
ae080b,2026-09-27 05:29:58.622135,RCH205,99-0165,3301,33000,24.7,54.8,C-17A Globemaster,,,,False,mode_s
ae025d,2026-09-27 05:29:58.622233,UNK C/S,58-0092,1523,3475,47.3,-116.9,KC-135R Stratotanker,,,,False,mode_s
ae07a1,2026-09-27 05:29:58.622236,UNK C/S,58-0099,Unavailable,Unavailable,30.2,34.1,KC-135R Stratotanker,,,,False,mode_s
ae20c8,2026-09-27 05:29:58.622240,RCH640,07-7187,3606,33000,47.6,-51.6,C-17A Globemaster,,,,False,mode_s
ae0143,2026-09-27 05:30:58.894259,UNK C/S,58-0035,1654,34000,48.172909,-119.391922,KC-135R Stratotanker,298,411,0,False,mlat
ae025d,2026-09-27 05:30:58.894268,UNK C/S,58-0092,1523,5350,47.585995,-117.773109,KC-135R Stratotanker,258,244,1908,False,mlat
ae07a9,2026-09-27 05:30:58.894272,UNK C/S,59-1515,3521,22150,33.162884,-115.721573,KC-135R Stratotanker,140,381,,False,adsb_icao
af3bca,2026-09-27 05:30:58.894276,HORSE60,19-46107,3770,12150,32.650639,-113.949265,KC-46A Pegasus,257,249,0,False,mlat
ae0812,2026-09-27 05:30:58.894280,RCH5039,00-0176,2117,34000,40.860622,-112.712738,C-17A Globemaster,265,407,0,False,adsb_icao
ae5f95,2026-09-27 05:30:58.894282,CABAL53,18-46042,1115,36000,53.448662,-110.485413,KC-46A Pegasus,320,463,-76,False,mlat
ae5e0b,2026-09-27 05:30:58.894284,CABAL52,17-46030,2454,36000,52.727131,-109.497215,KC-46A Pegasus,321,470,0,False,mlat
ae117c,2026-09-27 05:30:58.894287,BANNR67,02-1110,6634,31000,45.666443,-104.030983,C-17A Globemaster,104,507,,False,adsb_icao
ae023c,2026-09-27 05:30:58.894289,UNK C/S,63-8888,6622,33000,48.018112,-100.952484,KC-135R Stratotanker,88,543,0,False,mlat
ae20c6,2026-09-27 05:30:58.894292,RCH4180,07-7185,2053,6200,38.311344,-76.845619,C-17A Globemaster,356,258,-1203,False,mlat
ae63ba,2026-09-27 05:30:58.894295,RCH5064,20-46078,3530,35000,45.952839,-66.447769,KC-46A Pegasus,56,540,-63,False,mlat
ae07e4,2026-09-27 05:30:58.894298,RCH308,94-0070,Unavailable,30000,49.616638,-51.549442,C-17A Globemaster,248,366,,False,adsb_icao
ae20c2,2026-09-27 05:30:58.894301,MOOSE54,07-7181,2273,36000,49.021854,17.236038,C-17A Globemaster,292,416,32,False,mlat
ae062a,2026-09-27 05:30:58.894304,UNK C/S,58-0129,0745,18500,24.642002,57.28027,KC-135R Stratotanker,119,376,0,False,mlat
7cf925,2026-09-27 05:30:58.894308,ASY753,A41-211,6111,32000,33.787846,139.160553,C-17A Globemaster,203,415,-96,False,adsb_icao
ae080b,2026-09-27 05:30:58.894313,RCH205,99-0165,3301,31975,24.7,54.8,C-17A Globemaster,,,,False,mode_s
ae07a1,2026-09-27 05:30:58.894316,UNK C/S,58-0099,6504,11300,31.0,34.3,KC-135R Stratotanker,8,356,2880,False,mode_s
ae20c8,2026-09-27 05:30:58.894320,RCH640,07-7187,3606,33000,47.6,-51.6,C-17A Globemaster,,,,False,mode_s
ae0143,2026-09-27 05:31:59.186881,UNK C/S,58-0035,1654,34000,48.226913,-119.539307,KC-135R Stratotanker,297,409,0,False,mlat
ae025d,2026-09-27 05:31:59.186890,UNK C/S,58-0092,1523,8525,47.615128,-117.871429,KC-135R Stratotanker,314,293,3356,False,mlat
ae07a9,2026-09-27 05:31:59.186894,UNK C/S,59-1515,3521,22150,33.080292,-115.639511,KC-135R Stratotanker,140,384,,False,adsb_icao
af3bca,2026-09-27 05:31:59.186899,HORSE60,19-46107,3770,12150,32.616817,-114.01651,KC-46A Pegasus,222,253,0,False,mlat
ae0812,2026-09-27 05:31:59.186902,RCH5039,00-0176,2117,34000,40.851032,-112.863174,C-17A Globemaster,265,408,0,False,adsb_icao
ae5f95,2026-09-27 05:31:59.186904,CABAL53,18-46042,1115,36000,53.555897,-110.625603,KC-46A Pegasus,322,482,-75,False,mlat
ae5e0b,2026-09-27 05:31:59.186907,CABAL52,17-46030,2454,36000,52.826351,-109.631371,KC-46A Pegasus,321,482,78,False,mlat
ae117c,2026-09-27 05:31:59.186910,BANNR67,02-1110,6634,31000,45.630432,-103.836273,C-17A Globemaster,104,504,,False,adsb_icao
ae023c,2026-09-27 05:31:59.186912,UNK C/S,63-8888,6622,32950,48.017296,-100.869843,KC-135R Stratotanker,87,517,0,False,mode_s
ae20c6,2026-09-27 05:31:59.186916,RCH4180,07-7185,2053,5025,38.382034,-76.851822,C-17A Globemaster,359,246,-1170,False,mlat
ae63ba,2026-09-27 05:31:59.186919,RCH5064,20-46078,3530,35025,46.034603,-66.270859,KC-46A Pegasus,55,526,75,False,mlat
ae07e4,2026-09-27 05:31:59.186922,RCH308,94-0070,Unavailable,30000,49.561752,-51.762878,C-17A Globemaster,248,366,,False,adsb_icao
ae20c2,2026-09-27 05:31:59.186925,MOOSE54,07-7181,2273,36000,49.061768,17.084986,C-17A Globemaster,291,412,0,False,mlat
7cf925,2026-09-27 05:31:59.186929,ASY753,A41-211,6111,32000,33.681057,139.105331,C-17A Globemaster,203,417,64,False,adsb_icao
ae080b,2026-09-27 05:31:59.186933,RCH205,99-0165,3301,30075,24.7,54.8,C-17A Globemaster,,,,False,mode_s
ae07a1,2026-09-27 05:31:59.186936,UNK C/S,58-0099,6504,13400,31.5,34.3,KC-135R Stratotanker,10,370,2016,False,mode_s
ae20c8,2026-09-27 05:31:59.186940,RCH640,07-7187,3606,33000,47.6,-51.6,C-17A Globemaster,,,,False,mode_s
ae0143,2026-09-27 05:32:59.439492,UNK C/S,58-0035,1654,34000,48.283394,-119.694534,KC-135R Stratotanker,299,421,53,False,mlat
ae025d,2026-09-27 05:32:59.439501,UNK C/S,58-0092,1523,12025,47.649879,-117.96933,KC-135R Stratotanker,293,276,2649,False,mlat
ae07a9,2026-09-27 05:32:59.439505,UNK C/S,59-1515,3521,22150,32.998398,-115.557823,KC-135R Stratotanker,140,386,,False,adsb_icao
af3bca,2026-09-27 05:32:59.439510,HORSE60,19-46107,3770,12150,32.55862,-114.051392,KC-46A Pegasus,188,259,0,False,mlat
ae0812,2026-09-27 05:32:59.439513,RCH5039,00-0176,2117,34000,40.841396,-113.011429,C-17A Globemaster,265,408,0,False,adsb_icao
ae5f95,2026-09-27 05:32:59.439516,CABAL53,18-46042,1115,36025,53.651569,-110.785538,KC-46A Pegasus,320,492,78,False,mlat
ae5e0b,2026-09-27 05:32:59.439519,CABAL52,17-46030,2454,36000,52.931767,-109.774445,KC-46A Pegasus,321,485,76,False,mlat
ae117c,2026-09-27 05:32:59.439522,BANNR67,02-1110,6634,31000,45.594799,-103.646255,C-17A Globemaster,104,488,,False,adsb_icao
ae023c,2026-09-27 05:32:59.439524,UNK C/S,63-8888,6622,32125,48.009369,-100.486183,KC-135R Stratotanker,95,485,-1335,False,mlat
ae20c6,2026-09-27 05:32:59.439528,RCH4180,07-7185,2053,3725,38.451073,-76.857986,C-17A Globemaster,355,241,-1363,False,mlat
ae63ba,2026-09-27 05:32:59.439531,RCH5064,20-46078,3530,35000,46.117359,-66.090034,KC-46A Pegasus,55,528,0,False,mlat
ae07e4,2026-09-27 05:32:59.439534,RCH308,94-0070,0711,30000,49.524216,-51.907581,C-17A Globemaster,248,368,0,False,adsb_icao
ae20c2,2026-09-27 05:32:59.439537,MOOSE54,07-7181,2273,36000,49.104099,16.927637,C-17A Globemaster,291,412,-32,False,mlat
7cf925,2026-09-27 05:32:59.439541,ASY753,A41-211,6111,32000,33.574036,139.050095,C-17A Globemaster,203,418,64,False,adsb_icao
ae080b,2026-09-27 05:32:59.439545,RCH205,99-0165,3301,28600,24.7,54.8,C-17A Globemaster,,,,False,mode_s
ae07a1,2026-09-27 05:32:59.439548,UNK C/S,58-0099,6504,15350,31.8,34.2,KC-135R Stratotanker,10,378,1728,False,mode_s
ae20c8,2026-09-27 05:32:59.439552,RCH640,07-7187,3606,33000,47.6,-51.6,C-17A Globemaster,,,,False,mode_s
ae0143,2026-09-27 05:33:59.669577,UNK C/S,58-0035,1654,34000,48.342499,-119.857277,KC-135R Stratotanker,298,445,0,False,mlat
ae025d,2026-09-27 05:33:59.669586,UNK C/S,58-0092,1523,14450,47.688046,-118.091621,KC-135R Stratotanker,295,335,3282,False,mlat
ae07a9,2026-09-27 05:33:59.669590,UNK C/S,59-1515,3521,22150,32.949207,-115.447304,KC-135R Stratotanker,85,409,,False,adsb_icao
af3bca,2026-09-27 05:33:59.669594,HORSE60,19-46107,3770,12150,32.492306,-114.044716,KC-46A Pegasus,158,254,0,False,mlat
ae0812,2026-09-27 05:33:59.669597,RCH5039,00-0176,2117,34000,40.831432,-113.16124,C-17A Globemaster,264,411,0,False,adsb_icao
ae5f95,2026-09-27 05:33:59.669600,CABAL53,18-46042,1115,36025,53.753555,-110.916946,KC-46A Pegasus,319,484,78,False,mlat
ae5e0b,2026-09-27 05:33:59.669603,CABAL52,17-46030,2454,36025,53.026775,-109.904221,KC-46A Pegasus,320,483,-31,False,mlat
ae117c,2026-09-27 05:33:59.669606,BANNR67,02-1110,6634,31000,45.55928,-103.458321,C-17A Globemaster,105,489,,False,adsb_icao
ae023c,2026-09-27 05:33:59.669608,UNK C/S,63-8888,6622,30050,48.004974,-100.280388,KC-135R Stratotanker,91,469,-2310,False,mlat
ae20c6,2026-09-27 05:33:59.669612,RCH4180,07-7185,2053,2575,38.511349,-76.86335,C-17A Globemaster,354,214,-827,False,mlat
ae63ba,2026-09-27 05:33:59.669615,RCH5064,20-46078,3530,35025,46.195358,-65.918495,KC-46A Pegasus,57,533,-21,False,mlat
ae07e4,2026-09-27 05:33:59.669617,RCH308,94-0070,0711,30000,49.488647,-52.054741,C-17A Globemaster,252,366,0,False,adsb_icao
ae20c2,2026-09-27 05:33:59.669620,MOOSE54,07-7181,2273,36000,49.143646,16.772436,C-17A Globemaster,291,412,96,False,mlat
7cf925,2026-09-27 05:33:59.669624,ASY753,A41-211,6111,32000,33.466324,138.994629,C-17A Globemaster,203,421,-96,False,adsb_icao
ae080b,2026-09-27 05:33:59.669628,RCH205,99-0165,3301,27125,24.7,54.8,C-17A Globemaster,,,,False,mode_s
ae07a1,2026-09-27 05:33:59.669632,UNK C/S,58-0099,6504,16975,31.7,34.4,KC-135R Stratotanker,17,396,1696,False,mode_s
ae20c8,2026-09-27 05:33:59.669636,RCH640,07-7187,3606,33000,47.6,-51.6,C-17A Globemaster,,,,False,mode_s
ae0143,2026-09-27 05:34:59.914686,UNK C/S,58-0035,1654,33975,48.396618,-120.009766,KC-135R Stratotanker,292,391,-30,False,mlat
ae025d,2026-09-27 05:34:59.914696,UNK C/S,58-0092,1523,17775,47.727322,-118.218857,KC-135R Stratotanker,294,339,3089,False,mlat
ae07a9,2026-09-27 05:34:59.914700,UNK C/S,59-1515,3521,22150,33.022064,-115.354691,KC-135R Stratotanker,12,405,,False,adsb_icao
af3bca,2026-09-27 05:34:59.914704,HORSE60,19-46107,3770,12150,32.437279,-114.005516,KC-46A Pegasus,145,209,0,False,mlat
ae0812,2026-09-27 05:34:59.914707,RCH5039,00-0176,2117,34000,40.821259,-113.311157,C-17A Globemaster,264,413,0,False,adsb_icao
ae5f95,2026-09-27 05:34:59.914709,CABAL53,18-46042,1115,36000,53.860046,-111.063133,KC-46A Pegasus,323,491,-2,False,mlat
ae5e0b,2026-09-27 05:34:59.914712,CABAL52,17-46030,2454,36000,53.134045,-110.050064,KC-46A Pegasus,320,477,0,False,mlat
ae117c,2026-09-27 05:34:59.914715,BANNR67,02-1110,6634,31000,45.523773,-103.272202,C-17A Globemaster,105,480,,False,adsb_icao
ae023c,2026-09-27 05:34:59.914717,UNK C/S,63-8888,6622,27600,48.003956,-100.229988,KC-135R Stratotanker,91,470,-2921,False,mlat
ae20c6,2026-09-27 05:34:59.914721,RCH4180,07-7185,2053,2550,38.565845,-76.868233,C-17A Globemaster,353,180,0,False,mlat
ae63ba,2026-09-27 05:34:59.914723,RCH5064,20-46078,3530,35025,46.275448,-65.743301,KC-46A Pegasus,54,533,0,False,mlat
ae07e4,2026-09-27 05:34:59.914726,RCH308,94-0070,0711,30000,49.457844,-52.203617,C-17A Globemaster,252,369,,False,adsb_icao
ae20c2,2026-09-27 05:34:59.914729,MOOSE54,07-7181,2273,36000,49.191334,16.588057,C-17A Globemaster,291,414,32,False,mlat
7cf925,2026-09-27 05:34:59.914733,ASY753,A41-211,6111,32000,33.359528,138.939804,C-17A Globemaster,203,417,-32,False,adsb_icao
ae080b,2026-09-27 05:34:59.914737,RCH205,99-0165,3301,26975,25.6,51.4,C-17A Globemaster,,,,False,mode_s
ae07a1,2026-09-27 05:34:59.914740,UNK C/S,58-0099,6504,18550,31.6,34.5,KC-135R Stratotanker,23,410,1664,False,mode_s
ae20c8,2026-09-27 05:34:59.914744,RCH640,07-7187,3606,33000,48.4,-52.8,C-17A Globemaster,,,,False,mode_s
ae0143,2026-09-27 05:36:00.150568,UNK C/S,58-0035,1654,34000,48.453163,-120.167595,KC-135R Stratotanker,320,639,57,False,mlat
ae025d,2026-09-27 05:36:00.150577,UNK C/S,58-0092,1523,20500,47.766472,-118.345505,KC-135R Stratotanker,294,353,2546,False,mlat
ae07a9,2026-09-27 05:36:00.150582,UNK C/S,59-1515,3521,22150,33.114655,-115.40818,KC-135R Stratotanker,311,378,,False,adsb_icao
af3bca,2026-09-27 05:36:00.150586,HORSE60,19-46107,3770,12150,32.382427,-113.96743,KC-46A Pegasus,147,235,0,False,mlat
ae0812,2026-09-27 05:36:00.150589,RCH5039,00-0176,2117,34000,40.81081,-113.461678,C-17A Globemaster,264,409,0,False,adsb_icao
ae5f95,2026-09-27 05:36:00.150592,CABAL53,18-46042,1115,36000,53.964436,-111.217026,KC-46A Pegasus,316,473,0,False,mlat
ae5e0b,2026-09-27 05:36:00.150595,CABAL52,17-46030,2454,36025,53.23518,-110.188316,KC-46A Pegasus,321,488,30,False,mlat
ae117c,2026-09-27 05:36:00.150598,BANNR67,02-1110,6634,31000,45.488205,-103.087921,C-17A Globemaster,105,488,,False,adsb_icao
ae023c,2026-09-27 05:36:00.150600,UNK C/S,63-8888,6622,25575,48.003098,-99.956688,KC-135R Stratotanker,,,-2160,False,mlat
ae20c6,2026-09-27 05:36:00.150603,RCH4180,07-7185,2053,2250,38.618599,-76.870041,C-17A Globemaster,2,197,-734,False,mlat
ae63ba,2026-09-27 05:36:00.150606,RCH5064,20-46078,3530,35025,46.35664,-65.56179,KC-46A Pegasus,58,533,70,False,mlat
ae07e4,2026-09-27 05:36:00.150608,RCH308,94-0070,0711,30000,49.426231,-52.35643,C-17A Globemaster,252,370,-32,False,adsb_icao
ae20c2,2026-09-27 05:36:00.150611,MOOSE54,07-7181,2273,36000,49.235119,16.418516,C-17A Globemaster,291,412,-128,False,mlat
ae07a1,2026-09-27 05:36:00.150614,UNK C/S,58-0099,6504,19025,30.752562,35.264793,KC-135R Stratotanker,30,414,32,False,mlat
7cf925,2026-09-27 05:36:00.150617,ASY753,A41-211,6111,32000,33.25177,138.884705,C-17A Globemaster,203,419,-32,False,adsb_icao
ae080b,2026-09-27 05:36:00.150621,RCH205,99-0165,3301,26975,24.7,54.8,C-17A Globemaster,,,,False,mode_s
ae20c8,2026-09-27 05:36:00.150625,RCH640,07-7187,3606,33000,47.6,-51.6,C-17A Globemaster,,,,False,mode_s
ae0143,2026-09-27 05:37:00.376091,UNK C/S,58-0035,1654,33975,48.506557,-120.316162,KC-135R Stratotanker,297,413,-7,False,mlat
ae025d,2026-09-27 05:37:00.376099,UNK C/S,58-0092,1523,23075,47.803036,-118.465416,KC-135R Stratotanker,294,362,2575,False,mlat
ae07a9,2026-09-27 05:37:00.376103,UNK C/S,59-1515,3521,22150,33.193634,-115.492622,KC-135R Stratotanker,319,386,,False,adsb_icao
af3bca,2026-09-27 05:37:00.376108,HORSE60,19-46107,3770,12150,32.325226,-113.925255,KC-46A Pegasus,148,254,0,False,mlat
ae0812,2026-09-27 05:37:00.376111,RCH5039,00-0176,2117,34025,40.800156,-113.612305,C-17A Globemaster,264,409,0,False,adsb_icao
ae5f95,2026-09-27 05:37:00.376113,CABAL53,18-46042,1115,36000,54.064762,-111.361938,KC-46A Pegasus,319,478,0,False,mlat
ae5e0b,2026-09-27 05:37:00.376116,CABAL52,17-46030,2454,36000,53.335739,-110.314133,KC-46A Pegasus,325,475,-38,False,mlat
ae117c,2026-09-27 05:37:00.376119,BANNR67,02-1110,6634,30975,45.451904,-102.900696,C-17A Globemaster,104,489,,False,adsb_icao
ae023c,2026-09-27 05:37:00.376121,UNK C/S,63-8888,6622,23200,48.003761,-99.826225,KC-135R Stratotanker,,,-1761,False,mlat
ae20c6,2026-09-27 05:37:00.376125,RCH4180,07-7185,2053,2100,38.669395,-76.869904,C-17A Globemaster,359,162,189,False,mlat
ae63ba,2026-09-27 05:37:00.376128,RCH5064,20-46078,3530,35025,46.431656,-65.395927,KC-46A Pegasus,57,519,76,False,mlat
ae07e4,2026-09-27 05:37:00.376131,RCH308,94-0070,0711,30000,49.407753,-52.444828,C-17A Globemaster,252,371,-32,False,adsb_icao
ae20c2,2026-09-27 05:37:00.376134,MOOSE54,07-7181,2273,36000,49.273376,16.267794,C-17A Globemaster,291,414,0,False,mlat
ae07a1,2026-09-27 05:37:00.376136,UNK C/S,58-0099,6504,19050,30.813314,35.383312,KC-135R Stratotanker,56,398,-256,False,mlat
7cf925,2026-09-27 05:37:00.376139,ASY753,A41-211,6111,32000,33.145569,138.83049,C-17A Globemaster,203,416,-64,False,adsb_icao
ae080b,2026-09-27 05:37:00.376143,RCH205,99-0165,3301,27000,24.7,54.8,C-17A Globemaster,,,,False,mode_s
ae20c8,2026-09-27 05:37:00.376147,RCH640,07-7187,3606,33000,47.6,-51.6,C-17A Globemaster,,,,False,mode_s
ae0143,2026-09-27 05:38:00.619827,UNK C/S,58-0035,1654,34000,48.562012,-120.476151,KC-135R Stratotanker,297,419,26,False,mlat
ae025d,2026-09-27 05:38:00.619836,UNK C/S,58-0092,1523,25575,47.851727,-118.624153,KC-135R Stratotanker,294,371,2423,False,mlat
ae07a9,2026-09-27 05:38:00.619840,UNK C/S,59-1515,3521,22150,33.277039,-115.575951,KC-135R Stratotanker,320,387,,False,adsb_icao
af3bca,2026-09-27 05:38:00.619844,HORSE60,19-46107,3770,12150,32.283878,-113.861107,KC-46A Pegasus,109,247,0,False,mlat
ae0812,2026-09-27 05:38:00.619847,RCH5039,00-0176,2117,34000,40.789444,-113.76178,C-17A Globemaster,264,407,0,False,adsb_icao
ae5f95,2026-09-27 05:38:00.619850,CABAL53,18-46042,1115,36025,54.158791,-111.513412,KC-46A Pegasus,315,471,76,False,mlat
ae5e0b,2026-09-27 05:38:00.619852,CABAL52,17-46030,2454,36000,53.434612,-110.467827,KC-46A Pegasus,320,475,60,False,mlat
ae117c,2026-09-27 05:38:00.619855,BANNR67,02-1110,6634,31000,45.424324,-102.710915,C-17A Globemaster,101,486,,False,adsb_icao
ae023c,2026-09-27 05:38:00.619858,UNK C/S,63-8888,6622,20950,47.996033,-99.550278,KC-135R Stratotanker,88,425,-2103,False,mlat
ae20c6,2026-09-27 05:38:00.619862,RCH4180,07-7185,2053,2025,38.711044,-76.870865,C-17A Globemaster,358,143,-75,False,mlat
ae63ba,2026-09-27 05:38:00.619864,RCH5064,20-46078,3530,35000,46.50943,-65.220757,KC-46A Pegasus,57,529,11,False,mlat
ae07e4,2026-09-27 05:38:00.619867,RCH308,94-0070,0711,29075,49.366924,-52.637234,C-17A Globemaster,252,354,32,False,adsb_icao
ae20c2,2026-09-27 05:38:00.619870,MOOSE54,07-7181,2273,36000,49.317173,16.095585,C-17A Globemaster,291,410,-32,False,mlat
ae07a1,2026-09-27 05:38:00.619872,UNK C/S,58-0099,6504,19025,30.851414,35.506744,KC-135R Stratotanker,91,406,64,False,mlat
7cf925,2026-09-27 05:38:00.619876,ASY753,A41-211,6111,32000,33.037891,138.77565,C-17A Globemaster,203,417,0,False,adsb_icao
ae080b,2026-09-27 05:38:00.619880,RCH205,99-0165,3301,25875,24.7,54.8,C-17A Globemaster,,,,False,mode_s
ae20c8,2026-09-27 05:38:00.619884,RCH640,07-7187,3606,33000,48.4,-52.8,C-17A Globemaster,,,,False,mode_s
ae0143,2026-09-27 05:39:00.878286,UNK C/S,58-0035,1654,34000,48.6189,-120.635979,KC-135R Stratotanker,299,428,75,False,mlat
ae025d,2026-09-27 05:39:00.878297,UNK C/S,58-0092,1523,27750,47.894253,-118.764565,KC-135R Stratotanker,294,388,1921,False,mlat
ae07a9,2026-09-27 05:39:00.878301,UNK C/S,59-1515,3521,22150,33.359474,-115.658569,KC-135R Stratotanker,319,387,,False,adsb_icao
ae0812,2026-09-27 05:39:00.878306,RCH5039,00-0176,2117,34000,40.778599,-113.910431,C-17A Globemaster,264,411,,False,adsb_icao
af3bca,2026-09-27 05:39:00.878309,HORSE60,19-46107,3770,12150,32.278915,-113.77729,KC-46A Pegasus,79,258,0,False,mlat
ae5f95,2026-09-27 05:39:00.878311,CABAL53,18-46042,1115,36000,54.272038,-111.654015,KC-46A Pegasus,321,481,-1,False,mlat
ae5e0b,2026-09-27 05:39:00.878314,CABAL52,17-46030,2454,36000,53.544041,-110.619041,KC-46A Pegasus,321,475,0,False,mlat
ae117c,2026-09-27 05:39:00.878318,BANNR67,02-1110,6634,31000,45.396252,-102.523476,C-17A Globemaster,102,490,,False,adsb_icao
ae023c,2026-09-27 05:39:00.878320,UNK C/S,63-8888,6622,18725,48.000263,-99.386551,KC-135R Stratotanker,90,403,-2339,False,mlat
ae20c6,2026-09-27 05:39:00.878323,RCH4180,07-7185,2053,1350,38.740238,-76.870544,C-17A Globemaster,357,115,-404,False,mlat
ae63ba,2026-09-27 05:39:00.878326,RCH5064,20-46078,3530,35000,46.596809,-65.025383,KC-46A Pegasus,57,521,-14,False,mlat
ae07e4,2026-09-27 05:39:00.878328,RCH308,94-0070,0711,27450,49.348938,-52.721909,C-17A Globemaster,252,371,,False,adsb_icao
ae20c2,2026-09-27 05:39:00.878331,MOOSE54,07-7181,2273,36000,49.357971,15.937086,C-17A Globemaster,290,412,0,False,mlat
ae07a1,2026-09-27 05:39:00.878333,UNK C/S,58-0099,6504,19025,30.856329,35.638943,KC-135R Stratotanker,82,420,-192,False,mlat
7cf925,2026-09-27 05:39:00.878337,ASY753,A41-211,6111,32000,32.930447,138.721054,C-17A Globemaster,203,422,0,False,adsb_icao
ae080b,2026-09-27 05:39:00.878341,RCH205,99-0165,3301,21850,25.1,49.2,C-17A Globemaster,,,,False,mode_s
ae20c8,2026-09-27 05:39:00.878345,RCH640,07-7187,3606,33000,47.6,-51.6,C-17A Globemaster,,,,False,mode_s
ae0143,2026-09-27 05:40:01.135849,UNK C/S,58-0035,1654,33975,48.671211,-120.787712,KC-135R Stratotanker,298,432,-57,False,mlat
ae025d,2026-09-27 05:40:01.135859,UNK C/S,58-0092,1523,29775,47.936871,-118.904945,KC-135R Stratotanker,295,395,2037,False,mlat
ae07a9,2026-09-27 05:40:01.135863,UNK C/S,59-1515,3521,22150,33.377014,-115.769257,KC-135R Stratotanker,242,356,,False,adsb_icao
ae0812,2026-09-27 05:40:01.135867,RCH5039,00-0176,2117,34000,40.767426,-114.060432,C-17A Globemaster,264,411,,False,adsb_icao
af3bca,2026-09-27 05:40:01.135870,HORSE60,19-46107,3770,12150,32.319683,-113.708359,KC-46A Pegasus,37,275,0,False,mlat
ae5f95,2026-09-27 05:40:01.135873,CABAL53,18-46042,1115,36025,54.368843,-111.813293,KC-46A Pegasus,320,467,40,False,mlat
ae5e0b,2026-09-27 05:40:01.135875,CABAL52,17-46030,2454,36000,53.632011,-110.749672,KC-46A Pegasus,319,476,0,False,mlat
ae117c,2026-09-27 05:40:01.135878,BANNR67,02-1110,6634,31000,45.367722,-102.33287,C-17A Globemaster,102,492,,False,adsb_icao
ae023c,2026-09-27 05:40:01.135881,UNK C/S,63-8888,6622,16725,47.995296,-99.215408,KC-135R Stratotanker,89,388,-2090,False,mlat
ae20c6,2026-09-27 05:40:01.135884,RCH4180,07-7185,2053,925,38.771614,-76.870537,C-17A Globemaster,357,112,-524,False,mlat
ae63ba,2026-09-27 05:40:01.135887,RCH5064,20-46078,3530,35000,46.673271,-64.850212,KC-46A Pegasus,57,535,12,False,mlat
ae07e4,2026-09-27 05:40:01.135889,RCH308,94-0070,0711,24175,49.309387,-52.906181,C-17A Globemaster,251,383,-2912,False,adsb_icao
ae20c2,2026-09-27 05:40:01.135893,MOOSE54,07-7181,2273,36000,49.398201,15.778382,C-17A Globemaster,290,412,-64,False,mlat
ae07a1,2026-09-27 05:40:01.135895,UNK C/S,58-0099,6504,19025,30.879902,35.724041,KC-135R Stratotanker,82,402,32,False,mlat
7cf925,2026-09-27 05:40:01.135898,ASY753,A41-211,6111,32000,32.821564,138.666016,C-17A Globemaster,203,424,64,False,adsb_icao
ae080b,2026-09-27 05:40:01.135902,RCH205,99-0165,3301,Unavailable,25.1,49.2,C-17A Globemaster,,,,False,mode_s
ae20c8,2026-09-27 05:40:01.135907,RCH640,07-7187,3606,33000,47.6,-51.6,C-17A Globemaster,,,,False,mode_s
ae04dc,2026-09-27 05:40:01.135909,UNK C/S,57-1461,Unavailable,21000,31.7,36.4,KC-135R Stratotanker,262,428,0,False,mode_s
ae0143,2026-09-27 05:41:01.395816,UNK C/S,58-0035,1654,34000,48.724522,-120.944054,KC-135R Stratotanker,298,427,-17,False,mlat
ae025d,2026-09-27 05:41:01.395825,UNK C/S,58-0092,1523,31550,47.982334,-119.057564,KC-135R Stratotanker,294,402,1429,False,mlat
ae07a9,2026-09-27 05:41:01.395828,UNK C/S,59-1515,3521,22150,33.293835,-115.825104,KC-135R Stratotanker,179,365,,False,adsb_icao
ae0812,2026-09-27 05:41:01.395832,RCH5039,00-0176,2117,34000,40.756027,-114.210876,C-17A Globemaster,264,412,,False,adsb_icao
af3bca,2026-09-27 05:41:01.395835,HORSE60,19-46107,3770,12150,32.363907,-113.69873,KC-46A Pegasus,5,274,0,False,mlat
ae5f95,2026-09-27 05:41:01.395838,CABAL53,18-46042,1115,36000,54.461975,-111.950081,KC-46A Pegasus,319,482,0,False,mlat
ae5e0b,2026-09-27 05:41:01.395840,CABAL52,17-46030,2454,36025,53.739429,-110.894348,KC-46A Pegasus,322,466,-4,False,mlat
ae117c,2026-09-27 05:41:01.395844,BANNR67,02-1110,6634,31000,45.338806,-102.142708,C-17A Globemaster,102,492,,False,adsb_icao
ae023c,2026-09-27 05:41:01.395846,UNK C/S,63-8888,6622,14775,47.999603,-99.069038,KC-135R Stratotanker,91,381,-2025,False,mlat
ae20c6,2026-09-27 05:41:01.395849,RCH4180,07-7185,2053,450,38.794861,-76.872559,C-17A Globemaster,359,118,-600,False,mlat
ae63ba,2026-09-27 05:41:01.395852,RCH5064,20-46078,3530,35025,46.752602,-64.666893,KC-46A Pegasus,58,538,54,False,mlat
ae20c2,2026-09-27 05:41:01.395855,MOOSE54,07-7181,2273,36000,49.437294,15.618129,C-17A Globemaster,290,414,0,False,mlat
ae07a1,2026-09-27 05:41:01.395857,UNK C/S,58-0099,6504,19025,30.872585,35.908401,KC-135R Stratotanker,82,386,32,False,mlat
7cf925,2026-09-27 05:41:01.395861,ASY753,A41-211,6111,32000,32.713165,138.611206,C-17A Globemaster,203,426,0,False,adsb_icao
ae080b,2026-09-27 05:41:01.395865,RCH205,99-0165,3301,Unavailable,24.8,49.2,C-17A Globemaster,,,,False,mode_s
ae20c3,2026-09-27 05:41:01.395869,UNK C/S,07-7182,Unavailable,Unavailable,49.3,17.2,C-17A Globemaster,,,,False,mode_s
ae20c8,2026-09-27 05:41:01.395872,RCH640,07-7187,3606,33000,47.6,-51.6,C-17A Globemaster,,,,False,mode_s
ae04dc,2026-09-27 05:41:01.395874,UNK C/S,57-1461,3425,21000,31.6,35.8,KC-135R Stratotanker,262,428,32,False,mode_s
ae0143,2026-09-27 05:42:01.654877,UNK C/S,58-0035,1654,34000,48.785831,-121.117126,KC-135R Stratotanker,300,441,0,False,mlat
ae025d,2026-09-27 05:42:01.654885,UNK C/S,58-0092,1523,33125,48.028893,-119.213776,KC-135R Stratotanker,294,407,1827,False,mlat
ae07a9,2026-09-27 05:42:01.654890,UNK C/S,59-1515,3521,22150,33.2052,-115.763222,KC-135R Stratotanker,140,381,,False,adsb_icao
ae0812,2026-09-27 05:42:01.654894,RCH5039,00-0176,2117,34000,40.7444,-114.361145,C-17A Globemaster,264,413,,False,adsb_icao
af3bca,2026-09-27 05:42:01.654897,HORSE60,19-46107,3770,12150,32.442493,-113.695892,KC-46A Pegasus,340,265,0,False,mlat
ae5f95,2026-09-27 05:42:01.654899,CABAL53,18-46042,1115,36025,54.545799,-112.084091,KC-46A Pegasus,318,477,0,False,mlat
ae5e0b,2026-09-27 05:42:01.654902,CABAL52,17-46030,2454,36000,53.840538,-111.045555,KC-46A Pegasus,317,479,52,False,mlat
ae117c,2026-09-27 05:42:01.654905,BANNR67,02-1110,6634,31000,45.30957,-101.952591,C-17A Globemaster,102,492,,False,adsb_icao
ae023c,2026-09-27 05:42:01.654907,UNK C/S,63-8888,6622,13200,47.995277,-98.902718,KC-135R Stratotanker,90,362,,False,mlat
ae63ba,2026-09-27 05:42:01.654912,RCH5064,20-46078,3530,35000,46.831081,-64.48468,KC-46A Pegasus,58,529,0,False,mlat
ae07e4,2026-09-27 05:42:01.654914,RCH308,94-0070,0711,18725,49.24128,-53.220448,C-17A Globemaster,251,356,,False,adsb_icao
ae20c2,2026-09-27 05:42:01.654918,MOOSE54,07-7181,2273,36000,49.480743,15.439354,C-17A Globemaster,290,412,0,False,mlat
ae07a1,2026-09-27 05:42:01.654920,UNK C/S,58-0099,6504,19025,30.859337,36.04464,KC-135R Stratotanker,82,376,-32,False,mlat
7cf925,2026-09-27 05:42:01.654924,ASY753,A41-211,6111,32000,32.60408,138.556274,C-17A Globemaster,203,423,32,False,adsb_icao
ae20c8,2026-09-27 05:42:01.654929,RCH640,07-7187,3606,33000,47.6,-51.6,C-17A Globemaster,,,,False,mode_s
ae0143,2026-09-27 05:43:01.912650,UNK C/S,58-0035,1654,34000,48.840202,-121.280579,KC-135R Stratotanker,297,444,0,False,mlat
ae025d,2026-09-27 05:43:01.912659,UNK C/S,58-0092,1523,34175,48.074501,-119.367592,KC-135R Stratotanker,295,424,526,False,mlat
ae07a9,2026-09-27 05:43:01.912664,UNK C/S,59-1515,3521,22150,33.123779,-115.682243,KC-135R Stratotanker,140,381,,False,adsb_icao
ae0812,2026-09-27 05:43:01.912667,RCH5039,00-0176,2117,34000,40.73259,-114.511719,C-17A Globemaster,264,413,,False,adsb_icao
af3bca,2026-09-27 05:43:01.912671,HORSE60,19-46107,3770,12150,32.515446,-113.739273,KC-46A Pegasus,332,266,0,False,mlat
ae5f95,2026-09-27 05:43:01.912673,CABAL53,18-46042,1115,36000,54.640926,-112.223633,KC-46A Pegasus,317,456,3,False,mlat
ae5e0b,2026-09-27 05:43:01.912675,CABAL52,17-46030,2454,36000,53.934803,-111.177429,KC-46A Pegasus,321,484,-25,False,mlat
ae117c,2026-09-27 05:43:01.912678,BANNR67,02-1110,6634,31000,45.280197,-101.764282,C-17A Globemaster,102,487,,False,adsb_icao
ae023c,2026-09-27 05:43:01.912681,UNK C/S,63-8888,6622,12525,47.988548,-98.771805,KC-135R Stratotanker,93,303,-700,False,mlat
ae63ba,2026-09-27 05:43:01.912685,RCH5064,20-46078,3530,35000,46.914185,-64.293488,KC-46A Pegasus,58,539,-1,False,mlat
ae20c2,2026-09-27 05:43:01.912688,MOOSE54,07-7181,2273,36000,49.517815,15.28818,C-17A Globemaster,290,414,-32,False,mlat
ae07a1,2026-09-27 05:43:01.912691,UNK C/S,58-0099,6504,19025,30.93865,36.10107,KC-135R Stratotanker,82,382,0,False,mlat
7cf925,2026-09-27 05:43:01.912695,ASY753,A41-211,6111,32000,32.49509,138.501556,C-17A Globemaster,203,427,0,False,adsb_icao
ae080b,2026-09-27 05:43:01.912700,RCH205,99-0165,3301,Unavailable,25.6,51.4,C-17A Globemaster,,,,False,mode_s
ae20c8,2026-09-27 05:43:01.912704,RCH640,07-7187,3606,33000,47.6,-51.6,C-17A Globemaster,,,,False,mode_s
ae0143,2026-09-27 05:44:02.201909,UNK C/S,58-0035,1654,33975,48.894741,-121.441193,KC-135R Stratotanker,298,429,-23,False,mlat
ae025d,2026-09-27 05:44:02.201918,UNK C/S,58-0092,1523,35025,48.123234,-119.533623,KC-135R Stratotanker,294,439,930,False,mlat
ae07a9,2026-09-27 05:44:02.201922,UNK C/S,59-1515,3521,22150,33.041428,-115.60051,KC-135R Stratotanker,139,384,,False,adsb_icao
ae0812,2026-09-27 05:44:02.201926,RCH5039,00-0176,2117,34000,40.720592,-114.662247,C-17A Globemaster,264,413,,False,adsb_icao
af3bca,2026-09-27 05:44:02.201929,HORSE60,19-46107,3770,12150,32.578674,-113.785027,KC-46A Pegasus,326,235,-1,False,mlat
ae5f95,2026-09-27 05:44:02.201931,CABAL53,18-46042,1115,36000,54.759151,-112.400658,KC-46A Pegasus,320,467,-8,False,mlat
ae5e0b,2026-09-27 05:44:02.201934,CABAL52,17-46030,2454,36000,54.027191,-111.313934,KC-46A Pegasus,329,533,-18,False,mlat
ae117c,2026-09-27 05:44:02.201937,BANNR67,02-1110,6634,31000,45.250359,-101.575104,C-17A Globemaster,102,492,,False,adsb_icao
ae63ba,2026-09-27 05:44:02.201941,RCH5064,20-46078,3530,35000,46.989079,-64.118462,KC-46A Pegasus,59,537,65,False,mlat
ae20c2,2026-09-27 05:44:02.201944,MOOSE54,07-7181,2273,36000,49.561394,15.10845,C-17A Globemaster,290,414,-32,False,mlat
ae07a1,2026-09-27 05:44:02.201946,UNK C/S,58-0099,6504,19025,30.897959,36.303719,KC-135R Stratotanker,82,388,64,False,mlat
7cf925,2026-09-27 05:44:02.201950,ASY753,A41-211,6111,32000,32.392776,138.434052,C-17A Globemaster,219,415,-32,False,adsb_icao
ae023c,2026-09-27 05:44:02.201955,UNK C/S,63-8888,6622,11125,48.2,-97.3,KC-135R Stratotanker,,,,False,mode_s
ae20c8,2026-09-27 05:44:02.201959,RCH640,07-7187,3606,Unavailable,48.4,-52.8,C-17A Globemaster,,,,False,mode_s
ae0143,2026-09-27 05:45:02.454111,UNK C/S,58-0035,1654,33975,48.951653,-121.606018,KC-135R Stratotanker,299,437,75,False,mlat
ae025d,2026-09-27 05:45:02.454120,UNK C/S,58-0092,1523,37125,48.171116,-119.699318,KC-135R Stratotanker,294,415,3548,False,mlat
ae07a9,2026-09-27 05:45:02.454124,UNK C/S,59-1515,3521,22125,32.961777,-115.514267,KC-135R Stratotanker,123,393,,False,adsb_icao
ae0812,2026-09-27 05:45:02.454127,RCH5039,00-0176,2117,34000,40.708488,-114.812126,C-17A Globemaster,263,410,,False,adsb_icao
af3bca,2026-09-27 05:45:02.454131,HORSE60,19-46107,3770,12175,32.627785,-113.829971,KC-46A Pegasus,311,262,59,False,mlat
ae5e0b,2026-09-27 05:45:02.454134,CABAL52,17-46030,2454,36000,54.111256,-111.438202,KC-46A Pegasus,311,448,-16,False,mlat
ae117c,2026-09-27 05:45:02.454138,BANNR67,02-1110,6634,30975,45.220566,-101.387596,C-17A Globemaster,102,485,,False,adsb_icao
ae63ba,2026-09-27 05:45:02.454142,RCH5064,20-46078,3530,35000,47.067383,-63.934586,KC-46A Pegasus,59,533,-4,False,mlat
ae20c2,2026-09-27 05:45:02.454145,MOOSE54,07-7181,2273,36000,49.600151,14.949262,C-17A Globemaster,290,414,-32,False,mlat
ae07a1,2026-09-27 05:45:02.454147,UNK C/S,58-0099,6504,19025,30.94463,36.390717,KC-135R Stratotanker,82,394,0,False,mlat
7cf925,2026-09-27 05:45:02.454151,ASY753,A41-211,6111,32000,32.303574,138.347809,C-17A Globemaster,219,418,-96,False,adsb_icao
ae023c,2026-09-27 05:45:02.454155,UNK C/S,63-8888,6622,9800,47.8,-97.6,KC-135R Stratotanker,,,,False,mode_s
ae5f95,2026-09-27 05:45:02.454158,CABAL53,18-46042,1115,36000,54.0,-113.5,KC-46A Pegasus,,,,False,mode_s
ae080b,2026-09-27 05:45:02.454162,RCH205,99-0165,3301,6725,25.4,54.3,C-17A Globemaster,,,,False,mode_s
ae0143,2026-09-27 05:46:02.720485,UNK C/S,58-0035,1654,33975,49.007618,-121.770973,KC-135R Stratotanker,297,441,-14,False,mlat
ae025d,2026-09-27 05:46:02.720494,UNK C/S,58-0092,1523,37900,48.216537,-119.855019,KC-135R Stratotanker,293,409,703,False,mlat
ae07a9,2026-09-27 05:46:02.720498,UNK C/S,59-1515,3521,22150,32.973541,-115.389626,KC-135R Stratotanker,49,409,,False,adsb_icao
ae0812,2026-09-27 05:46:02.720502,RCH5039,00-0176,2117,34000,40.686813,-114.958618,C-17A Globemaster,253,408,,False,adsb_icao
af3bca,2026-09-27 05:46:02.720505,HORSE60,19-46107,3770,12150,32.65184,-113.90683,KC-46A Pegasus,275,244,0,False,mlat
ae5e0b,2026-09-27 05:46:02.720508,CABAL52,17-46030,2454,36000,54.236916,-111.619919,KC-46A Pegasus,318,465,13,False,mlat
ae117c,2026-09-27 05:46:02.720511,BANNR67,02-1110,6634,31000,45.190166,-101.199425,C-17A Globemaster,102,490,,False,adsb_icao
ae63ba,2026-09-27 05:46:02.720515,RCH5064,20-46078,3530,35025,47.142841,-63.756184,KC-46A Pegasus,58,548,13,False,mlat
ae20c2,2026-09-27 05:46:02.720518,MOOSE54,07-7181,2273,36000,49.639137,14.774807,C-17A Globemaster,290,412,-64,False,mlat
ae07a1,2026-09-27 05:46:02.720521,UNK C/S,58-0099,6504,19025,30.958595,36.514469,KC-135R Stratotanker,82,398,0,False,mlat
7cf925,2026-09-27 05:46:02.720524,ASY753,A41-211,6111,32000,32.212784,138.260132,C-17A Globemaster,219,417,0,False,adsb_icao
ae023c,2026-09-27 05:46:02.720529,UNK C/S,63-8888,6622,8850,47.8,-97.5,KC-135R Stratotanker,,,,False,mode_s
ae5f95,2026-09-27 05:46:02.720531,CABAL53,18-46042,1115,36000,53.8,-113.6,KC-46A Pegasus,,,,False,mode_s
ae080b,2026-09-27 05:46:02.720535,RCH205,99-0165,3301,5225,25.6,51.4,C-17A Globemaster,,,,False,mode_s
ae0143,2026-09-27 05:47:02.956776,UNK C/S,58-0035,1654,34000,49.063141,-121.936996,KC-135R Stratotanker,297,447,26,False,mlat
ae025d,2026-09-27 05:47:02.956800,UNK C/S,58-0092,1523,37975,48.262882,-120.014854,KC-135R Stratotanker,294,423,-6,False,mlat
ae07a9,2026-09-27 05:47:02.956805,UNK C/S,59-1515,3521,22150,33.075459,-115.370514,KC-135R Stratotanker,332,386,,False,adsb_icao
ae0812,2026-09-27 05:47:02.956810,RCH5039,00-0176,2117,34000,40.654675,-115.102509,C-17A Globemaster,253,408,,False,adsb_icao
af3bca,2026-09-27 05:47:02.956814,HORSE60,19-46107,3770,12150,32.639881,-113.982948,KC-46A Pegasus,242,237,36,False,mlat
ae5e0b,2026-09-27 05:47:02.956817,CABAL52,17-46030,2454,36025,54.341976,-111.776405,KC-46A Pegasus,319,472,91,False,mlat
ae117c,2026-09-27 05:47:02.956820,BANNR67,02-1110,6634,31000,45.159622,-101.012161,C-17A Globemaster,103,487,,False,adsb_icao
ae63ba,2026-09-27 05:47:02.956825,RCH5064,20-46078,3530,35000,47.226807,-63.555546,KC-46A Pegasus,58,541,-73,False,mlat
ae20c2,2026-09-27 05:47:02.956827,MOOSE54,07-7181,2273,36000,49.679436,14.616734,C-17A Globemaster,289,410,-64,False,mlat
ae07a1,2026-09-27 05:47:02.956830,UNK C/S,58-0099,6504,19025,30.965738,36.578236,KC-135R Stratotanker,82,402,0,False,mlat
7cf925,2026-09-27 05:47:02.956833,ASY753,A41-211,6111,32000,32.123184,138.173309,C-17A Globemaster,219,417,-32,False,adsb_icao
ae023c,2026-09-27 05:47:02.956838,UNK C/S,63-8888,6622,Unavailable,47.2,-97.6,KC-135R Stratotanker,,,,False,mode_s
ae5f95,2026-09-27 05:47:02.956840,CABAL53,18-46042,1115,36000,54.4,-113.5,KC-46A Pegasus,,,,False,mode_s
ae080b,2026-09-27 05:47:02.956844,RCH205,99-0165,3301,5075,25.6,51.4,C-17A Globemaster,,,,False,mode_s
ae0143,2026-09-27 05:48:03.240719,UNK C/S,58-0035,1654,34000,49.119148,-122.1091,KC-135R Stratotanker,290,496,0,False,mlat
ae025d,2026-09-27 05:48:03.240728,UNK C/S,58-0092,1523,38000,48.307701,-120.176186,KC-135R Stratotanker,291,418,0,False,mlat
ae07a9,2026-09-27 05:48:03.240733,UNK C/S,59-1515,3521,22150,33.154221,-115.453453,KC-135R Stratotanker,319,380,,False,adsb_icao
ae0812,2026-09-27 05:48:03.240736,RCH5039,00-0176,2117,34000,40.622452,-115.245544,C-17A Globemaster,253,408,,False,adsb_icao
af3bca,2026-09-27 05:48:03.240739,HORSE60,19-46107,3770,12150,32.592358,-114.038818,KC-46A Pegasus,208,241,0,False,mlat
ae5e0b,2026-09-27 05:48:03.240742,CABAL52,17-46030,2454,36025,54.443039,-111.918083,KC-46A Pegasus,320,464,15,False,mlat
ae117c,2026-09-27 05:48:03.240745,BANNR67,02-1110,6634,31000,45.128769,-100.824806,C-17A Globemaster,103,487,,False,adsb_icao
ae63ba,2026-09-27 05:48:03.240749,RCH5064,20-46078,3530,35000,47.308342,-63.358944,KC-46A Pegasus,58,550,0,False,mlat
ae20c2,2026-09-27 05:48:03.240752,MOOSE54,07-7181,2273,36000,49.715488,14.465745,C-17A Globemaster,289,412,32,False,mlat
7cf925,2026-09-27 05:48:03.240759,ASY753,A41-211,6111,32000,32.03413,138.086655,C-17A Globemaster,219,416,32,False,adsb_icao
ae07a1,2026-09-27 05:48:03.240762,UNK C/S,58-0099,6504,19025,32.1,36.8,KC-135R Stratotanker,81,404,64,False,mode_s
ae023c,2026-09-27 05:48:03.240766,UNK C/S,63-8888,6622,Unavailable,47.9,-98.6,KC-135R Stratotanker,,,,False,mode_s
ae5f95,2026-09-27 05:48:03.240769,CABAL53,18-46042,1115,36000,54.1,-113.6,KC-46A Pegasus,,,,False,mode_s
ae080b,2026-09-27 05:48:03.240772,RCH205,99-0165,3301,4575,25.6,51.4,C-17A Globemaster,,,,False,mode_s
ae0143,2026-09-27 05:49:03.477901,UNK C/S,58-0035,1654,34000,49.173027,-122.274414,KC-135R Stratotanker,296,438,0,False,mlat
ae025d,2026-09-27 05:49:03.477910,UNK C/S,58-0092,1523,38000,48.352688,-120.339043,KC-135R Stratotanker,292,431,0,False,mlat
ae07a9,2026-09-27 05:49:03.477914,UNK C/S,59-1515,3521,22125,33.235382,-115.534592,KC-135R Stratotanker,320,384,,False,adsb_icao
ae0812,2026-09-27 05:49:03.477917,RCH5039,00-0176,2117,34000,40.590042,-115.389282,C-17A Globemaster,253,408,,False,adsb_icao
af3bca,2026-09-27 05:49:03.477920,HORSE60,19-46107,3770,12150,32.528816,-114.056122,KC-46A Pegasus,177,245,0,False,mlat
ae5e0b,2026-09-27 05:49:03.477923,CABAL52,17-46030,2454,36000,54.509407,-112.02903,KC-46A Pegasus,319,468,-9,False,mlat
ae117c,2026-09-27 05:49:03.477926,BANNR67,02-1110,6634,31000,45.097855,-100.638855,C-17A Globemaster,103,488,,False,adsb_icao
ae63ba,2026-09-27 05:49:03.477930,RCH5064,20-46078,3530,35025,47.37384,-63.200096,KC-46A Pegasus,59,547,-4,False,mlat
ae20c2,2026-09-27 05:49:03.477933,MOOSE54,07-7181,2273,36000,49.756535,14.291161,C-17A Globemaster,289,412,-32,False,mlat
7cf925,2026-09-27 05:49:03.477936,ASY753,A41-211,6111,32000,31.944378,137.999329,C-17A Globemaster,219,416,-32,False,adsb_icao
ae5e12,2026-09-27 05:49:03.477939,UNK C/S,17-46037,3276,2000,24.9,49.6,KC-46A Pegasus,,,,False,mode_s
ae07a1,2026-09-27 05:49:03.477942,UNK C/S,58-0099,6504,19575,31.9,36.5,KC-135R Stratotanker,101,400,1216,False,mode_s
ae023c,2026-09-27 05:49:03.477946,UNK C/S,63-8888,6622,5375,49.1,-99.9,KC-135R Stratotanker,,,,False,mode_s
ae5f95,2026-09-27 05:49:03.477949,CABAL53,18-46042,1115,36000,53.8,-113.7,KC-46A Pegasus,,,,False,mode_s
ae080b,2026-09-27 05:49:03.477952,RCH205,99-0165,3301,3650,25.7,51.8,C-17A Globemaster,,,,False,mode_s
ae0143,2026-09-27 05:50:03.725472,UNK C/S,58-0035,1654,34000,49.22768,-122.442612,KC-135R Stratotanker,298,428,35,False,mlat
ae025d,2026-09-27 05:50:03.725481,UNK C/S,58-0092,1523,38000,48.397953,-120.506187,KC-135R Stratotanker,293,434,0,False,mlat
ae07a9,2026-09-27 05:50:03.725485,UNK C/S,59-1515,3521,22150,33.318192,-115.617264,KC-135R Stratotanker,319,385,,False,adsb_icao
ae0812,2026-09-27 05:50:03.725489,RCH5039,00-0176,2117,34000,40.557861,-115.531616,C-17A Globemaster,253,407,,False,adsb_icao
af3bca,2026-09-27 05:50:03.725492,HORSE60,19-46107,3770,12150,32.469616,-114.030716,KC-46A Pegasus,146,246,2,False,mlat
ae5f95,2026-09-27 05:50:03.725495,CABAL53,18-46042,1115,36000,55.361027,-113.309921,KC-46A Pegasus,,,19,False,mlat
ae5e0b,2026-09-27 05:50:03.725498,CABAL52,17-46030,2454,36025,54.618412,-112.190727,KC-46A Pegasus,319,462,-21,False,mlat
ae117c,2026-09-27 05:50:03.725501,BANNR67,02-1110,6634,31000,45.066151,-100.450943,C-17A Globemaster,103,488,,False,adsb_icao
ae20c2,2026-09-27 05:50:03.725506,MOOSE54,07-7181,2273,36000,49.797977,14.117256,C-17A Globemaster,289,412,-64,False,mlat
ae07a1,2026-09-27 05:50:03.725508,UNK C/S,58-0099,6504,20525,30.984873,36.999943,KC-135R Stratotanker,91,406,864,False,mlat
7cf925,2026-09-27 05:50:03.725512,ASY753,A41-211,6111,32000,31.854492,137.912964,C-17A Globemaster,219,417,0,False,adsb_icao
ae5e12,2026-09-27 05:50:03.725515,UNK C/S,17-46037,3276,3125,24.9,49.7,KC-46A Pegasus,,,,False,mode_s
ae63ba,2026-09-27 05:50:03.725519,RCH5064,20-46078,3530,35000,47.1,-63.6,KC-46A Pegasus,,,,False,mode_s
ae080b,2026-09-27 05:50:03.725523,RCH205,99-0165,3301,Unavailable,24.8,49.2,C-17A Globemaster,,,,False,mode_s
ae0143,2026-09-27 05:51:03.982635,UNK C/S,58-0035,1654,34000,49.282635,-122.606155,KC-135R Stratotanker,296,432,74,False,mlat
ae025d,2026-09-27 05:51:03.982643,UNK C/S,58-0092,1523,38000,48.442974,-120.675774,KC-135R Stratotanker,292,439,0,False,mlat
ae07a9,2026-09-27 05:51:03.982647,UNK C/S,59-1515,3521,22150,33.384983,-115.710587,KC-135R Stratotanker,282,366,,False,adsb_icao
ae0812,2026-09-27 05:51:03.982651,RCH5039,00-0176,2117,34000,40.525211,-115.674545,C-17A Globemaster,253,407,,False,adsb_icao
af3bca,2026-09-27 05:51:03.982654,HORSE60,19-46107,3770,12150,32.407207,-113.986755,KC-46A Pegasus,150,248,0,False,mlat
ae5e0b,2026-09-27 05:51:03.982657,CABAL52,17-46030,2454,36000,54.734161,-112.363991,KC-46A Pegasus,320,462,-13,False,mlat
ae117c,2026-09-27 05:51:03.982660,BANNR67,02-1110,6634,31000,45.034588,-100.26545,C-17A Globemaster,103,488,,False,adsb_icao
ae63ba,2026-09-27 05:51:03.982664,RCH5064,20-46078,3530,35025,47.498562,-62.894531,KC-46A Pegasus,62,508,0,False,mlat
ae20c2,2026-09-27 05:51:03.982667,MOOSE54,07-7181,2273,36000,49.834385,13.951306,C-17A Globemaster,289,412,0,False,mlat
ae07a1,2026-09-27 05:51:03.982670,UNK C/S,58-0099,6504,21025,30.984047,37.059769,KC-135R Stratotanker,91,404,32,False,mlat
7cf925,2026-09-27 05:51:03.982673,ASY753,A41-211,6111,32000,31.76976,137.820358,C-17A Globemaster,225,414,-96,False,adsb_icao
ae5e12,2026-09-27 05:51:03.982676,UNK C/S,17-46037,3276,4075,24.8,49.3,KC-46A Pegasus,,,,False,mode_s
ae023c,2026-09-27 05:51:03.982680,UNK C/S,63-8888,6622,Unavailable,48.1,-98.1,KC-135R Stratotanker,,,,False,mode_s
ae5f95,2026-09-27 05:51:03.982683,CABAL53,18-46042,1115,36000,54.0,-113.7,KC-46A Pegasus,,,,False,mode_s
ae080b,2026-09-27 05:51:03.982686,RCH205,99-0165,3301,2725,24.8,49.1,C-17A Globemaster,,,,False,mode_s
ae0143,2026-09-27 05:52:04.269902,UNK C/S,58-0035,1654,33975,49.337746,-122.767067,KC-135R Stratotanker,295,412,-46,False,mlat
ae025d,2026-09-27 05:52:04.269912,UNK C/S,58-0092,1523,38000,48.488632,-120.842171,KC-135R Stratotanker,290,449,0,False,mlat
ae0812,2026-09-27 05:52:04.269916,RCH5039,00-0176,2117,34000,40.492535,-115.816872,C-17A Globemaster,253,407,,False,adsb_icao
ae07a9,2026-09-27 05:52:04.269919,UNK C/S,59-1515,3521,22150,33.341457,-115.810188,KC-135R Stratotanker,214,353,,False,adsb_icao
af3bca,2026-09-27 05:52:04.269922,HORSE60,19-46107,3770,12150,32.352959,-113.94722,KC-46A Pegasus,146,214,0,False,mlat
ae5e0b,2026-09-27 05:52:04.269925,CABAL52,17-46030,2454,36000,54.800144,-112.461365,KC-46A Pegasus,320,466,0,False,mlat
ae117c,2026-09-27 05:52:04.269928,BANNR67,02-1110,6634,31000,45.002289,-100.077599,C-17A Globemaster,103,491,,False,adsb_icao
ae20c2,2026-09-27 05:52:04.269933,MOOSE54,07-7181,2273,36000,49.868488,13.804688,C-17A Globemaster,289,412,-96,False,mlat
7cf925,2026-09-27 05:52:04.269936,ASY753,A41-211,6111,32000,31.690807,137.726425,C-17A Globemaster,225,415,32,False,adsb_icao
ae5e12,2026-09-27 05:52:04.269939,UNK C/S,17-46037,3276,7050,25.4,51.0,KC-46A Pegasus,,,,False,mode_s
ae07a1,2026-09-27 05:52:04.269942,UNK C/S,58-0099,6504,21025,31.4,35.8,KC-135R Stratotanker,71,402,0,False,mode_s
ae023c,2026-09-27 05:52:04.269945,UNK C/S,63-8888,6622,Unavailable,47.5,-97.2,KC-135R Stratotanker,,,,False,mode_s
ae5f95,2026-09-27 05:52:04.269948,CABAL53,18-46042,1115,36000,54.7,-112.9,KC-46A Pegasus,,,,False,mode_s
ae63ba,2026-09-27 05:52:04.269950,RCH5064,20-46078,3530,35000,47.1,-63.8,KC-46A Pegasus,,,,False,mode_s
ae080b,2026-09-27 05:52:04.269954,RCH205,99-0165,3301,2475,24.8,49.1,C-17A Globemaster,,,,False,mode_s
ae0143,2026-09-27 05:53:04.519932,UNK C/S,58-0035,1654,34000,49.38884,-122.941353,KC-135R Stratotanker,292,412,0,False,mlat
ae025d,2026-09-27 05:53:04.519942,UNK C/S,58-0092,1523,38000,48.535183,-121.013657,KC-135R Stratotanker,293,430,0,False,mlat
ae0812,2026-09-27 05:53:04.519946,RCH5039,00-0176,2117,34000,40.459576,-115.959381,C-17A Globemaster,253,408,,False,adsb_icao
ae07a9,2026-09-27 05:53:04.519949,UNK C/S,59-1515,3521,22150,33.246304,-115.804306,KC-135R Stratotanker,145,375,,False,adsb_icao
af3bca,2026-09-27 05:53:04.519952,HORSE60,19-46107,3770,12150,32.299202,-113.899719,KC-46A Pegasus,132,261,0,False,mlat
ae5e0b,2026-09-27 05:53:04.519955,CABAL52,17-46030,2454,36000,54.926781,-112.656296,KC-46A Pegasus,319,463,0,False,mlat
ae117c,2026-09-27 05:53:04.519959,BANNR67,02-1110,6634,31000,44.970062,-99.892532,C-17A Globemaster,103,488,,False,adsb_icao
ae20c2,2026-09-27 05:53:04.519963,MOOSE54,07-7181,2273,36000,49.908405,13.627173,C-17A Globemaster,288,412,64,False,mlat
7cf925,2026-09-27 05:53:04.519967,ASY753,A41-211,6111,32000,31.608318,137.62645,C-17A Globemaster,226,412,192,False,adsb_icao
ae5e12,2026-09-27 05:53:04.519970,UNK C/S,17-46037,3276,9475,25.2,51.0,KC-46A Pegasus,,,,False,mode_s
ae07a1,2026-09-27 05:53:04.519973,UNK C/S,58-0099,6504,21025,32.6,37.5,KC-135R Stratotanker,1,388,0,False,mode_s
ae023c,2026-09-27 05:53:04.519976,UNK C/S,63-8888,6622,Unavailable,47.5,-97.1,KC-135R Stratotanker,,,,False,mode_s
ae5f95,2026-09-27 05:53:04.519979,CABAL53,18-46042,1115,36000,54.5,-112.9,KC-46A Pegasus,,,,False,mode_s
ae63ba,2026-09-27 05:53:04.519981,RCH5064,20-46078,3530,35025,47.2,-63.5,KC-46A Pegasus,,,,False,mode_s
ae080b,2026-09-27 05:53:04.519984,RCH205,99-0165,3301,1825,25.7,51.8,C-17A Globemaster,,,,False,mode_s
ae0143,2026-09-27 05:54:04.804245,UNK C/S,58-0035,1654,34000,49.444954,-123.102753,KC-135R Stratotanker,298,451,0,False,mlat
ae025d,2026-09-27 05:54:04.804254,UNK C/S,58-0092,1523,38000,48.580616,-121.184563,KC-135R Stratotanker,292,429,0,False,mlat
ae0812,2026-09-27 05:54:04.804258,RCH5039,00-0176,2117,34000,40.426476,-116.101952,C-17A Globemaster,253,408,,False,adsb_icao
ae07a9,2026-09-27 05:54:04.804261,UNK C/S,59-1515,3521,22150,33.165024,-115.723389,KC-135R Stratotanker,140,379,,False,adsb_icao
af3bca,2026-09-27 05:54:04.804265,HORSE60,19-46107,3770,12150,32.274227,-113.82206,KC-46A Pegasus,101,259,0,False,mlat
ae5e0b,2026-09-27 05:54:04.804268,CABAL52,17-46030,2454,36000,54.964458,-112.708084,KC-46A Pegasus,319,470,0,False,mlat
ae117c,2026-09-27 05:54:04.804271,BANNR67,02-1110,6634,31000,44.937057,-99.70459,C-17A Globemaster,104,490,,False,adsb_icao
ae20c2,2026-09-27 05:54:04.804276,MOOSE54,07-7181,2273,36000,49.946983,13.452842,C-17A Globemaster,288,412,0,False,mlat
7cf925,2026-09-27 05:54:04.804280,ASY753,A41-211,6111,32000,31.509842,137.560791,C-17A Globemaster,197,421,-192,False,adsb_icao
ae5e12,2026-09-27 05:54:04.804283,UNK C/S,17-46037,3276,11175,25.4,50.9,KC-46A Pegasus,,,,False,mode_s
ae07a1,2026-09-27 05:54:04.804286,UNK C/S,58-0099,6504,21025,32.6,37.3,KC-135R Stratotanker,272,352,-32,False,mode_s
ae023c,2026-09-27 05:54:04.804289,UNK C/S,63-8888,6622,Unavailable,47.5,-97.1,KC-135R Stratotanker,,,,False,mode_s
ae5f95,2026-09-27 05:54:04.804292,CABAL53,18-46042,1115,36000,54.2,-113.6,KC-46A Pegasus,,,,False,mode_s
ae63ba,2026-09-27 05:54:04.804295,RCH5064,20-46078,3530,35000,47.0,-63.7,KC-46A Pegasus,,,,False,mode_s
ae080b,2026-09-27 05:54:04.804298,RCH205,99-0165,3301,1100,25.6,51.4,C-17A Globemaster,,,,False,mode_s
ae0143,2026-09-27 05:55:05.038967,UNK C/S,58-0035,1654,33975,49.498051,-123.274139,KC-135R Stratotanker,294,444,28,False,mlat
ae025d,2026-09-27 05:55:05.038976,UNK C/S,58-0092,1523,38000,48.624798,-121.352707,KC-135R Stratotanker,291,437,0,False,mlat
ae0812,2026-09-27 05:55:05.038981,RCH5039,00-0176,2117,34025,40.393143,-116.244217,C-17A Globemaster,252,408,,False,adsb_icao
ae07a9,2026-09-27 05:55:05.038984,UNK C/S,59-1515,3521,22150,33.083977,-115.64299,KC-135R Stratotanker,140,381,,False,adsb_icao
af3bca,2026-09-27 05:55:05.038987,HORSE60,19-46107,3770,12150,32.294811,-113.741837,KC-46A Pegasus,54,270,0,False,mlat
ae117c,2026-09-27 05:55:05.038991,BANNR67,02-1110,6634,31000,44.904144,-99.519394,C-17A Globemaster,104,486,,False,adsb_icao
ae20c2,2026-09-27 05:55:05.038996,MOOSE54,07-7181,2273,36000,49.98185,13.297614,C-17A Globemaster,288,412,-32,False,mlat
7cf925,2026-09-27 05:55:05.039000,ASY753,A41-211,6111,32000,31.398834,137.519043,C-17A Globemaster,198,425,,False,adsb_icao
ae5e12,2026-09-27 05:55:05.039003,UNK C/S,17-46037,3276,12550,25.6,51.6,KC-46A Pegasus,,,,False,mode_s
ae07a1,2026-09-27 05:55:05.039006,UNK C/S,58-0099,6504,21025,31.8,36.4,KC-135R Stratotanker,206,358,-32,False,mode_s
ae5f95,2026-09-27 05:55:05.039009,CABAL53,18-46042,1115,36000,54.4,-113.2,KC-46A Pegasus,,,,False,mode_s
ae63ba,2026-09-27 05:55:05.039013,RCH5064,20-46078,3530,35000,47.3,-63.6,KC-46A Pegasus,,,,False,mode_s
ae5e0b,2026-09-27 05:55:05.039015,CABAL52,17-46030,2454,36000,54.0,-113.4,KC-46A Pegasus,,,,False,mode_s
ae123b,2026-09-27 05:55:05.039019,MOOSE58,04-4130,2241,Unavailable,48.9,7.9,C-17A Globemaster,,,,False,mode_s
ae080b,2026-09-27 05:55:05.039021,RCH205,99-0165,3301,525,24.8,49.1,C-17A Globemaster,,,,False,mode_s
ae0143,2026-09-27 05:56:05.408425,UNK C/S,58-0035,1654,34000,49.549519,-123.445412,KC-135R Stratotanker,297,441,25,False,mlat
ae025d,2026-09-27 05:56:05.408434,UNK C/S,58-0092,1523,38000,48.674496,-121.52713,KC-135R Stratotanker,291,441,0,False,mlat
ae0812,2026-09-27 05:56:05.408438,RCH5039,00-0176,2117,34000,40.359814,-116.385666,C-17A Globemaster,252,409,,False,adsb_icao
ae07a9,2026-09-27 05:56:05.408442,UNK C/S,59-1515,3521,22150,33.001205,-115.560532,KC-135R Stratotanker,139,385,,False,adsb_icao
af3bca,2026-09-27 05:56:05.408445,HORSE60,19-46107,3770,12150,32.348682,-113.688431,KC-46A Pegasus,21,270,0,False,mlat
ae117c,2026-09-27 05:56:05.408449,BANNR67,02-1110,6634,30975,44.871098,-99.335228,C-17A Globemaster,104,483,,False,adsb_icao
ae20c2,2026-09-27 05:56:05.408453,MOOSE54,07-7181,2273,36000,50.0201,13.123229,C-17A Globemaster,288,410,-32,False,mlat
7cf925,2026-09-27 05:56:05.408457,ASY753,A41-211,6111,32000,31.325089,137.491257,C-17A Globemaster,198,427,,False,adsb_icao
ae5e12,2026-09-27 05:56:05.408460,UNK C/S,17-46037,3276,14900,25.6,51.5,KC-46A Pegasus,,,,False,mode_s
ae07a1,2026-09-27 05:56:05.408463,UNK C/S,58-0099,6504,21025,31.8,36.6,KC-135R Stratotanker,241,358,64,False,mode_s
ae5f95,2026-09-27 05:56:05.408467,CABAL53,18-46042,1115,36000,54.5,-112.8,KC-46A Pegasus,,,,False,mode_s
ae63ba,2026-09-27 05:56:05.408469,RCH5064,20-46078,3530,35025,47.3,-63.3,KC-46A Pegasus,,,,False,mode_s
ae5e0b,2026-09-27 05:56:05.408472,CABAL52,17-46030,2454,36000,53.9,-113.6,KC-46A Pegasus,,,,False,mode_s
ae0143,2026-09-27 05:57:05.711654,UNK C/S,58-0035,1654,33975,49.600552,-123.609047,KC-135R Stratotanker,294,442,0,False,mlat
ae025d,2026-09-27 05:57:05.711663,UNK C/S,58-0092,1523,38000,48.711964,-121.689484,KC-135R Stratotanker,292,439,0,False,mlat
ae0812,2026-09-27 05:57:05.711667,RCH5039,00-0176,2117,34000,40.325867,-116.52887,C-17A Globemaster,252,409,,False,adsb_icao
ae07a9,2026-09-27 05:57:05.711671,UNK C/S,59-1515,3521,22150,32.948685,-115.452629,KC-135R Stratotanker,88,406,,False,adsb_icao
af3bca,2026-09-27 05:57:05.711674,HORSE60,19-46107,3770,12150,32.42197,-113.681831,KC-46A Pegasus,347,280,0,False,mlat
ae117c,2026-09-27 05:57:05.711678,BANNR67,02-1110,6634,31000,44.837494,-99.150368,C-17A Globemaster,104,483,,False,adsb_icao
ae20c2,2026-09-27 05:57:05.711683,MOOSE54,07-7181,2273,36000,50.058022,12.960984,C-17A Globemaster,288,410,0,False,mlat
7cf925,2026-09-27 05:57:05.711688,ASY753,A41-211,6111,Unavailable,34.4,137.1,C-17A Globemaster,,,,False,mode_s
ae5e12,2026-09-27 05:57:05.711691,UNK C/S,17-46037,3276,16575,25.6,51.6,KC-46A Pegasus,,,,False,mode_s
ae63ba,2026-09-27 05:57:05.711694,RCH5064,20-46078,3530,35000,47.2,-63.1,KC-46A Pegasus,,,,False,mode_s
ae5e0b,2026-09-27 05:57:05.711697,CABAL52,17-46030,2454,36000,53.9,-113.6,KC-46A Pegasus,,,,False,mode_s
ae07a1,2026-09-27 05:57:05.711699,UNK C/S,58-0099,6504,21000,31.3,36.0,KC-135R Stratotanker,223,358,0,False,mode_s
ae5f95,2026-09-27 05:57:05.711702,CABAL53,18-46042,1115,36000,54.4,-113.9,KC-46A Pegasus,,,,False,mode_s
ae023c,2026-09-27 05:57:05.711706,UNK C/S,63-8888,6622,Unavailable,47.4,-97.1,KC-135R Stratotanker,,,,False,mode_s
ae123a,2026-09-27 05:57:05.711708,MOOSE69,04-4128,7024,36000,34.5,31.6,C-17A Globemaster,,,,False,mode_s
ae0143,2026-09-27 05:58:05.927999,UNK C/S,58-0035,1654,34000,49.655815,-123.785423,KC-135R Stratotanker,295,446,25,False,mlat
ae025d,2026-09-27 05:58:05.928008,UNK C/S,58-0092,1523,38000,48.758072,-121.880409,KC-135R Stratotanker,294,478,0,False,mlat
ae0812,2026-09-27 05:58:05.928012,RCH5039,00-0176,2117,34025,40.292175,-116.670044,C-17A Globemaster,252,410,,False,adsb_icao
ae07a9,2026-09-27 05:58:05.928016,UNK C/S,59-1515,3521,22150,33.017624,-115.356667,KC-135R Stratotanker,15,403,,False,adsb_icao
af3bca,2026-09-27 05:58:05.928019,HORSE60,19-46107,3770,12150,32.481201,-113.714989,KC-46A Pegasus,329,249,0,False,mlat
ae117c,2026-09-27 05:58:05.928023,BANNR67,02-1110,6634,31000,44.804077,-98.967659,C-17A Globemaster,104,484,,False,adsb_icao
ae20c2,2026-09-27 05:58:05.928028,MOOSE54,07-7181,2273,36000,50.095078,12.786504,C-17A Globemaster,288,410,32,False,mlat
ae5e12,2026-09-27 05:58:05.928033,UNK C/S,17-46037,3276,18375,25.6,51.5,KC-46A Pegasus,,,,False,mode_s
ae63ba,2026-09-27 05:58:05.928036,RCH5064,20-46078,3530,35000,46.9,-63.5,KC-46A Pegasus,,,,False,mode_s
ae5e0b,2026-09-27 05:58:05.928040,CABAL52,17-46030,2454,36000,54.4,-112.6,KC-46A Pegasus,,,,False,mode_s
ae07a1,2026-09-27 05:58:05.928042,UNK C/S,58-0099,6504,21000,31.5,35.7,KC-135R Stratotanker,145,378,-32,False,mode_s
ae5f95,2026-09-27 05:58:05.928046,CABAL53,18-46042,1115,36000,54.6,-113.4,KC-46A Pegasus,,,,False,mode_s
af9e2a,2026-09-27 05:58:05.928049,UNK C/S,23-46120,1200,Unavailable,37.8,-97.5,KC-46A Pegasus,,,,False,mode_s
ae023c,2026-09-27 05:58:05.928052,UNK C/S,63-8888,6622,Unavailable,47.4,-97.0,KC-135R Stratotanker,,,,False,mode_s
ae123a,2026-09-27 05:58:05.928055,MOOSE69,04-4128,7024,36000,34.5,31.6,C-17A Globemaster,,,,False,mode_s
ae0143,2026-09-27 05:59:06.150532,UNK C/S,58-0035,1654,34000,49.706573,-123.951721,KC-135R Stratotanker,296,447,-75,False,mlat
ae025d,2026-09-27 05:59:06.150541,UNK C/S,58-0092,1523,38000,48.80336,-122.045052,KC-135R Stratotanker,292,440,0,False,mlat
ae0812,2026-09-27 05:59:06.150546,RCH5039,00-0176,2117,34000,40.25766,-116.814087,C-17A Globemaster,252,410,,False,adsb_icao
ae07a9,2026-09-27 05:59:06.150549,UNK C/S,59-1515,3521,22150,33.110325,-115.406609,KC-135R Stratotanker,311,374,,False,adsb_icao
af3bca,2026-09-27 05:59:06.150553,HORSE60,19-46107,3770,12175,32.542297,-113.758698,KC-46A Pegasus,329,226,-5,False,mlat
ae117c,2026-09-27 05:59:06.150556,BANNR67,02-1110,6634,31000,44.770172,-98.784035,C-17A Globemaster,104,481,,False,adsb_icao
ae20c2,2026-09-27 05:59:06.150561,MOOSE54,07-7181,2273,36000,50.13089,12.618588,C-17A Globemaster,288,410,-64,False,mlat
ae5e12,2026-09-27 05:59:06.150567,UNK C/S,17-46037,3276,19950,25.3,52.2,KC-46A Pegasus,,,,False,mode_s
ae63ba,2026-09-27 05:59:06.150569,RCH5064,20-46078,3530,35000,47.2,-63.7,KC-46A Pegasus,,,,False,mode_s
ae5e0b,2026-09-27 05:59:06.150573,CABAL52,17-46030,2454,36025,54.2,-112.8,KC-46A Pegasus,,,,False,mode_s
ae07a1,2026-09-27 05:59:06.150575,UNK C/S,58-0099,6504,21025,32.1,36.6,KC-135R Stratotanker,69,402,32,False,mode_s
ae5f95,2026-09-27 05:59:06.150579,CABAL53,18-46042,1115,36025,54.3,-113.7,KC-46A Pegasus,,,,False,mode_s
ae023c,2026-09-27 05:59:06.150582,UNK C/S,63-8888,6622,Unavailable,47.4,-97.0,KC-135R Stratotanker,,,,False,mode_s
ae123a,2026-09-27 05:59:06.150585,MOOSE69,04-4128,7024,36000,34.5,31.6,C-17A Globemaster,,,,False,mode_s
ae0143,2026-09-27 06:00:06.388353,UNK C/S,58-0035,1654,33975,49.758263,-124.119965,KC-135R Stratotanker,297,452,7,False,mlat
ae025d,2026-09-27 06:00:06.388363,UNK C/S,58-0092,1523,38000,48.850277,-122.225197,KC-135R Stratotanker,291,433,0,False,mlat
ae0812,2026-09-27 06:00:06.388367,RCH5039,00-0176,2117,34000,40.223415,-116.955956,C-17A Globemaster,252,412,,False,adsb_icao
ae07a9,2026-09-27 06:00:06.388370,UNK C/S,59-1515,3521,22150,33.189789,-115.488998,KC-135R Stratotanker,319,381,,False,adsb_icao
af3bca,2026-09-27 06:00:06.388373,HORSE60,19-46107,3770,12150,32.597782,-113.799896,KC-46A Pegasus,326,267,-8,False,mlat
ae117c,2026-09-27 06:00:06.388377,BANNR67,02-1110,6634,31000,44.736328,-98.602562,C-17A Globemaster,104,482,,False,adsb_icao
ae20c2,2026-09-27 06:00:06.388382,MOOSE54,07-7181,2273,36000,50.166496,12.451974,C-17A Globemaster,288,410,32,False,mlat
ae5e12,2026-09-27 06:00:06.388388,UNK C/S,17-46037,3276,21500,25.2,52.5,KC-46A Pegasus,,,,False,mode_s
ae63ba,2026-09-27 06:00:06.388390,RCH5064,20-46078,3530,35025,47.0,-62.8,KC-46A Pegasus,,,,False,mode_s
ae5e0b,2026-09-27 06:00:06.388394,CABAL52,17-46030,2454,Unavailable,54.2,-113.0,KC-46A Pegasus,,,,False,mode_s
ae07a1,2026-09-27 06:00:06.388397,UNK C/S,58-0099,6504,21025,31.6,36.4,KC-135R Stratotanker,44,402,-160,False,mode_s
ae5f95,2026-09-27 06:00:06.388401,CABAL53,18-46042,1115,36000,54.1,-113.8,KC-46A Pegasus,,,,False,mode_s
ae023c,2026-09-27 06:00:06.388405,UNK C/S,63-8888,6622,Unavailable,47.4,-97.0,KC-135R Stratotanker,,,,False,mode_s
ae123a,2026-09-27 06:00:06.388408,MOOSE69,04-4128,7024,36000,34.5,31.6,C-17A Globemaster,,,,False,mode_s
ae0143,2026-09-27 06:01:06.626634,UNK C/S,58-0035,1654,34000,49.814186,-124.305984,KC-135R Stratotanker,294,449,0,False,mlat
ae025d,2026-09-27 06:01:06.626644,UNK C/S,58-0092,1523,38000,48.891842,-122.397812,KC-135R Stratotanker,291,456,7,False,mlat
ae1459,2026-09-27 06:01:06.626647,RCH721,06-6155,3260,750,38.231956,-121.971886,C-17A Globemaster,225,183,1856,False,adsb_icao
ae0812,2026-09-27 06:01:06.626650,RCH5039,00-0176,2117,34000,40.188641,-117.099342,C-17A Globemaster,252,413,,False,adsb_icao
ae07a9,2026-09-27 06:01:06.626653,UNK C/S,59-1515,3521,22150,33.272236,-115.571236,KC-135R Stratotanker,319,385,,False,adsb_icao
af3bca,2026-09-27 06:01:06.626656,HORSE60,19-46107,3770,12150,32.647705,-113.877907,KC-46A Pegasus,289,316,-1,False,mlat
ae117c,2026-09-27 06:01:06.626660,BANNR67,02-1110,6634,31000,44.702065,-98.420891,C-17A Globemaster,104,477,,False,adsb_icao
ae20c2,2026-09-27 06:01:06.626664,MOOSE54,07-7181,2273,36000,50.191116,12.282858,C-17A Globemaster,269,412,-128,False,mlat
ae5e12,2026-09-27 06:01:06.626669,UNK C/S,17-46037,3276,22925,25.1,53.0,KC-46A Pegasus,,,,False,mode_s
ae63ba,2026-09-27 06:01:06.626672,RCH5064,20-46078,3530,35000,47.5,-62.6,KC-46A Pegasus,,,,False,mode_s
ae5e0b,2026-09-27 06:01:06.626676,CABAL52,17-46030,2454,Unavailable,54.3,-113.1,KC-46A Pegasus,,,,False,mode_s
ae07a1,2026-09-27 06:01:06.626679,UNK C/S,58-0099,3650,21000,32.2,37.1,KC-135R Stratotanker,341,382,64,False,mode_s
ae5f95,2026-09-27 06:01:06.626681,CABAL53,18-46042,1115,Unavailable,54.9,-119.7,KC-46A Pegasus,,,,False,mode_s
ae123a,2026-09-27 06:01:06.626685,MOOSE69,04-4128,7024,36000,34.5,31.6,C-17A Globemaster,,,,False,mode_s
ae0143,2026-09-27 06:02:06.861074,UNK C/S,58-0035,1654,34000,49.865383,-124.478424,KC-135R Stratotanker,295,445,8,False,mlat
ae025d,2026-09-27 06:02:06.861083,UNK C/S,58-0092,1523,38000,48.933064,-122.57193,KC-135R Stratotanker,289,440,0,False,mlat
ae1459,2026-09-27 06:02:06.861087,RCH721,06-6155,3260,2500,38.195114,-122.021111,C-17A Globemaster,227,194,1984,False,adsb_icao
ae0812,2026-09-27 06:02:06.861090,RCH5039,00-0176,2117,34000,40.153492,-117.242973,C-17A Globemaster,252,414,,False,adsb_icao
ae07a9,2026-09-27 06:02:06.861093,UNK C/S,59-1515,3521,22150,33.354355,-115.65358,KC-135R Stratotanker,319,386,,False,adsb_icao
af3bca,2026-09-27 06:02:06.861096,HORSE60,19-46107,3770,12150,32.638313,-113.969147,KC-46A Pegasus,248,285,0,False,mlat
ae117c,2026-09-27 06:02:06.861099,BANNR67,02-1110,6634,31000,44.667572,-98.239746,C-17A Globemaster,105,481,,False,adsb_icao
ae20c2,2026-09-27 06:02:06.861104,MOOSE54,07-7181,2273,35400,50.189724,12.103281,C-17A Globemaster,269,418,-1056,False,mlat
ae5e12,2026-09-27 06:02:06.861109,UNK C/S,17-46037,3276,24250,25.1,52.9,KC-46A Pegasus,,,,False,mode_s
ae63ba,2026-09-27 06:02:06.861112,RCH5064,20-46078,3530,35000,47.3,-63.4,KC-46A Pegasus,,,,False,mode_s
ae5e0b,2026-09-27 06:02:06.861115,CABAL52,17-46030,2454,Unavailable,54.6,-112.8,KC-46A Pegasus,,,,False,mode_s
ae07a1,2026-09-27 06:02:06.861118,UNK C/S,58-0099,3650,21025,32.2,37.4,KC-135R Stratotanker,254,344,0,False,mode_s
ae5f95,2026-09-27 06:02:06.861121,CABAL53,18-46042,1115,Unavailable,54.3,-115.4,KC-46A Pegasus,,,,False,mode_s
ae123a,2026-09-27 06:02:06.861125,MOOSE69,04-4128,7024,36000,34.5,31.6,C-17A Globemaster,,,,False,mode_s
ae0143,2026-09-27 06:03:07.099021,UNK C/S,58-0035,1654,34000,49.917946,-124.649467,KC-135R Stratotanker,293,453,0,False,mlat
ae025d,2026-09-27 06:03:07.099031,UNK C/S,58-0092,1523,38000,48.981174,-122.751541,KC-135R Stratotanker,291,442,0,False,mlat
ae1459,2026-09-27 06:03:07.099035,RCH721,06-6155,3260,4200,38.152817,-122.015266,C-17A Globemaster,105,214,832,False,adsb_icao
ae0812,2026-09-27 06:03:07.099037,RCH5039,00-0176,2117,34000,40.118362,-117.38562,C-17A Globemaster,252,409,,False,adsb_icao
ae07a9,2026-09-27 06:03:07.099040,UNK C/S,59-1515,3521,22150,33.379166,-115.763779,KC-135R Stratotanker,245,357,,False,adsb_icao
af3bca,2026-09-27 06:03:07.099043,HORSE60,19-46107,3770,12150,32.589931,-114.038589,KC-46A Pegasus,205,293,0,False,mlat
ae117c,2026-09-27 06:03:07.099047,BANNR67,02-1110,6634,31000,44.632599,-98.057487,C-17A Globemaster,105,481,,False,adsb_icao
ae20c2,2026-09-27 06:03:07.099052,MOOSE54,07-7181,2273,34075,50.188591,11.925571,C-17A Globemaster,269,420,-1440,False,mlat
ae5e12,2026-09-27 06:03:07.099057,UNK C/S,17-46037,3276,25400,24.8,53.5,KC-46A Pegasus,,,,False,mode_s
ae63ba,2026-09-27 06:03:07.099060,RCH5064,20-46078,3530,35000,47.5,-62.4,KC-46A Pegasus,,,,False,mode_s
ae5e0b,2026-09-27 06:03:07.099063,CABAL52,17-46030,2454,Unavailable,54.4,-113.0,KC-46A Pegasus,,,,False,mode_s
ae07a1,2026-09-27 06:03:07.099066,UNK C/S,58-0099,3650,21025,31.7,36.2,KC-135R Stratotanker,229,344,0,False,mode_s
ae5f95,2026-09-27 06:03:07.099069,CABAL53,18-46042,1115,Unavailable,54.5,-116.8,KC-46A Pegasus,,,,False,mode_s
ae123a,2026-09-27 06:03:07.099073,MOOSE69,04-4128,7024,36000,34.8,31.1,C-17A Globemaster,,,,False,mode_s
ae0143,2026-09-27 06:04:07.345398,UNK C/S,58-0035,1654,33975,49.966827,-124.827553,KC-135R Stratotanker,299,435,-36,False,mlat
ae025d,2026-09-27 06:04:07.345408,UNK C/S,58-0092,1523,38000,49.024448,-122.925858,KC-135R Stratotanker,291,434,0,False,mlat
ae1459,2026-09-27 06:04:07.345412,RCH721,06-6155,3260,5100,38.145462,-121.930031,C-17A Globemaster,97,267,512,False,adsb_icao
ae0812,2026-09-27 06:04:07.345415,RCH5039,00-0176,2117,34000,40.083481,-117.526611,C-17A Globemaster,252,409,,False,adsb_icao
ae07a9,2026-09-27 06:04:07.345418,UNK C/S,59-1515,3521,22150,33.299885,-115.825272,KC-135R Stratotanker,184,362,,False,adsb_icao
af3bca,2026-09-27 06:04:07.345421,HORSE60,19-46107,3770,12950,32.512764,-114.052979,KC-46A Pegasus,170,295,1762,False,mlat
ae117c,2026-09-27 06:04:07.345425,BANNR67,02-1110,6634,31000,44.597809,-97.878242,C-17A Globemaster,105,478,,False,adsb_icao
ae20c2,2026-09-27 06:04:07.345429,MOOSE54,07-7181,2273,32525,50.188042,11.745717,C-17A Globemaster,271,422,-1536,False,mlat
ae5e12,2026-09-27 06:04:07.345434,UNK C/S,17-46037,3276,26575,24.5,54.3,KC-46A Pegasus,,,,False,mode_s
ae63ba,2026-09-27 06:04:07.345437,RCH5064,20-46078,3530,35000,47.9,-62.1,KC-46A Pegasus,,,,False,mode_s
ae5e0b,2026-09-27 06:04:07.345440,CABAL52,17-46030,2454,Unavailable,55.1,-112.0,KC-46A Pegasus,,,,False,mode_s
ae07a1,2026-09-27 06:04:07.345443,UNK C/S,58-0099,3650,21000,31.5,36.4,KC-135R Stratotanker,203,350,-160,False,mode_s
ae5f95,2026-09-27 06:04:07.345446,CABAL53,18-46042,1115,Unavailable,55.1,-118.3,KC-46A Pegasus,,,,False,mode_s
ae123a,2026-09-27 06:04:07.345450,MOOSE69,04-4128,7024,36000,34.8,31.1,C-17A Globemaster,,,,False,mode_s
ae0143,2026-09-27 06:05:07.585060,UNK C/S,58-0035,1654,34000,50.017166,-124.981117,KC-135R Stratotanker,299,400,-40,False,mlat
ae025d,2026-09-27 06:05:07.585069,UNK C/S,58-0092,1523,38000,49.065342,-123.095589,KC-135R Stratotanker,291,440,0,False,mlat
ae1459,2026-09-27 06:05:07.585073,RCH721,06-6155,3260,6925,38.136478,-121.830978,C-17A Globemaster,95,290,1792,False,adsb_icao
ae0812,2026-09-27 06:05:07.585076,RCH5039,00-0176,2117,34000,40.048611,-117.666817,C-17A Globemaster,251,407,,False,adsb_icao
ae07a9,2026-09-27 06:05:07.585079,UNK C/S,59-1515,3521,22150,33.210297,-115.768379,KC-135R Stratotanker,140,381,,False,adsb_icao
af3bca,2026-09-27 06:05:07.585083,HORSE60,19-46107,3770,15950,32.441719,-114.009834,KC-46A Pegasus,145,293,2739,False,mlat
ae117c,2026-09-27 06:05:07.585087,BANNR67,02-1110,6634,31000,44.562828,-97.699135,C-17A Globemaster,105,478,,False,adsb_icao
ae20c2,2026-09-27 06:05:07.585091,MOOSE54,07-7181,2273,30950,50.191628,11.562501,C-17A Globemaster,271,426,-1472,False,mlat
ae5e12,2026-09-27 06:05:07.585096,UNK C/S,17-46037,3276,27000,24.6,54.3,KC-46A Pegasus,,,,False,mode_s
ae63ba,2026-09-27 06:05:07.585099,RCH5064,20-46078,3530,35025,48.2,-62.5,KC-46A Pegasus,,,,False,mode_s
ae5e0b,2026-09-27 06:05:07.585102,CABAL52,17-46030,2454,Unavailable,54.6,-113.4,KC-46A Pegasus,,,,False,mode_s
ae07a1,2026-09-27 06:05:07.585105,UNK C/S,58-0099,3650,21025,31.6,36.1,KC-135R Stratotanker,129,376,0,False,mode_s
ae5f95,2026-09-27 06:05:07.585107,CABAL53,18-46042,1115,Unavailable,55.1,-118.3,KC-46A Pegasus,,,,False,mode_s
ae123a,2026-09-27 06:05:07.585111,MOOSE69,04-4128,7024,36000,34.8,31.1,C-17A Globemaster,,,,False,mode_s
ae0143,2026-09-27 06:06:07.883941,UNK C/S,58-0035,1654,34000,50.073063,-125.170906,KC-135R Stratotanker,294,448,80,False,mlat
ae025d,2026-09-27 06:06:07.883951,UNK C/S,58-0092,1523,38000,49.12627,-123.262611,KC-135R Stratotanker,305,442,0,False,mlat
ae1459,2026-09-27 06:06:07.883955,RCH721,06-6155,3260,8825,38.13052,-121.725235,C-17A Globemaster,82,309,1728,False,adsb_icao
ae0812,2026-09-27 06:06:07.883958,RCH5039,00-0176,2117,34000,40.013535,-117.807068,C-17A Globemaster,251,407,,False,adsb_icao
ae07a9,2026-09-27 06:06:07.883962,UNK C/S,59-1515,3521,22150,33.128201,-115.686989,KC-135R Stratotanker,140,383,,False,adsb_icao
af3bca,2026-09-27 06:06:07.883965,HORSE60,19-46107,3770,18450,32.368511,-113.957947,KC-46A Pegasus,149,331,2480,False,mlat
ae117c,2026-09-27 06:06:07.883969,BANNR67,02-1110,6634,31000,44.527039,-97.518311,C-17A Globemaster,105,477,0,False,adsb_icao
ae20c2,2026-09-27 06:06:07.883973,MOOSE54,07-7181,2273,29325,50.192478,11.381159,C-17A Globemaster,270,434,-1504,False,mlat
ae5e12,2026-09-27 06:06:07.883978,UNK C/S,17-46037,3276,27000,24.3,54.8,KC-46A Pegasus,,,,False,mode_s
ae63ba,2026-09-27 06:06:07.883981,RCH5064,20-46078,3530,35025,48.0,-63.2,KC-46A Pegasus,,,,False,mode_s
ae5e0b,2026-09-27 06:06:07.883984,CABAL52,17-46030,2454,Unavailable,54.2,-113.7,KC-46A Pegasus,,,,False,mode_s
ae07a1,2026-09-27 06:06:07.883987,UNK C/S,58-0099,3650,21025,31.1,35.4,KC-135R Stratotanker,59,396,0,False,mode_s
ae5f95,2026-09-27 06:06:07.883990,CABAL53,18-46042,1115,Unavailable,55.2,-118.3,KC-46A Pegasus,,,,False,mode_s
ae123a,2026-09-27 06:06:07.883994,MOOSE69,04-4128,7024,36000,35.5,29.8,C-17A Globemaster,,,,False,mode_s
ae0143,2026-09-27 06:07:08.178398,UNK C/S,58-0035,1654,34000,50.122009,-125.338715,KC-135R Stratotanker,294,472,25,False,mlat
ae025d,2026-09-27 06:07:08.178408,UNK C/S,58-0092,1523,38000,49.188076,-123.423218,KC-135R Stratotanker,301,457,0,False,mlat
ae1459,2026-09-27 06:07:08.178412,RCH721,06-6155,3260,10450,38.182983,-121.634415,C-17A Globemaster,44,338,256,False,adsb_icao
ae0812,2026-09-27 06:07:08.178415,RCH5039,00-0176,2117,34000,39.977646,-117.949524,C-17A Globemaster,251,411,,False,adsb_icao
ae07a9,2026-09-27 06:07:08.178418,UNK C/S,59-1515,3521,22150,33.045757,-115.60498,KC-135R Stratotanker,140,386,,False,adsb_icao
af3bca,2026-09-27 06:07:08.178421,HORSE60,19-46107,3770,21025,32.294235,-113.88839,KC-46A Pegasus,129,365,2511,False,mlat
ae117c,2026-09-27 06:07:08.178425,BANNR67,02-1110,6634,31000,44.491138,-97.339005,C-17A Globemaster,105,476,0,False,adsb_icao
ae20c2,2026-09-27 06:07:08.178428,MOOSE54,07-7181,2273,27750,50.196152,11.177556,C-17A Globemaster,270,440,-1504,False,mlat
ae5e12,2026-09-27 06:07:08.178433,UNK C/S,17-46037,3276,27025,24.6,54.2,KC-46A Pegasus,,,,False,mode_s
ae63ba,2026-09-27 06:07:08.178436,RCH5064,20-46078,3530,35025,48.6,-63.3,KC-46A Pegasus,,,,False,mode_s
ae5e0b,2026-09-27 06:07:08.178440,CABAL52,17-46030,2454,Unavailable,54.3,-113.4,KC-46A Pegasus,,,,False,mode_s
ae07a1,2026-09-27 06:07:08.178442,UNK C/S,58-0099,3650,21025,31.2,35.6,KC-135R Stratotanker,30,394,-32,False,mode_s
ae5f95,2026-09-27 06:07:08.178445,CABAL53,18-46042,1115,36000,55.1,-118.3,KC-46A Pegasus,,,,False,mode_s
ae123a,2026-09-27 06:07:08.178449,MOOSE69,04-4128,7024,36000,37.0,27.0,C-17A Globemaster,,,,False,mode_s
ae0143,2026-09-27 06:08:08.445868,UNK C/S,58-0035,1654,34000,50.169945,-125.51207,KC-135R Stratotanker,295,457,-21,False,mlat
ae025d,2026-09-27 06:08:08.445878,UNK C/S,58-0092,1523,38000,49.254078,-123.581512,KC-135R Stratotanker,301,445,0,False,mlat
ae1459,2026-09-27 06:08:08.445882,RCH721,06-6155,3260,11350,38.250763,-121.539299,C-17A Globemaster,48,378,1792,False,adsb_icao
ae0812,2026-09-27 06:08:08.445884,RCH5039,00-0176,2117,34000,39.941895,-118.09082,C-17A Globemaster,251,413,,False,adsb_icao
ae07a9,2026-09-27 06:08:08.445887,UNK C/S,59-1515,3521,22125,32.964943,-115.520287,KC-135R Stratotanker,126,394,,False,adsb_icao
af3bca,2026-09-27 06:08:08.445891,HORSE60,19-46107,3770,22000,32.282101,-113.775467,KC-46A Pegasus,76,383,145,False,mlat
ae117c,2026-09-27 06:08:08.445894,BANNR67,02-1110,6634,31000,44.455444,-97.161057,C-17A Globemaster,105,478,0,False,adsb_icao
ae20c2,2026-09-27 06:08:08.445898,MOOSE54,07-7181,2273,26225,50.198296,10.997833,C-17A Globemaster,270,428,-1536,False,mlat
ae5e12,2026-09-27 06:08:08.445903,UNK C/S,17-46037,3276,27000,24.4,54.8,KC-46A Pegasus,,,,False,mode_s
ae63ba,2026-09-27 06:08:08.445906,RCH5064,20-46078,3530,35000,48.6,-63.3,KC-46A Pegasus,,,,False,mode_s
ae5e0b,2026-09-27 06:08:08.445909,CABAL52,17-46030,2454,36000,54.2,-115.6,KC-46A Pegasus,,,,False,mode_s
ae07a1,2026-09-27 06:08:08.445912,UNK C/S,58-0099,3650,21025,31.9,36.8,KC-135R Stratotanker,21,394,32,False,mode_s
ae5f95,2026-09-27 06:08:08.445915,CABAL53,18-46042,1115,36000,55.1,-118.3,KC-46A Pegasus,,,,False,mode_s
ae123a,2026-09-27 06:08:08.445918,MOOSE69,04-4128,7024,36000,35.0,30.7,C-17A Globemaster,,,,False,mode_s
ae0143,2026-09-27 06:09:08.728342,UNK C/S,58-0035,1654,33975,50.218132,-125.68045,KC-135R Stratotanker,294,434,-11,False,mlat
ae025d,2026-09-27 06:09:08.728351,UNK C/S,58-0092,1523,38000,49.317169,-123.735535,KC-135R Stratotanker,299,422,0,False,mlat
ae1459,2026-09-27 06:09:08.728355,RCH721,06-6155,3260,12975,38.322693,-121.43679,C-17A Globemaster,48,393,1472,False,adsb_icao
ae0812,2026-09-27 06:09:08.728358,RCH5039,00-0176,2117,34000,39.905647,-118.233093,C-17A Globemaster,251,411,,False,adsb_icao
ae07a9,2026-09-27 06:09:08.728361,UNK C/S,59-1515,3521,22150,32.969414,-115.394615,KC-135R Stratotanker,52,409,,False,adsb_icao
af3bca,2026-09-27 06:09:08.728365,HORSE60,19-46107,3770,22000,32.344315,-113.689659,KC-46A Pegasus,23,422,0,False,mlat
ae117c,2026-09-27 06:09:08.728368,BANNR67,02-1110,6634,31000,44.419006,-96.981613,C-17A Globemaster,105,479,0,False,adsb_icao
ae20c2,2026-09-27 06:09:08.728372,MOOSE54,07-7181,2273,24700,50.171509,10.817631,C-17A Globemaster,249,424,-1568,False,mlat
ae5e12,2026-09-27 06:09:08.728377,UNK C/S,17-46037,3276,27000,24.8,53.9,KC-46A Pegasus,,,,False,mode_s
ae63ba,2026-09-27 06:09:08.728380,RCH5064,20-46078,3530,35000,48.6,-63.3,KC-46A Pegasus,,,,False,mode_s
ae5e0b,2026-09-27 06:09:08.728383,CABAL52,17-46030,2454,36000,54.7,-117.0,KC-46A Pegasus,,,,False,mode_s
ae07a1,2026-09-27 06:09:08.728386,UNK C/S,58-0099,3650,21000,32.1,36.7,KC-135R Stratotanker,15,400,-96,False,mode_s
ae5f95,2026-09-27 06:09:08.728389,CABAL53,18-46042,1115,36000,55.1,-118.3,KC-46A Pegasus,,,,False,mode_s
ae123a,2026-09-27 06:09:08.728393,MOOSE69,04-4128,7024,35975,34.5,31.6,C-17A Globemaster,,,,False,mode_s
ae0143,2026-09-27 06:10:09.022844,UNK C/S,58-0035,1654,34000,50.276157,-125.870201,KC-135R Stratotanker,294,444,0,False,mlat
ae025d,2026-09-27 06:10:09.022853,UNK C/S,58-0092,1523,38000,49.384922,-123.90197,KC-135R Stratotanker,301,444,0,False,mlat
ae1459,2026-09-27 06:10:09.022858,RCH721,06-6155,3260,14500,38.396851,-121.330551,C-17A Globemaster,48,407,1600,False,adsb_icao
ae0812,2026-09-27 06:10:09.022861,RCH5039,00-0176,2117,34000,39.869663,-118.372925,C-17A Globemaster,250,411,0,False,adsb_icao
ae07a9,2026-09-27 06:10:09.022864,UNK C/S,59-1515,3521,22150,33.070057,-115.366646,KC-135R Stratotanker,336,386,,False,adsb_icao
af3bca,2026-09-27 06:10:09.022867,HORSE60,19-46107,3770,22000,32.43927,-113.702614,KC-46A Pegasus,316,384,17,False,mlat
ae117c,2026-09-27 06:10:09.022871,BANNR67,02-1110,6634,31000,44.382717,-96.804291,C-17A Globemaster,106,475,0,False,adsb_icao
ae20c2,2026-09-27 06:10:09.022874,MOOSE54,07-7181,2273,23225,50.131241,10.650427,C-17A Globemaster,249,414,-1504,False,mlat
ae5e12,2026-09-27 06:10:09.022880,UNK C/S,17-46037,3276,27000,24.3,55.0,KC-46A Pegasus,,,,False,mode_s
ae63ba,2026-09-27 06:10:09.022883,RCH5064,20-46078,3530,35000,48.6,-63.3,KC-46A Pegasus,,,,False,mode_s
ae5e0b,2026-09-27 06:10:09.022887,CABAL52,17-46030,2454,Unavailable,54.9,-117.4,KC-46A Pegasus,,,,False,mode_s
ae07a1,2026-09-27 06:10:09.022890,UNK C/S,58-0099,3650,21000,32.6,37.4,KC-135R Stratotanker,17,422,-32,False,mode_s
ae5f95,2026-09-27 06:10:09.022893,CABAL53,18-46042,1115,Unavailable,54.9,-119.7,KC-46A Pegasus,,,,False,mode_s
ae123a,2026-09-27 06:10:09.022897,MOOSE69,04-4128,7024,36000,34.5,31.6,C-17A Globemaster,,,,False,mode_s
ae0143,2026-09-27 06:11:09.265846,UNK C/S,58-0035,1654,34000,50.306,-125.990608,KC-135R Stratotanker,296,469,3,False,mlat
ae025d,2026-09-27 06:11:09.265855,UNK C/S,58-0092,1523,38000,49.4482,-124.05928,KC-135R Stratotanker,303,451,-37,False,mlat
ae1459,2026-09-27 06:11:09.265859,RCH721,06-6155,3260,16200,38.473423,-121.220276,C-17A Globemaster,48,414,1792,False,adsb_icao
ae0812,2026-09-27 06:11:09.265861,RCH5039,00-0176,2117,34000,39.827957,-118.511612,C-17A Globemaster,248,408,64,False,adsb_icao
ae07a9,2026-09-27 06:11:09.265865,UNK C/S,59-1515,3521,22150,33.149525,-115.448654,KC-135R Stratotanker,319,379,,False,adsb_icao
af3bca,2026-09-27 06:11:09.265868,HORSE60,19-46107,3770,22000,32.475098,-113.806519,KC-46A Pegasus,279,313,-72,False,mlat
ae117c,2026-09-27 06:11:09.265872,BANNR67,02-1110,6634,31000,44.34557,-96.624557,C-17A Globemaster,106,478,0,False,adsb_icao
ae20c2,2026-09-27 06:11:09.265875,MOOSE54,07-7181,2273,22025,50.090164,10.482181,C-17A Globemaster,248,402,-160,False,mlat
ae5e12,2026-09-27 06:11:09.265878,UNK C/S,17-46037,3276,27000,24.748318,53.440159,KC-46A Pegasus,,,0,False,mlat
ae5e0b,2026-09-27 06:11:09.265885,CABAL52,17-46030,2454,36000,55.1,-118.3,KC-46A Pegasus,,,,False,mode_s
ae07a1,2026-09-27 06:11:09.265888,UNK C/S,58-0099,3650,21000,32.6,37.4,KC-135R Stratotanker,14,422,160,False,mode_s
ae5f95,2026-09-27 06:11:09.265891,CABAL53,18-46042,1115,Unavailable,55.1,-118.3,KC-46A Pegasus,,,,False,mode_s
ae123a,2026-09-27 06:11:09.265895,MOOSE69,04-4128,7024,36000,36.4,28.0,C-17A Globemaster,,,,False,mode_s
ae0588,2026-09-27 06:12:09.560899,RCH5043,87-0043,2405,100,21.306618,-157.932465,C-5M Galaxy,124,89,0,False,mlat
ae0143,2026-09-27 06:12:09.560909,UNK C/S,58-0035,1654,34000,50.366936,-126.210747,KC-135R Stratotanker,293,439,-9,False,mlat
ae025d,2026-09-27 06:12:09.560913,UNK C/S,58-0092,1523,38000,49.509094,-124.228073,KC-135R Stratotanker,300,446,0,False,mlat
ae1459,2026-09-27 06:12:09.560916,RCH721,06-6155,3260,17475,38.551025,-121.107971,C-17A Globemaster,48,432,1280,False,adsb_icao
ae0812,2026-09-27 06:12:09.560919,RCH5039,00-0176,2117,34000,39.786289,-118.648499,C-17A Globemaster,248,410,64,False,adsb_icao
ae07a9,2026-09-27 06:12:09.560922,UNK C/S,59-1515,3521,22150,33.230621,-115.529922,KC-135R Stratotanker,320,381,,False,adsb_icao
af3bca,2026-09-27 06:12:09.560925,HORSE60,19-46107,3770,22025,32.496464,-113.912605,KC-46A Pegasus,286,376,0,False,mlat
ae117c,2026-09-27 06:12:09.560928,BANNR67,02-1110,6634,31000,44.308823,-96.448257,C-17A Globemaster,106,477,0,False,adsb_icao
ae20c2,2026-09-27 06:12:09.560932,MOOSE54,07-7181,2273,22000,50.048859,10.31324,C-17A Globemaster,248,406,0,False,mlat
ae5e12,2026-09-27 06:12:09.560934,UNK C/S,17-46037,3276,27000,24.696135,53.685638,KC-46A Pegasus,,,0,False,mlat
ae123a,2026-09-27 06:12:09.560940,MOOSE69,04-4128,7024,35975,37.2,26.7,C-17A Globemaster,,,,False,mode_s
ae5e0b,2026-09-27 06:12:09.560946,CABAL52,17-46030,2454,36025,54.7,-116.7,KC-46A Pegasus,,,,False,mode_s
ae5f95,2026-09-27 06:12:09.560948,CABAL53,18-46042,1115,Unavailable,54.9,-119.7,KC-46A Pegasus,,,,False,mode_s
ae0588,2026-09-27 06:13:09.786352,RCH5043,87-0043,2405,1725,21.295088,-157.88942,C-5M Galaxy,131,179,1649,False,mlat
ae0143,2026-09-27 06:13:09.786362,UNK C/S,58-0035,1654,33975,50.4104,-126.357803,KC-135R Stratotanker,293,438,5,False,other
ae025d,2026-09-27 06:13:09.786366,UNK C/S,58-0092,1523,38000,49.57666,-124.385376,KC-135R Stratotanker,303,440,0,False,mlat
ae1459,2026-09-27 06:13:09.786369,RCH721,06-6155,3260,18750,38.631981,-120.99054,C-17A Globemaster,48,445,1280,False,adsb_icao
ae0812,2026-09-27 06:13:09.786372,RCH5039,00-0176,2117,34000,39.74416,-118.788147,C-17A Globemaster,248,414,0,False,adsb_icao
ae07a9,2026-09-27 06:13:09.786375,UNK C/S,59-1515,3521,22150,33.31311,-115.612206,KC-135R Stratotanker,319,386,,False,adsb_icao
af3bca,2026-09-27 06:13:09.786378,HORSE60,19-46107,3770,22000,32.525181,-114.040947,KC-46A Pegasus,285,416,0,False,mlat
ae117c,2026-09-27 06:13:09.786381,BANNR67,02-1110,6634,31000,44.271332,-96.270058,C-17A Globemaster,106,477,0,False,adsb_icao
ae07d7,2026-09-27 06:13:09.786384,RCH215,92-3293,0707,10050,48.772476,-54.865932,C-17A Globemaster,246,254,3040,False,adsb_icao
ae20c2,2026-09-27 06:13:09.786387,MOOSE54,07-7181,2273,22000,50.009438,10.152431,C-17A Globemaster,248,406,-32,False,mlat
ae5e12,2026-09-27 06:13:09.786390,UNK C/S,17-46037,3276,27000,24.665918,53.818062,KC-46A Pegasus,,,0,False,mlat
ae123a,2026-09-27 06:13:09.786396,MOOSE69,04-4128,7024,36000,37.5,26.0,C-17A Globemaster,,,,False,mode_s
ae5e0b,2026-09-27 06:13:09.786401,CABAL52,17-46030,2454,36000,54.8,-115.6,KC-46A Pegasus,,,,False,mode_s
ae5f95,2026-09-27 06:13:09.786404,CABAL53,18-46042,1115,Unavailable,54.9,-119.7,KC-46A Pegasus,,,,False,mode_s
ae0588,2026-09-27 06:14:10.023477,RCH5043,87-0043,2405,3575,21.23418,-157.87764,C-5M Galaxy,177,244,1877,False,mlat
ae0143,2026-09-27 06:14:10.023487,UNK C/S,58-0035,1654,34000,50.438099,-126.460602,KC-135R Stratotanker,293,441,18,False,other
ae025d,2026-09-27 06:14:10.023490,UNK C/S,58-0092,1523,38000,49.639626,-124.543495,KC-135R Stratotanker,296,419,0,False,mlat
ae1459,2026-09-27 06:14:10.023493,RCH721,06-6155,3260,20100,38.714584,-120.87027,C-17A Globemaster,48,452,1280,False,adsb_icao
ae0812,2026-09-27 06:14:10.023496,RCH5039,00-0176,2117,34000,39.702072,-118.927124,C-17A Globemaster,248,411,0,False,adsb_icao
ae07a9,2026-09-27 06:14:10.023499,UNK C/S,59-1515,3521,22150,33.384018,-115.703941,KC-135R Stratotanker,288,372,,False,adsb_icao
af3bca,2026-09-27 06:14:10.023501,HORSE60,19-46107,3770,22000,32.550613,-114.163551,KC-46A Pegasus,285,403,0,False,mlat
ae117c,2026-09-27 06:14:10.023505,BANNR67,02-1110,6634,31000,44.233658,-96.092377,C-17A Globemaster,106,479,0,False,adsb_icao
ae07d7,2026-09-27 06:14:10.023508,RCH215,92-3293,6723,10850,48.755367,-54.927158,C-17A Globemaster,246,311,,False,adsb_icao
ae20c2,2026-09-27 06:14:10.023510,MOOSE54,07-7181,2273,22000,49.967194,9.987369,C-17A Globemaster,248,408,32,False,mlat
ae5e12,2026-09-27 06:14:10.023513,UNK C/S,17-46037,3276,27000,24.628092,53.94524,KC-46A Pegasus,,,0,False,mlat
ae123a,2026-09-27 06:14:10.023519,MOOSE69,04-4128,7024,35975,37.3,26.5,C-17A Globemaster,,,,False,mode_s
ae5e0b,2026-09-27 06:14:10.023525,CABAL52,17-46030,2454,Unavailable,54.8,-119.1,KC-46A Pegasus,,,,False,mode_s
ae0588,2026-09-27 06:15:10.247709,RCH5043,87-0043,2405,5925,21.195461,-157.94101,C-5M Galaxy,269,359,2400,False,mlat
ae0143,2026-09-27 06:15:10.247719,UNK C/S,58-0035,1654,34000,50.506199,-126.713203,KC-135R Stratotanker,292,436,28,False,other
ae025d,2026-09-27 06:15:10.247722,UNK C/S,58-0092,1523,38000,49.704262,-124.70533,KC-135R Stratotanker,300,404,0,False,mlat
ae1459,2026-09-27 06:15:10.247725,RCH721,06-6155,3260,21225,38.796635,-120.745667,C-17A Globemaster,56,460,1024,False,adsb_icao
ae0812,2026-09-27 06:15:10.247728,RCH5039,00-0176,2117,34000,39.660088,-119.065002,C-17A Globemaster,248,408,64,False,adsb_icao
ae07a9,2026-09-27 06:15:10.247731,UNK C/S,59-1515,3521,22150,33.345741,-115.807335,KC-135R Stratotanker,215,359,,False,adsb_icao
af3bca,2026-09-27 06:15:10.247734,HORSE60,19-46107,3770,22000,32.57719,-114.287918,KC-46A Pegasus,284,383,0,False,mlat
ae117c,2026-09-27 06:15:10.247738,BANNR67,02-1110,6634,31000,44.195526,-95.914108,C-17A Globemaster,106,477,0,False,adsb_icao
ae07d7,2026-09-27 06:15:10.247741,RCH215,92-3293,6723,13125,48.703491,-55.110802,C-17A Globemaster,246,354,,False,adsb_icao
ae20c2,2026-09-27 06:15:10.247744,MOOSE54,07-7181,2273,22000,49.925217,9.825191,C-17A Globemaster,248,404,-96,False,mlat
ae5e12,2026-09-27 06:15:10.247747,UNK C/S,17-46037,3276,27000,24.599243,54.101997,KC-46A Pegasus,,,-1,False,mlat
ae123a,2026-09-27 06:15:10.247753,MOOSE69,04-4128,7024,36000,37.4,26.2,C-17A Globemaster,,,,False,mode_s
ae5e0b,2026-09-27 06:15:10.247758,CABAL52,17-46030,2454,Unavailable,55.1,-118.3,KC-46A Pegasus,,,,False,mode_s
ae5f95,2026-09-27 06:15:10.247760,CABAL53,18-46042,1115,Unavailable,54.9,-119.7,KC-46A Pegasus,,,,False,mode_s
ae0588,2026-09-27 06:16:10.496526,RCH5043,87-0043,2405,8150,21.198229,-158.029037,C-5M Galaxy,275,293,2120,False,mlat
ae0143,2026-09-27 06:16:10.496536,UNK C/S,58-0035,1654,34000,50.5564,-126.895599,KC-135R Stratotanker,293,437,12,False,other
ae025d,2026-09-27 06:16:10.496539,UNK C/S,58-0092,1523,38000,49.764202,-124.866798,KC-135R Stratotanker,300,442,0,False,mlat
ae1459,2026-09-27 06:16:10.496543,RCH721,06-6155,3260,22075,38.865208,-120.605347,C-17A Globemaster,57,469,704,False,adsb_icao
ae0812,2026-09-27 06:16:10.496545,RCH5039,00-0176,2117,34000,39.618347,-119.201302,C-17A Globemaster,248,409,0,False,adsb_icao
ae07a9,2026-09-27 06:16:10.496548,UNK C/S,59-1515,3521,22150,33.249844,-115.80761,KC-135R Stratotanker,148,379,,False,adsb_icao
af3bca,2026-09-27 06:16:10.496551,HORSE60,19-46107,3770,22000,32.604862,-114.416275,KC-46A Pegasus,284,402,0,False,mlat
ae117c,2026-09-27 06:16:10.496555,BANNR67,02-1110,6634,31000,44.157543,-95.738136,C-17A Globemaster,106,474,-64,False,adsb_icao
ae07d7,2026-09-27 06:16:10.496558,RCH215,92-3293,6723,15375,48.666,-55.242638,C-17A Globemaster,246,366,,False,adsb_icao
ae20c2,2026-09-27 06:16:10.496561,MOOSE54,07-7181,2273,21425,49.884239,9.658586,C-17A Globemaster,248,402,-960,False,mlat
ae5e12,2026-09-27 06:16:10.496563,UNK C/S,17-46037,3276,27000,24.579626,54.18689,KC-46A Pegasus,,,0,False,mlat
ae123a,2026-09-27 06:16:10.496569,MOOSE69,04-4128,7024,36000,37.3,26.5,C-17A Globemaster,,,,False,mode_s
ae5e0b,2026-09-27 06:16:10.496575,CABAL52,17-46030,2454,Unavailable,54.9,-119.7,KC-46A Pegasus,,,,False,mode_s
ae5f95,2026-09-27 06:16:10.496577,CABAL53,18-46042,1115,Unavailable,54.9,-119.7,KC-46A Pegasus,,,,False,mode_s
ae0588,2026-09-27 06:17:10.757248,RCH5043,87-0043,2405,10350,21.191399,-158.133667,C-5M Galaxy,265,345,1999,False,mlat
ae0143,2026-09-27 06:17:10.757258,UNK C/S,58-0035,1654,34000,50.605598,-127.074402,KC-135R Stratotanker,293,435,81,False,other
ae025d,2026-09-27 06:17:10.757261,UNK C/S,58-0092,1523,38000,49.829884,-125.037193,KC-135R Stratotanker,299,443,0,False,mlat
ae1459,2026-09-27 06:17:10.757264,RCH721,06-6155,3260,22775,38.936012,-120.461609,C-17A Globemaster,57,475,576,False,adsb_icao
ae0812,2026-09-27 06:17:10.757267,RCH5039,00-0176,2117,34000,39.57629,-119.338074,C-17A Globemaster,248,411,64,False,adsb_icao
ae07a9,2026-09-27 06:17:10.757270,UNK C/S,59-1515,3521,22150,33.16713,-115.725533,KC-135R Stratotanker,140,386,,False,adsb_icao
af3bca,2026-09-27 06:17:10.757272,HORSE60,19-46107,3770,22000,32.636204,-114.544029,KC-46A Pegasus,288,391,0,False,mlat
ae117c,2026-09-27 06:17:10.757276,BANNR67,02-1110,6634,31000,44.118896,-95.560936,C-17A Globemaster,106,477,64,False,adsb_icao
ae07d7,2026-09-27 06:17:10.757279,RCH215,92-3293,6723,15800,48.658493,-55.268963,C-17A Globemaster,246,369,,False,adsb_icao
ae20c2,2026-09-27 06:17:10.757282,MOOSE54,07-7181,2273,20350,49.842831,9.497821,C-17A Globemaster,248,396,-1216,False,mlat
ae5e12,2026-09-27 06:17:10.757284,UNK C/S,17-46037,3276,27000,24.54995,54.366173,KC-46A Pegasus,,,0,False,mlat
ae123a,2026-09-27 06:17:10.757290,MOOSE69,04-4128,7024,36000,37.5,25.9,C-17A Globemaster,,,,False,mode_s
ae5e0b,2026-09-27 06:17:10.757295,CABAL52,17-46030,2454,Unavailable,54.9,-119.7,KC-46A Pegasus,,,,False,mode_s
ae5f95,2026-09-27 06:17:10.757297,CABAL53,18-46042,1115,Unavailable,54.9,-119.7,KC-46A Pegasus,,,,False,mode_s
ae0588,2026-09-27 06:18:11.022562,RCH5043,87-0043,2405,11275,21.193598,-158.233871,C-5M Galaxy,274,398,1385,False,mlat
ae0143,2026-09-27 06:18:11.022571,UNK C/S,58-0035,1654,34000,50.651901,-127.250801,KC-135R Stratotanker,292,439,36,False,other
ae025d,2026-09-27 06:18:11.022574,UNK C/S,58-0092,1523,38000,49.893044,-125.200562,KC-135R Stratotanker,302,453,0,False,mlat
ae1459,2026-09-27 06:18:11.022578,RCH721,06-6155,3260,23450,39.006027,-120.318054,C-17A Globemaster,58,477,896,False,adsb_icao
ae0812,2026-09-27 06:18:11.022580,RCH5039,00-0176,2117,33050,39.533295,-119.477036,C-17A Globemaster,248,419,-1024,False,adsb_icao
ae07a9,2026-09-27 06:18:11.022583,UNK C/S,59-1515,3521,22150,33.084583,-115.643547,KC-135R Stratotanker,139,388,,False,adsb_icao
af3bca,2026-09-27 06:18:11.022586,HORSE60,19-46107,3770,22000,32.726482,-114.625938,KC-46A Pegasus,349,443,0,False,mlat
ae117c,2026-09-27 06:18:11.022590,BANNR67,02-1110,6634,31000,44.080582,-95.385918,C-17A Globemaster,106,478,-64,False,adsb_icao
ae20c2,2026-09-27 06:18:11.022593,MOOSE54,07-7181,2273,19125,49.802147,9.338794,C-17A Globemaster,248,390,-1248,False,mlat
ae5e12,2026-09-27 06:18:11.022596,UNK C/S,17-46037,3276,27025,24.593573,54.534016,KC-46A Pegasus,64,452,-24,False,mlat
ae123a,2026-09-27 06:18:11.022602,MOOSE69,04-4128,7024,35975,37.4,26.4,C-17A Globemaster,,,,False,mode_s
ae5e0b,2026-09-27 06:18:11.022607,CABAL52,17-46030,2454,Unavailable,55.7,-118.6,KC-46A Pegasus,,,,False,mode_s
ae0588,2026-09-27 06:19:11.284252,RCH5043,87-0043,2405,12900,21.195997,-158.349579,C-5M Galaxy,273,404,1712,False,mlat
ae0143,2026-09-27 06:19:11.284261,UNK C/S,58-0035,1654,34000,50.677898,-127.342697,KC-135R Stratotanker,293,445,22,False,other
ae025d,2026-09-27 06:19:11.284265,UNK C/S,58-0092,1523,38000,49.963547,-125.351707,KC-135R Stratotanker,307,443,0,False,mlat
ae1459,2026-09-27 06:19:11.284268,RCH721,06-6155,3260,24100,39.076904,-120.17144,C-17A Globemaster,58,484,384,False,adsb_icao
ae0812,2026-09-27 06:19:11.284271,RCH5039,00-0176,2117,31925,39.489212,-119.618607,C-17A Globemaster,248,421,-1984,False,adsb_icao
ae07a9,2026-09-27 06:19:11.284274,UNK C/S,59-1515,3521,22150,33.009842,-115.550735,KC-135R Stratotanker,110,400,,False,adsb_icao
af3bca,2026-09-27 06:19:11.284276,HORSE60,19-46107,3770,22000,32.841328,-114.642677,KC-46A Pegasus,353,429,0,False,mlat
ae117c,2026-09-27 06:19:11.284280,BANNR67,02-1110,6634,31000,44.041397,-95.208565,C-17A Globemaster,107,478,64,False,adsb_icao
ae20c2,2026-09-27 06:19:11.284283,MOOSE54,07-7181,2273,17950,49.764122,9.188964,C-17A Globemaster,247,376,-1248,False,mlat
ae5e12,2026-09-27 06:19:11.284285,UNK C/S,17-46037,3276,27000,24.643795,54.664127,KC-46A Pegasus,71,474,0,False,mlat
ae123a,2026-09-27 06:19:11.284291,MOOSE69,04-4128,7024,35975,37.5,26.0,C-17A Globemaster,,,,False,mode_s
ae5e0b,2026-09-27 06:19:11.284297,CABAL52,17-46030,2454,Unavailable,56.1,-118.0,KC-46A Pegasus,,,,False,mode_s
ae0588,2026-09-27 06:20:11.536843,RCH5043,87-0043,2405,14800,21.198416,-158.472061,C-5M Galaxy,269,418,1777,False,mlat
ae0143,2026-09-27 06:20:11.536853,UNK C/S,58-0035,1654,34000,50.779999,-127.450401,KC-135R Stratotanker,336,294,-24,False,other
ae025d,2026-09-27 06:20:11.536856,UNK C/S,58-0092,1523,38000,50.041435,-125.516396,KC-135R Stratotanker,307,447,0,False,mlat
ae1459,2026-09-27 06:20:11.536860,RCH721,06-6155,3260,24725,39.147995,-120.023781,C-17A Globemaster,58,484,576,False,adsb_icao
ae0812,2026-09-27 06:20:11.536862,RCH5039,00-0176,2117,30800,39.44545,-119.75856,C-17A Globemaster,248,420,-1024,False,adsb_icao
ae07a9,2026-09-27 06:20:11.536865,UNK C/S,59-1515,3521,22150,33.048523,-115.435822,KC-135R Stratotanker,31,406,,False,adsb_icao
af3bca,2026-09-27 06:20:11.536868,HORSE60,19-46107,3770,22100,32.964436,-114.662979,KC-46A Pegasus,352,432,189,False,mlat
ae117c,2026-09-27 06:20:11.536871,BANNR67,02-1110,6634,31000,44.002106,-95.032982,C-17A Globemaster,107,478,64,False,adsb_icao
ae20c6,2026-09-27 06:20:11.536874,RCH4180,07-7185,2125,2875,38.836552,-76.857231,C-17A Globemaster,60,127,3330,False,mlat
ae20c2,2026-09-27 06:20:11.536877,MOOSE54,07-7181,2273,16675,49.724617,9.038504,C-17A Globemaster,247,372,-1344,False,mlat
ae5e12,2026-09-27 06:20:11.536880,UNK C/S,17-46037,3276,27000,24.682459,54.801109,KC-46A Pegasus,69,470,0,False,mlat
ae123a,2026-09-27 06:20:11.536886,MOOSE69,04-4128,7024,36000,37.5,26.0,C-17A Globemaster,,,,False,mode_s
ae63ba,2026-09-27 06:20:11.536889,RCH5064,20-46078,3530,Unavailable,46.8,-60.2,KC-46A Pegasus,,,,False,mode_s
ae5e0b,2026-09-27 06:20:11.536894,CABAL52,17-46030,2454,Unavailable,54.9,-119.7,KC-46A Pegasus,,,,False,mode_s
ae0588,2026-09-27 06:21:11.771321,RCH5043,87-0043,2405,16625,21.199327,-158.591797,C-5M Galaxy,268,420,1632,False,mlat
ae0143,2026-09-27 06:21:11.771330,UNK C/S,58-0035,1654,34000,50.830002,-127.479797,KC-135R Stratotanker,338,318,64,False,other
ae025d,2026-09-27 06:21:11.771334,UNK C/S,58-0092,1523,38000,50.112171,-125.666412,KC-135R Stratotanker,307,446,0,False,mlat
ae0812,2026-09-27 06:21:11.771337,RCH5039,00-0176,2117,29800,39.401001,-119.899887,C-17A Globemaster,247,423,-1024,False,adsb_icao
ae1459,2026-09-27 06:21:11.771339,RCH721,06-6155,3260,25175,39.220074,-119.873779,C-17A Globemaster,58,489,768,False,adsb_icao
ae07a9,2026-09-27 06:21:11.771342,UNK C/S,59-1515,3521,22175,33.153198,-115.443436,KC-135R Stratotanker,326,379,,False,adsb_icao
af3bca,2026-09-27 06:21:11.771346,HORSE60,19-46107,3770,23025,33.081764,-114.679642,KC-46A Pegasus,355,440,1122,False,mlat
ae117c,2026-09-27 06:21:11.771350,BANNR67,02-1110,6634,31000,43.962112,-94.855125,C-17A Globemaster,107,474,0,False,adsb_icao
ae20c6,2026-09-27 06:21:11.771352,RCH4180,07-7185,2125,4050,38.850616,-76.790367,C-17A Globemaster,95,297,1931,False,mlat
ae20c2,2026-09-27 06:21:11.771355,MOOSE54,07-7181,2273,15200,49.687244,8.895654,C-17A Globemaster,247,366,-1536,False,mlat
ae5e12,2026-09-27 06:21:11.771358,UNK C/S,17-46037,3276,27025,24.762362,54.910179,KC-46A Pegasus,43,467,75,False,mlat
ae123a,2026-09-27 06:21:11.771364,MOOSE69,04-4128,7024,36000,37.5,26.1,C-17A Globemaster,,,,False,mode_s
ae5e0b,2026-09-27 06:21:11.771370,CABAL52,17-46030,2454,Unavailable,54.9,-119.7,KC-46A Pegasus,,,,False,mode_s
ae0588,2026-09-27 06:22:12.007953,RCH5043,87-0043,2405,18100,21.198973,-158.665527,C-5M Galaxy,274,429,1434,False,mlat
ae0143,2026-09-27 06:22:12.007962,UNK C/S,58-0035,1654,34000,50.925598,-127.540703,KC-135R Stratotanker,337,363,-56,False,other
ae025d,2026-09-27 06:22:12.007966,UNK C/S,58-0092,1523,38000,50.180046,-125.813797,KC-135R Stratotanker,306,460,0,False,mlat
ae0812,2026-09-27 06:22:12.007970,RCH5039,00-0176,2117,28825,39.35675,-120.039978,C-17A Globemaster,247,427,-960,False,adsb_icao
ae1459,2026-09-27 06:22:12.007972,RCH721,06-6155,3260,25700,39.291298,-119.724609,C-17A Globemaster,58,490,1024,False,adsb_icao
ae07a9,2026-09-27 06:22:12.007975,UNK C/S,59-1515,3521,22150,33.235085,-115.521744,KC-135R Stratotanker,321,375,,False,adsb_icao
af3bca,2026-09-27 06:22:12.007978,HORSE60,19-46107,3770,23275,33.194977,-114.698997,KC-46A Pegasus,351,430,280,False,mlat
ae117c,2026-09-27 06:22:12.007982,BANNR67,02-1110,6634,31000,43.92292,-94.682465,C-17A Globemaster,107,472,0,False,adsb_icao
ae20c6,2026-09-27 06:22:12.007984,RCH4180,07-7185,2125,7700,38.785809,-76.748802,C-17A Globemaster,185,337,3257,False,mlat
ae20c2,2026-09-27 06:22:12.007988,MOOSE54,07-7181,2273,13700,49.64883,8.749284,C-17A Globemaster,247,358,-1440,False,mlat
ae5e12,2026-09-27 06:22:12.007990,UNK C/S,17-46037,3276,27000,24.853439,55.010548,KC-46A Pegasus,42,447,0,False,mlat
ae123a,2026-09-27 06:22:12.007996,MOOSE69,04-4128,7024,36000,37.2,25.2,C-17A Globemaster,,,,False,mode_s
ae5e0b,2026-09-27 06:22:12.008000,CABAL52,17-46030,2454,Unavailable,54.9,-119.7,KC-46A Pegasus,,,,False,mode_s
ae0588,2026-09-27 06:23:12.254213,RCH5043,87-0043,2405,19475,21.202463,-158.845901,C-5M Galaxy,271,497,1300,False,mlat
ae0143,2026-09-27 06:23:12.254223,UNK C/S,58-0035,1654,34000,51.153801,-127.773598,KC-135R Stratotanker,326,502,-17,False,other
ae025d,2026-09-27 06:23:12.254226,UNK C/S,58-0092,1523,38000,50.257133,-125.979767,KC-135R Stratotanker,305,426,0,False,mlat
ae0812,2026-09-27 06:23:12.254230,RCH5039,00-0176,2117,27850,39.311035,-120.184082,C-17A Globemaster,247,436,-1024,False,adsb_icao
ae1459,2026-09-27 06:23:12.254232,RCH721,06-6155,3260,26150,39.363327,-119.573402,C-17A Globemaster,58,493,448,False,adsb_icao
ae07a9,2026-09-27 06:23:12.254235,UNK C/S,59-1515,3521,22150,33.312653,-115.603806,KC-135R Stratotanker,317,373,,False,adsb_icao
af3bca,2026-09-27 06:23:12.254238,HORSE60,19-46107,3770,25825,33.317299,-114.718475,KC-46A Pegasus,352,406,2658,False,mlat
ae117c,2026-09-27 06:23:12.254242,BANNR67,02-1110,6634,31000,43.883072,-94.508186,C-17A Globemaster,107,475,-64,False,adsb_icao
ae20c6,2026-09-27 06:23:12.254244,RCH4180,07-7185,2125,10975,38.69553,-76.74472,C-17A Globemaster,187,328,2946,False,mlat
ae20c2,2026-09-27 06:23:12.254247,MOOSE54,07-7181,2273,12275,49.611008,8.607281,C-17A Globemaster,247,330,-1248,False,mlat
ae5e12,2026-09-27 06:23:12.254249,UNK C/S,17-46037,3276,27000,24.951241,55.104881,KC-46A Pegasus,45,469,12,False,mlat
ae123a,2026-09-27 06:23:12.254255,MOOSE69,04-4128,7024,36000,37.4,25.4,C-17A Globemaster,,,,False,mode_s
ae5e0b,2026-09-27 06:23:12.254260,CABAL52,17-46030,2454,Unavailable,54.9,-119.7,KC-46A Pegasus,,,,False,mode_s
ae0588,2026-09-27 06:24:12.492905,RCH5043,87-0043,2405,20750,21.199438,-158.948242,C-5M Galaxy,268,400,1272,False,mlat
ae025d,2026-09-27 06:24:12.492915,UNK C/S,58-0092,1523,38000,50.324093,-126.125992,KC-135R Stratotanker,304,415,0,False,mlat
ae0812,2026-09-27 06:24:12.492919,RCH5039,00-0176,2117,26850,39.264858,-120.328613,C-17A Globemaster,247,440,-1024,False,adsb_icao
ae1459,2026-09-27 06:24:12.492921,RCH721,06-6155,3260,26775,39.43454,-119.422791,C-17A Globemaster,58,490,768,False,adsb_icao
ae07a9,2026-09-27 06:24:12.492924,UNK C/S,59-1515,3521,22150,33.376968,-115.697571,KC-135R Stratotanker,286,359,20480,False,adsb_icao
af3bca,2026-09-27 06:24:12.492927,HORSE60,19-46107,3770,26000,33.426052,-114.734261,KC-46A Pegasus,352,368,-75,False,mlat
ae117c,2026-09-27 06:24:12.492931,BANNR67,02-1110,6634,31000,43.843269,-94.335152,C-17A Globemaster,107,476,-64,False,adsb_icao
ae20c6,2026-09-27 06:24:12.492933,RCH4180,07-7185,2125,14150,38.607845,-76.759018,C-17A Globemaster,190,339,3251,False,mlat
ae20c2,2026-09-27 06:24:12.492936,MOOSE54,07-7181,2273,10275,49.57933,8.487865,C-17A Globemaster,247,274,-1632,False,mlat
ae5e12,2026-09-27 06:24:12.492939,UNK C/S,17-46037,3276,27000,25.029472,55.215591,KC-46A Pegasus,64,464,0,False,mlat
ae123a,2026-09-27 06:24:12.492944,MOOSE69,04-4128,7024,36000,37.3,24.9,C-17A Globemaster,,,,False,mode_s
ae0143,2026-09-27 06:24:12.492949,UNK C/S,58-0035,1654,34000,51.0,-126.2,KC-135R Stratotanker,,,,False,mode_s
ae5e0b,2026-09-27 06:24:12.492953,CABAL52,17-46030,2454,Unavailable,54.9,-119.7,KC-46A Pegasus,,,,False,mode_s
ae0588,2026-09-27 06:25:12.733392,RCH5043,87-0043,2405,22000,21.203804,-159.097412,C-5M Galaxy,274,490,1289,False,mlat
ae025d,2026-09-27 06:25:12.733402,UNK C/S,58-0092,1523,38000,50.390709,-126.267113,KC-135R Stratotanker,306,452,0,False,mlat
ae0812,2026-09-27 06:25:12.733406,RCH5039,00-0176,2117,25850,39.2173,-120.476967,C-17A Globemaster,247,450,-1024,False,adsb_icao
ae1459,2026-09-27 06:25:12.733408,RCH721,06-6155,3260,27350,39.505905,-119.271301,C-17A Globemaster,58,490,640,False,adsb_icao
ae07a9,2026-09-27 06:25:12.733412,UNK C/S,59-1515,3521,22150,33.341537,-115.798096,KC-135R Stratotanker,212,347,,False,adsb_icao
af3bca,2026-09-27 06:25:12.733414,HORSE60,19-46107,3770,26000,33.531391,-114.750694,KC-46A Pegasus,353,366,0,False,mlat
ae117c,2026-09-27 06:25:12.733418,BANNR67,02-1110,6634,31000,43.802353,-94.159409,C-17A Globemaster,107,477,0,False,adsb_icao
ae20c6,2026-09-27 06:25:12.733421,RCH4180,07-7185,2125,15725,38.508003,-76.781738,C-17A Globemaster,187,371,1105,False,mlat
ae20c2,2026-09-27 06:25:12.733424,MOOSE54,07-7181,2273,8250,49.551514,8.384614,C-17A Globemaster,246,270,-1696,False,mlat
ae5e12,2026-09-27 06:25:12.733426,UNK C/S,17-46037,3276,27025,25.042015,55.356602,KC-46A Pegasus,90,487,0,False,mlat
ae123a,2026-09-27 06:25:12.733432,MOOSE69,04-4128,7024,36000,37.5,25.6,C-17A Globemaster,,,,False,mode_s
ae0143,2026-09-27 06:25:12.733437,UNK C/S,58-0035,1654,34000,51.1,-125.9,KC-135R Stratotanker,,,,False,mode_s
ae0588,2026-09-27 06:26:12.979974,RCH5043,87-0043,2405,23125,21.20665,-159.226059,C-5M Galaxy,273,492,1062,False,mlat
ae025d,2026-09-27 06:26:12.979984,UNK C/S,58-0092,1523,38000,50.504139,-126.519783,KC-135R Stratotanker,305,438,0,False,mlat
ae0812,2026-09-27 06:26:12.979988,RCH5039,00-0176,2117,24875,39.169147,-120.626587,C-17A Globemaster,247,453,-1024,False,adsb_icao
ae1459,2026-09-27 06:26:12.979990,RCH721,06-6155,3260,27925,39.576572,-119.120483,C-17A Globemaster,58,489,512,False,adsb_icao
ae07a9,2026-09-27 06:26:12.979994,UNK C/S,59-1515,3521,22175,33.247101,-115.792107,KC-135R Stratotanker,154,364,,False,adsb_icao
af3bca,2026-09-27 06:26:12.979996,HORSE60,19-46107,3770,26000,33.61314,-114.815018,KC-46A Pegasus,297,393,0,False,mlat
ae117c,2026-09-27 06:26:12.980000,BANNR67,02-1110,6634,31000,43.761711,-93.98542,C-17A Globemaster,108,481,0,False,adsb_icao
ae20c6,2026-09-27 06:26:12.980002,RCH4180,07-7185,2125,16800,38.401173,-76.753319,C-17A Globemaster,167,404,1053,False,mlat
ae20c2,2026-09-27 06:26:12.980005,MOOSE54,07-7181,2273,6575,49.522064,8.27583,C-17A Globemaster,246,266,-1600,False,mlat
ae5e12,2026-09-27 06:26:12.980008,UNK C/S,17-46037,3276,27000,25.047152,55.508465,KC-46A Pegasus,87,469,0,False,mlat
ae123a,2026-09-27 06:26:12.980015,MOOSE69,04-4128,7024,36000,37.7,25.2,C-17A Globemaster,,,,False,mode_s
ae0143,2026-09-27 06:26:12.980019,UNK C/S,58-0035,1654,33975,51.7,-127.6,KC-135R Stratotanker,,,,False,mode_s
ae025d,2026-09-27 06:27:13.204771,UNK C/S,58-0092,1523,38000,50.518841,-126.547165,KC-135R Stratotanker,304,440,0,False,mlat
ae0812,2026-09-27 06:27:13.204793,RCH5039,00-0176,2117,23875,39.120079,-120.777344,C-17A Globemaster,247,451,-1088,False,adsb_icao
ae1459,2026-09-27 06:27:13.204797,RCH721,06-6155,3260,28425,39.647331,-118.968994,C-17A Globemaster,58,489,448,False,adsb_icao
ae07a9,2026-09-27 06:27:13.204800,UNK C/S,59-1515,3521,22150,33.162186,-115.71888,KC-135R Stratotanker,141,375,,False,adsb_icao
af3bca,2026-09-27 06:27:13.204803,HORSE60,19-46107,3770,26000,33.648167,-114.91671,KC-46A Pegasus,292,331,0,False,mlat
ae117c,2026-09-27 06:27:13.204807,BANNR67,02-1110,6634,31000,43.719681,-93.807526,C-17A Globemaster,108,481,64,False,adsb_icao
ae20c6,2026-09-27 06:27:13.204810,RCH4180,07-7185,2125,18075,38.286858,-76.719658,C-17A Globemaster,168,434,1584,False,mlat
ae20c2,2026-09-27 06:27:13.204813,MOOSE54,07-7181,2273,5450,49.493156,8.168801,C-17A Globemaster,247,262,-1024,False,mlat
ae5e12,2026-09-27 06:27:13.204815,UNK C/S,17-46037,3276,27025,25.054844,55.644505,KC-46A Pegasus,85,463,17,False,mlat
ae123a,2026-09-27 06:27:13.204821,MOOSE69,04-4128,7024,36000,37.9,25.9,C-17A Globemaster,,,,False,mode_s
ae0588,2026-09-27 06:27:13.204825,RCH5043,87-0043,2405,24775,20.5,-158.7,C-5M Galaxy,,,,False,mode_s
ae0143,2026-09-27 06:27:13.204829,UNK C/S,58-0035,1654,33975,51.7,-127.6,KC-135R Stratotanker,,,,False,mode_s
ae025d,2026-09-27 06:28:13.483429,UNK C/S,58-0092,1523,38000,50.570599,-126.669998,KC-135R Stratotanker,304,445,14,False,other
ae0812,2026-09-27 06:28:13.483439,RCH5039,00-0176,2117,22875,39.07196,-120.924904,C-17A Globemaster,247,444,-1024,False,adsb_icao
ae1459,2026-09-27 06:28:13.483442,RCH721,06-6155,3260,28800,39.717579,-118.817505,C-17A Globemaster,58,492,384,False,adsb_icao
ae07a9,2026-09-27 06:28:13.483446,UNK C/S,59-1515,3521,22150,33.080578,-115.641586,KC-135R Stratotanker,141,378,,False,adsb_icao
af3bca,2026-09-27 06:28:13.483449,HORSE60,19-46107,3770,26000,33.686661,-115.034294,KC-46A Pegasus,293,338,0,False,mlat
ae117c,2026-09-27 06:28:13.483453,BANNR67,02-1110,6634,31000,43.677822,-93.631371,C-17A Globemaster,108,485,0,False,adsb_icao
ae20c6,2026-09-27 06:28:13.483456,RCH4180,07-7185,2125,19975,38.174507,-76.686661,C-17A Globemaster,169,452,2277,False,mlat
ae20c2,2026-09-27 06:28:13.483459,MOOSE54,07-7181,2273,4375,49.475609,8.064622,C-17A Globemaster,263,257,-1120,False,mlat
ae5e12,2026-09-27 06:28:13.483462,UNK C/S,17-46037,3276,27000,25.059624,55.783176,KC-46A Pegasus,90,464,11,False,mlat
ae123a,2026-09-27 06:28:13.483467,MOOSE69,04-4128,7024,36000,37.6,25.6,C-17A Globemaster,,,,False,mode_s
ae0588,2026-09-27 06:28:13.483471,RCH5043,87-0043,2405,25800,20.3,-158.9,C-5M Galaxy,,,,False,mode_s
ae0143,2026-09-27 06:28:13.483475,UNK C/S,58-0035,1654,34000,51.1,-126.0,KC-135R Stratotanker,,,,False,mode_s
ae1239,2026-09-27 06:28:13.483478,RCH5000,04-4129,1200,Unavailable,36.1,140.1,C-17A Globemaster,,,,False,mode_s
ae025d,2026-09-27 06:29:13.764308,UNK C/S,58-0092,1523,38000,50.672501,-126.903198,KC-135R Stratotanker,303,445,26,False,other
ae0812,2026-09-27 06:29:13.764317,RCH5039,00-0176,2117,21850,39.024399,-121.069931,C-17A Globemaster,247,437,-1088,False,adsb_icao
ae1459,2026-09-27 06:29:13.764321,RCH721,06-6155,3260,29000,39.788315,-118.664467,C-17A Globemaster,59,497,-64,False,adsb_icao
ae07a9,2026-09-27 06:29:13.764324,UNK C/S,59-1515,3521,22150,32.99675,-115.563705,KC-135R Stratotanker,142,381,,False,adsb_icao
af3bca,2026-09-27 06:29:13.764327,HORSE60,19-46107,3770,26000,33.718403,-115.133034,KC-46A Pegasus,291,334,0,False,mlat
ae117c,2026-09-27 06:29:13.764331,BANNR67,02-1110,6634,31000,43.63559,-93.45488,C-17A Globemaster,108,483,0,False,adsb_icao
ae20c6,2026-09-27 06:29:13.764334,RCH4180,07-7185,2125,21175,38.049873,-76.661545,C-17A Globemaster,181,445,1160,False,mlat
ae20c2,2026-09-27 06:29:13.764337,MOOSE54,07-7181,2273,3825,49.465286,7.959155,C-17A Globemaster,261,230,0,False,mlat
ae5e12,2026-09-27 06:29:13.764340,UNK C/S,17-46037,3276,27000,25.070868,55.934139,KC-46A Pegasus,83,467,0,False,mlat
ae123a,2026-09-27 06:29:13.764346,MOOSE69,04-4128,7024,36000,38.3,25.5,C-17A Globemaster,,,,False,mode_s
ae0588,2026-09-27 06:29:13.764350,RCH5043,87-0043,2405,26000,20.8,-157.9,C-5M Galaxy,,,,False,mode_s
ae0143,2026-09-27 06:29:13.764354,UNK C/S,58-0035,1654,34000,51.5,-127.2,KC-135R Stratotanker,,,,False,mode_s
ae025d,2026-09-27 06:30:13.984014,UNK C/S,58-0092,1523,38000,50.7402,-127.049599,KC-135R Stratotanker,305,436,29,False,other
ae0812,2026-09-27 06:30:13.984024,RCH5039,00-0176,2117,20225,38.97757,-121.212456,C-17A Globemaster,247,432,-2368,False,adsb_icao
ae1459,2026-09-27 06:30:13.984028,RCH721,06-6155,3260,29000,39.85968,-118.509163,C-17A Globemaster,59,505,64,False,adsb_icao
ae07a9,2026-09-27 06:30:13.984031,UNK C/S,59-1515,3521,22150,32.940857,-115.459442,KC-135R Stratotanker,94,399,,False,adsb_icao
af3bca,2026-09-27 06:30:13.984034,HORSE60,19-46107,3770,26000,33.753937,-115.242088,KC-46A Pegasus,291,337,0,False,mlat
ae117c,2026-09-27 06:30:13.984038,BANNR67,02-1110,6634,31000,43.592743,-93.278267,C-17A Globemaster,108,487,0,False,adsb_icao
ae20c6,2026-09-27 06:30:13.984041,RCH4180,07-7185,2125,22600,37.921375,-76.652191,C-17A Globemaster,176,459,1380,False,mlat
ae20c2,2026-09-27 06:30:13.984044,MOOSE54,07-7181,2273,3700,49.457966,7.871848,C-17A Globemaster,263,163,-896,False,mlat
ae5e12,2026-09-27 06:30:13.984047,UNK C/S,17-46037,3276,27000,25.093994,56.055161,KC-46A Pegasus,76,470,-23,False,mlat
ae123a,2026-09-27 06:30:13.984053,MOOSE69,04-4128,7024,36000,37.5,25.0,C-17A Globemaster,,,,False,mode_s
ae0588,2026-09-27 06:30:13.984057,RCH5043,87-0043,2405,26000,28.4,-134.2,C-5M Galaxy,,,,False,mode_s
ae0143,2026-09-27 06:30:13.984061,UNK C/S,58-0035,1654,Unavailable,51.5,-127.1,KC-135R Stratotanker,,,,False,mode_s
ae025d,2026-09-27 06:31:14.309988,UNK C/S,58-0092,1523,38000,50.805199,-127.197998,KC-135R Stratotanker,305,438,11,False,other
ae0812,2026-09-27 06:31:14.309997,RCH5039,00-0176,2117,17900,38.930752,-121.353821,C-17A Globemaster,246,420,-2432,False,adsb_icao
ae1459,2026-09-27 06:31:14.310000,RCH721,06-6155,3260,29000,39.93251,-118.349968,C-17A Globemaster,59,509,-64,False,adsb_icao
ae07a9,2026-09-27 06:31:14.310004,UNK C/S,59-1515,3521,22150,32.996319,-115.351456,KC-135R Stratotanker,27,399,,False,adsb_icao
af3bca,2026-09-27 06:31:14.310007,HORSE60,19-46107,3770,26000,33.787125,-115.343338,KC-46A Pegasus,291,342,0,False,mlat
ae117c,2026-09-27 06:31:14.310012,BANNR67,02-1110,6634,31000,43.549438,-93.100189,C-17A Globemaster,108,489,0,False,adsb_icao
ae20c6,2026-09-27 06:31:14.310015,RCH4180,07-7185,2125,23700,37.798744,-76.643814,C-17A Globemaster,176,453,1026,False,mlat
ae20c2,2026-09-27 06:31:14.310018,MOOSE54,07-7181,2273,2800,49.452301,7.798579,C-17A Globemaster,266,172,-928,False,mlat
ae5e12,2026-09-27 06:31:14.310021,UNK C/S,17-46037,3276,27025,25.095394,56.224289,KC-46A Pegasus,97,477,0,False,mlat
ae123a,2026-09-27 06:31:14.310026,MOOSE69,04-4128,7024,35975,37.3,24.8,C-17A Globemaster,,,,False,mode_s
ae0588,2026-09-27 06:31:14.310030,RCH5043,87-0043,2405,26000,20.4,-158.6,C-5M Galaxy,,,,False,mode_s
ae0143,2026-09-27 06:31:14.310034,UNK C/S,58-0035,1654,Unavailable,51.8,-127.9,KC-135R Stratotanker,,,,False,mode_s
ae025d,2026-09-27 06:32:14.544116,UNK C/S,58-0092,1523,38000,50.8853,-127.3741,KC-135R Stratotanker,305,441,0,False,other
aed867,2026-09-27 06:32:14.544126,BOE124,23-46124,Unavailable,0,47.912498,-122.281158,KC-46A Pegasus,359,135,-704,False,other
ae0812,2026-09-27 06:32:14.544130,RCH5039,00-0176,2117,15000,38.885193,-121.490578,C-17A Globemaster,246,411,-4160,False,adsb_icao
ae1459,2026-09-27 06:32:14.544133,RCH721,06-6155,3260,29000,40.004562,-118.191528,C-17A Globemaster,59,512,-64,False,adsb_icao
af3bca,2026-09-27 06:32:14.544136,HORSE60,19-46107,3770,26000,33.821594,-115.450714,KC-46A Pegasus,292,347,0,False,mlat
ae07a9,2026-09-27 06:32:14.544139,UNK C/S,59-1515,3521,22150,33.095032,-115.374847,KC-135R Stratotanker,318,373,,False,adsb_icao
ae117c,2026-09-27 06:32:14.544143,BANNR67,02-1110,6634,31000,43.506092,-92.923149,C-17A Globemaster,108,489,0,False,adsb_icao
ae20c6,2026-09-27 06:32:14.544146,RCH4180,07-7185,2125,24700,37.668419,-76.635414,C-17A Globemaster,177,464,1084,False,mlat
ae20c2,2026-09-27 06:32:14.544149,MOOSE54,07-7181,2273,2075,49.448341,7.739271,C-17A Globemaster,275,131,-640,False,mlat
ae5e12,2026-09-27 06:32:14.544152,UNK C/S,17-46037,3276,27000,25.092461,56.276237,KC-46A Pegasus,97,462,-44,False,mlat
ae123a,2026-09-27 06:32:14.544158,MOOSE69,04-4128,7024,36000,37.5,24.4,C-17A Globemaster,,,,False,mode_s
ae0588,2026-09-27 06:32:14.544161,RCH5043,87-0043,2405,26000,33.9,-117.2,C-5M Galaxy,,,,False,mode_s
ae0143,2026-09-27 06:32:14.544165,UNK C/S,58-0035,1654,Unavailable,51.9,-128.0,KC-135R Stratotanker,,,,False,mode_s
ae025d,2026-09-27 06:33:14.793237,UNK C/S,58-0092,1523,38000,50.9557,-127.534103,KC-135R Stratotanker,305,439,30,False,other
ae0812,2026-09-27 06:33:14.793247,RCH5039,00-0176,2117,11900,38.841187,-121.622253,C-17A Globemaster,246,388,-1344,False,adsb_icao
ae1459,2026-09-27 06:33:14.793250,RCH721,06-6155,3260,29000,40.077072,-118.031433,C-17A Globemaster,59,508,-128,False,adsb_icao
af3bca,2026-09-27 06:33:14.793253,HORSE60,19-46107,3770,26000,33.857681,-115.560387,KC-46A Pegasus,291,336,0,False,mlat
ae07a9,2026-09-27 06:33:14.793256,UNK C/S,59-1515,3521,22150,33.170013,-115.461861,KC-135R Stratotanker,316,377,,False,adsb_icao
ae117c,2026-09-27 06:33:14.793261,BANNR67,02-1110,6634,31000,43.462189,-92.745621,C-17A Globemaster,108,490,0,False,adsb_icao
ae20c6,2026-09-27 06:33:14.793264,RCH4180,07-7185,2125,25600,37.537769,-76.64547,C-17A Globemaster,196,475,945,False,mlat
ae20c2,2026-09-27 06:33:14.793267,MOOSE54,07-7181,2273,1425,49.441898,7.684687,C-17A Globemaster,257,131,-670,False,mlat
ae123a,2026-09-27 06:33:14.793269,MOOSE69,04-4128,7024,36000,38.257881,25.522818,C-17A Globemaster,,,0,False,mode_s
ae5e12,2026-09-27 06:33:14.793272,UNK C/S,17-46037,3276,27000,25.091293,56.371166,KC-46A Pegasus,92,463,0,False,mode_s
ae0588,2026-09-27 06:33:14.793279,RCH5043,87-0043,2405,26000,28.5,-134.2,C-5M Galaxy,,,,False,mode_s
ae07d7,2026-09-27 06:33:14.793283,RCH215,92-3293,6723,Unavailable,46.8,-60.2,C-17A Globemaster,,,,False,mode_s
ae0143,2026-09-27 06:33:14.793285,UNK C/S,58-0035,1654,34000,51.9,-128.0,KC-135R Stratotanker,,,,False,mode_s
ae025d,2026-09-27 06:34:15.087832,UNK C/S,58-0092,1523,38000,51.018902,-127.6819,KC-135R Stratotanker,304,438,25,False,other
ae0812,2026-09-27 06:34:15.087842,RCH5039,00-0176,2117,10825,38.79924,-121.737366,C-17A Globemaster,236,326,-1152,False,adsb_icao
ae1459,2026-09-27 06:34:15.087845,RCH721,06-6155,3260,29000,40.149261,-117.871277,C-17A Globemaster,59,511,-64,False,adsb_icao
af3bca,2026-09-27 06:34:15.087849,HORSE60,19-46107,3770,26000,33.892155,-115.6688,KC-46A Pegasus,291,347,0,False,mlat
ae07a9,2026-09-27 06:34:15.087852,UNK C/S,59-1515,3521,22150,33.247009,-115.549309,KC-135R Stratotanker,316,380,,False,adsb_icao
ae117c,2026-09-27 06:34:15.087856,BANNR67,02-1110,6634,31000,43.417645,-92.567207,C-17A Globemaster,108,493,0,False,adsb_icao
ae20c6,2026-09-27 06:34:15.087859,RCH4180,07-7185,2125,26675,37.407879,-76.678833,C-17A Globemaster,192,474,1069,False,mlat
ae20c2,2026-09-27 06:34:15.087863,MOOSE54,07-7181,2273,725,49.435955,7.629471,C-17A Globemaster,261,128,-640,False,mlat
ae123a,2026-09-27 06:34:15.087865,MOOSE69,04-4128,7024,36000,38.468323,25.410065,C-17A Globemaster,,,0,False,mlat
ae5e12,2026-09-27 06:34:15.087871,UNK C/S,17-46037,0716,27025,23.8,55.4,KC-46A Pegasus,,,,False,mode_s
ae0588,2026-09-27 06:34:15.087874,RCH5043,87-0043,2405,26000,21.4,-155.4,C-5M Galaxy,,,,False,mode_s
ae07d7,2026-09-27 06:34:15.087878,RCH215,92-3293,6723,32000,46.8,-60.2,C-17A Globemaster,244,386,,False,mode_s
ae0143,2026-09-27 06:34:15.087881,UNK C/S,58-0035,1654,34000,51.9,-128.0,KC-135R Stratotanker,,,,False,mode_s
ae025d,2026-09-27 06:35:15.358316,UNK C/S,58-0092,1523,38000,51.086601,-127.8367,KC-135R Stratotanker,304,452,2,False,other
ae0812,2026-09-27 06:35:15.358325,RCH5039,00-0176,2117,9750,38.753529,-121.825256,C-17A Globemaster,236,281,-1344,False,adsb_icao
ae1459,2026-09-27 06:35:15.358328,RCH721,06-6155,3260,29000,40.220901,-117.711304,C-17A Globemaster,59,513,64,False,adsb_icao
af3bca,2026-09-27 06:35:15.358332,HORSE60,19-46107,3770,26000,33.925518,-115.773956,KC-46A Pegasus,291,344,0,False,mlat
ae07a9,2026-09-27 06:35:15.358335,UNK C/S,59-1515,3521,22150,33.323181,-115.637253,KC-135R Stratotanker,316,384,,False,adsb_icao
ae117c,2026-09-27 06:35:15.358339,BANNR67,02-1110,6634,31000,43.372925,-92.389145,C-17A Globemaster,109,490,0,False,adsb_icao
ae20c6,2026-09-27 06:35:15.358342,RCH4180,07-7185,2125,28350,37.280251,-76.711731,C-17A Globemaster,191,475,1784,False,mlat
ae07d7,2026-09-27 06:35:15.358345,RCH215,92-3293,6723,32000,47.82819,-58.018307,C-17A Globemaster,244,387,,False,adsb_icao
ae123a,2026-09-27 06:35:15.358348,MOOSE69,04-4128,7024,36000,38.50563,25.388231,C-17A Globemaster,,,0,False,mode_s
ae5e12,2026-09-27 06:35:15.358354,UNK C/S,17-46037,0716,26500,23.7,55.4,KC-46A Pegasus,,,,False,mode_s
ae0588,2026-09-27 06:35:15.358357,RCH5043,87-0043,2405,26000,23.9,-147.4,C-5M Galaxy,,,,False,mode_s
ae0143,2026-09-27 06:35:15.358361,UNK C/S,58-0035,1654,33975,51.9,-128.0,KC-135R Stratotanker,,,,False,mode_s
ae0812,2026-09-27 06:36:15.585270,RCH5039,00-0176,2117,6975,38.712002,-121.906189,C-17A Globemaster,237,264,-2880,False,adsb_icao
ae1459,2026-09-27 06:36:15.585279,RCH721,06-6155,3260,29000,40.293274,-117.54895,C-17A Globemaster,59,515,-64,False,adsb_icao
af3bca,2026-09-27 06:36:15.585283,HORSE60,19-46107,3770,26000,33.961327,-115.885933,KC-46A Pegasus,291,348,0,False,mlat
ae07a9,2026-09-27 06:36:15.585287,UNK C/S,59-1515,3521,22150,33.376099,-115.742287,KC-135R Stratotanker,273,367,,False,adsb_icao
ae117c,2026-09-27 06:36:15.585291,BANNR67,02-1110,6634,31000,43.328064,-92.212212,C-17A Globemaster,109,493,0,False,adsb_icao
ae20c6,2026-09-27 06:36:15.585295,RCH4180,07-7185,2125,29950,37.15308,-76.744133,C-17A Globemaster,190,461,1911,False,mlat
ae07d7,2026-09-27 06:36:15.585298,RCH215,92-3293,6723,32000,47.765667,-58.213524,C-17A Globemaster,244,383,,False,adsb_icao
ae123a,2026-09-27 06:36:15.585301,MOOSE69,04-4128,7024,36000,38.657265,25.309057,C-17A Globemaster,,,0,False,mlat
ae5e12,2026-09-27 06:36:15.585307,UNK C/S,17-46037,0716,25625,23.9,56.0,KC-46A Pegasus,,,,False,mode_s
ae0588,2026-09-27 06:36:15.585311,RCH5043,87-0043,2405,26000,31.2,-125.2,C-5M Galaxy,,,,False,mode_s
ae025d,2026-09-27 06:36:15.585314,UNK C/S,58-0092,1523,38000,51.6,-127.5,KC-135R Stratotanker,,,,False,mode_s
ae0143,2026-09-27 06:36:15.585317,UNK C/S,58-0035,1654,33975,52.3,-127.7,KC-135R Stratotanker,,,,False,mode_s
ae0812,2026-09-27 06:37:15.847526,RCH5039,00-0176,2117,5200,38.663494,-121.971313,C-17A Globemaster,194,254,-1472,False,adsb_icao
ae1459,2026-09-27 06:37:15.847536,RCH721,06-6155,3260,29000,40.364731,-117.387695,C-17A Globemaster,60,512,-512,False,adsb_icao
af3bca,2026-09-27 06:37:15.847539,HORSE60,19-46107,3770,26000,33.994652,-115.990479,KC-46A Pegasus,289,352,36,False,mlat
ae07a9,2026-09-27 06:37:15.847543,UNK C/S,59-1515,3521,22150,33.31691,-115.824409,KC-135R Stratotanker,190,353,128,False,adsb_icao
ae117c,2026-09-27 06:37:15.847547,BANNR67,02-1110,6634,31000,43.282875,-92.034561,C-17A Globemaster,109,492,0,False,adsb_icao
ae20c6,2026-09-27 06:37:15.847551,RCH4180,07-7185,2125,32725,37.030933,-76.77684,C-17A Globemaster,191,439,2635,False,mlat
ae07d7,2026-09-27 06:37:15.847554,RCH215,92-3293,6723,32000,47.721397,-58.350712,C-17A Globemaster,244,379,-192,False,adsb_icao
ae123a,2026-09-27 06:37:15.847557,MOOSE69,04-4128,7024,36000,38.816498,25.225113,C-17A Globemaster,,,0,False,mlat
ae5e12,2026-09-27 06:37:15.847564,UNK C/S,17-46037,0716,25000,23.9,56.2,KC-46A Pegasus,,,,False,mode_s
ae0588,2026-09-27 06:37:15.847567,RCH5043,87-0043,2405,Unavailable,20.4,-157.8,C-5M Galaxy,,,,False,mode_s
ae025d,2026-09-27 06:37:15.847571,UNK C/S,58-0092,1523,38000,51.7,-127.5,KC-135R Stratotanker,,,,False,mode_s
ae0143,2026-09-27 06:37:15.847574,UNK C/S,58-0035,1654,34000,52.2,-127.8,KC-135R Stratotanker,,,,False,mode_s
ae0812,2026-09-27 06:38:16.198100,RCH5039,00-0176,2117,5075,38.595482,-121.992126,C-17A Globemaster,193,252,0,False,adsb_icao
ae1459,2026-09-27 06:38:16.198109,RCH721,06-6155,3260,29000,40.436188,-117.225647,C-17A Globemaster,60,512,-64,False,adsb_icao
af3bca,2026-09-27 06:38:16.198113,HORSE60,19-46107,3770,26000,34.029877,-116.103622,KC-46A Pegasus,290,359,0,False,mlat
ae07a9,2026-09-27 06:38:16.198117,UNK C/S,59-1515,3521,22150,33.230385,-115.771965,KC-135R Stratotanker,134,375,,False,adsb_icao
ae117c,2026-09-27 06:38:16.198121,BANNR67,02-1110,6634,31000,43.237518,-91.858284,C-17A Globemaster,109,492,0,False,adsb_icao
ae20c6,2026-09-27 06:38:16.198124,RCH4180,07-7185,2125,34025,36.903553,-76.810394,C-17A Globemaster,193,452,1852,False,mlat
ae07d7,2026-09-27 06:38:16.198127,RCH215,92-3293,6723,32000,47.673309,-58.499168,C-17A Globemaster,244,380,-448,False,adsb_icao
ae123a,2026-09-27 06:38:16.198130,MOOSE69,04-4128,7024,36000,38.882462,25.190025,C-17A Globemaster,,,-4,False,mlat
ae5e12,2026-09-27 06:38:16.198136,UNK C/S,17-46037,0716,25025,23.9,56.6,KC-46A Pegasus,,,,False,mode_s
ae0588,2026-09-27 06:38:16.198140,RCH5043,87-0043,2405,Unavailable,19.9,-159.1,C-5M Galaxy,,,,False,mode_s
ae025d,2026-09-27 06:38:16.198144,UNK C/S,58-0092,1523,38000,51.8,-127.9,KC-135R Stratotanker,,,,False,mode_s
ae0143,2026-09-27 06:38:16.198147,UNK C/S,58-0035,1654,33975,53.7,-126.7,KC-135R Stratotanker,,,,False,mode_s
ae0812,2026-09-27 06:39:16.447096,RCH5039,00-0176,2117,5075,38.533524,-121.96283,C-17A Globemaster,139,251,0,False,adsb_icao
ae1459,2026-09-27 06:39:16.447105,RCH721,06-6155,3260,29000,40.506824,-117.064568,C-17A Globemaster,60,508,-64,False,adsb_icao
af3bca,2026-09-27 06:39:16.447108,HORSE60,19-46107,3770,26000,34.064114,-116.209686,KC-46A Pegasus,292,351,0,False,mlat
ae07a9,2026-09-27 06:39:16.447112,UNK C/S,59-1515,3521,22150,33.15683,-115.682022,KC-135R Stratotanker,134,381,,False,adsb_icao
ae117c,2026-09-27 06:39:16.447116,BANNR67,02-1110,6634,31000,43.191696,-91.681358,C-17A Globemaster,109,489,0,False,adsb_icao
ae20c6,2026-09-27 06:39:16.447119,RCH4180,07-7185,2125,35525,36.783855,-76.840149,C-17A Globemaster,191,433,962,False,mlat
ae07d7,2026-09-27 06:39:16.447122,RCH215,92-3293,6723,32000,47.627594,-58.639458,C-17A Globemaster,244,384,,False,adsb_icao
ae123a,2026-09-27 06:39:16.447125,MOOSE69,04-4128,7024,36000,39.069817,25.088533,C-17A Globemaster,337,464,36,False,mlat
ae5e12,2026-09-27 06:39:16.447131,UNK C/S,17-46037,0716,25025,23.8,56.2,KC-46A Pegasus,,,,False,mode_s
ae0588,2026-09-27 06:39:16.447134,RCH5043,87-0043,2405,Unavailable,19.8,-159.3,C-5M Galaxy,,,,False,mode_s
ae025d,2026-09-27 06:39:16.447137,UNK C/S,58-0092,1523,38000,51.9,-128.0,KC-135R Stratotanker,,,,False,mode_s
ae0594,2026-09-27 06:39:16.447141,UNK C/S,58-0128,3517,2750,47.4,-117.4,KC-135R Stratotanker,,,,False,mode_s
ae0143,2026-09-27 06:39:16.447144,UNK C/S,58-0035,1654,34000,53.8,-126.6,KC-135R Stratotanker,,,,False,mode_s
ae0812,2026-09-27 06:40:16.730621,RCH5039,00-0176,2117,4000,38.482735,-121.900757,C-17A Globemaster,112,258,-640,False,adsb_icao
ae0594,2026-09-27 06:40:16.730631,UNK C/S,58-0128,3517,5800,47.617123,-117.771072,KC-135R Stratotanker,300,221,2141,False,mlat
ae1459,2026-09-27 06:40:16.730635,RCH721,06-6155,3260,29000,40.580017,-116.904175,C-17A Globemaster,53,509,-64,False,adsb_icao
af3bca,2026-09-27 06:40:16.730638,HORSE60,19-46107,3770,26000,34.09959,-116.320755,KC-46A Pegasus,291,343,0,False,mlat
ae07a9,2026-09-27 06:40:16.730641,UNK C/S,59-1515,3521,22150,33.117508,-115.564194,KC-135R Stratotanker,89,401,,False,adsb_icao
ae117c,2026-09-27 06:40:16.730645,BANNR67,02-1110,6634,31000,43.146835,-91.504555,C-17A Globemaster,109,491,0,False,adsb_icao
ae20c6,2026-09-27 06:40:16.730648,RCH4180,07-7185,2125,36775,36.66914,-76.870323,C-17A Globemaster,192,429,966,False,mlat
ae07d7,2026-09-27 06:40:16.730651,RCH215,92-3293,6723,31975,47.579636,-58.785576,C-17A Globemaster,244,386,,False,adsb_icao
ae123a,2026-09-27 06:40:16.730654,MOOSE69,04-4128,7024,36000,39.170296,25.033813,C-17A Globemaster,337,469,0,False,mlat
ae5e12,2026-09-27 06:40:16.730657,UNK C/S,17-46037,0716,25000,25.295181,55.5401,KC-46A Pegasus,,,-48,False,mlat
ae0588,2026-09-27 06:40:16.730664,RCH5043,87-0043,2405,Unavailable,19.8,-159.4,C-5M Galaxy,,,,False,mode_s
ae025d,2026-09-27 06:40:16.730667,UNK C/S,58-0092,1523,38000,51.8,-127.9,KC-135R Stratotanker,,,,False,mode_s
ae0143,2026-09-27 06:40:16.730671,UNK C/S,58-0035,1654,33975,53.9,-126.6,KC-135R Stratotanker,,,,False,mode_s
ae0812,2026-09-27 06:41:17.035598,RCH5039,00-0176,2117,3125,38.45927,-121.814026,C-17A Globemaster,109,257,-448,False,adsb_icao
ae0594,2026-09-27 06:41:17.035608,UNK C/S,58-0128,3517,8600,47.649258,-117.855141,KC-135R Stratotanker,288,247,3794,False,mlat
ae1459,2026-09-27 06:41:17.035611,RCH721,06-6155,3260,29000,40.668549,-116.757935,C-17A Globemaster,51,512,-64,False,adsb_icao
af3bca,2026-09-27 06:41:17.035615,HORSE60,19-46107,3770,26000,34.131947,-116.426674,KC-46A Pegasus,290,343,13,False,mlat
ae07a9,2026-09-27 06:41:17.035618,UNK C/S,59-1515,3521,22150,33.189697,-115.480209,KC-135R Stratotanker,2,394,,False,adsb_icao
ae117c,2026-09-27 06:41:17.035622,BANNR67,02-1110,6634,31000,43.102203,-91.329216,C-17A Globemaster,109,490,0,False,adsb_icao
ae20c6,2026-09-27 06:41:17.035625,RCH4180,07-7185,2125,37925,36.549515,-76.900352,C-17A Globemaster,192,431,1584,False,mlat
ae07d7,2026-09-27 06:41:17.035628,RCH215,92-3293,6723,32000,47.532028,-58.930115,C-17A Globemaster,243,388,-480,False,adsb_icao
ae123a,2026-09-27 06:41:17.035631,MOOSE69,04-4128,7024,36000,39.304352,24.961409,C-17A Globemaster,338,456,0,False,mlat
ae5e12,2026-09-27 06:41:17.035637,UNK C/S,17-46037,0716,25025,24.3,57.4,KC-46A Pegasus,,,,False,mode_s
ae0588,2026-09-27 06:41:17.035641,RCH5043,87-0043,2405,Unavailable,19.9,-159.3,C-5M Galaxy,,,,False,mode_s
ae025d,2026-09-27 06:41:17.035645,UNK C/S,58-0092,1523,38000,51.9,-128.0,KC-135R Stratotanker,,,,False,mode_s
ae0143,2026-09-27 06:41:17.035647,UNK C/S,58-0035,1654,5500,53.9,-126.6,KC-135R Stratotanker,,,,False,mode_s
ae0812,2026-09-27 06:42:17.298153,RCH5039,00-0176,2117,2250,38.41407,-121.757202,C-17A Globemaster,188,193,-768,False,adsb_icao
ae0594,2026-09-27 06:42:17.298163,UNK C/S,58-0128,3517,11175,47.679214,-117.956604,KC-135R Stratotanker,292,276,1577,False,mlat
ae1459,2026-09-27 06:42:17.298167,RCH721,06-6155,3260,29000,40.75695,-116.609947,C-17A Globemaster,51,509,-128,False,adsb_icao
af3bca,2026-09-27 06:42:17.298170,HORSE60,19-46107,3770,26000,34.164848,-116.528381,KC-46A Pegasus,290,345,0,False,mlat
ae07a9,2026-09-27 06:42:17.298173,UNK C/S,59-1515,3521,22150,33.278458,-115.544914,KC-135R Stratotanker,315,375,,False,adsb_icao
ae117c,2026-09-27 06:42:17.298178,BANNR67,02-1110,6634,31000,43.056679,-91.152321,C-17A Globemaster,109,490,0,False,adsb_icao
ae20c6,2026-09-27 06:42:17.298180,RCH4180,07-7185,2125,38000,36.430088,-76.933022,C-17A Globemaster,193,431,6,False,mlat
ae07d7,2026-09-27 06:42:17.298183,RCH215,92-3293,6723,31975,47.484512,-59.07328,C-17A Globemaster,243,390,-288,False,adsb_icao
ae123a,2026-09-27 06:42:17.298186,MOOSE69,04-4128,7024,36000,39.420944,24.898209,C-17A Globemaster,338,440,0,False,mlat
ae5e12,2026-09-27 06:42:17.298192,UNK C/S,17-46037,0716,25000,24.1,57.2,KC-46A Pegasus,,,,False,mode_s
ae0154,2026-09-27 06:42:17.298196,UNK C/S,63-8045,6501,Unavailable,32.7,38.8,KC-135R Stratotanker,,,,False,mode_s
ae0588,2026-09-27 06:42:17.298199,RCH5043,87-0043,2405,29000,19.8,-159.4,C-5M Galaxy,,,,False,mode_s
ae025d,2026-09-27 06:42:17.298202,UNK C/S,58-0092,1523,38000,51.9,-128.0,KC-135R Stratotanker,,,,False,mode_s
ae0143,2026-09-27 06:42:17.298205,UNK C/S,58-0035,1654,Unavailable,53.9,-126.6,KC-135R Stratotanker,,,,False,mode_s
ae0812,2026-09-27 06:43:17.532012,RCH5039,00-0176,2117,2100,38.367096,-121.777603,C-17A Globemaster,226,178,64,False,adsb_icao
ae0594,2026-09-27 06:43:17.532021,UNK C/S,58-0128,3517,14000,47.717072,-118.080788,KC-135R Stratotanker,293,326,3358,False,mlat
af3bca,2026-09-27 06:43:17.532025,HORSE60,19-46107,3770,26000,34.196373,-116.632729,KC-46A Pegasus,291,320,0,False,mlat
ae1459,2026-09-27 06:43:17.532028,RCH721,06-6155,3260,29000,40.844143,-116.463753,C-17A Globemaster,51,509,-64,False,adsb_icao
ae07a9,2026-09-27 06:43:17.532031,UNK C/S,59-1515,3521,22150,33.352661,-115.634293,KC-135R Stratotanker,314,386,,False,adsb_icao
ae117c,2026-09-27 06:43:17.532035,BANNR67,02-1110,6634,30025,43.011337,-90.977463,C-17A Globemaster,109,492,-1280,False,adsb_icao
ae20c6,2026-09-27 06:43:17.532038,RCH4180,07-7185,2125,38000,36.335117,-77.014259,C-17A Globemaster,219,409,0,False,mlat
ae07d7,2026-09-27 06:43:17.532041,RCH215,92-3293,6723,32000,47.436539,-59.217201,C-17A Globemaster,243,391,-64,False,adsb_icao
ae123a,2026-09-27 06:43:17.532044,MOOSE69,04-4128,7024,36000,39.515503,24.846088,C-17A Globemaster,337,470,0,False,mlat
ae5e12,2026-09-27 06:43:17.532050,UNK C/S,17-46037,0716,25000,24.5,57.6,KC-46A Pegasus,,,,False,mode_s
ae0588,2026-09-27 06:43:17.532054,RCH5043,87-0043,2405,29000,19.8,-159.4,C-5M Galaxy,,,,False,mode_s
ae025d,2026-09-27 06:43:17.532057,UNK C/S,58-0092,1523,38000,51.8,-128.0,KC-135R Stratotanker,,,,False,mode_s
ae0143,2026-09-27 06:43:17.532060,UNK C/S,58-0035,1654,Unavailable,53.9,-126.6,KC-135R Stratotanker,,,,False,mode_s
ae0812,2026-09-27 06:44:17.769665,RCH5039,00-0176,2117,1575,38.336151,-121.822487,C-17A Globemaster,227,140,-640,False,adsb_icao
ae0594,2026-09-27 06:44:17.769675,UNK C/S,58-0128,3517,17150,47.751396,-118.201828,KC-135R Stratotanker,293,338,2909,False,mlat
af3bca,2026-09-27 06:44:17.769678,HORSE60,19-46107,3770,26000,34.230164,-116.742813,KC-46A Pegasus,289,342,0,False,mlat
ae1459,2026-09-27 06:44:17.769681,RCH721,06-6155,3260,29000,40.932449,-116.315369,C-17A Globemaster,51,510,0,False,adsb_icao
ae07a9,2026-09-27 06:44:17.769684,UNK C/S,59-1515,3521,22150,33.430885,-115.728912,KC-135R Stratotanker,314,408,,False,adsb_icao
ae117c,2026-09-27 06:44:17.769688,BANNR67,02-1110,6634,28800,42.964783,-90.799713,C-17A Globemaster,109,492,-1216,False,adsb_icao
ae20c6,2026-09-27 06:44:17.769691,RCH4180,07-7185,2125,38000,36.25441,-77.087357,C-17A Globemaster,218,428,0,False,mlat
ae07d7,2026-09-27 06:44:17.769694,RCH215,92-3293,6723,32000,47.388039,-59.361946,C-17A Globemaster,243,393,160,False,adsb_icao
ae123a,2026-09-27 06:44:17.769697,MOOSE69,04-4128,7024,36000,39.661831,24.763288,C-17A Globemaster,336,462,0,False,mlat
ae5e12,2026-09-27 06:44:17.769703,UNK C/S,17-46037,0716,25000,24.4,57.2,KC-46A Pegasus,,,,False,mode_s
ae0154,2026-09-27 06:44:17.769706,UNK C/S,63-8045,6501,Unavailable,32.7,38.8,KC-135R Stratotanker,,,,False,mode_s
ae0588,2026-09-27 06:44:17.769709,RCH5043,87-0043,2405,29000,19.9,-159.3,C-5M Galaxy,,,,False,mode_s
ae025d,2026-09-27 06:44:17.769712,UNK C/S,58-0092,1523,38000,51.9,-128.0,KC-135R Stratotanker,,,,False,mode_s
ae0812,2026-09-27 06:45:18.051200,RCH5039,00-0176,2117,975,38.313263,-121.854271,C-17A Globemaster,227,116,-640,False,adsb_icao
ae0594,2026-09-27 06:45:18.051210,UNK C/S,58-0128,3517,19900,47.791615,-118.338257,KC-135R Stratotanker,293,360,2653,False,mlat
af3bca,2026-09-27 06:45:18.051214,HORSE60,19-46107,3770,26000,34.262436,-116.846687,KC-46A Pegasus,291,351,0,False,mlat
ae1459,2026-09-27 06:45:18.051217,RCH721,06-6155,3260,29000,41.019363,-116.168625,C-17A Globemaster,52,510,0,False,adsb_icao
ae07a9,2026-09-27 06:45:18.051221,UNK C/S,59-1515,3521,22175,33.51178,-115.827591,KC-135R Stratotanker,314,422,,False,adsb_icao
ae117c,2026-09-27 06:45:18.051226,BANNR67,02-1110,6634,27800,42.91935,-90.627205,C-17A Globemaster,109,483,-960,False,adsb_icao
ae20c6,2026-09-27 06:45:18.051228,RCH4180,07-7185,2125,38000,36.150192,-77.181519,C-17A Globemaster,217,424,-52,False,mlat
ae07d7,2026-09-27 06:45:18.051231,RCH215,92-3293,6723,32000,47.339298,-59.50639,C-17A Globemaster,243,393,,False,adsb_icao
ae123a,2026-09-27 06:45:18.051234,MOOSE69,04-4128,7024,36000,39.772118,24.703796,C-17A Globemaster,333,491,13,False,mlat
ae5e12,2026-09-27 06:45:18.051240,UNK C/S,17-46037,0716,25025,24.0,56.8,KC-46A Pegasus,,,,False,mode_s
ae0154,2026-09-27 06:45:18.051244,UNK C/S,63-8045,6501,Unavailable,32.5,38.4,KC-135R Stratotanker,315,402,,False,mode_s
ae0588,2026-09-27 06:45:18.051247,RCH5043,87-0043,2405,29000,19.8,-159.4,C-5M Galaxy,,,,False,mode_s
ae025d,2026-09-27 06:45:18.051250,UNK C/S,58-0092,1523,Unavailable,51.9,-128.0,KC-135R Stratotanker,,,,False,mode_s
ae0812,2026-09-27 06:46:18.301274,RCH5039,00-0176,2117,400,38.291016,-121.885246,C-17A Globemaster,227,114,-512,False,adsb_icao
ae0594,2026-09-27 06:46:18.301283,UNK C/S,58-0128,3517,22425,47.831978,-118.476074,KC-135R Stratotanker,294,369,2422,False,mlat
af3bca,2026-09-27 06:46:18.301287,HORSE60,19-46107,3770,26000,34.297329,-116.958252,KC-46A Pegasus,288,358,0,False,mlat
ae1459,2026-09-27 06:46:18.301290,RCH721,06-6155,3260,29000,41.106903,-116.02002,C-17A Globemaster,52,511,-64,False,adsb_icao
ae07a9,2026-09-27 06:46:18.301293,UNK C/S,59-1515,3521,22550,33.596191,-115.93087,KC-135R Stratotanker,314,430,,False,adsb_icao
ae117c,2026-09-27 06:46:18.301297,BANNR67,02-1110,6634,26875,42.873539,-90.454491,C-17A Globemaster,109,471,-960,False,adsb_icao
ae20c6,2026-09-27 06:46:18.301300,RCH4180,07-7185,2125,38000,36.042339,-77.276199,C-17A Globemaster,216,450,0,False,mlat
ae07d7,2026-09-27 06:46:18.301303,RCH215,92-3293,6723,32000,47.290237,-59.65123,C-17A Globemaster,243,394,896,False,adsb_icao
ae123a,2026-09-27 06:46:18.301306,MOOSE69,04-4128,7024,36000,39.873173,24.646954,C-17A Globemaster,333,491,0,False,mlat
ae5e12,2026-09-27 06:46:18.301312,UNK C/S,17-46037,0716,25000,23.8,56.2,KC-46A Pegasus,,,,False,mode_s
ae0154,2026-09-27 06:46:18.301316,UNK C/S,63-8045,6501,23000,31.1,35.6,KC-135R Stratotanker,315,402,0,False,mode_s
ae0588,2026-09-27 06:46:18.301319,RCH5043,87-0043,2405,29000,19.8,-159.4,C-5M Galaxy,,,,False,mode_s
ae025d,2026-09-27 06:46:18.301323,UNK C/S,58-0092,1523,Unavailable,51.9,-128.0,KC-135R Stratotanker,,,,False,mode_s
ae0143,2026-09-27 06:46:18.301326,UNK C/S,58-0035,1654,Unavailable,57.0,-134.8,KC-135R Stratotanker,,,,False,mode_s
ae0594,2026-09-27 06:47:18.542120,UNK C/S,58-0128,3517,24825,47.871628,-118.614769,KC-135R Stratotanker,293,373,2558,False,mlat
af3bca,2026-09-27 06:47:18.542129,HORSE60,19-46107,3770,26000,34.33083,-117.068764,KC-46A Pegasus,288,360,0,False,mlat
ae07a9,2026-09-27 06:47:18.542133,UNK C/S,59-1515,3521,23150,33.680172,-116.031303,KC-135R Stratotanker,315,429,,False,adsb_icao
ae1459,2026-09-27 06:47:18.542136,RCH721,06-6155,3260,29000,41.194122,-115.871178,C-17A Globemaster,52,510,-64,False,adsb_icao
ae117c,2026-09-27 06:47:18.542141,BANNR67,02-1110,6634,26000,42.829594,-90.290222,C-17A Globemaster,110,461,-960,False,adsb_icao
ae20c6,2026-09-27 06:47:18.542143,RCH4180,07-7185,2125,38000,35.946396,-77.366234,C-17A Globemaster,218,450,0,False,mlat
ae07d7,2026-09-27 06:47:18.542146,RCH215,92-3293,6723,32000,47.241489,-59.794006,C-17A Globemaster,243,393,-64,False,adsb_icao
ae123a,2026-09-27 06:47:18.542149,MOOSE69,04-4128,7024,36000,40.013149,24.568863,C-17A Globemaster,338,446,0,False,mlat
ae5e12,2026-09-27 06:47:18.542156,UNK C/S,17-46037,0716,25000,23.6,56.2,KC-46A Pegasus,,,,False,mode_s
ae0154,2026-09-27 06:47:18.542159,UNK C/S,63-8045,6501,23000,30.9,35.2,KC-135R Stratotanker,315,404,-32,False,mode_s
ae0588,2026-09-27 06:47:18.542162,RCH5043,87-0043,2405,Unavailable,19.8,-159.4,C-5M Galaxy,,,,False,mode_s
ae025d,2026-09-27 06:47:18.542165,UNK C/S,58-0092,1523,Unavailable,51.9,-128.0,KC-135R Stratotanker,,,,False,mode_s
ae0143,2026-09-27 06:47:18.542168,UNK C/S,58-0035,1654,Unavailable,56.4,-133.3,KC-135R Stratotanker,,,,False,mode_s
ae0594,2026-09-27 06:48:18.776454,UNK C/S,58-0128,3517,26725,47.911781,-118.756332,KC-135R Stratotanker,293,378,1888,False,mlat
af3bca,2026-09-27 06:48:18.776463,HORSE60,19-46107,3770,26000,34.393257,-117.165565,KC-46A Pegasus,324,376,17,False,mlat
ae07a9,2026-09-27 06:48:18.776467,UNK C/S,59-1515,3521,23800,33.762848,-116.134583,KC-135R Stratotanker,324,422,,False,adsb_icao
ae1459,2026-09-27 06:48:18.776470,RCH721,06-6155,3260,29000,41.281639,-115.721054,C-17A Globemaster,52,511,64,False,adsb_icao
ae117c,2026-09-27 06:48:18.776474,BANNR67,02-1110,6634,24975,42.785156,-90.124908,C-17A Globemaster,110,462,-1280,False,adsb_icao
ae20c6,2026-09-27 06:48:18.776477,RCH4180,07-7185,2125,38000,35.84557,-77.455482,C-17A Globemaster,216,428,0,False,mlat
ae07d7,2026-09-27 06:48:18.776480,RCH215,92-3293,6723,32000,47.19223,-59.93763,C-17A Globemaster,243,388,,False,adsb_icao
ae123a,2026-09-27 06:48:18.776483,MOOSE69,04-4128,7024,36000,40.11813,24.510094,C-17A Globemaster,338,443,0,False,mlat
ae5e12,2026-09-27 06:48:18.776489,UNK C/S,17-46037,0716,25000,24.1,56.9,KC-46A Pegasus,,,,False,mode_s
ae0154,2026-09-27 06:48:18.776492,UNK C/S,63-8045,6501,23000,31.3,35.2,KC-135R Stratotanker,315,404,32,False,mode_s
ae025d,2026-09-27 06:48:18.776496,UNK C/S,58-0092,1523,Unavailable,51.9,-128.0,KC-135R Stratotanker,,,,False,mode_s
ae0143,2026-09-27 06:48:18.776499,UNK C/S,58-0035,1654,Unavailable,57.0,-134.8,KC-135R Stratotanker,,,,False,mode_s
ae0594,2026-09-27 06:49:19.024158,UNK C/S,58-0128,3517,28475,47.953526,-118.899826,KC-135R Stratotanker,293,381,1559,False,mlat
af3bca,2026-09-27 06:49:19.024167,HORSE60,19-46107,3770,26000,34.468517,-117.248291,KC-46A Pegasus,317,373,0,False,mlat
ae07a9,2026-09-27 06:49:19.024171,UNK C/S,59-1515,3521,25600,33.875153,-116.136978,KC-135R Stratotanker,25,438,,False,adsb_icao
ae1459,2026-09-27 06:49:19.024174,RCH721,06-6155,3260,29000,41.367622,-115.572929,C-17A Globemaster,52,510,-64,False,adsb_icao
ae117c,2026-09-27 06:49:19.024179,BANNR67,02-1110,6634,23150,42.741852,-89.964729,C-17A Globemaster,110,444,-1920,False,adsb_icao
ae20c6,2026-09-27 06:49:19.024181,RCH4180,07-7185,2125,38000,35.749493,-77.54184,C-17A Globemaster,217,428,0,False,mlat
ae07d7,2026-09-27 06:49:19.024184,RCH215,92-3293,6723,32000,47.143776,-60.078243,C-17A Globemaster,242,387,,False,adsb_icao
ae123a,2026-09-27 06:49:19.024187,MOOSE69,04-4128,7024,36000,40.242882,24.439545,C-17A Globemaster,338,455,0,False,mlat
ae5e12,2026-09-27 06:49:19.024193,UNK C/S,17-46037,0716,25000,23.8,55.9,KC-46A Pegasus,,,,False,mode_s
ae0154,2026-09-27 06:49:19.024197,UNK C/S,63-8045,6501,23000,31.5,34.1,KC-135R Stratotanker,315,404,0,False,mode_s
ae0143,2026-09-27 06:49:19.024200,UNK C/S,58-0035,1654,Unavailable,56.7,-134.0,KC-135R Stratotanker,,,,False,mode_s
ae0594,2026-09-27 06:50:19.255529,UNK C/S,58-0128,3517,30350,47.996864,-119.052734,KC-135R Stratotanker,293,387,1962,False,mlat
af3bca,2026-09-27 06:50:19.255538,HORSE60,19-46107,3770,26000,34.546009,-117.334015,KC-46A Pegasus,318,399,-71,False,mlat
ae07a9,2026-09-27 06:50:19.255543,UNK C/S,59-1515,3521,26675,33.986755,-116.072746,KC-135R Stratotanker,25,454,,False,adsb_icao
ae1459,2026-09-27 06:50:19.255546,RCH721,06-6155,3260,29350,41.454483,-115.422554,C-17A Globemaster,52,507,448,False,adsb_icao
ae117c,2026-09-27 06:50:19.255551,BANNR67,02-1110,6634,21225,42.699574,-89.809334,C-17A Globemaster,110,429,-1984,False,adsb_icao
ae20c6,2026-09-27 06:50:19.255553,RCH4180,07-7185,2125,38000,35.657665,-77.623047,C-17A Globemaster,216,437,0,False,mlat
ae07d7,2026-09-27 06:50:19.255556,RCH215,92-3293,6723,32000,47.095131,-60.21888,C-17A Globemaster,242,386,,False,adsb_icao
ae123a,2026-09-27 06:50:19.255559,MOOSE69,04-4128,7024,36000,40.357765,24.375298,C-17A Globemaster,340,429,0,False,mlat
ae5e12,2026-09-27 06:50:19.255565,UNK C/S,17-46037,0716,25025,23.4,55.6,KC-46A Pegasus,,,,False,mode_s
ae0154,2026-09-27 06:50:19.255569,UNK C/S,63-8045,6501,21450,31.8,35.2,KC-135R Stratotanker,315,398,-2336,False,mode_s
ae025d,2026-09-27 06:50:19.255572,UNK C/S,58-0092,1523,Unavailable,51.9,-128.0,KC-135R Stratotanker,,,,False,mode_s
ae0143,2026-09-27 06:50:19.255575,UNK C/S,58-0035,1654,6741,57.0,-134.8,KC-135R Stratotanker,,,,False,mode_s
ae0594,2026-09-27 06:51:19.540481,UNK C/S,58-0128,3517,31700,48.038677,-119.201248,KC-135R Stratotanker,293,406,1287,False,mlat
af3bca,2026-09-27 06:51:19.540491,HORSE60,19-46107,3770,26000,34.62289,-117.421097,KC-46A Pegasus,319,382,0,False,mlat
ae07a9,2026-09-27 06:51:19.540495,UNK C/S,59-1515,3521,27875,34.103302,-116.006485,KC-135R Stratotanker,24,469,,False,adsb_icao
ae1459,2026-09-27 06:51:19.540498,RCH721,06-6155,3260,29750,41.539959,-115.273788,C-17A Globemaster,52,505,320,False,adsb_icao
ae117c,2026-09-27 06:51:19.540503,BANNR67,02-1110,6634,19325,42.658722,-89.660675,C-17A Globemaster,110,412,-2048,False,adsb_icao
ae20c6,2026-09-27 06:51:19.540505,RCH4180,07-7185,2125,38000,35.55957,-77.710548,C-17A Globemaster,214,415,0,False,mlat
ae07d7,2026-09-27 06:51:19.540508,RCH215,92-3293,6723,32000,47.046112,-60.359367,C-17A Globemaster,242,385,,False,adsb_icao
ae123a,2026-09-27 06:51:19.540511,MOOSE69,04-4128,7024,36000,40.461273,24.316229,C-17A Globemaster,338,461,0,False,mlat
ae5e12,2026-09-27 06:51:19.540517,UNK C/S,17-46037,0716,25000,24.0,56.8,KC-46A Pegasus,,,,False,mode_s
ae0154,2026-09-27 06:51:19.540521,UNK C/S,63-8045,6501,20000,31.4,34.8,KC-135R Stratotanker,315,378,-416,False,mode_s
ae025d,2026-09-27 06:51:19.540524,UNK C/S,58-0092,1523,Unavailable,51.9,-128.0,KC-135R Stratotanker,,,,False,mode_s
ae0143,2026-09-27 06:51:19.540528,UNK C/S,58-0035,1654,Unavailable,57.0,-134.8,KC-135R Stratotanker,,,,False,mode_s
aed867,2026-09-27 06:52:19.812862,BOE124,23-46124,Unavailable,0,47.912498,-122.281158,KC-46A Pegasus,359,135,-704,False,other
ae0594,2026-09-27 06:52:19.812873,UNK C/S,58-0128,3517,32850,48.080952,-119.35302,KC-135R Stratotanker,293,408,1128,False,mlat
af3bca,2026-09-27 06:52:19.812876,HORSE60,19-46107,3770,26000,34.701721,-117.507965,KC-46A Pegasus,321,378,0,False,mlat
ae07a9,2026-09-27 06:52:19.812880,UNK C/S,59-1515,3521,29800,34.229187,-116.000824,KC-135R Stratotanker,355,450,,False,adsb_icao
ae1459,2026-09-27 06:52:19.812883,RCH721,06-6155,3260,30150,41.625092,-115.124863,C-17A Globemaster,52,501,384,False,adsb_icao
ae117c,2026-09-27 06:52:19.812888,BANNR67,02-1110,6634,17450,42.618759,-89.515854,C-17A Globemaster,110,403,-1792,False,adsb_icao
ae20c6,2026-09-27 06:52:19.812890,RCH4180,07-7185,2125,38025,35.458755,-77.799538,C-17A Globemaster,215,440,76,False,mlat
ae07d7,2026-09-27 06:52:19.812893,RCH215,92-3293,6723,32000,46.997314,-60.498688,C-17A Globemaster,242,381,,False,adsb_icao
ae123a,2026-09-27 06:52:19.812896,MOOSE69,04-4128,7024,36000,40.583,24.247496,C-17A Globemaster,336,440,0,False,mlat
ae5e12,2026-09-27 06:52:19.812902,UNK C/S,17-46037,0716,25000,24.0,56.8,KC-46A Pegasus,,,,False,mode_s
ae0154,2026-09-27 06:52:19.812905,UNK C/S,63-8045,6501,20000,31.7,34.2,KC-135R Stratotanker,315,384,0,False,mode_s
ae025d,2026-09-27 06:52:19.812909,UNK C/S,58-0092,1523,Unavailable,51.9,-128.0,KC-135R Stratotanker,,,,False,mode_s
ae0143,2026-09-27 06:52:19.812912,UNK C/S,58-0035,1654,34000,57.0,-134.8,KC-135R Stratotanker,,,,False,mode_s
ae0594,2026-09-27 06:53:20.065508,UNK C/S,58-0128,3517,34500,48.125603,-119.512672,KC-135R Stratotanker,292,406,2430,False,mlat
af3bca,2026-09-27 06:53:20.065518,HORSE60,19-46107,3770,26000,34.780724,-117.595573,KC-46A Pegasus,314,390,0,False,mlat
ae07a9,2026-09-27 06:53:20.065522,UNK C/S,59-1515,3521,30950,34.356812,-116.014618,KC-135R Stratotanker,354,470,,False,adsb_icao
ae1459,2026-09-27 06:53:20.065525,RCH721,06-6155,3260,30550,41.708817,-114.97773,C-17A Globemaster,52,498,320,False,adsb_icao
ae117c,2026-09-27 06:53:20.065530,BANNR67,02-1110,6634,15875,42.580124,-89.376213,C-17A Globemaster,110,389,-1600,False,adsb_icao
ae20c6,2026-09-27 06:53:20.065532,RCH4180,07-7185,2125,38000,35.361279,-77.885353,C-17A Globemaster,219,397,0,False,mlat
ae07d7,2026-09-27 06:53:20.065534,RCH215,92-3293,6723,32000,46.949203,-60.635193,C-17A Globemaster,242,380,,False,adsb_icao
ae123a,2026-09-27 06:53:20.065537,MOOSE69,04-4128,7024,36000,40.700024,24.180252,C-17A Globemaster,337,454,0,False,mlat
ae5e12,2026-09-27 06:53:20.065544,UNK C/S,17-46037,0716,25000,24.6,57.7,KC-46A Pegasus,,,,False,mode_s
ae0154,2026-09-27 06:53:20.065547,UNK C/S,63-8045,6501,20000,31.5,34.4,KC-135R Stratotanker,315,388,32,False,mode_s
ae0143,2026-09-27 06:53:20.065551,UNK C/S,58-0035,1654,34000,57.0,-134.8,KC-135R Stratotanker,,,,False,mode_s
ae0594,2026-09-27 06:54:20.309151,UNK C/S,58-0128,3517,35575,48.168869,-119.666656,KC-135R Stratotanker,294,413,864,False,mlat
af3bca,2026-09-27 06:54:20.309161,HORSE60,19-46107,3770,26000,34.853115,-117.683891,KC-46A Pegasus,304,441,-57,False,mlat
ae07a9,2026-09-27 06:54:20.309165,UNK C/S,59-1515,3521,32175,34.489288,-116.029472,KC-135R Stratotanker,354,485,,False,adsb_icao
ae1459,2026-09-27 06:54:20.309168,RCH721,06-6155,3260,30950,41.793015,-114.829102,C-17A Globemaster,52,496,384,False,adsb_icao
ae117c,2026-09-27 06:54:20.309172,BANNR67,02-1110,6634,14375,42.541435,-89.237793,C-17A Globemaster,110,388,-1536,False,adsb_icao
ae20c6,2026-09-27 06:54:20.309175,RCH4180,07-7185,2125,38025,35.259949,-77.972931,C-17A Globemaster,214,446,0,False,mlat
ae07d7,2026-09-27 06:54:20.309177,RCH215,92-3293,6723,32000,46.899891,-60.774536,C-17A Globemaster,242,380,,False,adsb_icao
ae123a,2026-09-27 06:54:20.309180,MOOSE69,04-4128,7024,36000,40.810928,24.117035,C-17A Globemaster,337,448,0,False,mlat
ae5e12,2026-09-27 06:54:20.309187,UNK C/S,17-46037,0716,25000,24.2,56.6,KC-46A Pegasus,,,,False,mode_s
ae0154,2026-09-27 06:54:20.309190,UNK C/S,63-8045,6501,20000,31.9,34.1,KC-135R Stratotanker,283,374,32,False,mode_s
ae0143,2026-09-27 06:54:20.309194,UNK C/S,58-0035,1654,33975,57.0,-134.8,KC-135R Stratotanker,,,,False,mode_s
ae0594,2026-09-27 06:55:20.536982,UNK C/S,58-0128,3517,36000,48.211868,-119.826698,KC-135R Stratotanker,292,423,2,False,mlat
af3bca,2026-09-27 06:55:20.536992,HORSE60,19-46107,3770,26000,34.945183,-117.776527,KC-46A Pegasus,323,426,0,False,mlat
ae07a9,2026-09-27 06:55:20.536997,UNK C/S,59-1515,3521,32175,34.628357,-116.045387,KC-135R Stratotanker,354,501,,False,adsb_icao
ae1459,2026-09-27 06:55:20.537000,RCH721,06-6155,3260,31000,41.875992,-114.681908,C-17A Globemaster,53,501,-64,False,adsb_icao
ae117c,2026-09-27 06:55:20.537004,BANNR67,02-1110,6634,12875,42.503918,-89.104103,C-17A Globemaster,110,370,-1600,False,adsb_icao
ae20c6,2026-09-27 06:55:20.537007,RCH4180,07-7185,2125,38000,35.16243,-78.060081,C-17A Globemaster,216,436,0,False,mlat
ae07d7,2026-09-27 06:55:20.537009,RCH215,92-3293,6723,32000,46.851849,-60.909508,C-17A Globemaster,242,378,,False,adsb_icao
ae123a,2026-09-27 06:55:20.537012,MOOSE69,04-4128,7024,36000,40.916832,24.055647,C-17A Globemaster,336,448,0,False,mlat
ae5e12,2026-09-27 06:55:20.537019,UNK C/S,17-46037,0716,25025,23.8,56.3,KC-46A Pegasus,,,,False,mode_s
ae0154,2026-09-27 06:55:20.537022,UNK C/S,63-8045,6501,20000,31.9,34.2,KC-135R Stratotanker,276,374,32,False,mode_s
ae0143,2026-09-27 06:55:20.537026,UNK C/S,58-0035,1654,34000,57.0,-134.8,KC-135R Stratotanker,,,,False,mode_s
ae0594,2026-09-27 06:56:20.813452,UNK C/S,58-0128,3517,36000,48.255116,-119.98571,KC-135R Stratotanker,291,410,0,False,mlat
af3bca,2026-09-27 06:56:20.813461,HORSE60,19-46107,3770,26000,35.031075,-117.877884,KC-46A Pegasus,317,397,0,False,mlat
ae07a9,2026-09-27 06:56:20.813466,UNK C/S,59-1515,3521,32150,34.766739,-116.061584,KC-135R Stratotanker,354,495,,False,adsb_icao
ae1459,2026-09-27 06:56:20.813469,RCH721,06-6155,3260,31000,41.960976,-114.530365,C-17A Globemaster,53,507,0,False,adsb_icao
ae117c,2026-09-27 06:56:20.813474,BANNR67,02-1110,6634,11375,42.467285,-88.974152,C-17A Globemaster,110,369,-1536,False,adsb_icao
ae20c6,2026-09-27 06:56:20.813476,RCH4180,07-7185,2125,38000,35.06213,-78.149551,C-17A Globemaster,218,438,0,False,mlat
ae07d7,2026-09-27 06:56:20.813479,RCH215,92-3293,6723,32000,46.803246,-61.045464,C-17A Globemaster,242,376,,False,adsb_icao
ae123a,2026-09-27 06:56:20.813482,MOOSE69,04-4128,7024,36000,41.034138,23.988661,C-17A Globemaster,335,445,0,False,mlat
ae0154,2026-09-27 06:56:20.813485,UNK C/S,63-8045,6501,18275,30.583368,35.206837,KC-135R Stratotanker,236,356,-2560,False,mode_s
ae5e12,2026-09-27 06:56:20.813491,UNK C/S,17-46037,0716,25000,23.6,56.0,KC-46A Pegasus,,,,False,mode_s
ae0143,2026-09-27 06:56:20.813496,UNK C/S,58-0035,1654,33975,57.0,-134.8,KC-135R Stratotanker,,,,False,mode_s
ae0594,2026-09-27 06:57:21.078700,UNK C/S,58-0128,3517,36000,48.300419,-120.149292,KC-135R Stratotanker,293,410,0,False,mlat
af3bca,2026-09-27 06:57:21.078709,HORSE60,19-46107,3770,26000,35.104733,-117.963028,KC-46A Pegasus,316,367,-31,False,mlat
ae07a9,2026-09-27 06:57:21.078713,UNK C/S,59-1515,3521,32175,34.902309,-116.077423,KC-135R Stratotanker,354,488,,False,adsb_icao
ae1459,2026-09-27 06:57:21.078717,RCH721,06-6155,3260,31000,42.044815,-114.379974,C-17A Globemaster,53,508,0,False,adsb_icao
ae117c,2026-09-27 06:57:21.078721,BANNR67,02-1110,6634,10775,42.430828,-88.845734,C-17A Globemaster,111,367,0,False,adsb_icao
ae20c6,2026-09-27 06:57:21.078723,RCH4180,07-7185,2125,37200,34.96336,-78.233902,C-17A Globemaster,216,423,-1167,False,mlat
ae07d7,2026-09-27 06:57:21.078726,RCH215,92-3293,6723,32000,46.754414,-61.181351,C-17A Globemaster,242,380,,False,adsb_icao
ae123a,2026-09-27 06:57:21.078729,MOOSE69,04-4128,7024,36000,41.147678,23.922022,C-17A Globemaster,336,393,0,False,mlat
ae5e12,2026-09-27 06:57:21.078735,UNK C/S,17-46037,0716,25000,23.8,56.1,KC-46A Pegasus,,,,False,mode_s
ae0154,2026-09-27 06:57:21.078738,UNK C/S,63-8045,6501,15900,31.7,34.3,KC-135R Stratotanker,189,362,-1696,False,mode_s
ae0143,2026-09-27 06:57:21.078743,UNK C/S,58-0035,1654,33975,57.0,-134.8,KC-135R Stratotanker,,,,False,mode_s
ae0594,2026-09-27 06:58:21.349747,UNK C/S,58-0128,3517,36000,48.343361,-120.309059,KC-135R Stratotanker,292,430,0,False,mlat
af3bca,2026-09-27 06:58:21.349756,HORSE60,19-46107,3770,26000,35.177856,-118.045525,KC-46A Pegasus,317,354,0,False,mlat
ae07a9,2026-09-27 06:58:21.349760,UNK C/S,59-1515,3521,32150,35.03801,-116.093483,KC-135R Stratotanker,354,483,,False,adsb_icao
ae1459,2026-09-27 06:58:21.349763,RCH721,06-6155,3260,31000,42.129776,-114.226974,C-17A Globemaster,53,507,64,False,adsb_icao
ae117c,2026-09-27 06:58:21.349767,BANNR67,02-1110,6634,10775,42.395264,-88.720665,C-17A Globemaster,111,320,-64,False,adsb_icao
ae20c6,2026-09-27 06:58:21.349770,RCH4180,07-7185,2125,36025,34.86861,-78.316673,C-17A Globemaster,216,429,-1166,False,mlat
ae07d7,2026-09-27 06:58:21.349772,RCH215,92-3293,6723,32000,46.704895,-61.318314,C-17A Globemaster,242,380,,False,adsb_icao
ae123a,2026-09-27 06:58:21.349775,MOOSE69,04-4128,7024,36000,41.26392,23.855833,C-17A Globemaster,337,462,-25,False,mlat
ae5e12,2026-09-27 06:58:21.349793,UNK C/S,17-46037,0716,25000,23.7,56.3,KC-46A Pegasus,,,,False,mode_s
ae0154,2026-09-27 06:58:21.349796,UNK C/S,63-8045,6501,15350,31.7,34.1,KC-135R Stratotanker,190,308,-416,False,mode_s
ae0143,2026-09-27 06:58:21.349800,UNK C/S,58-0035,1654,33975,57.0,-134.8,KC-135R Stratotanker,,,,False,mode_s
ae0594,2026-09-27 06:59:21.572762,UNK C/S,58-0128,3517,36000,48.389812,-120.471054,KC-135R Stratotanker,295,414,0,False,mlat
af3bca,2026-09-27 06:59:21.572771,HORSE60,19-46107,3770,26000,35.256359,-118.132805,KC-46A Pegasus,319,370,0,False,mlat
ae07a9,2026-09-27 06:59:21.572775,UNK C/S,59-1515,3521,32150,35.170589,-116.109009,KC-135R Stratotanker,354,478,,False,adsb_icao
ae1459,2026-09-27 06:59:21.572778,RCH721,06-6155,3260,31000,42.21405,-114.074417,C-17A Globemaster,53,508,-64,False,adsb_icao
ae117c,2026-09-27 06:59:21.572794,BANNR67,02-1110,6634,10800,42.373104,-88.612915,C-17A Globemaster,99,295,0,False,adsb_icao
ae20c6,2026-09-27 06:59:21.572797,RCH4180,07-7185,2125,34825,34.766586,-78.404053,C-17A Globemaster,215,430,-1191,False,mlat
ae07d7,2026-09-27 06:59:21.572800,RCH215,92-3293,6723,32000,46.655769,-61.453537,C-17A Globemaster,242,382,,False,adsb_icao
ae123a,2026-09-27 06:59:21.572802,MOOSE69,04-4128,7024,36000,41.359631,23.799479,C-17A Globemaster,336,440,0,False,mlat
ae5e12,2026-09-27 06:59:21.572808,UNK C/S,17-46037,0716,25000,23.5,55.7,KC-46A Pegasus,,,,False,mode_s
ae0154,2026-09-27 06:59:21.572811,UNK C/S,63-8045,6501,14775,31.9,34.0,KC-135R Stratotanker,190,274,-960,False,mode_s
ae0143,2026-09-27 06:59:21.572816,UNK C/S,58-0035,1654,34000,57.0,-134.8,KC-135R Stratotanker,,,,False,mode_s
ae0594,2026-09-27 07:00:21.826525,UNK C/S,58-0128,3517,36000,48.431355,-120.622505,KC-135R Stratotanker,293,425,0,False,mlat
af3bca,2026-09-27 07:00:21.826534,HORSE60,19-46107,3770,26000,35.326855,-118.217979,KC-46A Pegasus,316,354,-73,False,mlat
ae07a9,2026-09-27 07:00:21.826538,UNK C/S,59-1515,3521,32050,35.30397,-116.124634,KC-135R Stratotanker,354,478,,False,adsb_icao
ae1459,2026-09-27 07:00:21.826542,RCH721,06-6155,3260,31000,42.298855,-113.920174,C-17A Globemaster,53,508,0,False,adsb_icao
ae117c,2026-09-27 07:00:21.826545,BANNR67,02-1110,6634,10550,42.35733,-88.502739,C-17A Globemaster,112,294,0,False,adsb_icao
ae20c6,2026-09-27 07:00:21.826548,RCH4180,07-7185,2125,33625,34.673725,-78.484055,C-17A Globemaster,222,390,-1179,False,mlat
ae07d7,2026-09-27 07:00:21.826550,RCH215,92-3293,6723,32000,46.605652,-61.590828,C-17A Globemaster,241,382,,False,adsb_icao
ae123a,2026-09-27 07:00:21.826554,MOOSE69,04-4128,7024,35975,41.485107,23.757521,C-17A Globemaster,356,433,0,False,mlat
ae5e12,2026-09-27 07:00:21.826560,UNK C/S,17-46037,0716,25025,24.1,56.6,KC-46A Pegasus,,,,False,mode_s
ae0154,2026-09-27 07:00:21.826563,UNK C/S,63-8045,6501,12175,31.8,34.7,KC-135R Stratotanker,189,262,-2752,False,mode_s
ae07f0,2026-09-27 07:00:21.826566,RCH553,96-0006,3315,Unavailable,24.8,49.1,C-17A Globemaster,,,,False,mode_s
ae0143,2026-09-27 07:00:21.826571,UNK C/S,58-0035,1654,34025,57.0,-134.8,KC-135R Stratotanker,,,,False,mode_s
ae0594,2026-09-27 07:01:22.084948,UNK C/S,58-0128,3517,36000,48.477604,-120.794228,KC-135R Stratotanker,293,403,0,False,mlat
af3bca,2026-09-27 07:01:22.084957,HORSE60,19-46107,3770,26000,35.397377,-118.303322,KC-46A Pegasus,315,368,0,False,mlat
ae07a9,2026-09-27 07:01:22.084961,UNK C/S,59-1515,3521,32000,35.436775,-116.140274,KC-135R Stratotanker,354,479,,False,adsb_icao
ae1459,2026-09-27 07:01:22.084964,RCH721,06-6155,3260,31000,42.383148,-113.765923,C-17A Globemaster,53,507,-64,False,adsb_icao
ae117c,2026-09-27 07:01:22.084968,BANNR67,02-1110,6634,9550,42.28363,-88.473335,C-17A Globemaster,177,288,-1024,False,adsb_icao
ae20c6,2026-09-27 07:01:22.084971,RCH4180,07-7185,2125,32475,34.56699,-78.575928,C-17A Globemaster,215,452,-1139,False,mlat
ae1458,2026-09-27 07:01:22.084974,MCFAMC,06-6154,3673,34996,62.73468,-75.812187,C-17A Globemaster,45,,,False,adsc
ae07d7,2026-09-27 07:01:22.084977,RCH215,92-3293,6723,32000,46.555592,-61.727234,C-17A Globemaster,241,379,,False,adsb_icao
ae123a,2026-09-27 07:01:22.084980,MOOSE69,04-4128,7024,36000,41.608402,23.73118,C-17A Globemaster,350,433,0,False,mlat
ae5e12,2026-09-27 07:01:22.084985,UNK C/S,17-46037,0716,25000,23.8,56.3,KC-46A Pegasus,,,,False,mode_s
ae0154,2026-09-27 07:01:22.084988,UNK C/S,63-8045,6501,11200,31.7,34.9,KC-135R Stratotanker,189,258,-2688,False,mode_s
ae07f0,2026-09-27 07:01:22.084991,RCH553,96-0006,3315,Unavailable,24.8,49.1,C-17A Globemaster,,,,False,mode_s
ae0143,2026-09-27 07:01:22.084995,UNK C/S,58-0035,1654,34000,57.0,-134.8,KC-135R Stratotanker,,,,False,mode_s
aed867,2026-09-27 07:02:22.337363,BOE124,23-46124,Unavailable,0,47.912498,-122.281158,KC-46A Pegasus,359,135,-704,False,other
ae0594,2026-09-27 07:02:22.337372,UNK C/S,58-0128,3517,36000,48.516895,-120.946487,KC-135R Stratotanker,292,412,0,False,mlat
af3bca,2026-09-27 07:02:22.337376,HORSE60,19-46107,3770,26000,35.471771,-118.381142,KC-46A Pegasus,316,363,0,False,mlat
ae07a9,2026-09-27 07:02:22.337379,UNK C/S,59-1515,3521,32000,35.56897,-116.155869,KC-135R Stratotanker,354,476,,False,adsb_icao
ae1459,2026-09-27 07:02:22.337383,RCH721,06-6155,3260,31000,42.466393,-113.612816,C-17A Globemaster,53,508,-128,False,adsb_icao
ae117c,2026-09-27 07:02:22.337386,BANNR67,02-1110,6634,8550,42.204399,-88.467537,C-17A Globemaster,176,284,-1024,False,adsb_icao
ae20c6,2026-09-27 07:02:22.337389,RCH4180,07-7185,2125,31275,34.464287,-78.665192,C-17A Globemaster,216,461,-1202,False,mlat
ae1458,2026-09-27 07:02:22.337392,MCFAMC,06-6154,3673,34996,62.73468,-75.812187,C-17A Globemaster,45,,,False,adsc
ae07d7,2026-09-27 07:02:22.337395,RCH215,92-3293,6723,32000,46.505585,-61.862808,C-17A Globemaster,241,384,,False,adsb_icao
ae123a,2026-09-27 07:02:22.337397,MOOSE69,04-4128,7024,36000,41.715076,23.709778,C-17A Globemaster,351,411,0,False,mlat
ae5e12,2026-09-27 07:02:22.337403,UNK C/S,17-46037,0716,25000,24.7,57.5,KC-46A Pegasus,,,,False,mode_s
ae0143,2026-09-27 07:02:22.337408,UNK C/S,58-0035,1654,33975,57.0,-134.8,KC-135R Stratotanker,,,,False,mode_s
ae0594,2026-09-27 07:03:22.611583,UNK C/S,58-0128,3517,36000,48.561062,-121.111671,KC-135R Stratotanker,292,413,0,False,mlat
af3bca,2026-09-27 07:03:22.611592,HORSE60,19-46107,3770,26000,35.54644,-118.468071,KC-46A Pegasus,317,376,0,False,mlat
ae07a9,2026-09-27 07:03:22.611596,UNK C/S,59-1515,3521,32000,35.70163,-116.171608,KC-135R Stratotanker,354,477,,False,adsb_icao
ae1459,2026-09-27 07:03:22.611600,RCH721,06-6155,3260,31000,42.550369,-113.457748,C-17A Globemaster,53,511,-64,False,adsb_icao
ae117c,2026-09-27 07:03:22.611604,BANNR67,02-1110,6634,7500,42.126286,-88.461853,C-17A Globemaster,177,268,-1600,False,adsb_icao
ae20c6,2026-09-27 07:03:22.611606,RCH4180,07-7185,2125,30100,34.363598,-78.750565,C-17A Globemaster,214,436,-1172,False,mlat
ae1458,2026-09-27 07:03:22.611609,MCFAMC,06-6154,3673,34996,62.73468,-75.812187,C-17A Globemaster,45,,,False,adsc
ae07d7,2026-09-27 07:03:22.611611,RCH215,92-3293,6723,32000,46.454681,-62.000069,C-17A Globemaster,241,386,,False,adsb_icao
ae123a,2026-09-27 07:03:22.611614,MOOSE69,04-4128,2645,36000,41.824646,23.685707,C-17A Globemaster,351,415,-4,False,mlat
ae5e12,2026-09-27 07:03:22.611620,UNK C/S,17-46037,0716,25000,23.9,56.5,KC-46A Pegasus,,,,False,mode_s
ae0143,2026-09-27 07:03:22.611625,UNK C/S,58-0035,1654,34000,57.0,-134.8,KC-135R Stratotanker,,,,False,mode_s
ae0594,2026-09-27 07:04:22.908199,UNK C/S,58-0128,3517,36000,48.601936,-121.268112,KC-135R Stratotanker,292,406,0,False,mlat
af3bca,2026-09-27 07:04:22.908208,HORSE60,19-46107,3770,26000,35.629654,-118.559311,KC-46A Pegasus,318,385,0,False,mlat
ae07a9,2026-09-27 07:04:22.908212,UNK C/S,59-1515,3521,32000,35.834099,-116.18737,KC-135R Stratotanker,354,478,,False,adsb_icao
ae1459,2026-09-27 07:04:22.908216,RCH721,06-6155,3260,31000,42.634121,-113.302002,C-17A Globemaster,53,511,0,False,adsb_icao
ae117c,2026-09-27 07:04:22.908220,BANNR67,02-1110,6634,6600,42.058456,-88.457382,C-17A Globemaster,177,234,-1152,False,adsb_icao
ae20c6,2026-09-27 07:04:22.908222,RCH4180,07-7185,2125,29250,34.261059,-78.837692,C-17A Globemaster,215,447,-1208,False,mlat
ae1458,2026-09-27 07:04:22.908225,MCFAMC,06-6154,3673,34996,62.73468,-75.812187,C-17A Globemaster,45,,,False,adsc
ae07d7,2026-09-27 07:04:22.908228,RCH215,92-3293,6723,32000,46.404099,-62.135857,C-17A Globemaster,241,383,,False,adsb_icao
ae123a,2026-09-27 07:04:22.908231,MOOSE69,04-4128,2645,36000,41.945114,23.660118,C-17A Globemaster,351,416,-2,False,mlat
ae5e12,2026-09-27 07:04:22.908237,UNK C/S,17-46037,0716,25000,23.7,56.2,KC-46A Pegasus,,,,False,mode_s
ae0143,2026-09-27 07:04:22.908242,UNK C/S,58-0035,1654,34000,57.0,-134.8,KC-135R Stratotanker,,,,False,mode_s
ae0594,2026-09-27 07:05:23.132176,UNK C/S,58-0128,3517,36000,48.646957,-121.438354,KC-135R Stratotanker,293,434,0,False,mlat
af3bca,2026-09-27 07:05:23.132185,HORSE60,19-46107,3770,26000,35.699738,-118.645668,KC-46A Pegasus,316,365,0,False,mlat
ae07a9,2026-09-27 07:05:23.132189,UNK C/S,59-1515,3521,32000,35.968185,-116.203423,KC-135R Stratotanker,354,482,,False,adsb_icao
ae1459,2026-09-27 07:05:23.132193,RCH721,06-6155,3260,31000,42.718369,-113.14476,C-17A Globemaster,54,509,-64,False,adsb_icao
ae117c,2026-09-27 07:05:23.132197,BANNR67,02-1110,6634,5800,41.997612,-88.442818,C-17A Globemaster,125,223,64,False,adsb_icao
ae20c6,2026-09-27 07:05:23.132199,RCH4180,07-7185,2125,27975,34.162491,-78.921654,C-17A Globemaster,215,452,-1291,False,mlat
ae1458,2026-09-27 07:05:23.132202,MCFAMC,06-6154,3673,34996,62.73468,-75.812187,C-17A Globemaster,45,,,False,adsc
ae07d7,2026-09-27 07:05:23.132205,RCH215,92-3293,6723,31975,46.352966,-62.272385,C-17A Globemaster,241,384,,False,adsb_icao
ae123a,2026-09-27 07:05:23.132208,MOOSE69,04-4128,2645,36000,42.051434,23.637918,C-17A Globemaster,348,430,4,False,mlat
ae5e12,2026-09-27 07:05:23.132214,UNK C/S,17-46037,0716,25000,24.1,56.9,KC-46A Pegasus,,,,False,mode_s
ae0143,2026-09-27 07:05:23.132219,UNK C/S,58-0035,1654,34000,55.4,-133.7,KC-135R Stratotanker,,,,False,mode_s
ae0594,2026-09-27 07:06:23.394316,UNK C/S,58-0128,3517,36000,48.687828,-121.595375,KC-135R Stratotanker,291,420,0,False,mlat
af3bca,2026-09-27 07:06:23.394326,HORSE60,19-46107,3770,26000,35.776077,-118.735245,KC-46A Pegasus,317,360,0,False,mlat
ae07a9,2026-09-27 07:06:23.394330,UNK C/S,59-1515,3521,32025,36.10144,-116.219498,KC-135R Stratotanker,354,482,,False,adsb_icao
ae1459,2026-09-27 07:06:23.394334,RCH721,06-6155,3260,31000,42.801315,-112.989014,C-17A Globemaster,54,513,-64,False,adsb_icao
ae117c,2026-09-27 07:06:23.394337,BANNR67,02-1110,6634,5800,41.987789,-88.360161,C-17A Globemaster,91,229,0,False,adsb_icao
ae20c6,2026-09-27 07:06:23.394340,RCH4180,07-7185,2125,26675,34.054314,-78.98156,C-17A Globemaster,211,427,-1280,False,mlat
ae1458,2026-09-27 07:06:23.394343,MCFAMC,06-6154,3673,34996,62.73468,-75.812187,C-17A Globemaster,45,,,False,adsc
ae07d7,2026-09-27 07:06:23.394345,RCH215,92-3293,6723,32000,46.302063,-62.407703,C-17A Globemaster,241,385,,False,adsb_icao
ae123a,2026-09-27 07:06:23.394348,MOOSE69,04-4128,2645,36000,42.167515,23.613239,C-17A Globemaster,349,389,0,False,mlat
ae5e12,2026-09-27 07:06:23.394351,UNK C/S,17-46037,0716,25000,25.281565,55.355003,KC-46A Pegasus,,,0,False,mlat
ae0143,2026-09-27 07:06:23.394359,UNK C/S,58-0035,1654,33975,55.4,-133.7,KC-135R Stratotanker,,,,False,mode_s
aed867,2026-09-27 07:07:23.637196,BOE124,23-46124,Unavailable,0,47.912498,-122.281158,KC-46A Pegasus,359,135,-704,False,other
ae0594,2026-09-27 07:07:23.637205,UNK C/S,58-0128,3517,36000,48.730198,-121.759109,KC-135R Stratotanker,289,415,0,False,mlat
af3bca,2026-09-27 07:07:23.637208,HORSE60,19-46107,3770,26025,35.849571,-118.819916,KC-46A Pegasus,317,337,75,False,mlat
ae07a9,2026-09-27 07:07:23.637212,UNK C/S,59-1515,3521,32000,36.236076,-116.235641,KC-135R Stratotanker,354,483,,False,adsb_icao
ae1459,2026-09-27 07:07:23.637215,RCH721,06-6155,3260,31000,42.885086,-112.830894,C-17A Globemaster,54,508,-64,False,adsb_icao
ae117c,2026-09-27 07:07:23.637218,BANNR67,02-1110,6634,5500,41.987606,-88.275337,C-17A Globemaster,89,216,-1280,False,adsb_icao
ae20c6,2026-09-27 07:07:23.637221,RCH4180,07-7185,2125,25375,33.940022,-79.073097,C-17A Globemaster,220,483,-1306,False,mlat
ae1458,2026-09-27 07:07:23.637224,MCFAMC,06-6154,3673,34996,62.73468,-75.812187,C-17A Globemaster,45,,,False,adsc
ae07d7,2026-09-27 07:07:23.637226,RCH215,92-3293,6723,32000,46.250626,-62.543793,C-17A Globemaster,241,385,,False,adsb_icao
ae123a,2026-09-27 07:07:23.637229,MOOSE69,04-4128,2645,36000,42.284161,23.590288,C-17A Globemaster,350,391,0,False,mlat
ae5e12,2026-09-27 07:07:23.637235,UNK C/S,17-46037,0716,25000,24.2,57.3,KC-46A Pegasus,,,,False,mode_s
ae07f0,2026-09-27 07:07:23.637238,RCH553,96-0006,3315,Unavailable,24.8,49.1,C-17A Globemaster,,,,False,mode_s
ae0143,2026-09-27 07:07:23.637243,UNK C/S,58-0035,1654,34000,57.0,-134.8,KC-135R Stratotanker,,,,False,mode_s
aed867,2026-09-27 07:08:23.902449,BOE124,23-46124,Unavailable,0,47.912498,-122.281158,KC-46A Pegasus,359,135,-704,False,other
ae0594,2026-09-27 07:08:23.902459,UNK C/S,58-0128,3517,36000,48.77158,-121.927673,KC-135R Stratotanker,290,408,0,False,mlat
af3bca,2026-09-27 07:08:23.902463,HORSE60,19-46107,3770,26000,35.928864,-118.914024,KC-46A Pegasus,316,423,0,False,mlat
ae07a9,2026-09-27 07:08:23.902466,UNK C/S,59-1515,3521,32000,36.370193,-116.251884,KC-135R Stratotanker,354,483,,False,adsb_icao
ae1459,2026-09-27 07:08:23.902469,RCH721,06-6155,3260,31000,42.967388,-112.674934,C-17A Globemaster,54,511,-64,False,adsb_icao
ae117c,2026-09-27 07:08:23.902472,BANNR67,02-1110,6634,4475,41.987789,-88.203606,C-17A Globemaster,89,180,-1024,False,adsb_icao
ae20c6,2026-09-27 07:08:23.902475,RCH4180,07-7185,2125,23075,33.847412,-79.188141,C-17A Globemaster,215,438,-2967,False,mlat
ae1458,2026-09-27 07:08:23.902477,MCFAMC,06-6154,3673,34996,62.73468,-75.812187,C-17A Globemaster,45,,,False,adsc
ae07d7,2026-09-27 07:08:23.902480,RCH215,92-3293,6723,32000,46.199326,-62.67865,C-17A Globemaster,241,386,,False,adsb_icao
ae123a,2026-09-27 07:08:23.902484,MOOSE69,04-4128,2645,36000,42.387936,23.568808,C-17A Globemaster,351,379,0,False,mlat
ae5e12,2026-09-27 07:08:23.902489,UNK C/S,17-46037,0716,25000,24.5,57.1,KC-46A Pegasus,,,,False,mode_s
ae07f0,2026-09-27 07:08:23.902493,RCH553,96-0006,3315,Unavailable,24.8,49.1,C-17A Globemaster,,,,False,mode_s
ae0143,2026-09-27 07:08:23.902497,UNK C/S,58-0035,1654,33975,55.4,-133.7,KC-135R Stratotanker,,,,False,mode_s
ae0594,2026-09-27 07:09:24.182239,UNK C/S,58-0128,3517,36000,48.812946,-122.084854,KC-135R Stratotanker,291,426,0,False,mlat
af3bca,2026-09-27 07:09:24.182248,HORSE60,19-46107,3770,26000,36.014896,-119.013115,KC-46A Pegasus,319,415,0,False,mlat
ae07a9,2026-09-27 07:09:24.182252,UNK C/S,59-1515,3521,32025,36.492737,-116.297546,KC-135R Stratotanker,322,442,,False,adsb_icao
ae1459,2026-09-27 07:09:24.182255,RCH721,06-6155,3260,31000,43.050255,-112.516739,C-17A Globemaster,54,512,64,False,adsb_icao
ae117c,2026-09-27 07:09:24.182259,BANNR67,02-1110,6634,3500,41.988026,-88.137627,C-17A Globemaster,89,177,-960,False,adsb_icao
ae20c6,2026-09-27 07:09:24.182262,RCH4180,07-7185,2125,20300,33.75153,-79.266945,C-17A Globemaster,212,415,-3257,False,mlat
ae1458,2026-09-27 07:09:24.182265,MCFAMC,06-6154,3673,34996,62.73468,-75.812187,C-17A Globemaster,45,,,False,adsc
ae07d7,2026-09-27 07:09:24.182267,RCH215,92-3293,6723,32000,46.146442,-62.81694,C-17A Globemaster,241,390,,False,adsb_icao
ae123a,2026-09-27 07:09:24.182271,MOOSE69,04-4128,2645,36000,42.497303,23.544432,C-17A Globemaster,350,388,0,False,mlat
ae5e12,2026-09-27 07:09:24.182277,UNK C/S,17-46037,0716,25025,23.6,56.0,KC-46A Pegasus,,,,False,mode_s
ae0143,2026-09-27 07:09:24.182282,UNK C/S,58-0035,1654,34000,55.4,-133.7,KC-135R Stratotanker,,,,False,mode_s
ae025d,2026-09-27 07:09:24.182285,UNK C/S,58-0092,1523,38000,55.4,-133.7,KC-135R Stratotanker,,,,False,mode_s
ae0594,2026-09-27 07:10:24.457258,UNK C/S,58-0128,3517,36000,48.853905,-122.243462,KC-135R Stratotanker,290,412,0,False,mlat
af3bca,2026-09-27 07:10:24.457267,HORSE60,19-46107,3770,26000,36.099701,-119.11483,KC-46A Pegasus,317,429,0,False,mlat
ae07a9,2026-09-27 07:10:24.457271,UNK C/S,59-1515,3521,32000,36.588848,-116.391266,KC-135R Stratotanker,321,439,,False,adsb_icao
ae1459,2026-09-27 07:10:24.457274,RCH721,06-6155,3260,31000,43.132744,-112.358482,C-17A Globemaster,54,512,-128,False,adsb_icao
ae117c,2026-09-27 07:10:24.457278,BANNR67,02-1110,6634,2575,41.988144,-88.073021,C-17A Globemaster,90,166,-960,False,adsb_icao
ae20c6,2026-09-27 07:10:24.457280,RCH4180,07-7185,2125,17975,33.651981,-79.338196,C-17A Globemaster,210,404,-2219,False,mlat
ae1458,2026-09-27 07:10:24.457283,MCFAMC,06-6154,3673,34996,62.73468,-75.812187,C-17A Globemaster,45,,,False,adsc
ae07d7,2026-09-27 07:10:24.457285,RCH215,92-3293,6723,32000,46.093918,-62.953804,C-17A Globemaster,241,395,-64,False,adsb_icao
ae123a,2026-09-27 07:10:24.457289,MOOSE69,04-4128,2645,36000,42.603004,23.521971,C-17A Globemaster,351,397,-25,False,mlat
ae5e12,2026-09-27 07:10:24.457294,UNK C/S,17-46037,0716,25000,24.2,57.5,KC-46A Pegasus,,,,False,mode_s
ae07f0,2026-09-27 07:10:24.457298,RCH553,96-0006,3315,Unavailable,25.6,51.4,C-17A Globemaster,,,,False,mode_s
ae0143,2026-09-27 07:10:24.457302,UNK C/S,58-0035,1654,34000,57.0,-134.3,KC-135R Stratotanker,,,,False,mode_s
ae025d,2026-09-27 07:10:24.457305,UNK C/S,58-0092,1523,38000,55.4,-133.7,KC-135R Stratotanker,,,,False,mode_s
ae0269,2026-09-27 07:10:24.457308,UNK C/S,57-2603,5332,24025,31.6,34.9,KC-135R Stratotanker,328,470,0,False,mode_s
ae0594,2026-09-27 07:11:24.700418,UNK C/S,58-0128,3517,36000,48.897705,-122.418556,KC-135R Stratotanker,292,420,0,False,mlat
af3bca,2026-09-27 07:11:24.700428,HORSE60,19-46107,3770,26000,36.184502,-119.212044,KC-46A Pegasus,314,447,0,False,mlat
ae07a9,2026-09-27 07:11:24.700432,UNK C/S,59-1515,3521,32000,36.68512,-116.486107,KC-135R Stratotanker,321,439,,False,adsb_icao
ae1459,2026-09-27 07:11:24.700435,RCH721,06-6155,3260,31000,43.228546,-112.213509,C-17A Globemaster,45,509,-64,False,adsb_icao
ae117c,2026-09-27 07:11:24.700438,BANNR67,02-1110,6634,1775,41.98819,-88.01828,C-17A Globemaster,89,130,-640,False,adsb_icao
ae20c6,2026-09-27 07:11:24.700441,RCH4180,07-7185,2125,15400,33.564423,-79.405678,C-17A Globemaster,211,382,-2986,False,mlat
ae1458,2026-09-27 07:11:24.700444,MCFAMC,06-6154,3673,34996,62.73468,-75.812187,C-17A Globemaster,45,,,False,adsc
ae07d7,2026-09-27 07:11:24.700446,RCH215,92-3293,6723,31975,46.040314,-63.092739,C-17A Globemaster,241,401,-64,False,adsb_icao
ae123a,2026-09-27 07:11:24.700449,MOOSE69,04-4128,2645,36000,42.703957,23.484507,C-17A Globemaster,349,405,0,False,mlat
ae5e12,2026-09-27 07:11:24.700454,UNK C/S,17-46037,0716,25000,24.3,57.4,KC-46A Pegasus,,,,False,mode_s
ae07f0,2026-09-27 07:11:24.700458,RCH553,96-0006,3315,Unavailable,25.6,51.4,C-17A Globemaster,,,,False,mode_s
ae0269,2026-09-27 07:11:24.700461,UNK C/S,57-2603,5332,24000,31.8,34.6,KC-135R Stratotanker,,,,False,mode_s
ae0143,2026-09-27 07:11:24.700464,UNK C/S,58-0035,1654,33975,57.0,-133.8,KC-135R Stratotanker,,,,False,mode_s
ae025d,2026-09-27 07:11:24.700467,UNK C/S,58-0092,1523,38000,55.4,-133.7,KC-135R Stratotanker,,,,False,mode_s
ae0594,2026-09-27 07:12:24.953454,UNK C/S,58-0128,3517,36000,48.941021,-122.588615,KC-135R Stratotanker,290,429,0,False,mlat
af3bca,2026-09-27 07:12:24.953463,HORSE60,19-46107,3770,26000,36.263645,-119.308044,KC-46A Pegasus,316,423,0,False,mlat
ae07a9,2026-09-27 07:12:24.953467,UNK C/S,59-1515,3521,32000,36.780624,-116.580788,KC-135R Stratotanker,321,439,,False,adsb_icao
ae1459,2026-09-27 07:12:24.953471,RCH721,06-6155,3260,31000,43.327797,-112.07637,C-17A Globemaster,45,511,0,False,adsb_icao
ae117c,2026-09-27 07:12:24.953474,BANNR67,02-1110,6634,1100,41.988304,-87.971428,C-17A Globemaster,90,128,-704,False,adsb_icao
ae20c6,2026-09-27 07:12:24.953476,RCH4180,07-7185,2125,12400,33.470497,-79.477623,C-17A Globemaster,214,376,-2848,False,mlat
ae1458,2026-09-27 07:12:24.953479,MCFAMC,06-6154,3673,34996,62.73468,-75.812187,C-17A Globemaster,45,,,False,adsc
ae07d7,2026-09-27 07:12:24.953482,RCH215,92-3293,6723,31975,45.985882,-63.233047,C-17A Globemaster,240,402,0,False,adsb_icao
ae123a,2026-09-27 07:12:24.953485,MOOSE69,04-4128,2645,35975,42.814392,23.474236,C-17A Globemaster,350,381,-75,False,mlat
ae5e12,2026-09-27 07:12:24.953491,UNK C/S,17-46037,0716,25000,24.5,57.4,KC-46A Pegasus,,,,False,mode_s
ae0269,2026-09-27 07:12:24.953493,UNK C/S,57-2603,5332,24025,31.8,34.0,KC-135R Stratotanker,,,,False,mode_s
ae07f0,2026-09-27 07:12:24.953497,RCH553,96-0006,3315,Unavailable,24.8,49.1,C-17A Globemaster,,,,False,mode_s
ae025d,2026-09-27 07:12:24.953500,UNK C/S,58-0092,1523,38000,55.4,-133.7,KC-135R Stratotanker,,,,False,mode_s
ae0143,2026-09-27 07:12:24.953503,UNK C/S,58-0035,1654,34000,57.0,-133.8,KC-135R Stratotanker,,,,False,mode_s
ae0594,2026-09-27 07:13:25.310615,UNK C/S,58-0128,3517,36000,48.981682,-122.761101,KC-135R Stratotanker,291,409,0,False,mlat
af3bca,2026-09-27 07:13:25.310625,HORSE60,19-46107,3770,26000,36.34486,-119.403465,KC-46A Pegasus,316,419,0,False,mlat
ae07a9,2026-09-27 07:13:25.310629,UNK C/S,59-1515,3521,32000,36.876846,-116.676498,KC-135R Stratotanker,321,441,,False,adsb_icao
ae1459,2026-09-27 07:13:25.310632,RCH721,06-6155,3260,31000,43.428349,-111.93734,C-17A Globemaster,45,513,-64,False,adsb_icao
ae117c,2026-09-27 07:13:25.310635,BANNR67,02-1110,6634,450,41.988327,-87.921463,C-17A Globemaster,90,142,-704,False,adsb_icao
ae20c6,2026-09-27 07:13:25.310638,RCH4180,07-7185,2125,10975,33.381302,-79.545494,C-17A Globemaster,212,371,-178,False,mlat
ae1458,2026-09-27 07:13:25.310641,MCFAMC,06-6154,3673,34996,62.73468,-75.812187,C-17A Globemaster,45,,,False,adsc
ae07d7,2026-09-27 07:13:25.310643,RCH215,92-3293,6723,32000,45.929089,-63.372093,C-17A Globemaster,233,401,0,False,adsb_icao
ae123a,2026-09-27 07:13:25.310646,MOOSE69,04-4128,2645,36000,42.924969,23.452801,C-17A Globemaster,352,381,0,False,mlat
ae5e12,2026-09-27 07:13:25.310653,UNK C/S,17-46037,0716,25000,24.9,58.4,KC-46A Pegasus,,,,False,mode_s
ae0269,2026-09-27 07:13:25.310655,UNK C/S,57-2603,5332,24025,31.7,33.9,KC-135R Stratotanker,,,,False,mode_s
ae07f0,2026-09-27 07:13:25.310658,RCH553,96-0006,3315,35000,24.8,49.1,C-17A Globemaster,,,,False,mode_s
ae025d,2026-09-27 07:13:25.310661,UNK C/S,58-0092,1523,38000,55.4,-133.7,KC-135R Stratotanker,,,,False,mode_s
ae0143,2026-09-27 07:13:25.310664,UNK C/S,58-0035,1654,33975,55.4,-133.7,KC-135R Stratotanker,,,,False,mode_s
ae0594,2026-09-27 07:14:25.562117,UNK C/S,58-0128,3517,36000,49.023373,-122.928009,KC-135R Stratotanker,289,430,0,False,mlat
af3bca,2026-09-27 07:14:25.562127,HORSE60,19-46107,3770,26000,36.435043,-119.508415,KC-46A Pegasus,316,416,0,False,mlat
ae07a9,2026-09-27 07:14:25.562131,UNK C/S,59-1515,3521,32000,36.972717,-116.772011,KC-135R Stratotanker,321,442,,False,adsb_icao
ae1459,2026-09-27 07:14:25.562135,RCH721,06-6155,3260,31000,43.529205,-111.797768,C-17A Globemaster,45,514,64,False,adsb_icao
ae20c6,2026-09-27 07:14:25.562138,RCH4180,07-7185,2125,10700,33.301811,-79.622696,C-17A Globemaster,229,350,-603,False,mlat
ae1458,2026-09-27 07:14:25.562141,MCFAMC,06-6154,3673,34996,62.73468,-75.812187,C-17A Globemaster,45,,,False,adsc
ae07d7,2026-09-27 07:14:25.562143,RCH215,92-3293,6723,32000,45.863449,-63.499054,C-17A Globemaster,233,396,0,False,adsb_icao
ae123a,2026-09-27 07:14:25.562146,MOOSE69,04-4128,2645,36000,43.031364,23.428274,C-17A Globemaster,353,395,0,False,mlat
ae5e12,2026-09-27 07:14:25.562153,UNK C/S,17-46037,0716,25025,24.1,56.8,KC-46A Pegasus,,,,False,mode_s
ae0269,2026-09-27 07:14:25.562155,UNK C/S,57-2603,5332,24025,31.7,35.1,KC-135R Stratotanker,,,,False,mode_s
ae07f0,2026-09-27 07:14:25.562158,RCH553,96-0006,3315,35000,24.8,49.1,C-17A Globemaster,,,,False,mode_s
ae025d,2026-09-27 07:14:25.562161,UNK C/S,58-0092,1523,38000,55.4,-133.7,KC-135R Stratotanker,,,,False,mode_s
ae0143,2026-09-27 07:14:25.562163,UNK C/S,58-0035,1654,34000,57.0,-133.8,KC-135R Stratotanker,,,,False,mode_s
ae0594,2026-09-27 07:15:25.810285,UNK C/S,58-0128,3517,36000,49.087822,-123.074219,KC-135R Stratotanker,311,441,0,False,mlat
aed867,2026-09-27 07:15:25.810294,BOE124,23-46124,Unavailable,0,47.912498,-122.281158,KC-46A Pegasus,359,135,-704,False,other
af3bca,2026-09-27 07:15:25.810297,HORSE60,19-46107,3770,26000,36.514847,-119.601448,KC-46A Pegasus,319,399,0,False,mlat
ae07a9,2026-09-27 07:15:25.810301,UNK C/S,59-1515,3521,32000,37.069267,-116.869278,KC-135R Stratotanker,320,440,,False,adsb_icao
ae1459,2026-09-27 07:15:25.810304,RCH721,06-6155,3260,31000,43.630573,-111.656799,C-17A Globemaster,45,514,-64,False,adsb_icao
ae20c6,2026-09-27 07:15:25.810307,RCH4180,07-7185,2125,9375,33.246071,-79.709221,C-17A Globemaster,238,332,-1388,False,mlat
ae1458,2026-09-27 07:15:25.810310,MCFAMC,06-6154,3673,34996,62.73468,-75.812187,C-17A Globemaster,45,,,False,adsc
ae07d7,2026-09-27 07:15:25.810313,RCH215,92-3293,6723,32000,45.797394,-63.625946,C-17A Globemaster,233,396,-64,False,adsb_icao
ae123a,2026-09-27 07:15:25.810315,MOOSE69,04-4128,2645,36000,43.139786,23.401844,C-17A Globemaster,348,397,0,False,mlat
ae5e12,2026-09-27 07:15:25.810321,UNK C/S,17-46037,0716,25000,24.1,57.1,KC-46A Pegasus,,,,False,mode_s
ae0269,2026-09-27 07:15:25.810324,UNK C/S,57-2603,5332,24025,31.6,34.1,KC-135R Stratotanker,,,,False,mode_s
ae07f0,2026-09-27 07:15:25.810327,RCH553,96-0006,3315,35000,24.8,49.1,C-17A Globemaster,,,,False,mode_s
ae025d,2026-09-27 07:15:25.810330,UNK C/S,58-0092,1523,38000,55.4,-133.7,KC-135R Stratotanker,,,,False,mode_s
ae0143,2026-09-27 07:15:25.810333,UNK C/S,58-0035,1654,33975,57.0,-133.8,KC-135R Stratotanker,,,,False,mode_s
ae0594,2026-09-27 07:16:26.042574,UNK C/S,58-0128,3517,36000,49.158768,-123.216431,KC-135R Stratotanker,307,433,0,False,mlat
af3bca,2026-09-27 07:16:26.042583,HORSE60,19-46107,3770,26000,36.604229,-119.707298,KC-46A Pegasus,320,427,0,False,mlat
ae07a9,2026-09-27 07:16:26.042587,UNK C/S,59-1515,3521,32000,37.164185,-116.96489,KC-135R Stratotanker,321,439,,False,adsb_icao
ae1459,2026-09-27 07:16:26.042591,RCH721,06-6155,3260,31000,43.730301,-111.517365,C-17A Globemaster,45,513,-128,False,adsb_icao
ae20c6,2026-09-27 07:16:26.042594,RCH4180,07-7185,2125,7900,33.196434,-79.785507,C-17A Globemaster,228,279,-1500,False,mlat
ae1458,2026-09-27 07:16:26.042597,MCFAMC,06-6154,3673,34996,62.73468,-75.812187,C-17A Globemaster,45,,,False,adsc
ae07d7,2026-09-27 07:16:26.042600,RCH215,92-3293,6723,31975,45.731663,-63.751945,C-17A Globemaster,232,394,0,False,adsb_icao
ae123a,2026-09-27 07:16:26.042603,MOOSE69,04-4128,2645,36000,43.245842,23.379681,C-17A Globemaster,351,382,0,False,mlat
ae5e12,2026-09-27 07:16:26.042609,UNK C/S,17-46037,0716,25000,24.4,57.5,KC-46A Pegasus,,,,False,mode_s
ae0269,2026-09-27 07:16:26.042611,UNK C/S,57-2603,5332,24025,31.7,35.4,KC-135R Stratotanker,,,,False,mode_s
ae07f0,2026-09-27 07:16:26.042614,RCH553,96-0006,3315,35000,24.8,49.1,C-17A Globemaster,,,,False,mode_s
ae025d,2026-09-27 07:16:26.042618,UNK C/S,58-0092,1523,38000,55.4,-133.7,KC-135R Stratotanker,,,,False,mode_s
ae0143,2026-09-27 07:16:26.042621,UNK C/S,58-0035,1654,34000,57.0,-133.8,KC-135R Stratotanker,,,,False,mode_s
ae0594,2026-09-27 07:17:26.313656,UNK C/S,58-0128,3517,36000,49.230232,-123.360611,KC-135R Stratotanker,305,429,0,False,mlat
af3bca,2026-09-27 07:17:26.313665,HORSE60,19-46107,3770,26000,36.702538,-119.785652,KC-46A Pegasus,327,418,0,False,mlat
ae07a9,2026-09-27 07:17:26.313669,UNK C/S,59-1515,3521,32000,37.260086,-117.061775,KC-135R Stratotanker,321,440,,False,adsb_icao
ae1459,2026-09-27 07:17:26.313673,RCH721,06-6155,3260,31000,43.82991,-111.377304,C-17A Globemaster,45,512,-128,False,adsb_icao
ae20c6,2026-09-27 07:17:26.313677,RCH4180,07-7185,2125,6350,33.150501,-79.865349,C-17A Globemaster,234,271,-1511,False,mlat
ae1458,2026-09-27 07:17:26.313679,MCFAMC,06-6154,3673,34996,62.73468,-75.812187,C-17A Globemaster,45,,,False,adsc
ae07d7,2026-09-27 07:17:26.313682,RCH215,92-3293,6723,32000,45.665817,-63.877323,C-17A Globemaster,233,390,-64,False,adsb_icao
ae123a,2026-09-27 07:17:26.313684,MOOSE69,04-4128,2645,36000,43.355854,23.356144,C-17A Globemaster,349,391,0,False,mlat
ae0269,2026-09-27 07:17:26.313687,UNK C/S,57-2603,5332,22500,31.032299,35.405354,KC-135R Stratotanker,,,-3154,False,mlat
ae5e12,2026-09-27 07:17:26.313693,UNK C/S,17-46037,0716,25000,24.0,56.9,KC-46A Pegasus,,,,False,mode_s
ae07f0,2026-09-27 07:17:26.313696,RCH553,96-0006,3315,35000,24.8,49.1,C-17A Globemaster,,,,False,mode_s
ae025d,2026-09-27 07:17:26.313700,UNK C/S,58-0092,1523,38000,55.4,-133.7,KC-135R Stratotanker,,,,False,mode_s
ae0143,2026-09-27 07:17:26.313702,UNK C/S,58-0035,1654,34000,57.0,-133.8,KC-135R Stratotanker,,,,False,mode_s
ae0594,2026-09-27 07:18:26.583908,UNK C/S,58-0128,3517,36000,49.304249,-123.510124,KC-135R Stratotanker,306,419,0,False,mlat
af3bca,2026-09-27 07:18:26.583917,HORSE60,19-46107,3770,25725,36.801094,-119.863617,KC-46A Pegasus,327,411,-705,False,mlat
ae07a9,2026-09-27 07:18:26.583921,UNK C/S,59-1515,3521,32000,37.354725,-117.159454,KC-135R Stratotanker,320,439,,False,adsb_icao
ae1459,2026-09-27 07:18:26.583924,RCH721,06-6155,3260,31000,43.929886,-111.235931,C-17A Globemaster,45,513,64,False,adsb_icao
ae20c6,2026-09-27 07:18:26.583928,RCH4180,07-7185,2125,4850,33.109364,-79.936928,C-17A Globemaster,236,265,-1525,False,mlat
ae1458,2026-09-27 07:18:26.583930,MCFAMC,06-6154,3673,34996,62.73468,-75.812187,C-17A Globemaster,45,,,False,adsc
ae07d7,2026-09-27 07:18:26.583933,RCH215,92-3293,6723,31975,45.600586,-64.001259,C-17A Globemaster,233,394,-128,False,adsb_icao
ae123a,2026-09-27 07:18:26.583936,MOOSE69,04-4128,2645,36000,43.464386,23.332039,C-17A Globemaster,351,399,0,False,mlat
ae0269,2026-09-27 07:18:26.583938,UNK C/S,57-2603,5332,19650,31.195284,35.397598,KC-135R Stratotanker,22,418,-2851,False,mlat
ae5e12,2026-09-27 07:18:26.583944,UNK C/S,17-46037,0716,25000,24.0,56.9,KC-46A Pegasus,,,,False,mode_s
ae07f0,2026-09-27 07:18:26.583948,RCH553,96-0006,3315,35000,24.8,49.1,C-17A Globemaster,,,,False,mode_s
ae025d,2026-09-27 07:18:26.583951,UNK C/S,58-0092,1523,38000,55.4,-133.7,KC-135R Stratotanker,,,,False,mode_s
ae0143,2026-09-27 07:18:26.583954,UNK C/S,58-0035,1654,34000,58.2,-134.8,KC-135R Stratotanker,,,,False,mode_s
ae0594,2026-09-27 07:19:26.835022,UNK C/S,58-0128,3517,36000,49.371052,-123.646278,KC-135R Stratotanker,307,424,0,False,mlat
af3bca,2026-09-27 07:19:26.835031,HORSE60,19-46107,3770,25000,36.904369,-119.943825,KC-46A Pegasus,328,426,-716,False,mlat
ae07a9,2026-09-27 07:19:26.835034,UNK C/S,59-1515,3521,32000,37.449459,-117.256958,KC-135R Stratotanker,320,440,,False,adsb_icao
ae1459,2026-09-27 07:19:26.835038,RCH721,06-6155,3260,31000,44.029953,-111.093811,C-17A Globemaster,45,512,-64,False,adsb_icao
ae20c6,2026-09-27 07:19:26.835041,RCH4180,07-7185,2125,3375,33.070457,-80.003853,C-17A Globemaster,230,231,-1413,False,mlat
ae1458,2026-09-27 07:19:26.835044,MCFAMC,06-6154,3673,34996,62.73468,-75.812187,C-17A Globemaster,45,,,False,adsc
ae07d7,2026-09-27 07:19:26.835047,RCH215,92-3293,6723,32000,45.53421,-64.126999,C-17A Globemaster,232,396,64,False,adsb_icao
ae123a,2026-09-27 07:19:26.835050,MOOSE69,04-4128,2645,36000,43.572075,23.307407,C-17A Globemaster,350,414,0,False,mlat
ae0269,2026-09-27 07:19:26.835052,UNK C/S,57-2603,5332,16750,31.332273,35.392208,KC-135R Stratotanker,351,542,-2876,False,mlat
ae5e12,2026-09-27 07:19:26.835055,UNK C/S,17-46037,0716,25025,24.919466,56.206959,KC-46A Pegasus,,,0,False,mode_s
ae07f0,2026-09-27 07:19:26.835062,RCH553,96-0006,3315,35000,24.8,49.1,C-17A Globemaster,,,,False,mode_s
ae025d,2026-09-27 07:19:26.835065,UNK C/S,58-0092,1523,38000,55.4,-133.7,KC-135R Stratotanker,,,,False,mode_s
ae0143,2026-09-27 07:19:26.835068,UNK C/S,58-0035,1654,33975,58.2,-134.8,KC-135R Stratotanker,,,,False,mode_s
ae0594,2026-09-27 07:20:27.074662,UNK C/S,58-0128,3517,36000,49.44244,-123.794037,KC-135R Stratotanker,306,426,0,False,mlat
af3bca,2026-09-27 07:20:27.074671,HORSE60,19-46107,3770,25025,36.995888,-120.020744,KC-46A Pegasus,324,398,0,False,mlat
ae07a9,2026-09-27 07:20:27.074675,UNK C/S,59-1515,3521,32000,37.544312,-117.353912,KC-135R Stratotanker,320,439,,False,adsb_icao
ae1459,2026-09-27 07:20:27.074679,RCH721,06-6155,3260,31000,44.128052,-110.953735,C-17A Globemaster,45,509,-64,False,adsb_icao
ae20c6,2026-09-27 07:20:27.074682,RCH4180,07-7185,2125,2050,33.027302,-80.054016,C-17A Globemaster,210,242,-1349,False,mlat
ae1458,2026-09-27 07:20:27.074685,MCFAMC,06-6154,3673,34996,62.73468,-75.812187,C-17A Globemaster,45,,,False,adsc
ae07d7,2026-09-27 07:20:27.074688,RCH215,92-3293,6723,32000,45.468292,-64.250992,C-17A Globemaster,232,392,-64,False,adsb_icao
ae123a,2026-09-27 07:20:27.074691,MOOSE69,04-4128,2645,36000,43.679028,23.284067,C-17A Globemaster,353,397,0,False,mlat
ae0269,2026-09-27 07:20:27.074693,UNK C/S,57-2603,5332,13075,31.450827,35.421402,KC-135R Stratotanker,344,929,-4151,False,mlat
ae5e12,2026-09-27 07:20:27.074700,UNK C/S,17-46037,0716,25000,24.1,57.0,KC-46A Pegasus,,,,False,mode_s
ae07f0,2026-09-27 07:20:27.074704,RCH553,96-0006,3315,35000,25.6,51.4,C-17A Globemaster,,,,False,mode_s
ae025d,2026-09-27 07:20:27.074707,UNK C/S,58-0092,1523,38000,55.4,-133.7,KC-135R Stratotanker,,,,False,mode_s
ae0143,2026-09-27 07:20:27.074710,UNK C/S,58-0035,1654,33975,57.0,-133.8,KC-135R Stratotanker,,,,False,mode_s
ae0594,2026-09-27 07:21:27.295274,UNK C/S,58-0128,3517,36000,49.514061,-123.940056,KC-135R Stratotanker,306,414,0,False,mlat
af3bca,2026-09-27 07:21:27.295283,HORSE60,19-46107,3770,25000,37.094788,-120.097481,KC-46A Pegasus,329,432,0,False,mlat
ae07a9,2026-09-27 07:21:27.295286,UNK C/S,59-1515,3521,32000,37.661774,-117.403351,KC-135R Stratotanker,8,490,,False,adsb_icao
ae1459,2026-09-27 07:21:27.295289,RCH721,06-6155,3260,31000,44.228069,-110.810249,C-17A Globemaster,46,511,-64,False,adsb_icao
ae20c6,2026-09-27 07:21:27.295293,RCH4180,07-7185,2125,1725,32.980427,-80.08876,C-17A Globemaster,200,179,-601,False,mlat
ae1458,2026-09-27 07:21:27.295296,MCFAMC,06-6154,3673,34996,62.73468,-75.812187,C-17A Globemaster,45,,,False,adsc
ae07d7,2026-09-27 07:21:27.295298,RCH215,92-3293,6723,31975,45.402493,-64.374191,C-17A Globemaster,232,389,-64,False,adsb_icao
ae123a,2026-09-27 07:21:27.295301,MOOSE69,04-4128,2645,36000,43.786743,23.261274,C-17A Globemaster,351,395,0,False,mlat
ae0269,2026-09-27 07:21:27.295304,UNK C/S,57-2603,5332,10050,31.559772,35.449448,KC-135R Stratotanker,346,774,-1910,False,mlat
ae5e12,2026-09-27 07:21:27.295310,UNK C/S,17-46037,0716,24975,23.7,56.2,KC-46A Pegasus,,,,False,mode_s
ae07f0,2026-09-27 07:21:27.295313,RCH553,96-0006,3315,34975,22.6,54.5,C-17A Globemaster,,,,False,mode_s
ae025d,2026-09-27 07:21:27.295317,UNK C/S,58-0092,1523,38000,55.4,-133.7,KC-135R Stratotanker,,,,False,mode_s
ae0143,2026-09-27 07:21:27.295319,UNK C/S,58-0035,1654,34000,57.0,-133.8,KC-135R Stratotanker,,,,False,mode_s
ae0594,2026-09-27 07:22:27.519046,UNK C/S,58-0128,3517,36000,49.585835,-124.090851,KC-135R Stratotanker,306,435,0,False,mlat
af3bca,2026-09-27 07:22:27.519055,HORSE60,19-46107,3770,25000,37.194935,-120.178177,KC-46A Pegasus,328,408,0,False,mlat
ae07a9,2026-09-27 07:22:27.519059,UNK C/S,59-1515,3521,32000,37.783192,-117.320251,KC-135R Stratotanker,40,512,,False,adsb_icao
ae1459,2026-09-27 07:22:27.519062,RCH721,06-6155,3260,31000,44.325851,-110.669144,C-17A Globemaster,46,509,-64,False,adsb_icao
ae20c6,2026-09-27 07:22:27.519066,RCH4180,07-7185,2125,800,32.94397,-80.070808,C-17A Globemaster,136,117,-787,False,mlat
ae1458,2026-09-27 07:22:27.519069,MCFAMC,06-6154,3673,34996,62.73468,-75.812187,C-17A Globemaster,45,,,False,adsc
ae07d7,2026-09-27 07:22:27.519071,RCH215,92-3293,6723,31975,45.336823,-64.49733,C-17A Globemaster,232,392,-128,False,adsb_icao
ae123a,2026-09-27 07:22:27.519074,MOOSE69,04-4128,2645,36000,43.888256,23.219738,C-17A Globemaster,333,409,0,False,mlat
ae0269,2026-09-27 07:22:27.519077,UNK C/S,57-2603,5332,10025,31.581955,35.420551,KC-135R Stratotanker,,,-1019,False,mode_s
ae5e12,2026-09-27 07:22:27.519084,UNK C/S,17-46037,0716,25000,24.6,57.9,KC-46A Pegasus,,,,False,mode_s
ae07f0,2026-09-27 07:22:27.519087,RCH553,96-0006,3315,32975,22.6,53.6,C-17A Globemaster,,,,False,mode_s
ae025d,2026-09-27 07:22:27.519090,UNK C/S,58-0092,1523,38000,55.4,-133.7,KC-135R Stratotanker,,,,False,mode_s
ae0143,2026-09-27 07:22:27.519093,UNK C/S,58-0035,1654,34000,57.0,-133.8,KC-135R Stratotanker,,,,False,mode_s
ae0594,2026-09-27 07:23:27.770453,UNK C/S,58-0128,3517,36000,49.653057,-124.232765,KC-135R Stratotanker,307,436,0,False,mlat
af3bca,2026-09-27 07:23:27.770463,HORSE60,19-46107,3770,25000,37.294525,-120.257896,KC-46A Pegasus,331,440,0,False,mlat
ae07a9,2026-09-27 07:23:27.770466,UNK C/S,59-1515,3521,32000,37.889893,-117.197433,KC-135R Stratotanker,42,515,,False,adsb_icao
ae1459,2026-09-27 07:23:27.770470,RCH721,06-6155,3260,31000,44.425919,-110.524094,C-17A Globemaster,46,514,0,False,adsb_icao
ae20c6,2026-09-27 07:23:27.770473,RCH4180,07-7185,2125,75,32.914742,-80.047615,C-17A Globemaster,150,136,-691,False,mlat
ae1458,2026-09-27 07:23:27.770476,MCFAMC,06-6154,3673,34996,62.73468,-75.812187,C-17A Globemaster,45,,,False,adsc
ae07d7,2026-09-27 07:23:27.770478,RCH215,92-3293,6723,31975,45.269955,-64.621117,C-17A Globemaster,232,394,128,False,adsb_icao
ae123a,2026-09-27 07:23:27.770481,MOOSE69,04-4128,2645,36000,43.999786,23.153545,C-17A Globemaster,338,404,0,False,mlat
ae5e12,2026-09-27 07:23:27.770488,UNK C/S,17-46037,0716,25000,24.6,57.9,KC-46A Pegasus,,,,False,mode_s
ae0269,2026-09-27 07:23:27.770490,UNK C/S,57-2603,5332,10025,31.4,35.0,KC-135R Stratotanker,,,,False,mode_s
ae07f0,2026-09-27 07:23:27.770493,RCH553,96-0006,3315,30750,22.6,53.6,C-17A Globemaster,,,,False,mode_s
ae025d,2026-09-27 07:23:27.770497,UNK C/S,58-0092,1523,38000,55.4,-133.7,KC-135R Stratotanker,,,,False,mode_s
ae0143,2026-09-27 07:23:27.770500,UNK C/S,58-0035,1654,33975,58.1,-134.0,KC-135R Stratotanker,,,,False,mode_s
ae0594,2026-09-27 07:24:28.008090,UNK C/S,58-0128,3517,36000,49.727024,-124.386078,KC-135R Stratotanker,306,434,0,False,mlat
af3bca,2026-09-27 07:24:28.008100,HORSE60,19-46107,3770,24375,37.38549,-120.335541,KC-46A Pegasus,327,419,-573,False,mlat
ae07a9,2026-09-27 07:24:28.008104,UNK C/S,59-1515,3521,32000,37.99411,-117.075104,KC-135R Stratotanker,42,515,,False,adsb_icao
ae1459,2026-09-27 07:24:28.008107,RCH721,06-6155,3260,31000,44.524143,-110.380775,C-17A Globemaster,46,511,64,False,adsb_icao
ae1458,2026-09-27 07:24:28.008111,MCFAMC,06-6154,3673,34996,62.73468,-75.812187,C-17A Globemaster,45,,,False,adsc
ae07d7,2026-09-27 07:24:28.008114,RCH215,92-3293,6723,32000,45.203339,-64.744331,C-17A Globemaster,232,395,0,False,adsb_icao
ae123a,2026-09-27 07:24:28.008117,MOOSE69,04-4128,2645,36000,44.097126,23.098618,C-17A Globemaster,337,406,0,False,mlat
ae5e12,2026-09-27 07:24:28.008124,UNK C/S,17-46037,0716,25025,23.9,56.2,KC-46A Pegasus,,,,False,mode_s
ae0269,2026-09-27 07:24:28.008126,UNK C/S,57-2603,5332,10000,31.8,34.9,KC-135R Stratotanker,,,,False,mode_s
ae07f0,2026-09-27 07:24:28.008129,RCH553,96-0006,3315,28600,22.6,53.6,C-17A Globemaster,,,,False,mode_s
ae025d,2026-09-27 07:24:28.008133,UNK C/S,58-0092,1523,38000,55.4,-133.7,KC-135R Stratotanker,,,,False,mode_s
ae0143,2026-09-27 07:24:28.008136,UNK C/S,58-0035,1654,34000,58.2,-134.8,KC-135R Stratotanker,,,,False,mode_s
ae0594,2026-09-27 07:25:28.250628,UNK C/S,58-0128,3517,36000,49.8009,-124.54361,KC-135R Stratotanker,307,429,0,False,mlat
af3bca,2026-09-27 07:25:28.250637,HORSE60,19-46107,3770,23450,37.481812,-120.419205,KC-46A Pegasus,326,402,-1656,False,mlat
ae07a9,2026-09-27 07:25:28.250641,UNK C/S,59-1515,3521,32000,38.076782,-116.92527,KC-135R Stratotanker,61,516,,False,adsb_icao
ae1459,2026-09-27 07:25:28.250645,RCH721,06-6155,3260,31000,44.623253,-110.235611,C-17A Globemaster,46,515,64,False,adsb_icao
ae1458,2026-09-27 07:25:28.250648,MCFAMC,06-6154,3673,34996,62.73468,-75.812187,C-17A Globemaster,45,,,False,adsc
ae07d7,2026-09-27 07:25:28.250650,RCH215,92-3293,6723,32000,45.136459,-64.867531,C-17A Globemaster,232,395,-64,False,adsb_icao
ae123a,2026-09-27 07:25:28.250654,MOOSE69,04-4128,2645,36000,44.202381,23.034586,C-17A Globemaster,337,414,0,False,mlat
ae5e12,2026-09-27 07:25:28.250660,UNK C/S,17-46037,0716,25000,23.7,56.0,KC-46A Pegasus,,,,False,mode_s
ae0269,2026-09-27 07:25:28.250663,UNK C/S,57-2603,5332,9550,31.5,35.1,KC-135R Stratotanker,,,,False,mode_s
ae07f0,2026-09-27 07:25:28.250666,RCH553,96-0006,3315,27000,22.6,54.2,C-17A Globemaster,,,,False,mode_s
ae025d,2026-09-27 07:25:28.250669,UNK C/S,58-0092,1523,38000,57.0,-134.0,KC-135R Stratotanker,,,,False,mode_s
ae0143,2026-09-27 07:25:28.250672,UNK C/S,58-0035,1654,33975,58.2,-134.8,KC-135R Stratotanker,,,,False,mode_s
ae0594,2026-09-27 07:26:28.510903,UNK C/S,58-0128,3517,36000,49.871162,-124.692406,KC-135R Stratotanker,306,446,0,False,mlat
af3bca,2026-09-27 07:26:28.510912,HORSE60,19-46107,3770,21550,37.571171,-120.499771,KC-46A Pegasus,323,396,-1881,False,mlat
ae07a9,2026-09-27 07:26:28.510916,UNK C/S,59-1515,3521,32000,38.146271,-116.766144,KC-135R Stratotanker,61,516,,False,adsb_icao
ae1459,2026-09-27 07:26:28.510920,RCH721,06-6155,3260,31000,44.721725,-110.09053,C-17A Globemaster,46,514,-64,False,adsb_icao
ae1458,2026-09-27 07:26:28.510924,MCFAMC,06-6154,3673,34996,62.73468,-75.812187,C-17A Globemaster,45,,,False,adsc
ae07d7,2026-09-27 07:26:28.510926,RCH215,92-3293,6723,32000,45.068848,-64.991653,C-17A Globemaster,232,397,-64,False,adsb_icao
ae123a,2026-09-27 07:26:28.510930,MOOSE69,04-4128,2645,36000,44.311008,22.970196,C-17A Globemaster,337,412,0,False,mlat
ae5e12,2026-09-27 07:26:28.510936,UNK C/S,17-46037,0716,25000,23.4,55.8,KC-46A Pegasus,,,,False,mode_s
ae0269,2026-09-27 07:26:28.510939,UNK C/S,57-2603,5332,7325,31.4,34.5,KC-135R Stratotanker,,,,False,mode_s
ae07f0,2026-09-27 07:26:28.510942,RCH553,96-0006,3315,27000,25.6,51.4,C-17A Globemaster,,,,False,mode_s
ae025d,2026-09-27 07:26:28.510945,UNK C/S,58-0092,1523,38000,57.0,-134.0,KC-135R Stratotanker,,,,False,mode_s
ae0143,2026-09-27 07:26:28.510948,UNK C/S,58-0035,1654,34000,57.0,-134.1,KC-135R Stratotanker,,,,False,mode_s
ae0594,2026-09-27 07:27:28.775501,UNK C/S,58-0128,3517,36000,49.946133,-124.848579,KC-135R Stratotanker,306,447,0,False,mlat
af3bca,2026-09-27 07:27:28.775510,HORSE60,19-46107,3770,19950,37.654335,-120.579132,KC-46A Pegasus,321,378,-1441,False,mlat
ae07a9,2026-09-27 07:27:28.775514,UNK C/S,59-1515,3521,32000,38.214455,-116.608047,KC-135R Stratotanker,61,516,,False,adsb_icao
ae1459,2026-09-27 07:27:28.775518,RCH721,06-6155,3260,31000,44.821838,-109.942345,C-17A Globemaster,46,520,-64,False,adsb_icao
ae1458,2026-09-27 07:27:28.775522,MCFAMC,06-6154,3673,34996,62.73468,-75.812187,C-17A Globemaster,45,,,False,adsc
ae07d7,2026-09-27 07:27:28.775525,RCH215,92-3293,6723,31975,45.000824,-65.115768,C-17A Globemaster,232,399,0,False,adsb_icao
ae123a,2026-09-27 07:27:28.775529,MOOSE69,04-4128,2645,36000,44.413948,22.911123,C-17A Globemaster,336,417,0,False,mlat
ae025d,2026-09-27 07:27:28.775535,UNK C/S,58-0092,1523,38000,57.0,-133.9,KC-135R Stratotanker,,,,False,mode_s
ae5e12,2026-09-27 07:27:28.775537,UNK C/S,17-46037,0716,25000,24.2,56.7,KC-46A Pegasus,,,,False,mode_s
ae0143,2026-09-27 07:27:28.775542,UNK C/S,58-0035,1654,33975,59.3,-138.5,KC-135R Stratotanker,,,,False,mode_s
ae0269,2026-09-27 07:27:28.775544,UNK C/S,57-2603,5332,6000,31.8,34.8,KC-135R Stratotanker,,,,False,mode_s
ae07f0,2026-09-27 07:27:28.775547,RCH553,96-0006,3315,26975,22.6,54.4,C-17A Globemaster,,,,False,mode_s
ae0594,2026-09-27 07:28:29.019834,UNK C/S,58-0128,3517,36000,50.016838,-125.001152,KC-135R Stratotanker,307,433,0,False,mlat
af3bca,2026-09-27 07:28:29.019844,HORSE60,19-46107,3770,18550,37.736332,-120.661026,KC-46A Pegasus,322,385,-1496,False,mlat
ae07a9,2026-09-27 07:28:29.019849,UNK C/S,59-1515,3521,31975,38.283909,-116.447258,KC-135R Stratotanker,59,515,,False,adsb_icao
ae1459,2026-09-27 07:28:29.019852,RCH721,06-6155,3260,31000,44.920441,-109.795464,C-17A Globemaster,46,515,0,False,adsb_icao
ae1458,2026-09-27 07:28:29.019856,MCFAMC,06-6154,3673,34996,62.73468,-75.812187,C-17A Globemaster,45,,,False,adsc
ae07d7,2026-09-27 07:28:29.019859,RCH215,92-3293,6723,32000,44.932407,-65.240303,C-17A Globemaster,232,404,64,False,adsb_icao
ae123a,2026-09-27 07:28:29.019862,MOOSE69,04-4128,2645,36000,44.522785,22.843582,C-17A Globemaster,336,419,0,False,mlat
ae5e12,2026-09-27 07:28:29.019869,UNK C/S,17-46037,0716,25000,24.2,57.2,KC-46A Pegasus,,,,False,mode_s
ae0143,2026-09-27 07:28:29.019874,UNK C/S,58-0035,1654,33975,57.0,-133.9,KC-135R Stratotanker,,,,False,mode_s
ae0269,2026-09-27 07:28:29.019877,UNK C/S,57-2603,5332,6000,31.9,34.9,KC-135R Stratotanker,,,,False,mode_s
ae07f0,2026-09-27 07:28:29.019879,RCH553,96-0006,3315,24175,22.6,54.4,C-17A Globemaster,,,,False,mode_s
ae0594,2026-09-27 07:29:29.276624,UNK C/S,58-0128,3517,36000,50.088879,-125.157448,KC-135R Stratotanker,305,449,0,False,mlat
af3bca,2026-09-27 07:29:29.276633,HORSE60,19-46107,3770,17125,37.818321,-120.745453,KC-46A Pegasus,321,353,-1359,False,mlat
ae07a9,2026-09-27 07:29:29.276638,UNK C/S,59-1515,3521,32000,38.399368,-116.354973,KC-135R Stratotanker,9,489,,False,adsb_icao
ae1459,2026-09-27 07:29:29.276642,RCH721,06-6155,3260,31000,45.01918,-109.647743,C-17A Globemaster,46,517,-128,False,adsb_icao
ae1458,2026-09-27 07:29:29.276646,MCFAMC,06-6154,3673,34996,62.73468,-75.812187,C-17A Globemaster,45,,,False,adsc
ae07d7,2026-09-27 07:29:29.276649,RCH215,92-3293,6723,32000,44.862858,-65.36631,C-17A Globemaster,232,409,0,False,adsb_icao
ae123a,2026-09-27 07:29:29.276652,MOOSE69,04-4128,2645,36000,44.630806,22.779139,C-17A Globemaster,337,417,0,False,mlat
ae5e12,2026-09-27 07:29:29.276659,UNK C/S,17-46037,0716,25025,23.8,56.2,KC-46A Pegasus,,,,False,mode_s
ae0143,2026-09-27 07:29:29.276664,UNK C/S,58-0035,1654,34000,58.2,-134.8,KC-135R Stratotanker,,,,False,mode_s
ae0269,2026-09-27 07:29:29.276667,UNK C/S,57-2603,5332,4700,32.1,34.0,KC-135R Stratotanker,,,,False,mode_s
ae07f0,2026-09-27 07:29:29.276670,RCH553,96-0006,3315,20500,24.8,49.1,C-17A Globemaster,,,,False,mode_s
ae0594,2026-09-27 07:30:29.518319,UNK C/S,58-0128,3517,36000,50.158588,-125.3078,KC-135R Stratotanker,306,432,0,False,mlat
af3bca,2026-09-27 07:30:29.518328,HORSE60,19-46107,3770,15750,37.892845,-120.820511,KC-46A Pegasus,321,346,-1353,False,mlat
ae07a9,2026-09-27 07:30:29.518332,UNK C/S,59-1515,3521,31975,38.530746,-116.367722,KC-135R Stratotanker,352,471,,False,adsb_icao
ae1459,2026-09-27 07:30:29.518336,RCH721,06-6155,3260,31000,45.117359,-109.499992,C-17A Globemaster,46,517,64,False,adsb_icao
ae1458,2026-09-27 07:30:29.518339,MCFAMC,06-6154,3673,34996,62.73468,-75.812187,C-17A Globemaster,45,,,False,adsc
ae07d7,2026-09-27 07:30:29.518342,RCH215,92-3293,6723,32000,44.792587,-65.492706,C-17A Globemaster,231,412,-128,False,adsb_icao
ae123a,2026-09-27 07:30:29.518345,MOOSE69,04-4128,2645,36000,44.730766,22.71928,C-17A Globemaster,339,393,0,False,mlat
ae5e12,2026-09-27 07:30:29.518351,UNK C/S,17-46037,0716,25000,24.4,57.7,KC-46A Pegasus,,,,False,mode_s
ae0143,2026-09-27 07:30:29.518356,UNK C/S,58-0035,1654,33975,58.6,-143.3,KC-135R Stratotanker,,,,False,mode_s
ae0269,2026-09-27 07:30:29.518359,UNK C/S,57-2603,5332,3025,31.7,34.2,KC-135R Stratotanker,,,,False,mode_s
ae07f0,2026-09-27 07:30:29.518362,RCH553,96-0006,3315,Unavailable,24.8,49.1,C-17A Globemaster,,,,False,mode_s
ae0594,2026-09-27 07:31:29.777840,UNK C/S,58-0128,3517,36000,50.222183,-125.450172,KC-135R Stratotanker,304,420,0,False,mlat
af3bca,2026-09-27 07:31:29.777849,HORSE60,19-46107,3770,14450,37.955971,-120.910049,KC-46A Pegasus,282,337,-1199,False,mlat
ae07a9,2026-09-27 07:31:29.777853,UNK C/S,59-1515,3521,32000,38.660748,-116.389404,KC-135R Stratotanker,352,472,,False,adsb_icao
ae1459,2026-09-27 07:31:29.777857,RCH721,06-6155,3260,31000,45.21619,-109.350342,C-17A Globemaster,47,520,64,False,adsb_icao
ae1458,2026-09-27 07:31:29.777860,MCFAMC,06-6154,3673,34996,62.73468,-75.812187,C-17A Globemaster,45,,,False,adsc
ae07d7,2026-09-27 07:31:29.777863,RCH215,92-3293,6723,32000,44.721386,-65.620468,C-17A Globemaster,231,415,0,False,adsb_icao
ae123a,2026-09-27 07:31:29.777866,MOOSE69,04-4128,2645,36000,44.830849,22.658407,C-17A Globemaster,335,403,0,False,mlat
ae0269,2026-09-27 07:31:29.777868,UNK C/S,57-2603,5332,3025,32.130638,34.761402,KC-135R Stratotanker,305,302,222,False,mlat
ae5e12,2026-09-27 07:31:29.777875,UNK C/S,17-46037,0716,25000,24.7,58.2,KC-46A Pegasus,,,,False,mode_s
ae0143,2026-09-27 07:31:29.777879,UNK C/S,58-0035,1654,33975,57.0,-134.1,KC-135R Stratotanker,,,,False,mode_s
ae07f0,2026-09-27 07:31:29.777883,RCH553,96-0006,3315,Unavailable,24.8,49.1,C-17A Globemaster,,,,False,mode_s
ae0594,2026-09-27 07:32:30.040332,UNK C/S,58-0128,3517,36000,50.276772,-125.575104,KC-135R Stratotanker,304,409,0,False,mlat
af3bca,2026-09-27 07:32:30.040342,HORSE60,19-46107,3770,13250,37.969765,-121.020531,KC-46A Pegasus,278,306,-1184,False,mlat
ae07a9,2026-09-27 07:32:30.040347,UNK C/S,59-1515,3521,32000,38.791809,-116.411613,KC-135R Stratotanker,352,473,,False,adsb_icao
ae1459,2026-09-27 07:32:30.040351,RCH721,06-6155,3260,31000,45.315578,-109.199211,C-17A Globemaster,47,525,-64,False,adsb_icao
ae1458,2026-09-27 07:32:30.040354,MCFAMC,06-6154,3673,35008,63.810825,-66.697311,C-17A Globemaster,71,,,False,adsc
ae07d7,2026-09-27 07:32:30.040357,RCH215,92-3293,6723,32000,44.650589,-65.747025,C-17A Globemaster,231,410,64,False,adsb_icao
ae123a,2026-09-27 07:32:30.040361,MOOSE69,04-4128,2645,36000,44.947296,22.589022,C-17A Globemaster,337,421,-7,False,mlat
ae0269,2026-09-27 07:32:30.040363,UNK C/S,57-2603,5332,2325,32.105598,34.741749,KC-135R Stratotanker,204,103,-1308,False,mlat
ae025d,2026-09-27 07:32:30.040370,UNK C/S,58-0092,1523,38000,55.4,-133.7,KC-135R Stratotanker,,,,False,mode_s
ae5e12,2026-09-27 07:32:30.040373,UNK C/S,17-46037,0716,25025,24.8,58.7,KC-46A Pegasus,,,,False,mode_s
ae0143,2026-09-27 07:32:30.040377,UNK C/S,58-0035,1654,34000,58.1,-134.0,KC-135R Stratotanker,,,,False,mode_s
ae07f0,2026-09-27 07:32:30.040381,RCH553,96-0006,3315,9825,24.8,49.1,C-17A Globemaster,,,,False,mode_s
ae0594,2026-09-27 07:33:30.349075,UNK C/S,58-0128,3517,36000,50.364395,-125.763863,KC-135R Stratotanker,305,437,0,False,mlat
aed867,2026-09-27 07:33:30.349084,BOE124,23-46124,Unavailable,0,47.912498,-122.281158,KC-46A Pegasus,359,135,-704,False,other
af3bca,2026-09-27 07:33:30.349087,HORSE60,19-46107,3770,12025,37.982559,-121.129646,KC-46A Pegasus,278,312,-1199,False,mlat
ae07a9,2026-09-27 07:33:30.349091,UNK C/S,59-1515,3521,32000,38.923187,-116.434181,KC-135R Stratotanker,352,472,,False,adsb_icao
ae1459,2026-09-27 07:33:30.349094,RCH721,06-6155,3260,31000,45.414455,-109.047745,C-17A Globemaster,47,523,64,False,adsb_icao
ae1458,2026-09-27 07:33:30.349097,MCFAMC,06-6154,3673,35008,63.810825,-66.697311,C-17A Globemaster,71,,,False,adsc
ae07d7,2026-09-27 07:33:30.349100,RCH215,92-3293,6723,32000,44.579636,-65.873238,C-17A Globemaster,231,411,0,False,adsb_icao
ae123a,2026-09-27 07:33:30.349103,MOOSE69,04-4128,2645,36000,45.034119,22.534994,C-17A Globemaster,336,418,0,False,mlat
ae0269,2026-09-27 07:33:30.349105,UNK C/S,57-2603,5332,2325,32.075024,34.748932,KC-135R Stratotanker,124,116,0,False,mlat
ae025d,2026-09-27 07:33:30.349112,UNK C/S,58-0092,1523,38000,55.4,-133.7,KC-135R Stratotanker,,,,False,mode_s
ae5e12,2026-09-27 07:33:30.349114,UNK C/S,17-46037,0716,25025,23.6,56.1,KC-46A Pegasus,,,,False,mode_s
ae0143,2026-09-27 07:33:30.349119,UNK C/S,58-0035,1654,34000,57.0,-134.8,KC-135R Stratotanker,,,,False,mode_s
ae07f0,2026-09-27 07:33:30.349123,RCH553,96-0006,3315,Unavailable,25.4,55.2,C-17A Globemaster,,,,False,mode_s
ae0594,2026-09-27 07:34:30.595071,UNK C/S,58-0128,3517,36000,50.427082,-125.907135,KC-135R Stratotanker,304,445,0,False,mlat
af3bca,2026-09-27 07:34:30.595080,HORSE60,19-46107,3770,10850,37.994644,-121.234848,KC-46A Pegasus,278,286,-1162,False,mlat
ae07a9,2026-09-27 07:34:30.595085,UNK C/S,59-1515,3521,32000,39.053741,-116.45681,KC-135R Stratotanker,352,473,,False,adsb_icao
ae1459,2026-09-27 07:34:30.595089,RCH721,06-6155,3260,31000,45.51445,-108.894005,C-17A Globemaster,47,525,64,False,adsb_icao
ae1458,2026-09-27 07:34:30.595092,MCFAMC,06-6154,3673,35008,63.810825,-66.697311,C-17A Globemaster,71,,,False,adsc
ae07d7,2026-09-27 07:34:30.595095,RCH215,92-3293,6723,32000,44.50827,-65.999519,C-17A Globemaster,231,415,0,False,adsb_icao
ae123a,2026-09-27 07:34:30.595099,MOOSE69,04-4128,2645,36000,45.156414,22.460678,C-17A Globemaster,337,426,0,False,mlat
ae0269,2026-09-27 07:34:30.595102,UNK C/S,57-2603,5332,1350,32.04784,34.801632,KC-135R Stratotanker,129,163,-1093,False,mlat
ae025d,2026-09-27 07:34:30.595108,UNK C/S,58-0092,1523,38000,55.4,-133.7,KC-135R Stratotanker,,,,False,mode_s
ae5e12,2026-09-27 07:34:30.595110,UNK C/S,17-46037,0716,25000,24.0,56.2,KC-46A Pegasus,,,,False,mode_s
ae0143,2026-09-27 07:34:30.595115,UNK C/S,58-0035,1654,34000,58.3,-134.0,KC-135R Stratotanker,,,,False,mode_s
ae07f0,2026-09-27 07:34:30.595119,RCH553,96-0006,3315,3225,23.5,55.5,C-17A Globemaster,,,,False,mode_s
ae0143,2026-09-27 07:35:30.895341,UNK C/S,58-0035,1654,34000,58.893646,-135.929947,KC-135R Stratotanker,,,-34,False,mlat
ae0594,2026-09-27 07:35:30.895351,UNK C/S,58-0128,3517,36000,50.396725,-125.887138,KC-135R Stratotanker,,,0,False,mlat
af3bca,2026-09-27 07:35:30.895355,HORSE60,19-46107,3770,9725,38.009335,-121.340408,KC-46A Pegasus,280,290,-1123,False,mlat
ae07a9,2026-09-27 07:35:30.895358,UNK C/S,59-1515,3521,32000,39.183609,-116.479439,KC-135R Stratotanker,352,473,,False,adsb_icao
ae1459,2026-09-27 07:35:30.895362,RCH721,06-6155,3260,31000,45.613358,-108.741066,C-17A Globemaster,47,527,0,False,adsb_icao
ae1458,2026-09-27 07:35:30.895365,MCFAMC,06-6154,3673,35008,63.810825,-66.697311,C-17A Globemaster,71,,,False,adsc
ae07d7,2026-09-27 07:35:30.895368,RCH215,92-3293,6723,32000,44.436356,-66.12632,C-17A Globemaster,231,416,0,False,adsb_icao
ae123a,2026-09-27 07:35:30.895371,MOOSE69,04-4128,2645,36000,45.258327,22.399239,C-17A Globemaster,335,406,0,False,mlat
ae0269,2026-09-27 07:35:30.895373,UNK C/S,57-2603,5332,525,32.026588,34.844139,KC-135R Stratotanker,115,144,-830,False,mlat
ae025d,2026-09-27 07:35:30.895379,UNK C/S,58-0092,1523,38000,55.4,-133.7,KC-135R Stratotanker,,,,False,mode_s
ae5e12,2026-09-27 07:35:30.895382,UNK C/S,17-46037,0716,25000,23.8,56.0,KC-46A Pegasus,,,,False,mode_s
ae07f0,2026-09-27 07:35:30.895387,RCH553,96-0006,3315,3225,23.5,55.5,C-17A Globemaster,,,,False,mode_s
ae0143,2026-09-27 07:36:31.133859,UNK C/S,58-0035,1654,34000,59.019966,-136.182175,KC-135R Stratotanker,,,14,False,mlat
ae0594,2026-09-27 07:36:31.133868,UNK C/S,58-0128,3517,36000,50.564999,-126.212601,KC-135R Stratotanker,304,436,34,False,other
af3bca,2026-09-27 07:36:31.133871,HORSE60,19-46107,3770,8600,38.02306,-121.440308,KC-46A Pegasus,281,288,-1099,False,mlat
ae07a9,2026-09-27 07:36:31.133875,UNK C/S,59-1515,3521,32000,39.314995,-116.502563,KC-135R Stratotanker,352,473,,False,adsb_icao
ae1459,2026-09-27 07:36:31.133878,RCH721,06-6155,3260,31000,45.713226,-108.585709,C-17A Globemaster,47,528,-128,False,adsb_icao
ae1458,2026-09-27 07:36:31.133882,MCFAMC,06-6154,3673,35008,63.810825,-66.697311,C-17A Globemaster,71,,,False,adsc
ae07d7,2026-09-27 07:36:31.133884,RCH215,92-3293,6723,32000,44.363537,-66.254128,C-17A Globemaster,231,417,0,False,adsb_icao
ae123a,2026-09-27 07:36:31.133888,MOOSE69,04-4128,2645,36000,45.364491,22.333481,C-17A Globemaster,336,422,-73,False,mlat
ae025d,2026-09-27 07:36:31.133894,UNK C/S,58-0092,1523,38000,55.4,-133.7,KC-135R Stratotanker,,,,False,mode_s
ae5e12,2026-09-27 07:36:31.133897,UNK C/S,17-46037,0716,25000,23.7,56.2,KC-46A Pegasus,,,,False,mode_s
ae07f0,2026-09-27 07:36:31.133902,RCH553,96-0006,3315,3225,23.5,55.5,C-17A Globemaster,,,,False,mode_s
ae0594,2026-09-27 07:37:31.380157,UNK C/S,58-0128,3517,36000,50.630402,-126.360397,KC-135R Stratotanker,304,421,25,False,other
af3bca,2026-09-27 07:37:31.380166,HORSE60,19-46107,3770,7525,38.036186,-121.537094,KC-46A Pegasus,280,273,-1054,False,mlat
ae07a9,2026-09-27 07:37:31.380170,UNK C/S,59-1515,3521,32000,39.444641,-116.525513,KC-135R Stratotanker,352,473,,False,adsb_icao
ae1459,2026-09-27 07:37:31.380174,RCH721,06-6155,3260,31000,45.811478,-108.431976,C-17A Globemaster,47,529,-64,False,adsb_icao
ae1458,2026-09-27 07:37:31.380177,MCFAMC,06-6154,3673,35008,63.810825,-66.697311,C-17A Globemaster,71,,,False,adsc
ae07d7,2026-09-27 07:37:31.380180,RCH215,92-3293,6723,32000,44.291565,-66.379852,C-17A Globemaster,231,421,-64,False,adsb_icao
ae123a,2026-09-27 07:37:31.380184,MOOSE69,04-4128,2645,36000,45.471218,22.268337,C-17A Globemaster,337,412,0,False,mlat
af9e2a,2026-09-27 07:37:31.380190,UNK C/S,23-46120,1200,Unavailable,37.6,-97.3,KC-46A Pegasus,,,,False,mode_s
ae025d,2026-09-27 07:37:31.380193,UNK C/S,58-0092,1523,38000,55.4,-133.7,KC-135R Stratotanker,,,,False,mode_s
ae5e12,2026-09-27 07:37:31.380196,UNK C/S,17-46037,0716,25000,23.8,56.0,KC-46A Pegasus,,,,False,mode_s
ae0143,2026-09-27 07:37:31.380200,UNK C/S,58-0035,1654,34000,58.7,-140.2,KC-135R Stratotanker,,,,False,mode_s
ae07f0,2026-09-27 07:37:31.380204,RCH553,96-0006,3315,3125,25.4,55.2,C-17A Globemaster,,,,False,mode_s
ae0143,2026-09-27 07:38:31.625041,UNK C/S,58-0035,1654,34000,59.235928,-136.438507,KC-135R Stratotanker,,,-1,False,mlat
ae0594,2026-09-27 07:38:31.625051,UNK C/S,58-0128,3517,36000,50.707401,-126.534897,KC-135R Stratotanker,304,426,23,False,other
aed867,2026-09-27 07:38:31.625054,BOE124,23-46124,Unavailable,0,47.912498,-122.281158,KC-46A Pegasus,359,135,-704,False,other
af3bca,2026-09-27 07:38:31.625057,HORSE60,19-46107,3770,6500,38.049015,-121.630981,KC-46A Pegasus,279,268,-1033,False,mlat
ae07a9,2026-09-27 07:38:31.625061,UNK C/S,59-1515,3521,32000,39.575874,-116.548706,KC-135R Stratotanker,352,473,,False,adsb_icao
ae1459,2026-09-27 07:38:31.625064,RCH721,06-6155,3260,31000,45.911121,-108.27507,C-17A Globemaster,47,531,-64,False,adsb_icao
ae1458,2026-09-27 07:38:31.625067,MCFAMC,06-6154,3673,35008,63.810825,-66.697311,C-17A Globemaster,71,,,False,adsc
ae07d7,2026-09-27 07:38:31.625070,RCH215,92-3293,6723,32000,44.217316,-66.50901,C-17A Globemaster,231,424,0,False,adsb_icao
ae123a,2026-09-27 07:38:31.625073,MOOSE69,04-4128,2645,36000,45.58007,22.199476,C-17A Globemaster,336,422,0,False,mlat
ae025d,2026-09-27 07:38:31.625079,UNK C/S,58-0092,1523,38000,55.4,-133.7,KC-135R Stratotanker,,,,False,mode_s
ae5e12,2026-09-27 07:38:31.625082,UNK C/S,17-46037,0716,25025,23.9,56.3,KC-46A Pegasus,,,,False,mode_s
ae07f0,2026-09-27 07:38:31.625087,RCH553,96-0006,3315,2600,25.4,55.2,C-17A Globemaster,,,,False,mode_s
ae0594,2026-09-27 07:39:31.882857,UNK C/S,58-0128,3517,36000,50.768398,-126.675102,KC-135R Stratotanker,304,419,23,False,other
af3bca,2026-09-27 07:39:31.882866,HORSE60,19-46107,3770,6075,38.069801,-121.714211,KC-46A Pegasus,312,279,75,False,mlat
ae07a9,2026-09-27 07:39:31.882870,UNK C/S,59-1515,3521,32000,39.707478,-116.572083,KC-135R Stratotanker,352,480,,False,adsb_icao
ae1459,2026-09-27 07:39:31.882874,RCH721,06-6155,3260,31000,46.009998,-108.118584,C-17A Globemaster,47,533,-64,False,adsb_icao
ae1458,2026-09-27 07:39:31.882877,MCFAMC,06-6154,3673,35008,63.810825,-66.697311,C-17A Globemaster,71,,,False,adsc
ae07d7,2026-09-27 07:39:31.882880,RCH215,92-3293,6723,32000,44.143997,-66.636002,C-17A Globemaster,231,424,0,False,adsb_icao
ae123a,2026-09-27 07:39:31.882883,MOOSE69,04-4128,2645,36000,45.680008,22.138147,C-17A Globemaster,336,417,0,False,mlat
ae025d,2026-09-27 07:39:31.882890,UNK C/S,58-0092,1523,38000,55.4,-133.7,KC-135R Stratotanker,,,,False,mode_s
ae5e12,2026-09-27 07:39:31.882893,UNK C/S,17-46037,0716,25000,24.0,56.4,KC-46A Pegasus,,,,False,mode_s
ae0143,2026-09-27 07:39:31.882898,UNK C/S,58-0035,1654,34000,58.7,-140.2,KC-135R Stratotanker,,,,False,mode_s
ae07f0,2026-09-27 07:39:31.882901,RCH553,96-0006,3315,1900,23.3,54.3,C-17A Globemaster,,,,False,mode_s
ae0594,2026-09-27 07:40:32.113511,UNK C/S,58-0128,3517,36000,50.835899,-126.8321,KC-135R Stratotanker,304,425,16,False,other
af3bca,2026-09-27 07:40:32.113520,HORSE60,19-46107,3770,5925,38.140491,-121.763641,KC-46A Pegasus,335,276,-225,False,mlat
ae07a9,2026-09-27 07:40:32.113524,UNK C/S,59-1515,3521,32000,39.841778,-116.596191,KC-135R Stratotanker,352,485,,False,adsb_icao
ae1459,2026-09-27 07:40:32.113528,RCH721,06-6155,3260,31000,46.110737,-107.958252,C-17A Globemaster,48,536,64,False,adsb_icao
ae07d7,2026-09-27 07:40:32.113531,RCH215,92-3293,6723,32000,44.069,-66.765259,C-17A Globemaster,231,428,0,False,adsb_icao
ae1458,2026-09-27 07:40:32.113534,MCFAMC,06-6154,3673,35008,63.810825,-66.697311,C-17A Globemaster,71,,,False,adsc
ae123a,2026-09-27 07:40:32.113537,MOOSE69,04-4128,2645,36000,45.797565,22.064594,C-17A Globemaster,337,428,0,False,mlat
ae5e12,2026-09-27 07:40:32.113544,UNK C/S,17-46037,0716,25000,24.5,57.1,KC-46A Pegasus,,,,False,mode_s
ae0143,2026-09-27 07:40:32.113549,UNK C/S,58-0035,1654,34000,58.6,-140.3,KC-135R Stratotanker,,,,False,mode_s
ae07f0,2026-09-27 07:40:32.113552,RCH553,96-0006,3315,1200,24.8,49.1,C-17A Globemaster,,,,False,mode_s
ae0594,2026-09-27 07:41:32.384185,UNK C/S,58-0128,3517,36000,50.904301,-126.988503,KC-135R Stratotanker,304,425,27,False,other
af3bca,2026-09-27 07:41:32.384194,HORSE60,19-46107,3770,5725,38.211201,-121.805923,KC-46A Pegasus,335,278,-207,False,mlat
ae07a9,2026-09-27 07:41:32.384198,UNK C/S,59-1515,3521,32000,39.976406,-116.620438,KC-135R Stratotanker,352,489,,False,adsb_icao
ae1459,2026-09-27 07:41:32.384201,RCH721,06-6155,3260,31000,46.205193,-107.791466,C-17A Globemaster,51,541,128,False,adsb_icao
ae07d7,2026-09-27 07:41:32.384204,RCH215,92-3293,6723,32000,43.993469,-66.894859,C-17A Globemaster,231,437,,False,adsb_icao
ae1458,2026-09-27 07:41:32.384207,MCFAMC,06-6154,3673,35008,63.810825,-66.697311,C-17A Globemaster,71,,,False,adsc
ae123a,2026-09-27 07:41:32.384211,MOOSE69,04-4128,2645,36000,45.906914,21.997044,C-17A Globemaster,338,412,0,False,mlat
ae025d,2026-09-27 07:41:32.384218,UNK C/S,58-0092,1523,Unavailable,55.4,-133.7,KC-135R Stratotanker,,,,False,mode_s
ae5e12,2026-09-27 07:41:32.384220,UNK C/S,17-46037,0716,25000,24.2,56.7,KC-46A Pegasus,,,,False,mode_s
ae0143,2026-09-27 07:41:32.384225,UNK C/S,58-0035,1654,34000,58.6,-139.4,KC-135R Stratotanker,,,,False,mode_s
ae07f0,2026-09-27 07:41:32.384228,RCH553,96-0006,3315,725,23.5,55.5,C-17A Globemaster,,,,False,mode_s
ae0594,2026-09-27 07:42:32.617227,UNK C/S,58-0128,3517,36000,50.9673,-127.136902,KC-135R Stratotanker,303,429,-3,False,other
af3bca,2026-09-27 07:42:32.617236,HORSE60,19-46107,3770,5550,38.281647,-121.848129,KC-46A Pegasus,335,273,-159,False,mlat
ae07a9,2026-09-27 07:42:32.617240,UNK C/S,59-1515,3521,32000,40.111588,-116.644775,KC-135R Stratotanker,352,491,,False,adsb_icao
ae1459,2026-09-27 07:42:32.617244,RCH721,06-6155,3260,31000,46.29863,-107.619995,C-17A Globemaster,52,539,0,False,adsb_icao
ae07d7,2026-09-27 07:42:32.617247,RCH215,92-3293,6723,32000,43.915649,-67.027779,C-17A Globemaster,230,442,,False,adsb_icao
ae1458,2026-09-27 07:42:32.617250,MCFAMC,06-6154,3673,34996,64.01442,-63.879662,C-17A Globemaster,79,,,False,adsc
ae07e4,2026-09-27 07:42:32.617252,RCH308,94-0070,6770,9250,48.771332,-54.854244,C-17A Globemaster,247,250,3968,False,adsb_icao
33fe92,2026-09-27 07:42:32.617256,IAM1411,MM62229,1250,1925,41.635811,12.500972,KC-46A Pegasus,75,190,2432,False,adsb_icao
ae123a,2026-09-27 07:42:32.617258,MOOSE69,04-4128,2645,36000,46.009827,21.93252,C-17A Globemaster,336,408,0,False,mlat
ae5e12,2026-09-27 07:42:32.617264,UNK C/S,17-46037,0716,25000,24.2,56.8,KC-46A Pegasus,,,,False,mode_s
ae07f0,2026-09-27 07:42:32.617267,RCH553,96-0006,3315,500,24.8,49.1,C-17A Globemaster,,,,False,mode_s
ae0143,2026-09-27 07:42:32.617272,UNK C/S,58-0035,1654,33975,58.8,-142.3,KC-135R Stratotanker,,,,False,mode_s
ae0594,2026-09-27 07:43:32.879818,UNK C/S,58-0128,3517,36000,51.0369,-127.299698,KC-135R Stratotanker,303,427,18,False,other
af3bca,2026-09-27 07:43:32.879828,HORSE60,19-46107,3770,5375,38.350967,-121.889191,KC-46A Pegasus,336,270,-153,False,mlat
ae07a9,2026-09-27 07:43:32.879832,UNK C/S,59-1515,3521,32000,40.248138,-116.669556,KC-135R Stratotanker,352,493,,False,adsb_icao
ae1459,2026-09-27 07:43:32.879836,RCH721,06-6155,3260,31000,46.390366,-107.450378,C-17A Globemaster,52,537,128,False,adsb_icao
ae07d7,2026-09-27 07:43:32.879839,RCH215,92-3293,6723,31975,43.838196,-67.159744,C-17A Globemaster,231,442,64,False,adsb_icao
ae1458,2026-09-27 07:43:32.879842,MCFAMC,06-6154,3673,34996,64.01442,-63.879662,C-17A Globemaster,79,,,False,adsc
ae07e4,2026-09-27 07:43:32.879845,RCH308,94-0070,6770,10550,48.75304,-54.919571,C-17A Globemaster,247,266,1120,False,adsb_icao
33fe92,2026-09-27 07:43:32.879848,IAM1411,MM62229,1250,3600,41.606232,12.561805,KC-46A Pegasus,131,238,1216,False,adsb_icao
ae123a,2026-09-27 07:43:32.879851,MOOSE69,04-4128,2645,36000,46.116051,21.863144,C-17A Globemaster,336,416,0,False,mlat
ae5e12,2026-09-27 07:43:32.879857,UNK C/S,17-46037,0716,25025,23.7,55.9,KC-46A Pegasus,,,,False,mode_s
ae0143,2026-09-27 07:43:32.879863,UNK C/S,58-0035,1654,34000,59.0,-142.4,KC-135R Stratotanker,,,,False,mode_s
ae0594,2026-09-27 07:44:33.128958,UNK C/S,58-0128,3517,36000,51.102798,-127.454102,KC-135R Stratotanker,303,429,17,False,other
af3bca,2026-09-27 07:44:33.128968,HORSE60,19-46107,3770,5175,38.419144,-121.930313,KC-46A Pegasus,335,279,-169,False,mlat
ae07a9,2026-09-27 07:44:33.128972,UNK C/S,59-1515,3521,32000,40.38509,-116.694466,KC-135R Stratotanker,352,495,,False,adsb_icao
ae1459,2026-09-27 07:44:33.128975,RCH721,06-6155,3260,31000,46.481918,-107.279755,C-17A Globemaster,52,538,-128,False,adsb_icao
ae07d7,2026-09-27 07:44:33.128978,RCH215,92-3293,6723,32000,43.760559,-67.291,C-17A Globemaster,230,435,-64,False,adsb_icao
ae1458,2026-09-27 07:44:33.128981,MCFAMC,06-6154,3673,35292,64.057846,-63.148212,C-17A Globemaster,81,,,False,adsc
33fe92,2026-09-27 07:44:33.128985,IAM1411,MM62229,1250,5900,41.540451,12.561368,KC-46A Pegasus,219,279,3776,False,adsb_icao
ae123a,2026-09-27 07:44:33.128987,MOOSE69,04-4128,2645,36000,46.222801,21.795385,C-17A Globemaster,336,417,0,False,mlat
ae5e12,2026-09-27 07:44:33.128993,UNK C/S,17-46037,0716,25000,24.2,56.7,KC-46A Pegasus,,,,False,mode_s
ae0143,2026-09-27 07:44:33.128999,UNK C/S,58-0035,1654,34000,58.7,-140.9,KC-135R Stratotanker,,,,False,mode_s
ae0594,2026-09-27 07:45:33.391399,UNK C/S,58-0128,3517,36000,51.150299,-127.566399,KC-135R Stratotanker,303,429,8,False,other
af3bca,2026-09-27 07:45:33.391409,HORSE60,19-46107,3770,4800,38.480694,-121.897446,KC-46A Pegasus,75,291,-686,False,mlat
ae07a9,2026-09-27 07:45:33.391413,UNK C/S,59-1515,3521,32000,40.521351,-116.719437,KC-135R Stratotanker,352,495,,False,adsb_icao
ae1459,2026-09-27 07:45:33.391416,RCH721,06-6155,3260,31000,46.573792,-107.107361,C-17A Globemaster,52,541,128,False,adsb_icao
ae07d7,2026-09-27 07:45:33.391419,RCH215,92-3293,6723,32000,43.684711,-67.418777,C-17A Globemaster,230,433,0,False,adsb_icao
ae1458,2026-09-27 07:45:33.391422,MCFAMC,06-6154,3673,35292,64.057846,-63.148212,C-17A Globemaster,81,,,False,adsc
ae07e4,2026-09-27 07:45:33.391425,RCH308,94-0070,6770,12775,48.697041,-55.117683,C-17A Globemaster,246,334,,False,adsb_icao
33fe92,2026-09-27 07:45:33.391428,IAM1411,MM62229,1250,8725,41.483864,12.496437,KC-46A Pegasus,179,296,2592,False,adsb_icao
ae123a,2026-09-27 07:45:33.391431,MOOSE69,04-4128,2645,36000,46.324032,21.730955,C-17A Globemaster,337,414,0,False,mlat
ae5e12,2026-09-27 07:45:33.391437,UNK C/S,17-46037,0716,25000,24.0,56.2,KC-46A Pegasus,,,,False,mode_s
ae0143,2026-09-27 07:45:33.391443,UNK C/S,58-0035,1654,33975,58.8,-138.8,KC-135R Stratotanker,,,,False,mode_s
ae0594,2026-09-27 07:46:33.630854,UNK C/S,58-0128,3517,36000,51.212002,-127.710403,KC-135R Stratotanker,304,426,22,False,other
af3bca,2026-09-27 07:46:33.630864,HORSE60,19-46107,3770,4125,38.484241,-121.8088,KC-46A Pegasus,98,265,-618,False,mlat
ae07a9,2026-09-27 07:46:33.630868,UNK C/S,59-1515,3521,32000,40.659374,-116.74472,KC-135R Stratotanker,352,497,,False,adsb_icao
ae1459,2026-09-27 07:46:33.630872,RCH721,06-6155,3260,31000,46.665638,-106.933914,C-17A Globemaster,52,541,-64,False,adsb_icao
ae07d7,2026-09-27 07:46:33.630874,RCH215,92-3293,6723,32000,43.607254,-67.548798,C-17A Globemaster,230,432,0,False,adsb_icao
ae1458,2026-09-27 07:46:33.630877,MCFAMC,06-6154,3673,35292,64.057846,-63.148212,C-17A Globemaster,81,,,False,adsc
33fe92,2026-09-27 07:46:33.630881,IAM1411,MM62229,1250,10850,41.400558,12.519483,KC-46A Pegasus,150,328,896,False,adsb_icao
ae123a,2026-09-27 07:46:33.630883,MOOSE69,04-4128,2645,36000,46.434303,21.660414,C-17A Globemaster,336,415,0,False,mlat
ae5e12,2026-09-27 07:46:33.630889,UNK C/S,17-46037,0716,25000,24.1,56.6,KC-46A Pegasus,,,,False,mode_s
ae0143,2026-09-27 07:46:33.630895,UNK C/S,58-0035,1654,34000,59.0,-142.9,KC-135R Stratotanker,,,,False,mode_s
ae0594,2026-09-27 07:47:33.888873,UNK C/S,58-0128,3517,36000,51.301498,-127.926498,KC-135R Stratotanker,304,436,28,False,other
af3bca,2026-09-27 07:47:33.888882,HORSE60,19-46107,3770,3300,38.438866,-121.752365,KC-46A Pegasus,144,235,-872,False,mlat
ae07a9,2026-09-27 07:47:33.888886,UNK C/S,59-1515,3521,32000,40.795441,-116.769775,KC-135R Stratotanker,352,497,,False,adsb_icao
ae1459,2026-09-27 07:47:33.888890,RCH721,06-6155,3260,31000,46.757172,-106.760048,C-17A Globemaster,52,542,64,False,adsb_icao
ae07d7,2026-09-27 07:47:33.888893,RCH215,92-3293,6723,32000,43.530903,-67.676308,C-17A Globemaster,230,434,0,False,adsb_icao
ae1458,2026-09-27 07:47:33.888896,MCFAMC,06-6154,3673,35992,64.112602,-62.126312,C-17A Globemaster,82,,,False,adsc
33fe92,2026-09-27 07:47:33.888899,IAM1411,MM62229,1250,12100,41.320652,12.601506,KC-46A Pegasus,127,392,1472,False,adsb_icao
ae123a,2026-09-27 07:47:33.888902,MOOSE69,04-4128,2645,36000,46.536953,21.594851,C-17A Globemaster,336,411,0,False,mlat
ae5e12,2026-09-27 07:47:33.888908,UNK C/S,17-46037,0716,25000,23.7,55.9,KC-46A Pegasus,,,,False,mode_s
ae0143,2026-09-27 07:47:33.888913,UNK C/S,58-0035,1654,34000,59.2,-139.0,KC-135R Stratotanker,,,,False,mode_s
ae0594,2026-09-27 07:48:34.163921,UNK C/S,58-0128,3517,36000,51.3242,-127.981697,KC-135R Stratotanker,303,442,23,False,other
af3bca,2026-09-27 07:48:34.163930,HORSE60,19-46107,3770,2500,38.384888,-121.753151,KC-46A Pegasus,230,245,-740,False,mlat
ae07a9,2026-09-27 07:48:34.163934,UNK C/S,59-1515,3521,32000,40.933987,-116.790596,KC-135R Stratotanker,355,500,,False,adsb_icao
ae1459,2026-09-27 07:48:34.163938,RCH721,06-6155,3260,31000,46.849274,-106.584061,C-17A Globemaster,52,544,128,False,adsb_icao
ae07d7,2026-09-27 07:48:34.163940,RCH215,92-3293,6723,32000,43.453537,-67.805061,C-17A Globemaster,230,438,0,False,adsb_icao
ae1458,2026-09-27 07:48:34.163943,MCFAMC,06-6154,3673,35992,64.112602,-62.126312,C-17A Globemaster,82,,,False,adsc
33fe92,2026-09-27 07:48:34.163947,IAM1411,MM62229,1250,14450,41.270233,12.735596,KC-46A Pegasus,114,415,2528,False,adsb_icao
ae123a,2026-09-27 07:48:34.163949,MOOSE69,04-4128,2645,36000,46.648785,21.522615,C-17A Globemaster,336,424,0,False,mlat
ae5e12,2026-09-27 07:48:34.163956,UNK C/S,17-46037,0716,25025,24.0,56.4,KC-46A Pegasus,,,,False,mode_s
ae0143,2026-09-27 07:48:34.163961,UNK C/S,58-0035,1654,34000,62.1,-141.6,KC-135R Stratotanker,,,,False,mode_s
af3bca,2026-09-27 07:49:34.436595,HORSE60,19-46107,3770,1825,38.347363,-121.806938,KC-46A Pegasus,226,188,-660,False,mlat
ae07a9,2026-09-27 07:49:34.436604,UNK C/S,59-1515,3521,32000,41.072479,-116.805847,KC-135R Stratotanker,355,500,,False,adsb_icao
ae1459,2026-09-27 07:49:34.436609,RCH721,06-6155,3260,31000,46.940277,-106.408974,C-17A Globemaster,52,539,0,False,adsb_icao
ae07d7,2026-09-27 07:49:34.436611,RCH215,92-3293,6723,32000,43.37542,-67.934288,C-17A Globemaster,230,438,0,False,adsb_icao
ae1458,2026-09-27 07:49:34.436614,MCFAMC,06-6154,3673,35992,64.112602,-62.126312,C-17A Globemaster,82,,,False,adsc
ae07e4,2026-09-27 07:49:34.436617,RCH308,94-0070,6770,20300,48.517548,-55.743149,C-17A Globemaster,246,383,1536,False,adsb_icao
33fe92,2026-09-27 07:49:34.436620,IAM1411,MM62229,1250,17000,41.219788,12.878113,KC-46A Pegasus,115,431,2560,False,adsb_icao
ae123a,2026-09-27 07:49:34.436623,MOOSE69,04-4128,2645,36000,46.741135,21.41823,C-17A Globemaster,309,432,0,False,mlat
ae5e12,2026-09-27 07:49:34.436629,UNK C/S,17-46037,0716,25000,23.8,55.9,KC-46A Pegasus,,,,False,mode_s
ae0594,2026-09-27 07:49:34.436634,UNK C/S,58-0128,3517,36000,51.9,-128.0,KC-135R Stratotanker,,,,False,mode_s
ae0143,2026-09-27 07:49:34.436638,UNK C/S,58-0035,1654,33975,61.1,-141.2,KC-135R Stratotanker,,,,False,mode_s
af3bca,2026-09-27 07:50:34.710685,HORSE60,19-46107,3770,1025,38.316807,-121.849892,KC-46A Pegasus,231,134,-747,False,mlat
ae07a9,2026-09-27 07:50:34.710695,UNK C/S,59-1515,3521,32000,41.212837,-116.821434,KC-135R Stratotanker,355,501,,False,adsb_icao
ae1459,2026-09-27 07:50:34.710699,RCH721,06-6155,3260,31000,47.031097,-106.233261,C-17A Globemaster,53,537,0,False,adsb_icao
ae07d7,2026-09-27 07:50:34.710703,RCH215,92-3293,6723,32000,43.297443,-68.062851,C-17A Globemaster,230,439,-64,False,adsb_icao
ae1458,2026-09-27 07:50:34.710706,MCFAMC,06-6154,3673,35992,64.112602,-62.126312,C-17A Globemaster,82,,,False,adsc
33fe92,2026-09-27 07:50:34.710710,IAM1411,MM62229,1250,19325,41.167542,13.023668,KC-46A Pegasus,115,446,2112,False,adsb_icao
ae123a,2026-09-27 07:50:34.710713,MOOSE69,04-4128,2645,36000,46.822365,21.301149,C-17A Globemaster,315,423,0,False,mlat
ae5e12,2026-09-27 07:50:34.710718,UNK C/S,17-46037,0716,25000,23.9,56.2,KC-46A Pegasus,,,,False,mode_s
ae0594,2026-09-27 07:50:34.710724,UNK C/S,58-0128,3517,36000,51.9,-128.0,KC-135R Stratotanker,,,,False,mode_s
ae0143,2026-09-27 07:50:34.710728,UNK C/S,58-0035,1654,34000,61.5,-141.0,KC-135R Stratotanker,,,,False,mode_s
af3bca,2026-09-27 07:51:34.993400,HORSE60,19-46107,3770,350,38.290775,-121.885612,KC-46A Pegasus,226,134,-658,False,mlat
ae07a9,2026-09-27 07:51:34.993409,UNK C/S,59-1515,3521,32000,41.351234,-116.836853,KC-135R Stratotanker,355,502,,False,adsb_icao
ae1459,2026-09-27 07:51:34.993414,RCH721,06-6155,3260,31000,47.119942,-106.060249,C-17A Globemaster,53,536,0,False,adsb_icao
ae07d7,2026-09-27 07:51:34.993418,RCH215,92-3293,6723,32000,43.219097,-68.191422,C-17A Globemaster,230,436,0,False,adsb_icao
ae1458,2026-09-27 07:51:34.993421,MCFAMC,06-6154,3673,35992,64.112602,-62.126312,C-17A Globemaster,82,,,False,mode_s
33fe92,2026-09-27 07:51:34.993425,IAM1411,MM62229,1250,21275,41.112747,13.175292,KC-46A Pegasus,115,464,1888,False,adsb_icao
ae123a,2026-09-27 07:51:34.993428,MOOSE69,04-4128,2645,36000,46.901402,21.182793,C-17A Globemaster,315,416,0,False,mlat
ae5e12,2026-09-27 07:51:34.993434,UNK C/S,17-46037,0716,25000,24.8,57.5,KC-46A Pegasus,,,,False,mode_s
ae0594,2026-09-27 07:51:34.993440,UNK C/S,58-0128,3517,36000,51.9,-128.0,KC-135R Stratotanker,,,,False,mode_s
ae0143,2026-09-27 07:51:34.993443,UNK C/S,58-0035,1654,33975,62.1,-141.6,KC-135R Stratotanker,,,,False,mode_s
ae07a9,2026-09-27 07:52:35.262168,UNK C/S,59-1515,3521,32000,41.492382,-116.852692,KC-135R Stratotanker,355,503,,False,adsb_icao
ae1459,2026-09-27 07:52:35.262178,RCH721,06-6155,3260,31000,47.210175,-105.883209,C-17A Globemaster,53,537,-64,False,adsb_icao
ae07d7,2026-09-27 07:52:35.262182,RCH215,92-3293,6723,32000,43.140938,-68.319069,C-17A Globemaster,230,439,0,False,adsb_icao
ae1458,2026-09-27 07:52:35.262186,MCFAMC,06-6154,3673,35992,64.179726,-60.611572,C-17A Globemaster,83,,,False,adsc
33fe92,2026-09-27 07:52:35.262189,IAM1411,MM62229,1250,23350,41.055405,13.333191,KC-46A Pegasus,115,475,2208,False,adsb_icao
ae123a,2026-09-27 07:52:35.262192,MOOSE69,04-4128,2645,36000,46.987057,21.056896,C-17A Globemaster,313,426,0,False,mlat
ae5e12,2026-09-27 07:52:35.262199,UNK C/S,17-46037,0716,25000,24.2,56.6,KC-46A Pegasus,,,,False,mode_s
ae0594,2026-09-27 07:52:35.262204,UNK C/S,58-0128,3517,36000,51.9,-128.0,KC-135R Stratotanker,,,,False,mode_s
ae0143,2026-09-27 07:52:35.262208,UNK C/S,58-0035,1654,33975,62.1,-141.6,KC-135R Stratotanker,,,,False,mode_s
ae025d,2026-09-27 07:52:35.262211,UNK C/S,58-0092,1523,Unavailable,58.6,-142.5,KC-135R Stratotanker,,,,False,mode_s
ae07a9,2026-09-27 07:53:35.538218,UNK C/S,59-1515,3521,32000,41.631409,-116.868317,KC-135R Stratotanker,355,502,,False,adsb_icao
ae1459,2026-09-27 07:53:35.538228,RCH721,06-6155,3260,31000,47.299301,-105.707428,C-17A Globemaster,53,543,-64,False,adsb_icao
ae07d7,2026-09-27 07:53:35.538232,RCH215,92-3293,6723,32000,43.062332,-68.446999,C-17A Globemaster,229,442,0,False,adsb_icao
ae1458,2026-09-27 07:53:35.538235,MCFAMC,06-6154,3673,35992,64.179726,-60.611572,C-17A Globemaster,83,,,False,adsc
33fe92,2026-09-27 07:53:35.538239,IAM1411,MM62229,1250,25700,40.998734,13.488708,KC-46A Pegasus,115,471,2624,False,adsb_icao
ae123a,2026-09-27 07:53:35.538242,MOOSE69,04-4128,2645,36000,47.066978,20.937904,C-17A Globemaster,317,414,0,False,mlat
ae5e12,2026-09-27 07:53:35.538248,UNK C/S,17-46037,0716,25000,24.5,56.9,KC-46A Pegasus,,,,False,mode_s
ae0594,2026-09-27 07:53:35.538253,UNK C/S,58-0128,3517,36000,51.9,-128.0,KC-135R Stratotanker,,,,False,mode_s
ae0143,2026-09-27 07:53:35.538257,UNK C/S,58-0035,1654,34000,62.1,-141.6,KC-135R Stratotanker,,,,False,mode_s
ae025d,2026-09-27 07:53:35.538260,UNK C/S,58-0092,1523,Unavailable,58.6,-142.5,KC-135R Stratotanker,,,,False,mode_s
ae07a9,2026-09-27 07:54:35.776455,UNK C/S,59-1515,3521,32000,41.77121,-116.884171,KC-135R Stratotanker,355,503,,False,adsb_icao
ae1459,2026-09-27 07:54:35.776466,RCH721,06-6155,3260,31000,47.390133,-105.527061,C-17A Globemaster,53,543,-64,False,adsb_icao
ae07d7,2026-09-27 07:54:35.776470,RCH215,92-3293,6723,32000,42.982224,-68.57666,C-17A Globemaster,229,445,0,False,adsb_icao
ae1458,2026-09-27 07:54:35.776473,MCFAMC,06-6154,3673,35992,64.179726,-60.611572,C-17A Globemaster,83,,,False,mode_s
33fe92,2026-09-27 07:54:35.776477,IAM1411,MM62229,1250,27075,40.940926,13.64658,KC-46A Pegasus,115,479,-32,False,adsb_icao
ae123a,2026-09-27 07:54:35.776480,MOOSE69,04-4128,2645,36000,47.147079,20.818434,C-17A Globemaster,314,421,0,False,mlat
ae5e12,2026-09-27 07:54:35.776486,UNK C/S,17-46037,0716,25000,24.4,56.8,KC-46A Pegasus,,,,False,mode_s
ae0594,2026-09-27 07:54:35.776492,UNK C/S,58-0128,3517,36000,51.9,-128.0,KC-135R Stratotanker,,,,False,mode_s
ae0143,2026-09-27 07:54:35.776495,UNK C/S,58-0035,1654,33975,61.8,-141.3,KC-135R Stratotanker,,,,False,mode_s
ae025d,2026-09-27 07:54:35.776498,UNK C/S,58-0092,1523,Unavailable,58.6,-141.1,KC-135R Stratotanker,,,,False,mode_s
ae07a9,2026-09-27 07:55:36.062198,UNK C/S,59-1515,3521,32000,41.910515,-116.900024,KC-135R Stratotanker,355,502,,False,adsb_icao
ae1459,2026-09-27 07:55:36.062208,RCH721,06-6155,3260,31000,47.479187,-105.34903,C-17A Globemaster,53,541,-64,False,adsb_icao
ae07d7,2026-09-27 07:55:36.062212,RCH215,92-3293,6723,32000,42.902496,-68.70536,C-17A Globemaster,229,444,0,False,adsb_icao
ae1458,2026-09-27 07:55:36.062215,MCFAMC,06-6154,3673,36004,64.211479,-59.725628,C-17A Globemaster,84,,,False,adsc
33fe92,2026-09-27 07:55:36.062219,IAM1411,MM62229,1250,27050,40.882408,13.805507,KC-46A Pegasus,115,488,0,False,adsb_icao
ae123a,2026-09-27 07:55:36.062222,MOOSE69,04-4128,2645,36000,47.229908,20.694702,C-17A Globemaster,314,414,0,False,mlat
ae63c7,2026-09-27 07:55:36.062228,UNK C/S,21-46091,Unavailable,Unavailable,25.6,51.4,KC-46A Pegasus,,,,False,mode_s
ae5e12,2026-09-27 07:55:36.062231,UNK C/S,17-46037,0716,24200,24.5,56.9,KC-46A Pegasus,,,,False,mode_s
ae1235,2026-09-27 07:55:36.062235,MOOSE32,03-3124,Unavailable,925,48.7,7.9,C-17A Globemaster,,,,False,mode_s
ae07e4,2026-09-27 07:55:36.062237,RCH308,94-0070,6770,Unavailable,47.5,-54.8,C-17A Globemaster,,,,False,mode_s
ae0594,2026-09-27 07:55:36.062241,UNK C/S,58-0128,3517,36000,51.9,-128.0,KC-135R Stratotanker,,,,False,mode_s
ae0143,2026-09-27 07:55:36.062244,UNK C/S,58-0035,1654,34000,62.1,-141.6,KC-135R Stratotanker,,,,False,mode_s
ae025d,2026-09-27 07:55:36.062247,UNK C/S,58-0092,1523,Unavailable,58.6,-141.1,KC-135R Stratotanker,,,,False,mode_s
ae07a9,2026-09-27 07:56:36.332839,UNK C/S,59-1515,3521,32000,42.050404,-116.915993,KC-135R Stratotanker,355,502,,False,adsb_icao
ae1459,2026-09-27 07:56:36.332850,RCH721,06-6155,3260,31000,47.568565,-105.169304,C-17A Globemaster,53,541,0,False,adsb_icao
ae07d7,2026-09-27 07:56:36.332854,RCH215,92-3293,6723,32000,42.822006,-68.834579,C-17A Globemaster,229,444,0,False,adsb_icao
ae1458,2026-09-27 07:56:36.332857,MCFAMC,06-6154,3673,36004,64.211479,-59.725628,C-17A Globemaster,84,,,False,adsc
ae1235,2026-09-27 07:56:36.332861,MOOSE32,03-3124,7645,2250,49.441799,7.48153,C-17A Globemaster,277,198,1049,False,mlat
33fe92,2026-09-27 07:56:36.332864,IAM1411,MM62229,1250,27075,40.82259,13.966557,KC-46A Pegasus,116,489,-32,False,adsb_icao
ae123a,2026-09-27 07:56:36.332866,MOOSE69,04-4128,2645,36000,47.311546,20.570969,C-17A Globemaster,313,421,0,False,mlat
ae025d,2026-09-27 07:56:36.332873,UNK C/S,58-0092,1523,Unavailable,58.6,-142.1,KC-135R Stratotanker,,,,False,mode_s
ae5e12,2026-09-27 07:56:36.332877,UNK C/S,17-46037,0716,23000,24.1,56.4,KC-46A Pegasus,,,,False,mode_s
ae0594,2026-09-27 07:56:36.332881,UNK C/S,58-0128,3517,Unavailable,51.9,-128.0,KC-135R Stratotanker,,,,False,mode_s
ae0143,2026-09-27 07:56:36.332884,UNK C/S,58-0035,1654,33975,62.1,-141.6,KC-135R Stratotanker,,,,False,mode_s
ae07a9,2026-09-27 07:57:36.614562,UNK C/S,59-1515,3521,32000,42.191177,-116.932152,KC-135R Stratotanker,355,500,,False,adsb_icao
ae1459,2026-09-27 07:57:36.614572,RCH721,06-6155,3260,31000,47.658226,-104.987679,C-17A Globemaster,53,543,-64,False,adsb_icao
ae07d7,2026-09-27 07:57:36.614576,RCH215,92-3293,6723,32000,42.741985,-68.962395,C-17A Globemaster,229,444,0,False,adsb_icao
ae1458,2026-09-27 07:57:36.614579,MCFAMC,06-6154,3673,36004,64.211479,-59.725628,C-17A Globemaster,84,,,False,mode_s
ae1235,2026-09-27 07:57:36.614582,MOOSE32,03-3124,7645,3475,49.459484,7.375819,C-17A Globemaster,283,277,1222,False,mlat
33fe92,2026-09-27 07:57:36.614585,IAM1411,MM62229,1250,27050,40.761883,14.129666,KC-46A Pegasus,116,485,0,False,adsb_icao
ae123a,2026-09-27 07:57:36.614587,MOOSE69,04-4128,2645,36000,47.381413,20.461864,C-17A Globemaster,314,412,0,False,mlat
ae025d,2026-09-27 07:57:36.614595,UNK C/S,58-0092,1523,Unavailable,58.6,-142.3,KC-135R Stratotanker,,,,False,mode_s
ae5e12,2026-09-27 07:57:36.614599,UNK C/S,17-46037,0716,23025,24.1,56.7,KC-46A Pegasus,,,,False,mode_s
ae0594,2026-09-27 07:57:36.614603,UNK C/S,58-0128,3517,36000,51.9,-128.0,KC-135R Stratotanker,,,,False,mode_s
ae0143,2026-09-27 07:57:36.614606,UNK C/S,58-0035,1654,34000,59.0,-143.6,KC-135R Stratotanker,,,,False,mode_s
ae0677,2026-09-27 07:57:36.614609,UNK C/S,00-0172,Unavailable,Unavailable,52.2,5.1,C-17A Globemaster,,,,False,mode_s
ae07a9,2026-09-27 07:58:36.867724,UNK C/S,59-1515,3521,32000,42.32872,-116.94809,KC-135R Stratotanker,355,499,,False,adsb_icao
ae1459,2026-09-27 07:58:36.867734,RCH721,06-6155,3260,31000,47.746536,-104.807648,C-17A Globemaster,54,541,-64,False,adsb_icao
ae07d7,2026-09-27 07:58:36.867738,RCH215,92-3293,6723,32000,42.661835,-69.089897,C-17A Globemaster,229,446,0,False,adsb_icao
ae1458,2026-09-27 07:58:36.867741,MCFAMC,06-6154,3673,36004,64.211479,-59.725628,C-17A Globemaster,84,,,False,mode_s
ae1235,2026-09-27 07:58:36.867744,MOOSE32,03-3124,7645,5275,49.475655,7.261868,C-17A Globemaster,283,297,1832,False,mlat
33fe92,2026-09-27 07:58:36.867747,IAM1411,MM62229,1250,27075,40.70256,14.288208,KC-46A Pegasus,116,485,64,False,adsb_icao
ae123a,2026-09-27 07:58:36.867750,MOOSE69,04-4128,2645,36000,47.471573,20.33514,C-17A Globemaster,316,418,0,False,mlat
ae025d,2026-09-27 07:58:36.867757,UNK C/S,58-0092,1523,Unavailable,59.0,-143.6,KC-135R Stratotanker,,,,False,mode_s
ae5f92,2026-09-27 07:58:36.867760,UNK C/S,18-46039,1200,Unavailable,37.6,-97.3,KC-46A Pegasus,,,,False,mode_s
ae5e12,2026-09-27 07:58:36.867763,UNK C/S,17-46037,0716,23000,23.9,56.0,KC-46A Pegasus,,,,False,mode_s
ae0594,2026-09-27 07:58:36.867768,UNK C/S,58-0128,3517,Unavailable,51.9,-128.0,KC-135R Stratotanker,,,,False,mode_s
ae0143,2026-09-27 07:58:36.867771,UNK C/S,58-0035,1654,34000,62.1,-141.6,KC-135R Stratotanker,,,,False,mode_s
